status	risk	file	key_or_line	field	original_text	final_cn	category	source_tier	source_path	reviewer_check	notes
待人工校对	high	magica/js/libs/cardMagiaMap.json	/90466/name	name	粛清天使	肃清天使	replaced	2_wiki_explicit_pair	C:\Users\proje\Documents\Codex\2026-08-06\https-github-com-hiiraginemu-magireco-wiki-3\work\wiki_authority\wiki-data\data\archive\templates.jsonl.gz#jsonl:1567:/wikitext/magia日文;jsonl:1567:/wikitext/magia中文	□核对专名、数值、范围、回合与同族字段	逐字段变更；结构键与非字符串值不得改变
待人工校对	medium	magica/js/libs/chapterList.json	/23/chapterNoForView	chapterNoForView	現代神滨篇	现代神滨篇	replaced	2_wiki_explicit_pair	C:\Users\proje\Documents\Codex\2026-08-06\https-github-com-hiiraginemu-magireco-wiki-3\work\wiki_authority\wiki-data\data\pages_index.json#/5668/title	□核对专名、数值、范围、回合与同族字段	逐字段变更；结构键与非字符串值不得改变
待人工校对	high	magica/js/libs/charaList.json	/30/school	school	宝崎市立光塚中等教育学校	宝崎市立光冢中等教育学校	replaced	2_wiki_component	C:\Users\proje\Documents\Codex\2026-08-06\https-github-com-hiiraginemu-magireco-wiki-3\work\wiki_authority\wiki-data\data\characters.json#/神乐灿/infobox/出身地;/游狩美由利/infobox/出身地	□核对专名、数值、范围、回合与同族字段	逐字段变更；结构键与非字符串值不得改变
待人工校对	high	magica/js/libs/charaList.json	/31/school	school	宝崎市立光塚中等教育学校	宝崎市立光冢中等教育学校	replaced	2_wiki_component	C:\Users\proje\Documents\Codex\2026-08-06\https-github-com-hiiraginemu-magireco-wiki-3\work\wiki_authority\wiki-data\data\characters.json#/神乐灿/infobox/出身地;/游狩美由利/infobox/出身地	□核对专名、数值、范围、回合与同族字段	逐字段变更；结构键与非字符串值不得改变
待人工校对	high	magica/js/libs/charaMessageList.json	/7782/message	message	"我是旅行调整屋之一，篠目约鹤。
受老师邀请，我成为了调整屋。
作为魔法少女，我实在太过弱小，
甚至没有活下去的力量，
是老师为我指明了生存之路。
虽然我作为调整屋还缺乏经验，
但我会怀着自豪，替您保管灵魂宝石。"	"我是旅行调整屋之一，篠目夜鹤。
受老师邀请，我成为了调整屋。
作为魔法少女，我实在太过弱小，
甚至没有活下去的力量，
是老师为我指明了生存之路。
虽然我作为调整屋还缺乏经验，
但我会怀着自豪，替您保管灵魂宝石。"	replaced	1_official_cn_dump_component	A:\magireco_cn_dump_20221010_decrypted_json\authority\authority.json#/cardList.json/10404/cardName	□核对专名、数值、范围、回合与同族字段	逐字段变更；结构键与非字符串值不得改变
待人工校对	high	magica/js/libs/charaMessageList.json	/7783/message	message	"您好，我叫篠目约鹤，
在中央区经营调整屋。
您光临时，
请允许我用美味甜点款待您。"	"您好，我叫篠目夜鹤，
在中央区经营调整屋。
您光临时，
请允许我用美味甜点款待您。"	replaced	1_official_cn_dump_component	A:\magireco_cn_dump_20221010_decrypted_json\authority\authority.json#/cardList.json/10404/cardName	□核对专名、数值、范围、回合与同族字段	逐字段变更；结构键与非字符串值不得改变
待人工校对	medium	magica/js/libs/charaMessageList.json	/7851/message	message	準備完了	准备完毕	replaced	3_manual_verified	人工逐项字形、语义与同族字段核对	□核对专名、数值、范围、回合与同族字段	逐字段变更；结构键与非字符串值不得改变
待人工校对	medium	magica/js/libs/charaMessageList.json	/7859/message	message	好評配信中	好评发布中	replaced	2_wiki_component	C:\Users\proje\Documents\Codex\2026-08-06\https-github-com-hiiraginemu-magireco-wiki-3\work\wiki_authority\wiki-data\data\archive\articles.jsonl.gz#jsonl:2700:/wikitext/台词77;jsonl:2709:/wikitext/台词77;jsonl:2730:/wikitext/台词77	□核对专名、数值、范围、回合与同族字段	逐字段变更；结构键与非字符串值不得改变
待人工校对	medium	magica/js/libs/charaMessageList.json	/8340/message	message	好評配信中！	好评发布中！	replaced	2_wiki_component	C:\Users\proje\Documents\Codex\2026-08-06\https-github-com-hiiraginemu-magireco-wiki-3\work\wiki_authority\wiki-data\data\archive\articles.jsonl.gz#jsonl:2735:/wikitext/台词76;jsonl:2792:/wikitext/台词78;jsonl:2801:/wikitext/台词77	□核对专名、数值、范围、回合与同族字段	逐字段变更；结构键与非字符串值不得改变
待人工校对	medium	magica/js/libs/charaMessageList.json	/9042/message	message	好評配信中	好评发布中	replaced	2_wiki_component	C:\Users\proje\Documents\Codex\2026-08-06\https-github-com-hiiraginemu-magireco-wiki-3\work\wiki_authority\wiki-data\data\archive\articles.jsonl.gz#jsonl:2700:/wikitext/台词77;jsonl:2709:/wikitext/台词77;jsonl:2730:/wikitext/台词77	□核对专名、数值、范围、回合与同族字段	逐字段变更；结构键与非字符串值不得改变
待人工校对	medium	magica/js/libs/charaMessageList.json	/9103/message	message	仏罰！	佛罚！	replaced	3_manual_verified	人工逐项字形、语义与同族字段核对	□核对专名、数值、范围、回合与同族字段	逐字段变更；结构键与非字符串值不得改变
待人工校对	medium	magica/js/libs/charaMessageList.json	/9120/message	message	好評配信中	好评发布中	replaced	2_wiki_component	C:\Users\proje\Documents\Codex\2026-08-06\https-github-com-hiiraginemu-magireco-wiki-3\work\wiki_authority\wiki-data\data\archive\articles.jsonl.gz#jsonl:2700:/wikitext/台词77;jsonl:2709:/wikitext/台词77;jsonl:2730:/wikitext/台词77	□核对专名、数值、范围、回合与同族字段	逐字段变更；结构键与非字符串值不得改变
待人工校对	high	magica/js/libs/emotionSkillMap.json	/2203113/name	name	永遠的刻	永远之刻	replaced	3_manual_translation	人工语义翻译；指定 dump/Wiki 未提供中文定名	□核对专名、数值、范围、回合与同族字段	逐字段变更；结构键与非字符串值不得改变
待人工校对	medium	magica/js/libs/itemList.json	/161/name	name	水鉄砲	水枪	replaced	2_wiki_explicit_pair	C:\Users\proje\Documents\Codex\2026-08-06\https-github-com-hiiraginemu-magireco-wiki-3\work\wiki_authority\wiki-data\data\memoria.json#/にぎやかな潮騒/effect_ja;/にぎやかな潮騒/effect	□核对专名、数值、范围、回合与同族字段	逐字段变更；结构键与非字符串值不得改变
待人工校对	medium	magica/js/libs/itemList.json	/164/name	name	水鉄砲	水枪	replaced	2_wiki_explicit_pair	C:\Users\proje\Documents\Codex\2026-08-06\https-github-com-hiiraginemu-magireco-wiki-3\work\wiki_authority\wiki-data\data\memoria.json#/にぎやかな潮騒/effect_ja;/にぎやかな潮騒/effect	□核对专名、数值、范围、回合与同族字段	逐字段变更；结构键与非字符串值不得改变
待人工校对	medium	magica/js/libs/itemList.json	/322/shortDescription	shortDescription	「情人节交換券」的兑换道具	在「情人节兑换券」中用于兑换的道具	replaced	1_official_cn_dump_same_record	A:\magireco_cn_dump_20221010_decrypted_json\authority\authority.json#/itemList.json/EVENT_DAILYTOWER_1086_EXCHANGE_2/description	□核对专名、数值、范围、回合与同族字段	逐字段变更；结构键与非字符串值不得改变
待人工校对	medium	magica/js/libs/itemList.json	/359/shortDescription	shortDescription	「情人节交換券」的兑换道具	在「情人节兑换券」中用于兑换的道具	replaced	1_official_cn_dump_same_record	A:\magireco_cn_dump_20221010_decrypted_json\authority\authority.json#/itemList.json/EVENT_DAILYTOWER_1086_EXCHANGE_2/description	□核对专名、数值、范围、回合与同族字段	逐字段变更；结构键与非字符串值不得改变
待人工校对	medium	magica/js/libs/itemList.json	/359/description	description	「情人节交換券」的兑换道具	在「情人节兑换券」中用于兑换的道具	replaced	1_official_cn_dump_same_record	A:\magireco_cn_dump_20221010_decrypted_json\authority\authority.json#/itemList.json/EVENT_DAILYTOWER_1086_EXCHANGE_2/description	□核对专名、数值、范围、回合与同族字段	逐字段变更；结构键与非字符串值不得改变
待人工校对	medium	magica/js/libs/itemList.json	/362/shortDescription	shortDescription	「情人节交換券」的兑换道具	在「情人节兑换券」中用于兑换的道具	replaced	1_official_cn_dump_same_record	A:\magireco_cn_dump_20221010_decrypted_json\authority\authority.json#/itemList.json/EVENT_DAILYTOWER_1086_EXCHANGE_2/description	□核对专名、数值、范围、回合与同族字段	逐字段变更；结构键与非字符串值不得改变
待人工校对	medium	magica/js/libs/itemList.json	/362/description	description	「情人节交換券」的兑换道具	在「情人节兑换券」中用于兑换的道具	replaced	1_official_cn_dump_same_record	A:\magireco_cn_dump_20221010_decrypted_json\authority\authority.json#/itemList.json/EVENT_DAILYTOWER_1086_EXCHANGE_2/description	□核对专名、数值、范围、回合与同族字段	逐字段变更；结构键与非字符串值不得改变
待人工校对	high	magica/js/libs/itemList.json	/373/shortDescription	shortDescription	霧峰村、神滨市	雾峰村、神滨市	replaced	2_wiki_component	C:\Users\proje\Documents\Codex\2026-08-06\https-github-com-hiiraginemu-magireco-wiki-3\work\wiki_authority\wiki-data\data\story.json#/主线剧情-第2部第1章-2话/lines/723/text	□核对专名、数值、范围、回合与同族字段	逐字段变更；结构键与非字符串值不得改变
待人工校对	high	magica/js/libs/itemList.json	/374/shortDescription	shortDescription	霧峰村、神滨市	雾峰村、神滨市	replaced	2_wiki_component	C:\Users\proje\Documents\Codex\2026-08-06\https-github-com-hiiraginemu-magireco-wiki-3\work\wiki_authority\wiki-data\data\story.json#/主线剧情-第2部第1章-2话/lines/723/text	□核对专名、数值、范围、回合与同族字段	逐字段变更；结构键与非字符串值不得改变
待人工校对	high	magica/js/libs/itemList.json	/375/shortDescription	shortDescription	霧峰村、神滨市	雾峰村、神滨市	replaced	2_wiki_component	C:\Users\proje\Documents\Codex\2026-08-06\https-github-com-hiiraginemu-magireco-wiki-3\work\wiki_authority\wiki-data\data\story.json#/主线剧情-第2部第1章-2话/lines/723/text	□核对专名、数值、范围、回合与同族字段	逐字段变更；结构键与非字符串值不得改变
待人工校对	high	magica/js/libs/itemList.json	/376/parameter	parameter	114,宮尾时雨	114,宫尾时雨	replaced	1_official_cn_dump_component	A:\magireco_cn_dump_20221010_decrypted_json\authority\authority.json#/cardList.json/10294/cardName	□核对专名、数值、范围、回合与同族字段	逐字段变更；结构键与非字符串值不得改变
待人工校对	medium	magica/js/libs/itemList.json	/389/shortDescription	shortDescription	水場	戏水处	replaced	1_official_cn_dump_component	A:\magireco_cn_dump_20221010_decrypted_json\authority\authority.json#/itemList.json/EVENT_DAILYTOWER_1056_STICKER_110100/shortDescription;/itemList.json/EVENT_DAILYTOWER_1056_STICKER_230000/shortDescription	□核对专名、数值、范围、回合与同族字段	逐字段变更；结构键与非字符串值不得改变
待人工校对	medium	magica/js/libs/itemList.json	/391/shortDescription	shortDescription	水場	戏水处	replaced	1_official_cn_dump_component	A:\magireco_cn_dump_20221010_decrypted_json\authority\authority.json#/itemList.json/EVENT_DAILYTOWER_1056_STICKER_110100/shortDescription;/itemList.json/EVENT_DAILYTOWER_1056_STICKER_230000/shortDescription	□核对专名、数值、范围、回合与同族字段	逐字段变更；结构键与非字符串值不得改变
待人工校对	high	magica/js/libs/itemList.json	/402/name	name	恵萌花	惠萌花	replaced	1_official_cn_dump_exact	A:\magireco_cn_dump_20221010_decrypted_json\authority\authority.json#/cardList.json/30343/cardName	□核对专名、数值、范围、回合与同族字段	逐字段变更；结构键与非字符串值不得改变
待人工校对	high	magica/js/libs/itemList.json	/402/parameter	parameter	139,恵萌花	139,惠萌花	replaced	1_official_cn_dump_component	A:\magireco_cn_dump_20221010_decrypted_json\authority\authority.json#/cardList.json/30343/cardName	□核对专名、数值、范围、回合与同族字段	逐字段变更；结构键与非字符串值不得改变
待人工校对	high	magica/js/libs/itemList.json	/413/name	name	飾利潤	饰利润	replaced	2_wiki_explicit_pair	C:\Users\proje\Documents\Codex\2026-08-06\https-github-com-hiiraginemu-magireco-wiki-3\work\wiki_authority\wiki-data\data\characters.json#/饰利润/nameJa;/饰利润/nameZh	□核对专名、数值、范围、回合与同族字段	逐字段变更；结构键与非字符串值不得改变
待人工校对	high	magica/js/libs/itemList.json	/413/parameter	parameter	136,飾利潤	136,饰利润	replaced	2_wiki_component	C:\Users\proje\Documents\Codex\2026-08-06\https-github-com-hiiraginemu-magireco-wiki-3\work\wiki_authority\wiki-data\data\characters.json#/饰利润/nameJa;/饰利润/nameZh	□核对专名、数值、范围、回合与同族字段	逐字段变更；结构键与非字符串值不得改变
待人工校对	high	magica/js/libs/itemList.json	/417/name	name	南津涼子	南津凉子	replaced	1_official_cn_dump_exact	A:\magireco_cn_dump_20221010_decrypted_json\authority\authority.json#/cardList.json/30584/cardName	□核对专名、数值、范围、回合与同族字段	逐字段变更；结构键与非字符串值不得改变
待人工校对	high	magica/js/libs/itemList.json	/417/parameter	parameter	128,南津涼子	128,南津凉子	replaced	1_official_cn_dump_component	A:\magireco_cn_dump_20221010_decrypted_json\authority\authority.json#/cardList.json/30584/cardName	□核对专名、数值、范围、回合与同族字段	逐字段变更；结构键与非字符串值不得改变
待人工校对	high	magica/js/libs/itemList.json	/447/shortDescription	shortDescription	「时女拾遺物語」的兑换道具	「时女拾遗物语」的兑换道具	replaced	2_wiki_component	C:\Users\proje\Documents\Codex\2026-08-06\https-github-com-hiiraginemu-magireco-wiki-3\work\wiki_authority\wiki-data\data\pages_index.json#/590/title	□核对专名、数值、范围、回合与同族字段	逐字段变更；结构键与非字符串值不得改变
待人工校对	high	magica/js/libs/itemList.json	/447/description	description	「时女拾遺物語」的兑换道具	「时女拾遗物语」的兑换道具	replaced	2_wiki_component	C:\Users\proje\Documents\Codex\2026-08-06\https-github-com-hiiraginemu-magireco-wiki-3\work\wiki_authority\wiki-data\data\pages_index.json#/590/title	□核对专名、数值、范围、回合与同族字段	逐字段变更；结构键与非字符串值不得改变
待人工校对	high	magica/js/libs/itemList.json	/448/shortDescription	shortDescription	「时女拾遺物語」的兑换道具	「时女拾遗物语」的兑换道具	replaced	2_wiki_component	C:\Users\proje\Documents\Codex\2026-08-06\https-github-com-hiiraginemu-magireco-wiki-3\work\wiki_authority\wiki-data\data\pages_index.json#/590/title	□核对专名、数值、范围、回合与同族字段	逐字段变更；结构键与非字符串值不得改变
待人工校对	high	magica/js/libs/itemList.json	/448/description	description	「时女拾遺物語」的兑换道具	「时女拾遗物语」的兑换道具	replaced	2_wiki_component	C:\Users\proje\Documents\Codex\2026-08-06\https-github-com-hiiraginemu-magireco-wiki-3\work\wiki_authority\wiki-data\data\pages_index.json#/590/title	□核对专名、数值、范围、回合与同族字段	逐字段变更；结构键与非字符串值不得改变
待人工校对	high	magica/js/libs/itemList.json	/464/shortDescription	shortDescription	霧峰村	雾峰村	replaced	2_wiki_component	C:\Users\proje\Documents\Codex\2026-08-06\https-github-com-hiiraginemu-magireco-wiki-3\work\wiki_authority\wiki-data\data\story.json#/主线剧情-第2部第1章-2话/lines/723/text	□核对专名、数值、范围、回合与同族字段	逐字段变更；结构键与非字符串值不得改变
待人工校对	medium	magica/js/libs/itemList.json	/531/shortDescription	shortDescription	水場	戏水处	replaced	1_official_cn_dump_component	A:\magireco_cn_dump_20221010_decrypted_json\authority\authority.json#/itemList.json/EVENT_DAILYTOWER_1056_STICKER_110100/shortDescription;/itemList.json/EVENT_DAILYTOWER_1056_STICKER_230000/shortDescription	□核对专名、数值、范围、回合与同族字段	逐字段变更；结构键与非字符串值不得改变
待人工校对	medium	magica/js/libs/itemList.json	/541/shortDescription	shortDescription	水場	戏水处	replaced	1_official_cn_dump_component	A:\magireco_cn_dump_20221010_decrypted_json\authority\authority.json#/itemList.json/EVENT_DAILYTOWER_1056_STICKER_110100/shortDescription;/itemList.json/EVENT_DAILYTOWER_1056_STICKER_230000/shortDescription	□核对专名、数值、范围、回合与同族字段	逐字段变更；结构键与非字符串值不得改变
待人工校对	high	magica/js/libs/itemList.json	/575/shortDescription	shortDescription	「神滨时空運動会」的兑换道具	「神滨时空运动会」的兑换道具	replaced	2_wiki_component	C:\Users\proje\Documents\Codex\2026-08-06\https-github-com-hiiraginemu-magireco-wiki-3\work\wiki_authority\wiki-data\data\pages_index.json#/796/title;/6678/headings/27/text	□核对专名、数值、范围、回合与同族字段	逐字段变更；结构键与非字符串值不得改变
待人工校对	high	magica/js/libs/itemList.json	/575/description	description	「神滨时空運動会」的兑换道具	「神滨时空运动会」的兑换道具	replaced	2_wiki_component	C:\Users\proje\Documents\Codex\2026-08-06\https-github-com-hiiraginemu-magireco-wiki-3\work\wiki_authority\wiki-data\data\pages_index.json#/796/title;/6678/headings/27/text	□核对专名、数值、范围、回合与同族字段	逐字段变更；结构键与非字符串值不得改变
待人工校对	low	magica/js/libs/itemList.json	/576/shortDescription	shortDescription	11世紀北欧	11世纪北欧	replaced	2_wiki_component	C:\Users\proje\Documents\Codex\2026-08-06\https-github-com-hiiraginemu-magireco-wiki-3\work\wiki_authority\wiki-data\data\memoria.json#/究極vs至高/desc_ja;/究極vs至高/desc_zh	□核对专名、数值、范围、回合与同族字段	逐字段变更；结构键与非字符串值不得改变
待人工校对	low	magica/js/libs/itemList.json	/577/shortDescription	shortDescription	11世紀北欧	11世纪北欧	replaced	2_wiki_component	C:\Users\proje\Documents\Codex\2026-08-06\https-github-com-hiiraginemu-magireco-wiki-3\work\wiki_authority\wiki-data\data\memoria.json#/究極vs至高/desc_ja;/究極vs至高/desc_zh	□核对专名、数值、范围、回合与同族字段	逐字段变更；结构键与非字符串值不得改变
待人工校对	medium	magica/js/libs/itemList.json	/579/shortDescription	shortDescription	3世紀日本 邪馬台国	3世纪日本 邪马台国	replaced	2_wiki_component	C:\Users\proje\Documents\Codex\2026-08-06\https-github-com-hiiraginemu-magireco-wiki-3\work\wiki_authority\wiki-data\data\memoria.json;C:\Users\proje\Documents\Codex\2026-08-06\https-github-com-hiiraginemu-magireco-wiki-3\work\wiki_authority\wiki-data\data\pages_index.json#/究極vs至高/desc_ja;/究極vs至高/desc_zh;/96/title	□核对专名、数值、范围、回合与同族字段	逐字段变更；结构键与非字符串值不得改变
待人工校对	medium	magica/js/libs/itemList.json	/607/shortDescription	shortDescription	可兑换専用在商店泳装衣装的券	可在商店兑换泳装服装的专用券	replaced	3_manual_verified	人工逐项字形、语义与同族字段核对	□核对专名、数值、范围、回合与同族字段	逐字段变更；结构键与非字符串值不得改变
待人工校对	medium	magica/js/libs/itemList.json	/607/description	description	可兑换専用在商店泳装衣装的券	可在商店兑换泳装服装的专用券	replaced	3_manual_verified	人工逐项字形、语义与同族字段核对	□核对专名、数值、范围、回合与同族字段	逐字段变更；结构键与非字符串值不得改变
待人工校对	high	magica/js/libs/itemList.json	/766/shortDescription	shortDescription	調整屋硬币	调整专家币	replaced	1_official_cn_dump_same_record	A:\magireco_cn_dump_20221010_decrypted_json\authority\authority.json#/itemList.json/GACHA_FREEBIE_343_MEDAL/name	□核对专名、数值、范围、回合与同族字段	逐字段变更；结构键与非字符串值不得改变
待人工校对	high	magica/js/libs/itemList.json	/767/shortDescription	shortDescription	調整屋硬币	调整专家币	replaced	1_official_cn_dump_same_record	A:\magireco_cn_dump_20221010_decrypted_json\authority\authority.json#/itemList.json/GACHA_FREEBIE_343_MEDAL/name	□核对专名、数值、范围、回合与同族字段	逐字段变更；结构键与非字符串值不得改变
待人工校对	high	magica/js/libs/itemList.json	/768/shortDescription	shortDescription	調整屋硬币	调整专家币	replaced	1_official_cn_dump_same_record	A:\magireco_cn_dump_20221010_decrypted_json\authority\authority.json#/itemList.json/GACHA_FREEBIE_343_MEDAL/name	□核对专名、数值、范围、回合与同族字段	逐字段变更；结构键与非字符串值不得改变
待人工校对	high	magica/js/libs/itemList.json	/769/shortDescription	shortDescription	調整屋硬币	调整专家币	replaced	1_official_cn_dump_same_record	A:\magireco_cn_dump_20221010_decrypted_json\authority\authority.json#/itemList.json/GACHA_FREEBIE_343_MEDAL/name	□核对专名、数值、范围、回合与同族字段	逐字段变更；结构键与非字符串值不得改变
待人工校对	high	magica/js/libs/itemList.json	/770/shortDescription	shortDescription	調整屋硬币	调整专家币	replaced	1_official_cn_dump_same_record	A:\magireco_cn_dump_20221010_decrypted_json\authority\authority.json#/itemList.json/GACHA_FREEBIE_343_MEDAL/name	□核对专名、数值、范围、回合与同族字段	逐字段变更；结构键与非字符串值不得改变
待人工校对	high	magica/js/libs/itemList.json	/771/shortDescription	shortDescription	調整屋硬币	调整专家币	replaced	1_official_cn_dump_same_record	A:\magireco_cn_dump_20221010_decrypted_json\authority\authority.json#/itemList.json/GACHA_FREEBIE_343_MEDAL/name	□核对专名、数值、范围、回合与同族字段	逐字段变更；结构键与非字符串值不得改变
待人工校对	high	magica/js/libs/itemList.json	/772/shortDescription	shortDescription	調整屋硬币	调整专家币	replaced	1_official_cn_dump_same_record	A:\magireco_cn_dump_20221010_decrypted_json\authority\authority.json#/itemList.json/GACHA_FREEBIE_343_MEDAL/name	□核对专名、数值、范围、回合与同族字段	逐字段变更；结构键与非字符串值不得改变
待人工校对	high	magica/js/libs/itemList.json	/773/shortDescription	shortDescription	調整屋硬币	调整专家币	replaced	1_official_cn_dump_same_record	A:\magireco_cn_dump_20221010_decrypted_json\authority\authority.json#/itemList.json/GACHA_FREEBIE_343_MEDAL/name	□核对专名、数值、范围、回合与同族字段	逐字段变更；结构键与非字符串值不得改变
待人工校对	high	magica/js/libs/itemList.json	/774/shortDescription	shortDescription	調整屋硬币	调整专家币	replaced	1_official_cn_dump_same_record	A:\magireco_cn_dump_20221010_decrypted_json\authority\authority.json#/itemList.json/GACHA_FREEBIE_343_MEDAL/name	□核对专名、数值、范围、回合与同族字段	逐字段变更；结构键与非字符串值不得改变
待人工校对	high	magica/js/libs/itemList.json	/775/shortDescription	shortDescription	調整屋硬币	调整专家币	replaced	1_official_cn_dump_same_record	A:\magireco_cn_dump_20221010_decrypted_json\authority\authority.json#/itemList.json/GACHA_FREEBIE_343_MEDAL/name	□核对专名、数值、范围、回合与同族字段	逐字段变更；结构键与非字符串值不得改变
待人工校对	high	magica/js/libs/itemList.json	/776/shortDescription	shortDescription	調整屋硬币	调整专家币	replaced	1_official_cn_dump_same_record	A:\magireco_cn_dump_20221010_decrypted_json\authority\authority.json#/itemList.json/GACHA_FREEBIE_343_MEDAL/name	□核对专名、数值、范围、回合与同族字段	逐字段变更；结构键与非字符串值不得改变
待人工校对	high	magica/js/libs/itemList.json	/777/shortDescription	shortDescription	調整屋硬币	调整专家币	replaced	1_official_cn_dump_same_record	A:\magireco_cn_dump_20221010_decrypted_json\authority\authority.json#/itemList.json/GACHA_FREEBIE_343_MEDAL/name	□核对专名、数值、范围、回合与同族字段	逐字段变更；结构键与非字符串值不得改变
待人工校对	high	magica/js/libs/itemList.json	/778/shortDescription	shortDescription	調整屋硬币	调整专家币	replaced	1_official_cn_dump_same_record	A:\magireco_cn_dump_20221010_decrypted_json\authority\authority.json#/itemList.json/GACHA_FREEBIE_343_MEDAL/name	□核对专名、数值、范围、回合与同族字段	逐字段变更；结构键与非字符串值不得改变
待人工校对	high	magica/js/libs/itemList.json	/779/shortDescription	shortDescription	調整屋硬币	调整专家币	replaced	1_official_cn_dump_same_record	A:\magireco_cn_dump_20221010_decrypted_json\authority\authority.json#/itemList.json/GACHA_FREEBIE_343_MEDAL/name	□核对专名、数值、范围、回合与同族字段	逐字段变更；结构键与非字符串值不得改变
待人工校对	high	magica/js/libs/itemList.json	/780/shortDescription	shortDescription	調整屋硬币	调整专家币	replaced	1_official_cn_dump_same_record	A:\magireco_cn_dump_20221010_decrypted_json\authority\authority.json#/itemList.json/GACHA_FREEBIE_343_MEDAL/name	□核对专名、数值、范围、回合与同族字段	逐字段变更；结构键与非字符串值不得改变
待人工校对	high	magica/js/libs/itemList.json	/781/name	name	調整屋硬币	调整专家币	replaced	1_official_cn_dump_same_record	A:\magireco_cn_dump_20221010_decrypted_json\authority\authority.json#/itemList.json/GACHA_FREEBIE_343_MEDAL/name	□核对专名、数值、范围、回合与同族字段	逐字段变更；结构键与非字符串值不得改变
待人工校对	high	magica/js/libs/itemList.json	/781/shortDescription	shortDescription	調整屋硬币	调整专家币	replaced	1_official_cn_dump_same_record	A:\magireco_cn_dump_20221010_decrypted_json\authority\authority.json#/itemList.json/GACHA_FREEBIE_343_MEDAL/name	□核对专名、数值、范围、回合与同族字段	逐字段变更；结构键与非字符串值不得改变
待人工校对	high	magica/js/libs/itemList.json	/782/name	name	調整屋硬币	调整专家币	replaced	1_official_cn_dump_same_record	A:\magireco_cn_dump_20221010_decrypted_json\authority\authority.json#/itemList.json/GACHA_FREEBIE_343_MEDAL/name	□核对专名、数值、范围、回合与同族字段	逐字段变更；结构键与非字符串值不得改变
待人工校对	high	magica/js/libs/itemList.json	/782/shortDescription	shortDescription	調整屋硬币	调整专家币	replaced	1_official_cn_dump_same_record	A:\magireco_cn_dump_20221010_decrypted_json\authority\authority.json#/itemList.json/GACHA_FREEBIE_343_MEDAL/name	□核对专名、数值、范围、回合与同族字段	逐字段变更；结构键与非字符串值不得改变
待人工校对	high	magica/js/libs/itemList.json	/783/name	name	調整屋硬币	调整专家币	replaced	1_official_cn_dump_same_record	A:\magireco_cn_dump_20221010_decrypted_json\authority\authority.json#/itemList.json/GACHA_FREEBIE_343_MEDAL/name	□核对专名、数值、范围、回合与同族字段	逐字段变更；结构键与非字符串值不得改变
待人工校对	high	magica/js/libs/itemList.json	/783/shortDescription	shortDescription	調整屋硬币	调整专家币	replaced	1_official_cn_dump_same_record	A:\magireco_cn_dump_20221010_decrypted_json\authority\authority.json#/itemList.json/GACHA_FREEBIE_343_MEDAL/name	□核对专名、数值、范围、回合与同族字段	逐字段变更；结构键与非字符串值不得改变
待人工校对	high	magica/js/libs/itemList.json	/784/name	name	調整屋硬币	调整专家币	replaced	1_official_cn_dump_same_record	A:\magireco_cn_dump_20221010_decrypted_json\authority\authority.json#/itemList.json/GACHA_FREEBIE_343_MEDAL/name	□核对专名、数值、范围、回合与同族字段	逐字段变更；结构键与非字符串值不得改变
待人工校对	high	magica/js/libs/itemList.json	/784/shortDescription	shortDescription	調整屋硬币	调整专家币	replaced	1_official_cn_dump_same_record	A:\magireco_cn_dump_20221010_decrypted_json\authority\authority.json#/itemList.json/GACHA_FREEBIE_343_MEDAL/name	□核对专名、数值、范围、回合与同族字段	逐字段变更；结构键与非字符串值不得改变
待人工校对	high	magica/js/libs/itemList.json	/785/name	name	調整屋硬币	调整专家币	replaced	1_official_cn_dump_same_record	A:\magireco_cn_dump_20221010_decrypted_json\authority\authority.json#/itemList.json/GACHA_FREEBIE_343_MEDAL/name	□核对专名、数值、范围、回合与同族字段	逐字段变更；结构键与非字符串值不得改变
待人工校对	high	magica/js/libs/itemList.json	/785/shortDescription	shortDescription	調整屋硬币	调整专家币	replaced	1_official_cn_dump_same_record	A:\magireco_cn_dump_20221010_decrypted_json\authority\authority.json#/itemList.json/GACHA_FREEBIE_343_MEDAL/name	□核对专名、数值、范围、回合与同族字段	逐字段变更；结构键与非字符串值不得改变
待人工校对	high	magica/js/libs/itemList.json	/786/name	name	調整屋硬币	调整专家币	replaced	1_official_cn_dump_same_record	A:\magireco_cn_dump_20221010_decrypted_json\authority\authority.json#/itemList.json/GACHA_FREEBIE_343_MEDAL/name	□核对专名、数值、范围、回合与同族字段	逐字段变更；结构键与非字符串值不得改变
待人工校对	high	magica/js/libs/itemList.json	/786/shortDescription	shortDescription	調整屋硬币	调整专家币	replaced	1_official_cn_dump_same_record	A:\magireco_cn_dump_20221010_decrypted_json\authority\authority.json#/itemList.json/GACHA_FREEBIE_343_MEDAL/name	□核对专名、数值、范围、回合与同族字段	逐字段变更；结构键与非字符串值不得改变
待人工校对	high	magica/js/libs/itemList.json	/787/name	name	調整屋硬币	调整专家币	replaced	1_official_cn_dump_same_record	A:\magireco_cn_dump_20221010_decrypted_json\authority\authority.json#/itemList.json/GACHA_FREEBIE_343_MEDAL/name	□核对专名、数值、范围、回合与同族字段	逐字段变更；结构键与非字符串值不得改变
待人工校对	high	magica/js/libs/itemList.json	/787/shortDescription	shortDescription	調整屋硬币	调整专家币	replaced	1_official_cn_dump_same_record	A:\magireco_cn_dump_20221010_decrypted_json\authority\authority.json#/itemList.json/GACHA_FREEBIE_343_MEDAL/name	□核对专名、数值、范围、回合与同族字段	逐字段变更；结构键与非字符串值不得改变
待人工校对	high	magica/js/libs/itemList.json	/788/name	name	調整屋硬币	调整专家币	replaced	1_official_cn_dump_same_record	A:\magireco_cn_dump_20221010_decrypted_json\authority\authority.json#/itemList.json/GACHA_FREEBIE_343_MEDAL/name	□核对专名、数值、范围、回合与同族字段	逐字段变更；结构键与非字符串值不得改变
待人工校对	high	magica/js/libs/itemList.json	/788/shortDescription	shortDescription	調整屋硬币	调整专家币	replaced	1_official_cn_dump_same_record	A:\magireco_cn_dump_20221010_decrypted_json\authority\authority.json#/itemList.json/GACHA_FREEBIE_343_MEDAL/name	□核对专名、数值、范围、回合与同族字段	逐字段变更；结构键与非字符串值不得改变
待人工校对	high	magica/js/libs/itemList.json	/789/name	name	調整屋硬币	调整专家币	replaced	1_official_cn_dump_same_record	A:\magireco_cn_dump_20221010_decrypted_json\authority\authority.json#/itemList.json/GACHA_FREEBIE_343_MEDAL/name	□核对专名、数值、范围、回合与同族字段	逐字段变更；结构键与非字符串值不得改变
待人工校对	high	magica/js/libs/itemList.json	/789/shortDescription	shortDescription	調整屋硬币	调整专家币	replaced	1_official_cn_dump_same_record	A:\magireco_cn_dump_20221010_decrypted_json\authority\authority.json#/itemList.json/GACHA_FREEBIE_343_MEDAL/name	□核对专名、数值、范围、回合与同族字段	逐字段变更；结构键与非字符串值不得改变
待人工校对	high	magica/js/libs/itemList.json	/790/shortDescription	shortDescription	調整屋硬币	调整专家币	replaced	1_official_cn_dump_same_record	A:\magireco_cn_dump_20221010_decrypted_json\authority\authority.json#/itemList.json/GACHA_FREEBIE_343_MEDAL/name	□核对专名、数值、范围、回合与同族字段	逐字段变更；结构键与非字符串值不得改变
待人工校对	high	magica/js/libs/itemList.json	/791/shortDescription	shortDescription	調整屋硬币	调整专家币	replaced	1_official_cn_dump_same_record	A:\magireco_cn_dump_20221010_decrypted_json\authority\authority.json#/itemList.json/GACHA_FREEBIE_343_MEDAL/name	□核对专名、数值、范围、回合与同族字段	逐字段变更；结构键与非字符串值不得改变
待人工校对	high	magica/js/libs/itemList.json	/792/name	name	調整屋硬币	调整专家币	replaced	1_official_cn_dump_same_record	A:\magireco_cn_dump_20221010_decrypted_json\authority\authority.json#/itemList.json/GACHA_FREEBIE_343_MEDAL/name	□核对专名、数值、范围、回合与同族字段	逐字段变更；结构键与非字符串值不得改变
待人工校对	high	magica/js/libs/itemList.json	/792/shortDescription	shortDescription	調整屋硬币	调整专家币	replaced	1_official_cn_dump_same_record	A:\magireco_cn_dump_20221010_decrypted_json\authority\authority.json#/itemList.json/GACHA_FREEBIE_343_MEDAL/name	□核对专名、数值、范围、回合与同族字段	逐字段变更；结构键与非字符串值不得改变
待人工校对	high	magica/js/libs/itemList.json	/793/name	name	調整屋硬币	调整专家币	replaced	1_official_cn_dump_same_record	A:\magireco_cn_dump_20221010_decrypted_json\authority\authority.json#/itemList.json/GACHA_FREEBIE_343_MEDAL/name	□核对专名、数值、范围、回合与同族字段	逐字段变更；结构键与非字符串值不得改变
待人工校对	high	magica/js/libs/itemList.json	/793/shortDescription	shortDescription	調整屋硬币	调整专家币	replaced	1_official_cn_dump_same_record	A:\magireco_cn_dump_20221010_decrypted_json\authority\authority.json#/itemList.json/GACHA_FREEBIE_343_MEDAL/name	□核对专名、数值、范围、回合与同族字段	逐字段变更；结构键与非字符串值不得改变
待人工校对	high	magica/js/libs/itemList.json	/794/name	name	調整屋硬币	调整专家币	replaced	1_official_cn_dump_same_record	A:\magireco_cn_dump_20221010_decrypted_json\authority\authority.json#/itemList.json/GACHA_FREEBIE_343_MEDAL/name	□核对专名、数值、范围、回合与同族字段	逐字段变更；结构键与非字符串值不得改变
待人工校对	high	magica/js/libs/itemList.json	/794/shortDescription	shortDescription	調整屋硬币	调整专家币	replaced	1_official_cn_dump_same_record	A:\magireco_cn_dump_20221010_decrypted_json\authority\authority.json#/itemList.json/GACHA_FREEBIE_343_MEDAL/name	□核对专名、数值、范围、回合与同族字段	逐字段变更；结构键与非字符串值不得改变
待人工校对	high	magica/js/libs/itemList.json	/795/name	name	調整屋硬币	调整专家币	replaced	1_official_cn_dump_same_record	A:\magireco_cn_dump_20221010_decrypted_json\authority\authority.json#/itemList.json/GACHA_FREEBIE_343_MEDAL/name	□核对专名、数值、范围、回合与同族字段	逐字段变更；结构键与非字符串值不得改变
待人工校对	high	magica/js/libs/itemList.json	/795/shortDescription	shortDescription	調整屋硬币	调整专家币	replaced	1_official_cn_dump_same_record	A:\magireco_cn_dump_20221010_decrypted_json\authority\authority.json#/itemList.json/GACHA_FREEBIE_343_MEDAL/name	□核对专名、数值、范围、回合与同族字段	逐字段变更；结构键与非字符串值不得改变
待人工校对	high	magica/js/libs/itemList.json	/796/name	name	調整屋硬币	调整专家币	replaced	1_official_cn_dump_same_record	A:\magireco_cn_dump_20221010_decrypted_json\authority\authority.json#/itemList.json/GACHA_FREEBIE_343_MEDAL/name	□核对专名、数值、范围、回合与同族字段	逐字段变更；结构键与非字符串值不得改变
待人工校对	high	magica/js/libs/itemList.json	/796/shortDescription	shortDescription	調整屋硬币	调整专家币	replaced	1_official_cn_dump_same_record	A:\magireco_cn_dump_20221010_decrypted_json\authority\authority.json#/itemList.json/GACHA_FREEBIE_343_MEDAL/name	□核对专名、数值、范围、回合与同族字段	逐字段变更；结构键与非字符串值不得改变
待人工校对	high	magica/js/libs/itemList.json	/797/name	name	調整屋硬币	调整专家币	replaced	1_official_cn_dump_same_record	A:\magireco_cn_dump_20221010_decrypted_json\authority\authority.json#/itemList.json/GACHA_FREEBIE_343_MEDAL/name	□核对专名、数值、范围、回合与同族字段	逐字段变更；结构键与非字符串值不得改变
待人工校对	high	magica/js/libs/itemList.json	/797/shortDescription	shortDescription	調整屋硬币	调整专家币	replaced	1_official_cn_dump_same_record	A:\magireco_cn_dump_20221010_decrypted_json\authority\authority.json#/itemList.json/GACHA_FREEBIE_343_MEDAL/name	□核对专名、数值、范围、回合与同族字段	逐字段变更；结构键与非字符串值不得改变
待人工校对	high	magica/js/libs/itemList.json	/798/name	name	調整屋硬币	调整专家币	replaced	1_official_cn_dump_same_record	A:\magireco_cn_dump_20221010_decrypted_json\authority\authority.json#/itemList.json/GACHA_FREEBIE_343_MEDAL/name	□核对专名、数值、范围、回合与同族字段	逐字段变更；结构键与非字符串值不得改变
待人工校对	high	magica/js/libs/itemList.json	/798/shortDescription	shortDescription	調整屋硬币	调整专家币	replaced	1_official_cn_dump_same_record	A:\magireco_cn_dump_20221010_decrypted_json\authority\authority.json#/itemList.json/GACHA_FREEBIE_343_MEDAL/name	□核对专名、数值、范围、回合与同族字段	逐字段变更；结构键与非字符串值不得改变
待人工校对	high	magica/js/libs/itemList.json	/799/name	name	調整屋硬币	调整专家币	replaced	1_official_cn_dump_same_record	A:\magireco_cn_dump_20221010_decrypted_json\authority\authority.json#/itemList.json/GACHA_FREEBIE_343_MEDAL/name	□核对专名、数值、范围、回合与同族字段	逐字段变更；结构键与非字符串值不得改变
待人工校对	high	magica/js/libs/itemList.json	/799/shortDescription	shortDescription	調整屋硬币	调整专家币	replaced	1_official_cn_dump_same_record	A:\magireco_cn_dump_20221010_decrypted_json\authority\authority.json#/itemList.json/GACHA_FREEBIE_343_MEDAL/name	□核对专名、数值、范围、回合与同族字段	逐字段变更；结构键与非字符串值不得改变
待人工校对	high	magica/js/libs/itemList.json	/800/name	name	調整屋硬币	调整专家币	replaced	1_official_cn_dump_same_record	A:\magireco_cn_dump_20221010_decrypted_json\authority\authority.json#/itemList.json/GACHA_FREEBIE_343_MEDAL/name	□核对专名、数值、范围、回合与同族字段	逐字段变更；结构键与非字符串值不得改变
待人工校对	high	magica/js/libs/itemList.json	/800/shortDescription	shortDescription	調整屋硬币	调整专家币	replaced	1_official_cn_dump_same_record	A:\magireco_cn_dump_20221010_decrypted_json\authority\authority.json#/itemList.json/GACHA_FREEBIE_343_MEDAL/name	□核对专名、数值、范围、回合与同族字段	逐字段变更；结构键与非字符串值不得改变
待人工校对	high	magica/js/libs/itemList.json	/801/name	name	調整屋硬币	调整专家币	replaced	1_official_cn_dump_same_record	A:\magireco_cn_dump_20221010_decrypted_json\authority\authority.json#/itemList.json/GACHA_FREEBIE_343_MEDAL/name	□核对专名、数值、范围、回合与同族字段	逐字段变更；结构键与非字符串值不得改变
待人工校对	high	magica/js/libs/itemList.json	/801/shortDescription	shortDescription	調整屋硬币	调整专家币	replaced	1_official_cn_dump_same_record	A:\magireco_cn_dump_20221010_decrypted_json\authority\authority.json#/itemList.json/GACHA_FREEBIE_343_MEDAL/name	□核对专名、数值、范围、回合与同族字段	逐字段变更；结构键与非字符串值不得改变
待人工校对	high	magica/js/libs/itemList.json	/802/name	name	調整屋硬币	调整专家币	replaced	1_official_cn_dump_same_record	A:\magireco_cn_dump_20221010_decrypted_json\authority\authority.json#/itemList.json/GACHA_FREEBIE_343_MEDAL/name	□核对专名、数值、范围、回合与同族字段	逐字段变更；结构键与非字符串值不得改变
待人工校对	high	magica/js/libs/itemList.json	/802/shortDescription	shortDescription	調整屋硬币	调整专家币	replaced	1_official_cn_dump_same_record	A:\magireco_cn_dump_20221010_decrypted_json\authority\authority.json#/itemList.json/GACHA_FREEBIE_343_MEDAL/name	□核对专名、数值、范围、回合与同族字段	逐字段变更；结构键与非字符串值不得改变
待人工校对	high	magica/js/libs/itemList.json	/803/name	name	調整屋硬币	调整专家币	replaced	1_official_cn_dump_same_record	A:\magireco_cn_dump_20221010_decrypted_json\authority\authority.json#/itemList.json/GACHA_FREEBIE_343_MEDAL/name	□核对专名、数值、范围、回合与同族字段	逐字段变更；结构键与非字符串值不得改变
待人工校对	high	magica/js/libs/itemList.json	/803/shortDescription	shortDescription	調整屋硬币	调整专家币	replaced	1_official_cn_dump_same_record	A:\magireco_cn_dump_20221010_decrypted_json\authority\authority.json#/itemList.json/GACHA_FREEBIE_343_MEDAL/name	□核对专名、数值、范围、回合与同族字段	逐字段变更；结构键与非字符串值不得改变
待人工校对	high	magica/js/libs/itemList.json	/804/name	name	調整屋硬币	调整专家币	replaced	1_official_cn_dump_same_record	A:\magireco_cn_dump_20221010_decrypted_json\authority\authority.json#/itemList.json/GACHA_FREEBIE_343_MEDAL/name	□核对专名、数值、范围、回合与同族字段	逐字段变更；结构键与非字符串值不得改变
待人工校对	high	magica/js/libs/itemList.json	/804/shortDescription	shortDescription	調整屋硬币	调整专家币	replaced	1_official_cn_dump_same_record	A:\magireco_cn_dump_20221010_decrypted_json\authority\authority.json#/itemList.json/GACHA_FREEBIE_343_MEDAL/name	□核对专名、数值、范围、回合与同族字段	逐字段变更；结构键与非字符串值不得改变
待人工校对	high	magica/js/libs/itemList.json	/805/name	name	調整屋硬币	调整专家币	replaced	1_official_cn_dump_same_record	A:\magireco_cn_dump_20221010_decrypted_json\authority\authority.json#/itemList.json/GACHA_FREEBIE_343_MEDAL/name	□核对专名、数值、范围、回合与同族字段	逐字段变更；结构键与非字符串值不得改变
待人工校对	high	magica/js/libs/itemList.json	/805/shortDescription	shortDescription	調整屋硬币	调整专家币	replaced	1_official_cn_dump_same_record	A:\magireco_cn_dump_20221010_decrypted_json\authority\authority.json#/itemList.json/GACHA_FREEBIE_343_MEDAL/name	□核对专名、数值、范围、回合与同族字段	逐字段变更；结构键与非字符串值不得改变
待人工校对	high	magica/js/libs/itemList.json	/806/name	name	調整屋硬币	调整专家币	replaced	1_official_cn_dump_same_record	A:\magireco_cn_dump_20221010_decrypted_json\authority\authority.json#/itemList.json/GACHA_FREEBIE_343_MEDAL/name	□核对专名、数值、范围、回合与同族字段	逐字段变更；结构键与非字符串值不得改变
待人工校对	high	magica/js/libs/itemList.json	/806/shortDescription	shortDescription	調整屋硬币	调整专家币	replaced	1_official_cn_dump_same_record	A:\magireco_cn_dump_20221010_decrypted_json\authority\authority.json#/itemList.json/GACHA_FREEBIE_343_MEDAL/name	□核对专名、数值、范围、回合与同族字段	逐字段变更；结构键与非字符串值不得改变
待人工校对	high	magica/js/libs/itemList.json	/807/name	name	調整屋硬币	调整专家币	replaced	1_official_cn_dump_same_record	A:\magireco_cn_dump_20221010_decrypted_json\authority\authority.json#/itemList.json/GACHA_FREEBIE_343_MEDAL/name	□核对专名、数值、范围、回合与同族字段	逐字段变更；结构键与非字符串值不得改变
待人工校对	high	magica/js/libs/itemList.json	/807/shortDescription	shortDescription	調整屋硬币	调整专家币	replaced	1_official_cn_dump_same_record	A:\magireco_cn_dump_20221010_decrypted_json\authority\authority.json#/itemList.json/GACHA_FREEBIE_343_MEDAL/name	□核对专名、数值、范围、回合与同族字段	逐字段变更；结构键与非字符串值不得改变
待人工校对	high	magica/js/libs/itemList.json	/808/name	name	調整屋硬币	调整专家币	replaced	1_official_cn_dump_same_record	A:\magireco_cn_dump_20221010_decrypted_json\authority\authority.json#/itemList.json/GACHA_FREEBIE_343_MEDAL/name	□核对专名、数值、范围、回合与同族字段	逐字段变更；结构键与非字符串值不得改变
待人工校对	high	magica/js/libs/itemList.json	/808/shortDescription	shortDescription	調整屋硬币	调整专家币	replaced	1_official_cn_dump_same_record	A:\magireco_cn_dump_20221010_decrypted_json\authority\authority.json#/itemList.json/GACHA_FREEBIE_343_MEDAL/name	□核对专名、数值、范围、回合与同族字段	逐字段变更；结构键与非字符串值不得改变
待人工校对	high	magica/js/libs/itemList.json	/809/name	name	調整屋硬币	调整专家币	replaced	1_official_cn_dump_same_record	A:\magireco_cn_dump_20221010_decrypted_json\authority\authority.json#/itemList.json/GACHA_FREEBIE_343_MEDAL/name	□核对专名、数值、范围、回合与同族字段	逐字段变更；结构键与非字符串值不得改变
待人工校对	high	magica/js/libs/itemList.json	/809/shortDescription	shortDescription	調整屋硬币	调整专家币	replaced	1_official_cn_dump_same_record	A:\magireco_cn_dump_20221010_decrypted_json\authority\authority.json#/itemList.json/GACHA_FREEBIE_343_MEDAL/name	□核对专名、数值、范围、回合与同族字段	逐字段变更；结构键与非字符串值不得改变
待人工校对	high	magica/js/libs/itemList.json	/810/name	name	調整屋硬币	调整专家币	replaced	1_official_cn_dump_same_record	A:\magireco_cn_dump_20221010_decrypted_json\authority\authority.json#/itemList.json/GACHA_FREEBIE_343_MEDAL/name	□核对专名、数值、范围、回合与同族字段	逐字段变更；结构键与非字符串值不得改变
待人工校对	high	magica/js/libs/itemList.json	/810/shortDescription	shortDescription	調整屋硬币	调整专家币	replaced	1_official_cn_dump_same_record	A:\magireco_cn_dump_20221010_decrypted_json\authority\authority.json#/itemList.json/GACHA_FREEBIE_343_MEDAL/name	□核对专名、数值、范围、回合与同族字段	逐字段变更；结构键与非字符串值不得改变
待人工校对	high	magica/js/libs/itemList.json	/811/name	name	調整屋硬币	调整专家币	replaced	1_official_cn_dump_same_record	A:\magireco_cn_dump_20221010_decrypted_json\authority\authority.json#/itemList.json/GACHA_FREEBIE_343_MEDAL/name	□核对专名、数值、范围、回合与同族字段	逐字段变更；结构键与非字符串值不得改变
待人工校对	high	magica/js/libs/itemList.json	/811/shortDescription	shortDescription	調整屋硬币	调整专家币	replaced	1_official_cn_dump_same_record	A:\magireco_cn_dump_20221010_decrypted_json\authority\authority.json#/itemList.json/GACHA_FREEBIE_343_MEDAL/name	□核对专名、数值、范围、回合与同族字段	逐字段变更；结构键与非字符串值不得改变
待人工校对	high	magica/js/libs/itemList.json	/812/name	name	調整屋硬币	调整专家币	replaced	1_official_cn_dump_same_record	A:\magireco_cn_dump_20221010_decrypted_json\authority\authority.json#/itemList.json/GACHA_FREEBIE_343_MEDAL/name	□核对专名、数值、范围、回合与同族字段	逐字段变更；结构键与非字符串值不得改变
待人工校对	high	magica/js/libs/itemList.json	/812/shortDescription	shortDescription	調整屋硬币	调整专家币	replaced	1_official_cn_dump_same_record	A:\magireco_cn_dump_20221010_decrypted_json\authority\authority.json#/itemList.json/GACHA_FREEBIE_343_MEDAL/name	□核对专名、数值、范围、回合与同族字段	逐字段变更；结构键与非字符串值不得改变
待人工校对	high	magica/js/libs/itemList.json	/813/name	name	調整屋硬币	调整专家币	replaced	1_official_cn_dump_same_record	A:\magireco_cn_dump_20221010_decrypted_json\authority\authority.json#/itemList.json/GACHA_FREEBIE_343_MEDAL/name	□核对专名、数值、范围、回合与同族字段	逐字段变更；结构键与非字符串值不得改变
待人工校对	high	magica/js/libs/itemList.json	/813/shortDescription	shortDescription	調整屋硬币	调整专家币	replaced	1_official_cn_dump_same_record	A:\magireco_cn_dump_20221010_decrypted_json\authority\authority.json#/itemList.json/GACHA_FREEBIE_343_MEDAL/name	□核对专名、数值、范围、回合与同族字段	逐字段变更；结构键与非字符串值不得改变
待人工校对	high	magica/js/libs/itemList.json	/814/name	name	調整屋硬币	调整专家币	replaced	1_official_cn_dump_same_record	A:\magireco_cn_dump_20221010_decrypted_json\authority\authority.json#/itemList.json/GACHA_FREEBIE_343_MEDAL/name	□核对专名、数值、范围、回合与同族字段	逐字段变更；结构键与非字符串值不得改变
待人工校对	high	magica/js/libs/itemList.json	/814/shortDescription	shortDescription	調整屋硬币	调整专家币	replaced	1_official_cn_dump_same_record	A:\magireco_cn_dump_20221010_decrypted_json\authority\authority.json#/itemList.json/GACHA_FREEBIE_343_MEDAL/name	□核对专名、数值、范围、回合与同族字段	逐字段变更；结构键与非字符串值不得改变
待人工校对	high	magica/js/libs/itemList.json	/815/name	name	調整屋硬币	调整专家币	replaced	1_official_cn_dump_same_record	A:\magireco_cn_dump_20221010_decrypted_json\authority\authority.json#/itemList.json/GACHA_FREEBIE_343_MEDAL/name	□核对专名、数值、范围、回合与同族字段	逐字段变更；结构键与非字符串值不得改变
待人工校对	high	magica/js/libs/itemList.json	/815/shortDescription	shortDescription	調整屋硬币	调整专家币	replaced	1_official_cn_dump_same_record	A:\magireco_cn_dump_20221010_decrypted_json\authority\authority.json#/itemList.json/GACHA_FREEBIE_343_MEDAL/name	□核对专名、数值、范围、回合与同族字段	逐字段变更；结构键与非字符串值不得改变
待人工校对	high	magica/js/libs/itemList.json	/816/name	name	調整屋硬币	调整专家币	replaced	1_official_cn_dump_same_record	A:\magireco_cn_dump_20221010_decrypted_json\authority\authority.json#/itemList.json/GACHA_FREEBIE_343_MEDAL/name	□核对专名、数值、范围、回合与同族字段	逐字段变更；结构键与非字符串值不得改变
待人工校对	high	magica/js/libs/itemList.json	/816/shortDescription	shortDescription	調整屋硬币	调整专家币	replaced	1_official_cn_dump_same_record	A:\magireco_cn_dump_20221010_decrypted_json\authority\authority.json#/itemList.json/GACHA_FREEBIE_343_MEDAL/name	□核对专名、数值、范围、回合与同族字段	逐字段变更；结构键与非字符串值不得改变
待人工校对	high	magica/js/libs/itemList.json	/817/name	name	調整屋硬币	调整专家币	replaced	1_official_cn_dump_same_record	A:\magireco_cn_dump_20221010_decrypted_json\authority\authority.json#/itemList.json/GACHA_FREEBIE_343_MEDAL/name	□核对专名、数值、范围、回合与同族字段	逐字段变更；结构键与非字符串值不得改变
待人工校对	high	magica/js/libs/itemList.json	/817/shortDescription	shortDescription	調整屋硬币	调整专家币	replaced	1_official_cn_dump_same_record	A:\magireco_cn_dump_20221010_decrypted_json\authority\authority.json#/itemList.json/GACHA_FREEBIE_343_MEDAL/name	□核对专名、数值、范围、回合与同族字段	逐字段变更；结构键与非字符串值不得改变
待人工校对	high	magica/js/libs/itemList.json	/818/name	name	調整屋硬币	调整专家币	replaced	1_official_cn_dump_same_record	A:\magireco_cn_dump_20221010_decrypted_json\authority\authority.json#/itemList.json/GACHA_FREEBIE_343_MEDAL/name	□核对专名、数值、范围、回合与同族字段	逐字段变更；结构键与非字符串值不得改变
待人工校对	high	magica/js/libs/itemList.json	/818/shortDescription	shortDescription	調整屋硬币	调整专家币	replaced	1_official_cn_dump_same_record	A:\magireco_cn_dump_20221010_decrypted_json\authority\authority.json#/itemList.json/GACHA_FREEBIE_343_MEDAL/name	□核对专名、数值、范围、回合与同族字段	逐字段变更；结构键与非字符串值不得改变
待人工校对	high	magica/js/libs/itemList.json	/819/name	name	調整屋硬币	调整专家币	replaced	1_official_cn_dump_same_record	A:\magireco_cn_dump_20221010_decrypted_json\authority\authority.json#/itemList.json/GACHA_FREEBIE_343_MEDAL/name	□核对专名、数值、范围、回合与同族字段	逐字段变更；结构键与非字符串值不得改变
待人工校对	high	magica/js/libs/itemList.json	/819/shortDescription	shortDescription	調整屋硬币	调整专家币	replaced	1_official_cn_dump_same_record	A:\magireco_cn_dump_20221010_decrypted_json\authority\authority.json#/itemList.json/GACHA_FREEBIE_343_MEDAL/name	□核对专名、数值、范围、回合与同族字段	逐字段变更；结构键与非字符串值不得改变
待人工校对	high	magica/js/libs/itemList.json	/820/name	name	調整屋硬币	调整专家币	replaced	1_official_cn_dump_same_record	A:\magireco_cn_dump_20221010_decrypted_json\authority\authority.json#/itemList.json/GACHA_FREEBIE_343_MEDAL/name	□核对专名、数值、范围、回合与同族字段	逐字段变更；结构键与非字符串值不得改变
待人工校对	high	magica/js/libs/itemList.json	/820/shortDescription	shortDescription	調整屋硬币	调整专家币	replaced	1_official_cn_dump_same_record	A:\magireco_cn_dump_20221010_decrypted_json\authority\authority.json#/itemList.json/GACHA_FREEBIE_343_MEDAL/name	□核对专名、数值、范围、回合与同族字段	逐字段变更；结构键与非字符串值不得改变
待人工校对	high	magica/js/libs/itemList.json	/821/name	name	調整屋硬币	调整专家币	replaced	1_official_cn_dump_same_record	A:\magireco_cn_dump_20221010_decrypted_json\authority\authority.json#/itemList.json/GACHA_FREEBIE_343_MEDAL/name	□核对专名、数值、范围、回合与同族字段	逐字段变更；结构键与非字符串值不得改变
待人工校对	high	magica/js/libs/itemList.json	/821/shortDescription	shortDescription	調整屋硬币	调整专家币	replaced	1_official_cn_dump_same_record	A:\magireco_cn_dump_20221010_decrypted_json\authority\authority.json#/itemList.json/GACHA_FREEBIE_343_MEDAL/name	□核对专名、数值、范围、回合与同族字段	逐字段变更；结构键与非字符串值不得改变
待人工校对	high	magica/js/libs/itemList.json	/822/name	name	調整屋硬币	调整专家币	replaced	1_official_cn_dump_same_record	A:\magireco_cn_dump_20221010_decrypted_json\authority\authority.json#/itemList.json/GACHA_FREEBIE_343_MEDAL/name	□核对专名、数值、范围、回合与同族字段	逐字段变更；结构键与非字符串值不得改变
待人工校对	high	magica/js/libs/itemList.json	/822/shortDescription	shortDescription	調整屋硬币	调整专家币	replaced	1_official_cn_dump_same_record	A:\magireco_cn_dump_20221010_decrypted_json\authority\authority.json#/itemList.json/GACHA_FREEBIE_343_MEDAL/name	□核对专名、数值、范围、回合与同族字段	逐字段变更；结构键与非字符串值不得改变
待人工校对	high	magica/js/libs/itemList.json	/823/name	name	調整屋硬币	调整专家币	replaced	1_official_cn_dump_same_record	A:\magireco_cn_dump_20221010_decrypted_json\authority\authority.json#/itemList.json/GACHA_FREEBIE_343_MEDAL/name	□核对专名、数值、范围、回合与同族字段	逐字段变更；结构键与非字符串值不得改变
待人工校对	high	magica/js/libs/itemList.json	/823/shortDescription	shortDescription	調整屋硬币	调整专家币	replaced	1_official_cn_dump_same_record	A:\magireco_cn_dump_20221010_decrypted_json\authority\authority.json#/itemList.json/GACHA_FREEBIE_343_MEDAL/name	□核对专名、数值、范围、回合与同族字段	逐字段变更；结构键与非字符串值不得改变
待人工校对	high	magica/js/libs/itemList.json	/824/name	name	調整屋硬币	调整专家币	replaced	1_official_cn_dump_same_record	A:\magireco_cn_dump_20221010_decrypted_json\authority\authority.json#/itemList.json/GACHA_FREEBIE_343_MEDAL/name	□核对专名、数值、范围、回合与同族字段	逐字段变更；结构键与非字符串值不得改变
待人工校对	high	magica/js/libs/itemList.json	/824/shortDescription	shortDescription	調整屋硬币	调整专家币	replaced	1_official_cn_dump_same_record	A:\magireco_cn_dump_20221010_decrypted_json\authority\authority.json#/itemList.json/GACHA_FREEBIE_343_MEDAL/name	□核对专名、数值、范围、回合与同族字段	逐字段变更；结构键与非字符串值不得改变
待人工校对	high	magica/js/libs/itemList.json	/825/name	name	調整屋硬币	调整专家币	replaced	1_official_cn_dump_same_record	A:\magireco_cn_dump_20221010_decrypted_json\authority\authority.json#/itemList.json/GACHA_FREEBIE_343_MEDAL/name	□核对专名、数值、范围、回合与同族字段	逐字段变更；结构键与非字符串值不得改变
待人工校对	high	magica/js/libs/itemList.json	/825/shortDescription	shortDescription	調整屋硬币	调整专家币	replaced	1_official_cn_dump_same_record	A:\magireco_cn_dump_20221010_decrypted_json\authority\authority.json#/itemList.json/GACHA_FREEBIE_343_MEDAL/name	□核对专名、数值、范围、回合与同族字段	逐字段变更；结构键与非字符串值不得改变
待人工校对	high	magica/js/libs/itemList.json	/826/name	name	調整屋硬币	调整专家币	replaced	1_official_cn_dump_same_record	A:\magireco_cn_dump_20221010_decrypted_json\authority\authority.json#/itemList.json/GACHA_FREEBIE_343_MEDAL/name	□核对专名、数值、范围、回合与同族字段	逐字段变更；结构键与非字符串值不得改变
待人工校对	high	magica/js/libs/itemList.json	/826/shortDescription	shortDescription	調整屋硬币	调整专家币	replaced	1_official_cn_dump_same_record	A:\magireco_cn_dump_20221010_decrypted_json\authority\authority.json#/itemList.json/GACHA_FREEBIE_343_MEDAL/name	□核对专名、数值、范围、回合与同族字段	逐字段变更；结构键与非字符串值不得改变
待人工校对	high	magica/js/libs/itemList.json	/827/name	name	調整屋硬币	调整专家币	replaced	1_official_cn_dump_same_record	A:\magireco_cn_dump_20221010_decrypted_json\authority\authority.json#/itemList.json/GACHA_FREEBIE_343_MEDAL/name	□核对专名、数值、范围、回合与同族字段	逐字段变更；结构键与非字符串值不得改变
待人工校对	high	magica/js/libs/itemList.json	/827/shortDescription	shortDescription	調整屋硬币	调整专家币	replaced	1_official_cn_dump_same_record	A:\magireco_cn_dump_20221010_decrypted_json\authority\authority.json#/itemList.json/GACHA_FREEBIE_343_MEDAL/name	□核对专名、数值、范围、回合与同族字段	逐字段变更；结构键与非字符串值不得改变
待人工校对	high	magica/js/libs/itemList.json	/828/name	name	調整屋硬币	调整专家币	replaced	1_official_cn_dump_same_record	A:\magireco_cn_dump_20221010_decrypted_json\authority\authority.json#/itemList.json/GACHA_FREEBIE_343_MEDAL/name	□核对专名、数值、范围、回合与同族字段	逐字段变更；结构键与非字符串值不得改变
待人工校对	high	magica/js/libs/itemList.json	/828/shortDescription	shortDescription	調整屋硬币	调整专家币	replaced	1_official_cn_dump_same_record	A:\magireco_cn_dump_20221010_decrypted_json\authority\authority.json#/itemList.json/GACHA_FREEBIE_343_MEDAL/name	□核对专名、数值、范围、回合与同族字段	逐字段变更；结构键与非字符串值不得改变
待人工校对	high	magica/js/libs/itemList.json	/829/name	name	調整屋硬币	调整专家币	replaced	1_official_cn_dump_same_record	A:\magireco_cn_dump_20221010_decrypted_json\authority\authority.json#/itemList.json/GACHA_FREEBIE_343_MEDAL/name	□核对专名、数值、范围、回合与同族字段	逐字段变更；结构键与非字符串值不得改变
待人工校对	high	magica/js/libs/itemList.json	/829/shortDescription	shortDescription	調整屋硬币	调整专家币	replaced	1_official_cn_dump_same_record	A:\magireco_cn_dump_20221010_decrypted_json\authority\authority.json#/itemList.json/GACHA_FREEBIE_343_MEDAL/name	□核对专名、数值、范围、回合与同族字段	逐字段变更；结构键与非字符串值不得改变
待人工校对	high	magica/js/libs/itemList.json	/830/name	name	調整屋硬币	调整专家币	replaced	1_official_cn_dump_same_record	A:\magireco_cn_dump_20221010_decrypted_json\authority\authority.json#/itemList.json/GACHA_FREEBIE_343_MEDAL/name	□核对专名、数值、范围、回合与同族字段	逐字段变更；结构键与非字符串值不得改变
待人工校对	high	magica/js/libs/itemList.json	/830/shortDescription	shortDescription	調整屋硬币	调整专家币	replaced	1_official_cn_dump_same_record	A:\magireco_cn_dump_20221010_decrypted_json\authority\authority.json#/itemList.json/GACHA_FREEBIE_343_MEDAL/name	□核对专名、数值、范围、回合与同族字段	逐字段变更；结构键与非字符串值不得改变
待人工校对	high	magica/js/libs/itemList.json	/831/name	name	調整屋硬币	调整专家币	replaced	1_official_cn_dump_same_record	A:\magireco_cn_dump_20221010_decrypted_json\authority\authority.json#/itemList.json/GACHA_FREEBIE_343_MEDAL/name	□核对专名、数值、范围、回合与同族字段	逐字段变更；结构键与非字符串值不得改变
待人工校对	high	magica/js/libs/itemList.json	/831/shortDescription	shortDescription	調整屋硬币	调整专家币	replaced	1_official_cn_dump_same_record	A:\magireco_cn_dump_20221010_decrypted_json\authority\authority.json#/itemList.json/GACHA_FREEBIE_343_MEDAL/name	□核对专名、数值、范围、回合与同族字段	逐字段变更；结构键与非字符串值不得改变
待人工校对	high	magica/js/libs/itemList.json	/832/name	name	調整屋硬币	调整专家币	replaced	1_official_cn_dump_same_record	A:\magireco_cn_dump_20221010_decrypted_json\authority\authority.json#/itemList.json/GACHA_FREEBIE_343_MEDAL/name	□核对专名、数值、范围、回合与同族字段	逐字段变更；结构键与非字符串值不得改变
待人工校对	high	magica/js/libs/itemList.json	/832/shortDescription	shortDescription	調整屋硬币	调整专家币	replaced	1_official_cn_dump_same_record	A:\magireco_cn_dump_20221010_decrypted_json\authority\authority.json#/itemList.json/GACHA_FREEBIE_343_MEDAL/name	□核对专名、数值、范围、回合与同族字段	逐字段变更；结构键与非字符串值不得改变
待人工校对	high	magica/js/libs/itemList.json	/833/name	name	調整屋硬币	调整专家币	replaced	1_official_cn_dump_same_record	A:\magireco_cn_dump_20221010_decrypted_json\authority\authority.json#/itemList.json/GACHA_FREEBIE_343_MEDAL/name	□核对专名、数值、范围、回合与同族字段	逐字段变更；结构键与非字符串值不得改变
待人工校对	high	magica/js/libs/itemList.json	/833/shortDescription	shortDescription	調整屋硬币	调整专家币	replaced	1_official_cn_dump_same_record	A:\magireco_cn_dump_20221010_decrypted_json\authority\authority.json#/itemList.json/GACHA_FREEBIE_343_MEDAL/name	□核对专名、数值、范围、回合与同族字段	逐字段变更；结构键与非字符串值不得改变
待人工校对	high	magica/js/libs/itemList.json	/834/name	name	調整屋硬币	调整专家币	replaced	1_official_cn_dump_same_record	A:\magireco_cn_dump_20221010_decrypted_json\authority\authority.json#/itemList.json/GACHA_FREEBIE_343_MEDAL/name	□核对专名、数值、范围、回合与同族字段	逐字段变更；结构键与非字符串值不得改变
待人工校对	high	magica/js/libs/itemList.json	/834/shortDescription	shortDescription	調整屋硬币	调整专家币	replaced	1_official_cn_dump_same_record	A:\magireco_cn_dump_20221010_decrypted_json\authority\authority.json#/itemList.json/GACHA_FREEBIE_343_MEDAL/name	□核对专名、数值、范围、回合与同族字段	逐字段变更；结构键与非字符串值不得改变
待人工校对	high	magica/js/libs/itemList.json	/835/name	name	調整屋硬币	调整专家币	replaced	1_official_cn_dump_same_record	A:\magireco_cn_dump_20221010_decrypted_json\authority\authority.json#/itemList.json/GACHA_FREEBIE_343_MEDAL/name	□核对专名、数值、范围、回合与同族字段	逐字段变更；结构键与非字符串值不得改变
待人工校对	high	magica/js/libs/itemList.json	/835/shortDescription	shortDescription	調整屋硬币	调整专家币	replaced	1_official_cn_dump_same_record	A:\magireco_cn_dump_20221010_decrypted_json\authority\authority.json#/itemList.json/GACHA_FREEBIE_343_MEDAL/name	□核对专名、数值、范围、回合与同族字段	逐字段变更；结构键与非字符串值不得改变
待人工校对	high	magica/js/libs/itemList.json	/836/name	name	調整屋硬币	调整专家币	replaced	1_official_cn_dump_same_record	A:\magireco_cn_dump_20221010_decrypted_json\authority\authority.json#/itemList.json/GACHA_FREEBIE_343_MEDAL/name	□核对专名、数值、范围、回合与同族字段	逐字段变更；结构键与非字符串值不得改变
待人工校对	high	magica/js/libs/itemList.json	/836/shortDescription	shortDescription	調整屋硬币	调整专家币	replaced	1_official_cn_dump_same_record	A:\magireco_cn_dump_20221010_decrypted_json\authority\authority.json#/itemList.json/GACHA_FREEBIE_343_MEDAL/name	□核对专名、数值、范围、回合与同族字段	逐字段变更；结构键与非字符串值不得改变
待人工校对	high	magica/js/libs/itemList.json	/837/name	name	調整屋硬币	调整专家币	replaced	1_official_cn_dump_same_record	A:\magireco_cn_dump_20221010_decrypted_json\authority\authority.json#/itemList.json/GACHA_FREEBIE_343_MEDAL/name	□核对专名、数值、范围、回合与同族字段	逐字段变更；结构键与非字符串值不得改变
待人工校对	high	magica/js/libs/itemList.json	/837/shortDescription	shortDescription	調整屋硬币	调整专家币	replaced	1_official_cn_dump_same_record	A:\magireco_cn_dump_20221010_decrypted_json\authority\authority.json#/itemList.json/GACHA_FREEBIE_343_MEDAL/name	□核对专名、数值、范围、回合与同族字段	逐字段变更；结构键与非字符串值不得改变
待人工校对	high	magica/js/libs/itemList.json	/838/name	name	調整屋硬币	调整专家币	replaced	1_official_cn_dump_same_record	A:\magireco_cn_dump_20221010_decrypted_json\authority\authority.json#/itemList.json/GACHA_FREEBIE_343_MEDAL/name	□核对专名、数值、范围、回合与同族字段	逐字段变更；结构键与非字符串值不得改变
待人工校对	high	magica/js/libs/itemList.json	/838/shortDescription	shortDescription	調整屋硬币	调整专家币	replaced	1_official_cn_dump_same_record	A:\magireco_cn_dump_20221010_decrypted_json\authority\authority.json#/itemList.json/GACHA_FREEBIE_343_MEDAL/name	□核对专名、数值、范围、回合与同族字段	逐字段变更；结构键与非字符串值不得改变
待人工校对	high	magica/js/libs/itemList.json	/839/name	name	調整屋硬币	调整专家币	replaced	1_official_cn_dump_same_record	A:\magireco_cn_dump_20221010_decrypted_json\authority\authority.json#/itemList.json/GACHA_FREEBIE_343_MEDAL/name	□核对专名、数值、范围、回合与同族字段	逐字段变更；结构键与非字符串值不得改变
待人工校对	high	magica/js/libs/itemList.json	/839/shortDescription	shortDescription	調整屋硬币	调整专家币	replaced	1_official_cn_dump_same_record	A:\magireco_cn_dump_20221010_decrypted_json\authority\authority.json#/itemList.json/GACHA_FREEBIE_343_MEDAL/name	□核对专名、数值、范围、回合与同族字段	逐字段变更；结构键与非字符串值不得改变
待人工校对	high	magica/js/libs/itemList.json	/840/shortDescription	shortDescription	調整屋硬币	调整专家币	replaced	1_official_cn_dump_same_record	A:\magireco_cn_dump_20221010_decrypted_json\authority\authority.json#/itemList.json/GACHA_FREEBIE_343_MEDAL/name	□核对专名、数值、范围、回合与同族字段	逐字段变更；结构键与非字符串值不得改变
待人工校对	high	magica/js/libs/itemList.json	/841/name	name	調整屋硬币	调整专家币	replaced	1_official_cn_dump_same_record	A:\magireco_cn_dump_20221010_decrypted_json\authority\authority.json#/itemList.json/GACHA_FREEBIE_343_MEDAL/name	□核对专名、数值、范围、回合与同族字段	逐字段变更；结构键与非字符串值不得改变
待人工校对	high	magica/js/libs/itemList.json	/841/shortDescription	shortDescription	調整屋硬币	调整专家币	replaced	1_official_cn_dump_same_record	A:\magireco_cn_dump_20221010_decrypted_json\authority\authority.json#/itemList.json/GACHA_FREEBIE_343_MEDAL/name	□核对专名、数值、范围、回合与同族字段	逐字段变更；结构键与非字符串值不得改变
待人工校对	high	magica/js/libs/itemList.json	/842/name	name	調整屋硬币	调整专家币	replaced	1_official_cn_dump_same_record	A:\magireco_cn_dump_20221010_decrypted_json\authority\authority.json#/itemList.json/GACHA_FREEBIE_343_MEDAL/name	□核对专名、数值、范围、回合与同族字段	逐字段变更；结构键与非字符串值不得改变
待人工校对	high	magica/js/libs/itemList.json	/842/shortDescription	shortDescription	調整屋硬币	调整专家币	replaced	1_official_cn_dump_same_record	A:\magireco_cn_dump_20221010_decrypted_json\authority\authority.json#/itemList.json/GACHA_FREEBIE_343_MEDAL/name	□核对专名、数值、范围、回合与同族字段	逐字段变更；结构键与非字符串值不得改变
待人工校对	high	magica/js/libs/itemList.json	/843/name	name	調整屋硬币	调整专家币	replaced	1_official_cn_dump_same_record	A:\magireco_cn_dump_20221010_decrypted_json\authority\authority.json#/itemList.json/GACHA_FREEBIE_343_MEDAL/name	□核对专名、数值、范围、回合与同族字段	逐字段变更；结构键与非字符串值不得改变
待人工校对	high	magica/js/libs/itemList.json	/843/shortDescription	shortDescription	調整屋硬币	调整专家币	replaced	1_official_cn_dump_same_record	A:\magireco_cn_dump_20221010_decrypted_json\authority\authority.json#/itemList.json/GACHA_FREEBIE_343_MEDAL/name	□核对专名、数值、范围、回合与同族字段	逐字段变更；结构键与非字符串值不得改变
待人工校对	high	magica/js/libs/itemList.json	/844/name	name	調整屋硬币	调整专家币	replaced	1_official_cn_dump_same_record	A:\magireco_cn_dump_20221010_decrypted_json\authority\authority.json#/itemList.json/GACHA_FREEBIE_343_MEDAL/name	□核对专名、数值、范围、回合与同族字段	逐字段变更；结构键与非字符串值不得改变
待人工校对	high	magica/js/libs/itemList.json	/844/shortDescription	shortDescription	調整屋硬币	调整专家币	replaced	1_official_cn_dump_same_record	A:\magireco_cn_dump_20221010_decrypted_json\authority\authority.json#/itemList.json/GACHA_FREEBIE_343_MEDAL/name	□核对专名、数值、范围、回合与同族字段	逐字段变更；结构键与非字符串值不得改变
待人工校对	high	magica/js/libs/itemList.json	/845/name	name	調整屋硬币	调整专家币	replaced	1_official_cn_dump_same_record	A:\magireco_cn_dump_20221010_decrypted_json\authority\authority.json#/itemList.json/GACHA_FREEBIE_343_MEDAL/name	□核对专名、数值、范围、回合与同族字段	逐字段变更；结构键与非字符串值不得改变
待人工校对	high	magica/js/libs/itemList.json	/845/shortDescription	shortDescription	調整屋硬币	调整专家币	replaced	1_official_cn_dump_same_record	A:\magireco_cn_dump_20221010_decrypted_json\authority\authority.json#/itemList.json/GACHA_FREEBIE_343_MEDAL/name	□核对专名、数值、范围、回合与同族字段	逐字段变更；结构键与非字符串值不得改变
待人工校对	high	magica/js/libs/itemList.json	/846/name	name	調整屋硬币	调整专家币	replaced	1_official_cn_dump_same_record	A:\magireco_cn_dump_20221010_decrypted_json\authority\authority.json#/itemList.json/GACHA_FREEBIE_343_MEDAL/name	□核对专名、数值、范围、回合与同族字段	逐字段变更；结构键与非字符串值不得改变
待人工校对	high	magica/js/libs/itemList.json	/846/shortDescription	shortDescription	調整屋硬币	调整专家币	replaced	1_official_cn_dump_same_record	A:\magireco_cn_dump_20221010_decrypted_json\authority\authority.json#/itemList.json/GACHA_FREEBIE_343_MEDAL/name	□核对专名、数值、范围、回合与同族字段	逐字段变更；结构键与非字符串值不得改变
待人工校对	high	magica/js/libs/itemList.json	/847/name	name	調整屋硬币	调整专家币	replaced	1_official_cn_dump_same_record	A:\magireco_cn_dump_20221010_decrypted_json\authority\authority.json#/itemList.json/GACHA_FREEBIE_343_MEDAL/name	□核对专名、数值、范围、回合与同族字段	逐字段变更；结构键与非字符串值不得改变
待人工校对	high	magica/js/libs/itemList.json	/847/shortDescription	shortDescription	調整屋硬币	调整专家币	replaced	1_official_cn_dump_same_record	A:\magireco_cn_dump_20221010_decrypted_json\authority\authority.json#/itemList.json/GACHA_FREEBIE_343_MEDAL/name	□核对专名、数值、范围、回合与同族字段	逐字段变更；结构键与非字符串值不得改变
待人工校对	high	magica/js/libs/itemList.json	/848/name	name	調整屋硬币	调整专家币	replaced	1_official_cn_dump_same_record	A:\magireco_cn_dump_20221010_decrypted_json\authority\authority.json#/itemList.json/GACHA_FREEBIE_343_MEDAL/name	□核对专名、数值、范围、回合与同族字段	逐字段变更；结构键与非字符串值不得改变
待人工校对	high	magica/js/libs/itemList.json	/848/shortDescription	shortDescription	調整屋硬币	调整专家币	replaced	1_official_cn_dump_same_record	A:\magireco_cn_dump_20221010_decrypted_json\authority\authority.json#/itemList.json/GACHA_FREEBIE_343_MEDAL/name	□核对专名、数值、范围、回合与同族字段	逐字段变更；结构键与非字符串值不得改变
待人工校对	high	magica/js/libs/itemList.json	/849/name	name	調整屋硬币	调整专家币	replaced	1_official_cn_dump_same_record	A:\magireco_cn_dump_20221010_decrypted_json\authority\authority.json#/itemList.json/GACHA_FREEBIE_343_MEDAL/name	□核对专名、数值、范围、回合与同族字段	逐字段变更；结构键与非字符串值不得改变
待人工校对	high	magica/js/libs/itemList.json	/849/shortDescription	shortDescription	調整屋硬币	调整专家币	replaced	1_official_cn_dump_same_record	A:\magireco_cn_dump_20221010_decrypted_json\authority\authority.json#/itemList.json/GACHA_FREEBIE_343_MEDAL/name	□核对专名、数值、范围、回合与同族字段	逐字段变更；结构键与非字符串值不得改变
待人工校对	high	magica/js/libs/itemList.json	/850/name	name	調整屋硬币	调整专家币	replaced	1_official_cn_dump_same_record	A:\magireco_cn_dump_20221010_decrypted_json\authority\authority.json#/itemList.json/GACHA_FREEBIE_343_MEDAL/name	□核对专名、数值、范围、回合与同族字段	逐字段变更；结构键与非字符串值不得改变
待人工校对	high	magica/js/libs/itemList.json	/850/shortDescription	shortDescription	調整屋硬币	调整专家币	replaced	1_official_cn_dump_same_record	A:\magireco_cn_dump_20221010_decrypted_json\authority\authority.json#/itemList.json/GACHA_FREEBIE_343_MEDAL/name	□核对专名、数值、范围、回合与同族字段	逐字段变更；结构键与非字符串值不得改变
待人工校对	high	magica/js/libs/itemList.json	/851/name	name	調整屋硬币	调整专家币	replaced	1_official_cn_dump_same_record	A:\magireco_cn_dump_20221010_decrypted_json\authority\authority.json#/itemList.json/GACHA_FREEBIE_343_MEDAL/name	□核对专名、数值、范围、回合与同族字段	逐字段变更；结构键与非字符串值不得改变
待人工校对	high	magica/js/libs/itemList.json	/851/shortDescription	shortDescription	調整屋硬币	调整专家币	replaced	1_official_cn_dump_same_record	A:\magireco_cn_dump_20221010_decrypted_json\authority\authority.json#/itemList.json/GACHA_FREEBIE_343_MEDAL/name	□核对专名、数值、范围、回合与同族字段	逐字段变更；结构键与非字符串值不得改变
待人工校对	high	magica/js/libs/itemList.json	/852/name	name	調整屋硬币	调整专家币	replaced	1_official_cn_dump_same_record	A:\magireco_cn_dump_20221010_decrypted_json\authority\authority.json#/itemList.json/GACHA_FREEBIE_343_MEDAL/name	□核对专名、数值、范围、回合与同族字段	逐字段变更；结构键与非字符串值不得改变
待人工校对	high	magica/js/libs/itemList.json	/852/shortDescription	shortDescription	調整屋硬币	调整专家币	replaced	1_official_cn_dump_same_record	A:\magireco_cn_dump_20221010_decrypted_json\authority\authority.json#/itemList.json/GACHA_FREEBIE_343_MEDAL/name	□核对专名、数值、范围、回合与同族字段	逐字段变更；结构键与非字符串值不得改变
待人工校对	high	magica/js/libs/itemList.json	/853/name	name	調整屋硬币	调整专家币	replaced	1_official_cn_dump_same_record	A:\magireco_cn_dump_20221010_decrypted_json\authority\authority.json#/itemList.json/GACHA_FREEBIE_343_MEDAL/name	□核对专名、数值、范围、回合与同族字段	逐字段变更；结构键与非字符串值不得改变
待人工校对	high	magica/js/libs/itemList.json	/853/shortDescription	shortDescription	調整屋硬币	调整专家币	replaced	1_official_cn_dump_same_record	A:\magireco_cn_dump_20221010_decrypted_json\authority\authority.json#/itemList.json/GACHA_FREEBIE_343_MEDAL/name	□核对专名、数值、范围、回合与同族字段	逐字段变更；结构键与非字符串值不得改变
待人工校对	high	magica/js/libs/itemList.json	/854/name	name	調整屋硬币	调整专家币	replaced	1_official_cn_dump_same_record	A:\magireco_cn_dump_20221010_decrypted_json\authority\authority.json#/itemList.json/GACHA_FREEBIE_343_MEDAL/name	□核对专名、数值、范围、回合与同族字段	逐字段变更；结构键与非字符串值不得改变
待人工校对	high	magica/js/libs/itemList.json	/854/shortDescription	shortDescription	調整屋硬币	调整专家币	replaced	1_official_cn_dump_same_record	A:\magireco_cn_dump_20221010_decrypted_json\authority\authority.json#/itemList.json/GACHA_FREEBIE_343_MEDAL/name	□核对专名、数值、范围、回合与同族字段	逐字段变更；结构键与非字符串值不得改变
待人工校对	high	magica/js/libs/itemList.json	/855/name	name	調整屋硬币	调整专家币	replaced	1_official_cn_dump_same_record	A:\magireco_cn_dump_20221010_decrypted_json\authority\authority.json#/itemList.json/GACHA_FREEBIE_343_MEDAL/name	□核对专名、数值、范围、回合与同族字段	逐字段变更；结构键与非字符串值不得改变
待人工校对	high	magica/js/libs/itemList.json	/855/shortDescription	shortDescription	調整屋硬币	调整专家币	replaced	1_official_cn_dump_same_record	A:\magireco_cn_dump_20221010_decrypted_json\authority\authority.json#/itemList.json/GACHA_FREEBIE_343_MEDAL/name	□核对专名、数值、范围、回合与同族字段	逐字段变更；结构键与非字符串值不得改变
待人工校对	high	magica/js/libs/itemList.json	/856/name	name	調整屋硬币	调整专家币	replaced	1_official_cn_dump_same_record	A:\magireco_cn_dump_20221010_decrypted_json\authority\authority.json#/itemList.json/GACHA_FREEBIE_343_MEDAL/name	□核对专名、数值、范围、回合与同族字段	逐字段变更；结构键与非字符串值不得改变
待人工校对	high	magica/js/libs/itemList.json	/856/shortDescription	shortDescription	調整屋硬币	调整专家币	replaced	1_official_cn_dump_same_record	A:\magireco_cn_dump_20221010_decrypted_json\authority\authority.json#/itemList.json/GACHA_FREEBIE_343_MEDAL/name	□核对专名、数值、范围、回合与同族字段	逐字段变更；结构键与非字符串值不得改变
待人工校对	high	magica/js/libs/itemList.json	/857/name	name	調整屋硬币	调整专家币	replaced	1_official_cn_dump_same_record	A:\magireco_cn_dump_20221010_decrypted_json\authority\authority.json#/itemList.json/GACHA_FREEBIE_343_MEDAL/name	□核对专名、数值、范围、回合与同族字段	逐字段变更；结构键与非字符串值不得改变
待人工校对	high	magica/js/libs/itemList.json	/857/shortDescription	shortDescription	調整屋硬币	调整专家币	replaced	1_official_cn_dump_same_record	A:\magireco_cn_dump_20221010_decrypted_json\authority\authority.json#/itemList.json/GACHA_FREEBIE_343_MEDAL/name	□核对专名、数值、范围、回合与同族字段	逐字段变更；结构键与非字符串值不得改变
待人工校对	high	magica/js/libs/itemList.json	/858/name	name	調整屋硬币	调整专家币	replaced	1_official_cn_dump_same_record	A:\magireco_cn_dump_20221010_decrypted_json\authority\authority.json#/itemList.json/GACHA_FREEBIE_343_MEDAL/name	□核对专名、数值、范围、回合与同族字段	逐字段变更；结构键与非字符串值不得改变
待人工校对	high	magica/js/libs/itemList.json	/858/shortDescription	shortDescription	調整屋硬币	调整专家币	replaced	1_official_cn_dump_same_record	A:\magireco_cn_dump_20221010_decrypted_json\authority\authority.json#/itemList.json/GACHA_FREEBIE_343_MEDAL/name	□核对专名、数值、范围、回合与同族字段	逐字段变更；结构键与非字符串值不得改变
待人工校对	high	magica/js/libs/itemList.json	/859/name	name	調整屋硬币	调整专家币	replaced	1_official_cn_dump_same_record	A:\magireco_cn_dump_20221010_decrypted_json\authority\authority.json#/itemList.json/GACHA_FREEBIE_343_MEDAL/name	□核对专名、数值、范围、回合与同族字段	逐字段变更；结构键与非字符串值不得改变
待人工校对	high	magica/js/libs/itemList.json	/859/shortDescription	shortDescription	調整屋硬币	调整专家币	replaced	1_official_cn_dump_same_record	A:\magireco_cn_dump_20221010_decrypted_json\authority\authority.json#/itemList.json/GACHA_FREEBIE_343_MEDAL/name	□核对专名、数值、范围、回合与同族字段	逐字段变更；结构键与非字符串值不得改变
待人工校对	high	magica/js/libs/itemList.json	/860/name	name	調整屋硬币	调整专家币	replaced	1_official_cn_dump_same_record	A:\magireco_cn_dump_20221010_decrypted_json\authority\authority.json#/itemList.json/GACHA_FREEBIE_343_MEDAL/name	□核对专名、数值、范围、回合与同族字段	逐字段变更；结构键与非字符串值不得改变
待人工校对	high	magica/js/libs/itemList.json	/860/shortDescription	shortDescription	調整屋硬币	调整专家币	replaced	1_official_cn_dump_same_record	A:\magireco_cn_dump_20221010_decrypted_json\authority\authority.json#/itemList.json/GACHA_FREEBIE_343_MEDAL/name	□核对专名、数值、范围、回合与同族字段	逐字段变更；结构键与非字符串值不得改变
待人工校对	high	magica/js/libs/itemList.json	/861/name	name	調整屋硬币	调整专家币	replaced	1_official_cn_dump_same_record	A:\magireco_cn_dump_20221010_decrypted_json\authority\authority.json#/itemList.json/GACHA_FREEBIE_343_MEDAL/name	□核对专名、数值、范围、回合与同族字段	逐字段变更；结构键与非字符串值不得改变
待人工校对	high	magica/js/libs/itemList.json	/861/shortDescription	shortDescription	調整屋硬币	调整专家币	replaced	1_official_cn_dump_same_record	A:\magireco_cn_dump_20221010_decrypted_json\authority\authority.json#/itemList.json/GACHA_FREEBIE_343_MEDAL/name	□核对专名、数值、范围、回合与同族字段	逐字段变更；结构键与非字符串值不得改变
待人工校对	high	magica/js/libs/itemList.json	/862/name	name	調整屋硬币	调整专家币	replaced	1_official_cn_dump_same_record	A:\magireco_cn_dump_20221010_decrypted_json\authority\authority.json#/itemList.json/GACHA_FREEBIE_343_MEDAL/name	□核对专名、数值、范围、回合与同族字段	逐字段变更；结构键与非字符串值不得改变
待人工校对	high	magica/js/libs/itemList.json	/862/shortDescription	shortDescription	調整屋硬币	调整专家币	replaced	1_official_cn_dump_same_record	A:\magireco_cn_dump_20221010_decrypted_json\authority\authority.json#/itemList.json/GACHA_FREEBIE_343_MEDAL/name	□核对专名、数值、范围、回合与同族字段	逐字段变更；结构键与非字符串值不得改变
待人工校对	high	magica/js/libs/itemList.json	/863/name	name	調整屋硬币	调整专家币	replaced	1_official_cn_dump_same_record	A:\magireco_cn_dump_20221010_decrypted_json\authority\authority.json#/itemList.json/GACHA_FREEBIE_343_MEDAL/name	□核对专名、数值、范围、回合与同族字段	逐字段变更；结构键与非字符串值不得改变
待人工校对	high	magica/js/libs/itemList.json	/863/shortDescription	shortDescription	調整屋硬币	调整专家币	replaced	1_official_cn_dump_same_record	A:\magireco_cn_dump_20221010_decrypted_json\authority\authority.json#/itemList.json/GACHA_FREEBIE_343_MEDAL/name	□核对专名、数值、范围、回合与同族字段	逐字段变更；结构键与非字符串值不得改变
待人工校对	high	magica/js/libs/itemList.json	/864/name	name	調整屋硬币	调整专家币	replaced	1_official_cn_dump_same_record	A:\magireco_cn_dump_20221010_decrypted_json\authority\authority.json#/itemList.json/GACHA_FREEBIE_343_MEDAL/name	□核对专名、数值、范围、回合与同族字段	逐字段变更；结构键与非字符串值不得改变
待人工校对	high	magica/js/libs/itemList.json	/864/shortDescription	shortDescription	調整屋硬币	调整专家币	replaced	1_official_cn_dump_same_record	A:\magireco_cn_dump_20221010_decrypted_json\authority\authority.json#/itemList.json/GACHA_FREEBIE_343_MEDAL/name	□核对专名、数值、范围、回合与同族字段	逐字段变更；结构键与非字符串值不得改变
待人工校对	high	magica/js/libs/itemList.json	/865/name	name	調整屋硬币	调整专家币	replaced	1_official_cn_dump_same_record	A:\magireco_cn_dump_20221010_decrypted_json\authority\authority.json#/itemList.json/GACHA_FREEBIE_343_MEDAL/name	□核对专名、数值、范围、回合与同族字段	逐字段变更；结构键与非字符串值不得改变
待人工校对	high	magica/js/libs/itemList.json	/865/shortDescription	shortDescription	調整屋硬币	调整专家币	replaced	1_official_cn_dump_same_record	A:\magireco_cn_dump_20221010_decrypted_json\authority\authority.json#/itemList.json/GACHA_FREEBIE_343_MEDAL/name	□核对专名、数值、范围、回合与同族字段	逐字段变更；结构键与非字符串值不得改变
待人工校对	high	magica/js/libs/itemList.json	/866/name	name	調整屋硬币	调整专家币	replaced	1_official_cn_dump_same_record	A:\magireco_cn_dump_20221010_decrypted_json\authority\authority.json#/itemList.json/GACHA_FREEBIE_343_MEDAL/name	□核对专名、数值、范围、回合与同族字段	逐字段变更；结构键与非字符串值不得改变
待人工校对	high	magica/js/libs/itemList.json	/866/shortDescription	shortDescription	調整屋硬币	调整专家币	replaced	1_official_cn_dump_same_record	A:\magireco_cn_dump_20221010_decrypted_json\authority\authority.json#/itemList.json/GACHA_FREEBIE_343_MEDAL/name	□核对专名、数值、范围、回合与同族字段	逐字段变更；结构键与非字符串值不得改变
待人工校对	high	magica/js/libs/itemList.json	/867/name	name	調整屋硬币	调整专家币	replaced	1_official_cn_dump_same_record	A:\magireco_cn_dump_20221010_decrypted_json\authority\authority.json#/itemList.json/GACHA_FREEBIE_343_MEDAL/name	□核对专名、数值、范围、回合与同族字段	逐字段变更；结构键与非字符串值不得改变
待人工校对	high	magica/js/libs/itemList.json	/867/shortDescription	shortDescription	調整屋硬币	调整专家币	replaced	1_official_cn_dump_same_record	A:\magireco_cn_dump_20221010_decrypted_json\authority\authority.json#/itemList.json/GACHA_FREEBIE_343_MEDAL/name	□核对专名、数值、范围、回合与同族字段	逐字段变更；结构键与非字符串值不得改变
待人工校对	high	magica/js/libs/itemList.json	/868/shortDescription	shortDescription	調整屋硬币	调整专家币	replaced	1_official_cn_dump_same_record	A:\magireco_cn_dump_20221010_decrypted_json\authority\authority.json#/itemList.json/GACHA_FREEBIE_343_MEDAL/name	□核对专名、数值、范围、回合与同族字段	逐字段变更；结构键与非字符串值不得改变
待人工校对	high	magica/js/libs/itemList.json	/869/name	name	調整屋硬币	调整专家币	replaced	1_official_cn_dump_same_record	A:\magireco_cn_dump_20221010_decrypted_json\authority\authority.json#/itemList.json/GACHA_FREEBIE_343_MEDAL/name	□核对专名、数值、范围、回合与同族字段	逐字段变更；结构键与非字符串值不得改变
待人工校对	high	magica/js/libs/itemList.json	/869/shortDescription	shortDescription	調整屋硬币	调整专家币	replaced	1_official_cn_dump_same_record	A:\magireco_cn_dump_20221010_decrypted_json\authority\authority.json#/itemList.json/GACHA_FREEBIE_343_MEDAL/name	□核对专名、数值、范围、回合与同族字段	逐字段变更；结构键与非字符串值不得改变
待人工校对	high	magica/js/libs/itemList.json	/870/name	name	調整屋硬币	调整专家币	replaced	1_official_cn_dump_same_record	A:\magireco_cn_dump_20221010_decrypted_json\authority\authority.json#/itemList.json/GACHA_FREEBIE_343_MEDAL/name	□核对专名、数值、范围、回合与同族字段	逐字段变更；结构键与非字符串值不得改变
待人工校对	high	magica/js/libs/itemList.json	/870/shortDescription	shortDescription	調整屋硬币	调整专家币	replaced	1_official_cn_dump_same_record	A:\magireco_cn_dump_20221010_decrypted_json\authority\authority.json#/itemList.json/GACHA_FREEBIE_343_MEDAL/name	□核对专名、数值、范围、回合与同族字段	逐字段变更；结构键与非字符串值不得改变
待人工校对	high	magica/js/libs/itemList.json	/871/name	name	調整屋硬币	调整专家币	replaced	1_official_cn_dump_same_record	A:\magireco_cn_dump_20221010_decrypted_json\authority\authority.json#/itemList.json/GACHA_FREEBIE_343_MEDAL/name	□核对专名、数值、范围、回合与同族字段	逐字段变更；结构键与非字符串值不得改变
待人工校对	high	magica/js/libs/itemList.json	/871/shortDescription	shortDescription	調整屋硬币	调整专家币	replaced	1_official_cn_dump_same_record	A:\magireco_cn_dump_20221010_decrypted_json\authority\authority.json#/itemList.json/GACHA_FREEBIE_343_MEDAL/name	□核对专名、数值、范围、回合与同族字段	逐字段变更；结构键与非字符串值不得改变
待人工校对	high	magica/js/libs/itemList.json	/872/name	name	調整屋硬币	调整专家币	replaced	1_official_cn_dump_same_record	A:\magireco_cn_dump_20221010_decrypted_json\authority\authority.json#/itemList.json/GACHA_FREEBIE_343_MEDAL/name	□核对专名、数值、范围、回合与同族字段	逐字段变更；结构键与非字符串值不得改变
待人工校对	high	magica/js/libs/itemList.json	/872/shortDescription	shortDescription	調整屋硬币	调整专家币	replaced	1_official_cn_dump_same_record	A:\magireco_cn_dump_20221010_decrypted_json\authority\authority.json#/itemList.json/GACHA_FREEBIE_343_MEDAL/name	□核对专名、数值、范围、回合与同族字段	逐字段变更；结构键与非字符串值不得改变
待人工校对	high	magica/js/libs/itemList.json	/873/name	name	調整屋硬币	调整专家币	replaced	1_official_cn_dump_same_record	A:\magireco_cn_dump_20221010_decrypted_json\authority\authority.json#/itemList.json/GACHA_FREEBIE_343_MEDAL/name	□核对专名、数值、范围、回合与同族字段	逐字段变更；结构键与非字符串值不得改变
待人工校对	high	magica/js/libs/itemList.json	/873/shortDescription	shortDescription	調整屋硬币	调整专家币	replaced	1_official_cn_dump_same_record	A:\magireco_cn_dump_20221010_decrypted_json\authority\authority.json#/itemList.json/GACHA_FREEBIE_343_MEDAL/name	□核对专名、数值、范围、回合与同族字段	逐字段变更；结构键与非字符串值不得改变
待人工校对	high	magica/js/libs/itemList.json	/874/name	name	調整屋硬币	调整专家币	replaced	1_official_cn_dump_same_record	A:\magireco_cn_dump_20221010_decrypted_json\authority\authority.json#/itemList.json/GACHA_FREEBIE_343_MEDAL/name	□核对专名、数值、范围、回合与同族字段	逐字段变更；结构键与非字符串值不得改变
待人工校对	high	magica/js/libs/itemList.json	/874/shortDescription	shortDescription	調整屋硬币	调整专家币	replaced	1_official_cn_dump_same_record	A:\magireco_cn_dump_20221010_decrypted_json\authority\authority.json#/itemList.json/GACHA_FREEBIE_343_MEDAL/name	□核对专名、数值、范围、回合与同族字段	逐字段变更；结构键与非字符串值不得改变
待人工校对	high	magica/js/libs/itemList.json	/875/name	name	調整屋硬币	调整专家币	replaced	1_official_cn_dump_same_record	A:\magireco_cn_dump_20221010_decrypted_json\authority\authority.json#/itemList.json/GACHA_FREEBIE_343_MEDAL/name	□核对专名、数值、范围、回合与同族字段	逐字段变更；结构键与非字符串值不得改变
待人工校对	high	magica/js/libs/itemList.json	/875/shortDescription	shortDescription	調整屋硬币	调整专家币	replaced	1_official_cn_dump_same_record	A:\magireco_cn_dump_20221010_decrypted_json\authority\authority.json#/itemList.json/GACHA_FREEBIE_343_MEDAL/name	□核对专名、数值、范围、回合与同族字段	逐字段变更；结构键与非字符串值不得改变
待人工校对	high	magica/js/libs/itemList.json	/876/name	name	調整屋硬币	调整专家币	replaced	1_official_cn_dump_same_record	A:\magireco_cn_dump_20221010_decrypted_json\authority\authority.json#/itemList.json/GACHA_FREEBIE_343_MEDAL/name	□核对专名、数值、范围、回合与同族字段	逐字段变更；结构键与非字符串值不得改变
待人工校对	high	magica/js/libs/itemList.json	/876/shortDescription	shortDescription	調整屋硬币	调整专家币	replaced	1_official_cn_dump_same_record	A:\magireco_cn_dump_20221010_decrypted_json\authority\authority.json#/itemList.json/GACHA_FREEBIE_343_MEDAL/name	□核对专名、数值、范围、回合与同族字段	逐字段变更；结构键与非字符串值不得改变
待人工校对	high	magica/js/libs/itemList.json	/877/name	name	調整屋硬币	调整专家币	replaced	1_official_cn_dump_same_record	A:\magireco_cn_dump_20221010_decrypted_json\authority\authority.json#/itemList.json/GACHA_FREEBIE_343_MEDAL/name	□核对专名、数值、范围、回合与同族字段	逐字段变更；结构键与非字符串值不得改变
待人工校对	high	magica/js/libs/itemList.json	/877/shortDescription	shortDescription	調整屋硬币	调整专家币	replaced	1_official_cn_dump_same_record	A:\magireco_cn_dump_20221010_decrypted_json\authority\authority.json#/itemList.json/GACHA_FREEBIE_343_MEDAL/name	□核对专名、数值、范围、回合与同族字段	逐字段变更；结构键与非字符串值不得改变
待人工校对	high	magica/js/libs/itemList.json	/878/name	name	調整屋硬币	调整专家币	replaced	1_official_cn_dump_same_record	A:\magireco_cn_dump_20221010_decrypted_json\authority\authority.json#/itemList.json/GACHA_FREEBIE_343_MEDAL/name	□核对专名、数值、范围、回合与同族字段	逐字段变更；结构键与非字符串值不得改变
待人工校对	high	magica/js/libs/itemList.json	/878/shortDescription	shortDescription	調整屋硬币	调整专家币	replaced	1_official_cn_dump_same_record	A:\magireco_cn_dump_20221010_decrypted_json\authority\authority.json#/itemList.json/GACHA_FREEBIE_343_MEDAL/name	□核对专名、数值、范围、回合与同族字段	逐字段变更；结构键与非字符串值不得改变
待人工校对	high	magica/js/libs/itemList.json	/879/name	name	調整屋硬币	调整专家币	replaced	1_official_cn_dump_same_record	A:\magireco_cn_dump_20221010_decrypted_json\authority\authority.json#/itemList.json/GACHA_FREEBIE_343_MEDAL/name	□核对专名、数值、范围、回合与同族字段	逐字段变更；结构键与非字符串值不得改变
待人工校对	high	magica/js/libs/itemList.json	/879/shortDescription	shortDescription	調整屋硬币	调整专家币	replaced	1_official_cn_dump_same_record	A:\magireco_cn_dump_20221010_decrypted_json\authority\authority.json#/itemList.json/GACHA_FREEBIE_343_MEDAL/name	□核对专名、数值、范围、回合与同族字段	逐字段变更；结构键与非字符串值不得改变
待人工校对	high	magica/js/libs/itemList.json	/880/name	name	調整屋硬币	调整专家币	replaced	1_official_cn_dump_same_record	A:\magireco_cn_dump_20221010_decrypted_json\authority\authority.json#/itemList.json/GACHA_FREEBIE_343_MEDAL/name	□核对专名、数值、范围、回合与同族字段	逐字段变更；结构键与非字符串值不得改变
待人工校对	high	magica/js/libs/itemList.json	/880/shortDescription	shortDescription	調整屋硬币	调整专家币	replaced	1_official_cn_dump_same_record	A:\magireco_cn_dump_20221010_decrypted_json\authority\authority.json#/itemList.json/GACHA_FREEBIE_343_MEDAL/name	□核对专名、数值、范围、回合与同族字段	逐字段变更；结构键与非字符串值不得改变
待人工校对	high	magica/js/libs/itemList.json	/881/name	name	調整屋硬币	调整专家币	replaced	1_official_cn_dump_same_record	A:\magireco_cn_dump_20221010_decrypted_json\authority\authority.json#/itemList.json/GACHA_FREEBIE_343_MEDAL/name	□核对专名、数值、范围、回合与同族字段	逐字段变更；结构键与非字符串值不得改变
待人工校对	high	magica/js/libs/itemList.json	/881/shortDescription	shortDescription	調整屋硬币	调整专家币	replaced	1_official_cn_dump_same_record	A:\magireco_cn_dump_20221010_decrypted_json\authority\authority.json#/itemList.json/GACHA_FREEBIE_343_MEDAL/name	□核对专名、数值、范围、回合与同族字段	逐字段变更；结构键与非字符串值不得改变
待人工校对	high	magica/js/libs/itemList.json	/882/name	name	調整屋硬币	调整专家币	replaced	1_official_cn_dump_same_record	A:\magireco_cn_dump_20221010_decrypted_json\authority\authority.json#/itemList.json/GACHA_FREEBIE_343_MEDAL/name	□核对专名、数值、范围、回合与同族字段	逐字段变更；结构键与非字符串值不得改变
待人工校对	high	magica/js/libs/itemList.json	/882/shortDescription	shortDescription	調整屋硬币	调整专家币	replaced	1_official_cn_dump_same_record	A:\magireco_cn_dump_20221010_decrypted_json\authority\authority.json#/itemList.json/GACHA_FREEBIE_343_MEDAL/name	□核对专名、数值、范围、回合与同族字段	逐字段变更；结构键与非字符串值不得改变
待人工校对	high	magica/js/libs/itemList.json	/883/name	name	調整屋硬币	调整专家币	replaced	1_official_cn_dump_same_record	A:\magireco_cn_dump_20221010_decrypted_json\authority\authority.json#/itemList.json/GACHA_FREEBIE_343_MEDAL/name	□核对专名、数值、范围、回合与同族字段	逐字段变更；结构键与非字符串值不得改变
待人工校对	high	magica/js/libs/itemList.json	/883/shortDescription	shortDescription	調整屋硬币	调整专家币	replaced	1_official_cn_dump_same_record	A:\magireco_cn_dump_20221010_decrypted_json\authority\authority.json#/itemList.json/GACHA_FREEBIE_343_MEDAL/name	□核对专名、数值、范围、回合与同族字段	逐字段变更；结构键与非字符串值不得改变
待人工校对	high	magica/js/libs/itemList.json	/884/name	name	調整屋硬币	调整专家币	replaced	1_official_cn_dump_same_record	A:\magireco_cn_dump_20221010_decrypted_json\authority\authority.json#/itemList.json/GACHA_FREEBIE_343_MEDAL/name	□核对专名、数值、范围、回合与同族字段	逐字段变更；结构键与非字符串值不得改变
待人工校对	high	magica/js/libs/itemList.json	/884/shortDescription	shortDescription	調整屋硬币	调整专家币	replaced	1_official_cn_dump_same_record	A:\magireco_cn_dump_20221010_decrypted_json\authority\authority.json#/itemList.json/GACHA_FREEBIE_343_MEDAL/name	□核对专名、数值、范围、回合与同族字段	逐字段变更；结构键与非字符串值不得改变
待人工校对	high	magica/js/libs/itemList.json	/885/name	name	調整屋硬币	调整专家币	replaced	1_official_cn_dump_same_record	A:\magireco_cn_dump_20221010_decrypted_json\authority\authority.json#/itemList.json/GACHA_FREEBIE_343_MEDAL/name	□核对专名、数值、范围、回合与同族字段	逐字段变更；结构键与非字符串值不得改变
待人工校对	high	magica/js/libs/itemList.json	/885/shortDescription	shortDescription	調整屋硬币	调整专家币	replaced	1_official_cn_dump_same_record	A:\magireco_cn_dump_20221010_decrypted_json\authority\authority.json#/itemList.json/GACHA_FREEBIE_343_MEDAL/name	□核对专名、数值、范围、回合与同族字段	逐字段变更；结构键与非字符串值不得改变
待人工校对	high	magica/js/libs/itemList.json	/886/name	name	調整屋硬币	调整专家币	replaced	1_official_cn_dump_same_record	A:\magireco_cn_dump_20221010_decrypted_json\authority\authority.json#/itemList.json/GACHA_FREEBIE_343_MEDAL/name	□核对专名、数值、范围、回合与同族字段	逐字段变更；结构键与非字符串值不得改变
待人工校对	high	magica/js/libs/itemList.json	/886/shortDescription	shortDescription	調整屋硬币	调整专家币	replaced	1_official_cn_dump_same_record	A:\magireco_cn_dump_20221010_decrypted_json\authority\authority.json#/itemList.json/GACHA_FREEBIE_343_MEDAL/name	□核对专名、数值、范围、回合与同族字段	逐字段变更；结构键与非字符串值不得改变
待人工校对	high	magica/js/libs/itemList.json	/887/shortDescription	shortDescription	調整屋硬币	调整专家币	replaced	1_official_cn_dump_same_record	A:\magireco_cn_dump_20221010_decrypted_json\authority\authority.json#/itemList.json/GACHA_FREEBIE_343_MEDAL/name	□核对专名、数值、范围、回合与同族字段	逐字段变更；结构键与非字符串值不得改变
待人工校对	high	magica/js/libs/itemList.json	/888/shortDescription	shortDescription	調整屋硬币	调整专家币	replaced	1_official_cn_dump_same_record	A:\magireco_cn_dump_20221010_decrypted_json\authority\authority.json#/itemList.json/GACHA_FREEBIE_343_MEDAL/name	□核对专名、数值、范围、回合与同族字段	逐字段变更；结构键与非字符串值不得改变
待人工校对	high	magica/js/libs/itemList.json	/889/name	name	調整屋硬币	调整专家币	replaced	1_official_cn_dump_same_record	A:\magireco_cn_dump_20221010_decrypted_json\authority\authority.json#/itemList.json/GACHA_FREEBIE_343_MEDAL/name	□核对专名、数值、范围、回合与同族字段	逐字段变更；结构键与非字符串值不得改变
待人工校对	high	magica/js/libs/itemList.json	/889/shortDescription	shortDescription	調整屋硬币	调整专家币	replaced	1_official_cn_dump_same_record	A:\magireco_cn_dump_20221010_decrypted_json\authority\authority.json#/itemList.json/GACHA_FREEBIE_343_MEDAL/name	□核对专名、数值、范围、回合与同族字段	逐字段变更；结构键与非字符串值不得改变
待人工校对	high	magica/js/libs/itemList.json	/890/name	name	調整屋硬币	调整专家币	replaced	1_official_cn_dump_same_record	A:\magireco_cn_dump_20221010_decrypted_json\authority\authority.json#/itemList.json/GACHA_FREEBIE_343_MEDAL/name	□核对专名、数值、范围、回合与同族字段	逐字段变更；结构键与非字符串值不得改变
待人工校对	high	magica/js/libs/itemList.json	/890/shortDescription	shortDescription	調整屋硬币	调整专家币	replaced	1_official_cn_dump_same_record	A:\magireco_cn_dump_20221010_decrypted_json\authority\authority.json#/itemList.json/GACHA_FREEBIE_343_MEDAL/name	□核对专名、数值、范围、回合与同族字段	逐字段变更；结构键与非字符串值不得改变
待人工校对	high	magica/js/libs/itemList.json	/891/name	name	調整屋硬币	调整专家币	replaced	1_official_cn_dump_same_record	A:\magireco_cn_dump_20221010_decrypted_json\authority\authority.json#/itemList.json/GACHA_FREEBIE_343_MEDAL/name	□核对专名、数值、范围、回合与同族字段	逐字段变更；结构键与非字符串值不得改变
待人工校对	high	magica/js/libs/itemList.json	/891/shortDescription	shortDescription	調整屋硬币	调整专家币	replaced	1_official_cn_dump_same_record	A:\magireco_cn_dump_20221010_decrypted_json\authority\authority.json#/itemList.json/GACHA_FREEBIE_343_MEDAL/name	□核对专名、数值、范围、回合与同族字段	逐字段变更；结构键与非字符串值不得改变
待人工校对	high	magica/js/libs/itemList.json	/892/name	name	調整屋硬币	调整专家币	replaced	1_official_cn_dump_same_record	A:\magireco_cn_dump_20221010_decrypted_json\authority\authority.json#/itemList.json/GACHA_FREEBIE_343_MEDAL/name	□核对专名、数值、范围、回合与同族字段	逐字段变更；结构键与非字符串值不得改变
待人工校对	high	magica/js/libs/itemList.json	/892/shortDescription	shortDescription	調整屋硬币	调整专家币	replaced	1_official_cn_dump_same_record	A:\magireco_cn_dump_20221010_decrypted_json\authority\authority.json#/itemList.json/GACHA_FREEBIE_343_MEDAL/name	□核对专名、数值、范围、回合与同族字段	逐字段变更；结构键与非字符串值不得改变
待人工校对	high	magica/js/libs/itemList.json	/893/name	name	調整屋硬币	调整专家币	replaced	1_official_cn_dump_same_record	A:\magireco_cn_dump_20221010_decrypted_json\authority\authority.json#/itemList.json/GACHA_FREEBIE_343_MEDAL/name	□核对专名、数值、范围、回合与同族字段	逐字段变更；结构键与非字符串值不得改变
待人工校对	high	magica/js/libs/itemList.json	/893/shortDescription	shortDescription	調整屋硬币	调整专家币	replaced	1_official_cn_dump_same_record	A:\magireco_cn_dump_20221010_decrypted_json\authority\authority.json#/itemList.json/GACHA_FREEBIE_343_MEDAL/name	□核对专名、数值、范围、回合与同族字段	逐字段变更；结构键与非字符串值不得改变
待人工校对	high	magica/js/libs/itemList.json	/894/name	name	調整屋硬币	调整专家币	replaced	1_official_cn_dump_same_record	A:\magireco_cn_dump_20221010_decrypted_json\authority\authority.json#/itemList.json/GACHA_FREEBIE_343_MEDAL/name	□核对专名、数值、范围、回合与同族字段	逐字段变更；结构键与非字符串值不得改变
待人工校对	high	magica/js/libs/itemList.json	/894/shortDescription	shortDescription	調整屋硬币	调整专家币	replaced	1_official_cn_dump_same_record	A:\magireco_cn_dump_20221010_decrypted_json\authority\authority.json#/itemList.json/GACHA_FREEBIE_343_MEDAL/name	□核对专名、数值、范围、回合与同族字段	逐字段变更；结构键与非字符串值不得改变
待人工校对	high	magica/js/libs/itemList.json	/895/name	name	調整屋硬币	调整专家币	replaced	1_official_cn_dump_same_record	A:\magireco_cn_dump_20221010_decrypted_json\authority\authority.json#/itemList.json/GACHA_FREEBIE_343_MEDAL/name	□核对专名、数值、范围、回合与同族字段	逐字段变更；结构键与非字符串值不得改变
待人工校对	high	magica/js/libs/itemList.json	/895/shortDescription	shortDescription	調整屋硬币	调整专家币	replaced	1_official_cn_dump_same_record	A:\magireco_cn_dump_20221010_decrypted_json\authority\authority.json#/itemList.json/GACHA_FREEBIE_343_MEDAL/name	□核对专名、数值、范围、回合与同族字段	逐字段变更；结构键与非字符串值不得改变
待人工校对	high	magica/js/libs/itemList.json	/896/name	name	調整屋硬币	调整专家币	replaced	1_official_cn_dump_same_record	A:\magireco_cn_dump_20221010_decrypted_json\authority\authority.json#/itemList.json/GACHA_FREEBIE_343_MEDAL/name	□核对专名、数值、范围、回合与同族字段	逐字段变更；结构键与非字符串值不得改变
待人工校对	high	magica/js/libs/itemList.json	/896/shortDescription	shortDescription	調整屋硬币	调整专家币	replaced	1_official_cn_dump_same_record	A:\magireco_cn_dump_20221010_decrypted_json\authority\authority.json#/itemList.json/GACHA_FREEBIE_343_MEDAL/name	□核对专名、数值、范围、回合与同族字段	逐字段变更；结构键与非字符串值不得改变
待人工校对	high	magica/js/libs/itemList.json	/897/name	name	調整屋硬币	调整专家币	replaced	1_official_cn_dump_same_record	A:\magireco_cn_dump_20221010_decrypted_json\authority\authority.json#/itemList.json/GACHA_FREEBIE_343_MEDAL/name	□核对专名、数值、范围、回合与同族字段	逐字段变更；结构键与非字符串值不得改变
待人工校对	high	magica/js/libs/itemList.json	/897/shortDescription	shortDescription	調整屋硬币	调整专家币	replaced	1_official_cn_dump_same_record	A:\magireco_cn_dump_20221010_decrypted_json\authority\authority.json#/itemList.json/GACHA_FREEBIE_343_MEDAL/name	□核对专名、数值、范围、回合与同族字段	逐字段变更；结构键与非字符串值不得改变
待人工校对	high	magica/js/libs/itemList.json	/898/name	name	調整屋硬币	调整专家币	replaced	1_official_cn_dump_same_record	A:\magireco_cn_dump_20221010_decrypted_json\authority\authority.json#/itemList.json/GACHA_FREEBIE_343_MEDAL/name	□核对专名、数值、范围、回合与同族字段	逐字段变更；结构键与非字符串值不得改变
待人工校对	high	magica/js/libs/itemList.json	/898/shortDescription	shortDescription	調整屋硬币	调整专家币	replaced	1_official_cn_dump_same_record	A:\magireco_cn_dump_20221010_decrypted_json\authority\authority.json#/itemList.json/GACHA_FREEBIE_343_MEDAL/name	□核对专名、数值、范围、回合与同族字段	逐字段变更；结构键与非字符串值不得改变
待人工校对	high	magica/js/libs/itemList.json	/899/name	name	調整屋硬币	调整专家币	replaced	1_official_cn_dump_same_record	A:\magireco_cn_dump_20221010_decrypted_json\authority\authority.json#/itemList.json/GACHA_FREEBIE_343_MEDAL/name	□核对专名、数值、范围、回合与同族字段	逐字段变更；结构键与非字符串值不得改变
待人工校对	high	magica/js/libs/itemList.json	/899/shortDescription	shortDescription	調整屋硬币	调整专家币	replaced	1_official_cn_dump_same_record	A:\magireco_cn_dump_20221010_decrypted_json\authority\authority.json#/itemList.json/GACHA_FREEBIE_343_MEDAL/name	□核对专名、数值、范围、回合与同族字段	逐字段变更；结构键与非字符串值不得改变
待人工校对	high	magica/js/libs/itemList.json	/900/name	name	調整屋硬币	调整专家币	replaced	1_official_cn_dump_same_record	A:\magireco_cn_dump_20221010_decrypted_json\authority\authority.json#/itemList.json/GACHA_FREEBIE_343_MEDAL/name	□核对专名、数值、范围、回合与同族字段	逐字段变更；结构键与非字符串值不得改变
待人工校对	high	magica/js/libs/itemList.json	/900/shortDescription	shortDescription	調整屋硬币	调整专家币	replaced	1_official_cn_dump_same_record	A:\magireco_cn_dump_20221010_decrypted_json\authority\authority.json#/itemList.json/GACHA_FREEBIE_343_MEDAL/name	□核对专名、数值、范围、回合与同族字段	逐字段变更；结构键与非字符串值不得改变
待人工校对	high	magica/js/libs/itemList.json	/901/name	name	調整屋硬币	调整专家币	replaced	1_official_cn_dump_same_record	A:\magireco_cn_dump_20221010_decrypted_json\authority\authority.json#/itemList.json/GACHA_FREEBIE_343_MEDAL/name	□核对专名、数值、范围、回合与同族字段	逐字段变更；结构键与非字符串值不得改变
待人工校对	high	magica/js/libs/itemList.json	/901/shortDescription	shortDescription	調整屋硬币	调整专家币	replaced	1_official_cn_dump_same_record	A:\magireco_cn_dump_20221010_decrypted_json\authority\authority.json#/itemList.json/GACHA_FREEBIE_343_MEDAL/name	□核对专名、数值、范围、回合与同族字段	逐字段变更；结构键与非字符串值不得改变
待人工校对	high	magica/js/libs/itemList.json	/902/name	name	調整屋硬币	调整专家币	replaced	1_official_cn_dump_same_record	A:\magireco_cn_dump_20221010_decrypted_json\authority\authority.json#/itemList.json/GACHA_FREEBIE_343_MEDAL/name	□核对专名、数值、范围、回合与同族字段	逐字段变更；结构键与非字符串值不得改变
待人工校对	high	magica/js/libs/itemList.json	/902/shortDescription	shortDescription	調整屋硬币	调整专家币	replaced	1_official_cn_dump_same_record	A:\magireco_cn_dump_20221010_decrypted_json\authority\authority.json#/itemList.json/GACHA_FREEBIE_343_MEDAL/name	□核对专名、数值、范围、回合与同族字段	逐字段变更；结构键与非字符串值不得改变
待人工校对	high	magica/js/libs/itemList.json	/903/name	name	調整屋硬币	调整专家币	replaced	1_official_cn_dump_same_record	A:\magireco_cn_dump_20221010_decrypted_json\authority\authority.json#/itemList.json/GACHA_FREEBIE_343_MEDAL/name	□核对专名、数值、范围、回合与同族字段	逐字段变更；结构键与非字符串值不得改变
待人工校对	high	magica/js/libs/itemList.json	/903/shortDescription	shortDescription	調整屋硬币	调整专家币	replaced	1_official_cn_dump_same_record	A:\magireco_cn_dump_20221010_decrypted_json\authority\authority.json#/itemList.json/GACHA_FREEBIE_343_MEDAL/name	□核对专名、数值、范围、回合与同族字段	逐字段变更；结构键与非字符串值不得改变
待人工校对	high	magica/js/libs/itemList.json	/904/shortDescription	shortDescription	調整屋硬币	调整专家币	replaced	1_official_cn_dump_same_record	A:\magireco_cn_dump_20221010_decrypted_json\authority\authority.json#/itemList.json/GACHA_FREEBIE_343_MEDAL/name	□核对专名、数值、范围、回合与同族字段	逐字段变更；结构键与非字符串值不得改变
待人工校对	high	magica/js/libs/itemList.json	/905/name	name	調整屋硬币	调整专家币	replaced	1_official_cn_dump_same_record	A:\magireco_cn_dump_20221010_decrypted_json\authority\authority.json#/itemList.json/GACHA_FREEBIE_343_MEDAL/name	□核对专名、数值、范围、回合与同族字段	逐字段变更；结构键与非字符串值不得改变
待人工校对	high	magica/js/libs/itemList.json	/905/shortDescription	shortDescription	調整屋硬币	调整专家币	replaced	1_official_cn_dump_same_record	A:\magireco_cn_dump_20221010_decrypted_json\authority\authority.json#/itemList.json/GACHA_FREEBIE_343_MEDAL/name	□核对专名、数值、范围、回合与同族字段	逐字段变更；结构键与非字符串值不得改变
待人工校对	high	magica/js/libs/itemList.json	/906/name	name	調整屋硬币	调整专家币	replaced	1_official_cn_dump_same_record	A:\magireco_cn_dump_20221010_decrypted_json\authority\authority.json#/itemList.json/GACHA_FREEBIE_343_MEDAL/name	□核对专名、数值、范围、回合与同族字段	逐字段变更；结构键与非字符串值不得改变
待人工校对	high	magica/js/libs/itemList.json	/906/shortDescription	shortDescription	調整屋硬币	调整专家币	replaced	1_official_cn_dump_same_record	A:\magireco_cn_dump_20221010_decrypted_json\authority\authority.json#/itemList.json/GACHA_FREEBIE_343_MEDAL/name	□核对专名、数值、范围、回合与同族字段	逐字段变更；结构键与非字符串值不得改变
待人工校对	high	magica/js/libs/itemList.json	/907/name	name	調整屋硬币	调整专家币	replaced	1_official_cn_dump_same_record	A:\magireco_cn_dump_20221010_decrypted_json\authority\authority.json#/itemList.json/GACHA_FREEBIE_343_MEDAL/name	□核对专名、数值、范围、回合与同族字段	逐字段变更；结构键与非字符串值不得改变
待人工校对	high	magica/js/libs/itemList.json	/907/shortDescription	shortDescription	調整屋硬币	调整专家币	replaced	1_official_cn_dump_same_record	A:\magireco_cn_dump_20221010_decrypted_json\authority\authority.json#/itemList.json/GACHA_FREEBIE_343_MEDAL/name	□核对专名、数值、范围、回合与同族字段	逐字段变更；结构键与非字符串值不得改变
待人工校对	high	magica/js/libs/itemList.json	/908/name	name	調整屋硬币	调整专家币	replaced	1_official_cn_dump_same_record	A:\magireco_cn_dump_20221010_decrypted_json\authority\authority.json#/itemList.json/GACHA_FREEBIE_343_MEDAL/name	□核对专名、数值、范围、回合与同族字段	逐字段变更；结构键与非字符串值不得改变
待人工校对	high	magica/js/libs/itemList.json	/908/shortDescription	shortDescription	調整屋硬币	调整专家币	replaced	1_official_cn_dump_same_record	A:\magireco_cn_dump_20221010_decrypted_json\authority\authority.json#/itemList.json/GACHA_FREEBIE_343_MEDAL/name	□核对专名、数值、范围、回合与同族字段	逐字段变更；结构键与非字符串值不得改变
待人工校对	high	magica/js/libs/itemList.json	/909/name	name	調整屋硬币	调整专家币	replaced	1_official_cn_dump_same_record	A:\magireco_cn_dump_20221010_decrypted_json\authority\authority.json#/itemList.json/GACHA_FREEBIE_343_MEDAL/name	□核对专名、数值、范围、回合与同族字段	逐字段变更；结构键与非字符串值不得改变
待人工校对	high	magica/js/libs/itemList.json	/909/shortDescription	shortDescription	調整屋硬币	调整专家币	replaced	1_official_cn_dump_same_record	A:\magireco_cn_dump_20221010_decrypted_json\authority\authority.json#/itemList.json/GACHA_FREEBIE_343_MEDAL/name	□核对专名、数值、范围、回合与同族字段	逐字段变更；结构键与非字符串值不得改变
待人工校对	high	magica/js/libs/itemList.json	/910/name	name	調整屋硬币	调整专家币	replaced	1_official_cn_dump_same_record	A:\magireco_cn_dump_20221010_decrypted_json\authority\authority.json#/itemList.json/GACHA_FREEBIE_343_MEDAL/name	□核对专名、数值、范围、回合与同族字段	逐字段变更；结构键与非字符串值不得改变
待人工校对	high	magica/js/libs/itemList.json	/910/shortDescription	shortDescription	調整屋硬币	调整专家币	replaced	1_official_cn_dump_same_record	A:\magireco_cn_dump_20221010_decrypted_json\authority\authority.json#/itemList.json/GACHA_FREEBIE_343_MEDAL/name	□核对专名、数值、范围、回合与同族字段	逐字段变更；结构键与非字符串值不得改变
待人工校对	high	magica/js/libs/itemList.json	/911/name	name	調整屋硬币	调整专家币	replaced	1_official_cn_dump_same_record	A:\magireco_cn_dump_20221010_decrypted_json\authority\authority.json#/itemList.json/GACHA_FREEBIE_343_MEDAL/name	□核对专名、数值、范围、回合与同族字段	逐字段变更；结构键与非字符串值不得改变
待人工校对	high	magica/js/libs/itemList.json	/911/shortDescription	shortDescription	調整屋硬币	调整专家币	replaced	1_official_cn_dump_same_record	A:\magireco_cn_dump_20221010_decrypted_json\authority\authority.json#/itemList.json/GACHA_FREEBIE_343_MEDAL/name	□核对专名、数值、范围、回合与同族字段	逐字段变更；结构键与非字符串值不得改变
待人工校对	high	magica/js/libs/itemList.json	/912/name	name	調整屋硬币	调整专家币	replaced	1_official_cn_dump_same_record	A:\magireco_cn_dump_20221010_decrypted_json\authority\authority.json#/itemList.json/GACHA_FREEBIE_343_MEDAL/name	□核对专名、数值、范围、回合与同族字段	逐字段变更；结构键与非字符串值不得改变
待人工校对	high	magica/js/libs/itemList.json	/912/shortDescription	shortDescription	調整屋硬币	调整专家币	replaced	1_official_cn_dump_same_record	A:\magireco_cn_dump_20221010_decrypted_json\authority\authority.json#/itemList.json/GACHA_FREEBIE_343_MEDAL/name	□核对专名、数值、范围、回合与同族字段	逐字段变更；结构键与非字符串值不得改变
待人工校对	high	magica/js/libs/itemList.json	/913/name	name	調整屋硬币	调整专家币	replaced	1_official_cn_dump_same_record	A:\magireco_cn_dump_20221010_decrypted_json\authority\authority.json#/itemList.json/GACHA_FREEBIE_343_MEDAL/name	□核对专名、数值、范围、回合与同族字段	逐字段变更；结构键与非字符串值不得改变
待人工校对	high	magica/js/libs/itemList.json	/913/shortDescription	shortDescription	調整屋硬币	调整专家币	replaced	1_official_cn_dump_same_record	A:\magireco_cn_dump_20221010_decrypted_json\authority\authority.json#/itemList.json/GACHA_FREEBIE_343_MEDAL/name	□核对专名、数值、范围、回合与同族字段	逐字段变更；结构键与非字符串值不得改变
待人工校对	high	magica/js/libs/itemList.json	/914/name	name	調整屋硬币	调整专家币	replaced	1_official_cn_dump_same_record	A:\magireco_cn_dump_20221010_decrypted_json\authority\authority.json#/itemList.json/GACHA_FREEBIE_343_MEDAL/name	□核对专名、数值、范围、回合与同族字段	逐字段变更；结构键与非字符串值不得改变
待人工校对	high	magica/js/libs/itemList.json	/914/shortDescription	shortDescription	調整屋硬币	调整专家币	replaced	1_official_cn_dump_same_record	A:\magireco_cn_dump_20221010_decrypted_json\authority\authority.json#/itemList.json/GACHA_FREEBIE_343_MEDAL/name	□核对专名、数值、范围、回合与同族字段	逐字段变更；结构键与非字符串值不得改变
待人工校对	high	magica/js/libs/itemList.json	/915/name	name	調整屋硬币	调整专家币	replaced	1_official_cn_dump_same_record	A:\magireco_cn_dump_20221010_decrypted_json\authority\authority.json#/itemList.json/GACHA_FREEBIE_343_MEDAL/name	□核对专名、数值、范围、回合与同族字段	逐字段变更；结构键与非字符串值不得改变
待人工校对	high	magica/js/libs/itemList.json	/915/shortDescription	shortDescription	調整屋硬币	调整专家币	replaced	1_official_cn_dump_same_record	A:\magireco_cn_dump_20221010_decrypted_json\authority\authority.json#/itemList.json/GACHA_FREEBIE_343_MEDAL/name	□核对专名、数值、范围、回合与同族字段	逐字段变更；结构键与非字符串值不得改变
待人工校对	high	magica/js/libs/itemList.json	/916/name	name	調整屋硬币	调整专家币	replaced	1_official_cn_dump_same_record	A:\magireco_cn_dump_20221010_decrypted_json\authority\authority.json#/itemList.json/GACHA_FREEBIE_343_MEDAL/name	□核对专名、数值、范围、回合与同族字段	逐字段变更；结构键与非字符串值不得改变
待人工校对	high	magica/js/libs/itemList.json	/916/shortDescription	shortDescription	調整屋硬币	调整专家币	replaced	1_official_cn_dump_same_record	A:\magireco_cn_dump_20221010_decrypted_json\authority\authority.json#/itemList.json/GACHA_FREEBIE_343_MEDAL/name	□核对专名、数值、范围、回合与同族字段	逐字段变更；结构键与非字符串值不得改变
待人工校对	high	magica/js/libs/itemList.json	/917/name	name	調整屋硬币	调整专家币	replaced	1_official_cn_dump_same_record	A:\magireco_cn_dump_20221010_decrypted_json\authority\authority.json#/itemList.json/GACHA_FREEBIE_343_MEDAL/name	□核对专名、数值、范围、回合与同族字段	逐字段变更；结构键与非字符串值不得改变
待人工校对	high	magica/js/libs/itemList.json	/917/shortDescription	shortDescription	調整屋硬币	调整专家币	replaced	1_official_cn_dump_same_record	A:\magireco_cn_dump_20221010_decrypted_json\authority\authority.json#/itemList.json/GACHA_FREEBIE_343_MEDAL/name	□核对专名、数值、范围、回合与同族字段	逐字段变更；结构键与非字符串值不得改变
待人工校对	high	magica/js/libs/itemList.json	/918/name	name	調整屋硬币	调整专家币	replaced	1_official_cn_dump_same_record	A:\magireco_cn_dump_20221010_decrypted_json\authority\authority.json#/itemList.json/GACHA_FREEBIE_343_MEDAL/name	□核对专名、数值、范围、回合与同族字段	逐字段变更；结构键与非字符串值不得改变
待人工校对	high	magica/js/libs/itemList.json	/918/shortDescription	shortDescription	調整屋硬币	调整专家币	replaced	1_official_cn_dump_same_record	A:\magireco_cn_dump_20221010_decrypted_json\authority\authority.json#/itemList.json/GACHA_FREEBIE_343_MEDAL/name	□核对专名、数值、范围、回合与同族字段	逐字段变更；结构键与非字符串值不得改变
待人工校对	high	magica/js/libs/itemList.json	/919/name	name	調整屋硬币	调整专家币	replaced	1_official_cn_dump_same_record	A:\magireco_cn_dump_20221010_decrypted_json\authority\authority.json#/itemList.json/GACHA_FREEBIE_343_MEDAL/name	□核对专名、数值、范围、回合与同族字段	逐字段变更；结构键与非字符串值不得改变
待人工校对	high	magica/js/libs/itemList.json	/919/shortDescription	shortDescription	調整屋硬币	调整专家币	replaced	1_official_cn_dump_same_record	A:\magireco_cn_dump_20221010_decrypted_json\authority\authority.json#/itemList.json/GACHA_FREEBIE_343_MEDAL/name	□核对专名、数值、范围、回合与同族字段	逐字段变更；结构键与非字符串值不得改变
待人工校对	high	magica/js/libs/itemList.json	/920/name	name	調整屋硬币	调整专家币	replaced	1_official_cn_dump_same_record	A:\magireco_cn_dump_20221010_decrypted_json\authority\authority.json#/itemList.json/GACHA_FREEBIE_343_MEDAL/name	□核对专名、数值、范围、回合与同族字段	逐字段变更；结构键与非字符串值不得改变
待人工校对	high	magica/js/libs/itemList.json	/920/shortDescription	shortDescription	調整屋硬币	调整专家币	replaced	1_official_cn_dump_same_record	A:\magireco_cn_dump_20221010_decrypted_json\authority\authority.json#/itemList.json/GACHA_FREEBIE_343_MEDAL/name	□核对专名、数值、范围、回合与同族字段	逐字段变更；结构键与非字符串值不得改变
待人工校对	high	magica/js/libs/itemList.json	/921/name	name	調整屋硬币	调整专家币	replaced	1_official_cn_dump_same_record	A:\magireco_cn_dump_20221010_decrypted_json\authority\authority.json#/itemList.json/GACHA_FREEBIE_343_MEDAL/name	□核对专名、数值、范围、回合与同族字段	逐字段变更；结构键与非字符串值不得改变
待人工校对	high	magica/js/libs/itemList.json	/921/shortDescription	shortDescription	調整屋硬币	调整专家币	replaced	1_official_cn_dump_same_record	A:\magireco_cn_dump_20221010_decrypted_json\authority\authority.json#/itemList.json/GACHA_FREEBIE_343_MEDAL/name	□核对专名、数值、范围、回合与同族字段	逐字段变更；结构键与非字符串值不得改变
待人工校对	high	magica/js/libs/itemList.json	/922/name	name	調整屋硬币	调整专家币	replaced	1_official_cn_dump_same_record	A:\magireco_cn_dump_20221010_decrypted_json\authority\authority.json#/itemList.json/GACHA_FREEBIE_343_MEDAL/name	□核对专名、数值、范围、回合与同族字段	逐字段变更；结构键与非字符串值不得改变
待人工校对	high	magica/js/libs/itemList.json	/922/shortDescription	shortDescription	調整屋硬币	调整专家币	replaced	1_official_cn_dump_same_record	A:\magireco_cn_dump_20221010_decrypted_json\authority\authority.json#/itemList.json/GACHA_FREEBIE_343_MEDAL/name	□核对专名、数值、范围、回合与同族字段	逐字段变更；结构键与非字符串值不得改变
待人工校对	high	magica/js/libs/itemList.json	/923/name	name	調整屋硬币	调整专家币	replaced	1_official_cn_dump_same_record	A:\magireco_cn_dump_20221010_decrypted_json\authority\authority.json#/itemList.json/GACHA_FREEBIE_343_MEDAL/name	□核对专名、数值、范围、回合与同族字段	逐字段变更；结构键与非字符串值不得改变
待人工校对	high	magica/js/libs/itemList.json	/923/shortDescription	shortDescription	調整屋硬币	调整专家币	replaced	1_official_cn_dump_same_record	A:\magireco_cn_dump_20221010_decrypted_json\authority\authority.json#/itemList.json/GACHA_FREEBIE_343_MEDAL/name	□核对专名、数值、范围、回合与同族字段	逐字段变更；结构键与非字符串值不得改变
待人工校对	high	magica/js/libs/itemList.json	/924/shortDescription	shortDescription	調整屋硬币	调整专家币	replaced	1_official_cn_dump_same_record	A:\magireco_cn_dump_20221010_decrypted_json\authority\authority.json#/itemList.json/GACHA_FREEBIE_343_MEDAL/name	□核对专名、数值、范围、回合与同族字段	逐字段变更；结构键与非字符串值不得改变
待人工校对	high	magica/js/libs/itemList.json	/925/name	name	調整屋硬币	调整专家币	replaced	1_official_cn_dump_same_record	A:\magireco_cn_dump_20221010_decrypted_json\authority\authority.json#/itemList.json/GACHA_FREEBIE_343_MEDAL/name	□核对专名、数值、范围、回合与同族字段	逐字段变更；结构键与非字符串值不得改变
待人工校对	high	magica/js/libs/itemList.json	/925/shortDescription	shortDescription	調整屋硬币	调整专家币	replaced	1_official_cn_dump_same_record	A:\magireco_cn_dump_20221010_decrypted_json\authority\authority.json#/itemList.json/GACHA_FREEBIE_343_MEDAL/name	□核对专名、数值、范围、回合与同族字段	逐字段变更；结构键与非字符串值不得改变
待人工校对	high	magica/js/libs/itemList.json	/926/name	name	調整屋硬币	调整专家币	replaced	1_official_cn_dump_same_record	A:\magireco_cn_dump_20221010_decrypted_json\authority\authority.json#/itemList.json/GACHA_FREEBIE_343_MEDAL/name	□核对专名、数值、范围、回合与同族字段	逐字段变更；结构键与非字符串值不得改变
待人工校对	high	magica/js/libs/itemList.json	/926/shortDescription	shortDescription	調整屋硬币	调整专家币	replaced	1_official_cn_dump_same_record	A:\magireco_cn_dump_20221010_decrypted_json\authority\authority.json#/itemList.json/GACHA_FREEBIE_343_MEDAL/name	□核对专名、数值、范围、回合与同族字段	逐字段变更；结构键与非字符串值不得改变
待人工校对	high	magica/js/libs/itemList.json	/927/name	name	調整屋硬币	调整专家币	replaced	1_official_cn_dump_same_record	A:\magireco_cn_dump_20221010_decrypted_json\authority\authority.json#/itemList.json/GACHA_FREEBIE_343_MEDAL/name	□核对专名、数值、范围、回合与同族字段	逐字段变更；结构键与非字符串值不得改变
待人工校对	high	magica/js/libs/itemList.json	/927/shortDescription	shortDescription	調整屋硬币	调整专家币	replaced	1_official_cn_dump_same_record	A:\magireco_cn_dump_20221010_decrypted_json\authority\authority.json#/itemList.json/GACHA_FREEBIE_343_MEDAL/name	□核对专名、数值、范围、回合与同族字段	逐字段变更；结构键与非字符串值不得改变
待人工校对	high	magica/js/libs/itemList.json	/928/name	name	調整屋硬币	调整专家币	replaced	1_official_cn_dump_same_record	A:\magireco_cn_dump_20221010_decrypted_json\authority\authority.json#/itemList.json/GACHA_FREEBIE_343_MEDAL/name	□核对专名、数值、范围、回合与同族字段	逐字段变更；结构键与非字符串值不得改变
待人工校对	high	magica/js/libs/itemList.json	/928/shortDescription	shortDescription	調整屋硬币	调整专家币	replaced	1_official_cn_dump_same_record	A:\magireco_cn_dump_20221010_decrypted_json\authority\authority.json#/itemList.json/GACHA_FREEBIE_343_MEDAL/name	□核对专名、数值、范围、回合与同族字段	逐字段变更；结构键与非字符串值不得改变
待人工校对	high	magica/js/libs/itemList.json	/929/name	name	調整屋硬币	调整专家币	replaced	1_official_cn_dump_same_record	A:\magireco_cn_dump_20221010_decrypted_json\authority\authority.json#/itemList.json/GACHA_FREEBIE_343_MEDAL/name	□核对专名、数值、范围、回合与同族字段	逐字段变更；结构键与非字符串值不得改变
待人工校对	high	magica/js/libs/itemList.json	/929/shortDescription	shortDescription	調整屋硬币	调整专家币	replaced	1_official_cn_dump_same_record	A:\magireco_cn_dump_20221010_decrypted_json\authority\authority.json#/itemList.json/GACHA_FREEBIE_343_MEDAL/name	□核对专名、数值、范围、回合与同族字段	逐字段变更；结构键与非字符串值不得改变
待人工校对	high	magica/js/libs/itemList.json	/930/name	name	調整屋硬币	调整专家币	replaced	1_official_cn_dump_same_record	A:\magireco_cn_dump_20221010_decrypted_json\authority\authority.json#/itemList.json/GACHA_FREEBIE_343_MEDAL/name	□核对专名、数值、范围、回合与同族字段	逐字段变更；结构键与非字符串值不得改变
待人工校对	high	magica/js/libs/itemList.json	/930/shortDescription	shortDescription	調整屋硬币	调整专家币	replaced	1_official_cn_dump_same_record	A:\magireco_cn_dump_20221010_decrypted_json\authority\authority.json#/itemList.json/GACHA_FREEBIE_343_MEDAL/name	□核对专名、数值、范围、回合与同族字段	逐字段变更；结构键与非字符串值不得改变
待人工校对	high	magica/js/libs/itemList.json	/931/name	name	調整屋硬币	调整专家币	replaced	1_official_cn_dump_same_record	A:\magireco_cn_dump_20221010_decrypted_json\authority\authority.json#/itemList.json/GACHA_FREEBIE_343_MEDAL/name	□核对专名、数值、范围、回合与同族字段	逐字段变更；结构键与非字符串值不得改变
待人工校对	high	magica/js/libs/itemList.json	/931/shortDescription	shortDescription	調整屋硬币	调整专家币	replaced	1_official_cn_dump_same_record	A:\magireco_cn_dump_20221010_decrypted_json\authority\authority.json#/itemList.json/GACHA_FREEBIE_343_MEDAL/name	□核对专名、数值、范围、回合与同族字段	逐字段变更；结构键与非字符串值不得改变
待人工校对	high	magica/js/libs/itemList.json	/932/name	name	調整屋硬币	调整专家币	replaced	1_official_cn_dump_same_record	A:\magireco_cn_dump_20221010_decrypted_json\authority\authority.json#/itemList.json/GACHA_FREEBIE_343_MEDAL/name	□核对专名、数值、范围、回合与同族字段	逐字段变更；结构键与非字符串值不得改变
待人工校对	high	magica/js/libs/itemList.json	/932/shortDescription	shortDescription	調整屋硬币	调整专家币	replaced	1_official_cn_dump_same_record	A:\magireco_cn_dump_20221010_decrypted_json\authority\authority.json#/itemList.json/GACHA_FREEBIE_343_MEDAL/name	□核对专名、数值、范围、回合与同族字段	逐字段变更；结构键与非字符串值不得改变
待人工校对	high	magica/js/libs/itemList.json	/933/name	name	調整屋硬币	调整专家币	replaced	1_official_cn_dump_same_record	A:\magireco_cn_dump_20221010_decrypted_json\authority\authority.json#/itemList.json/GACHA_FREEBIE_343_MEDAL/name	□核对专名、数值、范围、回合与同族字段	逐字段变更；结构键与非字符串值不得改变
待人工校对	high	magica/js/libs/itemList.json	/933/shortDescription	shortDescription	調整屋硬币	调整专家币	replaced	1_official_cn_dump_same_record	A:\magireco_cn_dump_20221010_decrypted_json\authority\authority.json#/itemList.json/GACHA_FREEBIE_343_MEDAL/name	□核对专名、数值、范围、回合与同族字段	逐字段变更；结构键与非字符串值不得改变
待人工校对	high	magica/js/libs/itemList.json	/934/name	name	調整屋硬币	调整专家币	replaced	1_official_cn_dump_same_record	A:\magireco_cn_dump_20221010_decrypted_json\authority\authority.json#/itemList.json/GACHA_FREEBIE_343_MEDAL/name	□核对专名、数值、范围、回合与同族字段	逐字段变更；结构键与非字符串值不得改变
待人工校对	high	magica/js/libs/itemList.json	/934/shortDescription	shortDescription	調整屋硬币	调整专家币	replaced	1_official_cn_dump_same_record	A:\magireco_cn_dump_20221010_decrypted_json\authority\authority.json#/itemList.json/GACHA_FREEBIE_343_MEDAL/name	□核对专名、数值、范围、回合与同族字段	逐字段变更；结构键与非字符串值不得改变
待人工校对	high	magica/js/libs/itemList.json	/935/name	name	調整屋硬币	调整专家币	replaced	1_official_cn_dump_same_record	A:\magireco_cn_dump_20221010_decrypted_json\authority\authority.json#/itemList.json/GACHA_FREEBIE_343_MEDAL/name	□核对专名、数值、范围、回合与同族字段	逐字段变更；结构键与非字符串值不得改变
待人工校对	high	magica/js/libs/itemList.json	/935/shortDescription	shortDescription	調整屋硬币	调整专家币	replaced	1_official_cn_dump_same_record	A:\magireco_cn_dump_20221010_decrypted_json\authority\authority.json#/itemList.json/GACHA_FREEBIE_343_MEDAL/name	□核对专名、数值、范围、回合与同族字段	逐字段变更；结构键与非字符串值不得改变
待人工校对	high	magica/js/libs/itemList.json	/936/name	name	調整屋硬币	调整专家币	replaced	1_official_cn_dump_same_record	A:\magireco_cn_dump_20221010_decrypted_json\authority\authority.json#/itemList.json/GACHA_FREEBIE_343_MEDAL/name	□核对专名、数值、范围、回合与同族字段	逐字段变更；结构键与非字符串值不得改变
待人工校对	high	magica/js/libs/itemList.json	/936/shortDescription	shortDescription	調整屋硬币	调整专家币	replaced	1_official_cn_dump_same_record	A:\magireco_cn_dump_20221010_decrypted_json\authority\authority.json#/itemList.json/GACHA_FREEBIE_343_MEDAL/name	□核对专名、数值、范围、回合与同族字段	逐字段变更；结构键与非字符串值不得改变
待人工校对	high	magica/js/libs/itemList.json	/937/name	name	調整屋硬币	调整专家币	replaced	1_official_cn_dump_same_record	A:\magireco_cn_dump_20221010_decrypted_json\authority\authority.json#/itemList.json/GACHA_FREEBIE_343_MEDAL/name	□核对专名、数值、范围、回合与同族字段	逐字段变更；结构键与非字符串值不得改变
待人工校对	high	magica/js/libs/itemList.json	/937/shortDescription	shortDescription	調整屋硬币	调整专家币	replaced	1_official_cn_dump_same_record	A:\magireco_cn_dump_20221010_decrypted_json\authority\authority.json#/itemList.json/GACHA_FREEBIE_343_MEDAL/name	□核对专名、数值、范围、回合与同族字段	逐字段变更；结构键与非字符串值不得改变
待人工校对	high	magica/js/libs/itemList.json	/938/name	name	調整屋硬币	调整专家币	replaced	1_official_cn_dump_same_record	A:\magireco_cn_dump_20221010_decrypted_json\authority\authority.json#/itemList.json/GACHA_FREEBIE_343_MEDAL/name	□核对专名、数值、范围、回合与同族字段	逐字段变更；结构键与非字符串值不得改变
待人工校对	high	magica/js/libs/itemList.json	/938/shortDescription	shortDescription	調整屋硬币	调整专家币	replaced	1_official_cn_dump_same_record	A:\magireco_cn_dump_20221010_decrypted_json\authority\authority.json#/itemList.json/GACHA_FREEBIE_343_MEDAL/name	□核对专名、数值、范围、回合与同族字段	逐字段变更；结构键与非字符串值不得改变
待人工校对	high	magica/js/libs/itemList.json	/939/name	name	調整屋硬币	调整专家币	replaced	1_official_cn_dump_same_record	A:\magireco_cn_dump_20221010_decrypted_json\authority\authority.json#/itemList.json/GACHA_FREEBIE_343_MEDAL/name	□核对专名、数值、范围、回合与同族字段	逐字段变更；结构键与非字符串值不得改变
待人工校对	high	magica/js/libs/itemList.json	/939/shortDescription	shortDescription	調整屋硬币	调整专家币	replaced	1_official_cn_dump_same_record	A:\magireco_cn_dump_20221010_decrypted_json\authority\authority.json#/itemList.json/GACHA_FREEBIE_343_MEDAL/name	□核对专名、数值、范围、回合与同族字段	逐字段变更；结构键与非字符串值不得改变
待人工校对	high	magica/js/libs/itemList.json	/940/name	name	調整屋硬币	调整专家币	replaced	1_official_cn_dump_same_record	A:\magireco_cn_dump_20221010_decrypted_json\authority\authority.json#/itemList.json/GACHA_FREEBIE_343_MEDAL/name	□核对专名、数值、范围、回合与同族字段	逐字段变更；结构键与非字符串值不得改变
待人工校对	high	magica/js/libs/itemList.json	/940/shortDescription	shortDescription	調整屋硬币	调整专家币	replaced	1_official_cn_dump_same_record	A:\magireco_cn_dump_20221010_decrypted_json\authority\authority.json#/itemList.json/GACHA_FREEBIE_343_MEDAL/name	□核对专名、数值、范围、回合与同族字段	逐字段变更；结构键与非字符串值不得改变
待人工校对	high	magica/js/libs/itemList.json	/941/name	name	調整屋硬币	调整专家币	replaced	1_official_cn_dump_same_record	A:\magireco_cn_dump_20221010_decrypted_json\authority\authority.json#/itemList.json/GACHA_FREEBIE_343_MEDAL/name	□核对专名、数值、范围、回合与同族字段	逐字段变更；结构键与非字符串值不得改变
待人工校对	high	magica/js/libs/itemList.json	/941/shortDescription	shortDescription	調整屋硬币	调整专家币	replaced	1_official_cn_dump_same_record	A:\magireco_cn_dump_20221010_decrypted_json\authority\authority.json#/itemList.json/GACHA_FREEBIE_343_MEDAL/name	□核对专名、数值、范围、回合与同族字段	逐字段变更；结构键与非字符串值不得改变
待人工校对	high	magica/js/libs/itemList.json	/942/name	name	調整屋硬币	调整专家币	replaced	1_official_cn_dump_same_record	A:\magireco_cn_dump_20221010_decrypted_json\authority\authority.json#/itemList.json/GACHA_FREEBIE_343_MEDAL/name	□核对专名、数值、范围、回合与同族字段	逐字段变更；结构键与非字符串值不得改变
待人工校对	high	magica/js/libs/itemList.json	/942/shortDescription	shortDescription	調整屋硬币	调整专家币	replaced	1_official_cn_dump_same_record	A:\magireco_cn_dump_20221010_decrypted_json\authority\authority.json#/itemList.json/GACHA_FREEBIE_343_MEDAL/name	□核对专名、数值、范围、回合与同族字段	逐字段变更；结构键与非字符串值不得改变
待人工校对	high	magica/js/libs/itemList.json	/943/name	name	調整屋硬币	调整专家币	replaced	1_official_cn_dump_same_record	A:\magireco_cn_dump_20221010_decrypted_json\authority\authority.json#/itemList.json/GACHA_FREEBIE_343_MEDAL/name	□核对专名、数值、范围、回合与同族字段	逐字段变更；结构键与非字符串值不得改变
待人工校对	high	magica/js/libs/itemList.json	/943/shortDescription	shortDescription	調整屋硬币	调整专家币	replaced	1_official_cn_dump_same_record	A:\magireco_cn_dump_20221010_decrypted_json\authority\authority.json#/itemList.json/GACHA_FREEBIE_343_MEDAL/name	□核对专名、数值、范围、回合与同族字段	逐字段变更；结构键与非字符串值不得改变
待人工校对	high	magica/js/libs/itemList.json	/944/name	name	調整屋硬币	调整专家币	replaced	1_official_cn_dump_same_record	A:\magireco_cn_dump_20221010_decrypted_json\authority\authority.json#/itemList.json/GACHA_FREEBIE_343_MEDAL/name	□核对专名、数值、范围、回合与同族字段	逐字段变更；结构键与非字符串值不得改变
待人工校对	high	magica/js/libs/itemList.json	/944/shortDescription	shortDescription	調整屋硬币	调整专家币	replaced	1_official_cn_dump_same_record	A:\magireco_cn_dump_20221010_decrypted_json\authority\authority.json#/itemList.json/GACHA_FREEBIE_343_MEDAL/name	□核对专名、数值、范围、回合与同族字段	逐字段变更；结构键与非字符串值不得改变
待人工校对	high	magica/js/libs/itemList.json	/945/shortDescription	shortDescription	調整屋硬币	调整专家币	replaced	1_official_cn_dump_same_record	A:\magireco_cn_dump_20221010_decrypted_json\authority\authority.json#/itemList.json/GACHA_FREEBIE_343_MEDAL/name	□核对专名、数值、范围、回合与同族字段	逐字段变更；结构键与非字符串值不得改变
待人工校对	high	magica/js/libs/itemList.json	/946/name	name	調整屋硬币	调整专家币	replaced	1_official_cn_dump_same_record	A:\magireco_cn_dump_20221010_decrypted_json\authority\authority.json#/itemList.json/GACHA_FREEBIE_343_MEDAL/name	□核对专名、数值、范围、回合与同族字段	逐字段变更；结构键与非字符串值不得改变
待人工校对	high	magica/js/libs/itemList.json	/946/shortDescription	shortDescription	調整屋硬币	调整专家币	replaced	1_official_cn_dump_same_record	A:\magireco_cn_dump_20221010_decrypted_json\authority\authority.json#/itemList.json/GACHA_FREEBIE_343_MEDAL/name	□核对专名、数值、范围、回合与同族字段	逐字段变更；结构键与非字符串值不得改变
待人工校对	high	magica/js/libs/itemList.json	/947/name	name	調整屋硬币	调整专家币	replaced	1_official_cn_dump_same_record	A:\magireco_cn_dump_20221010_decrypted_json\authority\authority.json#/itemList.json/GACHA_FREEBIE_343_MEDAL/name	□核对专名、数值、范围、回合与同族字段	逐字段变更；结构键与非字符串值不得改变
待人工校对	high	magica/js/libs/itemList.json	/947/shortDescription	shortDescription	調整屋硬币	调整专家币	replaced	1_official_cn_dump_same_record	A:\magireco_cn_dump_20221010_decrypted_json\authority\authority.json#/itemList.json/GACHA_FREEBIE_343_MEDAL/name	□核对专名、数值、范围、回合与同族字段	逐字段变更；结构键与非字符串值不得改变
待人工校对	high	magica/js/libs/itemList.json	/948/name	name	調整屋硬币	调整专家币	replaced	1_official_cn_dump_same_record	A:\magireco_cn_dump_20221010_decrypted_json\authority\authority.json#/itemList.json/GACHA_FREEBIE_343_MEDAL/name	□核对专名、数值、范围、回合与同族字段	逐字段变更；结构键与非字符串值不得改变
待人工校对	high	magica/js/libs/itemList.json	/948/shortDescription	shortDescription	調整屋硬币	调整专家币	replaced	1_official_cn_dump_same_record	A:\magireco_cn_dump_20221010_decrypted_json\authority\authority.json#/itemList.json/GACHA_FREEBIE_343_MEDAL/name	□核对专名、数值、范围、回合与同族字段	逐字段变更；结构键与非字符串值不得改变
待人工校对	high	magica/js/libs/itemList.json	/949/name	name	調整屋硬币	调整专家币	replaced	1_official_cn_dump_same_record	A:\magireco_cn_dump_20221010_decrypted_json\authority\authority.json#/itemList.json/GACHA_FREEBIE_343_MEDAL/name	□核对专名、数值、范围、回合与同族字段	逐字段变更；结构键与非字符串值不得改变
待人工校对	high	magica/js/libs/itemList.json	/949/shortDescription	shortDescription	調整屋硬币	调整专家币	replaced	1_official_cn_dump_same_record	A:\magireco_cn_dump_20221010_decrypted_json\authority\authority.json#/itemList.json/GACHA_FREEBIE_343_MEDAL/name	□核对专名、数值、范围、回合与同族字段	逐字段变更；结构键与非字符串值不得改变
待人工校对	high	magica/js/libs/itemList.json	/950/name	name	調整屋硬币	调整专家币	replaced	1_official_cn_dump_same_record	A:\magireco_cn_dump_20221010_decrypted_json\authority\authority.json#/itemList.json/GACHA_FREEBIE_343_MEDAL/name	□核对专名、数值、范围、回合与同族字段	逐字段变更；结构键与非字符串值不得改变
待人工校对	high	magica/js/libs/itemList.json	/950/shortDescription	shortDescription	調整屋硬币	调整专家币	replaced	1_official_cn_dump_same_record	A:\magireco_cn_dump_20221010_decrypted_json\authority\authority.json#/itemList.json/GACHA_FREEBIE_343_MEDAL/name	□核对专名、数值、范围、回合与同族字段	逐字段变更；结构键与非字符串值不得改变
待人工校对	high	magica/js/libs/itemList.json	/951/name	name	調整屋硬币	调整专家币	replaced	1_official_cn_dump_same_record	A:\magireco_cn_dump_20221010_decrypted_json\authority\authority.json#/itemList.json/GACHA_FREEBIE_343_MEDAL/name	□核对专名、数值、范围、回合与同族字段	逐字段变更；结构键与非字符串值不得改变
待人工校对	high	magica/js/libs/itemList.json	/951/shortDescription	shortDescription	調整屋硬币	调整专家币	replaced	1_official_cn_dump_same_record	A:\magireco_cn_dump_20221010_decrypted_json\authority\authority.json#/itemList.json/GACHA_FREEBIE_343_MEDAL/name	□核对专名、数值、范围、回合与同族字段	逐字段变更；结构键与非字符串值不得改变
待人工校对	high	magica/js/libs/itemList.json	/952/name	name	調整屋硬币	调整专家币	replaced	1_official_cn_dump_same_record	A:\magireco_cn_dump_20221010_decrypted_json\authority\authority.json#/itemList.json/GACHA_FREEBIE_343_MEDAL/name	□核对专名、数值、范围、回合与同族字段	逐字段变更；结构键与非字符串值不得改变
待人工校对	high	magica/js/libs/itemList.json	/952/shortDescription	shortDescription	調整屋硬币	调整专家币	replaced	1_official_cn_dump_same_record	A:\magireco_cn_dump_20221010_decrypted_json\authority\authority.json#/itemList.json/GACHA_FREEBIE_343_MEDAL/name	□核对专名、数值、范围、回合与同族字段	逐字段变更；结构键与非字符串值不得改变
待人工校对	high	magica/js/libs/itemList.json	/953/name	name	調整屋硬币	调整专家币	replaced	1_official_cn_dump_same_record	A:\magireco_cn_dump_20221010_decrypted_json\authority\authority.json#/itemList.json/GACHA_FREEBIE_343_MEDAL/name	□核对专名、数值、范围、回合与同族字段	逐字段变更；结构键与非字符串值不得改变
待人工校对	high	magica/js/libs/itemList.json	/953/shortDescription	shortDescription	調整屋硬币	调整专家币	replaced	1_official_cn_dump_same_record	A:\magireco_cn_dump_20221010_decrypted_json\authority\authority.json#/itemList.json/GACHA_FREEBIE_343_MEDAL/name	□核对专名、数值、范围、回合与同族字段	逐字段变更；结构键与非字符串值不得改变
待人工校对	high	magica/js/libs/itemList.json	/954/name	name	調整屋硬币	调整专家币	replaced	1_official_cn_dump_same_record	A:\magireco_cn_dump_20221010_decrypted_json\authority\authority.json#/itemList.json/GACHA_FREEBIE_343_MEDAL/name	□核对专名、数值、范围、回合与同族字段	逐字段变更；结构键与非字符串值不得改变
待人工校对	high	magica/js/libs/itemList.json	/954/shortDescription	shortDescription	調整屋硬币	调整专家币	replaced	1_official_cn_dump_same_record	A:\magireco_cn_dump_20221010_decrypted_json\authority\authority.json#/itemList.json/GACHA_FREEBIE_343_MEDAL/name	□核对专名、数值、范围、回合与同族字段	逐字段变更；结构键与非字符串值不得改变
待人工校对	high	magica/js/libs/itemList.json	/955/name	name	調整屋硬币	调整专家币	replaced	1_official_cn_dump_same_record	A:\magireco_cn_dump_20221010_decrypted_json\authority\authority.json#/itemList.json/GACHA_FREEBIE_343_MEDAL/name	□核对专名、数值、范围、回合与同族字段	逐字段变更；结构键与非字符串值不得改变
待人工校对	high	magica/js/libs/itemList.json	/955/shortDescription	shortDescription	調整屋硬币	调整专家币	replaced	1_official_cn_dump_same_record	A:\magireco_cn_dump_20221010_decrypted_json\authority\authority.json#/itemList.json/GACHA_FREEBIE_343_MEDAL/name	□核对专名、数值、范围、回合与同族字段	逐字段变更；结构键与非字符串值不得改变
待人工校对	high	magica/js/libs/itemList.json	/956/name	name	調整屋硬币	调整专家币	replaced	1_official_cn_dump_same_record	A:\magireco_cn_dump_20221010_decrypted_json\authority\authority.json#/itemList.json/GACHA_FREEBIE_343_MEDAL/name	□核对专名、数值、范围、回合与同族字段	逐字段变更；结构键与非字符串值不得改变
待人工校对	high	magica/js/libs/itemList.json	/956/shortDescription	shortDescription	調整屋硬币	调整专家币	replaced	1_official_cn_dump_same_record	A:\magireco_cn_dump_20221010_decrypted_json\authority\authority.json#/itemList.json/GACHA_FREEBIE_343_MEDAL/name	□核对专名、数值、范围、回合与同族字段	逐字段变更；结构键与非字符串值不得改变
待人工校对	high	magica/js/libs/itemList.json	/957/name	name	調整屋硬币	调整专家币	replaced	1_official_cn_dump_same_record	A:\magireco_cn_dump_20221010_decrypted_json\authority\authority.json#/itemList.json/GACHA_FREEBIE_343_MEDAL/name	□核对专名、数值、范围、回合与同族字段	逐字段变更；结构键与非字符串值不得改变
待人工校对	high	magica/js/libs/itemList.json	/957/shortDescription	shortDescription	調整屋硬币	调整专家币	replaced	1_official_cn_dump_same_record	A:\magireco_cn_dump_20221010_decrypted_json\authority\authority.json#/itemList.json/GACHA_FREEBIE_343_MEDAL/name	□核对专名、数值、范围、回合与同族字段	逐字段变更；结构键与非字符串值不得改变
待人工校对	high	magica/js/libs/itemList.json	/958/name	name	調整屋硬币	调整专家币	replaced	1_official_cn_dump_same_record	A:\magireco_cn_dump_20221010_decrypted_json\authority\authority.json#/itemList.json/GACHA_FREEBIE_343_MEDAL/name	□核对专名、数值、范围、回合与同族字段	逐字段变更；结构键与非字符串值不得改变
待人工校对	high	magica/js/libs/itemList.json	/958/shortDescription	shortDescription	調整屋硬币	调整专家币	replaced	1_official_cn_dump_same_record	A:\magireco_cn_dump_20221010_decrypted_json\authority\authority.json#/itemList.json/GACHA_FREEBIE_343_MEDAL/name	□核对专名、数值、范围、回合与同族字段	逐字段变更；结构键与非字符串值不得改变
待人工校对	high	magica/js/libs/itemList.json	/959/name	name	調整屋硬币	调整专家币	replaced	1_official_cn_dump_same_record	A:\magireco_cn_dump_20221010_decrypted_json\authority\authority.json#/itemList.json/GACHA_FREEBIE_343_MEDAL/name	□核对专名、数值、范围、回合与同族字段	逐字段变更；结构键与非字符串值不得改变
待人工校对	high	magica/js/libs/itemList.json	/959/shortDescription	shortDescription	調整屋硬币	调整专家币	replaced	1_official_cn_dump_same_record	A:\magireco_cn_dump_20221010_decrypted_json\authority\authority.json#/itemList.json/GACHA_FREEBIE_343_MEDAL/name	□核对专名、数值、范围、回合与同族字段	逐字段变更；结构键与非字符串值不得改变
待人工校对	high	magica/js/libs/itemList.json	/960/name	name	調整屋硬币	调整专家币	replaced	1_official_cn_dump_same_record	A:\magireco_cn_dump_20221010_decrypted_json\authority\authority.json#/itemList.json/GACHA_FREEBIE_343_MEDAL/name	□核对专名、数值、范围、回合与同族字段	逐字段变更；结构键与非字符串值不得改变
待人工校对	high	magica/js/libs/itemList.json	/960/shortDescription	shortDescription	調整屋硬币	调整专家币	replaced	1_official_cn_dump_same_record	A:\magireco_cn_dump_20221010_decrypted_json\authority\authority.json#/itemList.json/GACHA_FREEBIE_343_MEDAL/name	□核对专名、数值、范围、回合与同族字段	逐字段变更；结构键与非字符串值不得改变
待人工校对	high	magica/js/libs/itemList.json	/961/name	name	調整屋硬币	调整专家币	replaced	1_official_cn_dump_same_record	A:\magireco_cn_dump_20221010_decrypted_json\authority\authority.json#/itemList.json/GACHA_FREEBIE_343_MEDAL/name	□核对专名、数值、范围、回合与同族字段	逐字段变更；结构键与非字符串值不得改变
待人工校对	high	magica/js/libs/itemList.json	/961/shortDescription	shortDescription	調整屋硬币	调整专家币	replaced	1_official_cn_dump_same_record	A:\magireco_cn_dump_20221010_decrypted_json\authority\authority.json#/itemList.json/GACHA_FREEBIE_343_MEDAL/name	□核对专名、数值、范围、回合与同族字段	逐字段变更；结构键与非字符串值不得改变
待人工校对	high	magica/js/libs/itemList.json	/962/name	name	調整屋硬币	调整专家币	replaced	1_official_cn_dump_same_record	A:\magireco_cn_dump_20221010_decrypted_json\authority\authority.json#/itemList.json/GACHA_FREEBIE_343_MEDAL/name	□核对专名、数值、范围、回合与同族字段	逐字段变更；结构键与非字符串值不得改变
待人工校对	high	magica/js/libs/itemList.json	/962/shortDescription	shortDescription	調整屋硬币	调整专家币	replaced	1_official_cn_dump_same_record	A:\magireco_cn_dump_20221010_decrypted_json\authority\authority.json#/itemList.json/GACHA_FREEBIE_343_MEDAL/name	□核对专名、数值、范围、回合与同族字段	逐字段变更；结构键与非字符串值不得改变
待人工校对	high	magica/js/libs/itemList.json	/963/name	name	調整屋硬币	调整专家币	replaced	1_official_cn_dump_same_record	A:\magireco_cn_dump_20221010_decrypted_json\authority\authority.json#/itemList.json/GACHA_FREEBIE_343_MEDAL/name	□核对专名、数值、范围、回合与同族字段	逐字段变更；结构键与非字符串值不得改变
待人工校对	high	magica/js/libs/itemList.json	/963/shortDescription	shortDescription	調整屋硬币	调整专家币	replaced	1_official_cn_dump_same_record	A:\magireco_cn_dump_20221010_decrypted_json\authority\authority.json#/itemList.json/GACHA_FREEBIE_343_MEDAL/name	□核对专名、数值、范围、回合与同族字段	逐字段变更；结构键与非字符串值不得改变
待人工校对	high	magica/js/libs/itemList.json	/964/name	name	調整屋硬币	调整专家币	replaced	1_official_cn_dump_same_record	A:\magireco_cn_dump_20221010_decrypted_json\authority\authority.json#/itemList.json/GACHA_FREEBIE_343_MEDAL/name	□核对专名、数值、范围、回合与同族字段	逐字段变更；结构键与非字符串值不得改变
待人工校对	high	magica/js/libs/itemList.json	/964/shortDescription	shortDescription	調整屋硬币	调整专家币	replaced	1_official_cn_dump_same_record	A:\magireco_cn_dump_20221010_decrypted_json\authority\authority.json#/itemList.json/GACHA_FREEBIE_343_MEDAL/name	□核对专名、数值、范围、回合与同族字段	逐字段变更；结构键与非字符串值不得改变
待人工校对	high	magica/js/libs/itemList.json	/965/name	name	調整屋硬币	调整专家币	replaced	1_official_cn_dump_same_record	A:\magireco_cn_dump_20221010_decrypted_json\authority\authority.json#/itemList.json/GACHA_FREEBIE_343_MEDAL/name	□核对专名、数值、范围、回合与同族字段	逐字段变更；结构键与非字符串值不得改变
待人工校对	high	magica/js/libs/itemList.json	/965/shortDescription	shortDescription	調整屋硬币	调整专家币	replaced	1_official_cn_dump_same_record	A:\magireco_cn_dump_20221010_decrypted_json\authority\authority.json#/itemList.json/GACHA_FREEBIE_343_MEDAL/name	□核对专名、数值、范围、回合与同族字段	逐字段变更；结构键与非字符串值不得改变
待人工校对	high	magica/js/libs/itemList.json	/966/name	name	調整屋硬币	调整专家币	replaced	1_official_cn_dump_same_record	A:\magireco_cn_dump_20221010_decrypted_json\authority\authority.json#/itemList.json/GACHA_FREEBIE_343_MEDAL/name	□核对专名、数值、范围、回合与同族字段	逐字段变更；结构键与非字符串值不得改变
待人工校对	high	magica/js/libs/itemList.json	/966/shortDescription	shortDescription	調整屋硬币	调整专家币	replaced	1_official_cn_dump_same_record	A:\magireco_cn_dump_20221010_decrypted_json\authority\authority.json#/itemList.json/GACHA_FREEBIE_343_MEDAL/name	□核对专名、数值、范围、回合与同族字段	逐字段变更；结构键与非字符串值不得改变
待人工校对	high	magica/js/libs/itemList.json	/967/name	name	調整屋硬币	调整专家币	replaced	1_official_cn_dump_same_record	A:\magireco_cn_dump_20221010_decrypted_json\authority\authority.json#/itemList.json/GACHA_FREEBIE_343_MEDAL/name	□核对专名、数值、范围、回合与同族字段	逐字段变更；结构键与非字符串值不得改变
待人工校对	high	magica/js/libs/itemList.json	/967/shortDescription	shortDescription	調整屋硬币	调整专家币	replaced	1_official_cn_dump_same_record	A:\magireco_cn_dump_20221010_decrypted_json\authority\authority.json#/itemList.json/GACHA_FREEBIE_343_MEDAL/name	□核对专名、数值、范围、回合与同族字段	逐字段变更；结构键与非字符串值不得改变
待人工校对	high	magica/js/libs/itemList.json	/968/name	name	調整屋硬币	调整专家币	replaced	1_official_cn_dump_same_record	A:\magireco_cn_dump_20221010_decrypted_json\authority\authority.json#/itemList.json/GACHA_FREEBIE_343_MEDAL/name	□核对专名、数值、范围、回合与同族字段	逐字段变更；结构键与非字符串值不得改变
待人工校对	high	magica/js/libs/itemList.json	/968/shortDescription	shortDescription	調整屋硬币	调整专家币	replaced	1_official_cn_dump_same_record	A:\magireco_cn_dump_20221010_decrypted_json\authority\authority.json#/itemList.json/GACHA_FREEBIE_343_MEDAL/name	□核对专名、数值、范围、回合与同族字段	逐字段变更；结构键与非字符串值不得改变
待人工校对	high	magica/js/libs/itemList.json	/969/name	name	調整屋硬币	调整专家币	replaced	1_official_cn_dump_same_record	A:\magireco_cn_dump_20221010_decrypted_json\authority\authority.json#/itemList.json/GACHA_FREEBIE_343_MEDAL/name	□核对专名、数值、范围、回合与同族字段	逐字段变更；结构键与非字符串值不得改变
待人工校对	high	magica/js/libs/itemList.json	/969/shortDescription	shortDescription	調整屋硬币	调整专家币	replaced	1_official_cn_dump_same_record	A:\magireco_cn_dump_20221010_decrypted_json\authority\authority.json#/itemList.json/GACHA_FREEBIE_343_MEDAL/name	□核对专名、数值、范围、回合与同族字段	逐字段变更；结构键与非字符串值不得改变
待人工校对	high	magica/js/libs/itemList.json	/970/name	name	調整屋硬币	调整专家币	replaced	1_official_cn_dump_same_record	A:\magireco_cn_dump_20221010_decrypted_json\authority\authority.json#/itemList.json/GACHA_FREEBIE_343_MEDAL/name	□核对专名、数值、范围、回合与同族字段	逐字段变更；结构键与非字符串值不得改变
待人工校对	high	magica/js/libs/itemList.json	/970/shortDescription	shortDescription	調整屋硬币	调整专家币	replaced	1_official_cn_dump_same_record	A:\magireco_cn_dump_20221010_decrypted_json\authority\authority.json#/itemList.json/GACHA_FREEBIE_343_MEDAL/name	□核对专名、数值、范围、回合与同族字段	逐字段变更；结构键与非字符串值不得改变
待人工校对	high	magica/js/libs/itemList.json	/971/name	name	調整屋硬币	调整专家币	replaced	1_official_cn_dump_same_record	A:\magireco_cn_dump_20221010_decrypted_json\authority\authority.json#/itemList.json/GACHA_FREEBIE_343_MEDAL/name	□核对专名、数值、范围、回合与同族字段	逐字段变更；结构键与非字符串值不得改变
待人工校对	high	magica/js/libs/itemList.json	/971/shortDescription	shortDescription	調整屋硬币	调整专家币	replaced	1_official_cn_dump_same_record	A:\magireco_cn_dump_20221010_decrypted_json\authority\authority.json#/itemList.json/GACHA_FREEBIE_343_MEDAL/name	□核对专名、数值、范围、回合与同族字段	逐字段变更；结构键与非字符串值不得改变
待人工校对	high	magica/js/libs/itemList.json	/972/name	name	調整屋硬币	调整专家币	replaced	1_official_cn_dump_same_record	A:\magireco_cn_dump_20221010_decrypted_json\authority\authority.json#/itemList.json/GACHA_FREEBIE_343_MEDAL/name	□核对专名、数值、范围、回合与同族字段	逐字段变更；结构键与非字符串值不得改变
待人工校对	high	magica/js/libs/itemList.json	/972/shortDescription	shortDescription	調整屋硬币	调整专家币	replaced	1_official_cn_dump_same_record	A:\magireco_cn_dump_20221010_decrypted_json\authority\authority.json#/itemList.json/GACHA_FREEBIE_343_MEDAL/name	□核对专名、数值、范围、回合与同族字段	逐字段变更；结构键与非字符串值不得改变
待人工校对	high	magica/js/libs/itemList.json	/973/name	name	調整屋硬币	调整专家币	replaced	1_official_cn_dump_same_record	A:\magireco_cn_dump_20221010_decrypted_json\authority\authority.json#/itemList.json/GACHA_FREEBIE_343_MEDAL/name	□核对专名、数值、范围、回合与同族字段	逐字段变更；结构键与非字符串值不得改变
待人工校对	high	magica/js/libs/itemList.json	/973/shortDescription	shortDescription	調整屋硬币	调整专家币	replaced	1_official_cn_dump_same_record	A:\magireco_cn_dump_20221010_decrypted_json\authority\authority.json#/itemList.json/GACHA_FREEBIE_343_MEDAL/name	□核对专名、数值、范围、回合与同族字段	逐字段变更；结构键与非字符串值不得改变
待人工校对	high	magica/js/libs/itemList.json	/974/name	name	調整屋硬币	调整专家币	replaced	1_official_cn_dump_same_record	A:\magireco_cn_dump_20221010_decrypted_json\authority\authority.json#/itemList.json/GACHA_FREEBIE_343_MEDAL/name	□核对专名、数值、范围、回合与同族字段	逐字段变更；结构键与非字符串值不得改变
待人工校对	high	magica/js/libs/itemList.json	/974/shortDescription	shortDescription	調整屋硬币	调整专家币	replaced	1_official_cn_dump_same_record	A:\magireco_cn_dump_20221010_decrypted_json\authority\authority.json#/itemList.json/GACHA_FREEBIE_343_MEDAL/name	□核对专名、数值、范围、回合与同族字段	逐字段变更；结构键与非字符串值不得改变
待人工校对	high	magica/js/libs/itemList.json	/975/name	name	調整屋硬币	调整专家币	replaced	1_official_cn_dump_same_record	A:\magireco_cn_dump_20221010_decrypted_json\authority\authority.json#/itemList.json/GACHA_FREEBIE_343_MEDAL/name	□核对专名、数值、范围、回合与同族字段	逐字段变更；结构键与非字符串值不得改变
待人工校对	high	magica/js/libs/itemList.json	/975/shortDescription	shortDescription	調整屋硬币	调整专家币	replaced	1_official_cn_dump_same_record	A:\magireco_cn_dump_20221010_decrypted_json\authority\authority.json#/itemList.json/GACHA_FREEBIE_343_MEDAL/name	□核对专名、数值、范围、回合与同族字段	逐字段变更；结构键与非字符串值不得改变
待人工校对	high	magica/js/libs/itemList.json	/976/name	name	調整屋硬币	调整专家币	replaced	1_official_cn_dump_same_record	A:\magireco_cn_dump_20221010_decrypted_json\authority\authority.json#/itemList.json/GACHA_FREEBIE_343_MEDAL/name	□核对专名、数值、范围、回合与同族字段	逐字段变更；结构键与非字符串值不得改变
待人工校对	high	magica/js/libs/itemList.json	/976/shortDescription	shortDescription	調整屋硬币	调整专家币	replaced	1_official_cn_dump_same_record	A:\magireco_cn_dump_20221010_decrypted_json\authority\authority.json#/itemList.json/GACHA_FREEBIE_343_MEDAL/name	□核对专名、数值、范围、回合与同族字段	逐字段变更；结构键与非字符串值不得改变
待人工校对	high	magica/js/libs/itemList.json	/977/name	name	調整屋硬币	调整专家币	replaced	1_official_cn_dump_same_record	A:\magireco_cn_dump_20221010_decrypted_json\authority\authority.json#/itemList.json/GACHA_FREEBIE_343_MEDAL/name	□核对专名、数值、范围、回合与同族字段	逐字段变更；结构键与非字符串值不得改变
待人工校对	high	magica/js/libs/itemList.json	/977/shortDescription	shortDescription	調整屋硬币	调整专家币	replaced	1_official_cn_dump_same_record	A:\magireco_cn_dump_20221010_decrypted_json\authority\authority.json#/itemList.json/GACHA_FREEBIE_343_MEDAL/name	□核对专名、数值、范围、回合与同族字段	逐字段变更；结构键与非字符串值不得改变
待人工校对	high	magica/js/libs/itemList.json	/978/name	name	調整屋硬币	调整专家币	replaced	1_official_cn_dump_same_record	A:\magireco_cn_dump_20221010_decrypted_json\authority\authority.json#/itemList.json/GACHA_FREEBIE_343_MEDAL/name	□核对专名、数值、范围、回合与同族字段	逐字段变更；结构键与非字符串值不得改变
待人工校对	high	magica/js/libs/itemList.json	/978/shortDescription	shortDescription	調整屋硬币	调整专家币	replaced	1_official_cn_dump_same_record	A:\magireco_cn_dump_20221010_decrypted_json\authority\authority.json#/itemList.json/GACHA_FREEBIE_343_MEDAL/name	□核对专名、数值、范围、回合与同族字段	逐字段变更；结构键与非字符串值不得改变
待人工校对	high	magica/js/libs/itemList.json	/979/name	name	調整屋硬币	调整专家币	replaced	1_official_cn_dump_same_record	A:\magireco_cn_dump_20221010_decrypted_json\authority\authority.json#/itemList.json/GACHA_FREEBIE_343_MEDAL/name	□核对专名、数值、范围、回合与同族字段	逐字段变更；结构键与非字符串值不得改变
待人工校对	high	magica/js/libs/itemList.json	/979/shortDescription	shortDescription	調整屋硬币	调整专家币	replaced	1_official_cn_dump_same_record	A:\magireco_cn_dump_20221010_decrypted_json\authority\authority.json#/itemList.json/GACHA_FREEBIE_343_MEDAL/name	□核对专名、数值、范围、回合与同族字段	逐字段变更；结构键与非字符串值不得改变
待人工校对	high	magica/js/libs/itemList.json	/980/name	name	調整屋硬币	调整专家币	replaced	1_official_cn_dump_same_record	A:\magireco_cn_dump_20221010_decrypted_json\authority\authority.json#/itemList.json/GACHA_FREEBIE_343_MEDAL/name	□核对专名、数值、范围、回合与同族字段	逐字段变更；结构键与非字符串值不得改变
待人工校对	high	magica/js/libs/itemList.json	/980/shortDescription	shortDescription	調整屋硬币	调整专家币	replaced	1_official_cn_dump_same_record	A:\magireco_cn_dump_20221010_decrypted_json\authority\authority.json#/itemList.json/GACHA_FREEBIE_343_MEDAL/name	□核对专名、数值、范围、回合与同族字段	逐字段变更；结构键与非字符串值不得改变
待人工校对	high	magica/js/libs/itemList.json	/981/shortDescription	shortDescription	調整屋硬币	调整专家币	replaced	1_official_cn_dump_same_record	A:\magireco_cn_dump_20221010_decrypted_json\authority\authority.json#/itemList.json/GACHA_FREEBIE_343_MEDAL/name	□核对专名、数值、范围、回合与同族字段	逐字段变更；结构键与非字符串值不得改变
待人工校对	high	magica/js/libs/itemList.json	/982/name	name	調整屋硬币	调整专家币	replaced	1_official_cn_dump_same_record	A:\magireco_cn_dump_20221010_decrypted_json\authority\authority.json#/itemList.json/GACHA_FREEBIE_343_MEDAL/name	□核对专名、数值、范围、回合与同族字段	逐字段变更；结构键与非字符串值不得改变
待人工校对	high	magica/js/libs/itemList.json	/982/shortDescription	shortDescription	調整屋硬币	调整专家币	replaced	1_official_cn_dump_same_record	A:\magireco_cn_dump_20221010_decrypted_json\authority\authority.json#/itemList.json/GACHA_FREEBIE_343_MEDAL/name	□核对专名、数值、范围、回合与同族字段	逐字段变更；结构键与非字符串值不得改变
待人工校对	high	magica/js/libs/itemList.json	/983/name	name	調整屋硬币	调整专家币	replaced	1_official_cn_dump_same_record	A:\magireco_cn_dump_20221010_decrypted_json\authority\authority.json#/itemList.json/GACHA_FREEBIE_343_MEDAL/name	□核对专名、数值、范围、回合与同族字段	逐字段变更；结构键与非字符串值不得改变
待人工校对	high	magica/js/libs/itemList.json	/983/shortDescription	shortDescription	調整屋硬币	调整专家币	replaced	1_official_cn_dump_same_record	A:\magireco_cn_dump_20221010_decrypted_json\authority\authority.json#/itemList.json/GACHA_FREEBIE_343_MEDAL/name	□核对专名、数值、范围、回合与同族字段	逐字段变更；结构键与非字符串值不得改变
待人工校对	high	magica/js/libs/itemList.json	/984/name	name	調整屋硬币	调整专家币	replaced	1_official_cn_dump_same_record	A:\magireco_cn_dump_20221010_decrypted_json\authority\authority.json#/itemList.json/GACHA_FREEBIE_343_MEDAL/name	□核对专名、数值、范围、回合与同族字段	逐字段变更；结构键与非字符串值不得改变
待人工校对	high	magica/js/libs/itemList.json	/984/shortDescription	shortDescription	調整屋硬币	调整专家币	replaced	1_official_cn_dump_same_record	A:\magireco_cn_dump_20221010_decrypted_json\authority\authority.json#/itemList.json/GACHA_FREEBIE_343_MEDAL/name	□核对专名、数值、范围、回合与同族字段	逐字段变更；结构键与非字符串值不得改变
待人工校对	high	magica/js/libs/itemList.json	/985/name	name	調整屋硬币	调整专家币	replaced	1_official_cn_dump_same_record	A:\magireco_cn_dump_20221010_decrypted_json\authority\authority.json#/itemList.json/GACHA_FREEBIE_343_MEDAL/name	□核对专名、数值、范围、回合与同族字段	逐字段变更；结构键与非字符串值不得改变
待人工校对	high	magica/js/libs/itemList.json	/985/shortDescription	shortDescription	調整屋硬币	调整专家币	replaced	1_official_cn_dump_same_record	A:\magireco_cn_dump_20221010_decrypted_json\authority\authority.json#/itemList.json/GACHA_FREEBIE_343_MEDAL/name	□核对专名、数值、范围、回合与同族字段	逐字段变更；结构键与非字符串值不得改变
待人工校对	high	magica/js/libs/itemList.json	/986/name	name	調整屋硬币	调整专家币	replaced	1_official_cn_dump_same_record	A:\magireco_cn_dump_20221010_decrypted_json\authority\authority.json#/itemList.json/GACHA_FREEBIE_343_MEDAL/name	□核对专名、数值、范围、回合与同族字段	逐字段变更；结构键与非字符串值不得改变
待人工校对	high	magica/js/libs/itemList.json	/986/shortDescription	shortDescription	調整屋硬币	调整专家币	replaced	1_official_cn_dump_same_record	A:\magireco_cn_dump_20221010_decrypted_json\authority\authority.json#/itemList.json/GACHA_FREEBIE_343_MEDAL/name	□核对专名、数值、范围、回合与同族字段	逐字段变更；结构键与非字符串值不得改变
待人工校对	high	magica/js/libs/itemList.json	/987/name	name	調整屋硬币	调整专家币	replaced	1_official_cn_dump_same_record	A:\magireco_cn_dump_20221010_decrypted_json\authority\authority.json#/itemList.json/GACHA_FREEBIE_343_MEDAL/name	□核对专名、数值、范围、回合与同族字段	逐字段变更；结构键与非字符串值不得改变
待人工校对	high	magica/js/libs/itemList.json	/987/shortDescription	shortDescription	調整屋硬币	调整专家币	replaced	1_official_cn_dump_same_record	A:\magireco_cn_dump_20221010_decrypted_json\authority\authority.json#/itemList.json/GACHA_FREEBIE_343_MEDAL/name	□核对专名、数值、范围、回合与同族字段	逐字段变更；结构键与非字符串值不得改变
待人工校对	high	magica/js/libs/itemList.json	/988/name	name	調整屋硬币	调整专家币	replaced	1_official_cn_dump_same_record	A:\magireco_cn_dump_20221010_decrypted_json\authority\authority.json#/itemList.json/GACHA_FREEBIE_343_MEDAL/name	□核对专名、数值、范围、回合与同族字段	逐字段变更；结构键与非字符串值不得改变
待人工校对	high	magica/js/libs/itemList.json	/988/shortDescription	shortDescription	調整屋硬币	调整专家币	replaced	1_official_cn_dump_same_record	A:\magireco_cn_dump_20221010_decrypted_json\authority\authority.json#/itemList.json/GACHA_FREEBIE_343_MEDAL/name	□核对专名、数值、范围、回合与同族字段	逐字段变更；结构键与非字符串值不得改变
待人工校对	high	magica/js/libs/itemList.json	/989/name	name	調整屋硬币	调整专家币	replaced	1_official_cn_dump_same_record	A:\magireco_cn_dump_20221010_decrypted_json\authority\authority.json#/itemList.json/GACHA_FREEBIE_343_MEDAL/name	□核对专名、数值、范围、回合与同族字段	逐字段变更；结构键与非字符串值不得改变
待人工校对	high	magica/js/libs/itemList.json	/989/shortDescription	shortDescription	調整屋硬币	调整专家币	replaced	1_official_cn_dump_same_record	A:\magireco_cn_dump_20221010_decrypted_json\authority\authority.json#/itemList.json/GACHA_FREEBIE_343_MEDAL/name	□核对专名、数值、范围、回合与同族字段	逐字段变更；结构键与非字符串值不得改变
待人工校对	high	magica/js/libs/itemList.json	/990/name	name	調整屋硬币	调整专家币	replaced	1_official_cn_dump_same_record	A:\magireco_cn_dump_20221010_decrypted_json\authority\authority.json#/itemList.json/GACHA_FREEBIE_343_MEDAL/name	□核对专名、数值、范围、回合与同族字段	逐字段变更；结构键与非字符串值不得改变
待人工校对	high	magica/js/libs/itemList.json	/990/shortDescription	shortDescription	調整屋硬币	调整专家币	replaced	1_official_cn_dump_same_record	A:\magireco_cn_dump_20221010_decrypted_json\authority\authority.json#/itemList.json/GACHA_FREEBIE_343_MEDAL/name	□核对专名、数值、范围、回合与同族字段	逐字段变更；结构键与非字符串值不得改变
待人工校对	high	magica/js/libs/itemList.json	/1095/name	name	背景「时女拾遺物語」	背景「时女拾遗物语」	replaced	2_wiki_component	C:\Users\proje\Documents\Codex\2026-08-06\https-github-com-hiiraginemu-magireco-wiki-3\work\wiki_authority\wiki-data\data\pages_index.json#/590/title	□核对专名、数值、范围、回合与同族字段	逐字段变更；结构键与非字符串值不得改变
待人工校对	high	magica/js/libs/itemList.json	/1095/shortDescription	shortDescription	时女拾遺物語	时女拾遗物语	replaced	2_wiki_component	C:\Users\proje\Documents\Codex\2026-08-06\https-github-com-hiiraginemu-magireco-wiki-3\work\wiki_authority\wiki-data\data\pages_index.json#/590/title	□核对专名、数值、范围、回合与同族字段	逐字段变更；结构键与非字符串值不得改变
待人工校对	high	magica/js/libs/itemList.json	/1095/description	description	主页背景「时女拾遺物語」。	主页背景「时女拾遗物语」。	replaced	2_wiki_component	C:\Users\proje\Documents\Codex\2026-08-06\https-github-com-hiiraginemu-magireco-wiki-3\work\wiki_authority\wiki-data\data\pages_index.json#/590/title	□核对专名、数值、范围、回合与同族字段	逐字段变更；结构键与非字符串值不得改变
待人工校对	high	magica/js/libs/itemList.json	/1104/name	name	背景「七色夏模様」	背景「七彩夏日绘」	replaced	2_wiki_explicit_pair	C:\Users\proje\Documents\Codex\2026-08-06\https-github-com-hiiraginemu-magireco-wiki-3\work\wiki_authority\wiki-data\data\archive\articles.jsonl.gz#jsonl:1888:/title;jsonl:1888:/wikitext/活动信息框/日文标题	□核对专名、数值、范围、回合与同族字段	逐字段变更；结构键与非字符串值不得改变
待人工校对	high	magica/js/libs/itemList.json	/1104/shortDescription	shortDescription	七色夏模様	七彩夏日绘	replaced	2_wiki_explicit_pair	C:\Users\proje\Documents\Codex\2026-08-06\https-github-com-hiiraginemu-magireco-wiki-3\work\wiki_authority\wiki-data\data\archive\articles.jsonl.gz#jsonl:1888:/title;jsonl:1888:/wikitext/活动信息框/日文标题	□核对专名、数值、范围、回合与同族字段	逐字段变更；结构键与非字符串值不得改变
待人工校对	high	magica/js/libs/itemList.json	/1104/description	description	主页背景「七色夏模様」。	主页背景「七彩夏日绘」。	replaced	2_wiki_explicit_pair	C:\Users\proje\Documents\Codex\2026-08-06\https-github-com-hiiraginemu-magireco-wiki-3\work\wiki_authority\wiki-data\data\archive\articles.jsonl.gz#jsonl:1888:/title;jsonl:1888:/wikitext/活动信息框/日文标题	□核对专名、数值、范围、回合与同族字段	逐字段变更；结构键与非字符串值不得改变
待人工校对	high	magica/js/libs/itemList.json	/1129/name	name	背景「神滨大運動会」	背景「神滨大运动会」	replaced	2_wiki_component	C:\Users\proje\Documents\Codex\2026-08-06\https-github-com-hiiraginemu-magireco-wiki-3\work\wiki_authority\wiki-data\data\pages_index.json#/796/title;/6678/headings/27/text	□核对专名、数值、范围、回合与同族字段	逐字段变更；结构键与非字符串值不得改变
待人工校对	high	magica/js/libs/itemList.json	/1129/shortDescription	shortDescription	神滨大運動会	神滨大运动会	replaced	2_wiki_component	C:\Users\proje\Documents\Codex\2026-08-06\https-github-com-hiiraginemu-magireco-wiki-3\work\wiki_authority\wiki-data\data\pages_index.json#/796/title;/6678/headings/27/text	□核对专名、数值、范围、回合与同族字段	逐字段变更；结构键与非字符串值不得改变
待人工校对	high	magica/js/libs/itemList.json	/1129/description	description	主页背景「神滨大運動会」。	主页背景「神滨大运动会」。	replaced	2_wiki_component	C:\Users\proje\Documents\Codex\2026-08-06\https-github-com-hiiraginemu-magireco-wiki-3\work\wiki_authority\wiki-data\data\pages_index.json#/796/title;/6678/headings/27/text	□核对专名、数值、范围、回合与同族字段	逐字段变更；结构键与非字符串值不得改变
待人工校对	medium	magica/js/libs/itemList.json	/1156/name	name	謹賀新年★4魔法少女兑换券	谨贺新年★4魔法少女兑换券	replaced	2_wiki_component	C:\Users\proje\Documents\Codex\2026-08-06\https-github-com-hiiraginemu-magireco-wiki-3\work\wiki_authority\wiki-data\data\memoria.json#/兎にも角にも謹賀新年/name_ja;/兎にも角にも謹賀新年/name_zh	□核对专名、数值、范围、回合与同族字段	逐字段变更；结构键与非字符串值不得改变
待人工校对	medium	magica/js/libs/itemList.json	/1156/shortDescription	shortDescription	謹賀新年★4魔法少女兑换券	谨贺新年★4魔法少女兑换券	replaced	2_wiki_component	C:\Users\proje\Documents\Codex\2026-08-06\https-github-com-hiiraginemu-magireco-wiki-3\work\wiki_authority\wiki-data\data\memoria.json#/兎にも角にも謹賀新年/name_ja;/兎にも角にも謹賀新年/name_zh	□核对专名、数值、范围、回合与同族字段	逐字段变更；结构键与非字符串值不得改变
待人工校对	medium	magica/js/libs/itemList.json	/1159/name	name	謹賀新年★4魔法少女兑换券	谨贺新年★4魔法少女兑换券	replaced	2_wiki_component	C:\Users\proje\Documents\Codex\2026-08-06\https-github-com-hiiraginemu-magireco-wiki-3\work\wiki_authority\wiki-data\data\memoria.json#/兎にも角にも謹賀新年/name_ja;/兎にも角にも謹賀新年/name_zh	□核对专名、数值、范围、回合与同族字段	逐字段变更；结构键与非字符串值不得改变
待人工校对	medium	magica/js/libs/itemList.json	/1159/shortDescription	shortDescription	謹賀新年★4魔法少女兑换券	谨贺新年★4魔法少女兑换券	replaced	2_wiki_component	C:\Users\proje\Documents\Codex\2026-08-06\https-github-com-hiiraginemu-magireco-wiki-3\work\wiki_authority\wiki-data\data\memoria.json#/兎にも角にも謹賀新年/name_ja;/兎にも角にも謹賀新年/name_zh	□核对专名、数值、范围、回合与同族字段	逐字段变更；结构键与非字符串值不得改变
待人工校对	medium	magica/js/libs/itemList.json	/1161/name	name	謹賀新年★4魔法少女兑换券	谨贺新年★4魔法少女兑换券	replaced	2_wiki_component	C:\Users\proje\Documents\Codex\2026-08-06\https-github-com-hiiraginemu-magireco-wiki-3\work\wiki_authority\wiki-data\data\memoria.json#/兎にも角にも謹賀新年/name_ja;/兎にも角にも謹賀新年/name_zh	□核对专名、数值、范围、回合与同族字段	逐字段变更；结构键与非字符串值不得改变
待人工校对	medium	magica/js/libs/itemList.json	/1161/shortDescription	shortDescription	謹賀新年★4魔法少女兑换券	谨贺新年★4魔法少女兑换券	replaced	2_wiki_component	C:\Users\proje\Documents\Codex\2026-08-06\https-github-com-hiiraginemu-magireco-wiki-3\work\wiki_authority\wiki-data\data\memoria.json#/兎にも角にも謹賀新年/name_ja;/兎にも角にも謹賀新年/name_zh	□核对专名、数值、范围、回合与同族字段	逐字段变更；结构键与非字符串值不得改变
待人工校对	medium	magica/js/libs/itemList.json	/1286/description	description	可使用1次周年纪念★4魔法少女1体必得10連扭蛋的券	可使用1次周年纪念★4魔法少女1体必得10连扭蛋的券	replaced	1_official_cn_dump_component	A:\magireco_cn_dump_20221010_decrypted_json\authority\authority.json#/itemList.json/GACHA10_TICKET/name;/itemList.json/GACHA10_TICKET/shortDescription	□核对专名、数值、范围、回合与同族字段	逐字段变更；结构键与非字符串值不得改变
待人工校对	medium	magica/js/libs/itemList.json	/1302/shortDescription	shortDescription	第2部登場★4魔法少女必得扭蛋券	第2部登场★4保底魔法少女扭蛋券	replaced	1_official_cn_dump_same_record	A:\magireco_cn_dump_20221010_decrypted_json\authority\authority.json#/itemList.json/SPECIAL_GACHA_494_TICKET/description	□核对专名、数值、范围、回合与同族字段	逐字段变更；结构键与非字符串值不得改变
待人工校对	high	magica/js/libs/itemList.json	/781/description	description	「调整屋硬币」的兑换道具	在「调整专家币」中用于兑换的道具	official_same_record_alignment	1_official_cn_dump_same_record	A:\magireco_cn_dump_20221010_decrypted_json\authority\authority.json#/itemList.json/GACHA_FREEBIE_343_MEDAL	□核对专名、数值、范围、回合与同族字段	逐字段变更；结构键与非字符串值不得改变
待人工校对	high	magica/js/libs/itemList.json	/782/description	description	「调整屋硬币」的兑换道具	在「调整专家币」中用于兑换的道具	official_same_record_alignment	1_official_cn_dump_same_record	A:\magireco_cn_dump_20221010_decrypted_json\authority\authority.json#/itemList.json/GACHA_FREEBIE_343_MEDAL	□核对专名、数值、范围、回合与同族字段	逐字段变更；结构键与非字符串值不得改变
待人工校对	high	magica/js/libs/itemList.json	/783/description	description	「调整屋硬币」的兑换道具	在「调整专家币」中用于兑换的道具	official_same_record_alignment	1_official_cn_dump_same_record	A:\magireco_cn_dump_20221010_decrypted_json\authority\authority.json#/itemList.json/GACHA_FREEBIE_343_MEDAL	□核对专名、数值、范围、回合与同族字段	逐字段变更；结构键与非字符串值不得改变
待人工校对	high	magica/js/libs/itemList.json	/784/description	description	「调整屋硬币」的兑换道具	在「调整专家币」中用于兑换的道具	official_same_record_alignment	1_official_cn_dump_same_record	A:\magireco_cn_dump_20221010_decrypted_json\authority\authority.json#/itemList.json/GACHA_FREEBIE_343_MEDAL	□核对专名、数值、范围、回合与同族字段	逐字段变更；结构键与非字符串值不得改变
待人工校对	high	magica/js/libs/itemList.json	/785/description	description	「调整屋硬币」的兑换道具	在「调整专家币」中用于兑换的道具	official_same_record_alignment	1_official_cn_dump_same_record	A:\magireco_cn_dump_20221010_decrypted_json\authority\authority.json#/itemList.json/GACHA_FREEBIE_343_MEDAL	□核对专名、数值、范围、回合与同族字段	逐字段变更；结构键与非字符串值不得改变
待人工校对	high	magica/js/libs/itemList.json	/786/description	description	「调整屋硬币」的兑换道具	在「调整专家币」中用于兑换的道具	official_same_record_alignment	1_official_cn_dump_same_record	A:\magireco_cn_dump_20221010_decrypted_json\authority\authority.json#/itemList.json/GACHA_FREEBIE_343_MEDAL	□核对专名、数值、范围、回合与同族字段	逐字段变更；结构键与非字符串值不得改变
待人工校对	high	magica/js/libs/itemList.json	/787/description	description	「调整屋硬币」的兑换道具	在「调整专家币」中用于兑换的道具	official_same_record_alignment	1_official_cn_dump_same_record	A:\magireco_cn_dump_20221010_decrypted_json\authority\authority.json#/itemList.json/GACHA_FREEBIE_343_MEDAL	□核对专名、数值、范围、回合与同族字段	逐字段变更；结构键与非字符串值不得改变
待人工校对	high	magica/js/libs/itemList.json	/788/description	description	「调整屋硬币」的兑换道具	在「调整专家币」中用于兑换的道具	official_same_record_alignment	1_official_cn_dump_same_record	A:\magireco_cn_dump_20221010_decrypted_json\authority\authority.json#/itemList.json/GACHA_FREEBIE_343_MEDAL	□核对专名、数值、范围、回合与同族字段	逐字段变更；结构键与非字符串值不得改变
待人工校对	high	magica/js/libs/itemList.json	/789/description	description	「调整屋硬币」的兑换道具	在「调整专家币」中用于兑换的道具	official_same_record_alignment	1_official_cn_dump_same_record	A:\magireco_cn_dump_20221010_decrypted_json\authority\authority.json#/itemList.json/GACHA_FREEBIE_343_MEDAL	□核对专名、数值、范围、回合与同族字段	逐字段变更；结构键与非字符串值不得改变
待人工校对	high	magica/js/libs/itemList.json	/792/description	description	「调整屋硬币」的兑换道具	在「调整专家币」中用于兑换的道具	official_same_record_alignment	1_official_cn_dump_same_record	A:\magireco_cn_dump_20221010_decrypted_json\authority\authority.json#/itemList.json/GACHA_FREEBIE_343_MEDAL	□核对专名、数值、范围、回合与同族字段	逐字段变更；结构键与非字符串值不得改变
待人工校对	high	magica/js/libs/itemList.json	/793/description	description	「调整屋硬币」的兑换道具	在「调整专家币」中用于兑换的道具	official_same_record_alignment	1_official_cn_dump_same_record	A:\magireco_cn_dump_20221010_decrypted_json\authority\authority.json#/itemList.json/GACHA_FREEBIE_343_MEDAL	□核对专名、数值、范围、回合与同族字段	逐字段变更；结构键与非字符串值不得改变
待人工校对	high	magica/js/libs/itemList.json	/794/description	description	「调整屋硬币」的兑换道具	在「调整专家币」中用于兑换的道具	official_same_record_alignment	1_official_cn_dump_same_record	A:\magireco_cn_dump_20221010_decrypted_json\authority\authority.json#/itemList.json/GACHA_FREEBIE_343_MEDAL	□核对专名、数值、范围、回合与同族字段	逐字段变更；结构键与非字符串值不得改变
待人工校对	high	magica/js/libs/itemList.json	/795/description	description	「调整屋硬币」的兑换道具	在「调整专家币」中用于兑换的道具	official_same_record_alignment	1_official_cn_dump_same_record	A:\magireco_cn_dump_20221010_decrypted_json\authority\authority.json#/itemList.json/GACHA_FREEBIE_343_MEDAL	□核对专名、数值、范围、回合与同族字段	逐字段变更；结构键与非字符串值不得改变
待人工校对	high	magica/js/libs/itemList.json	/796/description	description	「调整屋硬币」的兑换道具	在「调整专家币」中用于兑换的道具	official_same_record_alignment	1_official_cn_dump_same_record	A:\magireco_cn_dump_20221010_decrypted_json\authority\authority.json#/itemList.json/GACHA_FREEBIE_343_MEDAL	□核对专名、数值、范围、回合与同族字段	逐字段变更；结构键与非字符串值不得改变
待人工校对	high	magica/js/libs/itemList.json	/797/description	description	「调整屋硬币」的兑换道具	在「调整专家币」中用于兑换的道具	official_same_record_alignment	1_official_cn_dump_same_record	A:\magireco_cn_dump_20221010_decrypted_json\authority\authority.json#/itemList.json/GACHA_FREEBIE_343_MEDAL	□核对专名、数值、范围、回合与同族字段	逐字段变更；结构键与非字符串值不得改变
待人工校对	high	magica/js/libs/itemList.json	/798/description	description	「调整屋硬币」的兑换道具	在「调整专家币」中用于兑换的道具	official_same_record_alignment	1_official_cn_dump_same_record	A:\magireco_cn_dump_20221010_decrypted_json\authority\authority.json#/itemList.json/GACHA_FREEBIE_343_MEDAL	□核对专名、数值、范围、回合与同族字段	逐字段变更；结构键与非字符串值不得改变
待人工校对	high	magica/js/libs/itemList.json	/799/description	description	「调整屋硬币」的兑换道具	在「调整专家币」中用于兑换的道具	official_same_record_alignment	1_official_cn_dump_same_record	A:\magireco_cn_dump_20221010_decrypted_json\authority\authority.json#/itemList.json/GACHA_FREEBIE_343_MEDAL	□核对专名、数值、范围、回合与同族字段	逐字段变更；结构键与非字符串值不得改变
待人工校对	high	magica/js/libs/itemList.json	/800/description	description	「调整屋硬币」的兑换道具	在「调整专家币」中用于兑换的道具	official_same_record_alignment	1_official_cn_dump_same_record	A:\magireco_cn_dump_20221010_decrypted_json\authority\authority.json#/itemList.json/GACHA_FREEBIE_343_MEDAL	□核对专名、数值、范围、回合与同族字段	逐字段变更；结构键与非字符串值不得改变
待人工校对	high	magica/js/libs/itemList.json	/801/description	description	「调整屋硬币」的兑换道具	在「调整专家币」中用于兑换的道具	official_same_record_alignment	1_official_cn_dump_same_record	A:\magireco_cn_dump_20221010_decrypted_json\authority\authority.json#/itemList.json/GACHA_FREEBIE_343_MEDAL	□核对专名、数值、范围、回合与同族字段	逐字段变更；结构键与非字符串值不得改变
待人工校对	high	magica/js/libs/itemList.json	/802/description	description	「调整屋硬币」的兑换道具	在「调整专家币」中用于兑换的道具	official_same_record_alignment	1_official_cn_dump_same_record	A:\magireco_cn_dump_20221010_decrypted_json\authority\authority.json#/itemList.json/GACHA_FREEBIE_343_MEDAL	□核对专名、数值、范围、回合与同族字段	逐字段变更；结构键与非字符串值不得改变
待人工校对	high	magica/js/libs/itemList.json	/803/description	description	「调整屋硬币」的兑换道具	在「调整专家币」中用于兑换的道具	official_same_record_alignment	1_official_cn_dump_same_record	A:\magireco_cn_dump_20221010_decrypted_json\authority\authority.json#/itemList.json/GACHA_FREEBIE_343_MEDAL	□核对专名、数值、范围、回合与同族字段	逐字段变更；结构键与非字符串值不得改变
待人工校对	high	magica/js/libs/itemList.json	/804/description	description	「调整屋硬币」的兑换道具	在「调整专家币」中用于兑换的道具	official_same_record_alignment	1_official_cn_dump_same_record	A:\magireco_cn_dump_20221010_decrypted_json\authority\authority.json#/itemList.json/GACHA_FREEBIE_343_MEDAL	□核对专名、数值、范围、回合与同族字段	逐字段变更；结构键与非字符串值不得改变
待人工校对	high	magica/js/libs/itemList.json	/805/description	description	「调整屋硬币」的兑换道具	在「调整专家币」中用于兑换的道具	official_same_record_alignment	1_official_cn_dump_same_record	A:\magireco_cn_dump_20221010_decrypted_json\authority\authority.json#/itemList.json/GACHA_FREEBIE_343_MEDAL	□核对专名、数值、范围、回合与同族字段	逐字段变更；结构键与非字符串值不得改变
待人工校对	high	magica/js/libs/itemList.json	/806/description	description	「调整屋硬币」的兑换道具	在「调整专家币」中用于兑换的道具	official_same_record_alignment	1_official_cn_dump_same_record	A:\magireco_cn_dump_20221010_decrypted_json\authority\authority.json#/itemList.json/GACHA_FREEBIE_343_MEDAL	□核对专名、数值、范围、回合与同族字段	逐字段变更；结构键与非字符串值不得改变
待人工校对	high	magica/js/libs/itemList.json	/807/description	description	「调整屋硬币」的兑换道具	在「调整专家币」中用于兑换的道具	official_same_record_alignment	1_official_cn_dump_same_record	A:\magireco_cn_dump_20221010_decrypted_json\authority\authority.json#/itemList.json/GACHA_FREEBIE_343_MEDAL	□核对专名、数值、范围、回合与同族字段	逐字段变更；结构键与非字符串值不得改变
待人工校对	high	magica/js/libs/itemList.json	/808/description	description	「调整屋硬币」的兑换道具	在「调整专家币」中用于兑换的道具	official_same_record_alignment	1_official_cn_dump_same_record	A:\magireco_cn_dump_20221010_decrypted_json\authority\authority.json#/itemList.json/GACHA_FREEBIE_343_MEDAL	□核对专名、数值、范围、回合与同族字段	逐字段变更；结构键与非字符串值不得改变
待人工校对	high	magica/js/libs/itemList.json	/809/description	description	「调整屋硬币」的兑换道具	在「调整专家币」中用于兑换的道具	official_same_record_alignment	1_official_cn_dump_same_record	A:\magireco_cn_dump_20221010_decrypted_json\authority\authority.json#/itemList.json/GACHA_FREEBIE_343_MEDAL	□核对专名、数值、范围、回合与同族字段	逐字段变更；结构键与非字符串值不得改变
待人工校对	high	magica/js/libs/itemList.json	/810/description	description	「调整屋硬币」的兑换道具	在「调整专家币」中用于兑换的道具	official_same_record_alignment	1_official_cn_dump_same_record	A:\magireco_cn_dump_20221010_decrypted_json\authority\authority.json#/itemList.json/GACHA_FREEBIE_343_MEDAL	□核对专名、数值、范围、回合与同族字段	逐字段变更；结构键与非字符串值不得改变
待人工校对	high	magica/js/libs/itemList.json	/811/description	description	「调整屋硬币」的兑换道具	在「调整专家币」中用于兑换的道具	official_same_record_alignment	1_official_cn_dump_same_record	A:\magireco_cn_dump_20221010_decrypted_json\authority\authority.json#/itemList.json/GACHA_FREEBIE_343_MEDAL	□核对专名、数值、范围、回合与同族字段	逐字段变更；结构键与非字符串值不得改变
待人工校对	high	magica/js/libs/itemList.json	/812/description	description	「调整屋硬币」的兑换道具	在「调整专家币」中用于兑换的道具	official_same_record_alignment	1_official_cn_dump_same_record	A:\magireco_cn_dump_20221010_decrypted_json\authority\authority.json#/itemList.json/GACHA_FREEBIE_343_MEDAL	□核对专名、数值、范围、回合与同族字段	逐字段变更；结构键与非字符串值不得改变
待人工校对	high	magica/js/libs/itemList.json	/813/description	description	「调整屋硬币」的兑换道具	在「调整专家币」中用于兑换的道具	official_same_record_alignment	1_official_cn_dump_same_record	A:\magireco_cn_dump_20221010_decrypted_json\authority\authority.json#/itemList.json/GACHA_FREEBIE_343_MEDAL	□核对专名、数值、范围、回合与同族字段	逐字段变更；结构键与非字符串值不得改变
待人工校对	high	magica/js/libs/itemList.json	/814/description	description	「调整屋硬币」的兑换道具	在「调整专家币」中用于兑换的道具	official_same_record_alignment	1_official_cn_dump_same_record	A:\magireco_cn_dump_20221010_decrypted_json\authority\authority.json#/itemList.json/GACHA_FREEBIE_343_MEDAL	□核对专名、数值、范围、回合与同族字段	逐字段变更；结构键与非字符串值不得改变
待人工校对	high	magica/js/libs/itemList.json	/815/description	description	「调整屋硬币」的兑换道具	在「调整专家币」中用于兑换的道具	official_same_record_alignment	1_official_cn_dump_same_record	A:\magireco_cn_dump_20221010_decrypted_json\authority\authority.json#/itemList.json/GACHA_FREEBIE_343_MEDAL	□核对专名、数值、范围、回合与同族字段	逐字段变更；结构键与非字符串值不得改变
待人工校对	high	magica/js/libs/itemList.json	/816/description	description	「调整屋硬币」的兑换道具	在「调整专家币」中用于兑换的道具	official_same_record_alignment	1_official_cn_dump_same_record	A:\magireco_cn_dump_20221010_decrypted_json\authority\authority.json#/itemList.json/GACHA_FREEBIE_343_MEDAL	□核对专名、数值、范围、回合与同族字段	逐字段变更；结构键与非字符串值不得改变
待人工校对	high	magica/js/libs/itemList.json	/817/description	description	「调整屋硬币」的兑换道具	在「调整专家币」中用于兑换的道具	official_same_record_alignment	1_official_cn_dump_same_record	A:\magireco_cn_dump_20221010_decrypted_json\authority\authority.json#/itemList.json/GACHA_FREEBIE_343_MEDAL	□核对专名、数值、范围、回合与同族字段	逐字段变更；结构键与非字符串值不得改变
待人工校对	high	magica/js/libs/itemList.json	/818/description	description	「调整屋硬币」的兑换道具	在「调整专家币」中用于兑换的道具	official_same_record_alignment	1_official_cn_dump_same_record	A:\magireco_cn_dump_20221010_decrypted_json\authority\authority.json#/itemList.json/GACHA_FREEBIE_343_MEDAL	□核对专名、数值、范围、回合与同族字段	逐字段变更；结构键与非字符串值不得改变
待人工校对	high	magica/js/libs/itemList.json	/819/description	description	「调整屋硬币」的兑换道具	在「调整专家币」中用于兑换的道具	official_same_record_alignment	1_official_cn_dump_same_record	A:\magireco_cn_dump_20221010_decrypted_json\authority\authority.json#/itemList.json/GACHA_FREEBIE_343_MEDAL	□核对专名、数值、范围、回合与同族字段	逐字段变更；结构键与非字符串值不得改变
待人工校对	high	magica/js/libs/itemList.json	/820/description	description	「调整屋硬币」的兑换道具	在「调整专家币」中用于兑换的道具	official_same_record_alignment	1_official_cn_dump_same_record	A:\magireco_cn_dump_20221010_decrypted_json\authority\authority.json#/itemList.json/GACHA_FREEBIE_343_MEDAL	□核对专名、数值、范围、回合与同族字段	逐字段变更；结构键与非字符串值不得改变
待人工校对	high	magica/js/libs/itemList.json	/821/description	description	「调整屋硬币」的兑换道具	在「调整专家币」中用于兑换的道具	official_same_record_alignment	1_official_cn_dump_same_record	A:\magireco_cn_dump_20221010_decrypted_json\authority\authority.json#/itemList.json/GACHA_FREEBIE_343_MEDAL	□核对专名、数值、范围、回合与同族字段	逐字段变更；结构键与非字符串值不得改变
待人工校对	high	magica/js/libs/itemList.json	/822/description	description	「调整屋硬币」的兑换道具	在「调整专家币」中用于兑换的道具	official_same_record_alignment	1_official_cn_dump_same_record	A:\magireco_cn_dump_20221010_decrypted_json\authority\authority.json#/itemList.json/GACHA_FREEBIE_343_MEDAL	□核对专名、数值、范围、回合与同族字段	逐字段变更；结构键与非字符串值不得改变
待人工校对	high	magica/js/libs/itemList.json	/823/description	description	「调整屋硬币」的兑换道具	在「调整专家币」中用于兑换的道具	official_same_record_alignment	1_official_cn_dump_same_record	A:\magireco_cn_dump_20221010_decrypted_json\authority\authority.json#/itemList.json/GACHA_FREEBIE_343_MEDAL	□核对专名、数值、范围、回合与同族字段	逐字段变更；结构键与非字符串值不得改变
待人工校对	high	magica/js/libs/itemList.json	/824/description	description	「调整屋硬币」的兑换道具	在「调整专家币」中用于兑换的道具	official_same_record_alignment	1_official_cn_dump_same_record	A:\magireco_cn_dump_20221010_decrypted_json\authority\authority.json#/itemList.json/GACHA_FREEBIE_343_MEDAL	□核对专名、数值、范围、回合与同族字段	逐字段变更；结构键与非字符串值不得改变
待人工校对	high	magica/js/libs/itemList.json	/825/description	description	「调整屋硬币」的兑换道具	在「调整专家币」中用于兑换的道具	official_same_record_alignment	1_official_cn_dump_same_record	A:\magireco_cn_dump_20221010_decrypted_json\authority\authority.json#/itemList.json/GACHA_FREEBIE_343_MEDAL	□核对专名、数值、范围、回合与同族字段	逐字段变更；结构键与非字符串值不得改变
待人工校对	high	magica/js/libs/itemList.json	/826/description	description	「调整屋硬币」的兑换道具	在「调整专家币」中用于兑换的道具	official_same_record_alignment	1_official_cn_dump_same_record	A:\magireco_cn_dump_20221010_decrypted_json\authority\authority.json#/itemList.json/GACHA_FREEBIE_343_MEDAL	□核对专名、数值、范围、回合与同族字段	逐字段变更；结构键与非字符串值不得改变
待人工校对	high	magica/js/libs/itemList.json	/827/description	description	「调整屋硬币」的兑换道具	在「调整专家币」中用于兑换的道具	official_same_record_alignment	1_official_cn_dump_same_record	A:\magireco_cn_dump_20221010_decrypted_json\authority\authority.json#/itemList.json/GACHA_FREEBIE_343_MEDAL	□核对专名、数值、范围、回合与同族字段	逐字段变更；结构键与非字符串值不得改变
待人工校对	high	magica/js/libs/itemList.json	/828/description	description	「调整屋硬币」的兑换道具	在「调整专家币」中用于兑换的道具	official_same_record_alignment	1_official_cn_dump_same_record	A:\magireco_cn_dump_20221010_decrypted_json\authority\authority.json#/itemList.json/GACHA_FREEBIE_343_MEDAL	□核对专名、数值、范围、回合与同族字段	逐字段变更；结构键与非字符串值不得改变
待人工校对	high	magica/js/libs/itemList.json	/829/description	description	「调整屋硬币」的兑换道具	在「调整专家币」中用于兑换的道具	official_same_record_alignment	1_official_cn_dump_same_record	A:\magireco_cn_dump_20221010_decrypted_json\authority\authority.json#/itemList.json/GACHA_FREEBIE_343_MEDAL	□核对专名、数值、范围、回合与同族字段	逐字段变更；结构键与非字符串值不得改变
待人工校对	high	magica/js/libs/itemList.json	/830/description	description	「调整屋硬币」的兑换道具	在「调整专家币」中用于兑换的道具	official_same_record_alignment	1_official_cn_dump_same_record	A:\magireco_cn_dump_20221010_decrypted_json\authority\authority.json#/itemList.json/GACHA_FREEBIE_343_MEDAL	□核对专名、数值、范围、回合与同族字段	逐字段变更；结构键与非字符串值不得改变
待人工校对	high	magica/js/libs/itemList.json	/831/description	description	「调整屋硬币」的兑换道具	在「调整专家币」中用于兑换的道具	official_same_record_alignment	1_official_cn_dump_same_record	A:\magireco_cn_dump_20221010_decrypted_json\authority\authority.json#/itemList.json/GACHA_FREEBIE_343_MEDAL	□核对专名、数值、范围、回合与同族字段	逐字段变更；结构键与非字符串值不得改变
待人工校对	high	magica/js/libs/itemList.json	/832/description	description	「调整屋硬币」的兑换道具	在「调整专家币」中用于兑换的道具	official_same_record_alignment	1_official_cn_dump_same_record	A:\magireco_cn_dump_20221010_decrypted_json\authority\authority.json#/itemList.json/GACHA_FREEBIE_343_MEDAL	□核对专名、数值、范围、回合与同族字段	逐字段变更；结构键与非字符串值不得改变
待人工校对	high	magica/js/libs/itemList.json	/833/description	description	「调整屋硬币」的兑换道具	在「调整专家币」中用于兑换的道具	official_same_record_alignment	1_official_cn_dump_same_record	A:\magireco_cn_dump_20221010_decrypted_json\authority\authority.json#/itemList.json/GACHA_FREEBIE_343_MEDAL	□核对专名、数值、范围、回合与同族字段	逐字段变更；结构键与非字符串值不得改变
待人工校对	high	magica/js/libs/itemList.json	/834/description	description	「调整屋硬币」的兑换道具	在「调整专家币」中用于兑换的道具	official_same_record_alignment	1_official_cn_dump_same_record	A:\magireco_cn_dump_20221010_decrypted_json\authority\authority.json#/itemList.json/GACHA_FREEBIE_343_MEDAL	□核对专名、数值、范围、回合与同族字段	逐字段变更；结构键与非字符串值不得改变
待人工校对	high	magica/js/libs/itemList.json	/835/description	description	「调整屋硬币」的兑换道具	在「调整专家币」中用于兑换的道具	official_same_record_alignment	1_official_cn_dump_same_record	A:\magireco_cn_dump_20221010_decrypted_json\authority\authority.json#/itemList.json/GACHA_FREEBIE_343_MEDAL	□核对专名、数值、范围、回合与同族字段	逐字段变更；结构键与非字符串值不得改变
待人工校对	high	magica/js/libs/itemList.json	/836/description	description	「调整屋硬币」的兑换道具	在「调整专家币」中用于兑换的道具	official_same_record_alignment	1_official_cn_dump_same_record	A:\magireco_cn_dump_20221010_decrypted_json\authority\authority.json#/itemList.json/GACHA_FREEBIE_343_MEDAL	□核对专名、数值、范围、回合与同族字段	逐字段变更；结构键与非字符串值不得改变
待人工校对	high	magica/js/libs/itemList.json	/837/description	description	「调整屋硬币」的兑换道具	在「调整专家币」中用于兑换的道具	official_same_record_alignment	1_official_cn_dump_same_record	A:\magireco_cn_dump_20221010_decrypted_json\authority\authority.json#/itemList.json/GACHA_FREEBIE_343_MEDAL	□核对专名、数值、范围、回合与同族字段	逐字段变更；结构键与非字符串值不得改变
待人工校对	high	magica/js/libs/itemList.json	/838/description	description	「调整屋硬币」的兑换道具	在「调整专家币」中用于兑换的道具	official_same_record_alignment	1_official_cn_dump_same_record	A:\magireco_cn_dump_20221010_decrypted_json\authority\authority.json#/itemList.json/GACHA_FREEBIE_343_MEDAL	□核对专名、数值、范围、回合与同族字段	逐字段变更；结构键与非字符串值不得改变
待人工校对	high	magica/js/libs/itemList.json	/839/description	description	「调整屋硬币」的兑换道具	在「调整专家币」中用于兑换的道具	official_same_record_alignment	1_official_cn_dump_same_record	A:\magireco_cn_dump_20221010_decrypted_json\authority\authority.json#/itemList.json/GACHA_FREEBIE_343_MEDAL	□核对专名、数值、范围、回合与同族字段	逐字段变更；结构键与非字符串值不得改变
待人工校对	high	magica/js/libs/itemList.json	/841/description	description	「调整屋硬币」的兑换道具	在「调整专家币」中用于兑换的道具	official_same_record_alignment	1_official_cn_dump_same_record	A:\magireco_cn_dump_20221010_decrypted_json\authority\authority.json#/itemList.json/GACHA_FREEBIE_343_MEDAL	□核对专名、数值、范围、回合与同族字段	逐字段变更；结构键与非字符串值不得改变
待人工校对	high	magica/js/libs/itemList.json	/842/description	description	「调整屋硬币」的兑换道具	在「调整专家币」中用于兑换的道具	official_same_record_alignment	1_official_cn_dump_same_record	A:\magireco_cn_dump_20221010_decrypted_json\authority\authority.json#/itemList.json/GACHA_FREEBIE_343_MEDAL	□核对专名、数值、范围、回合与同族字段	逐字段变更；结构键与非字符串值不得改变
待人工校对	high	magica/js/libs/itemList.json	/843/description	description	「调整屋硬币」的兑换道具	在「调整专家币」中用于兑换的道具	official_same_record_alignment	1_official_cn_dump_same_record	A:\magireco_cn_dump_20221010_decrypted_json\authority\authority.json#/itemList.json/GACHA_FREEBIE_343_MEDAL	□核对专名、数值、范围、回合与同族字段	逐字段变更；结构键与非字符串值不得改变
待人工校对	high	magica/js/libs/itemList.json	/844/description	description	「调整屋硬币」的兑换道具	在「调整专家币」中用于兑换的道具	official_same_record_alignment	1_official_cn_dump_same_record	A:\magireco_cn_dump_20221010_decrypted_json\authority\authority.json#/itemList.json/GACHA_FREEBIE_343_MEDAL	□核对专名、数值、范围、回合与同族字段	逐字段变更；结构键与非字符串值不得改变
待人工校对	high	magica/js/libs/itemList.json	/845/description	description	「调整屋硬币」的兑换道具	在「调整专家币」中用于兑换的道具	official_same_record_alignment	1_official_cn_dump_same_record	A:\magireco_cn_dump_20221010_decrypted_json\authority\authority.json#/itemList.json/GACHA_FREEBIE_343_MEDAL	□核对专名、数值、范围、回合与同族字段	逐字段变更；结构键与非字符串值不得改变
待人工校对	high	magica/js/libs/itemList.json	/846/description	description	「调整屋硬币」的兑换道具	在「调整专家币」中用于兑换的道具	official_same_record_alignment	1_official_cn_dump_same_record	A:\magireco_cn_dump_20221010_decrypted_json\authority\authority.json#/itemList.json/GACHA_FREEBIE_343_MEDAL	□核对专名、数值、范围、回合与同族字段	逐字段变更；结构键与非字符串值不得改变
待人工校对	high	magica/js/libs/itemList.json	/847/description	description	「调整屋硬币」的兑换道具	在「调整专家币」中用于兑换的道具	official_same_record_alignment	1_official_cn_dump_same_record	A:\magireco_cn_dump_20221010_decrypted_json\authority\authority.json#/itemList.json/GACHA_FREEBIE_343_MEDAL	□核对专名、数值、范围、回合与同族字段	逐字段变更；结构键与非字符串值不得改变
待人工校对	high	magica/js/libs/itemList.json	/848/description	description	「调整屋硬币」的兑换道具	在「调整专家币」中用于兑换的道具	official_same_record_alignment	1_official_cn_dump_same_record	A:\magireco_cn_dump_20221010_decrypted_json\authority\authority.json#/itemList.json/GACHA_FREEBIE_343_MEDAL	□核对专名、数值、范围、回合与同族字段	逐字段变更；结构键与非字符串值不得改变
待人工校对	high	magica/js/libs/itemList.json	/849/description	description	「调整屋硬币」的兑换道具	在「调整专家币」中用于兑换的道具	official_same_record_alignment	1_official_cn_dump_same_record	A:\magireco_cn_dump_20221010_decrypted_json\authority\authority.json#/itemList.json/GACHA_FREEBIE_343_MEDAL	□核对专名、数值、范围、回合与同族字段	逐字段变更；结构键与非字符串值不得改变
待人工校对	high	magica/js/libs/itemList.json	/850/description	description	「调整屋硬币」的兑换道具	在「调整专家币」中用于兑换的道具	official_same_record_alignment	1_official_cn_dump_same_record	A:\magireco_cn_dump_20221010_decrypted_json\authority\authority.json#/itemList.json/GACHA_FREEBIE_343_MEDAL	□核对专名、数值、范围、回合与同族字段	逐字段变更；结构键与非字符串值不得改变
待人工校对	high	magica/js/libs/itemList.json	/851/description	description	「调整屋硬币」的兑换道具	在「调整专家币」中用于兑换的道具	official_same_record_alignment	1_official_cn_dump_same_record	A:\magireco_cn_dump_20221010_decrypted_json\authority\authority.json#/itemList.json/GACHA_FREEBIE_343_MEDAL	□核对专名、数值、范围、回合与同族字段	逐字段变更；结构键与非字符串值不得改变
待人工校对	high	magica/js/libs/itemList.json	/852/description	description	「调整屋硬币」的兑换道具	在「调整专家币」中用于兑换的道具	official_same_record_alignment	1_official_cn_dump_same_record	A:\magireco_cn_dump_20221010_decrypted_json\authority\authority.json#/itemList.json/GACHA_FREEBIE_343_MEDAL	□核对专名、数值、范围、回合与同族字段	逐字段变更；结构键与非字符串值不得改变
待人工校对	high	magica/js/libs/itemList.json	/853/description	description	「调整屋硬币」的兑换道具	在「调整专家币」中用于兑换的道具	official_same_record_alignment	1_official_cn_dump_same_record	A:\magireco_cn_dump_20221010_decrypted_json\authority\authority.json#/itemList.json/GACHA_FREEBIE_343_MEDAL	□核对专名、数值、范围、回合与同族字段	逐字段变更；结构键与非字符串值不得改变
待人工校对	high	magica/js/libs/itemList.json	/854/description	description	「调整屋硬币」的兑换道具	在「调整专家币」中用于兑换的道具	official_same_record_alignment	1_official_cn_dump_same_record	A:\magireco_cn_dump_20221010_decrypted_json\authority\authority.json#/itemList.json/GACHA_FREEBIE_343_MEDAL	□核对专名、数值、范围、回合与同族字段	逐字段变更；结构键与非字符串值不得改变
待人工校对	high	magica/js/libs/itemList.json	/855/description	description	「调整屋硬币」的兑换道具	在「调整专家币」中用于兑换的道具	official_same_record_alignment	1_official_cn_dump_same_record	A:\magireco_cn_dump_20221010_decrypted_json\authority\authority.json#/itemList.json/GACHA_FREEBIE_343_MEDAL	□核对专名、数值、范围、回合与同族字段	逐字段变更；结构键与非字符串值不得改变
待人工校对	high	magica/js/libs/itemList.json	/856/description	description	「调整屋硬币」的兑换道具	在「调整专家币」中用于兑换的道具	official_same_record_alignment	1_official_cn_dump_same_record	A:\magireco_cn_dump_20221010_decrypted_json\authority\authority.json#/itemList.json/GACHA_FREEBIE_343_MEDAL	□核对专名、数值、范围、回合与同族字段	逐字段变更；结构键与非字符串值不得改变
待人工校对	high	magica/js/libs/itemList.json	/857/description	description	「调整屋硬币」的兑换道具	在「调整专家币」中用于兑换的道具	official_same_record_alignment	1_official_cn_dump_same_record	A:\magireco_cn_dump_20221010_decrypted_json\authority\authority.json#/itemList.json/GACHA_FREEBIE_343_MEDAL	□核对专名、数值、范围、回合与同族字段	逐字段变更；结构键与非字符串值不得改变
待人工校对	high	magica/js/libs/itemList.json	/858/description	description	「调整屋硬币」的兑换道具	在「调整专家币」中用于兑换的道具	official_same_record_alignment	1_official_cn_dump_same_record	A:\magireco_cn_dump_20221010_decrypted_json\authority\authority.json#/itemList.json/GACHA_FREEBIE_343_MEDAL	□核对专名、数值、范围、回合与同族字段	逐字段变更；结构键与非字符串值不得改变
待人工校对	high	magica/js/libs/itemList.json	/859/description	description	「调整屋硬币」的兑换道具	在「调整专家币」中用于兑换的道具	official_same_record_alignment	1_official_cn_dump_same_record	A:\magireco_cn_dump_20221010_decrypted_json\authority\authority.json#/itemList.json/GACHA_FREEBIE_343_MEDAL	□核对专名、数值、范围、回合与同族字段	逐字段变更；结构键与非字符串值不得改变
待人工校对	high	magica/js/libs/itemList.json	/860/description	description	「调整屋硬币」的兑换道具	在「调整专家币」中用于兑换的道具	official_same_record_alignment	1_official_cn_dump_same_record	A:\magireco_cn_dump_20221010_decrypted_json\authority\authority.json#/itemList.json/GACHA_FREEBIE_343_MEDAL	□核对专名、数值、范围、回合与同族字段	逐字段变更；结构键与非字符串值不得改变
待人工校对	high	magica/js/libs/itemList.json	/861/description	description	「调整屋硬币」的兑换道具	在「调整专家币」中用于兑换的道具	official_same_record_alignment	1_official_cn_dump_same_record	A:\magireco_cn_dump_20221010_decrypted_json\authority\authority.json#/itemList.json/GACHA_FREEBIE_343_MEDAL	□核对专名、数值、范围、回合与同族字段	逐字段变更；结构键与非字符串值不得改变
待人工校对	high	magica/js/libs/itemList.json	/862/description	description	「调整屋硬币」的兑换道具	在「调整专家币」中用于兑换的道具	official_same_record_alignment	1_official_cn_dump_same_record	A:\magireco_cn_dump_20221010_decrypted_json\authority\authority.json#/itemList.json/GACHA_FREEBIE_343_MEDAL	□核对专名、数值、范围、回合与同族字段	逐字段变更；结构键与非字符串值不得改变
待人工校对	high	magica/js/libs/itemList.json	/863/description	description	「调整屋硬币」的兑换道具	在「调整专家币」中用于兑换的道具	official_same_record_alignment	1_official_cn_dump_same_record	A:\magireco_cn_dump_20221010_decrypted_json\authority\authority.json#/itemList.json/GACHA_FREEBIE_343_MEDAL	□核对专名、数值、范围、回合与同族字段	逐字段变更；结构键与非字符串值不得改变
待人工校对	high	magica/js/libs/itemList.json	/864/description	description	「调整屋硬币」的兑换道具	在「调整专家币」中用于兑换的道具	official_same_record_alignment	1_official_cn_dump_same_record	A:\magireco_cn_dump_20221010_decrypted_json\authority\authority.json#/itemList.json/GACHA_FREEBIE_343_MEDAL	□核对专名、数值、范围、回合与同族字段	逐字段变更；结构键与非字符串值不得改变
待人工校对	high	magica/js/libs/itemList.json	/865/description	description	「调整屋硬币」的兑换道具	在「调整专家币」中用于兑换的道具	official_same_record_alignment	1_official_cn_dump_same_record	A:\magireco_cn_dump_20221010_decrypted_json\authority\authority.json#/itemList.json/GACHA_FREEBIE_343_MEDAL	□核对专名、数值、范围、回合与同族字段	逐字段变更；结构键与非字符串值不得改变
待人工校对	high	magica/js/libs/itemList.json	/866/description	description	「调整屋硬币」的兑换道具	在「调整专家币」中用于兑换的道具	official_same_record_alignment	1_official_cn_dump_same_record	A:\magireco_cn_dump_20221010_decrypted_json\authority\authority.json#/itemList.json/GACHA_FREEBIE_343_MEDAL	□核对专名、数值、范围、回合与同族字段	逐字段变更；结构键与非字符串值不得改变
待人工校对	high	magica/js/libs/itemList.json	/867/description	description	「调整屋硬币」的兑换道具	在「调整专家币」中用于兑换的道具	official_same_record_alignment	1_official_cn_dump_same_record	A:\magireco_cn_dump_20221010_decrypted_json\authority\authority.json#/itemList.json/GACHA_FREEBIE_343_MEDAL	□核对专名、数值、范围、回合与同族字段	逐字段变更；结构键与非字符串值不得改变
待人工校对	high	magica/js/libs/itemList.json	/869/description	description	「调整屋硬币」的兑换道具	在「调整专家币」中用于兑换的道具	official_same_record_alignment	1_official_cn_dump_same_record	A:\magireco_cn_dump_20221010_decrypted_json\authority\authority.json#/itemList.json/GACHA_FREEBIE_343_MEDAL	□核对专名、数值、范围、回合与同族字段	逐字段变更；结构键与非字符串值不得改变
待人工校对	high	magica/js/libs/itemList.json	/870/description	description	「调整屋硬币」的兑换道具	在「调整专家币」中用于兑换的道具	official_same_record_alignment	1_official_cn_dump_same_record	A:\magireco_cn_dump_20221010_decrypted_json\authority\authority.json#/itemList.json/GACHA_FREEBIE_343_MEDAL	□核对专名、数值、范围、回合与同族字段	逐字段变更；结构键与非字符串值不得改变
待人工校对	high	magica/js/libs/itemList.json	/871/description	description	「调整屋硬币」的兑换道具	在「调整专家币」中用于兑换的道具	official_same_record_alignment	1_official_cn_dump_same_record	A:\magireco_cn_dump_20221010_decrypted_json\authority\authority.json#/itemList.json/GACHA_FREEBIE_343_MEDAL	□核对专名、数值、范围、回合与同族字段	逐字段变更；结构键与非字符串值不得改变
待人工校对	high	magica/js/libs/itemList.json	/872/description	description	「调整屋硬币」的兑换道具	在「调整专家币」中用于兑换的道具	official_same_record_alignment	1_official_cn_dump_same_record	A:\magireco_cn_dump_20221010_decrypted_json\authority\authority.json#/itemList.json/GACHA_FREEBIE_343_MEDAL	□核对专名、数值、范围、回合与同族字段	逐字段变更；结构键与非字符串值不得改变
待人工校对	high	magica/js/libs/itemList.json	/873/description	description	「调整屋硬币」的兑换道具	在「调整专家币」中用于兑换的道具	official_same_record_alignment	1_official_cn_dump_same_record	A:\magireco_cn_dump_20221010_decrypted_json\authority\authority.json#/itemList.json/GACHA_FREEBIE_343_MEDAL	□核对专名、数值、范围、回合与同族字段	逐字段变更；结构键与非字符串值不得改变
待人工校对	high	magica/js/libs/itemList.json	/874/description	description	「调整屋硬币」的兑换道具	在「调整专家币」中用于兑换的道具	official_same_record_alignment	1_official_cn_dump_same_record	A:\magireco_cn_dump_20221010_decrypted_json\authority\authority.json#/itemList.json/GACHA_FREEBIE_343_MEDAL	□核对专名、数值、范围、回合与同族字段	逐字段变更；结构键与非字符串值不得改变
待人工校对	high	magica/js/libs/itemList.json	/875/description	description	「调整屋硬币」的兑换道具	在「调整专家币」中用于兑换的道具	official_same_record_alignment	1_official_cn_dump_same_record	A:\magireco_cn_dump_20221010_decrypted_json\authority\authority.json#/itemList.json/GACHA_FREEBIE_343_MEDAL	□核对专名、数值、范围、回合与同族字段	逐字段变更；结构键与非字符串值不得改变
待人工校对	high	magica/js/libs/itemList.json	/876/description	description	「调整屋硬币」的兑换道具	在「调整专家币」中用于兑换的道具	official_same_record_alignment	1_official_cn_dump_same_record	A:\magireco_cn_dump_20221010_decrypted_json\authority\authority.json#/itemList.json/GACHA_FREEBIE_343_MEDAL	□核对专名、数值、范围、回合与同族字段	逐字段变更；结构键与非字符串值不得改变
待人工校对	high	magica/js/libs/itemList.json	/877/description	description	「调整屋硬币」的兑换道具	在「调整专家币」中用于兑换的道具	official_same_record_alignment	1_official_cn_dump_same_record	A:\magireco_cn_dump_20221010_decrypted_json\authority\authority.json#/itemList.json/GACHA_FREEBIE_343_MEDAL	□核对专名、数值、范围、回合与同族字段	逐字段变更；结构键与非字符串值不得改变
待人工校对	high	magica/js/libs/itemList.json	/878/description	description	「调整屋硬币」的兑换道具	在「调整专家币」中用于兑换的道具	official_same_record_alignment	1_official_cn_dump_same_record	A:\magireco_cn_dump_20221010_decrypted_json\authority\authority.json#/itemList.json/GACHA_FREEBIE_343_MEDAL	□核对专名、数值、范围、回合与同族字段	逐字段变更；结构键与非字符串值不得改变
待人工校对	high	magica/js/libs/itemList.json	/879/description	description	「调整屋硬币」的兑换道具	在「调整专家币」中用于兑换的道具	official_same_record_alignment	1_official_cn_dump_same_record	A:\magireco_cn_dump_20221010_decrypted_json\authority\authority.json#/itemList.json/GACHA_FREEBIE_343_MEDAL	□核对专名、数值、范围、回合与同族字段	逐字段变更；结构键与非字符串值不得改变
待人工校对	high	magica/js/libs/itemList.json	/880/description	description	「调整屋硬币」的兑换道具	在「调整专家币」中用于兑换的道具	official_same_record_alignment	1_official_cn_dump_same_record	A:\magireco_cn_dump_20221010_decrypted_json\authority\authority.json#/itemList.json/GACHA_FREEBIE_343_MEDAL	□核对专名、数值、范围、回合与同族字段	逐字段变更；结构键与非字符串值不得改变
待人工校对	high	magica/js/libs/itemList.json	/881/description	description	「调整屋硬币」的兑换道具	在「调整专家币」中用于兑换的道具	official_same_record_alignment	1_official_cn_dump_same_record	A:\magireco_cn_dump_20221010_decrypted_json\authority\authority.json#/itemList.json/GACHA_FREEBIE_343_MEDAL	□核对专名、数值、范围、回合与同族字段	逐字段变更；结构键与非字符串值不得改变
待人工校对	high	magica/js/libs/itemList.json	/882/description	description	「调整屋硬币」的兑换道具	在「调整专家币」中用于兑换的道具	official_same_record_alignment	1_official_cn_dump_same_record	A:\magireco_cn_dump_20221010_decrypted_json\authority\authority.json#/itemList.json/GACHA_FREEBIE_343_MEDAL	□核对专名、数值、范围、回合与同族字段	逐字段变更；结构键与非字符串值不得改变
待人工校对	high	magica/js/libs/itemList.json	/883/description	description	「调整屋硬币」的兑换道具	在「调整专家币」中用于兑换的道具	official_same_record_alignment	1_official_cn_dump_same_record	A:\magireco_cn_dump_20221010_decrypted_json\authority\authority.json#/itemList.json/GACHA_FREEBIE_343_MEDAL	□核对专名、数值、范围、回合与同族字段	逐字段变更；结构键与非字符串值不得改变
待人工校对	high	magica/js/libs/itemList.json	/884/description	description	「调整屋硬币」的兑换道具	在「调整专家币」中用于兑换的道具	official_same_record_alignment	1_official_cn_dump_same_record	A:\magireco_cn_dump_20221010_decrypted_json\authority\authority.json#/itemList.json/GACHA_FREEBIE_343_MEDAL	□核对专名、数值、范围、回合与同族字段	逐字段变更；结构键与非字符串值不得改变
待人工校对	high	magica/js/libs/itemList.json	/885/description	description	「调整屋硬币」的兑换道具	在「调整专家币」中用于兑换的道具	official_same_record_alignment	1_official_cn_dump_same_record	A:\magireco_cn_dump_20221010_decrypted_json\authority\authority.json#/itemList.json/GACHA_FREEBIE_343_MEDAL	□核对专名、数值、范围、回合与同族字段	逐字段变更；结构键与非字符串值不得改变
待人工校对	high	magica/js/libs/itemList.json	/886/description	description	「调整屋硬币」的兑换道具	在「调整专家币」中用于兑换的道具	official_same_record_alignment	1_official_cn_dump_same_record	A:\magireco_cn_dump_20221010_decrypted_json\authority\authority.json#/itemList.json/GACHA_FREEBIE_343_MEDAL	□核对专名、数值、范围、回合与同族字段	逐字段变更；结构键与非字符串值不得改变
待人工校对	high	magica/js/libs/itemList.json	/889/description	description	「调整屋硬币」的兑换道具	在「调整专家币」中用于兑换的道具	official_same_record_alignment	1_official_cn_dump_same_record	A:\magireco_cn_dump_20221010_decrypted_json\authority\authority.json#/itemList.json/GACHA_FREEBIE_343_MEDAL	□核对专名、数值、范围、回合与同族字段	逐字段变更；结构键与非字符串值不得改变
待人工校对	high	magica/js/libs/itemList.json	/890/description	description	「调整屋硬币」的兑换道具	在「调整专家币」中用于兑换的道具	official_same_record_alignment	1_official_cn_dump_same_record	A:\magireco_cn_dump_20221010_decrypted_json\authority\authority.json#/itemList.json/GACHA_FREEBIE_343_MEDAL	□核对专名、数值、范围、回合与同族字段	逐字段变更；结构键与非字符串值不得改变
待人工校对	high	magica/js/libs/itemList.json	/891/description	description	「调整屋硬币」的兑换道具	在「调整专家币」中用于兑换的道具	official_same_record_alignment	1_official_cn_dump_same_record	A:\magireco_cn_dump_20221010_decrypted_json\authority\authority.json#/itemList.json/GACHA_FREEBIE_343_MEDAL	□核对专名、数值、范围、回合与同族字段	逐字段变更；结构键与非字符串值不得改变
待人工校对	high	magica/js/libs/itemList.json	/892/description	description	「调整屋硬币」的兑换道具	在「调整专家币」中用于兑换的道具	official_same_record_alignment	1_official_cn_dump_same_record	A:\magireco_cn_dump_20221010_decrypted_json\authority\authority.json#/itemList.json/GACHA_FREEBIE_343_MEDAL	□核对专名、数值、范围、回合与同族字段	逐字段变更；结构键与非字符串值不得改变
待人工校对	high	magica/js/libs/itemList.json	/893/description	description	「调整屋硬币」的兑换道具	在「调整专家币」中用于兑换的道具	official_same_record_alignment	1_official_cn_dump_same_record	A:\magireco_cn_dump_20221010_decrypted_json\authority\authority.json#/itemList.json/GACHA_FREEBIE_343_MEDAL	□核对专名、数值、范围、回合与同族字段	逐字段变更；结构键与非字符串值不得改变
待人工校对	high	magica/js/libs/itemList.json	/894/description	description	「调整屋硬币」的兑换道具	在「调整专家币」中用于兑换的道具	official_same_record_alignment	1_official_cn_dump_same_record	A:\magireco_cn_dump_20221010_decrypted_json\authority\authority.json#/itemList.json/GACHA_FREEBIE_343_MEDAL	□核对专名、数值、范围、回合与同族字段	逐字段变更；结构键与非字符串值不得改变
待人工校对	high	magica/js/libs/itemList.json	/895/description	description	「调整屋硬币」的兑换道具	在「调整专家币」中用于兑换的道具	official_same_record_alignment	1_official_cn_dump_same_record	A:\magireco_cn_dump_20221010_decrypted_json\authority\authority.json#/itemList.json/GACHA_FREEBIE_343_MEDAL	□核对专名、数值、范围、回合与同族字段	逐字段变更；结构键与非字符串值不得改变
待人工校对	high	magica/js/libs/itemList.json	/896/description	description	「调整屋硬币」的兑换道具	在「调整专家币」中用于兑换的道具	official_same_record_alignment	1_official_cn_dump_same_record	A:\magireco_cn_dump_20221010_decrypted_json\authority\authority.json#/itemList.json/GACHA_FREEBIE_343_MEDAL	□核对专名、数值、范围、回合与同族字段	逐字段变更；结构键与非字符串值不得改变
待人工校对	high	magica/js/libs/itemList.json	/897/description	description	「调整屋硬币」的兑换道具	在「调整专家币」中用于兑换的道具	official_same_record_alignment	1_official_cn_dump_same_record	A:\magireco_cn_dump_20221010_decrypted_json\authority\authority.json#/itemList.json/GACHA_FREEBIE_343_MEDAL	□核对专名、数值、范围、回合与同族字段	逐字段变更；结构键与非字符串值不得改变
待人工校对	high	magica/js/libs/itemList.json	/898/description	description	「调整屋硬币」的兑换道具	在「调整专家币」中用于兑换的道具	official_same_record_alignment	1_official_cn_dump_same_record	A:\magireco_cn_dump_20221010_decrypted_json\authority\authority.json#/itemList.json/GACHA_FREEBIE_343_MEDAL	□核对专名、数值、范围、回合与同族字段	逐字段变更；结构键与非字符串值不得改变
待人工校对	high	magica/js/libs/itemList.json	/899/description	description	「调整屋硬币」的兑换道具	在「调整专家币」中用于兑换的道具	official_same_record_alignment	1_official_cn_dump_same_record	A:\magireco_cn_dump_20221010_decrypted_json\authority\authority.json#/itemList.json/GACHA_FREEBIE_343_MEDAL	□核对专名、数值、范围、回合与同族字段	逐字段变更；结构键与非字符串值不得改变
待人工校对	high	magica/js/libs/itemList.json	/900/description	description	「调整屋硬币」的兑换道具	在「调整专家币」中用于兑换的道具	official_same_record_alignment	1_official_cn_dump_same_record	A:\magireco_cn_dump_20221010_decrypted_json\authority\authority.json#/itemList.json/GACHA_FREEBIE_343_MEDAL	□核对专名、数值、范围、回合与同族字段	逐字段变更；结构键与非字符串值不得改变
待人工校对	high	magica/js/libs/itemList.json	/901/description	description	「调整屋硬币」的兑换道具	在「调整专家币」中用于兑换的道具	official_same_record_alignment	1_official_cn_dump_same_record	A:\magireco_cn_dump_20221010_decrypted_json\authority\authority.json#/itemList.json/GACHA_FREEBIE_343_MEDAL	□核对专名、数值、范围、回合与同族字段	逐字段变更；结构键与非字符串值不得改变
待人工校对	high	magica/js/libs/itemList.json	/902/description	description	「调整屋硬币」的兑换道具	在「调整专家币」中用于兑换的道具	official_same_record_alignment	1_official_cn_dump_same_record	A:\magireco_cn_dump_20221010_decrypted_json\authority\authority.json#/itemList.json/GACHA_FREEBIE_343_MEDAL	□核对专名、数值、范围、回合与同族字段	逐字段变更；结构键与非字符串值不得改变
待人工校对	high	magica/js/libs/itemList.json	/903/description	description	「调整屋硬币」的兑换道具	在「调整专家币」中用于兑换的道具	official_same_record_alignment	1_official_cn_dump_same_record	A:\magireco_cn_dump_20221010_decrypted_json\authority\authority.json#/itemList.json/GACHA_FREEBIE_343_MEDAL	□核对专名、数值、范围、回合与同族字段	逐字段变更；结构键与非字符串值不得改变
待人工校对	high	magica/js/libs/itemList.json	/905/description	description	「调整屋硬币」的兑换道具	在「调整专家币」中用于兑换的道具	official_same_record_alignment	1_official_cn_dump_same_record	A:\magireco_cn_dump_20221010_decrypted_json\authority\authority.json#/itemList.json/GACHA_FREEBIE_343_MEDAL	□核对专名、数值、范围、回合与同族字段	逐字段变更；结构键与非字符串值不得改变
待人工校对	high	magica/js/libs/itemList.json	/906/description	description	「调整屋硬币」的兑换道具	在「调整专家币」中用于兑换的道具	official_same_record_alignment	1_official_cn_dump_same_record	A:\magireco_cn_dump_20221010_decrypted_json\authority\authority.json#/itemList.json/GACHA_FREEBIE_343_MEDAL	□核对专名、数值、范围、回合与同族字段	逐字段变更；结构键与非字符串值不得改变
待人工校对	high	magica/js/libs/itemList.json	/907/description	description	「调整屋硬币」的兑换道具	在「调整专家币」中用于兑换的道具	official_same_record_alignment	1_official_cn_dump_same_record	A:\magireco_cn_dump_20221010_decrypted_json\authority\authority.json#/itemList.json/GACHA_FREEBIE_343_MEDAL	□核对专名、数值、范围、回合与同族字段	逐字段变更；结构键与非字符串值不得改变
待人工校对	high	magica/js/libs/itemList.json	/908/description	description	「调整屋硬币」的兑换道具	在「调整专家币」中用于兑换的道具	official_same_record_alignment	1_official_cn_dump_same_record	A:\magireco_cn_dump_20221010_decrypted_json\authority\authority.json#/itemList.json/GACHA_FREEBIE_343_MEDAL	□核对专名、数值、范围、回合与同族字段	逐字段变更；结构键与非字符串值不得改变
待人工校对	high	magica/js/libs/itemList.json	/909/description	description	「调整屋硬币」的兑换道具	在「调整专家币」中用于兑换的道具	official_same_record_alignment	1_official_cn_dump_same_record	A:\magireco_cn_dump_20221010_decrypted_json\authority\authority.json#/itemList.json/GACHA_FREEBIE_343_MEDAL	□核对专名、数值、范围、回合与同族字段	逐字段变更；结构键与非字符串值不得改变
待人工校对	high	magica/js/libs/itemList.json	/910/description	description	「调整屋硬币」的兑换道具	在「调整专家币」中用于兑换的道具	official_same_record_alignment	1_official_cn_dump_same_record	A:\magireco_cn_dump_20221010_decrypted_json\authority\authority.json#/itemList.json/GACHA_FREEBIE_343_MEDAL	□核对专名、数值、范围、回合与同族字段	逐字段变更；结构键与非字符串值不得改变
待人工校对	high	magica/js/libs/itemList.json	/911/description	description	「调整屋硬币」的兑换道具	在「调整专家币」中用于兑换的道具	official_same_record_alignment	1_official_cn_dump_same_record	A:\magireco_cn_dump_20221010_decrypted_json\authority\authority.json#/itemList.json/GACHA_FREEBIE_343_MEDAL	□核对专名、数值、范围、回合与同族字段	逐字段变更；结构键与非字符串值不得改变
待人工校对	high	magica/js/libs/itemList.json	/912/description	description	「调整屋硬币」的兑换道具	在「调整专家币」中用于兑换的道具	official_same_record_alignment	1_official_cn_dump_same_record	A:\magireco_cn_dump_20221010_decrypted_json\authority\authority.json#/itemList.json/GACHA_FREEBIE_343_MEDAL	□核对专名、数值、范围、回合与同族字段	逐字段变更；结构键与非字符串值不得改变
待人工校对	high	magica/js/libs/itemList.json	/913/description	description	「调整屋硬币」的兑换道具	在「调整专家币」中用于兑换的道具	official_same_record_alignment	1_official_cn_dump_same_record	A:\magireco_cn_dump_20221010_decrypted_json\authority\authority.json#/itemList.json/GACHA_FREEBIE_343_MEDAL	□核对专名、数值、范围、回合与同族字段	逐字段变更；结构键与非字符串值不得改变
待人工校对	high	magica/js/libs/itemList.json	/914/description	description	「调整屋硬币」的兑换道具	在「调整专家币」中用于兑换的道具	official_same_record_alignment	1_official_cn_dump_same_record	A:\magireco_cn_dump_20221010_decrypted_json\authority\authority.json#/itemList.json/GACHA_FREEBIE_343_MEDAL	□核对专名、数值、范围、回合与同族字段	逐字段变更；结构键与非字符串值不得改变
待人工校对	high	magica/js/libs/itemList.json	/915/description	description	「调整屋硬币」的兑换道具	在「调整专家币」中用于兑换的道具	official_same_record_alignment	1_official_cn_dump_same_record	A:\magireco_cn_dump_20221010_decrypted_json\authority\authority.json#/itemList.json/GACHA_FREEBIE_343_MEDAL	□核对专名、数值、范围、回合与同族字段	逐字段变更；结构键与非字符串值不得改变
待人工校对	high	magica/js/libs/itemList.json	/916/description	description	「调整屋硬币」的兑换道具	在「调整专家币」中用于兑换的道具	official_same_record_alignment	1_official_cn_dump_same_record	A:\magireco_cn_dump_20221010_decrypted_json\authority\authority.json#/itemList.json/GACHA_FREEBIE_343_MEDAL	□核对专名、数值、范围、回合与同族字段	逐字段变更；结构键与非字符串值不得改变
待人工校对	high	magica/js/libs/itemList.json	/917/description	description	「调整屋硬币」的兑换道具	在「调整专家币」中用于兑换的道具	official_same_record_alignment	1_official_cn_dump_same_record	A:\magireco_cn_dump_20221010_decrypted_json\authority\authority.json#/itemList.json/GACHA_FREEBIE_343_MEDAL	□核对专名、数值、范围、回合与同族字段	逐字段变更；结构键与非字符串值不得改变
待人工校对	high	magica/js/libs/itemList.json	/918/description	description	「调整屋硬币」的兑换道具	在「调整专家币」中用于兑换的道具	official_same_record_alignment	1_official_cn_dump_same_record	A:\magireco_cn_dump_20221010_decrypted_json\authority\authority.json#/itemList.json/GACHA_FREEBIE_343_MEDAL	□核对专名、数值、范围、回合与同族字段	逐字段变更；结构键与非字符串值不得改变
待人工校对	high	magica/js/libs/itemList.json	/919/description	description	「调整屋硬币」的兑换道具	在「调整专家币」中用于兑换的道具	official_same_record_alignment	1_official_cn_dump_same_record	A:\magireco_cn_dump_20221010_decrypted_json\authority\authority.json#/itemList.json/GACHA_FREEBIE_343_MEDAL	□核对专名、数值、范围、回合与同族字段	逐字段变更；结构键与非字符串值不得改变
待人工校对	high	magica/js/libs/itemList.json	/920/description	description	「调整屋硬币」的兑换道具	在「调整专家币」中用于兑换的道具	official_same_record_alignment	1_official_cn_dump_same_record	A:\magireco_cn_dump_20221010_decrypted_json\authority\authority.json#/itemList.json/GACHA_FREEBIE_343_MEDAL	□核对专名、数值、范围、回合与同族字段	逐字段变更；结构键与非字符串值不得改变
待人工校对	high	magica/js/libs/itemList.json	/921/description	description	「调整屋硬币」的兑换道具	在「调整专家币」中用于兑换的道具	official_same_record_alignment	1_official_cn_dump_same_record	A:\magireco_cn_dump_20221010_decrypted_json\authority\authority.json#/itemList.json/GACHA_FREEBIE_343_MEDAL	□核对专名、数值、范围、回合与同族字段	逐字段变更；结构键与非字符串值不得改变
待人工校对	high	magica/js/libs/itemList.json	/922/description	description	「调整屋硬币」的兑换道具	在「调整专家币」中用于兑换的道具	official_same_record_alignment	1_official_cn_dump_same_record	A:\magireco_cn_dump_20221010_decrypted_json\authority\authority.json#/itemList.json/GACHA_FREEBIE_343_MEDAL	□核对专名、数值、范围、回合与同族字段	逐字段变更；结构键与非字符串值不得改变
待人工校对	high	magica/js/libs/itemList.json	/923/description	description	「调整屋硬币」的兑换道具	在「调整专家币」中用于兑换的道具	official_same_record_alignment	1_official_cn_dump_same_record	A:\magireco_cn_dump_20221010_decrypted_json\authority\authority.json#/itemList.json/GACHA_FREEBIE_343_MEDAL	□核对专名、数值、范围、回合与同族字段	逐字段变更；结构键与非字符串值不得改变
待人工校对	high	magica/js/libs/itemList.json	/925/description	description	「调整屋硬币」的兑换道具	在「调整专家币」中用于兑换的道具	official_same_record_alignment	1_official_cn_dump_same_record	A:\magireco_cn_dump_20221010_decrypted_json\authority\authority.json#/itemList.json/GACHA_FREEBIE_343_MEDAL	□核对专名、数值、范围、回合与同族字段	逐字段变更；结构键与非字符串值不得改变
待人工校对	high	magica/js/libs/itemList.json	/926/description	description	「调整屋硬币」的兑换道具	在「调整专家币」中用于兑换的道具	official_same_record_alignment	1_official_cn_dump_same_record	A:\magireco_cn_dump_20221010_decrypted_json\authority\authority.json#/itemList.json/GACHA_FREEBIE_343_MEDAL	□核对专名、数值、范围、回合与同族字段	逐字段变更；结构键与非字符串值不得改变
待人工校对	high	magica/js/libs/itemList.json	/927/description	description	「调整屋硬币」的兑换道具	在「调整专家币」中用于兑换的道具	official_same_record_alignment	1_official_cn_dump_same_record	A:\magireco_cn_dump_20221010_decrypted_json\authority\authority.json#/itemList.json/GACHA_FREEBIE_343_MEDAL	□核对专名、数值、范围、回合与同族字段	逐字段变更；结构键与非字符串值不得改变
待人工校对	high	magica/js/libs/itemList.json	/928/description	description	「调整屋硬币」的兑换道具	在「调整专家币」中用于兑换的道具	official_same_record_alignment	1_official_cn_dump_same_record	A:\magireco_cn_dump_20221010_decrypted_json\authority\authority.json#/itemList.json/GACHA_FREEBIE_343_MEDAL	□核对专名、数值、范围、回合与同族字段	逐字段变更；结构键与非字符串值不得改变
待人工校对	high	magica/js/libs/itemList.json	/929/description	description	「调整屋硬币」的兑换道具	在「调整专家币」中用于兑换的道具	official_same_record_alignment	1_official_cn_dump_same_record	A:\magireco_cn_dump_20221010_decrypted_json\authority\authority.json#/itemList.json/GACHA_FREEBIE_343_MEDAL	□核对专名、数值、范围、回合与同族字段	逐字段变更；结构键与非字符串值不得改变
待人工校对	high	magica/js/libs/itemList.json	/930/description	description	「调整屋硬币」的兑换道具	在「调整专家币」中用于兑换的道具	official_same_record_alignment	1_official_cn_dump_same_record	A:\magireco_cn_dump_20221010_decrypted_json\authority\authority.json#/itemList.json/GACHA_FREEBIE_343_MEDAL	□核对专名、数值、范围、回合与同族字段	逐字段变更；结构键与非字符串值不得改变
待人工校对	high	magica/js/libs/itemList.json	/931/description	description	「调整屋硬币」的兑换道具	在「调整专家币」中用于兑换的道具	official_same_record_alignment	1_official_cn_dump_same_record	A:\magireco_cn_dump_20221010_decrypted_json\authority\authority.json#/itemList.json/GACHA_FREEBIE_343_MEDAL	□核对专名、数值、范围、回合与同族字段	逐字段变更；结构键与非字符串值不得改变
待人工校对	high	magica/js/libs/itemList.json	/932/description	description	「调整屋硬币」的兑换道具	在「调整专家币」中用于兑换的道具	official_same_record_alignment	1_official_cn_dump_same_record	A:\magireco_cn_dump_20221010_decrypted_json\authority\authority.json#/itemList.json/GACHA_FREEBIE_343_MEDAL	□核对专名、数值、范围、回合与同族字段	逐字段变更；结构键与非字符串值不得改变
待人工校对	high	magica/js/libs/itemList.json	/933/description	description	「调整屋硬币」的兑换道具	在「调整专家币」中用于兑换的道具	official_same_record_alignment	1_official_cn_dump_same_record	A:\magireco_cn_dump_20221010_decrypted_json\authority\authority.json#/itemList.json/GACHA_FREEBIE_343_MEDAL	□核对专名、数值、范围、回合与同族字段	逐字段变更；结构键与非字符串值不得改变
待人工校对	high	magica/js/libs/itemList.json	/934/description	description	「调整屋硬币」的兑换道具	在「调整专家币」中用于兑换的道具	official_same_record_alignment	1_official_cn_dump_same_record	A:\magireco_cn_dump_20221010_decrypted_json\authority\authority.json#/itemList.json/GACHA_FREEBIE_343_MEDAL	□核对专名、数值、范围、回合与同族字段	逐字段变更；结构键与非字符串值不得改变
待人工校对	high	magica/js/libs/itemList.json	/935/description	description	「调整屋硬币」的兑换道具	在「调整专家币」中用于兑换的道具	official_same_record_alignment	1_official_cn_dump_same_record	A:\magireco_cn_dump_20221010_decrypted_json\authority\authority.json#/itemList.json/GACHA_FREEBIE_343_MEDAL	□核对专名、数值、范围、回合与同族字段	逐字段变更；结构键与非字符串值不得改变
待人工校对	high	magica/js/libs/itemList.json	/936/description	description	「调整屋硬币」的兑换道具	在「调整专家币」中用于兑换的道具	official_same_record_alignment	1_official_cn_dump_same_record	A:\magireco_cn_dump_20221010_decrypted_json\authority\authority.json#/itemList.json/GACHA_FREEBIE_343_MEDAL	□核对专名、数值、范围、回合与同族字段	逐字段变更；结构键与非字符串值不得改变
待人工校对	high	magica/js/libs/itemList.json	/937/description	description	「调整屋硬币」的兑换道具	在「调整专家币」中用于兑换的道具	official_same_record_alignment	1_official_cn_dump_same_record	A:\magireco_cn_dump_20221010_decrypted_json\authority\authority.json#/itemList.json/GACHA_FREEBIE_343_MEDAL	□核对专名、数值、范围、回合与同族字段	逐字段变更；结构键与非字符串值不得改变
待人工校对	high	magica/js/libs/itemList.json	/938/description	description	「调整屋硬币」的兑换道具	在「调整专家币」中用于兑换的道具	official_same_record_alignment	1_official_cn_dump_same_record	A:\magireco_cn_dump_20221010_decrypted_json\authority\authority.json#/itemList.json/GACHA_FREEBIE_343_MEDAL	□核对专名、数值、范围、回合与同族字段	逐字段变更；结构键与非字符串值不得改变
待人工校对	high	magica/js/libs/itemList.json	/939/description	description	「调整屋硬币」的兑换道具	在「调整专家币」中用于兑换的道具	official_same_record_alignment	1_official_cn_dump_same_record	A:\magireco_cn_dump_20221010_decrypted_json\authority\authority.json#/itemList.json/GACHA_FREEBIE_343_MEDAL	□核对专名、数值、范围、回合与同族字段	逐字段变更；结构键与非字符串值不得改变
待人工校对	high	magica/js/libs/itemList.json	/940/description	description	「调整屋硬币」的兑换道具	在「调整专家币」中用于兑换的道具	official_same_record_alignment	1_official_cn_dump_same_record	A:\magireco_cn_dump_20221010_decrypted_json\authority\authority.json#/itemList.json/GACHA_FREEBIE_343_MEDAL	□核对专名、数值、范围、回合与同族字段	逐字段变更；结构键与非字符串值不得改变
待人工校对	high	magica/js/libs/itemList.json	/941/description	description	「调整屋硬币」的兑换道具	在「调整专家币」中用于兑换的道具	official_same_record_alignment	1_official_cn_dump_same_record	A:\magireco_cn_dump_20221010_decrypted_json\authority\authority.json#/itemList.json/GACHA_FREEBIE_343_MEDAL	□核对专名、数值、范围、回合与同族字段	逐字段变更；结构键与非字符串值不得改变
待人工校对	high	magica/js/libs/itemList.json	/942/description	description	「调整屋硬币」的兑换道具	在「调整专家币」中用于兑换的道具	official_same_record_alignment	1_official_cn_dump_same_record	A:\magireco_cn_dump_20221010_decrypted_json\authority\authority.json#/itemList.json/GACHA_FREEBIE_343_MEDAL	□核对专名、数值、范围、回合与同族字段	逐字段变更；结构键与非字符串值不得改变
待人工校对	high	magica/js/libs/itemList.json	/943/description	description	「调整屋硬币」的兑换道具	在「调整专家币」中用于兑换的道具	official_same_record_alignment	1_official_cn_dump_same_record	A:\magireco_cn_dump_20221010_decrypted_json\authority\authority.json#/itemList.json/GACHA_FREEBIE_343_MEDAL	□核对专名、数值、范围、回合与同族字段	逐字段变更；结构键与非字符串值不得改变
待人工校对	high	magica/js/libs/itemList.json	/944/description	description	「调整屋硬币」的兑换道具	在「调整专家币」中用于兑换的道具	official_same_record_alignment	1_official_cn_dump_same_record	A:\magireco_cn_dump_20221010_decrypted_json\authority\authority.json#/itemList.json/GACHA_FREEBIE_343_MEDAL	□核对专名、数值、范围、回合与同族字段	逐字段变更；结构键与非字符串值不得改变
待人工校对	high	magica/js/libs/itemList.json	/946/description	description	「调整屋硬币」的兑换道具	在「调整专家币」中用于兑换的道具	official_same_record_alignment	1_official_cn_dump_same_record	A:\magireco_cn_dump_20221010_decrypted_json\authority\authority.json#/itemList.json/GACHA_FREEBIE_343_MEDAL	□核对专名、数值、范围、回合与同族字段	逐字段变更；结构键与非字符串值不得改变
待人工校对	high	magica/js/libs/itemList.json	/947/description	description	「调整屋硬币」的兑换道具	在「调整专家币」中用于兑换的道具	official_same_record_alignment	1_official_cn_dump_same_record	A:\magireco_cn_dump_20221010_decrypted_json\authority\authority.json#/itemList.json/GACHA_FREEBIE_343_MEDAL	□核对专名、数值、范围、回合与同族字段	逐字段变更；结构键与非字符串值不得改变
待人工校对	high	magica/js/libs/itemList.json	/948/description	description	「调整屋硬币」的兑换道具	在「调整专家币」中用于兑换的道具	official_same_record_alignment	1_official_cn_dump_same_record	A:\magireco_cn_dump_20221010_decrypted_json\authority\authority.json#/itemList.json/GACHA_FREEBIE_343_MEDAL	□核对专名、数值、范围、回合与同族字段	逐字段变更；结构键与非字符串值不得改变
待人工校对	high	magica/js/libs/itemList.json	/949/description	description	「调整屋硬币」的兑换道具	在「调整专家币」中用于兑换的道具	official_same_record_alignment	1_official_cn_dump_same_record	A:\magireco_cn_dump_20221010_decrypted_json\authority\authority.json#/itemList.json/GACHA_FREEBIE_343_MEDAL	□核对专名、数值、范围、回合与同族字段	逐字段变更；结构键与非字符串值不得改变
待人工校对	high	magica/js/libs/itemList.json	/950/description	description	「调整屋硬币」的兑换道具	在「调整专家币」中用于兑换的道具	official_same_record_alignment	1_official_cn_dump_same_record	A:\magireco_cn_dump_20221010_decrypted_json\authority\authority.json#/itemList.json/GACHA_FREEBIE_343_MEDAL	□核对专名、数值、范围、回合与同族字段	逐字段变更；结构键与非字符串值不得改变
待人工校对	high	magica/js/libs/itemList.json	/951/description	description	「调整屋硬币」的兑换道具	在「调整专家币」中用于兑换的道具	official_same_record_alignment	1_official_cn_dump_same_record	A:\magireco_cn_dump_20221010_decrypted_json\authority\authority.json#/itemList.json/GACHA_FREEBIE_343_MEDAL	□核对专名、数值、范围、回合与同族字段	逐字段变更；结构键与非字符串值不得改变
待人工校对	high	magica/js/libs/itemList.json	/952/description	description	「调整屋硬币」的兑换道具	在「调整专家币」中用于兑换的道具	official_same_record_alignment	1_official_cn_dump_same_record	A:\magireco_cn_dump_20221010_decrypted_json\authority\authority.json#/itemList.json/GACHA_FREEBIE_343_MEDAL	□核对专名、数值、范围、回合与同族字段	逐字段变更；结构键与非字符串值不得改变
待人工校对	high	magica/js/libs/itemList.json	/953/description	description	「调整屋硬币」的兑换道具	在「调整专家币」中用于兑换的道具	official_same_record_alignment	1_official_cn_dump_same_record	A:\magireco_cn_dump_20221010_decrypted_json\authority\authority.json#/itemList.json/GACHA_FREEBIE_343_MEDAL	□核对专名、数值、范围、回合与同族字段	逐字段变更；结构键与非字符串值不得改变
待人工校对	high	magica/js/libs/itemList.json	/954/description	description	「调整屋硬币」的兑换道具	在「调整专家币」中用于兑换的道具	official_same_record_alignment	1_official_cn_dump_same_record	A:\magireco_cn_dump_20221010_decrypted_json\authority\authority.json#/itemList.json/GACHA_FREEBIE_343_MEDAL	□核对专名、数值、范围、回合与同族字段	逐字段变更；结构键与非字符串值不得改变
待人工校对	high	magica/js/libs/itemList.json	/955/description	description	「调整屋硬币」的兑换道具	在「调整专家币」中用于兑换的道具	official_same_record_alignment	1_official_cn_dump_same_record	A:\magireco_cn_dump_20221010_decrypted_json\authority\authority.json#/itemList.json/GACHA_FREEBIE_343_MEDAL	□核对专名、数值、范围、回合与同族字段	逐字段变更；结构键与非字符串值不得改变
待人工校对	high	magica/js/libs/itemList.json	/956/description	description	「调整屋硬币」的兑换道具	在「调整专家币」中用于兑换的道具	official_same_record_alignment	1_official_cn_dump_same_record	A:\magireco_cn_dump_20221010_decrypted_json\authority\authority.json#/itemList.json/GACHA_FREEBIE_343_MEDAL	□核对专名、数值、范围、回合与同族字段	逐字段变更；结构键与非字符串值不得改变
待人工校对	high	magica/js/libs/itemList.json	/957/description	description	「调整屋硬币」的兑换道具	在「调整专家币」中用于兑换的道具	official_same_record_alignment	1_official_cn_dump_same_record	A:\magireco_cn_dump_20221010_decrypted_json\authority\authority.json#/itemList.json/GACHA_FREEBIE_343_MEDAL	□核对专名、数值、范围、回合与同族字段	逐字段变更；结构键与非字符串值不得改变
待人工校对	high	magica/js/libs/itemList.json	/958/description	description	「调整屋硬币」的兑换道具	在「调整专家币」中用于兑换的道具	official_same_record_alignment	1_official_cn_dump_same_record	A:\magireco_cn_dump_20221010_decrypted_json\authority\authority.json#/itemList.json/GACHA_FREEBIE_343_MEDAL	□核对专名、数值、范围、回合与同族字段	逐字段变更；结构键与非字符串值不得改变
待人工校对	high	magica/js/libs/itemList.json	/959/description	description	「调整屋硬币」的兑换道具	在「调整专家币」中用于兑换的道具	official_same_record_alignment	1_official_cn_dump_same_record	A:\magireco_cn_dump_20221010_decrypted_json\authority\authority.json#/itemList.json/GACHA_FREEBIE_343_MEDAL	□核对专名、数值、范围、回合与同族字段	逐字段变更；结构键与非字符串值不得改变
待人工校对	high	magica/js/libs/itemList.json	/960/description	description	「调整屋硬币」的兑换道具	在「调整专家币」中用于兑换的道具	official_same_record_alignment	1_official_cn_dump_same_record	A:\magireco_cn_dump_20221010_decrypted_json\authority\authority.json#/itemList.json/GACHA_FREEBIE_343_MEDAL	□核对专名、数值、范围、回合与同族字段	逐字段变更；结构键与非字符串值不得改变
待人工校对	high	magica/js/libs/itemList.json	/961/description	description	「调整屋硬币」的兑换道具	在「调整专家币」中用于兑换的道具	official_same_record_alignment	1_official_cn_dump_same_record	A:\magireco_cn_dump_20221010_decrypted_json\authority\authority.json#/itemList.json/GACHA_FREEBIE_343_MEDAL	□核对专名、数值、范围、回合与同族字段	逐字段变更；结构键与非字符串值不得改变
待人工校对	high	magica/js/libs/itemList.json	/962/description	description	「调整屋硬币」的兑换道具	在「调整专家币」中用于兑换的道具	official_same_record_alignment	1_official_cn_dump_same_record	A:\magireco_cn_dump_20221010_decrypted_json\authority\authority.json#/itemList.json/GACHA_FREEBIE_343_MEDAL	□核对专名、数值、范围、回合与同族字段	逐字段变更；结构键与非字符串值不得改变
待人工校对	high	magica/js/libs/itemList.json	/963/description	description	「调整屋硬币」的兑换道具	在「调整专家币」中用于兑换的道具	official_same_record_alignment	1_official_cn_dump_same_record	A:\magireco_cn_dump_20221010_decrypted_json\authority\authority.json#/itemList.json/GACHA_FREEBIE_343_MEDAL	□核对专名、数值、范围、回合与同族字段	逐字段变更；结构键与非字符串值不得改变
待人工校对	high	magica/js/libs/itemList.json	/964/description	description	「调整屋硬币」的兑换道具	在「调整专家币」中用于兑换的道具	official_same_record_alignment	1_official_cn_dump_same_record	A:\magireco_cn_dump_20221010_decrypted_json\authority\authority.json#/itemList.json/GACHA_FREEBIE_343_MEDAL	□核对专名、数值、范围、回合与同族字段	逐字段变更；结构键与非字符串值不得改变
待人工校对	high	magica/js/libs/itemList.json	/965/description	description	「调整屋硬币」的兑换道具	在「调整专家币」中用于兑换的道具	official_same_record_alignment	1_official_cn_dump_same_record	A:\magireco_cn_dump_20221010_decrypted_json\authority\authority.json#/itemList.json/GACHA_FREEBIE_343_MEDAL	□核对专名、数值、范围、回合与同族字段	逐字段变更；结构键与非字符串值不得改变
待人工校对	high	magica/js/libs/itemList.json	/966/description	description	「调整屋硬币」的兑换道具	在「调整专家币」中用于兑换的道具	official_same_record_alignment	1_official_cn_dump_same_record	A:\magireco_cn_dump_20221010_decrypted_json\authority\authority.json#/itemList.json/GACHA_FREEBIE_343_MEDAL	□核对专名、数值、范围、回合与同族字段	逐字段变更；结构键与非字符串值不得改变
待人工校对	high	magica/js/libs/itemList.json	/967/description	description	「调整屋硬币」的兑换道具	在「调整专家币」中用于兑换的道具	official_same_record_alignment	1_official_cn_dump_same_record	A:\magireco_cn_dump_20221010_decrypted_json\authority\authority.json#/itemList.json/GACHA_FREEBIE_343_MEDAL	□核对专名、数值、范围、回合与同族字段	逐字段变更；结构键与非字符串值不得改变
待人工校对	high	magica/js/libs/itemList.json	/968/description	description	「调整屋硬币」的兑换道具	在「调整专家币」中用于兑换的道具	official_same_record_alignment	1_official_cn_dump_same_record	A:\magireco_cn_dump_20221010_decrypted_json\authority\authority.json#/itemList.json/GACHA_FREEBIE_343_MEDAL	□核对专名、数值、范围、回合与同族字段	逐字段变更；结构键与非字符串值不得改变
待人工校对	high	magica/js/libs/itemList.json	/969/description	description	「调整屋硬币」的兑换道具	在「调整专家币」中用于兑换的道具	official_same_record_alignment	1_official_cn_dump_same_record	A:\magireco_cn_dump_20221010_decrypted_json\authority\authority.json#/itemList.json/GACHA_FREEBIE_343_MEDAL	□核对专名、数值、范围、回合与同族字段	逐字段变更；结构键与非字符串值不得改变
待人工校对	high	magica/js/libs/itemList.json	/970/description	description	「调整屋硬币」的兑换道具	在「调整专家币」中用于兑换的道具	official_same_record_alignment	1_official_cn_dump_same_record	A:\magireco_cn_dump_20221010_decrypted_json\authority\authority.json#/itemList.json/GACHA_FREEBIE_343_MEDAL	□核对专名、数值、范围、回合与同族字段	逐字段变更；结构键与非字符串值不得改变
待人工校对	high	magica/js/libs/itemList.json	/971/description	description	「调整屋硬币」的兑换道具	在「调整专家币」中用于兑换的道具	official_same_record_alignment	1_official_cn_dump_same_record	A:\magireco_cn_dump_20221010_decrypted_json\authority\authority.json#/itemList.json/GACHA_FREEBIE_343_MEDAL	□核对专名、数值、范围、回合与同族字段	逐字段变更；结构键与非字符串值不得改变
待人工校对	high	magica/js/libs/itemList.json	/972/description	description	「调整屋硬币」的兑换道具	在「调整专家币」中用于兑换的道具	official_same_record_alignment	1_official_cn_dump_same_record	A:\magireco_cn_dump_20221010_decrypted_json\authority\authority.json#/itemList.json/GACHA_FREEBIE_343_MEDAL	□核对专名、数值、范围、回合与同族字段	逐字段变更；结构键与非字符串值不得改变
待人工校对	high	magica/js/libs/itemList.json	/973/description	description	「调整屋硬币」的兑换道具	在「调整专家币」中用于兑换的道具	official_same_record_alignment	1_official_cn_dump_same_record	A:\magireco_cn_dump_20221010_decrypted_json\authority\authority.json#/itemList.json/GACHA_FREEBIE_343_MEDAL	□核对专名、数值、范围、回合与同族字段	逐字段变更；结构键与非字符串值不得改变
待人工校对	high	magica/js/libs/itemList.json	/974/description	description	「调整屋硬币」的兑换道具	在「调整专家币」中用于兑换的道具	official_same_record_alignment	1_official_cn_dump_same_record	A:\magireco_cn_dump_20221010_decrypted_json\authority\authority.json#/itemList.json/GACHA_FREEBIE_343_MEDAL	□核对专名、数值、范围、回合与同族字段	逐字段变更；结构键与非字符串值不得改变
待人工校对	high	magica/js/libs/itemList.json	/975/description	description	「调整屋硬币」的兑换道具	在「调整专家币」中用于兑换的道具	official_same_record_alignment	1_official_cn_dump_same_record	A:\magireco_cn_dump_20221010_decrypted_json\authority\authority.json#/itemList.json/GACHA_FREEBIE_343_MEDAL	□核对专名、数值、范围、回合与同族字段	逐字段变更；结构键与非字符串值不得改变
待人工校对	high	magica/js/libs/itemList.json	/976/description	description	「调整屋硬币」的兑换道具	在「调整专家币」中用于兑换的道具	official_same_record_alignment	1_official_cn_dump_same_record	A:\magireco_cn_dump_20221010_decrypted_json\authority\authority.json#/itemList.json/GACHA_FREEBIE_343_MEDAL	□核对专名、数值、范围、回合与同族字段	逐字段变更；结构键与非字符串值不得改变
待人工校对	high	magica/js/libs/itemList.json	/977/description	description	「调整屋硬币」的兑换道具	在「调整专家币」中用于兑换的道具	official_same_record_alignment	1_official_cn_dump_same_record	A:\magireco_cn_dump_20221010_decrypted_json\authority\authority.json#/itemList.json/GACHA_FREEBIE_343_MEDAL	□核对专名、数值、范围、回合与同族字段	逐字段变更；结构键与非字符串值不得改变
待人工校对	high	magica/js/libs/itemList.json	/978/description	description	「调整屋硬币」的兑换道具	在「调整专家币」中用于兑换的道具	official_same_record_alignment	1_official_cn_dump_same_record	A:\magireco_cn_dump_20221010_decrypted_json\authority\authority.json#/itemList.json/GACHA_FREEBIE_343_MEDAL	□核对专名、数值、范围、回合与同族字段	逐字段变更；结构键与非字符串值不得改变
待人工校对	high	magica/js/libs/itemList.json	/979/description	description	「调整屋硬币」的兑换道具	在「调整专家币」中用于兑换的道具	official_same_record_alignment	1_official_cn_dump_same_record	A:\magireco_cn_dump_20221010_decrypted_json\authority\authority.json#/itemList.json/GACHA_FREEBIE_343_MEDAL	□核对专名、数值、范围、回合与同族字段	逐字段变更；结构键与非字符串值不得改变
待人工校对	high	magica/js/libs/itemList.json	/980/description	description	「调整屋硬币」的兑换道具	在「调整专家币」中用于兑换的道具	official_same_record_alignment	1_official_cn_dump_same_record	A:\magireco_cn_dump_20221010_decrypted_json\authority\authority.json#/itemList.json/GACHA_FREEBIE_343_MEDAL	□核对专名、数值、范围、回合与同族字段	逐字段变更；结构键与非字符串值不得改变
待人工校对	high	magica/js/libs/itemList.json	/982/description	description	「调整屋硬币」的兑换道具	在「调整专家币」中用于兑换的道具	official_same_record_alignment	1_official_cn_dump_same_record	A:\magireco_cn_dump_20221010_decrypted_json\authority\authority.json#/itemList.json/GACHA_FREEBIE_343_MEDAL	□核对专名、数值、范围、回合与同族字段	逐字段变更；结构键与非字符串值不得改变
待人工校对	high	magica/js/libs/itemList.json	/983/description	description	「调整屋硬币」的兑换道具	在「调整专家币」中用于兑换的道具	official_same_record_alignment	1_official_cn_dump_same_record	A:\magireco_cn_dump_20221010_decrypted_json\authority\authority.json#/itemList.json/GACHA_FREEBIE_343_MEDAL	□核对专名、数值、范围、回合与同族字段	逐字段变更；结构键与非字符串值不得改变
待人工校对	high	magica/js/libs/itemList.json	/984/description	description	「调整屋硬币」的兑换道具	在「调整专家币」中用于兑换的道具	official_same_record_alignment	1_official_cn_dump_same_record	A:\magireco_cn_dump_20221010_decrypted_json\authority\authority.json#/itemList.json/GACHA_FREEBIE_343_MEDAL	□核对专名、数值、范围、回合与同族字段	逐字段变更；结构键与非字符串值不得改变
待人工校对	high	magica/js/libs/itemList.json	/985/description	description	「调整屋硬币」的兑换道具	在「调整专家币」中用于兑换的道具	official_same_record_alignment	1_official_cn_dump_same_record	A:\magireco_cn_dump_20221010_decrypted_json\authority\authority.json#/itemList.json/GACHA_FREEBIE_343_MEDAL	□核对专名、数值、范围、回合与同族字段	逐字段变更；结构键与非字符串值不得改变
待人工校对	high	magica/js/libs/itemList.json	/986/description	description	「调整屋硬币」的兑换道具	在「调整专家币」中用于兑换的道具	official_same_record_alignment	1_official_cn_dump_same_record	A:\magireco_cn_dump_20221010_decrypted_json\authority\authority.json#/itemList.json/GACHA_FREEBIE_343_MEDAL	□核对专名、数值、范围、回合与同族字段	逐字段变更；结构键与非字符串值不得改变
待人工校对	high	magica/js/libs/itemList.json	/987/description	description	「调整屋硬币」的兑换道具	在「调整专家币」中用于兑换的道具	official_same_record_alignment	1_official_cn_dump_same_record	A:\magireco_cn_dump_20221010_decrypted_json\authority\authority.json#/itemList.json/GACHA_FREEBIE_343_MEDAL	□核对专名、数值、范围、回合与同族字段	逐字段变更；结构键与非字符串值不得改变
待人工校对	high	magica/js/libs/itemList.json	/988/description	description	「调整屋硬币」的兑换道具	在「调整专家币」中用于兑换的道具	official_same_record_alignment	1_official_cn_dump_same_record	A:\magireco_cn_dump_20221010_decrypted_json\authority\authority.json#/itemList.json/GACHA_FREEBIE_343_MEDAL	□核对专名、数值、范围、回合与同族字段	逐字段变更；结构键与非字符串值不得改变
待人工校对	high	magica/js/libs/itemList.json	/989/description	description	「调整屋硬币」的兑换道具	在「调整专家币」中用于兑换的道具	official_same_record_alignment	1_official_cn_dump_same_record	A:\magireco_cn_dump_20221010_decrypted_json\authority\authority.json#/itemList.json/GACHA_FREEBIE_343_MEDAL	□核对专名、数值、范围、回合与同族字段	逐字段变更；结构键与非字符串值不得改变
待人工校对	high	magica/js/libs/itemList.json	/990/description	description	「调整屋硬币」的兑换道具	在「调整专家币」中用于兑换的道具	official_same_record_alignment	1_official_cn_dump_same_record	A:\magireco_cn_dump_20221010_decrypted_json\authority\authority.json#/itemList.json/GACHA_FREEBIE_343_MEDAL	□核对专名、数值、范围、回合与同族字段	逐字段变更；结构键与非字符串值不得改变
待人工校对	high	magica/js/libs/live2dList.json	/189/description	description	宝崎市立光塚中等教育学校校服	宝崎市立光冢中等教育学校校服	replaced	2_wiki_component	C:\Users\proje\Documents\Codex\2026-08-06\https-github-com-hiiraginemu-magireco-wiki-3\work\wiki_authority\wiki-data\data\characters.json#/神乐灿/infobox/出身地;/游狩美由利/infobox/出身地	□核对专名、数值、范围、回合与同族字段	逐字段变更；结构键与非字符串值不得改变
待人工校对	high	magica/js/libs/live2dList.json	/193/description	description	宝崎市立光塚中等教育学校校服	宝崎市立光冢中等教育学校校服	replaced	2_wiki_component	C:\Users\proje\Documents\Codex\2026-08-06\https-github-com-hiiraginemu-magireco-wiki-3\work\wiki_authority\wiki-data\data\characters.json#/神乐灿/infobox/出身地;/游狩美由利/infobox/出身地	□核对专名、数值、范围、回合与同族字段	逐字段变更；结构键与非字符串值不得改变
待人工校对	medium	magica/js/libs/live2dList.json	/222/description	description	魔法少女(日本語)	魔法少女(翻译装置)	replaced	2_wiki_component	C:\Users\proje\Documents\Codex\2026-08-06\https-github-com-hiiraginemu-magireco-wiki-3\work\wiki_authority\wiki-data\data\archive\articles.jsonl.gz#jsonl:1247:/wikitext/角色语音/tabber/魔法少女/私服(翻译装置);jsonl:1247:/wikitext/服装编号02	□核对专名、数值、范围、回合与同族字段	逐字段变更；结构键与非字符串值不得改变
待人工校对	medium	magica/js/libs/live2dList.json	/223/description	description	私服(日本語)	私服(翻译装置)	replaced	2_wiki_component	C:\Users\proje\Documents\Codex\2026-08-06\https-github-com-hiiraginemu-magireco-wiki-3\work\wiki_authority\wiki-data\data\archive\articles.jsonl.gz#jsonl:1247:/wikitext/角色语音/tabber/魔法少女/私服(翻译装置)	□核对专名、数值、范围、回合与同族字段	逐字段变更；结构键与非字符串值不得改变
待人工校对	medium	magica/js/libs/live2dList.json	/330/description	description	魔法少女(日本語)	魔法少女(翻译装置)	replaced	2_wiki_component	C:\Users\proje\Documents\Codex\2026-08-06\https-github-com-hiiraginemu-magireco-wiki-3\work\wiki_authority\wiki-data\data\archive\articles.jsonl.gz#jsonl:1247:/wikitext/角色语音/tabber/魔法少女/私服(翻译装置);jsonl:1247:/wikitext/服装编号02	□核对专名、数值、范围、回合与同族字段	逐字段变更；结构键与非字符串值不得改变
待人工校对	medium	magica/js/libs/live2dList.json	/676/description	description	銀幕衣装	银幕服装	replaced	2_wiki_component	C:\Users\proje\Documents\Codex\2026-08-06\https-github-com-hiiraginemu-magireco-wiki-3\work\wiki_authority\wiki-data\data\archive\articles.jsonl.gz#jsonl:925:/wikitext/商店/忘却之圆舞曲1部	□核对专名、数值、范围、回合与同族字段	逐字段变更；结构键与非字符串值不得改变
待人工校对	medium	magica/js/libs/live2dList.json	/680/description	description	銀幕衣装	银幕服装	replaced	2_wiki_component	C:\Users\proje\Documents\Codex\2026-08-06\https-github-com-hiiraginemu-magireco-wiki-3\work\wiki_authority\wiki-data\data\archive\articles.jsonl.gz#jsonl:925:/wikitext/商店/忘却之圆舞曲1部	□核对专名、数值、范围、回合与同族字段	逐字段变更；结构键与非字符串值不得改变
待人工校对	high	magica/js/libs/live2dList.json	/767/description	description	魔法少女(葉月)	魔法少女(叶月)	replaced	1_official_cn_dump_component	A:\magireco_cn_dump_20221010_decrypted_json\authority\authority.json#/charaList.json/3027/name	□核对专名、数值、范围、回合与同族字段	逐字段变更；结构键与非字符串值不得改变
待人工校对	medium	magica/js/libs/patrolAreaList.json	/6/conditionDescription	conditionDescription	通关主线第1部第2章第5話	通关主线第1部第2章第5话	replaced	2_wiki_component	C:\Users\proje\Documents\Codex\2026-08-06\https-github-com-hiiraginemu-magireco-wiki-3\work\wiki_authority\wiki-data\data\story.json#/主线剧情-第2章-5话/title	□核对专名、数值、范围、回合与同族字段	逐字段变更；结构键与非字符串值不得改变
待人工校对	high	magica/js/libs/pieceList.json	/451/pieceName	pieceName	裏方独演会	后台个人演出	replaced	2_wiki_explicit_pair	C:\Users\proje\Documents\Codex\2026-08-06\https-github-com-hiiraginemu-magireco-wiki-3\work\wiki_authority\wiki-data\data\memoria.json#/裏方独演会/name_ja;/裏方独演会/name_zh	□核对专名、数值、范围、回合与同族字段	逐字段变更；结构键与非字符串值不得改变
待人工校对	high	magica/js/libs/pieceList.json	/462/pieceName	pieceName	桜前線急上昇	樱花前线急速上升	replaced	2_wiki_explicit_pair	C:\Users\proje\Documents\Codex\2026-08-06\https-github-com-hiiraginemu-magireco-wiki-3\work\wiki_authority\wiki-data\data\memoria.json#/桜前線急上昇/name_ja;/桜前線急上昇/name_zh	□核对专名、数值、范围、回合与同族字段	逐字段变更；结构键与非字符串值不得改变
权威原文保留待确认	medium	magica/js/libs/pieceList.json	/547/description	description	“你们要悔改”（译注：《圣经·马太福音》3章第2節）＠背对十字的光线，稳静地陈述着＠班里活跃的开心果＠站在有烦恼的人面前，也会露出这样的一面	“你们要悔改”（译注：《圣经·马太福音》3章第2節）＠背对十字的光线，稳静地陈述着＠班里活跃的开心果＠站在有烦恼的人面前，也会露出这样的一面	authority_preserved	2_wiki_exact_equivalent	C:\Users\proje\Documents\Codex\2026-08-06\https-github-com-hiiraginemu-magireco-wiki-3\work\wiki_authority\wiki-data\data\memoria.json#/町の片隅の小さな光/desc_zh	□核对专名、数值、范围、回合与同族字段	指定Wiki中文字段原样保留，不以人工改写覆盖
待人工校对	high	magica/js/libs/pieceList.json	/599/pieceName	pieceName	究極VS至高	究极VS至高	replaced	2_wiki_explicit_pair	C:\Users\proje\Documents\Codex\2026-08-06\https-github-com-hiiraginemu-magireco-wiki-3\work\wiki_authority\wiki-data\data\memoria.json#/究極vs至高/name_ja;/究極vs至高/name_zh	□核对专名、数值、范围、回合与同族字段	逐字段变更；结构键与非字符串值不得改变
权威原文保留待确认	medium	magica/js/libs/pieceList.json	/959/description	description	一次又一次地想起来＠垂死的少女们的慟哭，和令人窒息的血腥味＠握住手掌上残留着鲜血感觉，直面无法赦免的罪＠也许是因为想受到制裁，亦或是...	一次又一次地想起来＠垂死的少女们的慟哭，和令人窒息的血腥味＠握住手掌上残留着鲜血感觉，直面无法赦免的罪＠也许是因为想受到制裁，亦或是...	authority_preserved	2_wiki_exact_equivalent	C:\Users\proje\Documents\Codex\2026-08-06\https-github-com-hiiraginemu-magireco-wiki-3\work\wiki_authority\wiki-data\data\memoria.json#/赦されぬ罪/desc_zh	□核对专名、数值、范围、回合与同族字段	指定Wiki中文字段原样保留，不以人工改写覆盖
待人工校对	high	magica/js/libs/pieceList.json	/995/pieceName	pieceName	引縄批根	引绳批根	replaced	2_wiki_explicit_pair	C:\Users\proje\Documents\Codex\2026-08-06\https-github-com-hiiraginemu-magireco-wiki-3\work\wiki_authority\wiki-data\data\memoria.json#/引縄批根/name_ja;/引縄批根/name_zh	□核对专名、数值、范围、回合与同族字段	逐字段变更；结构键与非字符串值不得改变
待人工校对	high	magica/js/libs/pieceSkillMap.json	/131200/shortDescription	shortDescription	攻击力降低[Ⅳ] & 防御力降低[Ⅳ](敌単/1T) & HP自动回复[Ⅲ](自身/3T)	攻击力DOWN[Ⅳ] & 防御力DOWN[Ⅳ](敌单/1T) & 自动回复HP[Ⅲ](自/3T)	replaced	2_wiki_explicit_pair	C:\Users\proje\Documents\Codex\2026-08-06\https-github-com-hiiraginemu-magireco-wiki-3\work\wiki_authority\wiki-data\data\memoria.json#/お菓子の宝石箱/effect_ja;/お菓子の宝石箱/effect	□核对专名、数值、范围、回合与同族字段	逐字段变更；结构键与非字符串值不得改变
待人工校对	high	magica/js/libs/pieceSkillMap.json	/131201/shortDescription	shortDescription	攻击力降低[Ⅴ] & 防御力降低[Ⅴ](敌単/1T) & HP自动回复[Ⅳ](自身/3T)	攻击力DOWN[Ⅴ] & 防御力DOWN[Ⅴ](敌单/1T) & 自动回复HP[Ⅳ](自/3T)	replaced	2_wiki_explicit_pair	C:\Users\proje\Documents\Codex\2026-08-06\https-github-com-hiiraginemu-magireco-wiki-3\work\wiki_authority\wiki-data\data\memoria.json#/お菓子の宝石箱/effect_max_ja;/お菓子の宝石箱/effect_max	□核对专名、数值、范围、回合与同族字段	逐字段变更；结构键与非字符串值不得改变
待人工校对	high	magica/js/libs/pieceSkillMap.json	/143000/shortDescription	shortDescription	防御力降低[Ⅵ](敌全/1T) & 状态異常耐性UP[Ⅴ](自身/1T)	防御力DOWN[Ⅵ](敌全/1T) & 状态异常耐性UP[Ⅴ](自/1T)	replaced	2_wiki_explicit_pair	C:\Users\proje\Documents\Codex\2026-08-06\https-github-com-hiiraginemu-magireco-wiki-3\work\wiki_authority\wiki-data\data\memoria.json#/予鈴で目を覚ます/effect_ja;/予鈴で目を覚ます/effect	□核对专名、数值、范围、回合与同族字段	逐字段变更；结构键与非字符串值不得改变
待人工校对	high	magica/js/libs/pieceSkillMap.json	/143001/shortDescription	shortDescription	防御力降低[Ⅶ](敌全/1T) & 状态異常耐性UP[Ⅵ](自身/1T)	防御力DOWN[Ⅶ](敌全/1T) & 状态异常耐性UP[Ⅵ](自/1T)	replaced	2_wiki_explicit_pair	C:\Users\proje\Documents\Codex\2026-08-06\https-github-com-hiiraginemu-magireco-wiki-3\work\wiki_authority\wiki-data\data\memoria.json#/予鈴で目を覚ます/effect_max_ja;/予鈴で目を覚ます/effect_max	□核对专名、数值、范围、回合与同族字段	逐字段变更；结构键与非字符串值不得改变
待人工校对	high	magica/js/libs/pieceSkillMap.json	/152600/shortDescription	shortDescription	状态異常耐性UP[Ⅳ](我方全体/3T)	状态异常耐性UP[Ⅳ](己全/3T)	replaced	2_wiki_explicit_pair	C:\Users\proje\Documents\Codex\2026-08-06\https-github-com-hiiraginemu-magireco-wiki-3\work\wiki_authority\wiki-data\data\memoria.json#/真夏の夜の魔法/effect_ja;/真夏の夜の魔法/effect	□核对专名、数值、范围、回合与同族字段	逐字段变更；结构键与非字符串值不得改变
待人工校对	high	magica/js/libs/pieceSkillMap.json	/152601/shortDescription	shortDescription	状态異常耐性UP[Ⅴ](我方全体/3T)	状态异常耐性UP[Ⅴ](己全/3T)	replaced	2_wiki_explicit_pair	C:\Users\proje\Documents\Codex\2026-08-06\https-github-com-hiiraginemu-magireco-wiki-3\work\wiki_authority\wiki-data\data\memoria.json#/真夏の夜の魔法/effect_max_ja;/真夏の夜の魔法/effect_max	□核对专名、数值、范围、回合与同族字段	逐字段变更；结构键与非字符串值不得改变
待人工校对	high	magica/js/libs/pieceSkillMap.json	/156600/shortDescription	shortDescription	攻击力降低[Ⅱ] & 状态異常耐性DOWN[Ⅱ](敌全/3T)	攻击力DOWN[Ⅱ] & 状态异常耐性DOWN[Ⅱ](敌全/3T)	replaced	2_wiki_explicit_pair	C:\Users\proje\Documents\Codex\2026-08-06\https-github-com-hiiraginemu-magireco-wiki-3\work\wiki_authority\wiki-data\data\memoria.json#/迷わず進むための光/effect_ja;/迷わず進むための光/effect	□核对专名、数值、范围、回合与同族字段	逐字段变更；结构键与非字符串值不得改变
待人工校对	high	magica/js/libs/pieceSkillMap.json	/156601/shortDescription	shortDescription	攻击力降低[Ⅱ] & 状态異常耐性DOWN[Ⅱ](敌全/3T)	攻击力DOWN[Ⅱ] & 状态异常耐性DOWN[Ⅱ](敌全/3T)	replaced	2_wiki_explicit_pair	C:\Users\proje\Documents\Codex\2026-08-06\https-github-com-hiiraginemu-magireco-wiki-3\work\wiki_authority\wiki-data\data\memoria.json#/迷わず進むための光/effect_ja;/迷わず進むための光/effect	□核对专名、数值、范围、回合与同族字段	逐字段变更；结构键与非字符串值不得改变
待人工校对	high	magica/js/libs/pieceSkillMap.json	/160000/shortDescription	shortDescription	攻击力降低[Ⅴ] & 防御力降低[Ⅴ](敌単/1T)	攻击力DOWN[Ⅴ] & 防御力DOWN[Ⅴ](敌单/1T)	replaced	2_wiki_explicit_pair	C:\Users\proje\Documents\Codex\2026-08-06\https-github-com-hiiraginemu-magireco-wiki-3\work\wiki_authority\wiki-data\data\memoria.json#/約束を胸に刻んで/effect_ja;/約束を胸に刻んで/effect	□核对专名、数值、范围、回合与同族字段	逐字段变更；结构键与非字符串值不得改变
待人工校对	high	magica/js/libs/pieceSkillMap.json	/160001/shortDescription	shortDescription	攻击力降低[Ⅵ] & 防御力降低[Ⅵ](敌単/1T)	攻击力DOWN[Ⅵ] & 防御力DOWN[Ⅵ](敌单/1T)	replaced	2_wiki_explicit_pair	C:\Users\proje\Documents\Codex\2026-08-06\https-github-com-hiiraginemu-magireco-wiki-3\work\wiki_authority\wiki-data\data\memoria.json#/約束を胸に刻んで/effect_max_ja;/約束を胸に刻んで/effect_max	□核对专名、数值、范围、回合与同族字段	逐字段变更；结构键与非字符串值不得改变
待人工校对	high	magica/js/libs/pieceSkillMap.json	/162100/shortDescription	shortDescription	状态異常耐性UP[Ⅲ](我方全体/1T)	状态异常耐性UP[Ⅲ](己全/1T)	replaced	2_wiki_explicit_pair	C:\Users\proje\Documents\Codex\2026-08-06\https-github-com-hiiraginemu-magireco-wiki-3\work\wiki_authority\wiki-data\data\memoria.json#/穏やかに日々を紡いで/effect_ja;/穏やかに日々を紡いで/effect	□核对专名、数值、范围、回合与同族字段	逐字段变更；结构键与非字符串值不得改变
待人工校对	high	magica/js/libs/pieceSkillMap.json	/162101/shortDescription	shortDescription	状态異常耐性UP[Ⅲ](我方全体/1T)	状态异常耐性UP[Ⅲ](己全/1T)	replaced	2_wiki_explicit_pair	C:\Users\proje\Documents\Codex\2026-08-06\https-github-com-hiiraginemu-magireco-wiki-3\work\wiki_authority\wiki-data\data\memoria.json#/穏やかに日々を紡いで/effect_ja;/穏やかに日々を紡いで/effect	□核对专名、数值、范围、回合与同族字段	逐字段变更；结构键与非字符串值不得改变
待人工校对	high	magica/js/libs/pieceSkillMap.json	/164000/shortDescription	shortDescription	攻击力降低[Ⅲ](敌単/1T) & 防御力提升[Ⅱ](自身/1T)	攻击力DOWN[Ⅲ](敌单/1T) & 防御力UP[Ⅱ](自/1T)	replaced	2_wiki_explicit_pair	C:\Users\proje\Documents\Codex\2026-08-06\https-github-com-hiiraginemu-magireco-wiki-3\work\wiki_authority\wiki-data\data\memoria.json#/星合に浮かぶ/effect_ja;/星合に浮かぶ/effect	□核对专名、数值、范围、回合与同族字段	逐字段变更；结构键与非字符串值不得改变
待人工校对	high	magica/js/libs/pieceSkillMap.json	/164001/shortDescription	shortDescription	攻击力降低[Ⅴ](敌単/1T) & 防御力提升[Ⅱ](自身/1T)	攻击力DOWN[Ⅴ](敌单/1T) & 防御力UP[Ⅱ](自/1T)	replaced	2_wiki_explicit_pair	C:\Users\proje\Documents\Codex\2026-08-06\https-github-com-hiiraginemu-magireco-wiki-3\work\wiki_authority\wiki-data\data\memoria.json#/星合に浮かぶ/effect_max_ja;/星合に浮かぶ/effect_max	□核对专名、数值、范围、回合与同族字段	逐字段变更；结构键与非字符串值不得改变
待人工校对	high	magica/js/libs/pieceSkillMap.json	/174200/shortDescription	shortDescription	状态異常耐性DOWN[Ⅱ](敌単/3T)	状态异常耐性DOWN[Ⅱ](敌单/3T)	replaced	2_wiki_explicit_pair	C:\Users\proje\Documents\Codex\2026-08-06\https-github-com-hiiraginemu-magireco-wiki-3\work\wiki_authority\wiki-data\data\memoria.json#/重すぎる代償/effect_ja;/重すぎる代償/effect	□核对专名、数值、范围、回合与同族字段	逐字段变更；结构键与非字符串值不得改变
待人工校对	high	magica/js/libs/pieceSkillMap.json	/174201/shortDescription	shortDescription	状态異常耐性DOWN[Ⅲ](敌単/3T)	状态异常耐性DOWN[Ⅲ](敌单/3T)	replaced	2_wiki_explicit_pair	C:\Users\proje\Documents\Codex\2026-08-06\https-github-com-hiiraginemu-magireco-wiki-3\work\wiki_authority\wiki-data\data\memoria.json#/重すぎる代償/effect_max_ja;/重すぎる代償/effect_max	□核对专名、数值、范围、回合与同族字段	逐字段变更；结构键与非字符串值不得改变
待人工校对	medium	magica/js/libs/pieceSkillMap.json	/174500/shortDescription	shortDescription	HP自动回复[Ⅲ] & 状态異常耐性UP[Ⅲ](我方全体/3T)	自动回复HP[Ⅲ] & 状态异常耐性UP[Ⅲ](己全/3T)	replaced	2_wiki_explicit_pair	C:\Users\proje\Documents\Codex\2026-08-06\https-github-com-hiiraginemu-magireco-wiki-3\work\wiki_authority\wiki-data\data\memoria.json#/ファースト・レコード/effect_ja;/ファースト・レコード/effect	□核对专名、数值、范围、回合与同族字段	逐字段变更；结构键与非字符串值不得改变
待人工校对	medium	magica/js/libs/pieceSkillMap.json	/174501/shortDescription	shortDescription	HP自动回复[Ⅲ] & 状态異常耐性UP[Ⅲ](我方全体/3T)	自动回复HP[Ⅲ] & 状态异常耐性UP[Ⅲ](己全/3T)	replaced	2_wiki_explicit_pair	C:\Users\proje\Documents\Codex\2026-08-06\https-github-com-hiiraginemu-magireco-wiki-3\work\wiki_authority\wiki-data\data\memoria.json#/ファースト・レコード/effect_ja;/ファースト・レコード/effect	□核对专名、数值、范围、回合与同族字段	逐字段变更；结构键与非字符串值不得改变
待人工校对	medium	magica/js/libs/pieceSkillMap.json	/175900/shortDescription	shortDescription	攻击力提升[Ⅲ] & 瀕死时攻击力提升[Ⅰ]	攻击力提升[Ⅲ] & 濒死时攻击力提升[Ⅰ]	replaced	1_official_cn_dump_exact	A:\magireco_cn_dump_20221010_decrypted_json\authority\authority.json#/pieceSkillMap.json/127301/shortDescription	□核对专名、数值、范围、回合与同族字段	逐字段变更；结构键与非字符串值不得改变
待人工校对	medium	magica/js/libs/pieceSkillMap.json	/175901/shortDescription	shortDescription	攻击力提升[Ⅲ] & 瀕死时攻击力提升[Ⅰ]	攻击力提升[Ⅲ] & 濒死时攻击力提升[Ⅰ]	replaced	1_official_cn_dump_exact	A:\magireco_cn_dump_20221010_decrypted_json\authority\authority.json#/pieceSkillMap.json/127301/shortDescription	□核对专名、数值、范围、回合与同族字段	逐字段变更；结构键与非字符串值不得改变
待人工校对	high	magica/js/libs/pieceSkillMap.json	/179400/shortDescription	shortDescription	攻击力降低[XⅡ](敌単/1T) & 防御力提升[Ⅵ](自身/1T)	攻击力DOWN[XⅡ](敌单/1T) & 防御力UP[Ⅵ](自/1T)	replaced	2_wiki_explicit_pair	C:\Users\proje\Documents\Codex\2026-08-06\https-github-com-hiiraginemu-magireco-wiki-3\work\wiki_authority\wiki-data\data\memoria.json#/遊びだって真剣勝負/effect_ja;/遊びだって真剣勝負/effect	□核对专名、数值、范围、回合与同族字段	逐字段变更；结构键与非字符串值不得改变
待人工校对	high	magica/js/libs/pieceSkillMap.json	/179401/shortDescription	shortDescription	攻击力降低[XⅢ](敌単/1T) & 防御力提升[Ⅶ](自身/1T)	攻击力DOWN[XⅢ](敌单/1T) & 防御力UP[Ⅶ](自/1T)	replaced	2_wiki_explicit_pair	C:\Users\proje\Documents\Codex\2026-08-06\https-github-com-hiiraginemu-magireco-wiki-3\work\wiki_authority\wiki-data\data\memoria.json#/遊びだって真剣勝負/effect_max_ja;/遊びだって真剣勝負/effect_max	□核对专名、数值、范围、回合与同族字段	逐字段变更；结构键与非字符串值不得改变
待人工校对	high	magica/js/libs/pieceSkillMap.json	/186900/shortDescription	shortDescription	状态異常耐性DOWN[Ⅶ] & 防御力降低[Ⅷ](敌全/1T)	状态异常耐性DOWN[Ⅶ] & 防御力DOWN[Ⅷ](敌全/1T)	replaced	2_wiki_explicit_pair	C:\Users\proje\Documents\Codex\2026-08-06\https-github-com-hiiraginemu-magireco-wiki-3\work\wiki_authority\wiki-data\data\memoria.json#/無心になりたくて/effect_ja;/無心になりたくて/effect	□核对专名、数值、范围、回合与同族字段	逐字段变更；结构键与非字符串值不得改变
待人工校对	high	magica/js/libs/pieceSkillMap.json	/186901/shortDescription	shortDescription	状态異常耐性DOWN[Ⅷ] & 防御力降低[Ⅸ](敌全/1T)	状态异常耐性DOWN[Ⅷ] & 防御力DOWN[Ⅸ](敌全/1T)	replaced	2_wiki_explicit_pair	C:\Users\proje\Documents\Codex\2026-08-06\https-github-com-hiiraginemu-magireco-wiki-3\work\wiki_authority\wiki-data\data\memoria.json#/無心になりたくて/effect_max_ja;/無心になりたくて/effect_max	□核对专名、数值、范围、回合与同族字段	逐字段变更；结构键与非字符串值不得改变
待人工校对	medium	magica/js/libs/pieceSkillMap.json	/189900/shortDescription	shortDescription	HP自动回复[Ⅳ] & 状态異常耐性UP[Ⅱ](自身/3T)	自动回复HP[Ⅳ] & 状态异常耐性UP[Ⅱ](自/3T)	replaced	2_wiki_explicit_pair	C:\Users\proje\Documents\Codex\2026-08-06\https-github-com-hiiraginemu-magireco-wiki-3\work\wiki_authority\wiki-data\data\memoria.json#/縋ってしまった光/effect_ja;/縋ってしまった光/effect	□核对专名、数值、范围、回合与同族字段	逐字段变更；结构键与非字符串值不得改变
待人工校对	medium	magica/js/libs/pieceSkillMap.json	/189901/shortDescription	shortDescription	HP自动回复[Ⅳ] & 状态異常耐性UP[Ⅱ](自身/3T)	自动回复HP[Ⅳ] & 状态异常耐性UP[Ⅱ](自/3T)	replaced	2_wiki_explicit_pair	C:\Users\proje\Documents\Codex\2026-08-06\https-github-com-hiiraginemu-magireco-wiki-3\work\wiki_authority\wiki-data\data\memoria.json#/縋ってしまった光/effect_ja;/縋ってしまった光/effect	□核对专名、数值、范围、回合与同族字段	逐字段变更；结构键与非字符串值不得改变
待人工校对	high	magica/js/libs/pieceSkillMap.json	/192000/shortDescription	shortDescription	防御力提升[Ⅳ] & 状态異常耐性UP[Ⅳ](自身/3T)	防御力UP[Ⅳ] & 状态异常耐性UP[Ⅳ](自/3T)	replaced	2_wiki_explicit_pair	C:\Users\proje\Documents\Codex\2026-08-06\https-github-com-hiiraginemu-magireco-wiki-3\work\wiki_authority\wiki-data\data\memoria.json#/ありあまるユーフォリア/effect_ja;/ありあまるユーフォリア/effect	□核对专名、数值、范围、回合与同族字段	逐字段变更；结构键与非字符串值不得改变
待人工校对	high	magica/js/libs/pieceSkillMap.json	/192001/shortDescription	shortDescription	防御力提升[Ⅳ] & 状态異常耐性UP[Ⅳ](自身/3T)	防御力UP[Ⅳ] & 状态异常耐性UP[Ⅳ](自/3T)	replaced	2_wiki_explicit_pair	C:\Users\proje\Documents\Codex\2026-08-06\https-github-com-hiiraginemu-magireco-wiki-3\work\wiki_authority\wiki-data\data\memoria.json#/ありあまるユーフォリア/effect_ja;/ありあまるユーフォリア/effect	□核对专名、数值、范围、回合与同族字段	逐字段变更；结构键与非字符串值不得改变
待人工校对	medium	magica/js/libs/placeSkillMap.json	/30/shortDescription	shortDescription	HP自动回复[Ⅱ] & 防御力上昇[Ⅰ]	自动回复HP[Ⅱ] & 防御力UP[Ⅰ]	replaced	2_wiki_component	C:\Users\proje\Documents\Codex\2026-08-06\https-github-com-hiiraginemu-magireco-wiki-3\work\wiki_authority\wiki-data\data\memoria.json#/いつもの朝の光景/effect_ja;/いつもの朝の光景/effect;/これが恋の香り/effect_ja;/これが恋の香り/effect	□核对专名、数值、范围、回合与同族字段	逐字段变更；结构键与非字符串值不得改变
待人工校对	high	magica/js/libs/sectionList.json	/196/areaDetailName	areaDetailName	神滨市営霊园	神滨市营陵园	replaced	3_manual_verified	人工逐项字形、语义与同族字段核对	□核对专名、数值、范围、回合与同族字段	逐字段变更；结构键与非字符串值不得改变
待人工校对	medium	magica/js/libs/sectionList.json	/197/areaDetailName	areaDetailName	調整屋	调整屋	replaced	2_wiki_component	C:\Users\proje\Documents\Codex\2026-08-06\https-github-com-hiiraginemu-magireco-wiki-3\work\wiki_authority\wiki-data\data\story.json#/主线剧情-第3章-5话/lines/5/text	□核对专名、数值、范围、回合与同族字段	逐字段变更；结构键与非字符串值不得改变
待人工校对	medium	magica/js/libs/sectionList.json	/200/areaDetailName	areaDetailName	調整屋	调整屋	replaced	2_wiki_component	C:\Users\proje\Documents\Codex\2026-08-06\https-github-com-hiiraginemu-magireco-wiki-3\work\wiki_authority\wiki-data\data\story.json#/主线剧情-第3章-5话/lines/5/text	□核对专名、数值、范围、回合与同族字段	逐字段变更；结构键与非字符串值不得改变
待人工校对	medium	magica/js/libs/sectionList.json	/205/areaDetailName	areaDetailName	調整屋	调整屋	replaced	2_wiki_component	C:\Users\proje\Documents\Codex\2026-08-06\https-github-com-hiiraginemu-magireco-wiki-3\work\wiki_authority\wiki-data\data\story.json#/主线剧情-第3章-5话/lines/5/text	□核对专名、数值、范围、回合与同族字段	逐字段变更；结构键与非字符串值不得改变
待人工校对	high	magica/js/libs/sectionList.json	/223/areaDetailName	areaDetailName	神滨市営霊园	神滨市营陵园	replaced	3_manual_verified	人工逐项字形、语义与同族字段核对	□核对专名、数值、范围、回合与同族字段	逐字段变更；结构键与非字符串值不得改变
待人工校对	high	magica/js/libs/sectionList.json	/224/title	title	时女一族編 1話	时女一族篇 1话	replaced	2_wiki_explicit_pair	C:\Users\proje\Documents\Codex\2026-08-06\https-github-com-hiiraginemu-magireco-wiki-3\work\wiki_authority\wiki-data\data\story.json#/主线剧情-第2部第8章-22话/title	□核对专名、数值、范围、回合与同族字段	逐字段变更；结构键与非字符串值不得改变
待人工校对	high	magica/js/libs/sectionList.json	/225/title	title	时女一族編 2話	时女一族篇 2话	replaced	2_wiki_explicit_pair	C:\Users\proje\Documents\Codex\2026-08-06\https-github-com-hiiraginemu-magireco-wiki-3\work\wiki_authority\wiki-data\data\story.json#/主线剧情-第2部第8章-23话/title	□核对专名、数值、范围、回合与同族字段	逐字段变更；结构键与非字符串值不得改变
待人工校对	high	magica/js/libs/sectionList.json	/225/charaName	charaName	南津 涼子	南津凉子	replaced	1_official_cn_dump_exact	A:\magireco_cn_dump_20221010_decrypted_json\authority\authority.json#/cardList.json/30584/cardName	□核对专名、数值、范围、回合与同族字段	逐字段变更；结构键与非字符串值不得改变
待人工校对	high	magica/js/libs/sectionList.json	/226/title	title	时女一族編 3話	时女一族篇 3话	replaced	2_wiki_explicit_pair	C:\Users\proje\Documents\Codex\2026-08-06\https-github-com-hiiraginemu-magireco-wiki-3\work\wiki_authority\wiki-data\data\story.json#/主线剧情-第2部第8章-24话/title	□核对专名、数值、范围、回合与同族字段	逐字段变更；结构键与非字符串值不得改变
待人工校对	high	magica/js/libs/sectionList.json	/227/title	title	时女一族編 4話	时女一族篇 4话	replaced	2_wiki_explicit_pair	C:\Users\proje\Documents\Codex\2026-08-06\https-github-com-hiiraginemu-magireco-wiki-3\work\wiki_authority\wiki-data\data\story.json#/主线剧情-第2部第8章-25话/title	□核对专名、数值、范围、回合与同族字段	逐字段变更；结构键与非字符串值不得改变
待人工校对	high	magica/js/libs/sectionList.json	/228/title	title	时女一族編 5話	时女一族篇 5话	replaced	2_wiki_explicit_pair	C:\Users\proje\Documents\Codex\2026-08-06\https-github-com-hiiraginemu-magireco-wiki-3\work\wiki_authority\wiki-data\data\story.json#/主线剧情-第2部第8章-26话/title	□核对专名、数值、范围、回合与同族字段	逐字段变更；结构键与非字符串值不得改变
待人工校对	high	magica/js/libs/sectionList.json	/229/title	title	时女一族編 6話	时女一族篇 6话	replaced	2_wiki_explicit_pair	C:\Users\proje\Documents\Codex\2026-08-06\https-github-com-hiiraginemu-magireco-wiki-3\work\wiki_authority\wiki-data\data\story.json#/主线剧情-第2部第8章-27话/title	□核对专名、数值、范围、回合与同族字段	逐字段变更；结构键与非字符串值不得改变
待人工校对	high	magica/js/libs/sectionList.json	/230/title	title	时女一族編 7話	时女一族篇 7话	replaced	2_wiki_explicit_pair	C:\Users\proje\Documents\Codex\2026-08-06\https-github-com-hiiraginemu-magireco-wiki-3\work\wiki_authority\wiki-data\data\story.json#/主线剧情-第2部第8章-28话/title	□核对专名、数值、范围、回合与同族字段	逐字段变更；结构键与非字符串值不得改变
待人工校对	high	magica/js/libs/sectionList.json	/231/title	title	时女一族編 8話	时女一族篇 8话	replaced	2_wiki_explicit_pair	C:\Users\proje\Documents\Codex\2026-08-06\https-github-com-hiiraginemu-magireco-wiki-3\work\wiki_authority\wiki-data\data\story.json#/主线剧情-第2部第8章-29话/title	□核对专名、数值、范围、回合与同族字段	逐字段变更；结构键与非字符串值不得改变
待人工校对	high	magica/js/libs/sectionList.json	/232/title	title	时女一族編 9話	时女一族篇 9话	replaced	2_wiki_explicit_pair	C:\Users\proje\Documents\Codex\2026-08-06\https-github-com-hiiraginemu-magireco-wiki-3\work\wiki_authority\wiki-data\data\story.json#/主线剧情-第2部第8章-30话/title	□核对专名、数值、范围、回合与同族字段	逐字段变更；结构键与非字符串值不得改变
待人工校对	high	magica/js/libs/sectionList.json	/233/title	title	时女一族編 10話	时女一族篇 10话	replaced	2_wiki_explicit_pair	C:\Users\proje\Documents\Codex\2026-08-06\https-github-com-hiiraginemu-magireco-wiki-3\work\wiki_authority\wiki-data\data\story.json#/主线剧情-第2部第8章-31话/title	□核对专名、数值、范围、回合与同族字段	逐字段变更；结构键与非字符串值不得改变
待人工校对	medium	magica/js/libs/sectionList.json	/246/areaDetailName	areaDetailName	橋	桥	replaced	2_wiki_component	C:\Users\proje\Documents\Codex\2026-08-06\https-github-com-hiiraginemu-magireco-wiki-3\work\wiki_authority\wiki-data\data\memoria.json#/天馬駆ける/desc_ja;/天馬駆ける/desc_zh	□核对专名、数值、范围、回合与同族字段	逐字段变更；结构键与非字符串值不得改变
待人工校对	high	magica/js/libs/sectionList.json	/253/title	title	全体編 1話	全体篇 1话	replaced	2_wiki_explicit_pair	C:\Users\proje\Documents\Codex\2026-08-06\https-github-com-hiiraginemu-magireco-wiki-3\work\wiki_authority\wiki-data\data\story.json#/主线剧情-第2部第8章-51话/title	□核对专名、数值、范围、回合与同族字段	逐字段变更；结构键与非字符串值不得改变
待人工校对	medium	magica/js/libs/sectionList.json	/254/areaDetailName	areaDetailName	調整屋	调整屋	replaced	2_wiki_component	C:\Users\proje\Documents\Codex\2026-08-06\https-github-com-hiiraginemu-magireco-wiki-3\work\wiki_authority\wiki-data\data\story.json#/主线剧情-第3章-5话/lines/5/text	□核对专名、数值、范围、回合与同族字段	逐字段变更；结构键与非字符串值不得改变
待人工校对	high	magica/js/libs/sectionList.json	/254/title	title	全体編 2話	全体篇 2话	replaced	2_wiki_explicit_pair	C:\Users\proje\Documents\Codex\2026-08-06\https-github-com-hiiraginemu-magireco-wiki-3\work\wiki_authority\wiki-data\data\story.json#/主线剧情-第2部第8章-52话/title	□核对专名、数值、范围、回合与同族字段	逐字段变更；结构键与非字符串值不得改变
待人工校对	high	magica/js/libs/sectionList.json	/255/title	title	全体編 3話	全体篇 3话	replaced	2_wiki_explicit_pair	C:\Users\proje\Documents\Codex\2026-08-06\https-github-com-hiiraginemu-magireco-wiki-3\work\wiki_authority\wiki-data\data\story.json#/主线剧情-第2部第8章-53话/title	□核对专名、数值、范围、回合与同族字段	逐字段变更；结构键与非字符串值不得改变
待人工校对	high	magica/js/libs/sectionList.json	/256/title	title	全体編 4話	全体篇 4话	replaced	2_wiki_explicit_pair	C:\Users\proje\Documents\Codex\2026-08-06\https-github-com-hiiraginemu-magireco-wiki-3\work\wiki_authority\wiki-data\data\story.json#/主线剧情-第2部第8章-54话/title	□核对专名、数值、范围、回合与同族字段	逐字段变更；结构键与非字符串值不得改变
待人工校对	high	magica/js/libs/sectionList.json	/257/title	title	全体編 5話	全体篇 5话	replaced	2_wiki_explicit_pair	C:\Users\proje\Documents\Codex\2026-08-06\https-github-com-hiiraginemu-magireco-wiki-3\work\wiki_authority\wiki-data\data\story.json#/主线剧情-第2部第8章-55话/title	□核对专名、数值、范围、回合与同族字段	逐字段变更；结构键与非字符串值不得改变
待人工校对	high	magica/js/libs/sectionList.json	/258/title	title	全体編 6話	全体篇 6话	replaced	2_wiki_explicit_pair	C:\Users\proje\Documents\Codex\2026-08-06\https-github-com-hiiraginemu-magireco-wiki-3\work\wiki_authority\wiki-data\data\story.json#/主线剧情-第2部第8章-56话/title	□核对专名、数值、范围、回合与同族字段	逐字段变更；结构键与非字符串值不得改变
待人工校对	high	magica/js/libs/sectionList.json	/259/title	title	全体編 7話	全体篇 7话	replaced	2_wiki_explicit_pair	C:\Users\proje\Documents\Codex\2026-08-06\https-github-com-hiiraginemu-magireco-wiki-3\work\wiki_authority\wiki-data\data\story.json#/主线剧情-第2部第8章-57话/title	□核对专名、数值、范围、回合与同族字段	逐字段变更；结构键与非字符串值不得改变
待人工校对	high	magica/js/libs/sectionList.json	/260/title	title	全体編 8話	全体篇 8话	replaced	2_wiki_explicit_pair	C:\Users\proje\Documents\Codex\2026-08-06\https-github-com-hiiraginemu-magireco-wiki-3\work\wiki_authority\wiki-data\data\story.json#/主线剧情-第2部第8章-58话/title	□核对专名、数值、范围、回合与同族字段	逐字段变更；结构键与非字符串值不得改变
待人工校对	high	magica/js/libs/sectionList.json	/261/title	title	全体編 9話	全体篇 9话	replaced	2_wiki_explicit_pair	C:\Users\proje\Documents\Codex\2026-08-06\https-github-com-hiiraginemu-magireco-wiki-3\work\wiki_authority\wiki-data\data\story.json#/主线剧情-第2部第8章-59话/title	□核对专名、数值、范围、回合与同族字段	逐字段变更；结构键与非字符串值不得改变
待人工校对	high	magica/js/libs/sectionList.json	/262/title	title	全体編 10話	全体篇 10话	replaced	2_wiki_explicit_pair	C:\Users\proje\Documents\Codex\2026-08-06\https-github-com-hiiraginemu-magireco-wiki-3\work\wiki_authority\wiki-data\data\story.json#/主线剧情-第2部第8章-60话/title	□核对专名、数值、范围、回合与同族字段	逐字段变更；结构键与非字符串值不得改变
待人工校对	medium	magica/js/libs/sectionList.json	/270/areaDetailName	areaDetailName	調整屋	调整屋	replaced	2_wiki_component	C:\Users\proje\Documents\Codex\2026-08-06\https-github-com-hiiraginemu-magireco-wiki-3\work\wiki_authority\wiki-data\data\story.json#/主线剧情-第3章-5话/lines/5/text	□核对专名、数值、范围、回合与同族字段	逐字段变更；结构键与非字符串值不得改变
待人工校对	high	magica/js/libs/sectionList.json	/271/areaDetailName	areaDetailName	汤国市駅	汤国市车站	replaced	2_wiki_component	C:\Users\proje\Documents\Codex\2026-08-06\https-github-com-hiiraginemu-magireco-wiki-3\work\wiki_authority\wiki-data\data\archive\articles.jsonl.gz#jsonl:2009:/wikitext/中日对照	□核对专名、数值、范围、回合与同族字段	逐字段变更；结构键与非字符串值不得改变
待人工校对	high	magica/js/libs/sectionList.json	/284/title	title	現代神滨編	现代神滨篇	replaced	2_wiki_explicit_pair	C:\Users\proje\Documents\Codex\2026-08-06\https-github-com-hiiraginemu-magireco-wiki-3\work\wiki_authority\wiki-data\data\pages_index.json#/5668/title	□核对专名、数值、范围、回合与同族字段	逐字段变更；结构键与非字符串值不得改变
待人工校对	high	magica/js/libs/sectionList.json	/285/title	title	現代神滨編	现代神滨篇	replaced	2_wiki_explicit_pair	C:\Users\proje\Documents\Codex\2026-08-06\https-github-com-hiiraginemu-magireco-wiki-3\work\wiki_authority\wiki-data\data\pages_index.json#/5668/title	□核对专名、数值、范围、回合与同族字段	逐字段变更；结构键与非字符串值不得改变
待人工校对	high	magica/js/libs/sectionList.json	/286/title	title	現代神滨編	现代神滨篇	replaced	2_wiki_explicit_pair	C:\Users\proje\Documents\Codex\2026-08-06\https-github-com-hiiraginemu-magireco-wiki-3\work\wiki_authority\wiki-data\data\pages_index.json#/5668/title	□核对专名、数值、范围、回合与同族字段	逐字段变更；结构键与非字符串值不得改变
待人工校对	high	magica/js/libs/sectionList.json	/287/title	title	現代神滨編	现代神滨篇	replaced	2_wiki_explicit_pair	C:\Users\proje\Documents\Codex\2026-08-06\https-github-com-hiiraginemu-magireco-wiki-3\work\wiki_authority\wiki-data\data\pages_index.json#/5668/title	□核对专名、数值、范围、回合与同族字段	逐字段变更；结构键与非字符串值不得改变
待人工校对	high	magica/js/libs/sectionList.json	/288/title	title	現代神滨編	现代神滨篇	replaced	2_wiki_explicit_pair	C:\Users\proje\Documents\Codex\2026-08-06\https-github-com-hiiraginemu-magireco-wiki-3\work\wiki_authority\wiki-data\data\pages_index.json#/5668/title	□核对专名、数值、范围、回合与同族字段	逐字段变更；结构键与非字符串值不得改变
待人工校对	high	magica/js/libs/sectionList.json	/289/title	title	現代神滨編	现代神滨篇	replaced	2_wiki_explicit_pair	C:\Users\proje\Documents\Codex\2026-08-06\https-github-com-hiiraginemu-magireco-wiki-3\work\wiki_authority\wiki-data\data\pages_index.json#/5668/title	□核对专名、数值、范围、回合与同族字段	逐字段变更；结构键与非字符串值不得改变
待人工校对	high	magica/js/libs/sectionList.json	/290/title	title	現代神滨編	现代神滨篇	replaced	2_wiki_explicit_pair	C:\Users\proje\Documents\Codex\2026-08-06\https-github-com-hiiraginemu-magireco-wiki-3\work\wiki_authority\wiki-data\data\pages_index.json#/5668/title	□核对专名、数值、范围、回合与同族字段	逐字段变更；结构键与非字符串值不得改变
待人工校对	medium	magica/js/libs/sectionList.json	/336/title	title	困難級	困难级	replaced	2_wiki_explicit_pair	C:\Users\proje\Documents\Codex\2026-08-06\https-github-com-hiiraginemu-magireco-wiki-3\work\wiki_authority\wiki-data\data\archive\articles.jsonl.gz#jsonl:2175:/wikitext/玩法	□核对专名、数值、范围、回合与同族字段	逐字段变更；结构键与非字符串值不得改变
待人工校对	medium	magica/js/libs/sectionList.json	/337/title	title	窮地級	穷地级	replaced	2_wiki_explicit_pair	C:\Users\proje\Documents\Codex\2026-08-06\https-github-com-hiiraginemu-magireco-wiki-3\work\wiki_authority\wiki-data\data\archive\articles.jsonl.gz#jsonl:2175:/wikitext/玩法	□核对专名、数值、范围、回合与同族字段	逐字段变更；结构键与非字符串值不得改变
待人工校对	medium	magica/js/libs/sectionList.json	/338/title	title	绝望級	绝望级	replaced	2_wiki_component	C:\Users\proje\Documents\Codex\2026-08-06\https-github-com-hiiraginemu-magireco-wiki-3\work\wiki_authority\wiki-data\data\pages_index.json#/809/headings/6/text	□核对专名、数值、范围、回合与同族字段	逐字段变更；结构键与非字符串值不得改变
待人工校对	medium	magica/js/libs/sectionList.json	/370/areaDetailName	areaDetailName	喫茶店	咖啡店	replaced	1_official_cn_dump_exact	A:\magireco_cn_dump_20221010_decrypted_json\authority\authority.json#/sectionList.json/101877/areaDetailName	□核对专名、数值、范围、回合与同族字段	逐字段变更；结构键与非字符串值不得改变
待人工校对	medium	magica/js/libs/sectionList.json	/391/areaDetailName	areaDetailName	路地裏	小巷	replaced	1_official_cn_dump_component	A:\magireco_cn_dump_20221010_decrypted_json\authority\authority.json#/pieceList.json/1125/pieceName;/pieceList.json/1125/description	□核对专名、数值、范围、回合与同族字段	逐字段变更；结构键与非字符串值不得改变
待人工校对	high	magica/js/libs/sectionList.json	/391/charaName	charaName	純 美雨	纯美雨	replaced	1_official_cn_dump_exact	A:\magireco_cn_dump_20221010_decrypted_json\authority\authority.json#/charaList.json/3012/name	□核对专名、数值、范围、回合与同族字段	逐字段变更；结构键与非字符串值不得改变
待人工校对	medium	magica/js/libs/sectionList.json	/400/areaDetailName	areaDetailName	橋	桥	replaced	2_wiki_component	C:\Users\proje\Documents\Codex\2026-08-06\https-github-com-hiiraginemu-magireco-wiki-3\work\wiki_authority\wiki-data\data\memoria.json#/天馬駆ける/desc_ja;/天馬駆ける/desc_zh	□核对专名、数值、范围、回合与同族字段	逐字段变更；结构键与非字符串值不得改变
待人工校对	medium	magica/js/libs/sectionList.json	/401/areaDetailName	areaDetailName	橋	桥	replaced	2_wiki_component	C:\Users\proje\Documents\Codex\2026-08-06\https-github-com-hiiraginemu-magireco-wiki-3\work\wiki_authority\wiki-data\data\memoria.json#/天馬駆ける/desc_ja;/天馬駆ける/desc_zh	□核对专名、数值、范围、回合与同族字段	逐字段变更；结构键与非字符串值不得改变
待人工校对	high	magica/js/libs/sectionList.json	/401/charaName	charaName	史乃 沙優希	史乃沙优希	replaced	1_official_cn_dump_exact	A:\magireco_cn_dump_20221010_decrypted_json\authority\authority.json#/charaList.json/3033/name	□核对专名、数值、范围、回合与同族字段	逐字段变更；结构键与非字符串值不得改变
待人工校对	high	magica/js/libs/sectionList.json	/402/areaDetailName	areaDetailName	緑地公园	绿地公园	replaced	2_wiki_component	C:\Users\proje\Documents\Codex\2026-08-06\https-github-com-hiiraginemu-magireco-wiki-3\work\wiki_authority\wiki-data\data\memoria.json#/朝焼けに発つ/desc_ja;/朝焼けに発つ/desc_zh	□核对专名、数值、范围、回合与同族字段	逐字段变更；结构键与非字符串值不得改变
待人工校对	high	magica/js/libs/sectionList.json	/960/charaName	charaName	純 美雨	纯美雨	replaced	1_official_cn_dump_exact	A:\magireco_cn_dump_20221010_decrypted_json\authority\authority.json#/charaList.json/3012/name	□核对专名、数值、范围、回合与同族字段	逐字段变更；结构键与非字符串值不得改变
待人工校对	high	magica/js/libs/sectionList.json	/1019/charaName	charaName	遊佐 葉月	游佐叶月	replaced	1_official_cn_dump_exact	A:\magireco_cn_dump_20221010_decrypted_json\authority\authority.json#/charaList.json/3027/name	□核对专名、数值、范围、回合与同族字段	逐字段变更；结构键与非字符串值不得改变
待人工校对	high	magica/js/libs/sectionList.json	/1035/charaName	charaName	綾野 梨花	绫野梨花	replaced	1_official_cn_dump_exact	A:\magireco_cn_dump_20221010_decrypted_json\authority\authority.json#/charaList.json/3031/name	□核对专名、数值、范围、回合与同族字段	逐字段变更；结构键与非字符串值不得改变
待人工校对	high	magica/js/libs/sectionList.json	/1044/charaName	charaName	恵 萌花	惠萌花	replaced	1_official_cn_dump_exact	A:\magireco_cn_dump_20221010_decrypted_json\authority\authority.json#/cardList.json/30343/cardName	□核对专名、数值、范围、回合与同族字段	逐字段变更；结构键与非字符串值不得改变
待人工校对	high	magica/js/libs/sectionList.json	/1045/charaName	charaName	恵 萌花	惠萌花	replaced	1_official_cn_dump_exact	A:\magireco_cn_dump_20221010_decrypted_json\authority\authority.json#/cardList.json/30343/cardName	□核对专名、数值、范围、回合与同族字段	逐字段变更；结构键与非字符串值不得改变
待人工校对	high	magica/js/libs/sectionList.json	/1046/charaName	charaName	恵 萌花	惠萌花	replaced	1_official_cn_dump_exact	A:\magireco_cn_dump_20221010_decrypted_json\authority\authority.json#/cardList.json/30343/cardName	□核对专名、数值、范围、回合与同族字段	逐字段变更；结构键与非字符串值不得改变
待人工校对	high	magica/js/libs/sectionList.json	/1102/charaName	charaName	飾利 潤	饰利润	replaced	2_wiki_explicit_pair	C:\Users\proje\Documents\Codex\2026-08-06\https-github-com-hiiraginemu-magireco-wiki-3\work\wiki_authority\wiki-data\data\characters.json#/饰利润/nameJa;/饰利润/nameZh	□核对专名、数值、范围、回合与同族字段	逐字段变更；结构键与非字符串值不得改变
待人工校对	high	magica/js/libs/sectionList.json	/1103/charaName	charaName	飾利 潤	饰利润	replaced	2_wiki_explicit_pair	C:\Users\proje\Documents\Codex\2026-08-06\https-github-com-hiiraginemu-magireco-wiki-3\work\wiki_authority\wiki-data\data\characters.json#/饰利润/nameJa;/饰利润/nameZh	□核对专名、数值、范围、回合与同族字段	逐字段变更；结构键与非字符串值不得改变
待人工校对	high	magica/js/libs/sectionList.json	/1104/charaName	charaName	飾利 潤	饰利润	replaced	2_wiki_explicit_pair	C:\Users\proje\Documents\Codex\2026-08-06\https-github-com-hiiraginemu-magireco-wiki-3\work\wiki_authority\wiki-data\data\characters.json#/饰利润/nameJa;/饰利润/nameZh	□核对专名、数值、范围、回合与同族字段	逐字段变更；结构键与非字符串值不得改变
待人工校对	high	magica/js/libs/sectionList.json	/1105/charaName	charaName	飾利 潤	饰利润	replaced	2_wiki_explicit_pair	C:\Users\proje\Documents\Codex\2026-08-06\https-github-com-hiiraginemu-magireco-wiki-3\work\wiki_authority\wiki-data\data\characters.json#/饰利润/nameJa;/饰利润/nameZh	□核对专名、数值、范围、回合与同族字段	逐字段变更；结构键与非字符串值不得改变
待人工校对	high	magica/js/libs/sectionList.json	/1124/title	title	安寧―Peace―	安宁―Peace―	replaced	2_wiki_component	C:\Users\proje\Documents\Codex\2026-08-06\https-github-com-hiiraginemu-magireco-wiki-3\work\wiki_authority\wiki-data\data\archive\articles.jsonl.gz#jsonl:1000:/wikitext/Doppel日文;jsonl:1000:/wikitext/Doppel中文	□核对专名、数值、范围、回合与同族字段	逐字段变更；结构键与非字符串值不得改变
待人工校对	high	magica/js/libs/sectionList.json	/1130/charaName	charaName	南津 涼子	南津凉子	replaced	1_official_cn_dump_exact	A:\magireco_cn_dump_20221010_decrypted_json\authority\authority.json#/cardList.json/30584/cardName	□核对专名、数值、范围、回合与同族字段	逐字段变更；结构键与非字符串值不得改变
待人工校对	high	magica/js/libs/sectionList.json	/1131/charaName	charaName	南津 涼子	南津凉子	replaced	1_official_cn_dump_exact	A:\magireco_cn_dump_20221010_decrypted_json\authority\authority.json#/cardList.json/30584/cardName	□核对专名、数值、范围、回合与同族字段	逐字段变更；结构键与非字符串值不得改变
待人工校对	high	magica/js/libs/sectionList.json	/1132/charaName	charaName	南津 涼子	南津凉子	replaced	1_official_cn_dump_exact	A:\magireco_cn_dump_20221010_decrypted_json\authority\authority.json#/cardList.json/30584/cardName	□核对专名、数值、范围、回合与同族字段	逐字段变更；结构键与非字符串值不得改变
待人工校对	high	magica/js/libs/sectionList.json	/1133/charaName	charaName	南津 涼子	南津凉子	replaced	1_official_cn_dump_exact	A:\magireco_cn_dump_20221010_decrypted_json\authority\authority.json#/cardList.json/30584/cardName	□核对专名、数值、范围、回合与同族字段	逐字段变更；结构键与非字符串值不得改变
待人工校对	high	magica/js/libs/sectionList.json	/1139/charaName	charaName	綾野 梨花	绫野梨花	replaced	1_official_cn_dump_exact	A:\magireco_cn_dump_20221010_decrypted_json\authority\authority.json#/charaList.json/3031/name	□核对专名、数值、范围、回合与同族字段	逐字段变更；结构键与非字符串值不得改变
待人工校对	high	magica/js/libs/sectionList.json	/1141/charaName	charaName	綾野 梨花	绫野梨花	replaced	1_official_cn_dump_exact	A:\magireco_cn_dump_20221010_decrypted_json\authority\authority.json#/charaList.json/3031/name	□核对专名、数值、范围、回合与同族字段	逐字段变更；结构键与非字符串值不得改变
待人工校对	high	magica/js/libs/sectionList.json	/1146/charaName	charaName	遊佐 葉月	游佐叶月	replaced	1_official_cn_dump_exact	A:\magireco_cn_dump_20221010_decrypted_json\authority\authority.json#/charaList.json/3027/name	□核对专名、数值、范围、回合与同族字段	逐字段变更；结构键与非字符串值不得改变
待人工校对	high	magica/js/libs/sectionList.json	/1147/title	title	我慢我慢我慢…追跡	忍耐忍耐忍耐…追踪	replaced	2_wiki_component	C:\Users\proje\Documents\Codex\2026-08-06\https-github-com-hiiraginemu-magireco-wiki-3\work\wiki_authority\wiki-data\data\archive\articles.jsonl.gz#jsonl:3:/wikitext/我慢のドッペル;jsonl:641:/wikitext/魔法少女タップ7-ja;jsonl:641:/wikitext/魔法少女タップ7-zh	□核对专名、数值、范围、回合与同族字段	逐字段变更；结构键与非字符串值不得改变
待人工校对	high	magica/js/libs/sectionList.json	/1148/charaName	charaName	遊佐 葉月	游佐叶月	replaced	1_official_cn_dump_exact	A:\magireco_cn_dump_20221010_decrypted_json\authority\authority.json#/charaList.json/3027/name	□核对专名、数值、范围、回合与同族字段	逐字段变更；结构键与非字符串值不得改变
待人工校对	high	magica/js/libs/sectionList.json	/1252/charaName	charaName	詩音 千里	诗音千里	replaced	1_official_cn_dump_exact	A:\magireco_cn_dump_20221010_decrypted_json\authority\authority.json#/charaList.json/4034/name	□核对专名、数值、范围、回合与同族字段	逐字段变更；结构键与非字符串值不得改变
待人工校对	high	magica/js/libs/sectionList.json	/1269/charaName	charaName	神原 駿河	神原骏河	replaced	1_official_cn_dump_exact	A:\magireco_cn_dump_20221010_decrypted_json\authority\authority.json#/cardList.json/40434/cardName	□核对专名、数值、范围、回合与同族字段	逐字段变更；结构键与非字符串值不得改变
待人工校对	high	magica/js/libs/sectionList.json	/1270/charaName	charaName	神原 駿河	神原骏河	replaced	1_official_cn_dump_exact	A:\magireco_cn_dump_20221010_decrypted_json\authority\authority.json#/cardList.json/40434/cardName	□核对专名、数值、范围、回合与同族字段	逐字段变更；结构键与非字符串值不得改变
待人工校对	high	magica/js/libs/sectionList.json	/1271/charaName	charaName	神原 駿河	神原骏河	replaced	1_official_cn_dump_exact	A:\magireco_cn_dump_20221010_decrypted_json\authority\authority.json#/cardList.json/40434/cardName	□核对专名、数值、范围、回合与同族字段	逐字段变更；结构键与非字符串值不得改变
待人工校对	high	magica/js/libs/sectionList.json	/1272/charaName	charaName	神原 駿河	神原骏河	replaced	1_official_cn_dump_exact	A:\magireco_cn_dump_20221010_decrypted_json\authority\authority.json#/cardList.json/40434/cardName	□核对专名、数值、范围、回合与同族字段	逐字段变更；结构键与非字符串值不得改变
待人工校对	high	magica/js/libs/sectionList.json	/1273/charaName	charaName	千石 撫子	千石抚子	replaced	1_official_cn_dump_exact	A:\magireco_cn_dump_20221010_decrypted_json\authority\authority.json#/cardList.json/40444/cardName	□核对专名、数值、范围、回合与同族字段	逐字段变更；结构键与非字符串值不得改变
待人工校对	high	magica/js/libs/sectionList.json	/1274/charaName	charaName	千石 撫子	千石抚子	replaced	1_official_cn_dump_exact	A:\magireco_cn_dump_20221010_decrypted_json\authority\authority.json#/cardList.json/40444/cardName	□核对专名、数值、范围、回合与同族字段	逐字段变更；结构键与非字符串值不得改变
待人工校对	high	magica/js/libs/sectionList.json	/1275/charaName	charaName	千石 撫子	千石抚子	replaced	1_official_cn_dump_exact	A:\magireco_cn_dump_20221010_decrypted_json\authority\authority.json#/cardList.json/40444/cardName	□核对专名、数值、范围、回合与同族字段	逐字段变更；结构键与非字符串值不得改变
待人工校对	high	magica/js/libs/sectionList.json	/1276/charaName	charaName	千石 撫子	千石抚子	replaced	1_official_cn_dump_exact	A:\magireco_cn_dump_20221010_decrypted_json\authority\authority.json#/cardList.json/40444/cardName	□核对专名、数值、范围、回合与同族字段	逐字段变更；结构键与非字符串值不得改变
待人工校对	high	magica/js/libs/sectionList.json	/1351/title	title	篠目约鹤的“记忆”	篠目夜鹤的“记忆”	replaced	1_official_cn_dump_component	A:\magireco_cn_dump_20221010_decrypted_json\authority\authority.json#/cardList.json/10404/cardName	□核对专名、数值、范围、回合与同族字段	逐字段变更；结构键与非字符串值不得改变
待人工校对	high	magica/js/libs/sectionList.json	/1539/charaName	charaName	純 美雨	纯美雨	replaced	1_official_cn_dump_exact	A:\magireco_cn_dump_20221010_decrypted_json\authority\authority.json#/charaList.json/3012/name	□核对专名、数值、范围、回合与同族字段	逐字段变更；结构键与非字符串值不得改变
待人工校对	high	magica/js/libs/sectionList.json	/1559/charaName	charaName	史乃 沙優希	史乃沙优希	replaced	1_official_cn_dump_exact	A:\magireco_cn_dump_20221010_decrypted_json\authority\authority.json#/charaList.json/3033/name	□核对专名、数值、范围、回合与同族字段	逐字段变更；结构键与非字符串值不得改变
待人工校对	high	magica/js/libs/sectionList.json	/1560/charaName	charaName	恵 萌花	惠萌花	replaced	1_official_cn_dump_exact	A:\magireco_cn_dump_20221010_decrypted_json\authority\authority.json#/cardList.json/30343/cardName	□核对专名、数值、范围、回合与同族字段	逐字段变更；结构键与非字符串值不得改变
待人工校对	high	magica/js/libs/sectionList.json	/1578/charaName	charaName	南津 涼子	南津凉子	replaced	1_official_cn_dump_exact	A:\magireco_cn_dump_20221010_decrypted_json\authority\authority.json#/cardList.json/30584/cardName	□核对专名、数值、范围、回合与同族字段	逐字段变更；结构键与非字符串值不得改变
待人工校对	low	magica/js/libs/shopItemList.json	/327/description	description	自选期间限定★4必得扭蛋券内含特別套装。※具体内容请查看公告	自选期间限定★4必得扭蛋券内含特别套装。※具体内容请查看公告	replaced	1_official_cn_dump_component	A:\magireco_cn_dump_20221010_decrypted_json\authority\authority.json#/shopItemList.json/8625/description	□核对专名、数值、范围、回合与同族字段	逐字段变更；结构键与非字符串值不得改变
待人工校对	low	magica/js/libs/shopItemList.json	/328/description	description	自选★4记忆结晶兑换券内含特別套装。※具体内容请查看公告	自选★4记忆结晶兑换券内含特别套装。※具体内容请查看公告	replaced	1_official_cn_dump_component	A:\magireco_cn_dump_20221010_decrypted_json\authority\authority.json#/shopItemList.json/8625/description	□核对专名、数值、范围、回合与同族字段	逐字段变更；结构键与非字符串值不得改变
待人工校对	low	magica/js/libs/shopItemList.json	/329/name	name	3周年DX福袋(銀)	3周年DX福袋（银）	replaced	2_wiki_component	C:\Users\proje\Documents\Codex\2026-08-06\https-github-com-hiiraginemu-magireco-wiki-3\work\wiki_authority\wiki-data\data\memoria.json#/銀の魔女の手下/name_ja;/銀の魔女の手下/name_zh	□核对专名、数值、范围、回合与同族字段	逐字段变更；结构键与非字符串值不得改变
待人工校对	low	magica/js/libs/shopItemList.json	/329/description	description	自选★4必得扭蛋券内含特別套装。※具体内容请查看公告	自选★4必得扭蛋券内含特别套装。※具体内容请查看公告	replaced	1_official_cn_dump_component	A:\magireco_cn_dump_20221010_decrypted_json\authority\authority.json#/shopItemList.json/8625/description	□核对专名、数值、范围、回合与同族字段	逐字段变更；结构键与非字符串值不得改变
待人工校对	medium	magica/js/libs/shopItemList.json	/387/name	name	"3周年DX福袋(銅)	"	3周年DX福袋（铜）	replaced	3_manual_verified	人工逐项字形、语义与同族字段核对	□核对专名、数值、范围、回合与同族字段	逐字段变更；结构键与非字符串值不得改变
待人工校对	low	magica/js/libs/shopItemList.json	/387/description	description	★4必得扭蛋券内含特別套装。※具体内容请查看公告	★4必得扭蛋券内含特别套装。※具体内容请查看公告	replaced	1_official_cn_dump_component	A:\magireco_cn_dump_20221010_decrypted_json\authority\authority.json#/shopItemList.json/8625/description	□核对专名、数值、范围、回合与同族字段	逐字段变更；结构键与非字符串值不得改变
待人工校对	high	magica/js/libs/shopItemList.json	/389/name	name	飾利潤	饰利润	replaced	2_wiki_explicit_pair	C:\Users\proje\Documents\Codex\2026-08-06\https-github-com-hiiraginemu-magireco-wiki-3\work\wiki_authority\wiki-data\data\characters.json#/饰利润/nameJa;/饰利润/nameZh	□核对专名、数值、范围、回合与同族字段	逐字段变更；结构键与非字符串值不得改变
待人工校对	low	magica/js/libs/shopItemList.json	/391/description	description	兑换券内含特別套装。详情可通过按钮查看。	兑换券内含特别套装。详情可通过按钮查看。	replaced	1_official_cn_dump_component	A:\magireco_cn_dump_20221010_decrypted_json\authority\authority.json#/shopItemList.json/8625/description	□核对专名、数值、范围、回合与同族字段	逐字段变更；结构键与非字符串值不得改变
待人工校对	low	magica/js/libs/shopItemList.json	/399/description	description	魔法少女精选兑换券内含特別套装。详情可通过按钮查看。	魔法少女精选兑换券内含特别套装。详情可通过按钮查看。	replaced	1_official_cn_dump_component	A:\magireco_cn_dump_20221010_decrypted_json\authority\authority.json#/shopItemList.json/8625/description	□核对专名、数值、范围、回合与同族字段	逐字段变更；结构键与非字符串值不得改变
待人工校对	low	magica/js/libs/shopItemList.json	/400/description	description	魔法少女精选兑换券内含特別套装。详情可通过按钮查看。	魔法少女精选兑换券内含特别套装。详情可通过按钮查看。	replaced	1_official_cn_dump_component	A:\magireco_cn_dump_20221010_decrypted_json\authority\authority.json#/shopItemList.json/8625/description	□核对专名、数值、范围、回合与同族字段	逐字段变更；结构键与非字符串值不得改变
待人工校对	low	magica/js/libs/shopItemList.json	/401/description	description	1200日纪念特別套装。详情可点击图标查看。	1200日纪念特别套装。详情可点击图标查看。	replaced	1_official_cn_dump_component	A:\magireco_cn_dump_20221010_decrypted_json\authority\authority.json#/shopItemList.json/8625/description	□核对专名、数值、范围、回合与同族字段	逐字段变更；结构键与非字符串值不得改变
待人工校对	low	magica/js/libs/shopItemList.json	/402/description	description	兑换券内含特別套装。详情可点击图标查看。	兑换券内含特别套装。详情可点击图标查看。	replaced	1_official_cn_dump_component	A:\magireco_cn_dump_20221010_decrypted_json\authority\authority.json#/shopItemList.json/8625/description	□核对专名、数值、范围、回合与同族字段	逐字段变更；结构键与非字符串值不得改变
待人工校对	low	magica/js/libs/shopItemList.json	/414/description	description	10连扭蛋券内含特別套装。详情可点击图标查看。	10连扭蛋券内含特别套装。详情可点击图标查看。	replaced	1_official_cn_dump_component	A:\magireco_cn_dump_20221010_decrypted_json\authority\authority.json#/shopItemList.json/8625/description	□核对专名、数值、范围、回合与同族字段	逐字段变更；结构键与非字符串值不得改变
待人工校对	low	magica/js/libs/shopItemList.json	/452/description	description	10连扭蛋券内含特別套装。详情可点击图标查看。	10连扭蛋券内含特别套装。详情可点击图标查看。	replaced	1_official_cn_dump_component	A:\magireco_cn_dump_20221010_decrypted_json\authority\authority.json#/shopItemList.json/8625/description	□核对专名、数值、范围、回合与同族字段	逐字段变更；结构键与非字符串值不得改变
待人工校对	low	magica/js/libs/shopItemList.json	/456/description	description	AP回复药内含特別套装。详情可点击图标查看。	AP回复药内含特别套装。详情可点击图标查看。	replaced	1_official_cn_dump_component	A:\magireco_cn_dump_20221010_decrypted_json\authority\authority.json#/shopItemList.json/8625/description	□核对专名、数值、范围、回合与同族字段	逐字段变更；结构键与非字符串值不得改变
待人工校对	medium	magica/js/libs/shopItemList.json	/461/name	name	"4周年DX福袋(銅)	"	4周年DX福袋（铜）	replaced	3_manual_verified	人工逐项字形、语义与同族字段核对	□核对专名、数值、范围、回合与同族字段	逐字段变更；结构键与非字符串值不得改变
待人工校对	low	magica/js/libs/shopItemList.json	/461/description	description	★4魔法少女必得扭蛋券内含特別套装。详情可点击图标查看。	★4魔法少女必得扭蛋券内含特别套装。详情可点击图标查看。	replaced	1_official_cn_dump_component	A:\magireco_cn_dump_20221010_decrypted_json\authority\authority.json#/shopItemList.json/8625/description	□核对专名、数值、范围、回合与同族字段	逐字段变更；结构键与非字符串值不得改变
待人工校对	low	magica/js/libs/shopItemList.json	/469/description	description	★4魔法少女必得扭蛋券内含特別套装。详情可点击图标查看。	★4魔法少女必得扭蛋券内含特别套装。详情可点击图标查看。	replaced	1_official_cn_dump_component	A:\magireco_cn_dump_20221010_decrypted_json\authority\authority.json#/shopItemList.json/8625/description	□核对专名、数值、范围、回合与同族字段	逐字段变更；结构键与非字符串值不得改变
待人工校对	medium	magica/js/libs/shopItemList.json	/486/name	name	海香的觉醒書	海香的觉醒书	replaced	1_official_cn_dump_exact	A:\magireco_cn_dump_20221010_decrypted_json\authority\authority.json#/giftList.json/602/name	□核对专名、数值、范围、回合与同族字段	逐字段变更；结构键与非字符串值不得改变
待人工校对	low	magica/js/libs/shopItemList.json	/511/description	description	★4魔法少女必得扭蛋券内含特別套装。详情可点击图标查看。	★4魔法少女必得扭蛋券内含特别套装。详情可点击图标查看。	replaced	1_official_cn_dump_component	A:\magireco_cn_dump_20221010_decrypted_json\authority\authority.json#/shopItemList.json/8625/description	□核对专名、数值、范围、回合与同族字段	逐字段变更；结构键与非字符串值不得改变
待人工校对	low	magica/js/libs/shopItemList.json	/514/description	description	1600日纪念特別套装。详情可点击图标查看。	1600日纪念特别套装。详情可点击图标查看。	replaced	1_official_cn_dump_component	A:\magireco_cn_dump_20221010_decrypted_json\authority\authority.json#/shopItemList.json/8625/description	□核对专名、数值、范围、回合与同族字段	逐字段变更；结构键与非字符串值不得改变
待人工校对	low	magica/js/libs/shopItemList.json	/524/description	description	1700日纪念特別套装。详情可点击图标查看。	1700日纪念特别套装。详情可点击图标查看。	replaced	1_official_cn_dump_component	A:\magireco_cn_dump_20221010_decrypted_json\authority\authority.json#/shopItemList.json/8625/description	□核对专名、数值、范围、回合与同族字段	逐字段变更；结构键与非字符串值不得改变
待人工校对	low	magica/js/libs/shopItemList.json	/537/description	description	1800日纪念特別套装。详情可点击图标查看。	1800日纪念特别套装。详情可点击图标查看。	replaced	1_official_cn_dump_component	A:\magireco_cn_dump_20221010_decrypted_json\authority\authority.json#/shopItemList.json/8625/description	□核对专名、数值、范围、回合与同族字段	逐字段变更；结构键与非字符串值不得改变
待人工校对	medium	magica/js/libs/shopItemList.json	/542/name	name	"5周年DX福袋(銅)	"	5周年DX福袋（铜）	replaced	3_manual_verified	人工逐项字形、语义与同族字段核对	□核对专名、数值、范围、回合与同族字段	逐字段变更；结构键与非字符串值不得改变
待人工校对	low	magica/js/libs/shopItemList.json	/542/description	description	★4魔法少女必得扭蛋券内含特別套装。详情可点击图标查看。	★4魔法少女必得扭蛋券内含特别套装。详情可点击图标查看。	replaced	1_official_cn_dump_component	A:\magireco_cn_dump_20221010_decrypted_json\authority\authority.json#/shopItemList.json/8625/description	□核对专名、数值、范围、回合与同族字段	逐字段变更；结构键与非字符串值不得改变
待人工校对	low	magica/js/libs/shopItemList.json	/556/description	description	1900日纪念特別套装。详情可点击图标查看。	1900日纪念特别套装。详情可点击图标查看。	replaced	1_official_cn_dump_component	A:\magireco_cn_dump_20221010_decrypted_json\authority\authority.json#/shopItemList.json/8625/description	□核对专名、数值、范围、回合与同族字段	逐字段变更；结构键与非字符串值不得改变
待人工校对	low	magica/js/libs/shopItemList.json	/565/description	description	★4魔法少女必得扭蛋券内含特別套装。详情可点击图标查看。	★4魔法少女必得扭蛋券内含特别套装。详情可点击图标查看。	replaced	1_official_cn_dump_component	A:\magireco_cn_dump_20221010_decrypted_json\authority\authority.json#/shopItemList.json/8625/description	□核对专名、数值、范围、回合与同族字段	逐字段变更；结构键与非字符串值不得改变
待人工校对	low	magica/js/libs/shopItemList.json	/571/description	description	2000日纪念特別套装。详情可点击图标查看。	2000日纪念特别套装。详情可点击图标查看。	replaced	1_official_cn_dump_component	A:\magireco_cn_dump_20221010_decrypted_json\authority\authority.json#/shopItemList.json/8625/description	□核对专名、数值、范围、回合与同族字段	逐字段变更；结构键与非字符串值不得改变
待人工校对	low	magica/js/libs/shopItemList.json	/616/description	description	2100日纪念特別套装。详情可点击图标查看。	2100日纪念特别套装。详情可点击图标查看。	replaced	1_official_cn_dump_component	A:\magireco_cn_dump_20221010_decrypted_json\authority\authority.json#/shopItemList.json/8625/description	□核对专名、数值、范围、回合与同族字段	逐字段变更；结构键与非字符串值不得改变
待人工校对	medium	magica/js/libs/shopItemList.json	/627/name	name	"6周年DX福袋(銅)	"	6周年DX福袋（铜）	replaced	3_manual_verified	人工逐项字形、语义与同族字段核对	□核对专名、数值、范围、回合与同族字段	逐字段变更；结构键与非字符串值不得改变
待人工校对	low	magica/js/libs/shopItemList.json	/627/description	description	★4魔法少女必得扭蛋券内含特別套装。详情可点击图标查看。	★4魔法少女必得扭蛋券内含特别套装。详情可点击图标查看。	replaced	1_official_cn_dump_component	A:\magireco_cn_dump_20221010_decrypted_json\authority\authority.json#/shopItemList.json/8625/description	□核对专名、数值、范围、回合与同族字段	逐字段变更；结构键与非字符串值不得改变
待人工校对	low	magica/js/libs/shopItemList.json	/667/description	description	2300日纪念特別套装。详情可点击图标查看。	2300日纪念特别套装。详情可点击图标查看。	replaced	1_official_cn_dump_component	A:\magireco_cn_dump_20221010_decrypted_json\authority\authority.json#/shopItemList.json/8625/description	□核对专名、数值、范围、回合与同族字段	逐字段变更；结构键与非字符串值不得改变
待人工校对	low	magica/js/libs/shopItemList.json	/672/description	description	★4魔法少女必得扭蛋券内含特別套装。详情可点击图标查看。	★4魔法少女必得扭蛋券内含特别套装。详情可点击图标查看。	replaced	1_official_cn_dump_component	A:\magireco_cn_dump_20221010_decrypted_json\authority\authority.json#/shopItemList.json/8625/description	□核对专名、数值、范围、回合与同族字段	逐字段变更；结构键与非字符串值不得改变
待人工校对	high	magica/js/libs/shopItemList.json	/715/name	name	引縄批根	引绳批根	replaced	2_wiki_explicit_pair	C:\Users\proje\Documents\Codex\2026-08-06\https-github-com-hiiraginemu-magireco-wiki-3\work\wiki_authority\wiki-data\data\memoria.json#/引縄批根/name_ja;/引縄批根/name_zh	□核对专名、数值、范围、回合与同族字段	逐字段变更；结构键与非字符串值不得改变
待人工校对	high	magica/js/libs/shopItemList.json	/715/description	description	记忆结晶「引縄批根」（等级已满/已达最大界限突破）	记忆结晶「引绳批根」（等级已满/已达最大界限突破）	replaced	2_wiki_component	C:\Users\proje\Documents\Codex\2026-08-06\https-github-com-hiiraginemu-magireco-wiki-3\work\wiki_authority\wiki-data\data\memoria.json#/引縄批根/name_ja;/引縄批根/name_zh	□核对专名、数值、范围、回合与同族字段	逐字段变更；结构键与非字符串值不得改变
待人工校对	low	magica/js/libs/shopItemList.json	/729/description	description	2400日纪念特別套装。详情可点击图标查看。	2400日纪念特别套装。详情可点击图标查看。	replaced	1_official_cn_dump_component	A:\magireco_cn_dump_20221010_decrypted_json\authority\authority.json#/shopItemList.json/8625/description	□核对专名、数值、范围、回合与同族字段	逐字段变更；结构键与非字符串值不得改变
待人工校对	high	magica/js/libs/shopItemList.json	/897/name	name	天乃鈴音	天乃铃音	replaced	1_official_cn_dump_exact	A:\magireco_cn_dump_20221010_decrypted_json\authority\authority.json#/charaList.json/4031/name	□核对专名、数值、范围、回合与同族字段	逐字段变更；结构键与非字符串值不得改变
待人工校对	high	magica/js/libs/shopItemList.json	/1006/name	name	史乃沙優希	史乃沙优希	replaced	1_official_cn_dump_exact	A:\magireco_cn_dump_20221010_decrypted_json\authority\authority.json#/charaList.json/3033/name	□核对专名、数值、范围、回合与同族字段	逐字段变更；结构键与非字符串值不得改变
待人工校对	high	magica/js/libs/shopItemList.json	/1014/name	name	南津涼子	南津凉子	replaced	1_official_cn_dump_exact	A:\magireco_cn_dump_20221010_decrypted_json\authority\authority.json#/cardList.json/30584/cardName	□核对专名、数值、范围、回合与同族字段	逐字段变更；结构键与非字符串值不得改变
待人工校对	high	magica/js/libs/shopItemList.json	/1023/name	name	飾利潤	饰利润	replaced	2_wiki_explicit_pair	C:\Users\proje\Documents\Codex\2026-08-06\https-github-com-hiiraginemu-magireco-wiki-3\work\wiki_authority\wiki-data\data\characters.json#/饰利润/nameJa;/饰利润/nameZh	□核对专名、数值、范围、回合与同族字段	逐字段变更；结构键与非字符串值不得改变
待人工校对	high	magica/js/libs/shopItemList.json	/1174/name	name	史乃沙優希的服装【泳装】	史乃沙优希的服装【泳装】	replaced	1_official_cn_dump_component	A:\magireco_cn_dump_20221010_decrypted_json\authority\authority.json#/charaList.json/3033/name	□核对专名、数值、范围、回合与同族字段	逐字段变更；结构键与非字符串值不得改变
待人工校对	low	magica/js/libs/shopItemList.json	/328/name	name	3周年DX福袋(金)	3周年DX福袋（金）	punctuation_harmonization	3_manual_verified	国服中文标点规则与同族商品名	□核对专名、数值、范围、回合与同族字段	逐字段变更；结构键与非字符串值不得改变
待人工校对	low	magica/js/test/Backdoor.js	line:581	visible_text_or_string	受取完了	领取完成	static_ui_manual_review	3_manual_static_review	Pass16 peer rules, personally re-reviewed	□核对页面语义、术语、占位符与标签结构	静态界面逐槽位审校；不得改变ID、class、链接或模板表达式
待人工校对	low	magica/js/test/Backdoor.js	line:656	visible_text_or_string	受取完了	领取完成	static_ui_manual_review	3_manual_static_review	Pass16 peer rules, personally re-reviewed	□核对页面语义、术语、占位符与标签结构	静态界面逐槽位审校；不得改变ID、class、链接或模板表达式
待人工校对	low	magica/js/test/Backdoor.js	line:716	visible_text_or_string	受取完了	领取完成	static_ui_manual_review	3_manual_static_review	Pass16 peer rules, personally re-reviewed	□核对页面语义、术语、占位符与标签结构	静态界面逐槽位审校；不得改变ID、class、链接或模板表达式
待人工校对	medium	magica/js/test/BackdoorList.js	line:65	visible_text_or_string	是否要重置战斗博物馆的回复功能？<br>eventId：<input id='inputEventId' class='commonFrame3' readonly='readonly' type='text' maxlength='4' value=''>	是否重置战斗博物馆的回复功能？<br>eventId：<input id='inputEventId' class='commonFrame3' readonly='readonly' type='text' maxlength='4' value=''>	static_ui_manual_review	3_manual_static_review	Pass16 peer rules, personally re-reviewed	□核对页面语义、术语、占位符与标签结构	静态界面逐槽位审校；不得改变ID、class、链接或模板表达式
待人工校对	low	magica/js/test/BackdoorList.js	line:414	visible_text_or_string	剧情任务打开调试模式。<br>请重新启动应用程序以将其关闭。	已启用剧情关卡调试模式。<br>要关闭此模式，请重新启动应用。	static_ui_manual_review	3_manual_static_review	Pass16 peer rules, personally re-reviewed	□核对页面语义、术语、占位符与标签结构	静态界面逐槽位审校；不得改变ID、class、链接或模板表达式
待人工校对	low	magica/js/test/BackdoorList.js	line:424	visible_text_or_string	挑战任务打开调试模式。<br>请重新启动应用程序以将其关闭。	已启用挑战关卡调试模式。<br>要关闭此模式，请重新启动应用。	static_ui_manual_review	3_manual_static_review	Pass16 peer rules, personally re-reviewed	□核对页面语义、术语、占位符与标签结构	静态界面逐槽位审校；不得改变ID、class、链接或模板表达式
待人工校对	low	magica/js/test/BackdoorList.js	line:99	visible_text_or_string	用户 已在搜索服务器上注册。<br>过一会儿，你就可以搜索了。 （最多 15 分钟）	已在搜索服务器注册用户。<br>稍候即可搜索（最长需15分钟）。	static_ui_manual_review	3_manual_static_review	Pass16 peer rules, personally re-reviewed	□核对页面语义、术语、占位符与标签结构	静态界面逐槽位审校；不得改变ID、class、链接或模板表达式
待人工校对	medium	magica/js/test/BackdoorList.js	line:118	visible_text_or_string	要执行此操作，甲板 1 必须是单个 Iroha 甲板。<br>有需要。	要执行此操作，队伍１必须<br>设为「仅含环彩羽的单人队伍」。	static_ui_manual_review	3_manual_static_review	Pass16 peer rules, personally re-reviewed	□核对页面语义、术语、占位符与标签结构	静态界面逐槽位审校；不得改变ID、class、链接或模板表达式
待人工校对	medium	magica/js/test/BackdoorList.js	line:282	visible_text_or_string	 ★试用测试★%0a https://twitter.com/	 ★测试推文★%0a https://twitter.com/	static_ui_manual_review	3_manual_static_review	Pass16 peer rules, personally re-reviewed	□核对页面语义、术语、占位符与标签结构	静态界面逐槽位审校；不得改变ID、class、链接或模板表达式
待人工校对	medium	magica/js/test/BackdoorList.js	line:76	visible_text_or_string	战斗 博物馆的 回复 功能已重置	已重置战斗博物馆的回复功能	static_ui_manual_review	3_manual_static_review	Pass16 peer rules, personally re-reviewed	□核对页面语义、术语、占位符与标签结构	静态界面逐槽位审校；不得改变ID、class、链接或模板表达式
待人工校对	low	magica/js/test/BackdoorList.js	line:558	visible_text_or_string	锁定的product_id列表<br>	处于锁定状态的product_id列表<br>	static_ui_manual_review	3_manual_static_review	Pass16 peer rules, personally re-reviewed	□核对页面语义、术语、占位符与标签结构	静态界面逐槽位审校；不得改变ID、class、链接或模板表达式
待人工校对	medium	magica/js/test/BackdoorList.js	line:282	visible_text_or_string	/照片/1%0a★试听课★	/photo/1%0a★测试推文★	static_ui_manual_review	3_manual_static_review	Pass16 peer rules, personally re-reviewed	□核对页面语义、术语、占位符与标签结构	静态界面逐槽位审校；不得改变ID、class、链接或模板表达式
待人工校对	low	magica/js/test/BackdoorList.js	line:146	visible_text_or_string	通关 直至第 2 部分第 11 章。	将第二部至第11章一键通关。	static_ui_manual_review	3_manual_static_review	Pass16 peer rules, personally re-reviewed	□核对页面语义、术语、占位符与标签结构	静态界面逐槽位审校；不得改变ID、class、链接或模板表达式
待人工校对	medium	magica/js/test/BackdoorList.js	line:503	visible_text_or_string	地下城 活动 已过时。	当前不在地下城活动开放期间。	static_ui_manual_review	3_manual_static_review	Pass16 peer rules, personally re-reviewed	□核对页面语义、术语、占位符与标签结构	静态界面逐槽位审校；不得改变ID、class、链接或模板表达式
待人工校对	low	magica/js/test/BackdoorList.js	line:220	visible_text_or_string	TU999已注册。	已注册TU999。	static_ui_manual_review	3_manual_static_review	Pass16 peer rules, personally re-reviewed	□核对页面语义、术语、占位符与标签结构	静态界面逐槽位审校；不得改变ID、class、链接或模板表达式
待人工校对	low	magica/js/test/BackdoorList.js	line:200	visible_text_or_string	已被注册。	已注册。	static_ui_manual_review	3_manual_static_review	Pass16 peer rules, personally re-reviewed	□核对页面语义、术语、占位符与标签结构	静态界面逐槽位审校；不得改变ID、class、链接或模板表达式
待人工校对	medium	magica/js/test/BackdoorList.js	line:486	visible_text_or_string	地牢 1	地下城1	static_ui_manual_review	3_manual_static_review	Pass16 peer rules, personally re-reviewed	□核对页面语义、术语、占位符与标签结构	静态界面逐槽位审校；不得改变ID、class、链接或模板表达式
待人工校对	medium	magica/js/test/BackdoorQuestList.js	line:198	visible_text_or_string	” 是 <span class='c_red'>	」还差 <span class='c_red'>	static_ui_manual_review	3_manual_static_review	Pass16 peer rules, personally re-reviewed	□核对页面语义、术语、占位符与标签结构	静态界面逐槽位审校；不得改变ID、class、链接或模板表达式
待人工校对	medium	magica/js/test/BackdoorQuestList.js	line:198	visible_text_or_string	缺少	</span> 个	static_ui_manual_review	3_manual_static_review	Pass16 peer rules, personally re-reviewed	□核对页面语义、术语、占位符与标签结构	静态界面逐槽位审校；不得改变ID、class、链接或模板表达式
待人工校对	low	magica/js/test/BackdoorQuestList.js	line:73	visible_text_or_string	亚历山大海市蜃楼	亚历山德里亚的蜃楼篇	static_ui_manual_review	3_manual_static_review	Pass16 peer rules, personally re-reviewed	□核对页面语义、术语、占位符与标签结构	静态界面逐槽位审校；不得改变ID、class、链接或模板表达式
待人工校对	low	magica/js/test/BackdoorQuestList.js	line:81	visible_text_or_string	藏罗刹版	藏地的罗刹女篇	static_ui_manual_review	3_manual_static_review	Pass16 peer rules, personally re-reviewed	□核对页面语义、术语、占位符与标签结构	静态界面逐槽位审校；不得改变ID、class、链接或模板表达式
待人工校对	low	magica/js/test/BackdoorQuestList.js	line:77	visible_text_or_string	维克的瓦尔基里版	维京的女武神篇	static_ui_manual_review	3_manual_static_review	Pass16 peer rules, personally re-reviewed	□核对页面语义、术语、占位符与标签结构	静态界面逐槽位审校；不得改变ID、class、链接或模板表达式
待人工校对	low	magica/js/test/BackdoorQuestList.js	line:90	visible_text_or_string	罗马和平之情人版	罗马治世的恋人篇	static_ui_manual_review	3_manual_static_review	Pass16 peer rules, personally re-reviewed	□核对页面语义、术语、占位符与标签结构	静态界面逐槽位审校；不得改变ID、class、链接或模板表达式
待人工校对	low	magica/js/test/BackdoorQuestList.js	line:85	visible_text_or_string	邪马台国的踪迹	邪马台国的后嗣篇	static_ui_manual_review	3_manual_static_review	Pass16 peer rules, personally re-reviewed	□核对页面语义、术语、占位符与标签结构	静态界面逐槽位审校；不得改变ID、class、链接或模板表达式
待人工校对	low	magica/js/test/BackdoorQuestList.js	line:69	visible_text_or_string	神滨战神版	神滨的战神子篇	static_ui_manual_review	3_manual_static_review	Pass16 peer rules, personally re-reviewed	□核对页面语义、术语、占位符与标签结构	静态界面逐槽位审校；不得改变ID、class、链接或模板表达式
待人工校对	low	magica/js/test/NativeSandBox.js	line:124	visible_text_or_string	请在输入字段中输入 userQuestBattleResultId。	请在输入框中输入userQuestBattleResultId。	static_ui_manual_review	3_manual_static_review	Pass16 peer rules, personally re-reviewed	□核对页面语义、术语、占位符与标签结构	静态界面逐槽位审校；不得改变ID、class、链接或模板表达式
待人工校对	low	magica/js/view/memoria/PieceArchiveView.js	line:31	visible_text_or_string	保管庫移動可能:	可移入保管库:	static_ui_manual_review	3_manual_static_review	Pass16 peer rules, personally re-reviewed	□核对页面语义、术语、占位符与标签结构	静态界面逐槽位审校；不得改变ID、class、链接或模板表达式
待人工校对	low	magica/js/view/memoria/PieceArchiveView.js	line:31	visible_text_or_string	所持枠移動可能:	可移入持有格:	static_ui_manual_review	3_manual_static_review	Pass16 peer rules, personally re-reviewed	□核对页面语义、术语、占位符与标签结构	静态界面逐槽位审校；不得改变ID、class、链接或模板表达式
待人工校对	low	magica/js/view/memoria/PieceArchiveView.js	line:24	visible_text_or_string	送至保管库	移至保管库	static_ui_manual_review	3_manual_static_review	Pass16 peer rules, personally re-reviewed	□核对页面语义、术语、占位符与标签结构	静态界面逐槽位审校；不得改变ID、class、链接或模板表达式
待人工校对	low	magica/js/view/memoria/PieceArchiveView.js	line:27	visible_text_or_string	送至一览	移至持有格	static_ui_manual_review	3_manual_static_review	Pass16 peer rules, personally re-reviewed	□核对页面语义、术语、占位符与标签结构	静态界面逐槽位审校；不得改变ID、class、链接或模板表达式
待人工校对	low	magica/js/view/memoria/PieceArchiveView.js	line:23	visible_text_or_string	所持枠	持有格	static_ui_manual_review	3_manual_static_review	Pass16 peer rules, personally re-reviewed	□核对页面语义、术语、占位符与标签结构	静态界面逐槽位审校；不得改变ID、class、链接或模板表达式
待人工校对	low	magica/js/view/memoria/PieceArchiveView.js	line:34	visible_text_or_string	保管庫	保管库	static_ui_manual_review	3_manual_static_review	Pass16 peer rules, personally re-reviewed	□核对页面语义、术语、占位符与标签结构	静态界面逐槽位审校；不得改变ID、class、链接或模板表达式
待人工校对	low	magica/js/view/memoria/PieceArchiveView.js	line:35	visible_text_or_string	保管庫	保管库	static_ui_manual_review	3_manual_static_review	Pass16 peer rules, personally re-reviewed	□核对页面语义、术语、占位符与标签结构	静态界面逐槽位审校；不得改变ID、class、链接或模板表达式
待人工校对	low	magica/template/purchase/PurchaseTemps.html	line:3	visible_text_or_string	"
	未成年の方は保護者の同意を得て下さい。"	"
	未成年人请先征得监护人同意。"	static_ui_manual_review	3_manual_static_review	Pass16 peer rules, personally re-reviewed	□核对页面语义、术语、占位符与标签结构	静态界面逐槽位审校；不得改变ID、class、链接或模板表达式
待人工校对	low	magica/template/test/Backdoor.html	line:68	visible_text_or_string	您可以获得除 记忆结晶 以外的任何内容	获得记忆结晶以外的全部内容	static_ui_manual_review	3_manual_static_review	Pass16 peer rules, personally re-reviewed	□核对页面语义、术语、占位符与标签结构	静态界面逐槽位审校；不得改变ID、class、链接或模板表达式
待人工校对	low	magica/template/test/Backdoor.html	line:79	visible_text_or_string	*不包括背景和贴纸	※不含背景和贴纸	static_ui_manual_review	3_manual_static_review	Pass16 peer rules, personally re-reviewed	□核对页面语义、术语、占位符与标签结构	静态界面逐槽位审校；不得改变ID、class、链接或模板表达式
待人工校对	medium	magica/template/test/Backdoor.html	line:41	visible_text_or_string	精神強化素材 × 999	精神强化素材 × 999	static_ui_manual_review	3_manual_static_review	Pass16 peer rules, personally re-reviewed	□核对页面语义、术语、占位符与标签结构	静态界面逐槽位审校；不得改变ID、class、链接或模板表达式
待人工校对	low	magica/template/test/Backdoor.html	line:76	visible_text_or_string	获取所有贴纸	获得全部贴纸	static_ui_manual_review	3_manual_static_review	Pass16 peer rules, personally re-reviewed	□核对页面语义、术语、占位符与标签结构	静态界面逐槽位审校；不得改变ID、class、链接或模板表达式
待人工校对	low	magica/template/test/Backdoor.html	line:128	visible_text_or_string	请输入号码	请输入数量	static_ui_manual_review	3_manual_static_review	Pass16 peer rules, personally re-reviewed	□核对页面语义、术语、占位符与标签结构	静态界面逐槽位审校；不得改变ID、class、链接或模板表达式
待人工校对	low	magica/template/test/Backdoor.html	line:72	visible_text_or_string	强化道具 全套	全套强化道具	static_ui_manual_review	3_manual_static_review	Pass16 peer rules, personally re-reviewed	□核对页面语义、术语、占位符与标签结构	静态界面逐槽位审校；不得改变ID、class、链接或模板表达式
待人工校对	low	magica/template/test/Backdoor.html	line:91	visible_text_or_string	形成	魔法阵型	static_ui_manual_review	3_manual_static_review	Pass16 peer rules, personally re-reviewed	□核对页面语义、术语、占位符与标签结构	静态界面逐槽位审校；不得改变ID、class、链接或模板表达式
待人工校对	low	magica/template/test/Backdoor.html	line:64	visible_text_or_string	一切都可用	获得全部内容	static_ui_manual_review	3_manual_static_review	Pass16 peer rules, personally re-reviewed	□核对页面语义、术语、占位符与标签结构	静态界面逐槽位审校；不得改变ID、class、链接或模板表达式
待人工校对	medium	magica/template/test/Backdoor.html	line:10	visible_text_or_string	方便的设置	便捷套装	static_ui_manual_review	3_manual_static_review	Pass16 peer rules, personally re-reviewed	□核对页面语义、术语、占位符与标签结构	静态界面逐槽位审校；不得改变ID、class、链接或模板表达式
待人工校对	low	magica/template/test/Backdoor.html	line:5	visible_text_or_string	抽卡	扭蛋	static_ui_manual_review	3_manual_static_review	Pass16 peer rules, personally re-reviewed	□核对页面语义、术语、占位符与标签结构	静态界面逐槽位审校；不得改变ID、class、链接或模板表达式
待人工校对	low	magica/template/test/Backdoor.html	line:110	visible_text_or_string	受取り	领取	static_ui_manual_review	3_manual_static_review	Pass16 peer rules, personally re-reviewed	□核对页面语义、术语、占位符与标签结构	静态界面逐槽位审校；不得改变ID、class、链接或模板表达式
待人工校对	low	magica/template/test/Backdoor.html	line:114	visible_text_or_string	受取り	领取	static_ui_manual_review	3_manual_static_review	Pass16 peer rules, personally re-reviewed	□核对页面语义、术语、占位符与标签结构	静态界面逐槽位审校；不得改变ID、class、链接或模板表达式
待人工校对	low	magica/template/test/Backdoor.html	line:119	visible_text_or_string	受取り	领取	static_ui_manual_review	3_manual_static_review	Pass16 peer rules, personally re-reviewed	□核对页面语义、术语、占位符与标签结构	静态界面逐槽位审校；不得改变ID、class、链接或模板表达式
待人工校对	low	magica/template/test/Backdoor.html	line:124	visible_text_or_string	受取り	领取	static_ui_manual_review	3_manual_static_review	Pass16 peer rules, personally re-reviewed	□核对页面语义、术语、占位符与标签结构	静态界面逐槽位审校；不得改变ID、class、链接或模板表达式
待人工校对	low	magica/template/test/BackdoorLive2d.html	line:14	visible_text_or_string	03:魔法少女剧情第一集通关	03:魔法少女剧情第1话通关	static_ui_manual_review	3_manual_static_review	Pass16 peer rules, personally re-reviewed	□核对页面语义、术语、占位符与标签结构	静态界面逐槽位审校；不得改变ID、class、链接或模板表达式
待人工校对	low	magica/template/test/BackdoorLive2d.html	line:15	visible_text_or_string	04:魔法少女剧情E第2集通关	04:魔法少女剧情第2话通关	static_ui_manual_review	3_manual_static_review	Pass16 peer rules, personally re-reviewed	□核对页面语义、术语、占位符与标签结构	静态界面逐槽位审校；不得改变ID、class、链接或模板表达式
待人工校对	low	magica/template/test/BackdoorLive2d.html	line:16	visible_text_or_string	05:魔法少女剧情E第3集通关	05:魔法少女剧情第3话通关	static_ui_manual_review	3_manual_static_review	Pass16 peer rules, personally re-reviewed	□核对页面语义、术语、占位符与标签结构	静态界面逐槽位审校；不得改变ID、class、链接或模板表达式
待人工校对	low	magica/template/test/BackdoorLive2d.html	line:34	visible_text_or_string	24：登录①（第一次登录）	24:登录①（首次登录时）	static_ui_manual_review	3_manual_static_review	Pass16 peer rules, personally re-reviewed	□核对页面语义、术语、占位符与标签结构	静态界面逐槽位审校；不得改变ID、class、链接或模板表达式
待人工校对	low	magica/template/test/BackdoorLive2d.html	line:40	visible_text_or_string	30：登录⑦（AP最大时）	30:登录⑦（AP满时）	static_ui_manual_review	3_manual_static_review	Pass16 peer rules, personally re-reviewed	□核对页面语义、术语、占位符与标签结构	静态界面逐槽位审校；不得改变ID、class、链接或模板表达式
待人工校对	low	magica/template/test/BackdoorLive2d.html	line:41	visible_text_or_string	31：登录⑧（最大BP时）	31:登录⑧（BP满时）	static_ui_manual_review	3_manual_static_review	Pass16 peer rules, personally re-reviewed	□核对页面语义、术语、占位符与标签结构	静态界面逐槽位审校；不得改变ID、class、链接或模板表达式
待人工校对	low	magica/template/test/BackdoorLive2d.html	line:39	visible_text_or_string	29：登录⑥（其他）	29:登录⑥（其他）	static_ui_manual_review	3_manual_static_review	Pass16 peer rules, personally re-reviewed	□核对页面语义、术语、占位符与标签结构	静态界面逐槽位审校；不得改变ID、class、链接或模板表达式
待人工校对	low	magica/template/test/BackdoorLive2d.html	line:42	visible_text_or_string	32:登录⑨(GVG)	32:登录⑨（GVG）	static_ui_manual_review	3_manual_static_review	Pass16 peer rules, personally re-reviewed	□核对页面语义、术语、占位符与标签结构	静态界面逐槽位审校；不得改变ID、class、链接或模板表达式
待人工校对	low	magica/template/test/BackdoorLive2d.html	line:66	visible_text_or_string	66:Magia 激活 ④	66:发动Magia④	static_ui_manual_review	3_manual_static_review	Pass16 peer rules, personally re-reviewed	□核对页面语义、术语、占位符与标签结构	静态界面逐槽位审校；不得改变ID、class、链接或模板表达式
待人工校对	medium	magica/template/test/BackdoorLive2d.html	line:21	visible_text_or_string	14:強化(Lv最大時)	14:强化（Lv达到上限时）	static_ui_manual_review	3_manual_static_review	Pass16 peer rules, personally re-reviewed	□核对页面语义、术语、占位符与标签结构	静态界面逐槽位审校；不得改变ID、class、链接或模板表达式
待人工校对	low	magica/template/test/BackdoorLive2d.html	line:38	visible_text_or_string	28：登录⑤（深夜）	28:登录⑤（深夜）	static_ui_manual_review	3_manual_static_review	Pass16 peer rules, personally re-reviewed	□核对页面语义、术语、占位符与标签结构	静态界面逐槽位审校；不得改变ID、class、链接或模板表达式
待人工校对	medium	magica/template/test/BackdoorLive2d.html	line:43	visible_text_or_string	33：魔法少女 水龙头①	33:点击魔法少女①	static_ui_manual_review	3_manual_static_review	Pass16 peer rules, personally re-reviewed	□核对页面语义、术语、占位符与标签结构	静态界面逐槽位审校；不得改变ID、class、链接或模板表达式
待人工校对	medium	magica/template/test/BackdoorLive2d.html	line:44	visible_text_or_string	34：魔法少女 抽头 ②	34:点击魔法少女②	static_ui_manual_review	3_manual_static_review	Pass16 peer rules, personally re-reviewed	□核对页面语义、术语、占位符与标签结构	静态界面逐槽位审校；不得改变ID、class、链接或模板表达式
待人工校对	medium	magica/template/test/BackdoorLive2d.html	line:46	visible_text_or_string	36：魔法少女 轻击 ④	36:点击魔法少女④	static_ui_manual_review	3_manual_static_review	Pass16 peer rules, personally re-reviewed	□核对页面语义、术语、占位符与标签结构	静态界面逐槽位审校；不得改变ID、class、链接或模板表达式
待人工校对	medium	magica/template/test/BackdoorLive2d.html	line:47	visible_text_or_string	37：魔法少女 轻击 ⑤	37:点击魔法少女⑤	static_ui_manual_review	3_manual_static_review	Pass16 peer rules, personally re-reviewed	□核对页面语义、术语、占位符与标签结构	静态界面逐槽位审校；不得改变ID、class、链接或模板表达式
待人工校对	medium	magica/template/test/BackdoorLive2d.html	line:48	visible_text_or_string	38：魔法少女 轻击 ⑥	38:点击魔法少女⑥	static_ui_manual_review	3_manual_static_review	Pass16 peer rules, personally re-reviewed	□核对页面语义、术语、占位符与标签结构	静态界面逐槽位审校；不得改变ID、class、链接或模板表达式
待人工校对	medium	magica/template/test/BackdoorLive2d.html	line:49	visible_text_or_string	39:魔法少女 轻击 ⑦	39:点击魔法少女⑦	static_ui_manual_review	3_manual_static_review	Pass16 peer rules, personally re-reviewed	□核对页面语义、术语、占位符与标签结构	静态界面逐槽位审校；不得改变ID、class、链接或模板表达式
待人工校对	medium	magica/template/test/BackdoorLive2d.html	line:50	visible_text_or_string	40：魔法少女 轻击 ⑧	40:点击魔法少女⑧	static_ui_manual_review	3_manual_static_review	Pass16 peer rules, personally re-reviewed	□核对页面语义、术语、占位符与标签结构	静态界面逐槽位审校；不得改变ID、class、链接或模板表达式
待人工校对	medium	magica/template/test/BackdoorLive2d.html	line:51	visible_text_or_string	41：魔法少女 丝锥 ⑨	41:点击魔法少女⑨	static_ui_manual_review	3_manual_static_review	Pass16 peer rules, personally re-reviewed	□核对页面语义、术语、占位符与标签结构	静态界面逐槽位审校；不得改变ID、class、链接或模板表达式
待人工校对	low	magica/template/test/BackdoorLive2d.html	line:35	visible_text_or_string	25:登录②（上午）	25:登录②（早晨）	static_ui_manual_review	3_manual_static_review	Pass16 peer rules, personally re-reviewed	□核对页面语义、术语、占位符与标签结构	静态界面逐槽位审校；不得改变ID、class、链接或模板表达式
待人工校对	low	magica/template/test/BackdoorLive2d.html	line:36	visible_text_or_string	26：登录③（午餐）	26:登录③（白天）	static_ui_manual_review	3_manual_static_review	Pass16 peer rules, personally re-reviewed	□核对页面语义、术语、占位符与标签结构	静态界面逐槽位审校；不得改变ID、class、链接或模板表达式
待人工校对	low	magica/template/test/BackdoorLive2d.html	line:37	visible_text_or_string	27：登录④（夜间）	27:登录④（夜晚）	static_ui_manual_review	3_manual_static_review	Pass16 peer rules, personally re-reviewed	□核对页面语义、术语、占位符与标签结构	静态界面逐槽位审校；不得改变ID、class、链接或模板表达式
待人工校对	medium	magica/template/test/BackdoorLive2d.html	line:45	visible_text_or_string	35：魔法少女 轻击③	35:点击魔法少女③	static_ui_manual_review	3_manual_static_review	Pass16 peer rules, personally re-reviewed	□核对页面语义、术语、占位符与标签结构	静态界面逐槽位审校；不得改变ID、class、链接或模板表达式
待人工校对	low	magica/template/test/BackdoorLive2d.html	line:63	visible_text_or_string	63：Magia激活①	63:发动Magia①	static_ui_manual_review	3_manual_static_review	Pass16 peer rules, personally re-reviewed	□核对页面语义、术语、占位符与标签结构	静态界面逐槽位审校；不得改变ID、class、链接或模板表达式
待人工校对	low	magica/template/test/BackdoorLive2d.html	line:64	visible_text_or_string	64：Magia激活②	64:发动Magia②	static_ui_manual_review	3_manual_static_review	Pass16 peer rules, personally re-reviewed	□核对页面语义、术语、占位符与标签结构	静态界面逐槽位审校；不得改变ID、class、链接或模板表达式
待人工校对	low	magica/template/test/BackdoorLive2d.html	line:65	visible_text_or_string	65：Magia激活③	65:发动Magia③	static_ui_manual_review	3_manual_static_review	Pass16 peer rules, personally re-reviewed	□核对页面语义、术语、占位符与标签结构	静态界面逐槽位审校；不得改变ID、class、链接或模板表达式
待人工校对	low	magica/template/test/BackdoorLive2d.html	line:27	visible_text_or_string	20:魔法少女覚醒①	20:魔法少女觉醒①	static_ui_manual_review	3_manual_static_review	Pass16 peer rules, personally re-reviewed	□核对页面语义、术语、占位符与标签结构	静态界面逐槽位审校；不得改变ID、class、链接或模板表达式
待人工校对	low	magica/template/test/BackdoorLive2d.html	line:28	visible_text_or_string	21:魔法少女覚醒②	21:魔法少女觉醒②	static_ui_manual_review	3_manual_static_review	Pass16 peer rules, personally re-reviewed	□核对页面语义、术语、占位符与标签结构	静态界面逐槽位审校；不得改变ID、class、链接或模板表达式
待人工校对	low	magica/template/test/BackdoorLive2d.html	line:29	visible_text_or_string	22:魔法少女覚醒③	22:魔法少女觉醒③	static_ui_manual_review	3_manual_static_review	Pass16 peer rules, personally re-reviewed	□核对页面语义、术语、占位符与标签结构	静态界面逐槽位审校；不得改变ID、class、链接或模板表达式
待人工校对	low	magica/template/test/BackdoorLive2d.html	line:30	visible_text_or_string	23:魔法少女覚醒④	23:魔法少女觉醒④	static_ui_manual_review	3_manual_static_review	Pass16 peer rules, personally re-reviewed	□核对页面语义、术语、占位符与标签结构	静态界面逐槽位审校；不得改变ID、class、链接或模板表达式
待人工校对	low	magica/template/test/BackdoorLive2d.html	line:56	visible_text_or_string	43：任务胜利①	43:关卡胜利①	static_ui_manual_review	3_manual_static_review	Pass16 peer rules, personally re-reviewed	□核对页面语义、术语、占位符与标签结构	静态界面逐槽位审校；不得改变ID、class、链接或模板表达式
待人工校对	low	magica/template/test/BackdoorLive2d.html	line:57	visible_text_or_string	44：任务 胜利②	44:关卡胜利②	static_ui_manual_review	3_manual_static_review	Pass16 peer rules, personally re-reviewed	□核对页面语义、术语、占位符与标签结构	静态界面逐槽位审校；不得改变ID、class、链接或模板表达式
待人工校对	low	magica/template/test/BackdoorLive2d.html	line:58	visible_text_or_string	45：任务 胜利 ③	45:关卡胜利③	static_ui_manual_review	3_manual_static_review	Pass16 peer rules, personally re-reviewed	□核对页面语义、术语、占位符与标签结构	静态界面逐槽位审校；不得改变ID、class、链接或模板表达式
待人工校对	low	magica/template/test/BackdoorLive2d.html	line:59	visible_text_or_string	46：任务 胜利 ④	46:关卡胜利④	static_ui_manual_review	3_manual_static_review	Pass16 peer rules, personally re-reviewed	□核对页面语义、术语、占位符与标签结构	静态界面逐槽位审校；不得改变ID、class、链接或模板表达式
待人工校对	low	magica/template/test/BackdoorLive2d.html	line:55	visible_text_or_string	42:任务 启动	42:关卡开始	static_ui_manual_review	3_manual_static_review	Pass16 peer rules, personally re-reviewed	□核对页面语义、术语、占位符与标签结构	静态界面逐槽位审校；不得改变ID、class、链接或模板表达式
待人工校对	medium	magica/template/test/BackdoorLive2d.html	line:2	visible_text_or_string	角色列表显示	显示角色列表	static_ui_manual_review	3_manual_static_review	Pass16 peer rules, personally re-reviewed	□核对页面语义、术语、占位符与标签结构	静态界面逐槽位审校；不得改变ID、class、链接或模板表达式
待人工校对	low	magica/template/test/BackdoorLive2d.html	line:20	visible_text_or_string	13:強化完了	13:强化完成	static_ui_manual_review	3_manual_static_review	Pass16 peer rules, personally re-reviewed	□核对页面语义、术语、占位符与标签结构	静态界面逐槽位审校；不得改变ID、class、链接或模板表达式
待人工校对	low	magica/template/test/BackdoorQuestBattle.html	line:33	visible_text_or_string	※赤字は実行できなかったクエストです	※红字表示未能执行的关卡	static_ui_manual_review	3_manual_static_review	Pass16 peer rules, personally re-reviewed	□核对页面语义、术语、占位符与标签结构	静态界面逐槽位审校；不得改变ID、class、链接或模板表达式
待人工校对	low	magica/template/test/BackdoorQuestBattle.html	line:4	visible_text_or_string	请输入任务ID	请输入questId	static_ui_manual_review	3_manual_static_review	Pass16 peer rules, personally re-reviewed	□核对页面语义、术语、占位符与标签结构	静态界面逐槽位审校；不得改变ID、class、链接或模板表达式
待人工校对	low	magica/template/test/BackdoorQuestBattle.html	line:3	visible_text_or_string	任务测试	关卡测试	static_ui_manual_review	3_manual_static_review	Pass16 peer rules, personally re-reviewed	□核对页面语义、术语、占位符与标签结构	静态界面逐槽位审校；不得改变ID、class、链接或模板表达式
待人工校对	low	magica/template/test/BackdoorQuestBattle.html	line:5	visible_text_or_string	任务启动	开始关卡	static_ui_manual_review	3_manual_static_review	Pass16 peer rules, personally re-reviewed	□核对页面语义、术语、占位符与标签结构	静态界面逐槽位审校；不得改变ID、class、链接或模板表达式
待人工校对	medium	magica/template/test/BackdoorQuestBattle.html	line:9	visible_text_or_string	甲板信息	队伍信息	static_ui_manual_review	3_manual_static_review	Pass16 peer rules, personally re-reviewed	□核对页面语义、术语、占位符与标签结构	静态界面逐槽位审校；不得改变ID、class、链接或模板表达式
待人工校对	medium	magica/template/test/BackdoorQuestBattle.html	line:12	visible_text_or_string	套牌选择	选择队伍	static_ui_manual_review	3_manual_static_review	Pass16 peer rules, personally re-reviewed	□核对页面语义、术语、占位符与标签结构	静态界面逐槽位审校；不得改变ID、class、链接或模板表达式
待人工校对	medium	magica/template/test/BackdoorQuestBattle.html	line:13	visible_text_or_string	甲板 编成	队伍编成	static_ui_manual_review	3_manual_static_review	Pass16 peer rules, personally re-reviewed	□核对页面语义、术语、占位符与标签结构	静态界面逐槽位审校；不得改变ID、class、链接或模板表达式
待人工校对	low	magica/template/test/CameraTest.html	line:2	visible_text_or_string	L2D比例+	L2D缩放+	static_ui_manual_review	3_manual_static_review	Pass16 peer rules, personally re-reviewed	□核对页面语义、术语、占位符与标签结构	静态界面逐槽位审校；不得改变ID、class、链接或模板表达式
待人工校对	low	magica/template/test/CameraTest.html	line:3	visible_text_or_string	L2D 规模-	L2D缩放-	static_ui_manual_review	3_manual_static_review	Pass16 peer rules, personally re-reviewed	□核对页面语义、术语、占位符与标签结构	静态界面逐槽位审校；不得改变ID、class、链接或模板表达式
待人工校对	medium	magica/template/test/EffectTest.html	line:8	visible_text_or_string	效果测试	特效测试	static_ui_manual_review	3_manual_static_review	Pass16 peer rules, personally re-reviewed	□核对页面语义、术语、占位符与标签结构	静态界面逐槽位审校；不得改变ID、class、链接或模板表达式
待人工校对	low	magica/template/test/EffectTest.html	line:10	visible_text_or_string	输入文件名	请输入文件名	static_ui_manual_review	3_manual_static_review	Pass16 peer rules, personally re-reviewed	□核对页面语义、术语、占位符与标签结构	静态界面逐槽位审校；不得改变ID、class、链接或模板表达式
待人工校对	medium	magica/template/test/FriendSearch.html	line:61	visible_text_or_string	助っ人ユニットレベル : 	支援角色等级：	static_ui_manual_review	3_manual_static_review	Pass16 peer rules, personally re-reviewed	□核对页面语义、术语、占位符与标签结构	静态界面逐槽位审校；不得改变ID、class、链接或模板表达式
待人工校对	medium	magica/template/test/FriendSearch.html	line:62	visible_text_or_string	助っ人ユニット属性 : 	支援角色属性：	static_ui_manual_review	3_manual_static_review	Pass16 peer rules, personally re-reviewed	□核对页面语义、术语、占位符与标签结构	静态界面逐槽位审校；不得改变ID、class、链接或模板表达式
待人工校对	low	magica/template/test/FriendSearch.html	line:64	visible_text_or_string	最終ログイン時間 : 	最后登录时间：	static_ui_manual_review	3_manual_static_review	Pass16 peer rules, personally re-reviewed	□核对页面语义、术语、占位符与标签结构	静态界面逐槽位审校；不得改变ID、class、链接或模板表达式
待人工校对	medium	magica/template/test/FriendSearch.html	line:17	visible_text_or_string	辅助单元 LV	支援角色Lv	static_ui_manual_review	3_manual_static_review	Pass16 peer rules, personally re-reviewed	□核对页面语义、术语、占位符与标签结构	静态界面逐槽位审校；不得改变ID、class、链接或模板表达式
待人工校对	medium	magica/template/test/FriendSearch.html	line:36	visible_text_or_string	辅助单位属性	支援角色属性	static_ui_manual_review	3_manual_static_review	Pass16 peer rules, personally re-reviewed	□核对页面语义、术语、占位符与标签结构	静态界面逐槽位审校；不得改变ID、class、链接或模板表达式
待人工校对	low	magica/template/test/FriendSearch.html	line:63	visible_text_or_string	フレンドID : 	好友ID：	static_ui_manual_review	3_manual_static_review	Pass16 peer rules, personally re-reviewed	□核对页面语义、术语、占位符与标签结构	静态界面逐槽位审校；不得改变ID、class、链接或模板表达式
待人工校对	low	magica/template/test/FriendSearch.html	line:59	visible_text_or_string	ユーザー名 : 	用户名：	static_ui_manual_review	3_manual_static_review	Pass16 peer rules, personally re-reviewed	□核对页面语义、术语、占位符与标签结构	静态界面逐槽位审校；不得改变ID、class、链接或模板表达式
待人工校对	low	magica/template/test/FriendSearch.html	line:65	visible_text_or_string	フォローする	关注	static_ui_manual_review	3_manual_static_review	Pass16 peer rules, personally re-reviewed	□核对页面语义、术语、占位符与标签结构	静态界面逐槽位审校；不得改变ID、class、链接或模板表达式
待人工校对	low	magica/template/test/MailSendTest.html	line:5	visible_text_or_string	输入电子邮件地址	输入电子邮箱地址	static_ui_manual_review	3_manual_static_review	Pass16 peer rules, personally re-reviewed	□核对页面语义、术语、占位符与标签结构	静态界面逐槽位审校；不得改变ID、class、链接或模板表达式
待人工校对	low	magica/template/test/PresentListTest.html	line:13	visible_text_or_string	礼物-卡片(	礼物-卡牌(	static_ui_manual_review	3_manual_static_review	Pass16 peer rules, personally re-reviewed	□核对页面语义、术语、占位符与标签结构	静态界面逐槽位审校；不得改变ID、class、链接或模板表达式
待人工校对	medium	magica/template/test/PresentListTest.html	line:37	visible_text_or_string	個別受取	单独领取	static_ui_manual_review	3_manual_static_review	Pass16 peer rules, personally re-reviewed	□核对页面语义、术语、占位符与标签结构	静态界面逐槽位审校；不得改变ID、class、链接或模板表达式
待人工校对	low	magica/template/test/QuestStub.html	line:104	visible_text_or_string	剩余 HP [%] hpRate	剩余HP【%】hpRate	static_ui_manual_review	3_manual_static_review	Pass16 peer rules, personally re-reviewed	□核对页面语义、术语、占位符与标签结构	静态界面逐槽位审校；不得改变ID、class、链接或模板表达式
待人工校对	low	magica/template/test/QuestStub.html	line:128	visible_text_or_string	剩余 HP hpRemain	剩余HP hpRemain	static_ui_manual_review	3_manual_static_review	Pass16 peer rules, personally re-reviewed	□核对页面语义、术语、占位符与标签结构	静态界面逐槽位审校；不得改变ID、class、链接或模板表达式
待人工校对	low	magica/template/test/QuestStub.html	line:56	visible_text_or_string	Doppel 使用次数	魔女化身使用次数	static_ui_manual_review	3_manual_static_review	Pass16 peer rules, personally re-reviewed	□核对页面语义、术语、占位符与标签结构	静态界面逐槽位审校；不得改变ID、class、链接或模板表达式
待人工校对	medium	magica/template/test/QuestStub.html	line:86	visible_text_or_string	AcceleD 选型号	Accele行动盘选择数	static_ui_manual_review	3_manual_static_review	Pass16 peer rules, personally re-reviewed	□核对页面语义、术语、占位符与标签结构	静态界面逐槽位审校；不得改变ID、class、链接或模板表达式
待人工校对	medium	magica/template/test/QuestStub.html	line:98	visible_text_or_string	ChargeD 选型号	Charge行动盘选择数	static_ui_manual_review	3_manual_static_review	Pass16 peer rules, personally re-reviewed	□核对页面语义、术语、占位符与标签结构	静态界面逐槽位审校；不得改变ID、class、链接或模板表达式
待人工校对	low	magica/template/test/QuestStub.html	line:50	visible_text_or_string	Magia 使用次数	Magia使用次数	static_ui_manual_review	3_manual_static_review	Pass16 peer rules, personally re-reviewed	□核对页面语义、术语、占位符与标签结构	静态界面逐槽位审校；不得改变ID、class、链接或模板表达式
待人工校对	medium	magica/template/test/QuestStub.html	line:92	visible_text_or_string	BlastD 选型号	Blast行动盘选择数	static_ui_manual_review	3_manual_static_review	Pass16 peer rules, personally re-reviewed	□核对页面语义、术语、占位符与标签结构	静态界面逐槽位审校；不得改变ID、class、链接或模板表达式
待人工校对	low	magica/template/test/QuestStub.html	line:116	visible_text_or_string	最终 MP（平均）	结束时的MP（平均）	static_ui_manual_review	3_manual_static_review	Pass16 peer rules, personally re-reviewed	□核对页面语义、术语、占位符与标签结构	静态界面逐槽位审校；不得改变ID、class、链接或模板表达式
待人工校对	low	magica/template/test/QuestStub.html	line:9	visible_text_or_string	战斗信息重写	改写战斗信息	static_ui_manual_review	3_manual_static_review	Pass16 peer rules, personally re-reviewed	□核对页面语义、术语、占位符与标签结构	静态界面逐槽位审校；不得改变ID、class、链接或模板表达式
待人工校对	low	magica/template/test/QuestStub.html	line:14	visible_text_or_string	继续次	续关次数	static_ui_manual_review	3_manual_static_review	Pass16 peer rules, personally re-reviewed	□核对页面语义、术语、占位符与标签结构	静态界面逐槽位审校；不得改变ID、class、链接或模板表达式
待人工校对	low	magica/template/test/QuestStub.html	line:38	visible_text_or_string	给出的 伤害 总数	造成的总伤害	static_ui_manual_review	3_manual_static_review	Pass16 peer rules, personally re-reviewed	□核对页面语义、术语、占位符与标签结构	静态界面逐槽位审校；不得改变ID、class、链接或模板表达式
待人工校对	low	magica/template/test/QuestStub.html	line:20	visible_text_or_string	通关TURN 号	通关回合数	static_ui_manual_review	3_manual_static_review	Pass16 peer rules, personally re-reviewed	□核对页面语义、术语、占位符与标签结构	静态界面逐槽位审校；不得改变ID、class、链接或模板表达式
待人工校对	low	magica/template/test/QuestStub.html	line:26	visible_text_or_string	通关 时间（秒）	通关时间（秒）	static_ui_manual_review	3_manual_static_review	Pass16 peer rules, personally re-reviewed	□核对页面语义、术语、占位符与标签结构	静态界面逐槽位审校；不得改变ID、class、链接或模板表达式
待人工校对	low	magica/template/test/QuestStub.html	line:80	visible_text_or_string	连携 激活计数	连携发动次数	static_ui_manual_review	3_manual_static_review	Pass16 peer rules, personally re-reviewed	□核对页面语义、术语、占位符与标签结构	静态界面逐槽位审校；不得改变ID、class、链接或模板表达式
待人工校对	medium	magica/template/test/QuestStub.html	line:122	visible_text_or_string	停止卡ID	最后一击卡牌ID	static_ui_manual_review	3_manual_static_review	Pass16 peer rules, personally re-reviewed	□核对页面语义、术语、占位符与标签结构	静态界面逐槽位审校；不得改变ID、class、链接或模板表达式
待人工校对	low	magica/template/test/QuestStub.html	line:32	visible_text_or_string	击败数量 敌方	击败敌人数量	static_ui_manual_review	3_manual_static_review	Pass16 peer rules, personally re-reviewed	□核对页面语义、术语、占位符与标签结构	静态界面逐槽位审校；不得改变ID、class、链接或模板表达式
待人工校对	low	magica/template/test/QuestStub.html	line:44	visible_text_or_string	最大伤害数	最大伤害	static_ui_manual_review	3_manual_static_review	Pass16 peer rules, personally re-reviewed	□核对页面语义、术语、占位符与标签结构	静态界面逐槽位审校；不得改变ID、class、链接或模板表达式
待人工校对	low	magica/template/test/QuestStub.html	line:74	visible_text_or_string	技能 激活计数	技能发动次数	static_ui_manual_review	3_manual_static_review	Pass16 peer rules, personally re-reviewed	□核对页面语义、术语、占位符与标签结构	静态界面逐槽位审校；不得改变ID、class、链接或模板表达式
待人工校对	medium	magica/template/test/QuestStub.html	line:68	visible_text_or_string	链数	连锁次数	static_ui_manual_review	3_manual_static_review	Pass16 peer rules, personally re-reviewed	□核对页面语义、术语、占位符与标签结构	静态界面逐槽位审校；不得改变ID、class、链接或模板表达式
待人工校对	medium	magica/template/test/SdCharaTest.html	line:30	visible_text_or_string	隐藏库存	隐藏暂存角色	static_ui_manual_review	3_manual_static_review	Pass16 peer rules, personally re-reviewed	□核对页面语义、术语、占位符与标签结构	静态界面逐槽位审校；不得改变ID、class、链接或模板表达式
待人工校对	medium	magica/template/test/SdCharaTest.html	line:29	visible_text_or_string	显示库存	显示暂存角色	static_ui_manual_review	3_manual_static_review	Pass16 peer rules, personally re-reviewed	□核对页面语义、术语、占位符与标签结构	静态界面逐槽位审校；不得改变ID、class、链接或模板表达式
待人工校对	medium	magica/template/test/SdCharaTest.html	line:26	visible_text_or_string	库存	暂存	static_ui_manual_review	3_manual_static_review	Pass16 peer rules, personally re-reviewed	□核对页面语义、术语、占位符与标签结构	静态界面逐槽位审校；不得改变ID、class、链接或模板表达式
待人工校对	low	magica/template/test/SelectStoryTest.html	line:48	visible_text_or_string	※赤字は再生できなかったストーリーです	※红字表示无法播放的剧情	static_ui_manual_review	3_manual_static_review	Pass16 peer rules, personally re-reviewed	□核对页面语义、术语、占位符与标签结构	静态界面逐槽位审校；不得改变ID、class、链接或模板表达式
待人工校对	low	magica/template/test/SelectStoryTest.html	line:4	visible_text_or_string	请输入故事ID	请输入storyId	static_ui_manual_review	3_manual_static_review	Pass16 peer rules, personally re-reviewed	□核对页面语义、术语、占位符与标签结构	静态界面逐槽位审校；不得改变ID、class、链接或模板表达式
待人工校对	low	magica/template/test/SelectStoryTest.html	line:6	visible_text_or_string	任务剧情播放	播放关卡剧情	static_ui_manual_review	3_manual_static_review	Pass16 peer rules, personally re-reviewed	□核对页面语义、术语、占位符与标签结构	静态界面逐槽位审校；不得改变ID、class、链接或模板表达式
待人工校对	low	magica/template/test/SelectStoryTest.html	line:10	visible_text_or_string	ＩＤ 変更	修改ID	static_ui_manual_review	3_manual_static_review	Pass16 peer rules, personally re-reviewed	□核对页面语义、术语、占位符与标签结构	静态界面逐槽位审校；不得改变ID、class、链接或模板表达式
待人工校对	low	magica/template/test/SelectStoryTest.html	line:17	visible_text_or_string	連番 変更	修改序号	static_ui_manual_review	3_manual_static_review	Pass16 peer rules, personally re-reviewed	□核对页面语义、术语、占位符与标签结构	静态界面逐槽位审校；不得改变ID、class、链接或模板表达式
待人工校对	low	magica/template/test/ShopReworkTest.html	line:2	visible_text_or_string	设计切换	切换设计	static_ui_manual_review	3_manual_static_review	Pass16 peer rules, personally re-reviewed	□核对页面语义、术语、占位符与标签结构	静态界面逐槽位审校；不得改变ID、class、链接或模板表达式
待人工校对	low	magica/template/test/backdoorList.html	line:20	visible_text_or_string	第 2 部分 第 11 章 通关	一键通关第二部第11章	static_ui_manual_review	3_manual_static_review	Pass16 peer rules, personally re-reviewed	□核对页面语义、术语、占位符与标签结构	静态界面逐槽位审校；不得改变ID、class、链接或模板表达式
待人工校对	low	magica/template/test/backdoorList.html	line:37	visible_text_or_string	序言确认（来自任务①）	序章确认（从关卡①开始）	static_ui_manual_review	3_manual_static_review	Pass16 peer rules, personally re-reviewed	□核对页面语义、术语、占位符与标签结构	静态界面逐槽位审校；不得改变ID、class、链接或模板表达式
待人工校对	low	magica/template/test/backdoorList.html	line:39	visible_text_or_string	序言确认（来自任务②）	序章确认（从关卡②开始）	static_ui_manual_review	3_manual_static_review	Pass16 peer rules, personally re-reviewed	□核对页面语义、术语、占位符与标签结构	静态界面逐槽位审校；不得改变ID、class、链接或模板表达式
待人工校对	low	magica/template/test/backdoorList.html	line:41	visible_text_or_string	序言确认（来自任务③）	序章确认（从关卡③开始）	static_ui_manual_review	3_manual_static_review	Pass16 peer rules, personally re-reviewed	□核对页面语义、术语、占位符与标签结构	静态界面逐槽位审校；不得改变ID、class、链接或模板表达式
待人工校对	low	magica/template/test/backdoorList.html	line:23	visible_text_or_string	本地存储通关	清除localStorage	static_ui_manual_review	3_manual_static_review	Pass16 peer rules, personally re-reviewed	□核对页面语义、术语、占位符与标签结构	静态界面逐槽位审校；不得改变ID、class、链接或模板表达式
待人工校对	low	magica/template/test/backdoorList.html	line:36	visible_text_or_string	序言确认（来自ADV①）	序章确认（从ADV①开始）	static_ui_manual_review	3_manual_static_review	Pass16 peer rules, personally re-reviewed	□核对页面语义、术语、占位符与标签结构	静态界面逐槽位审校；不得改变ID、class、链接或模板表达式
待人工校对	low	magica/template/test/backdoorList.html	line:38	visible_text_or_string	序言确认（来自ADV②）	序章确认（从ADV②开始）	static_ui_manual_review	3_manual_static_review	Pass16 peer rules, personally re-reviewed	□核对页面语义、术语、占位符与标签结构	静态界面逐槽位审校；不得改变ID、class、链接或模板表达式
待人工校对	low	magica/template/test/backdoorList.html	line:40	visible_text_or_string	序言确认（来自ADV③）	序章确认（从ADV③开始）	static_ui_manual_review	3_manual_static_review	Pass16 peer rules, personally re-reviewed	□核对页面语义、术语、占位符与标签结构	静态界面逐槽位审校；不得改变ID、class、链接或模板表达式
待人工校对	low	magica/template/test/backdoorList.html	line:42	visible_text_or_string	序言确认（来自ADV④）	序章确认（从ADV④开始）	static_ui_manual_review	3_manual_static_review	Pass16 peer rules, personally re-reviewed	□核对页面语义、术语、占位符与标签结构	静态界面逐槽位审校；不得改变ID、class、链接或模板表达式
待人工校对	medium	magica/template/test/backdoorList.html	line:4	visible_text_or_string	道具・礼品卡赋予	发放道具、礼物及卡牌	static_ui_manual_review	3_manual_static_review	Pass16 peer rules, personally re-reviewed	□核对页面语义、术语、占位符与标签结构	静态界面逐槽位审校；不得改变ID、class、链接或模板表达式
待人工校对	medium	magica/template/test/backdoorList.html	line:7	visible_text_or_string	魔女记忆结晶 兑换页面	魔女记忆结晶兑换页面	static_ui_manual_review	3_manual_static_review	Pass16 peer rules, personally re-reviewed	□核对页面语义、术语、占位符与标签结构	静态界面逐槽位审校；不得改变ID、class、链接或模板表达式
待人工校对	low	magica/template/test/backdoorList.html	line:18	visible_text_or_string	版本升级页面	版本更新页面	static_ui_manual_review	3_manual_static_review	Pass16 peer rules, personally re-reviewed	□核对页面语义、术语、占位符与标签结构	静态界面逐槽位审校；不得改变ID、class、链接或模板表达式
待人工校对	low	magica/template/test/backdoorList.html	line:165	visible_text_or_string	バトル①（TU010）	战斗①（TU010）	static_ui_manual_review	3_manual_static_review	Pass16 peer rules, personally re-reviewed	□核对页面语义、术语、占位符与标签结构	静态界面逐槽位审校；不得改变ID、class、链接或模板表达式
待人工校对	low	magica/template/test/backdoorList.html	line:166	visible_text_or_string	バトル②（TU010）	战斗②（TU010）	static_ui_manual_review	3_manual_static_review	Pass16 peer rules, personally re-reviewed	□核对页面语义、术语、占位符与标签结构	静态界面逐槽位审校；不得改变ID、class、链接或模板表达式
待人工校对	medium	magica/template/test/backdoorList.html	line:9	visible_text_or_string	沃尔普尔 全体 突袭	魔女之夜全体突袭	static_ui_manual_review	3_manual_static_review	Pass16 peer rules, personally re-reviewed	□核对页面语义、术语、占位符与标签结构	静态界面逐槽位审校；不得改变ID、class、链接或模板表达式
待人工校对	medium	magica/template/test/backdoorList.html	line:25	visible_text_or_string	不断突破回复复位	重置常驻踏破回复功能	static_ui_manual_review	3_manual_static_review	Pass16 peer rules, personally re-reviewed	□核对页面语义、术语、占位符与标签结构	静态界面逐槽位审校；不得改变ID、class、链接或模板表达式
待人工校对	low	magica/template/test/backdoorList.html	line:167	visible_text_or_string	ガチャ（TU520）	扭蛋（TU520）	static_ui_manual_review	3_manual_static_review	Pass16 peer rules, personally re-reviewed	□核对页面语义、术语、占位符与标签结构	静态界面逐槽位审校；不得改变ID、class、链接或模板表达式
待人工校对	low	magica/template/test/backdoorList.html	line:13	visible_text_or_string	Live2d测试	Live2D测试	static_ui_manual_review	3_manual_static_review	Pass16 peer rules, personally re-reviewed	□核对页面语义、术语、占位符与标签结构	静态界面逐槽位审校；不得改变ID、class、链接或模板表达式
待人工校对	medium	magica/template/test/backdoorList.html	line:21	visible_text_or_string	任务调试	关卡调试	static_ui_manual_review	3_manual_static_review	Pass16 peer rules, personally re-reviewed	□核对页面语义、术语、占位符与标签结构	静态界面逐槽位审校；不得改变ID、class、链接或模板表达式
待人工校对	low	magica/template/test/backdoorList.html	line:168	visible_text_or_string	編成（TU550）	队伍编成（TU550）	static_ui_manual_review	3_manual_static_review	Pass16 peer rules, personally re-reviewed	□核对页面语义、术语、占位符与标签结构	静态界面逐槽位审校；不得改变ID、class、链接或模板表达式
待人工校对	medium	magica/template/test/backdoorList.html	line:28	visible_text_or_string	全新 商店 模拟	新版商店模拟页面	static_ui_manual_review	3_manual_static_review	Pass16 peer rules, personally re-reviewed	□核对页面语义、术语、占位符与标签结构	静态界面逐槽位审校；不得改变ID、class、链接或模板表达式
待人工校对	low	magica/template/test/backdoorList.html	line:30	visible_text_or_string	无理 战斗 启动	开始理违战	static_ui_manual_review	3_manual_static_review	Pass16 peer rules, personally re-reviewed	□核对页面语义、术语、占位符与标签结构	静态界面逐槽位审校；不得改变ID、class、链接或模板表达式
待人工校对	medium	magica/template/test/backdoorList.html	line:32	visible_text_or_string	MS購入状況確認	确认魔法石购买状态	static_ui_manual_review	3_manual_static_review	Pass16 peer rules, personally re-reviewed	□核对页面语义、术语、占位符与标签结构	静态界面逐槽位审校；不得改变ID、class、链接或模板表达式
待人工校对	medium	magica/template/test/backdoorList.html	line:8	visible_text_or_string	盒子 抽卡	箱子扭蛋	static_ui_manual_review	3_manual_static_review	Pass16 peer rules, personally re-reviewed	□核对页面语义、术语、占位符与标签结构	静态界面逐槽位审校；不得改变ID、class、链接或模板表达式
待人工校对	medium	magica/template/test/backdoorList.html	line:10	visible_text_or_string	PH全体 突袭	PH全体突袭	static_ui_manual_review	3_manual_static_review	Pass16 peer rules, personally re-reviewed	□核对页面语义、术语、占位符与标签结构	静态界面逐槽位审校；不得改变ID、class、链接或模板表达式
待人工校对	medium	magica/template/test/backdoorList.html	line:29	visible_text_or_string	称号変更POP	称号变更弹窗	static_ui_manual_review	3_manual_static_review	Pass16 peer rules, personally re-reviewed	□核对页面语义、术语、占位符与标签结构	静态界面逐槽位审校；不得改变ID、class、链接或模板表达式
待人工校对	low	magica/template/test/backdoorList.html	line:22	visible_text_or_string	通用风格	通用样式	static_ui_manual_review	3_manual_static_review	Pass16 peer rules, personally re-reviewed	□核对页面语义、术语、占位符与标签结构	静态界面逐槽位审校；不得改变ID、class、链接或模板表达式
待人工校对	medium	magica/template/test/backdoorList.html	line:34	visible_text_or_string	财富CP	御神签活动	static_ui_manual_review	3_manual_static_review	Pass16 peer rules, personally re-reviewed	□核对页面语义、术语、占位符与标签结构	静态界面逐槽位审校；不得改变ID、class、链接或模板表达式
待人工校对	medium	magica/js/test/SoundTest.js	line:4	visible_text_or_string	"[""01"", ""卡片详情中的自我介绍""]"	"[""01"", ""卡牌详情中的自我介绍""]"	static_ui_manual_translation	3_manual_static_review	Pass16 complete label-set review	□核对页面语义、术语、占位符与标签结构	静态界面逐槽位审校；不得改变ID、class、链接或模板表达式
待人工校对	medium	magica/js/test/SoundTest.js	line:5	visible_text_or_string	"[""02"", ""获取抽卡时""]"	"[""02"", ""扭蛋获取时""]"	static_ui_manual_translation	3_manual_static_review	Pass16 complete label-set review	□核对页面语义、术语、占位符与标签结构	静态界面逐槽位审校；不得改变ID、class、链接或模板表达式
待人工校对	medium	magica/js/test/SoundTest.js	line:6	visible_text_or_string	"[""03"", ""第①节通关""]"	"[""03"", ""剧情第1话通关时""]"	static_ui_manual_translation	3_manual_static_review	Pass16 complete label-set review	□核对页面语义、术语、占位符与标签结构	静态界面逐槽位审校；不得改变ID、class、链接或模板表达式
待人工校对	medium	magica/js/test/SoundTest.js	line:7	visible_text_or_string	"[""04"", ""第二节通关""]"	"[""04"", ""剧情第2话通关时""]"	static_ui_manual_translation	3_manual_static_review	Pass16 complete label-set review	□核对页面语义、术语、占位符与标签结构	静态界面逐槽位审校；不得改变ID、class、链接或模板表达式
待人工校对	medium	magica/js/test/SoundTest.js	line:8	visible_text_or_string	"[""05"", ""第三节通关""]"	"[""05"", ""剧情第3话通关时""]"	static_ui_manual_translation	3_manual_static_review	Pass16 complete label-set review	□核对页面语义、术语、占位符与标签结构	静态界面逐槽位审校；不得改变ID、class、链接或模板表达式
待人工校对	medium	magica/js/test/SoundTest.js	line:9	visible_text_or_string	"[""06"", ""自己紹介演出用①""]"	"[""06"", ""自我介绍演出用①""]"	static_ui_manual_translation	3_manual_static_review	Pass16 complete label-set review	□核对页面语义、术语、占位符与标签结构	静态界面逐槽位审校；不得改变ID、class、链接或模板表达式
待人工校对	medium	magica/js/test/SoundTest.js	line:10	visible_text_or_string	"[""07"", ""自己紹介演出用②""]"	"[""07"", ""自我介绍演出用②""]"	static_ui_manual_translation	3_manual_static_review	Pass16 complete label-set review	□核对页面语义、术语、占位符与标签结构	静态界面逐槽位审校；不得改变ID、class、链接或模板表达式
待人工校对	medium	magica/js/test/SoundTest.js	line:11	visible_text_or_string	"[""08"", ""自己紹介演出用③""]"	"[""08"", ""自我介绍演出用③""]"	static_ui_manual_translation	3_manual_static_review	Pass16 complete label-set review	□核对页面语义、术语、占位符与标签结构	静态界面逐槽位审校；不得改变ID、class、链接或模板表达式
待人工校对	medium	magica/js/test/SoundTest.js	line:12	visible_text_or_string	"[""09"", ""自己紹介演出用④""]"	"[""09"", ""自我介绍演出用④""]"	static_ui_manual_translation	3_manual_static_review	Pass16 complete label-set review	□核对页面语义、术语、占位符与标签结构	静态界面逐槽位审校；不得改变ID、class、链接或模板表达式
待人工校对	medium	magica/js/test/SoundTest.js	line:13	visible_text_or_string	"[""10"", ""自己紹介演出用⑤""]"	"[""10"", ""自我介绍演出用⑤""]"	static_ui_manual_translation	3_manual_static_review	Pass16 complete label-set review	□核对页面语义、术语、占位符与标签结构	静态界面逐槽位审校；不得改变ID、class、链接或模板表达式
待人工校对	medium	magica/js/test/SoundTest.js	line:14	visible_text_or_string	"[""11"", ""自己紹介演出用⑥""]"	"[""11"", ""自我介绍演出用⑥""]"	static_ui_manual_translation	3_manual_static_review	Pass16 complete label-set review	□核对页面语义、术语、占位符与标签结构	静态界面逐槽位审校；不得改变ID、class、链接或模板表达式
待人工校对	medium	magica/js/test/SoundTest.js	line:15	visible_text_or_string	"[""12"", ""自己紹介演出用⑦""]"	"[""12"", ""自我介绍演出用⑦""]"	static_ui_manual_translation	3_manual_static_review	Pass16 complete label-set review	□核对页面语义、术语、占位符与标签结构	静态界面逐槽位审校；不得改变ID、class、链接或模板表达式
待人工校对	medium	magica/js/test/SoundTest.js	line:16	visible_text_or_string	"[""13"", ""强化""]"	"[""13"", ""强化完成""]"	static_ui_manual_translation	3_manual_static_review	Pass16 complete label-set review	□核对页面语义、术语、占位符与标签结构	静态界面逐槽位审校；不得改变ID、class、链接或模板表达式
待人工校对	medium	magica/js/test/SoundTest.js	line:17	visible_text_or_string	"[""14"", ""強化MAX""]"	"[""14"", ""强化（等级已满时）""]"	static_ui_manual_translation	3_manual_static_review	Pass16 complete label-set review	□核对页面语义、术语、占位符与标签结构	静态界面逐槽位审校；不得改变ID、class、链接或模板表达式
待人工校对	medium	magica/js/test/SoundTest.js	line:18	visible_text_or_string	"[""15"", ""章节Lv 上升""]"	"[""15"", ""剧情等级提升""]"	static_ui_manual_translation	3_manual_static_review	Pass16 complete label-set review	□核对页面语义、术语、占位符与标签结构	静态界面逐槽位审校；不得改变ID、class、链接或模板表达式
待人工校对	medium	magica/js/test/SoundTest.js	line:19	visible_text_or_string	"[""16"", ""魔力解放１回目""]"	"[""16"", ""魔力解放第1次""]"	static_ui_manual_translation	3_manual_static_review	Pass16 complete label-set review	□核对页面语义、术语、占位符与标签结构	静态界面逐槽位审校；不得改变ID、class、链接或模板表达式
待人工校对	medium	magica/js/test/SoundTest.js	line:20	visible_text_or_string	"[""17"", ""魔力解放２回目""]"	"[""17"", ""魔力解放第2次""]"	static_ui_manual_translation	3_manual_static_review	Pass16 complete label-set review	□核对页面语义、术语、占位符与标签结构	静态界面逐槽位审校；不得改变ID、class、链接或模板表达式
待人工校对	medium	magica/js/test/SoundTest.js	line:21	visible_text_or_string	"[""18"", ""魔力解放３回目""]"	"[""18"", ""魔力解放第3次""]"	static_ui_manual_translation	3_manual_static_review	Pass16 complete label-set review	□核对页面语义、术语、占位符与标签结构	静态界面逐槽位审校；不得改变ID、class、链接或模板表达式
待人工校对	medium	magica/js/test/SoundTest.js	line:22	visible_text_or_string	"[""19"", ""MagiaLv 上升""]"	"[""19"", ""Magia等级提升""]"	static_ui_manual_translation	3_manual_static_review	Pass16 complete label-set review	□核对页面语义、术语、占位符与标签结构	静态界面逐槽位审校；不得改变ID、class、链接或模板表达式
待人工校对	medium	magica/js/test/SoundTest.js	line:23	visible_text_or_string	"[""20"", ""觉醒（稀有度上升）②""]"	"[""20"", ""觉醒（稀有度提升）②""]"	static_ui_manual_translation	3_manual_static_review	Pass16 complete label-set review	□核对页面语义、术语、占位符与标签结构	静态界面逐槽位审校；不得改变ID、class、链接或模板表达式
待人工校对	medium	magica/js/test/SoundTest.js	line:24	visible_text_or_string	"[""21"", ""觉醒（稀有度上升）③""]"	"[""21"", ""觉醒（稀有度提升）③""]"	static_ui_manual_translation	3_manual_static_review	Pass16 complete label-set review	□核对页面语义、术语、占位符与标签结构	静态界面逐槽位审校；不得改变ID、class、链接或模板表达式
待人工校对	medium	magica/js/test/SoundTest.js	line:25	visible_text_or_string	"[""22"", ""觉醒（稀有度上升）④""]"	"[""22"", ""觉醒（稀有度提升）④""]"	static_ui_manual_translation	3_manual_static_review	Pass16 complete label-set review	□核对页面语义、术语、占位符与标签结构	静态界面逐槽位审校；不得改变ID、class、链接或模板表达式
待人工校对	medium	magica/js/test/SoundTest.js	line:26	visible_text_or_string	"[""23"", ""觉醒（稀有度上升）⑤""]"	"[""23"", ""觉醒（稀有度提升）⑤""]"	static_ui_manual_translation	3_manual_static_review	Pass16 complete label-set review	□核对页面语义、术语、占位符与标签结构	静态界面逐槽位审校；不得改变ID、class、链接或模板表达式
待人工校对	medium	magica/js/test/SoundTest.js	line:27	visible_text_or_string	"[""24"", ""当天第一时间 登录""]"	"[""24"", ""每日首次登录时""]"	static_ui_manual_translation	3_manual_static_review	Pass16 complete label-set review	□核对页面语义、术语、占位符与标签结构	静态界面逐槽位审校；不得改变ID、class、链接或模板表达式
待人工校对	medium	magica/js/test/SoundTest.js	line:28	visible_text_or_string	"[""25"", ""時間変化①6-9時""]"	"[""25"", ""时间变化①（6～9时）""]"	static_ui_manual_translation	3_manual_static_review	Pass16 complete label-set review	□核对页面语义、术语、占位符与标签结构	静态界面逐槽位审校；不得改变ID、class、链接或模板表达式
待人工校对	medium	magica/js/test/SoundTest.js	line:29	visible_text_or_string	"[""26"", ""時間変化②11-13時""]"	"[""26"", ""时间变化②（11～13时）""]"	static_ui_manual_translation	3_manual_static_review	Pass16 complete label-set review	□核对页面语义、术语、占位符与标签结构	静态界面逐槽位审校；不得改变ID、class、链接或模板表达式
待人工校对	medium	magica/js/test/SoundTest.js	line:30	visible_text_or_string	"[""27"", ""時間変化③17-19時""]"	"[""27"", ""时间变化③（17～19时）""]"	static_ui_manual_translation	3_manual_static_review	Pass16 complete label-set review	□核对页面语义、术语、占位符与标签结构	静态界面逐槽位审校；不得改变ID、class、链接或模板表达式
待人工校对	medium	magica/js/test/SoundTest.js	line:31	visible_text_or_string	"[""28"", ""時間変化④22-24時""]"	"[""28"", ""时间变化④（22～24时）""]"	static_ui_manual_translation	3_manual_static_review	Pass16 complete label-set review	□核对页面语义、术语、占位符与标签结构	静态界面逐槽位审校；不得改变ID、class、链接或模板表达式
待人工校对	medium	magica/js/test/SoundTest.js	line:32	visible_text_or_string	"[""29"", ""時間変化⑤上記以外""]"	"[""29"", ""时间变化⑤（上述时段以外）""]"	static_ui_manual_translation	3_manual_static_review	Pass16 complete label-set review	□核对页面语义、术语、占位符与标签结构	静态界面逐槽位审校；不得改变ID、class、链接或模板表达式
待人工校对	medium	magica/js/test/SoundTest.js	line:36	visible_text_or_string	"[""33"", ""点击时的线条（默认①）""]"	"[""33"", ""点击时台词（默认①）""]"	static_ui_manual_translation	3_manual_static_review	Pass16 complete label-set review	□核对页面语义、术语、占位符与标签结构	静态界面逐槽位审校；不得改变ID、class、链接或模板表达式
待人工校对	medium	magica/js/test/SoundTest.js	line:37	visible_text_or_string	"[""34"", ""点击时的对话（默认②）""]"	"[""34"", ""点击时台词（默认②）""]"	static_ui_manual_translation	3_manual_static_review	Pass16 complete label-set review	□核对页面语义、术语、占位符与标签结构	静态界面逐槽位审校；不得改变ID、class、链接或模板表达式
待人工校对	medium	magica/js/test/SoundTest.js	line:38	visible_text_or_string	"[""35"", ""点击时的线条（默认 ③）""]"	"[""35"", ""点击时台词（默认③）""]"	static_ui_manual_translation	3_manual_static_review	Pass16 complete label-set review	□核对页面语义、术语、占位符与标签结构	静态界面逐槽位审校；不得改变ID、class、链接或模板表达式
待人工校对	medium	magica/js/test/SoundTest.js	line:39	visible_text_or_string	"[""36"", ""点击时的对话（默认 ④）""]"	"[""36"", ""点击时台词（默认④）""]"	static_ui_manual_translation	3_manual_static_review	Pass16 complete label-set review	□核对页面语义、术语、占位符与标签结构	静态界面逐槽位审校；不得改变ID、class、链接或模板表达式
待人工校对	medium	magica/js/test/SoundTest.js	line:40	visible_text_or_string	"[""37"", ""点击时的线条 (章节Lv2)""]"	"[""37"", ""点击时台词（剧情等级2）""]"	static_ui_manual_translation	3_manual_static_review	Pass16 complete label-set review	□核对页面语义、术语、占位符与标签结构	静态界面逐槽位审校；不得改变ID、class、链接或模板表达式
待人工校对	medium	magica/js/test/SoundTest.js	line:41	visible_text_or_string	"[""38"", ""点击时的线条 (章节Lv3)""]"	"[""38"", ""点击时台词（剧情等级3）""]"	static_ui_manual_translation	3_manual_static_review	Pass16 complete label-set review	□核对页面语义、术语、占位符与标签结构	静态界面逐槽位审校；不得改变ID、class、链接或模板表达式
待人工校对	medium	magica/js/test/SoundTest.js	line:42	visible_text_or_string	"[""39"", ""点击时的线条 (章节Lv4)""]"	"[""39"", ""点击时台词（剧情等级4）""]"	static_ui_manual_translation	3_manual_static_review	Pass16 complete label-set review	□核对页面语义、术语、占位符与标签结构	静态界面逐槽位审校；不得改变ID、class、链接或模板表达式
待人工校对	medium	magica/js/test/SoundTest.js	line:43	visible_text_or_string	"[""40"", ""点击时的线条 (章节Lv5)""]"	"[""40"", ""点击时台词（剧情等级5）""]"	static_ui_manual_translation	3_manual_static_review	Pass16 complete label-set review	□核对页面语义、术语、占位符与标签结构	静态界面逐槽位审校；不得改变ID、class、链接或模板表达式
待人工校对	medium	magica/js/test/SoundTest.js	line:44	visible_text_or_string	"[""41"", ""点击时的线条（多次点击）""]"	"[""41"", ""点击时台词（多次点击）""]"	static_ui_manual_translation	3_manual_static_review	Pass16 complete label-set review	□核对页面语义、术语、占位符与标签结构	静态界面逐槽位审校；不得改变ID、class、链接或模板表达式
待人工校对	medium	magica/js/test/SoundTest.js	line:45	visible_text_or_string	"[""42"", ""以战斗开头""]"	"[""42"", ""战斗开始时""]"	static_ui_manual_translation	3_manual_static_review	Pass16 complete label-set review	□核对页面语义、术语、占位符与标签结构	静态界面逐槽位审校；不得改变ID、class、链接或模板表达式
待人工校对	medium	magica/js/test/SoundTest.js	line:46	visible_text_or_string	"[""43"", ""勝利①（★１、２、３）""]"	"[""43"", ""胜利①（★1、2、3）""]"	static_ui_manual_translation	3_manual_static_review	Pass16 complete label-set review	□核对页面语义、术语、占位符与标签结构	静态界面逐槽位审校；不得改变ID、class、链接或模板表达式
待人工校对	medium	magica/js/test/SoundTest.js	line:47	visible_text_or_string	"[""44"", ""勝利②（★４）""]"	"[""44"", ""胜利②（★4）""]"	static_ui_manual_translation	3_manual_static_review	Pass16 complete label-set review	□核对页面语义、术语、占位符与标签结构	静态界面逐槽位审校；不得改变ID、class、链接或模板表达式
待人工校对	medium	magica/js/test/SoundTest.js	line:48	visible_text_or_string	"[""45"", ""勝利③（★５）""]"	"[""45"", ""胜利③（★5）""]"	static_ui_manual_translation	3_manual_static_review	Pass16 complete label-set review	□核对页面语义、术语、占位符与标签结构	静态界面逐槽位审校；不得改变ID、class、链接或模板表达式
待人工校对	medium	magica/js/test/SoundTest.js	line:49	visible_text_or_string	"[""46"", ""勝利④（★６）""]"	"[""46"", ""胜利④（★6）""]"	static_ui_manual_translation	3_manual_static_review	Pass16 complete label-set review	□核对页面语义、术语、占位符与标签结构	静态界面逐槽位审校；不得改变ID、class、链接或模板表达式
待人工校对	medium	magica/js/test/SoundTest.js	line:50	visible_text_or_string	"[""47"", ""光盘组①""]"	"[""47"", ""行动盘选择①""]"	static_ui_manual_translation	3_manual_static_review	Pass16 complete label-set review	□核对页面语义、术语、占位符与标签结构	静态界面逐槽位审校；不得改变ID、class、链接或模板表达式
待人工校对	medium	magica/js/test/SoundTest.js	line:51	visible_text_or_string	"[""48"", ""光盘组②""]"	"[""48"", ""行动盘选择②""]"	static_ui_manual_translation	3_manual_static_review	Pass16 complete label-set review	□核对页面语义、术语、占位符与标签结构	静态界面逐槽位审校；不得改变ID、class、链接或模板表达式
待人工校对	medium	magica/js/test/SoundTest.js	line:52	visible_text_or_string	"[""49"", ""光盘组③""]"	"[""49"", ""行动盘选择③""]"	static_ui_manual_translation	3_manual_static_review	Pass16 complete label-set review	□核对页面语义、术语、占位符与标签结构	静态界面逐槽位审校；不得改变ID、class、链接或模板表达式
待人工校对	medium	magica/js/test/SoundTest.js	line:53	visible_text_or_string	"[""50"", ""光盘组 ④""]"	"[""50"", ""行动盘选择④""]"	static_ui_manual_translation	3_manual_static_review	Pass16 complete label-set review	□核对页面语义、术语、占位符与标签结构	静态界面逐槽位审校；不得改变ID、class、链接或模板表达式
待人工校对	medium	magica/js/test/SoundTest.js	line:54	visible_text_or_string	"[""51"", ""磁盘组（连携）""]"	"[""51"", ""行动盘选择（发起连携）""]"	static_ui_manual_translation	3_manual_static_review	Pass16 complete label-set review	□核对页面语义、术语、占位符与标签结构	静态界面逐槽位审校；不得改变ID、class、链接或模板表达式
待人工校对	medium	magica/js/test/SoundTest.js	line:55	visible_text_or_string	"[""52"", ""磁盘组（连携）""]"	"[""52"", ""行动盘选择（接受连携）""]"	static_ui_manual_translation	3_manual_static_review	Pass16 complete label-set review	□核对页面语义、术语、占位符与标签结构	静态界面逐槽位审校；不得改变ID、class、链接或模板表达式
待人工校对	medium	magica/js/test/SoundTest.js	line:56	visible_text_or_string	"[""53"", ""第一次攻击①（长线）""]"	"[""53"", ""第1次攻击时①（长台词）""]"	static_ui_manual_translation	3_manual_static_review	Pass16 complete label-set review	□核对页面语义、术语、占位符与标签结构	静态界面逐槽位审校；不得改变ID、class、链接或模板表达式
待人工校对	medium	magica/js/test/SoundTest.js	line:57	visible_text_or_string	"[""54"", ""第一次攻击②（长线）""]"	"[""54"", ""第1次攻击时②（长台词）""]"	static_ui_manual_translation	3_manual_static_review	Pass16 complete label-set review	□核对页面语义、术语、占位符与标签结构	静态界面逐槽位审校；不得改变ID、class、链接或模板表达式
待人工校对	medium	magica/js/test/SoundTest.js	line:58	visible_text_or_string	"[""55"", ""第一次攻击③（长线）""]"	"[""55"", ""第1次攻击时③（长台词）""]"	static_ui_manual_translation	3_manual_static_review	Pass16 complete label-set review	□核对页面语义、术语、占位符与标签结构	静态界面逐槽位审校；不得改变ID、class、链接或模板表达式
待人工校对	medium	magica/js/test/SoundTest.js	line:59	visible_text_or_string	"[""56"", ""2,3回目攻撃時①""]"	"[""56"", ""第2、3次攻击时①""]"	static_ui_manual_translation	3_manual_static_review	Pass16 complete label-set review	□核对页面语义、术语、占位符与标签结构	静态界面逐槽位审校；不得改变ID、class、链接或模板表达式
待人工校对	medium	magica/js/test/SoundTest.js	line:60	visible_text_or_string	"[""57"", ""2,3回目攻撃時②""]"	"[""57"", ""第2、3次攻击时②""]"	static_ui_manual_translation	3_manual_static_review	Pass16 complete label-set review	□核对页面语义、术语、占位符与标签结构	静态界面逐槽位审校；不得改变ID、class、链接或模板表达式
待人工校对	medium	magica/js/test/SoundTest.js	line:61	visible_text_or_string	"[""58"", ""2,3回目攻撃時③""]"	"[""58"", ""第2、3次攻击时③""]"	static_ui_manual_translation	3_manual_static_review	Pass16 complete label-set review	□核对页面语义、术语、占位符与标签结构	静态界面逐槽位审校；不得改变ID、class、链接或模板表达式
待人工校对	medium	magica/js/test/SoundTest.js	line:62	visible_text_or_string	"[""59"", ""第二次攻击①（同角色）""]"	"[""59"", ""第2次攻击时①（同一角色）""]"	static_ui_manual_translation	3_manual_static_review	Pass16 complete label-set review	□核对页面语义、术语、占位符与标签结构	静态界面逐槽位审校；不得改变ID、class、链接或模板表达式
待人工校对	medium	magica/js/test/SoundTest.js	line:63	visible_text_or_string	"[""60"", ""第二次攻击②（同角色）""]"	"[""60"", ""第2次攻击时②（同一角色）""]"	static_ui_manual_translation	3_manual_static_review	Pass16 complete label-set review	□核对页面语义、术语、占位符与标签结构	静态界面逐槽位审校；不得改变ID、class、链接或模板表达式
待人工校对	medium	magica/js/test/SoundTest.js	line:64	visible_text_or_string	"[""61"", ""第三次攻击①（同角色）""]"	"[""61"", ""第3次攻击时①（同一角色）""]"	static_ui_manual_translation	3_manual_static_review	Pass16 complete label-set review	□核对页面语义、术语、占位符与标签结构	静态界面逐槽位审校；不得改变ID、class、链接或模板表达式
待人工校对	medium	magica/js/test/SoundTest.js	line:65	visible_text_or_string	"[""62"", ""第三次攻击②（同角色）""]"	"[""62"", ""第3次攻击时②（同一角色）""]"	static_ui_manual_translation	3_manual_static_review	Pass16 complete label-set review	□核对页面语义、术语、占位符与标签结构	静态界面逐槽位审校；不得改变ID、class、链接或模板表达式
待人工校对	medium	magica/js/test/SoundTest.js	line:66	visible_text_or_string	"[""63"", ""Magia 时间① (★1,2,3)""]"	"[""63"", ""发动Magia时①（★1、2、3）""]"	static_ui_manual_translation	3_manual_static_review	Pass16 complete label-set review	□核对页面语义、术语、占位符与标签结构	静态界面逐槽位审校；不得改变ID、class、链接或模板表达式
待人工校对	medium	magica/js/test/SoundTest.js	line:67	visible_text_or_string	"[""64"", ""Magia时间②（Magia★4）""]"	"[""64"", ""发动Magia时②（Magia★4）""]"	static_ui_manual_translation	3_manual_static_review	Pass16 complete label-set review	□核对页面语义、术语、占位符与标签结构	静态界面逐槽位审校；不得改变ID、class、链接或模板表达式
待人工校对	medium	magica/js/test/SoundTest.js	line:68	visible_text_or_string	"[""65"", ""Magia时间③（Magia★5）""]"	"[""65"", ""发动Magia时③（Magia★5）""]"	static_ui_manual_translation	3_manual_static_review	Pass16 complete label-set review	□核对页面语义、术语、占位符与标签结构	静态界面逐槽位审校；不得改变ID、class、链接或模板表达式
待人工校对	medium	magica/js/test/SoundTest.js	line:69	visible_text_or_string	"[""66"", ""Magia时间④（Magia★6）""]"	"[""66"", ""发动Magia时④（Magia★6）""]"	static_ui_manual_translation	3_manual_static_review	Pass16 complete label-set review	□核对页面语义、术语、占位符与标签结构	静态界面逐槽位审校；不得改变ID、class、链接或模板表达式
待人工校对	medium	magica/js/test/SoundTest.js	line:70	visible_text_or_string	"[""67"", ""在 Doppel""]"	"[""67"", ""发动魔女化身时""]"	static_ui_manual_translation	3_manual_static_review	Pass16 complete label-set review	□核对页面语义、术语、占位符与标签结构	静态界面逐槽位审校；不得改变ID、class、链接或模板表达式
待人工校对	medium	magica/js/test/SoundTest.js	line:71	visible_text_or_string	"[""68"", ""攻击时（连携）""]"	"[""68"", ""攻击时（发起连携）""]"	static_ui_manual_translation	3_manual_static_review	Pass16 complete label-set review	□核对页面语义、术语、占位符与标签结构	静态界面逐槽位审校；不得改变ID、class、链接或模板表达式
待人工校对	medium	magica/js/test/SoundTest.js	line:72	visible_text_or_string	"[""69"", ""受到攻击时（连携）""]"	"[""69"", ""攻击时（接受连携）""]"	static_ui_manual_translation	3_manual_static_review	Pass16 complete label-set review	□核对页面语义、术语、占位符与标签结构	静态界面逐槽位审校；不得改变ID、class、链接或模板表达式
待人工校对	medium	magica/js/test/SoundTest.js	line:76	visible_text_or_string	"[""73"", ""伤害（正常）""]"	"[""73"", ""受伤时（通常）""]"	static_ui_manual_translation	3_manual_static_review	Pass16 complete label-set review	□核对页面语义、术语、占位符与标签结构	静态界面逐槽位审校；不得改变ID、class、链接或模板表达式
待人工校对	medium	magica/js/test/SoundTest.js	line:77	visible_text_or_string	"[""74"", ""伤害（垂死）""]"	"[""74"", ""受伤时（濒死）""]"	static_ui_manual_translation	3_manual_static_review	Pass16 complete label-set review	□核对页面语义、术语、占位符与标签结构	静态界面逐槽位审校；不得改变ID、class、链接或模板表达式
待人工校对	medium	magica/js/test/SoundTest.js	line:78	visible_text_or_string	"[""75"", ""戦闘不能""]"	"[""75"", ""战斗不能""]"	static_ui_manual_translation	3_manual_static_review	Pass16 complete label-set review	□核对页面语义、术语、占位符与标签结构	静态界面逐槽位审校；不得改变ID、class、链接或模板表达式
待人工校对	medium	magica/template/test/BackdoorLive2d.html	line:9	visible_text_or_string	"data-voice=""01"">01:自己紹介</div>"	"data-voice=""01"">01:自我介绍</div>"	static_ui_manual_translation	3_manual_static_review	Pass16 complete label-set review	□核对页面语义、术语、占位符与标签结构	静态界面逐槽位审校；不得改变ID、class、链接或模板表达式
待人工校对	medium	magica/template/test/BackdoorLive2d.html	line:10	visible_text_or_string	"data-voice=""02"">02：自我介绍（获取抽卡时）</div>"	"data-voice=""02"">02:自我介绍（扭蛋获取时）</div>"	static_ui_manual_translation	3_manual_static_review	Pass16 complete label-set review	□核对页面语义、术语、占位符与标签结构	静态界面逐槽位审校；不得改变ID、class、链接或模板表达式
待人工校对	medium	magica/template/test/BackdoorLive2d.html	line:21	visible_text_or_string	"data-voice=""14"">14:强化（Lv达到上限时）</div>"	"data-voice=""14"">14:强化（等级已满时）</div>"	static_ui_manual_translation	3_manual_static_review	Pass16 complete label-set review	□核对页面语义、术语、占位符与标签结构	静态界面逐槽位审校；不得改变ID、class、链接或模板表达式
待人工校对	medium	magica/template/test/BackdoorLive2d.html	line:22	visible_text_or_string	"data-voice=""15"">15:章节Lv 上升</div>"	"data-voice=""15"">15:剧情等级提升</div>"	static_ui_manual_translation	3_manual_static_review	Pass16 complete label-set review	□核对页面语义、术语、占位符与标签结构	静态界面逐槽位审校；不得改变ID、class、链接或模板表达式
待人工校对	medium	magica/template/test/BackdoorLive2d.html	line:26	visible_text_or_string	"data-voice=""19"">19:MagiaLv 上升</div>"	"data-voice=""19"">19:Magia等级提升</div>"	static_ui_manual_translation	3_manual_static_review	Pass16 complete label-set review	□核对页面语义、术语、占位符与标签结构	静态界面逐槽位审校；不得改变ID、class、链接或模板表达式
待人工校对	medium	magica/template/test/BackdoorLive2d.html	line:42	visible_text_or_string	"data-voice=""32"">32:登录⑨（GVG）</div>"	"data-voice=""32"">32:登录⑨（GvG）</div>"	static_ui_manual_translation	3_manual_static_review	Pass16 complete label-set review	□核对页面语义、术语、占位符与标签结构	静态界面逐槽位审校；不得改变ID、class、链接或模板表达式
待人工校对	high	magica/template/event/raid/EventRaidCloseTop.html	line:17	visible_text_or_string	"data-mission-name=""個人撃破報酬"""	"data-mission-name=""个人击破报酬"""	visible_html_attribute	3_manual_static_review	manual	□核对页面语义、术语、占位符与标签结构	静态界面逐槽位审校；不得改变ID、class、链接或模板表达式
待人工校对	high	magica/template/event/raid/EventRaidCloseTop.html	line:21	visible_text_or_string	"data-mission-name=""全体撃破報酬"""	"data-mission-name=""全体击破报酬"""	visible_html_attribute	3_manual_static_review	manual	□核对页面语义、术语、占位符与标签结构	静态界面逐槽位审校；不得改变ID、class、链接或模板表达式
待人工校对	high	magica/template/event/raid/EventRaidTop.html	line:354	visible_text_or_string	"data-mission-name=""個人撃破報酬"""	"data-mission-name=""个人击破报酬"""	visible_html_attribute	3_manual_static_review	manual	□核对页面语义、术语、占位符与标签结构	静态界面逐槽位审校；不得改变ID、class、链接或模板表达式
待人工校对	high	magica/template/event/raid/EventRaidTop.html	line:358	visible_text_or_string	"data-mission-name=""全体撃破報酬"""	"data-mission-name=""全体击破报酬"""	visible_html_attribute	3_manual_static_review	manual	□核对页面语义、术语、占位符与标签结构	静态界面逐槽位审校；不得改变ID、class、链接或模板表达式
待人工校对	high	magica/template/regularEvent/groupBattle/RegularEventGroupBattleLog.html	line:5	visible_text_or_string	"data-mission-name=""個人"""	"data-mission-name=""个人"""	visible_html_attribute	3_manual_static_review	manual	□核对页面语义、术语、占位符与标签结构	静态界面逐槽位审校；不得改变ID、class、链接或模板表达式
待人工校对	high	magica/template/top/TopPage.html	line:37	visible_text_or_string	利用規約	使用条款	production_ui	3_manual_static_review	manual	□核对页面语义、术语、占位符与标签结构	静态界面逐槽位审校；不得改变ID、class、链接或模板表达式
待人工校对	high	magica/js/view/mission/MissionTopView.js	line:19	visible_text_or_string	"+""时间"""	"+""小时"""	production_ui_semantic_fix	3_manual_static_review	manual	□核对页面语义、术语、占位符与标签结构	静态界面逐槽位审校；不得改变ID、class、链接或模板表达式
待人工校对	high	magica/js/view/memoria/PieceArchiveView.js	line:9	visible_text_or_string	"""仓库"":""持有格"""	"""保管库"":""持有格"""	production_ui	3_manual_static_review	manual	□核对页面语义、术语、占位符与标签结构	静态界面逐槽位审校；不得改变ID、class、链接或模板表达式
待人工校对	high	magica/js/view/memoria/PieceArchiveView.js	line:23	visible_text_or_string	"""将所选记忆结晶""+d+""移至"	"""将所选记忆结晶从""+d+""移至"	production_ui_grammar	3_manual_static_review	manual	□核对页面语义、术语、占位符与标签结构	静态界面逐槽位审校；不得改变ID、class、链接或模板表达式
待人工校对	high	magica/js/view/memoria/PieceArchiveView.js	line:24	visible_text_or_string	"""将所选记忆结晶""+d+""移至"	"""将所选记忆结晶从""+d+""移至"	production_ui_grammar	3_manual_static_review	manual	□核对页面语义、术语、占位符与标签结构	静态界面逐槽位审校；不得改变ID、class、链接或模板表达式
待人工校对	high	magica/js/view/memoria/PieceArchiveView.js	line:26	visible_text_or_string	"""将所选记忆结晶""+e+""已移至"	"""已将所选记忆结晶从""+e+""移至"	production_ui_grammar	3_manual_static_review	manual	□核对页面语义、术语、占位符与标签结构	静态界面逐槽位审校；不得改变ID、class、链接或模板表达式
待人工校对	high	magica/js/view/memoria/PieceArchiveView.js	line:28	visible_text_or_string	"""将所选记忆结晶""+d.name+""已移至"	"""已将所选记忆结晶从""+d.name+""移至"	production_ui_grammar	3_manual_static_review	manual	□核对页面语义、术语、占位符与标签结构	静态界面逐槽位审校；不得改变ID、class、链接或模板表达式
待人工校对	low	magica/js/view/memoria/PieceArchiveView.js	line:9	visible_text_or_string	"""可移至保管库:"""	"""可移入保管库:"""	debug_ui	3_manual_static_review	manual	□核对页面语义、术语、占位符与标签结构	静态界面逐槽位审校；不得改变ID、class、链接或模板表达式
待人工校对	low	magica/js/view/memoria/PieceArchiveView.js	line:9	visible_text_or_string	"""持有栏可移动:"""	"""可移入持有格:"""	debug_ui	3_manual_static_review	manual	□核对页面语义、术语、占位符与标签结构	静态界面逐槽位审校；不得改变ID、class、链接或模板表达式
待人工校对	medium	magica/js/test/BackdoorList.js	line:98	visible_text_or_string	"title: ""完了"""	"title: ""完成"""	test_ui	3_manual_static_review	manual	□核对页面语义、术语、占位符与标签结构	静态界面逐槽位审校；不得改变ID、class、链接或模板表达式
待人工校对	medium	magica/js/test/BackdoorList.js	line:64	visible_text_or_string	"title: ""回复 战斗博物馆重置"""	"title: ""重置战斗博物馆回复功能"""	test_ui	3_manual_static_review	manual	□核对页面语义、术语、占位符与标签结构	静态界面逐槽位审校；不得改变ID、class、链接或模板表达式
待人工校对	medium	magica/js/test/BackdoorList.js	line:75	visible_text_or_string	"title: ""回复 战斗博物馆重置"""	"title: ""重置战斗博物馆回复功能"""	test_ui	3_manual_static_review	manual	□核对页面语义、术语、占位符与标签结构	静态界面逐槽位审校；不得改变ID、class、链接或模板表达式
待人工校对	medium	magica/js/test/BackdoorList.js	line:113	visible_text_or_string	"c = ""1 份散装 通关"""	"c = ""第一部一键通关"""	test_ui	3_manual_static_review	manual	□核对页面语义、术语、占位符与标签结构	静态界面逐槽位审校；不得改变ID、class、链接或模板表达式
待人工校对	medium	magica/js/test/BackdoorList.js	line:413	visible_text_or_string	"title: ""突破活动调试模式"""	"title: ""踏破活动调试模式"""	test_ui	3_manual_static_review	manual	□核对页面语义、术语、占位符与标签结构	静态界面逐槽位审校；不得改变ID、class、链接或模板表达式
待人工校对	medium	magica/js/test/BackdoorList.js	line:423	visible_text_or_string	"title: ""突破活动调试模式"""	"title: ""踏破活动调试模式"""	test_ui	3_manual_static_review	manual	□核对页面语义、术语、占位符与标签结构	静态界面逐槽位审校；不得改变ID、class、链接或模板表达式
待人工校对	medium	magica/js/test/BackdoorList.js	line:565	visible_text_or_string	"title: ""Magia 石材购买状态确认"""	"title: ""魔法石购买状态"""	test_ui	3_manual_static_review	manual	□核对页面语义、术语、占位符与标签结构	静态界面逐槽位审校；不得改变ID、class、链接或模板表达式
待人工校对	high	magica/js/test/BackdoorQuestList.js	line:65	visible_text_or_string	現代神浜編	现代神滨篇	test_ui	2_designated_wiki	designated Wiki	□核对页面语义、术语、占位符与标签结构	静态界面逐槽位审校；不得改变ID、class、链接或模板表达式
待人工校对	medium	magica/js/test/BackdoorQuestList.js	line:95	visible_text_or_string	"""話 Battle"""	"""话 战斗"""	test_ui	3_manual_static_review	manual	□核对页面语义、术语、占位符与标签结构	静态界面逐槽位审校；不得改变ID、class、链接或模板表达式
待人工校对	medium	magica/template/test/Backdoor.html	line:79	visible_text_or_string	活动<%= model.eventId %>的设置	活动<%= model.eventId %>套装	test_ui	3_manual_static_review	manual	□核对页面语义、术语、占位符与标签结构	静态界面逐槽位审校；不得改变ID、class、链接或模板表达式
待人工校对	low	magica/template/test/Backdoor.html	line:18	visible_text_or_string	最下部	最下方	test_ui	3_manual_static_review	manual	□核对页面语义、术语、占位符与标签结构	静态界面逐槽位审校；不得改变ID、class、链接或模板表达式
待人工校对	low	magica/template/test/Backdoor.html	line:18	visible_text_or_string	最上部	最上方	test_ui	3_manual_static_review	manual	□核对页面语义、术语、占位符与标签结构	静态界面逐槽位审校；不得改变ID、class、链接或模板表达式
待人工校对	low	magica/template/test/Backdoor.html	line:22	visible_text_or_string	>検索<	>搜索<	test_ui	3_manual_static_review	manual	□核对页面语义、术语、占位符与标签结构	静态界面逐槽位审校；不得改变ID、class、链接或模板表达式
待人工校对	low	magica/template/test/Backdoor.html	line:26	visible_text_or_string	>全表示<	>全部显示<	test_ui	3_manual_static_review	manual	□核对页面语义、术语、占位符与标签结构	静态界面逐槽位审校；不得改变ID、class、链接或模板表达式
待人工校对	low	magica/template/test/Backdoor.html	line:44	visible_text_or_string	>全表示<	>全部显示<	test_ui	3_manual_static_review	manual	□核对页面语义、术语、占位符与标签结构	静态界面逐槽位审校；不得改变ID、class、链接或模板表达式
待人工校对	low	magica/template/test/Backdoor.html	line:60	visible_text_or_string	>全表示<	>全部显示<	test_ui	3_manual_static_review	manual	□核对页面语义、术语、占位符与标签结构	静态界面逐槽位审校；不得改变ID、class、链接或模板表达式
待人工校对	low	magica/template/test/Backdoor.html	line:37	visible_text_or_string	全素材 × 100	全部素材 × 100	test_ui	3_manual_static_review	manual	□核对页面语义、术语、占位符与标签结构	静态界面逐槽位审校；不得改变ID、class、链接或模板表达式
待人工校对	low	magica/template/test/Backdoor.html	line:86	visible_text_or_string	>１字削除<	>删除1个字符<	test_ui	3_manual_static_review	manual	□核对页面语义、术语、占位符与标签结构	静态界面逐槽位审校；不得改变ID、class、链接或模板表达式
待人工校对	low	magica/template/test/Backdoor.html	line:130	visible_text_or_string	>1字削除<	>删除1个字符<	test_ui	3_manual_static_review	manual	□核对页面语义、术语、占位符与标签结构	静态界面逐槽位审校；不得改变ID、class、链接或模板表达式
待人工校对	low	magica/template/test/Backdoor.html	line:87	visible_text_or_string	>報酬付与<	>发放奖励<	test_ui	3_manual_static_review	manual	□核对页面语义、术语、占位符与标签结构	静态界面逐槽位审校；不得改变ID、class、链接或模板表达式
待人工校对	low	magica/template/test/Backdoor.html	line:107	visible_text_or_string	（所持数：	（持有数：	test_ui	3_manual_static_review	manual	□核对页面语义、术语、占位符与标签结构	静态界面逐槽位审校；不得改变ID、class、链接或模板表达式
待人工校对	low	magica/template/test/Backdoor.html	line:109	visible_text_or_string	>個数指定<	>指定数量<	test_ui	3_manual_static_review	manual	□核对页面语义、术语、占位符与标签结构	静态界面逐槽位审校；不得改变ID、class、链接或模板表达式
待人工校对	medium	magica/template/test/backdoorList.html	line:5	visible_text_or_string	相撲TOP	相扑首页	test_ui	3_manual_static_review	manual	□核对页面语义、术语、占位符与标签结构	静态界面逐槽位审校；不得改变ID、class、链接或模板表达式
待人工校对	medium	magica/template/test/backdoorList.html	line:11	visible_text_or_string	章节Lv 上升	剧情等级提升	test_ui	3_manual_static_review	manual	□核对页面语义、术语、占位符与标签结构	静态界面逐槽位审校；不得改变ID、class、链接或模板表达式
待人工校对	medium	magica/template/test/backdoorList.html	line:19	visible_text_or_string	1 份散装 通关	第一部一键通关	test_ui	3_manual_static_review	manual	□核对页面语义、术语、占位符与标签结构	静态界面逐槽位审校；不得改变ID、class、链接或模板表达式
待人工校对	medium	magica/template/test/backdoorList.html	line:31	visible_text_or_string	无理 战斗 再试一次	重试理违战	test_ui	3_manual_static_review	manual	□核对页面语义、术语、占位符与标签结构	静态界面逐槽位审校；不得改变ID、class、链接或模板表达式
待人工校对	low	magica/template/test/backdoorList.html	line:164	visible_text_or_string	完了（TU999）	完成（TU999）	test_ui	3_manual_static_review	manual	□核对页面语义、术语、占位符与标签结构	静态界面逐槽位审校；不得改变ID、class、链接或模板表达式
待人工校对	low	magica/template/test/backdoorList.html	line:88	visible_text_or_string	エラーコードを入力。	输入错误代码。	test_ui	3_manual_static_review	manual	□核对页面语义、术语、占位符与标签结构	静态界面逐槽位审校；不得改变ID、class、链接或模板表达式
待人工校对	low	magica/template/test/backdoorList.html	line:91	visible_text_or_string	ツイートリンクを入力。	输入推文链接。	test_ui	3_manual_static_review	manual	□核对页面语义、术语、占位符与标签结构	静态界面逐槽位审校；不得改变ID、class、链接或模板表达式
待人工校对	low	magica/template/test/BackdoorLive2d.html	line:19	visible_text_or_string	>育成<	>养成<	test_ui	3_manual_static_review	manual	□核对页面语义、术语、占位符与标签结构	静态界面逐槽位审校；不得改变ID、class、链接或模板表达式
待人工校对	low	magica/template/test/BackdoorQuestBattle.html	line:6	visible_text_or_string	>貼付<	>粘贴<	test_ui	3_manual_static_review	manual	□核对页面语义、术语、占位符与标签结构	静态界面逐槽位审校；不得改变ID、class、链接或模板表达式
待人工校对	low	magica/template/test/BackdoorQuestBattle.html	line:7	visible_text_or_string	>履歴<	>历史记录<	test_ui	3_manual_static_review	manual	□核对页面语义、术语、占位符与标签结构	静态界面逐槽位审校；不得改变ID、class、链接或模板表达式
待人工校对	low	magica/template/test/BackdoorQuestBattle.html	line:20	visible_text_or_string	>1字削除<	>删除1个字符<	test_ui	3_manual_static_review	manual	□核对页面语义、术语、占位符与标签结构	静态界面逐槽位审校；不得改变ID、class、链接或模板表达式
待人工校对	low	magica/template/test/BackdoorQuestBattle.html	line:28	visible_text_or_string	>入力<	>输入<	test_ui	3_manual_static_review	manual	□核对页面语义、术语、占位符与标签结构	静态界面逐槽位审校；不得改变ID、class、链接或模板表达式
待人工校对	low	magica/template/test/EffectTest.html	line:16	visible_text_or_string	>表示<	>显示<	test_ui	3_manual_static_review	manual	□核对页面语义、术语、占位符与标签结构	静态界面逐槽位审校；不得改变ID、class、链接或模板表达式
待人工校对	low	magica/template/test/EffectTest.html	line:17	visible_text_or_string	>削除<	>删除<	test_ui	3_manual_static_review	manual	□核对页面语义、术语、占位符与标签结构	静态界面逐槽位审校；不得改变ID、class、链接或模板表达式
待人工校对	low	magica/template/test/FriendSearch.html	line:53	visible_text_or_string	>検索<	>搜索<	test_ui	3_manual_static_review	manual	□核对页面语义、术语、占位符与标签结构	静态界面逐槽位审校；不得改变ID、class、链接或模板表达式
待人工校对	high	magica/template/test/FriendSearch.html	line:65	visible_text_or_string	"<span class=""btn follow"">关注</p>"	"<span class=""btn follow"">关注</span>"	html_structure_repair	3_manual_static_review	manual	□核对页面语义、术语、占位符与标签结构	静态界面逐槽位审校；不得改变ID、class、链接或模板表达式
待人工校对	low	magica/template/test/PresentListTest.html	line:28	visible_text_or_string	×<%= model.quantity %\>枚	×<%= model.quantity %\>张	test_ui	3_manual_static_review	manual	□核对页面语义、术语、占位符与标签结构	静态界面逐槽位审校；不得改变ID、class、链接或模板表达式
待人工校对	low	magica/template/test/QuestStub.html	line:62	visible_text_or_string	戦闘不能回数	战斗不能次数	test_ui	3_manual_static_review	manual	□核对页面语义、术语、占位符与标签结构	静态界面逐槽位审校；不得改变ID、class、链接或模板表达式
待人工校对	low	magica/template/test/SelectStoryTest.html	line:7	visible_text_or_string	>貼付<	>粘贴<	test_ui	3_manual_static_review	manual	□核对页面语义、术语、占位符与标签结构	静态界面逐槽位审校；不得改变ID、class、链接或模板表达式
待人工校对	low	magica/template/test/SelectStoryTest.html	line:8	visible_text_or_string	>履歴<	>历史记录<	test_ui	3_manual_static_review	manual	□核对页面语义、术语、占位符与标签结构	静态界面逐槽位审校；不得改变ID、class、链接或模板表达式
待人工校对	low	magica/template/test/SelectStoryTest.html	line:33	visible_text_or_string	>1字削除<	>删除1个字符<	test_ui	3_manual_static_review	manual	□核对页面语义、术语、占位符与标签结构	静态界面逐槽位审校；不得改变ID、class、链接或模板表达式
待人工校对	low	magica/template/test/SelectStoryTest.html	line:41	visible_text_or_string	>入力<	>输入<	test_ui	3_manual_static_review	manual	□核对页面语义、术语、占位符与标签结构	静态界面逐槽位审校；不得改变ID、class、链接或模板表达式
待人工校对	low	magica/template/test/SelectStoryTest.html	line:46	visible_text_or_string	>履歴削除<	>删除历史记录<	test_ui	3_manual_static_review	manual	□核对页面语义、术语、占位符与标签结构	静态界面逐槽位审校；不得改变ID、class、链接或模板表达式
待人工校对	low	magica/template/test/SdCharaTest.html	line:8	visible_text_or_string	>迷你角色显示<	>显示迷你角色<	test_ui	3_manual_static_review	manual	□核对页面语义、术语、占位符与标签结构	静态界面逐槽位审校；不得改变ID、class、链接或模板表达式
待人工校对	low	magica/template/test/SdCharaTest.html	line:11	visible_text_or_string	"placeholder=""输入index"""	"placeholder=""请输入index"""	test_ui	3_manual_static_review	manual	□核对页面语义、术语、占位符与标签结构	静态界面逐槽位审校；不得改变ID、class、链接或模板表达式
待人工校对	low	magica/template/test/SdCharaTest.html	line:14	visible_text_or_string	"placeholder=""输入charaId"""	"placeholder=""请输入charaId"""	test_ui	3_manual_static_review	manual	□核对页面语义、术语、占位符与标签结构	静态界面逐槽位审校；不得改变ID、class、链接或模板表达式
待人工校对	low	magica/template/test/SdCharaTest.html	line:17	visible_text_or_string	"placeholder=""输入Scale"""	"placeholder=""请输入Scale"""	test_ui	3_manual_static_review	manual	□核对页面语义、术语、占位符与标签结构	静态界面逐槽位审校；不得改变ID、class、链接或模板表达式
待人工校对	low	magica/template/test/SdCharaTest.html	line:18	visible_text_or_string	"placeholder=""输入Fade"""	"placeholder=""请输入Fade"""	test_ui	3_manual_static_review	manual	□核对页面语义、术语、占位符与标签结构	静态界面逐槽位审校；不得改变ID、class、链接或模板表达式
待人工校对	high	magica/template/etc/LawPopup.html	line:1	visible_text_or_string	旧版中日混合且含<<span结构错误的法律文本	全中文法律信息与已修复span结构	production_legal_ui	3_manual_static_review	Pass16 full manual rewrite	□核对页面语义、术语、占位符与标签结构	静态界面逐槽位审校；不得改变ID、class、链接或模板表达式
