peer_rule_id	audit_index	path	line	slot	kind	scope_class	old	proposed_new	anchor_before	anchor_after	decision	confidence	evidence_type	evidence	structure_preserved	structure_note	application_mode	placeholder_status	production_status	repeated_old_count	repeated_old_indexes	context_variant	main_value	main_relation	exclusion_class	risk
peer_static_001	0	magica/js/test/Backdoor.js	581	208	js_string	test_or_backdoor	受取完了	领取完成	受取完了	领取完成	translate	high	manual_semantic_review	peer translation from Japanese UI context; technical identifiers retained	True	tags/percent-escapes/URLs/newline-tab fingerprint equal; brackets paired	slot_or_exact_context_anchor	no_embedded_placeholder	test_or_backdoor	3	0,1,2	same_translation_across_contexts	受取完了	current_main_untranslated	none	low: direct UI translation
peer_static_002	1	magica/js/test/Backdoor.js	656	213	js_string	test_or_backdoor	受取完了	领取完成	受取完了	领取完成	translate	high	manual_semantic_review	peer translation from Japanese UI context; technical identifiers retained	True	tags/percent-escapes/URLs/newline-tab fingerprint equal; brackets paired	slot_or_exact_context_anchor	no_embedded_placeholder	test_or_backdoor	3	0,1,2	same_translation_across_contexts	受取完了	current_main_untranslated	none	low: direct UI translation
peer_static_003	2	magica/js/test/Backdoor.js	716	217	js_string	test_or_backdoor	受取完了	领取完成	受取完了	领取完成	translate	high	manual_semantic_review	peer translation from Japanese UI context; technical identifiers retained	True	tags/percent-escapes/URLs/newline-tab fingerprint equal; brackets paired	slot_or_exact_context_anchor	no_embedded_placeholder	test_or_backdoor	3	0,1,2	same_translation_across_contexts	受取完了	current_main_untranslated	none	low: direct UI translation
peer_static_004	3	magica/js/test/BackdoorList.js	65	35	js_string	test_or_backdoor	バトルミュージアムの回復機能をリセットしますか？<br>eventId：<input id='inputEventId' class='commonFrame3' readonly='readonly' type='text' maxlength='4' value=''>	是否重置战斗博物馆的回复功能？<br>eventId：<input id='inputEventId' class='commonFrame3' readonly='readonly' type='text' maxlength='4' value=''>	バトルミュージアムの回復機能をリセットしますか？<br>eventId：<input id='inputEventId' class='commonFrame3' readonly='readonly' type='text' maxlength='4' value=''>	是否重置战斗博物馆的回复功能？<br>eventId：<input id='inputEventId' class='commonFrame3' readonly='readonly' type='text' maxlength='4' value=''>	translate	medium	project_glossary_alignment	aligned to established baseline/current-candidate terms such as 回复、精神强化素材、支援角色、魔女化身、行动盘、魔女之夜、魔法石	True	tags/percent-escapes/URLs/newline-tab fingerprint equal; brackets paired	slot_or_exact_context_anchor	no_embedded_placeholder	test_or_backdoor	1		unique_old	是否要重置战斗博物馆的回复功能？<br>eventId：<input id='inputEventId' class='commonFrame3' readonly='readonly' type='text' maxlength='4' value=''>	peer_differs_from_current_main	none	medium: internal/debug terminology has no direct authority entry
peer_static_005	4	magica/js/test/BackdoorList.js	76	37	js_string	test_or_backdoor	バトルミュージアムの回復機能をリセットしました	已重置战斗博物馆的回复功能	バトルミュージアムの回復機能をリセットしました	已重置战斗博物馆的回复功能	translate	medium	project_glossary_alignment	aligned to established baseline/current-candidate terms such as 回复、精神强化素材、支援角色、魔女化身、行动盘、魔女之夜、魔法石	True	tags/percent-escapes/URLs/newline-tab fingerprint equal; brackets paired	slot_or_exact_context_anchor	no_embedded_placeholder	test_or_backdoor	1		unique_old	战斗 博物馆的 回复 功能已重置	peer_differs_from_current_main	none	medium: internal/debug terminology has no direct authority entry
peer_static_006	5	magica/js/test/BackdoorList.js	99	44	js_string	test_or_backdoor	検索サーバにユーザーを登録しました。<br>しばらく待つと検索できるようになります。（最長15分）	已在搜索服务器注册用户。<br>稍候即可搜索（最长需15分钟）。	検索サーバにユーザーを登録しました。<br>しばらく待つと検索できるようになります。（最長15分）	已在搜索服务器注册用户。<br>稍候即可搜索（最长需15分钟）。	translate	high	manual_semantic_review	peer translation from Japanese UI context; technical identifiers retained	True	tags/percent-escapes/URLs/newline-tab fingerprint equal; brackets paired	slot_or_exact_context_anchor	no_embedded_placeholder	test_or_backdoor	1		unique_old	用户 已在搜索服务器上注册。<br>过一会儿，你就可以搜索了。 （最多 15 分钟）	peer_differs_from_current_main	none	low: direct UI translation
peer_static_007	6	magica/js/test/BackdoorList.js	118	49	js_string	test_or_backdoor	実行するにはデッキ１が「いろは単デッキ」になっている<br>必要があります。	要执行此操作，队伍１必须<br>设为「仅含环彩羽的单人队伍」。	実行するにはデッキ１が「いろは単デッキ」になっている<br>必要があります。	要执行此操作，队伍１必须<br>设为「仅含环彩羽的单人队伍」。	translate	medium	frozen_project_terminology	frozen terms: ガチャ=扭蛋; ボックスガチャ=箱子扭蛋; デッキ=队伍; フォーメーション=魔法阵型; エピソードLv=剧情等级	True	tags/percent-escapes/URLs/newline-tab fingerprint equal; brackets paired	slot_or_exact_context_anchor	no_embedded_placeholder	test_or_backdoor	1		unique_old	要执行此操作，甲板 1 必须是单个 Iroha 甲板。<br>有需要。	peer_differs_from_current_main	none	medium: internal/debug terminology has no direct authority entry
peer_static_008	7	magica/js/test/BackdoorList.js	146	57	js_string	test_or_backdoor	第二部の11章まで一括クリアします。	将第二部至第11章一键通关。	第二部の11章まで一括クリアします。	将第二部至第11章一键通关。	translate	high	manual_semantic_review	peer translation from Japanese UI context; technical identifiers retained	True	tags/percent-escapes/URLs/newline-tab fingerprint equal; brackets paired	slot_or_exact_context_anchor	no_embedded_placeholder	test_or_backdoor	1		unique_old	通关 直至第 2 部分第 11 章。	peer_differs_from_current_main	none	low: direct UI translation
peer_static_009	8	magica/js/test/BackdoorList.js	200	80	js_string	test_or_backdoor	を登録しました。	已注册。	を登録しました。	已注册。	translate	high	manual_semantic_review	peer translation from Japanese UI context; technical identifiers retained	True	tags/percent-escapes/URLs/newline-tab fingerprint equal; brackets paired	slot_or_exact_context_anchor	no_embedded_placeholder	test_or_backdoor	1		unique_old	已被注册。	peer_differs_from_current_main	none	low: direct UI translation
peer_static_010	9	magica/js/test/BackdoorList.js	220	85	js_string	test_or_backdoor	TU999を登録しました。	已注册TU999。	TU999を登録しました。	已注册TU999。	translate	high	manual_semantic_review	peer translation from Japanese UI context; technical identifiers retained	True	tags/percent-escapes/URLs/newline-tab fingerprint equal; brackets paired	slot_or_exact_context_anchor	no_embedded_placeholder	test_or_backdoor	1		unique_old	TU999已注册。	peer_differs_from_current_main	none	low: direct UI translation
peer_static_011	10	magica/js/test/BackdoorList.js	282	113	js_string	test_or_backdoor	 ★おためしついーと★%0a https://twitter.com/	 ★测试推文★%0a https://twitter.com/	 ★おためしついーと★%0a https://twitter.com/	 ★测试推文★%0a https://twitter.com/	translate	high	manual_semantic_with_url_lock	translate share-text label; retain %0a and URL/path bytes	True	tags/percent-escapes/URLs/newline-tab fingerprint equal; brackets paired	slot_or_exact_context_anchor	no_embedded_placeholder	test_or_backdoor	1		unique_old	 ★试用测试★%0a https://twitter.com/	peer_differs_from_current_main	url_fragment_protected_not_identifier_exclusion	medium: URL/share payload; preserve URL and percent escapes byte-for-byte
peer_static_012	11	magica/js/test/BackdoorList.js	282	115	js_string	test_or_backdoor	/photo/1%0a★おためしついーと★	/photo/1%0a★测试推文★	/photo/1%0a★おためしついーと★	/photo/1%0a★测试推文★	translate	high	manual_semantic_with_url_lock	translate share-text label; retain %0a and URL/path bytes	True	tags/percent-escapes/URLs/newline-tab fingerprint equal; brackets paired	slot_or_exact_context_anchor	no_embedded_placeholder	test_or_backdoor	1		unique_old	/照片/1%0a★试听课★	peer_differs_from_current_main	url_fragment_protected_not_identifier_exclusion	medium: URL/share payload; preserve URL and percent escapes byte-for-byte
peer_static_013	12	magica/js/test/BackdoorList.js	414	165	js_string	test_or_backdoor	ストーリークエストデバッグモードをオンにしました。<br>オフにするにはアプリを再起動してください。	已启用剧情关卡调试模式。<br>要关闭此模式，请重新启动应用。	ストーリークエストデバッグモードをオンにしました。<br>オフにするにはアプリを再起動してください。	已启用剧情关卡调试模式。<br>要关闭此模式，请重新启动应用。	translate	high	manual_semantic_review	peer translation from Japanese UI context; technical identifiers retained	True	tags/percent-escapes/URLs/newline-tab fingerprint equal; brackets paired	slot_or_exact_context_anchor	no_embedded_placeholder	test_or_backdoor	1		unique_old	剧情任务打开调试模式。<br>请重新启动应用程序以将其关闭。	peer_differs_from_current_main	none	low: direct UI translation
peer_static_014	13	magica/js/test/BackdoorList.js	424	169	js_string	test_or_backdoor	チャレンジクエストデバッグモードをオンにしました。<br>オフにするにはアプリを再起動してください。	已启用挑战关卡调试模式。<br>要关闭此模式，请重新启动应用。	チャレンジクエストデバッグモードをオンにしました。<br>オフにするにはアプリを再起動してください。	已启用挑战关卡调试模式。<br>要关闭此模式，请重新启动应用。	translate	high	manual_semantic_review	peer translation from Japanese UI context; technical identifiers retained	True	tags/percent-escapes/URLs/newline-tab fingerprint equal; brackets paired	slot_or_exact_context_anchor	no_embedded_placeholder	test_or_backdoor	1		unique_old	挑战任务打开调试模式。<br>请重新启动应用程序以将其关闭。	peer_differs_from_current_main	none	low: direct UI translation
peer_static_015	14	magica/js/test/BackdoorList.js	486	177	js_string	test_or_backdoor	ダンジョン1	地下城1	ダンジョン1	地下城1	translate	medium	manual_semantic_review	peer translation from Japanese UI context; technical identifiers retained	True	tags/percent-escapes/URLs/newline-tab fingerprint equal; brackets paired	slot_or_exact_context_anchor	no_embedded_placeholder	test_or_backdoor	1		unique_old	地牢 1	peer_differs_from_current_main	none	medium: internal/debug terminology has no direct authority entry
peer_static_016	15	magica/js/test/BackdoorList.js	503	182	js_string	test_or_backdoor	ダンジョンイベントの開催期間外です。	当前不在地下城活动开放期间。	ダンジョンイベントの開催期間外です。	当前不在地下城活动开放期间。	translate	medium	manual_semantic_review	peer translation from Japanese UI context; technical identifiers retained	True	tags/percent-escapes/URLs/newline-tab fingerprint equal; brackets paired	slot_or_exact_context_anchor	no_embedded_placeholder	test_or_backdoor	1		unique_old	地下城 活动 已过时。	peer_differs_from_current_main	none	medium: internal/debug terminology has no direct authority entry
peer_static_017	16	magica/js/test/BackdoorList.js	558	197	js_string	test_or_backdoor	ロック状態のproduct_idリスト<br>	处于锁定状态的product_id列表<br>	ロック状態のproduct_idリスト<br>	处于锁定状态的product_id列表<br>	translate	high	manual_semantic_review	peer translation from Japanese UI context; technical identifiers retained	True	tags/percent-escapes/URLs/newline-tab fingerprint equal; brackets paired	slot_or_exact_context_anchor	no_embedded_placeholder	test_or_backdoor	1		unique_old	锁定的product_id列表<br>	peer_differs_from_current_main	none	low: direct UI translation
peer_static_018	17	magica/js/test/BackdoorQuestList.js	69	16	js_string	test_or_backdoor	神浜の戦神子編	神滨的战神子篇	神浜の戦神子編	神滨的战神子篇	translate	high	wiki_exact_title	data/archive/game.jsonl.gz exact page title: Game:Puella Historia/神滨的战神子篇	True	tags/percent-escapes/URLs/newline-tab fingerprint equal; brackets paired	slot_or_exact_context_anchor	no_embedded_placeholder	test_or_backdoor	1		unique_old	神滨战神版	peer_differs_from_current_main	proper_story_title_not_creator_name	low: exact Wiki event-title spelling
peer_static_019	18	magica/js/test/BackdoorQuestList.js	73	17	js_string	test_or_backdoor	アレクサンドリアの蜃気楼編	亚历山德里亚的蜃楼篇	アレクサンドリアの蜃気楼編	亚历山德里亚的蜃楼篇	translate	high	wiki_exact_title	data/archive/game.jsonl.gz exact page title: Game:Puella Historia/亚历山德里亚的蜃楼篇	True	tags/percent-escapes/URLs/newline-tab fingerprint equal; brackets paired	slot_or_exact_context_anchor	no_embedded_placeholder	test_or_backdoor	1		unique_old	亚历山大海市蜃楼	peer_differs_from_current_main	proper_story_title_not_creator_name	low: exact Wiki event-title spelling
peer_static_020	19	magica/js/test/BackdoorQuestList.js	77	18	js_string	test_or_backdoor	ヴィークのワルキューレ編	维京的女武神篇	ヴィークのワルキューレ編	维京的女武神篇	translate	high	wiki_exact_title	data/archive/game.jsonl.gz exact page title: Game:Puella Historia/维京的女武神篇	True	tags/percent-escapes/URLs/newline-tab fingerprint equal; brackets paired	slot_or_exact_context_anchor	no_embedded_placeholder	test_or_backdoor	1		unique_old	维克的瓦尔基里版	peer_differs_from_current_main	proper_story_title_not_creator_name	low: exact Wiki event-title spelling
peer_static_021	20	magica/js/test/BackdoorQuestList.js	81	19	js_string	test_or_backdoor	チベットのラクシャーシー編	藏地的罗刹女篇	チベットのラクシャーシー編	藏地的罗刹女篇	translate	high	wiki_exact_title	data/archive/game.jsonl.gz exact page title: Game:Puella Historia/藏地的罗刹女篇	True	tags/percent-escapes/URLs/newline-tab fingerprint equal; brackets paired	slot_or_exact_context_anchor	no_embedded_placeholder	test_or_backdoor	1		unique_old	藏罗刹版	peer_differs_from_current_main	proper_story_title_not_creator_name	low: exact Wiki event-title spelling
peer_static_022	21	magica/js/test/BackdoorQuestList.js	85	20	js_string	test_or_backdoor	邪馬台国の跡目編	邪马台国的后嗣篇	邪馬台国の跡目編	邪马台国的后嗣篇	translate	high	wiki_exact_title	data/archive/game.jsonl.gz exact page title: Game:Puella Historia/邪马台国的后嗣篇	True	tags/percent-escapes/URLs/newline-tab fingerprint equal; brackets paired	slot_or_exact_context_anchor	no_embedded_placeholder	test_or_backdoor	1		unique_old	邪马台国的踪迹	peer_differs_from_current_main	proper_story_title_not_creator_name	low: exact Wiki event-title spelling
peer_static_023	22	magica/js/test/BackdoorQuestList.js	90	21	js_string	test_or_backdoor	パクス・ロマーナの恋人編	罗马治世的恋人篇	パクス・ロマーナの恋人編	罗马治世的恋人篇	translate	high	wiki_exact_title	data/archive/game.jsonl.gz exact page title: Game:Puella Historia/罗马治世的恋人篇	True	tags/percent-escapes/URLs/newline-tab fingerprint equal; brackets paired	slot_or_exact_context_anchor	no_embedded_placeholder	test_or_backdoor	1		unique_old	罗马和平之情人版	peer_differs_from_current_main	proper_story_title_not_creator_name	low: exact Wiki event-title spelling
peer_static_024	23	magica/js/test/BackdoorQuestList.js	198	57	js_string	test_or_backdoor	」が <span class='c_red'>	」还差 <span class='c_red'>	」が <span class='c_red'>	」还差 <span class='c_red'>	translate	high	manual_contextual_sentence_reconstruction	combined output becomes 「ITEM」还差 <span class='c_red'>N</span> 个	True	tags/percent-escapes/URLs/newline-tab fingerprint equal; brackets paired	slot_or_exact_context_anchor	no_embedded_placeholder	test_or_backdoor	1		unique_old	” 是 <span class='c_red'>	peer_differs_from_current_main	none	medium: split quantity sentence; must apply both slots together
peer_static_025	24	magica/js/test/BackdoorQuestList.js	198	58	js_string	test_or_backdoor	</span> 不足しています	</span> 个	</span> 不足しています	</span> 个	translate	high	manual_contextual_sentence_reconstruction	combined output becomes 「ITEM」还差 <span class='c_red'>N</span> 个	True	tags/percent-escapes/URLs/newline-tab fingerprint equal; brackets paired	slot_or_exact_context_anchor	no_embedded_placeholder	test_or_backdoor	1		unique_old	缺少	peer_differs_from_current_main	none	medium: split quantity sentence; must apply both slots together
peer_static_026	25	magica/js/test/MailSendTest.js	62	17	js_string	test_or_backdoor	エラーメッセージ<br><br>【 	错误信息<br><br>【 	エラーメッセージ<br><br>【 	错误信息<br><br>【 	translate	high	manual_semantic_review	peer translation from Japanese UI context; technical identifiers retained	True	tags/percent-escapes/URLs/newline-tab fingerprint equal; brackets paired	slot_or_exact_context_anchor	no_embedded_placeholder	test_or_backdoor	1		unique_old	错误留言<br><br>【 	peer_differs_from_current_main	none	low: direct UI translation
peer_static_027	26	magica/js/test/NativeSandBox.js	124	29	js_string	test_or_backdoor	入力欄にuserQuestBattleResultIdを入力してください。	请在输入框中输入userQuestBattleResultId。	入力欄にuserQuestBattleResultIdを入力してください。	请在输入框中输入userQuestBattleResultId。	translate	high	manual_semantic_review	peer translation from Japanese UI context; technical identifiers retained	True	tags/percent-escapes/URLs/newline-tab fingerprint equal; brackets paired	slot_or_exact_context_anchor	no_embedded_placeholder	test_or_backdoor	1		unique_old	请在输入字段中输入 userQuestBattleResultId。	peer_differs_from_current_main	none	low: direct UI translation
peer_static_028	27	magica/js/test/SoundTest.js	6	7	js_string	test_or_backdoor	セクション①クリア時	章节①通关时	セクション①クリア時	章节①通关时	translate	high	manual_semantic_review	peer translation from Japanese UI context; technical identifiers retained	True	tags/percent-escapes/URLs/newline-tab fingerprint equal; brackets paired	slot_or_exact_context_anchor	no_embedded_placeholder	test_or_backdoor	1		unique_old	第①节通关	peer_differs_from_current_main	none	low: direct UI translation
peer_static_029	28	magica/js/test/SoundTest.js	7	9	js_string	test_or_backdoor	セクション②クリア時	章节②通关时	セクション②クリア時	章节②通关时	translate	high	manual_semantic_review	peer translation from Japanese UI context; technical identifiers retained	True	tags/percent-escapes/URLs/newline-tab fingerprint equal; brackets paired	slot_or_exact_context_anchor	no_embedded_placeholder	test_or_backdoor	1		unique_old	第二节通关	peer_differs_from_current_main	none	low: direct UI translation
peer_static_030	29	magica/js/test/SoundTest.js	8	11	js_string	test_or_backdoor	セクション③クリア時	章节③通关时	セクション③クリア時	章节③通关时	translate	high	manual_semantic_review	peer translation from Japanese UI context; technical identifiers retained	True	tags/percent-escapes/URLs/newline-tab fingerprint equal; brackets paired	slot_or_exact_context_anchor	no_embedded_placeholder	test_or_backdoor	1		unique_old	第三节通关	peer_differs_from_current_main	none	low: direct UI translation
peer_static_031	30	magica/js/test/SoundTest.js	17	29	js_string	test_or_backdoor	強化MAX	强化MAX	強化MAX	强化MAX	translate	medium	manual_semantic_review	peer translation from Japanese UI context; technical identifiers retained	True	tags/percent-escapes/URLs/newline-tab fingerprint equal; brackets paired	slot_or_exact_context_anchor	no_embedded_placeholder	test_or_backdoor	1		unique_old	強化MAX	current_main_untranslated	none	medium: internal/debug terminology has no direct authority entry
peer_static_032	31	magica/js/test/SoundTest.js	23	41	js_string	test_or_backdoor	覚醒（レアリティアップ）②	觉醒（稀有度提升）②	覚醒（レアリティアップ）②	觉醒（稀有度提升）②	translate	high	manual_semantic_review	peer translation from Japanese UI context; technical identifiers retained	True	tags/percent-escapes/URLs/newline-tab fingerprint equal; brackets paired	slot_or_exact_context_anchor	no_embedded_placeholder	test_or_backdoor	1		unique_old	觉醒（稀有度上升）②	peer_differs_from_current_main	none	low: direct UI translation
peer_static_033	32	magica/js/test/SoundTest.js	24	43	js_string	test_or_backdoor	覚醒（レアリティアップ）③	觉醒（稀有度提升）③	覚醒（レアリティアップ）③	觉醒（稀有度提升）③	translate	high	manual_semantic_review	peer translation from Japanese UI context; technical identifiers retained	True	tags/percent-escapes/URLs/newline-tab fingerprint equal; brackets paired	slot_or_exact_context_anchor	no_embedded_placeholder	test_or_backdoor	1		unique_old	觉醒（稀有度上升）③	peer_differs_from_current_main	none	low: direct UI translation
peer_static_034	33	magica/js/test/SoundTest.js	25	45	js_string	test_or_backdoor	覚醒（レアリティアップ）④	觉醒（稀有度提升）④	覚醒（レアリティアップ）④	觉醒（稀有度提升）④	translate	high	manual_semantic_review	peer translation from Japanese UI context; technical identifiers retained	True	tags/percent-escapes/URLs/newline-tab fingerprint equal; brackets paired	slot_or_exact_context_anchor	no_embedded_placeholder	test_or_backdoor	1		unique_old	觉醒（稀有度上升）④	peer_differs_from_current_main	none	low: direct UI translation
peer_static_035	34	magica/js/test/SoundTest.js	26	47	js_string	test_or_backdoor	覚醒（レアリティアップ）⑤	觉醒（稀有度提升）⑤	覚醒（レアリティアップ）⑤	觉醒（稀有度提升）⑤	translate	high	manual_semantic_review	peer translation from Japanese UI context; technical identifiers retained	True	tags/percent-escapes/URLs/newline-tab fingerprint equal; brackets paired	slot_or_exact_context_anchor	no_embedded_placeholder	test_or_backdoor	1		unique_old	觉醒（稀有度上升）⑤	peer_differs_from_current_main	none	low: direct UI translation
peer_static_036	35	magica/js/test/SoundTest.js	27	49	js_string	test_or_backdoor	1日の初回ログイン時	每日首次登录时	1日の初回ログイン時	每日首次登录时	translate	high	manual_semantic_review	peer translation from Japanese UI context; technical identifiers retained	True	tags/percent-escapes/URLs/newline-tab fingerprint equal; brackets paired	slot_or_exact_context_anchor	no_embedded_placeholder	test_or_backdoor	1		unique_old	当天第一时间 登录	peer_differs_from_current_main	none	low: direct UI translation
peer_static_037	36	magica/js/test/SoundTest.js	36	67	js_string	test_or_backdoor	タップ時セリフ（デフォルト①）	点击时台词（默认①）	タップ時セリフ（デフォルト①）	点击时台词（默认①）	translate	high	manual_semantic_review	peer translation from Japanese UI context; technical identifiers retained	True	tags/percent-escapes/URLs/newline-tab fingerprint equal; brackets paired	slot_or_exact_context_anchor	no_embedded_placeholder	test_or_backdoor	1		unique_old	点击时的线条（默认①）	peer_differs_from_current_main	none	low: direct UI translation
peer_static_038	37	magica/js/test/SoundTest.js	37	69	js_string	test_or_backdoor	タップ時セリフ（デフォルト②）	点击时台词（默认②）	タップ時セリフ（デフォルト②）	点击时台词（默认②）	translate	high	manual_semantic_review	peer translation from Japanese UI context; technical identifiers retained	True	tags/percent-escapes/URLs/newline-tab fingerprint equal; brackets paired	slot_or_exact_context_anchor	no_embedded_placeholder	test_or_backdoor	1		unique_old	点击时的对话（默认②）	peer_differs_from_current_main	none	low: direct UI translation
peer_static_039	38	magica/js/test/SoundTest.js	38	71	js_string	test_or_backdoor	タップ時セリフ（デフォルト③）	点击时台词（默认③）	タップ時セリフ（デフォルト③）	点击时台词（默认③）	translate	high	manual_semantic_review	peer translation from Japanese UI context; technical identifiers retained	True	tags/percent-escapes/URLs/newline-tab fingerprint equal; brackets paired	slot_or_exact_context_anchor	no_embedded_placeholder	test_or_backdoor	1		unique_old	点击时的线条（默认 ③）	peer_differs_from_current_main	none	low: direct UI translation
peer_static_040	39	magica/js/test/SoundTest.js	39	73	js_string	test_or_backdoor	タップ時セリフ（デフォルト④）	点击时台词（默认④）	タップ時セリフ（デフォルト④）	点击时台词（默认④）	translate	high	manual_semantic_review	peer translation from Japanese UI context; technical identifiers retained	True	tags/percent-escapes/URLs/newline-tab fingerprint equal; brackets paired	slot_or_exact_context_anchor	no_embedded_placeholder	test_or_backdoor	1		unique_old	点击时的对话（默认 ④）	peer_differs_from_current_main	none	low: direct UI translation
peer_static_041	40	magica/js/test/SoundTest.js	40	75	js_string	test_or_backdoor	タップ時セリフ（エピソードLv２）	点击时台词（剧情等级２）	タップ時セリフ（エピソードLv２）	点击时台词（剧情等级２）	translate	high	frozen_project_terminology	frozen terms: ガチャ=扭蛋; ボックスガチャ=箱子扭蛋; デッキ=队伍; フォーメーション=魔法阵型; エピソードLv=剧情等级	True	tags/percent-escapes/URLs/newline-tab fingerprint equal; brackets paired	slot_or_exact_context_anchor	no_embedded_placeholder	test_or_backdoor	1		unique_old	点击时的线条 (章节Lv2)	peer_differs_from_current_main	none	low: direct UI translation
peer_static_042	41	magica/js/test/SoundTest.js	41	77	js_string	test_or_backdoor	タップ時セリフ（エピソードLv３）	点击时台词（剧情等级３）	タップ時セリフ（エピソードLv３）	点击时台词（剧情等级３）	translate	high	frozen_project_terminology	frozen terms: ガチャ=扭蛋; ボックスガチャ=箱子扭蛋; デッキ=队伍; フォーメーション=魔法阵型; エピソードLv=剧情等级	True	tags/percent-escapes/URLs/newline-tab fingerprint equal; brackets paired	slot_or_exact_context_anchor	no_embedded_placeholder	test_or_backdoor	1		unique_old	点击时的线条 (章节Lv3)	peer_differs_from_current_main	none	low: direct UI translation
peer_static_043	42	magica/js/test/SoundTest.js	42	79	js_string	test_or_backdoor	タップ時セリフ（エピソードLv４）	点击时台词（剧情等级４）	タップ時セリフ（エピソードLv４）	点击时台词（剧情等级４）	translate	high	frozen_project_terminology	frozen terms: ガチャ=扭蛋; ボックスガチャ=箱子扭蛋; デッキ=队伍; フォーメーション=魔法阵型; エピソードLv=剧情等级	True	tags/percent-escapes/URLs/newline-tab fingerprint equal; brackets paired	slot_or_exact_context_anchor	no_embedded_placeholder	test_or_backdoor	1		unique_old	点击时的线条 (章节Lv4)	peer_differs_from_current_main	none	low: direct UI translation
peer_static_044	43	magica/js/test/SoundTest.js	43	81	js_string	test_or_backdoor	タップ時セリフ（エピソードLv５）	点击时台词（剧情等级５）	タップ時セリフ（エピソードLv５）	点击时台词（剧情等级５）	translate	high	frozen_project_terminology	frozen terms: ガチャ=扭蛋; ボックスガチャ=箱子扭蛋; デッキ=队伍; フォーメーション=魔法阵型; エピソードLv=剧情等级	True	tags/percent-escapes/URLs/newline-tab fingerprint equal; brackets paired	slot_or_exact_context_anchor	no_embedded_placeholder	test_or_backdoor	1		unique_old	点击时的线条 (章节Lv5)	peer_differs_from_current_main	none	low: direct UI translation
peer_static_045	44	magica/js/test/SoundTest.js	44	83	js_string	test_or_backdoor	タップ時セリフ（複数回タップ）	点击时台词（多次点击）	タップ時セリフ（複数回タップ）	点击时台词（多次点击）	translate	high	manual_semantic_review	peer translation from Japanese UI context; technical identifiers retained	True	tags/percent-escapes/URLs/newline-tab fingerprint equal; brackets paired	slot_or_exact_context_anchor	no_embedded_placeholder	test_or_backdoor	1		unique_old	点击时的线条（多次点击）	peer_differs_from_current_main	none	low: direct UI translation
peer_static_046	45	magica/js/test/SoundTest.js	50	95	js_string	test_or_backdoor	ディスクセット①	行动盘选择①	ディスクセット①	行动盘选择①	translate	medium	manual_semantic_review	peer translation from Japanese UI context; technical identifiers retained	True	tags/percent-escapes/URLs/newline-tab fingerprint equal; brackets paired	slot_or_exact_context_anchor	no_embedded_placeholder	test_or_backdoor	1		unique_old	光盘组①	peer_differs_from_current_main	none	medium: internal/debug terminology has no direct authority entry
peer_static_047	46	magica/js/test/SoundTest.js	51	97	js_string	test_or_backdoor	ディスクセット②	行动盘选择②	ディスクセット②	行动盘选择②	translate	medium	manual_semantic_review	peer translation from Japanese UI context; technical identifiers retained	True	tags/percent-escapes/URLs/newline-tab fingerprint equal; brackets paired	slot_or_exact_context_anchor	no_embedded_placeholder	test_or_backdoor	1		unique_old	光盘组②	peer_differs_from_current_main	none	medium: internal/debug terminology has no direct authority entry
peer_static_048	47	magica/js/test/SoundTest.js	52	99	js_string	test_or_backdoor	ディスクセット③	行动盘选择③	ディスクセット③	行动盘选择③	translate	medium	manual_semantic_review	peer translation from Japanese UI context; technical identifiers retained	True	tags/percent-escapes/URLs/newline-tab fingerprint equal; brackets paired	slot_or_exact_context_anchor	no_embedded_placeholder	test_or_backdoor	1		unique_old	光盘组③	peer_differs_from_current_main	none	medium: internal/debug terminology has no direct authority entry
peer_static_049	48	magica/js/test/SoundTest.js	53	101	js_string	test_or_backdoor	ディスクセット④	行动盘选择④	ディスクセット④	行动盘选择④	translate	medium	manual_semantic_review	peer translation from Japanese UI context; technical identifiers retained	True	tags/percent-escapes/URLs/newline-tab fingerprint equal; brackets paired	slot_or_exact_context_anchor	no_embedded_placeholder	test_or_backdoor	1		unique_old	光盘组 ④	peer_differs_from_current_main	none	medium: internal/debug terminology has no direct authority entry
peer_static_050	49	magica/js/test/SoundTest.js	54	103	js_string	test_or_backdoor	ディスクセット（コネクトした）	行动盘选择（发起连携）	ディスクセット（コネクトした）	行动盘选择（发起连携）	translate	medium	manual_semantic_review	peer translation from Japanese UI context; technical identifiers retained	True	tags/percent-escapes/URLs/newline-tab fingerprint equal; brackets paired	slot_or_exact_context_anchor	no_embedded_placeholder	test_or_backdoor	1		unique_old	磁盘组（连携）	peer_differs_from_current_main	none	medium: internal/debug terminology has no direct authority entry
peer_static_051	50	magica/js/test/SoundTest.js	55	105	js_string	test_or_backdoor	ディスクセット（コネクトされた）	行动盘选择（接受连携）	ディスクセット（コネクトされた）	行动盘选择（接受连携）	translate	medium	manual_semantic_review	peer translation from Japanese UI context; technical identifiers retained	True	tags/percent-escapes/URLs/newline-tab fingerprint equal; brackets paired	slot_or_exact_context_anchor	no_embedded_placeholder	test_or_backdoor	1		unique_old	磁盘组（连携）	peer_differs_from_current_main	none	medium: internal/debug terminology has no direct authority entry
peer_static_052	51	magica/js/test/SoundTest.js	56	107	js_string	test_or_backdoor	1回目攻撃時①（長い台詞）	第1次攻击时①（长台词）	1回目攻撃時①（長い台詞）	第1次攻击时①（长台词）	translate	high	manual_semantic_review	peer translation from Japanese UI context; technical identifiers retained	True	tags/percent-escapes/URLs/newline-tab fingerprint equal; brackets paired	slot_or_exact_context_anchor	no_embedded_placeholder	test_or_backdoor	1		unique_old	第一次攻击①（长线）	peer_differs_from_current_main	none	low: direct UI translation
peer_static_053	52	magica/js/test/SoundTest.js	57	109	js_string	test_or_backdoor	1回目攻撃時②（長い台詞）	第1次攻击时②（长台词）	1回目攻撃時②（長い台詞）	第1次攻击时②（长台词）	translate	high	manual_semantic_review	peer translation from Japanese UI context; technical identifiers retained	True	tags/percent-escapes/URLs/newline-tab fingerprint equal; brackets paired	slot_or_exact_context_anchor	no_embedded_placeholder	test_or_backdoor	1		unique_old	第一次攻击②（长线）	peer_differs_from_current_main	none	low: direct UI translation
peer_static_054	53	magica/js/test/SoundTest.js	58	111	js_string	test_or_backdoor	1回目攻撃時③（長い台詞）	第1次攻击时③（长台词）	1回目攻撃時③（長い台詞）	第1次攻击时③（长台词）	translate	high	manual_semantic_review	peer translation from Japanese UI context; technical identifiers retained	True	tags/percent-escapes/URLs/newline-tab fingerprint equal; brackets paired	slot_or_exact_context_anchor	no_embedded_placeholder	test_or_backdoor	1		unique_old	第一次攻击③（长线）	peer_differs_from_current_main	none	low: direct UI translation
peer_static_055	54	magica/js/test/SoundTest.js	62	119	js_string	test_or_backdoor	2回目攻撃時①（同一キャラ）	第2次攻击时①（同一角色）	2回目攻撃時①（同一キャラ）	第2次攻击时①（同一角色）	translate	high	manual_semantic_review	peer translation from Japanese UI context; technical identifiers retained	True	tags/percent-escapes/URLs/newline-tab fingerprint equal; brackets paired	slot_or_exact_context_anchor	no_embedded_placeholder	test_or_backdoor	1		unique_old	第二次攻击①（同角色）	peer_differs_from_current_main	none	low: direct UI translation
peer_static_056	55	magica/js/test/SoundTest.js	63	121	js_string	test_or_backdoor	2回目攻撃時②（同一キャラ）	第2次攻击时②（同一角色）	2回目攻撃時②（同一キャラ）	第2次攻击时②（同一角色）	translate	high	manual_semantic_review	peer translation from Japanese UI context; technical identifiers retained	True	tags/percent-escapes/URLs/newline-tab fingerprint equal; brackets paired	slot_or_exact_context_anchor	no_embedded_placeholder	test_or_backdoor	1		unique_old	第二次攻击②（同角色）	peer_differs_from_current_main	none	low: direct UI translation
peer_static_057	56	magica/js/test/SoundTest.js	64	123	js_string	test_or_backdoor	3回目攻撃時①（同一キャラ）	第3次攻击时①（同一角色）	3回目攻撃時①（同一キャラ）	第3次攻击时①（同一角色）	translate	high	manual_semantic_review	peer translation from Japanese UI context; technical identifiers retained	True	tags/percent-escapes/URLs/newline-tab fingerprint equal; brackets paired	slot_or_exact_context_anchor	no_embedded_placeholder	test_or_backdoor	1		unique_old	第三次攻击①（同角色）	peer_differs_from_current_main	none	low: direct UI translation
peer_static_058	57	magica/js/test/SoundTest.js	65	125	js_string	test_or_backdoor	3回目攻撃時②（同一キャラ）	第3次攻击时②（同一角色）	3回目攻撃時②（同一キャラ）	第3次攻击时②（同一角色）	translate	high	manual_semantic_review	peer translation from Japanese UI context; technical identifiers retained	True	tags/percent-escapes/URLs/newline-tab fingerprint equal; brackets paired	slot_or_exact_context_anchor	no_embedded_placeholder	test_or_backdoor	1		unique_old	第三次攻击②（同角色）	peer_differs_from_current_main	none	low: direct UI translation
peer_static_059	58	magica/js/test/SoundTest.js	66	127	js_string	test_or_backdoor	マギア時①（★１、２、３）	发动Magia时①（★１、２、３）	マギア時①（★１、２、３）	发动Magia时①（★１、２、３）	translate	medium	manual_semantic_review	peer translation from Japanese UI context; technical identifiers retained	True	tags/percent-escapes/URLs/newline-tab fingerprint equal; brackets paired	slot_or_exact_context_anchor	no_embedded_placeholder	test_or_backdoor	1		unique_old	Magia 时间① (★1,2,3)	peer_differs_from_current_main	none	medium: internal/debug terminology has no direct authority entry
peer_static_060	59	magica/js/test/SoundTest.js	67	129	js_string	test_or_backdoor	マギア時②（マギア★４）	发动Magia时②（Magia★４）	マギア時②（マギア★４）	发动Magia时②（Magia★４）	translate	medium	manual_semantic_review	peer translation from Japanese UI context; technical identifiers retained	True	tags/percent-escapes/URLs/newline-tab fingerprint equal; brackets paired	slot_or_exact_context_anchor	no_embedded_placeholder	test_or_backdoor	1		unique_old	Magia时间②（Magia★4）	peer_differs_from_current_main	none	medium: internal/debug terminology has no direct authority entry
peer_static_061	60	magica/js/test/SoundTest.js	68	131	js_string	test_or_backdoor	マギア時③（マギア★５）	发动Magia时③（Magia★５）	マギア時③（マギア★５）	发动Magia时③（Magia★５）	translate	medium	manual_semantic_review	peer translation from Japanese UI context; technical identifiers retained	True	tags/percent-escapes/URLs/newline-tab fingerprint equal; brackets paired	slot_or_exact_context_anchor	no_embedded_placeholder	test_or_backdoor	1		unique_old	Magia时间③（Magia★5）	peer_differs_from_current_main	none	medium: internal/debug terminology has no direct authority entry
peer_static_062	61	magica/js/test/SoundTest.js	69	133	js_string	test_or_backdoor	マギア時④（マギア★６）	发动Magia时④（Magia★６）	マギア時④（マギア★６）	发动Magia时④（Magia★６）	translate	medium	manual_semantic_review	peer translation from Japanese UI context; technical identifiers retained	True	tags/percent-escapes/URLs/newline-tab fingerprint equal; brackets paired	slot_or_exact_context_anchor	no_embedded_placeholder	test_or_backdoor	1		unique_old	Magia时间④（Magia★6）	peer_differs_from_current_main	none	medium: internal/debug terminology has no direct authority entry
peer_static_063	62	magica/js/test/SoundTest.js	71	137	js_string	test_or_backdoor	攻撃時（コネクトした）	攻击时（发起连携）	攻撃時（コネクトした）	攻击时（发起连携）	translate	medium	manual_semantic_review	peer translation from Japanese UI context; technical identifiers retained	True	tags/percent-escapes/URLs/newline-tab fingerprint equal; brackets paired	slot_or_exact_context_anchor	no_embedded_placeholder	test_or_backdoor	1		unique_old	攻击时（连携）	peer_differs_from_current_main	none	medium: internal/debug terminology has no direct authority entry
peer_static_064	63	magica/js/test/SoundTest.js	72	139	js_string	test_or_backdoor	攻撃時（コネクトされた）	攻击时（接受连携）	攻撃時（コネクトされた）	攻击时（接受连携）	translate	medium	manual_semantic_review	peer translation from Japanese UI context; technical identifiers retained	True	tags/percent-escapes/URLs/newline-tab fingerprint equal; brackets paired	slot_or_exact_context_anchor	no_embedded_placeholder	test_or_backdoor	1		unique_old	受到攻击时（连携）	peer_differs_from_current_main	none	medium: internal/debug terminology has no direct authority entry
peer_static_065	64	magica/js/test/SoundTest.js	73	141	js_string	test_or_backdoor	スキル(対象：自分)	技能（目标：自身）	スキル(対象：自分)	技能（目标：自身）	translate	high	manual_semantic_review	peer translation from Japanese UI context; technical identifiers retained	True	tags/percent-escapes/URLs/newline-tab fingerprint equal; brackets paired	slot_or_exact_context_anchor	no_embedded_placeholder	test_or_backdoor	1		unique_old	技能（目标：自身）	matches_current_main	none	low: direct UI translation
peer_static_066	65	magica/js/test/SoundTest.js	74	143	js_string	test_or_backdoor	スキル(対象：味方)	技能（目标：我方）	スキル(対象：味方)	技能（目标：我方）	translate	high	manual_semantic_review	peer translation from Japanese UI context; technical identifiers retained	True	tags/percent-escapes/URLs/newline-tab fingerprint equal; brackets paired	slot_or_exact_context_anchor	no_embedded_placeholder	test_or_backdoor	1		unique_old	技能（目标：我方）	matches_current_main	none	low: direct UI translation
peer_static_067	66	magica/js/test/SoundTest.js	75	145	js_string	test_or_backdoor	スキル(対象：敵)	技能（目标：敌方）	スキル(対象：敵)	技能（目标：敌方）	translate	high	manual_semantic_review	peer translation from Japanese UI context; technical identifiers retained	True	tags/percent-escapes/URLs/newline-tab fingerprint equal; brackets paired	slot_or_exact_context_anchor	no_embedded_placeholder	test_or_backdoor	1		unique_old	技能（目标：敌方）	matches_current_main	none	low: direct UI translation
peer_static_068	67	magica/js/test/SoundTest.js	76	147	js_string	test_or_backdoor	ダメージ(通常)	受伤时（通常）	ダメージ(通常)	受伤时（通常）	translate	medium	manual_semantic_review	peer translation from Japanese UI context; technical identifiers retained	True	tags/percent-escapes/URLs/newline-tab fingerprint equal; brackets paired	slot_or_exact_context_anchor	no_embedded_placeholder	test_or_backdoor	1		unique_old	伤害（正常）	peer_differs_from_current_main	none	medium: internal/debug terminology has no direct authority entry
peer_static_069	68	magica/js/test/SoundTest.js	77	149	js_string	test_or_backdoor	ダメージ（瀕死)	受伤时（濒死）	ダメージ（瀕死)	受伤时（濒死）	translate	medium	manual_semantic_review	peer translation from Japanese UI context; technical identifiers retained	True	tags/percent-escapes/URLs/newline-tab fingerprint equal; brackets paired	slot_or_exact_context_anchor	no_embedded_placeholder	test_or_backdoor	1		unique_old	伤害（垂死）	peer_differs_from_current_main	none	medium: internal/debug terminology has no direct authority entry
peer_static_070	69	magica/js/view/memoria/PieceArchiveView.js	23	260	js_string	production	所持枠	持有格	"void 0==this.name&&(this.name=""所持枠"")"	"void 0==this.name&&(this.name=""持有格"")"	translate	high	baseline_same_feature_exact_term	baseline magica/template/memoria/{PieceArchive,MemoriaTop}.html uses 持有格	True	tags/percent-escapes/URLs/newline-tab fingerprint equal; brackets paired	slot_or_exact_context_anchor	exact_context_anchor	production_completion_target_1_of_4	1		unique_old	所持枠	current_main_untranslated	none	low: production completion target; apply by exact contextual anchor
peer_static_089	88	magica/js/view/memoria/PieceArchiveView.js	34	341	js_string	production	保管庫	保管库	"a.doc.getElementById(""commentInput"").value=""保管庫""+c.setNum"	"a.doc.getElementById(""commentInput"").value=""保管库""+c.setNum"	translate	high	same_feature_exact_term	generated default archive name; 保管库 matches surrounding simplified-Chinese UI	True	tags/percent-escapes/URLs/newline-tab fingerprint equal; brackets paired	slot_or_exact_context_anchor	exact_context_anchor	production_completion_target_1_of_4	2	88,89	same_translation_across_contexts	保管庫	current_main_untranslated	generated_ui_value_and_length_not_debug_log	low: production completion target; apply by exact contextual anchor
peer_static_090	89	magica/js/view/memoria/PieceArchiveView.js	35	343	js_string	production	保管庫	保管库	"String(""保管庫""+c.setNum).length"	"String(""保管库""+c.setNum).length"	translate	high	same_feature_exact_term	generated default archive name; 保管库 matches surrounding simplified-Chinese UI	True	tags/percent-escapes/URLs/newline-tab fingerprint equal; brackets paired	slot_or_exact_context_anchor	exact_context_anchor	production_completion_target_1_of_4	2	88,89	same_translation_across_contexts	保管庫	current_main_untranslated	generated_ui_value_and_length_not_debug_log	low: production completion target; apply by exact contextual anchor
peer_static_091	90	magica/template/purchase/PurchaseTemps.html	3	4	html_text	production	"
	未成年の方は保護者の同意を得て下さい。"	"
	未成年人请先征得监护人同意。"	未成年の方は保護者の同意を得て下さい。<br><br>	未成年人请先征得监护人同意。<br><br>	translate	high	baseline_cross_page_legal_term	baseline magica/template/etc/LawPopup.html uses 未成年人 / 监护人	True	tags/percent-escapes/URLs/newline-tab fingerprint equal; brackets paired	slot_or_exact_context_anchor	exact_context_anchor	production_completion_target_1_of_4	1		unique_old	"
	未成年の方は保護者の同意を得て下さい。"	current_main_untranslated	none	low: production completion target; apply by exact contextual anchor
peer_static_092	91	magica/template/test/Backdoor.html	5	1	html_text	test_or_backdoor	ガチャ	扭蛋	ガチャ	扭蛋	translate	high	frozen_project_terminology	frozen terms: ガチャ=扭蛋; ボックスガチャ=箱子扭蛋; デッキ=队伍; フォーメーション=魔法阵型; エピソードLv=剧情等级	True	tags/percent-escapes/URLs/newline-tab fingerprint equal; brackets paired	slot_or_exact_context_anchor	no_embedded_placeholder	test_or_backdoor	1		unique_old	抽卡	peer_differs_from_current_main	none	low: direct UI translation
peer_static_094	93	magica/template/test/Backdoor.html	10	6	html_text	test_or_backdoor	便利なセット	便捷套装	便利なセット	便捷套装	translate	medium	manual_semantic_review	peer translation from Japanese UI context; technical identifiers retained	True	tags/percent-escapes/URLs/newline-tab fingerprint equal; brackets paired	slot_or_exact_context_anchor	no_embedded_placeholder	test_or_backdoor	1		unique_old	方便的设置	peer_differs_from_current_main	none	medium: internal/debug terminology has no direct authority entry
peer_static_095	94	magica/template/test/Backdoor.html	11	7	html_text	test_or_backdoor	報酬コード入力	输入奖励代码	報酬コード入力	输入奖励代码	translate	medium	manual_semantic_review	peer translation from Japanese UI context; technical identifiers retained	True	tags/percent-escapes/URLs/newline-tab fingerprint equal; brackets paired	slot_or_exact_context_anchor	no_embedded_placeholder	test_or_backdoor	1		unique_old	输入奖励代码	matches_current_main	none	medium: internal/debug terminology has no direct authority entry
peer_static_096	95	magica/template/test/Backdoor.html	21	10	html_attr:placeholder	test_or_backdoor	メモリアID	记忆结晶ID	メモリアID	记忆结晶ID	translate	high	manual_semantic_review	peer translation from Japanese UI context; technical identifiers retained	True	tags/percent-escapes/URLs/newline-tab fingerprint equal; brackets paired	slot_or_exact_context_anchor	no_embedded_placeholder	test_or_backdoor	1		unique_old	记忆结晶ID	matches_current_main	none	low: direct UI translation
peer_static_097	96	magica/template/test/Backdoor.html	41	16	html_text	test_or_backdoor	精神強化素材 × 999	精神强化素材 × 999	精神強化素材 × 999	精神强化素材 × 999	translate	medium	project_glossary_alignment	aligned to established baseline/current-candidate terms such as 回复、精神强化素材、支援角色、魔女化身、行动盘、魔女之夜、魔法石	True	tags/percent-escapes/URLs/newline-tab fingerprint equal; brackets paired	slot_or_exact_context_anchor	no_embedded_placeholder	test_or_backdoor	1		unique_old	精神強化素材 × 999	current_main_untranslated	none	medium: internal/debug terminology has no direct authority entry
peer_static_098	97	magica/template/test/Backdoor.html	64	23	html_text	test_or_backdoor	全てが手に入る	获得全部内容	全てが手に入る	获得全部内容	translate	high	manual_semantic_review	peer translation from Japanese UI context; technical identifiers retained	True	tags/percent-escapes/URLs/newline-tab fingerprint equal; brackets paired	slot_or_exact_context_anchor	no_embedded_placeholder	test_or_backdoor	1		unique_old	一切都可用	peer_differs_from_current_main	none	low: direct UI translation
peer_static_099	98	magica/template/test/Backdoor.html	68	25	html_text	test_or_backdoor	メモリア以外が手に入る	获得记忆结晶以外的全部内容	メモリア以外が手に入る	获得记忆结晶以外的全部内容	translate	high	manual_semantic_review	peer translation from Japanese UI context; technical identifiers retained	True	tags/percent-escapes/URLs/newline-tab fingerprint equal; brackets paired	slot_or_exact_context_anchor	no_embedded_placeholder	test_or_backdoor	1		unique_old	您可以获得除 记忆结晶 以外的任何内容	peer_differs_from_current_main	none	low: direct UI translation
peer_static_100	99	magica/template/test/Backdoor.html	72	27	html_text	test_or_backdoor	強化アイテム一式	全套强化道具	強化アイテム一式	全套强化道具	translate	high	manual_semantic_review	peer translation from Japanese UI context; technical identifiers retained	True	tags/percent-escapes/URLs/newline-tab fingerprint equal; brackets paired	slot_or_exact_context_anchor	no_embedded_placeholder	test_or_backdoor	1		unique_old	强化道具 全套	peer_differs_from_current_main	none	low: direct UI translation
peer_static_101	100	magica/template/test/Backdoor.html	76	29	html_text	test_or_backdoor	全ステッカーが手に入る	获得全部贴纸	全ステッカーが手に入る	获得全部贴纸	translate	high	manual_semantic_review	peer translation from Japanese UI context; technical identifiers retained	True	tags/percent-escapes/URLs/newline-tab fingerprint equal; brackets paired	slot_or_exact_context_anchor	no_embedded_placeholder	test_or_backdoor	1		unique_old	获取所有贴纸	peer_differs_from_current_main	none	low: direct UI translation
peer_static_102	101	magica/template/test/Backdoor.html	79	31	html_text	test_or_backdoor	活动のセット	活动套装	活动<%= model.eventId %>のセット	活动<%= model.eventId %>套装	translate	medium	manual_semantic_review	peer translation from Japanese UI context; technical identifiers retained	True	tags/percent-escapes/URLs/newline-tab fingerprint equal; brackets paired	slot_or_exact_context_anchor	underscore_template_preserved	test_or_backdoor	1		unique_old	活动的设置	peer_differs_from_current_main	none	medium: internal/debug terminology has no direct authority entry
peer_static_103	102	magica/template/test/Backdoor.html	79	32	html_text	test_or_backdoor	※背景、ステッカーは含まれない	※不含背景和贴纸	※背景、ステッカーは含まれない	※不含背景和贴纸	translate	high	manual_semantic_review	peer translation from Japanese UI context; technical identifiers retained	True	tags/percent-escapes/URLs/newline-tab fingerprint equal; brackets paired	slot_or_exact_context_anchor	no_embedded_placeholder	test_or_backdoor	1		unique_old	*不包括背景和贴纸	peer_differs_from_current_main	none	low: direct UI translation
peer_static_104	103	magica/template/test/Backdoor.html	91	39	html_text	test_or_backdoor	フォーメーション	魔法阵型	フォーメーション	魔法阵型	translate	high	frozen_project_terminology	frozen terms: ガチャ=扭蛋; ボックスガチャ=箱子扭蛋; デッキ=队伍; フォーメーション=魔法阵型; エピソードLv=剧情等级	True	tags/percent-escapes/URLs/newline-tab fingerprint equal; brackets paired	slot_or_exact_context_anchor	no_embedded_placeholder	test_or_backdoor	1		unique_old	形成	peer_differs_from_current_main	none	low: direct UI translation
peer_static_105	104	magica/template/test/Backdoor.html	110	50	html_text	test_or_backdoor	受取り	领取	受取り	领取	translate	high	manual_semantic_review	peer translation from Japanese UI context; technical identifiers retained	True	tags/percent-escapes/URLs/newline-tab fingerprint equal; brackets paired	slot_or_exact_context_anchor	no_embedded_placeholder	test_or_backdoor	4	104,105,106,107	same_translation_across_contexts	受取り	current_main_untranslated	none	low: direct UI translation
peer_static_106	105	magica/template/test/Backdoor.html	114	51	html_text	test_or_backdoor	受取り	领取	受取り	领取	translate	high	manual_semantic_review	peer translation from Japanese UI context; technical identifiers retained	True	tags/percent-escapes/URLs/newline-tab fingerprint equal; brackets paired	slot_or_exact_context_anchor	no_embedded_placeholder	test_or_backdoor	4	104,105,106,107	same_translation_across_contexts	受取り	current_main_untranslated	none	low: direct UI translation
peer_static_107	106	magica/template/test/Backdoor.html	119	54	html_text	test_or_backdoor	受取り	领取	受取り	领取	translate	high	manual_semantic_review	peer translation from Japanese UI context; technical identifiers retained	True	tags/percent-escapes/URLs/newline-tab fingerprint equal; brackets paired	slot_or_exact_context_anchor	no_embedded_placeholder	test_or_backdoor	4	104,105,106,107	same_translation_across_contexts	受取り	current_main_untranslated	none	low: direct UI translation
peer_static_108	107	magica/template/test/Backdoor.html	124	56	html_text	test_or_backdoor	受取り	领取	受取り	领取	translate	high	manual_semantic_review	peer translation from Japanese UI context; technical identifiers retained	True	tags/percent-escapes/URLs/newline-tab fingerprint equal; brackets paired	slot_or_exact_context_anchor	no_embedded_placeholder	test_or_backdoor	4	104,105,106,107	same_translation_across_contexts	受取り	current_main_untranslated	none	low: direct UI translation
peer_static_109	108	magica/template/test/Backdoor.html	128	58	html_attr:placeholder	test_or_backdoor	個数を入力してください	请输入数量	個数を入力してください	请输入数量	translate	high	manual_semantic_review	peer translation from Japanese UI context; technical identifiers retained	True	tags/percent-escapes/URLs/newline-tab fingerprint equal; brackets paired	slot_or_exact_context_anchor	no_embedded_placeholder	test_or_backdoor	1		unique_old	请输入号码	peer_differs_from_current_main	none	low: direct UI translation
peer_static_110	109	magica/template/test/BackdoorLive2d.html	2	0	html_text	test_or_backdoor	キャラリスト表示	显示角色列表	キャラリスト表示	显示角色列表	translate	medium	manual_semantic_review	peer translation from Japanese UI context; technical identifiers retained	True	tags/percent-escapes/URLs/newline-tab fingerprint equal; brackets paired	slot_or_exact_context_anchor	no_embedded_placeholder	test_or_backdoor	1		unique_old	角色列表显示	peer_differs_from_current_main	none	medium: internal/debug terminology has no direct authority entry
peer_static_111	110	magica/template/test/BackdoorLive2d.html	14	5	html_text	test_or_backdoor	03:魔法少女ストーリー1話クリア	03:魔法少女剧情第1话通关	03:魔法少女ストーリー1話クリア	03:魔法少女剧情第1话通关	translate	high	manual_semantic_review	peer translation from Japanese UI context; technical identifiers retained	True	tags/percent-escapes/URLs/newline-tab fingerprint equal; brackets paired	slot_or_exact_context_anchor	no_embedded_placeholder	test_or_backdoor	1		unique_old	03:魔法少女剧情第一集通关	peer_differs_from_current_main	none	low: direct UI translation
peer_static_112	111	magica/template/test/BackdoorLive2d.html	15	6	html_text	test_or_backdoor	04:魔法少女ストーリー2話クリア	04:魔法少女剧情第2话通关	04:魔法少女ストーリー2話クリア	04:魔法少女剧情第2话通关	translate	high	manual_semantic_review	peer translation from Japanese UI context; technical identifiers retained	True	tags/percent-escapes/URLs/newline-tab fingerprint equal; brackets paired	slot_or_exact_context_anchor	no_embedded_placeholder	test_or_backdoor	1		unique_old	04:魔法少女剧情E第2集通关	peer_differs_from_current_main	none	low: direct UI translation
peer_static_113	112	magica/template/test/BackdoorLive2d.html	16	7	html_text	test_or_backdoor	05:魔法少女ストーリー3話クリア	05:魔法少女剧情第3话通关	05:魔法少女ストーリー3話クリア	05:魔法少女剧情第3话通关	translate	high	manual_semantic_review	peer translation from Japanese UI context; technical identifiers retained	True	tags/percent-escapes/URLs/newline-tab fingerprint equal; brackets paired	slot_or_exact_context_anchor	no_embedded_placeholder	test_or_backdoor	1		unique_old	05:魔法少女剧情E第3集通关	peer_differs_from_current_main	none	low: direct UI translation
peer_static_114	113	magica/template/test/BackdoorLive2d.html	20	9	html_text	test_or_backdoor	13:強化完了	13:强化完成	13:強化完了	13:强化完成	translate	high	manual_semantic_review	peer translation from Japanese UI context; technical identifiers retained	True	tags/percent-escapes/URLs/newline-tab fingerprint equal; brackets paired	slot_or_exact_context_anchor	no_embedded_placeholder	test_or_backdoor	1		unique_old	13:強化完了	current_main_untranslated	none	low: direct UI translation
peer_static_115	114	magica/template/test/BackdoorLive2d.html	21	10	html_text	test_or_backdoor	14:強化(Lv最大時)	14:强化（Lv达到上限时）	14:強化(Lv最大時)	14:强化（Lv达到上限时）	translate	medium	manual_semantic_review	peer translation from Japanese UI context; technical identifiers retained	True	tags/percent-escapes/URLs/newline-tab fingerprint equal; brackets paired	slot_or_exact_context_anchor	no_embedded_placeholder	test_or_backdoor	1		unique_old	14:強化(Lv最大時)	current_main_untranslated	none	medium: internal/debug terminology has no direct authority entry
peer_static_116	115	magica/template/test/BackdoorLive2d.html	27	16	html_text	test_or_backdoor	20:魔法少女覚醒①	20:魔法少女觉醒①	20:魔法少女覚醒①	20:魔法少女觉醒①	translate	high	manual_semantic_review	peer translation from Japanese UI context; technical identifiers retained	True	tags/percent-escapes/URLs/newline-tab fingerprint equal; brackets paired	slot_or_exact_context_anchor	no_embedded_placeholder	test_or_backdoor	1		unique_old	20:魔法少女覚醒①	current_main_untranslated	none	low: direct UI translation
peer_static_117	116	magica/template/test/BackdoorLive2d.html	28	17	html_text	test_or_backdoor	21:魔法少女覚醒②	21:魔法少女觉醒②	21:魔法少女覚醒②	21:魔法少女觉醒②	translate	high	manual_semantic_review	peer translation from Japanese UI context; technical identifiers retained	True	tags/percent-escapes/URLs/newline-tab fingerprint equal; brackets paired	slot_or_exact_context_anchor	no_embedded_placeholder	test_or_backdoor	1		unique_old	21:魔法少女覚醒②	current_main_untranslated	none	low: direct UI translation
peer_static_118	117	magica/template/test/BackdoorLive2d.html	29	18	html_text	test_or_backdoor	22:魔法少女覚醒③	22:魔法少女觉醒③	22:魔法少女覚醒③	22:魔法少女觉醒③	translate	high	manual_semantic_review	peer translation from Japanese UI context; technical identifiers retained	True	tags/percent-escapes/URLs/newline-tab fingerprint equal; brackets paired	slot_or_exact_context_anchor	no_embedded_placeholder	test_or_backdoor	1		unique_old	22:魔法少女覚醒③	current_main_untranslated	none	low: direct UI translation
peer_static_119	118	magica/template/test/BackdoorLive2d.html	30	19	html_text	test_or_backdoor	23:魔法少女覚醒④	23:魔法少女觉醒④	23:魔法少女覚醒④	23:魔法少女觉醒④	translate	high	manual_semantic_review	peer translation from Japanese UI context; technical identifiers retained	True	tags/percent-escapes/URLs/newline-tab fingerprint equal; brackets paired	slot_or_exact_context_anchor	no_embedded_placeholder	test_or_backdoor	1		unique_old	23:魔法少女覚醒④	current_main_untranslated	none	low: direct UI translation
peer_static_121	120	magica/template/test/BackdoorLive2d.html	34	21	html_text	test_or_backdoor	24:ログイン①(初回ログイン時)	24:登录①（首次登录时）	24:ログイン①(初回ログイン時)	24:登录①（首次登录时）	translate	high	manual_semantic_review	peer translation from Japanese UI context; technical identifiers retained	True	tags/percent-escapes/URLs/newline-tab fingerprint equal; brackets paired	slot_or_exact_context_anchor	no_embedded_placeholder	test_or_backdoor	1		unique_old	24：登录①（第一次登录）	peer_differs_from_current_main	none	low: direct UI translation
peer_static_122	121	magica/template/test/BackdoorLive2d.html	35	22	html_text	test_or_backdoor	25:ログイン②(朝)	25:登录②（早晨）	25:ログイン②(朝)	25:登录②（早晨）	translate	high	manual_semantic_review	peer translation from Japanese UI context; technical identifiers retained	True	tags/percent-escapes/URLs/newline-tab fingerprint equal; brackets paired	slot_or_exact_context_anchor	no_embedded_placeholder	test_or_backdoor	1		unique_old	25:登录②（上午）	peer_differs_from_current_main	none	low: direct UI translation
peer_static_123	122	magica/template/test/BackdoorLive2d.html	36	23	html_text	test_or_backdoor	26:ログイン③(昼)	26:登录③（白天）	26:ログイン③(昼)	26:登录③（白天）	translate	high	manual_semantic_review	peer translation from Japanese UI context; technical identifiers retained	True	tags/percent-escapes/URLs/newline-tab fingerprint equal; brackets paired	slot_or_exact_context_anchor	no_embedded_placeholder	test_or_backdoor	1		unique_old	26：登录③（午餐）	peer_differs_from_current_main	none	low: direct UI translation
peer_static_124	123	magica/template/test/BackdoorLive2d.html	37	24	html_text	test_or_backdoor	27:ログイン④(夜)	27:登录④（夜晚）	27:ログイン④(夜)	27:登录④（夜晚）	translate	high	manual_semantic_review	peer translation from Japanese UI context; technical identifiers retained	True	tags/percent-escapes/URLs/newline-tab fingerprint equal; brackets paired	slot_or_exact_context_anchor	no_embedded_placeholder	test_or_backdoor	1		unique_old	27：登录④（夜间）	peer_differs_from_current_main	none	low: direct UI translation
peer_static_125	124	magica/template/test/BackdoorLive2d.html	38	25	html_text	test_or_backdoor	28:ログイン⑤(深夜)	28:登录⑤（深夜）	28:ログイン⑤(深夜)	28:登录⑤（深夜）	translate	high	manual_semantic_review	peer translation from Japanese UI context; technical identifiers retained	True	tags/percent-escapes/URLs/newline-tab fingerprint equal; brackets paired	slot_or_exact_context_anchor	no_embedded_placeholder	test_or_backdoor	1		unique_old	28：登录⑤（深夜）	peer_differs_from_current_main	none	low: direct UI translation
peer_static_126	125	magica/template/test/BackdoorLive2d.html	39	26	html_text	test_or_backdoor	29:ログイン⑥(その他)	29:登录⑥（其他）	29:ログイン⑥(その他)	29:登录⑥（其他）	translate	high	manual_semantic_review	peer translation from Japanese UI context; technical identifiers retained	True	tags/percent-escapes/URLs/newline-tab fingerprint equal; brackets paired	slot_or_exact_context_anchor	no_embedded_placeholder	test_or_backdoor	1		unique_old	29：登录⑥（其他）	peer_differs_from_current_main	none	low: direct UI translation
peer_static_127	126	magica/template/test/BackdoorLive2d.html	40	27	html_text	test_or_backdoor	30:ログイン⑦(AP最大時)	30:登录⑦（AP满时）	30:ログイン⑦(AP最大時)	30:登录⑦（AP满时）	translate	high	manual_semantic_review	peer translation from Japanese UI context; technical identifiers retained	True	tags/percent-escapes/URLs/newline-tab fingerprint equal; brackets paired	slot_or_exact_context_anchor	no_embedded_placeholder	test_or_backdoor	1		unique_old	30：登录⑦（AP最大时）	peer_differs_from_current_main	none	low: direct UI translation
peer_static_128	127	magica/template/test/BackdoorLive2d.html	41	28	html_text	test_or_backdoor	31:ログイン⑧(BP最大時)	31:登录⑧（BP满时）	31:ログイン⑧(BP最大時)	31:登录⑧（BP满时）	translate	high	manual_semantic_review	peer translation from Japanese UI context; technical identifiers retained	True	tags/percent-escapes/URLs/newline-tab fingerprint equal; brackets paired	slot_or_exact_context_anchor	no_embedded_placeholder	test_or_backdoor	1		unique_old	31：登录⑧（最大BP时）	peer_differs_from_current_main	none	low: direct UI translation
peer_static_129	128	magica/template/test/BackdoorLive2d.html	42	29	html_text	test_or_backdoor	32:ログイン⑨(GVG)	32:登录⑨（GVG）	32:ログイン⑨(GVG)	32:登录⑨（GVG）	translate	high	manual_semantic_review	peer translation from Japanese UI context; technical identifiers retained	True	tags/percent-escapes/URLs/newline-tab fingerprint equal; brackets paired	slot_or_exact_context_anchor	no_embedded_placeholder	test_or_backdoor	1		unique_old	32:登录⑨(GVG)	peer_differs_from_current_main	none	low: direct UI translation
peer_static_130	129	magica/template/test/BackdoorLive2d.html	43	30	html_text	test_or_backdoor	33:魔法少女タップ①	33:点击魔法少女①	33:魔法少女タップ①	33:点击魔法少女①	translate	medium	manual_semantic_review	peer translation from Japanese UI context; technical identifiers retained	True	tags/percent-escapes/URLs/newline-tab fingerprint equal; brackets paired	slot_or_exact_context_anchor	no_embedded_placeholder	test_or_backdoor	1		unique_old	33：魔法少女 水龙头①	peer_differs_from_current_main	none	medium: internal/debug terminology has no direct authority entry
peer_static_131	130	magica/template/test/BackdoorLive2d.html	44	31	html_text	test_or_backdoor	34:魔法少女タップ②	34:点击魔法少女②	34:魔法少女タップ②	34:点击魔法少女②	translate	medium	manual_semantic_review	peer translation from Japanese UI context; technical identifiers retained	True	tags/percent-escapes/URLs/newline-tab fingerprint equal; brackets paired	slot_or_exact_context_anchor	no_embedded_placeholder	test_or_backdoor	1		unique_old	34：魔法少女 抽头 ②	peer_differs_from_current_main	none	medium: internal/debug terminology has no direct authority entry
peer_static_132	131	magica/template/test/BackdoorLive2d.html	45	32	html_text	test_or_backdoor	35:魔法少女タップ③	35:点击魔法少女③	35:魔法少女タップ③	35:点击魔法少女③	translate	medium	manual_semantic_review	peer translation from Japanese UI context; technical identifiers retained	True	tags/percent-escapes/URLs/newline-tab fingerprint equal; brackets paired	slot_or_exact_context_anchor	no_embedded_placeholder	test_or_backdoor	1		unique_old	35：魔法少女 轻击③	peer_differs_from_current_main	none	medium: internal/debug terminology has no direct authority entry
peer_static_133	132	magica/template/test/BackdoorLive2d.html	46	33	html_text	test_or_backdoor	36:魔法少女タップ④	36:点击魔法少女④	36:魔法少女タップ④	36:点击魔法少女④	translate	medium	manual_semantic_review	peer translation from Japanese UI context; technical identifiers retained	True	tags/percent-escapes/URLs/newline-tab fingerprint equal; brackets paired	slot_or_exact_context_anchor	no_embedded_placeholder	test_or_backdoor	1		unique_old	36：魔法少女 轻击 ④	peer_differs_from_current_main	none	medium: internal/debug terminology has no direct authority entry
peer_static_134	133	magica/template/test/BackdoorLive2d.html	47	34	html_text	test_or_backdoor	37:魔法少女タップ⑤	37:点击魔法少女⑤	37:魔法少女タップ⑤	37:点击魔法少女⑤	translate	medium	manual_semantic_review	peer translation from Japanese UI context; technical identifiers retained	True	tags/percent-escapes/URLs/newline-tab fingerprint equal; brackets paired	slot_or_exact_context_anchor	no_embedded_placeholder	test_or_backdoor	1		unique_old	37：魔法少女 轻击 ⑤	peer_differs_from_current_main	none	medium: internal/debug terminology has no direct authority entry
peer_static_135	134	magica/template/test/BackdoorLive2d.html	48	35	html_text	test_or_backdoor	38:魔法少女タップ⑥	38:点击魔法少女⑥	38:魔法少女タップ⑥	38:点击魔法少女⑥	translate	medium	manual_semantic_review	peer translation from Japanese UI context; technical identifiers retained	True	tags/percent-escapes/URLs/newline-tab fingerprint equal; brackets paired	slot_or_exact_context_anchor	no_embedded_placeholder	test_or_backdoor	1		unique_old	38：魔法少女 轻击 ⑥	peer_differs_from_current_main	none	medium: internal/debug terminology has no direct authority entry
peer_static_136	135	magica/template/test/BackdoorLive2d.html	49	36	html_text	test_or_backdoor	39:魔法少女タップ⑦	39:点击魔法少女⑦	39:魔法少女タップ⑦	39:点击魔法少女⑦	translate	medium	manual_semantic_review	peer translation from Japanese UI context; technical identifiers retained	True	tags/percent-escapes/URLs/newline-tab fingerprint equal; brackets paired	slot_or_exact_context_anchor	no_embedded_placeholder	test_or_backdoor	1		unique_old	39:魔法少女 轻击 ⑦	peer_differs_from_current_main	none	medium: internal/debug terminology has no direct authority entry
peer_static_137	136	magica/template/test/BackdoorLive2d.html	50	37	html_text	test_or_backdoor	40:魔法少女タップ⑧	40:点击魔法少女⑧	40:魔法少女タップ⑧	40:点击魔法少女⑧	translate	medium	manual_semantic_review	peer translation from Japanese UI context; technical identifiers retained	True	tags/percent-escapes/URLs/newline-tab fingerprint equal; brackets paired	slot_or_exact_context_anchor	no_embedded_placeholder	test_or_backdoor	1		unique_old	40：魔法少女 轻击 ⑧	peer_differs_from_current_main	none	medium: internal/debug terminology has no direct authority entry
peer_static_138	137	magica/template/test/BackdoorLive2d.html	51	38	html_text	test_or_backdoor	41:魔法少女タップ⑨	41:点击魔法少女⑨	41:魔法少女タップ⑨	41:点击魔法少女⑨	translate	medium	manual_semantic_review	peer translation from Japanese UI context; technical identifiers retained	True	tags/percent-escapes/URLs/newline-tab fingerprint equal; brackets paired	slot_or_exact_context_anchor	no_embedded_placeholder	test_or_backdoor	1		unique_old	41：魔法少女 丝锥 ⑨	peer_differs_from_current_main	none	medium: internal/debug terminology has no direct authority entry
peer_static_139	138	magica/template/test/BackdoorLive2d.html	55	40	html_text	test_or_backdoor	42:クエスト開始	42:关卡开始	42:クエスト開始	42:关卡开始	translate	high	manual_semantic_review	peer translation from Japanese UI context; technical identifiers retained	True	tags/percent-escapes/URLs/newline-tab fingerprint equal; brackets paired	slot_or_exact_context_anchor	no_embedded_placeholder	test_or_backdoor	1		unique_old	42:任务 启动	peer_differs_from_current_main	none	low: direct UI translation
peer_static_140	139	magica/template/test/BackdoorLive2d.html	56	41	html_text	test_or_backdoor	43:クエスト勝利①	43:关卡胜利①	43:クエスト勝利①	43:关卡胜利①	translate	high	manual_semantic_review	peer translation from Japanese UI context; technical identifiers retained	True	tags/percent-escapes/URLs/newline-tab fingerprint equal; brackets paired	slot_or_exact_context_anchor	no_embedded_placeholder	test_or_backdoor	1		unique_old	43：任务胜利①	peer_differs_from_current_main	none	low: direct UI translation
peer_static_141	140	magica/template/test/BackdoorLive2d.html	57	42	html_text	test_or_backdoor	44:クエスト勝利②	44:关卡胜利②	44:クエスト勝利②	44:关卡胜利②	translate	high	manual_semantic_review	peer translation from Japanese UI context; technical identifiers retained	True	tags/percent-escapes/URLs/newline-tab fingerprint equal; brackets paired	slot_or_exact_context_anchor	no_embedded_placeholder	test_or_backdoor	1		unique_old	44：任务 胜利②	peer_differs_from_current_main	none	low: direct UI translation
peer_static_142	141	magica/template/test/BackdoorLive2d.html	58	43	html_text	test_or_backdoor	45:クエスト勝利③	45:关卡胜利③	45:クエスト勝利③	45:关卡胜利③	translate	high	manual_semantic_review	peer translation from Japanese UI context; technical identifiers retained	True	tags/percent-escapes/URLs/newline-tab fingerprint equal; brackets paired	slot_or_exact_context_anchor	no_embedded_placeholder	test_or_backdoor	1		unique_old	45：任务 胜利 ③	peer_differs_from_current_main	none	low: direct UI translation
peer_static_143	142	magica/template/test/BackdoorLive2d.html	59	44	html_text	test_or_backdoor	46:クエスト勝利④	46:关卡胜利④	46:クエスト勝利④	46:关卡胜利④	translate	high	manual_semantic_review	peer translation from Japanese UI context; technical identifiers retained	True	tags/percent-escapes/URLs/newline-tab fingerprint equal; brackets paired	slot_or_exact_context_anchor	no_embedded_placeholder	test_or_backdoor	1		unique_old	46：任务 胜利 ④	peer_differs_from_current_main	none	low: direct UI translation
peer_static_144	143	magica/template/test/BackdoorLive2d.html	63	46	html_text	test_or_backdoor	63:マギア発動①	63:发动Magia①	63:マギア発動①	63:发动Magia①	translate	high	manual_semantic_review	peer translation from Japanese UI context; technical identifiers retained	True	tags/percent-escapes/URLs/newline-tab fingerprint equal; brackets paired	slot_or_exact_context_anchor	no_embedded_placeholder	test_or_backdoor	1		unique_old	63：Magia激活①	peer_differs_from_current_main	none	low: direct UI translation
peer_static_145	144	magica/template/test/BackdoorLive2d.html	64	47	html_text	test_or_backdoor	64:マギア発動②	64:发动Magia②	64:マギア発動②	64:发动Magia②	translate	high	manual_semantic_review	peer translation from Japanese UI context; technical identifiers retained	True	tags/percent-escapes/URLs/newline-tab fingerprint equal; brackets paired	slot_or_exact_context_anchor	no_embedded_placeholder	test_or_backdoor	1		unique_old	64：Magia激活②	peer_differs_from_current_main	none	low: direct UI translation
peer_static_146	145	magica/template/test/BackdoorLive2d.html	65	48	html_text	test_or_backdoor	65:マギア発動③	65:发动Magia③	65:マギア発動③	65:发动Magia③	translate	high	manual_semantic_review	peer translation from Japanese UI context; technical identifiers retained	True	tags/percent-escapes/URLs/newline-tab fingerprint equal; brackets paired	slot_or_exact_context_anchor	no_embedded_placeholder	test_or_backdoor	1		unique_old	65：Magia激活③	peer_differs_from_current_main	none	low: direct UI translation
peer_static_147	146	magica/template/test/BackdoorLive2d.html	66	49	html_text	test_or_backdoor	66:マギア発動④	66:发动Magia④	66:マギア発動④	66:发动Magia④	translate	high	manual_semantic_review	peer translation from Japanese UI context; technical identifiers retained	True	tags/percent-escapes/URLs/newline-tab fingerprint equal; brackets paired	slot_or_exact_context_anchor	no_embedded_placeholder	test_or_backdoor	1		unique_old	66:Magia 激活 ④	peer_differs_from_current_main	none	low: direct UI translation
peer_static_148	147	magica/template/test/BackdoorQuestBattle.html	3	0	html_text	test_or_backdoor	クエストテスト	关卡测试	クエストテスト	关卡测试	translate	high	manual_semantic_review	peer translation from Japanese UI context; technical identifiers retained	True	tags/percent-escapes/URLs/newline-tab fingerprint equal; brackets paired	slot_or_exact_context_anchor	no_embedded_placeholder	test_or_backdoor	1		unique_old	任务测试	peer_differs_from_current_main	none	low: direct UI translation
peer_static_149	148	magica/template/test/BackdoorQuestBattle.html	4	1	html_attr:placeholder	test_or_backdoor	questIdを入力してください	请输入questId	questIdを入力してください	请输入questId	translate	high	manual_semantic_review	peer translation from Japanese UI context; technical identifiers retained	True	tags/percent-escapes/URLs/newline-tab fingerprint equal; brackets paired	slot_or_exact_context_anchor	no_embedded_placeholder	test_or_backdoor	1		unique_old	请输入任务ID	peer_differs_from_current_main	none	low: direct UI translation
peer_static_150	149	magica/template/test/BackdoorQuestBattle.html	5	3	html_text	test_or_backdoor	クエスト開始	开始关卡	クエスト開始	开始关卡	translate	high	manual_semantic_review	peer translation from Japanese UI context; technical identifiers retained	True	tags/percent-escapes/URLs/newline-tab fingerprint equal; brackets paired	slot_or_exact_context_anchor	no_embedded_placeholder	test_or_backdoor	1		unique_old	任务启动	peer_differs_from_current_main	none	low: direct UI translation
peer_static_151	150	magica/template/test/BackdoorQuestBattle.html	9	6	html_text	test_or_backdoor	デッキ情報	队伍信息	デッキ情報	队伍信息	translate	medium	frozen_project_terminology	frozen terms: ガチャ=扭蛋; ボックスガチャ=箱子扭蛋; デッキ=队伍; フォーメーション=魔法阵型; エピソードLv=剧情等级	True	tags/percent-escapes/URLs/newline-tab fingerprint equal; brackets paired	slot_or_exact_context_anchor	no_embedded_placeholder	test_or_backdoor	1		unique_old	甲板信息	peer_differs_from_current_main	none	medium: internal/debug terminology has no direct authority entry
peer_static_152	151	magica/template/test/BackdoorQuestBattle.html	12	7	html_text	test_or_backdoor	デッキ選択	选择队伍	デッキ選択	选择队伍	translate	medium	frozen_project_terminology	frozen terms: ガチャ=扭蛋; ボックスガチャ=箱子扭蛋; デッキ=队伍; フォーメーション=魔法阵型; エピソードLv=剧情等级	True	tags/percent-escapes/URLs/newline-tab fingerprint equal; brackets paired	slot_or_exact_context_anchor	no_embedded_placeholder	test_or_backdoor	1		unique_old	套牌选择	peer_differs_from_current_main	none	medium: internal/debug terminology has no direct authority entry
peer_static_153	152	magica/template/test/BackdoorQuestBattle.html	13	8	html_text	test_or_backdoor	デッキ編成	队伍编成	デッキ編成	队伍编成	translate	medium	frozen_project_terminology	frozen terms: ガチャ=扭蛋; ボックスガチャ=箱子扭蛋; デッキ=队伍; フォーメーション=魔法阵型; エピソードLv=剧情等级	True	tags/percent-escapes/URLs/newline-tab fingerprint equal; brackets paired	slot_or_exact_context_anchor	no_embedded_placeholder	test_or_backdoor	1		unique_old	甲板 编成	peer_differs_from_current_main	none	medium: internal/debug terminology has no direct authority entry
peer_static_154	153	magica/template/test/BackdoorQuestBattle.html	16	9	html_text	test_or_backdoor	キー入力	按键输入	キー入力	按键输入	translate	high	manual_semantic_review	peer translation from Japanese UI context; technical identifiers retained	True	tags/percent-escapes/URLs/newline-tab fingerprint equal; brackets paired	slot_or_exact_context_anchor	no_embedded_placeholder	test_or_backdoor	2	153,210	same_translation_across_contexts	按键输入	matches_current_main	none	low: direct UI translation
peer_static_155	154	magica/template/test/BackdoorQuestBattle.html	33	15	html_text	test_or_backdoor	※赤字は実行できなかったクエストです	※红字表示未能执行的关卡	※赤字は実行できなかったクエストです	※红字表示未能执行的关卡	translate	high	manual_semantic_review	peer translation from Japanese UI context; technical identifiers retained	True	tags/percent-escapes/URLs/newline-tab fingerprint equal; brackets paired	slot_or_exact_context_anchor	no_embedded_placeholder	test_or_backdoor	1		unique_old	※赤字は実行できなかったクエストです	current_main_untranslated	none	low: direct UI translation
peer_static_156	155	magica/template/test/CameraTest.html	2	0	html_text	test_or_backdoor	L2Dスケール+	L2D缩放+	L2Dスケール+	L2D缩放+	translate	high	manual_semantic_review	peer translation from Japanese UI context; technical identifiers retained	True	tags/percent-escapes/URLs/newline-tab fingerprint equal; brackets paired	slot_or_exact_context_anchor	no_embedded_placeholder	test_or_backdoor	1		unique_old	L2D比例+	peer_differs_from_current_main	none	low: direct UI translation
peer_static_157	156	magica/template/test/CameraTest.html	3	1	html_text	test_or_backdoor	L2Dスケール-	L2D缩放-	L2Dスケール-	L2D缩放-	translate	high	manual_semantic_review	peer translation from Japanese UI context; technical identifiers retained	True	tags/percent-escapes/URLs/newline-tab fingerprint equal; brackets paired	slot_or_exact_context_anchor	no_embedded_placeholder	test_or_backdoor	1		unique_old	L2D 规模-	peer_differs_from_current_main	none	low: direct UI translation
peer_static_158	157	magica/template/test/EffectTest.html	8	0	html_text	test_or_backdoor	エフェクトテスト	特效测试	エフェクトテスト	特效测试	translate	medium	manual_semantic_review	peer translation from Japanese UI context; technical identifiers retained	True	tags/percent-escapes/URLs/newline-tab fingerprint equal; brackets paired	slot_or_exact_context_anchor	no_embedded_placeholder	test_or_backdoor	1		unique_old	效果测试	peer_differs_from_current_main	none	medium: internal/debug terminology has no direct authority entry
peer_static_159	158	magica/template/test/EffectTest.html	10	2	html_attr:placeholder	test_or_backdoor	File名を入力	请输入文件名	File名を入力	请输入文件名	translate	high	manual_semantic_review	peer translation from Japanese UI context; technical identifiers retained	True	tags/percent-escapes/URLs/newline-tab fingerprint equal; brackets paired	slot_or_exact_context_anchor	no_embedded_placeholder	test_or_backdoor	1		unique_old	输入文件名	peer_differs_from_current_main	none	low: direct UI translation
peer_static_160	159	magica/template/test/EffectTest.html	18	16	html_text	test_or_backdoor	キモチ戦UI	心魔战UI	キモチ戦UI	心魔战UI	translate	high	manual_semantic_review	peer translation from Japanese UI context; technical identifiers retained	True	tags/percent-escapes/URLs/newline-tab fingerprint equal; brackets paired	slot_or_exact_context_anchor	no_embedded_placeholder	test_or_backdoor	2	159,204	same_translation_across_contexts	心魔战UI	matches_current_main	none	low: direct UI translation
peer_static_161	160	magica/template/test/FriendSearch.html	17	17	html_text	test_or_backdoor	助っ人ユニットLV	支援角色Lv	助っ人ユニットLV	支援角色Lv	translate	medium	project_glossary_alignment	aligned to established baseline/current-candidate terms such as 回复、精神强化素材、支援角色、魔女化身、行动盘、魔女之夜、魔法石	True	tags/percent-escapes/URLs/newline-tab fingerprint equal; brackets paired	slot_or_exact_context_anchor	no_embedded_placeholder	test_or_backdoor	1		unique_old	辅助单元 LV	peer_differs_from_current_main	none	medium: internal/debug terminology has no direct authority entry
peer_static_162	161	magica/template/test/FriendSearch.html	36	35	html_text	test_or_backdoor	助っ人ユニット属性	支援角色属性	助っ人ユニット属性	支援角色属性	translate	medium	project_glossary_alignment	aligned to established baseline/current-candidate terms such as 回复、精神强化素材、支援角色、魔女化身、行动盘、魔女之夜、魔法石	True	tags/percent-escapes/URLs/newline-tab fingerprint equal; brackets paired	slot_or_exact_context_anchor	no_embedded_placeholder	test_or_backdoor	1		unique_old	辅助单位属性	peer_differs_from_current_main	none	medium: internal/debug terminology has no direct authority entry
peer_static_163	162	magica/template/test/FriendSearch.html	59	50	html_text	test_or_backdoor	ユーザー名 : 	用户名：	ユーザー名 : 	用户名：	translate	high	manual_semantic_review	peer translation from Japanese UI context; technical identifiers retained	True	tags/percent-escapes/URLs/newline-tab fingerprint equal; brackets paired	slot_or_exact_context_anchor	no_embedded_placeholder	test_or_backdoor	1		unique_old	ユーザー名 : 	current_main_untranslated	none	low: direct UI translation
peer_static_164	163	magica/template/test/FriendSearch.html	61	52	html_text	test_or_backdoor	助っ人ユニットレベル : 	支援角色等级：	助っ人ユニットレベル : 	支援角色等级：	translate	medium	project_glossary_alignment	aligned to established baseline/current-candidate terms such as 回复、精神强化素材、支援角色、魔女化身、行动盘、魔女之夜、魔法石	True	tags/percent-escapes/URLs/newline-tab fingerprint equal; brackets paired	slot_or_exact_context_anchor	no_embedded_placeholder	test_or_backdoor	1		unique_old	助っ人ユニットレベル : 	current_main_untranslated	none	medium: internal/debug terminology has no direct authority entry
peer_static_165	164	magica/template/test/FriendSearch.html	62	53	html_text	test_or_backdoor	助っ人ユニット属性 : 	支援角色属性：	助っ人ユニット属性 : 	支援角色属性：	translate	medium	project_glossary_alignment	aligned to established baseline/current-candidate terms such as 回复、精神强化素材、支援角色、魔女化身、行动盘、魔女之夜、魔法石	True	tags/percent-escapes/URLs/newline-tab fingerprint equal; brackets paired	slot_or_exact_context_anchor	no_embedded_placeholder	test_or_backdoor	1		unique_old	助っ人ユニット属性 : 	current_main_untranslated	none	medium: internal/debug terminology has no direct authority entry
peer_static_166	165	magica/template/test/FriendSearch.html	63	54	html_text	test_or_backdoor	フレンドID : 	好友ID：	フレンドID : 	好友ID：	translate	high	manual_semantic_review	peer translation from Japanese UI context; technical identifiers retained	True	tags/percent-escapes/URLs/newline-tab fingerprint equal; brackets paired	slot_or_exact_context_anchor	no_embedded_placeholder	test_or_backdoor	1		unique_old	フレンドID : 	current_main_untranslated	none	low: direct UI translation
peer_static_167	166	magica/template/test/FriendSearch.html	64	55	html_text	test_or_backdoor	最終ログイン時間 : 	最后登录时间：	最終ログイン時間 : 	最后登录时间：	translate	high	manual_semantic_review	peer translation from Japanese UI context; technical identifiers retained	True	tags/percent-escapes/URLs/newline-tab fingerprint equal; brackets paired	slot_or_exact_context_anchor	no_embedded_placeholder	test_or_backdoor	1		unique_old	最終ログイン時間 : 	current_main_untranslated	none	low: direct UI translation
peer_static_168	167	magica/template/test/FriendSearch.html	65	56	html_text	test_or_backdoor	フォローする	关注	フォローする	关注	translate	high	manual_semantic_review	peer translation from Japanese UI context; technical identifiers retained	True	tags/percent-escapes/URLs/newline-tab fingerprint equal; brackets paired	slot_or_exact_context_anchor	no_embedded_placeholder	test_or_backdoor	1		unique_old	フォローする	current_main_untranslated	none	low: direct UI translation
peer_static_169	168	magica/template/test/MailSendTest.html	3	0	html_text	test_or_backdoor	メール送信テスト	邮件发送测试	メール送信テスト	邮件发送测试	translate	high	manual_semantic_review	peer translation from Japanese UI context; technical identifiers retained	True	tags/percent-escapes/URLs/newline-tab fingerprint equal; brackets paired	slot_or_exact_context_anchor	no_embedded_placeholder	test_or_backdoor	2	168,239	same_translation_across_contexts	邮件发送测试	matches_current_main	none	low: direct UI translation
peer_static_170	169	magica/template/test/MailSendTest.html	5	1	html_text	test_or_backdoor	メールアドレス入力	输入电子邮箱地址	メールアドレス入力	输入电子邮箱地址	translate	high	manual_semantic_review	peer translation from Japanese UI context; technical identifiers retained	True	tags/percent-escapes/URLs/newline-tab fingerprint equal; brackets paired	slot_or_exact_context_anchor	no_embedded_placeholder	test_or_backdoor	1		unique_old	输入电子邮件地址	peer_differs_from_current_main	none	low: direct UI translation
peer_static_171	170	magica/template/test/MailSendTest.html	11	3	html_text	test_or_backdoor	認証番号テスト	验证码测试	認証番号テスト	验证码测试	translate	high	manual_semantic_review	peer translation from Japanese UI context; technical identifiers retained	True	tags/percent-escapes/URLs/newline-tab fingerprint equal; brackets paired	slot_or_exact_context_anchor	no_embedded_placeholder	test_or_backdoor	1		unique_old	认证号码测试	peer_differs_from_current_main	none	low: direct UI translation
peer_static_172	171	magica/template/test/MailSendTest.html	13	4	html_text	test_or_backdoor	認証番号入力（数字のみ）	输入验证码（仅限数字）	認証番号入力（数字のみ）	输入验证码（仅限数字）	translate	high	manual_semantic_review	peer translation from Japanese UI context; technical identifiers retained	True	tags/percent-escapes/URLs/newline-tab fingerprint equal; brackets paired	slot_or_exact_context_anchor	no_embedded_placeholder	test_or_backdoor	1		unique_old	输入验证号码（仅限数字）	peer_differs_from_current_main	none	low: direct UI translation
peer_static_174	173	magica/template/test/PresentListTest.html	13	2	html_text	test_or_backdoor	プレゼント-カード(	礼物-卡牌(	プレゼント-カード(	礼物-卡牌(	translate	high	manual_semantic_review	peer translation from Japanese UI context; technical identifiers retained	True	tags/percent-escapes/URLs/newline-tab fingerprint equal; brackets paired	slot_or_exact_context_anchor	no_embedded_placeholder	test_or_backdoor	1		unique_old	礼物-卡片(	peer_differs_from_current_main	none	low: direct UI translation
peer_static_175	174	magica/template/test/PresentListTest.html	17	4	html_text	test_or_backdoor	プレゼント-アイテム(	礼物-道具(	プレゼント-アイテム(	礼物-道具(	translate	high	manual_semantic_review	peer translation from Japanese UI context; technical identifiers retained	True	tags/percent-escapes/URLs/newline-tab fingerprint equal; brackets paired	slot_or_exact_context_anchor	no_embedded_placeholder	test_or_backdoor	1		unique_old	礼物-道具(	matches_current_main	none	low: direct UI translation
peer_static_176	175	magica/template/test/PresentListTest.html	37	6	html_text	test_or_backdoor	個別受取	单独领取	個別受取	单独领取	translate	medium	manual_semantic_review	peer translation from Japanese UI context; technical identifiers retained	True	tags/percent-escapes/URLs/newline-tab fingerprint equal; brackets paired	slot_or_exact_context_anchor	no_embedded_placeholder	test_or_backdoor	1		unique_old	個別受取	current_main_untranslated	none	medium: internal/debug terminology has no direct authority entry
peer_static_177	176	magica/template/test/QuestStub.html	9	4	html_text	test_or_backdoor	戦闘情報 書き換え	改写战斗信息	戦闘情報 書き換え	改写战斗信息	translate	high	manual_semantic_review	peer translation from Japanese UI context; technical identifiers retained	True	tags/percent-escapes/URLs/newline-tab fingerprint equal; brackets paired	slot_or_exact_context_anchor	no_embedded_placeholder	test_or_backdoor	1		unique_old	战斗信息重写	peer_differs_from_current_main	none	low: direct UI translation
peer_static_178	177	magica/template/test/QuestStub.html	14	5	html_text	test_or_backdoor	コンティニュー回数	续关次数	コンティニュー回数	续关次数	translate	high	manual_semantic_review	peer translation from Japanese UI context; technical identifiers retained	True	tags/percent-escapes/URLs/newline-tab fingerprint equal; brackets paired	slot_or_exact_context_anchor	no_embedded_placeholder	test_or_backdoor	1		unique_old	继续次	peer_differs_from_current_main	none	low: direct UI translation
peer_static_179	178	magica/template/test/QuestStub.html	20	7	html_text	test_or_backdoor	クリアTURN数	通关回合数	クリアTURN数	通关回合数	translate	high	manual_semantic_review	peer translation from Japanese UI context; technical identifiers retained	True	tags/percent-escapes/URLs/newline-tab fingerprint equal; brackets paired	slot_or_exact_context_anchor	no_embedded_placeholder	test_or_backdoor	1		unique_old	通关TURN 号	peer_differs_from_current_main	none	low: direct UI translation
peer_static_180	179	magica/template/test/QuestStub.html	26	9	html_text	test_or_backdoor	クリア時間（秒）	通关时间（秒）	クリア時間（秒）	通关时间（秒）	translate	high	manual_semantic_review	peer translation from Japanese UI context; technical identifiers retained	True	tags/percent-escapes/URLs/newline-tab fingerprint equal; brackets paired	slot_or_exact_context_anchor	no_embedded_placeholder	test_or_backdoor	1		unique_old	通关 时间（秒）	peer_differs_from_current_main	none	low: direct UI translation
peer_static_181	180	magica/template/test/QuestStub.html	32	11	html_text	test_or_backdoor	倒した敵の体数	击败敌人数量	倒した敵の体数	击败敌人数量	translate	high	manual_semantic_review	peer translation from Japanese UI context; technical identifiers retained	True	tags/percent-escapes/URLs/newline-tab fingerprint equal; brackets paired	slot_or_exact_context_anchor	no_embedded_placeholder	test_or_backdoor	1		unique_old	击败数量 敌方	peer_differs_from_current_main	none	low: direct UI translation
peer_static_182	181	magica/template/test/QuestStub.html	38	13	html_text	test_or_backdoor	与えた総ダメージ数	造成的总伤害	与えた総ダメージ数	造成的总伤害	translate	high	manual_semantic_review	peer translation from Japanese UI context; technical identifiers retained	True	tags/percent-escapes/URLs/newline-tab fingerprint equal; brackets paired	slot_or_exact_context_anchor	no_embedded_placeholder	test_or_backdoor	1		unique_old	给出的 伤害 总数	peer_differs_from_current_main	none	low: direct UI translation
peer_static_183	182	magica/template/test/QuestStub.html	44	15	html_text	test_or_backdoor	最大ダメージ数	最大伤害	最大ダメージ数	最大伤害	translate	high	manual_semantic_review	peer translation from Japanese UI context; technical identifiers retained	True	tags/percent-escapes/URLs/newline-tab fingerprint equal; brackets paired	slot_or_exact_context_anchor	no_embedded_placeholder	test_or_backdoor	1		unique_old	最大伤害数	peer_differs_from_current_main	none	low: direct UI translation
peer_static_184	183	magica/template/test/QuestStub.html	50	17	html_text	test_or_backdoor	マギア使用回数	Magia使用次数	マギア使用回数	Magia使用次数	translate	high	manual_semantic_review	peer translation from Japanese UI context; technical identifiers retained	True	tags/percent-escapes/URLs/newline-tab fingerprint equal; brackets paired	slot_or_exact_context_anchor	no_embedded_placeholder	test_or_backdoor	1		unique_old	Magia 使用次数	peer_differs_from_current_main	none	low: direct UI translation
peer_static_185	184	magica/template/test/QuestStub.html	56	19	html_text	test_or_backdoor	ドッペル使用回数	魔女化身使用次数	ドッペル使用回数	魔女化身使用次数	translate	high	project_glossary_alignment	aligned to established baseline/current-candidate terms such as 回复、精神强化素材、支援角色、魔女化身、行动盘、魔女之夜、魔法石	True	tags/percent-escapes/URLs/newline-tab fingerprint equal; brackets paired	slot_or_exact_context_anchor	no_embedded_placeholder	test_or_backdoor	1		unique_old	Doppel 使用次数	peer_differs_from_current_main	none	low: direct UI translation
peer_static_186	185	magica/template/test/QuestStub.html	68	23	html_text	test_or_backdoor	チェイン回数	连锁次数	チェイン回数	连锁次数	translate	medium	project_glossary_alignment	aligned to established baseline/current-candidate terms such as 回复、精神强化素材、支援角色、魔女化身、行动盘、魔女之夜、魔法石	True	tags/percent-escapes/URLs/newline-tab fingerprint equal; brackets paired	slot_or_exact_context_anchor	no_embedded_placeholder	test_or_backdoor	1		unique_old	链数	peer_differs_from_current_main	none	medium: internal/debug terminology has no direct authority entry
peer_static_187	186	magica/template/test/QuestStub.html	74	25	html_text	test_or_backdoor	スキル発動回数	技能发动次数	スキル発動回数	技能发动次数	translate	high	manual_semantic_review	peer translation from Japanese UI context; technical identifiers retained	True	tags/percent-escapes/URLs/newline-tab fingerprint equal; brackets paired	slot_or_exact_context_anchor	no_embedded_placeholder	test_or_backdoor	1		unique_old	技能 激活计数	peer_differs_from_current_main	none	low: direct UI translation
peer_static_188	187	magica/template/test/QuestStub.html	80	27	html_text	test_or_backdoor	コネクト発動回数	连携发动次数	コネクト発動回数	连携发动次数	translate	high	manual_semantic_review	peer translation from Japanese UI context; technical identifiers retained	True	tags/percent-escapes/URLs/newline-tab fingerprint equal; brackets paired	slot_or_exact_context_anchor	no_embedded_placeholder	test_or_backdoor	1		unique_old	连携 激活计数	peer_differs_from_current_main	none	low: direct UI translation
peer_static_189	188	magica/template/test/QuestStub.html	86	29	html_text	test_or_backdoor	アクセルＤ選択数	Accele行动盘选择数	アクセルＤ選択数	Accele行动盘选择数	translate	medium	project_glossary_alignment	aligned to established baseline/current-candidate terms such as 回复、精神强化素材、支援角色、魔女化身、行动盘、魔女之夜、魔法石	True	tags/percent-escapes/URLs/newline-tab fingerprint equal; brackets paired	slot_or_exact_context_anchor	no_embedded_placeholder	test_or_backdoor	1		unique_old	AcceleD 选型号	peer_differs_from_current_main	none	medium: internal/debug terminology has no direct authority entry
peer_static_190	189	magica/template/test/QuestStub.html	92	31	html_text	test_or_backdoor	ブラストＤ選択数	Blast行动盘选择数	ブラストＤ選択数	Blast行动盘选择数	translate	medium	project_glossary_alignment	aligned to established baseline/current-candidate terms such as 回复、精神强化素材、支援角色、魔女化身、行动盘、魔女之夜、魔法石	True	tags/percent-escapes/URLs/newline-tab fingerprint equal; brackets paired	slot_or_exact_context_anchor	no_embedded_placeholder	test_or_backdoor	1		unique_old	BlastD 选型号	peer_differs_from_current_main	none	medium: internal/debug terminology has no direct authority entry
peer_static_191	190	magica/template/test/QuestStub.html	98	33	html_text	test_or_backdoor	チャージＤ選択数	Charge行动盘选择数	チャージＤ選択数	Charge行动盘选择数	translate	medium	project_glossary_alignment	aligned to established baseline/current-candidate terms such as 回复、精神强化素材、支援角色、魔女化身、行动盘、魔女之夜、魔法石	True	tags/percent-escapes/URLs/newline-tab fingerprint equal; brackets paired	slot_or_exact_context_anchor	no_embedded_placeholder	test_or_backdoor	1		unique_old	ChargeD 选型号	peer_differs_from_current_main	none	medium: internal/debug terminology has no direct authority entry
peer_static_192	191	magica/template/test/QuestStub.html	104	35	html_text	test_or_backdoor	残りHP【%】hpRate	剩余HP【%】hpRate	残りHP【%】hpRate	剩余HP【%】hpRate	translate	high	manual_semantic_review	peer translation from Japanese UI context; technical identifiers retained	True	tags/percent-escapes/URLs/newline-tab fingerprint equal; brackets paired	slot_or_exact_context_anchor	no_embedded_placeholder	test_or_backdoor	1		unique_old	剩余 HP [%] hpRate	peer_differs_from_current_main	none	low: direct UI translation
peer_static_193	192	magica/template/test/QuestStub.html	116	39	html_text	test_or_backdoor	終了時のMP（平均）	结束时的MP（平均）	終了時のMP（平均）	结束时的MP（平均）	translate	high	manual_semantic_review	peer translation from Japanese UI context; technical identifiers retained	True	tags/percent-escapes/URLs/newline-tab fingerprint equal; brackets paired	slot_or_exact_context_anchor	no_embedded_placeholder	test_or_backdoor	1		unique_old	最终 MP（平均）	peer_differs_from_current_main	none	low: direct UI translation
peer_static_194	193	magica/template/test/QuestStub.html	122	41	html_text	test_or_backdoor	とどめカードID	最后一击卡牌ID	とどめカードID	最后一击卡牌ID	translate	medium	manual_semantic_review	peer translation from Japanese UI context; technical identifiers retained	True	tags/percent-escapes/URLs/newline-tab fingerprint equal; brackets paired	slot_or_exact_context_anchor	no_embedded_placeholder	test_or_backdoor	1		unique_old	停止卡ID	peer_differs_from_current_main	none	medium: internal/debug terminology has no direct authority entry
peer_static_195	194	magica/template/test/QuestStub.html	128	43	html_text	test_or_backdoor	残りHP hpRemain	剩余HP hpRemain	残りHP hpRemain	剩余HP hpRemain	translate	high	manual_semantic_review	peer translation from Japanese UI context; technical identifiers retained	True	tags/percent-escapes/URLs/newline-tab fingerprint equal; brackets paired	slot_or_exact_context_anchor	no_embedded_placeholder	test_or_backdoor	1		unique_old	剩余 HP hpRemain	peer_differs_from_current_main	none	low: direct UI translation
peer_static_196	195	magica/template/test/SdCharaTest.html	8	0	html_text	test_or_backdoor	ミニキャラ表示	显示迷你角色	ミニキャラ表示	显示迷你角色	translate	high	manual_semantic_review	peer translation from Japanese UI context; technical identifiers retained	True	tags/percent-escapes/URLs/newline-tab fingerprint equal; brackets paired	slot_or_exact_context_anchor	no_embedded_placeholder	test_or_backdoor	1		unique_old	迷你字符显示	peer_differs_from_current_main	none	low: direct UI translation
peer_static_197	196	magica/template/test/SdCharaTest.html	11	3	html_attr:placeholder	test_or_backdoor	indexを入力	请输入index	indexを入力	请输入index	translate	high	manual_semantic_review	peer translation from Japanese UI context; technical identifiers retained	True	tags/percent-escapes/URLs/newline-tab fingerprint equal; brackets paired	slot_or_exact_context_anchor	no_embedded_placeholder	test_or_backdoor	1		unique_old	输入索引	peer_differs_from_current_main	none	low: direct UI translation
peer_static_198	197	magica/template/test/SdCharaTest.html	14	7	html_attr:placeholder	test_or_backdoor	charaIdを入力	请输入charaId	charaIdを入力	请输入charaId	translate	high	manual_semantic_review	peer translation from Japanese UI context; technical identifiers retained	True	tags/percent-escapes/URLs/newline-tab fingerprint equal; brackets paired	slot_or_exact_context_anchor	no_embedded_placeholder	test_or_backdoor	1		unique_old	输入字符	peer_differs_from_current_main	none	low: direct UI translation
peer_static_199	198	magica/template/test/SdCharaTest.html	17	17	html_attr:placeholder	test_or_backdoor	Scaleを入力	请输入Scale	Scaleを入力	请输入Scale	translate	high	manual_semantic_review	peer translation from Japanese UI context; technical identifiers retained	True	tags/percent-escapes/URLs/newline-tab fingerprint equal; brackets paired	slot_or_exact_context_anchor	no_embedded_placeholder	test_or_backdoor	1		unique_old	输入比例	peer_differs_from_current_main	none	low: direct UI translation
peer_static_200	199	magica/template/test/SdCharaTest.html	18	20	html_attr:placeholder	test_or_backdoor	Fadeを入力	请输入Fade	Fadeを入力	请输入Fade	translate	high	manual_semantic_review	peer translation from Japanese UI context; technical identifiers retained	True	tags/percent-escapes/URLs/newline-tab fingerprint equal; brackets paired	slot_or_exact_context_anchor	no_embedded_placeholder	test_or_backdoor	1		unique_old	输入淡入淡出	peer_differs_from_current_main	none	low: direct UI translation
peer_static_201	200	magica/template/test/SdCharaTest.html	26	24	html_text	test_or_backdoor	ストック	暂存	ストック	暂存	translate	medium	manual_semantic_review	peer translation from Japanese UI context; technical identifiers retained	True	tags/percent-escapes/URLs/newline-tab fingerprint equal; brackets paired	slot_or_exact_context_anchor	no_embedded_placeholder	test_or_backdoor	1		unique_old	库存	peer_differs_from_current_main	none	medium: internal/debug terminology has no direct authority entry
peer_static_202	201	magica/template/test/SdCharaTest.html	27	25	html_text	test_or_backdoor	一覧	列表	一覧	列表	translate	high	manual_semantic_review	peer translation from Japanese UI context; technical identifiers retained	True	tags/percent-escapes/URLs/newline-tab fingerprint equal; brackets paired	slot_or_exact_context_anchor	no_embedded_placeholder	test_or_backdoor	1		unique_old	一覧	current_main_untranslated	none	low: direct UI translation
peer_static_203	202	magica/template/test/SdCharaTest.html	29	27	html_text	test_or_backdoor	ストック表示	显示暂存角色	ストック表示	显示暂存角色	translate	medium	manual_semantic_review	peer translation from Japanese UI context; technical identifiers retained	True	tags/percent-escapes/URLs/newline-tab fingerprint equal; brackets paired	slot_or_exact_context_anchor	no_embedded_placeholder	test_or_backdoor	1		unique_old	显示库存	peer_differs_from_current_main	none	medium: internal/debug terminology has no direct authority entry
peer_static_204	203	magica/template/test/SdCharaTest.html	30	28	html_text	test_or_backdoor	ストック非表示	隐藏暂存角色	ストック非表示	隐藏暂存角色	translate	medium	manual_semantic_review	peer translation from Japanese UI context; technical identifiers retained	True	tags/percent-escapes/URLs/newline-tab fingerprint equal; brackets paired	slot_or_exact_context_anchor	no_embedded_placeholder	test_or_backdoor	1		unique_old	隐藏库存	peer_differs_from_current_main	none	medium: internal/debug terminology has no direct authority entry
peer_static_205	204	magica/template/test/SdCharaTest.html	31	29	html_text	test_or_backdoor	キモチ戦UI	心魔战UI	キモチ戦UI	心魔战UI	translate	high	manual_semantic_review	peer translation from Japanese UI context; technical identifiers retained	True	tags/percent-escapes/URLs/newline-tab fingerprint equal; brackets paired	slot_or_exact_context_anchor	no_embedded_placeholder	test_or_backdoor	2	159,204	same_translation_across_contexts	心魔战UI	matches_current_main	none	low: direct UI translation
peer_static_206	205	magica/template/test/SelectStoryTest.html	3	0	html_text	test_or_backdoor	ストーリーテスト	剧情测试	ストーリーテスト	剧情测试	translate	high	manual_semantic_review	peer translation from Japanese UI context; technical identifiers retained	True	tags/percent-escapes/URLs/newline-tab fingerprint equal; brackets paired	slot_or_exact_context_anchor	no_embedded_placeholder	test_or_backdoor	3	205,220,237	same_translation_across_contexts	剧情测试	matches_current_main	none	low: direct UI translation
peer_static_207	206	magica/template/test/SelectStoryTest.html	4	1	html_attr:placeholder	test_or_backdoor	storyIdを入力してください	请输入storyId	storyIdを入力してください	请输入storyId	translate	high	manual_semantic_review	peer translation from Japanese UI context; technical identifiers retained	True	tags/percent-escapes/URLs/newline-tab fingerprint equal; brackets paired	slot_or_exact_context_anchor	no_embedded_placeholder	test_or_backdoor	1		unique_old	请输入故事ID	peer_differs_from_current_main	none	low: direct UI translation
peer_static_208	207	magica/template/test/SelectStoryTest.html	6	3	html_text	test_or_backdoor	クエストストーリー再生	播放关卡剧情	クエストストーリー再生	播放关卡剧情	translate	high	manual_semantic_review	peer translation from Japanese UI context; technical identifiers retained	True	tags/percent-escapes/URLs/newline-tab fingerprint equal; brackets paired	slot_or_exact_context_anchor	no_embedded_placeholder	test_or_backdoor	1		unique_old	任务剧情播放	peer_differs_from_current_main	none	low: direct UI translation
peer_static_209	208	magica/template/test/SelectStoryTest.html	10	6	html_text	test_or_backdoor	ＩＤ 変更	修改ID	ＩＤ 変更	修改ID	translate	high	manual_semantic_review	peer translation from Japanese UI context; technical identifiers retained	True	tags/percent-escapes/URLs/newline-tab fingerprint equal; brackets paired	slot_or_exact_context_anchor	no_embedded_placeholder	test_or_backdoor	1		unique_old	ＩＤ 変更	current_main_untranslated	none	low: direct UI translation
peer_static_210	209	magica/template/test/SelectStoryTest.html	17	11	html_text	test_or_backdoor	連番 変更	修改序号	連番 変更	修改序号	translate	high	manual_semantic_review	peer translation from Japanese UI context; technical identifiers retained	True	tags/percent-escapes/URLs/newline-tab fingerprint equal; brackets paired	slot_or_exact_context_anchor	no_embedded_placeholder	test_or_backdoor	1		unique_old	連番 変更	current_main_untranslated	none	low: direct UI translation
peer_static_211	210	magica/template/test/SelectStoryTest.html	25	17	html_text	test_or_backdoor	キー入力	按键输入	キー入力	按键输入	translate	high	manual_semantic_review	peer translation from Japanese UI context; technical identifiers retained	True	tags/percent-escapes/URLs/newline-tab fingerprint equal; brackets paired	slot_or_exact_context_anchor	no_embedded_placeholder	test_or_backdoor	2	153,210	same_translation_across_contexts	按键输入	matches_current_main	none	low: direct UI translation
peer_static_212	211	magica/template/test/SelectStoryTest.html	48	28	html_text	test_or_backdoor	※赤字は再生できなかったストーリーです	※红字表示无法播放的剧情	※赤字は再生できなかったストーリーです	※红字表示无法播放的剧情	translate	high	manual_semantic_review	peer translation from Japanese UI context; technical identifiers retained	True	tags/percent-escapes/URLs/newline-tab fingerprint equal; brackets paired	slot_or_exact_context_anchor	no_embedded_placeholder	test_or_backdoor	1		unique_old	※赤字は再生できなかったストーリーです	current_main_untranslated	none	low: direct UI translation
peer_static_213	212	magica/template/test/ShopReworkTest.html	2	0	html_text	test_or_backdoor	デザイントグル	切换设计	デザイントグル	切换设计	translate	high	manual_semantic_review	peer translation from Japanese UI context; technical identifiers retained	True	tags/percent-escapes/URLs/newline-tab fingerprint equal; brackets paired	slot_or_exact_context_anchor	no_embedded_placeholder	test_or_backdoor	1		unique_old	设计切换	peer_differs_from_current_main	none	low: direct UI translation
peer_static_214	213	magica/template/test/ShopReworkTest.html	4	2	html_text	test_or_backdoor	イベント名	活动名称	イベント名	活动名称	translate	high	manual_semantic_review	peer translation from Japanese UI context; technical identifiers retained	True	tags/percent-escapes/URLs/newline-tab fingerprint equal; brackets paired	slot_or_exact_context_anchor	no_embedded_placeholder	test_or_backdoor	1		unique_old	活动 名称	peer_differs_from_current_main	none	low: direct UI translation
peer_static_215	214	magica/template/test/backdoorList.html	4	1	html_text	test_or_backdoor	アイテム・ギフト・カード付与	发放道具、礼物及卡牌	アイテム・ギフト・カード付与	发放道具、礼物及卡牌	translate	medium	project_glossary_alignment	aligned to established baseline/current-candidate terms such as 回复、精神强化素材、支援角色、魔女化身、行动盘、魔女之夜、魔法石	True	tags/percent-escapes/URLs/newline-tab fingerprint equal; brackets paired	slot_or_exact_context_anchor	no_embedded_placeholder	test_or_backdoor	1		unique_old	道具・礼品卡赋予	peer_differs_from_current_main	none	medium: internal/debug terminology has no direct authority entry
peer_static_216	215	magica/template/test/backdoorList.html	6	3	html_text	test_or_backdoor	魔女メモリアイベント	魔女记忆结晶活动	魔女メモリアイベント	魔女记忆结晶活动	translate	medium	manual_semantic_review	peer translation from Japanese UI context; technical identifiers retained	True	tags/percent-escapes/URLs/newline-tab fingerprint equal; brackets paired	slot_or_exact_context_anchor	no_embedded_placeholder	test_or_backdoor	1		unique_old	魔女记忆结晶活动	matches_current_main	none	medium: internal/debug terminology has no direct authority entry
peer_static_217	216	magica/template/test/backdoorList.html	7	4	html_text	test_or_backdoor	魔女メモリア交換ページ	魔女记忆结晶兑换页面	魔女メモリア交換ページ	魔女记忆结晶兑换页面	translate	medium	manual_semantic_review	peer translation from Japanese UI context; technical identifiers retained	True	tags/percent-escapes/URLs/newline-tab fingerprint equal; brackets paired	slot_or_exact_context_anchor	no_embedded_placeholder	test_or_backdoor	1		unique_old	魔女记忆结晶 兑换页面	peer_differs_from_current_main	none	medium: internal/debug terminology has no direct authority entry
peer_static_218	217	magica/template/test/backdoorList.html	8	5	html_text	test_or_backdoor	ボックスガチャ	箱子扭蛋	ボックスガチャ	箱子扭蛋	translate	medium	frozen_project_terminology	frozen terms: ガチャ=扭蛋; ボックスガチャ=箱子扭蛋; デッキ=队伍; フォーメーション=魔法阵型; エピソードLv=剧情等级	True	tags/percent-escapes/URLs/newline-tab fingerprint equal; brackets paired	slot_or_exact_context_anchor	no_embedded_placeholder	test_or_backdoor	1		unique_old	盒子 抽卡	peer_differs_from_current_main	none	medium: internal/debug terminology has no direct authority entry
peer_static_219	218	magica/template/test/backdoorList.html	9	6	html_text	test_or_backdoor	ワルプル全体レイド	魔女之夜全体突袭	ワルプル全体レイド	魔女之夜全体突袭	translate	medium	project_glossary_alignment	aligned to established baseline/current-candidate terms such as 回复、精神强化素材、支援角色、魔女化身、行动盘、魔女之夜、魔法石	True	tags/percent-escapes/URLs/newline-tab fingerprint equal; brackets paired	slot_or_exact_context_anchor	no_embedded_placeholder	test_or_backdoor	1		unique_old	沃尔普尔 全体 突袭	peer_differs_from_current_main	none	medium: internal/debug terminology has no direct authority entry
peer_static_220	219	magica/template/test/backdoorList.html	10	7	html_text	test_or_backdoor	PH全体レイド	PH全体突袭	PH全体レイド	PH全体突袭	translate	medium	project_glossary_alignment	aligned to established baseline/current-candidate terms such as 回复、精神强化素材、支援角色、魔女化身、行动盘、魔女之夜、魔法石	True	tags/percent-escapes/URLs/newline-tab fingerprint equal; brackets paired	slot_or_exact_context_anchor	no_embedded_placeholder	test_or_backdoor	1		unique_old	PH全体 突袭	peer_differs_from_current_main	none	medium: internal/debug terminology has no direct authority entry
peer_static_221	220	magica/template/test/backdoorList.html	12	9	html_text	test_or_backdoor	ストーリーテスト	剧情测试	ストーリーテスト	剧情测试	translate	high	manual_semantic_review	peer translation from Japanese UI context; technical identifiers retained	True	tags/percent-escapes/URLs/newline-tab fingerprint equal; brackets paired	slot_or_exact_context_anchor	no_embedded_placeholder	test_or_backdoor	3	205,220,237	same_translation_across_contexts	剧情测试	matches_current_main	none	low: direct UI translation
peer_static_222	221	magica/template/test/backdoorList.html	13	10	html_text	test_or_backdoor	Live2dテスト	Live2D测试	Live2dテスト	Live2D测试	translate	high	manual_semantic_review	peer translation from Japanese UI context; technical identifiers retained	True	tags/percent-escapes/URLs/newline-tab fingerprint equal; brackets paired	slot_or_exact_context_anchor	no_embedded_placeholder	test_or_backdoor	1		unique_old	Live2d测试	peer_differs_from_current_main	none	low: direct UI translation
peer_static_223	222	magica/template/test/backdoorList.html	14	11	html_text	test_or_backdoor	サウンドテスト	声音测试	サウンドテスト	声音测试	translate	high	manual_semantic_review	peer translation from Japanese UI context; technical identifiers retained	True	tags/percent-escapes/URLs/newline-tab fingerprint equal; brackets paired	slot_or_exact_context_anchor	no_embedded_placeholder	test_or_backdoor	1		unique_old	声音测试	matches_current_main	none	low: direct UI translation
peer_static_224	223	magica/template/test/backdoorList.html	15	12	html_text	test_or_backdoor	提示テスト	提示测试	提示テスト	提示测试	translate	medium	manual_semantic_review	peer translation from Japanese UI context; technical identifiers retained	True	tags/percent-escapes/URLs/newline-tab fingerprint equal; brackets paired	slot_or_exact_context_anchor	no_embedded_placeholder	test_or_backdoor	1		unique_old	提示测试	matches_current_main	none	medium: internal/debug terminology has no direct authority entry
peer_static_226	225	magica/template/test/backdoorList.html	17	14	html_text	test_or_backdoor	メンテナンスページ	维护页面	メンテナンスページ	维护页面	translate	high	manual_semantic_review	peer translation from Japanese UI context; technical identifiers retained	True	tags/percent-escapes/URLs/newline-tab fingerprint equal; brackets paired	slot_or_exact_context_anchor	no_embedded_placeholder	test_or_backdoor	1		unique_old	维护页面	matches_current_main	none	low: direct UI translation
peer_static_227	226	magica/template/test/backdoorList.html	18	15	html_text	test_or_backdoor	バージョンアップページ	版本更新页面	バージョンアップページ	版本更新页面	translate	high	manual_semantic_review	peer translation from Japanese UI context; technical identifiers retained	True	tags/percent-escapes/URLs/newline-tab fingerprint equal; brackets paired	slot_or_exact_context_anchor	no_embedded_placeholder	test_or_backdoor	1		unique_old	版本升级页面	peer_differs_from_current_main	none	low: direct UI translation
peer_static_228	227	magica/template/test/backdoorList.html	20	17	html_text	test_or_backdoor	２部11章一括クリア	一键通关第二部第11章	２部11章一括クリア	一键通关第二部第11章	translate	high	manual_semantic_review	peer translation from Japanese UI context; technical identifiers retained	True	tags/percent-escapes/URLs/newline-tab fingerprint equal; brackets paired	slot_or_exact_context_anchor	no_embedded_placeholder	test_or_backdoor	1		unique_old	第 2 部分 第 11 章 通关	peer_differs_from_current_main	none	low: direct UI translation
peer_static_229	228	magica/template/test/backdoorList.html	21	18	html_text	test_or_backdoor	クエストDEBUG	关卡调试	クエストDEBUG	关卡调试	translate	medium	manual_semantic_review	peer translation from Japanese UI context; technical identifiers retained	True	tags/percent-escapes/URLs/newline-tab fingerprint equal; brackets paired	slot_or_exact_context_anchor	no_embedded_placeholder	test_or_backdoor	1		unique_old	任务调试	peer_differs_from_current_main	none	medium: internal/debug terminology has no direct authority entry
peer_static_230	229	magica/template/test/backdoorList.html	22	19	html_text	test_or_backdoor	汎用スタイル	通用样式	汎用スタイル	通用样式	translate	high	manual_semantic_review	peer translation from Japanese UI context; technical identifiers retained	True	tags/percent-escapes/URLs/newline-tab fingerprint equal; brackets paired	slot_or_exact_context_anchor	no_embedded_placeholder	test_or_backdoor	1		unique_old	通用风格	peer_differs_from_current_main	none	low: direct UI translation
peer_static_231	230	magica/template/test/backdoorList.html	23	20	html_text	test_or_backdoor	localstorageクリア	清除localStorage	localstorageクリア	清除localStorage	translate	high	manual_semantic_review	peer translation from Japanese UI context; technical identifiers retained	True	tags/percent-escapes/URLs/newline-tab fingerprint equal; brackets paired	slot_or_exact_context_anchor	no_embedded_placeholder	test_or_backdoor	1		unique_old	本地存储通关	peer_differs_from_current_main	none	low: direct UI translation
peer_static_232	231	magica/template/test/backdoorList.html	25	22	html_text	test_or_backdoor	恒常踏破回復リセット	重置常驻踏破回复功能	恒常踏破回復リセット	重置常驻踏破回复功能	translate	medium	project_glossary_alignment	aligned to established baseline/current-candidate terms such as 回复、精神强化素材、支援角色、魔女化身、行动盘、魔女之夜、魔法石	True	tags/percent-escapes/URLs/newline-tab fingerprint equal; brackets paired	slot_or_exact_context_anchor	no_embedded_placeholder	test_or_backdoor	1		unique_old	不断突破回复复位	peer_differs_from_current_main	none	medium: internal/debug terminology has no direct authority entry
peer_static_233	232	magica/template/test/backdoorList.html	26	23	html_text	test_or_backdoor	ブラウザ動画再生テスト	浏览器视频播放测试	ブラウザ動画再生テスト	浏览器视频播放测试	translate	high	manual_semantic_review	peer translation from Japanese UI context; technical identifiers retained	True	tags/percent-escapes/URLs/newline-tab fingerprint equal; brackets paired	slot_or_exact_context_anchor	no_embedded_placeholder	test_or_backdoor	1		unique_old	浏览器视频播放测试	matches_current_main	none	low: direct UI translation
peer_static_234	233	magica/template/test/backdoorList.html	28	25	html_text	test_or_backdoor	新ショップモック	新版商店模拟页面	新ショップモック	新版商店模拟页面	translate	medium	project_glossary_alignment	aligned to established baseline/current-candidate terms such as 回复、精神强化素材、支援角色、魔女化身、行动盘、魔女之夜、魔法石	True	tags/percent-escapes/URLs/newline-tab fingerprint equal; brackets paired	slot_or_exact_context_anchor	no_embedded_placeholder	test_or_backdoor	1		unique_old	全新 商店 模拟	peer_differs_from_current_main	none	medium: internal/debug terminology has no direct authority entry
peer_static_235	234	magica/template/test/backdoorList.html	29	26	html_text	test_or_backdoor	称号変更POP	称号变更弹窗	称号変更POP	称号变更弹窗	translate	medium	project_glossary_alignment	aligned to established baseline/current-candidate terms such as 回复、精神强化素材、支援角色、魔女化身、行动盘、魔女之夜、魔法石	True	tags/percent-escapes/URLs/newline-tab fingerprint equal; brackets paired	slot_or_exact_context_anchor	no_embedded_placeholder	test_or_backdoor	1		unique_old	称号変更POP	current_main_untranslated	none	medium: internal/debug terminology has no direct authority entry
peer_static_236	235	magica/template/test/backdoorList.html	30	27	html_text	test_or_backdoor	理違いバトル開始	开始理违战	理違いバトル開始	开始理违战	translate	high	manual_semantic_review	peer translation from Japanese UI context; technical identifiers retained	True	tags/percent-escapes/URLs/newline-tab fingerprint equal; brackets paired	slot_or_exact_context_anchor	no_embedded_placeholder	test_or_backdoor	1		unique_old	无理 战斗 启动	peer_differs_from_current_main	none	low: direct UI translation
peer_static_237	236	magica/template/test/backdoorList.html	32	29	html_text	test_or_backdoor	MS購入状況確認	确认魔法石购买状态	MS購入状況確認	确认魔法石购买状态	translate	medium	project_glossary_alignment	aligned to established baseline/current-candidate terms such as 回复、精神强化素材、支援角色、魔女化身、行动盘、魔女之夜、魔法石	True	tags/percent-escapes/URLs/newline-tab fingerprint equal; brackets paired	slot_or_exact_context_anchor	no_embedded_placeholder	test_or_backdoor	1		unique_old	MS購入状況確認	current_main_untranslated	none	medium: internal/debug terminology has no direct authority entry
peer_static_238	237	magica/template/test/backdoorList.html	33	30	html_text	test_or_backdoor	ストーリーテスト	剧情测试	ストーリーテスト	剧情测试	translate	high	manual_semantic_review	peer translation from Japanese UI context; technical identifiers retained	True	tags/percent-escapes/URLs/newline-tab fingerprint equal; brackets paired	slot_or_exact_context_anchor	no_embedded_placeholder	test_or_backdoor	3	205,220,237	same_translation_across_contexts	剧情测试	matches_current_main	none	low: direct UI translation
peer_static_239	238	magica/template/test/backdoorList.html	34	31	html_text	test_or_backdoor	おみくじCP	御神签活动	おみくじCP	御神签活动	translate	medium	manual_semantic_review	peer translation from Japanese UI context; technical identifiers retained	True	tags/percent-escapes/URLs/newline-tab fingerprint equal; brackets paired	slot_or_exact_context_anchor	no_embedded_placeholder	test_or_backdoor	1		unique_old	财富CP	peer_differs_from_current_main	none	medium: internal/debug terminology has no direct authority entry
peer_static_240	239	magica/template/test/backdoorList.html	35	32	html_text	test_or_backdoor	メール送信テスト	邮件发送测试	メール送信テスト	邮件发送测试	translate	high	manual_semantic_review	peer translation from Japanese UI context; technical identifiers retained	True	tags/percent-escapes/URLs/newline-tab fingerprint equal; brackets paired	slot_or_exact_context_anchor	no_embedded_placeholder	test_or_backdoor	2	168,239	same_translation_across_contexts	邮件发送测试	matches_current_main	none	low: direct UI translation
peer_static_241	240	magica/template/test/backdoorList.html	36	33	html_text	test_or_backdoor	プロローグ確認(ADV①から)	序章确认（从ADV①开始）	プロローグ確認(ADV①から)	序章确认（从ADV①开始）	translate	high	manual_semantic_review	peer translation from Japanese UI context; technical identifiers retained	True	tags/percent-escapes/URLs/newline-tab fingerprint equal; brackets paired	slot_or_exact_context_anchor	no_embedded_placeholder	test_or_backdoor	1		unique_old	序言确认（来自ADV①）	peer_differs_from_current_main	none	low: direct UI translation
peer_static_242	241	magica/template/test/backdoorList.html	37	34	html_text	test_or_backdoor	プロローグ確認(クエスト①から)	序章确认（从关卡①开始）	プロローグ確認(クエスト①から)	序章确认（从关卡①开始）	translate	high	manual_semantic_review	peer translation from Japanese UI context; technical identifiers retained	True	tags/percent-escapes/URLs/newline-tab fingerprint equal; brackets paired	slot_or_exact_context_anchor	no_embedded_placeholder	test_or_backdoor	1		unique_old	序言确认（来自任务①）	peer_differs_from_current_main	none	low: direct UI translation
peer_static_243	242	magica/template/test/backdoorList.html	38	35	html_text	test_or_backdoor	プロローグ確認(ADV②から)	序章确认（从ADV②开始）	プロローグ確認(ADV②から)	序章确认（从ADV②开始）	translate	high	manual_semantic_review	peer translation from Japanese UI context; technical identifiers retained	True	tags/percent-escapes/URLs/newline-tab fingerprint equal; brackets paired	slot_or_exact_context_anchor	no_embedded_placeholder	test_or_backdoor	1		unique_old	序言确认（来自ADV②）	peer_differs_from_current_main	none	low: direct UI translation
peer_static_244	243	magica/template/test/backdoorList.html	39	36	html_text	test_or_backdoor	プロローグ確認(クエスト②から)	序章确认（从关卡②开始）	プロローグ確認(クエスト②から)	序章确认（从关卡②开始）	translate	high	manual_semantic_review	peer translation from Japanese UI context; technical identifiers retained	True	tags/percent-escapes/URLs/newline-tab fingerprint equal; brackets paired	slot_or_exact_context_anchor	no_embedded_placeholder	test_or_backdoor	1		unique_old	序言确认（来自任务②）	peer_differs_from_current_main	none	low: direct UI translation
peer_static_245	244	magica/template/test/backdoorList.html	40	37	html_text	test_or_backdoor	プロローグ確認(ADV③から)	序章确认（从ADV③开始）	プロローグ確認(ADV③から)	序章确认（从ADV③开始）	translate	high	manual_semantic_review	peer translation from Japanese UI context; technical identifiers retained	True	tags/percent-escapes/URLs/newline-tab fingerprint equal; brackets paired	slot_or_exact_context_anchor	no_embedded_placeholder	test_or_backdoor	1		unique_old	序言确认（来自ADV③）	peer_differs_from_current_main	none	low: direct UI translation
peer_static_246	245	magica/template/test/backdoorList.html	41	38	html_text	test_or_backdoor	プロローグ確認(クエスト③から)	序章确认（从关卡③开始）	プロローグ確認(クエスト③から)	序章确认（从关卡③开始）	translate	high	manual_semantic_review	peer translation from Japanese UI context; technical identifiers retained	True	tags/percent-escapes/URLs/newline-tab fingerprint equal; brackets paired	slot_or_exact_context_anchor	no_embedded_placeholder	test_or_backdoor	1		unique_old	序言确认（来自任务③）	peer_differs_from_current_main	none	low: direct UI translation
peer_static_247	246	magica/template/test/backdoorList.html	42	39	html_text	test_or_backdoor	プロローグ確認(ADV④から)	序章确认（从ADV④开始）	プロローグ確認(ADV④から)	序章确认（从ADV④开始）	translate	high	manual_semantic_review	peer translation from Japanese UI context; technical identifiers retained	True	tags/percent-escapes/URLs/newline-tab fingerprint equal; brackets paired	slot_or_exact_context_anchor	no_embedded_placeholder	test_or_backdoor	1		unique_old	序言确认（来自ADV④）	peer_differs_from_current_main	none	low: direct UI translation
peer_static_248	247	magica/template/test/backdoorList.html	43	40	html_text	test_or_backdoor	サーバーエラーテスト	服务器错误测试	サーバーエラーテスト	服务器错误测试	translate	high	manual_semantic_review	peer translation from Japanese UI context; technical identifiers retained	True	tags/percent-escapes/URLs/newline-tab fingerprint equal; brackets paired	slot_or_exact_context_anchor	no_embedded_placeholder	test_or_backdoor	1		unique_old	服务器错误测试	matches_current_main	none	low: direct UI translation
peer_static_249	248	magica/template/test/backdoorList.html	44	41	html_text	test_or_backdoor	ランダムサーバーエラーテスト	随机服务器错误测试	ランダムサーバーエラーテスト	随机服务器错误测试	translate	high	manual_semantic_review	peer translation from Japanese UI context; technical identifiers retained	True	tags/percent-escapes/URLs/newline-tab fingerprint equal; brackets paired	slot_or_exact_context_anchor	no_embedded_placeholder	test_or_backdoor	1		unique_old	随机服务器错误测试	matches_current_main	none	low: direct UI translation
peer_static_250	249	magica/template/test/backdoorList.html	87	42	html_text	test_or_backdoor	"
 エラーコードを入力。"	"
 输入错误代码。"	エラーコードを入力。	输入错误代码。	translate	high	manual_semantic_review	peer translation from Japanese UI context; technical identifiers retained	True	tags/percent-escapes/URLs/newline-tab fingerprint equal; brackets paired	slot_or_exact_context_anchor	exact_context_anchor	test_or_backdoor	1		unique_old	"
 エラーコードを入力。"	current_main_untranslated	none	low: direct UI translation
peer_static_251	250	magica/template/test/backdoorList.html	89	43	html_text	test_or_backdoor	"

 ツイートリンクを入力。"	"

 输入推文链接。"	ツイートリンクを入力。	输入推文链接。	translate	high	manual_semantic_review	peer translation from Japanese UI context; technical identifiers retained	True	tags/percent-escapes/URLs/newline-tab fingerprint equal; brackets paired	slot_or_exact_context_anchor	exact_context_anchor	test_or_backdoor	1		unique_old	"

 ツイートリンクを入力。"	current_main_untranslated	none	low: direct UI translation
peer_static_252	251	magica/template/test/backdoorList.html	165	47	html_text	test_or_backdoor	バトル①（TU010）	战斗①（TU010）	バトル①（TU010）	战斗①（TU010）	translate	high	manual_semantic_review	peer translation from Japanese UI context; technical identifiers retained	True	tags/percent-escapes/URLs/newline-tab fingerprint equal; brackets paired	slot_or_exact_context_anchor	no_embedded_placeholder	test_or_backdoor	1		unique_old	バトル①（TU010）	current_main_untranslated	none	low: direct UI translation
peer_static_253	252	magica/template/test/backdoorList.html	166	49	html_text	test_or_backdoor	バトル②（TU010）	战斗②（TU010）	バトル②（TU010）	战斗②（TU010）	translate	high	manual_semantic_review	peer translation from Japanese UI context; technical identifiers retained	True	tags/percent-escapes/URLs/newline-tab fingerprint equal; brackets paired	slot_or_exact_context_anchor	no_embedded_placeholder	test_or_backdoor	1		unique_old	バトル②（TU010）	current_main_untranslated	none	low: direct UI translation
peer_static_254	253	magica/template/test/backdoorList.html	167	51	html_text	test_or_backdoor	ガチャ（TU520）	扭蛋（TU520）	ガチャ（TU520）	扭蛋（TU520）	translate	high	frozen_project_terminology	frozen terms: ガチャ=扭蛋; ボックスガチャ=箱子扭蛋; デッキ=队伍; フォーメーション=魔法阵型; エピソードLv=剧情等级	True	tags/percent-escapes/URLs/newline-tab fingerprint equal; brackets paired	slot_or_exact_context_anchor	no_embedded_placeholder	test_or_backdoor	1		unique_old	ガチャ（TU520）	current_main_untranslated	none	low: direct UI translation
peer_static_255	254	magica/template/test/backdoorList.html	168	53	html_text	test_or_backdoor	編成（TU550）	队伍编成（TU550）	編成（TU550）	队伍编成（TU550）	translate	high	frozen_project_terminology	frozen terms: ガチャ=扭蛋; ボックスガチャ=箱子扭蛋; デッキ=队伍; フォーメーション=魔法阵型; エピソードLv=剧情等级	True	tags/percent-escapes/URLs/newline-tab fingerprint equal; brackets paired	slot_or_exact_context_anchor	no_embedded_placeholder	test_or_backdoor	1		unique_old	編成（TU550）	current_main_untranslated	none	low: direct UI translation
peer_static_256	255	magica/js/view/memoria/PieceArchiveView.js	24	277	js_string	debug_log	保管庫に送る	移至保管库	保管庫に送る	移至保管库	translate	high	explicit_scope_addition	PieceArchive console diagnostic translation specified for final completion scope	True	tags/percent-escapes/URLs/newline-tab fingerprint equal; brackets paired	slot_or_exact_context_anchor	no_embedded_placeholder	debug_log_explicit_completion	1		unique_old	送至保管库	peer_differs_from_current_main	formerly_excluded_debug_log_explicitly_included	low: exact requested console-diagnostic wording; apply by lexical slot
peer_static_257	256	magica/js/view/memoria/PieceArchiveView.js	27	294	js_string	debug_log	一覧に送る	移至持有格	一覧に送る	移至持有格	translate	high	explicit_scope_addition	PieceArchive console diagnostic translation specified for final completion scope	True	tags/percent-escapes/URLs/newline-tab fingerprint equal; brackets paired	slot_or_exact_context_anchor	no_embedded_placeholder	debug_log_explicit_completion	1		unique_old	送至一览	peer_differs_from_current_main	formerly_excluded_debug_log_explicitly_included	low: exact requested console-diagnostic wording; apply by lexical slot
peer_static_258	257	magica/js/view/memoria/PieceArchiveView.js	31	312	js_string	debug_log	保管庫移動可能:	可移入保管库:	保管庫移動可能:	可移入保管库:	translate	high	explicit_scope_addition	PieceArchive console diagnostic translation specified for final completion scope	True	tags/percent-escapes/URLs/newline-tab fingerprint equal; brackets paired	slot_or_exact_context_anchor	no_embedded_placeholder	debug_log_explicit_completion	1		unique_old	保管庫移動可能:	current_main_untranslated	formerly_excluded_debug_log_explicitly_included	low: exact requested console-diagnostic wording; apply by lexical slot
peer_static_259	258	magica/js/view/memoria/PieceArchiveView.js	31	313	js_string	debug_log	所持枠移動可能:	可移入持有格:	所持枠移動可能:	可移入持有格:	translate	high	explicit_scope_addition	PieceArchive console diagnostic translation specified for final completion scope	True	tags/percent-escapes/URLs/newline-tab fingerprint equal; brackets paired	slot_or_exact_context_anchor	no_embedded_placeholder	debug_log_explicit_completion	1		unique_old	所持枠移動可能:	current_main_untranslated	formerly_excluded_debug_log_explicitly_included	low: exact requested console-diagnostic wording; apply by lexical slot
