path	media_type	source_group	authority	method	evidence	bytes	width	height
magica/resource/image_web/_json/SecondPartLastInfo.json	json	localized-runtime-json	reviewed-root-translation	stable-key-localized-runtime-json	manual-visible-round3 stable-key review	2977		
magica/resource/image_web/_json/help.json	json	localized-runtime-json	mixed-official-cn-and-reviewed-root-translation	stable-key-localized-runtime-json	authority-source-exhaustion-round3 plus manual-visible-round3	183876		
magica/resource/image_web/_json/puellaHistoria/overview.json	json	localized-runtime-json	wiki-authority	stable-key-localized-runtime-json	authority-source-exhaustion-round3/wiki_puella_historia_overview.tsv	2221		
magica/resource/image_web/banner/announce/banner_0119_m.png	png	official-cn-same-path	official-cn-legacy-client	copy-official-cn-same-path-same-geometry	magica/research/totentanz-full-localization-20260817/official-cn-image-overlay/overlay_manifest.json#banner/announce/banner_0119_m.png	59195	680	180
magica/resource/image_web/banner/announce/banner_0500_m.png	png	careful-human-current-canvas	careful-human-translation-on-current-us-canvas	reviewed-current-canvas-localization	magica/research/totentanz-full-localization-20260817/web-images/localized_ui_image_manifest.json#banner/announce/banner_0500_m.png	69005	680	180
magica/resource/image_web/banner/common/banner_purchase_001_1_a.png	png	careful-human-current-canvas	careful-human-translation-on-current-us-canvas	reviewed-current-canvas-localization	magica/research/totentanz-full-localization-20260817/web-images/localized_ui_image_manifest.json#banner/common/banner_purchase_001_1_a.png	19647	452	110
magica/resource/image_web/banner/gacha/gachabanner_0730_m.png	png	careful-human-current-canvas	careful-human-translation-on-current-us-canvas	reviewed-current-canvas-localization	magica/research/totentanz-full-localization-20260817/web-images/localized_ui_image_manifest.json#banner/gacha/gachabanner_0730_m.png	55822	680	180
magica/resource/image_web/campaign/arena_reward_up/common/arena_coin_2000.png	png	official-cn-dynamic-remaining	official-cn	official-cn-stage-bytes	dynamic_image_recovery_audit_20260819/remaining_dynamic_162_product_patch.json#1	6745	372	176
magica/resource/image_web/campaign/box_gacha/common/icon_pickup.png	png	official-cn-gap-direct	official-cn-legacy-client-image	copy-official-cn-same-path	magica/research/totentanz-full-localization-20260817/official-cn-image-overlay-round2/overlay_manifest.json#SOURCE-IMG-0001	2656	62	62
magica/resource/image_web/campaign/box_gacha/common/icon_pickup_gray.png	png	official-cn-gap-direct	official-cn-legacy-client-image	copy-official-cn-same-path	magica/research/totentanz-full-localization-20260817/official-cn-image-overlay-round2/overlay_manifest.json#SOURCE-IMG-0002	2446	62	62
magica/resource/image_web/campaign/box_gacha/common/icon_purchased.png	png	official-cn-gap-direct	official-cn-legacy-client-image	copy-official-cn-same-path	magica/research/totentanz-full-localization-20260817/official-cn-image-overlay-round2/overlay_manifest.json#SOURCE-IMG-0003	1196	57	60
magica/resource/image_web/campaign/gacha_lineup/1078/lineup_banner_291_m.png	png	official-cn-dynamic-remaining	official-cn	official-cn-stage-bytes	dynamic_image_recovery_audit_20260819/remaining_dynamic_162_product_patch.json#2	63483	680	180
magica/resource/image_web/campaign/gacha_lineup/1078/lineup_banner_292_m.png	png	official-cn-dynamic-remaining	official-cn	official-cn-stage-bytes	dynamic_image_recovery_audit_20260819/remaining_dynamic_162_product_patch.json#3	58161	680	180
magica/resource/image_web/campaign/gacha_lineup/1078/lineup_banner_293_m.png	png	official-cn-dynamic-remaining	official-cn	official-cn-stage-bytes	dynamic_image_recovery_audit_20260819/remaining_dynamic_162_product_patch.json#4	55325	680	180
magica/resource/image_web/campaign/gacha_lineup/1078/lineup_banner_294_m.png	png	official-cn-dynamic-remaining	official-cn	official-cn-stage-bytes	dynamic_image_recovery_audit_20260819/remaining_dynamic_162_product_patch.json#5	52975	680	180
magica/resource/image_web/campaign/gacha_lineup/1078/lineup_banner_295_m.png	png	official-cn-dynamic-remaining	official-cn	official-cn-stage-bytes	dynamic_image_recovery_audit_20260819/remaining_dynamic_162_product_patch.json#6	48233	680	180
magica/resource/image_web/campaign/gacha_lineup/1078/lineup_banner_296_m.png	png	official-cn-dynamic-remaining	official-cn	official-cn-stage-bytes	dynamic_image_recovery_audit_20260819/remaining_dynamic_162_product_patch.json#7	50506	680	180
magica/resource/image_web/campaign/gacha_lineup/1078/lineup_banner_297_m.png	png	official-cn-dynamic-remaining	official-cn	official-cn-stage-bytes	dynamic_image_recovery_audit_20260819/remaining_dynamic_162_product_patch.json#8	58726	680	180
magica/resource/image_web/campaign/gacha_lineup/1078/lineup_banner_298_m.png	png	official-cn-dynamic-remaining	official-cn	official-cn-stage-bytes	dynamic_image_recovery_audit_20260819/remaining_dynamic_162_product_patch.json#9	56590	680	180
magica/resource/image_web/campaign/gacha_lineup/1078/lineup_banner_299_m.png	png	official-cn-dynamic-remaining	official-cn	official-cn-stage-bytes	dynamic_image_recovery_audit_20260819/remaining_dynamic_162_product_patch.json#10	57746	680	180
magica/resource/image_web/campaign/gacha_lineup/1078/lineup_banner_300_m.png	png	official-cn-dynamic-remaining	official-cn	official-cn-stage-bytes	dynamic_image_recovery_audit_20260819/remaining_dynamic_162_product_patch.json#11	61770	680	180
magica/resource/image_web/campaign/gacha_lineup/1078/lineup_banner_301_m.png	png	official-cn-dynamic-remaining	official-cn	official-cn-stage-bytes	dynamic_image_recovery_audit_20260819/remaining_dynamic_162_product_patch.json#12	52434	680	180
magica/resource/image_web/campaign/gacha_lineup/1079/lineup_banner_307_m.png	png	official-cn-dynamic-remaining	official-cn	official-cn-stage-bytes	dynamic_image_recovery_audit_20260819/remaining_dynamic_162_product_patch.json#13	63483	680	180
magica/resource/image_web/campaign/gacha_lineup/1079/lineup_banner_308_m.png	png	official-cn-dynamic-remaining	official-cn	official-cn-stage-bytes	dynamic_image_recovery_audit_20260819/remaining_dynamic_162_product_patch.json#14	58161	680	180
magica/resource/image_web/campaign/gacha_lineup/1079/lineup_banner_309_m.png	png	official-cn-dynamic-remaining	official-cn	official-cn-stage-bytes	dynamic_image_recovery_audit_20260819/remaining_dynamic_162_product_patch.json#15	55325	680	180
magica/resource/image_web/campaign/gacha_lineup/1079/lineup_banner_310_m.png	png	official-cn-dynamic-remaining	official-cn	official-cn-stage-bytes	dynamic_image_recovery_audit_20260819/remaining_dynamic_162_product_patch.json#16	52975	680	180
magica/resource/image_web/campaign/gacha_lineup/1079/lineup_banner_311_m.png	png	official-cn-dynamic-remaining	official-cn	official-cn-stage-bytes	dynamic_image_recovery_audit_20260819/remaining_dynamic_162_product_patch.json#17	48233	680	180
magica/resource/image_web/campaign/gacha_lineup/1079/lineup_banner_312_m.png	png	official-cn-dynamic-remaining	official-cn	official-cn-stage-bytes	dynamic_image_recovery_audit_20260819/remaining_dynamic_162_product_patch.json#18	50506	680	180
magica/resource/image_web/campaign/gacha_lineup/1079/lineup_banner_313_m.png	png	official-cn-dynamic-remaining	official-cn	official-cn-stage-bytes	dynamic_image_recovery_audit_20260819/remaining_dynamic_162_product_patch.json#19	58726	680	180
magica/resource/image_web/campaign/gacha_lineup/1079/lineup_banner_314_m.png	png	official-cn-dynamic-remaining	official-cn	official-cn-stage-bytes	dynamic_image_recovery_audit_20260819/remaining_dynamic_162_product_patch.json#20	56590	680	180
magica/resource/image_web/campaign/gacha_lineup/1079/lineup_banner_315_m.png	png	official-cn-dynamic-remaining	official-cn	official-cn-stage-bytes	dynamic_image_recovery_audit_20260819/remaining_dynamic_162_product_patch.json#21	57746	680	180
magica/resource/image_web/campaign/gacha_lineup/1079/lineup_banner_316_m.png	png	official-cn-dynamic-remaining	official-cn	official-cn-stage-bytes	dynamic_image_recovery_audit_20260819/remaining_dynamic_162_product_patch.json#22	61770	680	180
magica/resource/image_web/campaign/gacha_lineup/1079/lineup_banner_317_m.png	png	official-cn-dynamic-remaining	official-cn	official-cn-stage-bytes	dynamic_image_recovery_audit_20260819/remaining_dynamic_162_product_patch.json#23	52434	680	180
magica/resource/image_web/campaign/gacha_lineup/common/btn_memorial_gachatop.png	png	official-cn-gap-direct	official-cn-legacy-client-image	copy-official-cn-same-path	magica/research/totentanz-full-localization-20260817/official-cn-image-overlay-round2/overlay_manifest.json#SOURCE-IMG-0004	6430	106	110
magica/resource/image_web/campaign/gacha_lineup/common/btn_serect.png	png	official-cn-gap-direct	official-cn-legacy-client-image	copy-official-cn-same-path	magica/research/totentanz-full-localization-20260817/official-cn-image-overlay-round2/overlay_manifest.json#SOURCE-IMG-0005	2708	132	34
magica/resource/image_web/campaign/half_ap/1015/global_icon.png	png	official-cn-dynamic-remaining	official-cn	official-cn-stage-bytes	dynamic_image_recovery_audit_20260819/remaining_dynamic_162_product_patch.json#24	9813	372	176
magica/resource/image_web/campaign/half_ap/1020/global_icon.png	png	official-cn-dynamic-remaining	official-cn	official-cn-stage-bytes	dynamic_image_recovery_audit_20260819/remaining_dynamic_162_product_patch.json#25	9767	372	176
magica/resource/image_web/campaign/half_ap/1022/global_icon.png	png	official-cn-dynamic-remaining	official-cn	official-cn-stage-bytes	dynamic_image_recovery_audit_20260819/remaining_dynamic_162_product_patch.json#26	9812	372	176
magica/resource/image_web/campaign/half_ap/1025/global_icon.png	png	official-cn-dynamic-remaining	official-cn	official-cn-stage-bytes	dynamic_image_recovery_audit_20260819/remaining_dynamic_162_product_patch.json#27	9021	372	176
magica/resource/image_web/campaign/half_ap/1033/global_icon.png	png	official-cn-dynamic-remaining	official-cn	official-cn-stage-bytes	dynamic_image_recovery_audit_20260819/remaining_dynamic_162_product_patch.json#28	9459	372	176
magica/resource/image_web/campaign/half_ap/1047/global_icon.png	png	official-cn-dynamic-remaining	official-cn	official-cn-stage-bytes	dynamic_image_recovery_audit_20260819/remaining_dynamic_162_product_patch.json#29	9021	372	176
magica/resource/image_web/campaign/half_ap/1054/global_icon.png	png	official-cn-dynamic-remaining	official-cn	official-cn-stage-bytes	dynamic_image_recovery_audit_20260819/remaining_dynamic_162_product_patch.json#30	9414	372	176
magica/resource/image_web/campaign/half_ap/1059/global_icon.png	png	official-cn-dynamic-remaining	official-cn	official-cn-stage-bytes	dynamic_image_recovery_audit_20260819/remaining_dynamic_162_product_patch.json#31	9850	372	176
magica/resource/image_web/campaign/half_ap/1074/global_icon.png	png	official-cn-dynamic-remaining	official-cn	official-cn-stage-bytes	dynamic_image_recovery_audit_20260819/remaining_dynamic_162_product_patch.json#32	14569	372	176
magica/resource/image_web/campaign/half_ap/common/ap_all_half.png	png	official-cn-dynamic-remaining	official-cn	official-cn-stage-bytes	dynamic_image_recovery_audit_20260819/remaining_dynamic_162_product_patch.json#33	8963	372	176
magica/resource/image_web/campaign/half_ap/common/ap_main_half.png	png	official-cn-dynamic-remaining	official-cn	official-cn-stage-bytes	dynamic_image_recovery_audit_20260819/remaining_dynamic_162_product_patch.json#34	9935	372	176
magica/resource/image_web/campaign/half_ap/common/icon_ap_half.png	png	official-cn-same-path	official-cn-legacy-client	copy-official-cn-same-path-same-geometry	magica/research/totentanz-full-localization-20260817/official-cn-image-overlay/overlay_manifest.json#campaign/half_ap/common/icon_ap_half.png	1231	126	26
magica/resource/image_web/campaign/half_ap/common/icon_ap_half_02.png	png	official-cn-same-path	official-cn-legacy-client	copy-official-cn-same-path-same-geometry	magica/research/totentanz-full-localization-20260817/official-cn-image-overlay/overlay_manifest.json#campaign/half_ap/common/icon_ap_half_02.png	1368	109	26
magica/resource/image_web/campaign/half_ap/common/icon_ap_half_s.png	png	official-cn-same-path	official-cn-legacy-client	copy-official-cn-same-path-same-geometry	magica/research/totentanz-full-localization-20260817/official-cn-image-overlay/overlay_manifest.json#campaign/half_ap/common/icon_ap_half_s.png	1070	102	20
magica/resource/image_web/campaign/login_bonus/1010/campaign_1010_bg.png	png	official-cn-dynamic-remaining	official-cn	official-cn-stage-bytes	dynamic_image_recovery_audit_20260819/remaining_dynamic_162_product_patch.json#35	383783	1024	768
magica/resource/image_web/campaign/login_bonus/1018/campaign_1018_bg.png	png	official-cn-dynamic-remaining	official-cn	official-cn-stage-bytes	dynamic_image_recovery_audit_20260819/remaining_dynamic_162_product_patch.json#36	383783	1024	768
magica/resource/image_web/campaign/login_bonus/1037/campaign_1037_bg.png	png	official-cn-dynamic-remaining	official-cn	official-cn-stage-bytes	dynamic_image_recovery_audit_20260819/remaining_dynamic_162_product_patch.json#37	383783	1024	768
magica/resource/image_web/campaign/login_bonus/1057/campaign_1057_bg.png	png	official-cn-dynamic-remaining	official-cn	official-cn-stage-bytes	dynamic_image_recovery_audit_20260819/remaining_dynamic_162_product_patch.json#38	383783	1024	768
magica/resource/image_web/campaign/login_bonus/common/campaign_result_tx.png	png	careful-human-current-canvas	careful-human-translation-on-current-us-canvas	reviewed-current-canvas-localization	magica/research/totentanz-full-localization-20260817/web-images/localized_ui_image_manifest.json#campaign/login_bonus/common/campaign_result_tx.png	17861	433	174
magica/resource/image_web/campaign/point_up/common/card_compose_all_2000.png	png	official-cn-gap-direct	official-cn-legacy-client-image	copy-official-cn-same-path	magica/research/totentanz-full-localization-20260817/official-cn-image-overlay-round2/overlay_manifest.json#SOURCE-IMG-0006	4344	142	76
magica/resource/image_web/campaign/point_up/common/expp_all_2000.png	png	official-cn-same-path	official-cn-legacy-client	copy-official-cn-same-path-same-geometry	magica/research/totentanz-full-localization-20260817/official-cn-image-overlay/overlay_manifest.json#campaign/point_up/common/expp_all_2000.png	8626	372	176
magica/resource/image_web/campaign/point_up/common/yell_all_2000.png	png	official-cn-same-path	official-cn-legacy-client	copy-official-cn-same-path-same-geometry	magica/research/totentanz-full-localization-20260817/official-cn-image-overlay/overlay_manifest.json#campaign/point_up/common/yell_all_2000.png	6622	372	132
magica/resource/image_web/campaign/story/1005/story_collection_title.png	png	official-cn-dynamic-direct	official-cn-legacy-client-image	copy-official-cn	dynamic_image_recovery_audit_20260819/official_cn_direct_357_product_patch.json#23	6878	552	54
magica/resource/image_web/campaign/story/1008/story_collection_title.png	png	official-cn-dynamic-direct	official-cn-legacy-client-image	copy-official-cn	dynamic_image_recovery_audit_20260819/official_cn_direct_357_product_patch.json#24	7074	552	54
magica/resource/image_web/campaign/story/1011/story_collection_title.png	png	official-cn-dynamic-direct	official-cn-legacy-client-image	copy-official-cn	dynamic_image_recovery_audit_20260819/official_cn_direct_357_product_patch.json#25	6840	552	54
magica/resource/image_web/campaign/story/1013/campaign_bg_01.png	png	official-cn-dynamic-remaining	official-cn	official-cn-stage-bytes	dynamic_image_recovery_audit_20260819/remaining_dynamic_162_product_patch.json#39	254253	1024	768
magica/resource/image_web/campaign/story/1014/campaign_bg_01.png	png	official-cn-dynamic-remaining	official-cn	official-cn-stage-bytes	dynamic_image_recovery_audit_20260819/remaining_dynamic_162_product_patch.json#40	179519	1024	768
magica/resource/image_web/campaign/story/1017/story_collection_title.png	png	official-cn-dynamic-direct	official-cn-legacy-client-image	copy-official-cn	dynamic_image_recovery_audit_20260819/official_cn_direct_357_product_patch.json#26	7582	552	54
magica/resource/image_web/campaign/story/1019/story_collection_title.png	png	official-cn-dynamic-direct	official-cn-legacy-client-image	copy-official-cn	dynamic_image_recovery_audit_20260819/official_cn_direct_357_product_patch.json#27	7406	552	54
magica/resource/image_web/campaign/story/1023/story_collection_title.png	png	official-cn-dynamic-direct	official-cn-legacy-client-image	copy-official-cn	dynamic_image_recovery_audit_20260819/official_cn_direct_357_product_patch.json#28	10810	552	54
magica/resource/image_web/campaign/story/1032/story_collection_title.png	png	official-cn-dynamic-direct	official-cn-legacy-client-image	copy-official-cn	dynamic_image_recovery_audit_20260819/official_cn_direct_357_product_patch.json#29	10810	552	54
magica/resource/image_web/campaign/story/1043/story_collection_title.png	png	official-cn-dynamic-direct	official-cn-legacy-client-image	copy-official-cn	dynamic_image_recovery_audit_20260819/official_cn_direct_357_product_patch.json#30	9060	552	54
magica/resource/image_web/campaign/story/1046/story_collection_title.png	png	official-cn-dynamic-direct	official-cn-legacy-client-image	copy-official-cn	dynamic_image_recovery_audit_20260819/official_cn_direct_357_product_patch.json#31	7135	552	54
magica/resource/image_web/campaign/story/1049/story_collection_title.png	png	official-cn-dynamic-direct	official-cn-legacy-client-image	copy-official-cn	dynamic_image_recovery_audit_20260819/official_cn_direct_357_product_patch.json#32	6663	552	54
magica/resource/image_web/campaign/story/1051/story_collection_title.png	png	official-cn-dynamic-direct	official-cn-legacy-client-image	copy-official-cn	dynamic_image_recovery_audit_20260819/official_cn_direct_357_product_patch.json#33	6650	552	54
magica/resource/image_web/campaign/story/1061/story_collection_title.png	png	official-cn-dynamic-direct	official-cn-legacy-client-image	copy-official-cn	dynamic_image_recovery_audit_20260819/official_cn_direct_357_product_patch.json#34	7082	552	54
magica/resource/image_web/campaign/story/1072/story_collection_title.png	png	official-cn-dynamic-direct	official-cn-legacy-client-image	copy-official-cn	dynamic_image_recovery_audit_20260819/official_cn_direct_357_product_patch.json#35	7290	552	54
magica/resource/image_web/campaign/story/common/campaign_result_tx.png	png	careful-human-current-canvas	careful-human-translation-on-current-us-canvas	reviewed-current-canvas-localization	magica/research/totentanz-full-localization-20260817/web-images/localized_ui_image_manifest.json#campaign/story/common/campaign_result_tx.png	21205	433	174
magica/resource/image_web/chapter/chapter_11.png	png	official-cn-dynamic-remaining	official-cn	official-cn-stage-bytes	dynamic_image_recovery_audit_20260819/remaining_dynamic_162_product_patch.json#41	15731	430	300
magica/resource/image_web/chapter/chapter_12.png	png	official-cn-dynamic-remaining	official-cn	official-cn-stage-bytes	dynamic_image_recovery_audit_20260819/remaining_dynamic_162_product_patch.json#42	16595	430	300
magica/resource/image_web/chapter/chapter_13.png	png	official-cn-dynamic-remaining	official-cn	official-cn-stage-bytes	dynamic_image_recovery_audit_20260819/remaining_dynamic_162_product_patch.json#43	15644	430	300
magica/resource/image_web/chapter/chapter_14.png	png	official-cn-dynamic-remaining	official-cn	official-cn-stage-bytes	dynamic_image_recovery_audit_20260819/remaining_dynamic_162_product_patch.json#44	14583	430	300
magica/resource/image_web/chapter/chapter_15.png	png	official-cn-dynamic-remaining	official-cn	official-cn-stage-bytes	dynamic_image_recovery_audit_20260819/remaining_dynamic_162_product_patch.json#45	15213	430	300
magica/resource/image_web/chapter/chapter_16.png	png	official-cn-dynamic-remaining	official-cn	official-cn-stage-bytes	dynamic_image_recovery_audit_20260819/remaining_dynamic_162_product_patch.json#46	15109	430	300
magica/resource/image_web/chapter/chapter_17.png	png	official-cn-dynamic-remaining	official-cn	official-cn-stage-bytes	dynamic_image_recovery_audit_20260819/remaining_dynamic_162_product_patch.json#47	15209	430	300
magica/resource/image_web/chapter/chapter_18.png	png	official-cn-dynamic-remaining	official-cn	official-cn-stage-bytes	dynamic_image_recovery_audit_20260819/remaining_dynamic_162_product_patch.json#48	14518	430	300
magica/resource/image_web/chapter/chapter_20.png	png	official-cn-dynamic-remaining	official-cn	official-cn-stage-bytes	dynamic_image_recovery_audit_20260819/remaining_dynamic_162_product_patch.json#49	14702	430	300
magica/resource/image_web/chapter/chapter_21.png	png	official-cn-dynamic-remaining	official-cn	official-cn-stage-bytes	dynamic_image_recovery_audit_20260819/remaining_dynamic_162_product_patch.json#50	15178	430	300
magica/resource/image_web/chapter/chapter_22.png	png	official-cn-dynamic-remaining	official-cn	official-cn-stage-bytes	dynamic_image_recovery_audit_20260819/remaining_dynamic_162_product_patch.json#51	15454	430	300
magica/resource/image_web/chapter/chapter_23.png	png	official-cn-dynamic-remaining	official-cn	official-cn-stage-bytes	dynamic_image_recovery_audit_20260819/remaining_dynamic_162_product_patch.json#52	15404	430	300
magica/resource/image_web/common/chara/bg_chara_memoria_none_1_a.png	png	official-cn-same-path	official-cn-legacy-client	copy-official-cn-same-path-same-geometry	magica/research/totentanz-full-localization-20260817/official-cn-image-overlay/overlay_manifest.json#common/chara/bg_chara_memoria_none_1_a.png	6278	600	100
magica/resource/image_web/common/chara/bg_chara_memoria_none_2_a.png	png	official-cn-same-path	official-cn-legacy-client	copy-official-cn-same-path-same-geometry	magica/research/totentanz-full-localization-20260817/official-cn-image-overlay/overlay_manifest.json#common/chara/bg_chara_memoria_none_2_a.png	6194	600	100
magica/resource/image_web/common/chara/bg_chara_memoria_none_3_a.png	png	official-cn-same-path	official-cn-legacy-client	copy-official-cn-same-path-same-geometry	magica/research/totentanz-full-localization-20260817/official-cn-image-overlay/overlay_manifest.json#common/chara/bg_chara_memoria_none_3_a.png	6215	600	100
magica/resource/image_web/common/chara/bg_chara_memoria_off.png	png	official-cn-same-path	official-cn-legacy-client	copy-official-cn-same-path-same-geometry	magica/research/totentanz-full-localization-20260817/official-cn-image-overlay/overlay_manifest.json#common/chara/bg_chara_memoria_off.png	4126	600	100
magica/resource/image_web/common/chara/lv_max.png	png	careful-human-current-canvas	careful-human-translation-on-current-us-canvas	reviewed-current-canvas-localization	magica/research/totentanz-full-localization-20260817/web-images/localized_ui_image_manifest.json#common/chara/lv_max.png	1573	74	22
magica/resource/image_web/common/chara/result_text_episode_level.png	png	careful-human-current-canvas	careful-human-translation-on-current-us-canvas	reviewed-current-canvas-localization	magica/research/totentanz-full-localization-20260817/web-images/localized_ui_image_manifest.json#common/chara/result_text_episode_level.png	7516	282	110
magica/resource/image_web/common/chara/result_text_evolve.png	png	official-cn-gap-direct	official-cn-legacy-client-image	copy-official-cn-same-path	magica/research/totentanz-full-localization-20260817/official-cn-image-overlay-round2/overlay_manifest.json#SOURCE-IMG-0007	4765	282	110
magica/resource/image_web/common/chara/result_text_level.png	png	careful-human-current-canvas	careful-human-translation-on-current-us-canvas	reviewed-current-canvas-localization	magica/research/totentanz-full-localization-20260817/web-images/localized_ui_image_manifest.json#common/chara/result_text_level.png	6064	282	110
magica/resource/image_web/common/chara/result_text_magia_level.png	png	careful-human-current-canvas	careful-human-translation-on-current-us-canvas	reviewed-current-canvas-localization	magica/research/totentanz-full-localization-20260817/web-images/localized_ui_image_manifest.json#common/chara/result_text_magia_level.png	8286	282	110
magica/resource/image_web/common/closed/condition_01.png	png	official-cn-same-path	official-cn-legacy-client	copy-official-cn-same-path-same-geometry	magica/research/totentanz-full-localization-20260817/official-cn-image-overlay/overlay_manifest.json#common/closed/condition_01.png	3204	90	40
magica/resource/image_web/common/closed/condition_02.png	png	official-cn-same-path	official-cn-legacy-client	copy-official-cn-same-path-same-geometry	magica/research/totentanz-full-localization-20260817/official-cn-image-overlay/overlay_manifest.json#common/closed/condition_02.png	3189	90	40
magica/resource/image_web/common/closed/condition_03.png	png	official-cn-gap-direct	official-cn-legacy-client-image	copy-official-cn-same-path	magica/research/totentanz-full-localization-20260817/official-cn-image-overlay-round2/overlay_manifest.json#SOURCE-IMG-0008	3209	90	40
magica/resource/image_web/common/filter/btn_memoria_ascending.png	png	official-cn-same-path	official-cn-legacy-client	copy-official-cn-same-path-same-geometry	magica/research/totentanz-full-localization-20260817/official-cn-image-overlay/overlay_manifest.json#common/filter/btn_memoria_ascending.png	1347	80	24
magica/resource/image_web/common/filter/btn_memoria_descending.png	png	official-cn-same-path	official-cn-legacy-client	copy-official-cn-same-path-same-geometry	magica/research/totentanz-full-localization-20260817/official-cn-image-overlay/overlay_manifest.json#common/filter/btn_memoria_descending.png	1364	80	24
magica/resource/image_web/common/global/connecting.png	png	preexisting-verified-ui	confirmed-human-current-canvas	preexisting-reviewed-product-asset	Git history 12ac9b35; reviewed loading label and Kyubey outline	51083	334	54
magica/resource/image_web/common/global/gacha_badge.png	png	preexisting-verified-ui	official-cn-legacy-client-image	preexisting-reviewed-product-asset	exact official-CN asset	3094	104	46
magica/resource/image_web/common/global/gacha_badge_a.png	png	preexisting-verified-ui	official-cn-legacy-client-image	preexisting-reviewed-product-asset	exact official-CN asset	2780	104	46
magica/resource/image_web/common/global/gacha_badge_c.png	png	careful-human-current-canvas	careful-human-translation-on-current-us-canvas	reviewed-current-canvas-localization	magica/research/totentanz-full-localization-20260817/web-images/localized_ui_image_manifest.json#common/global/gacha_badge_c.png	3094	104	46
magica/resource/image_web/common/global/global_back.png	png	preexisting-verified-ui	official-cn-legacy-client-image	preexisting-reviewed-product-asset	exact official-CN asset	5693	178	85
magica/resource/image_web/common/global/global_battle.png	png	preexisting-verified-ui	official-cn-legacy-client-image	preexisting-reviewed-product-asset	exact official-CN asset	41979	352	382
magica/resource/image_web/common/global/global_extermination.png	png	official-cn-same-path	official-cn-legacy-client	copy-official-cn-same-path-same-geometry	magica/research/totentanz-full-localization-20260817/official-cn-image-overlay/overlay_manifest.json#common/global/global_extermination.png	37299	352	382
magica/resource/image_web/common/global/global_gacha.png	png	preexisting-verified-ui	official-cn-legacy-client-image	preexisting-reviewed-product-asset	exact official-CN asset	19766	208	246
magica/resource/image_web/common/global/global_kimochi_a.png	png	careful-human-current-canvas	careful-human-translation-on-current-us-canvas	reviewed-current-canvas-localization	magica/research/totentanz-full-localization-20260817/web-images/localized_ui_image_manifest.json#common/global/global_kimochi_a.png	54783	352	382
magica/resource/image_web/common/global/global_memoria.png	png	preexisting-verified-ui	official-cn-legacy-client-image	preexisting-reviewed-product-asset	exact official-CN asset	20574	208	246
magica/resource/image_web/common/global/global_menu_hover.png	png	preexisting-verified-ui	current-formal-product-asset	preexisting-reviewed-product-asset	homepage-icons-pathset-audit-v1-20260906#common/global/global_menu_hover.png	4968	164	164
magica/resource/image_web/common/global/global_mission.png	png	preexisting-verified-ui	official-cn-legacy-client-image	preexisting-reviewed-product-asset	exact official-CN asset	18893	208	246
magica/resource/image_web/common/global/global_patrol_a.png	png	careful-human-current-canvas	careful-human-translation-on-current-us-canvas	reviewed-current-canvas-localization	magica/research/totentanz-full-localization-20260817/web-images/localized_ui_image_manifest.json#common/global/global_patrol_a.png	55543	352	382
magica/resource/image_web/common/global/global_quest.png	png	preexisting-verified-ui	official-cn-legacy-client-image	preexisting-reviewed-product-asset	exact official-CN asset	39385	352	382
magica/resource/image_web/common/global/global_shop.png	png	preexisting-verified-ui	official-cn-legacy-client-image	preexisting-reviewed-product-asset	exact official-CN asset	20041	208	220
magica/resource/image_web/common/global/global_team.png	png	preexisting-verified-ui	official-cn-legacy-client-image	preexisting-reviewed-product-asset	exact official-CN asset	41686	352	382
magica/resource/image_web/common/global/global_unit.png	png	preexisting-verified-ui	official-cn-legacy-client-image	preexisting-reviewed-product-asset	exact official-CN asset	19090	208	246
magica/resource/image_web/common/global/update2/global_gacha.png	png	preexisting-verified-ui	official-cn-current-canvas-adaptation	preexisting-reviewed-product-asset	official label reused on update2 canvas	19766	208	246
magica/resource/image_web/common/global/update2/global_memoria.png	png	preexisting-verified-ui	official-cn-current-canvas-adaptation	preexisting-reviewed-product-asset	official label reused on update2 canvas	20574	208	246
magica/resource/image_web/common/global/update2/global_mission.png	png	preexisting-verified-ui	official-cn-current-canvas-adaptation	preexisting-reviewed-product-asset	official label reused on update2 canvas	18895	208	246
magica/resource/image_web/common/global/update2/global_shop.png	png	preexisting-verified-ui	official-cn-current-canvas-adaptation	preexisting-reviewed-product-asset	official label reflowed on update2 canvas	53474	184	196
magica/resource/image_web/common/global/update2/global_team.png	png	preexisting-verified-ui	official-cn-current-canvas-adaptation	preexisting-reviewed-product-asset	official label reflowed on update2 canvas	50061	184	196
magica/resource/image_web/common/global/update2/global_unit.png	png	preexisting-verified-ui	official-cn-current-canvas-adaptation	preexisting-reviewed-product-asset	official label reused on update2 canvas	19090	208	246
magica/resource/image_web/common/icon/icon_purchased.png	png	official-cn-same-path	official-cn-legacy-client	copy-official-cn-same-path-same-geometry	magica/research/totentanz-full-localization-20260817/official-cn-image-overlay/overlay_manifest.json#common/icon/icon_purchased.png	1001	34	20
magica/resource/image_web/common/logo/logo.png	png	official-cn-same-path	official-cn-legacy-client	copy-official-cn-same-path-same-geometry	magica/research/totentanz-full-localization-20260817/official-cn-image-overlay/overlay_manifest.json#common/logo/logo.png	214084	1531	931
magica/resource/image_web/common/memoria/memoria_unable.png	png	official-cn-same-path	official-cn-legacy-client	copy-official-cn-same-path-same-geometry	magica/research/totentanz-full-localization-20260817/official-cn-image-overlay/overlay_manifest.json#common/memoria/memoria_unable.png	3839	132	132
magica/resource/image_web/common/memoria/memoria_unable_ability.png	png	official-cn-same-path	official-cn-legacy-client	copy-official-cn-same-path-same-geometry	magica/research/totentanz-full-localization-20260817/official-cn-image-overlay/overlay_manifest.json#common/memoria/memoria_unable_ability.png	3618	132	132
magica/resource/image_web/common/memoria/memoria_unable_chara.png	png	official-cn-same-path	official-cn-legacy-client	copy-official-cn-same-path-same-geometry	magica/research/totentanz-full-localization-20260817/official-cn-image-overlay/overlay_manifest.json#common/memoria/memoria_unable_chara.png	3953	132	132
magica/resource/image_web/common/memoria/memoria_unable_element.png	png	official-cn-same-path	official-cn-legacy-client	copy-official-cn-same-path-same-geometry	magica/research/totentanz-full-localization-20260817/official-cn-image-overlay/overlay_manifest.json#common/memoria/memoria_unable_element.png	3590	132	132
magica/resource/image_web/common/memoria/memoria_unable_same.png	png	official-cn-same-path	official-cn-legacy-client	copy-official-cn-same-path-same-geometry	magica/research/totentanz-full-localization-20260817/official-cn-image-overlay/overlay_manifest.json#common/memoria/memoria_unable_same.png	3871	132	132
magica/resource/image_web/common/memoria/memoria_unable_skill.png	png	official-cn-same-path	official-cn-legacy-client	copy-official-cn-same-path-same-geometry	magica/research/totentanz-full-localization-20260817/official-cn-image-overlay/overlay_manifest.json#common/memoria/memoria_unable_skill.png	3687	132	132
magica/resource/image_web/common/purchase/limited_daily.png	png	official-cn-same-path	official-cn-legacy-client	copy-official-cn-same-path-same-geometry	magica/research/totentanz-full-localization-20260817/official-cn-image-overlay/overlay_manifest.json#common/purchase/limited_daily.png	3643	72	92
magica/resource/image_web/common/purchase/limited_first.png	png	official-cn-same-path	official-cn-legacy-client	copy-official-cn-same-path-same-geometry	magica/research/totentanz-full-localization-20260817/official-cn-image-overlay/overlay_manifest.json#common/purchase/limited_first.png	3685	72	92
magica/resource/image_web/common/purchase/limited_span.png	png	official-cn-same-path	official-cn-legacy-client	copy-official-cn-same-path-same-geometry	magica/research/totentanz-full-localization-20260817/official-cn-image-overlay/overlay_manifest.json#common/purchase/limited_span.png	3750	72	92
magica/resource/image_web/event/accomplish/1019/enemyDetail/header_challenge.png	png	official-cn-dynamic-remaining	official-cn	official-cn-stage-bytes	dynamic_image_recovery_audit_20260819/remaining_dynamic_162_product_patch.json#53	1651	174	30
magica/resource/image_web/event/accomplish/1019/enemyDetail/header_story.png	png	official-cn-dynamic-remaining	official-cn	official-cn-stage-bytes	dynamic_image_recovery_audit_20260819/remaining_dynamic_162_product_patch.json#54	1571	174	30
magica/resource/image_web/event/accomplish/1019/event_pop.png	png	official-cn-dynamic-direct	official-cn-legacy-client-image	copy-official-cn	dynamic_image_recovery_audit_20260819/official_cn_direct_357_product_patch.json#89	7643	128	152
magica/resource/image_web/event/accomplish/1019/logo.png	png	official-cn-dynamic-direct	official-cn-legacy-client-image	copy-official-cn	dynamic_image_recovery_audit_20260819/official_cn_direct_357_product_patch.json#90	9587	168	168
magica/resource/image_web/event/accomplish/1019/navi_01.png	png	official-cn-dynamic-direct	official-cn-legacy-client-image	copy-official-cn	dynamic_image_recovery_audit_20260819/official_cn_direct_357_product_patch.json#91	172161	1024	498
magica/resource/image_web/event/accomplish/1019/navi_02.png	png	official-cn-dynamic-direct	official-cn-legacy-client-image	copy-official-cn	dynamic_image_recovery_audit_20260819/official_cn_direct_357_product_patch.json#92	176275	1024	498
magica/resource/image_web/event/accomplish/1019/navi_03.png	png	official-cn-dynamic-direct	official-cn-legacy-client-image	copy-official-cn	dynamic_image_recovery_audit_20260819/official_cn_direct_357_product_patch.json#93	185242	1024	498
magica/resource/image_web/event/accomplish/1019/reward_header.png	png	official-cn-dynamic-batch-a	official-cn	copy	dynamic_image_recovery_audit_20260819/dynamic_image_product_patch_manifest.json#1	11045	868	48
magica/resource/image_web/event/accomplish/1019/story_collection_title.png	png	official-cn-dynamic-direct	official-cn-legacy-client-image	copy-official-cn	dynamic_image_recovery_audit_20260819/official_cn_direct_357_product_patch.json#36	10437	552	54
magica/resource/image_web/event/accomplish/1019/tab_limited_quest_s.png	png	official-cn-dynamic-direct	official-cn-legacy-client-image	copy-official-cn	dynamic_image_recovery_audit_20260819/official_cn_direct_357_product_patch.json#94	5398	180	50
magica/resource/image_web/event/accomplish/1019/title_challenge.png	png	official-cn-dynamic-remaining	official-cn	official-cn-stage-bytes	dynamic_image_recovery_audit_20260819/remaining_dynamic_162_product_patch.json#55	4741	354	70
magica/resource/image_web/event/accomplish/1019/title_story.png	png	official-cn-dynamic-remaining	official-cn	official-cn-stage-bytes	dynamic_image_recovery_audit_20260819/remaining_dynamic_162_product_patch.json#56	4418	354	70
magica/resource/image_web/event/accomplish/1027/enemyDetail/header_challenge.png	png	official-cn-dynamic-remaining	official-cn	official-cn-stage-bytes	dynamic_image_recovery_audit_20260819/remaining_dynamic_162_product_patch.json#57	1986	174	30
magica/resource/image_web/event/accomplish/1027/enemyDetail/header_story.png	png	official-cn-dynamic-remaining	official-cn	official-cn-stage-bytes	dynamic_image_recovery_audit_20260819/remaining_dynamic_162_product_patch.json#58	1741	174	30
magica/resource/image_web/event/accomplish/1027/event_pop.png	png	official-cn-dynamic-direct	official-cn-legacy-client-image	copy-official-cn	dynamic_image_recovery_audit_20260819/official_cn_direct_357_product_patch.json#95	6929	128	152
magica/resource/image_web/event/accomplish/1027/logo.png	png	official-cn-dynamic-direct	official-cn-legacy-client-image	copy-official-cn	dynamic_image_recovery_audit_20260819/official_cn_direct_357_product_patch.json#96	9410	168	168
magica/resource/image_web/event/accomplish/1027/navi_01.png	png	official-cn-dynamic-direct	official-cn-legacy-client-image	copy-official-cn	dynamic_image_recovery_audit_20260819/official_cn_direct_357_product_patch.json#97	180564	1024	498
magica/resource/image_web/event/accomplish/1027/navi_02.png	png	official-cn-dynamic-direct	official-cn-legacy-client-image	copy-official-cn	dynamic_image_recovery_audit_20260819/official_cn_direct_357_product_patch.json#98	173292	1024	498
magica/resource/image_web/event/accomplish/1027/navi_03.png	png	official-cn-dynamic-direct	official-cn-legacy-client-image	copy-official-cn	dynamic_image_recovery_audit_20260819/official_cn_direct_357_product_patch.json#99	197129	1024	498
magica/resource/image_web/event/accomplish/1027/reward_header.png	png	official-cn-dynamic-batch-a	official-cn	copy	dynamic_image_recovery_audit_20260819/dynamic_image_product_patch_manifest.json#2	7677	868	48
magica/resource/image_web/event/accomplish/1027/reward_list.png	png	official-cn-dynamic-remaining	official-cn	official-cn-stage-bytes	dynamic_image_recovery_audit_20260819/remaining_dynamic_162_product_patch.json#59	103155	868	1476
magica/resource/image_web/event/accomplish/1027/story_collection_title.png	png	official-cn-dynamic-direct	official-cn-legacy-client-image	copy-official-cn	dynamic_image_recovery_audit_20260819/official_cn_direct_357_product_patch.json#37	12003	552	54
magica/resource/image_web/event/accomplish/1027/tab_limited_quest_s.png	png	official-cn-dynamic-direct	official-cn-legacy-client-image	copy-official-cn	dynamic_image_recovery_audit_20260819/official_cn_direct_357_product_patch.json#100	6130	180	50
magica/resource/image_web/event/accomplish/1027/title_challenge.png	png	official-cn-dynamic-remaining	official-cn	official-cn-stage-bytes	dynamic_image_recovery_audit_20260819/remaining_dynamic_162_product_patch.json#60	3932	354	70
magica/resource/image_web/event/accomplish/1027/title_story.png	png	official-cn-dynamic-remaining	official-cn	official-cn-stage-bytes	dynamic_image_recovery_audit_20260819/remaining_dynamic_162_product_patch.json#61	3747	354	70
magica/resource/image_web/event/accomplish/1042/enemyDetail/header_challenge.png	png	official-cn-dynamic-remaining	official-cn	official-cn-stage-bytes	dynamic_image_recovery_audit_20260819/remaining_dynamic_162_product_patch.json#62	1831	174	30
magica/resource/image_web/event/accomplish/1042/enemyDetail/header_story.png	png	official-cn-dynamic-remaining	official-cn	official-cn-stage-bytes	dynamic_image_recovery_audit_20260819/remaining_dynamic_162_product_patch.json#63	1825	174	30
magica/resource/image_web/event/accomplish/1042/event_pop.png	png	official-cn-dynamic-remaining	official-cn	official-cn-stage-bytes	dynamic_image_recovery_audit_20260819/remaining_dynamic_162_product_patch.json#64	6556	128	152
magica/resource/image_web/event/accomplish/1042/logo.png	png	official-cn-dynamic-remaining	official-cn	official-cn-stage-bytes	dynamic_image_recovery_audit_20260819/remaining_dynamic_162_product_patch.json#65	31356	168	168
magica/resource/image_web/event/accomplish/1042/navi_01.png	png	official-cn-dynamic-remaining	official-cn	official-cn-stage-bytes	dynamic_image_recovery_audit_20260819/remaining_dynamic_162_product_patch.json#66	172957	1024	498
magica/resource/image_web/event/accomplish/1042/navi_02.png	png	official-cn-dynamic-remaining	official-cn	official-cn-stage-bytes	dynamic_image_recovery_audit_20260819/remaining_dynamic_162_product_patch.json#67	177589	1024	498
magica/resource/image_web/event/accomplish/1042/navi_03.png	png	official-cn-dynamic-remaining	official-cn	official-cn-stage-bytes	dynamic_image_recovery_audit_20260819/remaining_dynamic_162_product_patch.json#68	195496	1024	498
magica/resource/image_web/event/accomplish/1042/reward_header.png	png	official-cn-dynamic-batch-a	official-cn	copy	dynamic_image_recovery_audit_20260819/dynamic_image_product_patch_manifest.json#3	9246	868	48
magica/resource/image_web/event/accomplish/1042/reward_list.png	png	official-cn-dynamic-remaining	official-cn	official-cn-stage-bytes	dynamic_image_recovery_audit_20260819/remaining_dynamic_162_product_patch.json#69	93565	868	1476
magica/resource/image_web/event/accomplish/1042/story_collection_title.png	png	official-cn-dynamic-remaining	official-cn	official-cn-stage-bytes	dynamic_image_recovery_audit_20260819/remaining_dynamic_162_product_patch.json#70	13404	552	54
magica/resource/image_web/event/accomplish/1042/tab_limited_quest_s.png	png	official-cn-dynamic-remaining	official-cn	official-cn-stage-bytes	dynamic_image_recovery_audit_20260819/remaining_dynamic_162_product_patch.json#71	5064	180	50
magica/resource/image_web/event/accomplish/1042/title_challenge.png	png	official-cn-dynamic-remaining	official-cn	official-cn-stage-bytes	dynamic_image_recovery_audit_20260819/remaining_dynamic_162_product_patch.json#72	5413	354	70
magica/resource/image_web/event/accomplish/1042/title_story.png	png	official-cn-dynamic-remaining	official-cn	official-cn-stage-bytes	dynamic_image_recovery_audit_20260819/remaining_dynamic_162_product_patch.json#73	3220	354	70
magica/resource/image_web/event/accomplish/common/btn_cure.png	png	official-cn-gap-direct	official-cn-legacy-client-image	copy-official-cn-same-path	magica/research/totentanz-full-localization-20260817/official-cn-image-overlay-round2/overlay_manifest.json#SOURCE-IMG-0009	6858	102	106
magica/resource/image_web/event/accomplish/common/btn_reward.png	png	official-cn-gap-direct	official-cn-legacy-client-image	copy-official-cn-same-path	magica/research/totentanz-full-localization-20260817/official-cn-image-overlay-round2/overlay_manifest.json#SOURCE-IMG-0010	2813	116	40
magica/resource/image_web/event/accomplish/common/deck/bg_cure_time.png	png	official-cn-gap-direct	official-cn-legacy-client-image	copy-official-cn-same-path	magica/research/totentanz-full-localization-20260817/official-cn-image-overlay-round2/overlay_manifest.json#SOURCE-IMG-0011	1913	108	48
magica/resource/image_web/event/accomplish/common/deck/btn_cure.png	png	official-cn-gap-direct	official-cn-legacy-client-image	copy-official-cn-same-path	magica/research/totentanz-full-localization-20260817/official-cn-image-overlay-round2/overlay_manifest.json#SOURCE-IMG-0012	4391	144	46
magica/resource/image_web/event/accomplish/common/deck/icon_chara_list_die.png	png	official-cn-gap-direct	official-cn-legacy-client-image	copy-official-cn-same-path	magica/research/totentanz-full-localization-20260817/official-cn-image-overlay-round2/overlay_manifest.json#SOURCE-IMG-0013	1871	80	24
magica/resource/image_web/event/accomplish/common/deck/icon_die.png	png	official-cn-same-path	official-cn-legacy-client	copy-official-cn-same-path-same-geometry	magica/research/totentanz-full-localization-20260817/official-cn-image-overlay/overlay_manifest.json#event/accomplish/common/deck/icon_die.png	2441	132	28
magica/resource/image_web/event/accomplish/common/enemyDetail/btn_challenge.png	png	official-cn-gap-direct	official-cn-legacy-client-image	copy-official-cn-same-path	magica/research/totentanz-full-localization-20260817/official-cn-image-overlay-round2/overlay_manifest.json#SOURCE-IMG-0014	6593	190	64
magica/resource/image_web/event/accomplish/common/enemyDetail/btn_challenge_gray.png	png	official-cn-gap-direct	official-cn-legacy-client-image	copy-official-cn-same-path	magica/research/totentanz-full-localization-20260817/official-cn-image-overlay-round2/overlay_manifest.json#SOURCE-IMG-0015	6911	190	64
magica/resource/image_web/event/accomplish/common/recovery/btn_chara_die.png	png	official-cn-gap-direct	official-cn-legacy-client-image	copy-official-cn-same-path	magica/research/totentanz-full-localization-20260817/official-cn-image-overlay-round2/overlay_manifest.json#SOURCE-IMG-0016	3440	290	114
magica/resource/image_web/event/accomplish/common/recovery/header_cure.png	png	official-cn-gap-direct	official-cn-legacy-client-image	copy-official-cn-same-path	magica/research/totentanz-full-localization-20260817/official-cn-image-overlay-round2/overlay_manifest.json#SOURCE-IMG-0017	3126	984	60
magica/resource/image_web/event/accomplish/common/recovery/icon_cure_finish.png	png	official-cn-gap-direct	official-cn-legacy-client-image	copy-official-cn-same-path	magica/research/totentanz-full-localization-20260817/official-cn-image-overlay-round2/overlay_manifest.json#SOURCE-IMG-0018	2239	146	28
magica/resource/image_web/event/aprilfool2018/common/btn_position.png	png	official-cn-gap-direct	official-cn-legacy-client-image	copy-official-cn-same-path	magica/research/totentanz-full-localization-20260817/official-cn-image-overlay-round2/overlay_manifest.json#SOURCE-IMG-0019	4207	88	78
magica/resource/image_web/event/aprilfool2018/common/btn_timer.png	png	official-cn-gap-direct	official-cn-legacy-client-image	copy-official-cn-same-path	magica/research/totentanz-full-localization-20260817/official-cn-image-overlay-round2/overlay_manifest.json#SOURCE-IMG-0020	4762	88	78
magica/resource/image_web/event/arenaMission/1006/bg_clear_condition.png	png	official-cn-gap-direct	official-cn-legacy-client-image	copy-official-cn-same-path	magica/research/totentanz-full-localization-20260817/official-cn-image-overlay-round2/overlay_manifest.json#SOURCE-IMG-0021	3388	288	58
magica/resource/image_web/event/arenaMission/1006/bg_party_pt.png	png	official-cn-gap-direct	official-cn-legacy-client-image	copy-official-cn-same-path	magica/research/totentanz-full-localization-20260817/official-cn-image-overlay-round2/overlay_manifest.json#SOURCE-IMG-0022	4745	520	112
magica/resource/image_web/event/arenaMission/1006/btn_mission.png	png	official-cn-gap-direct	official-cn-legacy-client-image	copy-official-cn-same-path	magica/research/totentanz-full-localization-20260817/official-cn-image-overlay-round2/overlay_manifest.json#SOURCE-IMG-0023	4135	100	86
magica/resource/image_web/event/arenaMission/1006/btn_reward.png	png	official-cn-gap-direct	official-cn-legacy-client-image	copy-official-cn-same-path	magica/research/totentanz-full-localization-20260817/official-cn-image-overlay-round2/overlay_manifest.json#SOURCE-IMG-0024	3836	100	86
magica/resource/image_web/event/arenaMission/1006/confirm/btn_battle_start.png	png	official-cn-gap-direct	official-cn-legacy-client-image	copy-official-cn-same-path	magica/research/totentanz-full-localization-20260817/official-cn-image-overlay-round2/overlay_manifest.json#SOURCE-IMG-0025	7982	298	90
magica/resource/image_web/event/arenaMission/1006/confirm/item_use_header.png	png	official-cn-gap-direct	official-cn-legacy-client-image	copy-official-cn-same-path	magica/research/totentanz-full-localization-20260817/official-cn-image-overlay-round2/overlay_manifest.json#SOURCE-IMG-0026	11278	552	72
magica/resource/image_web/event/arenaMission/1006/confirm/party_pt_header.png	png	official-cn-gap-direct	official-cn-legacy-client-image	copy-official-cn-same-path	magica/research/totentanz-full-localization-20260817/official-cn-image-overlay-round2/overlay_manifest.json#SOURCE-IMG-0027	2048	166	38
magica/resource/image_web/event/arenaMission/1006/confirm/team_pt_header.png	png	official-cn-gap-direct	official-cn-legacy-client-image	copy-official-cn-same-path	magica/research/totentanz-full-localization-20260817/official-cn-image-overlay-round2/overlay_manifest.json#SOURCE-IMG-0028	2967	166	38
magica/resource/image_web/event/arenaMission/1006/event_pop.png	png	official-cn-dynamic-direct	official-cn-legacy-client-image	copy-official-cn	dynamic_image_recovery_audit_20260819/official_cn_direct_357_product_patch.json#101	7811	128	152
magica/resource/image_web/event/arenaMission/1006/icon_stage_clear.png	png	official-cn-gap-direct	official-cn-legacy-client-image	copy-official-cn-same-path	magica/research/totentanz-full-localization-20260817/official-cn-image-overlay-round2/overlay_manifest.json#SOURCE-IMG-0029	1020	78	42
magica/resource/image_web/event/arenaMission/1006/logo.png	png	official-cn-gap-direct	official-cn-legacy-client-image	copy-official-cn-same-path	magica/research/totentanz-full-localization-20260817/official-cn-image-overlay-round2/overlay_manifest.json#SOURCE-IMG-0030	13505	186	188
magica/resource/image_web/event/arenaMission/1006/matching/btn_change.png	png	official-cn-gap-direct	official-cn-legacy-client-image	copy-official-cn-same-path	magica/research/totentanz-full-localization-20260817/official-cn-image-overlay-round2/overlay_manifest.json#SOURCE-IMG-0031	2871	184	42
magica/resource/image_web/event/arenaMission/1006/matching/btn_mirrors_formation.png	png	official-cn-gap-direct	official-cn-legacy-client-image	copy-official-cn-same-path	magica/research/totentanz-full-localization-20260817/official-cn-image-overlay-round2/overlay_manifest.json#SOURCE-IMG-0032	4140	182	52
magica/resource/image_web/event/arenaMission/1006/matching/enemy_icon_equal.png	png	official-cn-gap-direct	official-cn-legacy-client-image	copy-official-cn-same-path	magica/research/totentanz-full-localization-20260817/official-cn-image-overlay-round2/overlay_manifest.json#SOURCE-IMG-0033	1310	82	30
magica/resource/image_web/event/arenaMission/1006/matching/enemy_icon_lower.png	png	official-cn-gap-direct	official-cn-legacy-client-image	copy-official-cn-same-path	magica/research/totentanz-full-localization-20260817/official-cn-image-overlay-round2/overlay_manifest.json#SOURCE-IMG-0034	1123	82	30
magica/resource/image_web/event/arenaMission/1006/matching/enemy_icon_upper.png	png	official-cn-gap-direct	official-cn-legacy-client-image	copy-official-cn-same-path	magica/research/totentanz-full-localization-20260817/official-cn-image-overlay-round2/overlay_manifest.json#SOURCE-IMG-0035	1188	82	30
magica/resource/image_web/event/arenaMission/1006/matching/infinite_enemy_pt.png	png	official-cn-gap-direct	official-cn-legacy-client-image	copy-official-cn-same-path	magica/research/totentanz-full-localization-20260817/official-cn-image-overlay-round2/overlay_manifest.json#SOURCE-IMG-0036	2540	284	48
magica/resource/image_web/event/arenaMission/1006/matching/infinite_pt_base.png	png	official-cn-gap-direct	official-cn-legacy-client-image	copy-official-cn-same-path	magica/research/totentanz-full-localization-20260817/official-cn-image-overlay-round2/overlay_manifest.json#SOURCE-IMG-0037	1893	380	28
magica/resource/image_web/event/arenaMission/1006/matching/team_pt_base.png	png	official-cn-gap-direct	official-cn-legacy-client-image	copy-official-cn-same-path	magica/research/totentanz-full-localization-20260817/official-cn-image-overlay-round2/overlay_manifest.json#SOURCE-IMG-0038	1851	380	28
magica/resource/image_web/event/arenaMission/1006/navi_01.png	png	official-cn-dynamic-direct	official-cn-legacy-client-image	copy-official-cn	dynamic_image_recovery_audit_20260819/official_cn_direct_357_product_patch.json#102	213291	1024	498
magica/resource/image_web/event/arenaMission/1006/navi_02.png	png	official-cn-dynamic-direct	official-cn-legacy-client-image	copy-official-cn	dynamic_image_recovery_audit_20260819/official_cn_direct_357_product_patch.json#103	199573	1024	498
magica/resource/image_web/event/arenaMission/1006/navi_03.png	png	official-cn-dynamic-direct	official-cn-legacy-client-image	copy-official-cn	dynamic_image_recovery_audit_20260819/official_cn_direct_357_product_patch.json#104	216838	1024	498
magica/resource/image_web/event/arenaMission/1006/story_collection_title.png	png	official-cn-dynamic-direct	official-cn-legacy-client-image	copy-official-cn	dynamic_image_recovery_audit_20260819/official_cn_direct_357_product_patch.json#38	10526	552	54
magica/resource/image_web/event/arenaMission/1006/tab_limited_quest_s.png	png	official-cn-dynamic-direct	official-cn-legacy-client-image	copy-official-cn	dynamic_image_recovery_audit_20260819/official_cn_direct_357_product_patch.json#105	4832	180	50
magica/resource/image_web/event/arenaranking/1013/navi_01.png	png	official-cn-dynamic-direct	official-cn-legacy-client-image	copy-official-cn	dynamic_image_recovery_audit_20260819/official_cn_direct_357_product_patch.json#106	212856	1024	498
magica/resource/image_web/event/arenaranking/1013/navi_02.png	png	official-cn-dynamic-direct	official-cn-legacy-client-image	copy-official-cn	dynamic_image_recovery_audit_20260819/official_cn_direct_357_product_patch.json#107	147899	1024	498
magica/resource/image_web/event/arenaranking/1013/navi_03.png	png	official-cn-dynamic-direct	official-cn-legacy-client-image	copy-official-cn	dynamic_image_recovery_audit_20260819/official_cn_direct_357_product_patch.json#108	136665	1024	498
magica/resource/image_web/event/arenaranking/1013/story_collection_title.png	png	official-cn-dynamic-direct	official-cn-legacy-client-image	copy-official-cn	dynamic_image_recovery_audit_20260819/official_cn_direct_357_product_patch.json#39	11645	552	54
magica/resource/image_web/event/arenaranking/1024/navi_01.png	png	official-cn-dynamic-remaining	official-cn	official-cn-stage-bytes	dynamic_image_recovery_audit_20260819/remaining_dynamic_162_product_patch.json#74	212856	1024	498
magica/resource/image_web/event/arenaranking/1024/navi_02.png	png	official-cn-dynamic-remaining	official-cn	official-cn-stage-bytes	dynamic_image_recovery_audit_20260819/remaining_dynamic_162_product_patch.json#75	146900	1024	498
magica/resource/image_web/event/arenaranking/1024/navi_03.png	png	official-cn-dynamic-remaining	official-cn	official-cn-stage-bytes	dynamic_image_recovery_audit_20260819/remaining_dynamic_162_product_patch.json#76	136665	1024	498
magica/resource/image_web/event/arenaranking/1039/navi_01.png	png	official-cn-dynamic-remaining	official-cn	official-cn-stage-bytes	dynamic_image_recovery_audit_20260819/remaining_dynamic_162_product_patch.json#77	195864	1024	498
magica/resource/image_web/event/arenaranking/1039/navi_02.png	png	official-cn-dynamic-remaining	official-cn	official-cn-stage-bytes	dynamic_image_recovery_audit_20260819/remaining_dynamic_162_product_patch.json#78	137785	1024	498
magica/resource/image_web/event/arenaranking/1039/navi_03.png	png	official-cn-dynamic-remaining	official-cn	official-cn-stage-bytes	dynamic_image_recovery_audit_20260819/remaining_dynamic_162_product_patch.json#79	128497	1024	498
magica/resource/image_web/event/arenaranking/1055/navi_01.png	png	official-cn-dynamic-direct	official-cn-legacy-client-image	copy-official-cn	dynamic_image_recovery_audit_20260819/official_cn_direct_357_product_patch.json#109	212856	1024	498
magica/resource/image_web/event/arenaranking/1055/navi_02.png	png	official-cn-dynamic-direct	official-cn-legacy-client-image	copy-official-cn	dynamic_image_recovery_audit_20260819/official_cn_direct_357_product_patch.json#110	149213	1024	498
magica/resource/image_web/event/arenaranking/1055/navi_03.png	png	official-cn-dynamic-direct	official-cn-legacy-client-image	copy-official-cn	dynamic_image_recovery_audit_20260819/official_cn_direct_357_product_patch.json#111	128497	1024	498
magica/resource/image_web/event/arenaranking/1055/story_collection_title.png	png	official-cn-dynamic-direct	official-cn-legacy-client-image	copy-official-cn	dynamic_image_recovery_audit_20260819/official_cn_direct_357_product_patch.json#40	11645	552	54
magica/resource/image_web/event/arenaranking/1070/navi_01.png	png	official-cn-dynamic-direct	official-cn-legacy-client-image	copy-official-cn	dynamic_image_recovery_audit_20260819/official_cn_direct_357_product_patch.json#112	212856	1024	498
magica/resource/image_web/event/arenaranking/1070/navi_02.png	png	official-cn-dynamic-direct	official-cn-legacy-client-image	copy-official-cn	dynamic_image_recovery_audit_20260819/official_cn_direct_357_product_patch.json#113	147302	1024	498
magica/resource/image_web/event/arenaranking/1070/navi_03.png	png	official-cn-dynamic-direct	official-cn-legacy-client-image	copy-official-cn	dynamic_image_recovery_audit_20260819/official_cn_direct_357_product_patch.json#114	136367	1024	498
magica/resource/image_web/event/arenaranking/1070/story_collection_title.png	png	official-cn-dynamic-direct	official-cn-legacy-client-image	copy-official-cn	dynamic_image_recovery_audit_20260819/official_cn_direct_357_product_patch.json#41	11630	552	54
magica/resource/image_web/event/arenaranking/common/bg_battle_count.png	png	official-cn-gap-direct	official-cn-legacy-client-image	copy-official-cn-same-path	magica/research/totentanz-full-localization-20260817/official-cn-image-overlay-round2/overlay_manifest.json#SOURCE-IMG-0039	4298	176	98
magica/resource/image_web/event/arenaranking/common/btn_event_history.png	png	official-cn-gap-direct	official-cn-legacy-client-image	copy-official-cn-same-path	magica/research/totentanz-full-localization-20260817/official-cn-image-overlay-round2/overlay_manifest.json#SOURCE-IMG-0040	4761	146	50
magica/resource/image_web/event/arenaranking/common/btn_ranking.png	png	official-cn-gap-direct	official-cn-legacy-client-image	copy-official-cn-same-path	magica/research/totentanz-full-localization-20260817/official-cn-image-overlay-round2/overlay_manifest.json#SOURCE-IMG-0041	49752	344	344
magica/resource/image_web/event/arenaranking/common/btn_ranking_gray.png	png	official-cn-gap-direct	official-cn-legacy-client-image	copy-official-cn-same-path	magica/research/totentanz-full-localization-20260817/official-cn-image-overlay-round2/overlay_manifest.json#SOURCE-IMG-0042	51847	344	344
magica/resource/image_web/event/arenaranking/common/confirm/enemy_bonus_team_bg.png	png	official-cn-gap-direct	official-cn-legacy-client-image	copy-official-cn-same-path	magica/research/totentanz-full-localization-20260817/official-cn-image-overlay-round2/overlay_manifest.json#SOURCE-IMG-0043	1737	496	42
magica/resource/image_web/event/arenaranking/common/emblem/emblem_idle.png	png	official-cn-same-path	official-cn-legacy-client	copy-official-cn-same-path-same-geometry	magica/research/totentanz-full-localization-20260817/official-cn-image-overlay/overlay_manifest.json#event/arenaranking/common/emblem/emblem_idle.png	1897	130	130
magica/resource/image_web/event/arenaranking/common/emblem/emblem_null.png	png	official-cn-same-path	official-cn-legacy-client	copy-official-cn-same-path-same-geometry	magica/research/totentanz-full-localization-20260817/official-cn-image-overlay/overlay_manifest.json#event/arenaranking/common/emblem/emblem_null.png	1164	130	130
magica/resource/image_web/event/arenaranking/common/emblem/emblem_ongoing.png	png	official-cn-same-path	official-cn-legacy-client	copy-official-cn-same-path-same-geometry	magica/research/totentanz-full-localization-20260817/official-cn-image-overlay/overlay_manifest.json#event/arenaranking/common/emblem/emblem_ongoing.png	1208	130	130
magica/resource/image_web/event/arenaranking/common/event_pop.png	png	official-cn-same-path	official-cn-legacy-client	copy-official-cn-same-path-same-geometry	magica/research/totentanz-full-localization-20260817/official-cn-image-overlay/overlay_manifest.json#event/arenaranking/common/event_pop.png	11111	128	152
magica/resource/image_web/event/arenaranking/common/match/bg_break.png	png	official-cn-gap-direct	official-cn-legacy-client-image	copy-official-cn-same-path	magica/research/totentanz-full-localization-20260817/official-cn-image-overlay-round2/overlay_manifest.json#SOURCE-IMG-0044	3775	230	60
magica/resource/image_web/event/arenaranking/common/match/btn_change_free.png	png	official-cn-gap-direct	official-cn-legacy-client-image	copy-official-cn-same-path	magica/research/totentanz-full-localization-20260817/official-cn-image-overlay-round2/overlay_manifest.json#SOURCE-IMG-0045	2457	202	42
magica/resource/image_web/event/arenaranking/common/match/enemy_select_header.png	png	official-cn-gap-direct	official-cn-legacy-client-image	copy-official-cn-same-path	magica/research/totentanz-full-localization-20260817/official-cn-image-overlay-round2/overlay_manifest.json#SOURCE-IMG-0046	1270	598	28
magica/resource/image_web/event/arenaranking/common/match/icon_bonus_point.png	png	official-cn-gap-direct	official-cn-legacy-client-image	copy-official-cn-same-path	magica/research/totentanz-full-localization-20260817/official-cn-image-overlay-round2/overlay_manifest.json#SOURCE-IMG-0047	962	75	24
magica/resource/image_web/event/arenaranking/common/status_counting.png	png	official-cn-gap-direct	official-cn-legacy-client-image	copy-official-cn-same-path	magica/research/totentanz-full-localization-20260817/official-cn-image-overlay-round2/overlay_manifest.json#SOURCE-IMG-0048	2901	162	36
magica/resource/image_web/event/arenaranking/common/status_ongoing.png	png	official-cn-gap-direct	official-cn-legacy-client-image	copy-official-cn-same-path	magica/research/totentanz-full-localization-20260817/official-cn-image-overlay-round2/overlay_manifest.json#SOURCE-IMG-0049	2881	162	36
magica/resource/image_web/event/branch/1005/event_pop.png	png	official-cn-dynamic-direct	official-cn-legacy-client-image	copy-official-cn	dynamic_image_recovery_audit_20260819/official_cn_direct_357_product_patch.json#115	9729	128	152
magica/resource/image_web/event/branch/1005/logo.png	png	official-cn-dynamic-direct	official-cn-legacy-client-image	copy-official-cn	dynamic_image_recovery_audit_20260819/official_cn_direct_357_product_patch.json#116	10484	146	146
magica/resource/image_web/event/branch/1005/story_collection_title.png	png	official-cn-dynamic-direct	official-cn-legacy-client-image	copy-official-cn	dynamic_image_recovery_audit_20260819/official_cn_direct_357_product_patch.json#42	12818	552	54
magica/resource/image_web/event/branch/1005/tab_limited_quest_s.png	png	official-cn-dynamic-direct	official-cn-legacy-client-image	copy-official-cn	dynamic_image_recovery_audit_20260819/official_cn_direct_357_product_patch.json#117	4142	180	50
magica/resource/image_web/event/branch/1017/event_pop.png	png	official-cn-dynamic-direct	official-cn-legacy-client-image	copy-official-cn	dynamic_image_recovery_audit_20260819/official_cn_direct_357_product_patch.json#118	6255	128	152
magica/resource/image_web/event/branch/1017/logo.png	png	official-cn-dynamic-direct	official-cn-legacy-client-image	copy-official-cn	dynamic_image_recovery_audit_20260819/official_cn_direct_357_product_patch.json#119	10397	146	146
magica/resource/image_web/event/branch/1017/navi_01.png	png	official-cn-dynamic-direct	official-cn-legacy-client-image	copy-official-cn	dynamic_image_recovery_audit_20260819/official_cn_direct_357_product_patch.json#120	172702	1024	498
magica/resource/image_web/event/branch/1017/navi_02.png	png	official-cn-dynamic-direct	official-cn-legacy-client-image	copy-official-cn	dynamic_image_recovery_audit_20260819/official_cn_direct_357_product_patch.json#121	151960	1024	498
magica/resource/image_web/event/branch/1017/navi_03.png	png	official-cn-dynamic-direct	official-cn-legacy-client-image	copy-official-cn	dynamic_image_recovery_audit_20260819/official_cn_direct_357_product_patch.json#122	191913	1024	498
magica/resource/image_web/event/branch/1017/story_collection_title.png	png	official-cn-dynamic-direct	official-cn-legacy-client-image	copy-official-cn	dynamic_image_recovery_audit_20260819/official_cn_direct_357_product_patch.json#43	12915	552	54
magica/resource/image_web/event/branch/1017/tab_limited_quest_s.png	png	official-cn-dynamic-direct	official-cn-legacy-client-image	copy-official-cn	dynamic_image_recovery_audit_20260819/official_cn_direct_357_product_patch.json#123	4216	180	50
magica/resource/image_web/event/branch/1032/event_pop.png	png	official-cn-dynamic-direct	official-cn-legacy-client-image	copy-official-cn	dynamic_image_recovery_audit_20260819/official_cn_direct_357_product_patch.json#124	7122	128	152
magica/resource/image_web/event/branch/1032/logo.png	png	official-cn-dynamic-direct	official-cn-legacy-client-image	copy-official-cn	dynamic_image_recovery_audit_20260819/official_cn_direct_357_product_patch.json#125	9409	146	146
magica/resource/image_web/event/branch/1032/navi_01.png	png	official-cn-dynamic-direct	official-cn-legacy-client-image	copy-official-cn	dynamic_image_recovery_audit_20260819/official_cn_direct_357_product_patch.json#126	190053	1024	498
magica/resource/image_web/event/branch/1032/navi_02.png	png	official-cn-dynamic-direct	official-cn-legacy-client-image	copy-official-cn	dynamic_image_recovery_audit_20260819/official_cn_direct_357_product_patch.json#127	161895	1024	498
magica/resource/image_web/event/branch/1032/navi_03.png	png	official-cn-dynamic-direct	official-cn-legacy-client-image	copy-official-cn	dynamic_image_recovery_audit_20260819/official_cn_direct_357_product_patch.json#128	203984	1024	498
magica/resource/image_web/event/branch/1032/story_collection_title.png	png	official-cn-dynamic-direct	official-cn-legacy-client-image	copy-official-cn	dynamic_image_recovery_audit_20260819/official_cn_direct_357_product_patch.json#44	13402	552	54
magica/resource/image_web/event/branch/1032/tab_limited_quest_s.png	png	official-cn-dynamic-direct	official-cn-legacy-client-image	copy-official-cn	dynamic_image_recovery_audit_20260819/official_cn_direct_357_product_patch.json#129	5398	180	50
magica/resource/image_web/event/branch/1049/event_pop.png	png	official-cn-dynamic-direct	official-cn-legacy-client-image	copy-official-cn	dynamic_image_recovery_audit_20260819/official_cn_direct_357_product_patch.json#130	7032	128	152
magica/resource/image_web/event/branch/1049/logo.png	png	official-cn-dynamic-direct	official-cn-legacy-client-image	copy-official-cn	dynamic_image_recovery_audit_20260819/official_cn_direct_357_product_patch.json#131	9585	146	146
magica/resource/image_web/event/branch/1049/navi_01.png	png	official-cn-dynamic-direct	official-cn-legacy-client-image	copy-official-cn	dynamic_image_recovery_audit_20260819/official_cn_direct_357_product_patch.json#132	175738	1024	498
magica/resource/image_web/event/branch/1049/navi_02.png	png	official-cn-dynamic-direct	official-cn-legacy-client-image	copy-official-cn	dynamic_image_recovery_audit_20260819/official_cn_direct_357_product_patch.json#133	170895	1024	498
magica/resource/image_web/event/branch/1049/navi_03.png	png	official-cn-dynamic-direct	official-cn-legacy-client-image	copy-official-cn	dynamic_image_recovery_audit_20260819/official_cn_direct_357_product_patch.json#134	193330	1024	498
magica/resource/image_web/event/branch/1049/story_collection_title.png	png	official-cn-dynamic-direct	official-cn-legacy-client-image	copy-official-cn	dynamic_image_recovery_audit_20260819/official_cn_direct_357_product_patch.json#45	15038	552	54
magica/resource/image_web/event/branch/1049/tab_limited_quest_s.png	png	official-cn-dynamic-direct	official-cn-legacy-client-image	copy-official-cn	dynamic_image_recovery_audit_20260819/official_cn_direct_357_product_patch.json#135	5779	180	50
magica/resource/image_web/event/branch/1058/event_pop.png	png	official-cn-dynamic-direct	official-cn-legacy-client-image	copy-official-cn	dynamic_image_recovery_audit_20260819/official_cn_direct_357_product_patch.json#136	7122	128	152
magica/resource/image_web/event/branch/1058/logo.png	png	official-cn-dynamic-direct	official-cn-legacy-client-image	copy-official-cn	dynamic_image_recovery_audit_20260819/official_cn_direct_357_product_patch.json#137	9409	146	146
magica/resource/image_web/event/branch/1058/navi_01.png	png	official-cn-dynamic-direct	official-cn-legacy-client-image	copy-official-cn	dynamic_image_recovery_audit_20260819/official_cn_direct_357_product_patch.json#138	190053	1024	498
magica/resource/image_web/event/branch/1058/navi_02.png	png	official-cn-dynamic-direct	official-cn-legacy-client-image	copy-official-cn	dynamic_image_recovery_audit_20260819/official_cn_direct_357_product_patch.json#139	161895	1024	498
magica/resource/image_web/event/branch/1058/navi_03.png	png	official-cn-dynamic-direct	official-cn-legacy-client-image	copy-official-cn	dynamic_image_recovery_audit_20260819/official_cn_direct_357_product_patch.json#140	203984	1024	498
magica/resource/image_web/event/branch/1058/story_collection_title.png	png	official-cn-dynamic-direct	official-cn-legacy-client-image	copy-official-cn	dynamic_image_recovery_audit_20260819/official_cn_direct_357_product_patch.json#46	13568	552	54
magica/resource/image_web/event/branch/1058/tab_limited_quest_s.png	png	official-cn-dynamic-direct	official-cn-legacy-client-image	copy-official-cn	dynamic_image_recovery_audit_20260819/official_cn_direct_357_product_patch.json#141	5398	180	50
magica/resource/image_web/event/branch/1059/event_pop.png	png	official-cn-dynamic-direct	official-cn-legacy-client-image	copy-official-cn	dynamic_image_recovery_audit_20260819/official_cn_direct_357_product_patch.json#142	9729	128	152
magica/resource/image_web/event/branch/1059/logo.png	png	official-cn-dynamic-direct	official-cn-legacy-client-image	copy-official-cn	dynamic_image_recovery_audit_20260819/official_cn_direct_357_product_patch.json#143	10484	146	146
magica/resource/image_web/event/branch/1059/navi_01.png	png	official-cn-dynamic-direct	official-cn-legacy-client-image	copy-official-cn	dynamic_image_recovery_audit_20260819/official_cn_direct_357_product_patch.json#144	186210	1024	498
magica/resource/image_web/event/branch/1059/navi_02.png	png	official-cn-dynamic-direct	official-cn-legacy-client-image	copy-official-cn	dynamic_image_recovery_audit_20260819/official_cn_direct_357_product_patch.json#145	149406	1024	498
magica/resource/image_web/event/branch/1059/navi_03.png	png	official-cn-dynamic-direct	official-cn-legacy-client-image	copy-official-cn	dynamic_image_recovery_audit_20260819/official_cn_direct_357_product_patch.json#146	195938	1024	498
magica/resource/image_web/event/branch/1059/story_collection_title.png	png	official-cn-dynamic-direct	official-cn-legacy-client-image	copy-official-cn	dynamic_image_recovery_audit_20260819/official_cn_direct_357_product_patch.json#47	13999	552	54
magica/resource/image_web/event/branch/1059/tab_limited_quest_s.png	png	official-cn-dynamic-direct	official-cn-legacy-client-image	copy-official-cn	dynamic_image_recovery_audit_20260819/official_cn_direct_357_product_patch.json#147	4142	180	50
magica/resource/image_web/event/branch/1060/event_pop.png	png	official-cn-dynamic-direct	official-cn-legacy-client-image	copy-official-cn	dynamic_image_recovery_audit_20260819/official_cn_direct_357_product_patch.json#148	6882	128	152
magica/resource/image_web/event/branch/1060/logo.png	png	official-cn-dynamic-direct	official-cn-legacy-client-image	copy-official-cn	dynamic_image_recovery_audit_20260819/official_cn_direct_357_product_patch.json#149	8445	146	146
magica/resource/image_web/event/branch/1060/navi_01.png	png	official-cn-dynamic-direct	official-cn-legacy-client-image	copy-official-cn	dynamic_image_recovery_audit_20260819/official_cn_direct_357_product_patch.json#150	260787	1024	498
magica/resource/image_web/event/branch/1060/navi_02.png	png	official-cn-dynamic-direct	official-cn-legacy-client-image	copy-official-cn	dynamic_image_recovery_audit_20260819/official_cn_direct_357_product_patch.json#151	144019	1024	498
magica/resource/image_web/event/branch/1060/navi_03.png	png	official-cn-dynamic-direct	official-cn-legacy-client-image	copy-official-cn	dynamic_image_recovery_audit_20260819/official_cn_direct_357_product_patch.json#152	176676	1024	498
magica/resource/image_web/event/branch/1060/story_collection_title.png	png	official-cn-dynamic-direct	official-cn-legacy-client-image	copy-official-cn	dynamic_image_recovery_audit_20260819/official_cn_direct_357_product_patch.json#48	13884	552	54
magica/resource/image_web/event/branch/1060/tab_limited_quest_s.png	png	official-cn-dynamic-direct	official-cn-legacy-client-image	copy-official-cn	dynamic_image_recovery_audit_20260819/official_cn_direct_357_product_patch.json#153	4453	180	50
magica/resource/image_web/event/branch/1068/event_pop.png	png	official-cn-dynamic-direct	official-cn-legacy-client-image	copy-official-cn	dynamic_image_recovery_audit_20260819/official_cn_direct_357_product_patch.json#154	7727	128	152
magica/resource/image_web/event/branch/1068/logo.png	png	official-cn-dynamic-direct	official-cn-legacy-client-image	copy-official-cn	dynamic_image_recovery_audit_20260819/official_cn_direct_357_product_patch.json#155	8869	146	146
magica/resource/image_web/event/branch/1068/navi_01.png	png	official-cn-dynamic-direct	official-cn-legacy-client-image	copy-official-cn	dynamic_image_recovery_audit_20260819/official_cn_direct_357_product_patch.json#156	202186	1024	498
magica/resource/image_web/event/branch/1068/navi_02.png	png	official-cn-dynamic-direct	official-cn-legacy-client-image	copy-official-cn	dynamic_image_recovery_audit_20260819/official_cn_direct_357_product_patch.json#157	169072	1024	498
magica/resource/image_web/event/branch/1068/navi_03.png	png	official-cn-dynamic-direct	official-cn-legacy-client-image	copy-official-cn	dynamic_image_recovery_audit_20260819/official_cn_direct_357_product_patch.json#158	208173	1024	498
magica/resource/image_web/event/branch/1068/story_collection_title.png	png	official-cn-dynamic-direct	official-cn-legacy-client-image	copy-official-cn	dynamic_image_recovery_audit_20260819/official_cn_direct_357_product_patch.json#49	11350	552	54
magica/resource/image_web/event/branch/1068/tab_limited_quest_s.png	png	official-cn-dynamic-direct	official-cn-legacy-client-image	copy-official-cn	dynamic_image_recovery_audit_20260819/official_cn_direct_357_product_patch.json#159	5070	180	50
magica/resource/image_web/event/branch/common/story_clear_b.png	png	official-cn-gap-direct	official-cn-legacy-client-image	copy-official-cn-same-path	magica/research/totentanz-full-localization-20260817/official-cn-image-overlay-round2/overlay_manifest.json#SOURCE-IMG-0050	8152	344	52
magica/resource/image_web/event/dailytower/1010/event_pop.png	png	official-cn-dynamic-direct	official-cn-legacy-client-image	copy-official-cn	dynamic_image_recovery_audit_20260819/official_cn_direct_357_product_patch.json#160	8555	128	152
magica/resource/image_web/event/dailytower/1010/logo.png	png	official-cn-dynamic-direct	official-cn-legacy-client-image	copy-official-cn	dynamic_image_recovery_audit_20260819/official_cn_direct_357_product_patch.json#161	11634	168	168
magica/resource/image_web/event/dailytower/1010/navi_01.png	png	official-cn-dynamic-direct	official-cn-legacy-client-image	copy-official-cn	dynamic_image_recovery_audit_20260819/official_cn_direct_357_product_patch.json#162	122893	1024	498
magica/resource/image_web/event/dailytower/1010/navi_02.png	png	official-cn-dynamic-direct	official-cn-legacy-client-image	copy-official-cn	dynamic_image_recovery_audit_20260819/official_cn_direct_357_product_patch.json#163	144241	1024	498
magica/resource/image_web/event/dailytower/1010/navi_03.png	png	official-cn-dynamic-direct	official-cn-legacy-client-image	copy-official-cn	dynamic_image_recovery_audit_20260819/official_cn_direct_357_product_patch.json#164	153691	1024	498
magica/resource/image_web/event/dailytower/1010/story_collection_title.png	png	official-cn-dynamic-direct	official-cn-legacy-client-image	copy-official-cn	dynamic_image_recovery_audit_20260819/official_cn_direct_357_product_patch.json#50	13562	552	54
magica/resource/image_web/event/dailytower/1010/tab_limited_quest_s.png	png	official-cn-dynamic-direct	official-cn-legacy-client-image	copy-official-cn	dynamic_image_recovery_audit_20260819/official_cn_direct_357_product_patch.json#165	6367	180	50
magica/resource/image_web/event/dailytower/1011/event_pop.png	png	official-cn-dynamic-direct	official-cn-legacy-client-image	copy-official-cn	dynamic_image_recovery_audit_20260819/official_cn_direct_357_product_patch.json#166	8338	128	152
magica/resource/image_web/event/dailytower/1011/logo.png	png	official-cn-dynamic-direct	official-cn-legacy-client-image	copy-official-cn	dynamic_image_recovery_audit_20260819/official_cn_direct_357_product_patch.json#167	12018	168	168
magica/resource/image_web/event/dailytower/1011/navi_01.png	png	official-cn-dynamic-direct	official-cn-legacy-client-image	copy-official-cn	dynamic_image_recovery_audit_20260819/official_cn_direct_357_product_patch.json#168	208488	1024	498
magica/resource/image_web/event/dailytower/1011/navi_02.png	png	official-cn-dynamic-direct	official-cn-legacy-client-image	copy-official-cn	dynamic_image_recovery_audit_20260819/official_cn_direct_357_product_patch.json#169	201223	1024	498
magica/resource/image_web/event/dailytower/1011/navi_03.png	png	official-cn-dynamic-direct	official-cn-legacy-client-image	copy-official-cn	dynamic_image_recovery_audit_20260819/official_cn_direct_357_product_patch.json#170	207661	1024	498
magica/resource/image_web/event/dailytower/1011/story_collection_title.png	png	official-cn-dynamic-direct	official-cn-legacy-client-image	copy-official-cn	dynamic_image_recovery_audit_20260819/official_cn_direct_357_product_patch.json#51	14016	552	54
magica/resource/image_web/event/dailytower/1011/tab_limited_quest_s.png	png	official-cn-dynamic-direct	official-cn-legacy-client-image	copy-official-cn	dynamic_image_recovery_audit_20260819/official_cn_direct_357_product_patch.json#171	5710	180	50
magica/resource/image_web/event/dailytower/1014/event_pop.png	png	official-cn-dynamic-direct	official-cn-legacy-client-image	copy-official-cn	dynamic_image_recovery_audit_20260819/official_cn_direct_357_product_patch.json#172	6784	128	152
magica/resource/image_web/event/dailytower/1014/logo.png	png	official-cn-dynamic-direct	official-cn-legacy-client-image	copy-official-cn	dynamic_image_recovery_audit_20260819/official_cn_direct_357_product_patch.json#173	11436	168	168
magica/resource/image_web/event/dailytower/1014/navi_01.png	png	official-cn-dynamic-direct	official-cn-legacy-client-image	copy-official-cn	dynamic_image_recovery_audit_20260819/official_cn_direct_357_product_patch.json#174	200137	1024	498
magica/resource/image_web/event/dailytower/1014/navi_02.png	png	official-cn-dynamic-direct	official-cn-legacy-client-image	copy-official-cn	dynamic_image_recovery_audit_20260819/official_cn_direct_357_product_patch.json#175	168997	1024	498
magica/resource/image_web/event/dailytower/1014/navi_03.png	png	official-cn-dynamic-direct	official-cn-legacy-client-image	copy-official-cn	dynamic_image_recovery_audit_20260819/official_cn_direct_357_product_patch.json#176	208802	1024	498
magica/resource/image_web/event/dailytower/1014/story_collection_title.png	png	official-cn-dynamic-direct	official-cn-legacy-client-image	copy-official-cn	dynamic_image_recovery_audit_20260819/official_cn_direct_357_product_patch.json#52	13702	552	54
magica/resource/image_web/event/dailytower/1014/tab_limited_quest_s.png	png	official-cn-dynamic-direct	official-cn-legacy-client-image	copy-official-cn	dynamic_image_recovery_audit_20260819/official_cn_direct_357_product_patch.json#177	6103	180	50
magica/resource/image_web/event/dailytower/1021/event_pop.png	png	official-cn-dynamic-direct	official-cn-legacy-client-image	copy-official-cn	dynamic_image_recovery_audit_20260819/official_cn_direct_357_product_patch.json#178	7444	128	152
magica/resource/image_web/event/dailytower/1021/logo.png	png	official-cn-dynamic-direct	official-cn-legacy-client-image	copy-official-cn	dynamic_image_recovery_audit_20260819/official_cn_direct_357_product_patch.json#179	10970	168	168
magica/resource/image_web/event/dailytower/1021/navi_01.png	png	official-cn-dynamic-direct	official-cn-legacy-client-image	copy-official-cn	dynamic_image_recovery_audit_20260819/official_cn_direct_357_product_patch.json#180	173111	1024	498
magica/resource/image_web/event/dailytower/1021/navi_02.png	png	official-cn-dynamic-direct	official-cn-legacy-client-image	copy-official-cn	dynamic_image_recovery_audit_20260819/official_cn_direct_357_product_patch.json#181	187476	1024	498
magica/resource/image_web/event/dailytower/1021/navi_03.png	png	official-cn-dynamic-direct	official-cn-legacy-client-image	copy-official-cn	dynamic_image_recovery_audit_20260819/official_cn_direct_357_product_patch.json#182	193867	1024	498
magica/resource/image_web/event/dailytower/1021/story_collection_title.png	png	official-cn-dynamic-direct	official-cn-legacy-client-image	copy-official-cn	dynamic_image_recovery_audit_20260819/official_cn_direct_357_product_patch.json#53	11137	552	54
magica/resource/image_web/event/dailytower/1021/tab_limited_quest_s.png	png	official-cn-dynamic-direct	official-cn-legacy-client-image	copy-official-cn	dynamic_image_recovery_audit_20260819/official_cn_direct_357_product_patch.json#183	5119	180	50
magica/resource/image_web/event/dailytower/1025/event_pop.png	png	official-cn-dynamic-direct	official-cn-legacy-client-image	copy-official-cn	dynamic_image_recovery_audit_20260819/official_cn_direct_357_product_patch.json#184	7474	128	152
magica/resource/image_web/event/dailytower/1025/logo.png	png	official-cn-dynamic-direct	official-cn-legacy-client-image	copy-official-cn	dynamic_image_recovery_audit_20260819/official_cn_direct_357_product_patch.json#185	10822	168	168
magica/resource/image_web/event/dailytower/1025/navi_01.png	png	official-cn-dynamic-direct	official-cn-legacy-client-image	copy-official-cn	dynamic_image_recovery_audit_20260819/official_cn_direct_357_product_patch.json#186	203345	1024	498
magica/resource/image_web/event/dailytower/1025/navi_02.png	png	official-cn-dynamic-direct	official-cn-legacy-client-image	copy-official-cn	dynamic_image_recovery_audit_20260819/official_cn_direct_357_product_patch.json#187	168096	1024	498
magica/resource/image_web/event/dailytower/1025/navi_03.png	png	official-cn-dynamic-direct	official-cn-legacy-client-image	copy-official-cn	dynamic_image_recovery_audit_20260819/official_cn_direct_357_product_patch.json#188	191627	1024	498
magica/resource/image_web/event/dailytower/1025/story_collection_title.png	png	official-cn-dynamic-direct	official-cn-legacy-client-image	copy-official-cn	dynamic_image_recovery_audit_20260819/official_cn_direct_357_product_patch.json#54	10911	552	54
magica/resource/image_web/event/dailytower/1025/tab_limited_quest_s.png	png	official-cn-dynamic-direct	official-cn-legacy-client-image	copy-official-cn	dynamic_image_recovery_audit_20260819/official_cn_direct_357_product_patch.json#189	4946	180	50
magica/resource/image_web/event/dailytower/1028/event_pop.png	png	official-cn-dynamic-direct	official-cn-legacy-client-image	copy-official-cn	dynamic_image_recovery_audit_20260819/official_cn_direct_357_product_patch.json#190	8277	128	152
magica/resource/image_web/event/dailytower/1028/logo.png	png	official-cn-dynamic-direct	official-cn-legacy-client-image	copy-official-cn	dynamic_image_recovery_audit_20260819/official_cn_direct_357_product_patch.json#191	11301	168	168
magica/resource/image_web/event/dailytower/1028/navi_01.png	png	official-cn-dynamic-direct	official-cn-legacy-client-image	copy-official-cn	dynamic_image_recovery_audit_20260819/official_cn_direct_357_product_patch.json#192	188208	1024	498
magica/resource/image_web/event/dailytower/1028/navi_02.png	png	official-cn-dynamic-direct	official-cn-legacy-client-image	copy-official-cn	dynamic_image_recovery_audit_20260819/official_cn_direct_357_product_patch.json#193	203986	1024	498
magica/resource/image_web/event/dailytower/1028/navi_03.png	png	official-cn-dynamic-direct	official-cn-legacy-client-image	copy-official-cn	dynamic_image_recovery_audit_20260819/official_cn_direct_357_product_patch.json#194	201651	1024	498
magica/resource/image_web/event/dailytower/1028/story_collection_title.png	png	official-cn-dynamic-direct	official-cn-legacy-client-image	copy-official-cn	dynamic_image_recovery_audit_20260819/official_cn_direct_357_product_patch.json#55	11732	552	54
magica/resource/image_web/event/dailytower/1028/tab_limited_quest_s.png	png	official-cn-dynamic-direct	official-cn-legacy-client-image	copy-official-cn	dynamic_image_recovery_audit_20260819/official_cn_direct_357_product_patch.json#195	6056	180	50
magica/resource/image_web/event/dailytower/1030/event_pop.png	png	official-cn-dynamic-direct	official-cn-legacy-client-image	copy-official-cn	dynamic_image_recovery_audit_20260819/official_cn_direct_357_product_patch.json#196	8757	128	152
magica/resource/image_web/event/dailytower/1030/logo.png	png	official-cn-dynamic-direct	official-cn-legacy-client-image	copy-official-cn	dynamic_image_recovery_audit_20260819/official_cn_direct_357_product_patch.json#197	13636	168	168
magica/resource/image_web/event/dailytower/1030/navi_01.png	png	official-cn-dynamic-direct	official-cn-legacy-client-image	copy-official-cn	dynamic_image_recovery_audit_20260819/official_cn_direct_357_product_patch.json#198	180077	1024	498
magica/resource/image_web/event/dailytower/1030/navi_02.png	png	official-cn-dynamic-direct	official-cn-legacy-client-image	copy-official-cn	dynamic_image_recovery_audit_20260819/official_cn_direct_357_product_patch.json#199	157919	1024	498
magica/resource/image_web/event/dailytower/1030/navi_03.png	png	official-cn-dynamic-direct	official-cn-legacy-client-image	copy-official-cn	dynamic_image_recovery_audit_20260819/official_cn_direct_357_product_patch.json#200	188690	1024	498
magica/resource/image_web/event/dailytower/1030/story_collection_title.png	png	official-cn-dynamic-direct	official-cn-legacy-client-image	copy-official-cn	dynamic_image_recovery_audit_20260819/official_cn_direct_357_product_patch.json#56	10984	552	54
magica/resource/image_web/event/dailytower/1030/tab_limited_quest_s.png	png	official-cn-dynamic-direct	official-cn-legacy-client-image	copy-official-cn	dynamic_image_recovery_audit_20260819/official_cn_direct_357_product_patch.json#201	6317	180	50
magica/resource/image_web/event/dailytower/1033/event_pop.png	png	official-cn-dynamic-direct	official-cn-legacy-client-image	copy-official-cn	dynamic_image_recovery_audit_20260819/official_cn_direct_357_product_patch.json#202	8701	128	152
magica/resource/image_web/event/dailytower/1033/logo.png	png	official-cn-dynamic-direct	official-cn-legacy-client-image	copy-official-cn	dynamic_image_recovery_audit_20260819/official_cn_direct_357_product_patch.json#203	12612	168	168
magica/resource/image_web/event/dailytower/1033/navi_01.png	png	official-cn-dynamic-direct	official-cn-legacy-client-image	copy-official-cn	dynamic_image_recovery_audit_20260819/official_cn_direct_357_product_patch.json#204	176080	1024	498
magica/resource/image_web/event/dailytower/1033/navi_02.png	png	official-cn-dynamic-direct	official-cn-legacy-client-image	copy-official-cn	dynamic_image_recovery_audit_20260819/official_cn_direct_357_product_patch.json#205	210572	1024	498
magica/resource/image_web/event/dailytower/1033/navi_03.png	png	official-cn-dynamic-direct	official-cn-legacy-client-image	copy-official-cn	dynamic_image_recovery_audit_20260819/official_cn_direct_357_product_patch.json#206	218317	1024	498
magica/resource/image_web/event/dailytower/1033/story_collection_title.png	png	official-cn-dynamic-direct	official-cn-legacy-client-image	copy-official-cn	dynamic_image_recovery_audit_20260819/official_cn_direct_357_product_patch.json#57	12515	552	54
magica/resource/image_web/event/dailytower/1033/tab_limited_quest_s.png	png	official-cn-dynamic-direct	official-cn-legacy-client-image	copy-official-cn	dynamic_image_recovery_audit_20260819/official_cn_direct_357_product_patch.json#207	5431	180	50
magica/resource/image_web/event/dailytower/1040/event_pop.png	png	official-cn-dynamic-direct	official-cn-legacy-client-image	copy-official-cn	dynamic_image_recovery_audit_20260819/official_cn_direct_357_product_patch.json#208	5528	128	152
magica/resource/image_web/event/dailytower/1040/logo.png	png	official-cn-dynamic-direct	official-cn-legacy-client-image	copy-official-cn	dynamic_image_recovery_audit_20260819/official_cn_direct_357_product_patch.json#209	17546	168	168
magica/resource/image_web/event/dailytower/1040/navi_01.png	png	official-cn-dynamic-direct	official-cn-legacy-client-image	copy-official-cn	dynamic_image_recovery_audit_20260819/official_cn_direct_357_product_patch.json#210	173435	1024	498
magica/resource/image_web/event/dailytower/1040/navi_02.png	png	official-cn-dynamic-direct	official-cn-legacy-client-image	copy-official-cn	dynamic_image_recovery_audit_20260819/official_cn_direct_357_product_patch.json#211	165562	1024	498
magica/resource/image_web/event/dailytower/1040/navi_03.png	png	official-cn-dynamic-direct	official-cn-legacy-client-image	copy-official-cn	dynamic_image_recovery_audit_20260819/official_cn_direct_357_product_patch.json#212	182012	1024	498
magica/resource/image_web/event/dailytower/1040/story_collection_title.png	png	official-cn-dynamic-direct	official-cn-legacy-client-image	copy-official-cn	dynamic_image_recovery_audit_20260819/official_cn_direct_357_product_patch.json#58	9120	552	54
magica/resource/image_web/event/dailytower/1040/tab_limited_quest_s.png	png	official-cn-dynamic-direct	official-cn-legacy-client-image	copy-official-cn	dynamic_image_recovery_audit_20260819/official_cn_direct_357_product_patch.json#213	5033	180	50
magica/resource/image_web/event/dailytower/1045/event_pop.png	png	official-cn-dynamic-direct	official-cn-legacy-client-image	copy-official-cn	dynamic_image_recovery_audit_20260819/official_cn_direct_357_product_patch.json#214	9089	128	152
magica/resource/image_web/event/dailytower/1045/logo.png	png	official-cn-dynamic-direct	official-cn-legacy-client-image	copy-official-cn	dynamic_image_recovery_audit_20260819/official_cn_direct_357_product_patch.json#215	14234	168	168
magica/resource/image_web/event/dailytower/1045/navi_01.png	png	official-cn-dynamic-direct	official-cn-legacy-client-image	copy-official-cn	dynamic_image_recovery_audit_20260819/official_cn_direct_357_product_patch.json#216	182040	1024	498
magica/resource/image_web/event/dailytower/1045/navi_02.png	png	official-cn-dynamic-direct	official-cn-legacy-client-image	copy-official-cn	dynamic_image_recovery_audit_20260819/official_cn_direct_357_product_patch.json#217	192233	1024	498
magica/resource/image_web/event/dailytower/1045/navi_03.png	png	official-cn-dynamic-direct	official-cn-legacy-client-image	copy-official-cn	dynamic_image_recovery_audit_20260819/official_cn_direct_357_product_patch.json#218	201948	1024	498
magica/resource/image_web/event/dailytower/1045/story_collection_title.png	png	official-cn-dynamic-direct	official-cn-legacy-client-image	copy-official-cn	dynamic_image_recovery_audit_20260819/official_cn_direct_357_product_patch.json#59	16204	552	54
magica/resource/image_web/event/dailytower/1045/tab_limited_quest_s.png	png	official-cn-dynamic-direct	official-cn-legacy-client-image	copy-official-cn	dynamic_image_recovery_audit_20260819/official_cn_direct_357_product_patch.json#219	6492	180	50
magica/resource/image_web/event/dailytower/1046/event_pop.png	png	official-cn-dynamic-direct	official-cn-legacy-client-image	copy-official-cn	dynamic_image_recovery_audit_20260819/official_cn_direct_357_product_patch.json#220	8369	128	152
magica/resource/image_web/event/dailytower/1046/logo.png	png	official-cn-dynamic-direct	official-cn-legacy-client-image	copy-official-cn	dynamic_image_recovery_audit_20260819/official_cn_direct_357_product_patch.json#221	13441	168	168
magica/resource/image_web/event/dailytower/1046/navi_01.png	png	official-cn-dynamic-direct	official-cn-legacy-client-image	copy-official-cn	dynamic_image_recovery_audit_20260819/official_cn_direct_357_product_patch.json#222	197476	1024	498
magica/resource/image_web/event/dailytower/1046/navi_02.png	png	official-cn-dynamic-direct	official-cn-legacy-client-image	copy-official-cn	dynamic_image_recovery_audit_20260819/official_cn_direct_357_product_patch.json#223	216294	1024	498
magica/resource/image_web/event/dailytower/1046/navi_03.png	png	official-cn-dynamic-direct	official-cn-legacy-client-image	copy-official-cn	dynamic_image_recovery_audit_20260819/official_cn_direct_357_product_patch.json#224	212919	1024	498
magica/resource/image_web/event/dailytower/1046/story_collection_title.png	png	official-cn-dynamic-direct	official-cn-legacy-client-image	copy-official-cn	dynamic_image_recovery_audit_20260819/official_cn_direct_357_product_patch.json#60	11162	552	54
magica/resource/image_web/event/dailytower/1046/tab_limited_quest_s.png	png	official-cn-dynamic-direct	official-cn-legacy-client-image	copy-official-cn	dynamic_image_recovery_audit_20260819/official_cn_direct_357_product_patch.json#225	5139	180	50
magica/resource/image_web/event/dailytower/1050/event_pop.png	png	official-cn-dynamic-direct	official-cn-legacy-client-image	copy-official-cn	dynamic_image_recovery_audit_20260819/official_cn_direct_357_product_patch.json#226	9270	128	152
magica/resource/image_web/event/dailytower/1050/logo.png	png	official-cn-dynamic-direct	official-cn-legacy-client-image	copy-official-cn	dynamic_image_recovery_audit_20260819/official_cn_direct_357_product_patch.json#227	12768	168	168
magica/resource/image_web/event/dailytower/1050/navi_01.png	png	official-cn-dynamic-direct	official-cn-legacy-client-image	copy-official-cn	dynamic_image_recovery_audit_20260819/official_cn_direct_357_product_patch.json#228	216666	1024	498
magica/resource/image_web/event/dailytower/1050/navi_02.png	png	official-cn-dynamic-direct	official-cn-legacy-client-image	copy-official-cn	dynamic_image_recovery_audit_20260819/official_cn_direct_357_product_patch.json#229	194237	1024	498
magica/resource/image_web/event/dailytower/1050/navi_03.png	png	official-cn-dynamic-direct	official-cn-legacy-client-image	copy-official-cn	dynamic_image_recovery_audit_20260819/official_cn_direct_357_product_patch.json#230	212033	1024	498
magica/resource/image_web/event/dailytower/1050/story_collection_title.png	png	official-cn-dynamic-direct	official-cn-legacy-client-image	copy-official-cn	dynamic_image_recovery_audit_20260819/official_cn_direct_357_product_patch.json#61	11084	552	54
magica/resource/image_web/event/dailytower/1050/tab_limited_quest_s.png	png	official-cn-dynamic-direct	official-cn-legacy-client-image	copy-official-cn	dynamic_image_recovery_audit_20260819/official_cn_direct_357_product_patch.json#231	5683	180	50
magica/resource/image_web/event/dailytower/1054/event_pop.png	png	official-cn-dynamic-direct	official-cn-legacy-client-image	copy-official-cn	dynamic_image_recovery_audit_20260819/official_cn_direct_357_product_patch.json#232	7400	128	152
magica/resource/image_web/event/dailytower/1054/logo.png	png	official-cn-dynamic-direct	official-cn-legacy-client-image	copy-official-cn	dynamic_image_recovery_audit_20260819/official_cn_direct_357_product_patch.json#233	7593	168	168
magica/resource/image_web/event/dailytower/1054/navi_01.png	png	official-cn-dynamic-direct	official-cn-legacy-client-image	copy-official-cn	dynamic_image_recovery_audit_20260819/official_cn_direct_357_product_patch.json#234	161714	1024	498
magica/resource/image_web/event/dailytower/1054/navi_02.png	png	official-cn-dynamic-direct	official-cn-legacy-client-image	copy-official-cn	dynamic_image_recovery_audit_20260819/official_cn_direct_357_product_patch.json#235	182540	1024	498
magica/resource/image_web/event/dailytower/1054/navi_03.png	png	official-cn-dynamic-direct	official-cn-legacy-client-image	copy-official-cn	dynamic_image_recovery_audit_20260819/official_cn_direct_357_product_patch.json#236	165928	1024	498
magica/resource/image_web/event/dailytower/1054/story_collection_title.png	png	official-cn-dynamic-direct	official-cn-legacy-client-image	copy-official-cn	dynamic_image_recovery_audit_20260819/official_cn_direct_357_product_patch.json#62	14177	552	54
magica/resource/image_web/event/dailytower/1054/tab_limited_quest_s.png	png	official-cn-dynamic-direct	official-cn-legacy-client-image	copy-official-cn	dynamic_image_recovery_audit_20260819/official_cn_direct_357_product_patch.json#237	5369	180	50
magica/resource/image_web/event/dailytower/1056/btn_otherlink.png	png	official-cn-dynamic-batch-a	official-cn	copy	dynamic_image_recovery_audit_20260819/dynamic_image_product_patch_manifest.json#4	3312	116	40
magica/resource/image_web/event/dailytower/1056/navi_01.png	png	official-cn-dynamic-remaining	official-cn	official-cn-stage-bytes	dynamic_image_recovery_audit_20260819/remaining_dynamic_162_product_patch.json#80	173709	1024	498
magica/resource/image_web/event/dailytower/1056/navi_02.png	png	official-cn-dynamic-remaining	official-cn	official-cn-stage-bytes	dynamic_image_recovery_audit_20260819/remaining_dynamic_162_product_patch.json#81	189041	1024	498
magica/resource/image_web/event/dailytower/1056/navi_03.png	png	official-cn-dynamic-remaining	official-cn	official-cn-stage-bytes	dynamic_image_recovery_audit_20260819/remaining_dynamic_162_product_patch.json#82	193431	1024	498
magica/resource/image_web/event/dailytower/1057/event_pop.png	png	official-cn-dynamic-direct	official-cn-legacy-client-image	copy-official-cn	dynamic_image_recovery_audit_20260819/official_cn_direct_357_product_patch.json#238	4975	128	152
magica/resource/image_web/event/dailytower/1057/logo.png	png	official-cn-dynamic-direct	official-cn-legacy-client-image	copy-official-cn	dynamic_image_recovery_audit_20260819/official_cn_direct_357_product_patch.json#239	11907	168	168
magica/resource/image_web/event/dailytower/1057/navi_01.png	png	official-cn-dynamic-direct	official-cn-legacy-client-image	copy-official-cn	dynamic_image_recovery_audit_20260819/official_cn_direct_357_product_patch.json#240	157778	1024	498
magica/resource/image_web/event/dailytower/1057/navi_02.png	png	official-cn-dynamic-direct	official-cn-legacy-client-image	copy-official-cn	dynamic_image_recovery_audit_20260819/official_cn_direct_357_product_patch.json#241	162935	1024	498
magica/resource/image_web/event/dailytower/1057/navi_03.png	png	official-cn-dynamic-direct	official-cn-legacy-client-image	copy-official-cn	dynamic_image_recovery_audit_20260819/official_cn_direct_357_product_patch.json#242	171662	1024	498
magica/resource/image_web/event/dailytower/1057/story_collection_title.png	png	official-cn-dynamic-direct	official-cn-legacy-client-image	copy-official-cn	dynamic_image_recovery_audit_20260819/official_cn_direct_357_product_patch.json#63	9094	552	54
magica/resource/image_web/event/dailytower/1057/tab_limited_quest_s.png	png	official-cn-dynamic-direct	official-cn-legacy-client-image	copy-official-cn	dynamic_image_recovery_audit_20260819/official_cn_direct_357_product_patch.json#243	4975	180	50
magica/resource/image_web/event/dailytower/1062/event_pop.png	png	official-cn-dynamic-direct	official-cn-legacy-client-image	copy-official-cn	dynamic_image_recovery_audit_20260819/official_cn_direct_357_product_patch.json#244	9270	128	152
magica/resource/image_web/event/dailytower/1062/logo.png	png	official-cn-dynamic-direct	official-cn-legacy-client-image	copy-official-cn	dynamic_image_recovery_audit_20260819/official_cn_direct_357_product_patch.json#245	12392	168	168
magica/resource/image_web/event/dailytower/1062/navi_01.png	png	official-cn-dynamic-direct	official-cn-legacy-client-image	copy-official-cn	dynamic_image_recovery_audit_20260819/official_cn_direct_357_product_patch.json#246	561727	1024	498
magica/resource/image_web/event/dailytower/1062/navi_02.png	png	official-cn-dynamic-direct	official-cn-legacy-client-image	copy-official-cn	dynamic_image_recovery_audit_20260819/official_cn_direct_357_product_patch.json#247	475674	1024	498
magica/resource/image_web/event/dailytower/1062/navi_03.png	png	official-cn-dynamic-direct	official-cn-legacy-client-image	copy-official-cn	dynamic_image_recovery_audit_20260819/official_cn_direct_357_product_patch.json#248	613901	1024	498
magica/resource/image_web/event/dailytower/1062/story_collection_title.png	png	official-cn-dynamic-direct	official-cn-legacy-client-image	copy-official-cn	dynamic_image_recovery_audit_20260819/official_cn_direct_357_product_patch.json#64	9988	552	54
magica/resource/image_web/event/dailytower/1062/tab_limited_quest_s.png	png	official-cn-dynamic-direct	official-cn-legacy-client-image	copy-official-cn	dynamic_image_recovery_audit_20260819/official_cn_direct_357_product_patch.json#249	5272	180	50
magica/resource/image_web/event/dailytower/1064/event_pop.png	png	official-cn-dynamic-direct	official-cn-legacy-client-image	copy-official-cn	dynamic_image_recovery_audit_20260819/official_cn_direct_357_product_patch.json#250	8017	128	152
magica/resource/image_web/event/dailytower/1064/logo.png	png	official-cn-dynamic-direct	official-cn-legacy-client-image	copy-official-cn	dynamic_image_recovery_audit_20260819/official_cn_direct_357_product_patch.json#251	8927	168	168
magica/resource/image_web/event/dailytower/1064/navi_01.png	png	official-cn-dynamic-direct	official-cn-legacy-client-image	copy-official-cn	dynamic_image_recovery_audit_20260819/official_cn_direct_357_product_patch.json#252	169353	1024	498
magica/resource/image_web/event/dailytower/1064/navi_02.png	png	official-cn-dynamic-direct	official-cn-legacy-client-image	copy-official-cn	dynamic_image_recovery_audit_20260819/official_cn_direct_357_product_patch.json#253	180897	1024	498
magica/resource/image_web/event/dailytower/1064/navi_03.png	png	official-cn-dynamic-direct	official-cn-legacy-client-image	copy-official-cn	dynamic_image_recovery_audit_20260819/official_cn_direct_357_product_patch.json#254	182113	1024	498
magica/resource/image_web/event/dailytower/1064/story_collection_title.png	png	official-cn-dynamic-direct	official-cn-legacy-client-image	copy-official-cn	dynamic_image_recovery_audit_20260819/official_cn_direct_357_product_patch.json#65	11054	552	54
magica/resource/image_web/event/dailytower/1064/tab_limited_quest_s.png	png	official-cn-dynamic-direct	official-cn-legacy-client-image	copy-official-cn	dynamic_image_recovery_audit_20260819/official_cn_direct_357_product_patch.json#255	4641	180	50
magica/resource/image_web/event/dailytower/1067/event_pop.png	png	official-cn-dynamic-direct	official-cn-legacy-client-image	copy-official-cn	dynamic_image_recovery_audit_20260819/official_cn_direct_357_product_patch.json#256	7579	128	152
magica/resource/image_web/event/dailytower/1067/logo.png	png	official-cn-dynamic-direct	official-cn-legacy-client-image	copy-official-cn	dynamic_image_recovery_audit_20260819/official_cn_direct_357_product_patch.json#257	33716	168	168
magica/resource/image_web/event/dailytower/1067/navi_01.png	png	official-cn-dynamic-direct	official-cn-legacy-client-image	copy-official-cn	dynamic_image_recovery_audit_20260819/official_cn_direct_357_product_patch.json#258	176358	1024	498
magica/resource/image_web/event/dailytower/1067/navi_02.png	png	official-cn-dynamic-direct	official-cn-legacy-client-image	copy-official-cn	dynamic_image_recovery_audit_20260819/official_cn_direct_357_product_patch.json#259	189223	1024	498
magica/resource/image_web/event/dailytower/1067/navi_03.png	png	official-cn-dynamic-direct	official-cn-legacy-client-image	copy-official-cn	dynamic_image_recovery_audit_20260819/official_cn_direct_357_product_patch.json#260	174926	1024	498
magica/resource/image_web/event/dailytower/1067/story_collection_title.png	png	official-cn-dynamic-direct	official-cn-legacy-client-image	copy-official-cn	dynamic_image_recovery_audit_20260819/official_cn_direct_357_product_patch.json#66	30085	552	54
magica/resource/image_web/event/dailytower/1067/tab_limited_quest_s.png	png	official-cn-dynamic-direct	official-cn-legacy-client-image	copy-official-cn	dynamic_image_recovery_audit_20260819/official_cn_direct_357_product_patch.json#261	4729	180	50
magica/resource/image_web/event/dailytower/1069/event_pop.png	png	official-cn-dynamic-direct	official-cn-legacy-client-image	copy-official-cn	dynamic_image_recovery_audit_20260819/official_cn_direct_357_product_patch.json#262	7131	128	152
magica/resource/image_web/event/dailytower/1069/logo.png	png	official-cn-dynamic-direct	official-cn-legacy-client-image	copy-official-cn	dynamic_image_recovery_audit_20260819/official_cn_direct_357_product_patch.json#263	11448	168	168
magica/resource/image_web/event/dailytower/1069/navi_01.png	png	official-cn-dynamic-direct	official-cn-legacy-client-image	copy-official-cn	dynamic_image_recovery_audit_20260819/official_cn_direct_357_product_patch.json#264	143159	1024	498
magica/resource/image_web/event/dailytower/1069/navi_02.png	png	official-cn-dynamic-direct	official-cn-legacy-client-image	copy-official-cn	dynamic_image_recovery_audit_20260819/official_cn_direct_357_product_patch.json#265	186453	1024	498
magica/resource/image_web/event/dailytower/1069/navi_03.png	png	official-cn-dynamic-direct	official-cn-legacy-client-image	copy-official-cn	dynamic_image_recovery_audit_20260819/official_cn_direct_357_product_patch.json#266	200097	1024	498
magica/resource/image_web/event/dailytower/1069/story_collection_title.png	png	official-cn-dynamic-direct	official-cn-legacy-client-image	copy-official-cn	dynamic_image_recovery_audit_20260819/official_cn_direct_357_product_patch.json#67	13403	552	54
magica/resource/image_web/event/dailytower/1069/tab_limited_quest_s.png	png	official-cn-dynamic-direct	official-cn-legacy-client-image	copy-official-cn	dynamic_image_recovery_audit_20260819/official_cn_direct_357_product_patch.json#267	4416	180	50
magica/resource/image_web/event/dailytower/common/btn_eve_schedule.png	png	official-cn-same-path	official-cn-legacy-client	copy-official-cn-same-path-same-geometry	magica/research/totentanz-full-localization-20260817/official-cn-image-overlay/overlay_manifest.json#event/dailytower/common/btn_eve_schedule.png	3255	116	40
magica/resource/image_web/event/dailytower/common/schedule_header_4.png	png	official-cn-dynamic-remaining	official-cn	official-cn-stage-bytes	dynamic_image_recovery_audit_20260819/remaining_dynamic_162_product_patch.json#83	14315	868	48
magica/resource/image_web/event/dungeon/1038/event_pop.png	png	official-cn-dynamic-direct	official-cn-legacy-client-image	copy-official-cn	dynamic_image_recovery_audit_20260819/official_cn_direct_357_product_patch.json#268	7247	128	152
magica/resource/image_web/event/dungeon/1038/navi_01.png	png	official-cn-dynamic-direct	official-cn-legacy-client-image	copy-official-cn	dynamic_image_recovery_audit_20260819/official_cn_direct_357_product_patch.json#269	206726	1024	498
magica/resource/image_web/event/dungeon/1038/navi_02.png	png	official-cn-dynamic-direct	official-cn-legacy-client-image	copy-official-cn	dynamic_image_recovery_audit_20260819/official_cn_direct_357_product_patch.json#270	166903	1024	498
magica/resource/image_web/event/dungeon/1038/navi_03.png	png	official-cn-dynamic-direct	official-cn-legacy-client-image	copy-official-cn	dynamic_image_recovery_audit_20260819/official_cn_direct_357_product_patch.json#271	193011	1024	498
magica/resource/image_web/event/dungeon/1038/navi_04.png	png	official-cn-dynamic-direct	official-cn-legacy-client-image	copy-official-cn	dynamic_image_recovery_audit_20260819/official_cn_direct_357_product_patch.json#272	148156	1024	498
magica/resource/image_web/event/dungeon/1038/story_collection_title.png	png	official-cn-dynamic-direct	official-cn-legacy-client-image	copy-official-cn	dynamic_image_recovery_audit_20260819/official_cn_direct_357_product_patch.json#68	11769	552	54
magica/resource/image_web/event/dungeon/1038/tab_limited_quest_s.png	png	official-cn-dynamic-direct	official-cn-legacy-client-image	copy-official-cn	dynamic_image_recovery_audit_20260819/official_cn_direct_357_product_patch.json#273	5143	180	50
magica/resource/image_web/event/dungeon/1038/top/logo.png	png	official-cn-dynamic-direct	official-cn-legacy-client-image	copy-official-cn	dynamic_image_recovery_audit_20260819/official_cn_direct_357_product_patch.json#274	9977	164	164
magica/resource/image_web/event/dungeon/common/btn_close.png	png	official-cn-gap-direct	official-cn-legacy-client-image	copy-official-cn-same-path	magica/research/totentanz-full-localization-20260817/official-cn-image-overlay-round2/overlay_manifest.json#SOURCE-IMG-0051	2725	138	44
magica/resource/image_web/event/dungeon/common/btn_cure.png	png	official-cn-gap-direct	official-cn-legacy-client-image	copy-official-cn-same-path	magica/research/totentanz-full-localization-20260817/official-cn-image-overlay-round2/overlay_manifest.json#SOURCE-IMG-0052	3848	130	48
magica/resource/image_web/event/dungeon/common/btn_cure_gray.png	png	official-cn-gap-direct	official-cn-legacy-client-image	copy-official-cn-same-path	magica/research/totentanz-full-localization-20260817/official-cn-image-overlay-round2/overlay_manifest.json#SOURCE-IMG-0053	3146	130	48
magica/resource/image_web/event/dungeon/common/icon_chara_list_die.png	png	official-cn-gap-direct	official-cn-legacy-client-image	copy-official-cn-same-path	magica/research/totentanz-full-localization-20260817/official-cn-image-overlay-round2/overlay_manifest.json#SOURCE-IMG-0054	2092	80	24
magica/resource/image_web/event/dungeon/common/top/get.png	png	official-cn-gap-direct	official-cn-legacy-client-image	copy-official-cn-same-path	magica/research/totentanz-full-localization-20260817/official-cn-image-overlay-round2/overlay_manifest.json#SOURCE-IMG-0055	1028	96	26
magica/resource/image_web/event/dungeon/common/top/header_mission.png	png	official-cn-gap-direct	official-cn-legacy-client-image	copy-official-cn-same-path	magica/research/totentanz-full-localization-20260817/official-cn-image-overlay-round2/overlay_manifest.json#SOURCE-IMG-0056	2550	290	27
magica/resource/image_web/event/dungeon/common/top/header_tips.png	png	official-cn-gap-direct	official-cn-legacy-client-image	copy-official-cn-same-path	magica/research/totentanz-full-localization-20260817/official-cn-image-overlay-round2/overlay_manifest.json#SOURCE-IMG-0057	2967	290	27
magica/resource/image_web/event/eventWalpurgis/result/_anime/text_clear.png	png	careful-human-current-canvas	careful-human-translation-on-current-us-canvas	reviewed-current-canvas-localization	magica/research/totentanz-full-localization-20260817/web-images/localized_ui_image_manifest.json#event/eventWalpurgis/result/_anime/text_clear.png	4996	408	92
magica/resource/image_web/event/eventWalpurgis/result/_anime/text_reward.png	png	careful-human-current-canvas	careful-human-translation-on-current-us-canvas	reviewed-current-canvas-localization	magica/research/totentanz-full-localization-20260817/web-images/localized_ui_image_manifest.json#event/eventWalpurgis/result/_anime/text_reward.png	1231	76	19
magica/resource/image_web/event/raid/1041/event_pop.png	png	official-cn-dynamic-direct	official-cn-legacy-client-image	copy-official-cn	dynamic_image_recovery_audit_20260819/official_cn_direct_357_product_patch.json#275	7978	128	152
magica/resource/image_web/event/raid/1041/navi_01.png	png	official-cn-dynamic-direct	official-cn-legacy-client-image	copy-official-cn	dynamic_image_recovery_audit_20260819/official_cn_direct_357_product_patch.json#276	135108	1024	498
magica/resource/image_web/event/raid/1041/navi_02.png	png	official-cn-dynamic-direct	official-cn-legacy-client-image	copy-official-cn	dynamic_image_recovery_audit_20260819/official_cn_direct_357_product_patch.json#277	144441	1024	498
magica/resource/image_web/event/raid/1041/navi_03.png	png	official-cn-dynamic-direct	official-cn-legacy-client-image	copy-official-cn	dynamic_image_recovery_audit_20260819/official_cn_direct_357_product_patch.json#278	175524	1024	498
magica/resource/image_web/event/raid/1041/story_collection_title.png	png	official-cn-dynamic-direct	official-cn-legacy-client-image	copy-official-cn	dynamic_image_recovery_audit_20260819/official_cn_direct_357_product_patch.json#69	8418	552	54
magica/resource/image_web/event/raid/1041/tab_limited_quest_s.png	png	official-cn-dynamic-direct	official-cn-legacy-client-image	copy-official-cn	dynamic_image_recovery_audit_20260819/official_cn_direct_357_product_patch.json#279	4845	180	50
magica/resource/image_web/event/raid/1041/top/bg_footer.png	png	official-cn-dynamic-remaining	official-cn	official-cn-stage-bytes	dynamic_image_recovery_audit_20260819/remaining_dynamic_162_product_patch.json#84	8863	1024	116
magica/resource/image_web/event/raid/1041/top/logo.png	png	official-cn-dynamic-direct	official-cn-legacy-client-image	copy-official-cn	dynamic_image_recovery_audit_20260819/official_cn_direct_357_product_patch.json#280	10017	138	138
magica/resource/image_web/event/raid/common/popup/header_story_condition.png	png	official-cn-same-path	official-cn-legacy-client	copy-official-cn-same-path-same-geometry	magica/research/totentanz-full-localization-20260817/official-cn-image-overlay/overlay_manifest.json#event/raid/common/popup/header_story_condition.png	4050	216	28
magica/resource/image_web/event/raid/common/popup/icon_beat.png	png	official-cn-same-path	official-cn-legacy-client	copy-official-cn-same-path-same-geometry	magica/research/totentanz-full-localization-20260817/official-cn-image-overlay/overlay_manifest.json#event/raid/common/popup/icon_beat.png	4710	94	94
magica/resource/image_web/event/raid/common/reward/reward.png	png	official-cn-same-path	official-cn-legacy-client	copy-official-cn-same-path-same-geometry	magica/research/totentanz-full-localization-20260817/official-cn-image-overlay/overlay_manifest.json#event/raid/common/reward/reward.png	7231	222	62
magica/resource/image_web/event/raid/common/top/bg_find_count.png	png	official-cn-same-path	official-cn-legacy-client	copy-official-cn-same-path-same-geometry	magica/research/totentanz-full-localization-20260817/official-cn-image-overlay/overlay_manifest.json#event/raid/common/top/bg_find_count.png	3895	174	28
magica/resource/image_web/event/raid/common/top/bg_find_user.png	png	official-cn-same-path	official-cn-legacy-client	copy-official-cn-same-path-same-geometry	magica/research/totentanz-full-localization-20260817/official-cn-image-overlay/overlay_manifest.json#event/raid/common/top/bg_find_user.png	909	226	24
magica/resource/image_web/event/raid/common/top/bg_list_find.png	png	official-cn-same-path	official-cn-legacy-client	copy-official-cn-same-path-same-geometry	magica/research/totentanz-full-localization-20260817/official-cn-image-overlay/overlay_manifest.json#event/raid/common/top/bg_list_find.png	3046	156	76
magica/resource/image_web/event/raid/common/top/boss_num.png	png	official-cn-same-path	official-cn-legacy-client	copy-official-cn-same-path-same-geometry	magica/research/totentanz-full-localization-20260817/official-cn-image-overlay/overlay_manifest.json#event/raid/common/top/boss_num.png	1449	23	26
magica/resource/image_web/event/raid/common/top/tag_find.png	png	official-cn-same-path	official-cn-legacy-client	copy-official-cn-same-path-same-geometry	magica/research/totentanz-full-localization-20260817/official-cn-image-overlay/overlay_manifest.json#event/raid/common/top/tag_find.png	3198	66	74
magica/resource/image_web/event/singleraid/1008/navi_01.png	png	official-cn-dynamic-remaining	official-cn	official-cn-stage-bytes	dynamic_image_recovery_audit_20260819/remaining_dynamic_162_product_patch.json#85	204837	1024	498
magica/resource/image_web/event/singleraid/1008/navi_02.png	png	official-cn-dynamic-remaining	official-cn	official-cn-stage-bytes	dynamic_image_recovery_audit_20260819/remaining_dynamic_162_product_patch.json#86	187540	1024	498
magica/resource/image_web/event/singleraid/1008/navi_03.png	png	official-cn-dynamic-remaining	official-cn	official-cn-stage-bytes	dynamic_image_recovery_audit_20260819/remaining_dynamic_162_product_patch.json#87	195815	1024	498
magica/resource/image_web/event/singleraid/1008/quest/memoria_equip.png	png	official-cn-dynamic-batch-a	official-cn	copy	dynamic_image_recovery_audit_20260819/dynamic_image_product_patch_manifest.json#9	11401	466	98
magica/resource/image_web/event/singleraid/1015/event_pop.png	png	official-cn-dynamic-direct	official-cn-legacy-client-image	copy-official-cn	dynamic_image_recovery_audit_20260819/official_cn_direct_357_product_patch.json#281	6260	128	152
magica/resource/image_web/event/singleraid/1015/logo.png	png	official-cn-dynamic-direct	official-cn-legacy-client-image	copy-official-cn	dynamic_image_recovery_audit_20260819/official_cn_direct_357_product_patch.json#282	8966	180	182
magica/resource/image_web/event/singleraid/1015/navi_01.png	png	official-cn-dynamic-direct	official-cn-legacy-client-image	copy-official-cn	dynamic_image_recovery_audit_20260819/official_cn_direct_357_product_patch.json#283	145686	1024	498
magica/resource/image_web/event/singleraid/1015/navi_02.png	png	official-cn-dynamic-direct	official-cn-legacy-client-image	copy-official-cn	dynamic_image_recovery_audit_20260819/official_cn_direct_357_product_patch.json#284	141643	1024	498
magica/resource/image_web/event/singleraid/1015/navi_03.png	png	official-cn-dynamic-direct	official-cn-legacy-client-image	copy-official-cn	dynamic_image_recovery_audit_20260819/official_cn_direct_357_product_patch.json#285	195057	1024	498
magica/resource/image_web/event/singleraid/1015/quest/memoria_equip.png	png	official-cn-dynamic-batch-a	official-cn	copy	dynamic_image_recovery_audit_20260819/dynamic_image_product_patch_manifest.json#10	14434	466	98
magica/resource/image_web/event/singleraid/1015/story_collection_title.png	png	official-cn-dynamic-direct	official-cn-legacy-client-image	copy-official-cn	dynamic_image_recovery_audit_20260819/official_cn_direct_357_product_patch.json#70	14465	552	54
magica/resource/image_web/event/singleraid/1015/tab_limited_quest_s.png	png	official-cn-dynamic-direct	official-cn-legacy-client-image	copy-official-cn	dynamic_image_recovery_audit_20260819/official_cn_direct_357_product_patch.json#286	5886	180	50
magica/resource/image_web/event/singleraid/1023/navi_01.png	png	official-cn-dynamic-remaining	official-cn	official-cn-stage-bytes	dynamic_image_recovery_audit_20260819/remaining_dynamic_162_product_patch.json#88	195857	1024	498
magica/resource/image_web/event/singleraid/1023/navi_02.png	png	official-cn-dynamic-remaining	official-cn	official-cn-stage-bytes	dynamic_image_recovery_audit_20260819/remaining_dynamic_162_product_patch.json#89	173002	1024	498
magica/resource/image_web/event/singleraid/1023/navi_03.png	png	official-cn-dynamic-remaining	official-cn	official-cn-stage-bytes	dynamic_image_recovery_audit_20260819/remaining_dynamic_162_product_patch.json#90	181469	1024	498
magica/resource/image_web/event/singleraid/1023/quest/memoria_equip.png	png	official-cn-dynamic-batch-a	official-cn	copy	dynamic_image_recovery_audit_20260819/dynamic_image_product_patch_manifest.json#11	10553	466	98
magica/resource/image_web/event/singleraid/1061/event_pop.png	png	official-cn-dynamic-direct	official-cn-legacy-client-image	copy-official-cn	dynamic_image_recovery_audit_20260819/official_cn_direct_357_product_patch.json#287	6260	128	152
magica/resource/image_web/event/singleraid/1061/logo.png	png	official-cn-dynamic-direct	official-cn-legacy-client-image	copy-official-cn	dynamic_image_recovery_audit_20260819/official_cn_direct_357_product_patch.json#288	8966	180	182
magica/resource/image_web/event/singleraid/1061/navi_01.png	png	official-cn-dynamic-direct	official-cn-legacy-client-image	copy-official-cn	dynamic_image_recovery_audit_20260819/official_cn_direct_357_product_patch.json#289	219686	1024	498
magica/resource/image_web/event/singleraid/1061/navi_02.png	png	official-cn-dynamic-direct	official-cn-legacy-client-image	copy-official-cn	dynamic_image_recovery_audit_20260819/official_cn_direct_357_product_patch.json#290	141643	1024	498
magica/resource/image_web/event/singleraid/1061/navi_03.png	png	official-cn-dynamic-direct	official-cn-legacy-client-image	copy-official-cn	dynamic_image_recovery_audit_20260819/official_cn_direct_357_product_patch.json#291	195057	1024	498
magica/resource/image_web/event/singleraid/1061/quest/memoria_equip.png	png	official-cn-dynamic-batch-a	official-cn	copy	dynamic_image_recovery_audit_20260819/dynamic_image_product_patch_manifest.json#12	14434	466	98
magica/resource/image_web/event/singleraid/1061/story_collection_title.png	png	official-cn-dynamic-direct	official-cn-legacy-client-image	copy-official-cn	dynamic_image_recovery_audit_20260819/official_cn_direct_357_product_patch.json#71	13391	552	54
magica/resource/image_web/event/singleraid/1061/tab_limited_quest_s.png	png	official-cn-dynamic-direct	official-cn-legacy-client-image	copy-official-cn	dynamic_image_recovery_audit_20260819/official_cn_direct_357_product_patch.json#292	5886	180	50
magica/resource/image_web/event/singleraid/1065/event_pop.png	png	official-cn-dynamic-direct	official-cn-legacy-client-image	copy-official-cn	dynamic_image_recovery_audit_20260819/official_cn_direct_357_product_patch.json#293	8375	128	152
magica/resource/image_web/event/singleraid/1065/logo.png	png	official-cn-dynamic-direct	official-cn-legacy-client-image	copy-official-cn	dynamic_image_recovery_audit_20260819/official_cn_direct_357_product_patch.json#294	13744	180	182
magica/resource/image_web/event/singleraid/1065/navi_01.png	png	official-cn-dynamic-direct	official-cn-legacy-client-image	copy-official-cn	dynamic_image_recovery_audit_20260819/official_cn_direct_357_product_patch.json#295	223184	1024	498
magica/resource/image_web/event/singleraid/1065/navi_02.png	png	official-cn-dynamic-direct	official-cn-legacy-client-image	copy-official-cn	dynamic_image_recovery_audit_20260819/official_cn_direct_357_product_patch.json#296	214128	1024	498
magica/resource/image_web/event/singleraid/1065/navi_03.png	png	official-cn-dynamic-direct	official-cn-legacy-client-image	copy-official-cn	dynamic_image_recovery_audit_20260819/official_cn_direct_357_product_patch.json#297	214104	1024	498
magica/resource/image_web/event/singleraid/1065/quest/memoria_equip.png	png	official-cn-dynamic-batch-a	official-cn	copy	dynamic_image_recovery_audit_20260819/dynamic_image_product_patch_manifest.json#13	12416	466	98
magica/resource/image_web/event/singleraid/1065/story_collection_title.png	png	official-cn-dynamic-direct	official-cn-legacy-client-image	copy-official-cn	dynamic_image_recovery_audit_20260819/official_cn_direct_357_product_patch.json#72	15255	552	54
magica/resource/image_web/event/singleraid/1065/tab_limited_quest_s.png	png	official-cn-dynamic-direct	official-cn-legacy-client-image	copy-official-cn	dynamic_image_recovery_audit_20260819/official_cn_direct_357_product_patch.json#298	5926	180	50
magica/resource/image_web/event/singleraid/1072/navi_01.png	png	official-cn-dynamic-remaining	official-cn	official-cn-stage-bytes	dynamic_image_recovery_audit_20260819/remaining_dynamic_162_product_patch.json#91	188802	1024	498
magica/resource/image_web/event/singleraid/1072/navi_02.png	png	official-cn-dynamic-remaining	official-cn	official-cn-stage-bytes	dynamic_image_recovery_audit_20260819/remaining_dynamic_162_product_patch.json#92	576375	1024	498
magica/resource/image_web/event/singleraid/1072/navi_03.png	png	official-cn-dynamic-remaining	official-cn	official-cn-stage-bytes	dynamic_image_recovery_audit_20260819/remaining_dynamic_162_product_patch.json#93	582805	1024	498
magica/resource/image_web/event/singleraid/1072/quest/memoria_equip.png	png	official-cn-dynamic-batch-a	official-cn	copy	dynamic_image_recovery_audit_20260819/dynamic_image_product_patch_manifest.json#14	10553	466	98
magica/resource/image_web/event/singleraid/common/animation/raid_mission_tx01.png	png	official-cn-gap-direct	official-cn-legacy-client-image	copy-official-cn-same-path	magica/research/totentanz-full-localization-20260817/official-cn-image-overlay-round2/overlay_manifest.json#SOURCE-IMG-0058	7670	436	97
magica/resource/image_web/event/storyraid/1053/boss/btn_battle.png	png	official-cn-dynamic-batch-a	official-cn	copy	dynamic_image_recovery_audit_20260819/dynamic_image_product_patch_manifest.json#5	5532	182	66
magica/resource/image_web/event/storyraid/1053/boss/title_inbattle.png	png	official-cn-dynamic-batch-a	official-cn	copy	dynamic_image_recovery_audit_20260819/dynamic_image_product_patch_manifest.json#6	3904	129	50
magica/resource/image_web/event/storyraid/1053/boss/title_lastbattle.png	png	official-cn-dynamic-batch-a	official-cn	copy	dynamic_image_recovery_audit_20260819/dynamic_image_product_patch_manifest.json#7	3980	129	50
magica/resource/image_web/event/storyraid/1053/btn_epilogue.png	png	official-cn-dynamic-batch-a	official-cn	copy	dynamic_image_recovery_audit_20260819/dynamic_image_product_patch_manifest.json#8	5172	253	70
magica/resource/image_web/event/storyraid/1053/navi_01.png	png	official-cn-dynamic-remaining	official-cn	official-cn-stage-bytes	dynamic_image_recovery_audit_20260819/remaining_dynamic_162_product_patch.json#94	197378	1024	498
magica/resource/image_web/event/storyraid/1053/navi_02.png	png	official-cn-dynamic-remaining	official-cn	official-cn-stage-bytes	dynamic_image_recovery_audit_20260819/remaining_dynamic_162_product_patch.json#95	174460	1024	498
magica/resource/image_web/event/storyraid/1053/navi_03.png	png	official-cn-dynamic-remaining	official-cn	official-cn-stage-bytes	dynamic_image_recovery_audit_20260819/remaining_dynamic_162_product_patch.json#96	162622	1024	498
magica/resource/image_web/event/storyraid/common/boss/bg_comment.png	png	official-cn-gap-direct	official-cn-legacy-client-image	copy-official-cn-same-path	magica/research/totentanz-full-localization-20260817/official-cn-image-overlay-round2/overlay_manifest.json#SOURCE-IMG-0059	3576	190	29
magica/resource/image_web/event/storyraid/common/boss/bg_quest_ap.png	png	official-cn-gap-direct	official-cn-legacy-client-image	copy-official-cn-same-path	magica/research/totentanz-full-localization-20260817/official-cn-image-overlay-round2/overlay_manifest.json#SOURCE-IMG-0060	1570	190	29
magica/resource/image_web/event/storyraid/common/boss/icon_atkup.png	png	official-cn-gap-direct	official-cn-legacy-client-image	copy-official-cn-same-path	magica/research/totentanz-full-localization-20260817/official-cn-image-overlay-round2/overlay_manifest.json#SOURCE-IMG-0061	2834	111	25
magica/resource/image_web/event/storyraid/common/boss/icon_atkup_l.png	png	official-cn-gap-direct	official-cn-legacy-client-image	copy-official-cn-same-path	magica/research/totentanz-full-localization-20260817/official-cn-image-overlay-round2/overlay_manifest.json#SOURCE-IMG-0062	6417	260	93
magica/resource/image_web/event/storyraid/common/btn_ed.png	png	official-cn-gap-direct	official-cn-legacy-client-image	copy-official-cn-same-path	magica/research/totentanz-full-localization-20260817/official-cn-image-overlay-round2/overlay_manifest.json#SOURCE-IMG-0063	3241	117	40
magica/resource/image_web/event/storyraid/common/btn_log.png	png	official-cn-gap-direct	official-cn-legacy-client-image	copy-official-cn-same-path	magica/research/totentanz-full-localization-20260817/official-cn-image-overlay-round2/overlay_manifest.json#SOURCE-IMG-0064	3445	117	40
magica/resource/image_web/event/storyraid/common/btn_shop.png	png	official-cn-gap-direct	official-cn-legacy-client-image	copy-official-cn-same-path	magica/research/totentanz-full-localization-20260817/official-cn-image-overlay-round2/overlay_manifest.json#SOURCE-IMG-0065	3696	116	40
magica/resource/image_web/event/storyraid/common/popup/icon_clear.png	png	official-cn-gap-direct	official-cn-legacy-client-image	copy-official-cn-same-path	magica/research/totentanz-full-localization-20260817/official-cn-image-overlay-round2/overlay_manifest.json#SOURCE-IMG-0066	4623	94	94
magica/resource/image_web/event/storyraid/common/popup/icon_repel.png	png	official-cn-gap-direct	official-cn-legacy-client-image	copy-official-cn-same-path	magica/research/totentanz-full-localization-20260817/official-cn-image-overlay-round2/overlay_manifest.json#SOURCE-IMG-0067	4419	94	94
magica/resource/image_web/event/tower/1003/logo.png	png	official-cn-dynamic-direct	official-cn-legacy-client-image	copy-official-cn	dynamic_image_recovery_audit_20260819/official_cn_direct_357_product_patch.json#299	10923	188	146
magica/resource/image_web/event/tower/1003/story_collection_title.png	png	official-cn-dynamic-direct	official-cn-legacy-client-image	copy-official-cn	dynamic_image_recovery_audit_20260819/official_cn_direct_357_product_patch.json#73	13698	552	54
magica/resource/image_web/event/tower/1003/tab_limited_quest_s.png	png	official-cn-dynamic-direct	official-cn-legacy-client-image	copy-official-cn	dynamic_image_recovery_audit_20260819/official_cn_direct_357_product_patch.json#300	6352	180	50
magica/resource/image_web/event/tower/1007/event_pop.png	png	official-cn-dynamic-direct	official-cn-legacy-client-image	copy-official-cn	dynamic_image_recovery_audit_20260819/official_cn_direct_357_product_patch.json#301	7143	128	152
magica/resource/image_web/event/tower/1007/logo.png	png	official-cn-dynamic-direct	official-cn-legacy-client-image	copy-official-cn	dynamic_image_recovery_audit_20260819/official_cn_direct_357_product_patch.json#302	10320	188	146
magica/resource/image_web/event/tower/1007/story_collection_title.png	png	official-cn-dynamic-direct	official-cn-legacy-client-image	copy-official-cn	dynamic_image_recovery_audit_20260819/official_cn_direct_357_product_patch.json#74	15210	552	54
magica/resource/image_web/event/tower/1007/tab_limited_quest_s.png	png	official-cn-dynamic-direct	official-cn-legacy-client-image	copy-official-cn	dynamic_image_recovery_audit_20260819/official_cn_direct_357_product_patch.json#303	5677	180	50
magica/resource/image_web/event/tower/1035/event_pop.png	png	official-cn-dynamic-direct	official-cn-legacy-client-image	copy-official-cn	dynamic_image_recovery_audit_20260819/official_cn_direct_357_product_patch.json#304	8606	128	152
magica/resource/image_web/event/tower/1035/logo.png	png	official-cn-dynamic-direct	official-cn-legacy-client-image	copy-official-cn	dynamic_image_recovery_audit_20260819/official_cn_direct_357_product_patch.json#305	11393	168	168
magica/resource/image_web/event/tower/1035/navi_01.png	png	official-cn-dynamic-direct	official-cn-legacy-client-image	copy-official-cn	dynamic_image_recovery_audit_20260819/official_cn_direct_357_product_patch.json#306	203085	1024	498
magica/resource/image_web/event/tower/1035/navi_02.png	png	official-cn-dynamic-direct	official-cn-legacy-client-image	copy-official-cn	dynamic_image_recovery_audit_20260819/official_cn_direct_357_product_patch.json#307	175082	1024	498
magica/resource/image_web/event/tower/1035/navi_03.png	png	official-cn-dynamic-direct	official-cn-legacy-client-image	copy-official-cn	dynamic_image_recovery_audit_20260819/official_cn_direct_357_product_patch.json#308	184602	1024	498
magica/resource/image_web/event/tower/1035/story_collection_title.png	png	official-cn-dynamic-direct	official-cn-legacy-client-image	copy-official-cn	dynamic_image_recovery_audit_20260819/official_cn_direct_357_product_patch.json#75	14162	552	54
magica/resource/image_web/event/tower/1035/tab_limited_quest_s.png	png	official-cn-dynamic-direct	official-cn-legacy-client-image	copy-official-cn	dynamic_image_recovery_audit_20260819/official_cn_direct_357_product_patch.json#309	6668	180	50
magica/resource/image_web/event/tower/1036/event_pop.png	png	official-cn-dynamic-direct	official-cn-legacy-client-image	copy-official-cn	dynamic_image_recovery_audit_20260819/official_cn_direct_357_product_patch.json#310	7289	128	152
magica/resource/image_web/event/tower/1036/logo.png	png	official-cn-dynamic-direct	official-cn-legacy-client-image	copy-official-cn	dynamic_image_recovery_audit_20260819/official_cn_direct_357_product_patch.json#311	9946	168	168
magica/resource/image_web/event/tower/1036/navi_01.png	png	official-cn-dynamic-direct	official-cn-legacy-client-image	copy-official-cn	dynamic_image_recovery_audit_20260819/official_cn_direct_357_product_patch.json#312	202069	1024	498
magica/resource/image_web/event/tower/1036/navi_02.png	png	official-cn-dynamic-direct	official-cn-legacy-client-image	copy-official-cn	dynamic_image_recovery_audit_20260819/official_cn_direct_357_product_patch.json#313	176388	1024	498
magica/resource/image_web/event/tower/1036/navi_03.png	png	official-cn-dynamic-direct	official-cn-legacy-client-image	copy-official-cn	dynamic_image_recovery_audit_20260819/official_cn_direct_357_product_patch.json#314	207417	1024	498
magica/resource/image_web/event/tower/1036/story_collection_title.png	png	official-cn-dynamic-direct	official-cn-legacy-client-image	copy-official-cn	dynamic_image_recovery_audit_20260819/official_cn_direct_357_product_patch.json#76	15854	552	54
magica/resource/image_web/event/tower/1036/tab_limited_quest_s.png	png	official-cn-dynamic-direct	official-cn-legacy-client-image	copy-official-cn	dynamic_image_recovery_audit_20260819/official_cn_direct_357_product_patch.json#315	5677	180	50
magica/resource/image_web/event/tower/common/icon_challenge_closed_a.png	png	official-cn-same-path	official-cn-legacy-client	copy-official-cn-same-path-same-geometry	magica/research/totentanz-full-localization-20260817/official-cn-image-overlay/overlay_manifest.json#event/tower/common/icon_challenge_closed_a.png	1246	134	40
magica/resource/image_web/event/training/1004/story_collection_title.png	png	official-cn-dynamic-direct	official-cn-legacy-client-image	copy-official-cn	dynamic_image_recovery_audit_20260819/official_cn_direct_357_product_patch.json#77	13047	552	54
magica/resource/image_web/event/training/1009/story_collection_title.png	png	official-cn-dynamic-direct	official-cn-legacy-client-image	copy-official-cn	dynamic_image_recovery_audit_20260819/official_cn_direct_357_product_patch.json#78	12575	552	54
magica/resource/image_web/event/training/1012/story_collection_title.png	png	official-cn-dynamic-direct	official-cn-legacy-client-image	copy-official-cn	dynamic_image_recovery_audit_20260819/official_cn_direct_357_product_patch.json#79	10080	552	54
magica/resource/image_web/event/training/1016/story_collection_title.png	png	official-cn-dynamic-direct	official-cn-legacy-client-image	copy-official-cn	dynamic_image_recovery_audit_20260819/official_cn_direct_357_product_patch.json#80	10857	552	54
magica/resource/image_web/event/training/1022/event_pop.png	png	official-cn-dynamic-direct	official-cn-legacy-client-image	copy-official-cn	dynamic_image_recovery_audit_20260819/official_cn_direct_357_product_patch.json#316	8531	128	152
magica/resource/image_web/event/training/1022/logo.png	png	official-cn-dynamic-direct	official-cn-legacy-client-image	copy-official-cn	dynamic_image_recovery_audit_20260819/official_cn_direct_357_product_patch.json#317	14098	174	194
magica/resource/image_web/event/training/1022/navi_01.png	png	official-cn-dynamic-direct	official-cn-legacy-client-image	copy-official-cn	dynamic_image_recovery_audit_20260819/official_cn_direct_357_product_patch.json#318	181729	1024	498
magica/resource/image_web/event/training/1022/navi_02.png	png	official-cn-dynamic-direct	official-cn-legacy-client-image	copy-official-cn	dynamic_image_recovery_audit_20260819/official_cn_direct_357_product_patch.json#319	201211	1024	498
magica/resource/image_web/event/training/1022/navi_03.png	png	official-cn-dynamic-direct	official-cn-legacy-client-image	copy-official-cn	dynamic_image_recovery_audit_20260819/official_cn_direct_357_product_patch.json#320	169890	1024	498
magica/resource/image_web/event/training/1022/story_collection_title.png	png	official-cn-dynamic-direct	official-cn-legacy-client-image	copy-official-cn	dynamic_image_recovery_audit_20260819/official_cn_direct_357_product_patch.json#81	8685	552	54
magica/resource/image_web/event/training/1022/tab_limited_quest_s.png	png	official-cn-dynamic-direct	official-cn-legacy-client-image	copy-official-cn	dynamic_image_recovery_audit_20260819/official_cn_direct_357_product_patch.json#321	5604	180	50
magica/resource/image_web/event/training/1026/event_pop.png	png	official-cn-dynamic-direct	official-cn-legacy-client-image	copy-official-cn	dynamic_image_recovery_audit_20260819/official_cn_direct_357_product_patch.json#322	8968	128	152
magica/resource/image_web/event/training/1026/logo.png	png	official-cn-dynamic-direct	official-cn-legacy-client-image	copy-official-cn	dynamic_image_recovery_audit_20260819/official_cn_direct_357_product_patch.json#323	13288	174	194
magica/resource/image_web/event/training/1026/navi_01.png	png	official-cn-dynamic-direct	official-cn-legacy-client-image	copy-official-cn	dynamic_image_recovery_audit_20260819/official_cn_direct_357_product_patch.json#324	181506	1024	498
magica/resource/image_web/event/training/1026/navi_02.png	png	official-cn-dynamic-direct	official-cn-legacy-client-image	copy-official-cn	dynamic_image_recovery_audit_20260819/official_cn_direct_357_product_patch.json#325	194382	1024	498
magica/resource/image_web/event/training/1026/navi_03.png	png	official-cn-dynamic-direct	official-cn-legacy-client-image	copy-official-cn	dynamic_image_recovery_audit_20260819/official_cn_direct_357_product_patch.json#326	157496	1024	498
magica/resource/image_web/event/training/1026/story_collection_title.png	png	official-cn-dynamic-direct	official-cn-legacy-client-image	copy-official-cn	dynamic_image_recovery_audit_20260819/official_cn_direct_357_product_patch.json#82	11237	552	54
magica/resource/image_web/event/training/1026/tab_limited_quest_s.png	png	official-cn-dynamic-direct	official-cn-legacy-client-image	copy-official-cn	dynamic_image_recovery_audit_20260819/official_cn_direct_357_product_patch.json#327	5788	180	50
magica/resource/image_web/event/training/1029/event_pop.png	png	official-cn-dynamic-direct	official-cn-legacy-client-image	copy-official-cn	dynamic_image_recovery_audit_20260819/official_cn_direct_357_product_patch.json#328	9023	128	152
magica/resource/image_web/event/training/1029/logo.png	png	official-cn-dynamic-direct	official-cn-legacy-client-image	copy-official-cn	dynamic_image_recovery_audit_20260819/official_cn_direct_357_product_patch.json#329	13290	174	194
magica/resource/image_web/event/training/1029/navi_01.png	png	official-cn-dynamic-direct	official-cn-legacy-client-image	copy-official-cn	dynamic_image_recovery_audit_20260819/official_cn_direct_357_product_patch.json#330	184752	1024	498
magica/resource/image_web/event/training/1029/navi_02.png	png	official-cn-dynamic-direct	official-cn-legacy-client-image	copy-official-cn	dynamic_image_recovery_audit_20260819/official_cn_direct_357_product_patch.json#331	189635	1024	498
magica/resource/image_web/event/training/1029/navi_03.png	png	official-cn-dynamic-direct	official-cn-legacy-client-image	copy-official-cn	dynamic_image_recovery_audit_20260819/official_cn_direct_357_product_patch.json#332	154365	1024	498
magica/resource/image_web/event/training/1029/story_collection_title.png	png	official-cn-dynamic-direct	official-cn-legacy-client-image	copy-official-cn	dynamic_image_recovery_audit_20260819/official_cn_direct_357_product_patch.json#83	10313	552	54
magica/resource/image_web/event/training/1029/tab_limited_quest_s.png	png	official-cn-dynamic-direct	official-cn-legacy-client-image	copy-official-cn	dynamic_image_recovery_audit_20260819/official_cn_direct_357_product_patch.json#333	5788	180	50
magica/resource/image_web/event/training/1031/event_pop.png	png	official-cn-dynamic-direct	official-cn-legacy-client-image	copy-official-cn	dynamic_image_recovery_audit_20260819/official_cn_direct_357_product_patch.json#334	8968	128	152
magica/resource/image_web/event/training/1031/logo.png	png	official-cn-dynamic-direct	official-cn-legacy-client-image	copy-official-cn	dynamic_image_recovery_audit_20260819/official_cn_direct_357_product_patch.json#335	13104	174	194
magica/resource/image_web/event/training/1031/navi_01.png	png	official-cn-dynamic-direct	official-cn-legacy-client-image	copy-official-cn	dynamic_image_recovery_audit_20260819/official_cn_direct_357_product_patch.json#336	179172	1024	498
magica/resource/image_web/event/training/1031/navi_02.png	png	official-cn-dynamic-direct	official-cn-legacy-client-image	copy-official-cn	dynamic_image_recovery_audit_20260819/official_cn_direct_357_product_patch.json#337	203181	1024	498
magica/resource/image_web/event/training/1031/navi_03.png	png	official-cn-dynamic-direct	official-cn-legacy-client-image	copy-official-cn	dynamic_image_recovery_audit_20260819/official_cn_direct_357_product_patch.json#338	173793	1024	498
magica/resource/image_web/event/training/1031/story_collection_title.png	png	official-cn-dynamic-direct	official-cn-legacy-client-image	copy-official-cn	dynamic_image_recovery_audit_20260819/official_cn_direct_357_product_patch.json#84	10565	552	54
magica/resource/image_web/event/training/1031/tab_limited_quest_s.png	png	official-cn-dynamic-direct	official-cn-legacy-client-image	copy-official-cn	dynamic_image_recovery_audit_20260819/official_cn_direct_357_product_patch.json#339	5788	180	50
magica/resource/image_web/event/training/1034/event_pop.png	png	official-cn-dynamic-direct	official-cn-legacy-client-image	copy-official-cn	dynamic_image_recovery_audit_20260819/official_cn_direct_357_product_patch.json#340	8968	128	152
magica/resource/image_web/event/training/1034/logo.png	png	official-cn-dynamic-direct	official-cn-legacy-client-image	copy-official-cn	dynamic_image_recovery_audit_20260819/official_cn_direct_357_product_patch.json#341	12980	174	194
magica/resource/image_web/event/training/1034/navi_01.png	png	official-cn-dynamic-direct	official-cn-legacy-client-image	copy-official-cn	dynamic_image_recovery_audit_20260819/official_cn_direct_357_product_patch.json#342	174012	1024	498
magica/resource/image_web/event/training/1034/navi_02.png	png	official-cn-dynamic-direct	official-cn-legacy-client-image	copy-official-cn	dynamic_image_recovery_audit_20260819/official_cn_direct_357_product_patch.json#343	200678	1024	498
magica/resource/image_web/event/training/1034/navi_03.png	png	official-cn-dynamic-direct	official-cn-legacy-client-image	copy-official-cn	dynamic_image_recovery_audit_20260819/official_cn_direct_357_product_patch.json#344	171760	1024	498
magica/resource/image_web/event/training/1034/story_collection_title.png	png	official-cn-dynamic-direct	official-cn-legacy-client-image	copy-official-cn	dynamic_image_recovery_audit_20260819/official_cn_direct_357_product_patch.json#85	11672	552	54
magica/resource/image_web/event/training/1034/tab_limited_quest_s.png	png	official-cn-dynamic-direct	official-cn-legacy-client-image	copy-official-cn	dynamic_image_recovery_audit_20260819/official_cn_direct_357_product_patch.json#345	5788	180	50
magica/resource/image_web/event/training/1047/event_pop.png	png	official-cn-dynamic-direct	official-cn-legacy-client-image	copy-official-cn	dynamic_image_recovery_audit_20260819/official_cn_direct_357_product_patch.json#346	8968	128	152
magica/resource/image_web/event/training/1047/logo.png	png	official-cn-dynamic-direct	official-cn-legacy-client-image	copy-official-cn	dynamic_image_recovery_audit_20260819/official_cn_direct_357_product_patch.json#347	13414	174	194
magica/resource/image_web/event/training/1047/navi_01.png	png	official-cn-dynamic-direct	official-cn-legacy-client-image	copy-official-cn	dynamic_image_recovery_audit_20260819/official_cn_direct_357_product_patch.json#348	175027	1024	498
magica/resource/image_web/event/training/1047/navi_02.png	png	official-cn-dynamic-direct	official-cn-legacy-client-image	copy-official-cn	dynamic_image_recovery_audit_20260819/official_cn_direct_357_product_patch.json#349	202074	1024	498
magica/resource/image_web/event/training/1047/navi_03.png	png	official-cn-dynamic-direct	official-cn-legacy-client-image	copy-official-cn	dynamic_image_recovery_audit_20260819/official_cn_direct_357_product_patch.json#350	150092	1024	498
magica/resource/image_web/event/training/1047/story_collection_title.png	png	official-cn-dynamic-direct	official-cn-legacy-client-image	copy-official-cn	dynamic_image_recovery_audit_20260819/official_cn_direct_357_product_patch.json#86	11056	552	54
magica/resource/image_web/event/training/1047/tab_limited_quest_s.png	png	official-cn-dynamic-direct	official-cn-legacy-client-image	copy-official-cn	dynamic_image_recovery_audit_20260819/official_cn_direct_357_product_patch.json#351	5788	180	50
magica/resource/image_web/event/training/1048/event_pop.png	png	official-cn-dynamic-direct	official-cn-legacy-client-image	copy-official-cn	dynamic_image_recovery_audit_20260819/official_cn_direct_357_product_patch.json#352	8968	128	152
magica/resource/image_web/event/training/1048/logo.png	png	official-cn-dynamic-direct	official-cn-legacy-client-image	copy-official-cn	dynamic_image_recovery_audit_20260819/official_cn_direct_357_product_patch.json#353	13534	174	194
magica/resource/image_web/event/training/1048/navi_01.png	png	official-cn-dynamic-direct	official-cn-legacy-client-image	copy-official-cn	dynamic_image_recovery_audit_20260819/official_cn_direct_357_product_patch.json#354	167583	1024	498
magica/resource/image_web/event/training/1048/navi_02.png	png	official-cn-dynamic-direct	official-cn-legacy-client-image	copy-official-cn	dynamic_image_recovery_audit_20260819/official_cn_direct_357_product_patch.json#355	197509	1024	498
magica/resource/image_web/event/training/1048/navi_03.png	png	official-cn-dynamic-direct	official-cn-legacy-client-image	copy-official-cn	dynamic_image_recovery_audit_20260819/official_cn_direct_357_product_patch.json#356	156471	1024	498
magica/resource/image_web/event/training/1048/story_collection_title.png	png	official-cn-dynamic-direct	official-cn-legacy-client-image	copy-official-cn	dynamic_image_recovery_audit_20260819/official_cn_direct_357_product_patch.json#87	9534	552	54
magica/resource/image_web/event/training/1048/tab_limited_quest_s.png	png	official-cn-dynamic-direct	official-cn-legacy-client-image	copy-official-cn	dynamic_image_recovery_audit_20260819/official_cn_direct_357_product_patch.json#357	5788	180	50
magica/resource/image_web/event/training/1052/logo.png	png	official-cn-dynamic-remaining	official-cn	official-cn-stage-bytes	dynamic_image_recovery_audit_20260819/remaining_dynamic_162_product_patch.json#97	13451	174	194
magica/resource/image_web/event/training/1052/navi_01.png	png	official-cn-dynamic-remaining	official-cn	official-cn-stage-bytes	dynamic_image_recovery_audit_20260819/remaining_dynamic_162_product_patch.json#98	168987	1024	498
magica/resource/image_web/event/training/1052/navi_02.png	png	official-cn-dynamic-remaining	official-cn	official-cn-stage-bytes	dynamic_image_recovery_audit_20260819/remaining_dynamic_162_product_patch.json#99	205282	1024	498
magica/resource/image_web/event/training/1052/navi_03.png	png	official-cn-dynamic-remaining	official-cn	official-cn-stage-bytes	dynamic_image_recovery_audit_20260819/remaining_dynamic_162_product_patch.json#100	191586	1024	498
magica/resource/image_web/event/training/1133/story_collection_title.png	png	official-cn-dynamic-direct	official-cn-legacy-client-image	copy-official-cn	dynamic_image_recovery_audit_20260819/official_cn_direct_357_product_patch.json#88	12553	552	54
magica/resource/image_web/event/training/common/btn_chara_change.png	png	official-cn-gap-direct	official-cn-legacy-client-image	copy-official-cn-same-path	magica/research/totentanz-full-localization-20260817/official-cn-image-overlay-round2/overlay_manifest.json#SOURCE-IMG-0068	5524	166	60
magica/resource/image_web/event/training/common/btn_limited_mission.png	png	official-cn-gap-direct	official-cn-legacy-client-image	copy-official-cn-same-path	magica/research/totentanz-full-localization-20260817/official-cn-image-overlay-round2/overlay_manifest.json#SOURCE-IMG-0069	5560	90	94
magica/resource/image_web/gacha/gacha_001_banner.png	png	official-cn-dynamic-remaining	official-cn	official-cn-stage-bytes	dynamic_image_recovery_audit_20260819/remaining_dynamic_162_product_patch.json#101	34421	574	240
magica/resource/image_web/gacha/gacha_002_banner.png	png	official-cn-dynamic-remaining	official-cn	official-cn-stage-bytes	dynamic_image_recovery_audit_20260819/remaining_dynamic_162_product_patch.json#102	25417	574	240
magica/resource/image_web/gacha/gacha_011_card.png	png	official-cn-dynamic-remaining	official-cn	official-cn-stage-bytes	dynamic_image_recovery_audit_20260819/remaining_dynamic_162_product_patch.json#103	33679	512	512
magica/resource/image_web/gacha/gacha_013_card.png	png	official-cn-dynamic-remaining	official-cn	official-cn-stage-bytes	dynamic_image_recovery_audit_20260819/remaining_dynamic_162_product_patch.json#104	29825	512	512
magica/resource/image_web/gacha/gacha_016_card.png	png	official-cn-dynamic-remaining	official-cn	official-cn-stage-bytes	dynamic_image_recovery_audit_20260819/remaining_dynamic_162_product_patch.json#105	28288	512	512
magica/resource/image_web/gacha/gacha_018_card.png	png	official-cn-dynamic-remaining	official-cn	official-cn-stage-bytes	dynamic_image_recovery_audit_20260819/remaining_dynamic_162_product_patch.json#106	32560	512	512
magica/resource/image_web/gacha/gacha_030_card.png	png	official-cn-dynamic-remaining	official-cn	official-cn-stage-bytes	dynamic_image_recovery_audit_20260819/remaining_dynamic_162_product_patch.json#107	155233	710	576
magica/resource/image_web/gacha/gacha_031_card.png	png	official-cn-dynamic-remaining	official-cn	official-cn-stage-bytes	dynamic_image_recovery_audit_20260819/remaining_dynamic_162_product_patch.json#108	150354	710	576
magica/resource/image_web/gacha/gacha_032_card.png	png	official-cn-dynamic-remaining	official-cn	official-cn-stage-bytes	dynamic_image_recovery_audit_20260819/remaining_dynamic_162_product_patch.json#109	105834	710	576
magica/resource/image_web/gacha/gacha_033_card.png	png	official-cn-dynamic-remaining	official-cn	official-cn-stage-bytes	dynamic_image_recovery_audit_20260819/remaining_dynamic_162_product_patch.json#110	128966	710	576
magica/resource/image_web/gacha/gacha_038_card.png	png	official-cn-dynamic-remaining	official-cn	official-cn-stage-bytes	dynamic_image_recovery_audit_20260819/remaining_dynamic_162_product_patch.json#111	107173	710	576
magica/resource/image_web/gacha/gacha_040_card.png	png	official-cn-dynamic-remaining	official-cn	official-cn-stage-bytes	dynamic_image_recovery_audit_20260819/remaining_dynamic_162_product_patch.json#112	165000	710	576
magica/resource/image_web/gacha/gacha_047_card.png	png	official-cn-dynamic-remaining	official-cn	official-cn-stage-bytes	dynamic_image_recovery_audit_20260819/remaining_dynamic_162_product_patch.json#113	135224	710	576
magica/resource/image_web/gacha/gacha_048_banner.png	png	official-cn-dynamic-remaining	official-cn	official-cn-stage-bytes	dynamic_image_recovery_audit_20260819/remaining_dynamic_162_product_patch.json#114	25018	574	318
magica/resource/image_web/gacha/gacha_048_banner_l.png	png	official-cn-dynamic-remaining	official-cn	official-cn-stage-bytes	dynamic_image_recovery_audit_20260819/remaining_dynamic_162_product_patch.json#115	34412	1024	416
magica/resource/image_web/gacha/gacha_051_card.png	png	official-cn-dynamic-remaining	official-cn	official-cn-stage-bytes	dynamic_image_recovery_audit_20260819/remaining_dynamic_162_product_patch.json#116	151558	710	576
magica/resource/image_web/gacha/gacha_053_card.png	png	official-cn-dynamic-remaining	official-cn	official-cn-stage-bytes	dynamic_image_recovery_audit_20260819/remaining_dynamic_162_product_patch.json#117	29396	512	512
magica/resource/image_web/gacha/gacha_055_card.png	png	official-cn-dynamic-remaining	official-cn	official-cn-stage-bytes	dynamic_image_recovery_audit_20260819/remaining_dynamic_162_product_patch.json#118	128349	710	576
magica/resource/image_web/gacha/gacha_062_card.png	png	official-cn-dynamic-remaining	official-cn	official-cn-stage-bytes	dynamic_image_recovery_audit_20260819/remaining_dynamic_162_product_patch.json#119	168464	710	768
magica/resource/image_web/gacha/gacha_063_card.png	png	official-cn-dynamic-remaining	official-cn	official-cn-stage-bytes	dynamic_image_recovery_audit_20260819/remaining_dynamic_162_product_patch.json#120	209181	710	768
magica/resource/image_web/gacha/gacha_064_banner.png	png	official-cn-dynamic-remaining	official-cn	official-cn-stage-bytes	dynamic_image_recovery_audit_20260819/remaining_dynamic_162_product_patch.json#121	24689	1024	400
magica/resource/image_web/gacha/gacha_071_card.png	png	official-cn-dynamic-remaining	official-cn	official-cn-stage-bytes	dynamic_image_recovery_audit_20260819/remaining_dynamic_162_product_patch.json#122	124287	710	768
magica/resource/image_web/gacha/gacha_075_card.png	png	official-cn-dynamic-remaining	official-cn	official-cn-stage-bytes	dynamic_image_recovery_audit_20260819/remaining_dynamic_162_product_patch.json#123	249749	710	768
magica/resource/image_web/gacha/gacha_076_card.png	png	official-cn-dynamic-remaining	official-cn	official-cn-stage-bytes	dynamic_image_recovery_audit_20260819/remaining_dynamic_162_product_patch.json#124	156129	710	768
magica/resource/image_web/gacha/gacha_077_card.png	png	official-cn-dynamic-remaining	official-cn	official-cn-stage-bytes	dynamic_image_recovery_audit_20260819/remaining_dynamic_162_product_patch.json#125	198625	710	768
magica/resource/image_web/gacha/gacha_080_card.png	png	official-cn-dynamic-remaining	official-cn	official-cn-stage-bytes	dynamic_image_recovery_audit_20260819/remaining_dynamic_162_product_patch.json#126	185931	710	768
magica/resource/image_web/gacha/gacha_081_card.png	png	official-cn-dynamic-remaining	official-cn	official-cn-stage-bytes	dynamic_image_recovery_audit_20260819/remaining_dynamic_162_product_patch.json#127	187354	710	768
magica/resource/image_web/gacha/gacha_082_card.png	png	official-cn-dynamic-remaining	official-cn	official-cn-stage-bytes	dynamic_image_recovery_audit_20260819/remaining_dynamic_162_product_patch.json#128	171852	710	768
magica/resource/image_web/gacha/gacha_083_card.png	png	official-cn-dynamic-remaining	official-cn	official-cn-stage-bytes	dynamic_image_recovery_audit_20260819/remaining_dynamic_162_product_patch.json#129	156932	710	768
magica/resource/image_web/gacha/gacha_084_card.png	png	official-cn-dynamic-remaining	official-cn	official-cn-stage-bytes	dynamic_image_recovery_audit_20260819/remaining_dynamic_162_product_patch.json#130	21415	512	512
magica/resource/image_web/gacha/gacha_085_card.png	png	official-cn-dynamic-remaining	official-cn	official-cn-stage-bytes	dynamic_image_recovery_audit_20260819/remaining_dynamic_162_product_patch.json#131	23054	512	512
magica/resource/image_web/gacha/gacha_086_card.png	png	official-cn-dynamic-remaining	official-cn	official-cn-stage-bytes	dynamic_image_recovery_audit_20260819/remaining_dynamic_162_product_patch.json#132	22552	512	512
magica/resource/image_web/gacha/gacha_087_card.png	png	official-cn-dynamic-remaining	official-cn	official-cn-stage-bytes	dynamic_image_recovery_audit_20260819/remaining_dynamic_162_product_patch.json#133	22371	512	512
magica/resource/image_web/gacha/gacha_088_card.png	png	official-cn-dynamic-remaining	official-cn	official-cn-stage-bytes	dynamic_image_recovery_audit_20260819/remaining_dynamic_162_product_patch.json#134	22466	512	512
magica/resource/image_web/gacha/gacha_089_card.png	png	official-cn-dynamic-remaining	official-cn	official-cn-stage-bytes	dynamic_image_recovery_audit_20260819/remaining_dynamic_162_product_patch.json#135	21743	512	512
magica/resource/image_web/gacha/gacha_090_card.png	png	official-cn-dynamic-remaining	official-cn	official-cn-stage-bytes	dynamic_image_recovery_audit_20260819/remaining_dynamic_162_product_patch.json#136	211216	710	768
magica/resource/image_web/gacha/gacha_091_card.png	png	official-cn-dynamic-remaining	official-cn	official-cn-stage-bytes	dynamic_image_recovery_audit_20260819/remaining_dynamic_162_product_patch.json#137	151143	710	768
magica/resource/image_web/gacha/gacha_092_card.png	png	official-cn-dynamic-remaining	official-cn	official-cn-stage-bytes	dynamic_image_recovery_audit_20260819/remaining_dynamic_162_product_patch.json#138	143635	710	768
magica/resource/image_web/gacha/gacha_098_card.png	png	official-cn-dynamic-remaining	official-cn	official-cn-stage-bytes	dynamic_image_recovery_audit_20260819/remaining_dynamic_162_product_patch.json#139	207255	710	768
magica/resource/image_web/gacha/gacha_099_card.png	png	official-cn-dynamic-remaining	official-cn	official-cn-stage-bytes	dynamic_image_recovery_audit_20260819/remaining_dynamic_162_product_patch.json#140	196957	710	768
magica/resource/image_web/gacha/gacha_103_card.png	png	official-cn-dynamic-remaining	official-cn	official-cn-stage-bytes	dynamic_image_recovery_audit_20260819/remaining_dynamic_162_product_patch.json#141	108206	710	768
magica/resource/image_web/gacha/gacha_105_card.png	png	official-cn-dynamic-remaining	official-cn	official-cn-stage-bytes	dynamic_image_recovery_audit_20260819/remaining_dynamic_162_product_patch.json#142	170400	710	768
magica/resource/image_web/gacha/gacha_106_card.png	png	official-cn-dynamic-remaining	official-cn	official-cn-stage-bytes	dynamic_image_recovery_audit_20260819/remaining_dynamic_162_product_patch.json#143	167432	710	768
magica/resource/image_web/gacha/gacha_109_card.png	png	official-cn-dynamic-remaining	official-cn	official-cn-stage-bytes	dynamic_image_recovery_audit_20260819/remaining_dynamic_162_product_patch.json#144	156941	710	768
magica/resource/image_web/gacha/gacha_110_card.png	png	official-cn-dynamic-remaining	official-cn	official-cn-stage-bytes	dynamic_image_recovery_audit_20260819/remaining_dynamic_162_product_patch.json#145	171852	710	768
magica/resource/image_web/gacha/gacha_114_card.png	png	official-cn-dynamic-remaining	official-cn	official-cn-stage-bytes	dynamic_image_recovery_audit_20260819/remaining_dynamic_162_product_patch.json#146	781770	710	768
magica/resource/image_web/gacha/gacha_115_card.png	png	official-cn-dynamic-remaining	official-cn	official-cn-stage-bytes	dynamic_image_recovery_audit_20260819/remaining_dynamic_162_product_patch.json#147	183926	710	768
magica/resource/image_web/gacha/gacha_116_card.png	png	official-cn-dynamic-remaining	official-cn	official-cn-stage-bytes	dynamic_image_recovery_audit_20260819/remaining_dynamic_162_product_patch.json#148	153614	710	768
magica/resource/image_web/gacha/gacha_120_card.png	png	official-cn-dynamic-remaining	official-cn	official-cn-stage-bytes	dynamic_image_recovery_audit_20260819/remaining_dynamic_162_product_patch.json#149	211269	710	768
magica/resource/image_web/gacha/gacha_291_card.png	png	official-cn-dynamic-remaining	official-cn	official-cn-stage-bytes	dynamic_image_recovery_audit_20260819/remaining_dynamic_162_product_patch.json#150	152164	710	768
magica/resource/image_web/gacha/gacha_292_card.png	png	official-cn-dynamic-remaining	official-cn	official-cn-stage-bytes	dynamic_image_recovery_audit_20260819/remaining_dynamic_162_product_patch.json#151	157140	710	768
magica/resource/image_web/gacha/gacha_293_card.png	png	official-cn-dynamic-remaining	official-cn	official-cn-stage-bytes	dynamic_image_recovery_audit_20260819/remaining_dynamic_162_product_patch.json#152	147550	710	768
magica/resource/image_web/gacha/gacha_294_card.png	png	official-cn-dynamic-remaining	official-cn	official-cn-stage-bytes	dynamic_image_recovery_audit_20260819/remaining_dynamic_162_product_patch.json#153	167433	710	768
magica/resource/image_web/gacha/gacha_295_card.png	png	official-cn-dynamic-remaining	official-cn	official-cn-stage-bytes	dynamic_image_recovery_audit_20260819/remaining_dynamic_162_product_patch.json#154	170403	710	768
magica/resource/image_web/gacha/gacha_296_card.png	png	official-cn-dynamic-remaining	official-cn	official-cn-stage-bytes	dynamic_image_recovery_audit_20260819/remaining_dynamic_162_product_patch.json#155	124287	710	768
magica/resource/image_web/gacha/gacha_297_card.png	png	official-cn-dynamic-remaining	official-cn	official-cn-stage-bytes	dynamic_image_recovery_audit_20260819/remaining_dynamic_162_product_patch.json#156	249749	710	768
magica/resource/image_web/gacha/gacha_298_card.png	png	official-cn-dynamic-remaining	official-cn	official-cn-stage-bytes	dynamic_image_recovery_audit_20260819/remaining_dynamic_162_product_patch.json#157	198631	710	768
magica/resource/image_web/gacha/gacha_299_card.png	png	official-cn-dynamic-remaining	official-cn	official-cn-stage-bytes	dynamic_image_recovery_audit_20260819/remaining_dynamic_162_product_patch.json#158	211216	710	768
magica/resource/image_web/gacha/gacha_300_card.png	png	official-cn-dynamic-remaining	official-cn	official-cn-stage-bytes	dynamic_image_recovery_audit_20260819/remaining_dynamic_162_product_patch.json#159	196957	710	768
magica/resource/image_web/gacha/gacha_301_card.png	png	official-cn-dynamic-remaining	official-cn	official-cn-stage-bytes	dynamic_image_recovery_audit_20260819/remaining_dynamic_162_product_patch.json#160	108208	710	768
magica/resource/image_web/gacha/gacha_304_card.png	png	official-cn-dynamic-remaining	official-cn	official-cn-stage-bytes	dynamic_image_recovery_audit_20260819/remaining_dynamic_162_product_patch.json#161	213082	710	768
magica/resource/image_web/gacha/gacha_329_card.png	png	official-cn-dynamic-remaining	official-cn	official-cn-stage-bytes	dynamic_image_recovery_audit_20260819/remaining_dynamic_162_product_patch.json#162	187357	710	768
magica/resource/image_web/page/announce/announce_title_base.png	png	official-cn-same-path	official-cn-legacy-client	copy-official-cn-same-path-same-geometry	magica/research/totentanz-full-localization-20260817/official-cn-image-overlay/overlay_manifest.json#page/announce/announce_title_base.png	3572	864	46
magica/resource/image_web/page/announce/icon_limited_announce.png	png	official-cn-same-path	official-cn-legacy-client	copy-official-cn-same-path-same-geometry	magica/research/totentanz-full-localization-20260817/official-cn-image-overlay/overlay_manifest.json#page/announce/icon_limited_announce.png	894	94	24
magica/resource/image_web/page/announce/icon_new.png	png	careful-human-current-canvas	careful-human-translation-on-current-us-canvas	reviewed-current-canvas-localization	magica/research/totentanz-full-localization-20260817/web-images/localized_ui_image_manifest.json#page/announce/icon_new.png	998	66	22
magica/resource/image_web/page/announce/icon_new_a.png	png	careful-human-current-canvas	careful-human-translation-on-current-us-canvas	reviewed-current-canvas-localization	magica/research/totentanz-full-localization-20260817/web-images/localized_ui_image_manifest.json#page/announce/icon_new_a.png	998	66	22
magica/resource/image_web/page/arena/btn_change.png	png	official-cn-same-path	official-cn-legacy-client	copy-official-cn-same-path-same-geometry	magica/research/totentanz-full-localization-20260817/official-cn-image-overlay/overlay_manifest.json#page/arena/btn_change.png	2965	184	42
magica/resource/image_web/page/arena/btn_condition.png	png	official-cn-same-path	official-cn-legacy-client	copy-official-cn-same-path-same-geometry	magica/research/totentanz-full-localization-20260817/official-cn-image-overlay/overlay_manifest.json#page/arena/btn_condition.png	4681	146	50
magica/resource/image_web/page/arena/btn_infinite_a.png	png	official-cn-gap-direct	official-cn-legacy-client-image	copy-official-cn-same-path	magica/research/totentanz-full-localization-20260817/official-cn-image-overlay-round2/overlay_manifest.json#SOURCE-IMG-0070	48980	344	344
magica/resource/image_web/page/arena/confirm/btn_battle_start.png	png	official-cn-same-path	official-cn-legacy-client	copy-official-cn-same-path-css-geometry-exception	magica/research/totentanz-full-localization-20260817/official-cn-image-overlay/overlay_manifest.json#page/arena/confirm/btn_battle_start.png	10697	298	90
magica/resource/image_web/page/arena/confirm/enemy_bonus_pt_bg.png	png	official-cn-gap-direct	official-cn-legacy-client-image	copy-official-cn-same-path	magica/research/totentanz-full-localization-20260817/official-cn-image-overlay-round2/overlay_manifest.json#SOURCE-IMG-0071	1440	496	42
magica/resource/image_web/page/arena/confirm/enemy_formation_bg.png	png	official-cn-gap-direct	official-cn-legacy-client-image	copy-official-cn-same-path	magica/research/totentanz-full-localization-20260817/official-cn-image-overlay-round2/overlay_manifest.json#SOURCE-IMG-0072	1767	496	42
magica/resource/image_web/page/arena/confirm/enemy_header.png	png	official-cn-same-path	official-cn-legacy-client	copy-official-cn-same-path-same-geometry	magica/research/totentanz-full-localization-20260817/official-cn-image-overlay/overlay_manifest.json#page/arena/confirm/enemy_header.png	1371	188	42
magica/resource/image_web/page/arena/confirm/enemy_mirrors_pt_bg.png	png	official-cn-gap-direct	official-cn-legacy-client-image	copy-official-cn-same-path	magica/research/totentanz-full-localization-20260817/official-cn-image-overlay-round2/overlay_manifest.json#SOURCE-IMG-0073	1369	496	42
magica/resource/image_web/page/arena/confirm/enemy_ranking_pt_bg.png	png	official-cn-same-path	official-cn-legacy-client	copy-official-cn-same-path-same-geometry	magica/research/totentanz-full-localization-20260817/official-cn-image-overlay/overlay_manifest.json#page/arena/confirm/enemy_ranking_pt_bg.png	1040	496	42
magica/resource/image_web/page/arena/confirm/enemy_team_pt_bg.png	png	official-cn-same-path	official-cn-legacy-client	copy-official-cn-same-path-same-geometry	magica/research/totentanz-full-localization-20260817/official-cn-image-overlay/overlay_manifest.json#page/arena/confirm/enemy_team_pt_bg.png	1210	496	42
magica/resource/image_web/page/arena/current_header_l.png	png	official-cn-same-path	official-cn-legacy-client	copy-official-cn-same-path-same-geometry	magica/research/totentanz-full-localization-20260817/official-cn-image-overlay/overlay_manifest.json#page/arena/current_header_l.png	572	174	28
magica/resource/image_web/page/arena/current_header_l_a.png	png	official-cn-same-path	official-cn-legacy-client	copy-official-cn-same-path-same-geometry	magica/research/totentanz-full-localization-20260817/official-cn-image-overlay/overlay_manifest.json#page/arena/current_header_l_a.png	4589	182	68
magica/resource/image_web/page/arena/current_header_r.png	png	official-cn-same-path	official-cn-legacy-client	copy-official-cn-same-path-same-geometry	magica/research/totentanz-full-localization-20260817/official-cn-image-overlay/overlay_manifest.json#page/arena/current_header_r.png	576	174	28
magica/resource/image_web/page/arena/history/btn_battle_history_off.png	png	official-cn-same-path	official-cn-legacy-client	copy-official-cn-same-path-same-geometry	magica/research/totentanz-full-localization-20260817/official-cn-image-overlay/overlay_manifest.json#page/arena/history/btn_battle_history_off.png	6368	210	70
magica/resource/image_web/page/arena/history/btn_battle_history_on.png	png	official-cn-same-path	official-cn-legacy-client	copy-official-cn-same-path-same-geometry	magica/research/totentanz-full-localization-20260817/official-cn-image-overlay/overlay_manifest.json#page/arena/history/btn_battle_history_on.png	6320	210	70
magica/resource/image_web/page/arena/history/btn_defence_history_off.png	png	official-cn-same-path	official-cn-legacy-client	copy-official-cn-same-path-same-geometry	magica/research/totentanz-full-localization-20260817/official-cn-image-overlay/overlay_manifest.json#page/arena/history/btn_defence_history_off.png	6131	210	70
magica/resource/image_web/page/arena/history/btn_defence_history_on.png	png	official-cn-same-path	official-cn-legacy-client	copy-official-cn-same-path-same-geometry	magica/research/totentanz-full-localization-20260817/official-cn-image-overlay/overlay_manifest.json#page/arena/history/btn_defence_history_on.png	6180	210	70
magica/resource/image_web/page/arena/history/history_header.png	png	official-cn-same-path	official-cn-legacy-client	copy-official-cn-same-path-same-geometry	magica/research/totentanz-full-localization-20260817/official-cn-image-overlay/overlay_manifest.json#page/arena/history/history_header.png	3108	1024	36
magica/resource/image_web/page/arena/history/history_header_a.png	png	official-cn-gap-direct	official-cn-legacy-client-image	copy-official-cn-same-path	magica/research/totentanz-full-localization-20260817/official-cn-image-overlay-round2/overlay_manifest.json#SOURCE-IMG-0074	5495	1024	36
magica/resource/image_web/page/arena/history/history_header_b.png	png	official-cn-gap-direct	official-cn-legacy-client-image	copy-official-cn-same-path	magica/research/totentanz-full-localization-20260817/official-cn-image-overlay-round2/overlay_manifest.json#SOURCE-IMG-0075	2756	1024	36
magica/resource/image_web/page/arena/history/infinite_history_bg_a.png	png	official-cn-gap-direct	official-cn-legacy-client-image	copy-official-cn-same-path	magica/research/totentanz-full-localization-20260817/official-cn-image-overlay-round2/overlay_manifest.json#SOURCE-IMG-0076	42092	748	166
magica/resource/image_web/page/arena/history/practice_history_bg_a.png	png	official-cn-gap-direct	official-cn-legacy-client-image	copy-official-cn-same-path	magica/research/totentanz-full-localization-20260817/official-cn-image-overlay-round2/overlay_manifest.json#SOURCE-IMG-0077	43369	748	166
magica/resource/image_web/page/arena/history/ranking_history_bg_a.png	png	official-cn-gap-direct	official-cn-legacy-client-image	copy-official-cn-same-path	magica/research/totentanz-full-localization-20260817/official-cn-image-overlay-round2/overlay_manifest.json#SOURCE-IMG-0078	43217	748	166
magica/resource/image_web/page/arena/infinite_floor_bg.png	png	official-cn-gap-current-canvas	official-cn-legacy-client-image	official pixels placed without scaling on current-size transparent canvas	magica/research/totentanz-full-localization-20260817/current-canvas-image-round2/manifest.json#page/arena/infinite_floor_bg.png	3959	120	121
magica/resource/image_web/page/arena/matching/btn_mirrors_formation.png	png	official-cn-same-path	official-cn-legacy-client	copy-official-cn-same-path-css-geometry-exception	magica/research/totentanz-full-localization-20260817/official-cn-image-overlay/overlay_manifest.json#page/arena/matching/btn_mirrors_formation.png	5044	182	52
magica/resource/image_web/page/arena/matching/enemy_icon_equal.png	png	official-cn-gap-current-canvas	official-cn-legacy-client-image	official pixels placed without scaling on current-size transparent canvas	magica/research/totentanz-full-localization-20260817/current-canvas-image-round2/manifest.json#page/arena/matching/enemy_icon_equal.png	1605	81	30
magica/resource/image_web/page/arena/matching/enemy_icon_lower.png	png	official-cn-gap-current-canvas	official-cn-legacy-client-image	official pixels placed without scaling on current-size transparent canvas	magica/research/totentanz-full-localization-20260817/current-canvas-image-round2/manifest.json#page/arena/matching/enemy_icon_lower.png	1470	81	31
magica/resource/image_web/page/arena/matching/enemy_icon_upper.png	png	official-cn-gap-direct	official-cn-legacy-client-image	copy-official-cn-same-path	magica/research/totentanz-full-localization-20260817/official-cn-image-overlay-round2/overlay_manifest.json#SOURCE-IMG-0082	1188	82	30
magica/resource/image_web/page/arena/matching/enemy_select_header.png	png	official-cn-same-path	official-cn-legacy-client	copy-official-cn-same-path-same-geometry	magica/research/totentanz-full-localization-20260817/official-cn-image-overlay/overlay_manifest.json#page/arena/matching/enemy_select_header.png	1287	598	28
magica/resource/image_web/page/arena/matching/infinite_enemy_pt.png	png	official-cn-gap-direct	official-cn-legacy-client-image	copy-official-cn-same-path	magica/research/totentanz-full-localization-20260817/official-cn-image-overlay-round2/overlay_manifest.json#SOURCE-IMG-0083	1406	284	48
magica/resource/image_web/page/arena/matching/ranking_enemy_pt.png	png	official-cn-same-path	official-cn-legacy-client	copy-official-cn-same-path-same-geometry	magica/research/totentanz-full-localization-20260817/official-cn-image-overlay/overlay_manifest.json#page/arena/matching/ranking_enemy_pt.png	1373	284	48
magica/resource/image_web/page/arena/matching/ranking_pt_base.png	png	official-cn-same-path	official-cn-legacy-client	copy-official-cn-same-path-same-geometry	magica/research/totentanz-full-localization-20260817/official-cn-image-overlay/overlay_manifest.json#page/arena/matching/ranking_pt_base.png	1507	380	28
magica/resource/image_web/page/arena/matching/team_pt_base.png	png	official-cn-same-path	official-cn-legacy-client	copy-official-cn-same-path-same-geometry	magica/research/totentanz-full-localization-20260817/official-cn-image-overlay/overlay_manifest.json#page/arena/matching/team_pt_base.png	1591	380	28
magica/resource/image_web/page/arena/next_mirror.png	png	careful-human-current-canvas	careful-human-translation-on-current-us-canvas	reviewed-current-canvas-localization	magica/research/totentanz-full-localization-20260817/web-images/localized_ui_image_manifest.json#page/arena/next_mirror.png	3516	478	64
magica/resource/image_web/page/arena/result/btn_replay_preserve.png	png	careful-human-current-canvas	careful-human-translation-on-current-us-canvas	reviewed-current-canvas-localization	magica/research/totentanz-full-localization-20260817/web-images/localized_ui_image_manifest.json#page/arena/result/btn_replay_preserve.png	8773	222	76
magica/resource/image_web/page/arena/result/infinite_floor_bg_s.png	png	official-cn-gap-current-canvas	official-cn-legacy-client-image	complete official sprite resized to current canvas dimensions	magica/research/totentanz-full-localization-20260817/current-canvas-image-round2/manifest.json#page/arena/result/infinite_floor_bg_s.png	7160	75	83
magica/resource/image_web/page/arena/result/infinite_pt_bg.png	png	official-cn-same-path	official-cn-legacy-client	copy-official-cn-same-path-same-geometry	magica/research/totentanz-full-localization-20260817/official-cn-image-overlay/overlay_manifest.json#page/arena/result/infinite_pt_bg.png	1093	428	42
magica/resource/image_web/page/arena/result/infinite_result_header.png	png	official-cn-same-path	official-cn-legacy-client	copy-official-cn-same-path-same-geometry	magica/research/totentanz-full-localization-20260817/official-cn-image-overlay/overlay_manifest.json#page/arena/result/infinite_result_header.png	9830	318	46
magica/resource/image_web/page/arena/result/infinite_sum_bg.png	png	official-cn-same-path	official-cn-legacy-client	copy-official-cn-same-path-same-geometry	magica/research/totentanz-full-localization-20260817/official-cn-image-overlay/overlay_manifest.json#page/arena/result/infinite_sum_bg.png	852	428	42
magica/resource/image_web/page/arena/result/next_mirror.png	png	careful-human-current-canvas	careful-human-translation-on-current-us-canvas	reviewed-current-canvas-localization	magica/research/totentanz-full-localization-20260817/web-images/localized_ui_image_manifest.json#page/arena/result/next_mirror.png	4322	598	86
magica/resource/image_web/page/arena/result/ranking_pt_bg.png	png	official-cn-same-path	official-cn-legacy-client	copy-official-cn-same-path-same-geometry	magica/research/totentanz-full-localization-20260817/official-cn-image-overlay/overlay_manifest.json#page/arena/result/ranking_pt_bg.png	1053	428	42
magica/resource/image_web/page/arena/result/ranking_rank_bg_s.png	png	official-cn-same-path	official-cn-legacy-client	copy-official-cn-same-path-same-geometry	magica/research/totentanz-full-localization-20260817/official-cn-image-overlay/overlay_manifest.json#page/arena/result/ranking_rank_bg_s.png	2424	74	82
magica/resource/image_web/page/arena/result/ranking_result_header.png	png	official-cn-same-path	official-cn-legacy-client	copy-official-cn-same-path-same-geometry	magica/research/totentanz-full-localization-20260817/official-cn-image-overlay/overlay_manifest.json#page/arena/result/ranking_result_header.png	9710	318	46
magica/resource/image_web/page/arena/result/ranking_sum_bg.png	png	official-cn-same-path	official-cn-legacy-client	copy-official-cn-same-path-same-geometry	magica/research/totentanz-full-localization-20260817/official-cn-image-overlay/overlay_manifest.json#page/arena/result/ranking_sum_bg.png	1263	428	42
magica/resource/image_web/page/arena/result/rankup_reward_bg.png	png	official-cn-same-path	official-cn-legacy-client	copy-official-cn-same-path-same-geometry	magica/research/totentanz-full-localization-20260817/official-cn-image-overlay/overlay_manifest.json#page/arena/result/rankup_reward_bg.png	1339	596	70
magica/resource/image_web/page/arena/result/result_enemy_header.png	png	official-cn-same-path	official-cn-legacy-client	copy-official-cn-same-path-same-geometry	magica/research/totentanz-full-localization-20260817/official-cn-image-overlay/overlay_manifest.json#page/arena/result/result_enemy_header.png	902	138	28
magica/resource/image_web/page/arena/result/result_lose.png	png	careful-human-current-canvas	careful-human-translation-on-current-us-canvas	reviewed-current-canvas-localization	magica/research/totentanz-full-localization-20260817/web-images/localized_ui_image_manifest.json#page/arena/result/result_lose.png	4303	262	86
magica/resource/image_web/page/arena/result/result_streak_base.png	png	official-cn-same-path	official-cn-legacy-client	copy-official-cn-same-path-same-geometry	magica/research/totentanz-full-localization-20260817/official-cn-image-overlay/overlay_manifest.json#page/arena/result/result_streak_base.png	1334	150	32
magica/resource/image_web/page/arena/result/result_win.png	png	careful-human-current-canvas	careful-human-translation-on-current-us-canvas	reviewed-current-canvas-localization	magica/research/totentanz-full-localization-20260817/web-images/localized_ui_image_manifest.json#page/arena/result/result_win.png	4033	362	86
magica/resource/image_web/page/arena/result/simulate_date_bg.png	png	official-cn-same-path	official-cn-legacy-client	copy-official-cn-same-path-same-geometry	magica/research/totentanz-full-localization-20260817/official-cn-image-overlay/overlay_manifest.json#page/arena/result/simulate_date_bg.png	2122	332	34
magica/resource/image_web/page/arena/result/simulate_pt_bg.png	png	official-cn-same-path	official-cn-legacy-client	copy-official-cn-same-path-same-geometry	magica/research/totentanz-full-localization-20260817/official-cn-image-overlay/overlay_manifest.json#page/arena/result/simulate_pt_bg.png	1854	428	42
magica/resource/image_web/page/arena/result/story_open_bg.png	png	official-cn-same-path	official-cn-legacy-client	copy-official-cn-same-path-same-geometry	magica/research/totentanz-full-localization-20260817/official-cn-image-overlay/overlay_manifest.json#page/arena/result/story_open_bg.png	1580	628	116
magica/resource/image_web/page/arena/result/touch_screen.png	png	careful-human-current-canvas	careful-human-translation-on-current-us-canvas	reviewed-current-canvas-localization	magica/research/totentanz-full-localization-20260817/web-images/localized_ui_image_manifest.json#page/arena/result/touch_screen.png	2128	242	32
magica/resource/image_web/page/arena/result/trial_result_header.png	png	official-cn-same-path	official-cn-legacy-client	copy-official-cn-same-path-same-geometry	magica/research/totentanz-full-localization-20260817/official-cn-image-overlay/overlay_manifest.json#page/arena/result/trial_result_header.png	8778	318	46
magica/resource/image_web/page/arena/reward/btn_rankup_off.png	png	official-cn-gap-direct	official-cn-legacy-client-image	copy-official-cn-same-path	magica/research/totentanz-full-localization-20260817/official-cn-image-overlay-round2/overlay_manifest.json#SOURCE-IMG-0085	6670	246	66
magica/resource/image_web/page/arena/reward/btn_rankup_on.png	png	official-cn-gap-direct	official-cn-legacy-client-image	copy-official-cn-same-path	magica/research/totentanz-full-localization-20260817/official-cn-image-overlay-round2/overlay_manifest.json#SOURCE-IMG-0086	6890	246	66
magica/resource/image_web/page/arena/reward/reward_header_a.png	png	careful-human-gap-current-canvas	careful-human-translation-on-current-us-canvas	current canvas and ornament retained; visible English label replaced only	magica/research/totentanz-full-localization-20260817/current-canvas-image-round2/manifest.json#page/arena/reward/reward_header_a.png	2525	1024	36
magica/resource/image_web/page/arena/simulate/bg_team_pt.png	png	official-cn-gap-direct	official-cn-legacy-client-image	copy-official-cn-same-path	magica/research/totentanz-full-localization-20260817/official-cn-image-overlay-round2/overlay_manifest.json#SOURCE-IMG-0088	1798	284	22
magica/resource/image_web/page/arena/simulate/btn_friend_01.png	png	official-cn-gap-direct	official-cn-legacy-client-image	copy-official-cn-same-path	magica/research/totentanz-full-localization-20260817/official-cn-image-overlay-round2/overlay_manifest.json#SOURCE-IMG-0089	3217	90	40
magica/resource/image_web/page/arena/simulate/btn_id.png	png	official-cn-gap-direct	official-cn-legacy-client-image	copy-official-cn-same-path	magica/research/totentanz-full-localization-20260817/official-cn-image-overlay-round2/overlay_manifest.json#SOURCE-IMG-0090	3139	90	40
magica/resource/image_web/page/camera/btn_camera_end.png	png	official-cn-gap-direct	official-cn-legacy-client-image	copy-official-cn-same-path	magica/research/totentanz-full-localization-20260817/official-cn-image-overlay-round2/overlay_manifest.json#SOURCE-IMG-0091	3220	144	52
magica/resource/image_web/page/camera/btn_camera_start.png	png	official-cn-gap-direct	official-cn-legacy-client-image	copy-official-cn-same-path	magica/research/totentanz-full-localization-20260817/official-cn-image-overlay-round2/overlay_manifest.json#SOURCE-IMG-0092	6313	186	66
magica/resource/image_web/page/camera/btn_position.png	png	official-cn-gap-direct	official-cn-legacy-client-image	copy-official-cn-same-path	magica/research/totentanz-full-localization-20260817/official-cn-image-overlay-round2/overlay_manifest.json#SOURCE-IMG-0093	4217	88	78
magica/resource/image_web/page/camera/btn_timer.png	png	official-cn-gap-direct	official-cn-legacy-client-image	copy-official-cn-same-path	magica/research/totentanz-full-localization-20260817/official-cn-image-overlay-round2/overlay_manifest.json#SOURCE-IMG-0094	4767	88	78
magica/resource/image_web/page/chara/btn_convert.png	png	official-cn-gap-direct	official-cn-legacy-client-image	copy-official-cn-same-path	magica/research/totentanz-full-localization-20260817/official-cn-image-overlay-round2/overlay_manifest.json#SOURCE-IMG-0095	4462	134	54
magica/resource/image_web/page/chara/btn_convert_gray.png	png	official-cn-gap-direct	official-cn-legacy-client-image	copy-official-cn-same-path	magica/research/totentanz-full-localization-20260817/official-cn-image-overlay-round2/overlay_manifest.json#SOURCE-IMG-0096	4431	134	54
magica/resource/image_web/page/chara/btn_max.png	png	careful-human-current-canvas	careful-human-translation-on-current-us-canvas	reviewed-current-canvas-localization	magica/research/totentanz-full-localization-20260817/web-images/localized_ui_image_manifest.json#page/chara/btn_max.png	3388	80	50
magica/resource/image_web/page/chara/btn_pose.png	png	official-cn-gap-direct	official-cn-legacy-client-image	copy-official-cn-same-path	magica/research/totentanz-full-localization-20260817/official-cn-image-overlay-round2/overlay_manifest.json#SOURCE-IMG-0097	4109	66	66
magica/resource/image_web/page/chara/btn_top_compose_a.png	png	official-cn-same-path	official-cn-legacy-client	copy-official-cn-same-path-same-geometry	magica/research/totentanz-full-localization-20260817/official-cn-image-overlay/overlay_manifest.json#page/chara/btn_top_compose_a.png	24729	250	384
magica/resource/image_web/page/chara/btn_top_customize_a.png	png	official-cn-same-path	official-cn-legacy-client	copy-official-cn-same-path-same-geometry	magica/research/totentanz-full-localization-20260817/official-cn-image-overlay/overlay_manifest.json#page/chara/btn_top_customize_a.png	25837	250	384
magica/resource/image_web/page/chara/btn_top_emotion.png	png	official-cn-same-path	official-cn-legacy-client	copy-official-cn-same-path-same-geometry	magica/research/totentanz-full-localization-20260817/official-cn-image-overlay/overlay_manifest.json#page/chara/btn_top_emotion.png	25737	250	384
magica/resource/image_web/page/chara/btn_top_limitbreak_a.png	png	official-cn-same-path	official-cn-legacy-client	copy-official-cn-same-path-same-geometry	magica/research/totentanz-full-localization-20260817/official-cn-image-overlay/overlay_manifest.json#page/chara/btn_top_limitbreak_a.png	24527	250	384
magica/resource/image_web/page/chara/btn_top_magia_a.png	png	official-cn-same-path	official-cn-legacy-client	copy-official-cn-same-path-same-geometry	magica/research/totentanz-full-localization-20260817/official-cn-image-overlay/overlay_manifest.json#page/chara/btn_top_magia_a.png	24681	250	384
magica/resource/image_web/page/chara/conf_leader_off.png	png	official-cn-gap-direct	official-cn-legacy-client-image	copy-official-cn-same-path	magica/research/totentanz-full-localization-20260817/official-cn-image-overlay-round2/overlay_manifest.json#SOURCE-IMG-0098	1333	150	32
magica/resource/image_web/page/chara/conf_leader_on.png	png	official-cn-gap-direct	official-cn-legacy-client-image	copy-official-cn-same-path	magica/research/totentanz-full-localization-20260817/official-cn-image-overlay-round2/overlay_manifest.json#SOURCE-IMG-0099	1574	150	32
magica/resource/image_web/page/chara/tag_cristal.png	png	official-cn-gap-direct	official-cn-legacy-client-image	copy-official-cn-same-path	magica/research/totentanz-full-localization-20260817/official-cn-image-overlay-round2/overlay_manifest.json#SOURCE-IMG-0100	2561	134	46
magica/resource/image_web/page/chara/text_compose.png	png	official-cn-same-path	official-cn-legacy-client	copy-official-cn-same-path-same-geometry	magica/research/totentanz-full-localization-20260817/official-cn-image-overlay/overlay_manifest.json#page/chara/text_compose.png	1322	283	16
magica/resource/image_web/page/chara/text_compose_2.png	png	official-cn-same-path	official-cn-legacy-client	copy-official-cn-same-path-same-geometry	magica/research/totentanz-full-localization-20260817/official-cn-image-overlay/overlay_manifest.json#page/chara/text_compose_2.png	1446	320	16
magica/resource/image_web/page/chara/text_customize.png	png	official-cn-same-path	official-cn-legacy-client	copy-official-cn-same-path-css-geometry-exception	magica/research/totentanz-full-localization-20260817/official-cn-image-overlay/overlay_manifest.json#page/chara/text_customize.png	1575	304	16
magica/resource/image_web/page/chara/text_episodelv.png	png	careful-human-current-canvas	careful-human-translation-on-current-us-canvas	reviewed-current-canvas-localization	magica/research/totentanz-full-localization-20260817/web-images/localized_ui_image_manifest.json#page/chara/text_episodelv.png	1115	334	16
magica/resource/image_web/page/chara/text_limitbreak.png	png	official-cn-same-path	official-cn-legacy-client	copy-official-cn-same-path-same-geometry	magica/research/totentanz-full-localization-20260817/official-cn-image-overlay/overlay_manifest.json#page/chara/text_limitbreak.png	1638	340	16
magica/resource/image_web/page/chara/text_magia.png	png	official-cn-same-path	official-cn-legacy-client	copy-official-cn-same-path-css-geometry-exception	magica/research/totentanz-full-localization-20260817/official-cn-image-overlay/overlay_manifest.json#page/chara/text_magia.png	1308	304	16
magica/resource/image_web/page/chara/tree/bg_ability.png	png	official-cn-same-path	official-cn-legacy-client	copy-official-cn-same-path-same-geometry	magica/research/totentanz-full-localization-20260817/official-cn-image-overlay/overlay_manifest.json#page/chara/tree/bg_ability.png	2353	564	104
magica/resource/image_web/page/chara/tree/bg_skill.png	png	official-cn-same-path	official-cn-legacy-client	copy-official-cn-same-path-same-geometry	magica/research/totentanz-full-localization-20260817/official-cn-image-overlay/overlay_manifest.json#page/chara/tree/bg_skill.png	4147	564	104
magica/resource/image_web/page/chara/tree/btn_reset_off.png	png	official-cn-same-path	official-cn-legacy-client	copy-official-cn-same-path-same-geometry	magica/research/totentanz-full-localization-20260817/official-cn-image-overlay/overlay_manifest.json#page/chara/tree/btn_reset_off.png	2351	100	34
magica/resource/image_web/page/chara/tree/btn_reset_on.png	png	official-cn-same-path	official-cn-legacy-client	copy-official-cn-same-path-same-geometry	magica/research/totentanz-full-localization-20260817/official-cn-image-overlay/overlay_manifest.json#page/chara/tree/btn_reset_on.png	2362	100	34
magica/resource/image_web/page/chara/tree/text_emotion.png	png	official-cn-same-path	official-cn-legacy-client	copy-official-cn-same-path-same-geometry	magica/research/totentanz-full-localization-20260817/official-cn-image-overlay/overlay_manifest.json#page/chara/tree/text_emotion.png	2371	339	26
magica/resource/image_web/page/chara/tree/title_emotion_01.png	png	official-cn-same-path	official-cn-legacy-client	copy-official-cn-same-path-same-geometry	magica/research/totentanz-full-localization-20260817/official-cn-image-overlay/overlay_manifest.json#page/chara/tree/title_emotion_01.png	2439	230	27
magica/resource/image_web/page/chara/tree/title_emotion_02.png	png	official-cn-same-path	official-cn-legacy-client	copy-official-cn-same-path-same-geometry	magica/research/totentanz-full-localization-20260817/official-cn-image-overlay/overlay_manifest.json#page/chara/tree/title_emotion_02.png	2711	265	31
magica/resource/image_web/page/collection/archive_base.png	png	official-cn-gap-direct	official-cn-legacy-client-image	copy-official-cn-same-path	magica/research/totentanz-full-localization-20260817/official-cn-image-overlay-round2/overlay_manifest.json#SOURCE-IMG-0101	4756	348	348
magica/resource/image_web/page/collection/btn_collection_chara.png	png	official-cn-gap-direct	official-cn-legacy-client-image	copy-official-cn-same-path	magica/research/totentanz-full-localization-20260817/official-cn-image-overlay-round2/overlay_manifest.json#SOURCE-IMG-0102	6522	114	132
magica/resource/image_web/page/collection/btn_collection_doppel.png	png	official-cn-gap-direct	official-cn-legacy-client-image	copy-official-cn-same-path	magica/research/totentanz-full-localization-20260817/official-cn-image-overlay-round2/overlay_manifest.json#SOURCE-IMG-0103	7040	114	132
magica/resource/image_web/page/collection/btn_collection_memoria.png	png	official-cn-gap-direct	official-cn-legacy-client-image	copy-official-cn-same-path	magica/research/totentanz-full-localization-20260817/official-cn-image-overlay-round2/overlay_manifest.json#SOURCE-IMG-0104	6638	114	132
magica/resource/image_web/page/collection/btn_collection_story.png	png	official-cn-gap-direct	official-cn-legacy-client-image	copy-official-cn-same-path	magica/research/totentanz-full-localization-20260817/official-cn-image-overlay-round2/overlay_manifest.json#SOURCE-IMG-0105	6826	114	132
magica/resource/image_web/page/collection/btn_collection_witch.png	png	official-cn-gap-direct	official-cn-legacy-client-image	copy-official-cn-same-path	magica/research/totentanz-full-localization-20260817/official-cn-image-overlay-round2/overlay_manifest.json#SOURCE-IMG-0106	7061	114	132
magica/resource/image_web/page/collection/btn_doppel_back.png	png	official-cn-gap-direct	official-cn-legacy-client-image	copy-official-cn-same-path	magica/research/totentanz-full-localization-20260817/official-cn-image-overlay-round2/overlay_manifest.json#SOURCE-IMG-0107	2932	90	44
magica/resource/image_web/page/collection/header.png	png	official-cn-gap-direct	official-cn-legacy-client-image	copy-official-cn-same-path	magica/research/totentanz-full-localization-20260817/official-cn-image-overlay-round2/overlay_manifest.json#SOURCE-IMG-0108	1412	256	52
magica/resource/image_web/page/collection/magirepo/common/chara_r.png	png	official-cn-gap-direct	official-cn-legacy-client-image	copy-official-cn-same-path	magica/research/totentanz-full-localization-20260817/official-cn-image-overlay-round2/overlay_manifest.json#SOURCE-IMG-0109	7045	246	116
magica/resource/image_web/page/collection/magirepo/common/tab_magirepo.png	png	official-cn-same-path	official-cn-legacy-client	copy-official-cn-same-path-same-geometry	magica/research/totentanz-full-localization-20260817/official-cn-image-overlay/overlay_manifest.json#page/collection/magirepo/common/tab_magirepo.png	4767	186	60
magica/resource/image_web/page/collection/magirepo/common/tag_part1.png	png	official-cn-dynamic-batch-a	official-cn	copy	dynamic_image_recovery_audit_20260819/dynamic_image_product_patch_manifest.json#15	950	78	34
magica/resource/image_web/page/collection/magirepo/common/tag_part2.png	png	official-cn-dynamic-batch-a	official-cn	copy	dynamic_image_recovery_audit_20260819/dynamic_image_product_patch_manifest.json#16	957	78	34
magica/resource/image_web/page/collection/magirepo/img/part1/magirepo_01_001.png	png	official-cn-dynamic-batch-a	official-cn	copy	dynamic_image_recovery_audit_20260819/dynamic_image_product_patch_manifest.json#17	264158	1024	1456
magica/resource/image_web/page/collection/magirepo/img/part1/magirepo_01_002.png	png	official-cn-dynamic-batch-a	official-cn	copy	dynamic_image_recovery_audit_20260819/dynamic_image_product_patch_manifest.json#18	246830	1024	1456
magica/resource/image_web/page/collection/magirepo/img/part1/magirepo_01_003.png	png	official-cn-dynamic-batch-a	official-cn	copy	dynamic_image_recovery_audit_20260819/dynamic_image_product_patch_manifest.json#19	226733	1024	1456
magica/resource/image_web/page/collection/magirepo/img/part1/magirepo_01_004.png	png	official-cn-dynamic-batch-a	official-cn	copy	dynamic_image_recovery_audit_20260819/dynamic_image_product_patch_manifest.json#20	304538	1024	1456
magica/resource/image_web/page/collection/magirepo/img/part1/magirepo_01_005.png	png	official-cn-dynamic-batch-a	official-cn	copy	dynamic_image_recovery_audit_20260819/dynamic_image_product_patch_manifest.json#21	277817	1024	1456
magica/resource/image_web/page/collection/magirepo/img/part1/magirepo_01_006.png	png	official-cn-dynamic-batch-a	official-cn	copy	dynamic_image_recovery_audit_20260819/dynamic_image_product_patch_manifest.json#22	288696	1024	1456
magica/resource/image_web/page/collection/magirepo/img/part1/magirepo_01_007.png	png	official-cn-dynamic-batch-a	official-cn	copy	dynamic_image_recovery_audit_20260819/dynamic_image_product_patch_manifest.json#23	275212	1024	1456
magica/resource/image_web/page/collection/magirepo/img/part1/magirepo_01_008.png	png	official-cn-dynamic-batch-a	official-cn	copy	dynamic_image_recovery_audit_20260819/dynamic_image_product_patch_manifest.json#24	265223	1024	1456
magica/resource/image_web/page/collection/magirepo/img/part1/magirepo_01_009.png	png	official-cn-dynamic-batch-a	official-cn	copy	dynamic_image_recovery_audit_20260819/dynamic_image_product_patch_manifest.json#25	235324	1024	1456
magica/resource/image_web/page/collection/magirepo/img/part1/magirepo_01_010.png	png	official-cn-dynamic-batch-a	official-cn	copy	dynamic_image_recovery_audit_20260819/dynamic_image_product_patch_manifest.json#26	313635	1024	1456
magica/resource/image_web/page/collection/magirepo/img/part1/magirepo_01_011.png	png	official-cn-dynamic-batch-a	official-cn	copy	dynamic_image_recovery_audit_20260819/dynamic_image_product_patch_manifest.json#27	330188	1024	1456
magica/resource/image_web/page/collection/magirepo/img/part1/magirepo_01_012.png	png	official-cn-dynamic-batch-a	official-cn	copy	dynamic_image_recovery_audit_20260819/dynamic_image_product_patch_manifest.json#28	337336	1024	1456
magica/resource/image_web/page/collection/magirepo/img/part1/magirepo_01_013.png	png	official-cn-dynamic-batch-a	official-cn	copy	dynamic_image_recovery_audit_20260819/dynamic_image_product_patch_manifest.json#29	344004	1024	1456
magica/resource/image_web/page/collection/magirepo/img/part1/magirepo_01_014.png	png	official-cn-dynamic-batch-a	official-cn	copy	dynamic_image_recovery_audit_20260819/dynamic_image_product_patch_manifest.json#30	340165	1024	1456
magica/resource/image_web/page/collection/magirepo/img/part1/magirepo_01_015.png	png	official-cn-dynamic-batch-a	official-cn	adapt	dynamic_image_recovery_audit_20260819/dynamic_image_product_patch_manifest.json#31	914913	1024	1456
magica/resource/image_web/page/collection/magirepo/img/part1/magirepo_01_016.png	png	official-cn-dynamic-batch-a	official-cn	copy	dynamic_image_recovery_audit_20260819/dynamic_image_product_patch_manifest.json#32	359383	1024	1456
magica/resource/image_web/page/collection/magirepo/img/part1/magirepo_01_017.png	png	official-cn-dynamic-batch-a	official-cn	copy	dynamic_image_recovery_audit_20260819/dynamic_image_product_patch_manifest.json#33	292473	1024	1456
magica/resource/image_web/page/collection/magirepo/img/part1/magirepo_01_018.png	png	official-cn-dynamic-batch-a	official-cn	copy	dynamic_image_recovery_audit_20260819/dynamic_image_product_patch_manifest.json#34	282923	1024	1456
magica/resource/image_web/page/collection/magirepo/img/part1/magirepo_01_019.png	png	official-cn-dynamic-batch-a	official-cn	copy	dynamic_image_recovery_audit_20260819/dynamic_image_product_patch_manifest.json#35	279916	1024	1456
magica/resource/image_web/page/collection/magirepo/img/part1/magirepo_01_020.png	png	official-cn-dynamic-batch-a	official-cn	copy	dynamic_image_recovery_audit_20260819/dynamic_image_product_patch_manifest.json#36	337784	1024	1456
magica/resource/image_web/page/collection/magirepo/img/part1/magirepo_01_021.png	png	official-cn-dynamic-batch-a	official-cn	copy	dynamic_image_recovery_audit_20260819/dynamic_image_product_patch_manifest.json#37	336904	1024	1456
magica/resource/image_web/page/collection/magirepo/img/part1/magirepo_01_022.png	png	official-cn-dynamic-batch-a	official-cn	copy	dynamic_image_recovery_audit_20260819/dynamic_image_product_patch_manifest.json#38	247572	1024	1456
magica/resource/image_web/page/collection/magirepo/img/part1/magirepo_01_023.png	png	official-cn-dynamic-batch-a	official-cn	copy	dynamic_image_recovery_audit_20260819/dynamic_image_product_patch_manifest.json#39	287995	1024	1456
magica/resource/image_web/page/collection/magirepo/img/part1/magirepo_01_024.png	png	official-cn-dynamic-batch-a	official-cn	copy	dynamic_image_recovery_audit_20260819/dynamic_image_product_patch_manifest.json#40	263965	1024	1456
magica/resource/image_web/page/collection/magirepo/img/part1/magirepo_01_025.png	png	official-cn-dynamic-batch-a	official-cn	copy	dynamic_image_recovery_audit_20260819/dynamic_image_product_patch_manifest.json#41	317718	1024	1456
magica/resource/image_web/page/collection/magirepo/img/part1/magirepo_01_026.png	png	official-cn-dynamic-batch-a	official-cn	copy	dynamic_image_recovery_audit_20260819/dynamic_image_product_patch_manifest.json#42	310930	1024	1456
magica/resource/image_web/page/collection/magirepo/img/part1/magirepo_01_027.png	png	official-cn-dynamic-batch-a	official-cn	copy	dynamic_image_recovery_audit_20260819/dynamic_image_product_patch_manifest.json#43	274047	1024	1456
magica/resource/image_web/page/collection/magirepo/img/part1/magirepo_01_028.png	png	official-cn-dynamic-batch-a	official-cn	copy	dynamic_image_recovery_audit_20260819/dynamic_image_product_patch_manifest.json#44	257426	1024	1456
magica/resource/image_web/page/collection/magirepo/img/part1/magirepo_01_029.png	png	official-cn-dynamic-batch-a	official-cn	copy	dynamic_image_recovery_audit_20260819/dynamic_image_product_patch_manifest.json#45	288537	1024	1456
magica/resource/image_web/page/collection/magirepo/img/part1/magirepo_01_030.png	png	official-cn-dynamic-batch-a	official-cn	copy	dynamic_image_recovery_audit_20260819/dynamic_image_product_patch_manifest.json#46	261033	1024	1456
magica/resource/image_web/page/collection/magirepo/img/part1/magirepo_01_031.png	png	official-cn-dynamic-batch-a	official-cn	copy	dynamic_image_recovery_audit_20260819/dynamic_image_product_patch_manifest.json#47	259668	1024	1456
magica/resource/image_web/page/collection/magirepo/img/part1/magirepo_01_032.png	png	official-cn-dynamic-batch-a	official-cn	copy	dynamic_image_recovery_audit_20260819/dynamic_image_product_patch_manifest.json#48	243665	1024	1456
magica/resource/image_web/page/collection/magirepo/img/part1/magirepo_01_033.png	png	official-cn-dynamic-batch-a	official-cn	copy	dynamic_image_recovery_audit_20260819/dynamic_image_product_patch_manifest.json#49	367347	1024	1456
magica/resource/image_web/page/collection/magirepo/img/part1/magirepo_01_034.png	png	official-cn-dynamic-batch-a	official-cn	copy	dynamic_image_recovery_audit_20260819/dynamic_image_product_patch_manifest.json#50	317091	1024	1456
magica/resource/image_web/page/collection/magirepo/img/part1/magirepo_01_035.png	png	official-cn-dynamic-batch-a	official-cn	copy	dynamic_image_recovery_audit_20260819/dynamic_image_product_patch_manifest.json#51	318965	1024	1456
magica/resource/image_web/page/collection/magirepo/img/part1/magirepo_01_036.png	png	official-cn-dynamic-batch-a	official-cn	copy	dynamic_image_recovery_audit_20260819/dynamic_image_product_patch_manifest.json#52	297558	1024	1456
magica/resource/image_web/page/collection/magirepo/img/part1/magirepo_01_037.png	png	official-cn-dynamic-batch-a	official-cn	copy	dynamic_image_recovery_audit_20260819/dynamic_image_product_patch_manifest.json#53	321097	1024	1456
magica/resource/image_web/page/collection/magirepo/img/part1/magirepo_01_038.png	png	official-cn-dynamic-batch-a	official-cn	copy	dynamic_image_recovery_audit_20260819/dynamic_image_product_patch_manifest.json#54	309870	1024	1456
magica/resource/image_web/page/collection/magirepo/img/part1/magirepo_01_039.png	png	official-cn-dynamic-batch-a	official-cn	copy	dynamic_image_recovery_audit_20260819/dynamic_image_product_patch_manifest.json#55	314985	1024	1456
magica/resource/image_web/page/collection/magirepo/img/part1/magirepo_01_040.png	png	official-cn-dynamic-batch-a	official-cn	copy	dynamic_image_recovery_audit_20260819/dynamic_image_product_patch_manifest.json#56	272011	1024	1456
magica/resource/image_web/page/collection/magirepo/img/part1/magirepo_01_041.png	png	official-cn-dynamic-batch-a	official-cn	copy	dynamic_image_recovery_audit_20260819/dynamic_image_product_patch_manifest.json#57	323887	1024	1456
magica/resource/image_web/page/collection/magirepo/img/part1/magirepo_01_042.png	png	official-cn-dynamic-batch-a	official-cn	copy	dynamic_image_recovery_audit_20260819/dynamic_image_product_patch_manifest.json#58	344469	1024	1456
magica/resource/image_web/page/collection/magirepo/img/part1/magirepo_01_043.png	png	official-cn-dynamic-batch-a	official-cn	copy	dynamic_image_recovery_audit_20260819/dynamic_image_product_patch_manifest.json#59	354491	1024	1456
magica/resource/image_web/page/collection/magirepo/img/part1/magirepo_01_044.png	png	official-cn-dynamic-batch-a	official-cn	copy	dynamic_image_recovery_audit_20260819/dynamic_image_product_patch_manifest.json#60	345356	1024	1456
magica/resource/image_web/page/collection/magirepo/img/part1/magirepo_01_045.png	png	official-cn-dynamic-batch-a	official-cn	copy	dynamic_image_recovery_audit_20260819/dynamic_image_product_patch_manifest.json#61	295333	1024	1456
magica/resource/image_web/page/collection/magirepo/img/part1/magirepo_01_046.png	png	official-cn-dynamic-batch-a	official-cn	copy	dynamic_image_recovery_audit_20260819/dynamic_image_product_patch_manifest.json#62	340264	1024	1456
magica/resource/image_web/page/collection/magirepo/img/part2/magirepo_02_001.png	png	official-cn-dynamic-batch-a	official-cn	copy	dynamic_image_recovery_audit_20260819/dynamic_image_product_patch_manifest.json#63	278773	1024	1456
magica/resource/image_web/page/collection/magirepo/img/part2/magirepo_02_002.png	png	official-cn-dynamic-batch-a	official-cn	copy	dynamic_image_recovery_audit_20260819/dynamic_image_product_patch_manifest.json#64	313456	1024	1456
magica/resource/image_web/page/collection/magirepo/img/part2/magirepo_02_003.png	png	official-cn-dynamic-batch-a	official-cn	adapt	dynamic_image_recovery_audit_20260819/dynamic_image_product_patch_manifest.json#65	875180	1024	1456
magica/resource/image_web/page/collection/magirepo/img/part2/magirepo_02_004.png	png	official-cn-dynamic-batch-a	official-cn	copy	dynamic_image_recovery_audit_20260819/dynamic_image_product_patch_manifest.json#66	337930	1024	1456
magica/resource/image_web/page/collection/magirepo/img/part2/magirepo_02_005.png	png	official-cn-dynamic-batch-a	official-cn	copy	dynamic_image_recovery_audit_20260819/dynamic_image_product_patch_manifest.json#67	318160	1024	1456
magica/resource/image_web/page/collection/magirepo/img/part2/magirepo_02_006.png	png	official-cn-dynamic-batch-a	official-cn	copy	dynamic_image_recovery_audit_20260819/dynamic_image_product_patch_manifest.json#68	287460	1024	1456
magica/resource/image_web/page/collection/magirepo/img/part2/magirepo_02_007.png	png	official-cn-dynamic-batch-a	official-cn	copy	dynamic_image_recovery_audit_20260819/dynamic_image_product_patch_manifest.json#69	329255	1024	1456
magica/resource/image_web/page/collection/magirepo/img/part2/magirepo_02_008.png	png	official-cn-dynamic-batch-a	official-cn	copy	dynamic_image_recovery_audit_20260819/dynamic_image_product_patch_manifest.json#70	291580	1024	1456
magica/resource/image_web/page/collection/magirepo/img/part2/magirepo_02_009.png	png	official-cn-dynamic-batch-a	official-cn	copy	dynamic_image_recovery_audit_20260819/dynamic_image_product_patch_manifest.json#71	325650	1024	1456
magica/resource/image_web/page/collection/magirepo/img/part2/magirepo_02_010.png	png	official-cn-dynamic-batch-a	official-cn	copy	dynamic_image_recovery_audit_20260819/dynamic_image_product_patch_manifest.json#72	335608	1024	1456
magica/resource/image_web/page/collection/magirepo/img/part2/magirepo_02_011.png	png	official-cn-dynamic-batch-a	official-cn	copy	dynamic_image_recovery_audit_20260819/dynamic_image_product_patch_manifest.json#73	385029	1024	1456
magica/resource/image_web/page/collection/magirepo/img/part2/magirepo_02_012.png	png	official-cn-dynamic-batch-a	official-cn	copy	dynamic_image_recovery_audit_20260819/dynamic_image_product_patch_manifest.json#74	300481	1024	1456
magica/resource/image_web/page/collection/magirepo/img/part2/magirepo_02_013.png	png	official-cn-dynamic-batch-a	official-cn	copy	dynamic_image_recovery_audit_20260819/dynamic_image_product_patch_manifest.json#75	343581	1024	1456
magica/resource/image_web/page/collection/magirepo/img/part2/magirepo_02_014.png	png	official-cn-dynamic-batch-a	official-cn	copy	dynamic_image_recovery_audit_20260819/dynamic_image_product_patch_manifest.json#76	403999	1024	1456
magica/resource/image_web/page/collection/magirepo/img/part2/magirepo_02_015.png	png	official-cn-dynamic-batch-a	official-cn	copy	dynamic_image_recovery_audit_20260819/dynamic_image_product_patch_manifest.json#77	332104	1024	1456
magica/resource/image_web/page/collection/magirepo/img/part2/magirepo_02_016.png	png	official-cn-dynamic-batch-a	official-cn	copy	dynamic_image_recovery_audit_20260819/dynamic_image_product_patch_manifest.json#78	302163	1024	1456
magica/resource/image_web/page/collection/magirepo/img/part2/magirepo_02_017.png	png	official-cn-dynamic-batch-a	official-cn	copy	dynamic_image_recovery_audit_20260819/dynamic_image_product_patch_manifest.json#79	330732	1024	1456
magica/resource/image_web/page/collection/magirepo/img/part2/magirepo_02_018.png	png	official-cn-dynamic-batch-a	official-cn	copy	dynamic_image_recovery_audit_20260819/dynamic_image_product_patch_manifest.json#80	284264	1024	1456
magica/resource/image_web/page/collection/magirepo/img/part2/magirepo_02_019.png	png	official-cn-dynamic-batch-a	official-cn	copy	dynamic_image_recovery_audit_20260819/dynamic_image_product_patch_manifest.json#81	334289	1024	1456
magica/resource/image_web/page/collection/magirepo/img/part2/magirepo_02_020.png	png	official-cn-dynamic-batch-a	official-cn	copy	dynamic_image_recovery_audit_20260819/dynamic_image_product_patch_manifest.json#82	347255	1024	1456
magica/resource/image_web/page/collection/magirepo/img/part2/magirepo_02_021.png	png	official-cn-dynamic-batch-a	official-cn	copy	dynamic_image_recovery_audit_20260819/dynamic_image_product_patch_manifest.json#83	331819	1024	1456
magica/resource/image_web/page/collection/magirepo/img/part2/magirepo_02_022.png	png	official-cn-dynamic-batch-a	official-cn	copy	dynamic_image_recovery_audit_20260819/dynamic_image_product_patch_manifest.json#84	350526	1024	1456
magica/resource/image_web/page/collection/magirepo/img/part2/magirepo_02_023.png	png	official-cn-dynamic-batch-a	official-cn	copy	dynamic_image_recovery_audit_20260819/dynamic_image_product_patch_manifest.json#85	348064	1024	1456
magica/resource/image_web/page/collection/magirepo/img/part2/magirepo_02_024.png	png	official-cn-dynamic-batch-a	official-cn	copy	dynamic_image_recovery_audit_20260819/dynamic_image_product_patch_manifest.json#86	343964	1024	1456
magica/resource/image_web/page/collection/magirepo/img/part2/magirepo_02_025.png	png	official-cn-dynamic-batch-a	official-cn	copy	dynamic_image_recovery_audit_20260819/dynamic_image_product_patch_manifest.json#87	312553	1024	1456
magica/resource/image_web/page/collection/magirepo/img/part2/magirepo_02_026.png	png	official-cn-dynamic-batch-a	official-cn	copy	dynamic_image_recovery_audit_20260819/dynamic_image_product_patch_manifest.json#88	324796	1024	1456
magica/resource/image_web/page/collection/magirepo/img/part2/magirepo_02_027.png	png	official-cn-dynamic-batch-a	official-cn	copy	dynamic_image_recovery_audit_20260819/dynamic_image_product_patch_manifest.json#89	328723	1024	1456
magica/resource/image_web/page/collection/magirepo/img/part2/magirepo_02_028.png	png	official-cn-dynamic-batch-a	official-cn	copy	dynamic_image_recovery_audit_20260819/dynamic_image_product_patch_manifest.json#90	324171	1024	1456
magica/resource/image_web/page/collection/magirepo/img/part2/magirepo_02_029.png	png	official-cn-dynamic-batch-a	official-cn	copy	dynamic_image_recovery_audit_20260819/dynamic_image_product_patch_manifest.json#91	357449	1024	1456
magica/resource/image_web/page/collection/magirepo/img/part2/magirepo_02_030.png	png	official-cn-dynamic-batch-a	official-cn	copy	dynamic_image_recovery_audit_20260819/dynamic_image_product_patch_manifest.json#92	334776	1024	1456
magica/resource/image_web/page/collection/magirepo/img/part2/magirepo_02_031.png	png	official-cn-dynamic-batch-a	official-cn	copy	dynamic_image_recovery_audit_20260819/dynamic_image_product_patch_manifest.json#93	305979	1024	1456
magica/resource/image_web/page/collection/magirepo/img/part2/magirepo_02_032.png	png	official-cn-dynamic-batch-a	official-cn	copy	dynamic_image_recovery_audit_20260819/dynamic_image_product_patch_manifest.json#94	321193	1024	1456
magica/resource/image_web/page/collection/magirepo/img/part2/magirepo_02_033.png	png	official-cn-dynamic-batch-a	official-cn	copy	dynamic_image_recovery_audit_20260819/dynamic_image_product_patch_manifest.json#95	316860	1024	1456
magica/resource/image_web/page/collection/magirepo/img/part2/magirepo_02_034.png	png	official-cn-dynamic-batch-a	official-cn	copy	dynamic_image_recovery_audit_20260819/dynamic_image_product_patch_manifest.json#96	338443	1024	1456
magica/resource/image_web/page/collection/magirepo/img/part2/magirepo_02_035.png	png	official-cn-dynamic-batch-a	official-cn	copy	dynamic_image_recovery_audit_20260819/dynamic_image_product_patch_manifest.json#97	309605	1024	1456
magica/resource/image_web/page/collection/magirepo/img/part2/magirepo_02_036.png	png	official-cn-dynamic-batch-a	official-cn	copy	dynamic_image_recovery_audit_20260819/dynamic_image_product_patch_manifest.json#98	318497	1024	1456
magica/resource/image_web/page/collection/magirepo/img/part2/magirepo_02_037.png	png	official-cn-dynamic-batch-a	official-cn	copy	dynamic_image_recovery_audit_20260819/dynamic_image_product_patch_manifest.json#99	293055	1024	1456
magica/resource/image_web/page/collection/magirepo/img/part2/magirepo_02_038.png	png	official-cn-dynamic-batch-a	official-cn	copy	dynamic_image_recovery_audit_20260819/dynamic_image_product_patch_manifest.json#100	278922	1024	1456
magica/resource/image_web/page/collection/magirepo/img/part2/magirepo_02_039.png	png	official-cn-dynamic-batch-a	official-cn	copy	dynamic_image_recovery_audit_20260819/dynamic_image_product_patch_manifest.json#101	335929	1024	1456
magica/resource/image_web/page/collection/magirepo/img/part2/magirepo_02_040.png	png	official-cn-dynamic-batch-a	official-cn	copy	dynamic_image_recovery_audit_20260819/dynamic_image_product_patch_manifest.json#102	334985	1024	1456
magica/resource/image_web/page/collection/magirepo/img/part2/magirepo_02_041.png	png	official-cn-dynamic-batch-a	official-cn	copy	dynamic_image_recovery_audit_20260819/dynamic_image_product_patch_manifest.json#103	319684	1024	1456
magica/resource/image_web/page/collection/magirepo/img/part2/magirepo_02_042.png	png	official-cn-dynamic-batch-a	official-cn	copy	dynamic_image_recovery_audit_20260819/dynamic_image_product_patch_manifest.json#104	374959	1024	1456
magica/resource/image_web/page/collection/magirepo/img/part2/magirepo_02_043.png	png	official-cn-dynamic-batch-a	official-cn	copy	dynamic_image_recovery_audit_20260819/dynamic_image_product_patch_manifest.json#105	311289	1024	1456
magica/resource/image_web/page/collection/magirepo/img/part2/magirepo_02_044.png	png	official-cn-dynamic-batch-a	official-cn	copy	dynamic_image_recovery_audit_20260819/dynamic_image_product_patch_manifest.json#106	328135	1024	1456
magica/resource/image_web/page/collection/magirepo/img/part2/magirepo_02_045.png	png	official-cn-dynamic-batch-a	official-cn	copy	dynamic_image_recovery_audit_20260819/dynamic_image_product_patch_manifest.json#107	304031	1024	1456
magica/resource/image_web/page/collection/magirepo/img/part2/magirepo_02_046.png	png	official-cn-dynamic-batch-a	official-cn	copy	dynamic_image_recovery_audit_20260819/dynamic_image_product_patch_manifest.json#108	283099	1024	1456
magica/resource/image_web/page/collection/magirepo/img/part2/magirepo_02_047.png	png	official-cn-dynamic-batch-a	official-cn	copy	dynamic_image_recovery_audit_20260819/dynamic_image_product_patch_manifest.json#109	282450	1024	1456
magica/resource/image_web/page/collection/magirepo/img/part2/magirepo_02_048.png	png	official-cn-dynamic-batch-a	official-cn	copy	dynamic_image_recovery_audit_20260819/dynamic_image_product_patch_manifest.json#110	297726	1024	1456
magica/resource/image_web/page/collection/magirepo/img/part2/magirepo_02_049.png	png	official-cn-dynamic-batch-a	official-cn	copy	dynamic_image_recovery_audit_20260819/dynamic_image_product_patch_manifest.json#111	355851	1024	1456
magica/resource/image_web/page/collection/magirepo/img/part2/magirepo_02_050.png	png	official-cn-dynamic-batch-a	official-cn	copy	dynamic_image_recovery_audit_20260819/dynamic_image_product_patch_manifest.json#112	270824	1024	1456
magica/resource/image_web/page/collection/magirepo/img/part2/magirepo_02_051.png	png	official-cn-dynamic-batch-a	official-cn	copy	dynamic_image_recovery_audit_20260819/dynamic_image_product_patch_manifest.json#113	345403	1024	1456
magica/resource/image_web/page/collection/magirepo/img/part2/magirepo_02_052.png	png	official-cn-dynamic-batch-a	official-cn	copy	dynamic_image_recovery_audit_20260819/dynamic_image_product_patch_manifest.json#114	316100	1024	1456
magica/resource/image_web/page/collection/magirepo/img/part2/magirepo_02_053.png	png	official-cn-dynamic-batch-a	official-cn	copy	dynamic_image_recovery_audit_20260819/dynamic_image_product_patch_manifest.json#115	320641	1024	1456
magica/resource/image_web/page/collection/magirepo/img/part2/magirepo_02_054.png	png	official-cn-dynamic-batch-a	official-cn	copy	dynamic_image_recovery_audit_20260819/dynamic_image_product_patch_manifest.json#116	300148	1024	1456
magica/resource/image_web/page/collection/magirepo/img/part2/magirepo_02_055.png	png	official-cn-dynamic-batch-a	official-cn	adapt	dynamic_image_recovery_audit_20260819/dynamic_image_product_patch_manifest.json#117	909692	1024	1456
magica/resource/image_web/page/collection/magirepo/img/part2/magirepo_02_056.png	png	official-cn-dynamic-batch-a	official-cn	copy	dynamic_image_recovery_audit_20260819/dynamic_image_product_patch_manifest.json#118	356820	1024	1456
magica/resource/image_web/page/collection/magirepo/img/part2/magirepo_02_057.png	png	official-cn-dynamic-batch-a	official-cn	copy	dynamic_image_recovery_audit_20260819/dynamic_image_product_patch_manifest.json#119	331838	1024	1456
magica/resource/image_web/page/collection/magirepo/img/part2/magirepo_02_058.png	png	official-cn-dynamic-batch-a	official-cn	adapt	dynamic_image_recovery_audit_20260819/dynamic_image_product_patch_manifest.json#120	837049	1024	1456
magica/resource/image_web/page/collection/magirepo/img/part2/magirepo_02_059.png	png	official-cn-dynamic-batch-a	official-cn	copy	dynamic_image_recovery_audit_20260819/dynamic_image_product_patch_manifest.json#121	318996	1024	1456
magica/resource/image_web/page/collection/magirepo/img/part2/magirepo_02_060.png	png	official-cn-dynamic-batch-a	official-cn	copy	dynamic_image_recovery_audit_20260819/dynamic_image_product_patch_manifest.json#122	355816	1024	1456
magica/resource/image_web/page/collection/magirepo/img/part2/magirepo_02_061.png	png	official-cn-dynamic-batch-a	official-cn	copy	dynamic_image_recovery_audit_20260819/dynamic_image_product_patch_manifest.json#123	294323	1024	1456
magica/resource/image_web/page/collection/magirepo/img/part2/magirepo_02_062.png	png	official-cn-dynamic-batch-a	official-cn	copy	dynamic_image_recovery_audit_20260819/dynamic_image_product_patch_manifest.json#124	269232	1024	1456
magica/resource/image_web/page/collection/magirepo/img/part2/magirepo_02_063.png	png	official-cn-dynamic-batch-a	official-cn	copy	dynamic_image_recovery_audit_20260819/dynamic_image_product_patch_manifest.json#125	310253	1024	1456
magica/resource/image_web/page/collection/magirepo/img/part2/magirepo_02_064.png	png	official-cn-dynamic-batch-a	official-cn	copy	dynamic_image_recovery_audit_20260819/dynamic_image_product_patch_manifest.json#126	285809	1024	1456
magica/resource/image_web/page/collection/magirepo/img/part2/magirepo_02_065.png	png	official-cn-dynamic-batch-a	official-cn	copy	dynamic_image_recovery_audit_20260819/dynamic_image_product_patch_manifest.json#127	265280	1024	1456
magica/resource/image_web/page/collection/magirepo/img/part2/magirepo_02_066.png	png	official-cn-dynamic-batch-a	official-cn	copy	dynamic_image_recovery_audit_20260819/dynamic_image_product_patch_manifest.json#128	264891	1024	1456
magica/resource/image_web/page/collection/magirepo/img/part2/magirepo_02_067.png	png	official-cn-dynamic-batch-a	official-cn	copy	dynamic_image_recovery_audit_20260819/dynamic_image_product_patch_manifest.json#129	341377	1024	1456
magica/resource/image_web/page/collection/magirepo/img/part2/magirepo_02_068.png	png	official-cn-dynamic-batch-a	official-cn	copy	dynamic_image_recovery_audit_20260819/dynamic_image_product_patch_manifest.json#130	320073	1024	1456
magica/resource/image_web/page/collection/magirepo/img/part2/magirepo_02_069.png	png	official-cn-dynamic-batch-a	official-cn	copy	dynamic_image_recovery_audit_20260819/dynamic_image_product_patch_manifest.json#131	287705	1024	1456
magica/resource/image_web/page/collection/magirepo/img/part2/magirepo_02_070.png	png	official-cn-dynamic-batch-a	official-cn	copy	dynamic_image_recovery_audit_20260819/dynamic_image_product_patch_manifest.json#132	306319	1024	1456
magica/resource/image_web/page/collection/magirepo/img/part2/magirepo_02_071.png	png	official-cn-dynamic-batch-a	official-cn	copy	dynamic_image_recovery_audit_20260819/dynamic_image_product_patch_manifest.json#133	302855	1024	1456
magica/resource/image_web/page/collection/magirepo/img/part2/magirepo_02_072.png	png	official-cn-dynamic-batch-a	official-cn	copy	dynamic_image_recovery_audit_20260819/dynamic_image_product_patch_manifest.json#134	313186	1024	1456
magica/resource/image_web/page/collection/magirepo/img/part2/magirepo_02_073.png	png	official-cn-dynamic-batch-a	official-cn	copy	dynamic_image_recovery_audit_20260819/dynamic_image_product_patch_manifest.json#135	266707	1024	1456
magica/resource/image_web/page/collection/magirepo/img/part2/magirepo_02_074.png	png	official-cn-dynamic-batch-a	official-cn	copy	dynamic_image_recovery_audit_20260819/dynamic_image_product_patch_manifest.json#136	364930	1024	1456
magica/resource/image_web/page/collection/magirepo/img/part2/magirepo_02_075.png	png	official-cn-dynamic-batch-a	official-cn	copy	dynamic_image_recovery_audit_20260819/dynamic_image_product_patch_manifest.json#137	284440	1024	1456
magica/resource/image_web/page/collection/magirepo/img/part2/magirepo_02_076.png	png	official-cn-dynamic-batch-a	official-cn	copy	dynamic_image_recovery_audit_20260819/dynamic_image_product_patch_manifest.json#138	261830	1024	1456
magica/resource/image_web/page/collection/magirepo/img/part2/magirepo_02_077.png	png	official-cn-dynamic-batch-a	official-cn	copy	dynamic_image_recovery_audit_20260819/dynamic_image_product_patch_manifest.json#139	299425	1024	1456
magica/resource/image_web/page/collection/magirepo/img/part2/magirepo_02_078.png	png	official-cn-dynamic-batch-a	official-cn	copy	dynamic_image_recovery_audit_20260819/dynamic_image_product_patch_manifest.json#140	303247	1024	1456
magica/resource/image_web/page/collection/magirepo/img/part2/magirepo_02_079.png	png	official-cn-dynamic-batch-a	official-cn	copy	dynamic_image_recovery_audit_20260819/dynamic_image_product_patch_manifest.json#141	307263	1024	1456
magica/resource/image_web/page/collection/magirepo/img/part2/magirepo_02_080.png	png	official-cn-dynamic-batch-a	official-cn	copy	dynamic_image_recovery_audit_20260819/dynamic_image_product_patch_manifest.json#142	304739	1024	1456
magica/resource/image_web/page/collection/magirepo/img/part2/magirepo_02_081.png	png	official-cn-dynamic-batch-a	official-cn	copy	dynamic_image_recovery_audit_20260819/dynamic_image_product_patch_manifest.json#143	311550	1024	1456
magica/resource/image_web/page/collection/magirepo/img/part2/magirepo_02_082.png	png	official-cn-dynamic-batch-a	official-cn	copy	dynamic_image_recovery_audit_20260819/dynamic_image_product_patch_manifest.json#144	319324	1024	1456
magica/resource/image_web/page/collection/magirepo/img/part2/magirepo_02_083.png	png	official-cn-dynamic-batch-a	official-cn	copy	dynamic_image_recovery_audit_20260819/dynamic_image_product_patch_manifest.json#145	344309	1024	1456
magica/resource/image_web/page/collection/magirepo/img/part2/magirepo_02_084.png	png	official-cn-dynamic-batch-a	official-cn	copy	dynamic_image_recovery_audit_20260819/dynamic_image_product_patch_manifest.json#146	281285	1024	1456
magica/resource/image_web/page/collection/magirepo/img/part2/magirepo_02_085.png	png	official-cn-dynamic-batch-a	official-cn	copy	dynamic_image_recovery_audit_20260819/dynamic_image_product_patch_manifest.json#147	303128	1024	1456
magica/resource/image_web/page/collection/magirepo/img/part2/magirepo_02_086.png	png	official-cn-dynamic-batch-a	official-cn	copy	dynamic_image_recovery_audit_20260819/dynamic_image_product_patch_manifest.json#148	292065	1024	1456
magica/resource/image_web/page/collection/magirepo/img/part2/magirepo_02_087.png	png	official-cn-dynamic-batch-a	official-cn	copy	dynamic_image_recovery_audit_20260819/dynamic_image_product_patch_manifest.json#149	327518	1024	1456
magica/resource/image_web/page/collection/magirepo/img/part2/magirepo_02_088.png	png	official-cn-dynamic-batch-a	official-cn	copy	dynamic_image_recovery_audit_20260819/dynamic_image_product_patch_manifest.json#150	267707	1024	1456
magica/resource/image_web/page/collection/magirepo/img/part2/magirepo_02_089.png	png	official-cn-dynamic-batch-a	official-cn	copy	dynamic_image_recovery_audit_20260819/dynamic_image_product_patch_manifest.json#151	309473	1024	1456
magica/resource/image_web/page/collection/magirepo/img/part2/magirepo_02_090.png	png	official-cn-dynamic-batch-a	official-cn	copy	dynamic_image_recovery_audit_20260819/dynamic_image_product_patch_manifest.json#152	244513	1024	1456
magica/resource/image_web/page/collection/magirepo/img/part2/magirepo_02_091.png	png	official-cn-dynamic-batch-a	official-cn	copy	dynamic_image_recovery_audit_20260819/dynamic_image_product_patch_manifest.json#153	220707	1024	1456
magica/resource/image_web/page/collection/magirepo/img/part2/magirepo_02_092.png	png	official-cn-dynamic-batch-a	official-cn	copy	dynamic_image_recovery_audit_20260819/dynamic_image_product_patch_manifest.json#154	334739	1024	1456
magica/resource/image_web/page/collection/magirepo/img/part2/magirepo_02_093.png	png	official-cn-dynamic-batch-a	official-cn	copy	dynamic_image_recovery_audit_20260819/dynamic_image_product_patch_manifest.json#155	251946	1024	1456
magica/resource/image_web/page/collection/magirepo/img/part2/magirepo_02_094.png	png	official-cn-dynamic-batch-a	official-cn	copy	dynamic_image_recovery_audit_20260819/dynamic_image_product_patch_manifest.json#156	230623	1024	1456
magica/resource/image_web/page/collection/magirepo/img/part2/magirepo_02_095.png	png	official-cn-dynamic-batch-a	official-cn	copy	dynamic_image_recovery_audit_20260819/dynamic_image_product_patch_manifest.json#157	212895	1024	1456
magica/resource/image_web/page/collection/magirepo/img/part2/magirepo_02_096.png	png	official-cn-dynamic-batch-a	official-cn	copy	dynamic_image_recovery_audit_20260819/dynamic_image_product_patch_manifest.json#158	246658	1024	1456
magica/resource/image_web/page/collection/magirepo/img/part2/magirepo_02_097.png	png	official-cn-dynamic-batch-a	official-cn	copy	dynamic_image_recovery_audit_20260819/dynamic_image_product_patch_manifest.json#159	227108	1024	1456
magica/resource/image_web/page/collection/magirepo/img/part2/magirepo_02_098.png	png	official-cn-dynamic-batch-a	official-cn	copy	dynamic_image_recovery_audit_20260819/dynamic_image_product_patch_manifest.json#160	244856	1024	1456
magica/resource/image_web/page/collection/magirepo/img/part2/magirepo_02_099.png	png	official-cn-dynamic-batch-a	official-cn	copy	dynamic_image_recovery_audit_20260819/dynamic_image_product_patch_manifest.json#161	196132	1024	1456
magica/resource/image_web/page/collection/magirepo/img/part2/magirepo_02_100.png	png	official-cn-dynamic-batch-a	official-cn	copy	dynamic_image_recovery_audit_20260819/dynamic_image_product_patch_manifest.json#162	301174	1024	1456
magica/resource/image_web/page/collection/witch_header.png	png	official-cn-gap-current-canvas	official-cn-legacy-client-image	official pixels placed without scaling on current-size transparent canvas	magica/research/totentanz-full-localization-20260817/current-canvas-image-round2/manifest.json#page/collection/witch_header.png	2349	300	51
magica/resource/image_web/page/config/config_password_noset.png	png	official-cn-gap-direct	official-cn-legacy-client-image	copy-official-cn-same-path	magica/research/totentanz-full-localization-20260817/official-cn-image-overlay-round2/overlay_manifest.json#SOURCE-IMG-0111	789	66	22
magica/resource/image_web/page/formation/bg_deck_detail_off.png	png	official-cn-gap-direct	official-cn-legacy-client-image	copy-official-cn-same-path	magica/research/totentanz-full-localization-20260817/official-cn-image-overlay-round2/overlay_manifest.json#SOURCE-IMG-0112	4121	451	118
magica/resource/image_web/page/formation/bg_deck_name.png	png	official-cn-gap-direct	official-cn-legacy-client-image	copy-official-cn-same-path	magica/research/totentanz-full-localization-20260817/official-cn-image-overlay-round2/overlay_manifest.json#SOURCE-IMG-0113	2719	260	82
magica/resource/image_web/page/formation/bg_quest_detail_enemy_02_a.png	png	official-cn-gap-direct	official-cn-legacy-client-image	copy-official-cn-same-path	magica/research/totentanz-full-localization-20260817/official-cn-image-overlay-round2/overlay_manifest.json#SOURCE-IMG-0114	2368	256	108
magica/resource/image_web/page/formation/bg_team_pt.png	png	official-cn-gap-direct	official-cn-legacy-client-image	copy-official-cn-same-path	magica/research/totentanz-full-localization-20260817/official-cn-image-overlay-round2/overlay_manifest.json#SOURCE-IMG-0115	2932	240	78
magica/resource/image_web/page/formation/dungeon/btn_memoria_view.png	png	official-cn-same-path	official-cn-legacy-client	copy-official-cn-same-path-same-geometry	magica/research/totentanz-full-localization-20260817/official-cn-image-overlay/overlay_manifest.json#page/formation/dungeon/btn_memoria_view.png	3590	180	54
magica/resource/image_web/page/formation/first_reward.png	png	official-cn-same-path	official-cn-legacy-client	copy-official-cn-same-path-css-geometry-exception	magica/research/totentanz-full-localization-20260817/official-cn-image-overlay/overlay_manifest.json#page/formation/first_reward.png	1127	90	24
magica/resource/image_web/page/formation/formation_team_wrap_off.png	png	official-cn-same-path	official-cn-legacy-client	copy-official-cn-same-path-same-geometry	magica/research/totentanz-full-localization-20260817/official-cn-image-overlay/overlay_manifest.json#page/formation/formation_team_wrap_off.png	1610	216	98
magica/resource/image_web/page/formation/icon_chara_list_entry.png	png	official-cn-same-path	official-cn-legacy-client	copy-official-cn-same-path-same-geometry	magica/research/totentanz-full-localization-20260817/official-cn-image-overlay/overlay_manifest.json#page/formation/icon_chara_list_entry.png	1887	80	24
magica/resource/image_web/page/formation/icon_chara_list_entry_2.png	png	official-cn-gap-direct	official-cn-legacy-client-image	copy-official-cn-same-path	magica/research/totentanz-full-localization-20260817/official-cn-image-overlay-round2/overlay_manifest.json#SOURCE-IMG-0116	2201	80	24
magica/resource/image_web/page/formation/icon_chara_list_quit.png	png	official-cn-same-path	official-cn-legacy-client	copy-official-cn-same-path-same-geometry	magica/research/totentanz-full-localization-20260817/official-cn-image-overlay/overlay_manifest.json#page/formation/icon_chara_list_quit.png	1514	80	24
magica/resource/image_web/page/formation/icon_deck_wrap_off.png	png	official-cn-same-path	official-cn-legacy-client	copy-official-cn-same-path-same-geometry	magica/research/totentanz-full-localization-20260817/official-cn-image-overlay/overlay_manifest.json#page/formation/icon_deck_wrap_off.png	2055	75	79
magica/resource/image_web/page/formation/icon_deck_wrap_support.png	png	official-cn-same-path	official-cn-legacy-client	copy-official-cn-same-path-same-geometry	magica/research/totentanz-full-localization-20260817/official-cn-image-overlay/overlay_manifest.json#page/formation/icon_deck_wrap_support.png	2525	75	79
magica/resource/image_web/page/formation/icon_event_formation.png	png	official-cn-gap-direct	official-cn-legacy-client-image	copy-official-cn-same-path	magica/research/totentanz-full-localization-20260817/official-cn-image-overlay-round2/overlay_manifest.json#SOURCE-IMG-0117	2315	66	50
magica/resource/image_web/page/formation/icon_limit_max.png	png	careful-human-current-canvas	careful-human-translation-on-current-us-canvas	reviewed-current-canvas-localization	magica/research/totentanz-full-localization-20260817/web-images/localized_ui_image_manifest.json#page/formation/icon_limit_max.png	891	52	19
magica/resource/image_web/page/formation/list_base.png	png	official-cn-gap-direct	official-cn-legacy-client-image	copy-official-cn-same-path	magica/research/totentanz-full-localization-20260817/official-cn-image-overlay-round2/overlay_manifest.json#SOURCE-IMG-0118	6680	668	124
magica/resource/image_web/page/formation/list_npc_base.png	png	official-cn-gap-direct	official-cn-legacy-client-image	copy-official-cn-same-path	magica/research/totentanz-full-localization-20260817/official-cn-image-overlay-round2/overlay_manifest.json#SOURCE-IMG-0119	7095	668	124
magica/resource/image_web/page/formation_2/bg_element_b.png	png	official-cn-same-path	official-cn-legacy-client	copy-official-cn-same-path-same-geometry	magica/research/totentanz-full-localization-20260817/official-cn-image-overlay/overlay_manifest.json#page/formation_2/bg_element_b.png	2698	162	110
magica/resource/image_web/page/formation_2/bg_element_enemy_b.png	png	official-cn-same-path	official-cn-legacy-client	copy-official-cn-same-path-same-geometry	magica/research/totentanz-full-localization-20260817/official-cn-image-overlay/overlay_manifest.json#page/formation_2/bg_element_enemy_b.png	3141	162	110
magica/resource/image_web/page/formation_2/bg_team_pt_a.png	png	official-cn-same-path	official-cn-legacy-client	copy-official-cn-same-path-same-geometry	magica/research/totentanz-full-localization-20260817/official-cn-image-overlay/overlay_manifest.json#page/formation_2/bg_team_pt_a.png	1578	288	28
magica/resource/image_web/page/formation_2/btn_automatic.png	png	official-cn-same-path	official-cn-legacy-client	copy-official-cn-same-path-same-geometry	magica/research/totentanz-full-localization-20260817/official-cn-image-overlay/overlay_manifest.json#page/formation_2/btn_automatic.png	4211	150	40
magica/resource/image_web/page/formation_2/btn_breakup.png	png	official-cn-same-path	official-cn-legacy-client	copy-official-cn-same-path-same-geometry	magica/research/totentanz-full-localization-20260817/official-cn-image-overlay/overlay_manifest.json#page/formation_2/btn_breakup.png	3465	106	54
magica/resource/image_web/page/formation_2/btn_breakup_support.png	png	official-cn-same-path	official-cn-legacy-client	copy-official-cn-same-path-same-geometry	magica/research/totentanz-full-localization-20260817/official-cn-image-overlay/overlay_manifest.json#page/formation_2/btn_breakup_support.png	3453	106	54
magica/resource/image_web/page/formation_2/btn_chara.png	png	official-cn-same-path	official-cn-legacy-client	copy-official-cn-same-path-same-geometry	magica/research/totentanz-full-localization-20260817/official-cn-image-overlay/overlay_manifest.json#page/formation_2/btn_chara.png	5795	180	54
magica/resource/image_web/page/formation_2/btn_chara_view.png	png	official-cn-same-path	official-cn-legacy-client	copy-official-cn-same-path-same-geometry	magica/research/totentanz-full-localization-20260817/official-cn-image-overlay/overlay_manifest.json#page/formation_2/btn_chara_view.png	5584	180	54
magica/resource/image_web/page/formation_2/btn_copy.png	png	official-cn-same-path	official-cn-legacy-client	copy-official-cn-same-path-same-geometry	magica/research/totentanz-full-localization-20260817/official-cn-image-overlay/overlay_manifest.json#page/formation_2/btn_copy.png	3327	106	54
magica/resource/image_web/page/formation_2/btn_formation.png	png	official-cn-same-path	official-cn-legacy-client	copy-official-cn-same-path-same-geometry	magica/research/totentanz-full-localization-20260817/official-cn-image-overlay/overlay_manifest.json#page/formation_2/btn_formation.png	5317	180	54
magica/resource/image_web/page/formation_2/btn_memoria.png	png	official-cn-same-path	official-cn-legacy-client	copy-official-cn-same-path-same-geometry	magica/research/totentanz-full-localization-20260817/official-cn-image-overlay/overlay_manifest.json#page/formation_2/btn_memoria.png	5637	180	54
magica/resource/image_web/page/formation_2/btn_memoria_view.png	png	official-cn-same-path	official-cn-legacy-client	copy-official-cn-same-path-same-geometry	magica/research/totentanz-full-localization-20260817/official-cn-image-overlay/overlay_manifest.json#page/formation_2/btn_memoria_view.png	5548	180	54
magica/resource/image_web/page/formation_2/btn_switch.png	png	official-cn-same-path	official-cn-legacy-client	copy-official-cn-same-path-same-geometry	magica/research/totentanz-full-localization-20260817/official-cn-image-overlay/overlay_manifest.json#page/formation_2/btn_switch.png	3320	106	54
magica/resource/image_web/page/formation_2/icon_team_1.png	png	official-cn-same-path	official-cn-legacy-client	copy-official-cn-same-path-same-geometry	magica/research/totentanz-full-localization-20260817/official-cn-image-overlay/overlay_manifest.json#page/formation_2/icon_team_1.png	640	76	20
magica/resource/image_web/page/formation_2/icon_team_2.png	png	official-cn-same-path	official-cn-legacy-client	copy-official-cn-same-path-same-geometry	magica/research/totentanz-full-localization-20260817/official-cn-image-overlay/overlay_manifest.json#page/formation_2/icon_team_2.png	721	76	20
magica/resource/image_web/page/formation_2/icon_team_3.png	png	official-cn-same-path	official-cn-legacy-client	copy-official-cn-same-path-same-geometry	magica/research/totentanz-full-localization-20260817/official-cn-image-overlay/overlay_manifest.json#page/formation_2/icon_team_3.png	721	76	20
magica/resource/image_web/page/formation_2/icon_team_4.png	png	official-cn-same-path	official-cn-legacy-client	copy-official-cn-same-path-same-geometry	magica/research/totentanz-full-localization-20260817/official-cn-image-overlay/overlay_manifest.json#page/formation_2/icon_team_4.png	756	76	20
magica/resource/image_web/page/formation_2/icon_team_5.png	png	official-cn-same-path	official-cn-legacy-client	copy-official-cn-same-path-same-geometry	magica/research/totentanz-full-localization-20260817/official-cn-image-overlay/overlay_manifest.json#page/formation_2/icon_team_5.png	724	76	20
magica/resource/image_web/page/formation_2/icon_team_6.png	png	official-cn-same-path	official-cn-legacy-client	copy-official-cn-same-path-same-geometry	magica/research/totentanz-full-localization-20260817/official-cn-image-overlay/overlay_manifest.json#page/formation_2/icon_team_6.png	714	76	20
magica/resource/image_web/page/formation_2/icon_team_7.png	png	official-cn-same-path	official-cn-legacy-client	copy-official-cn-same-path-same-geometry	magica/research/totentanz-full-localization-20260817/official-cn-image-overlay/overlay_manifest.json#page/formation_2/icon_team_7.png	749	76	20
magica/resource/image_web/page/formation_2/icon_team_8.png	png	official-cn-same-path	official-cn-legacy-client	copy-official-cn-same-path-same-geometry	magica/research/totentanz-full-localization-20260817/official-cn-image-overlay/overlay_manifest.json#page/formation_2/icon_team_8.png	746	76	20
magica/resource/image_web/page/formation_2/icon_team_9.png	png	official-cn-same-path	official-cn-legacy-client	copy-official-cn-same-path-same-geometry	magica/research/totentanz-full-localization-20260817/official-cn-image-overlay/overlay_manifest.json#page/formation_2/icon_team_9.png	700	76	20
magica/resource/image_web/page/formation_2/icon_training.png	png	official-cn-gap-direct	official-cn-legacy-client-image	copy-official-cn-same-path	magica/research/totentanz-full-localization-20260817/official-cn-image-overlay-round2/overlay_manifest.json#SOURCE-IMG-0120	1910	44	50
magica/resource/image_web/page/formation_2/memoria_unable.png	png	official-cn-same-path	official-cn-legacy-client	copy-official-cn-same-path-same-geometry	magica/research/totentanz-full-localization-20260817/official-cn-image-overlay/overlay_manifest.json#page/formation_2/memoria_unable.png	2624	70	70
magica/resource/image_web/page/formation_2/memoria_unable_chara.png	png	official-cn-same-path	official-cn-legacy-client	copy-official-cn-same-path-same-geometry	magica/research/totentanz-full-localization-20260817/official-cn-image-overlay/overlay_manifest.json#page/formation_2/memoria_unable_chara.png	2707	70	70
magica/resource/image_web/page/formation_2/memoria_unable_element.png	png	official-cn-same-path	official-cn-legacy-client	copy-official-cn-same-path-same-geometry	magica/research/totentanz-full-localization-20260817/official-cn-image-overlay/overlay_manifest.json#page/formation_2/memoria_unable_element.png	2485	70	70
magica/resource/image_web/page/formation_2/text_limitbreak.png	png	official-cn-same-path	official-cn-legacy-client	copy-official-cn-same-path-same-geometry	magica/research/totentanz-full-localization-20260817/official-cn-image-overlay/overlay_manifest.json#page/formation_2/text_limitbreak.png	579	58	16
magica/resource/image_web/page/gacha/bg_gacha_fixed.png	png	official-cn-gap-direct	official-cn-legacy-client-image	copy-official-cn-same-path	magica/research/totentanz-full-localization-20260817/official-cn-image-overlay-round2/overlay_manifest.json#SOURCE-IMG-0121	3021	282	44
magica/resource/image_web/page/gacha/bg_gacha_fixed_02.png	png	official-cn-gap-direct	official-cn-legacy-client-image	copy-official-cn-same-path	magica/research/totentanz-full-localization-20260817/official-cn-image-overlay-round2/overlay_manifest.json#SOURCE-IMG-0122	3154	271	43
magica/resource/image_web/page/gacha/gacha_coin_wrap.png	png	official-cn-gap-direct	official-cn-legacy-client-image	copy-official-cn-same-path	magica/research/totentanz-full-localization-20260817/official-cn-image-overlay-round2/overlay_manifest.json#SOURCE-IMG-0123	1270	270	28
magica/resource/image_web/page/gacha/gacha_new.png	png	careful-human-current-canvas	careful-human-translation-on-current-us-canvas	reviewed-current-canvas-localization	magica/research/totentanz-full-localization-20260817/web-images/localized_ui_image_manifest.json#page/gacha/gacha_new.png	1049	72	26
magica/resource/image_web/page/gacha/gacha_purchase_btn.png	png	official-cn-gap-direct	official-cn-legacy-client-image	copy-official-cn-same-path	magica/research/totentanz-full-localization-20260817/official-cn-image-overlay-round2/overlay_manifest.json#SOURCE-IMG-0124	5063	85	89
magica/resource/image_web/page/gacha/icon_limited.png	png	official-cn-gap-direct	official-cn-legacy-client-image	copy-official-cn-same-path	magica/research/totentanz-full-localization-20260817/official-cn-image-overlay-round2/overlay_manifest.json#SOURCE-IMG-0125	961	50	50
magica/resource/image_web/page/gacha/selectable/btn_chara_change.png	png	official-cn-gap-direct	official-cn-legacy-client-image	copy-official-cn-same-path	magica/research/totentanz-full-localization-20260817/official-cn-image-overlay-round2/overlay_manifest.json#SOURCE-IMG-0126	6761	106	110
magica/resource/image_web/page/gacha/selectable/btn_chara_select.png	png	official-cn-gap-direct	official-cn-legacy-client-image	copy-official-cn-same-path	magica/research/totentanz-full-localization-20260817/official-cn-image-overlay-round2/overlay_manifest.json#SOURCE-IMG-0127	10698	306	90
magica/resource/image_web/page/gacha/selectable/btn_detail.png	png	official-cn-gap-direct	official-cn-legacy-client-image	copy-official-cn-same-path	magica/research/totentanz-full-localization-20260817/official-cn-image-overlay-round2/overlay_manifest.json#SOURCE-IMG-0128	3848	72	72
magica/resource/image_web/page/gacha/selectable/btn_memoria_select.png	png	official-cn-gap-direct	official-cn-legacy-client-image	copy-official-cn-same-path	magica/research/totentanz-full-localization-20260817/official-cn-image-overlay-round2/overlay_manifest.json#SOURCE-IMG-0129	10038	306	90
magica/resource/image_web/page/gacha/selectable/btn_memorial_change.png	png	official-cn-gap-direct	official-cn-legacy-client-image	copy-official-cn-same-path	magica/research/totentanz-full-localization-20260817/official-cn-image-overlay-round2/overlay_manifest.json#SOURCE-IMG-0130	6477	106	110
magica/resource/image_web/page/gacha/selectable/btn_voice.png	png	official-cn-gap-direct	official-cn-legacy-client-image	copy-official-cn-same-path	magica/research/totentanz-full-localization-20260817/official-cn-image-overlay-round2/overlay_manifest.json#SOURCE-IMG-0131	3910	72	72
magica/resource/image_web/page/gacha/tag_chara.png	png	official-cn-gap-direct	official-cn-legacy-client-image	copy-official-cn-same-path	magica/research/totentanz-full-localization-20260817/official-cn-image-overlay-round2/overlay_manifest.json#SOURCE-IMG-0132	1277	244	38
magica/resource/image_web/page/gacha/tag_chara_s.png	png	official-cn-gap-current-canvas	official-cn-legacy-client-image	official pixels placed without scaling on current-size transparent canvas	magica/research/totentanz-full-localization-20260817/current-canvas-image-round2/manifest.json#page/gacha/tag_chara_s.png	1175	128	27
magica/resource/image_web/page/gacha/tag_jem.png	png	official-cn-gap-direct	official-cn-legacy-client-image	copy-official-cn-same-path	magica/research/totentanz-full-localization-20260817/official-cn-image-overlay-round2/overlay_manifest.json#SOURCE-IMG-0134	1818	244	38
magica/resource/image_web/page/gacha/tag_jem_s.png	png	official-cn-gap-direct	official-cn-legacy-client-image	copy-official-cn-same-path	magica/research/totentanz-full-localization-20260817/official-cn-image-overlay-round2/overlay_manifest.json#SOURCE-IMG-0135	1259	128	26
magica/resource/image_web/page/gacha/tag_memoria.png	png	official-cn-gap-direct	official-cn-legacy-client-image	copy-official-cn-same-path	magica/research/totentanz-full-localization-20260817/official-cn-image-overlay-round2/overlay_manifest.json#SOURCE-IMG-0136	1445	244	38
magica/resource/image_web/page/gacha/tag_memoria_s.png	png	official-cn-gap-current-canvas	official-cn-legacy-client-image	removed one transparent border row for current canvas dimensions	magica/research/totentanz-full-localization-20260817/current-canvas-image-round2/manifest.json#page/gacha/tag_memoria_s.png	1486	128	25
magica/resource/image_web/page/item/tag_cristal.png	png	official-cn-gap-direct	official-cn-legacy-client-image	copy-official-cn-same-path	magica/research/totentanz-full-localization-20260817/official-cn-image-overlay-round2/overlay_manifest.json#SOURCE-IMG-0138	2467	70	90
magica/resource/image_web/page/loginbonus/day_title_beginner.png	png	careful-human-current-canvas	careful-human-translation-on-current-us-canvas	reviewed-current-canvas-localization	magica/research/totentanz-full-localization-20260817/web-images/localized_ui_image_manifest.json#page/loginbonus/day_title_beginner.png	6902	940	42
magica/resource/image_web/page/memoria/btn_memoria_l.png	png	official-cn-same-path	official-cn-legacy-client	copy-official-cn-same-path-same-geometry	magica/research/totentanz-full-localization-20260817/official-cn-image-overlay/overlay_manifest.json#page/memoria/btn_memoria_l.png	2093	70	66
magica/resource/image_web/page/memoria/btn_memoria_m.png	png	official-cn-same-path	official-cn-legacy-client	copy-official-cn-same-path-same-geometry	magica/research/totentanz-full-localization-20260817/official-cn-image-overlay/overlay_manifest.json#page/memoria/btn_memoria_m.png	2119	70	66
magica/resource/image_web/page/memoria/btn_memoria_s.png	png	official-cn-same-path	official-cn-legacy-client	copy-official-cn-same-path-same-geometry	magica/research/totentanz-full-localization-20260817/official-cn-image-overlay/overlay_manifest.json#page/memoria/btn_memoria_s.png	2123	70	66
magica/resource/image_web/page/memoria/equip/btn_memoria_ascending.png	png	official-cn-gap-direct	official-cn-legacy-client-image	copy-official-cn-same-path	magica/research/totentanz-full-localization-20260817/official-cn-image-overlay-round2/overlay_manifest.json#SOURCE-IMG-0139	824	80	24
magica/resource/image_web/page/memoria/equip/btn_memoria_descending.png	png	official-cn-gap-direct	official-cn-legacy-client-image	copy-official-cn-same-path	magica/research/totentanz-full-localization-20260817/official-cn-image-overlay-round2/overlay_manifest.json#SOURCE-IMG-0140	870	80	24
magica/resource/image_web/page/memoria/equip/btn_ok.png	png	official-cn-gap-direct	official-cn-legacy-client-image	copy-official-cn-same-path	magica/research/totentanz-full-localization-20260817/official-cn-image-overlay-round2/overlay_manifest.json#SOURCE-IMG-0141	7392	112	118
magica/resource/image_web/page/memoria/equip/btn_ok_gray.png	png	official-cn-gap-direct	official-cn-legacy-client-image	copy-official-cn-same-path	magica/research/totentanz-full-localization-20260817/official-cn-image-overlay-round2/overlay_manifest.json#SOURCE-IMG-0142	7630	112	118
magica/resource/image_web/page/memoria/equip/btn_set_cancel.png	png	official-cn-gap-direct	official-cn-legacy-client-image	copy-official-cn-same-path	magica/research/totentanz-full-localization-20260817/official-cn-image-overlay-round2/overlay_manifest.json#SOURCE-IMG-0143	4118	174	64
magica/resource/image_web/page/memoria/equip/btn_set_current.png	png	official-cn-gap-direct	official-cn-legacy-client-image	copy-official-cn-same-path	magica/research/totentanz-full-localization-20260817/official-cn-image-overlay-round2/overlay_manifest.json#SOURCE-IMG-0144	5456	174	64
magica/resource/image_web/page/memoria/equip/btn_set_rename.png	png	official-cn-gap-direct	official-cn-legacy-client-image	copy-official-cn-same-path	magica/research/totentanz-full-localization-20260817/official-cn-image-overlay-round2/overlay_manifest.json#SOURCE-IMG-0145	6716	102	22
magica/resource/image_web/page/memoria/memoria_compose_run.png	png	official-cn-gap-direct	official-cn-legacy-client-image	copy-official-cn-same-path	magica/research/totentanz-full-localization-20260817/official-cn-image-overlay-round2/overlay_manifest.json#SOURCE-IMG-0146	6211	104	108
magica/resource/image_web/page/memoria/memoria_disequip.png	png	official-cn-same-path	official-cn-legacy-client	copy-official-cn-same-path-same-geometry	magica/research/totentanz-full-localization-20260817/official-cn-image-overlay/overlay_manifest.json#page/memoria/memoria_disequip.png	686	69	22
magica/resource/image_web/page/memoria/memoria_equiped.png	png	official-cn-same-path	official-cn-legacy-client	copy-official-cn-same-path-same-geometry	magica/research/totentanz-full-localization-20260817/official-cn-image-overlay/overlay_manifest.json#page/memoria/memoria_equiped.png	843	69	22
magica/resource/image_web/page/memoria/memoria_equiped_current.png	png	official-cn-same-path	official-cn-legacy-client	copy-official-cn-same-path-same-geometry	magica/research/totentanz-full-localization-20260817/official-cn-image-overlay/overlay_manifest.json#page/memoria/memoria_equiped_current.png	773	69	22
magica/resource/image_web/page/memoria/memoria_limitbreak_run.png	png	official-cn-gap-current-canvas	official-cn-legacy-client-image	official pixels placed without scaling on current-size transparent canvas	magica/research/totentanz-full-localization-20260817/current-canvas-image-round2/manifest.json#page/memoria/memoria_limitbreak_run.png	8870	106	111
magica/resource/image_web/page/memoria/memoria_set_current.png	png	official-cn-same-path	official-cn-legacy-client	copy-official-cn-same-path-same-geometry	magica/research/totentanz-full-localization-20260817/official-cn-image-overlay/overlay_manifest.json#page/memoria/memoria_set_current.png	889	69	22
magica/resource/image_web/page/memoria/memoria_set_other.png	png	official-cn-same-path	official-cn-legacy-client	copy-official-cn-same-path-same-geometry	magica/research/totentanz-full-localization-20260817/official-cn-image-overlay/overlay_manifest.json#page/memoria/memoria_set_other.png	857	69	22
magica/resource/image_web/page/memoria/memoria_set_selectable.png	png	official-cn-same-path	official-cn-legacy-client	copy-official-cn-same-path-same-geometry	magica/research/totentanz-full-localization-20260817/official-cn-image-overlay/overlay_manifest.json#page/memoria/memoria_set_selectable.png	767	79	22
magica/resource/image_web/page/memoria/memoria_storage_btn_on_01.png	png	official-cn-same-path	official-cn-legacy-client	copy-official-cn-same-path-same-geometry	magica/research/totentanz-full-localization-20260817/official-cn-image-overlay/overlay_manifest.json#page/memoria/memoria_storage_btn_on_01.png	5985	165	85
magica/resource/image_web/page/memoria/memoria_storage_btn_on_02.png	png	official-cn-same-path	official-cn-legacy-client	copy-official-cn-same-path-same-geometry	magica/research/totentanz-full-localization-20260817/official-cn-image-overlay/overlay_manifest.json#page/memoria/memoria_storage_btn_on_02.png	5451	165	85
magica/resource/image_web/page/memoria/memoriatop_btn_compose_b.png	png	official-cn-gap-direct	official-cn-legacy-client-image	copy-official-cn-same-path	magica/research/totentanz-full-localization-20260817/official-cn-image-overlay-round2/overlay_manifest.json#SOURCE-IMG-0148	13264	166	224
magica/resource/image_web/page/memoria/memoriatop_btn_limitbreak_b.png	png	official-cn-gap-direct	official-cn-legacy-client-image	copy-official-cn-same-path	magica/research/totentanz-full-localization-20260817/official-cn-image-overlay-round2/overlay_manifest.json#SOURCE-IMG-0149	13394	166	224
magica/resource/image_web/page/memoria/memoriatop_btn_list_b.png	png	official-cn-gap-direct	official-cn-legacy-client-image	copy-official-cn-same-path	magica/research/totentanz-full-localization-20260817/official-cn-image-overlay-round2/overlay_manifest.json#SOURCE-IMG-0150	13012	166	224
magica/resource/image_web/page/memoria/memoriatop_btn_sale_b.png	png	official-cn-gap-direct	official-cn-legacy-client-image	copy-official-cn-same-path	magica/research/totentanz-full-localization-20260817/official-cn-image-overlay-round2/overlay_manifest.json#SOURCE-IMG-0151	13290	166	224
magica/resource/image_web/page/memoria/memoriatop_btn_set_a.png	png	official-cn-gap-direct	official-cn-legacy-client-image	copy-official-cn-same-path	magica/research/totentanz-full-localization-20260817/official-cn-image-overlay-round2/overlay_manifest.json#SOURCE-IMG-0152	13047	166	224
magica/resource/image_web/page/memoria/memoriatop_btn_storage.png	png	official-cn-gap-direct	official-cn-legacy-client-image	copy-official-cn-same-path	magica/research/totentanz-full-localization-20260817/official-cn-image-overlay-round2/overlay_manifest.json#SOURCE-IMG-0153	12776	166	224
magica/resource/image_web/page/mission/doppelMission/100101/banner.png	png	official-cn-dynamic-direct	official-cn-legacy-client-image	copy-official-cn	dynamic_image_recovery_audit_20260819/official_cn_direct_357_product_patch.json#1	54080	680	180
magica/resource/image_web/page/mission/doppelMission/100101/doppel_mission_title.png	png	official-cn-dynamic-direct	official-cn-legacy-client-image	copy-official-cn	dynamic_image_recovery_audit_20260819/official_cn_direct_357_product_patch.json#2	25054	486	162
magica/resource/image_web/page/mission/doppelMission/100201/banner.png	png	official-cn-dynamic-direct	official-cn-legacy-client-image	copy-official-cn	dynamic_image_recovery_audit_20260819/official_cn_direct_357_product_patch.json#3	59816	680	180
magica/resource/image_web/page/mission/doppelMission/100201/doppel_mission_title.png	png	official-cn-dynamic-direct	official-cn-legacy-client-image	copy-official-cn	dynamic_image_recovery_audit_20260819/official_cn_direct_357_product_patch.json#4	25706	486	162
magica/resource/image_web/page/mission/doppelMission/100301/banner.png	png	official-cn-dynamic-direct	official-cn-legacy-client-image	copy-official-cn	dynamic_image_recovery_audit_20260819/official_cn_direct_357_product_patch.json#5	58743	680	180
magica/resource/image_web/page/mission/doppelMission/100301/doppel_mission_title.png	png	official-cn-dynamic-direct	official-cn-legacy-client-image	copy-official-cn	dynamic_image_recovery_audit_20260819/official_cn_direct_357_product_patch.json#6	20719	486	162
magica/resource/image_web/page/mission/doppelMission/100401/banner.png	png	official-cn-dynamic-direct	official-cn-legacy-client-image	copy-official-cn	dynamic_image_recovery_audit_20260819/official_cn_direct_357_product_patch.json#7	52201	680	180
magica/resource/image_web/page/mission/doppelMission/100401/doppel_mission_title.png	png	official-cn-dynamic-direct	official-cn-legacy-client-image	copy-official-cn	dynamic_image_recovery_audit_20260819/official_cn_direct_357_product_patch.json#8	25375	486	162
magica/resource/image_web/page/mission/doppelMission/100501/banner.png	png	official-cn-dynamic-direct	official-cn-legacy-client-image	copy-official-cn	dynamic_image_recovery_audit_20260819/official_cn_direct_357_product_patch.json#9	53379	680	180
magica/resource/image_web/page/mission/doppelMission/100501/doppel_mission_title.png	png	official-cn-dynamic-direct	official-cn-legacy-client-image	copy-official-cn	dynamic_image_recovery_audit_20260819/official_cn_direct_357_product_patch.json#10	24854	486	162
magica/resource/image_web/page/mission/doppelMission/101101/banner.png	png	official-cn-dynamic-direct	official-cn-legacy-client-image	copy-official-cn	dynamic_image_recovery_audit_20260819/official_cn_direct_357_product_patch.json#11	55516	680	180
magica/resource/image_web/page/mission/doppelMission/101101/doppel_mission_title.png	png	official-cn-dynamic-direct	official-cn-legacy-client-image	copy-official-cn	dynamic_image_recovery_audit_20260819/official_cn_direct_357_product_patch.json#12	24817	486	162
magica/resource/image_web/page/mission/doppelMission/200301/banner.png	png	official-cn-dynamic-direct	official-cn-legacy-client-image	copy-official-cn	dynamic_image_recovery_audit_20260819/official_cn_direct_357_product_patch.json#13	58247	680	180
magica/resource/image_web/page/mission/doppelMission/200301/doppel_mission_title.png	png	official-cn-dynamic-direct	official-cn-legacy-client-image	copy-official-cn	dynamic_image_recovery_audit_20260819/official_cn_direct_357_product_patch.json#14	24153	486	162
magica/resource/image_web/page/mission/doppelMission/400101/banner.png	png	official-cn-dynamic-direct	official-cn-legacy-client-image	copy-official-cn	dynamic_image_recovery_audit_20260819/official_cn_direct_357_product_patch.json#15	58454	680	180
magica/resource/image_web/page/mission/doppelMission/400101/doppel_mission_title.png	png	official-cn-dynamic-direct	official-cn-legacy-client-image	copy-official-cn	dynamic_image_recovery_audit_20260819/official_cn_direct_357_product_patch.json#16	25281	486	162
magica/resource/image_web/page/mission/doppelMission/common/anim_title.png	png	official-cn-gap-direct	official-cn-legacy-client-image	copy-official-cn-same-path	magica/research/totentanz-full-localization-20260817/official-cn-image-overlay-round2/overlay_manifest.json#SOURCE-IMG-0154	17248	564	82
magica/resource/image_web/page/mission/doppelMission/common/bg_progress_a.png	png	official-cn-gap-direct	official-cn-legacy-client-image	copy-official-cn-same-path	magica/research/totentanz-full-localization-20260817/official-cn-image-overlay-round2/overlay_manifest.json#SOURCE-IMG-0155	4627	364	84
magica/resource/image_web/page/mission/icon_mission_clear.png	png	careful-human-current-canvas	careful-human-translation-on-current-us-canvas	reviewed-current-canvas-localization	magica/research/totentanz-full-localization-20260817/web-images/localized_ui_image_manifest.json#page/mission/icon_mission_clear.png	1395	78	22
magica/resource/image_web/page/mission/mission_clear.png	png	careful-human-current-canvas	careful-human-translation-on-current-us-canvas	reviewed-current-canvas-localization	magica/research/totentanz-full-localization-20260817/web-images/localized_ui_image_manifest.json#page/mission/mission_clear.png	1476	66	68
magica/resource/image_web/page/mission/panelMission/68/banner.png	png	official-cn-dynamic-direct	official-cn-legacy-client-image	copy-official-cn	dynamic_image_recovery_audit_20260819/official_cn_direct_357_product_patch.json#17	55667	680	180
magica/resource/image_web/page/mission/panelMission/68/title_panelmission.png	png	official-cn-dynamic-direct	official-cn-legacy-client-image	copy-official-cn	dynamic_image_recovery_audit_20260819/official_cn_direct_357_product_patch.json#18	17490	316	140
magica/resource/image_web/page/mission/panelMission/68/title_panelmission_info.png	png	official-cn-dynamic-direct	official-cn-legacy-client-image	copy-official-cn	dynamic_image_recovery_audit_20260819/official_cn_direct_357_product_patch.json#19	9179	316	80
magica/resource/image_web/page/mission/panelMission/76/banner.png	png	official-cn-dynamic-direct	official-cn-legacy-client-image	copy-official-cn	dynamic_image_recovery_audit_20260819/official_cn_direct_357_product_patch.json#20	58047	680	180
magica/resource/image_web/page/mission/panelMission/76/title_panelmission.png	png	official-cn-dynamic-direct	official-cn-legacy-client-image	copy-official-cn	dynamic_image_recovery_audit_20260819/official_cn_direct_357_product_patch.json#21	17526	316	140
magica/resource/image_web/page/mission/panelMission/76/title_panelmission_info.png	png	official-cn-dynamic-direct	official-cn-legacy-client-image	copy-official-cn	dynamic_image_recovery_audit_20260819/official_cn_direct_357_product_patch.json#22	8808	316	80
magica/resource/image_web/page/mission/panelMission/common/btn_challenge.png	png	official-cn-gap-direct	official-cn-legacy-client-image	copy-official-cn-same-path	magica/research/totentanz-full-localization-20260817/official-cn-image-overlay-round2/overlay_manifest.json#SOURCE-IMG-0156	2340	110	34
magica/resource/image_web/page/mission/panelMission/common/btn_get.png	png	official-cn-gap-direct	official-cn-legacy-client-image	copy-official-cn-same-path	magica/research/totentanz-full-localization-20260817/official-cn-image-overlay-round2/overlay_manifest.json#SOURCE-IMG-0157	3014	110	34
magica/resource/image_web/page/mission/panelMission/common/btn_get_gray.png	png	official-cn-gap-direct	official-cn-legacy-client-image	copy-official-cn-same-path	magica/research/totentanz-full-localization-20260817/official-cn-image-overlay-round2/overlay_manifest.json#SOURCE-IMG-0158	2739	110	34
magica/resource/image_web/page/mission/panelMission/common/icon_panelmission_clear.png	png	official-cn-gap-direct	official-cn-legacy-client-image	copy-official-cn-same-path	magica/research/totentanz-full-localization-20260817/official-cn-image-overlay-round2/overlay_manifest.json#SOURCE-IMG-0159	6504	132	132
magica/resource/image_web/page/mission/panelMission/common/mission_complete_b.png	png	official-cn-gap-direct	official-cn-legacy-client-image	copy-official-cn-same-path	magica/research/totentanz-full-localization-20260817/official-cn-image-overlay-round2/overlay_manifest.json#SOURCE-IMG-0160	7874	462	53
magica/resource/image_web/page/mypage/btn_camera_setting.png	png	official-cn-same-path	official-cn-legacy-client	copy-official-cn-same-path-same-geometry	magica/research/totentanz-full-localization-20260817/official-cn-image-overlay/overlay_manifest.json#page/mypage/btn_camera_setting.png	4215	88	78
magica/resource/image_web/page/mypage/btn_ui_off.png	png	official-cn-same-path	official-cn-legacy-client	copy-official-cn-same-path-same-geometry	magica/research/totentanz-full-localization-20260817/official-cn-image-overlay/overlay_manifest.json#page/mypage/btn_ui_off.png	4387	88	78
magica/resource/image_web/page/mypage/otherpop_collection.png	png	official-cn-same-path	official-cn-legacy-client	copy-official-cn-same-path-same-geometry	magica/research/totentanz-full-localization-20260817/official-cn-image-overlay/overlay_manifest.json#page/mypage/otherpop_collection.png	4642	117	113
magica/resource/image_web/page/mypage/otherpop_config.png	png	official-cn-same-path	official-cn-legacy-client	copy-official-cn-same-path-same-geometry	magica/research/totentanz-full-localization-20260817/official-cn-image-overlay/overlay_manifest.json#page/mypage/otherpop_config.png	4252	117	113
magica/resource/image_web/page/mypage/otherpop_friend.png	png	official-cn-same-path	official-cn-legacy-client	copy-official-cn-same-path-same-geometry	magica/research/totentanz-full-localization-20260817/official-cn-image-overlay/overlay_manifest.json#page/mypage/otherpop_friend.png	4606	117	113
magica/resource/image_web/page/mypage/otherpop_help.png	png	official-cn-same-path	official-cn-legacy-client	copy-official-cn-same-path-same-geometry	magica/research/totentanz-full-localization-20260817/official-cn-image-overlay/overlay_manifest.json#page/mypage/otherpop_help.png	4436	117	113
magica/resource/image_web/page/mypage/otherpop_item.png	png	official-cn-same-path	official-cn-legacy-client	copy-official-cn-same-path-same-geometry	magica/research/totentanz-full-localization-20260817/official-cn-image-overlay/overlay_manifest.json#page/mypage/otherpop_item.png	4643	117	113
magica/resource/image_web/page/mypage/otherpop_record.png	png	official-cn-same-path	official-cn-legacy-client	copy-official-cn-same-path-same-geometry	magica/research/totentanz-full-localization-20260817/official-cn-image-overlay/overlay_manifest.json#page/mypage/otherpop_record.png	5497	116	116
magica/resource/image_web/page/patrol/anime/txt_finish.png	png	careful-human-current-canvas	careful-human-translation-on-current-us-canvas	reviewed-current-canvas-localization	magica/research/totentanz-full-localization-20260817/web-images/localized_ui_image_manifest.json#page/patrol/anime/txt_finish.png	4262	260	96
magica/resource/image_web/page/patrol/anime/txt_start.png	png	careful-human-current-canvas	careful-human-translation-on-current-us-canvas	reviewed-current-canvas-localization	magica/research/totentanz-full-localization-20260817/web-images/localized_ui_image_manifest.json#page/patrol/anime/txt_start.png	3966	260	96
magica/resource/image_web/page/patrol/bg_result_title.png	png	careful-human-current-canvas	careful-human-translation-on-current-us-canvas	reviewed-current-canvas-localization	magica/research/totentanz-full-localization-20260817/web-images/localized_ui_image_manifest.json#page/patrol/bg_result_title.png	4691	454	34
magica/resource/image_web/page/patrol/btn_finish_all.png	png	careful-human-current-canvas	careful-human-translation-on-current-us-canvas	reviewed-current-canvas-localization	magica/research/totentanz-full-localization-20260817/web-images/localized_ui_image_manifest.json#page/patrol/btn_finish_all.png	4476	168	44
magica/resource/image_web/page/patrol/btn_finish_all_off.png	png	careful-human-current-canvas	careful-human-translation-on-current-us-canvas	reviewed-current-canvas-localization	magica/research/totentanz-full-localization-20260817/web-images/localized_ui_image_manifest.json#page/patrol/btn_finish_all_off.png	4175	168	44
magica/resource/image_web/page/patrol/btn_start_all.png	png	careful-human-current-canvas	careful-human-translation-on-current-us-canvas	reviewed-current-canvas-localization	magica/research/totentanz-full-localization-20260817/web-images/localized_ui_image_manifest.json#page/patrol/btn_start_all.png	4552	168	44
magica/resource/image_web/page/patrol/btn_start_all_off.png	png	careful-human-current-canvas	careful-human-translation-on-current-us-canvas	reviewed-current-canvas-localization	magica/research/totentanz-full-localization-20260817/web-images/localized_ui_image_manifest.json#page/patrol/btn_start_all_off.png	4220	168	44
magica/resource/image_web/page/patrol/btn_team_off.png	png	careful-human-current-canvas	careful-human-translation-on-current-us-canvas	reviewed-current-canvas-localization	magica/research/totentanz-full-localization-20260817/web-images/localized_ui_image_manifest.json#page/patrol/btn_team_off.png	1252	132	28
magica/resource/image_web/page/patrol/btn_teareset.png	png	careful-human-current-canvas	careful-human-translation-on-current-us-canvas	reviewed-current-canvas-localization	magica/research/totentanz-full-localization-20260817/web-images/localized_ui_image_manifest.json#page/patrol/btn_teareset.png	3641	144	40
magica/resource/image_web/page/patrol/text_result_header.png	png	careful-human-current-canvas	careful-human-translation-on-current-us-canvas	reviewed-current-canvas-localization	magica/research/totentanz-full-localization-20260817/web-images/localized_ui_image_manifest.json#page/patrol/text_result_header.png	3362	238	62
magica/resource/image_web/page/patrol/text_team_lock.png	png	careful-human-current-canvas	careful-human-translation-on-current-us-canvas	reviewed-current-canvas-localization	magica/research/totentanz-full-localization-20260817/web-images/localized_ui_image_manifest.json#page/patrol/text_team_lock.png	5010	480	44
magica/resource/image_web/page/patrol/text_team_onpatrol.png	png	careful-human-current-canvas	careful-human-translation-on-current-us-canvas	reviewed-current-canvas-localization	magica/research/totentanz-full-localization-20260817/web-images/localized_ui_image_manifest.json#page/patrol/text_team_onpatrol.png	3591	340	44
magica/resource/image_web/page/profile/btn_background_change.png	png	official-cn-same-path	official-cn-legacy-client	copy-official-cn-same-path-same-geometry	magica/research/totentanz-full-localization-20260817/official-cn-image-overlay/overlay_manifest.json#page/profile/btn_background_change.png	3895	118	50
magica/resource/image_web/page/profile/btn_chara_change.png	png	official-cn-same-path	official-cn-legacy-client	copy-official-cn-same-path-same-geometry	magica/research/totentanz-full-localization-20260817/official-cn-image-overlay/overlay_manifest.json#page/profile/btn_chara_change.png	3716	118	50
magica/resource/image_web/page/quest/animation/section_clear_b.png	png	official-cn-same-path	official-cn-legacy-client	copy-official-cn-same-path-same-geometry	magica/research/totentanz-full-localization-20260817/official-cn-image-overlay/overlay_manifest.json#page/quest/animation/section_clear_b.png	7051	344	52
magica/resource/image_web/page/quest/animation/story_clear.png	png	careful-human-current-canvas	careful-human-translation-on-current-us-canvas	reviewed-current-canvas-localization	magica/research/totentanz-full-localization-20260817/web-images/localized_ui_image_manifest.json#page/quest/animation/story_clear.png	2019	132	32
magica/resource/image_web/page/quest/chara/element_header.png	png	official-cn-same-path	official-cn-legacy-client	copy-official-cn-same-path-same-geometry	magica/research/totentanz-full-localization-20260817/official-cn-image-overlay/overlay_manifest.json#page/quest/chara/element_header.png	1369	180	34
magica/resource/image_web/page/quest/chara/header_chara.png	png	official-cn-same-path	official-cn-legacy-client	copy-official-cn-same-path-same-geometry	magica/research/totentanz-full-localization-20260817/official-cn-image-overlay/overlay_manifest.json#page/quest/chara/header_chara.png	8549	764	50
magica/resource/image_web/page/quest/costume/header_costume.png	png	official-cn-same-path	official-cn-legacy-client	copy-official-cn-same-path-same-geometry	magica/research/totentanz-full-localization-20260817/official-cn-image-overlay/overlay_manifest.json#page/quest/costume/header_costume.png	8963	764	50
magica/resource/image_web/page/quest/icon_limited_turn.png	png	official-cn-same-path	official-cn-legacy-client	copy-official-cn-same-path-same-geometry	magica/research/totentanz-full-localization-20260817/official-cn-image-overlay/overlay_manifest.json#page/quest/icon_limited_turn.png	794	82	26
magica/resource/image_web/page/quest/main/btn_challenge.png	png	official-cn-same-path	official-cn-legacy-client	copy-official-cn-same-path-same-geometry	magica/research/totentanz-full-localization-20260817/official-cn-image-overlay/overlay_manifest.json#page/quest/main/btn_challenge.png	4578	154	62
magica/resource/image_web/page/quest/main/btn_challenge_a.png	png	official-cn-same-path	official-cn-legacy-client	copy-official-cn-same-path-same-geometry	magica/research/totentanz-full-localization-20260817/official-cn-image-overlay/overlay_manifest.json#page/quest/main/btn_challenge_a.png	4264	156	50
magica/resource/image_web/page/quest/main/btn_normal.png	png	official-cn-same-path	official-cn-legacy-client	copy-official-cn-same-path-same-geometry	magica/research/totentanz-full-localization-20260817/official-cn-image-overlay/overlay_manifest.json#page/quest/main/btn_normal.png	4855	154	62
magica/resource/image_web/page/quest/main/btn_normal_a.png	png	official-cn-same-path	official-cn-legacy-client	copy-official-cn-same-path-same-geometry	magica/research/totentanz-full-localization-20260817/official-cn-image-overlay/overlay_manifest.json#page/quest/main/btn_normal_a.png	4331	156	50
magica/resource/image_web/page/quest/main/icon_challenge.png	png	careful-human-current-canvas	careful-human-translation-on-current-us-canvas	reviewed-current-canvas-localization	magica/research/totentanz-full-localization-20260817/web-images/localized_ui_image_manifest.json#page/quest/main/icon_challenge.png	2055	122	34
magica/resource/image_web/page/quest/main/singleraid/section_newest.png	png	official-cn-same-path	official-cn-legacy-client	copy-official-cn-same-path-same-geometry	magica/research/totentanz-full-localization-20260817/official-cn-image-overlay/overlay_manifest.json#page/quest/main/singleraid/section_newest.png	3619	378	48
magica/resource/image_web/page/quest/point_up_balloon.png	png	official-cn-same-path	official-cn-legacy-client	copy-official-cn-same-path-same-geometry	magica/research/totentanz-full-localization-20260817/official-cn-image-overlay/overlay_manifest.json#page/quest/point_up_balloon.png	3708	180	60
magica/resource/image_web/page/quest/quest_state_new.png	png	careful-human-current-canvas	careful-human-translation-on-current-us-canvas	reviewed-current-canvas-localization	magica/research/totentanz-full-localization-20260817/web-images/localized_ui_image_manifest.json#page/quest/quest_state_new.png	985	84	21
magica/resource/image_web/page/quest/secondPartLast/clearanime/txt_reward.png	png	careful-human-current-canvas	careful-human-translation-on-current-us-canvas	reviewed-current-canvas-localization	magica/research/totentanz-full-localization-20260817/web-images/localized_ui_image_manifest.json#page/quest/secondPartLast/clearanime/txt_reward.png	1547	80	26
magica/resource/image_web/regularEvent/accomplish/common/clearanime/text_clear.png	png	careful-human-current-canvas	careful-human-translation-on-current-us-canvas	reviewed-current-canvas-localization	magica/research/totentanz-full-localization-20260817/web-images/localized_ui_image_manifest.json#regularEvent/accomplish/common/clearanime/text_clear.png	2773	180	50
magica/resource/image_web/regularEvent/accomplish/common/clearanime/text_reward.png	png	careful-human-current-canvas	careful-human-translation-on-current-us-canvas	reviewed-current-canvas-localization	magica/research/totentanz-full-localization-20260817/web-images/localized_ui_image_manifest.json#regularEvent/accomplish/common/clearanime/text_reward.png	2240	120	40
magica/resource/image_web/regularEvent/extermination/common/clearanime/txt_reward.png	png	careful-human-current-canvas	careful-human-translation-on-current-us-canvas	reviewed-current-canvas-localization	magica/research/totentanz-full-localization-20260817/web-images/localized_ui_image_manifest.json#regularEvent/extermination/common/clearanime/txt_reward.png	1547	80	26
magica/resource/image_web/regularEvent/groupBattle/common/animation/resurrect/title.png	png	careful-human-current-canvas	careful-human-translation-on-current-us-canvas	reviewed-current-canvas-localization	magica/research/totentanz-full-localization-20260817/web-images/localized_ui_image_manifest.json#regularEvent/groupBattle/common/animation/resurrect/title.png	22900	794	199
magica/resource/image_web/regularEvent/groupBattle/common/mission_clear.png	png	careful-human-current-canvas	careful-human-translation-on-current-us-canvas	reviewed-current-canvas-localization	magica/research/totentanz-full-localization-20260817/web-images/localized_ui_image_manifest.json#regularEvent/groupBattle/common/mission_clear.png	1271	48	52
magica/resource/image_web/regularEvent/groupBattle/common/result/result_title_header.png	png	preexisting-verified-ui	confirmed-human-current-canvas	preexisting-reviewed-product-asset	Git history 01abb847; reviewed Totentanz group-battle result label	3372	266	36
magica/resource/image_web/regularEvent/groupBattle/common/result/result_title_text.png	png	careful-human-current-canvas	careful-human-translation-on-current-us-canvas	reviewed-current-canvas-localization	magica/research/totentanz-full-localization-20260817/web-images/localized_ui_image_manifest.json#regularEvent/groupBattle/common/result/result_title_text.png	4242	330	42
magica/resource/image_web/regularEvent/groupBattle/common/result/touch_screen.png	png	careful-human-current-canvas	careful-human-translation-on-current-us-canvas	reviewed-current-canvas-localization	magica/research/totentanz-full-localization-20260817/web-images/localized_ui_image_manifest.json#regularEvent/groupBattle/common/result/touch_screen.png	2204	234	25
magica/resource/image_web/regularEvent/groupBattle/common/top/text/total_damege_title.png	png	careful-human-current-canvas	careful-human-translation-on-current-us-canvas	reviewed-current-canvas-localization	magica/research/totentanz-full-localization-20260817/web-images/localized_ui_image_manifest.json#regularEvent/groupBattle/common/top/text/total_damege_title.png	1400	145	17
magica/resource/image_web/regularEvent/groupBattle/common2/battle_top/btn_battle.png	png	careful-human-current-canvas	careful-human-translation-on-current-us-canvas	reviewed-current-canvas-localization	magica/research/totentanz-full-localization-20260817/web-images/localized_ui_image_manifest.json#regularEvent/groupBattle/common2/battle_top/btn_battle.png	13952	176	170
magica/resource/image_web/regularEvent/groupBattle/common2/battle_top/btn_group.png	png	careful-human-current-canvas	careful-human-translation-on-current-us-canvas	reviewed-current-canvas-localization	magica/research/totentanz-full-localization-20260817/web-images/localized_ui_image_manifest.json#regularEvent/groupBattle/common2/battle_top/btn_group.png	6325	118	70
magica/resource/image_web/regularEvent/groupBattle/common2/battle_top/btn_morcwar.png	png	careful-human-current-canvas	careful-human-translation-on-current-us-canvas	reviewed-current-canvas-localization	magica/research/totentanz-full-localization-20260817/web-images/localized_ui_image_manifest.json#regularEvent/groupBattle/common2/battle_top/btn_morcwar.png	5250	119	59
magica/resource/image_web/regularEvent/groupBattle/common2/text_01.png	png	careful-human-current-canvas	careful-human-translation-on-current-us-canvas	reviewed-current-canvas-localization	magica/research/totentanz-full-localization-20260817/web-images/localized_ui_image_manifest.json#regularEvent/groupBattle/common2/text_01.png	2050	103	48
magica/resource/image_web/regularEvent/groupBattle/common2/text_02.png	png	careful-human-current-canvas	careful-human-translation-on-current-us-canvas	reviewed-current-canvas-localization	magica/research/totentanz-full-localization-20260817/web-images/localized_ui_image_manifest.json#regularEvent/groupBattle/common2/text_02.png	5170	341	49
