item_id	category	path	geometry_status	old_size	current_size	reference_count	reference_evidence	old_cn_source	current_us_reference	product_target	old_sha256	current_sha256	reason	required_action	authority	write_performed
SOURCE-IMG-0001	unresolved-actionable	resource/image_web/campaign/box_gacha/common/icon_pickup.png	same-geometry	62x62	62x62	1	totentanz:css/campaign/box_gacha/CampaignBoxGachaTop.css	A:\magicaOLD\resource\image_web\campaign\box_gacha\common\icon_pickup.png	A:\totentanz-frontend\resource\image_web\campaign\box_gacha\common\icon_pickup.png	C:\Users\proje\Documents\Codex\2026-08-06\https-github-com-hiiraginemu-magireco-wiki-3\work\js_v26_release_final_20260813\magica\resource\image_web\campaign\box_gacha\common\icon_pickup.png	ab003d75d33177bb7486bfcbc4490014a53a9819d603afd41a09343aef83466a	aa58213fc0aed59669e589455fb1ac298dae05aacf359a31adb72f9b03fa2f82	旧国服同路径图片含可转移的官方中文可见文本，当前美服图片仍为英文/日文或未简体化；尚未进入现有159张官方覆盖或58张重制清单。	按旧国服官方文字覆盖同尺寸图片。	official-cn-legacy-client-image	False
SOURCE-IMG-0002	unresolved-actionable	resource/image_web/campaign/box_gacha/common/icon_pickup_gray.png	same-geometry	62x62	62x62	1	totentanz:css/campaign/box_gacha/CampaignBoxGachaTop.css	A:\magicaOLD\resource\image_web\campaign\box_gacha\common\icon_pickup_gray.png	A:\totentanz-frontend\resource\image_web\campaign\box_gacha\common\icon_pickup_gray.png	C:\Users\proje\Documents\Codex\2026-08-06\https-github-com-hiiraginemu-magireco-wiki-3\work\js_v26_release_final_20260813\magica\resource\image_web\campaign\box_gacha\common\icon_pickup_gray.png	1f0a68cfb722638b5334cee3cb223f95b6bd6b169c546de111c7e1f18362b3fb	d7c9dba75cd045ff62d675304bbc3b4e975b0a29ea863648106eca5f1e21a1d7	旧国服同路径图片含可转移的官方中文可见文本，当前美服图片仍为英文/日文或未简体化；尚未进入现有159张官方覆盖或58张重制清单。	按旧国服官方文字覆盖同尺寸图片。	official-cn-legacy-client-image	False
SOURCE-IMG-0003	unresolved-actionable	resource/image_web/campaign/box_gacha/common/icon_purchased.png	same-geometry	57x60	57x60	1	totentanz:css/campaign/box_gacha/CampaignBoxGachaTop.css	A:\magicaOLD\resource\image_web\campaign\box_gacha\common\icon_purchased.png	A:\totentanz-frontend\resource\image_web\campaign\box_gacha\common\icon_purchased.png	C:\Users\proje\Documents\Codex\2026-08-06\https-github-com-hiiraginemu-magireco-wiki-3\work\js_v26_release_final_20260813\magica\resource\image_web\campaign\box_gacha\common\icon_purchased.png	750b81c1d176eab520c86e1b57c55a2d1f08bff29dc1df457576f94076d8df77	856a02efa1fac8addd20f36681227d241a28e2826446e4deb45e7198f7c181ac	旧国服同路径图片含可转移的官方中文可见文本，当前美服图片仍为英文/日文或未简体化；尚未进入现有159张官方覆盖或58张重制清单。	按旧国服官方文字覆盖同尺寸图片。	official-cn-legacy-client-image	False
SOURCE-IMG-0004	unresolved-actionable	resource/image_web/campaign/gacha_lineup/common/btn_memorial_gachatop.png	same-geometry	106x110	106x110	1	totentanz:css/gacha/GachaTop.css	A:\magicaOLD\resource\image_web\campaign\gacha_lineup\common\btn_memorial_gachatop.png	A:\totentanz-frontend\resource\image_web\campaign\gacha_lineup\common\btn_memorial_gachatop.png	C:\Users\proje\Documents\Codex\2026-08-06\https-github-com-hiiraginemu-magireco-wiki-3\work\js_v26_release_final_20260813\magica\resource\image_web\campaign\gacha_lineup\common\btn_memorial_gachatop.png	40c3a8a1d7958066053a3ff68141aca7e60d39dab6e40612690278a0c3c50b14	ab8a1596a26823c9e5a6e21794d2015f1ae1a36508a9c9df4a9409adc81fd313	旧国服同路径图片含可转移的官方中文可见文本，当前美服图片仍为英文/日文或未简体化；尚未进入现有159张官方覆盖或58张重制清单。	按旧国服官方文字覆盖同尺寸图片。	official-cn-legacy-client-image	False
SOURCE-IMG-0005	unresolved-actionable	resource/image_web/campaign/gacha_lineup/common/btn_serect.png	same-geometry	132x34	132x34	1	totentanz:css/campaign/gacha_lineup/CampaignGachaLineUp.css	A:\magicaOLD\resource\image_web\campaign\gacha_lineup\common\btn_serect.png	A:\totentanz-frontend\resource\image_web\campaign\gacha_lineup\common\btn_serect.png	C:\Users\proje\Documents\Codex\2026-08-06\https-github-com-hiiraginemu-magireco-wiki-3\work\js_v26_release_final_20260813\magica\resource\image_web\campaign\gacha_lineup\common\btn_serect.png	0870ee565a8871f408702ee85ad369d421de8d4c5805302559cb541492dd0512	97c82d2f3b9ed9b7aa5a6bcf373593e0189caf274f4e0b23a77b0bef41bb9294	旧国服同路径图片含可转移的官方中文可见文本，当前美服图片仍为英文/日文或未简体化；尚未进入现有159张官方覆盖或58张重制清单。	按旧国服官方文字覆盖同尺寸图片。	official-cn-legacy-client-image	False
SOURCE-IMG-0006	unresolved-actionable	resource/image_web/campaign/point_up/common/card_compose_all_2000.png	same-geometry	142x76	142x76	1	totentanz:css/chara/CharaTop.css	A:\magicaOLD\resource\image_web\campaign\point_up\common\card_compose_all_2000.png	A:\totentanz-frontend\resource\image_web\campaign\point_up\common\card_compose_all_2000.png	C:\Users\proje\Documents\Codex\2026-08-06\https-github-com-hiiraginemu-magireco-wiki-3\work\js_v26_release_final_20260813\magica\resource\image_web\campaign\point_up\common\card_compose_all_2000.png	2e0015b5f9afdcece2d69dd63b0d445cbc2fb7c2130c4fd2f84165342b4b65c0	74aae0dec3f42a6d081826ba6d9ebcf9da9d8f5959ab80c0ae046e340cb1f5b6	旧国服同路径图片含可转移的官方中文可见文本，当前美服图片仍为英文/日文或未简体化；尚未进入现有159张官方覆盖或58张重制清单。	按旧国服官方文字覆盖同尺寸图片。	official-cn-legacy-client-image	False
SOURCE-IMG-0007	unresolved-actionable	resource/image_web/common/chara/result_text_evolve.png	same-geometry	282x110	282x110	1	product:css/_common/common.css	A:\magicaOLD\resource\image_web\common\chara\result_text_evolve.png	A:\totentanz-frontend\resource\image_web\common\chara\result_text_evolve.png	C:\Users\proje\Documents\Codex\2026-08-06\https-github-com-hiiraginemu-magireco-wiki-3\work\js_v26_release_final_20260813\magica\resource\image_web\common\chara\result_text_evolve.png	e7398ac0fdba1e2a706dcc6d1f330f362c981d1cd0e60f8b3851256ae5974012	2c331dd5d49935c4ede9cb715e2eeb7ec266af1f48e9d7f56e11a8a945cf3538	旧国服同路径图片含可转移的官方中文可见文本，当前美服图片仍为英文/日文或未简体化；尚未进入现有159张官方覆盖或58张重制清单。	按旧国服官方文字覆盖同尺寸图片。	official-cn-legacy-client-image	False
SOURCE-IMG-0008	unresolved-actionable	resource/image_web/common/closed/condition_03.png	same-geometry	90x40	90x40	2	totentanz:css/collection/CollectionTop.css | totentanz:css/collection/CollectionTop.css	A:\magicaOLD\resource\image_web\common\closed\condition_03.png	A:\totentanz-frontend\resource\image_web\common\closed\condition_03.png	C:\Users\proje\Documents\Codex\2026-08-06\https-github-com-hiiraginemu-magireco-wiki-3\work\js_v26_release_final_20260813\magica\resource\image_web\common\closed\condition_03.png	24242d04229d150b4011f1002b3832c293cd6ab1809679778b0a0cfad85e91cf	454e6b37f0bd6b264ffabe0c1e6b35ff0ebbb551ab1d0cd38be7101d2cdece48	旧国服同路径图片含可转移的官方中文可见文本，当前美服图片仍为英文/日文或未简体化；尚未进入现有159张官方覆盖或58张重制清单。	按旧国服官方文字覆盖同尺寸图片。	official-cn-legacy-client-image	False
SOURCE-IMG-0009	unresolved-actionable	resource/image_web/event/accomplish/common/btn_cure.png	same-geometry	102x106	102x106	1	totentanz:css/event/accomplish/EventAccomplishTop.css	A:\magicaOLD\resource\image_web\event\accomplish\common\btn_cure.png	A:\totentanz-frontend\resource\image_web\event\accomplish\common\btn_cure.png	C:\Users\proje\Documents\Codex\2026-08-06\https-github-com-hiiraginemu-magireco-wiki-3\work\js_v26_release_final_20260813\magica\resource\image_web\event\accomplish\common\btn_cure.png	31d3e6f1b7809e95727b0dc80b6adaf25cefab0b83a06ce8f9ab62982b7a2914	81f18140e89fd575b34f15effca8e3530ed6fd73e6b0ae46d98556d238965653	旧国服同路径图片含可转移的官方中文可见文本，当前美服图片仍为英文/日文或未简体化；尚未进入现有159张官方覆盖或58张重制清单。	按旧国服官方文字覆盖同尺寸图片。	official-cn-legacy-client-image	False
SOURCE-IMG-0010	unresolved-actionable	resource/image_web/event/accomplish/common/btn_reward.png	same-geometry	116x40	116x40	1	totentanz:css/event/accomplish/EventAccomplishTop.css	A:\magicaOLD\resource\image_web\event\accomplish\common\btn_reward.png	A:\totentanz-frontend\resource\image_web\event\accomplish\common\btn_reward.png	C:\Users\proje\Documents\Codex\2026-08-06\https-github-com-hiiraginemu-magireco-wiki-3\work\js_v26_release_final_20260813\magica\resource\image_web\event\accomplish\common\btn_reward.png	4483be47c1647f8f610c74f85978039b2712b68685559204553d3f1455fb58cb	33e0ef986d5b08b0a992069b5dc5703a45a25fdc30e81a0921f192a092a3e055	旧国服同路径图片含可转移的官方中文可见文本，当前美服图片仍为英文/日文或未简体化；尚未进入现有159张官方覆盖或58张重制清单。	按旧国服官方文字覆盖同尺寸图片。	official-cn-legacy-client-image	False
SOURCE-IMG-0011	unresolved-actionable	resource/image_web/event/accomplish/common/deck/bg_cure_time.png	same-geometry	108x48	108x48	1	totentanz:css/event/accomplish/EventAccomplishDeck.css	A:\magicaOLD\resource\image_web\event\accomplish\common\deck\bg_cure_time.png	A:\totentanz-frontend\resource\image_web\event\accomplish\common\deck\bg_cure_time.png	C:\Users\proje\Documents\Codex\2026-08-06\https-github-com-hiiraginemu-magireco-wiki-3\work\js_v26_release_final_20260813\magica\resource\image_web\event\accomplish\common\deck\bg_cure_time.png	e7206fc7b297ede3a55b8ccca3225026475425c44eabd743676448ca3f2b5745	a730306ee6407a21013dc3bf70fa54cf4d79771227069d8c96c6e2f0c921e9a2	旧国服同路径图片含可转移的官方中文可见文本，当前美服图片仍为英文/日文或未简体化；尚未进入现有159张官方覆盖或58张重制清单。	按旧国服官方文字覆盖同尺寸图片。	official-cn-legacy-client-image	False
SOURCE-IMG-0012	unresolved-actionable	resource/image_web/event/accomplish/common/deck/btn_cure.png	same-geometry	144x46	144x46	2	totentanz:css/regularEvent/accomplish/RegularEventAccomplishRecovery.css | totentanz:css/event/accomplish/EventAccomplishDeck.css	A:\magicaOLD\resource\image_web\event\accomplish\common\deck\btn_cure.png	A:\totentanz-frontend\resource\image_web\event\accomplish\common\deck\btn_cure.png	C:\Users\proje\Documents\Codex\2026-08-06\https-github-com-hiiraginemu-magireco-wiki-3\work\js_v26_release_final_20260813\magica\resource\image_web\event\accomplish\common\deck\btn_cure.png	bfcb596a9165371fc53e3647e4841d95f24e847f1a33310bd6197a996dfce238	18dc47005860d1a5447661965e5613d6dcdf1248ab000c114fe39829ee8450e7	旧国服同路径图片含可转移的官方中文可见文本，当前美服图片仍为英文/日文或未简体化；尚未进入现有159张官方覆盖或58张重制清单。	按旧国服官方文字覆盖同尺寸图片。	official-cn-legacy-client-image	False
SOURCE-IMG-0013	unresolved-actionable	resource/image_web/event/accomplish/common/deck/icon_chara_list_die.png	same-geometry	80x24	80x24	2	totentanz:css/event/accomplish/EventAccomplishDeck.css | totentanz:css/event/accomplish/EventAccomplishRecovery.css	A:\magicaOLD\resource\image_web\event\accomplish\common\deck\icon_chara_list_die.png	A:\totentanz-frontend\resource\image_web\event\accomplish\common\deck\icon_chara_list_die.png	C:\Users\proje\Documents\Codex\2026-08-06\https-github-com-hiiraginemu-magireco-wiki-3\work\js_v26_release_final_20260813\magica\resource\image_web\event\accomplish\common\deck\icon_chara_list_die.png	5cab85abc16c448c5126661dbb8fbbe2050abf2e961fc20f646bd5db65cd048e	fd3a6495d571d8fbb8c1b3ae9385226a7c863695ec79d34e76b75c198cfe85c6	旧国服同路径图片含可转移的官方中文可见文本，当前美服图片仍为英文/日文或未简体化；尚未进入现有159张官方覆盖或58张重制清单。	按旧国服官方文字覆盖同尺寸图片。	official-cn-legacy-client-image	False
SOURCE-IMG-0014	unresolved-actionable	resource/image_web/event/accomplish/common/enemyDetail/btn_challenge.png	same-geometry	190x64	190x64	1	totentanz:css/event/accomplish/EventAccomplishEnemyDetail.css	A:\magicaOLD\resource\image_web\event\accomplish\common\enemyDetail\btn_challenge.png	A:\totentanz-frontend\resource\image_web\event\accomplish\common\enemyDetail\btn_challenge.png	C:\Users\proje\Documents\Codex\2026-08-06\https-github-com-hiiraginemu-magireco-wiki-3\work\js_v26_release_final_20260813\magica\resource\image_web\event\accomplish\common\enemyDetail\btn_challenge.png	b00fd28f6aac9fc63f4e2d68ec1f2a020a187a9446e832005ed94a52281f333a	11798bfeb7108c6b0f5f19bae0989326ac86dcac36f910e1396b5a056cf4426b	旧国服同路径图片含可转移的官方中文可见文本，当前美服图片仍为英文/日文或未简体化；尚未进入现有159张官方覆盖或58张重制清单。	按旧国服官方文字覆盖同尺寸图片。	official-cn-legacy-client-image	False
SOURCE-IMG-0015	unresolved-actionable	resource/image_web/event/accomplish/common/enemyDetail/btn_challenge_gray.png	same-geometry	190x64	190x64	1	totentanz:css/event/accomplish/EventAccomplishEnemyDetail.css	A:\magicaOLD\resource\image_web\event\accomplish\common\enemyDetail\btn_challenge_gray.png	A:\totentanz-frontend\resource\image_web\event\accomplish\common\enemyDetail\btn_challenge_gray.png	C:\Users\proje\Documents\Codex\2026-08-06\https-github-com-hiiraginemu-magireco-wiki-3\work\js_v26_release_final_20260813\magica\resource\image_web\event\accomplish\common\enemyDetail\btn_challenge_gray.png	ae3ceafa169f960392e0e75e341162ebe20982156e14b6fb7a1b2eed0b9e4bf4	68371945fbcbf76cddddc7ec19e86e1272c4ca20eaa4e7d0808b2016223a7ada	旧国服同路径图片含可转移的官方中文可见文本，当前美服图片仍为英文/日文或未简体化；尚未进入现有159张官方覆盖或58张重制清单。	按旧国服官方文字覆盖同尺寸图片。	official-cn-legacy-client-image	False
SOURCE-IMG-0016	unresolved-actionable	resource/image_web/event/accomplish/common/recovery/btn_chara_die.png	same-geometry	290x114	290x114	1	totentanz:css/event/accomplish/EventAccomplishRecovery.css	A:\magicaOLD\resource\image_web\event\accomplish\common\recovery\btn_chara_die.png	A:\totentanz-frontend\resource\image_web\event\accomplish\common\recovery\btn_chara_die.png	C:\Users\proje\Documents\Codex\2026-08-06\https-github-com-hiiraginemu-magireco-wiki-3\work\js_v26_release_final_20260813\magica\resource\image_web\event\accomplish\common\recovery\btn_chara_die.png	c7874854c4804a2f8e7118351b8d45be3d24976248b3d0dc0f60b926d3dceb7f	3d7002395f022227f5bf7784f10d381b626e49c9fd58712d161cec9d1c4323df	旧国服同路径图片含可转移的官方中文可见文本，当前美服图片仍为英文/日文或未简体化；尚未进入现有159张官方覆盖或58张重制清单。	按旧国服官方文字覆盖同尺寸图片。	official-cn-legacy-client-image	False
SOURCE-IMG-0017	unresolved-actionable	resource/image_web/event/accomplish/common/recovery/header_cure.png	same-geometry	984x60	984x60	1	totentanz:css/event/accomplish/EventAccomplishRecovery.css	A:\magicaOLD\resource\image_web\event\accomplish\common\recovery\header_cure.png	A:\totentanz-frontend\resource\image_web\event\accomplish\common\recovery\header_cure.png	C:\Users\proje\Documents\Codex\2026-08-06\https-github-com-hiiraginemu-magireco-wiki-3\work\js_v26_release_final_20260813\magica\resource\image_web\event\accomplish\common\recovery\header_cure.png	a1a3d93d0145e668d9f745da484092544af72fb1028028a5dd46b7a2af29bd44	840167df1d4920856705e9bb592333f9d885c847d9bb744fd9919da7dbbf65f7	旧国服同路径图片含可转移的官方中文可见文本，当前美服图片仍为英文/日文或未简体化；尚未进入现有159张官方覆盖或58张重制清单。	按旧国服官方文字覆盖同尺寸图片。	official-cn-legacy-client-image	False
SOURCE-IMG-0018	unresolved-actionable	resource/image_web/event/accomplish/common/recovery/icon_cure_finish.png	same-geometry	146x28	146x28	1	totentanz:css/event/accomplish/EventAccomplishRecovery.css	A:\magicaOLD\resource\image_web\event\accomplish\common\recovery\icon_cure_finish.png	A:\totentanz-frontend\resource\image_web\event\accomplish\common\recovery\icon_cure_finish.png	C:\Users\proje\Documents\Codex\2026-08-06\https-github-com-hiiraginemu-magireco-wiki-3\work\js_v26_release_final_20260813\magica\resource\image_web\event\accomplish\common\recovery\icon_cure_finish.png	7c8e35d1d7f7e5063f5bd0456cc1b54a0c421e5b9de2608e55fe6917360187cf	eab36e70bcea403449901e6e27ea03ae15a0dab217d4679d44b27f36b724204c	旧国服同路径图片含可转移的官方中文可见文本，当前美服图片仍为英文/日文或未简体化；尚未进入现有159张官方覆盖或58张重制清单。	按旧国服官方文字覆盖同尺寸图片。	official-cn-legacy-client-image	False
SOURCE-IMG-0019	unresolved-actionable	resource/image_web/event/aprilfool2018/common/btn_position.png	same-geometry	88x78	88x78	1	totentanz:resource/image_web/_json/help.json	A:\magicaOLD\resource\image_web\event\aprilfool2018\common\btn_position.png	A:\totentanz-frontend\resource\image_web\event\aprilfool2018\common\btn_position.png	C:\Users\proje\Documents\Codex\2026-08-06\https-github-com-hiiraginemu-magireco-wiki-3\work\js_v26_release_final_20260813\magica\resource\image_web\event\aprilfool2018\common\btn_position.png	1666bf4a7ab6d7f69b395e3b2367c60c91409fd1b4dd94eb0f5565a5ae033c7e	b7328ee5f4f87e0366a7a413928b190bdbb0df489e56be885daf137a8db5e133	旧国服同路径图片含可转移的官方中文可见文本，当前美服图片仍为英文/日文或未简体化；尚未进入现有159张官方覆盖或58张重制清单。	按旧国服官方文字覆盖同尺寸图片。	official-cn-legacy-client-image	False
SOURCE-IMG-0020	unresolved-actionable	resource/image_web/event/aprilfool2018/common/btn_timer.png	same-geometry	88x78	88x78	1	totentanz:resource/image_web/_json/help.json	A:\magicaOLD\resource\image_web\event\aprilfool2018\common\btn_timer.png	A:\totentanz-frontend\resource\image_web\event\aprilfool2018\common\btn_timer.png	C:\Users\proje\Documents\Codex\2026-08-06\https-github-com-hiiraginemu-magireco-wiki-3\work\js_v26_release_final_20260813\magica\resource\image_web\event\aprilfool2018\common\btn_timer.png	b6bdbda38870bc689ad3b8bb6ddd225014f8e9de606add1122a6b500abb298d0	5fbc5054114ad03be1a0ee0d36745d2e640793ba74a24ff3cf215a3e053942c6	旧国服同路径图片含可转移的官方中文可见文本，当前美服图片仍为英文/日文或未简体化；尚未进入现有159张官方覆盖或58张重制清单。	按旧国服官方文字覆盖同尺寸图片。	official-cn-legacy-client-image	False
SOURCE-IMG-0021	unresolved-actionable	resource/image_web/event/arenaMission/1006/bg_clear_condition.png	same-geometry	288x58	288x58	1	totentanz:css/event/arenaMission/EventArenaMissionTop.css	A:\magicaOLD\resource\image_web\event\arenaMission\1006\bg_clear_condition.png	A:\totentanz-frontend\resource\image_web\event\arenaMission\1006\bg_clear_condition.png	C:\Users\proje\Documents\Codex\2026-08-06\https-github-com-hiiraginemu-magireco-wiki-3\work\js_v26_release_final_20260813\magica\resource\image_web\event\arenaMission\1006\bg_clear_condition.png	1fd54bd052d54451d6cfd85ff34cec75af1b1944e36e1a04ceb73a5d6410d51c	3d313bd512a40ce905dfa97275acb435a7253127b92ff9daf7802daad0203dc0	旧国服同路径图片含可转移的官方中文可见文本，当前美服图片仍为英文/日文或未简体化；尚未进入现有159张官方覆盖或58张重制清单。	按旧国服官方文字覆盖同尺寸图片。	official-cn-legacy-client-image	False
SOURCE-IMG-0022	unresolved-actionable	resource/image_web/event/arenaMission/1006/bg_party_pt.png	same-geometry	520x112	520x112	1	totentanz:css/event/arenaMission/EventArenaMissionTop.css	A:\magicaOLD\resource\image_web\event\arenaMission\1006\bg_party_pt.png	A:\totentanz-frontend\resource\image_web\event\arenaMission\1006\bg_party_pt.png	C:\Users\proje\Documents\Codex\2026-08-06\https-github-com-hiiraginemu-magireco-wiki-3\work\js_v26_release_final_20260813\magica\resource\image_web\event\arenaMission\1006\bg_party_pt.png	96288436a1101add7074e964538259af6dd4052e4be0074397de1551744867b3	97ed41a9dc7911aa377edf1b5a22636402381d1f17837d5dfc789114d303d889	旧国服同路径图片含可转移的官方中文可见文本，当前美服图片仍为英文/日文或未简体化；尚未进入现有159张官方覆盖或58张重制清单。	按旧国服官方文字覆盖同尺寸图片。	official-cn-legacy-client-image	False
SOURCE-IMG-0023	unresolved-actionable	resource/image_web/event/arenaMission/1006/btn_mission.png	same-geometry	100x86	100x86	1	totentanz:css/event/arenaMission/EventArenaMissionTop.css	A:\magicaOLD\resource\image_web\event\arenaMission\1006\btn_mission.png	A:\totentanz-frontend\resource\image_web\event\arenaMission\1006\btn_mission.png	C:\Users\proje\Documents\Codex\2026-08-06\https-github-com-hiiraginemu-magireco-wiki-3\work\js_v26_release_final_20260813\magica\resource\image_web\event\arenaMission\1006\btn_mission.png	f54b6c4dc558d768e769e4fc78d16b24d3eb6c31b000b9fbacf78304fd8b4598	fcd438878229e835352d5c1ae76548f5e6650f2282d984670017f866570c2a8c	旧国服同路径图片含可转移的官方中文可见文本，当前美服图片仍为英文/日文或未简体化；尚未进入现有159张官方覆盖或58张重制清单。	按旧国服官方文字覆盖同尺寸图片。	official-cn-legacy-client-image	False
SOURCE-IMG-0024	unresolved-actionable	resource/image_web/event/arenaMission/1006/btn_reward.png	same-geometry	100x86	100x86	1	totentanz:css/event/arenaMission/EventArenaMissionTop.css	A:\magicaOLD\resource\image_web\event\arenaMission\1006\btn_reward.png	A:\totentanz-frontend\resource\image_web\event\arenaMission\1006\btn_reward.png	C:\Users\proje\Documents\Codex\2026-08-06\https-github-com-hiiraginemu-magireco-wiki-3\work\js_v26_release_final_20260813\magica\resource\image_web\event\arenaMission\1006\btn_reward.png	88d4d19c8c80a725c0a1027c7ef9aa4ff8be0c29ce5a5d1f77abf5b2ac56334c	2181bdf80dd34630457d3b235bb0e95b68cc26f8d3d60e65121e49622165ebf2	旧国服同路径图片含可转移的官方中文可见文本，当前美服图片仍为英文/日文或未简体化；尚未进入现有159张官方覆盖或58张重制清单。	按旧国服官方文字覆盖同尺寸图片。	official-cn-legacy-client-image	False
SOURCE-IMG-0025	unresolved-actionable	resource/image_web/event/arenaMission/1006/confirm/btn_battle_start.png	same-geometry	298x90	298x90	1	totentanz:css/event/arenaMission/EventArenaMissionStage.css	A:\magicaOLD\resource\image_web\event\arenaMission\1006\confirm\btn_battle_start.png	A:\totentanz-frontend\resource\image_web\event\arenaMission\1006\confirm\btn_battle_start.png	C:\Users\proje\Documents\Codex\2026-08-06\https-github-com-hiiraginemu-magireco-wiki-3\work\js_v26_release_final_20260813\magica\resource\image_web\event\arenaMission\1006\confirm\btn_battle_start.png	34c52d61aad6c98fff36530c2fc4f414fe40d19e71f5d81a29f6dbd7c6d349b6	d5e40602dc1db9f3e692cc2153fdb321f09bf2e8a55b1c00b1af03042e43be76	旧国服同路径图片含可转移的官方中文可见文本，当前美服图片仍为英文/日文或未简体化；尚未进入现有159张官方覆盖或58张重制清单。	按旧国服官方文字覆盖同尺寸图片。	official-cn-legacy-client-image	False
SOURCE-IMG-0026	unresolved-actionable	resource/image_web/event/arenaMission/1006/confirm/item_use_header.png	same-geometry	552x72	552x72	1	totentanz:css/event/arenaMission/EventArenaMissionStage.css	A:\magicaOLD\resource\image_web\event\arenaMission\1006\confirm\item_use_header.png	A:\totentanz-frontend\resource\image_web\event\arenaMission\1006\confirm\item_use_header.png	C:\Users\proje\Documents\Codex\2026-08-06\https-github-com-hiiraginemu-magireco-wiki-3\work\js_v26_release_final_20260813\magica\resource\image_web\event\arenaMission\1006\confirm\item_use_header.png	51f89f69811c35010bed83c0e14ffdd8d747374c1d6c0b4a5cadb9b52d72eb55	fc77b9d5c4ed0ab749e020ab384c07184a8859f08d084eb37d78d258331b0ec1	旧国服同路径图片含可转移的官方中文可见文本，当前美服图片仍为英文/日文或未简体化；尚未进入现有159张官方覆盖或58张重制清单。	按旧国服官方文字覆盖同尺寸图片。	official-cn-legacy-client-image	False
SOURCE-IMG-0027	unresolved-actionable	resource/image_web/event/arenaMission/1006/confirm/party_pt_header.png	same-geometry	166x38	166x38	1	totentanz:css/event/arenaMission/EventArenaMissionStage.css	A:\magicaOLD\resource\image_web\event\arenaMission\1006\confirm\party_pt_header.png	A:\totentanz-frontend\resource\image_web\event\arenaMission\1006\confirm\party_pt_header.png	C:\Users\proje\Documents\Codex\2026-08-06\https-github-com-hiiraginemu-magireco-wiki-3\work\js_v26_release_final_20260813\magica\resource\image_web\event\arenaMission\1006\confirm\party_pt_header.png	556f5ac12cbb3cece79720d8b95ffa689172bb4b24ab55344b1af8a4a6667528	1f4849ea9f18eab221155ff727dba797c3ed5c1748afc85a8a6b564cf87e0266	旧国服同路径图片含可转移的官方中文可见文本，当前美服图片仍为英文/日文或未简体化；尚未进入现有159张官方覆盖或58张重制清单。	按旧国服官方文字覆盖同尺寸图片。	official-cn-legacy-client-image	False
SOURCE-IMG-0028	unresolved-actionable	resource/image_web/event/arenaMission/1006/confirm/team_pt_header.png	same-geometry	166x38	166x38	2	totentanz:css/event/arenaMission/EventArenaMissionStage.css | totentanz:css/event/arenaMission/EventArenaMissionStage.css	A:\magicaOLD\resource\image_web\event\arenaMission\1006\confirm\team_pt_header.png	A:\totentanz-frontend\resource\image_web\event\arenaMission\1006\confirm\team_pt_header.png	C:\Users\proje\Documents\Codex\2026-08-06\https-github-com-hiiraginemu-magireco-wiki-3\work\js_v26_release_final_20260813\magica\resource\image_web\event\arenaMission\1006\confirm\team_pt_header.png	d75a5d78854902bbdd8df3759fc49f74cb017cb4b99f55fb144314ed6ef4dbf5	b175cc4c0042349c0c4d8c21c688a541611b6a5824cb97690019a0c04f59933c	旧国服同路径图片含可转移的官方中文可见文本，当前美服图片仍为英文/日文或未简体化；尚未进入现有159张官方覆盖或58张重制清单。	按旧国服官方文字覆盖同尺寸图片。	official-cn-legacy-client-image	False
SOURCE-IMG-0029	unresolved-actionable	resource/image_web/event/arenaMission/1006/icon_stage_clear.png	same-geometry	78x42	78x42	1	totentanz:css/event/arenaMission/EventArenaMissionTop.css	A:\magicaOLD\resource\image_web\event\arenaMission\1006\icon_stage_clear.png	A:\totentanz-frontend\resource\image_web\event\arenaMission\1006\icon_stage_clear.png	C:\Users\proje\Documents\Codex\2026-08-06\https-github-com-hiiraginemu-magireco-wiki-3\work\js_v26_release_final_20260813\magica\resource\image_web\event\arenaMission\1006\icon_stage_clear.png	858a50bf7b55f52c91d59354e2c4623ded5bac0985a29bbc6641ea926db264ec	742a190ac8ae813de2933cface63c4cbac97f643d00882689f8a0734271db34c	旧国服同路径图片含可转移的官方中文可见文本，当前美服图片仍为英文/日文或未简体化；尚未进入现有159张官方覆盖或58张重制清单。	按旧国服官方文字覆盖同尺寸图片。	official-cn-legacy-client-image	False
SOURCE-IMG-0030	unresolved-actionable	resource/image_web/event/arenaMission/1006/logo.png	same-geometry	186x188	186x188	1	totentanz:css/event/arenaMission/EventArenaMissionTop.css	A:\magicaOLD\resource\image_web\event\arenaMission\1006\logo.png	A:\totentanz-frontend\resource\image_web\event\arenaMission\1006\logo.png	C:\Users\proje\Documents\Codex\2026-08-06\https-github-com-hiiraginemu-magireco-wiki-3\work\js_v26_release_final_20260813\magica\resource\image_web\event\arenaMission\1006\logo.png	9fa3a274c9d4d5a6d611a27817c38199a9c7e96a6cece9b11273feae6102576e	134c5e4f5ee5edef87de66ca8c8b7e77267b74a4eb4f7b3628f0108bb632762c	旧国服同路径图片含可转移的官方中文可见文本，当前美服图片仍为英文/日文或未简体化；尚未进入现有159张官方覆盖或58张重制清单。	按旧国服官方文字覆盖同尺寸图片。	official-cn-legacy-client-image	False
SOURCE-IMG-0031	unresolved-actionable	resource/image_web/event/arenaMission/1006/matching/btn_change.png	same-geometry	184x42	184x42	1	totentanz:css/event/arenaMission/EventArenaMissionStage.css	A:\magicaOLD\resource\image_web\event\arenaMission\1006\matching\btn_change.png	A:\totentanz-frontend\resource\image_web\event\arenaMission\1006\matching\btn_change.png	C:\Users\proje\Documents\Codex\2026-08-06\https-github-com-hiiraginemu-magireco-wiki-3\work\js_v26_release_final_20260813\magica\resource\image_web\event\arenaMission\1006\matching\btn_change.png	3da7f136b9a82f4156e0f858b691382506d1606b58b2622aa4b9bab6ebb99691	93e03813f8c71cb436f94115550133d14987f9067a67c9a53acc4510453b4e9f	旧国服同路径图片含可转移的官方中文可见文本，当前美服图片仍为英文/日文或未简体化；尚未进入现有159张官方覆盖或58张重制清单。	按旧国服官方文字覆盖同尺寸图片。	official-cn-legacy-client-image	False
SOURCE-IMG-0032	unresolved-actionable	resource/image_web/event/arenaMission/1006/matching/btn_mirrors_formation.png	same-geometry	182x52	182x52	1	totentanz:css/event/arenaMission/EventArenaMissionStage.css	A:\magicaOLD\resource\image_web\event\arenaMission\1006\matching\btn_mirrors_formation.png	A:\totentanz-frontend\resource\image_web\event\arenaMission\1006\matching\btn_mirrors_formation.png	C:\Users\proje\Documents\Codex\2026-08-06\https-github-com-hiiraginemu-magireco-wiki-3\work\js_v26_release_final_20260813\magica\resource\image_web\event\arenaMission\1006\matching\btn_mirrors_formation.png	bb52902fe6aa1f21ff275e513c7c6b72b39aee23d5a7802290a1a3c181927b08	aef4104a8877be8b4aec19aac1be3a68df5eb5021bb6d13c9d7749a9df58168b	旧国服同路径图片含可转移的官方中文可见文本，当前美服图片仍为英文/日文或未简体化；尚未进入现有159张官方覆盖或58张重制清单。	按旧国服官方文字覆盖同尺寸图片。	official-cn-legacy-client-image	False
SOURCE-IMG-0033	unresolved-actionable	resource/image_web/event/arenaMission/1006/matching/enemy_icon_equal.png	same-geometry	82x30	82x30	2	totentanz:css/event/arenaMission/EventArenaMissionStage.css | totentanz:css/event/arenaMission/EventArenaMissionStage.css	A:\magicaOLD\resource\image_web\event\arenaMission\1006\matching\enemy_icon_equal.png	A:\totentanz-frontend\resource\image_web\event\arenaMission\1006\matching\enemy_icon_equal.png	C:\Users\proje\Documents\Codex\2026-08-06\https-github-com-hiiraginemu-magireco-wiki-3\work\js_v26_release_final_20260813\magica\resource\image_web\event\arenaMission\1006\matching\enemy_icon_equal.png	1234b8e2dac4fa13e5de015bfecffd98190e40522aee35756105faf067185d10	867d1d52887d424abdf0427d5bf42bbf08a709570d9c2ed5ba1715532b04ab90	旧国服同路径图片含可转移的官方中文可见文本，当前美服图片仍为英文/日文或未简体化；尚未进入现有159张官方覆盖或58张重制清单。	按旧国服官方文字覆盖同尺寸图片。	official-cn-legacy-client-image	False
SOURCE-IMG-0034	unresolved-actionable	resource/image_web/event/arenaMission/1006/matching/enemy_icon_lower.png	same-geometry	82x30	82x30	2	totentanz:css/event/arenaMission/EventArenaMissionStage.css | totentanz:css/event/arenaMission/EventArenaMissionStage.css	A:\magicaOLD\resource\image_web\event\arenaMission\1006\matching\enemy_icon_lower.png	A:\totentanz-frontend\resource\image_web\event\arenaMission\1006\matching\enemy_icon_lower.png	C:\Users\proje\Documents\Codex\2026-08-06\https-github-com-hiiraginemu-magireco-wiki-3\work\js_v26_release_final_20260813\magica\resource\image_web\event\arenaMission\1006\matching\enemy_icon_lower.png	b76cfb7dd8965598422df03f03ad61753272736b1ecf02e4cb3c858dcf3831aa	1b1a4c4f9a987af18867738b71252e8bf2f2b1af77b74346965d9291af9f341e	旧国服同路径图片含可转移的官方中文可见文本，当前美服图片仍为英文/日文或未简体化；尚未进入现有159张官方覆盖或58张重制清单。	按旧国服官方文字覆盖同尺寸图片。	official-cn-legacy-client-image	False
SOURCE-IMG-0035	unresolved-actionable	resource/image_web/event/arenaMission/1006/matching/enemy_icon_upper.png	same-geometry	82x30	82x30	2	totentanz:css/event/arenaMission/EventArenaMissionStage.css | totentanz:css/event/arenaMission/EventArenaMissionStage.css	A:\magicaOLD\resource\image_web\event\arenaMission\1006\matching\enemy_icon_upper.png	A:\totentanz-frontend\resource\image_web\event\arenaMission\1006\matching\enemy_icon_upper.png	C:\Users\proje\Documents\Codex\2026-08-06\https-github-com-hiiraginemu-magireco-wiki-3\work\js_v26_release_final_20260813\magica\resource\image_web\event\arenaMission\1006\matching\enemy_icon_upper.png	a74c0ed46f9daf6618b9df1e6ca0b75e82b9bcec9f87cfe8bbb02fc290e2153b	aaebf0fd0f31072a7b69c562766e4de9d232234cdf807d169961db4b38218def	旧国服同路径图片含可转移的官方中文可见文本，当前美服图片仍为英文/日文或未简体化；尚未进入现有159张官方覆盖或58张重制清单。	按旧国服官方文字覆盖同尺寸图片。	official-cn-legacy-client-image	False
SOURCE-IMG-0036	unresolved-actionable	resource/image_web/event/arenaMission/1006/matching/infinite_enemy_pt.png	same-geometry	284x48	284x48	1	totentanz:css/event/arenaMission/EventArenaMissionStage.css	A:\magicaOLD\resource\image_web\event\arenaMission\1006\matching\infinite_enemy_pt.png	A:\totentanz-frontend\resource\image_web\event\arenaMission\1006\matching\infinite_enemy_pt.png	C:\Users\proje\Documents\Codex\2026-08-06\https-github-com-hiiraginemu-magireco-wiki-3\work\js_v26_release_final_20260813\magica\resource\image_web\event\arenaMission\1006\matching\infinite_enemy_pt.png	179818a394701d9f608ef94acf7c1863e83b7ecbb35ef446209f8040c6b644a5	f44d63ea721560fda8b444769e63c2c08de48b2cc292b9c0ff257fbadb59fe66	旧国服同路径图片含可转移的官方中文可见文本，当前美服图片仍为英文/日文或未简体化；尚未进入现有159张官方覆盖或58张重制清单。	按旧国服官方文字覆盖同尺寸图片。	official-cn-legacy-client-image	False
SOURCE-IMG-0037	unresolved-actionable	resource/image_web/event/arenaMission/1006/matching/infinite_pt_base.png	same-geometry	380x28	380x28	1	totentanz:css/event/arenaMission/EventArenaMissionStage.css	A:\magicaOLD\resource\image_web\event\arenaMission\1006\matching\infinite_pt_base.png	A:\totentanz-frontend\resource\image_web\event\arenaMission\1006\matching\infinite_pt_base.png	C:\Users\proje\Documents\Codex\2026-08-06\https-github-com-hiiraginemu-magireco-wiki-3\work\js_v26_release_final_20260813\magica\resource\image_web\event\arenaMission\1006\matching\infinite_pt_base.png	b8c1da2578c90c6983ba95e6f1149183f5c02ddff1b9e77c8296ebbe98cdaf5c	dad8810affbc6dbd2ef6d0cfe3bf6442b88770955d0808205e431150f2e36975	旧国服同路径图片含可转移的官方中文可见文本，当前美服图片仍为英文/日文或未简体化；尚未进入现有159张官方覆盖或58张重制清单。	按旧国服官方文字覆盖同尺寸图片。	official-cn-legacy-client-image	False
SOURCE-IMG-0038	unresolved-actionable	resource/image_web/event/arenaMission/1006/matching/team_pt_base.png	same-geometry	380x28	380x28	1	totentanz:css/event/arenaMission/EventArenaMissionStage.css	A:\magicaOLD\resource\image_web\event\arenaMission\1006\matching\team_pt_base.png	A:\totentanz-frontend\resource\image_web\event\arenaMission\1006\matching\team_pt_base.png	C:\Users\proje\Documents\Codex\2026-08-06\https-github-com-hiiraginemu-magireco-wiki-3\work\js_v26_release_final_20260813\magica\resource\image_web\event\arenaMission\1006\matching\team_pt_base.png	a473a5ad09f0fb8c50afc7c3501cf68cc80ec2382d33931fd1eb1057058bf63a	e4aa81b7ef1603deb600bce02613b3955f7ec219128db6944ed611c029e8944b	旧国服同路径图片含可转移的官方中文可见文本，当前美服图片仍为英文/日文或未简体化；尚未进入现有159张官方覆盖或58张重制清单。	按旧国服官方文字覆盖同尺寸图片。	official-cn-legacy-client-image	False
SOURCE-IMG-0039	unresolved-actionable	resource/image_web/event/arenaranking/common/bg_battle_count.png	same-geometry	176x98	176x98	1	totentanz:css/arena/ArenaCommon.css	A:\magicaOLD\resource\image_web\event\arenaranking\common\bg_battle_count.png	A:\totentanz-frontend\resource\image_web\event\arenaranking\common\bg_battle_count.png	C:\Users\proje\Documents\Codex\2026-08-06\https-github-com-hiiraginemu-magireco-wiki-3\work\js_v26_release_final_20260813\magica\resource\image_web\event\arenaranking\common\bg_battle_count.png	24f1e7e17d20594940e65e68876da13326164faf7f3fa31a7514c8a5562cbedd	f1d1e2d8eb8b482d3fa018bb68320e94b8598a2ca604dc395dda740c569da787	旧国服同路径图片含可转移的官方中文可见文本，当前美服图片仍为英文/日文或未简体化；尚未进入现有159张官方覆盖或58张重制清单。	按旧国服官方文字覆盖同尺寸图片。	official-cn-legacy-client-image	False
SOURCE-IMG-0040	unresolved-actionable	resource/image_web/event/arenaranking/common/btn_event_history.png	same-geometry	146x50	146x50	1	totentanz:css/arena/ArenaCommon.css	A:\magicaOLD\resource\image_web\event\arenaranking\common\btn_event_history.png	A:\totentanz-frontend\resource\image_web\event\arenaranking\common\btn_event_history.png	C:\Users\proje\Documents\Codex\2026-08-06\https-github-com-hiiraginemu-magireco-wiki-3\work\js_v26_release_final_20260813\magica\resource\image_web\event\arenaranking\common\btn_event_history.png	55779ce310b471ff0f5047c148ab0cba51d2a579e2155b795ca2c10250695501	50628f4190422819b999563b86f1e776d1e6fbca8db7dba9b129aced1e4d0731	旧国服同路径图片含可转移的官方中文可见文本，当前美服图片仍为英文/日文或未简体化；尚未进入现有159张官方覆盖或58张重制清单。	按旧国服官方文字覆盖同尺寸图片。	official-cn-legacy-client-image	False
SOURCE-IMG-0041	unresolved-actionable	resource/image_web/event/arenaranking/common/btn_ranking.png	same-geometry	344x344	344x344	1	totentanz:css/arena/ArenaCommon.css	A:\magicaOLD\resource\image_web\event\arenaranking\common\btn_ranking.png	A:\totentanz-frontend\resource\image_web\event\arenaranking\common\btn_ranking.png	C:\Users\proje\Documents\Codex\2026-08-06\https-github-com-hiiraginemu-magireco-wiki-3\work\js_v26_release_final_20260813\magica\resource\image_web\event\arenaranking\common\btn_ranking.png	0b2e2243a52c9801ddaa2988d219d8fbc2862cc085b16c88e54ea479aa5347a9	2e00719d860db39d3f03ea46ec222c422cf710ab20995d13723c645f134da376	旧国服同路径图片含可转移的官方中文可见文本，当前美服图片仍为英文/日文或未简体化；尚未进入现有159张官方覆盖或58张重制清单。	按旧国服官方文字覆盖同尺寸图片。	official-cn-legacy-client-image	False
SOURCE-IMG-0042	unresolved-actionable	resource/image_web/event/arenaranking/common/btn_ranking_gray.png	same-geometry	344x344	344x344	1	totentanz:css/arena/ArenaCommon.css	A:\magicaOLD\resource\image_web\event\arenaranking\common\btn_ranking_gray.png	A:\totentanz-frontend\resource\image_web\event\arenaranking\common\btn_ranking_gray.png	C:\Users\proje\Documents\Codex\2026-08-06\https-github-com-hiiraginemu-magireco-wiki-3\work\js_v26_release_final_20260813\magica\resource\image_web\event\arenaranking\common\btn_ranking_gray.png	fcc18c8bf2f495be2937f840ac40291bb048d8d74296e02a4a11bb416d522eb7	4549ae80a71c9d4222b97f44ac97a7a5258f323b113d6a39d254e124630196a4	旧国服同路径图片含可转移的官方中文可见文本，当前美服图片仍为英文/日文或未简体化；尚未进入现有159张官方覆盖或58张重制清单。	按旧国服官方文字覆盖同尺寸图片。	official-cn-legacy-client-image	False
SOURCE-IMG-0043	unresolved-actionable	resource/image_web/event/arenaranking/common/confirm/enemy_bonus_team_bg.png	same-geometry	496x42	496x42	1	totentanz:css/arena/ArenaCommon.css	A:\magicaOLD\resource\image_web\event\arenaranking\common\confirm\enemy_bonus_team_bg.png	A:\totentanz-frontend\resource\image_web\event\arenaranking\common\confirm\enemy_bonus_team_bg.png	C:\Users\proje\Documents\Codex\2026-08-06\https-github-com-hiiraginemu-magireco-wiki-3\work\js_v26_release_final_20260813\magica\resource\image_web\event\arenaranking\common\confirm\enemy_bonus_team_bg.png	2099aed219e994dd9838a40827fb1ee88fbc62881c9572504eaf2809ff2b6a4c	8c6086f778dbc9502e2aba07c6b681a290851cc98229d924845b957495d1ca04	旧国服同路径图片含可转移的官方中文可见文本，当前美服图片仍为英文/日文或未简体化；尚未进入现有159张官方覆盖或58张重制清单。	按旧国服官方文字覆盖同尺寸图片。	official-cn-legacy-client-image	False
SOURCE-IMG-0044	unresolved-actionable	resource/image_web/event/arenaranking/common/match/bg_break.png	same-geometry	230x60	230x60	1	totentanz:css/arena/ArenaCommon.css	A:\magicaOLD\resource\image_web\event\arenaranking\common\match\bg_break.png	A:\totentanz-frontend\resource\image_web\event\arenaranking\common\match\bg_break.png	C:\Users\proje\Documents\Codex\2026-08-06\https-github-com-hiiraginemu-magireco-wiki-3\work\js_v26_release_final_20260813\magica\resource\image_web\event\arenaranking\common\match\bg_break.png	0718ce00fe1694a81ea51bb06e6dbee59ce79409bbbf74f483014d17125a2336	a1f82db64759664ea79e8f057207efe3f27ef948c09c29f8b4405795acb4b347	旧国服同路径图片含可转移的官方中文可见文本，当前美服图片仍为英文/日文或未简体化；尚未进入现有159张官方覆盖或58张重制清单。	按旧国服官方文字覆盖同尺寸图片。	official-cn-legacy-client-image	False
SOURCE-IMG-0045	unresolved-actionable	resource/image_web/event/arenaranking/common/match/btn_change_free.png	same-geometry	202x42	202x42	1	totentanz:css/arena/ArenaCommon.css	A:\magicaOLD\resource\image_web\event\arenaranking\common\match\btn_change_free.png	A:\totentanz-frontend\resource\image_web\event\arenaranking\common\match\btn_change_free.png	C:\Users\proje\Documents\Codex\2026-08-06\https-github-com-hiiraginemu-magireco-wiki-3\work\js_v26_release_final_20260813\magica\resource\image_web\event\arenaranking\common\match\btn_change_free.png	2523c6e8df9325dede71de90dd334625a2058b7cc142ae73086bdc2c381ae232	3c531f11418e693e98c8a529f589891f6d799dff617d0ca37a8ca607e98b8e69	旧国服同路径图片含可转移的官方中文可见文本，当前美服图片仍为英文/日文或未简体化；尚未进入现有159张官方覆盖或58张重制清单。	按旧国服官方文字覆盖同尺寸图片。	official-cn-legacy-client-image	False
SOURCE-IMG-0046	unresolved-actionable	resource/image_web/event/arenaranking/common/match/enemy_select_header.png	same-geometry	598x28	598x28	1	totentanz:css/arena/ArenaCommon.css	A:\magicaOLD\resource\image_web\event\arenaranking\common\match\enemy_select_header.png	A:\totentanz-frontend\resource\image_web\event\arenaranking\common\match\enemy_select_header.png	C:\Users\proje\Documents\Codex\2026-08-06\https-github-com-hiiraginemu-magireco-wiki-3\work\js_v26_release_final_20260813\magica\resource\image_web\event\arenaranking\common\match\enemy_select_header.png	8aa8b6a3f02f43daaeb194a6ccc25b29871e62d0e625a318c335c946e472979d	221ab7aa5d53c768feff44afad5176fd992fbc660f266bc527e17757a977549d	旧国服同路径图片含可转移的官方中文可见文本，当前美服图片仍为英文/日文或未简体化；尚未进入现有159张官方覆盖或58张重制清单。	按旧国服官方文字覆盖同尺寸图片。	official-cn-legacy-client-image	False
SOURCE-IMG-0047	unresolved-actionable	resource/image_web/event/arenaranking/common/match/icon_bonus_point.png	same-geometry	75x24	75x24	1	totentanz:css/arena/ArenaCommon.css	A:\magicaOLD\resource\image_web\event\arenaranking\common\match\icon_bonus_point.png	A:\totentanz-frontend\resource\image_web\event\arenaranking\common\match\icon_bonus_point.png	C:\Users\proje\Documents\Codex\2026-08-06\https-github-com-hiiraginemu-magireco-wiki-3\work\js_v26_release_final_20260813\magica\resource\image_web\event\arenaranking\common\match\icon_bonus_point.png	bd9f5f1cf18c7f2d75b8e14956ba625fef6fd4f951d5fa96eb1b9a66716df520	738cf87d46d76aa2d5fd53ff650104644a4f17240f79ffebcb5ecc749a4c6c81	旧国服同路径图片含可转移的官方中文可见文本，当前美服图片仍为英文/日文或未简体化；尚未进入现有159张官方覆盖或58张重制清单。	按旧国服官方文字覆盖同尺寸图片。	official-cn-legacy-client-image	False
SOURCE-IMG-0048	unresolved-actionable	resource/image_web/event/arenaranking/common/status_counting.png	same-geometry	162x36	162x36	1	totentanz:css/arena/ArenaCommon.css	A:\magicaOLD\resource\image_web\event\arenaranking\common\status_counting.png	A:\totentanz-frontend\resource\image_web\event\arenaranking\common\status_counting.png	C:\Users\proje\Documents\Codex\2026-08-06\https-github-com-hiiraginemu-magireco-wiki-3\work\js_v26_release_final_20260813\magica\resource\image_web\event\arenaranking\common\status_counting.png	fa0c2b52bb200fce28449e90c4c031a7e50617e40f6210b9dea6a73359ee3daf	06697f6ec3f5fedf0c0af6f46bd29b840c477300a40e1f60c0e7fb4f76438ede	旧国服同路径图片含可转移的官方中文可见文本，当前美服图片仍为英文/日文或未简体化；尚未进入现有159张官方覆盖或58张重制清单。	按旧国服官方文字覆盖同尺寸图片。	official-cn-legacy-client-image	False
SOURCE-IMG-0049	unresolved-actionable	resource/image_web/event/arenaranking/common/status_ongoing.png	same-geometry	162x36	162x36	1	totentanz:css/arena/ArenaCommon.css	A:\magicaOLD\resource\image_web\event\arenaranking\common\status_ongoing.png	A:\totentanz-frontend\resource\image_web\event\arenaranking\common\status_ongoing.png	C:\Users\proje\Documents\Codex\2026-08-06\https-github-com-hiiraginemu-magireco-wiki-3\work\js_v26_release_final_20260813\magica\resource\image_web\event\arenaranking\common\status_ongoing.png	65607192ab3a3481a26296025729dc46527c45642df33b7ef246090239af4ec6	7099b1788d0939b41f36edf76752af7aa2d1f170aa4232101ec0288e16f274bd	旧国服同路径图片含可转移的官方中文可见文本，当前美服图片仍为英文/日文或未简体化；尚未进入现有159张官方覆盖或58张重制清单。	按旧国服官方文字覆盖同尺寸图片。	official-cn-legacy-client-image	False
SOURCE-IMG-0050	unresolved-actionable	resource/image_web/event/branch/common/story_clear_b.png	same-geometry	344x52	344x52	1	totentanz:css/event/branch/EventBranch.css	A:\magicaOLD\resource\image_web\event\branch\common\story_clear_b.png	A:\totentanz-frontend\resource\image_web\event\branch\common\story_clear_b.png	C:\Users\proje\Documents\Codex\2026-08-06\https-github-com-hiiraginemu-magireco-wiki-3\work\js_v26_release_final_20260813\magica\resource\image_web\event\branch\common\story_clear_b.png	badb00a118001476628f6cf6566c6f06b9dabb2fc5d6e55ee8d1ae637ab9e3fb	0aa8ce3e8dcac1e11dfcbb6e01787be868354f21af10f98707644805b3281e2b	旧国服同路径图片含可转移的官方中文可见文本，当前美服图片仍为英文/日文或未简体化；尚未进入现有159张官方覆盖或58张重制清单。	按旧国服官方文字覆盖同尺寸图片。	official-cn-legacy-client-image	False
SOURCE-IMG-0051	unresolved-actionable	resource/image_web/event/dungeon/common/btn_close.png	same-geometry	138x44	138x44	1	totentanz:css/event/dungeon/EventDungeonMap.css	A:\magicaOLD\resource\image_web\event\dungeon\common\btn_close.png	A:\totentanz-frontend\resource\image_web\event\dungeon\common\btn_close.png	C:\Users\proje\Documents\Codex\2026-08-06\https-github-com-hiiraginemu-magireco-wiki-3\work\js_v26_release_final_20260813\magica\resource\image_web\event\dungeon\common\btn_close.png	944f3865a76656b32294c025e4b8e135dc090f832062fd39c5fac04dc0b3dd29	4c4b25021c97efe0c67b2f2c375ec49b1ee7d7898dba659d926b086dc251f23e	旧国服同路径图片含可转移的官方中文可见文本，当前美服图片仍为英文/日文或未简体化；尚未进入现有159张官方覆盖或58张重制清单。	按旧国服官方文字覆盖同尺寸图片。	official-cn-legacy-client-image	False
SOURCE-IMG-0052	unresolved-actionable	resource/image_web/event/dungeon/common/btn_cure.png	same-geometry	130x48	130x48	1	totentanz:css/event/dungeon/EventDungeonMap.css	A:\magicaOLD\resource\image_web\event\dungeon\common\btn_cure.png	A:\totentanz-frontend\resource\image_web\event\dungeon\common\btn_cure.png	C:\Users\proje\Documents\Codex\2026-08-06\https-github-com-hiiraginemu-magireco-wiki-3\work\js_v26_release_final_20260813\magica\resource\image_web\event\dungeon\common\btn_cure.png	9cb25408e715cd964707991fe2eb764892e17e84addde8e8394331eccae0e755	92631734f65b20a57b38cdef06ec37087e7477c58986fd2303fbd4d67e83bf88	旧国服同路径图片含可转移的官方中文可见文本，当前美服图片仍为英文/日文或未简体化；尚未进入现有159张官方覆盖或58张重制清单。	按旧国服官方文字覆盖同尺寸图片。	official-cn-legacy-client-image	False
SOURCE-IMG-0053	unresolved-actionable	resource/image_web/event/dungeon/common/btn_cure_gray.png	same-geometry	130x48	130x48	1	totentanz:css/event/dungeon/EventDungeonMap.css	A:\magicaOLD\resource\image_web\event\dungeon\common\btn_cure_gray.png	A:\totentanz-frontend\resource\image_web\event\dungeon\common\btn_cure_gray.png	C:\Users\proje\Documents\Codex\2026-08-06\https-github-com-hiiraginemu-magireco-wiki-3\work\js_v26_release_final_20260813\magica\resource\image_web\event\dungeon\common\btn_cure_gray.png	a597dd343c2f3afe80ab3c14a94dbcbc43d6978ead0321c581df81dff7e12c48	d7331821c9ed7cb24b7c7807a488ed387aab01d7f9973d6324e6b2d08ab4f5bf	旧国服同路径图片含可转移的官方中文可见文本，当前美服图片仍为英文/日文或未简体化；尚未进入现有159张官方覆盖或58张重制清单。	按旧国服官方文字覆盖同尺寸图片。	official-cn-legacy-client-image	False
SOURCE-IMG-0054	unresolved-actionable	resource/image_web/event/dungeon/common/icon_chara_list_die.png	same-geometry	80x24	80x24	1	totentanz:css/event/dungeon/EventDungeonMap.css	A:\magicaOLD\resource\image_web\event\dungeon\common\icon_chara_list_die.png	A:\totentanz-frontend\resource\image_web\event\dungeon\common\icon_chara_list_die.png	C:\Users\proje\Documents\Codex\2026-08-06\https-github-com-hiiraginemu-magireco-wiki-3\work\js_v26_release_final_20260813\magica\resource\image_web\event\dungeon\common\icon_chara_list_die.png	903516100a9f901cb731a551ef306ef9a6f22c05a171cc0e329ff788a69e6ba7	fd3a6495d571d8fbb8c1b3ae9385226a7c863695ec79d34e76b75c198cfe85c6	旧国服同路径图片含可转移的官方中文可见文本，当前美服图片仍为英文/日文或未简体化；尚未进入现有159张官方覆盖或58张重制清单。	按旧国服官方文字覆盖同尺寸图片。	official-cn-legacy-client-image	False
SOURCE-IMG-0055	unresolved-actionable	resource/image_web/event/dungeon/common/top/get.png	same-geometry	96x26	96x26	1	totentanz:css/event/dungeon/EventDungeonTop.css	A:\magicaOLD\resource\image_web\event\dungeon\common\top\get.png	A:\totentanz-frontend\resource\image_web\event\dungeon\common\top\get.png	C:\Users\proje\Documents\Codex\2026-08-06\https-github-com-hiiraginemu-magireco-wiki-3\work\js_v26_release_final_20260813\magica\resource\image_web\event\dungeon\common\top\get.png	b8cb600388d49fd4858aa13922df6586446d67ce5a0f78d0f5b74d71b8c1af31	cb2a9fff827e79e051c7eb9c561301f421b1c3d0761009012be181ca40b703db	旧国服同路径图片含可转移的官方中文可见文本，当前美服图片仍为英文/日文或未简体化；尚未进入现有159张官方覆盖或58张重制清单。	按旧国服官方文字覆盖同尺寸图片。	official-cn-legacy-client-image	False
SOURCE-IMG-0056	unresolved-actionable	resource/image_web/event/dungeon/common/top/header_mission.png	same-geometry	290x27	290x27	1	totentanz:css/event/dungeon/EventDungeonTop.css	A:\magicaOLD\resource\image_web\event\dungeon\common\top\header_mission.png	A:\totentanz-frontend\resource\image_web\event\dungeon\common\top\header_mission.png	C:\Users\proje\Documents\Codex\2026-08-06\https-github-com-hiiraginemu-magireco-wiki-3\work\js_v26_release_final_20260813\magica\resource\image_web\event\dungeon\common\top\header_mission.png	e29f8becd26b71f1633d758f9af99a06315bc83c2b77ca6073a764ac98f59dfa	bf613881a7c6ceafaa55ebae2e8184073f1b71d98729bb075ca47d3ac3a831f6	旧国服同路径图片含可转移的官方中文可见文本，当前美服图片仍为英文/日文或未简体化；尚未进入现有159张官方覆盖或58张重制清单。	按旧国服官方文字覆盖同尺寸图片。	official-cn-legacy-client-image	False
SOURCE-IMG-0057	unresolved-actionable	resource/image_web/event/dungeon/common/top/header_tips.png	same-geometry	290x27	290x27	1	totentanz:css/event/dungeon/EventDungeonTop.css	A:\magicaOLD\resource\image_web\event\dungeon\common\top\header_tips.png	A:\totentanz-frontend\resource\image_web\event\dungeon\common\top\header_tips.png	C:\Users\proje\Documents\Codex\2026-08-06\https-github-com-hiiraginemu-magireco-wiki-3\work\js_v26_release_final_20260813\magica\resource\image_web\event\dungeon\common\top\header_tips.png	81afb83ddc96c8b276cef0c2c0c1329b3eb570dc2a66f6e7973bf2ab5a683cce	1f7bc258a5750f11d2f5bc0535244d3768154db688f96c3ac90c5bbeb28e4a9c	旧国服同路径图片含可转移的官方中文可见文本，当前美服图片仍为英文/日文或未简体化；尚未进入现有159张官方覆盖或58张重制清单。	按旧国服官方文字覆盖同尺寸图片。	official-cn-legacy-client-image	False
SOURCE-IMG-0058	unresolved-actionable	resource/image_web/event/singleraid/common/animation/raid_mission_tx01.png	same-geometry	436x97	436x97	1	totentanz:css/test/RaidAnimationTest.css	A:\magicaOLD\resource\image_web\event\singleraid\common\animation\raid_mission_tx01.png	A:\totentanz-frontend\resource\image_web\event\singleraid\common\animation\raid_mission_tx01.png	C:\Users\proje\Documents\Codex\2026-08-06\https-github-com-hiiraginemu-magireco-wiki-3\work\js_v26_release_final_20260813\magica\resource\image_web\event\singleraid\common\animation\raid_mission_tx01.png	5b617a173ef334a40b76cc80369956ba9d3a90882f81111e5917c4ce8f1973e4	e2f7444672f9957f3e1ae68c27ed25c45212665bf8e2c897a516de79b981ab5e	旧国服同路径图片含可转移的官方中文可见文本，当前美服图片仍为英文/日文或未简体化；尚未进入现有159张官方覆盖或58张重制清单。	按旧国服官方文字覆盖同尺寸图片。	official-cn-legacy-client-image	False
SOURCE-IMG-0059	unresolved-actionable	resource/image_web/event/storyraid/common/boss/bg_comment.png	same-geometry	190x29	190x29	1	totentanz:css/event/storyraid/EventStoryRaidTop.css	A:\magicaOLD\resource\image_web\event\storyraid\common\boss\bg_comment.png	A:\totentanz-frontend\resource\image_web\event\storyraid\common\boss\bg_comment.png	C:\Users\proje\Documents\Codex\2026-08-06\https-github-com-hiiraginemu-magireco-wiki-3\work\js_v26_release_final_20260813\magica\resource\image_web\event\storyraid\common\boss\bg_comment.png	8ab2ec415f9f775e12eddd9c3553a842b6a8a2508c996196f5dd4e60566d0d14	4b8626c29a45eb5e97c972447013fcf98fef99f69264e7d7305ca233fa4b2c6f	旧国服同路径图片含可转移的官方中文可见文本，当前美服图片仍为英文/日文或未简体化；尚未进入现有159张官方覆盖或58张重制清单。	按旧国服官方文字覆盖同尺寸图片。	official-cn-legacy-client-image	False
SOURCE-IMG-0060	unresolved-actionable	resource/image_web/event/storyraid/common/boss/bg_quest_ap.png	same-geometry	190x29	190x29	1	totentanz:css/event/storyraid/EventStoryRaidTop.css	A:\magicaOLD\resource\image_web\event\storyraid\common\boss\bg_quest_ap.png	A:\totentanz-frontend\resource\image_web\event\storyraid\common\boss\bg_quest_ap.png	C:\Users\proje\Documents\Codex\2026-08-06\https-github-com-hiiraginemu-magireco-wiki-3\work\js_v26_release_final_20260813\magica\resource\image_web\event\storyraid\common\boss\bg_quest_ap.png	5dc39edfc44b6abba67d9d00b6b28272a3cf4cd56b1ad15b15d9a534c90a979c	fa3544e3abb36c720fce3863d0df7d010bc2881367fbf8005b100f0578f1fcb9	旧国服同路径图片含可转移的官方中文可见文本，当前美服图片仍为英文/日文或未简体化；尚未进入现有159张官方覆盖或58张重制清单。	按旧国服官方文字覆盖同尺寸图片。	official-cn-legacy-client-image	False
SOURCE-IMG-0061	unresolved-actionable	resource/image_web/event/storyraid/common/boss/icon_atkup.png	same-geometry	111x25	111x25	1	totentanz:css/event/storyraid/EventStoryRaidTop.css	A:\magicaOLD\resource\image_web\event\storyraid\common\boss\icon_atkup.png	A:\totentanz-frontend\resource\image_web\event\storyraid\common\boss\icon_atkup.png	C:\Users\proje\Documents\Codex\2026-08-06\https-github-com-hiiraginemu-magireco-wiki-3\work\js_v26_release_final_20260813\magica\resource\image_web\event\storyraid\common\boss\icon_atkup.png	0e939d4f1fe0eb9c4cae14cb9a76728c8e8c7b52f9408c19dba937e954c50baf	8ae7bf8ea74871b04f6a15591699ef5b663e67d6873c6875315fdef9e7ba86ec	旧国服同路径图片含可转移的官方中文可见文本，当前美服图片仍为英文/日文或未简体化；尚未进入现有159张官方覆盖或58张重制清单。	按旧国服官方文字覆盖同尺寸图片。	official-cn-legacy-client-image	False
SOURCE-IMG-0062	unresolved-actionable	resource/image_web/event/storyraid/common/boss/icon_atkup_l.png	same-geometry	260x93	260x93	1	totentanz:css/event/storyraid/EventStoryRaidTop.css	A:\magicaOLD\resource\image_web\event\storyraid\common\boss\icon_atkup_l.png	A:\totentanz-frontend\resource\image_web\event\storyraid\common\boss\icon_atkup_l.png	C:\Users\proje\Documents\Codex\2026-08-06\https-github-com-hiiraginemu-magireco-wiki-3\work\js_v26_release_final_20260813\magica\resource\image_web\event\storyraid\common\boss\icon_atkup_l.png	f533249d802068079191a83e626c27cad34b8c50c7657a3d3c2233ed2c61c19b	fcc9f80cf28667ce99137abb760418bd5931970b6266bdad96072b8321b4e6ac	旧国服同路径图片含可转移的官方中文可见文本，当前美服图片仍为英文/日文或未简体化；尚未进入现有159张官方覆盖或58张重制清单。	按旧国服官方文字覆盖同尺寸图片。	official-cn-legacy-client-image	False
SOURCE-IMG-0063	unresolved-actionable	resource/image_web/event/storyraid/common/btn_ed.png	same-geometry	117x40	117x40	1	totentanz:css/event/storyraid/EventStoryRaidTop.css	A:\magicaOLD\resource\image_web\event\storyraid\common\btn_ed.png	A:\totentanz-frontend\resource\image_web\event\storyraid\common\btn_ed.png	C:\Users\proje\Documents\Codex\2026-08-06\https-github-com-hiiraginemu-magireco-wiki-3\work\js_v26_release_final_20260813\magica\resource\image_web\event\storyraid\common\btn_ed.png	b2c0a33d8c78d3a779908f87eb48be3b1960f91d018941ab6ec58e0896fd7cfd	c9695a84daa3c9e80074ea55bd5ca99a5aa4100a8ec800a026d65d9fe2f7e9ef	旧国服同路径图片含可转移的官方中文可见文本，当前美服图片仍为英文/日文或未简体化；尚未进入现有159张官方覆盖或58张重制清单。	按旧国服官方文字覆盖同尺寸图片。	official-cn-legacy-client-image	False
SOURCE-IMG-0064	unresolved-actionable	resource/image_web/event/storyraid/common/btn_log.png	same-geometry	117x40	117x40	1	totentanz:css/event/storyraid/EventStoryRaidTop.css	A:\magicaOLD\resource\image_web\event\storyraid\common\btn_log.png	A:\totentanz-frontend\resource\image_web\event\storyraid\common\btn_log.png	C:\Users\proje\Documents\Codex\2026-08-06\https-github-com-hiiraginemu-magireco-wiki-3\work\js_v26_release_final_20260813\magica\resource\image_web\event\storyraid\common\btn_log.png	fc8e841a1e230faf5fafd4605fcd57178ae619682f42f6ada1904c747824e102	16e056e4a0d370532fa495e894a7bd9985f2e92eef638c86e222a583275f983b	旧国服同路径图片含可转移的官方中文可见文本，当前美服图片仍为英文/日文或未简体化；尚未进入现有159张官方覆盖或58张重制清单。	按旧国服官方文字覆盖同尺寸图片。	official-cn-legacy-client-image	False
SOURCE-IMG-0065	unresolved-actionable	resource/image_web/event/storyraid/common/btn_shop.png	same-geometry	116x40	116x40	1	totentanz:css/event/storyraid/EventStoryRaidTop.css	A:\magicaOLD\resource\image_web\event\storyraid\common\btn_shop.png	A:\totentanz-frontend\resource\image_web\event\storyraid\common\btn_shop.png	C:\Users\proje\Documents\Codex\2026-08-06\https-github-com-hiiraginemu-magireco-wiki-3\work\js_v26_release_final_20260813\magica\resource\image_web\event\storyraid\common\btn_shop.png	a37aba305d1564515379683bf4b6a1e1e5d30381b727c6f3c6a9ef3f01d1b2a4	c263c85e91f4b76768dbc8fca00ff3df6dd5c9354fc64cbe93035c6f88c41be7	旧国服同路径图片含可转移的官方中文可见文本，当前美服图片仍为英文/日文或未简体化；尚未进入现有159张官方覆盖或58张重制清单。	按旧国服官方文字覆盖同尺寸图片。	official-cn-legacy-client-image	False
SOURCE-IMG-0066	unresolved-actionable	resource/image_web/event/storyraid/common/popup/icon_clear.png	same-geometry	94x94	94x94	1	totentanz:css/event/storyraid/EventStoryRaidTop.css	A:\magicaOLD\resource\image_web\event\storyraid\common\popup\icon_clear.png	A:\totentanz-frontend\resource\image_web\event\storyraid\common\popup\icon_clear.png	C:\Users\proje\Documents\Codex\2026-08-06\https-github-com-hiiraginemu-magireco-wiki-3\work\js_v26_release_final_20260813\magica\resource\image_web\event\storyraid\common\popup\icon_clear.png	a0c9688966aff8b7a4106c45c80a7b38ce1bf6600f6a6a4191089bab855b97de	7f84fccf4d719c01ebb4086460bf96677264bbed6203f52c6636cb2c18016a6c	旧国服同路径图片含可转移的官方中文可见文本，当前美服图片仍为英文/日文或未简体化；尚未进入现有159张官方覆盖或58张重制清单。	按旧国服官方文字覆盖同尺寸图片。	official-cn-legacy-client-image	False
SOURCE-IMG-0067	unresolved-actionable	resource/image_web/event/storyraid/common/popup/icon_repel.png	same-geometry	94x94	94x94	1	totentanz:css/event/storyraid/EventStoryRaidTop.css	A:\magicaOLD\resource\image_web\event\storyraid\common\popup\icon_repel.png	A:\totentanz-frontend\resource\image_web\event\storyraid\common\popup\icon_repel.png	C:\Users\proje\Documents\Codex\2026-08-06\https-github-com-hiiraginemu-magireco-wiki-3\work\js_v26_release_final_20260813\magica\resource\image_web\event\storyraid\common\popup\icon_repel.png	60dfb3ee379a4c601729d7a416b9348c5d4bf21e330931d770485baac4181e2d	3f2cf5eef709df5d29c9d463ca305f5907471e1565089f01196f2a318c060f63	旧国服同路径图片含可转移的官方中文可见文本，当前美服图片仍为英文/日文或未简体化；尚未进入现有159张官方覆盖或58张重制清单。	按旧国服官方文字覆盖同尺寸图片。	official-cn-legacy-client-image	False
SOURCE-IMG-0068	unresolved-actionable	resource/image_web/event/training/common/btn_chara_change.png	same-geometry	166x60	166x60	1	totentanz:css/event/training/EventTrainingTop.css	A:\magicaOLD\resource\image_web\event\training\common\btn_chara_change.png	A:\totentanz-frontend\resource\image_web\event\training\common\btn_chara_change.png	C:\Users\proje\Documents\Codex\2026-08-06\https-github-com-hiiraginemu-magireco-wiki-3\work\js_v26_release_final_20260813\magica\resource\image_web\event\training\common\btn_chara_change.png	2253e7355749380986e38dff96bfebecb3c13d53fe9ca441fe8ea44626ed37ff	733776a28744bd05e2ce8c99f037ed87f17d8bf64264cbc3b956b075feb462d4	旧国服同路径图片含可转移的官方中文可见文本，当前美服图片仍为英文/日文或未简体化；尚未进入现有159张官方覆盖或58张重制清单。	按旧国服官方文字覆盖同尺寸图片。	official-cn-legacy-client-image	False
SOURCE-IMG-0069	unresolved-actionable	resource/image_web/event/training/common/btn_limited_mission.png	same-geometry	90x94	90x94	1	totentanz:css/event/training/EventTrainingTop.css	A:\magicaOLD\resource\image_web\event\training\common\btn_limited_mission.png	A:\totentanz-frontend\resource\image_web\event\training\common\btn_limited_mission.png	C:\Users\proje\Documents\Codex\2026-08-06\https-github-com-hiiraginemu-magireco-wiki-3\work\js_v26_release_final_20260813\magica\resource\image_web\event\training\common\btn_limited_mission.png	27576fede6bfdd4b6e67f728e4bb71fa88611555d9bc3f0a91b2d7cb0a227bdf	fcd150a622b784b574159bd4e2ba1274e5dcc623b2a7cb2508ba722de7e62cac	旧国服同路径图片含可转移的官方中文可见文本，当前美服图片仍为英文/日文或未简体化；尚未进入现有159张官方覆盖或58张重制清单。	按旧国服官方文字覆盖同尺寸图片。	official-cn-legacy-client-image	False
SOURCE-IMG-0070	unresolved-actionable	resource/image_web/page/arena/btn_infinite_a.png	same-geometry	344x344	344x344	1	totentanz:css/arena/ArenaCommon.css	A:\magicaOLD\resource\image_web\page\arena\btn_infinite_a.png	A:\totentanz-frontend\resource\image_web\page\arena\btn_infinite_a.png	C:\Users\proje\Documents\Codex\2026-08-06\https-github-com-hiiraginemu-magireco-wiki-3\work\js_v26_release_final_20260813\magica\resource\image_web\page\arena\btn_infinite_a.png	e9baacb0b4e3e16461323ca3329fa6a1563fe75ee2b5fc20a5d5b4b49849e4cd	80755be6374001a8f2ad66895e41a68413c923a634dd1bd300b1b91f1f1f4e26	旧国服同路径图片含可转移的官方中文可见文本，当前美服图片仍为英文/日文或未简体化；尚未进入现有159张官方覆盖或58张重制清单。	按旧国服官方文字覆盖同尺寸图片。	official-cn-legacy-client-image	False
SOURCE-IMG-0071	unresolved-actionable	resource/image_web/page/arena/confirm/enemy_bonus_pt_bg.png	same-geometry	496x42	496x42	1	totentanz:css/arena/ArenaCommon.css	A:\magicaOLD\resource\image_web\page\arena\confirm\enemy_bonus_pt_bg.png	A:\totentanz-frontend\resource\image_web\page\arena\confirm\enemy_bonus_pt_bg.png	C:\Users\proje\Documents\Codex\2026-08-06\https-github-com-hiiraginemu-magireco-wiki-3\work\js_v26_release_final_20260813\magica\resource\image_web\page\arena\confirm\enemy_bonus_pt_bg.png	d265dc9136cbfc4b6c107ff222af452162e8895c7e7b0b94d5c05f093b24d4ef	519a853628d6b8d00e2951c998909ccb8b707aa175bddddf7c3ebf73464006de	旧国服同路径图片含可转移的官方中文可见文本，当前美服图片仍为英文/日文或未简体化；尚未进入现有159张官方覆盖或58张重制清单。	按旧国服官方文字覆盖同尺寸图片。	official-cn-legacy-client-image	False
SOURCE-IMG-0072	unresolved-actionable	resource/image_web/page/arena/confirm/enemy_formation_bg.png	same-geometry	496x42	496x42	1	totentanz:css/arena/ArenaCommon.css	A:\magicaOLD\resource\image_web\page\arena\confirm\enemy_formation_bg.png	A:\totentanz-frontend\resource\image_web\page\arena\confirm\enemy_formation_bg.png	C:\Users\proje\Documents\Codex\2026-08-06\https-github-com-hiiraginemu-magireco-wiki-3\work\js_v26_release_final_20260813\magica\resource\image_web\page\arena\confirm\enemy_formation_bg.png	3f8149f71ba22a3f5e87ea45dde2dc2c9ee17938cd52caeeb9f37e63124cfe98	fbf44c3ca1d95d18820422a019a7f7ce0548b509a918b47e5df1d9f2d4e898ee	旧国服同路径图片含可转移的官方中文可见文本，当前美服图片仍为英文/日文或未简体化；尚未进入现有159张官方覆盖或58张重制清单。	按旧国服官方文字覆盖同尺寸图片。	official-cn-legacy-client-image	False
SOURCE-IMG-0073	unresolved-actionable	resource/image_web/page/arena/confirm/enemy_mirrors_pt_bg.png	same-geometry	496x42	496x42	2	totentanz:css/arena/ArenaCommon.css | totentanz:css/arena/ArenaCommon.css	A:\magicaOLD\resource\image_web\page\arena\confirm\enemy_mirrors_pt_bg.png	A:\totentanz-frontend\resource\image_web\page\arena\confirm\enemy_mirrors_pt_bg.png	C:\Users\proje\Documents\Codex\2026-08-06\https-github-com-hiiraginemu-magireco-wiki-3\work\js_v26_release_final_20260813\magica\resource\image_web\page\arena\confirm\enemy_mirrors_pt_bg.png	e4d69b829a675d5c9a24c9a832e51105baa1a7ae2e5a97a89af79e1831891930	f10eae85ba822537ceafc082aff9947288eeb06ceb0191e1868289979bfb6821	旧国服同路径图片含可转移的官方中文可见文本，当前美服图片仍为英文/日文或未简体化；尚未进入现有159张官方覆盖或58张重制清单。	按旧国服官方文字覆盖同尺寸图片。	official-cn-legacy-client-image	False
SOURCE-IMG-0074	unresolved-actionable	resource/image_web/page/arena/history/history_header_a.png	same-geometry	1024x36	1024x36	1	totentanz:css/arena/ArenaCommon.css	A:\magicaOLD\resource\image_web\page\arena\history\history_header_a.png	A:\totentanz-frontend\resource\image_web\page\arena\history\history_header_a.png	C:\Users\proje\Documents\Codex\2026-08-06\https-github-com-hiiraginemu-magireco-wiki-3\work\js_v26_release_final_20260813\magica\resource\image_web\page\arena\history\history_header_a.png	c2083458850602bb77cd67bb0ab5f0e8817fd9a5ae0c27d4a285cb7def1a6c9a	8d9c6224c909cbf98b877c9b9aa07152e7d17afc2eff12389d236e2f2a4be82a	旧国服同路径图片含可转移的官方中文可见文本，当前美服图片仍为英文/日文或未简体化；尚未进入现有159张官方覆盖或58张重制清单。	按旧国服官方文字覆盖同尺寸图片。	official-cn-legacy-client-image	False
SOURCE-IMG-0075	unresolved-actionable	resource/image_web/page/arena/history/history_header_b.png	same-geometry	1024x36	1024x36	1	totentanz:css/arena/ArenaCommon.css	A:\magicaOLD\resource\image_web\page\arena\history\history_header_b.png	A:\totentanz-frontend\resource\image_web\page\arena\history\history_header_b.png	C:\Users\proje\Documents\Codex\2026-08-06\https-github-com-hiiraginemu-magireco-wiki-3\work\js_v26_release_final_20260813\magica\resource\image_web\page\arena\history\history_header_b.png	37b5f4fcb262a7d7faf31f5c0b8efbce361cc2b5a2998dfcd5138dfa044be401	2f12f1bcbc2c8f8d7b9d8e81dedbbb25ae3d11d422340eb51dc0873bfb812efe	旧国服同路径图片含可转移的官方中文可见文本，当前美服图片仍为英文/日文或未简体化；尚未进入现有159张官方覆盖或58张重制清单。	按旧国服官方文字覆盖同尺寸图片。	official-cn-legacy-client-image	False
SOURCE-IMG-0076	unresolved-actionable	resource/image_web/page/arena/history/infinite_history_bg_a.png	same-geometry	748x166	748x166	1	totentanz:css/arena/ArenaCommon.css	A:\magicaOLD\resource\image_web\page\arena\history\infinite_history_bg_a.png	A:\totentanz-frontend\resource\image_web\page\arena\history\infinite_history_bg_a.png	C:\Users\proje\Documents\Codex\2026-08-06\https-github-com-hiiraginemu-magireco-wiki-3\work\js_v26_release_final_20260813\magica\resource\image_web\page\arena\history\infinite_history_bg_a.png	09c8c88f96239949affb3d1133066f1cb6cfb7257884849a0e25e9cbc9c79596	e497c8997b69bf25dfd80302550d797e9e066434bb6a25621374ba395f6fa32f	旧国服同路径图片含可转移的官方中文可见文本，当前美服图片仍为英文/日文或未简体化；尚未进入现有159张官方覆盖或58张重制清单。	按旧国服官方文字覆盖同尺寸图片。	official-cn-legacy-client-image	False
SOURCE-IMG-0077	unresolved-actionable	resource/image_web/page/arena/history/practice_history_bg_a.png	same-geometry	748x166	748x166	1	totentanz:css/arena/ArenaCommon.css	A:\magicaOLD\resource\image_web\page\arena\history\practice_history_bg_a.png	A:\totentanz-frontend\resource\image_web\page\arena\history\practice_history_bg_a.png	C:\Users\proje\Documents\Codex\2026-08-06\https-github-com-hiiraginemu-magireco-wiki-3\work\js_v26_release_final_20260813\magica\resource\image_web\page\arena\history\practice_history_bg_a.png	ca575c142f538e07c03672ce69c38bc066ca76b9c6ac9f6bf0e104822dc29489	cea8de0faa3af7e50a3f46ed9e4ca2c42a91a34faeeda0e823e300bd52037997	旧国服同路径图片含可转移的官方中文可见文本，当前美服图片仍为英文/日文或未简体化；尚未进入现有159张官方覆盖或58张重制清单。	按旧国服官方文字覆盖同尺寸图片。	official-cn-legacy-client-image	False
SOURCE-IMG-0078	unresolved-actionable	resource/image_web/page/arena/history/ranking_history_bg_a.png	same-geometry	748x166	748x166	1	totentanz:css/arena/ArenaCommon.css	A:\magicaOLD\resource\image_web\page\arena\history\ranking_history_bg_a.png	A:\totentanz-frontend\resource\image_web\page\arena\history\ranking_history_bg_a.png	C:\Users\proje\Documents\Codex\2026-08-06\https-github-com-hiiraginemu-magireco-wiki-3\work\js_v26_release_final_20260813\magica\resource\image_web\page\arena\history\ranking_history_bg_a.png	7a0134d770cad3a5b115442ac27ae64bf084ee7123fb1ca877cce5afe698620e	d8e629a870dc1da3baccd09724503fd9f0717fa2b08061540a42a137fa452a60	旧国服同路径图片含可转移的官方中文可见文本，当前美服图片仍为英文/日文或未简体化；尚未进入现有159张官方覆盖或58张重制清单。	按旧国服官方文字覆盖同尺寸图片。	official-cn-legacy-client-image	False
SOURCE-IMG-0079	unresolved-actionable	resource/image_web/page/arena/infinite_floor_bg.png	geometry-drift	120x120	120x121	1	totentanz:css/arena/ArenaCommon.css	A:\magicaOLD\resource\image_web\page\arena\infinite_floor_bg.png	A:\totentanz-frontend\resource\image_web\page\arena\infinite_floor_bg.png	C:\Users\proje\Documents\Codex\2026-08-06\https-github-com-hiiraginemu-magireco-wiki-3\work\js_v26_release_final_20260813\magica\resource\image_web\page\arena\infinite_floor_bg.png	3573dac81294555ec2af08c85de9a35a1a9c2d7cc49cae38f138519af6bc8cab	babd1aa515b844ce18df08a628ed371ed8fa101cc73149b6ca4801f89f6e1f4f	旧国服同路径图片含可转移的官方中文可见文本，当前美服图片仍为英文/日文或未简体化；尚未进入现有159张官方覆盖或58张重制清单。	保留当前美服画布尺寸与结构，重制旧国服官方中文文字；禁止直接覆盖尺寸漂移图片。	official-cn-legacy-client-image	False
SOURCE-IMG-0080	unresolved-actionable	resource/image_web/page/arena/matching/enemy_icon_equal.png	geometry-drift	82x30	81x30	2	totentanz:css/arena/ArenaCommon.css | totentanz:css/arena/ArenaCommon.css	A:\magicaOLD\resource\image_web\page\arena\matching\enemy_icon_equal.png	A:\totentanz-frontend\resource\image_web\page\arena\matching\enemy_icon_equal.png	C:\Users\proje\Documents\Codex\2026-08-06\https-github-com-hiiraginemu-magireco-wiki-3\work\js_v26_release_final_20260813\magica\resource\image_web\page\arena\matching\enemy_icon_equal.png	1234b8e2dac4fa13e5de015bfecffd98190e40522aee35756105faf067185d10	bf19dcda2be7aa31583b5735a299eabe2d1da4af41783f6673e0ab61191b1e28	旧国服同路径图片含可转移的官方中文可见文本，当前美服图片仍为英文/日文或未简体化；尚未进入现有159张官方覆盖或58张重制清单。	保留当前美服画布尺寸与结构，重制旧国服官方中文文字；禁止直接覆盖尺寸漂移图片。	official-cn-legacy-client-image	False
SOURCE-IMG-0081	unresolved-actionable	resource/image_web/page/arena/matching/enemy_icon_lower.png	geometry-drift	82x30	81x31	2	totentanz:css/arena/ArenaCommon.css | totentanz:css/arena/ArenaCommon.css	A:\magicaOLD\resource\image_web\page\arena\matching\enemy_icon_lower.png	A:\totentanz-frontend\resource\image_web\page\arena\matching\enemy_icon_lower.png	C:\Users\proje\Documents\Codex\2026-08-06\https-github-com-hiiraginemu-magireco-wiki-3\work\js_v26_release_final_20260813\magica\resource\image_web\page\arena\matching\enemy_icon_lower.png	b76cfb7dd8965598422df03f03ad61753272736b1ecf02e4cb3c858dcf3831aa	8206759acf6fd42979583cfba089fd4c6ddaadb0971b679acab23d5005e906a2	旧国服同路径图片含可转移的官方中文可见文本，当前美服图片仍为英文/日文或未简体化；尚未进入现有159张官方覆盖或58张重制清单。	保留当前美服画布尺寸与结构，重制旧国服官方中文文字；禁止直接覆盖尺寸漂移图片。	official-cn-legacy-client-image	False
SOURCE-IMG-0082	unresolved-actionable	resource/image_web/page/arena/matching/enemy_icon_upper.png	same-geometry	82x30	82x30	2	totentanz:css/arena/ArenaCommon.css | totentanz:css/arena/ArenaCommon.css	A:\magicaOLD\resource\image_web\page\arena\matching\enemy_icon_upper.png	A:\totentanz-frontend\resource\image_web\page\arena\matching\enemy_icon_upper.png	C:\Users\proje\Documents\Codex\2026-08-06\https-github-com-hiiraginemu-magireco-wiki-3\work\js_v26_release_final_20260813\magica\resource\image_web\page\arena\matching\enemy_icon_upper.png	a74c0ed46f9daf6618b9df1e6ca0b75e82b9bcec9f87cfe8bbb02fc290e2153b	c428ecea1754443c248f1e0c7ba15f5a1aa00994c0286d97a4512ca0c31e724a	旧国服同路径图片含可转移的官方中文可见文本，当前美服图片仍为英文/日文或未简体化；尚未进入现有159张官方覆盖或58张重制清单。	按旧国服官方文字覆盖同尺寸图片。	official-cn-legacy-client-image	False
SOURCE-IMG-0083	unresolved-actionable	resource/image_web/page/arena/matching/infinite_enemy_pt.png	same-geometry	284x48	284x48	1	totentanz:css/arena/ArenaCommon.css	A:\magicaOLD\resource\image_web\page\arena\matching\infinite_enemy_pt.png	A:\totentanz-frontend\resource\image_web\page\arena\matching\infinite_enemy_pt.png	C:\Users\proje\Documents\Codex\2026-08-06\https-github-com-hiiraginemu-magireco-wiki-3\work\js_v26_release_final_20260813\magica\resource\image_web\page\arena\matching\infinite_enemy_pt.png	81e9477661723618d02c200df8892decbf4c075b348cb3dfc511388a13bdd0f5	0e6ff3cd81755e11233da9e92af8d7c94b471e128922efbaff2ee96e30e53e43	旧国服同路径图片含可转移的官方中文可见文本，当前美服图片仍为英文/日文或未简体化；尚未进入现有159张官方覆盖或58张重制清单。	按旧国服官方文字覆盖同尺寸图片。	official-cn-legacy-client-image	False
SOURCE-IMG-0084	unresolved-actionable	resource/image_web/page/arena/result/infinite_floor_bg_s.png	geometry-drift	74x90	75x83	4	totentanz:css/arena/ArenaResult.css | totentanz:css/arena/ArenaResult.css | product:css/arena/ArenaResult.css | product:css/arena/ArenaResult.css	A:\magicaOLD\resource\image_web\page\arena\result\infinite_floor_bg_s.png	A:\totentanz-frontend\resource\image_web\page\arena\result\infinite_floor_bg_s.png	C:\Users\proje\Documents\Codex\2026-08-06\https-github-com-hiiraginemu-magireco-wiki-3\work\js_v26_release_final_20260813\magica\resource\image_web\page\arena\result\infinite_floor_bg_s.png	f75dcfe49d98a3b548f7631e13186d7e2fce2345bccd648be070594983b9ebc8	f6c01489420e8ebb57a581a0bd6569b358cd84281ebb9a04566e9e8e3da0b3d5	旧国服同路径图片含可转移的官方中文可见文本，当前美服图片仍为英文/日文或未简体化；尚未进入现有159张官方覆盖或58张重制清单。	保留当前美服画布尺寸与结构，重制旧国服官方中文文字；禁止直接覆盖尺寸漂移图片。	official-cn-legacy-client-image	False
SOURCE-IMG-0085	unresolved-actionable	resource/image_web/page/arena/reward/btn_rankup_off.png	same-geometry	246x66	246x66	1	totentanz:css/arena/ArenaCommon.css	A:\magicaOLD\resource\image_web\page\arena\reward\btn_rankup_off.png	A:\totentanz-frontend\resource\image_web\page\arena\reward\btn_rankup_off.png	C:\Users\proje\Documents\Codex\2026-08-06\https-github-com-hiiraginemu-magireco-wiki-3\work\js_v26_release_final_20260813\magica\resource\image_web\page\arena\reward\btn_rankup_off.png	a17aa5c7452241732d36aaf799b54952d2be48cbcac718f64086223438450097	1f7e461c1473bd2cd494be7c7ea5335178015da374f3ca48ebd4ea6f068ca21d	旧国服同路径图片含可转移的官方中文可见文本，当前美服图片仍为英文/日文或未简体化；尚未进入现有159张官方覆盖或58张重制清单。	按旧国服官方文字覆盖同尺寸图片。	official-cn-legacy-client-image	False
SOURCE-IMG-0086	unresolved-actionable	resource/image_web/page/arena/reward/btn_rankup_on.png	same-geometry	246x66	246x66	1	totentanz:css/arena/ArenaCommon.css	A:\magicaOLD\resource\image_web\page\arena\reward\btn_rankup_on.png	A:\totentanz-frontend\resource\image_web\page\arena\reward\btn_rankup_on.png	C:\Users\proje\Documents\Codex\2026-08-06\https-github-com-hiiraginemu-magireco-wiki-3\work\js_v26_release_final_20260813\magica\resource\image_web\page\arena\reward\btn_rankup_on.png	39f2449cacebff19e276b9048651258037a4a9aa3532395bb8bc95ccf4a4b65e	08df97a0a5f7a98c13d85ee0efa86f1d5485e81776e277e6c47871df7062f2d5	旧国服同路径图片含可转移的官方中文可见文本，当前美服图片仍为英文/日文或未简体化；尚未进入现有159张官方覆盖或58张重制清单。	按旧国服官方文字覆盖同尺寸图片。	official-cn-legacy-client-image	False
SOURCE-IMG-0087	unresolved-actionable	resource/image_web/page/arena/reward/reward_header_a.png	same-geometry	1024x36	1024x36	1	totentanz:css/arena/ArenaCommon.css	A:\magicaOLD\resource\image_web\page\arena\reward\reward_header_a.png	A:\totentanz-frontend\resource\image_web\page\arena\reward\reward_header_a.png	C:\Users\proje\Documents\Codex\2026-08-06\https-github-com-hiiraginemu-magireco-wiki-3\work\js_v26_release_final_20260813\magica\resource\image_web\page\arena\reward\reward_header_a.png	249ea24514e8b82fe00a14a03b88e0bcef97ede5e3891a50bc0a93e2c38ba5f1	0c5ddf66e410c996887275a783f086056e47cbc1cb5d2d066fdab46c2210c8d8	旧国服同路径图片含可转移的官方中文可见文本，当前美服图片仍为英文/日文或未简体化；尚未进入现有159张官方覆盖或58张重制清单。	按旧国服官方文字覆盖同尺寸图片。	official-cn-legacy-client-image	False
SOURCE-IMG-0088	unresolved-actionable	resource/image_web/page/arena/simulate/bg_team_pt.png	same-geometry	284x22	284x22	1	totentanz:css/arena/ArenaCommon.css	A:\magicaOLD\resource\image_web\page\arena\simulate\bg_team_pt.png	A:\totentanz-frontend\resource\image_web\page\arena\simulate\bg_team_pt.png	C:\Users\proje\Documents\Codex\2026-08-06\https-github-com-hiiraginemu-magireco-wiki-3\work\js_v26_release_final_20260813\magica\resource\image_web\page\arena\simulate\bg_team_pt.png	527bca9ca763287cc9e6bdb569bb26e313592035ea4c1403bae5eae5d63f4059	43b75abe4e6bf80dd3af2d6ee75486e6ae5461c44e7b3c5d00f9a368257f0986	旧国服同路径图片含可转移的官方中文可见文本，当前美服图片仍为英文/日文或未简体化；尚未进入现有159张官方覆盖或58张重制清单。	按旧国服官方文字覆盖同尺寸图片。	official-cn-legacy-client-image	False
SOURCE-IMG-0089	unresolved-actionable	resource/image_web/page/arena/simulate/btn_friend_01.png	same-geometry	90x40	90x40	1	totentanz:css/arena/ArenaCommon.css	A:\magicaOLD\resource\image_web\page\arena\simulate\btn_friend_01.png	A:\totentanz-frontend\resource\image_web\page\arena\simulate\btn_friend_01.png	C:\Users\proje\Documents\Codex\2026-08-06\https-github-com-hiiraginemu-magireco-wiki-3\work\js_v26_release_final_20260813\magica\resource\image_web\page\arena\simulate\btn_friend_01.png	8cf24c9086433d8cf2142b4193aae39e00b68b5b4fc37b09d00813b94d416cde	49efeb954324d168f3e5374b6204154e55cdbd26c8dcd656ebb90b9ae3bbb9d7	旧国服同路径图片含可转移的官方中文可见文本，当前美服图片仍为英文/日文或未简体化；尚未进入现有159张官方覆盖或58张重制清单。	按旧国服官方文字覆盖同尺寸图片。	official-cn-legacy-client-image	False
SOURCE-IMG-0090	unresolved-actionable	resource/image_web/page/arena/simulate/btn_id.png	same-geometry	90x40	90x40	1	totentanz:css/arena/ArenaCommon.css	A:\magicaOLD\resource\image_web\page\arena\simulate\btn_id.png	A:\totentanz-frontend\resource\image_web\page\arena\simulate\btn_id.png	C:\Users\proje\Documents\Codex\2026-08-06\https-github-com-hiiraginemu-magireco-wiki-3\work\js_v26_release_final_20260813\magica\resource\image_web\page\arena\simulate\btn_id.png	c11b5fc515e66f71d28d4bfc9e957974dcbf6045db23371b44024f9fe4c2e97e	b89f20843c3780277ec2e5679451db6039a1c407dd21a88b78e28dbf7c27022a	旧国服同路径图片含可转移的官方中文可见文本，当前美服图片仍为英文/日文或未简体化；尚未进入现有159张官方覆盖或58张重制清单。	按旧国服官方文字覆盖同尺寸图片。	official-cn-legacy-client-image	False
SOURCE-IMG-0091	unresolved-actionable	resource/image_web/page/camera/btn_camera_end.png	same-geometry	144x52	144x52	1	totentanz:css/camera/CameraTop.css	A:\magicaOLD\resource\image_web\page\camera\btn_camera_end.png	A:\totentanz-frontend\resource\image_web\page\camera\btn_camera_end.png	C:\Users\proje\Documents\Codex\2026-08-06\https-github-com-hiiraginemu-magireco-wiki-3\work\js_v26_release_final_20260813\magica\resource\image_web\page\camera\btn_camera_end.png	f156b0c329a92d65696b8bed3beacb8ab26b4898b849180dcddbabf2c393466c	3c112daa820a71e3463d546d32b9fe84d4cd3b770b3e0582d52178417e17cccc	旧国服同路径图片含可转移的官方中文可见文本，当前美服图片仍为英文/日文或未简体化；尚未进入现有159张官方覆盖或58张重制清单。	按旧国服官方文字覆盖同尺寸图片。	official-cn-legacy-client-image	False
SOURCE-IMG-0092	unresolved-actionable	resource/image_web/page/camera/btn_camera_start.png	same-geometry	186x66	186x66	1	totentanz:css/camera/CameraTop.css	A:\magicaOLD\resource\image_web\page\camera\btn_camera_start.png	A:\totentanz-frontend\resource\image_web\page\camera\btn_camera_start.png	C:\Users\proje\Documents\Codex\2026-08-06\https-github-com-hiiraginemu-magireco-wiki-3\work\js_v26_release_final_20260813\magica\resource\image_web\page\camera\btn_camera_start.png	67a8a10b060a2746d02d5c77bd88fa44ea73156273c4efdb97e458d0ad36ffeb	3294ce841cdc856a8bd18f63c5cf6aed1d3bd1ed00548c8cd43cbc16af7ad970	旧国服同路径图片含可转移的官方中文可见文本，当前美服图片仍为英文/日文或未简体化；尚未进入现有159张官方覆盖或58张重制清单。	按旧国服官方文字覆盖同尺寸图片。	official-cn-legacy-client-image	False
SOURCE-IMG-0093	unresolved-actionable	resource/image_web/page/camera/btn_position.png	same-geometry	88x78	88x78	1	totentanz:css/camera/CameraTop.css	A:\magicaOLD\resource\image_web\page\camera\btn_position.png	A:\totentanz-frontend\resource\image_web\page\camera\btn_position.png	C:\Users\proje\Documents\Codex\2026-08-06\https-github-com-hiiraginemu-magireco-wiki-3\work\js_v26_release_final_20260813\magica\resource\image_web\page\camera\btn_position.png	16de8c727da94e895f6596f0cd93adce25c614521b8ae414202e6012b4cc096e	40a407b84153bffd3c986be0f0ad8b3b25f0ff7ef4b63dd3f9885375af792820	旧国服同路径图片含可转移的官方中文可见文本，当前美服图片仍为英文/日文或未简体化；尚未进入现有159张官方覆盖或58张重制清单。	按旧国服官方文字覆盖同尺寸图片。	official-cn-legacy-client-image	False
SOURCE-IMG-0094	unresolved-actionable	resource/image_web/page/camera/btn_timer.png	same-geometry	88x78	88x78	1	totentanz:css/camera/CameraTop.css	A:\magicaOLD\resource\image_web\page\camera\btn_timer.png	A:\totentanz-frontend\resource\image_web\page\camera\btn_timer.png	C:\Users\proje\Documents\Codex\2026-08-06\https-github-com-hiiraginemu-magireco-wiki-3\work\js_v26_release_final_20260813\magica\resource\image_web\page\camera\btn_timer.png	817c5c7dd4d037bce7e2587b4a47417819d04edae088b8a62ce9ee4f8f2aa2e2	8ca2dd933effe5cf2697866e7a7d79b6fdaef5dafce343da7caeba071c06d5a6	旧国服同路径图片含可转移的官方中文可见文本，当前美服图片仍为英文/日文或未简体化；尚未进入现有159张官方覆盖或58张重制清单。	按旧国服官方文字覆盖同尺寸图片。	official-cn-legacy-client-image	False
SOURCE-IMG-0095	unresolved-actionable	resource/image_web/page/chara/btn_convert.png	same-geometry	134x54	134x54	1	totentanz:css/chara/CharaEquip.css	A:\magicaOLD\resource\image_web\page\chara\btn_convert.png	A:\totentanz-frontend\resource\image_web\page\chara\btn_convert.png	C:\Users\proje\Documents\Codex\2026-08-06\https-github-com-hiiraginemu-magireco-wiki-3\work\js_v26_release_final_20260813\magica\resource\image_web\page\chara\btn_convert.png	d83bcd06314b18eb77e4a1362e5873979de393522987c63fe6c57087825d2c4e	5cad8c865bca5b928c724e554317e64c06f198a8ac8916b7a7cd2908011860ed	旧国服同路径图片含可转移的官方中文可见文本，当前美服图片仍为英文/日文或未简体化；尚未进入现有159张官方覆盖或58张重制清单。	按旧国服官方文字覆盖同尺寸图片。	official-cn-legacy-client-image	False
SOURCE-IMG-0096	unresolved-actionable	resource/image_web/page/chara/btn_convert_gray.png	same-geometry	134x54	134x54	1	totentanz:css/chara/CharaEquip.css	A:\magicaOLD\resource\image_web\page\chara\btn_convert_gray.png	A:\totentanz-frontend\resource\image_web\page\chara\btn_convert_gray.png	C:\Users\proje\Documents\Codex\2026-08-06\https-github-com-hiiraginemu-magireco-wiki-3\work\js_v26_release_final_20260813\magica\resource\image_web\page\chara\btn_convert_gray.png	283188650be40b7aa013b7f349bd2eed05007be39885abf075f1a082dc3bb4e4	3130461c7a25a3e51bb2675c28ce0af2557a97cec67b07e3c91759f816069c74	旧国服同路径图片含可转移的官方中文可见文本，当前美服图片仍为英文/日文或未简体化；尚未进入现有159张官方覆盖或58张重制清单。	按旧国服官方文字覆盖同尺寸图片。	official-cn-legacy-client-image	False
SOURCE-IMG-0097	unresolved-actionable	resource/image_web/page/chara/btn_pose.png	same-geometry	66x66	66x66	1	totentanz:css/chara/CharaTop.css	A:\magicaOLD\resource\image_web\page\chara\btn_pose.png	A:\totentanz-frontend\resource\image_web\page\chara\btn_pose.png	C:\Users\proje\Documents\Codex\2026-08-06\https-github-com-hiiraginemu-magireco-wiki-3\work\js_v26_release_final_20260813\magica\resource\image_web\page\chara\btn_pose.png	d0cb203452f465bb6193ded703bd611d34d086079d78a25bc970f838445f6ab1	02096116d682d626566be37daf311080f847107d7ce907c6c3d1279eb96bf8c8	旧国服同路径图片含可转移的官方中文可见文本，当前美服图片仍为英文/日文或未简体化；尚未进入现有159张官方覆盖或58张重制清单。	按旧国服官方文字覆盖同尺寸图片。	official-cn-legacy-client-image	False
SOURCE-IMG-0098	unresolved-actionable	resource/image_web/page/chara/conf_leader_off.png	same-geometry	150x32	150x32	1	totentanz:css/chara/CharaTop.css	A:\magicaOLD\resource\image_web\page\chara\conf_leader_off.png	A:\totentanz-frontend\resource\image_web\page\chara\conf_leader_off.png	C:\Users\proje\Documents\Codex\2026-08-06\https-github-com-hiiraginemu-magireco-wiki-3\work\js_v26_release_final_20260813\magica\resource\image_web\page\chara\conf_leader_off.png	5dc8579ecc344e4893d25f65baf53f92d8b0bcd8629be9a8a31ed3ebe3806460	edd7cbf9a1b04d288dd38fe64c1ab1e0c8c8e03c163272b721b7df3c6bb0affc	旧国服同路径图片含可转移的官方中文可见文本，当前美服图片仍为英文/日文或未简体化；尚未进入现有159张官方覆盖或58张重制清单。	按旧国服官方文字覆盖同尺寸图片。	official-cn-legacy-client-image	False
SOURCE-IMG-0099	unresolved-actionable	resource/image_web/page/chara/conf_leader_on.png	same-geometry	150x32	150x32	1	totentanz:css/chara/CharaTop.css	A:\magicaOLD\resource\image_web\page\chara\conf_leader_on.png	A:\totentanz-frontend\resource\image_web\page\chara\conf_leader_on.png	C:\Users\proje\Documents\Codex\2026-08-06\https-github-com-hiiraginemu-magireco-wiki-3\work\js_v26_release_final_20260813\magica\resource\image_web\page\chara\conf_leader_on.png	4bb060db0e8ff414455aec8b86794e31e103e665dd9e22debd84629a0fbe3254	07b445373135331bb3c5061ed8f74048c10e72974ddb0f3c9b52457d80eef840	旧国服同路径图片含可转移的官方中文可见文本，当前美服图片仍为英文/日文或未简体化；尚未进入现有159张官方覆盖或58张重制清单。	按旧国服官方文字覆盖同尺寸图片。	official-cn-legacy-client-image	False
SOURCE-IMG-0100	unresolved-actionable	resource/image_web/page/chara/tag_cristal.png	same-geometry	134x46	134x46	1	totentanz:css/chara/CharaEquip.css	A:\magicaOLD\resource\image_web\page\chara\tag_cristal.png	A:\totentanz-frontend\resource\image_web\page\chara\tag_cristal.png	C:\Users\proje\Documents\Codex\2026-08-06\https-github-com-hiiraginemu-magireco-wiki-3\work\js_v26_release_final_20260813\magica\resource\image_web\page\chara\tag_cristal.png	ebc8f397f669304edf5e24a8dfdb2979141ba9af29f1238df68a2327b0b2b53f	8106a9942682c635b1589467bfb68d2ab4db5aac1cde01145eafe47cefb7501f	旧国服同路径图片含可转移的官方中文可见文本，当前美服图片仍为英文/日文或未简体化；尚未进入现有159张官方覆盖或58张重制清单。	按旧国服官方文字覆盖同尺寸图片。	official-cn-legacy-client-image	False
SOURCE-IMG-0101	unresolved-actionable	resource/image_web/page/collection/archive_base.png	same-geometry	348x348	348x348	1	totentanz:css/collection/CollectionTop.css	A:\magicaOLD\resource\image_web\page\collection\archive_base.png	A:\totentanz-frontend\resource\image_web\page\collection\archive_base.png	C:\Users\proje\Documents\Codex\2026-08-06\https-github-com-hiiraginemu-magireco-wiki-3\work\js_v26_release_final_20260813\magica\resource\image_web\page\collection\archive_base.png	05f6079ae63feb00aa9348a9cf6b816c4df25b52e95d746fb87d71be614b65df	f27bb39db822c6c1f637c4231f201b2171cfa2d0e8917be0048fb56d81766cb8	旧国服同路径图片含可转移的官方中文可见文本，当前美服图片仍为英文/日文或未简体化；尚未进入现有159张官方覆盖或58张重制清单。	按旧国服官方文字覆盖同尺寸图片。	official-cn-legacy-client-image	False
SOURCE-IMG-0102	unresolved-actionable	resource/image_web/page/collection/btn_collection_chara.png	same-geometry	114x132	114x132	1	totentanz:css/collection/CollectionTop.css	A:\magicaOLD\resource\image_web\page\collection\btn_collection_chara.png	A:\totentanz-frontend\resource\image_web\page\collection\btn_collection_chara.png	C:\Users\proje\Documents\Codex\2026-08-06\https-github-com-hiiraginemu-magireco-wiki-3\work\js_v26_release_final_20260813\magica\resource\image_web\page\collection\btn_collection_chara.png	c65b5653505459ad0331dbca337926736c9acae2cae1a51c790f21ce79e35fa3	f3015e6bf1f03ddab38cb80df8f7e44a18f097445da7b3ad126ed552b6b86c2f	旧国服同路径图片含可转移的官方中文可见文本，当前美服图片仍为英文/日文或未简体化；尚未进入现有159张官方覆盖或58张重制清单。	按旧国服官方文字覆盖同尺寸图片。	official-cn-legacy-client-image	False
SOURCE-IMG-0103	unresolved-actionable	resource/image_web/page/collection/btn_collection_doppel.png	same-geometry	114x132	114x132	1	totentanz:css/collection/CollectionTop.css	A:\magicaOLD\resource\image_web\page\collection\btn_collection_doppel.png	A:\totentanz-frontend\resource\image_web\page\collection\btn_collection_doppel.png	C:\Users\proje\Documents\Codex\2026-08-06\https-github-com-hiiraginemu-magireco-wiki-3\work\js_v26_release_final_20260813\magica\resource\image_web\page\collection\btn_collection_doppel.png	9d91a190b35336c359661d213355bd44e7983065a3970525cb8b18ab3139dc94	b6829ae94d51be6498d68f8251628b27d5561b610d1755c9fabd97bb1e2a3222	旧国服同路径图片含可转移的官方中文可见文本，当前美服图片仍为英文/日文或未简体化；尚未进入现有159张官方覆盖或58张重制清单。	按旧国服官方文字覆盖同尺寸图片。	official-cn-legacy-client-image	False
SOURCE-IMG-0104	unresolved-actionable	resource/image_web/page/collection/btn_collection_memoria.png	same-geometry	114x132	114x132	1	totentanz:css/collection/CollectionTop.css	A:\magicaOLD\resource\image_web\page\collection\btn_collection_memoria.png	A:\totentanz-frontend\resource\image_web\page\collection\btn_collection_memoria.png	C:\Users\proje\Documents\Codex\2026-08-06\https-github-com-hiiraginemu-magireco-wiki-3\work\js_v26_release_final_20260813\magica\resource\image_web\page\collection\btn_collection_memoria.png	41874eafa6a933ccf2d380d627b9fa5423ff0b210228e338a27aef6083d93825	e148e9778de4632f62d0dddb10342ff4d02852e07ac6a42d135c0cadeb659f39	旧国服同路径图片含可转移的官方中文可见文本，当前美服图片仍为英文/日文或未简体化；尚未进入现有159张官方覆盖或58张重制清单。	按旧国服官方文字覆盖同尺寸图片。	official-cn-legacy-client-image	False
SOURCE-IMG-0105	unresolved-actionable	resource/image_web/page/collection/btn_collection_story.png	same-geometry	114x132	114x132	1	totentanz:css/collection/CollectionTop.css	A:\magicaOLD\resource\image_web\page\collection\btn_collection_story.png	A:\totentanz-frontend\resource\image_web\page\collection\btn_collection_story.png	C:\Users\proje\Documents\Codex\2026-08-06\https-github-com-hiiraginemu-magireco-wiki-3\work\js_v26_release_final_20260813\magica\resource\image_web\page\collection\btn_collection_story.png	ec64c3d13857ab440b3d8e0b5f5be1aebbf2cf37d39fb15e56df200a1eacfda5	da4ef898a134b64d2953f9553cf562daea81d4564c38a71477d4b467bca355cf	旧国服同路径图片含可转移的官方中文可见文本，当前美服图片仍为英文/日文或未简体化；尚未进入现有159张官方覆盖或58张重制清单。	按旧国服官方文字覆盖同尺寸图片。	official-cn-legacy-client-image	False
SOURCE-IMG-0106	unresolved-actionable	resource/image_web/page/collection/btn_collection_witch.png	same-geometry	114x132	114x132	1	totentanz:css/collection/CollectionTop.css	A:\magicaOLD\resource\image_web\page\collection\btn_collection_witch.png	A:\totentanz-frontend\resource\image_web\page\collection\btn_collection_witch.png	C:\Users\proje\Documents\Codex\2026-08-06\https-github-com-hiiraginemu-magireco-wiki-3\work\js_v26_release_final_20260813\magica\resource\image_web\page\collection\btn_collection_witch.png	929c4805908aa73676217657bbcd1afb8476b977ec10cbbd00f92e3df9be5cad	5397a40620c51bc0a141673f2e4948a04a52f8a3763b60bf300a74906c126688	旧国服同路径图片含可转移的官方中文可见文本，当前美服图片仍为英文/日文或未简体化；尚未进入现有159张官方覆盖或58张重制清单。	按旧国服官方文字覆盖同尺寸图片。	official-cn-legacy-client-image	False
SOURCE-IMG-0107	unresolved-actionable	resource/image_web/page/collection/btn_doppel_back.png	same-geometry	90x44	90x44	3	totentanz:css/collection/DoppelCollection.css | totentanz:css/collection/EnemyCollection.css | totentanz:css/item/ItemListTop.css	A:\magicaOLD\resource\image_web\page\collection\btn_doppel_back.png	A:\totentanz-frontend\resource\image_web\page\collection\btn_doppel_back.png	C:\Users\proje\Documents\Codex\2026-08-06\https-github-com-hiiraginemu-magireco-wiki-3\work\js_v26_release_final_20260813\magica\resource\image_web\page\collection\btn_doppel_back.png	a1f0f5d69342d6bbde1d1775480d6697d752b3ba4fcfe3cb4d2830f178ae3a57	112daa1e4cb4a09ae3276a7e11447b5064d3efd5614e982572d03cd98e7fa8e5	旧国服同路径图片含可转移的官方中文可见文本，当前美服图片仍为英文/日文或未简体化；尚未进入现有159张官方覆盖或58张重制清单。	按旧国服官方文字覆盖同尺寸图片。	official-cn-legacy-client-image	False
SOURCE-IMG-0108	unresolved-actionable	resource/image_web/page/collection/header.png	same-geometry	256x52	256x52	1	totentanz:css/collection/DoppelCollection.css	A:\magicaOLD\resource\image_web\page\collection\header.png	A:\totentanz-frontend\resource\image_web\page\collection\header.png	C:\Users\proje\Documents\Codex\2026-08-06\https-github-com-hiiraginemu-magireco-wiki-3\work\js_v26_release_final_20260813\magica\resource\image_web\page\collection\header.png	c9886214f252e37be07b6bfd729a85c50e9ee6c538aca30bfafa848f45870d18	a380cc33ad23dc8837e3ba83eb6dffac1fae60e9273130e49e5f8dd0026ef78f	旧国服同路径图片含可转移的官方中文可见文本，当前美服图片仍为英文/日文或未简体化；尚未进入现有159张官方覆盖或58张重制清单。	按旧国服官方文字覆盖同尺寸图片。	official-cn-legacy-client-image	False
SOURCE-IMG-0109	unresolved-actionable	resource/image_web/page/collection/magirepo/common/chara_r.png	same-geometry	246x116	246x116	1	totentanz:template/collection/MagiRepoDetail.html	A:\magicaOLD\resource\image_web\page\collection\magirepo\common\chara_r.png	A:\totentanz-frontend\resource\image_web\page\collection\magirepo\common\chara_r.png	C:\Users\proje\Documents\Codex\2026-08-06\https-github-com-hiiraginemu-magireco-wiki-3\work\js_v26_release_final_20260813\magica\resource\image_web\page\collection\magirepo\common\chara_r.png	3901ab130c0ec03b875d6bac35361c1a5a2e8bc51137fd725937f8920f463473	476a7516da6dd76f4bd994c44033de797a73335e92f75bb97d45a70b6eadacc5	旧国服同路径图片含可转移的官方中文可见文本，当前美服图片仍为英文/日文或未简体化；尚未进入现有159张官方覆盖或58张重制清单。	按旧国服官方文字覆盖同尺寸图片。	official-cn-legacy-client-image	False
SOURCE-IMG-0110	unresolved-actionable	resource/image_web/page/collection/witch_header.png	geometry-drift	300x52	300x51	1	totentanz:css/collection/EnemyCollection.css	A:\magicaOLD\resource\image_web\page\collection\witch_header.png	A:\totentanz-frontend\resource\image_web\page\collection\witch_header.png	C:\Users\proje\Documents\Codex\2026-08-06\https-github-com-hiiraginemu-magireco-wiki-3\work\js_v26_release_final_20260813\magica\resource\image_web\page\collection\witch_header.png	4f05a52144cf9fb3fc649da46e81a85d19c7de791ee013acd663fba3322b79c7	fc05531c5c6651618382a36605466157587fc84aa51bee68002dde2e3395f0bb	旧国服同路径图片含可转移的官方中文可见文本，当前美服图片仍为英文/日文或未简体化；尚未进入现有159张官方覆盖或58张重制清单。	保留当前美服画布尺寸与结构，重制旧国服官方中文文字；禁止直接覆盖尺寸漂移图片。	official-cn-legacy-client-image	False
SOURCE-IMG-0111	unresolved-actionable	resource/image_web/page/config/config_password_noset.png	same-geometry	66x22	66x22	1	totentanz:css/config/ConfigTop.css	A:\magicaOLD\resource\image_web\page\config\config_password_noset.png	A:\totentanz-frontend\resource\image_web\page\config\config_password_noset.png	C:\Users\proje\Documents\Codex\2026-08-06\https-github-com-hiiraginemu-magireco-wiki-3\work\js_v26_release_final_20260813\magica\resource\image_web\page\config\config_password_noset.png	70e420f27829a4e28f9a64eaa31e03389594d35d1fa76c28ad1c549bed4e8bfa	17cc5cae58ff42b01164975e76601bb2a086e8cfb35bd6cc27f68a8d0787d02e	旧国服同路径图片含可转移的官方中文可见文本，当前美服图片仍为英文/日文或未简体化；尚未进入现有159张官方覆盖或58张重制清单。	按旧国服官方文字覆盖同尺寸图片。	official-cn-legacy-client-image	False
SOURCE-IMG-0112	unresolved-actionable	resource/image_web/page/formation/bg_deck_detail_off.png	same-geometry	451x118	451x118	1	totentanz:css/formation/FormationQuest.css	A:\magicaOLD\resource\image_web\page\formation\bg_deck_detail_off.png	A:\totentanz-frontend\resource\image_web\page\formation\bg_deck_detail_off.png	C:\Users\proje\Documents\Codex\2026-08-06\https-github-com-hiiraginemu-magireco-wiki-3\work\js_v26_release_final_20260813\magica\resource\image_web\page\formation\bg_deck_detail_off.png	f071d2f8797f6454acdf0e33071b3123c7bb365b97cba956096ef0cb3585191a	0282f3c8ceebdcf99d192a8494c475b9b450cdd9bebd4c7e0e9a8a1d9cbe97c6	旧国服同路径图片含可转移的官方中文可见文本，当前美服图片仍为英文/日文或未简体化；尚未进入现有159张官方覆盖或58张重制清单。	按旧国服官方文字覆盖同尺寸图片。	official-cn-legacy-client-image	False
SOURCE-IMG-0113	unresolved-actionable	resource/image_web/page/formation/bg_deck_name.png	same-geometry	260x82	260x82	1	totentanz:css/formation/FormationQuest.css	A:\magicaOLD\resource\image_web\page\formation\bg_deck_name.png	A:\totentanz-frontend\resource\image_web\page\formation\bg_deck_name.png	C:\Users\proje\Documents\Codex\2026-08-06\https-github-com-hiiraginemu-magireco-wiki-3\work\js_v26_release_final_20260813\magica\resource\image_web\page\formation\bg_deck_name.png	aea0f3df2d0994e638b13fc073a2f34a5e8f45a2351b7b717722177040dcb249	8b56317dd9f2d1df773359050b9a1f2b0546b14607ea02a28e6298472361bf7b	旧国服同路径图片含可转移的官方中文可见文本，当前美服图片仍为英文/日文或未简体化；尚未进入现有159张官方覆盖或58张重制清单。	按旧国服官方文字覆盖同尺寸图片。	official-cn-legacy-client-image	False
SOURCE-IMG-0114	unresolved-actionable	resource/image_web/page/formation/bg_quest_detail_enemy_02_a.png	same-geometry	256x108	256x108	1	totentanz:css/quest/SupportSelect.css	A:\magicaOLD\resource\image_web\page\formation\bg_quest_detail_enemy_02_a.png	A:\totentanz-frontend\resource\image_web\page\formation\bg_quest_detail_enemy_02_a.png	C:\Users\proje\Documents\Codex\2026-08-06\https-github-com-hiiraginemu-magireco-wiki-3\work\js_v26_release_final_20260813\magica\resource\image_web\page\formation\bg_quest_detail_enemy_02_a.png	9d3f31b675ab98606e2c22b86d2fcd9a081df0ea1c00202eb39827edfb10d46a	aad18f14db0752152c26b4318570c1707dd3b4a14f2a6f200342088013c71cb8	旧国服同路径图片含可转移的官方中文可见文本，当前美服图片仍为英文/日文或未简体化；尚未进入现有159张官方覆盖或58张重制清单。	按旧国服官方文字覆盖同尺寸图片。	official-cn-legacy-client-image	False
SOURCE-IMG-0115	unresolved-actionable	resource/image_web/page/formation/bg_team_pt.png	same-geometry	240x78	240x78	1	totentanz:css/formation/FormationQuest.css	A:\magicaOLD\resource\image_web\page\formation\bg_team_pt.png	A:\totentanz-frontend\resource\image_web\page\formation\bg_team_pt.png	C:\Users\proje\Documents\Codex\2026-08-06\https-github-com-hiiraginemu-magireco-wiki-3\work\js_v26_release_final_20260813\magica\resource\image_web\page\formation\bg_team_pt.png	520b47d6098f65cab431fd879928827ba321884cc32a59446fd57f4db0d156d4	c4bac4b1c2ab8aeee93e0692a2ca7384949bfd3cb9c36f43dd132620ad13787d	旧国服同路径图片含可转移的官方中文可见文本，当前美服图片仍为英文/日文或未简体化；尚未进入现有159张官方覆盖或58张重制清单。	按旧国服官方文字覆盖同尺寸图片。	official-cn-legacy-client-image	False
SOURCE-IMG-0116	unresolved-actionable	resource/image_web/page/formation/icon_chara_list_entry_2.png	same-geometry	80x24	80x24	1	product:css/_common/common.css	A:\magicaOLD\resource\image_web\page\formation\icon_chara_list_entry_2.png	A:\totentanz-frontend\resource\image_web\page\formation\icon_chara_list_entry_2.png	C:\Users\proje\Documents\Codex\2026-08-06\https-github-com-hiiraginemu-magireco-wiki-3\work\js_v26_release_final_20260813\magica\resource\image_web\page\formation\icon_chara_list_entry_2.png	7e0cecc1ec9c5adba7baa0395bb2416a1a34cd5ca5b38f0ebc2d79cd3d0eb307	d67c6d0144d62f24d07fdb6ce31ea687f5f5a863c9d82127980c083702d8b3cf	旧国服同路径图片含可转移的官方中文可见文本，当前美服图片仍为英文/日文或未简体化；尚未进入现有159张官方覆盖或58张重制清单。	按旧国服官方文字覆盖同尺寸图片。	official-cn-legacy-client-image	False
SOURCE-IMG-0117	unresolved-actionable	resource/image_web/page/formation/icon_event_formation.png	same-geometry	66x50	66x50	3	totentanz:css/formation/DeckFormation.css | totentanz:css/formation/FormationQuest.css | product:css/formation/DeckFormation.css	A:\magicaOLD\resource\image_web\page\formation\icon_event_formation.png	A:\totentanz-frontend\resource\image_web\page\formation\icon_event_formation.png	C:\Users\proje\Documents\Codex\2026-08-06\https-github-com-hiiraginemu-magireco-wiki-3\work\js_v26_release_final_20260813\magica\resource\image_web\page\formation\icon_event_formation.png	f5d19268486b569f7ecdbe950f013f0c73f59a23799d0254b27d3fa851d25542	b578d9e89bfa7c376312bff6463baad9adab48001e1465e1583006da1a584132	旧国服同路径图片含可转移的官方中文可见文本，当前美服图片仍为英文/日文或未简体化；尚未进入现有159张官方覆盖或58张重制清单。	按旧国服官方文字覆盖同尺寸图片。	official-cn-legacy-client-image	False
SOURCE-IMG-0118	unresolved-actionable	resource/image_web/page/formation/list_base.png	same-geometry	668x124	668x124	2	totentanz:css/quest/QuestResult.css | totentanz:css/quest/SupportSelect.css	A:\magicaOLD\resource\image_web\page\formation\list_base.png	A:\totentanz-frontend\resource\image_web\page\formation\list_base.png	C:\Users\proje\Documents\Codex\2026-08-06\https-github-com-hiiraginemu-magireco-wiki-3\work\js_v26_release_final_20260813\magica\resource\image_web\page\formation\list_base.png	bbbf2f4e69c7d07f70def5118779684cc1d83d1ad1db32cb7fd6daf5687a5448	141aa4a46dccbe4e6601b5a23f119a4de161504bf3ee9201569d930221243748	旧国服同路径图片含可转移的官方中文可见文本，当前美服图片仍为英文/日文或未简体化；尚未进入现有159张官方覆盖或58张重制清单。	按旧国服官方文字覆盖同尺寸图片。	official-cn-legacy-client-image	False
SOURCE-IMG-0119	unresolved-actionable	resource/image_web/page/formation/list_npc_base.png	same-geometry	668x124	668x124	1	totentanz:css/quest/SupportSelect.css	A:\magicaOLD\resource\image_web\page\formation\list_npc_base.png	A:\totentanz-frontend\resource\image_web\page\formation\list_npc_base.png	C:\Users\proje\Documents\Codex\2026-08-06\https-github-com-hiiraginemu-magireco-wiki-3\work\js_v26_release_final_20260813\magica\resource\image_web\page\formation\list_npc_base.png	851f7f87a3a7fe723805784bc7003135cd0223ea605cf4752832c42f99f12b9d	36da4ea81a025a00f04e0e5546bf182503e59eaa2e4fe5d90c90931f06cb7ab6	旧国服同路径图片含可转移的官方中文可见文本，当前美服图片仍为英文/日文或未简体化；尚未进入现有159张官方覆盖或58张重制清单。	按旧国服官方文字覆盖同尺寸图片。	official-cn-legacy-client-image	False
SOURCE-IMG-0120	unresolved-actionable	resource/image_web/page/formation_2/icon_training.png	same-geometry	44x50	44x50	3	totentanz:css/formation/DeckFormation.css | totentanz:css/quest/QuestResult.css | product:css/formation/DeckFormation.css	A:\magicaOLD\resource\image_web\page\formation_2\icon_training.png	A:\totentanz-frontend\resource\image_web\page\formation_2\icon_training.png	C:\Users\proje\Documents\Codex\2026-08-06\https-github-com-hiiraginemu-magireco-wiki-3\work\js_v26_release_final_20260813\magica\resource\image_web\page\formation_2\icon_training.png	c4dc37659bdd5048aa11c04aeb6e38a5ac6096cc7968ee40a44c41531e8c817d	ed7f1c5f416bb12b3667d1a0750736b27bf481f673562cb1da9f89d9d0931b5e	旧国服同路径图片含可转移的官方中文可见文本，当前美服图片仍为英文/日文或未简体化；尚未进入现有159张官方覆盖或58张重制清单。	按旧国服官方文字覆盖同尺寸图片。	official-cn-legacy-client-image	False
SOURCE-IMG-0121	unresolved-actionable	resource/image_web/page/gacha/bg_gacha_fixed.png	same-geometry	282x44	282x44	1	totentanz:css/gacha/GachaTop.css	A:\magicaOLD\resource\image_web\page\gacha\bg_gacha_fixed.png	A:\totentanz-frontend\resource\image_web\page\gacha\bg_gacha_fixed.png	C:\Users\proje\Documents\Codex\2026-08-06\https-github-com-hiiraginemu-magireco-wiki-3\work\js_v26_release_final_20260813\magica\resource\image_web\page\gacha\bg_gacha_fixed.png	8ef226e2d102b74d84f61e7fc5bca84be7050f525694c9c1dab0661ad8ef5e58	446f7052779c57ea62ce62da1e16cc3eb7709e321bd76c7558f08037192632dd	旧国服同路径图片含可转移的官方中文可见文本，当前美服图片仍为英文/日文或未简体化；尚未进入现有159张官方覆盖或58张重制清单。	按旧国服官方文字覆盖同尺寸图片。	official-cn-legacy-client-image	False
SOURCE-IMG-0122	unresolved-actionable	resource/image_web/page/gacha/bg_gacha_fixed_02.png	same-geometry	271x43	271x43	1	totentanz:css/gacha/GachaResult.css	A:\magicaOLD\resource\image_web\page\gacha\bg_gacha_fixed_02.png	A:\totentanz-frontend\resource\image_web\page\gacha\bg_gacha_fixed_02.png	C:\Users\proje\Documents\Codex\2026-08-06\https-github-com-hiiraginemu-magireco-wiki-3\work\js_v26_release_final_20260813\magica\resource\image_web\page\gacha\bg_gacha_fixed_02.png	71ca3b27dee524b4462b840d321e8884f324008ea79f921a5a6a6667744a54de	d63dac67cf78976a18f432d93f558db0b175f6aaaabaaeef7dc2e947902ada48	旧国服同路径图片含可转移的官方中文可见文本，当前美服图片仍为英文/日文或未简体化；尚未进入现有159张官方覆盖或58张重制清单。	按旧国服官方文字覆盖同尺寸图片。	official-cn-legacy-client-image	False
SOURCE-IMG-0123	unresolved-actionable	resource/image_web/page/gacha/gacha_coin_wrap.png	same-geometry	270x28	270x28	1	totentanz:css/gacha/GachaResult.css	A:\magicaOLD\resource\image_web\page\gacha\gacha_coin_wrap.png	A:\totentanz-frontend\resource\image_web\page\gacha\gacha_coin_wrap.png	C:\Users\proje\Documents\Codex\2026-08-06\https-github-com-hiiraginemu-magireco-wiki-3\work\js_v26_release_final_20260813\magica\resource\image_web\page\gacha\gacha_coin_wrap.png	28fdd1f4040fcaa11a216b19ce82af16b067c2642b384f1ec38ab64d69efec43	2f546a00145fa56214c0d0bd5719ed0df942a11733e21ecbbefb4949e191fca7	旧国服同路径图片含可转移的官方中文可见文本，当前美服图片仍为英文/日文或未简体化；尚未进入现有159张官方覆盖或58张重制清单。	按旧国服官方文字覆盖同尺寸图片。	official-cn-legacy-client-image	False
SOURCE-IMG-0124	unresolved-actionable	resource/image_web/page/gacha/gacha_purchase_btn.png	same-geometry	85x89	85x89	1	totentanz:css/gacha/GachaTop.css	A:\magicaOLD\resource\image_web\page\gacha\gacha_purchase_btn.png	A:\totentanz-frontend\resource\image_web\page\gacha\gacha_purchase_btn.png	C:\Users\proje\Documents\Codex\2026-08-06\https-github-com-hiiraginemu-magireco-wiki-3\work\js_v26_release_final_20260813\magica\resource\image_web\page\gacha\gacha_purchase_btn.png	34974f1cbe6af7ad069a0b94a21da0668d081cc9094dd47cb9ea0aafdd7e083a	9b70f89048c4b27455da2fb66b47009dabe04ac47f9243992c5eb688c505d0b0	旧国服同路径图片含可转移的官方中文可见文本，当前美服图片仍为英文/日文或未简体化；尚未进入现有159张官方覆盖或58张重制清单。	按旧国服官方文字覆盖同尺寸图片。	official-cn-legacy-client-image	False
SOURCE-IMG-0125	unresolved-actionable	resource/image_web/page/gacha/icon_limited.png	same-geometry	50x50	50x50	1	totentanz:css/gacha/GachaTop.css	A:\magicaOLD\resource\image_web\page\gacha\icon_limited.png	A:\totentanz-frontend\resource\image_web\page\gacha\icon_limited.png	C:\Users\proje\Documents\Codex\2026-08-06\https-github-com-hiiraginemu-magireco-wiki-3\work\js_v26_release_final_20260813\magica\resource\image_web\page\gacha\icon_limited.png	58691bf5983ff38f41e65cddbd68bc71983fee8b5c41f0277fb1414a66fcf976	e466efa7ec2bfca835205547d2e02d6076259951949472e623c44b6210db4416	旧国服同路径图片含可转移的官方中文可见文本，当前美服图片仍为英文/日文或未简体化；尚未进入现有159张官方覆盖或58张重制清单。	按旧国服官方文字覆盖同尺寸图片。	official-cn-legacy-client-image	False
SOURCE-IMG-0126	unresolved-actionable	resource/image_web/page/gacha/selectable/btn_chara_change.png	same-geometry	106x110	106x110	2	totentanz:css/gacha/GachaTop.css | totentanz:css/gacha/GachaTop.css	A:\magicaOLD\resource\image_web\page\gacha\selectable\btn_chara_change.png	A:\totentanz-frontend\resource\image_web\page\gacha\selectable\btn_chara_change.png	C:\Users\proje\Documents\Codex\2026-08-06\https-github-com-hiiraginemu-magireco-wiki-3\work\js_v26_release_final_20260813\magica\resource\image_web\page\gacha\selectable\btn_chara_change.png	f9761ae277a28e3ae0b708f8de0ebeae5c61d200c5d0fb12bc34775a6d48728a	e685f9569e5a451e2bca925320d1250d658a2ff5befa949b8da012e1739146c7	旧国服同路径图片含可转移的官方中文可见文本，当前美服图片仍为英文/日文或未简体化；尚未进入现有159张官方覆盖或58张重制清单。	按旧国服官方文字覆盖同尺寸图片。	official-cn-legacy-client-image	False
SOURCE-IMG-0127	unresolved-actionable	resource/image_web/page/gacha/selectable/btn_chara_select.png	same-geometry	306x90	306x90	5	totentanz:css/gacha/GachaTop.css | totentanz:css/gacha/GachaTop.css | totentanz:css/gacha/GachaTop.css | totentanz:css/gacha/GachaTop.css | totentanz:css/gacha/GachaTop.css	A:\magicaOLD\resource\image_web\page\gacha\selectable\btn_chara_select.png	A:\totentanz-frontend\resource\image_web\page\gacha\selectable\btn_chara_select.png	C:\Users\proje\Documents\Codex\2026-08-06\https-github-com-hiiraginemu-magireco-wiki-3\work\js_v26_release_final_20260813\magica\resource\image_web\page\gacha\selectable\btn_chara_select.png	bb3dae11780462bc50df1f7a3be2386266ec49b76bdb39c7bde419472daaeea4	032fda566446d6b1e6a7f3499e7cb42a5f16195df1872e3c0d168ffb18f3075d	旧国服同路径图片含可转移的官方中文可见文本，当前美服图片仍为英文/日文或未简体化；尚未进入现有159张官方覆盖或58张重制清单。	按旧国服官方文字覆盖同尺寸图片。	official-cn-legacy-client-image	False
SOURCE-IMG-0128	unresolved-actionable	resource/image_web/page/gacha/selectable/btn_detail.png	same-geometry	72x72	72x72	1	totentanz:css/gacha/SelectableGachaCharaSelect.css	A:\magicaOLD\resource\image_web\page\gacha\selectable\btn_detail.png	A:\totentanz-frontend\resource\image_web\page\gacha\selectable\btn_detail.png	C:\Users\proje\Documents\Codex\2026-08-06\https-github-com-hiiraginemu-magireco-wiki-3\work\js_v26_release_final_20260813\magica\resource\image_web\page\gacha\selectable\btn_detail.png	e53d870d06d88c335c281de55af3638073fe87c53679977b4da0f6c2e0328fe0	6b9a0083b41e59d425071856b4c0438e66212aeb0c8cfe56c4ba79f5400bc43e	旧国服同路径图片含可转移的官方中文可见文本，当前美服图片仍为英文/日文或未简体化；尚未进入现有159张官方覆盖或58张重制清单。	按旧国服官方文字覆盖同尺寸图片。	official-cn-legacy-client-image	False
SOURCE-IMG-0129	unresolved-actionable	resource/image_web/page/gacha/selectable/btn_memoria_select.png	same-geometry	306x90	306x90	1	totentanz:css/gacha/GachaTop.css	A:\magicaOLD\resource\image_web\page\gacha\selectable\btn_memoria_select.png	A:\totentanz-frontend\resource\image_web\page\gacha\selectable\btn_memoria_select.png	C:\Users\proje\Documents\Codex\2026-08-06\https-github-com-hiiraginemu-magireco-wiki-3\work\js_v26_release_final_20260813\magica\resource\image_web\page\gacha\selectable\btn_memoria_select.png	83039500e11121e1b89a7b8f79f53295e54c7cb70b6863cba711613f3ffcef06	9dd70531e2fe67136ac1146cd3d24051faa31ebf1f68f8631af65592acb2f594	旧国服同路径图片含可转移的官方中文可见文本，当前美服图片仍为英文/日文或未简体化；尚未进入现有159张官方覆盖或58张重制清单。	按旧国服官方文字覆盖同尺寸图片。	official-cn-legacy-client-image	False
SOURCE-IMG-0130	unresolved-actionable	resource/image_web/page/gacha/selectable/btn_memorial_change.png	same-geometry	106x110	106x110	1	totentanz:css/gacha/GachaTop.css	A:\magicaOLD\resource\image_web\page\gacha\selectable\btn_memorial_change.png	A:\totentanz-frontend\resource\image_web\page\gacha\selectable\btn_memorial_change.png	C:\Users\proje\Documents\Codex\2026-08-06\https-github-com-hiiraginemu-magireco-wiki-3\work\js_v26_release_final_20260813\magica\resource\image_web\page\gacha\selectable\btn_memorial_change.png	873e41b846f7d0dce8f18cfde3b71be713d9d11ce03c6a8efc87de5e7545eed0	38a620f12d66b5389d3b455f0ffabe1a0f409f2cf0192b3bcf9152a77b4897c2	旧国服同路径图片含可转移的官方中文可见文本，当前美服图片仍为英文/日文或未简体化；尚未进入现有159张官方覆盖或58张重制清单。	按旧国服官方文字覆盖同尺寸图片。	official-cn-legacy-client-image	False
SOURCE-IMG-0131	unresolved-actionable	resource/image_web/page/gacha/selectable/btn_voice.png	same-geometry	72x72	72x72	1	totentanz:css/gacha/SelectableGachaCharaSelect.css	A:\magicaOLD\resource\image_web\page\gacha\selectable\btn_voice.png	A:\totentanz-frontend\resource\image_web\page\gacha\selectable\btn_voice.png	C:\Users\proje\Documents\Codex\2026-08-06\https-github-com-hiiraginemu-magireco-wiki-3\work\js_v26_release_final_20260813\magica\resource\image_web\page\gacha\selectable\btn_voice.png	531a8948b388655338352cbf536e4e19cedbfc14f1baeff56c7cc045c43aea16	7c1300d152df8fb386e94cc979ce5ece3f9b2a4983c79ff5e11355dab0654c0b	旧国服同路径图片含可转移的官方中文可见文本，当前美服图片仍为英文/日文或未简体化；尚未进入现有159张官方覆盖或58张重制清单。	按旧国服官方文字覆盖同尺寸图片。	official-cn-legacy-client-image	False
SOURCE-IMG-0132	unresolved-actionable	resource/image_web/page/gacha/tag_chara.png	same-geometry	244x38	244x38	2	totentanz:css/gacha/GachaResult.css | totentanz:css/present/GachaHistory.css	A:\magicaOLD\resource\image_web\page\gacha\tag_chara.png	A:\totentanz-frontend\resource\image_web\page\gacha\tag_chara.png	C:\Users\proje\Documents\Codex\2026-08-06\https-github-com-hiiraginemu-magireco-wiki-3\work\js_v26_release_final_20260813\magica\resource\image_web\page\gacha\tag_chara.png	74bacd01d12bf40c26c0ad79772a023e0038f8eaadc2e2f016d04d0b5b25cd31	f9df0ce6f5161fdbf7fa9feb61640cdfbccc145724bc2848c2dc129510438462	旧国服同路径图片含可转移的官方中文可见文本，当前美服图片仍为英文/日文或未简体化；尚未进入现有159张官方覆盖或58张重制清单。	按旧国服官方文字覆盖同尺寸图片。	official-cn-legacy-client-image	False
SOURCE-IMG-0133	unresolved-actionable	resource/image_web/page/gacha/tag_chara_s.png	geometry-drift	128x26	128x27	2	totentanz:css/gacha/GachaResult.css | totentanz:css/present/GachaHistory.css	A:\magicaOLD\resource\image_web\page\gacha\tag_chara_s.png	A:\totentanz-frontend\resource\image_web\page\gacha\tag_chara_s.png	C:\Users\proje\Documents\Codex\2026-08-06\https-github-com-hiiraginemu-magireco-wiki-3\work\js_v26_release_final_20260813\magica\resource\image_web\page\gacha\tag_chara_s.png	6679e07d43f678e960d04e0149feae4d8a493c643d5147917ba0dc0a62850e07	23bba1c165ac228d9b490cfe7d18ac0a82189c57f23892b22bb5b7d55ea33124	旧国服同路径图片含可转移的官方中文可见文本，当前美服图片仍为英文/日文或未简体化；尚未进入现有159张官方覆盖或58张重制清单。	保留当前美服画布尺寸与结构，重制旧国服官方中文文字；禁止直接覆盖尺寸漂移图片。	official-cn-legacy-client-image	False
SOURCE-IMG-0134	unresolved-actionable	resource/image_web/page/gacha/tag_jem.png	same-geometry	244x38	244x38	2	totentanz:css/gacha/GachaResult.css | totentanz:css/present/GachaHistory.css	A:\magicaOLD\resource\image_web\page\gacha\tag_jem.png	A:\totentanz-frontend\resource\image_web\page\gacha\tag_jem.png	C:\Users\proje\Documents\Codex\2026-08-06\https-github-com-hiiraginemu-magireco-wiki-3\work\js_v26_release_final_20260813\magica\resource\image_web\page\gacha\tag_jem.png	f47b42f28df17cae66a2d974179cbcf3b7b99f1f287b9a849b15756cfc1c1729	50e5327f4f36dfaba1baa7acfd42957874cd9192d0b6a1e2ff8d130c5d909ebe	旧国服同路径图片含可转移的官方中文可见文本，当前美服图片仍为英文/日文或未简体化；尚未进入现有159张官方覆盖或58张重制清单。	按旧国服官方文字覆盖同尺寸图片。	official-cn-legacy-client-image	False
SOURCE-IMG-0135	unresolved-actionable	resource/image_web/page/gacha/tag_jem_s.png	same-geometry	128x26	128x26	2	totentanz:css/gacha/GachaResult.css | totentanz:css/present/GachaHistory.css	A:\magicaOLD\resource\image_web\page\gacha\tag_jem_s.png	A:\totentanz-frontend\resource\image_web\page\gacha\tag_jem_s.png	C:\Users\proje\Documents\Codex\2026-08-06\https-github-com-hiiraginemu-magireco-wiki-3\work\js_v26_release_final_20260813\magica\resource\image_web\page\gacha\tag_jem_s.png	d93240312dcd565c1673a95c806a935bfd9306ae639540e7b5733c51bdbe8286	98a66ca0ce2af53d57551cf1cbdca13c782f6c38149a71583c634f61205c857c	旧国服同路径图片含可转移的官方中文可见文本，当前美服图片仍为英文/日文或未简体化；尚未进入现有159张官方覆盖或58张重制清单。	按旧国服官方文字覆盖同尺寸图片。	official-cn-legacy-client-image	False
SOURCE-IMG-0136	unresolved-actionable	resource/image_web/page/gacha/tag_memoria.png	same-geometry	244x38	244x38	2	totentanz:css/gacha/GachaResult.css | totentanz:css/present/GachaHistory.css	A:\magicaOLD\resource\image_web\page\gacha\tag_memoria.png	A:\totentanz-frontend\resource\image_web\page\gacha\tag_memoria.png	C:\Users\proje\Documents\Codex\2026-08-06\https-github-com-hiiraginemu-magireco-wiki-3\work\js_v26_release_final_20260813\magica\resource\image_web\page\gacha\tag_memoria.png	fdcf7a0995246d17333823300c54d3e86aa9f40c31abc2962a80266dc8801fc0	6de6b150bf6f81dbc616f7de302708326df98d4ef17d5b6e7daf39812a01abc8	旧国服同路径图片含可转移的官方中文可见文本，当前美服图片仍为英文/日文或未简体化；尚未进入现有159张官方覆盖或58张重制清单。	按旧国服官方文字覆盖同尺寸图片。	official-cn-legacy-client-image	False
SOURCE-IMG-0137	unresolved-actionable	resource/image_web/page/gacha/tag_memoria_s.png	geometry-drift	128x26	128x25	2	totentanz:css/gacha/GachaResult.css | totentanz:css/present/GachaHistory.css	A:\magicaOLD\resource\image_web\page\gacha\tag_memoria_s.png	A:\totentanz-frontend\resource\image_web\page\gacha\tag_memoria_s.png	C:\Users\proje\Documents\Codex\2026-08-06\https-github-com-hiiraginemu-magireco-wiki-3\work\js_v26_release_final_20260813\magica\resource\image_web\page\gacha\tag_memoria_s.png	c6ffdccdcd7a7922688604993304114c3f9a493a35e615eabf10b022aeedda61	3d32832835082c0a203431dc8c2d22e544cb0923fa0a621508146d75100c8174	旧国服同路径图片含可转移的官方中文可见文本，当前美服图片仍为英文/日文或未简体化；尚未进入现有159张官方覆盖或58张重制清单。	保留当前美服画布尺寸与结构，重制旧国服官方中文文字；禁止直接覆盖尺寸漂移图片。	official-cn-legacy-client-image	False
SOURCE-IMG-0138	unresolved-actionable	resource/image_web/page/item/tag_cristal.png	same-geometry	70x90	70x90	1	totentanz:css/item/ItemListTop.css	A:\magicaOLD\resource\image_web\page\item\tag_cristal.png	A:\totentanz-frontend\resource\image_web\page\item\tag_cristal.png	C:\Users\proje\Documents\Codex\2026-08-06\https-github-com-hiiraginemu-magireco-wiki-3\work\js_v26_release_final_20260813\magica\resource\image_web\page\item\tag_cristal.png	d64b0da445e7e6e4067d45a64b68ac6997607cbb4960849faf80b6eb9959d259	85b07759a25c766afa296918ef2f5dd70d5c197ef0c872a31b3a390812ca2f18	旧国服同路径图片含可转移的官方中文可见文本，当前美服图片仍为英文/日文或未简体化；尚未进入现有159张官方覆盖或58张重制清单。	按旧国服官方文字覆盖同尺寸图片。	official-cn-legacy-client-image	False
SOURCE-IMG-0139	unresolved-actionable	resource/image_web/page/memoria/equip/btn_memoria_ascending.png	same-geometry	80x24	80x24	1	totentanz:css/memoria/MemoriaEquip.css	A:\magicaOLD\resource\image_web\page\memoria\equip\btn_memoria_ascending.png	A:\totentanz-frontend\resource\image_web\page\memoria\equip\btn_memoria_ascending.png	C:\Users\proje\Documents\Codex\2026-08-06\https-github-com-hiiraginemu-magireco-wiki-3\work\js_v26_release_final_20260813\magica\resource\image_web\page\memoria\equip\btn_memoria_ascending.png	9a5de81a9c4f8b1bd17cbeb706bf061cbde471f5abbe437df4e817755e15ba79	98f36979b35a82cb6b51fb5a86907f144f535782253e6dd42d3104534de253c2	旧国服同路径图片含可转移的官方中文可见文本，当前美服图片仍为英文/日文或未简体化；尚未进入现有159张官方覆盖或58张重制清单。	按旧国服官方文字覆盖同尺寸图片。	official-cn-legacy-client-image	False
SOURCE-IMG-0140	unresolved-actionable	resource/image_web/page/memoria/equip/btn_memoria_descending.png	same-geometry	80x24	80x24	1	totentanz:css/memoria/MemoriaEquip.css	A:\magicaOLD\resource\image_web\page\memoria\equip\btn_memoria_descending.png	A:\totentanz-frontend\resource\image_web\page\memoria\equip\btn_memoria_descending.png	C:\Users\proje\Documents\Codex\2026-08-06\https-github-com-hiiraginemu-magireco-wiki-3\work\js_v26_release_final_20260813\magica\resource\image_web\page\memoria\equip\btn_memoria_descending.png	edb62689c8d56230cca6e5d3700f598b1f4abf439e029283be69935096a24450	a71ed75779a530d7f517bd22ebfb5c4ea315a35f70cf4c6b6b7eb55cfd4deb37	旧国服同路径图片含可转移的官方中文可见文本，当前美服图片仍为英文/日文或未简体化；尚未进入现有159张官方覆盖或58张重制清单。	按旧国服官方文字覆盖同尺寸图片。	official-cn-legacy-client-image	False
SOURCE-IMG-0141	unresolved-actionable	resource/image_web/page/memoria/equip/btn_ok.png	same-geometry	112x118	112x118	3	totentanz:css/gacha/SelectableGachaCharaSelect.css | totentanz:css/gacha/SelectableGachaPieceSelect.css | totentanz:css/memoria/MemoriaEquip.css	A:\magicaOLD\resource\image_web\page\memoria\equip\btn_ok.png	A:\totentanz-frontend\resource\image_web\page\memoria\equip\btn_ok.png	C:\Users\proje\Documents\Codex\2026-08-06\https-github-com-hiiraginemu-magireco-wiki-3\work\js_v26_release_final_20260813\magica\resource\image_web\page\memoria\equip\btn_ok.png	8fff941917319d71b36a9fbbc984209710f850f400b986420815ce2b1084060a	aa8a0b76b5ffd7010ac85930d1f35ccf16d26dbff41bf16314928884bbb5b01d	旧国服同路径图片含可转移的官方中文可见文本，当前美服图片仍为英文/日文或未简体化；尚未进入现有159张官方覆盖或58张重制清单。	按旧国服官方文字覆盖同尺寸图片。	official-cn-legacy-client-image	False
SOURCE-IMG-0142	unresolved-actionable	resource/image_web/page/memoria/equip/btn_ok_gray.png	same-geometry	112x118	112x118	3	totentanz:css/gacha/SelectableGachaCharaSelect.css | totentanz:css/gacha/SelectableGachaPieceSelect.css | totentanz:css/memoria/MemoriaEquip.css	A:\magicaOLD\resource\image_web\page\memoria\equip\btn_ok_gray.png	A:\totentanz-frontend\resource\image_web\page\memoria\equip\btn_ok_gray.png	C:\Users\proje\Documents\Codex\2026-08-06\https-github-com-hiiraginemu-magireco-wiki-3\work\js_v26_release_final_20260813\magica\resource\image_web\page\memoria\equip\btn_ok_gray.png	1300664c908b384e7340fb58fa7661e46f8c9420975506a4f3bbeb69c59a2a40	d45544a426f71237a0f936e702f7e2513ebb68f18d15d5588317d7745d2721bc	旧国服同路径图片含可转移的官方中文可见文本，当前美服图片仍为英文/日文或未简体化；尚未进入现有159张官方覆盖或58张重制清单。	按旧国服官方文字覆盖同尺寸图片。	official-cn-legacy-client-image	False
SOURCE-IMG-0143	unresolved-actionable	resource/image_web/page/memoria/equip/btn_set_cancel.png	same-geometry	174x64	174x64	1	totentanz:css/memoria/MemoriaSetEquip.css	A:\magicaOLD\resource\image_web\page\memoria\equip\btn_set_cancel.png	A:\totentanz-frontend\resource\image_web\page\memoria\equip\btn_set_cancel.png	C:\Users\proje\Documents\Codex\2026-08-06\https-github-com-hiiraginemu-magireco-wiki-3\work\js_v26_release_final_20260813\magica\resource\image_web\page\memoria\equip\btn_set_cancel.png	a2c3650bdd31cfc9bd8645613ec4c83183db92f0dff6f81303eb1c0dd1001d9f	22c71a04fba9dde5f012a0a4b7926331602443f9ed6c7e298b0bc2163d3976f4	旧国服同路径图片含可转移的官方中文可见文本，当前美服图片仍为英文/日文或未简体化；尚未进入现有159张官方覆盖或58张重制清单。	按旧国服官方文字覆盖同尺寸图片。	official-cn-legacy-client-image	False
SOURCE-IMG-0144	unresolved-actionable	resource/image_web/page/memoria/equip/btn_set_current.png	same-geometry	174x64	174x64	1	totentanz:css/memoria/MemoriaSetEquip.css	A:\magicaOLD\resource\image_web\page\memoria\equip\btn_set_current.png	A:\totentanz-frontend\resource\image_web\page\memoria\equip\btn_set_current.png	C:\Users\proje\Documents\Codex\2026-08-06\https-github-com-hiiraginemu-magireco-wiki-3\work\js_v26_release_final_20260813\magica\resource\image_web\page\memoria\equip\btn_set_current.png	d83b984c6000df09946c2909587a90028ec63113cbf4076be6ffa6775796736a	700f43499f2a417cf3a5716688964a62dd53429f8392a8c41302a00c9260facd	旧国服同路径图片含可转移的官方中文可见文本，当前美服图片仍为英文/日文或未简体化；尚未进入现有159张官方覆盖或58张重制清单。	按旧国服官方文字覆盖同尺寸图片。	official-cn-legacy-client-image	False
SOURCE-IMG-0145	unresolved-actionable	resource/image_web/page/memoria/equip/btn_set_rename.png	same-geometry	102x22	102x22	2	totentanz:css/memoria/MemoriaSetEquip.css | totentanz:css/memoria/MemoriaSetList.css	A:\magicaOLD\resource\image_web\page\memoria\equip\btn_set_rename.png	A:\totentanz-frontend\resource\image_web\page\memoria\equip\btn_set_rename.png	C:\Users\proje\Documents\Codex\2026-08-06\https-github-com-hiiraginemu-magireco-wiki-3\work\js_v26_release_final_20260813\magica\resource\image_web\page\memoria\equip\btn_set_rename.png	2eadc5363af5751dbdee202b4e5778b85b2f3ad5095cde0713415f6be2f351bc	f3549443a6d7f4d61a4a228b25ef5ac24d40f6184f58698c06e12c514aa9ee65	旧国服同路径图片含可转移的官方中文可见文本，当前美服图片仍为英文/日文或未简体化；尚未进入现有159张官方覆盖或58张重制清单。	按旧国服官方文字覆盖同尺寸图片。	official-cn-legacy-client-image	False
SOURCE-IMG-0146	unresolved-actionable	resource/image_web/page/memoria/memoria_compose_run.png	same-geometry	104x108	104x108	2	totentanz:css/memoria/MemoriaComposeTop.css | product:css/memoria/MemoriaComposeTop.css	A:\magicaOLD\resource\image_web\page\memoria\memoria_compose_run.png	A:\totentanz-frontend\resource\image_web\page\memoria\memoria_compose_run.png	C:\Users\proje\Documents\Codex\2026-08-06\https-github-com-hiiraginemu-magireco-wiki-3\work\js_v26_release_final_20260813\magica\resource\image_web\page\memoria\memoria_compose_run.png	b8c296b55064f825b43bcc9adcefcedfefea9290f1d15203563fd7db86f1a9f5	973e03b2cf976279f40453222a855e28998f9b7016589cd118e8ab5cbf982720	旧国服同路径图片含可转移的官方中文可见文本，当前美服图片仍为英文/日文或未简体化；尚未进入现有159张官方覆盖或58张重制清单。	按旧国服官方文字覆盖同尺寸图片。	official-cn-legacy-client-image	False
SOURCE-IMG-0147	unresolved-actionable	resource/image_web/page/memoria/memoria_limitbreak_run.png	geometry-drift	104x108	106x111	2	totentanz:css/memoria/MemoriaComposeTop.css | product:css/memoria/MemoriaComposeTop.css	A:\magicaOLD\resource\image_web\page\memoria\memoria_limitbreak_run.png	A:\totentanz-frontend\resource\image_web\page\memoria\memoria_limitbreak_run.png	C:\Users\proje\Documents\Codex\2026-08-06\https-github-com-hiiraginemu-magireco-wiki-3\work\js_v26_release_final_20260813\magica\resource\image_web\page\memoria\memoria_limitbreak_run.png	3225733d3c8a5ec34dba218cd257aefd81e30f484242f678f4335020cfc5bd23	bdaad1fb340d6486c5301246bda6706c1021998915b5817d1621b39f45d8fbfc	旧国服同路径图片含可转移的官方中文可见文本，当前美服图片仍为英文/日文或未简体化；尚未进入现有159张官方覆盖或58张重制清单。	保留当前美服画布尺寸与结构，重制旧国服官方中文文字；禁止直接覆盖尺寸漂移图片。	official-cn-legacy-client-image	False
SOURCE-IMG-0148	unresolved-actionable	resource/image_web/page/memoria/memoriatop_btn_compose_b.png	same-geometry	166x224	166x224	1	totentanz:css/memoria/MemoriaTop.css	A:\magicaOLD\resource\image_web\page\memoria\memoriatop_btn_compose_b.png	A:\totentanz-frontend\resource\image_web\page\memoria\memoriatop_btn_compose_b.png	C:\Users\proje\Documents\Codex\2026-08-06\https-github-com-hiiraginemu-magireco-wiki-3\work\js_v26_release_final_20260813\magica\resource\image_web\page\memoria\memoriatop_btn_compose_b.png	4987739b17b039136dd2dd7332f8fe442c2f203fa79f60b81858e32728cb4a84	3312f6d98b31696c073a5729f9a37e68d122b416a857b9036e84f13a891cc742	旧国服同路径图片含可转移的官方中文可见文本，当前美服图片仍为英文/日文或未简体化；尚未进入现有159张官方覆盖或58张重制清单。	按旧国服官方文字覆盖同尺寸图片。	official-cn-legacy-client-image	False
SOURCE-IMG-0149	unresolved-actionable	resource/image_web/page/memoria/memoriatop_btn_limitbreak_b.png	same-geometry	166x224	166x224	1	totentanz:css/memoria/MemoriaTop.css	A:\magicaOLD\resource\image_web\page\memoria\memoriatop_btn_limitbreak_b.png	A:\totentanz-frontend\resource\image_web\page\memoria\memoriatop_btn_limitbreak_b.png	C:\Users\proje\Documents\Codex\2026-08-06\https-github-com-hiiraginemu-magireco-wiki-3\work\js_v26_release_final_20260813\magica\resource\image_web\page\memoria\memoriatop_btn_limitbreak_b.png	a8d7b91f7b967fadbddf6164f66bcc07bd4f189f89e003a656c06f801a43553a	717a0da14adc7b238b7284def21c38cf574f8963cd9db690c4b033363c5e9a3f	旧国服同路径图片含可转移的官方中文可见文本，当前美服图片仍为英文/日文或未简体化；尚未进入现有159张官方覆盖或58张重制清单。	按旧国服官方文字覆盖同尺寸图片。	official-cn-legacy-client-image	False
SOURCE-IMG-0150	unresolved-actionable	resource/image_web/page/memoria/memoriatop_btn_list_b.png	same-geometry	166x224	166x224	1	totentanz:css/memoria/MemoriaTop.css	A:\magicaOLD\resource\image_web\page\memoria\memoriatop_btn_list_b.png	A:\totentanz-frontend\resource\image_web\page\memoria\memoriatop_btn_list_b.png	C:\Users\proje\Documents\Codex\2026-08-06\https-github-com-hiiraginemu-magireco-wiki-3\work\js_v26_release_final_20260813\magica\resource\image_web\page\memoria\memoriatop_btn_list_b.png	8e31e24bbaea90bbd7507066cf1d40e5df564e168d8efd3a04bdc457f01a5a27	6a9dbb591ee4823110e7682aceff4b77c80ebe7754a5bd3efcdca12bb12066e4	旧国服同路径图片含可转移的官方中文可见文本，当前美服图片仍为英文/日文或未简体化；尚未进入现有159张官方覆盖或58张重制清单。	按旧国服官方文字覆盖同尺寸图片。	official-cn-legacy-client-image	False
SOURCE-IMG-0151	unresolved-actionable	resource/image_web/page/memoria/memoriatop_btn_sale_b.png	same-geometry	166x224	166x224	1	totentanz:css/memoria/MemoriaTop.css	A:\magicaOLD\resource\image_web\page\memoria\memoriatop_btn_sale_b.png	A:\totentanz-frontend\resource\image_web\page\memoria\memoriatop_btn_sale_b.png	C:\Users\proje\Documents\Codex\2026-08-06\https-github-com-hiiraginemu-magireco-wiki-3\work\js_v26_release_final_20260813\magica\resource\image_web\page\memoria\memoriatop_btn_sale_b.png	b921bebdff8b10ac2778440ea1cce9fc03cacc1ac8099fefe2225dc981a02034	6952a4a90bf325e7af4fd86d0414b65d710155227b0ec716968aea54d95d7d9c	旧国服同路径图片含可转移的官方中文可见文本，当前美服图片仍为英文/日文或未简体化；尚未进入现有159张官方覆盖或58张重制清单。	按旧国服官方文字覆盖同尺寸图片。	official-cn-legacy-client-image	False
SOURCE-IMG-0152	unresolved-actionable	resource/image_web/page/memoria/memoriatop_btn_set_a.png	same-geometry	166x224	166x224	1	totentanz:css/memoria/MemoriaTop.css	A:\magicaOLD\resource\image_web\page\memoria\memoriatop_btn_set_a.png	A:\totentanz-frontend\resource\image_web\page\memoria\memoriatop_btn_set_a.png	C:\Users\proje\Documents\Codex\2026-08-06\https-github-com-hiiraginemu-magireco-wiki-3\work\js_v26_release_final_20260813\magica\resource\image_web\page\memoria\memoriatop_btn_set_a.png	4c5c6d1c61f41fe57dd15a66f4a18965acb34c8c7f0cc26aced83f43c37e8aa8	87a1c418de426cff22b1bdb27613733eda6e9faf46c91b90b0ffbafaefb89d0f	旧国服同路径图片含可转移的官方中文可见文本，当前美服图片仍为英文/日文或未简体化；尚未进入现有159张官方覆盖或58张重制清单。	按旧国服官方文字覆盖同尺寸图片。	official-cn-legacy-client-image	False
SOURCE-IMG-0153	unresolved-actionable	resource/image_web/page/memoria/memoriatop_btn_storage.png	same-geometry	166x224	166x224	1	totentanz:css/memoria/MemoriaTop.css	A:\magicaOLD\resource\image_web\page\memoria\memoriatop_btn_storage.png	A:\totentanz-frontend\resource\image_web\page\memoria\memoriatop_btn_storage.png	C:\Users\proje\Documents\Codex\2026-08-06\https-github-com-hiiraginemu-magireco-wiki-3\work\js_v26_release_final_20260813\magica\resource\image_web\page\memoria\memoriatop_btn_storage.png	a6f44f718190c61654c0c26dea22747acd8e18c83296620239967ac30189fd13	7355b3134bfb7f22732fac2bd7f060fb99dcfd18a89df19ea32389d950633aa3	旧国服同路径图片含可转移的官方中文可见文本，当前美服图片仍为英文/日文或未简体化；尚未进入现有159张官方覆盖或58张重制清单。	按旧国服官方文字覆盖同尺寸图片。	official-cn-legacy-client-image	False
SOURCE-IMG-0154	unresolved-actionable	resource/image_web/page/mission/doppelMission/common/anim_title.png	same-geometry	564x82	564x82	2	totentanz:css/mission/DoppelMissionTop.css | totentanz:css/test/RaidAnimationTest.css	A:\magicaOLD\resource\image_web\page\mission\doppelMission\common\anim_title.png	A:\totentanz-frontend\resource\image_web\page\mission\doppelMission\common\anim_title.png	C:\Users\proje\Documents\Codex\2026-08-06\https-github-com-hiiraginemu-magireco-wiki-3\work\js_v26_release_final_20260813\magica\resource\image_web\page\mission\doppelMission\common\anim_title.png	a6766f64087be8aabca7f04a9959fbda9f2ee33685aad9cbd953f10e23324fbd	050bdd3ba1d9a3a62aa3f20e9a570712550a8ac1530b8173e5a8f330e587d466	旧国服同路径图片含可转移的官方中文可见文本，当前美服图片仍为英文/日文或未简体化；尚未进入现有159张官方覆盖或58张重制清单。	按旧国服官方文字覆盖同尺寸图片。	official-cn-legacy-client-image	False
SOURCE-IMG-0155	unresolved-actionable	resource/image_web/page/mission/doppelMission/common/bg_progress_a.png	same-geometry	364x84	364x84	1	totentanz:css/mission/DoppelMissionTop.css	A:\magicaOLD\resource\image_web\page\mission\doppelMission\common\bg_progress_a.png	A:\totentanz-frontend\resource\image_web\page\mission\doppelMission\common\bg_progress_a.png	C:\Users\proje\Documents\Codex\2026-08-06\https-github-com-hiiraginemu-magireco-wiki-3\work\js_v26_release_final_20260813\magica\resource\image_web\page\mission\doppelMission\common\bg_progress_a.png	ad7203aed30246df5022e52738471043bba0a1a0046175506e2bb282e99b0fa4	3c039fef51e7b04fe6e4c4152e0fa30f612e3fe51cdc33fc9a323ba9a5d4e439	旧国服同路径图片含可转移的官方中文可见文本，当前美服图片仍为英文/日文或未简体化；尚未进入现有159张官方覆盖或58张重制清单。	按旧国服官方文字覆盖同尺寸图片。	official-cn-legacy-client-image	False
SOURCE-IMG-0156	unresolved-actionable	resource/image_web/page/mission/panelMission/common/btn_challenge.png	same-geometry	110x34	110x34	1	totentanz:css/mission/PanelMissionTop.css	A:\magicaOLD\resource\image_web\page\mission\panelMission\common\btn_challenge.png	A:\totentanz-frontend\resource\image_web\page\mission\panelMission\common\btn_challenge.png	C:\Users\proje\Documents\Codex\2026-08-06\https-github-com-hiiraginemu-magireco-wiki-3\work\js_v26_release_final_20260813\magica\resource\image_web\page\mission\panelMission\common\btn_challenge.png	695b39cecde92d30296aff3aee6b40844b557103f144d23753ba6e0d9df5f860	adf4630ebaa942aba7532fc33f7ec30639a48d6445688a88ac032284922b52b6	旧国服同路径图片含可转移的官方中文可见文本，当前美服图片仍为英文/日文或未简体化；尚未进入现有159张官方覆盖或58张重制清单。	按旧国服官方文字覆盖同尺寸图片。	official-cn-legacy-client-image	False
SOURCE-IMG-0157	unresolved-actionable	resource/image_web/page/mission/panelMission/common/btn_get.png	same-geometry	110x34	110x34	1	totentanz:css/mission/PanelMissionTop.css	A:\magicaOLD\resource\image_web\page\mission\panelMission\common\btn_get.png	A:\totentanz-frontend\resource\image_web\page\mission\panelMission\common\btn_get.png	C:\Users\proje\Documents\Codex\2026-08-06\https-github-com-hiiraginemu-magireco-wiki-3\work\js_v26_release_final_20260813\magica\resource\image_web\page\mission\panelMission\common\btn_get.png	33473316a78b09a3730ca5c0a7e45f15513b2c117f9d6e357c903da8afd2f80e	1750684d716ac4f4bc2fb446a156c92ee92ee73b93db5d60f183302e7a637556	旧国服同路径图片含可转移的官方中文可见文本，当前美服图片仍为英文/日文或未简体化；尚未进入现有159张官方覆盖或58张重制清单。	按旧国服官方文字覆盖同尺寸图片。	official-cn-legacy-client-image	False
SOURCE-IMG-0158	unresolved-actionable	resource/image_web/page/mission/panelMission/common/btn_get_gray.png	same-geometry	110x34	110x34	1	totentanz:css/mission/PanelMissionTop.css	A:\magicaOLD\resource\image_web\page\mission\panelMission\common\btn_get_gray.png	A:\totentanz-frontend\resource\image_web\page\mission\panelMission\common\btn_get_gray.png	C:\Users\proje\Documents\Codex\2026-08-06\https-github-com-hiiraginemu-magireco-wiki-3\work\js_v26_release_final_20260813\magica\resource\image_web\page\mission\panelMission\common\btn_get_gray.png	07d18a8906fe7ac41799648a229ca9b92a88c90799579cf6b994fef7f678776d	11fc4f8bc0a27d852e3b4906579bff3cfdd9f507ea7682e088319c2f6b07d4df	旧国服同路径图片含可转移的官方中文可见文本，当前美服图片仍为英文/日文或未简体化；尚未进入现有159张官方覆盖或58张重制清单。	按旧国服官方文字覆盖同尺寸图片。	official-cn-legacy-client-image	False
SOURCE-IMG-0159	unresolved-actionable	resource/image_web/page/mission/panelMission/common/icon_panelmission_clear.png	same-geometry	132x132	132x132	1	totentanz:css/mission/PanelMissionTop.css	A:\magicaOLD\resource\image_web\page\mission\panelMission\common\icon_panelmission_clear.png	A:\totentanz-frontend\resource\image_web\page\mission\panelMission\common\icon_panelmission_clear.png	C:\Users\proje\Documents\Codex\2026-08-06\https-github-com-hiiraginemu-magireco-wiki-3\work\js_v26_release_final_20260813\magica\resource\image_web\page\mission\panelMission\common\icon_panelmission_clear.png	29dfc505f4cc2750ace6188604bb703380ffed318f4aec5460c9d90d54cbfa3b	f614ace52b3311106a0e9fbd41e16a632f0b9a65994186014ff0cdc9faac0bfd	旧国服同路径图片含可转移的官方中文可见文本，当前美服图片仍为英文/日文或未简体化；尚未进入现有159张官方覆盖或58张重制清单。	按旧国服官方文字覆盖同尺寸图片。	official-cn-legacy-client-image	False
SOURCE-IMG-0160	unresolved-actionable	resource/image_web/page/mission/panelMission/common/mission_complete_b.png	same-geometry	462x53	462x53	1	totentanz:css/mission/PanelMissionTop.css	A:\magicaOLD\resource\image_web\page\mission\panelMission\common\mission_complete_b.png	A:\totentanz-frontend\resource\image_web\page\mission\panelMission\common\mission_complete_b.png	C:\Users\proje\Documents\Codex\2026-08-06\https-github-com-hiiraginemu-magireco-wiki-3\work\js_v26_release_final_20260813\magica\resource\image_web\page\mission\panelMission\common\mission_complete_b.png	67d8d63dc0a83f393a0df258f771fc23e188757411cc957fc71be74ac65e40be	9a9fa5cc2491be0c66c756bd996d9b39b78705709c331e88d9ee63613d6e9a53	旧国服同路径图片含可转移的官方中文可见文本，当前美服图片仍为英文/日文或未简体化；尚未进入现有159张官方覆盖或58张重制清单。	按旧国服官方文字覆盖同尺寸图片。	official-cn-legacy-client-image	False
