file	stable_key	field	baseline_value	current_value	value_type	coverage_status	explicit_source_covered	whole_file_copy_uncovered_regression	transition_count	layer_chain	recipe_rows	authority_types	source_locators	chain_exact	simulated_final_matches_product	known_pass11_90360
cardList.json	11214	cardName	結菜・樹里	结菜·树里	str	EXACT_CHAIN_COVERED	True	False	2	pass28 -> pass30	C:\Users\proje\Documents\Codex\2026-08-06\https-github-com-hiiraginemu-magireco-wiki-3\work\pass17_max_integrated\release\authority_layer_ledger_571.tsv#sequence=227 | C:\Users\proje\Documents\Codex\2026-08-06\https-github-com-hiiraginemu-magireco-wiki-3\work\pass17_max_integrated\release\authority_layer_ledger_571.tsv#sequence=448	closed_simplified_chinese_orthography_non_official_lock | typed Wiki character record	reviewed bridge + OpenCC t2s; exact non-Han skeleton preserved | characters.json/结菜_树里_吸血鬼ver@42641f87818b37262032fd4dc5d5c756a48fed7a	True	True	False
cardList.json	11215	cardName	結菜・樹里	结菜·树里	str	EXACT_CHAIN_COVERED	True	False	2	pass28 -> pass30	C:\Users\proje\Documents\Codex\2026-08-06\https-github-com-hiiraginemu-magireco-wiki-3\work\pass17_max_integrated\release\authority_layer_ledger_571.tsv#sequence=228 | C:\Users\proje\Documents\Codex\2026-08-06\https-github-com-hiiraginemu-magireco-wiki-3\work\pass17_max_integrated\release\authority_layer_ledger_571.tsv#sequence=449	closed_simplified_chinese_orthography_non_official_lock | typed Wiki character record	reviewed bridge + OpenCC t2s; exact non-Han skeleton preserved | characters.json/结菜_树里_吸血鬼ver@42641f87818b37262032fd4dc5d5c756a48fed7a	True	True	False
cardList.json	30413	cardName	………	柚希步鸟	str	EXACT_CHAIN_COVERED	True	False	1	pass13_card_identity	C:\Users\proje\Documents\Codex\2026-08-06\https-github-com-hiiraginemu-magireco-wiki-3\work\pass15_authority\magica\i18n_audit\wiki_authority_pass13_card_identity\card_identity_corrections.json#index=1;cardId=30413	wiki_typed_character_id+baseline_pre_llm	wiki typed characterId=3041	True	True	False
cardList.json	30414	cardName	………	柚希步鸟	str	EXACT_CHAIN_COVERED	True	False	1	pass13_card_identity	C:\Users\proje\Documents\Codex\2026-08-06\https-github-com-hiiraginemu-magireco-wiki-3\work\pass15_authority\magica\i18n_audit\wiki_authority_pass13_card_identity\card_identity_corrections.json#index=2;cardId=30414	wiki_typed_character_id+baseline_pre_llm	wiki typed characterId=3041	True	True	False
cardList.json	30453	cardName	………	柚希理音	str	EXACT_CHAIN_COVERED	True	False	1	pass13_card_identity	C:\Users\proje\Documents\Codex\2026-08-06\https-github-com-hiiraginemu-magireco-wiki-3\work\pass15_authority\magica\i18n_audit\wiki_authority_pass13_card_identity\card_identity_corrections.json#index=3;cardId=30453	wiki_typed_character_id+baseline_pre_llm	wiki typed characterId=3045	True	True	False
cardList.json	30454	cardName	………	柚希理音	str	EXACT_CHAIN_COVERED	True	False	1	pass13_card_identity	C:\Users\proje\Documents\Codex\2026-08-06\https-github-com-hiiraginemu-magireco-wiki-3\work\pass15_authority\magica\i18n_audit\wiki_authority_pass13_card_identity\card_identity_corrections.json#index=4;cardId=30454	wiki_typed_character_id+baseline_pre_llm	wiki typed characterId=3045	True	True	False
cardList.json	30504	cardName	………	香春优奈	str	EXACT_CHAIN_COVERED	True	False	1	pass13_card_identity	C:\Users\proje\Documents\Codex\2026-08-06\https-github-com-hiiraginemu-magireco-wiki-3\work\pass15_authority\magica\i18n_audit\wiki_authority_pass13_card_identity\card_identity_corrections.json#index=5;cardId=30504	wiki_typed_character_id+baseline_pre_llm	wiki typed characterId=3050	True	True	False
cardList.json	30505	cardName	………	香春优奈	str	EXACT_CHAIN_COVERED	True	False	1	pass13_card_identity	C:\Users\proje\Documents\Codex\2026-08-06\https-github-com-hiiraginemu-magireco-wiki-3\work\pass15_authority\magica\i18n_audit\wiki_authority_pass13_card_identity\card_identity_corrections.json#index=6;cardId=30505	wiki_typed_character_id+baseline_pre_llm	wiki typed characterId=3050	True	True	False
cardMagiaMap.json	11078	name	奔向创造与破坏的圣夜	向创造与毁灭的圣夜	str	EXACT_CHAIN_COVERED	True	False	1	pass14_special_doppel	C:\Users\proje\Documents\Codex\2026-08-06\https-github-com-hiiraginemu-magireco-wiki-3\work\pass15_authority\magica\i18n_audit\wiki_authority_pass14_special_doppel\special_doppel_authority.json#index=1;charaId=1107;target=cardMagiaMap.json	frozen_wiki_typed_special_doppel	wiki character=灯花·音梦（圣夜ver.）	True	True	False
cardMagiaMap.json	11208	name	妖怪阿酱们夜行	妖怪阿鲁酱夜行	str	EXACT_CHAIN_COVERED	True	False	1	pass14_special_doppel	C:\Users\proje\Documents\Codex\2026-08-06\https-github-com-hiiraginemu-magireco-wiki-3\work\pass15_authority\magica\i18n_audit\wiki_authority_pass14_special_doppel\special_doppel_authority.json#index=2;charaId=1120;target=cardMagiaMap.json	frozen_wiki_typed_special_doppel	wiki character=佐鸟笼目（百鬼夜行ver.）	True	True	False
cardMagiaMap.json	12038	name	烈火魔女化身·爆走炎舞	强火魔女化身疾驰焰舞	str	EXACT_CHAIN_COVERED	True	False	1	pass14_special_doppel	C:\Users\proje\Documents\Codex\2026-08-06\https-github-com-hiiraginemu-magireco-wiki-3\work\pass15_authority\magica\i18n_audit\wiki_authority_pass14_special_doppel\special_doppel_authority.json#index=3;charaId=1203;target=cardMagiaMap.json	frozen_wiki_typed_special_doppel	wiki character=鹤乃·菲莉希亚（快递ver.）	True	True	False
cardMagiaMap.json	12098	name	秋野枫的「水散爆裂击球」	秋野枫的“水散爆裂击球”	str	EXACT_CHAIN_COVERED	True	False	1	pass14_special_doppel	C:\Users\proje\Documents\Codex\2026-08-06\https-github-com-hiiraginemu-magireco-wiki-3\work\pass15_authority\magica\i18n_audit\wiki_authority_pass14_special_doppel\special_doppel_authority.json#index=4;charaId=1209;target=cardMagiaMap.json	frozen_wiki_typed_special_doppel	wiki character=玲奈·枫（泳装ver.）	True	True	False
cardMagiaMap.json	12108	name	绝对魅惑·人鱼激流	绝对魅惑人鱼水流	str	EXACT_CHAIN_COVERED	True	False	1	pass14_special_doppel	C:\Users\proje\Documents\Codex\2026-08-06\https-github-com-hiiraginemu-magireco-wiki-3\work\pass15_authority\magica\i18n_audit\wiki_authority_pass14_special_doppel\special_doppel_authority.json#index=5;charaId=1210;target=cardMagiaMap.json	frozen_wiki_typed_special_doppel	wiki character=桃子·御魂（人鱼ver.）	True	True	False
cardMagiaMap.json	13038	name	传闻的回转雷兽休止炮	谣回转雷兽休止炮	str	EXACT_CHAIN_COVERED	True	False	1	pass14_special_doppel	C:\Users\proje\Documents\Codex\2026-08-06\https-github-com-hiiraginemu-magireco-wiki-3\work\pass15_authority\magica\i18n_audit\wiki_authority_pass14_special_doppel\special_doppel_authority.json#index=6;charaId=1303;target=cardMagiaMap.json	frozen_wiki_typed_special_doppel	wiki character=谣鹤乃（动画ver.）	True	True	False
cardMagiaMap.json	14018	name	欢欣之雪	快乐之雪	str	EXACT_CHAIN_COVERED	True	False	1	pass14_special_doppel	C:\Users\proje\Documents\Codex\2026-08-06\https-github-com-hiiraginemu-magireco-wiki-3\work\pass15_authority\magica\i18n_audit\wiki_authority_pass14_special_doppel\special_doppel_authority.json#index=7;charaId=1401;target=cardMagiaMap.json	frozen_wiki_typed_special_doppel	wiki character=伊吕波·忧（巫女ver.）	True	True	False
cardMagiaMap.json	90001	shortDescription	对敌方全体造成伤害[Ⅵ] & 束缚(我方全体/1T) & 自身防御下降(自身/1T)	对全体敌人造成伤害[Ⅵ] & 束缚（全体敌人/1T） & 自身防御下降（自己/1T）	str	EXACT_CHAIN_COVERED	True	False	1	pass17_first_authority	C:\Users\proje\Documents\Codex\2026-08-06\https-github-com-hiiraginemu-magireco-wiki-3\work\pass17_max_integrated\release\authority_layer_ledger_571.tsv#sequence=476	official_cn_same_skill_exact_name_level_and_mechanics	cardMagiaMap.json/20054/shortDescription | templates.jsonl.gz::Template:角色数据表/巴 マミ#magia效果4	True	True	False
cardMagiaMap.json	90002	shortDescription	对敌方单体造成伤害[Ⅵ] & HP越低威力越大 & 回避(自身/1T)	对单个敌人造成伤害[Ⅵ]&HP越低威力越大&回避（自己/1T）	str	EXACT_CHAIN_COVERED	True	False	1	pass15	C:\Users\proje\Documents\Codex\2026-08-06\https-github-com-hiiraginemu-magireco-wiki-3\work\pass17_max_integrated\release\authority_layer_ledger_571.tsv#sequence=2	official_cn_dump_linked_same_skill	authority.json/cardMagiaMap.json/30254	True	True	False
cardMagiaMap.json	90004	shortDescription	对敌方全体造成伤害[Ⅰ] & 伤害下降(敌方全体/3T)	对全体敌人造成伤害[Ⅰ] & 伤害下降（全体敌人/3T）	str	EXACT_CHAIN_COVERED	True	False	1	pass15	C:\Users\proje\Documents\Codex\2026-08-06\https-github-com-hiiraginemu-magireco-wiki-3\work\pass17_max_integrated\release\authority_layer_ledger_571.tsv#sequence=4	official_cn_dump_linked_same_skill	authority.json/cardMagiaMap.json/30062	True	True	False
cardMagiaMap.json	90005	shortDescription	横向伤害[Ⅰ] & HP回复(我方全体)	横向伤害[Ⅰ] & HP回复（全体）	str	EXACT_CHAIN_COVERED	True	False	1	pass16	C:\Users\proje\Documents\Codex\2026-08-06\https-github-com-hiiraginemu-magireco-wiki-3\work\pass17_max_integrated\release\authority_layer_ledger_571.tsv#sequence=150	official_cn_dump_exact_name_full_signature_closed_lexical_equivalence	authority.json/cardMagiaMap.json/30302/shortDescription	True	True	False
cardMagiaMap.json	90010	shortDescription	对敌方单体造成伤害[Ⅴ] & Charge后伤害提升(我方全体/3T)	对单个敌人造成伤害[Ⅴ] & Charge后伤害提升（全体/3T）	str	EXACT_CHAIN_COVERED	True	False	1	pass15	C:\Users\proje\Documents\Codex\2026-08-06\https-github-com-hiiraginemu-magireco-wiki-3\work\pass17_max_integrated\release\authority_layer_ledger_571.tsv#sequence=7	official_cn_dump_linked_same_skill	authority.json/cardMagiaMap.json/10104	True	True	False
cardMagiaMap.json	90011	shortDescription	对敌方全体造成伤害[Ⅵ] & 束缚(敌方全体/1T) & 自身防御下降(自身/1T)	对全体敌人造成伤害[Ⅵ] & 束缚（全体敌人/1T） & 自身防御下降（自己/1T）	str	EXACT_CHAIN_COVERED	True	False	1	pass15	C:\Users\proje\Documents\Codex\2026-08-06\https-github-com-hiiraginemu-magireco-wiki-3\work\pass17_max_integrated\release\authority_layer_ledger_571.tsv#sequence=9	official_cn_dump_linked_same_skill	authority.json/cardMagiaMap.json/20054	True	True	False
cardMagiaMap.json	90012	shortDescription	对敌方单体造成伤害[Ⅰ] & 必定赋予诱惑(敌方单体/1T)	对单个敌人造成伤害[Ⅰ] & 必定附带诱惑（单个敌人/1T）	str	EXACT_CHAIN_COVERED	True	False	1	pass15	C:\Users\proje\Documents\Codex\2026-08-06\https-github-com-hiiraginemu-magireco-wiki-3\work\pass17_max_integrated\release\authority_layer_ledger_571.tsv#sequence=10	official_cn_dump_linked_same_skill	authority.json/cardMagiaMap.json/30012	True	True	False
cardMagiaMap.json	90015	shortDescription	对敌方单体造成伤害[Ⅰ] & HP自动回复(我方全体/3T)	对单个敌人造成伤害[Ⅰ] & HP自动回复（全体/3T）	str	EXACT_CHAIN_COVERED	True	False	1	pass15	C:\Users\proje\Documents\Codex\2026-08-06\https-github-com-hiiraginemu-magireco-wiki-3\work\pass17_max_integrated\release\authority_layer_ledger_571.tsv#sequence=12	official_cn_dump_linked_same_skill	authority.json/cardMagiaMap.json/30112	True	True	False
cardMagiaMap.json	90022	shortDescription	对敌方全体造成伤害[Ⅵ] & MP回复(我方全体) & 伤害削减(我方全体/3T)	对全体敌人造成伤害[Ⅵ] & MP回复（全体） &伤害削减（全体/3T）	str	EXACT_CHAIN_COVERED	True	False	1	pass15	C:\Users\proje\Documents\Codex\2026-08-06\https-github-com-hiiraginemu-magireco-wiki-3\work\pass17_max_integrated\release\authority_layer_ledger_571.tsv#sequence=14	official_cn_dump_linked_same_skill	authority.json/cardMagiaMap.json/20015	True	True	False
cardMagiaMap.json	90026	shortDescription	对敌方单体造成伤害[Ⅶ] & 概率反击(我方全体/3T) & 伤害削减(我方全体/3T)	给予单体敌人伤害[Ⅶ] & 一定几率反击(全部/3T) & 伤害削减(全部/3T)	str	EXACT_CHAIN_COVERED	True	False	1	pass16	C:\Users\proje\Documents\Codex\2026-08-06\https-github-com-hiiraginemu-magireco-wiki-3\work\pass17_max_integrated\release\authority_layer_ledger_571.tsv#sequence=153	official_cn_dump_exact_name_full_signature_closed_lexical_equivalence	authority.json/cardMagiaMap.json/30165/shortDescription	True	True	False
cardMagiaMap.json	90031	shortDescription	对敌方单体造成伤害[Ⅱ] & HP回复(我方全体)	对单个敌人造成伤害[Ⅱ] & HP回复（全体）	str	EXACT_CHAIN_COVERED	True	False	1	pass15	C:\Users\proje\Documents\Codex\2026-08-06\https-github-com-hiiraginemu-magireco-wiki-3\work\pass17_max_integrated\release\authority_layer_ledger_571.tsv#sequence=18	official_cn_dump_linked_same_skill	authority.json/cardMagiaMap.json/40033	True	True	False
cardMagiaMap.json	90033	shortDescription	对敌方全体造成伤害[Ⅴ] & 防御力提升(我方全体/3T) & 伤害削减(我方全体/3T)	对全体敌人造成伤害[Ⅴ] & 防御力提升（全体/3T） & 伤害削减（全体/3T）	str	EXACT_CHAIN_COVERED	True	False	1	pass15	C:\Users\proje\Documents\Codex\2026-08-06\https-github-com-hiiraginemu-magireco-wiki-3\work\pass17_max_integrated\release\authority_layer_ledger_571.tsv#sequence=19	official_cn_dump_linked_same_skill	authority.json/cardMagiaMap.json/10044	True	True	False
cardMagiaMap.json	90041	shortDescription	对敌方单体造成伤害[Ⅴ] & 防御力下降 & 防御力再度下降(敌方单体/3T)	给予单体敌人伤害[Ⅴ]&防御力下降&防御力再度下降(单体敌人/3T)	str	EXACT_CHAIN_COVERED	True	False	1	pass16	C:\Users\proje\Documents\Codex\2026-08-06\https-github-com-hiiraginemu-magireco-wiki-3\work\pass17_max_integrated\release\authority_layer_ledger_571.tsv#sequence=155	official_cn_dump_exact_name_full_signature_closed_lexical_equivalence	authority.json/cardMagiaMap.json/10054/shortDescription	True	True	False
cardMagiaMap.json	90042	shortDescription	对敌方全体造成伤害[Ⅴ] & 防御力提升(我方全体/3T) & 伤害削减(我方全体/3T)	对全体敌人造成伤害[Ⅴ] & 防御力提升（全体/3T） & 伤害削减（全体/3T）	str	EXACT_CHAIN_COVERED	True	False	1	pass15	C:\Users\proje\Documents\Codex\2026-08-06\https-github-com-hiiraginemu-magireco-wiki-3\work\pass17_max_integrated\release\authority_layer_ledger_571.tsv#sequence=21	official_cn_dump_linked_same_skill	authority.json/cardMagiaMap.json/10044	True	True	False
cardMagiaMap.json	90045	shortDescription	对敌方全体造成伤害[Ⅵ] & HP自动回复(我方全体/3T) & 反击无效(我方全体/3T)	对全体敌人造成伤害[Ⅵ] & HP自动回复（全体/3T）  & 反击无效（全体/3T）	str	EXACT_CHAIN_COVERED	True	False	1	pass15	C:\Users\proje\Documents\Codex\2026-08-06\https-github-com-hiiraginemu-magireco-wiki-3\work\pass17_max_integrated\release\authority_layer_ledger_571.tsv#sequence=24	official_cn_dump_linked_same_skill	authority.json/cardMagiaMap.json/30265	True	True	False
cardMagiaMap.json	90046	shortDescription	对敌方全体造成伤害[Ⅰ] & 复活	对全体敌人造成伤害[Ⅰ] & 复活	str	EXACT_CHAIN_COVERED	True	False	1	pass15	C:\Users\proje\Documents\Codex\2026-08-06\https-github-com-hiiraginemu-magireco-wiki-3\work\pass17_max_integrated\release\authority_layer_ledger_571.tsv#sequence=26	official_cn_dump_linked_same_skill	authority.json/cardMagiaMap.json/10011	True	True	False
cardMagiaMap.json	90048	shortDescription	对敌方单体造成伤害[Ⅰ] & 防御力提升 & 攻击力提升(我方全体/3T)	对单个敌人造成伤害[Ⅰ] & 防御力提升 & 攻击力提升（全体/3T）	str	EXACT_CHAIN_COVERED	True	False	1	pass15	C:\Users\proje\Documents\Codex\2026-08-06\https-github-com-hiiraginemu-magireco-wiki-3\work\pass17_max_integrated\release\authority_layer_ledger_571.tsv#sequence=28	official_cn_dump_linked_same_skill	authority.json/cardMagiaMap.json/30022	True	True	False
cardMagiaMap.json	90051	shortDescription	对敌方单体造成伤害[Ⅰ] & HP自动回复(我方全体/3T)	对单个敌人造成伤害[Ⅰ] & HP自动回复（全体/3T）	str	EXACT_CHAIN_COVERED	True	False	1	pass15	C:\Users\proje\Documents\Codex\2026-08-06\https-github-com-hiiraginemu-magireco-wiki-3\work\pass17_max_integrated\release\authority_layer_ledger_571.tsv#sequence=30	official_cn_dump_linked_same_skill	authority.json/cardMagiaMap.json/30112	True	True	False
cardMagiaMap.json	90053	shortDescription	对敌方单体造成伤害[Ⅲ] & 防御力提升(我方全体/3T)	对单个敌人造成伤害[Ⅲ] & 防御力提升（全体/3T）	str	EXACT_CHAIN_COVERED	True	False	1	pass15	C:\Users\proje\Documents\Codex\2026-08-06\https-github-com-hiiraginemu-magireco-wiki-3\work\pass17_max_integrated\release\authority_layer_ledger_571.tsv#sequence=31	official_cn_dump_linked_same_skill	authority.json/cardMagiaMap.json/30193	True	True	False
cardMagiaMap.json	90054	shortDescription	横向伤害[Ⅰ] & HP回复(我方全体)	横向伤害[Ⅰ] & HP回复（全体）	str	EXACT_CHAIN_COVERED	True	False	1	pass16	C:\Users\proje\Documents\Codex\2026-08-06\https-github-com-hiiraginemu-magireco-wiki-3\work\pass17_max_integrated\release\authority_layer_ledger_571.tsv#sequence=156	official_cn_dump_exact_name_full_signature_closed_lexical_equivalence	authority.json/cardMagiaMap.json/30302/shortDescription	True	True	False
cardMagiaMap.json	90056	shortDescription	对敌方全体造成伤害[Ⅰ] & 伤害下降(敌方全体/3T)	对全体敌人造成伤害[Ⅰ] & 伤害下降（全体敌人/3T）	str	EXACT_CHAIN_COVERED	True	False	1	pass15	C:\Users\proje\Documents\Codex\2026-08-06\https-github-com-hiiraginemu-magireco-wiki-3\work\pass17_max_integrated\release\authority_layer_ledger_571.tsv#sequence=33	official_cn_dump_linked_same_skill	authority.json/cardMagiaMap.json/30062	True	True	False
cardMagiaMap.json	90057	shortDescription	对敌方单体造成伤害[Ⅰ] & 必定赋予诱惑(敌方单体/1T)	对单个敌人造成伤害[Ⅰ] & 必定附带诱惑（单个敌人/1T）	str	EXACT_CHAIN_COVERED	True	False	1	pass15	C:\Users\proje\Documents\Codex\2026-08-06\https-github-com-hiiraginemu-magireco-wiki-3\work\pass17_max_integrated\release\authority_layer_ledger_571.tsv#sequence=34	official_cn_dump_linked_same_skill	authority.json/cardMagiaMap.json/30012	True	True	False
cardMagiaMap.json	90059	shortDescription	对敌方全体造成伤害[Ⅱ] & HP回复(我方全体)	对全体敌人造成伤害[Ⅱ] & HP回复（全体）	str	EXACT_CHAIN_COVERED	True	False	1	pass15	C:\Users\proje\Documents\Codex\2026-08-06\https-github-com-hiiraginemu-magireco-wiki-3\work\pass17_max_integrated\release\authority_layer_ledger_571.tsv#sequence=35	official_cn_dump_linked_same_skill	authority.json/cardMagiaMap.json/40123	True	True	False
cardMagiaMap.json	90060	shortDescription	对敌方单体造成伤害[Ⅲ] & 攻击力提升(我方全体/3T)	对单个敌人造成伤害[Ⅲ] & 攻击力提升（全体/3T）	str	EXACT_CHAIN_COVERED	True	False	1	pass15	C:\Users\proje\Documents\Codex\2026-08-06\https-github-com-hiiraginemu-magireco-wiki-3\work\pass17_max_integrated\release\authority_layer_ledger_571.tsv#sequence=37	official_cn_dump_linked_same_skill	authority.json/cardMagiaMap.json/40133	True	True	False
cardMagiaMap.json	90082	shortDescription	对敌方全体造成伤害[Ⅰ] & 复活	对全体敌人造成伤害[Ⅰ] & 复活	str	EXACT_CHAIN_COVERED	True	False	1	pass15	C:\Users\proje\Documents\Codex\2026-08-06\https-github-com-hiiraginemu-magireco-wiki-3\work\pass17_max_integrated\release\authority_layer_ledger_571.tsv#sequence=39	official_cn_dump_linked_same_skill	authority.json/cardMagiaMap.json/10011	True	True	False
cardMagiaMap.json	90083	shortDescription	对敌方全体造成伤害[Ⅴ] & MP回复(自身) & 异常状态耐性提升(我方全体/1T)	对全体敌人造成伤害[Ⅴ] & MP回复（自己）&状态异常耐性提升（全体/1T）	str	EXACT_CHAIN_COVERED	True	False	1	pass15	C:\Users\proje\Documents\Codex\2026-08-06\https-github-com-hiiraginemu-magireco-wiki-3\work\pass17_max_integrated\release\authority_layer_ledger_571.tsv#sequence=41	official_cn_dump_linked_same_skill	authority.json/cardMagiaMap.json/21004	True	True	False
cardMagiaMap.json	90085	shortDescription	对敌方全体造成伤害[Ⅴ] & 敌人的异常状态种类越多，伤害越高	给予全部敌人伤害[Ⅴ] & 敌人的异常状态种类越多，伤害越高	str	EXACT_CHAIN_COVERED	True	False	1	pass16	C:\Users\proje\Documents\Codex\2026-08-06\https-github-com-hiiraginemu-magireco-wiki-3\work\pass17_max_integrated\release\authority_layer_ledger_571.tsv#sequence=159	official_cn_dump_exact_name_full_signature_closed_lexical_equivalence	authority.json/cardMagiaMap.json/25004/shortDescription	True	True	False
cardMagiaMap.json	90113	shortDescription	对敌方单体造成伤害[Ⅵ] & HP越低威力越大 & 回避(自身/1T)	对单个敌人造成伤害[Ⅵ]&HP越低威力越大&回避（自己/1T）	str	EXACT_CHAIN_COVERED	True	False	1	pass15	C:\Users\proje\Documents\Codex\2026-08-06\https-github-com-hiiraginemu-magireco-wiki-3\work\pass17_max_integrated\release\authority_layer_ledger_571.tsv#sequence=43	official_cn_dump_linked_same_skill	authority.json/cardMagiaMap.json/30254	True	True	False
cardMagiaMap.json	90115	shortDescription	对敌方全体造成伤害[Ⅳ] & MP回复(我方全体)	对全体敌人造成伤害[Ⅳ] & MP回复（全体）	str	EXACT_CHAIN_COVERED	True	False	1	pass15	C:\Users\proje\Documents\Codex\2026-08-06\https-github-com-hiiraginemu-magireco-wiki-3\work\pass17_max_integrated\release\authority_layer_ledger_571.tsv#sequence=45	official_cn_dump_linked_same_skill	authority.json/cardMagiaMap.json/20014	True	True	False
cardMagiaMap.json	90123	shortDescription	对敌方单体造成伤害[Ⅴ] & 概率反击(我方全体/3T)	给予单体敌人伤害[Ⅴ] & 一定几率反击(全部/3T)	str	EXACT_CHAIN_COVERED	True	False	1	pass16	C:\Users\proje\Documents\Codex\2026-08-06\https-github-com-hiiraginemu-magireco-wiki-3\work\pass17_max_integrated\release\authority_layer_ledger_571.tsv#sequence=163	official_cn_dump_exact_name_full_signature_closed_lexical_equivalence	authority.json/cardMagiaMap.json/30164/shortDescription	True	True	False
cardMagiaMap.json	90129	shortDescription	对敌方全体造成伤害[Ⅲ] & 防御力提升(我方全体/3T)	对全体敌人造成伤害[Ⅲ] & 防御力提升（全体/3T）	str	EXACT_CHAIN_COVERED	True	False	1	pass15	C:\Users\proje\Documents\Codex\2026-08-06\https-github-com-hiiraginemu-magireco-wiki-3\work\pass17_max_integrated\release\authority_layer_ledger_571.tsv#sequence=50	official_cn_dump_linked_same_skill	authority.json/cardMagiaMap.json/10043	True	True	False
cardMagiaMap.json	90132	shortDescription	对敌方全体造成伤害[Ⅵ] & HP自动回复(我方全体/3T) & 反击无效(我方全体/3T)	对全体敌人造成伤害[Ⅵ] & HP自动回复（全体/3T）  & 反击无效（全体/3T）	str	EXACT_CHAIN_COVERED	True	False	1	pass15	C:\Users\proje\Documents\Codex\2026-08-06\https-github-com-hiiraginemu-magireco-wiki-3\work\pass17_max_integrated\release\authority_layer_ledger_571.tsv#sequence=53	official_cn_dump_linked_same_skill	authority.json/cardMagiaMap.json/30265	True	True	False
cardMagiaMap.json	90137	shortDescription	对敌方全体造成属性强化伤害[Ⅵ] & 概率赋予技能封印(敌方全体/1T) & MP自动回复(我方全体/3T)	给予全部敌人属性强化伤害[Ⅵ]＆一定几率付与禁用技能(全部敌人/1T)＆MP自动回复(全部/3T)	str	EXACT_CHAIN_COVERED	True	False	1	pass16	C:\Users\proje\Documents\Codex\2026-08-06\https-github-com-hiiraginemu-magireco-wiki-3\work\pass17_max_integrated\release\authority_layer_ledger_571.tsv#sequence=166	official_cn_dump_exact_name_full_signature_closed_lexical_equivalence	authority.json/cardMagiaMap.json/30324/shortDescription	True	True	False
cardMagiaMap.json	90139	shortDescription	对敌方全体造成伤害[Ⅴ] & 敌人的异常状态种类越多，伤害越高	给予全部敌人伤害[Ⅴ] & 敌人的异常状态种类越多，伤害越高	str	EXACT_CHAIN_COVERED	True	False	1	pass16	C:\Users\proje\Documents\Codex\2026-08-06\https-github-com-hiiraginemu-magireco-wiki-3\work\pass17_max_integrated\release\authority_layer_ledger_571.tsv#sequence=168	official_cn_dump_exact_name_full_signature_closed_lexical_equivalence	authority.json/cardMagiaMap.json/25004/shortDescription	True	True	False
cardMagiaMap.json	90142	shortDescription	对敌方单体造成伤害[Ⅰ] & 防御力提升 & 攻击力提升(我方全体/3T)	对单个敌人造成伤害[Ⅰ] & 防御力提升 & 攻击力提升（全体/3T）	str	EXACT_CHAIN_COVERED	True	False	1	pass15	C:\Users\proje\Documents\Codex\2026-08-06\https-github-com-hiiraginemu-magireco-wiki-3\work\pass17_max_integrated\release\authority_layer_ledger_571.tsv#sequence=57	official_cn_dump_linked_same_skill	authority.json/cardMagiaMap.json/30022	True	True	False
cardMagiaMap.json	90145	shortDescription	对敌方单体造成伤害[Ⅲ] & 概率赋予麻痹(敌方单体/1T) & 必定挑衅(自身/1T)	对单个敌人造成伤害[Ⅲ] & 一定几率眩晕(单个敌人/1T) & 必定挑衅(自己/1T)	str	EXACT_CHAIN_COVERED	True	False	1	pass11_mechanics	C:\Users\proje\Documents\Codex\2026-08-06\https-github-com-hiiraginemu-magireco-wiki-3\work\pass15_authority\magica\i18n_audit\wiki_authority_pass11_mechanics\mechanics_corrections.json#index=1;id=90145	baseline_pre_llm_semantic_restore	https://magireco.moe/wiki/Magia	True	True	False
cardMagiaMap.json	90146	shortDescription	对敌方单体造成伤害[Ⅲ] & 防御力提升(我方全体/3T)	对单个敌人造成伤害[Ⅲ] & 防御力提升（全体/3T）	str	EXACT_CHAIN_COVERED	True	False	1	pass15	C:\Users\proje\Documents\Codex\2026-08-06\https-github-com-hiiraginemu-magireco-wiki-3\work\pass17_max_integrated\release\authority_layer_ledger_571.tsv#sequence=58	official_cn_dump_linked_same_skill	authority.json/cardMagiaMap.json/30193	True	True	False
cardMagiaMap.json	90147	shortDescription	随机2次造成伤害[Ⅲ] & 暴击(我方全体/3T)	随机2次　造成伤害[Ⅲ] & 暴击（全体/3T）	str	EXACT_CHAIN_COVERED	True	False	1	pass16	C:\Users\proje\Documents\Codex\2026-08-06\https-github-com-hiiraginemu-magireco-wiki-3\work\pass17_max_integrated\release\authority_layer_ledger_571.tsv#sequence=170	official_cn_dump_exact_name_full_signature_closed_lexical_equivalence	authority.json/cardMagiaMap.json/30073/shortDescription	True	True	False
cardMagiaMap.json	90148	shortDescription	对敌方单体造成伤害[Ⅲ] & Charge后伤害提升(我方全体/3T)	对单个敌人造成伤害[Ⅲ] & Charge后伤害提升（全体/3T）	str	EXACT_CHAIN_COVERED	True	False	1	pass15	C:\Users\proje\Documents\Codex\2026-08-06\https-github-com-hiiraginemu-magireco-wiki-3\work\pass17_max_integrated\release\authority_layer_ledger_571.tsv#sequence=60	official_cn_dump_linked_same_skill	authority.json/cardMagiaMap.json/30083	True	True	False
cardMagiaMap.json	90152	shortDescription	对敌方单体造成伤害[Ⅱ] & HP自动回复(我方全体/3T)	对单个敌人造成伤害[Ⅱ] & HP自动回复（全体/3T）	str	EXACT_CHAIN_COVERED	True	False	1	pass15	C:\Users\proje\Documents\Codex\2026-08-06\https-github-com-hiiraginemu-magireco-wiki-3\work\pass17_max_integrated\release\authority_layer_ledger_571.tsv#sequence=63	official_cn_dump_linked_same_skill	authority.json/cardMagiaMap.json/30113	True	True	False
cardMagiaMap.json	90158	shortDescription	对敌方全体造成伤害[Ⅳ] & MP回复(我方全体)	对全体敌人造成伤害[Ⅳ] & MP回复（全体）	str	EXACT_CHAIN_COVERED	True	False	1	pass15	C:\Users\proje\Documents\Codex\2026-08-06\https-github-com-hiiraginemu-magireco-wiki-3\work\pass17_max_integrated\release\authority_layer_ledger_571.tsv#sequence=67	official_cn_dump_linked_same_skill	authority.json/cardMagiaMap.json/20014	True	True	False
cardMagiaMap.json	90164	shortDescription	对敌方全体造成伤害[Ⅱ] & HP回复(我方全体)	对全体敌人造成伤害[Ⅱ] & HP回复（全体）	str	EXACT_CHAIN_COVERED	True	False	1	pass15	C:\Users\proje\Documents\Codex\2026-08-06\https-github-com-hiiraginemu-magireco-wiki-3\work\pass17_max_integrated\release\authority_layer_ledger_571.tsv#sequence=69	official_cn_dump_linked_same_skill	authority.json/cardMagiaMap.json/40123	True	True	False
cardMagiaMap.json	90165	shortDescription	对敌方单体造成伤害[Ⅲ] & 攻击力提升(我方全体/3T)	对单个敌人造成伤害[Ⅲ] & 攻击力提升（全体/3T）	str	EXACT_CHAIN_COVERED	True	False	1	pass15	C:\Users\proje\Documents\Codex\2026-08-06\https-github-com-hiiraginemu-magireco-wiki-3\work\pass17_max_integrated\release\authority_layer_ledger_571.tsv#sequence=71	official_cn_dump_linked_same_skill	authority.json/cardMagiaMap.json/40133	True	True	False
cardMagiaMap.json	90167	shortDescription	对敌方全体造成伤害[Ⅲ] & 防御力提升(我方全体/3T)	对全体敌人造成伤害[Ⅲ] & 防御力提升（全体/3T）	str	EXACT_CHAIN_COVERED	True	False	1	pass15	C:\Users\proje\Documents\Codex\2026-08-06\https-github-com-hiiraginemu-magireco-wiki-3\work\pass17_max_integrated\release\authority_layer_ledger_571.tsv#sequence=72	official_cn_dump_linked_same_skill	authority.json/cardMagiaMap.json/10043	True	True	False
cardMagiaMap.json	90169	shortDescription	对敌方全体造成伤害[Ⅴ] & 敌人的异常状态种类越多，伤害越高	给予全部敌人伤害[Ⅴ] & 敌人的异常状态种类越多，伤害越高	str	EXACT_CHAIN_COVERED	True	False	1	pass16	C:\Users\proje\Documents\Codex\2026-08-06\https-github-com-hiiraginemu-magireco-wiki-3\work\pass17_max_integrated\release\authority_layer_ledger_571.tsv#sequence=173	official_cn_dump_exact_name_full_signature_closed_lexical_equivalence	authority.json/cardMagiaMap.json/25004/shortDescription	True	True	False
cardMagiaMap.json	90193	shortDescription	对敌方全体造成属性强化伤害 & Charge后攻击力提升(我方全体/5T)	对全体敌人造成属性强化伤害 & Charge后伤害UP(全体/5T)	str	EXACT_CHAIN_COVERED	True	False	1	pass11_mechanics	C:\Users\proje\Documents\Codex\2026-08-06\https-github-com-hiiraginemu-magireco-wiki-3\work\pass15_authority\magica\i18n_audit\wiki_authority_pass11_mechanics\mechanics_corrections.json#index=2;id=90193	baseline_pre_llm_semantic_restore	https://magireco.moe/wiki/Magia	True	True	False
cardMagiaMap.json	90194	shortDescription	对敌方全体造成属性强化伤害 & Charge后攻击力提升(我方全体/5T)	对全体敌人造成属性强化伤害& Charge后伤害UP(全体/5T)	str	EXACT_CHAIN_COVERED	True	False	1	pass11_mechanics	C:\Users\proje\Documents\Codex\2026-08-06\https-github-com-hiiraginemu-magireco-wiki-3\work\pass15_authority\magica\i18n_audit\wiki_authority_pass11_mechanics\mechanics_corrections.json#index=3;id=90194	baseline_pre_llm_semantic_restore	https://magireco.moe/wiki/Magia	True	True	False
cardMagiaMap.json	90199	shortDescription	对敌方全体造成伤害[Ⅱ] & 概率赋予毒(敌方全体/3T) & 概率赋予黑暗、束缚、技能封印(敌方全体/1T)	对全体敌人造成伤害[Ⅱ] & 一定几率附带毒（全体敌人/3T） & 一定几率附带黑暗·束缚·禁用技能（全体敌人/1T）	str	EXACT_CHAIN_COVERED	True	False	1	pass15	C:\Users\proje\Documents\Codex\2026-08-06\https-github-com-hiiraginemu-magireco-wiki-3\work\pass17_max_integrated\release\authority_layer_ledger_571.tsv#sequence=75	official_cn_dump_linked_same_skill	authority.json/cardMagiaMap.json/30373	True	True	False
cardMagiaMap.json	90204	shortDescription	对敌方单体造成伤害[Ⅴ] & Charge后伤害提升(我方全体/3T) & 伤害提升(自身/3T)	对单个敌人造成伤害[Ⅴ]&Charge后伤害提升（全体/3T）&伤害提升（自己/3T）	str	EXACT_CHAIN_COVERED	True	False	1	pass15	C:\Users\proje\Documents\Codex\2026-08-06\https-github-com-hiiraginemu-magireco-wiki-3\work\pass17_max_integrated\release\authority_layer_ledger_571.tsv#sequence=77	official_cn_dump_linked_same_skill	authority.json/cardMagiaMap.json/30084	True	True	False
cardMagiaMap.json	90207	shortDescription	对敌方单体造成伤害[Ⅴ] & 攻击力提升 & Charge后伤害提升(我方全体/3T)	对单个敌人造成伤害[Ⅴ] & 攻击力提升 & Charge后伤害提升（全体/3T）	str	EXACT_CHAIN_COVERED	True	False	1	pass15	C:\Users\proje\Documents\Codex\2026-08-06\https-github-com-hiiraginemu-magireco-wiki-3\work\pass17_max_integrated\release\authority_layer_ledger_571.tsv#sequence=80	official_cn_dump_linked_same_skill	authority.json/cardMagiaMap.json/40134	True	True	False
cardMagiaMap.json	90208	shortDescription	对敌方全体造成伤害[Ⅶ] & 概率赋予迷惑(敌方全体/1T) & 解除Buff(敌方全体)	对全体敌人造成伤害[Ⅶ] & 一定几率附带迷惑（全体敌人/1T） & 解除增益（全体敌人）	str	EXACT_CHAIN_COVERED	True	False	1	pass16	C:\Users\proje\Documents\Codex\2026-08-06\https-github-com-hiiraginemu-magireco-wiki-3\work\pass17_max_integrated\release\authority_layer_ledger_571.tsv#sequence=175	official_cn_dump_exact_name_full_signature_closed_lexical_equivalence	authority.json/cardMagiaMap.json/10065/shortDescription	True	True	False
cardMagiaMap.json	90209	shortDescription	对敌方单体造成伤害[Ⅲ] & 概率赋予麻痹(敌方单体/1T) & 必定挑衅(自身/1T)	对单个敌人造成伤害[Ⅲ] & 一定几率眩晕(单个敌人/1T) & 必定挑衅(自己/1T)	str	EXACT_CHAIN_COVERED	True	False	1	pass11_mechanics	C:\Users\proje\Documents\Codex\2026-08-06\https-github-com-hiiraginemu-magireco-wiki-3\work\pass15_authority\magica\i18n_audit\wiki_authority_pass11_mechanics\mechanics_corrections.json#index=4;id=90209	baseline_pre_llm_semantic_restore	https://magireco.moe/wiki/Magia	True	True	False
cardMagiaMap.json	90211	shortDescription	对敌方单体造成伤害[Ⅲ] & 必定回避(自身/1T)	对单个敌人造成伤害[Ⅲ] & 必定挑衅(自己/1T) 	str	EXACT_CHAIN_COVERED	True	False	1	pass11_mechanics	C:\Users\proje\Documents\Codex\2026-08-06\https-github-com-hiiraginemu-magireco-wiki-3\work\pass15_authority\magica\i18n_audit\wiki_authority_pass11_mechanics\mechanics_corrections.json#index=5;id=90211	baseline_pre_llm_semantic_restore	https://www.magireco.moe/wiki/Template:角色数据表/竜城_明日香	True	True	False
cardMagiaMap.json	90215	shortDescription	对敌方单体造成属性强化伤害[Ⅳ] & 概率赋予诱惑(敌方单体/1T) & 防御力下降(敌方单体/3T)	对单个敌人造成属性强化伤害[Ⅳ] & 一定几率附带诱惑（单个敌人/1T） &  防御力下降（单个敌人/3T）	str	EXACT_CHAIN_COVERED	True	False	1	pass15	C:\Users\proje\Documents\Codex\2026-08-06\https-github-com-hiiraginemu-magireco-wiki-3\work\pass17_max_integrated\release\authority_layer_ledger_571.tsv#sequence=83	official_cn_dump_linked_same_skill	authority.json/cardMagiaMap.json/30103	True	True	False
cardMagiaMap.json	90216	shortDescription	对敌方单体造成伤害[Ⅴ] & 防御力提升(我方全体/3T) & 解除Debuff(我方全体)	对单个敌人造成伤害[Ⅴ] & 防御力提升（全体/3T） & 解除减益（全体）	str	EXACT_CHAIN_COVERED	True	False	1	pass16	C:\Users\proje\Documents\Codex\2026-08-06\https-github-com-hiiraginemu-magireco-wiki-3\work\pass17_max_integrated\release\authority_layer_ledger_571.tsv#sequence=176	official_cn_dump_exact_name_full_signature_closed_lexical_equivalence	authority.json/cardMagiaMap.json/30194/shortDescription	True	True	False
cardMagiaMap.json	90217	shortDescription	随机2次造成伤害[Ⅲ] & 暴击(我方全体/3T)	随机2次　造成伤害[Ⅲ] & 暴击（全体/3T）	str	EXACT_CHAIN_COVERED	True	False	1	pass16	C:\Users\proje\Documents\Codex\2026-08-06\https-github-com-hiiraginemu-magireco-wiki-3\work\pass17_max_integrated\release\authority_layer_ledger_571.tsv#sequence=178	official_cn_dump_exact_name_full_signature_closed_lexical_equivalence	authority.json/cardMagiaMap.json/30073/shortDescription	True	True	False
cardMagiaMap.json	90219	shortDescription	对敌方全体造成伤害[Ⅰ] & 伤害下降(敌方全体/3T)	对全体敌人造成伤害[Ⅰ] & 伤害下降（全体敌人/3T）	str	EXACT_CHAIN_COVERED	True	False	1	pass15	C:\Users\proje\Documents\Codex\2026-08-06\https-github-com-hiiraginemu-magireco-wiki-3\work\pass17_max_integrated\release\authority_layer_ledger_571.tsv#sequence=85	official_cn_dump_linked_same_skill	authority.json/cardMagiaMap.json/30062	True	True	False
cardMagiaMap.json	90220	shortDescription	对敌方全体造成伤害[Ⅶ] & 攻击力下降 & Accele MP 下降(敌方全体/2T) & 必定回避(自身/1T)	对全体敌人造成伤害[Ⅶ] & 攻击力下降 & Accele MP 下降（全体敌人/2T） & 必定回避（自己/1T）	str	EXACT_CHAIN_COVERED	True	False	1	pass15	C:\Users\proje\Documents\Codex\2026-08-06\https-github-com-hiiraginemu-magireco-wiki-3\work\pass17_max_integrated\release\authority_layer_ledger_571.tsv#sequence=87	official_cn_dump_linked_same_skill	authority.json/cardMagiaMap.json/11035	True	True	False
cardMagiaMap.json	90221	shortDescription	横向伤害[Ⅰ] & HP回复(我方全体)	横向伤害[Ⅰ] & HP回复（全体）	str	EXACT_CHAIN_COVERED	True	False	1	pass16	C:\Users\proje\Documents\Codex\2026-08-06\https-github-com-hiiraginemu-magireco-wiki-3\work\pass17_max_integrated\release\authority_layer_ledger_571.tsv#sequence=179	official_cn_dump_exact_name_full_signature_closed_lexical_equivalence	authority.json/cardMagiaMap.json/30302/shortDescription	True	True	False
cardMagiaMap.json	90223	shortDescription	对敌方单体造成伤害[Ⅰ] & HP自动回复(我方全体/3T)	对单个敌人造成伤害[Ⅰ] & HP自动回复（全体/3T）	str	EXACT_CHAIN_COVERED	True	False	1	pass15	C:\Users\proje\Documents\Codex\2026-08-06\https-github-com-hiiraginemu-magireco-wiki-3\work\pass17_max_integrated\release\authority_layer_ledger_571.tsv#sequence=89	official_cn_dump_linked_same_skill	authority.json/cardMagiaMap.json/30112	True	True	False
cardMagiaMap.json	90224	shortDescription	纵向伤害[Ⅰ] & HP回复(我方全体)	纵向伤害[Ⅰ] & HP回复（全体）	str	EXACT_CHAIN_COVERED	True	False	1	pass15	C:\Users\proje\Documents\Codex\2026-08-06\https-github-com-hiiraginemu-magireco-wiki-3\work\pass17_max_integrated\release\authority_layer_ledger_571.tsv#sequence=91	official_cn_dump_linked_same_skill	authority.json/cardMagiaMap.json/30092	True	True	False
cardMagiaMap.json	90226	shortDescription	对敌方全体造成伤害[Ⅳ] & HP自动回复(我方全体/3T)	对全体敌人造成伤害[Ⅳ] & HP自动回复（全体/3T） 	str	EXACT_CHAIN_COVERED	True	False	1	pass15	C:\Users\proje\Documents\Codex\2026-08-06\https-github-com-hiiraginemu-magireco-wiki-3\work\pass17_max_integrated\release\authority_layer_ledger_571.tsv#sequence=92	official_cn_dump_linked_same_skill	authority.json/cardMagiaMap.json/30264	True	True	False
cardMagiaMap.json	90227	shortDescription	对敌方全体造成伤害[Ⅴ] & 概率赋予毒(敌方全体/3T) & 必定赋予麻痹(敌方全体/1T)	对全体敌人造成伤害[Ⅴ] & 一定几率毒(全体敌人/3T) & 必定眩晕(全体敌人/1T)	str	EXACT_CHAIN_COVERED	True	False	1	pass11_mechanics	C:\Users\proje\Documents\Codex\2026-08-06\https-github-com-hiiraginemu-magireco-wiki-3\work\pass15_authority\magica\i18n_audit\wiki_authority_pass11_mechanics\mechanics_corrections.json#index=6;id=90227	baseline_pre_llm_semantic_restore	https://magireco.moe/wiki/Magia	True	True	False
cardMagiaMap.json	90228	shortDescription	对敌方全体造成伤害[Ⅲ] & 伤害下降(敌方全体/3T)	对全体敌人造成伤害[Ⅲ] & 伤害下降（全体敌人/3T）	str	EXACT_CHAIN_COVERED	True	False	1	pass15	C:\Users\proje\Documents\Codex\2026-08-06\https-github-com-hiiraginemu-magireco-wiki-3\work\pass17_max_integrated\release\authority_layer_ledger_571.tsv#sequence=94	official_cn_dump_linked_same_skill	authority.json/cardMagiaMap.json/30063	True	True	False
cardMagiaMap.json	90229	shortDescription	对敌方全体造成属性强化伤害[Ⅴ] & 概率赋予诱惑(敌方全体/1T)	对全体敌人造成属性强化伤害[Ⅴ] &一定几率附带诱惑（全体敌人/1T）	str	EXACT_CHAIN_COVERED	True	False	1	pass15	C:\Users\proje\Documents\Codex\2026-08-06\https-github-com-hiiraginemu-magireco-wiki-3\work\pass17_max_integrated\release\authority_layer_ledger_571.tsv#sequence=96	official_cn_dump_linked_same_skill	authority.json/cardMagiaMap.json/30314	True	True	False
cardMagiaMap.json	90230	shortDescription	对敌方单体造成伤害[Ⅲ] & 防御力提升 & 攻击力提升(我方全体/3T)	对单个敌人造成伤害[Ⅲ] & 防御力提升 & 攻击力提升（全体/3T）	str	EXACT_CHAIN_COVERED	True	False	1	pass15	C:\Users\proje\Documents\Codex\2026-08-06\https-github-com-hiiraginemu-magireco-wiki-3\work\pass17_max_integrated\release\authority_layer_ledger_571.tsv#sequence=97	official_cn_dump_linked_same_skill	authority.json/cardMagiaMap.json/30023	True	True	False
cardMagiaMap.json	90231	shortDescription	对敌方全体造成伤害[Ⅳ] & Blast伤害提升(我方全体/3T) & 回避无效(我方全体/3T)	对全体敌人造成伤害[Ⅳ] & Blast伤害提升（全体/3T） & 回避无效（全体/3T）	str	EXACT_CHAIN_COVERED	True	False	1	pass15	C:\Users\proje\Documents\Codex\2026-08-06\https-github-com-hiiraginemu-magireco-wiki-3\work\pass17_max_integrated\release\authority_layer_ledger_571.tsv#sequence=98	official_cn_dump_linked_same_skill	authority.json/cardMagiaMap.json/30234	True	True	False
cardMagiaMap.json	90232	shortDescription	对敌方单体造成伤害[Ⅶ] & 防御力下降(敌方单体/3T) & Accele MP提升(我方全体/3T)	对单个敌人造成伤害[Ⅶ] & 防御力DOWN(单个敌人/3T) & Accele MP UP & 伤害UP(全体/3T)	str	EXACT_CHAIN_COVERED	True	False	1	pass11_mechanics	C:\Users\proje\Documents\Codex\2026-08-06\https-github-com-hiiraginemu-magireco-wiki-3\work\pass15_authority\magica\i18n_audit\wiki_authority_pass11_mechanics\mechanics_corrections.json#index=7;id=90232	baseline_pre_llm_semantic_restore	https://magireco.moe/wiki/御园花凛	True	True	False
cardMagiaMap.json	90233	shortDescription	随机5次造成伤害[Ⅶ] & 回避无效(我方全体/1T) & 概率伤害削减(自身/1T)	随机5次 造成伤害[Ⅶ] & 回避无效(全体/1T) & 一定几率伤害削减(自己/1T) 	str	EXACT_CHAIN_COVERED	True	False	1	pass16	C:\Users\proje\Documents\Codex\2026-08-06\https-github-com-hiiraginemu-magireco-wiki-3\work\pass17_max_integrated\release\authority_layer_ledger_571.tsv#sequence=182	official_cn_dump_exact_name_full_signature_closed_lexical_equivalence	authority.json/cardMagiaMap.json/10165/shortDescription	True	True	False
cardMagiaMap.json	90234	shortDescription	对敌方单体造成属性强化伤害[Ⅵ] & 必定赋予麻痹(敌方单体/1T)	对单个敌人造成属性强化伤害[Ⅵ] & 必定眩晕(单个敌人/1T)	str	EXACT_CHAIN_COVERED	True	False	1	pass11_mechanics	C:\Users\proje\Documents\Codex\2026-08-06\https-github-com-hiiraginemu-magireco-wiki-3\work\pass15_authority\magica\i18n_audit\wiki_authority_pass11_mechanics\mechanics_corrections.json#index=8;id=90234	baseline_pre_llm_semantic_restore	https://magireco.moe/wiki/晓美焰（泳装ver.）	True	True	False
cardMagiaMap.json	90242	shortDescription	对敌方单体造成伤害[Ⅳ] & HP回复(我方全体) & 异常状态耐性提升(我方全体/3T)	对单个敌人造成伤害[Ⅳ] & HP回复（全体）& 状态异常耐性提升（全体/3T）	str	EXACT_CHAIN_COVERED	True	False	1	pass15	C:\Users\proje\Documents\Codex\2026-08-06\https-github-com-hiiraginemu-magireco-wiki-3\work\pass17_max_integrated\release\authority_layer_ledger_571.tsv#sequence=99	official_cn_dump_linked_same_skill	authority.json/cardMagiaMap.json/40034	True	True	False
cardMagiaMap.json	90243	shortDescription	随机3次造成伤害[Ⅴ] & 必定赋予诱惑(敌方单体/1T)	随机3次　造成伤害[Ⅴ] & 必定附带诱惑（单个敌人/1T）	str	EXACT_CHAIN_COVERED	True	False	1	pass15	C:\Users\proje\Documents\Codex\2026-08-06\https-github-com-hiiraginemu-magireco-wiki-3\work\pass17_max_integrated\release\authority_layer_ledger_571.tsv#sequence=100	official_cn_dump_linked_same_skill	authority.json/cardMagiaMap.json/30014	True	True	False
cardMagiaMap.json	90245	shortDescription	随机4次造成伤害[Ⅷ] & 必定赋予雾(目标敌人/3T) & 概率无视防御(自身/2T)	随机4次 造成伤害[Ⅷ] & 必定附带雾(目标敌人/3T) & 一定几率无视防御(自己/2T)	str	EXACT_CHAIN_COVERED	True	False	1	pass15	C:\Users\proje\Documents\Codex\2026-08-06\https-github-com-hiiraginemu-magireco-wiki-3\work\pass17_max_integrated\release\authority_layer_ledger_571.tsv#sequence=102	official_cn_dump_linked_same_skill	authority.json/cardMagiaMap.json/20075	True	True	False
cardMagiaMap.json	90246	shortDescription	纵向伤害[Ⅰ] & HP回复(我方全体)	纵向伤害[Ⅰ] & HP回复（全体）	str	EXACT_CHAIN_COVERED	True	False	1	pass15	C:\Users\proje\Documents\Codex\2026-08-06\https-github-com-hiiraginemu-magireco-wiki-3\work\pass17_max_integrated\release\authority_layer_ledger_571.tsv#sequence=104	official_cn_dump_linked_same_skill	authority.json/cardMagiaMap.json/30092	True	True	False
cardMagiaMap.json	90247	shortDescription	对敌方全体造成伤害[Ⅷ] & Blast伤害提升 & Accele MP提升(我方全体/3T) & 必定回避(自身/1T)	对全体敌人造成伤害[Ⅷ] & Blast & Accele MP提升（全体/3T）&必定回避（自己/1T）	str	EXACT_CHAIN_COVERED	True	False	1	pass15	C:\Users\proje\Documents\Codex\2026-08-06\https-github-com-hiiraginemu-magireco-wiki-3\work\pass17_max_integrated\release\authority_layer_ledger_571.tsv#sequence=105	official_cn_dump_linked_same_skill	authority.json/cardMagiaMap.json/10035	True	True	False
cardMagiaMap.json	90249	shortDescription	对敌方全体造成伤害[Ⅶ] & 异常状态耐性下降(我方全体/3T) & 必定赋予迷惑(敌方全体/1T) & 防御下降(自身/1T)	对全体敌人造成伤害[Ⅶ]&状态异常耐性DOWN(全体/3T)&必定幻惑(全体敌人/1T)&防御DOWN(自己/1T)	str	EXACT_CHAIN_COVERED	True	False	1	pass11_mechanics	C:\Users\proje\Documents\Codex\2026-08-06\https-github-com-hiiraginemu-magireco-wiki-3\work\pass15_authority\magica\i18n_audit\wiki_authority_pass11_mechanics\mechanics_corrections.json#index=9;id=90249	baseline_pre_llm_semantic_restore	https://magireco.moe/wiki/Magia	True	True	False
cardMagiaMap.json	90250	shortDescription	对敌方全体造成伤害[Ⅶ] & 概率赋予麻痹(敌方全体/1T) & 概率暴击(自身/2T)	对全体敌人造成伤害[Ⅶ] & 一定几率眩晕(全体敌人/1T) & 一定几率暴击(自己/2T)	str	EXACT_CHAIN_COVERED	True	False	1	pass11_mechanics	C:\Users\proje\Documents\Codex\2026-08-06\https-github-com-hiiraginemu-magireco-wiki-3\work\pass15_authority\magica\i18n_audit\wiki_authority_pass11_mechanics\mechanics_corrections.json#index=10;id=90250	baseline_pre_llm_semantic_restore	https://magireco.moe/wiki/Magia	True	True	False
cardMagiaMap.json	90258	shortDescription	对敌方全体造成伤害[Ⅷ] & 异常状态耐性下降(我方全体/3T) & 必定赋予迷惑(敌方全体/1T) & 防御下降(自身/1T)	对全体敌人造成伤害[Ⅷ]&状态异常耐性DOWN(全体/3T)&必定幻惑(全体敌人/1T)&防御DOWN(自己/1T)	str	EXACT_CHAIN_COVERED	True	False	1	pass11_mechanics	C:\Users\proje\Documents\Codex\2026-08-06\https-github-com-hiiraginemu-magireco-wiki-3\work\pass15_authority\magica\i18n_audit\wiki_authority_pass11_mechanics\mechanics_corrections.json#index=11;id=90258	baseline_pre_llm_semantic_restore	https://magireco.moe/wiki/Magia	True	True	False
cardMagiaMap.json	90259	shortDescription	对敌方全体造成伤害[Ⅷ] & 攻击力下降(我方全体/1T)	对全体敌人造成伤害[Ⅷ] & 攻击力DOWN(全体/1T)	str	EXACT_CHAIN_COVERED	True	False	1	pass11_mechanics	C:\Users\proje\Documents\Codex\2026-08-06\https-github-com-hiiraginemu-magireco-wiki-3\work\pass15_authority\magica\i18n_audit\wiki_authority_pass11_mechanics\mechanics_corrections.json#index=12;id=90259	baseline_pre_llm_semantic_restore	baseline_pre_llm	True	True	False
cardMagiaMap.json	90266	name	怦然心动	爱的心跳舞台	str	EXACT_CHAIN_COVERED	True	False	1	pass15	C:\Users\proje\Documents\Codex\2026-08-06\https-github-com-hiiraginemu-magireco-wiki-3\work\pass17_max_integrated\release\authority_layer_ledger_571.tsv#sequence=108	official_cn_dump_linked_same_skill	authority.json/cardMagiaMap.json/30534	True	True	False
cardMagiaMap.json	90266	shortDescription	对敌方单体造成伤害[Ⅳ] & 防御力提升(我方全体/3T) & HP回复(我方全体) & 解除异常状态(我方全体)	对单个敌人造成伤害[Ⅳ] & 防御力提升(全体/3T) & HP回复(全体) &  解除状态异常(全体)	str	EXACT_CHAIN_COVERED	True	False	1	pass15	C:\Users\proje\Documents\Codex\2026-08-06\https-github-com-hiiraginemu-magireco-wiki-3\work\pass17_max_integrated\release\authority_layer_ledger_571.tsv#sequence=109	official_cn_dump_linked_same_skill	authority.json/cardMagiaMap.json/30534	True	True	False
cardMagiaMap.json	90269	shortDescription	对敌方全体造成伤害[Ⅴ] & 概率赋予麻痹(敌方全体/1T) & 概率暴击(自身/2T)	对全体敌人造成伤害[Ⅴ] & 一定几率眩晕(全体敌人/1T) & 一定几率暴击(自己/2T)	str	EXACT_CHAIN_COVERED	True	False	1	pass11_mechanics	C:\Users\proje\Documents\Codex\2026-08-06\https-github-com-hiiraginemu-magireco-wiki-3\work\pass15_authority\magica\i18n_audit\wiki_authority_pass11_mechanics\mechanics_corrections.json#index=13;id=90269	baseline_pre_llm_semantic_restore	https://magireco.moe/wiki/Magia	True	True	False
cardMagiaMap.json	90270	shortDescription	对敌方全体造成伤害[Ⅵ] & HP回复(我方全体) & 复活	对全体敌人造成伤害[Ⅵ] & HP回复(全体) & 复活	str	EXACT_CHAIN_COVERED	True	False	1	pass16	C:\Users\proje\Documents\Codex\2026-08-06\https-github-com-hiiraginemu-magireco-wiki-3\work\pass17_max_integrated\release\authority_layer_ledger_571.tsv#sequence=184	official_cn_dump_exact_name_full_signature_closed_lexical_equivalence	authority.json/cardMagiaMap.json/10015/shortDescription	True	True	False
cardMagiaMap.json	90272	shortDescription	对敌方全体造成伤害[Ⅴ] & 敌方异常状态种类越多，伤害越高	给予全部敌人伤害[Ⅴ] & 敌人的异常状态种类越多，伤害越高	str	EXACT_CHAIN_COVERED	True	False	1	pass16	C:\Users\proje\Documents\Codex\2026-08-06\https-github-com-hiiraginemu-magireco-wiki-3\work\pass17_max_integrated\release\authority_layer_ledger_571.tsv#sequence=186	official_cn_dump_exact_name_full_signature_closed_lexical_equivalence	authority.json/cardMagiaMap.json/25004/shortDescription	True	True	False
cardMagiaMap.json	90273	shortDescription	对敌方全体造成伤害[Ⅳ] & Blast伤害提升(我方全体/3T) & 回避无效(我方全体/3T)	对全体敌人造成伤害[Ⅳ] & Blast伤害提升（全体/3T） & 回避无效（全体/3T）	str	EXACT_CHAIN_COVERED	True	False	1	pass15	C:\Users\proje\Documents\Codex\2026-08-06\https-github-com-hiiraginemu-magireco-wiki-3\work\pass17_max_integrated\release\authority_layer_ledger_571.tsv#sequence=110	official_cn_dump_linked_same_skill	authority.json/cardMagiaMap.json/30234	True	True	False
cardMagiaMap.json	90274	shortDescription	横向伤害[Ⅳ] & HP回复(我方全体) & 防御力提升(我方全体/3T)	横向伤害[Ⅳ] & HP回复（全体）& 防御力提升（全体/3T）	str	EXACT_CHAIN_COVERED	True	False	1	pass16	C:\Users\proje\Documents\Codex\2026-08-06\https-github-com-hiiraginemu-magireco-wiki-3\work\pass17_max_integrated\release\authority_layer_ledger_571.tsv#sequence=187	official_cn_dump_exact_name_full_signature_closed_lexical_equivalence	authority.json/cardMagiaMap.json/30304/shortDescription	True	True	False
cardMagiaMap.json	90275	shortDescription	对敌方全体造成伤害[Ⅶ] & Blast 伤害提升(我方全体/3T) & 攻击力提升(我方全体/3T)	对全体敌人造成伤害[Ⅶ] & Blast伤害提升（全体/3T） & 攻击力提升（全体/3T）	str	EXACT_CHAIN_COVERED	True	False	1	pass15	C:\Users\proje\Documents\Codex\2026-08-06\https-github-com-hiiraginemu-magireco-wiki-3\work\pass17_max_integrated\release\authority_layer_ledger_571.tsv#sequence=111	official_cn_dump_linked_same_skill	authority.json/cardMagiaMap.json/10025	True	True	False
cardMagiaMap.json	90279	shortDescription	对敌方全体造成伤害[Ⅶ] & 攻击力下降 & Accele MP 下降(敌方全体/2T) & 必定回避(自身/1T)	对全体敌人造成伤害[Ⅶ] & 攻击力下降 & Accele MP 下降（全体敌人/2T） & 必定回避（自己/1T）	str	EXACT_CHAIN_COVERED	True	False	1	pass15	C:\Users\proje\Documents\Codex\2026-08-06\https-github-com-hiiraginemu-magireco-wiki-3\work\pass17_max_integrated\release\authority_layer_ledger_571.tsv#sequence=113	official_cn_dump_linked_same_skill	authority.json/cardMagiaMap.json/11035	True	True	False
cardMagiaMap.json	90284	shortDescription	对敌方全体造成伤害[Ⅶ] & 攻击力提升 & 防御力提升 & 异常状态耐性提升(我方全体/5T)	对全体敌人造成伤害[Ⅶ] & 攻击力提升 & 防御力提升& 状态异常耐性提升(全体/5T)	str	EXACT_CHAIN_COVERED	True	False	1	pass15	C:\Users\proje\Documents\Codex\2026-08-06\https-github-com-hiiraginemu-magireco-wiki-3\work\pass17_max_integrated\release\authority_layer_ledger_571.tsv#sequence=116	official_cn_dump_linked_same_skill	authority.json/cardMagiaMap.json/30335	True	True	False
cardMagiaMap.json	90290	name	爱的心动舞台	爱的心跳舞台	str	EXACT_CHAIN_COVERED	True	False	1	pass15	C:\Users\proje\Documents\Codex\2026-08-06\https-github-com-hiiraginemu-magireco-wiki-3\work\pass17_max_integrated\release\authority_layer_ledger_571.tsv#sequence=120	official_cn_dump_linked_same_skill	authority.json/cardMagiaMap.json/30534	True	True	False
cardMagiaMap.json	90290	shortDescription	对敌方单体造成伤害[Ⅳ] & 防御力提升(我方全体/3T) & HP回复(我方全体) & 解除异常状态(我方全体)	对单个敌人造成伤害[Ⅳ] & 防御力提升(全体/3T) & HP回复(全体) &  解除状态异常(全体)	str	EXACT_CHAIN_COVERED	True	False	1	pass15	C:\Users\proje\Documents\Codex\2026-08-06\https-github-com-hiiraginemu-magireco-wiki-3\work\pass17_max_integrated\release\authority_layer_ledger_571.tsv#sequence=121	official_cn_dump_linked_same_skill	authority.json/cardMagiaMap.json/30534	True	True	False
cardMagiaMap.json	90293	shortDescription	对敌方全体造成伤害[Ⅴ] & 概率赋予束缚(敌方全体/1T)	对全体敌人造成伤害[Ⅴ] & 一定几率附带束缚（全体敌人/1T）	str	EXACT_CHAIN_COVERED	True	False	1	pass15	C:\Users\proje\Documents\Codex\2026-08-06\https-github-com-hiiraginemu-magireco-wiki-3\work\pass17_max_integrated\release\authority_layer_ledger_571.tsv#sequence=124	official_cn_dump_linked_same_skill	authority.json/cardMagiaMap.json/40344	True	True	False
cardMagiaMap.json	90299	shortDescription	对敌方全体造成伤害[Ⅵ] & 异常状态耐性下降(我方全体/3T) & 概率赋予迷惑(敌方全体/1T) & 防御下降(自身/1T)	对全体敌人造成伤害[Ⅵ]&状态异常耐性DOWN(全体/3T)&一定几率幻惑(全体敌人/1T)&防御DOWN(自己/1T)	str	EXACT_CHAIN_COVERED	True	False	1	pass11_mechanics	C:\Users\proje\Documents\Codex\2026-08-06\https-github-com-hiiraginemu-magireco-wiki-3\work\pass15_authority\magica\i18n_audit\wiki_authority_pass11_mechanics\mechanics_corrections.json#index=14;id=90299	baseline_pre_llm_semantic_restore	https://magireco.moe/wiki/Magia	True	True	False
cardMagiaMap.json	90302	name	光之剑	光明之剑	str	EXACT_CHAIN_COVERED	True	False	1	pass17_first_authority	C:\Users\proje\Documents\Codex\2026-08-06\https-github-com-hiiraginemu-magireco-wiki-3\work\pass17_max_integrated\release\authority_layer_ledger_571.tsv#sequence=546	frozen_wiki_exact_typed_field	templates.jsonl.gz::Template:角色数据表/八神 はやて#magia中文 | templates.jsonl.gz::Template:角色数据表/八神 はやて#magia中文	True	True	False
cardMagiaMap.json	90303	shortDescription	随机3次造成伤害[Ⅴ] & 必定回避(自身/1T)	随机3次　造成伤害[Ⅴ] & 必定回避（自己/1T）	str	EXACT_CHAIN_COVERED	True	False	1	pass15	C:\Users\proje\Documents\Codex\2026-08-06\https-github-com-hiiraginemu-magireco-wiki-3\work\pass17_max_integrated\release\authority_layer_ledger_571.tsv#sequence=126	official_cn_dump_linked_same_skill	authority.json/cardMagiaMap.json/30124	True	True	False
cardMagiaMap.json	90306	shortDescription	对敌方单体造成伤害[Ⅴ] & Charge后伤害提升(我方全体/3T)	对单个敌人造成伤害[Ⅴ] & Charge后伤害提升（全体/3T）	str	EXACT_CHAIN_COVERED	True	False	1	pass15	C:\Users\proje\Documents\Codex\2026-08-06\https-github-com-hiiraginemu-magireco-wiki-3\work\pass17_max_integrated\release\authority_layer_ledger_571.tsv#sequence=127	official_cn_dump_linked_same_skill	authority.json/cardMagiaMap.json/10104	True	True	False
cardMagiaMap.json	90310	shortDescription	对敌方全体造成伤害[Ⅶ] & 概率赋予迷惑(敌方全体/1T) & 解除Buff(敌方全体)	对全体敌人造成伤害[Ⅶ] & 一定几率附带迷惑（全体敌人/1T） & 解除增益（全体敌人）	str	EXACT_CHAIN_COVERED	True	False	1	pass16	C:\Users\proje\Documents\Codex\2026-08-06\https-github-com-hiiraginemu-magireco-wiki-3\work\pass17_max_integrated\release\authority_layer_ledger_571.tsv#sequence=189	official_cn_dump_exact_name_full_signature_closed_lexical_equivalence	authority.json/cardMagiaMap.json/10065/shortDescription	True	True	False
cardMagiaMap.json	90312	shortDescription	对敌方单体造成属性强化伤害[Ⅵ] & 必定赋予麻痹(敌方单体/1T) & 忍耐(自身/1T)	对单个敌人造成属性强化伤害[Ⅵ] & 必定眩晕(单个敌人/1T) & 忍耐(自己/1T)	str	EXACT_CHAIN_COVERED	True	False	1	pass11_mechanics	C:\Users\proje\Documents\Codex\2026-08-06\https-github-com-hiiraginemu-magireco-wiki-3\work\pass15_authority\magica\i18n_audit\wiki_authority_pass11_mechanics\mechanics_corrections.json#index=15;id=90312	baseline_pre_llm_semantic_restore	https://magireco.moe/wiki/晓美焰（泳装ver.）	True	True	False
cardMagiaMap.json	90313	shortDescription	对敌方全体造成伤害[Ⅳ] & HP自动回复 & 异常状态耐性提升(我方全体/3T)	对全体敌人造成伤害[Ⅳ] & HP自动回复 & 状态异常耐性提升(全体/3T)	str	EXACT_CHAIN_COVERED	True	False	1	pass15	C:\Users\proje\Documents\Codex\2026-08-06\https-github-com-hiiraginemu-magireco-wiki-3\work\pass17_max_integrated\release\authority_layer_ledger_571.tsv#sequence=130	official_cn_dump_linked_same_skill	authority.json/cardMagiaMap.json/11184	True	True	False
cardMagiaMap.json	90314	shortDescription	对敌方全体造成伤害[Ⅴ] & 概率赋予毒(敌方全体/3T) & 必定赋予麻痹(敌方全体/1T)	对全体敌人造成伤害[Ⅴ] & 一定几率毒(全体敌人/3T) & 必定眩晕(全体敌人/1T)	str	EXACT_CHAIN_COVERED	True	False	1	pass11_mechanics	C:\Users\proje\Documents\Codex\2026-08-06\https-github-com-hiiraginemu-magireco-wiki-3\work\pass15_authority\magica\i18n_audit\wiki_authority_pass11_mechanics\mechanics_corrections.json#index=16;id=90314	baseline_pre_llm_semantic_restore	https://magireco.moe/wiki/Magia	True	True	False
cardMagiaMap.json	90321	shortDescription	对敌方全体造成属性强化伤害[Ⅴ] & Blast伤害提升(我方全体/3T) & 伤害提升(自身/3T)	对全体敌人造成属性强化伤害[Ⅴ] & Blast伤害提升(全体/3T) & 伤害提升(自己/3T)	str	EXACT_CHAIN_COVERED	True	False	1	pass15	C:\Users\proje\Documents\Codex\2026-08-06\https-github-com-hiiraginemu-magireco-wiki-3\work\pass17_max_integrated\release\authority_layer_ledger_571.tsv#sequence=132	official_cn_dump_linked_same_skill	authority.json/cardMagiaMap.json/26004	True	True	False
cardMagiaMap.json	90322	shortDescription	对敌方全体造成属性强化伤害[Ⅴ] & 概率赋予诱惑(敌方全体/1T)	对全体敌人造成属性强化伤害[Ⅴ] &一定几率附带诱惑（全体敌人/1T）	str	EXACT_CHAIN_COVERED	True	False	1	pass15	C:\Users\proje\Documents\Codex\2026-08-06\https-github-com-hiiraginemu-magireco-wiki-3\work\pass17_max_integrated\release\authority_layer_ledger_571.tsv#sequence=134	official_cn_dump_linked_same_skill	authority.json/cardMagiaMap.json/30314	True	True	False
cardMagiaMap.json	90323	shortDescription	对敌方单体造成伤害[Ⅶ] & Charge后伤害提升 & Blast伤害提升(我方全体/3T)	对单个敌人造成伤害[Ⅶ]&Charge后伤害提升&Blast伤害提升（全体/3T）	str	EXACT_CHAIN_COVERED	True	False	1	pass15	C:\Users\proje\Documents\Codex\2026-08-06\https-github-com-hiiraginemu-magireco-wiki-3\work\pass17_max_integrated\release\authority_layer_ledger_571.tsv#sequence=135	official_cn_dump_linked_same_skill	authority.json/cardMagiaMap.json/10105	True	True	False
cardMagiaMap.json	90325	shortDescription	对敌方单体造成伤害[Ⅶ] & 防御力下降(敌方单体/3T) & Accele MP提升(我方全体/3T)	对单个敌人造成伤害[Ⅶ] & 防御力DOWN(单个敌人/3T) & Accele MP UP & 伤害UP(全体/3T)	str	EXACT_CHAIN_COVERED	True	False	1	pass11_mechanics	C:\Users\proje\Documents\Codex\2026-08-06\https-github-com-hiiraginemu-magireco-wiki-3\work\pass15_authority\magica\i18n_audit\wiki_authority_pass11_mechanics\mechanics_corrections.json#index=17;id=90325	baseline_pre_llm_semantic_restore	https://magireco.moe/wiki/御园花凛	True	True	False
cardMagiaMap.json	90327	shortDescription	对敌方全体造成伤害[Ⅴ] & 概率赋予束缚(敌方全体/1T)	对全体敌人造成伤害[Ⅴ] & 一定几率附带束缚（全体敌人/1T）	str	EXACT_CHAIN_COVERED	True	False	1	pass15	C:\Users\proje\Documents\Codex\2026-08-06\https-github-com-hiiraginemu-magireco-wiki-3\work\pass17_max_integrated\release\authority_layer_ledger_571.tsv#sequence=137	official_cn_dump_linked_same_skill	authority.json/cardMagiaMap.json/40344	True	True	False
cardMagiaMap.json	90328	shortDescription	对敌方单体造成属性强化伤害[Ⅶ] & 必定赋予麻痹(敌方单体/1T) & 必定技能封印·Magia封印(敌方单体/2T)	对单个敌人造成伤害[Ⅶ] & 必定眩晕(单个敌人/1T) & 必定禁用技能・禁用Magia(单个敌人/2T)	str	EXACT_CHAIN_COVERED	True	False	1	pass11_mechanics	C:\Users\proje\Documents\Codex\2026-08-06\https-github-com-hiiraginemu-magireco-wiki-3\work\pass15_authority\magica\i18n_audit\wiki_authority_pass11_mechanics\mechanics_corrections.json#index=18;id=90328	baseline_pre_llm_semantic_restore	https://magireco.moe/wiki/Magia	True	True	False
cardMagiaMap.json	90331	name	悬念	扣人心弦的结局	str	EXACT_CHAIN_COVERED	True	False	1	pass17_first_authority	C:\Users\proje\Documents\Codex\2026-08-06\https-github-com-hiiraginemu-magireco-wiki-3\work\pass17_max_integrated\release\authority_layer_ledger_571.tsv#sequence=555	frozen_wiki_exact_typed_field	templates.jsonl.gz::Template:角色数据表/三穂野 せいら#magia中文 | templates.jsonl.gz::Template:角色数据表/三穂野 せいら#magia中文	True	True	False
cardMagiaMap.json	90331	shortDescription	对敌方全体造成伤害[Ⅴ] & 概率赋予麻痹(敌方全体/1T)	对全体敌人造成伤害[Ⅴ] & 一定几率眩晕(全体敌人/1T)	str	EXACT_CHAIN_COVERED	True	False	1	pass11_mechanics	C:\Users\proje\Documents\Codex\2026-08-06\https-github-com-hiiraginemu-magireco-wiki-3\work\pass15_authority\magica\i18n_audit\wiki_authority_pass11_mechanics\mechanics_corrections.json#index=19;id=90331	baseline_pre_llm_semantic_restore	https://magireco.moe/wiki/Magia	True	True	False
cardMagiaMap.json	90338	shortDescription	对敌方全体造成伤害[Ⅶ] & 异常状态耐性 & 防御下降(敌方全体/3T)	对敌方全体造成伤害[Ⅶ] & 状态异常耐性DOWN & 防御下降(敌方全体/3T)	str	EXACT_CHAIN_COVERED	True	False	1	typed_wiki_runtime	C:\Users\proje\Documents\Codex\2026-08-06\https-github-com-hiiraginemu-magireco-wiki-3\work\pass17_max_integrated\release\authority_layer_ledger_571.tsv#sequence=193	strong_typed_skill_family_not_same_runtime_id	Template:角色数据表/リヴィア・メディロス	True	True	False
cardMagiaMap.json	90340	shortDescription	对敌方全体造成属性强化伤害[Ⅴ] & 概率赋予诱惑(敌方全体/1T)	对全体敌人造成属性强化伤害[Ⅴ] &一定几率附带诱惑（全体敌人/1T）	str	EXACT_CHAIN_COVERED	True	False	1	pass15	C:\Users\proje\Documents\Codex\2026-08-06\https-github-com-hiiraginemu-magireco-wiki-3\work\pass17_max_integrated\release\authority_layer_ledger_571.tsv#sequence=139	official_cn_dump_linked_same_skill	authority.json/cardMagiaMap.json/30314	True	True	False
cardMagiaMap.json	90342	shortDescription	对敌方全体造成伤害[Ⅵ] & HP自动回复 & 异常状态耐性提升(我方全体/3T)	对全体敌人造成伤害[Ⅵ] & HP自动回复 & 状态异常耐性提升(全体/3T)	str	EXACT_CHAIN_COVERED	True	False	1	pass15	C:\Users\proje\Documents\Codex\2026-08-06\https-github-com-hiiraginemu-magireco-wiki-3\work\pass17_max_integrated\release\authority_layer_ledger_571.tsv#sequence=141	official_cn_dump_linked_same_skill	authority.json/cardMagiaMap.json/11185	True	True	False
cardMagiaMap.json	90344	shortDescription	对敌方单体造成伤害[Ⅶ] & 防御力下降 & 异常状态耐性提升(敌方单体/3T) & 必定赋予束缚(敌方单体/1T)	对单个敌人造成伤害[Ⅶ] & 防御力DOWN & 状态异常耐性DOWN(单个敌人/3T) & 必定拘束(单个敌人/1T)	str	EXACT_CHAIN_COVERED	True	False	1	pass11_mechanics	C:\Users\proje\Documents\Codex\2026-08-06\https-github-com-hiiraginemu-magireco-wiki-3\work\pass15_authority\magica\i18n_audit\wiki_authority_pass11_mechanics\mechanics_corrections.json#index=20;id=90344	baseline_pre_llm_semantic_restore	https://magireco.moe/wiki/广江千春	True	True	False
cardMagiaMap.json	90345	shortDescription	对敌方全体造成属性强化伤害[Ⅶ] & 概率赋予麻痹(敌方全体/1T) & HP自动回复(我方全体/3T)	对全体敌人造成属性强化伤害[Ⅶ] & 一定几率眩晕(全体敌人/1T) & HP自动回复(全体/3T)	str	EXACT_CHAIN_COVERED	True	False	1	pass11_mechanics	C:\Users\proje\Documents\Codex\2026-08-06\https-github-com-hiiraginemu-magireco-wiki-3\work\pass15_authority\magica\i18n_audit\wiki_authority_pass11_mechanics\mechanics_corrections.json#index=21;id=90345	baseline_pre_llm_semantic_restore	https://magireco.moe/wiki/Magia	True	True	False
cardMagiaMap.json	90347	shortDescription	对敌方全体造成伤害[Ⅶ] & 异常状态耐性 & 防御下降(敌方全体/3T)	对敌方全体造成伤害[Ⅶ] & 状态异常耐性DOWN & 防御下降(敌方全体/3T)	str	EXACT_CHAIN_COVERED	True	False	1	typed_wiki_runtime	C:\Users\proje\Documents\Codex\2026-08-06\https-github-com-hiiraginemu-magireco-wiki-3\work\pass17_max_integrated\release\authority_layer_ledger_571.tsv#sequence=194	strong_typed_skill_family_not_same_runtime_id	Template:角色数据表/リヴィア・メディロス	True	True	False
cardMagiaMap.json	90349	shortDescription	对敌方单体造成属性强化伤害[Ⅶ] & 必定赋予麻痹(敌方单体/1T) & 必定赋予灼伤 & 攻击力下降(敌方单体/3T)	对单个敌人造成属性强化伤害[Ⅶ] & 必定眩晕(单个敌人/1T) & 必定灼伤 & 攻击力DOWN(单个敌人/3T)	str	EXACT_CHAIN_COVERED	True	False	1	pass11_mechanics	C:\Users\proje\Documents\Codex\2026-08-06\https-github-com-hiiraginemu-magireco-wiki-3\work\pass15_authority\magica\i18n_audit\wiki_authority_pass11_mechanics\mechanics_corrections.json#index=22;id=90349	baseline_pre_llm_semantic_restore	https://magireco.moe/wiki/Magia	True	True	False
cardMagiaMap.json	90360	shortDescription	对敌方单体造成伤害[Ⅴ] & 必定赋予麻痹(敌方单体/3T) & 攻击力提升(自身/3T) & 解除Debuff(自身)	对单个敌人造成伤害[Ⅴ] & 必定眩晕(单个敌人/1T) & 攻击力UP(自己/3T) & 解除DEBUFF(自己) 	str	EXACT_CHAIN_COVERED	True	False	1	pass11_mechanics	C:\Users\proje\Documents\Codex\2026-08-06\https-github-com-hiiraginemu-magireco-wiki-3\work\pass15_authority\magica\i18n_audit\wiki_authority_pass11_mechanics\mechanics_corrections.json#index=23;id=90360	baseline_pre_llm_semantic_restore	https://magireco.moe/wiki/Magia	True	True	True
cardMagiaMap.json	90363	shortDescription	对敌方全体造成属性强化伤害[Ⅶ] & 附带雾(敌方全体) & Charge后伤害提升 & Accele MP提升(我方全体/3T)	对全体敌人造成属性强化伤害[Ⅶ] & 附带雾(全体敌人)&Charge后伤害提升&Accele MP提升(全体/3T)	str	EXACT_CHAIN_COVERED	True	False	1	pass15	C:\Users\proje\Documents\Codex\2026-08-06\https-github-com-hiiraginemu-magireco-wiki-3\work\pass17_max_integrated\release\authority_layer_ledger_571.tsv#sequence=144	official_cn_dump_linked_same_skill	authority.json/cardMagiaMap.json/10115	True	True	False
cardMagiaMap.json	90364	shortDescription	对敌方全体造成属性强化伤害[Ⅶ] & Charge后攻击力提升(我方全体/5T)	对全体敌人造成属性强化伤害[Ⅶ] & Charge后伤害UP(全体/5T)	str	EXACT_CHAIN_COVERED	True	False	1	pass11_mechanics	C:\Users\proje\Documents\Codex\2026-08-06\https-github-com-hiiraginemu-magireco-wiki-3\work\pass15_authority\magica\i18n_audit\wiki_authority_pass11_mechanics\mechanics_corrections.json#index=24;id=90364	baseline_pre_llm_semantic_restore	https://magireco.moe/wiki/Magia	True	True	False
cardMagiaMap.json	90369	shortDescription	对敌方全体造成属性强化伤害[Ⅶ] & 概率赋予麻痹(敌方全体/1T) & 攻击力提升(自身/3T)	对全体敌人造成属性强化伤害[Ⅶ] & 一定几率眩晕(全体敌人/1T) & 攻击力UP(自己/3T)	str	EXACT_CHAIN_COVERED	True	False	1	pass11_mechanics	C:\Users\proje\Documents\Codex\2026-08-06\https-github-com-hiiraginemu-magireco-wiki-3\work\pass15_authority\magica\i18n_audit\wiki_authority_pass11_mechanics\mechanics_corrections.json#index=25;id=90369	baseline_pre_llm_semantic_restore	https://magireco.moe/wiki/水树垒	True	True	False
cardMagiaMap.json	90370	shortDescription	对敌方全体造成属性强化伤害[Ⅶ] & 附带雾(敌方全体) & Charge后伤害提升 & Accele MP提升(我方全体/3T)	对全体敌人造成属性强化伤害[Ⅶ] & 附带雾(全体敌人)&Charge后伤害提升&Accele MP提升(全体/3T)	str	EXACT_CHAIN_COVERED	True	False	1	pass15	C:\Users\proje\Documents\Codex\2026-08-06\https-github-com-hiiraginemu-magireco-wiki-3\work\pass17_max_integrated\release\authority_layer_ledger_571.tsv#sequence=146	official_cn_dump_linked_same_skill	authority.json/cardMagiaMap.json/10115	True	True	False
cardMagiaMap.json	90371	shortDescription	对敌方单体造成伤害[Ⅶ] & 防御力下降(敌方单体/3T) & Accele MP提升(我方全体/3T)	对单个敌人造成伤害[Ⅶ] & 防御力DOWN(单个敌人/3T) & Accele MP UP & 伤害UP(全体/3T)	str	EXACT_CHAIN_COVERED	True	False	1	pass11_mechanics	C:\Users\proje\Documents\Codex\2026-08-06\https-github-com-hiiraginemu-magireco-wiki-3\work\pass15_authority\magica\i18n_audit\wiki_authority_pass11_mechanics\mechanics_corrections.json#index=26;id=90371	baseline_pre_llm_semantic_restore	https://magireco.moe/wiki/御园花凛	True	True	False
cardMagiaMap.json	90388	shortDescription	对敌方全体造成伤害[Ⅵ] & 防御力提升(我方全体/3T) & 伤害削减(我方全体/3T)	对全体敌人造成伤害[Ⅵ] & 防御力提升(全体/3T) & 伤害削减(全体/3T)	str	EXACT_CHAIN_COVERED	True	False	1	pass15	C:\Users\proje\Documents\Codex\2026-08-06\https-github-com-hiiraginemu-magireco-wiki-3\work\pass17_max_integrated\release\authority_layer_ledger_571.tsv#sequence=147	official_cn_dump_linked_same_skill	authority.json/cardMagiaMap.json/10045	True	True	False
cardMagiaMap.json	90391	shortDescription	对敌方全体造成伤害[Ⅷ] & Blast伤害提升 & Accele MP提升(我方全体/3T) & 必定回避(自身/1T)	对全体敌人造成伤害[Ⅷ] & Blast & Accele MP提升（全体/3T）&必定回避（自己/1T）	str	EXACT_CHAIN_COVERED	True	False	1	pass15	C:\Users\proje\Documents\Codex\2026-08-06\https-github-com-hiiraginemu-magireco-wiki-3\work\pass17_max_integrated\release\authority_layer_ledger_571.tsv#sequence=148	official_cn_dump_linked_same_skill	authority.json/cardMagiaMap.json/10035	True	True	False
cardMagiaMap.json	90427	shortDescription	对敌方全体造成属性强化伤害[Ⅵ] & 概率技能封印(敌方全体/1T) & MP自动回复(我方全体/3T)	给予全部敌人属性强化伤害[Ⅵ]＆一定几率付与禁用技能(全部敌人/1T)＆MP自动回复(全部/3T)	str	EXACT_CHAIN_COVERED	True	False	1	pass16	C:\Users\proje\Documents\Codex\2026-08-06\https-github-com-hiiraginemu-magireco-wiki-3\work\pass17_max_integrated\release\authority_layer_ledger_571.tsv#sequence=192	official_cn_dump_exact_name_full_signature_closed_lexical_equivalence	authority.json/cardMagiaMap.json/30324/shortDescription	True	True	False
charaList.json	1107	name	灯花・音梦	灯花·音梦	str	EXACT_CHAIN_COVERED	True	False	1	pass30	C:\Users\proje\Documents\Codex\2026-08-06\https-github-com-hiiraginemu-magireco-wiki-3\work\pass17_max_integrated\release\authority_layer_ledger_571.tsv#sequence=450	typed Wiki character record	characters.json/灯花_音梦_圣夜ver@42641f87818b37262032fd4dc5d5c756a48fed7a	True	True	False
charaList.json	1137	name	那由他・御影	那由他·御影	str	EXACT_CHAIN_COVERED	True	False	1	pass30	C:\Users\proje\Documents\Codex\2026-08-06\https-github-com-hiiraginemu-magireco-wiki-3\work\pass17_max_integrated\release\authority_layer_ledger_571.tsv#sequence=451	typed Wiki character record	characters.json/那由他_御影_圣诞ver@42641f87818b37262032fd4dc5d5c756a48fed7a	True	True	False
charaList.json	2104	name	圆・彩羽	圆·彩羽	str	EXACT_CHAIN_COVERED	True	False	1	pass30	C:\Users\proje\Documents\Codex\2026-08-06\https-github-com-hiiraginemu-magireco-wiki-3\work\pass17_max_integrated\release\authority_layer_ledger_571.tsv#sequence=452	typed Wiki character record	characters.json/圆_伊吕波@42641f87818b37262032fd4dc5d5c756a48fed7a	True	True	False
charaList.json	2107	name	小圆前辈・小彩羽	小圆前辈·小彩羽	str	EXACT_CHAIN_COVERED	True	False	1	pass30	C:\Users\proje\Documents\Codex\2026-08-06\https-github-com-hiiraginemu-magireco-wiki-3\work\pass17_max_integrated\release\authority_layer_ledger_571.tsv#sequence=453	typed Wiki character record	characters.json/小圆前辈_小伊吕波@42641f87818b37262032fd4dc5d5c756a48fed7a	True	True	False
charaList.json	3503	name	木叶・叶月	木叶·叶月	str	EXACT_CHAIN_COVERED	True	False	1	pass30	C:\Users\proje\Documents\Codex\2026-08-06\https-github-com-hiiraginemu-magireco-wiki-3\work\pass17_max_integrated\release\authority_layer_ledger_571.tsv#sequence=454	typed Wiki character record	characters.json/木叶_叶月@42641f87818b37262032fd4dc5d5c756a48fed7a	True	True	False
charaList.json	3504	name	真良・心	真良·心	str	EXACT_CHAIN_COVERED	True	False	1	pass30	C:\Users\proje\Documents\Codex\2026-08-06\https-github-com-hiiraginemu-magireco-wiki-3\work\pass17_max_integrated\release\authority_layer_ledger_571.tsv#sequence=455	typed Wiki character record	characters.json/真良_心_花嫁ver@42641f87818b37262032fd4dc5d5c756a48fed7a	True	True	False
charaList.json	3505	name	丽良・清佳	丽良·清佳	str	EXACT_CHAIN_COVERED	True	False	1	pass30	C:\Users\proje\Documents\Codex\2026-08-06\https-github-com-hiiraginemu-magireco-wiki-3\work\pass17_max_integrated\release\authority_layer_ledger_571.tsv#sequence=456	typed Wiki character record	characters.json/丽良_清佳@42641f87818b37262032fd4dc5d5c756a48fed7a	True	True	False
doppelCardMagiaMap.json	11078	name	奔向创造与破坏的圣夜	向创造与毁灭的圣夜	str	EXACT_CHAIN_COVERED	True	False	1	pass14_special_doppel	C:\Users\proje\Documents\Codex\2026-08-06\https-github-com-hiiraginemu-magireco-wiki-3\work\pass15_authority\magica\i18n_audit\wiki_authority_pass14_special_doppel\special_doppel_authority.json#index=1;charaId=1107;target=doppelCardMagiaMap.json	frozen_wiki_typed_special_doppel	wiki character=灯花·音梦（圣夜ver.）	True	True	False
doppelCardMagiaMap.json	11208	name	妖怪阿酱们夜行	妖怪阿鲁酱夜行	str	EXACT_CHAIN_COVERED	True	False	1	pass14_special_doppel	C:\Users\proje\Documents\Codex\2026-08-06\https-github-com-hiiraginemu-magireco-wiki-3\work\pass15_authority\magica\i18n_audit\wiki_authority_pass14_special_doppel\special_doppel_authority.json#index=2;charaId=1120;target=doppelCardMagiaMap.json	frozen_wiki_typed_special_doppel	wiki character=佐鸟笼目（百鬼夜行ver.）	True	True	False
doppelCardMagiaMap.json	12038	name	烈火魔女化身·爆走炎舞	强火魔女化身疾驰焰舞	str	EXACT_CHAIN_COVERED	True	False	1	pass14_special_doppel	C:\Users\proje\Documents\Codex\2026-08-06\https-github-com-hiiraginemu-magireco-wiki-3\work\pass15_authority\magica\i18n_audit\wiki_authority_pass14_special_doppel\special_doppel_authority.json#index=3;charaId=1203;target=doppelCardMagiaMap.json	frozen_wiki_typed_special_doppel	wiki character=鹤乃·菲莉希亚（快递ver.）	True	True	False
doppelCardMagiaMap.json	12098	name	秋野枫的「水散爆裂击球」	秋野枫的“水散爆裂击球”	str	EXACT_CHAIN_COVERED	True	False	1	pass14_special_doppel	C:\Users\proje\Documents\Codex\2026-08-06\https-github-com-hiiraginemu-magireco-wiki-3\work\pass15_authority\magica\i18n_audit\wiki_authority_pass14_special_doppel\special_doppel_authority.json#index=4;charaId=1209;target=doppelCardMagiaMap.json	frozen_wiki_typed_special_doppel	wiki character=玲奈·枫（泳装ver.）	True	True	False
doppelCardMagiaMap.json	12108	name	绝对魅惑·人鱼激流	绝对魅惑人鱼水流	str	EXACT_CHAIN_COVERED	True	False	1	pass14_special_doppel	C:\Users\proje\Documents\Codex\2026-08-06\https-github-com-hiiraginemu-magireco-wiki-3\work\pass15_authority\magica\i18n_audit\wiki_authority_pass14_special_doppel\special_doppel_authority.json#index=5;charaId=1210;target=doppelCardMagiaMap.json	frozen_wiki_typed_special_doppel	wiki character=桃子·御魂（人鱼ver.）	True	True	False
doppelCardMagiaMap.json	13038	name	传闻的回转雷兽休止炮	谣回转雷兽休止炮	str	EXACT_CHAIN_COVERED	True	False	1	pass14_special_doppel	C:\Users\proje\Documents\Codex\2026-08-06\https-github-com-hiiraginemu-magireco-wiki-3\work\pass15_authority\magica\i18n_audit\wiki_authority_pass14_special_doppel\special_doppel_authority.json#index=6;charaId=1303;target=doppelCardMagiaMap.json	frozen_wiki_typed_special_doppel	wiki character=谣鹤乃（动画ver.）	True	True	False
doppelCardMagiaMap.json	14018	name	欢欣之雪	快乐之雪	str	EXACT_CHAIN_COVERED	True	False	1	pass14_special_doppel	C:\Users\proje\Documents\Codex\2026-08-06\https-github-com-hiiraginemu-magireco-wiki-3\work\pass15_authority\magica\i18n_audit\wiki_authority_pass14_special_doppel\special_doppel_authority.json#index=7;charaId=1401;target=doppelCardMagiaMap.json	frozen_wiki_typed_special_doppel	wiki character=伊吕波·忧（巫女ver.）	True	True	False
doppelList.json	110700	name	奔向创造与破坏的圣夜	向创造与毁灭的圣夜	str	EXACT_CHAIN_COVERED	True	False	1	pass14_special_doppel	C:\Users\proje\Documents\Codex\2026-08-06\https-github-com-hiiraginemu-magireco-wiki-3\work\pass15_authority\magica\i18n_audit\wiki_authority_pass14_special_doppel\special_doppel_authority.json#index=1;charaId=1107;target=doppelList.json	frozen_wiki_typed_special_doppel	wiki character=灯花·音梦（圣夜ver.）	True	True	False
doppelList.json	112000	name	妖怪阿酱们夜行	妖怪阿鲁酱夜行	str	EXACT_CHAIN_COVERED	True	False	1	pass14_special_doppel	C:\Users\proje\Documents\Codex\2026-08-06\https-github-com-hiiraginemu-magireco-wiki-3\work\pass15_authority\magica\i18n_audit\wiki_authority_pass14_special_doppel\special_doppel_authority.json#index=2;charaId=1120;target=doppelList.json	frozen_wiki_typed_special_doppel	wiki character=佐鸟笼目（百鬼夜行ver.）	True	True	False
doppelList.json	120300	name	烈火魔女化身·爆走炎舞	强火魔女化身疾驰焰舞	str	EXACT_CHAIN_COVERED	True	False	1	pass14_special_doppel	C:\Users\proje\Documents\Codex\2026-08-06\https-github-com-hiiraginemu-magireco-wiki-3\work\pass15_authority\magica\i18n_audit\wiki_authority_pass14_special_doppel\special_doppel_authority.json#index=3;charaId=1203;target=doppelList.json	frozen_wiki_typed_special_doppel	wiki character=鹤乃·菲莉希亚（快递ver.）	True	True	False
doppelList.json	120900	name	秋野枫的「水散爆裂击球」	秋野枫的“水散爆裂击球”	str	EXACT_CHAIN_COVERED	True	False	1	pass14_special_doppel	C:\Users\proje\Documents\Codex\2026-08-06\https-github-com-hiiraginemu-magireco-wiki-3\work\pass15_authority\magica\i18n_audit\wiki_authority_pass14_special_doppel\special_doppel_authority.json#index=4;charaId=1209;target=doppelList.json	frozen_wiki_typed_special_doppel	wiki character=玲奈·枫（泳装ver.）	True	True	False
doppelList.json	121000	name	绝对魅惑·人鱼激流	绝对魅惑人鱼水流	str	EXACT_CHAIN_COVERED	True	False	1	pass14_special_doppel	C:\Users\proje\Documents\Codex\2026-08-06\https-github-com-hiiraginemu-magireco-wiki-3\work\pass15_authority\magica\i18n_audit\wiki_authority_pass14_special_doppel\special_doppel_authority.json#index=5;charaId=1210;target=doppelList.json	frozen_wiki_typed_special_doppel	wiki character=桃子·御魂（人鱼ver.）	True	True	False
doppelList.json	130300	name	传闻的回转雷兽休止炮	谣回转雷兽休止炮	str	EXACT_CHAIN_COVERED	True	False	1	pass14_special_doppel	C:\Users\proje\Documents\Codex\2026-08-06\https-github-com-hiiraginemu-magireco-wiki-3\work\pass15_authority\magica\i18n_audit\wiki_authority_pass14_special_doppel\special_doppel_authority.json#index=6;charaId=1303;target=doppelList.json	frozen_wiki_typed_special_doppel	wiki character=谣鹤乃（动画ver.）	True	True	False
doppelList.json	140100	name	欢欣之雪	快乐之雪	str	EXACT_CHAIN_COVERED	True	False	1	pass14_special_doppel	C:\Users\proje\Documents\Codex\2026-08-06\https-github-com-hiiraginemu-magireco-wiki-3\work\pass15_authority\magica\i18n_audit\wiki_authority_pass14_special_doppel\special_doppel_authority.json#index=7;charaId=1401;target=doppelList.json	frozen_wiki_typed_special_doppel	wiki character=伊吕波·忧（巫女ver.）	True	True	False
itemList.json	EVENT_DAILYTOWER_1130_STICKER_102100	name	紅晴結菜	红晴结菜	str	EXACT_CHAIN_COVERED	True	False	1	pass28	C:\Users\proje\Documents\Codex\2026-08-06\https-github-com-hiiraginemu-magireco-wiki-3\work\pass17_max_integrated\release\authority_layer_ledger_571.tsv#sequence=229	closed_simplified_chinese_orthography_non_official_lock	reviewed bridge + OpenCC t2s; exact non-Han skeleton preserved	True	True	False
itemList.json	EVENT_DAILYTOWER_1130_STICKER_102100	parameter	107,紅晴結菜	107,红晴结菜	str	EXACT_CHAIN_COVERED	True	False	1	pass28	C:\Users\proje\Documents\Codex\2026-08-06\https-github-com-hiiraginemu-magireco-wiki-3\work\pass17_max_integrated\release\authority_layer_ledger_571.tsv#sequence=230	closed_simplified_chinese_orthography_non_official_lock	reviewed bridge + OpenCC t2s; exact non-Han skeleton preserved	True	True	False
itemList.json	EVENT_DAILYTOWER_1130_STICKER_102400	name	大庭樹里	大庭树里	str	EXACT_CHAIN_COVERED	True	False	1	pass28	C:\Users\proje\Documents\Codex\2026-08-06\https-github-com-hiiraginemu-magireco-wiki-3\work\pass17_max_integrated\release\authority_layer_ledger_571.tsv#sequence=231	closed_simplified_chinese_orthography_non_official_lock	reviewed bridge + OpenCC t2s; exact non-Han skeleton preserved	True	True	False
itemList.json	EVENT_DAILYTOWER_1130_STICKER_102400	parameter	108,大庭樹里	108,大庭树里	str	EXACT_CHAIN_COVERED	True	False	1	pass28	C:\Users\proje\Documents\Codex\2026-08-06\https-github-com-hiiraginemu-magireco-wiki-3\work\pass17_max_integrated\release\authority_layer_ledger_571.tsv#sequence=232	closed_simplified_chinese_orthography_non_official_lock	reviewed bridge + OpenCC t2s; exact non-Han skeleton preserved	True	True	False
itemList.json	EVENT_DAILYTOWER_1130_STICKER_110700	shortDescription	神滨市北養区	神滨市北养区	str	EXACT_CHAIN_COVERED	True	False	1	pass28	C:\Users\proje\Documents\Codex\2026-08-06\https-github-com-hiiraginemu-magireco-wiki-3\work\pass17_max_integrated\release\authority_layer_ledger_571.tsv#sequence=233	closed_simplified_chinese_orthography_non_official_lock	reviewed bridge + OpenCC t2s; exact non-Han skeleton preserved	True	True	False
itemList.json	EVENT_DAILYTOWER_1130_STICKER_260000	parameter	093,佐倉杏子(水着ver.)	093,佐仓杏子(水着ver.)	str	EXACT_CHAIN_COVERED	True	False	1	pass28	C:\Users\proje\Documents\Codex\2026-08-06\https-github-com-hiiraginemu-magireco-wiki-3\work\pass17_max_integrated\release\authority_layer_ledger_571.tsv#sequence=234	closed_simplified_chinese_orthography_non_official_lock	reviewed bridge + OpenCC t2s; exact non-Han skeleton preserved	True	True	False
itemList.json	EVENT_DAILYTOWER_1130_STICKER_301800	name	更紗帆奈	更纱帆奈	str	EXACT_CHAIN_COVERED	True	False	1	pass28	C:\Users\proje\Documents\Codex\2026-08-06\https-github-com-hiiraginemu-magireco-wiki-3\work\pass17_max_integrated\release\authority_layer_ledger_571.tsv#sequence=235	closed_simplified_chinese_orthography_non_official_lock	reviewed bridge + OpenCC t2s; exact non-Han skeleton preserved	True	True	False
itemList.json	EVENT_DAILYTOWER_1130_STICKER_301800	parameter	096,更紗帆奈	096,更纱帆奈	str	EXACT_CHAIN_COVERED	True	False	1	pass28	C:\Users\proje\Documents\Codex\2026-08-06\https-github-com-hiiraginemu-magireco-wiki-3\work\pass17_max_integrated\release\authority_layer_ledger_571.tsv#sequence=236	closed_simplified_chinese_orthography_non_official_lock	reviewed bridge + OpenCC t2s; exact non-Han skeleton preserved	True	True	False
itemList.json	EVENT_DAILYTOWER_1130_STICKER_304100	shortDescription	神滨市北養区	神滨市北养区	str	EXACT_CHAIN_COVERED	True	False	1	pass28	C:\Users\proje\Documents\Codex\2026-08-06\https-github-com-hiiraginemu-magireco-wiki-3\work\pass17_max_integrated\release\authority_layer_ledger_571.tsv#sequence=237	closed_simplified_chinese_orthography_non_official_lock	reviewed bridge + OpenCC t2s; exact non-Han skeleton preserved	True	True	False
itemList.json	EVENT_DAILYTOWER_1130_STICKER_304500	shortDescription	神滨市北養区	神滨市北养区	str	EXACT_CHAIN_COVERED	True	False	1	pass28	C:\Users\proje\Documents\Codex\2026-08-06\https-github-com-hiiraginemu-magireco-wiki-3\work\pass17_max_integrated\release\authority_layer_ledger_571.tsv#sequence=238	closed_simplified_chinese_orthography_non_official_lock	reviewed bridge + OpenCC t2s; exact non-Han skeleton preserved	True	True	False
itemList.json	EVENT_DAILYTOWER_1130_STICKER_304700	shortDescription	神滨市北養区	神滨市北养区	str	EXACT_CHAIN_COVERED	True	False	1	pass28	C:\Users\proje\Documents\Codex\2026-08-06\https-github-com-hiiraginemu-magireco-wiki-3\work\pass17_max_integrated\release\authority_layer_ledger_571.tsv#sequence=239	closed_simplified_chinese_orthography_non_official_lock	reviewed bridge + OpenCC t2s; exact non-Han skeleton preserved	True	True	False
itemList.json	EVENT_DAILYTOWER_1130_STICKER_305000	shortDescription	神滨市北養区	神滨市北养区	str	EXACT_CHAIN_COVERED	True	False	1	pass28	C:\Users\proje\Documents\Codex\2026-08-06\https-github-com-hiiraginemu-magireco-wiki-3\work\pass17_max_integrated\release\authority_layer_ledger_571.tsv#sequence=240	closed_simplified_chinese_orthography_non_official_lock	reviewed bridge + OpenCC t2s; exact non-Han skeleton preserved	True	True	False
itemList.json	EVENT_DAILYTOWER_1130_STICKER_305600	name	水樹塁	水树垒	str	EXACT_CHAIN_COVERED	True	False	1	pass28	C:\Users\proje\Documents\Codex\2026-08-06\https-github-com-hiiraginemu-magireco-wiki-3\work\pass17_max_integrated\release\authority_layer_ledger_571.tsv#sequence=241	closed_simplified_chinese_orthography_non_official_lock	reviewed bridge + OpenCC t2s; exact non-Han skeleton preserved	True	True	False
itemList.json	EVENT_DAILYTOWER_1130_STICKER_305600	parameter	134,水樹塁	134,水树垒	str	EXACT_CHAIN_COVERED	True	False	1	pass28	C:\Users\proje\Documents\Codex\2026-08-06\https-github-com-hiiraginemu-magireco-wiki-3\work\pass17_max_integrated\release\authority_layer_ledger_571.tsv#sequence=242	closed_simplified_chinese_orthography_non_official_lock	reviewed bridge + OpenCC t2s; exact non-Han skeleton preserved	True	True	False
itemList.json	EVENT_DAILYTOWER_1130_STICKER_350200	shortDescription	竜宮城	龙宫城	str	EXACT_CHAIN_COVERED	True	False	1	pass28	C:\Users\proje\Documents\Codex\2026-08-06\https-github-com-hiiraginemu-magireco-wiki-3\work\pass17_max_integrated\release\authority_layer_ledger_571.tsv#sequence=243	closed_simplified_chinese_orthography_non_official_lock	reviewed bridge + OpenCC t2s; exact non-Han skeleton preserved	True	True	False
itemList.json	EVENT_DAILYTOWER_1161_STICKER_103100	parameter	158,神乐燦	158,神乐灿	str	EXACT_CHAIN_COVERED	True	False	1	pass22	C:\Users\proje\Documents\Codex\2026-08-06\https-github-com-hiiraginemu-magireco-wiki-3\work\pass17_max_integrated\release\authority_layer_ledger_571.tsv#sequence=205	closed_simplified_chinese_orthography	closed Japanese-shinjitai/traditional-to-Simplified mapping	True	True	False
itemList.json	EVENT_DAILYTOWER_1161_STICKER_103400	shortDescription	湯国市	汤国市	str	EXACT_CHAIN_COVERED	True	False	1	pass28	C:\Users\proje\Documents\Codex\2026-08-06\https-github-com-hiiraginemu-magireco-wiki-3\work\pass17_max_integrated\release\authority_layer_ledger_571.tsv#sequence=244	closed_simplified_chinese_orthography_non_official_lock	reviewed bridge + OpenCC t2s; exact non-Han skeleton preserved	True	True	False
itemList.json	EVENT_DAILYTOWER_1161_STICKER_103500	shortDescription	湯国市	汤国市	str	EXACT_CHAIN_COVERED	True	False	1	pass28	C:\Users\proje\Documents\Codex\2026-08-06\https-github-com-hiiraginemu-magireco-wiki-3\work\pass17_max_integrated\release\authority_layer_ledger_571.tsv#sequence=245	closed_simplified_chinese_orthography_non_official_lock	reviewed bridge + OpenCC t2s; exact non-Han skeleton preserved	True	True	False
itemList.json	EVENT_DAILYTOWER_1161_STICKER_103700	shortDescription	宝崎市、神滨市、湯国市	宝崎市、神滨市、汤国市	str	EXACT_CHAIN_COVERED	True	False	1	pass28	C:\Users\proje\Documents\Codex\2026-08-06\https-github-com-hiiraginemu-magireco-wiki-3\work\pass17_max_integrated\release\authority_layer_ledger_571.tsv#sequence=246	closed_simplified_chinese_orthography_non_official_lock	reviewed bridge + OpenCC t2s; exact non-Han skeleton preserved	True	True	False
itemList.json	EVENT_DAILYTOWER_1161_STICKER_210400	shortDescription	神滨市北養区	神滨市北养区	str	EXACT_CHAIN_COVERED	True	False	1	pass28	C:\Users\proje\Documents\Codex\2026-08-06\https-github-com-hiiraginemu-magireco-wiki-3\work\pass17_max_integrated\release\authority_layer_ledger_571.tsv#sequence=247	closed_simplified_chinese_orthography_non_official_lock	reviewed bridge + OpenCC t2s; exact non-Han skeleton preserved	True	True	False
itemList.json	EVENT_DAILYTOWER_1161_STICKER_250200	shortDescription	神滨市北養区	神滨市北养区	str	EXACT_CHAIN_COVERED	True	False	1	pass28	C:\Users\proje\Documents\Codex\2026-08-06\https-github-com-hiiraginemu-magireco-wiki-3\work\pass17_max_integrated\release\authority_layer_ledger_571.tsv#sequence=248	closed_simplified_chinese_orthography_non_official_lock	reviewed bridge + OpenCC t2s; exact non-Han skeleton preserved	True	True	False
itemList.json	EVENT_DAILYTOWER_1161_STICKER_305500	name	桐野紗枝	桐野纱枝	str	EXACT_CHAIN_COVERED	True	False	1	pass28	C:\Users\proje\Documents\Codex\2026-08-06\https-github-com-hiiraginemu-magireco-wiki-3\work\pass17_max_integrated\release\authority_layer_ledger_571.tsv#sequence=249	closed_simplified_chinese_orthography_non_official_lock	reviewed bridge + OpenCC t2s; exact non-Han skeleton preserved	True	True	False
itemList.json	EVENT_DAILYTOWER_1161_STICKER_305500	parameter	161,桐野紗枝	161,桐野纱枝	str	EXACT_CHAIN_COVERED	True	False	1	pass28	C:\Users\proje\Documents\Codex\2026-08-06\https-github-com-hiiraginemu-magireco-wiki-3\work\pass17_max_integrated\release\authority_layer_ledger_571.tsv#sequence=250	closed_simplified_chinese_orthography_non_official_lock	reviewed bridge + OpenCC t2s; exact non-Han skeleton preserved	True	True	False
itemList.json	EVENT_DAILYTOWER_1161_STICKER_305900	shortDescription	神滨市北養区	神滨市北养区	str	EXACT_CHAIN_COVERED	True	False	1	pass28	C:\Users\proje\Documents\Codex\2026-08-06\https-github-com-hiiraginemu-magireco-wiki-3\work\pass17_max_integrated\release\authority_layer_ledger_571.tsv#sequence=251	closed_simplified_chinese_orthography_non_official_lock	reviewed bridge + OpenCC t2s; exact non-Han skeleton preserved	True	True	False
itemList.json	EVENT_DAILYTOWER_1181_EXCHANGE_1	name	初梦祈願	初梦祈愿	str	EXACT_CHAIN_COVERED	True	False	1	pass22	C:\Users\proje\Documents\Codex\2026-08-06\https-github-com-hiiraginemu-magireco-wiki-3\work\pass17_max_integrated\release\authority_layer_ledger_571.tsv#sequence=206	closed_simplified_chinese_orthography	closed Japanese-shinjitai/traditional-to-Simplified mapping	True	True	False
itemList.json	EVENT_DAILYTOWER_1189_STICKER_103300	shortDescription	神滨市、湯国市	神滨市、汤国市	str	EXACT_CHAIN_COVERED	True	False	1	pass28	C:\Users\proje\Documents\Codex\2026-08-06\https-github-com-hiiraginemu-magireco-wiki-3\work\pass17_max_integrated\release\authority_layer_ledger_571.tsv#sequence=252	closed_simplified_chinese_orthography_non_official_lock	reviewed bridge + OpenCC t2s; exact non-Han skeleton preserved	True	True	False
itemList.json	EVENT_DAILYTOWER_1189_STICKER_103600	shortDescription	湯国市	汤国市	str	EXACT_CHAIN_COVERED	True	False	1	pass28	C:\Users\proje\Documents\Codex\2026-08-06\https-github-com-hiiraginemu-magireco-wiki-3\work\pass17_max_integrated\release\authority_layer_ledger_571.tsv#sequence=253	closed_simplified_chinese_orthography_non_official_lock	reviewed bridge + OpenCC t2s; exact non-Han skeleton preserved	True	True	False
itemList.json	EVENT_DAILYTOWER_1189_STICKER_104600	name	千鶴	千鹤	str	EXACT_CHAIN_COVERED	True	False	1	pass28	C:\Users\proje\Documents\Codex\2026-08-06\https-github-com-hiiraginemu-magireco-wiki-3\work\pass17_max_integrated\release\authority_layer_ledger_571.tsv#sequence=254	closed_simplified_chinese_orthography_non_official_lock	reviewed bridge + OpenCC t2s; exact non-Han skeleton preserved	True	True	False
itemList.json	EVENT_DAILYTOWER_1189_STICKER_104600	parameter	200,千鶴	200,千鹤	str	EXACT_CHAIN_COVERED	True	False	1	pass28	C:\Users\proje\Documents\Codex\2026-08-06\https-github-com-hiiraginemu-magireco-wiki-3\work\pass17_max_integrated\release\authority_layer_ledger_571.tsv#sequence=255	closed_simplified_chinese_orthography_non_official_lock	reviewed bridge + OpenCC t2s; exact non-Han skeleton preserved	True	True	False
itemList.json	EVENT_DAILYTOWER_1189_STICKER_400400	name	Final 織莉子	Final 织莉子	str	EXACT_CHAIN_COVERED	True	False	1	pass28	C:\Users\proje\Documents\Codex\2026-08-06\https-github-com-hiiraginemu-magireco-wiki-3\work\pass17_max_integrated\release\authority_layer_ledger_571.tsv#sequence=256	closed_simplified_chinese_orthography_non_official_lock	reviewed bridge + OpenCC t2s; exact non-Han skeleton preserved	True	True	False
itemList.json	EVENT_DAILYTOWER_1189_STICKER_400400	parameter	196,美国 織莉子(ver.Final)	196,美国 织莉子(ver.Final)	str	EXACT_CHAIN_COVERED	True	False	1	pass28	C:\Users\proje\Documents\Codex\2026-08-06\https-github-com-hiiraginemu-magireco-wiki-3\work\pass17_max_integrated\release\authority_layer_ledger_571.tsv#sequence=257	closed_simplified_chinese_orthography_non_official_lock	reviewed bridge + OpenCC t2s; exact non-Han skeleton preserved	True	True	False
itemList.json	EVENT_DAILYTOWER_1206_EXCHANGE_1	name	竜城家伝統鏡餅	龙城家传统镜饼	str	EXACT_CHAIN_COVERED	True	False	1	pass28	C:\Users\proje\Documents\Codex\2026-08-06\https-github-com-hiiraginemu-magireco-wiki-3\work\pass17_max_integrated\release\authority_layer_ledger_571.tsv#sequence=258	closed_simplified_chinese_orthography_non_official_lock	reviewed bridge + OpenCC t2s; exact non-Han skeleton preserved	True	True	False
itemList.json	EVENT_DAILYTOWER_1212_STICKER_111300	name	竜城明日香 新春龙神ver	龙城明日香 新春龙神ver	str	EXACT_CHAIN_COVERED	True	False	1	pass22	C:\Users\proje\Documents\Codex\2026-08-06\https-github-com-hiiraginemu-magireco-wiki-3\work\pass17_max_integrated\release\authority_layer_ledger_571.tsv#sequence=207	closed_simplified_chinese_orthography	closed Japanese-shinjitai/traditional-to-Simplified mapping	True	True	False
itemList.json	EVENT_DAILYTOWER_1212_STICKER_111300	parameter	222,竜城明日香(新春龙神ver.)	222,龙城明日香(新春龙神ver.)	str	EXACT_CHAIN_COVERED	True	False	1	pass22	C:\Users\proje\Documents\Codex\2026-08-06\https-github-com-hiiraginemu-magireco-wiki-3\work\pass17_max_integrated\release\authority_layer_ledger_571.tsv#sequence=208	closed_simplified_chinese_orthography	closed Japanese-shinjitai/traditional-to-Simplified mapping	True	True	False
itemList.json	EVENT_DAILYTOWER_1212_STICKER_112100	name	結菜·樹里 吸血鬼ver.	结菜·树里 吸血鬼ver.	str	EXACT_CHAIN_COVERED	True	False	1	pass28	C:\Users\proje\Documents\Codex\2026-08-06\https-github-com-hiiraginemu-magireco-wiki-3\work\pass17_max_integrated\release\authority_layer_ledger_571.tsv#sequence=259	closed_simplified_chinese_orthography_non_official_lock	reviewed bridge + OpenCC t2s; exact non-Han skeleton preserved	True	True	False
itemList.json	EVENT_DAILYTOWER_1212_STICKER_260100	name	佐倉杏子 scene0 ver.	佐仓杏子 scene0 ver.	str	EXACT_CHAIN_COVERED	True	False	1	pass28	C:\Users\proje\Documents\Codex\2026-08-06\https-github-com-hiiraginemu-magireco-wiki-3\work\pass17_max_integrated\release\authority_layer_ledger_571.tsv#sequence=260	closed_simplified_chinese_orthography_non_official_lock	reviewed bridge + OpenCC t2s; exact non-Han skeleton preserved	True	True	False
itemList.json	EVENT_DAILYTOWER_1212_STICKER_260100	parameter	219,佐倉杏子(scene0 ver.)	219,佐仓杏子(scene0 ver.)	str	EXACT_CHAIN_COVERED	True	False	1	pass28	C:\Users\proje\Documents\Codex\2026-08-06\https-github-com-hiiraginemu-magireco-wiki-3\work\pass17_max_integrated\release\authority_layer_ledger_571.tsv#sequence=261	closed_simplified_chinese_orthography_non_official_lock	reviewed bridge + OpenCC t2s; exact non-Han skeleton preserved	True	True	False
itemList.json	EVENT_DAILYTOWER_1212_STICKER_302200	name	伊並満	伊并满	str	EXACT_CHAIN_COVERED	True	False	1	pass28	C:\Users\proje\Documents\Codex\2026-08-06\https-github-com-hiiraginemu-magireco-wiki-3\work\pass17_max_integrated\release\authority_layer_ledger_571.tsv#sequence=262	closed_simplified_chinese_orthography_non_official_lock	reviewed bridge + OpenCC t2s; exact non-Han skeleton preserved	True	True	False
itemList.json	EVENT_DAILYTOWER_1212_STICKER_302200	parameter	214,伊並満	214,伊并满	str	EXACT_CHAIN_COVERED	True	False	1	pass28	C:\Users\proje\Documents\Codex\2026-08-06\https-github-com-hiiraginemu-magireco-wiki-3\work\pass17_max_integrated\release\authority_layer_ledger_571.tsv#sequence=263	closed_simplified_chinese_orthography_non_official_lock	reviewed bridge + OpenCC t2s; exact non-Han skeleton preserved	True	True	False
itemList.json	SCENEZERO_PLAY_TICKET	name	追忆灯	回溯灯泡	str	EXACT_CHAIN_COVERED	True	False	1	manual_terms	C:\Users\proje\Documents\Codex\2026-08-06\https-github-com-hiiraginemu-magireco-wiki-3\work\pass17_max_integrated\release\authority_layer_ledger_571.tsv#sequence=457	wiki_exact_pair	magireco-wiki-data@42641f87/data/archive/articles.jsonl.gz:2175; official dump template for composite row	True	True	False
itemList.json	SCENEZERO_PLAY_TICKET	shortDescription	追忆灯	回溯灯泡	str	EXACT_CHAIN_COVERED	True	False	1	manual_terms	C:\Users\proje\Documents\Codex\2026-08-06\https-github-com-hiiraginemu-magireco-wiki-3\work\pass17_max_integrated\release\authority_layer_ledger_571.tsv#sequence=458	wiki_exact_pair	magireco-wiki-data@42641f87/data/archive/articles.jsonl.gz:2175; official dump template for composite row	True	True	False
itemList.json	SCENEZERO_SIDE_TICKET	name	门奖胶片	门票奖胶片	str	EXACT_CHAIN_COVERED	True	False	1	manual_terms	C:\Users\proje\Documents\Codex\2026-08-06\https-github-com-hiiraginemu-magireco-wiki-3\work\pass17_max_integrated\release\authority_layer_ledger_571.tsv#sequence=461	wiki_exact_pair	magireco-wiki-data@42641f87/data/archive/articles.jsonl.gz:2175; official dump template for composite row	True	True	False
itemList.json	SCENEZERO_SIDE_TICKET	shortDescription	门奖胶片	门票奖胶片	str	EXACT_CHAIN_COVERED	True	False	1	manual_terms	C:\Users\proje\Documents\Codex\2026-08-06\https-github-com-hiiraginemu-magireco-wiki-3\work\pass17_max_integrated\release\authority_layer_ledger_571.tsv#sequence=462	wiki_exact_pair	magireco-wiki-data@42641f87/data/archive/articles.jsonl.gz:2175; official dump template for composite row	True	True	False
live2dList.json	1042_02	description	魔法少女(鶴乃)	魔法少女(鹤乃)	str	EXACT_CHAIN_COVERED	True	False	1	pass28	C:\Users\proje\Documents\Codex\2026-08-06\https-github-com-hiiraginemu-magireco-wiki-3\work\pass17_max_integrated\release\authority_layer_ledger_571.tsv#sequence=264	closed_simplified_chinese_orthography_non_official_lock	reviewed bridge + OpenCC t2s; exact non-Han skeleton preserved	True	True	False
live2dList.json	1121_01	description	魔法少女(結菜)	魔法少女(结菜)	str	EXACT_CHAIN_COVERED	True	False	1	pass28	C:\Users\proje\Documents\Codex\2026-08-06\https-github-com-hiiraginemu-magireco-wiki-3\work\pass17_max_integrated\release\authority_layer_ledger_571.tsv#sequence=265	closed_simplified_chinese_orthography_non_official_lock	reviewed bridge + OpenCC t2s; exact non-Han skeleton preserved	True	True	False
live2dList.json	1121_02	description	魔法少女(樹里)	魔法少女(树里)	str	EXACT_CHAIN_COVERED	True	False	1	pass28	C:\Users\proje\Documents\Codex\2026-08-06\https-github-com-hiiraginemu-magireco-wiki-3\work\pass17_max_integrated\release\authority_layer_ledger_571.tsv#sequence=266	closed_simplified_chinese_orthography_non_official_lock	reviewed bridge + OpenCC t2s; exact non-Han skeleton preserved	True	True	False
live2dList.json	1203_01	description	魔法少女(鶴乃)	魔法少女(鹤乃)	str	EXACT_CHAIN_COVERED	True	False	1	pass28	C:\Users\proje\Documents\Codex\2026-08-06\https-github-com-hiiraginemu-magireco-wiki-3\work\pass17_max_integrated\release\authority_layer_ledger_571.tsv#sequence=267	closed_simplified_chinese_orthography_non_official_lock	reviewed bridge + OpenCC t2s; exact non-Han skeleton preserved	True	True	False
sectionList.json	102204	areaDetailName	大东区・摩天轮草原	大东区·摩天轮草原	str	EXACT_CHAIN_COVERED	True	False	1	pass29	C:\Users\proje\Documents\Codex\2026-08-06\https-github-com-hiiraginemu-magireco-wiki-3\work\pass17_max_integrated\release\authority_layer_ledger_571.tsv#sequence=406	same_field_punctuation_profile	same-field punctuation profile:authority/authority.json#/sectionList.json/*/areaDetailName;profile_sha256=e7cd07821a39f924107055f3477cf04aec497dca8df604bace0023bba6d76aed	True	True	False
sectionList.json	102303	areaDetailName	北養区・森	北养区·森林	str	EXACT_CHAIN_COVERED	True	False	2	pass28 -> pass29	C:\Users\proje\Documents\Codex\2026-08-06\https-github-com-hiiraginemu-magireco-wiki-3\work\pass17_max_integrated\release\authority_layer_ledger_571.tsv#sequence=268 | C:\Users\proje\Documents\Codex\2026-08-06\https-github-com-hiiraginemu-magireco-wiki-3\work\pass17_max_integrated\release\authority_layer_ledger_571.tsv#sequence=407	closed_simplified_chinese_orthography_non_official_lock | same_field_punctuation_profile;same_field_exact_location	reviewed bridge + OpenCC t2s; exact non-Han skeleton preserved | same-field punctuation profile:authority/authority.json#/sectionList.json/*/areaDetailName;profile_sha256=e7cd07821a39f924107055f3477cf04aec497dca8df604bace0023bba6d76aed;authority/authority.json#/sectionList.json/102001/areaDetailName	True	True	False
sectionList.json	102403	areaDetailName	参京区・水徳寺・庭	参京区·水德寺·庭院	str	EXACT_CHAIN_COVERED	True	False	2	pass28 -> pass29	C:\Users\proje\Documents\Codex\2026-08-06\https-github-com-hiiraginemu-magireco-wiki-3\work\pass17_max_integrated\release\authority_layer_ledger_571.tsv#sequence=269 | C:\Users\proje\Documents\Codex\2026-08-06\https-github-com-hiiraginemu-magireco-wiki-3\work\pass17_max_integrated\release\authority_layer_ledger_571.tsv#sequence=408	closed_simplified_chinese_orthography_non_official_lock | same_field_punctuation_profile;same_field_location_term	reviewed bridge + OpenCC t2s; exact non-Han skeleton preserved | same-field punctuation profile:authority/authority.json#/sectionList.json/*/areaDetailName;profile_sha256=e7cd07821a39f924107055f3477cf04aec497dca8df604bace0023bba6d76aed;authority/authority.json#/sectionList.json/101962/areaDetailName	True	True	False
sectionList.json	102501	areaDetailName	南凪自由学园・教室	南凪自由学园·教室	str	EXACT_CHAIN_COVERED	True	False	1	pass29	C:\Users\proje\Documents\Codex\2026-08-06\https-github-com-hiiraginemu-magireco-wiki-3\work\pass17_max_integrated\release\authority_layer_ledger_571.tsv#sequence=409	same_field_punctuation_profile	same-field punctuation profile:authority/authority.json#/sectionList.json/*/areaDetailName;profile_sha256=e7cd07821a39f924107055f3477cf04aec497dca8df604bace0023bba6d76aed	True	True	False
sectionList.json	102502	charaName	大庭 樹里	大庭 树里	str	EXACT_CHAIN_COVERED	True	False	1	pass28	C:\Users\proje\Documents\Codex\2026-08-06\https-github-com-hiiraginemu-magireco-wiki-3\work\pass17_max_integrated\release\authority_layer_ledger_571.tsv#sequence=270	closed_simplified_chinese_orthography_non_official_lock	reviewed bridge + OpenCC t2s; exact non-Han skeleton preserved	True	True	False
sectionList.json	102503	areaDetailName	竜真館	龙真馆	str	EXACT_CHAIN_COVERED	True	False	1	pass28	C:\Users\proje\Documents\Codex\2026-08-06\https-github-com-hiiraginemu-magireco-wiki-3\work\pass17_max_integrated\release\authority_layer_ledger_571.tsv#sequence=271	closed_simplified_chinese_orthography_non_official_lock	reviewed bridge + OpenCC t2s; exact non-Han skeleton preserved	True	True	False
sectionList.json	102504	areaDetailName	大东区・神滨監獄	大东区·神滨监狱	str	EXACT_CHAIN_COVERED	True	False	2	pass28 -> pass29	C:\Users\proje\Documents\Codex\2026-08-06\https-github-com-hiiraginemu-magireco-wiki-3\work\pass17_max_integrated\release\authority_layer_ledger_571.tsv#sequence=272 | C:\Users\proje\Documents\Codex\2026-08-06\https-github-com-hiiraginemu-magireco-wiki-3\work\pass17_max_integrated\release\authority_layer_ledger_571.tsv#sequence=410	closed_simplified_chinese_orthography_non_official_lock | same_field_punctuation_profile	reviewed bridge + OpenCC t2s; exact non-Han skeleton preserved | same-field punctuation profile:authority/authority.json#/sectionList.json/*/areaDetailName;profile_sha256=e7cd07821a39f924107055f3477cf04aec497dca8df604bace0023bba6d76aed	True	True	False
sectionList.json	102602	areaDetailName	南凪自由学园・廊下	南凪自由学园·走廊	str	EXACT_CHAIN_COVERED	True	False	1	pass29	C:\Users\proje\Documents\Codex\2026-08-06\https-github-com-hiiraginemu-magireco-wiki-3\work\pass17_max_integrated\release\authority_layer_ledger_571.tsv#sequence=411	same_field_punctuation_profile;same_field_location_term	same-field punctuation profile:authority/authority.json#/sectionList.json/*/areaDetailName;profile_sha256=e7cd07821a39f924107055f3477cf04aec497dca8df604bace0023bba6d76aed;authority/authority.json#/sectionList.json/101917/areaDetailName	True	True	False
sectionList.json	102604	areaDetailName	電車・車内	电车·车内	str	EXACT_CHAIN_COVERED	True	False	2	pass28 -> pass29	C:\Users\proje\Documents\Codex\2026-08-06\https-github-com-hiiraginemu-magireco-wiki-3\work\pass17_max_integrated\release\authority_layer_ledger_571.tsv#sequence=273 | C:\Users\proje\Documents\Codex\2026-08-06\https-github-com-hiiraginemu-magireco-wiki-3\work\pass17_max_integrated\release\authority_layer_ledger_571.tsv#sequence=412	closed_simplified_chinese_orthography_non_official_lock | same_field_punctuation_profile	reviewed bridge + OpenCC t2s; exact non-Han skeleton preserved | same-field punctuation profile:authority/authority.json#/sectionList.json/*/areaDetailName;profile_sha256=e7cd07821a39f924107055f3477cf04aec497dca8df604bace0023bba6d76aed	True	True	False
sectionList.json	102605	areaDetailName	大东区・道	大东区·街道	str	EXACT_CHAIN_COVERED	True	False	1	pass29	C:\Users\proje\Documents\Codex\2026-08-06\https-github-com-hiiraginemu-magireco-wiki-3\work\pass17_max_integrated\release\authority_layer_ledger_571.tsv#sequence=413	same_field_punctuation_profile;same_field_exact_location	same-field punctuation profile:authority/authority.json#/sectionList.json/*/areaDetailName;profile_sha256=e7cd07821a39f924107055f3477cf04aec497dca8df604bace0023bba6d76aed;authority/authority.json#/sectionList.json/101712/areaDetailName	True	True	False
sectionList.json	102802	charaName	紅晴 結菜	红晴 结菜	str	EXACT_CHAIN_COVERED	True	False	1	pass28	C:\Users\proje\Documents\Codex\2026-08-06\https-github-com-hiiraginemu-magireco-wiki-3\work\pass17_max_integrated\release\authority_layer_ledger_571.tsv#sequence=274	closed_simplified_chinese_orthography_non_official_lock	reviewed bridge + OpenCC t2s; exact non-Han skeleton preserved	True	True	False
sectionList.json	102805	areaDetailName	水族館	水族馆	str	EXACT_CHAIN_COVERED	True	False	1	pass28	C:\Users\proje\Documents\Codex\2026-08-06\https-github-com-hiiraginemu-magireco-wiki-3\work\pass17_max_integrated\release\authority_layer_ledger_571.tsv#sequence=275	closed_simplified_chinese_orthography_non_official_lock	reviewed bridge + OpenCC t2s; exact non-Han skeleton preserved	True	True	False
sectionList.json	102902	areaDetailName	大东区・団地	大东区·住宅区	str	EXACT_CHAIN_COVERED	True	False	2	pass28 -> pass29	C:\Users\proje\Documents\Codex\2026-08-06\https-github-com-hiiraginemu-magireco-wiki-3\work\pass17_max_integrated\release\authority_layer_ledger_571.tsv#sequence=276 | C:\Users\proje\Documents\Codex\2026-08-06\https-github-com-hiiraginemu-magireco-wiki-3\work\pass17_max_integrated\release\authority_layer_ledger_571.tsv#sequence=414	closed_simplified_chinese_orthography_non_official_lock | same_field_punctuation_profile;same_location_cross_field_exact	reviewed bridge + OpenCC t2s; exact non-Han skeleton preserved | same-field punctuation profile:authority/authority.json#/sectionList.json/*/areaDetailName;profile_sha256=e7cd07821a39f924107055f3477cf04aec497dca8df604bace0023bba6d76aed;authority/authority.json#/charaList.json/3013/description;authority/authority.json#/eventStoryList.json/506001-52_prYFv/pointTitle	True	True	False
sectionList.json	102906	areaDetailName	竜真館	龙真馆	str	EXACT_CHAIN_COVERED	True	False	1	pass28	C:\Users\proje\Documents\Codex\2026-08-06\https-github-com-hiiraginemu-magireco-wiki-3\work\pass17_max_integrated\release\authority_layer_ledger_571.tsv#sequence=277	closed_simplified_chinese_orthography_non_official_lock	reviewed bridge + OpenCC t2s; exact non-Han skeleton preserved	True	True	False
sectionList.json	102906	charaName	竜城 明日香	龙城 明日香	str	EXACT_CHAIN_COVERED	True	False	1	pass28	C:\Users\proje\Documents\Codex\2026-08-06\https-github-com-hiiraginemu-magireco-wiki-3\work\pass17_max_integrated\release\authority_layer_ledger_571.tsv#sequence=278	closed_simplified_chinese_orthography_non_official_lock	reviewed bridge + OpenCC t2s; exact non-Han skeleton preserved	True	True	False
sectionList.json	102907	areaDetailName	竜真館	龙真馆	str	EXACT_CHAIN_COVERED	True	False	1	pass28	C:\Users\proje\Documents\Codex\2026-08-06\https-github-com-hiiraginemu-magireco-wiki-3\work\pass17_max_integrated\release\authority_layer_ledger_571.tsv#sequence=279	closed_simplified_chinese_orthography_non_official_lock	reviewed bridge + OpenCC t2s; exact non-Han skeleton preserved	True	True	False
sectionList.json	102908	areaDetailName	竜真館	龙真馆	str	EXACT_CHAIN_COVERED	True	False	1	pass28	C:\Users\proje\Documents\Codex\2026-08-06\https-github-com-hiiraginemu-magireco-wiki-3\work\pass17_max_integrated\release\authority_layer_ledger_571.tsv#sequence=280	closed_simplified_chinese_orthography_non_official_lock	reviewed bridge + OpenCC t2s; exact non-Han skeleton preserved	True	True	False
sectionList.json	102909	areaDetailName	竜真館	龙真馆	str	EXACT_CHAIN_COVERED	True	False	1	pass28	C:\Users\proje\Documents\Codex\2026-08-06\https-github-com-hiiraginemu-magireco-wiki-3\work\pass17_max_integrated\release\authority_layer_ledger_571.tsv#sequence=281	closed_simplified_chinese_orthography_non_official_lock	reviewed bridge + OpenCC t2s; exact non-Han skeleton preserved	True	True	False
sectionList.json	102910	areaDetailName	竜真館	龙真馆	str	EXACT_CHAIN_COVERED	True	False	1	pass28	C:\Users\proje\Documents\Codex\2026-08-06\https-github-com-hiiraginemu-magireco-wiki-3\work\pass17_max_integrated\release\authority_layer_ledger_571.tsv#sequence=282	closed_simplified_chinese_orthography_non_official_lock	reviewed bridge + OpenCC t2s; exact non-Han skeleton preserved	True	True	False
sectionList.json	102910	charaName	紅晴 結菜	红晴 结菜	str	EXACT_CHAIN_COVERED	True	False	1	pass28	C:\Users\proje\Documents\Codex\2026-08-06\https-github-com-hiiraginemu-magireco-wiki-3\work\pass17_max_integrated\release\authority_layer_ledger_571.tsv#sequence=283	closed_simplified_chinese_orthography_non_official_lock	reviewed bridge + OpenCC t2s; exact non-Han skeleton preserved	True	True	False
sectionList.json	102911	areaDetailName	竜真館	龙真馆	str	EXACT_CHAIN_COVERED	True	False	1	pass28	C:\Users\proje\Documents\Codex\2026-08-06\https-github-com-hiiraginemu-magireco-wiki-3\work\pass17_max_integrated\release\authority_layer_ledger_571.tsv#sequence=284	closed_simplified_chinese_orthography_non_official_lock	reviewed bridge + OpenCC t2s; exact non-Han skeleton preserved	True	True	False
sectionList.json	102912	charaName	大庭 樹里	大庭 树里	str	EXACT_CHAIN_COVERED	True	False	1	pass28	C:\Users\proje\Documents\Codex\2026-08-06\https-github-com-hiiraginemu-magireco-wiki-3\work\pass17_max_integrated\release\authority_layer_ledger_571.tsv#sequence=285	closed_simplified_chinese_orthography_non_official_lock	reviewed bridge + OpenCC t2s; exact non-Han skeleton preserved	True	True	False
sectionList.json	102913	charaName	紅晴 結菜	红晴 结菜	str	EXACT_CHAIN_COVERED	True	False	1	pass28	C:\Users\proje\Documents\Codex\2026-08-06\https-github-com-hiiraginemu-magireco-wiki-3\work\pass17_max_integrated\release\authority_layer_ledger_571.tsv#sequence=286	closed_simplified_chinese_orthography_non_official_lock	reviewed bridge + OpenCC t2s; exact non-Han skeleton preserved	True	True	False
sectionList.json	102916	charaName	大庭 樹里	大庭 树里	str	EXACT_CHAIN_COVERED	True	False	1	pass28	C:\Users\proje\Documents\Codex\2026-08-06\https-github-com-hiiraginemu-magireco-wiki-3\work\pass17_max_integrated\release\authority_layer_ledger_571.tsv#sequence=287	closed_simplified_chinese_orthography_non_official_lock	reviewed bridge + OpenCC t2s; exact non-Han skeleton preserved	True	True	False
sectionList.json	102919	charaName	紅晴 結菜	红晴 结菜	str	EXACT_CHAIN_COVERED	True	False	1	pass28	C:\Users\proje\Documents\Codex\2026-08-06\https-github-com-hiiraginemu-magireco-wiki-3\work\pass17_max_integrated\release\authority_layer_ledger_571.tsv#sequence=288	closed_simplified_chinese_orthography_non_official_lock	reviewed bridge + OpenCC t2s; exact non-Han skeleton preserved	True	True	False
sectionList.json	102921	charaName	大庭 樹里	大庭 树里	str	EXACT_CHAIN_COVERED	True	False	1	pass28	C:\Users\proje\Documents\Codex\2026-08-06\https-github-com-hiiraginemu-magireco-wiki-3\work\pass17_max_integrated\release\authority_layer_ledger_571.tsv#sequence=289	closed_simplified_chinese_orthography_non_official_lock	reviewed bridge + OpenCC t2s; exact non-Han skeleton preserved	True	True	False
sectionList.json	102922	areaDetailName	水徳寺・広间	水德寺·广间	str	EXACT_CHAIN_COVERED	True	False	2	pass28 -> pass29	C:\Users\proje\Documents\Codex\2026-08-06\https-github-com-hiiraginemu-magireco-wiki-3\work\pass17_max_integrated\release\authority_layer_ledger_571.tsv#sequence=290 | C:\Users\proje\Documents\Codex\2026-08-06\https-github-com-hiiraginemu-magireco-wiki-3\work\pass17_max_integrated\release\authority_layer_ledger_571.tsv#sequence=415	closed_simplified_chinese_orthography_non_official_lock | same_field_punctuation_profile	reviewed bridge + OpenCC t2s; exact non-Han skeleton preserved | same-field punctuation profile:authority/authority.json#/sectionList.json/*/areaDetailName;profile_sha256=e7cd07821a39f924107055f3477cf04aec497dca8df604bace0023bba6d76aed	True	True	False
sectionList.json	102923	areaDetailName	水徳寺・広间	水德寺·广间	str	EXACT_CHAIN_COVERED	True	False	2	pass28 -> pass29	C:\Users\proje\Documents\Codex\2026-08-06\https-github-com-hiiraginemu-magireco-wiki-3\work\pass17_max_integrated\release\authority_layer_ledger_571.tsv#sequence=291 | C:\Users\proje\Documents\Codex\2026-08-06\https-github-com-hiiraginemu-magireco-wiki-3\work\pass17_max_integrated\release\authority_layer_ledger_571.tsv#sequence=416	closed_simplified_chinese_orthography_non_official_lock | same_field_punctuation_profile	reviewed bridge + OpenCC t2s; exact non-Han skeleton preserved | same-field punctuation profile:authority/authority.json#/sectionList.json/*/areaDetailName;profile_sha256=e7cd07821a39f924107055f3477cf04aec497dca8df604bace0023bba6d76aed	True	True	False
sectionList.json	102924	areaDetailName	水徳寺・部屋	水德寺·房间	str	EXACT_CHAIN_COVERED	True	False	2	pass28 -> pass29	C:\Users\proje\Documents\Codex\2026-08-06\https-github-com-hiiraginemu-magireco-wiki-3\work\pass17_max_integrated\release\authority_layer_ledger_571.tsv#sequence=292 | C:\Users\proje\Documents\Codex\2026-08-06\https-github-com-hiiraginemu-magireco-wiki-3\work\pass17_max_integrated\release\authority_layer_ledger_571.tsv#sequence=417	closed_simplified_chinese_orthography_non_official_lock | same_field_punctuation_profile;same_field_location_term	reviewed bridge + OpenCC t2s; exact non-Han skeleton preserved | same-field punctuation profile:authority/authority.json#/sectionList.json/*/areaDetailName;profile_sha256=e7cd07821a39f924107055f3477cf04aec497dca8df604bace0023bba6d76aed;authority/authority.json#/sectionList.json/205803/areaDetailName	True	True	False
sectionList.json	102925	areaDetailName	时女集落・道	时女集落·道	str	EXACT_CHAIN_COVERED	True	False	1	pass29	C:\Users\proje\Documents\Codex\2026-08-06\https-github-com-hiiraginemu-magireco-wiki-3\work\pass17_max_integrated\release\authority_layer_ledger_571.tsv#sequence=418	same_field_punctuation_profile	same-field punctuation profile:authority/authority.json#/sectionList.json/*/areaDetailName;profile_sha256=e7cd07821a39f924107055f3477cf04aec497dca8df604bace0023bba6d76aed	True	True	False
sectionList.json	102927	areaDetailName	时女集落・道	时女集落·道	str	EXACT_CHAIN_COVERED	True	False	1	pass29	C:\Users\proje\Documents\Codex\2026-08-06\https-github-com-hiiraginemu-magireco-wiki-3\work\pass17_max_integrated\release\authority_layer_ledger_571.tsv#sequence=419	same_field_punctuation_profile	same-field punctuation profile:authority/authority.json#/sectionList.json/*/areaDetailName;profile_sha256=e7cd07821a39f924107055f3477cf04aec497dca8df604bace0023bba6d76aed	True	True	False
sectionList.json	102929	areaDetailName	湯国市・森	汤国市·森林	str	EXACT_CHAIN_COVERED	True	False	2	pass28 -> pass29	C:\Users\proje\Documents\Codex\2026-08-06\https-github-com-hiiraginemu-magireco-wiki-3\work\pass17_max_integrated\release\authority_layer_ledger_571.tsv#sequence=293 | C:\Users\proje\Documents\Codex\2026-08-06\https-github-com-hiiraginemu-magireco-wiki-3\work\pass17_max_integrated\release\authority_layer_ledger_571.tsv#sequence=420	closed_simplified_chinese_orthography_non_official_lock | same_field_punctuation_profile;same_field_location_term	reviewed bridge + OpenCC t2s; exact non-Han skeleton preserved | same-field punctuation profile:authority/authority.json#/sectionList.json/*/areaDetailName;profile_sha256=e7cd07821a39f924107055f3477cf04aec497dca8df604bace0023bba6d76aed;authority/authority.json#/sectionList.json/102001/areaDetailName	True	True	False
sectionList.json	102930	areaDetailName	水徳寺・広间	水德寺·广间	str	EXACT_CHAIN_COVERED	True	False	2	pass28 -> pass29	C:\Users\proje\Documents\Codex\2026-08-06\https-github-com-hiiraginemu-magireco-wiki-3\work\pass17_max_integrated\release\authority_layer_ledger_571.tsv#sequence=294 | C:\Users\proje\Documents\Codex\2026-08-06\https-github-com-hiiraginemu-magireco-wiki-3\work\pass17_max_integrated\release\authority_layer_ledger_571.tsv#sequence=421	closed_simplified_chinese_orthography_non_official_lock | same_field_punctuation_profile	reviewed bridge + OpenCC t2s; exact non-Han skeleton preserved | same-field punctuation profile:authority/authority.json#/sectionList.json/*/areaDetailName;profile_sha256=e7cd07821a39f924107055f3477cf04aec497dca8df604bace0023bba6d76aed	True	True	False
sectionList.json	102931	areaDetailName	水徳寺・庭	水德寺·庭院	str	EXACT_CHAIN_COVERED	True	False	2	pass28 -> pass29	C:\Users\proje\Documents\Codex\2026-08-06\https-github-com-hiiraginemu-magireco-wiki-3\work\pass17_max_integrated\release\authority_layer_ledger_571.tsv#sequence=295 | C:\Users\proje\Documents\Codex\2026-08-06\https-github-com-hiiraginemu-magireco-wiki-3\work\pass17_max_integrated\release\authority_layer_ledger_571.tsv#sequence=422	closed_simplified_chinese_orthography_non_official_lock | same_field_punctuation_profile;same_field_location_term	reviewed bridge + OpenCC t2s; exact non-Han skeleton preserved | same-field punctuation profile:authority/authority.json#/sectionList.json/*/areaDetailName;profile_sha256=e7cd07821a39f924107055f3477cf04aec497dca8df604bace0023bba6d76aed;authority/authority.json#/sectionList.json/101962/areaDetailName	True	True	False
sectionList.json	102932	areaDetailName	水族館	水族馆	str	EXACT_CHAIN_COVERED	True	False	1	pass28	C:\Users\proje\Documents\Codex\2026-08-06\https-github-com-hiiraginemu-magireco-wiki-3\work\pass17_max_integrated\release\authority_layer_ledger_571.tsv#sequence=296	closed_simplified_chinese_orthography_non_official_lock	reviewed bridge + OpenCC t2s; exact non-Han skeleton preserved	True	True	False
sectionList.json	102933	areaDetailName	水族館	水族馆	str	EXACT_CHAIN_COVERED	True	False	1	pass28	C:\Users\proje\Documents\Codex\2026-08-06\https-github-com-hiiraginemu-magireco-wiki-3\work\pass17_max_integrated\release\authority_layer_ledger_571.tsv#sequence=297	closed_simplified_chinese_orthography_non_official_lock	reviewed bridge + OpenCC t2s; exact non-Han skeleton preserved	True	True	False
sectionList.json	102940	areaDetailName	水族館	水族馆	str	EXACT_CHAIN_COVERED	True	False	1	pass28	C:\Users\proje\Documents\Codex\2026-08-06\https-github-com-hiiraginemu-magireco-wiki-3\work\pass17_max_integrated\release\authority_layer_ledger_571.tsv#sequence=298	closed_simplified_chinese_orthography_non_official_lock	reviewed bridge + OpenCC t2s; exact non-Han skeleton preserved	True	True	False
sectionList.json	102941	areaDetailName	公民館・部屋	公民馆·房间	str	EXACT_CHAIN_COVERED	True	False	2	pass28 -> pass29	C:\Users\proje\Documents\Codex\2026-08-06\https-github-com-hiiraginemu-magireco-wiki-3\work\pass17_max_integrated\release\authority_layer_ledger_571.tsv#sequence=299 | C:\Users\proje\Documents\Codex\2026-08-06\https-github-com-hiiraginemu-magireco-wiki-3\work\pass17_max_integrated\release\authority_layer_ledger_571.tsv#sequence=423	closed_simplified_chinese_orthography_non_official_lock | same_field_punctuation_profile;same_field_location_term	reviewed bridge + OpenCC t2s; exact non-Han skeleton preserved | same-field punctuation profile:authority/authority.json#/sectionList.json/*/areaDetailName;profile_sha256=e7cd07821a39f924107055f3477cf04aec497dca8df604bace0023bba6d76aed;authority/authority.json#/sectionList.json/205803/areaDetailName	True	True	False
sectionList.json	102942	areaDetailName	公民館・部屋	公民馆·房间	str	EXACT_CHAIN_COVERED	True	False	2	pass28 -> pass29	C:\Users\proje\Documents\Codex\2026-08-06\https-github-com-hiiraginemu-magireco-wiki-3\work\pass17_max_integrated\release\authority_layer_ledger_571.tsv#sequence=300 | C:\Users\proje\Documents\Codex\2026-08-06\https-github-com-hiiraginemu-magireco-wiki-3\work\pass17_max_integrated\release\authority_layer_ledger_571.tsv#sequence=424	closed_simplified_chinese_orthography_non_official_lock | same_field_punctuation_profile;same_field_location_term	reviewed bridge + OpenCC t2s; exact non-Han skeleton preserved | same-field punctuation profile:authority/authority.json#/sectionList.json/*/areaDetailName;profile_sha256=e7cd07821a39f924107055f3477cf04aec497dca8df604bace0023bba6d76aed;authority/authority.json#/sectionList.json/205803/areaDetailName	True	True	False
sectionList.json	102956	areaDetailName	南凪区・海滨公园	南凪区·海滨公园	str	EXACT_CHAIN_COVERED	True	False	1	pass29	C:\Users\proje\Documents\Codex\2026-08-06\https-github-com-hiiraginemu-magireco-wiki-3\work\pass17_max_integrated\release\authority_layer_ledger_571.tsv#sequence=425	same_field_punctuation_profile	same-field punctuation profile:authority/authority.json#/sectionList.json/*/areaDetailName;profile_sha256=e7cd07821a39f924107055f3477cf04aec497dca8df604bace0023bba6d76aed	True	True	False
sectionList.json	102957	areaDetailName	南凪区・海滨公园	南凪区·海滨公园	str	EXACT_CHAIN_COVERED	True	False	1	pass29	C:\Users\proje\Documents\Codex\2026-08-06\https-github-com-hiiraginemu-magireco-wiki-3\work\pass17_max_integrated\release\authority_layer_ledger_571.tsv#sequence=426	same_field_punctuation_profile	same-field punctuation profile:authority/authority.json#/sectionList.json/*/areaDetailName;profile_sha256=e7cd07821a39f924107055f3477cf04aec497dca8df604bace0023bba6d76aed	True	True	False
sectionList.json	102958	areaDetailName	南凪区・海滨公园	南凪区·海滨公园	str	EXACT_CHAIN_COVERED	True	False	1	pass29	C:\Users\proje\Documents\Codex\2026-08-06\https-github-com-hiiraginemu-magireco-wiki-3\work\pass17_max_integrated\release\authority_layer_ledger_571.tsv#sequence=427	same_field_punctuation_profile	same-field punctuation profile:authority/authority.json#/sectionList.json/*/areaDetailName;profile_sha256=e7cd07821a39f924107055f3477cf04aec497dca8df604bace0023bba6d76aed	True	True	False
sectionList.json	102959	areaDetailName	南凪区・海滨公园	南凪区·海滨公园	str	EXACT_CHAIN_COVERED	True	False	1	pass29	C:\Users\proje\Documents\Codex\2026-08-06\https-github-com-hiiraginemu-magireco-wiki-3\work\pass17_max_integrated\release\authority_layer_ledger_571.tsv#sequence=428	same_field_punctuation_profile	same-field punctuation profile:authority/authority.json#/sectionList.json/*/areaDetailName;profile_sha256=e7cd07821a39f924107055f3477cf04aec497dca8df604bace0023bba6d76aed	True	True	False
sectionList.json	103001	areaDetailName	水徳寺・広间	水德寺·广间	str	EXACT_CHAIN_COVERED	True	False	2	pass28 -> pass29	C:\Users\proje\Documents\Codex\2026-08-06\https-github-com-hiiraginemu-magireco-wiki-3\work\pass17_max_integrated\release\authority_layer_ledger_571.tsv#sequence=301 | C:\Users\proje\Documents\Codex\2026-08-06\https-github-com-hiiraginemu-magireco-wiki-3\work\pass17_max_integrated\release\authority_layer_ledger_571.tsv#sequence=429	closed_simplified_chinese_orthography_non_official_lock | same_field_punctuation_profile	reviewed bridge + OpenCC t2s; exact non-Han skeleton preserved | same-field punctuation profile:authority/authority.json#/sectionList.json/*/areaDetailName;profile_sha256=e7cd07821a39f924107055f3477cf04aec497dca8df604bace0023bba6d76aed	True	True	False
sectionList.json	103003	areaDetailName	水徳寺・広间	水德寺·广间	str	EXACT_CHAIN_COVERED	True	False	2	pass28 -> pass29	C:\Users\proje\Documents\Codex\2026-08-06\https-github-com-hiiraginemu-magireco-wiki-3\work\pass17_max_integrated\release\authority_layer_ledger_571.tsv#sequence=302 | C:\Users\proje\Documents\Codex\2026-08-06\https-github-com-hiiraginemu-magireco-wiki-3\work\pass17_max_integrated\release\authority_layer_ledger_571.tsv#sequence=430	closed_simplified_chinese_orthography_non_official_lock | same_field_punctuation_profile	reviewed bridge + OpenCC t2s; exact non-Han skeleton preserved | same-field punctuation profile:authority/authority.json#/sectionList.json/*/areaDetailName;profile_sha256=e7cd07821a39f924107055f3477cf04aec497dca8df604bace0023bba6d76aed	True	True	False
sectionList.json	103005	areaDetailName	電車・車内	电车·车内	str	EXACT_CHAIN_COVERED	True	False	2	pass28 -> pass29	C:\Users\proje\Documents\Codex\2026-08-06\https-github-com-hiiraginemu-magireco-wiki-3\work\pass17_max_integrated\release\authority_layer_ledger_571.tsv#sequence=303 | C:\Users\proje\Documents\Codex\2026-08-06\https-github-com-hiiraginemu-magireco-wiki-3\work\pass17_max_integrated\release\authority_layer_ledger_571.tsv#sequence=431	closed_simplified_chinese_orthography_non_official_lock | same_field_punctuation_profile	reviewed bridge + OpenCC t2s; exact non-Han skeleton preserved | same-field punctuation profile:authority/authority.json#/sectionList.json/*/areaDetailName;profile_sha256=e7cd07821a39f924107055f3477cf04aec497dca8df604bace0023bba6d76aed	True	True	False
sectionList.json	103101	areaDetailName	電車・車内	电车·车内	str	EXACT_CHAIN_COVERED	True	False	2	pass28 -> pass29	C:\Users\proje\Documents\Codex\2026-08-06\https-github-com-hiiraginemu-magireco-wiki-3\work\pass17_max_integrated\release\authority_layer_ledger_571.tsv#sequence=304 | C:\Users\proje\Documents\Codex\2026-08-06\https-github-com-hiiraginemu-magireco-wiki-3\work\pass17_max_integrated\release\authority_layer_ledger_571.tsv#sequence=432	closed_simplified_chinese_orthography_non_official_lock | same_field_punctuation_profile	reviewed bridge + OpenCC t2s; exact non-Han skeleton preserved | same-field punctuation profile:authority/authority.json#/sectionList.json/*/areaDetailName;profile_sha256=e7cd07821a39f924107055f3477cf04aec497dca8df604bace0023bba6d76aed	True	True	False
sectionList.json	103102	areaDetailName	大东区・道	大东区·街道	str	EXACT_CHAIN_COVERED	True	False	1	pass29	C:\Users\proje\Documents\Codex\2026-08-06\https-github-com-hiiraginemu-magireco-wiki-3\work\pass17_max_integrated\release\authority_layer_ledger_571.tsv#sequence=433	same_field_punctuation_profile;same_field_exact_location	same-field punctuation profile:authority/authority.json#/sectionList.json/*/areaDetailName;profile_sha256=e7cd07821a39f924107055f3477cf04aec497dca8df604bace0023bba6d76aed;authority/authority.json#/sectionList.json/101712/areaDetailName	True	True	False
sectionList.json	103104	areaDetailName	湯国市駅	汤国市駅	str	EXACT_CHAIN_COVERED	True	False	1	pass28	C:\Users\proje\Documents\Codex\2026-08-06\https-github-com-hiiraginemu-magireco-wiki-3\work\pass17_max_integrated\release\authority_layer_ledger_571.tsv#sequence=305	closed_simplified_chinese_orthography_non_official_lock	reviewed bridge + OpenCC t2s; exact non-Han skeleton preserved	True	True	False
sectionList.json	103105	areaDetailName	北養区・展望台	北养区·展望台	str	EXACT_CHAIN_COVERED	True	False	2	pass28 -> pass29	C:\Users\proje\Documents\Codex\2026-08-06\https-github-com-hiiraginemu-magireco-wiki-3\work\pass17_max_integrated\release\authority_layer_ledger_571.tsv#sequence=306 | C:\Users\proje\Documents\Codex\2026-08-06\https-github-com-hiiraginemu-magireco-wiki-3\work\pass17_max_integrated\release\authority_layer_ledger_571.tsv#sequence=434	closed_simplified_chinese_orthography_non_official_lock | same_field_punctuation_profile	reviewed bridge + OpenCC t2s; exact non-Han skeleton preserved | same-field punctuation profile:authority/authority.json#/sectionList.json/*/areaDetailName;profile_sha256=e7cd07821a39f924107055f3477cf04aec497dca8df604bace0023bba6d76aed	True	True	False
sectionList.json	103205	areaDetailName	北養区・森	北养区·森林	str	EXACT_CHAIN_COVERED	True	False	2	pass28 -> pass29	C:\Users\proje\Documents\Codex\2026-08-06\https-github-com-hiiraginemu-magireco-wiki-3\work\pass17_max_integrated\release\authority_layer_ledger_571.tsv#sequence=307 | C:\Users\proje\Documents\Codex\2026-08-06\https-github-com-hiiraginemu-magireco-wiki-3\work\pass17_max_integrated\release\authority_layer_ledger_571.tsv#sequence=435	closed_simplified_chinese_orthography_non_official_lock | same_field_punctuation_profile;same_field_exact_location	reviewed bridge + OpenCC t2s; exact non-Han skeleton preserved | same-field punctuation profile:authority/authority.json#/sectionList.json/*/areaDetailName;profile_sha256=e7cd07821a39f924107055f3477cf04aec497dca8df604bace0023bba6d76aed;authority/authority.json#/sectionList.json/102001/areaDetailName	True	True	False
sectionList.json	103303	charaName	紅晴 結菜	红晴 结菜	str	EXACT_CHAIN_COVERED	True	False	1	pass28	C:\Users\proje\Documents\Codex\2026-08-06\https-github-com-hiiraginemu-magireco-wiki-3\work\pass17_max_integrated\release\authority_layer_ledger_571.tsv#sequence=308	closed_simplified_chinese_orthography_non_official_lock	reviewed bridge + OpenCC t2s; exact non-Han skeleton preserved	True	True	False
sectionList.json	103304	areaDetailName	北養区・森	北养区·森林	str	EXACT_CHAIN_COVERED	True	False	2	pass28 -> pass29	C:\Users\proje\Documents\Codex\2026-08-06\https-github-com-hiiraginemu-magireco-wiki-3\work\pass17_max_integrated\release\authority_layer_ledger_571.tsv#sequence=309 | C:\Users\proje\Documents\Codex\2026-08-06\https-github-com-hiiraginemu-magireco-wiki-3\work\pass17_max_integrated\release\authority_layer_ledger_571.tsv#sequence=436	closed_simplified_chinese_orthography_non_official_lock | same_field_punctuation_profile;same_field_exact_location	reviewed bridge + OpenCC t2s; exact non-Han skeleton preserved | same-field punctuation profile:authority/authority.json#/sectionList.json/*/areaDetailName;profile_sha256=e7cd07821a39f924107055f3477cf04aec497dca8df604bace0023bba6d76aed;authority/authority.json#/sectionList.json/102001/areaDetailName	True	True	False
sectionList.json	103405	areaDetailName	大东区・池	大东区·池	str	EXACT_CHAIN_COVERED	True	False	1	pass29	C:\Users\proje\Documents\Codex\2026-08-06\https-github-com-hiiraginemu-magireco-wiki-3\work\pass17_max_integrated\release\authority_layer_ledger_571.tsv#sequence=437	same_field_punctuation_profile	same-field punctuation profile:authority/authority.json#/sectionList.json/*/areaDetailName;profile_sha256=e7cd07821a39f924107055f3477cf04aec497dca8df604bace0023bba6d76aed	True	True	False
sectionList.json	103502	charaName	千鶴	千鹤	str	EXACT_CHAIN_COVERED	True	False	1	pass28	C:\Users\proje\Documents\Codex\2026-08-06\https-github-com-hiiraginemu-magireco-wiki-3\work\pass17_max_integrated\release\authority_layer_ledger_571.tsv#sequence=310	closed_simplified_chinese_orthography_non_official_lock	reviewed bridge + OpenCC t2s; exact non-Han skeleton preserved	True	True	False
sectionList.json	207202	areaDetailName	大东区・道	大东区·街道	str	EXACT_CHAIN_COVERED	True	False	1	pass29	C:\Users\proje\Documents\Codex\2026-08-06\https-github-com-hiiraginemu-magireco-wiki-3\work\pass17_max_integrated\release\authority_layer_ledger_571.tsv#sequence=438	same_field_punctuation_profile;same_field_exact_location	same-field punctuation profile:authority/authority.json#/sectionList.json/*/areaDetailName;profile_sha256=e7cd07821a39f924107055f3477cf04aec497dca8df604bace0023bba6d76aed;authority/authority.json#/sectionList.json/101712/areaDetailName	True	True	False
sectionList.json	207501	areaDetailName	参京区・水徳寺・広间	参京区·水德寺·广间	str	EXACT_CHAIN_COVERED	True	False	2	pass28 -> pass29	C:\Users\proje\Documents\Codex\2026-08-06\https-github-com-hiiraginemu-magireco-wiki-3\work\pass17_max_integrated\release\authority_layer_ledger_571.tsv#sequence=311 | C:\Users\proje\Documents\Codex\2026-08-06\https-github-com-hiiraginemu-magireco-wiki-3\work\pass17_max_integrated\release\authority_layer_ledger_571.tsv#sequence=439	closed_simplified_chinese_orthography_non_official_lock | same_field_punctuation_profile	reviewed bridge + OpenCC t2s; exact non-Han skeleton preserved | same-field punctuation profile:authority/authority.json#/sectionList.json/*/areaDetailName;profile_sha256=e7cd07821a39f924107055f3477cf04aec497dca8df604bace0023bba6d76aed	True	True	False
sectionList.json	207503	areaDetailName	参京区・水徳寺・広间	参京区·水德寺·广间	str	EXACT_CHAIN_COVERED	True	False	2	pass28 -> pass29	C:\Users\proje\Documents\Codex\2026-08-06\https-github-com-hiiraginemu-magireco-wiki-3\work\pass17_max_integrated\release\authority_layer_ledger_571.tsv#sequence=312 | C:\Users\proje\Documents\Codex\2026-08-06\https-github-com-hiiraginemu-magireco-wiki-3\work\pass17_max_integrated\release\authority_layer_ledger_571.tsv#sequence=440	closed_simplified_chinese_orthography_non_official_lock | same_field_punctuation_profile	reviewed bridge + OpenCC t2s; exact non-Han skeleton preserved | same-field punctuation profile:authority/authority.json#/sectionList.json/*/areaDetailName;profile_sha256=e7cd07821a39f924107055f3477cf04aec497dca8df604bace0023bba6d76aed	True	True	False
sectionList.json	207602	areaDetailName	新西区・道	新西区·街道	str	EXACT_CHAIN_COVERED	True	False	1	pass29	C:\Users\proje\Documents\Codex\2026-08-06\https-github-com-hiiraginemu-magireco-wiki-3\work\pass17_max_integrated\release\authority_layer_ledger_571.tsv#sequence=441	same_field_punctuation_profile;same_field_exact_location	same-field punctuation profile:authority/authority.json#/sectionList.json/*/areaDetailName;profile_sha256=e7cd07821a39f924107055f3477cf04aec497dca8df604bace0023bba6d76aed;authority/authority.json#/sectionList.json/101301/areaDetailName	True	True	False
sectionList.json	207701	areaDetailName	宝崎市・公民館	宝崎市·公民馆	str	EXACT_CHAIN_COVERED	True	False	2	pass28 -> pass29	C:\Users\proje\Documents\Codex\2026-08-06\https-github-com-hiiraginemu-magireco-wiki-3\work\pass17_max_integrated\release\authority_layer_ledger_571.tsv#sequence=313 | C:\Users\proje\Documents\Codex\2026-08-06\https-github-com-hiiraginemu-magireco-wiki-3\work\pass17_max_integrated\release\authority_layer_ledger_571.tsv#sequence=442	closed_simplified_chinese_orthography_non_official_lock | same_field_punctuation_profile	reviewed bridge + OpenCC t2s; exact non-Han skeleton preserved | same-field punctuation profile:authority/authority.json#/sectionList.json/*/areaDetailName;profile_sha256=e7cd07821a39f924107055f3477cf04aec497dca8df604bace0023bba6d76aed	True	True	False
sectionList.json	207802	areaDetailName	電車内	电车内	str	EXACT_CHAIN_COVERED	True	False	1	pass28	C:\Users\proje\Documents\Codex\2026-08-06\https-github-com-hiiraginemu-magireco-wiki-3\work\pass17_max_integrated\release\authority_layer_ledger_571.tsv#sequence=314	closed_simplified_chinese_orthography_non_official_lock	reviewed bridge + OpenCC t2s; exact non-Han skeleton preserved	True	True	False
sectionList.json	207803	areaDetailName	南凪区・海滨公园	南凪区·海滨公园	str	EXACT_CHAIN_COVERED	True	False	1	pass29	C:\Users\proje\Documents\Codex\2026-08-06\https-github-com-hiiraginemu-magireco-wiki-3\work\pass17_max_integrated\release\authority_layer_ledger_571.tsv#sequence=443	same_field_punctuation_profile	same-field punctuation profile:authority/authority.json#/sectionList.json/*/areaDetailName;profile_sha256=e7cd07821a39f924107055f3477cf04aec497dca8df604bace0023bba6d76aed	True	True	False
sectionList.json	207901	areaDetailName	湯国市・宿場町	汤国市·宿场町	str	EXACT_CHAIN_COVERED	True	False	2	pass28 -> pass29	C:\Users\proje\Documents\Codex\2026-08-06\https-github-com-hiiraginemu-magireco-wiki-3\work\pass17_max_integrated\release\authority_layer_ledger_571.tsv#sequence=315 | C:\Users\proje\Documents\Codex\2026-08-06\https-github-com-hiiraginemu-magireco-wiki-3\work\pass17_max_integrated\release\authority_layer_ledger_571.tsv#sequence=444	closed_simplified_chinese_orthography_non_official_lock | same_field_punctuation_profile	reviewed bridge + OpenCC t2s; exact non-Han skeleton preserved | same-field punctuation profile:authority/authority.json#/sectionList.json/*/areaDetailName;profile_sha256=e7cd07821a39f924107055f3477cf04aec497dca8df604bace0023bba6d76aed	True	True	False
sectionList.json	207903	areaDetailName	湯国市・宿場町	汤国市·宿场町	str	EXACT_CHAIN_COVERED	True	False	2	pass28 -> pass29	C:\Users\proje\Documents\Codex\2026-08-06\https-github-com-hiiraginemu-magireco-wiki-3\work\pass17_max_integrated\release\authority_layer_ledger_571.tsv#sequence=316 | C:\Users\proje\Documents\Codex\2026-08-06\https-github-com-hiiraginemu-magireco-wiki-3\work\pass17_max_integrated\release\authority_layer_ledger_571.tsv#sequence=445	closed_simplified_chinese_orthography_non_official_lock | same_field_punctuation_profile	reviewed bridge + OpenCC t2s; exact non-Han skeleton preserved | same-field punctuation profile:authority/authority.json#/sectionList.json/*/areaDetailName;profile_sha256=e7cd07821a39f924107055f3477cf04aec497dca8df604bace0023bba6d76aed	True	True	False
sectionList.json	208003	charaName	水樹 塁	水树 垒	str	EXACT_CHAIN_COVERED	True	False	1	pass28	C:\Users\proje\Documents\Codex\2026-08-06\https-github-com-hiiraginemu-magireco-wiki-3\work\pass17_max_integrated\release\authority_layer_ledger_571.tsv#sequence=317	closed_simplified_chinese_orthography_non_official_lock	reviewed bridge + OpenCC t2s; exact non-Han skeleton preserved	True	True	False
sectionList.json	208101	charaName	紅晴 結菜	红晴 结菜	str	EXACT_CHAIN_COVERED	True	False	1	pass28	C:\Users\proje\Documents\Codex\2026-08-06\https-github-com-hiiraginemu-magireco-wiki-3\work\pass17_max_integrated\release\authority_layer_ledger_571.tsv#sequence=318	closed_simplified_chinese_orthography_non_official_lock	reviewed bridge + OpenCC t2s; exact non-Han skeleton preserved	True	True	False
sectionList.json	208102	areaDetailName	荣区・1090前	荣区·1090前	str	EXACT_CHAIN_COVERED	True	False	1	pass29	C:\Users\proje\Documents\Codex\2026-08-06\https-github-com-hiiraginemu-magireco-wiki-3\work\pass17_max_integrated\release\authority_layer_ledger_571.tsv#sequence=446	same_field_punctuation_profile	same-field punctuation profile:authority/authority.json#/sectionList.json/*/areaDetailName;profile_sha256=e7cd07821a39f924107055f3477cf04aec497dca8df604bace0023bba6d76aed	True	True	False
sectionList.json	208104	areaDetailName	荣区・廃博物館	荣区·废弃博物馆	str	EXACT_CHAIN_COVERED	True	False	2	pass28 -> pass29	C:\Users\proje\Documents\Codex\2026-08-06\https-github-com-hiiraginemu-magireco-wiki-3\work\pass17_max_integrated\release\authority_layer_ledger_571.tsv#sequence=319 | C:\Users\proje\Documents\Codex\2026-08-06\https-github-com-hiiraginemu-magireco-wiki-3\work\pass17_max_integrated\release\authority_layer_ledger_571.tsv#sequence=447	closed_simplified_chinese_orthography_non_official_lock | same_field_punctuation_profile;same_field_exact_location	reviewed bridge + OpenCC t2s; exact non-Han skeleton preserved | same-field punctuation profile:authority/authority.json#/sectionList.json/*/areaDetailName;profile_sha256=e7cd07821a39f924107055f3477cf04aec497dca8df604bace0023bba6d76aed;authority/authority.json#/sectionList.json/205902/areaDetailName	True	True	False
sectionList.json	310211	charaName	紅晴 結菜	红晴 结菜	str	EXACT_CHAIN_COVERED	True	False	1	pass28	C:\Users\proje\Documents\Codex\2026-08-06\https-github-com-hiiraginemu-magireco-wiki-3\work\pass17_max_integrated\release\authority_layer_ledger_571.tsv#sequence=320	closed_simplified_chinese_orthography_non_official_lock	reviewed bridge + OpenCC t2s; exact non-Han skeleton preserved	True	True	False
sectionList.json	310212	charaName	紅晴 結菜	红晴 结菜	str	EXACT_CHAIN_COVERED	True	False	1	pass28	C:\Users\proje\Documents\Codex\2026-08-06\https-github-com-hiiraginemu-magireco-wiki-3\work\pass17_max_integrated\release\authority_layer_ledger_571.tsv#sequence=321	closed_simplified_chinese_orthography_non_official_lock	reviewed bridge + OpenCC t2s; exact non-Han skeleton preserved	True	True	False
sectionList.json	310213	charaName	紅晴 結菜	红晴 结菜	str	EXACT_CHAIN_COVERED	True	False	1	pass28	C:\Users\proje\Documents\Codex\2026-08-06\https-github-com-hiiraginemu-magireco-wiki-3\work\pass17_max_integrated\release\authority_layer_ledger_571.tsv#sequence=322	closed_simplified_chinese_orthography_non_official_lock	reviewed bridge + OpenCC t2s; exact non-Han skeleton preserved	True	True	False
sectionList.json	310214	charaName	紅晴 結菜	红晴 结菜	str	EXACT_CHAIN_COVERED	True	False	1	pass28	C:\Users\proje\Documents\Codex\2026-08-06\https-github-com-hiiraginemu-magireco-wiki-3\work\pass17_max_integrated\release\authority_layer_ledger_571.tsv#sequence=323	closed_simplified_chinese_orthography_non_official_lock	reviewed bridge + OpenCC t2s; exact non-Han skeleton preserved	True	True	False
sectionList.json	310241	charaName	大庭 樹里	大庭 树里	str	EXACT_CHAIN_COVERED	True	False	1	pass28	C:\Users\proje\Documents\Codex\2026-08-06\https-github-com-hiiraginemu-magireco-wiki-3\work\pass17_max_integrated\release\authority_layer_ledger_571.tsv#sequence=324	closed_simplified_chinese_orthography_non_official_lock	reviewed bridge + OpenCC t2s; exact non-Han skeleton preserved	True	True	False
sectionList.json	310242	charaName	大庭 樹里	大庭 树里	str	EXACT_CHAIN_COVERED	True	False	1	pass28	C:\Users\proje\Documents\Codex\2026-08-06\https-github-com-hiiraginemu-magireco-wiki-3\work\pass17_max_integrated\release\authority_layer_ledger_571.tsv#sequence=325	closed_simplified_chinese_orthography_non_official_lock	reviewed bridge + OpenCC t2s; exact non-Han skeleton preserved	True	True	False
sectionList.json	310243	charaName	大庭 樹里	大庭 树里	str	EXACT_CHAIN_COVERED	True	False	1	pass28	C:\Users\proje\Documents\Codex\2026-08-06\https-github-com-hiiraginemu-magireco-wiki-3\work\pass17_max_integrated\release\authority_layer_ledger_571.tsv#sequence=326	closed_simplified_chinese_orthography_non_official_lock	reviewed bridge + OpenCC t2s; exact non-Han skeleton preserved	True	True	False
sectionList.json	310244	charaName	大庭 樹里	大庭 树里	str	EXACT_CHAIN_COVERED	True	False	1	pass28	C:\Users\proje\Documents\Codex\2026-08-06\https-github-com-hiiraginemu-magireco-wiki-3\work\pass17_max_integrated\release\authority_layer_ledger_571.tsv#sequence=327	closed_simplified_chinese_orthography_non_official_lock	reviewed bridge + OpenCC t2s; exact non-Han skeleton preserved	True	True	False
sectionList.json	310461	charaName	千鶴	千鹤	str	EXACT_CHAIN_COVERED	True	False	1	pass28	C:\Users\proje\Documents\Codex\2026-08-06\https-github-com-hiiraginemu-magireco-wiki-3\work\pass17_max_integrated\release\authority_layer_ledger_571.tsv#sequence=328	closed_simplified_chinese_orthography_non_official_lock	reviewed bridge + OpenCC t2s; exact non-Han skeleton preserved	True	True	False
sectionList.json	310462	charaName	千鶴	千鹤	str	EXACT_CHAIN_COVERED	True	False	1	pass28	C:\Users\proje\Documents\Codex\2026-08-06\https-github-com-hiiraginemu-magireco-wiki-3\work\pass17_max_integrated\release\authority_layer_ledger_571.tsv#sequence=329	closed_simplified_chinese_orthography_non_official_lock	reviewed bridge + OpenCC t2s; exact non-Han skeleton preserved	True	True	False
sectionList.json	310463	charaName	千鶴	千鹤	str	EXACT_CHAIN_COVERED	True	False	1	pass28	C:\Users\proje\Documents\Codex\2026-08-06\https-github-com-hiiraginemu-magireco-wiki-3\work\pass17_max_integrated\release\authority_layer_ledger_571.tsv#sequence=330	closed_simplified_chinese_orthography_non_official_lock	reviewed bridge + OpenCC t2s; exact non-Han skeleton preserved	True	True	False
sectionList.json	310464	charaName	千鶴	千鹤	str	EXACT_CHAIN_COVERED	True	False	1	pass28	C:\Users\proje\Documents\Codex\2026-08-06\https-github-com-hiiraginemu-magireco-wiki-3\work\pass17_max_integrated\release\authority_layer_ledger_571.tsv#sequence=331	closed_simplified_chinese_orthography_non_official_lock	reviewed bridge + OpenCC t2s; exact non-Han skeleton preserved	True	True	False
sectionList.json	311131	charaName	竜城 明日香	龙城 明日香	str	EXACT_CHAIN_COVERED	True	False	1	pass28	C:\Users\proje\Documents\Codex\2026-08-06\https-github-com-hiiraginemu-magireco-wiki-3\work\pass17_max_integrated\release\authority_layer_ledger_571.tsv#sequence=332	closed_simplified_chinese_orthography_non_official_lock	reviewed bridge + OpenCC t2s; exact non-Han skeleton preserved	True	True	False
sectionList.json	311132	charaName	竜城 明日香	龙城 明日香	str	EXACT_CHAIN_COVERED	True	False	1	pass28	C:\Users\proje\Documents\Codex\2026-08-06\https-github-com-hiiraginemu-magireco-wiki-3\work\pass17_max_integrated\release\authority_layer_ledger_571.tsv#sequence=333	closed_simplified_chinese_orthography_non_official_lock	reviewed bridge + OpenCC t2s; exact non-Han skeleton preserved	True	True	False
sectionList.json	311133	charaName	竜城 明日香	龙城 明日香	str	EXACT_CHAIN_COVERED	True	False	1	pass28	C:\Users\proje\Documents\Codex\2026-08-06\https-github-com-hiiraginemu-magireco-wiki-3\work\pass17_max_integrated\release\authority_layer_ledger_571.tsv#sequence=334	closed_simplified_chinese_orthography_non_official_lock	reviewed bridge + OpenCC t2s; exact non-Han skeleton preserved	True	True	False
sectionList.json	311134	charaName	竜城 明日香	龙城 明日香	str	EXACT_CHAIN_COVERED	True	False	1	pass28	C:\Users\proje\Documents\Codex\2026-08-06\https-github-com-hiiraginemu-magireco-wiki-3\work\pass17_max_integrated\release\authority_layer_ledger_571.tsv#sequence=335	closed_simplified_chinese_orthography_non_official_lock	reviewed bridge + OpenCC t2s; exact non-Han skeleton preserved	True	True	False
sectionList.json	311211	charaName	大庭 樹里	大庭 树里	str	EXACT_CHAIN_COVERED	True	False	1	pass28	C:\Users\proje\Documents\Codex\2026-08-06\https-github-com-hiiraginemu-magireco-wiki-3\work\pass17_max_integrated\release\authority_layer_ledger_571.tsv#sequence=336	closed_simplified_chinese_orthography_non_official_lock	reviewed bridge + OpenCC t2s; exact non-Han skeleton preserved	True	True	False
sectionList.json	311212	charaName	大庭 樹里	大庭 树里	str	EXACT_CHAIN_COVERED	True	False	1	pass28	C:\Users\proje\Documents\Codex\2026-08-06\https-github-com-hiiraginemu-magireco-wiki-3\work\pass17_max_integrated\release\authority_layer_ledger_571.tsv#sequence=337	closed_simplified_chinese_orthography_non_official_lock	reviewed bridge + OpenCC t2s; exact non-Han skeleton preserved	True	True	False
sectionList.json	311213	charaName	紅晴 結菜	红晴 结菜	str	EXACT_CHAIN_COVERED	True	False	1	pass28	C:\Users\proje\Documents\Codex\2026-08-06\https-github-com-hiiraginemu-magireco-wiki-3\work\pass17_max_integrated\release\authority_layer_ledger_571.tsv#sequence=338	closed_simplified_chinese_orthography_non_official_lock	reviewed bridge + OpenCC t2s; exact non-Han skeleton preserved	True	True	False
sectionList.json	311214	charaName	紅晴 結菜	红晴 结菜	str	EXACT_CHAIN_COVERED	True	False	1	pass28	C:\Users\proje\Documents\Codex\2026-08-06\https-github-com-hiiraginemu-magireco-wiki-3\work\pass17_max_integrated\release\authority_layer_ledger_571.tsv#sequence=339	closed_simplified_chinese_orthography_non_official_lock	reviewed bridge + OpenCC t2s; exact non-Han skeleton preserved	True	True	False
sectionList.json	312031	charaName	由比 鶴乃	由比 鹤乃	str	EXACT_CHAIN_COVERED	True	False	1	pass28	C:\Users\proje\Documents\Codex\2026-08-06\https-github-com-hiiraginemu-magireco-wiki-3\work\pass17_max_integrated\release\authority_layer_ledger_571.tsv#sequence=340	closed_simplified_chinese_orthography_non_official_lock	reviewed bridge + OpenCC t2s; exact non-Han skeleton preserved	True	True	False
sectionList.json	312033	charaName	由比 鶴乃	由比 鹤乃	str	EXACT_CHAIN_COVERED	True	False	1	pass28	C:\Users\proje\Documents\Codex\2026-08-06\https-github-com-hiiraginemu-magireco-wiki-3\work\pass17_max_integrated\release\authority_layer_ledger_571.tsv#sequence=341	closed_simplified_chinese_orthography_non_official_lock	reviewed bridge + OpenCC t2s; exact non-Han skeleton preserved	True	True	False
sectionList.json	312034	charaName	由比 鶴乃	由比 鹤乃	str	EXACT_CHAIN_COVERED	True	False	1	pass28	C:\Users\proje\Documents\Codex\2026-08-06\https-github-com-hiiraginemu-magireco-wiki-3\work\pass17_max_integrated\release\authority_layer_ledger_571.tsv#sequence=342	closed_simplified_chinese_orthography_non_official_lock	reviewed bridge + OpenCC t2s; exact non-Han skeleton preserved	True	True	False
sectionList.json	313031	charaName	由比 鶴乃	由比 鹤乃	str	EXACT_CHAIN_COVERED	True	False	1	pass28	C:\Users\proje\Documents\Codex\2026-08-06\https-github-com-hiiraginemu-magireco-wiki-3\work\pass17_max_integrated\release\authority_layer_ledger_571.tsv#sequence=343	closed_simplified_chinese_orthography_non_official_lock	reviewed bridge + OpenCC t2s; exact non-Han skeleton preserved	True	True	False
sectionList.json	313032	charaName	由比 鶴乃	由比 鹤乃	str	EXACT_CHAIN_COVERED	True	False	1	pass28	C:\Users\proje\Documents\Codex\2026-08-06\https-github-com-hiiraginemu-magireco-wiki-3\work\pass17_max_integrated\release\authority_layer_ledger_571.tsv#sequence=344	closed_simplified_chinese_orthography_non_official_lock	reviewed bridge + OpenCC t2s; exact non-Han skeleton preserved	True	True	False
sectionList.json	313033	charaName	由比 鶴乃	由比 鹤乃	str	EXACT_CHAIN_COVERED	True	False	1	pass28	C:\Users\proje\Documents\Codex\2026-08-06\https-github-com-hiiraginemu-magireco-wiki-3\work\pass17_max_integrated\release\authority_layer_ledger_571.tsv#sequence=345	closed_simplified_chinese_orthography_non_official_lock	reviewed bridge + OpenCC t2s; exact non-Han skeleton preserved	True	True	False
sectionList.json	326011	charaName	佐倉 杏子	佐仓 杏子	str	EXACT_CHAIN_COVERED	True	False	1	pass28	C:\Users\proje\Documents\Codex\2026-08-06\https-github-com-hiiraginemu-magireco-wiki-3\work\pass17_max_integrated\release\authority_layer_ledger_571.tsv#sequence=346	closed_simplified_chinese_orthography_non_official_lock	reviewed bridge + OpenCC t2s; exact non-Han skeleton preserved	True	True	False
sectionList.json	326012	charaName	佐倉 杏子	佐仓 杏子	str	EXACT_CHAIN_COVERED	True	False	1	pass28	C:\Users\proje\Documents\Codex\2026-08-06\https-github-com-hiiraginemu-magireco-wiki-3\work\pass17_max_integrated\release\authority_layer_ledger_571.tsv#sequence=347	closed_simplified_chinese_orthography_non_official_lock	reviewed bridge + OpenCC t2s; exact non-Han skeleton preserved	True	True	False
sectionList.json	326013	charaName	佐倉 杏子	佐仓 杏子	str	EXACT_CHAIN_COVERED	True	False	1	pass28	C:\Users\proje\Documents\Codex\2026-08-06\https-github-com-hiiraginemu-magireco-wiki-3\work\pass17_max_integrated\release\authority_layer_ledger_571.tsv#sequence=348	closed_simplified_chinese_orthography_non_official_lock	reviewed bridge + OpenCC t2s; exact non-Han skeleton preserved	True	True	False
sectionList.json	326014	charaName	佐倉 杏子	佐仓 杏子	str	EXACT_CHAIN_COVERED	True	False	1	pass28	C:\Users\proje\Documents\Codex\2026-08-06\https-github-com-hiiraginemu-magireco-wiki-3\work\pass17_max_integrated\release\authority_layer_ledger_571.tsv#sequence=349	closed_simplified_chinese_orthography_non_official_lock	reviewed bridge + OpenCC t2s; exact non-Han skeleton preserved	True	True	False
sectionList.json	326021	charaName	佐倉 杏子	佐仓 杏子	str	EXACT_CHAIN_COVERED	True	False	1	pass28	C:\Users\proje\Documents\Codex\2026-08-06\https-github-com-hiiraginemu-magireco-wiki-3\work\pass17_max_integrated\release\authority_layer_ledger_571.tsv#sequence=350	closed_simplified_chinese_orthography_non_official_lock	reviewed bridge + OpenCC t2s; exact non-Han skeleton preserved	True	True	False
sectionList.json	326022	charaName	佐倉 杏子	佐仓 杏子	str	EXACT_CHAIN_COVERED	True	False	1	pass28	C:\Users\proje\Documents\Codex\2026-08-06\https-github-com-hiiraginemu-magireco-wiki-3\work\pass17_max_integrated\release\authority_layer_ledger_571.tsv#sequence=351	closed_simplified_chinese_orthography_non_official_lock	reviewed bridge + OpenCC t2s; exact non-Han skeleton preserved	True	True	False
sectionList.json	326023	charaName	佐倉 杏子	佐仓 杏子	str	EXACT_CHAIN_COVERED	True	False	1	pass28	C:\Users\proje\Documents\Codex\2026-08-06\https-github-com-hiiraginemu-magireco-wiki-3\work\pass17_max_integrated\release\authority_layer_ledger_571.tsv#sequence=352	closed_simplified_chinese_orthography_non_official_lock	reviewed bridge + OpenCC t2s; exact non-Han skeleton preserved	True	True	False
sectionList.json	326024	charaName	佐倉 杏子	佐仓 杏子	str	EXACT_CHAIN_COVERED	True	False	1	pass28	C:\Users\proje\Documents\Codex\2026-08-06\https-github-com-hiiraginemu-magireco-wiki-3\work\pass17_max_integrated\release\authority_layer_ledger_571.tsv#sequence=353	closed_simplified_chinese_orthography_non_official_lock	reviewed bridge + OpenCC t2s; exact non-Han skeleton preserved	True	True	False
sectionList.json	330024	charaName	空穂 夏希	空穗 夏希	str	EXACT_CHAIN_COVERED	True	False	1	pass28	C:\Users\proje\Documents\Codex\2026-08-06\https-github-com-hiiraginemu-magireco-wiki-3\work\pass17_max_integrated\release\authority_layer_ledger_571.tsv#sequence=354	closed_simplified_chinese_orthography_non_official_lock	reviewed bridge + OpenCC t2s; exact non-Han skeleton preserved	True	True	False
sectionList.json	330221	charaName	伊並 満	伊并 满	str	EXACT_CHAIN_COVERED	True	False	1	pass28	C:\Users\proje\Documents\Codex\2026-08-06\https-github-com-hiiraginemu-magireco-wiki-3\work\pass17_max_integrated\release\authority_layer_ledger_571.tsv#sequence=355	closed_simplified_chinese_orthography_non_official_lock	reviewed bridge + OpenCC t2s; exact non-Han skeleton preserved	True	True	False
sectionList.json	330222	charaName	伊並 満	伊并 满	str	EXACT_CHAIN_COVERED	True	False	1	pass28	C:\Users\proje\Documents\Codex\2026-08-06\https-github-com-hiiraginemu-magireco-wiki-3\work\pass17_max_integrated\release\authority_layer_ledger_571.tsv#sequence=356	closed_simplified_chinese_orthography_non_official_lock	reviewed bridge + OpenCC t2s; exact non-Han skeleton preserved	True	True	False
sectionList.json	330223	charaName	伊並 満	伊并 满	str	EXACT_CHAIN_COVERED	True	False	1	pass28	C:\Users\proje\Documents\Codex\2026-08-06\https-github-com-hiiraginemu-magireco-wiki-3\work\pass17_max_integrated\release\authority_layer_ledger_571.tsv#sequence=357	closed_simplified_chinese_orthography_non_official_lock	reviewed bridge + OpenCC t2s; exact non-Han skeleton preserved	True	True	False
sectionList.json	330224	charaName	伊並 満	伊并 满	str	EXACT_CHAIN_COVERED	True	False	1	pass28	C:\Users\proje\Documents\Codex\2026-08-06\https-github-com-hiiraginemu-magireco-wiki-3\work\pass17_max_integrated\release\authority_layer_ledger_571.tsv#sequence=358	closed_simplified_chinese_orthography_non_official_lock	reviewed bridge + OpenCC t2s; exact non-Han skeleton preserved	True	True	False
sectionList.json	330551	charaName	桐野 紗枝	桐野 纱枝	str	EXACT_CHAIN_COVERED	True	False	1	pass28	C:\Users\proje\Documents\Codex\2026-08-06\https-github-com-hiiraginemu-magireco-wiki-3\work\pass17_max_integrated\release\authority_layer_ledger_571.tsv#sequence=359	closed_simplified_chinese_orthography_non_official_lock	reviewed bridge + OpenCC t2s; exact non-Han skeleton preserved	True	True	False
sectionList.json	330552	charaName	桐野 紗枝	桐野 纱枝	str	EXACT_CHAIN_COVERED	True	False	1	pass28	C:\Users\proje\Documents\Codex\2026-08-06\https-github-com-hiiraginemu-magireco-wiki-3\work\pass17_max_integrated\release\authority_layer_ledger_571.tsv#sequence=360	closed_simplified_chinese_orthography_non_official_lock	reviewed bridge + OpenCC t2s; exact non-Han skeleton preserved	True	True	False
sectionList.json	330553	charaName	桐野 紗枝	桐野 纱枝	str	EXACT_CHAIN_COVERED	True	False	1	pass28	C:\Users\proje\Documents\Codex\2026-08-06\https-github-com-hiiraginemu-magireco-wiki-3\work\pass17_max_integrated\release\authority_layer_ledger_571.tsv#sequence=361	closed_simplified_chinese_orthography_non_official_lock	reviewed bridge + OpenCC t2s; exact non-Han skeleton preserved	True	True	False
sectionList.json	330554	charaName	桐野 紗枝	桐野 纱枝	str	EXACT_CHAIN_COVERED	True	False	1	pass28	C:\Users\proje\Documents\Codex\2026-08-06\https-github-com-hiiraginemu-magireco-wiki-3\work\pass17_max_integrated\release\authority_layer_ledger_571.tsv#sequence=362	closed_simplified_chinese_orthography_non_official_lock	reviewed bridge + OpenCC t2s; exact non-Han skeleton preserved	True	True	False
sectionList.json	330561	charaName	水樹 塁	水树 垒	str	EXACT_CHAIN_COVERED	True	False	1	pass28	C:\Users\proje\Documents\Codex\2026-08-06\https-github-com-hiiraginemu-magireco-wiki-3\work\pass17_max_integrated\release\authority_layer_ledger_571.tsv#sequence=363	closed_simplified_chinese_orthography_non_official_lock	reviewed bridge + OpenCC t2s; exact non-Han skeleton preserved	True	True	False
sectionList.json	330562	charaName	水樹 塁	水树 垒	str	EXACT_CHAIN_COVERED	True	False	1	pass28	C:\Users\proje\Documents\Codex\2026-08-06\https-github-com-hiiraginemu-magireco-wiki-3\work\pass17_max_integrated\release\authority_layer_ledger_571.tsv#sequence=364	closed_simplified_chinese_orthography_non_official_lock	reviewed bridge + OpenCC t2s; exact non-Han skeleton preserved	True	True	False
sectionList.json	330563	charaName	水樹 塁	水树 垒	str	EXACT_CHAIN_COVERED	True	False	1	pass28	C:\Users\proje\Documents\Codex\2026-08-06\https-github-com-hiiraginemu-magireco-wiki-3\work\pass17_max_integrated\release\authority_layer_ledger_571.tsv#sequence=365	closed_simplified_chinese_orthography_non_official_lock	reviewed bridge + OpenCC t2s; exact non-Han skeleton preserved	True	True	False
sectionList.json	330564	charaName	水樹 塁	水树 垒	str	EXACT_CHAIN_COVERED	True	False	1	pass28	C:\Users\proje\Documents\Codex\2026-08-06\https-github-com-hiiraginemu-magireco-wiki-3\work\pass17_max_integrated\release\authority_layer_ledger_571.tsv#sequence=366	closed_simplified_chinese_orthography_non_official_lock	reviewed bridge + OpenCC t2s; exact non-Han skeleton preserved	True	True	False
sectionList.json	340041	charaName	美国 織莉子	美国 织莉子	str	EXACT_CHAIN_COVERED	True	False	1	pass28	C:\Users\proje\Documents\Codex\2026-08-06\https-github-com-hiiraginemu-magireco-wiki-3\work\pass17_max_integrated\release\authority_layer_ledger_571.tsv#sequence=367	closed_simplified_chinese_orthography_non_official_lock	reviewed bridge + OpenCC t2s; exact non-Han skeleton preserved	True	True	False
sectionList.json	340042	charaName	美国 織莉子	美国 织莉子	str	EXACT_CHAIN_COVERED	True	False	1	pass28	C:\Users\proje\Documents\Codex\2026-08-06\https-github-com-hiiraginemu-magireco-wiki-3\work\pass17_max_integrated\release\authority_layer_ledger_571.tsv#sequence=368	closed_simplified_chinese_orthography_non_official_lock	reviewed bridge + OpenCC t2s; exact non-Han skeleton preserved	True	True	False
sectionList.json	340043	charaName	美国 織莉子	美国 织莉子	str	EXACT_CHAIN_COVERED	True	False	1	pass28	C:\Users\proje\Documents\Codex\2026-08-06\https-github-com-hiiraginemu-magireco-wiki-3\work\pass17_max_integrated\release\authority_layer_ledger_571.tsv#sequence=369	closed_simplified_chinese_orthography_non_official_lock	reviewed bridge + OpenCC t2s; exact non-Han skeleton preserved	True	True	False
sectionList.json	340044	charaName	美国 織莉子	美国 织莉子	str	EXACT_CHAIN_COVERED	True	False	1	pass28	C:\Users\proje\Documents\Codex\2026-08-06\https-github-com-hiiraginemu-magireco-wiki-3\work\pass17_max_integrated\release\authority_layer_ledger_571.tsv#sequence=370	closed_simplified_chinese_orthography_non_official_lock	reviewed bridge + OpenCC t2s; exact non-Han skeleton preserved	True	True	False
sectionList.json	340521	title	爱機	爱机	str	EXACT_CHAIN_COVERED	True	False	1	pass22	C:\Users\proje\Documents\Codex\2026-08-06\https-github-com-hiiraginemu-magireco-wiki-3\work\pass17_max_integrated\release\authority_layer_ledger_571.tsv#sequence=209	closed_simplified_chinese_orthography	closed Japanese-shinjitai/traditional-to-Simplified mapping	True	True	False
sectionList.json	340611	charaName	錦木 千束	锦木 千束	str	EXACT_CHAIN_COVERED	True	False	1	pass28	C:\Users\proje\Documents\Codex\2026-08-06\https-github-com-hiiraginemu-magireco-wiki-3\work\pass17_max_integrated\release\authority_layer_ledger_571.tsv#sequence=371	closed_simplified_chinese_orthography_non_official_lock	reviewed bridge + OpenCC t2s; exact non-Han skeleton preserved	True	True	False
sectionList.json	340612	charaName	錦木 千束	锦木 千束	str	EXACT_CHAIN_COVERED	True	False	1	pass28	C:\Users\proje\Documents\Codex\2026-08-06\https-github-com-hiiraginemu-magireco-wiki-3\work\pass17_max_integrated\release\authority_layer_ledger_571.tsv#sequence=372	closed_simplified_chinese_orthography_non_official_lock	reviewed bridge + OpenCC t2s; exact non-Han skeleton preserved	True	True	False
sectionList.json	340613	charaName	錦木 千束	锦木 千束	str	EXACT_CHAIN_COVERED	True	False	1	pass28	C:\Users\proje\Documents\Codex\2026-08-06\https-github-com-hiiraginemu-magireco-wiki-3\work\pass17_max_integrated\release\authority_layer_ledger_571.tsv#sequence=373	closed_simplified_chinese_orthography_non_official_lock	reviewed bridge + OpenCC t2s; exact non-Han skeleton preserved	True	True	False
sectionList.json	340614	charaName	錦木 千束	锦木 千束	str	EXACT_CHAIN_COVERED	True	False	1	pass28	C:\Users\proje\Documents\Codex\2026-08-06\https-github-com-hiiraginemu-magireco-wiki-3\work\pass17_max_integrated\release\authority_layer_ledger_571.tsv#sequence=374	closed_simplified_chinese_orthography_non_official_lock	reviewed bridge + OpenCC t2s; exact non-Han skeleton preserved	True	True	False
sectionList.json	400021	title	强化結界	强化结界	str	EXACT_CHAIN_COVERED	True	False	1	pass22	C:\Users\proje\Documents\Codex\2026-08-06\https-github-com-hiiraginemu-magireco-wiki-3\work\pass17_max_integrated\release\authority_layer_ledger_571.tsv#sequence=210	closed_simplified_chinese_orthography	closed Japanese-shinjitai/traditional-to-Simplified mapping	True	True	False
sectionList.json	400022	title	觉醒結界	觉醒结界	str	EXACT_CHAIN_COVERED	True	False	1	pass22	C:\Users\proje\Documents\Codex\2026-08-06\https-github-com-hiiraginemu-magireco-wiki-3\work\pass17_max_integrated\release\authority_layer_ledger_571.tsv#sequence=211	closed_simplified_chinese_orthography	closed Japanese-shinjitai/traditional-to-Simplified mapping	True	True	False
sectionList.json	400031	title	强化結界	强化结界	str	EXACT_CHAIN_COVERED	True	False	1	pass22	C:\Users\proje\Documents\Codex\2026-08-06\https-github-com-hiiraginemu-magireco-wiki-3\work\pass17_max_integrated\release\authority_layer_ledger_571.tsv#sequence=212	closed_simplified_chinese_orthography	closed Japanese-shinjitai/traditional-to-Simplified mapping	True	True	False
sectionList.json	400032	title	觉醒結界	觉醒结界	str	EXACT_CHAIN_COVERED	True	False	1	pass22	C:\Users\proje\Documents\Codex\2026-08-06\https-github-com-hiiraginemu-magireco-wiki-3\work\pass17_max_integrated\release\authority_layer_ledger_571.tsv#sequence=213	closed_simplified_chinese_orthography	closed Japanese-shinjitai/traditional-to-Simplified mapping	True	True	False
sectionList.json	400041	title	强化結界	强化结界	str	EXACT_CHAIN_COVERED	True	False	1	pass22	C:\Users\proje\Documents\Codex\2026-08-06\https-github-com-hiiraginemu-magireco-wiki-3\work\pass17_max_integrated\release\authority_layer_ledger_571.tsv#sequence=214	closed_simplified_chinese_orthography	closed Japanese-shinjitai/traditional-to-Simplified mapping	True	True	False
sectionList.json	400042	title	觉醒結界	觉醒结界	str	EXACT_CHAIN_COVERED	True	False	1	pass22	C:\Users\proje\Documents\Codex\2026-08-06\https-github-com-hiiraginemu-magireco-wiki-3\work\pass17_max_integrated\release\authority_layer_ledger_571.tsv#sequence=215	closed_simplified_chinese_orthography	closed Japanese-shinjitai/traditional-to-Simplified mapping	True	True	False
sectionList.json	400051	title	强化結界	强化结界	str	EXACT_CHAIN_COVERED	True	False	1	pass22	C:\Users\proje\Documents\Codex\2026-08-06\https-github-com-hiiraginemu-magireco-wiki-3\work\pass17_max_integrated\release\authority_layer_ledger_571.tsv#sequence=216	closed_simplified_chinese_orthography	closed Japanese-shinjitai/traditional-to-Simplified mapping	True	True	False
sectionList.json	400052	title	觉醒結界	觉醒结界	str	EXACT_CHAIN_COVERED	True	False	1	pass22	C:\Users\proje\Documents\Codex\2026-08-06\https-github-com-hiiraginemu-magireco-wiki-3\work\pass17_max_integrated\release\authority_layer_ledger_571.tsv#sequence=217	closed_simplified_chinese_orthography	closed Japanese-shinjitai/traditional-to-Simplified mapping	True	True	False
sectionList.json	400061	title	强化結界	强化结界	str	EXACT_CHAIN_COVERED	True	False	1	pass22	C:\Users\proje\Documents\Codex\2026-08-06\https-github-com-hiiraginemu-magireco-wiki-3\work\pass17_max_integrated\release\authority_layer_ledger_571.tsv#sequence=218	closed_simplified_chinese_orthography	closed Japanese-shinjitai/traditional-to-Simplified mapping	True	True	False
sectionList.json	400062	title	觉醒結界	觉醒结界	str	EXACT_CHAIN_COVERED	True	False	1	pass22	C:\Users\proje\Documents\Codex\2026-08-06\https-github-com-hiiraginemu-magireco-wiki-3\work\pass17_max_integrated\release\authority_layer_ledger_571.tsv#sequence=219	closed_simplified_chinese_orthography	closed Japanese-shinjitai/traditional-to-Simplified mapping	True	True	False
sectionList.json	710035	charaName	由比 鶴乃	由比 鹤乃	str	EXACT_CHAIN_COVERED	True	False	1	pass28	C:\Users\proje\Documents\Codex\2026-08-06\https-github-com-hiiraginemu-magireco-wiki-3\work\pass17_max_integrated\release\authority_layer_ledger_571.tsv#sequence=375	closed_simplified_chinese_orthography_non_official_lock	reviewed bridge + OpenCC t2s; exact non-Han skeleton preserved	True	True	False
sectionList.json	710036	charaName	由比 鶴乃	由比 鹤乃	str	EXACT_CHAIN_COVERED	True	False	1	pass28	C:\Users\proje\Documents\Codex\2026-08-06\https-github-com-hiiraginemu-magireco-wiki-3\work\pass17_max_integrated\release\authority_layer_ledger_571.tsv#sequence=376	closed_simplified_chinese_orthography_non_official_lock	reviewed bridge + OpenCC t2s; exact non-Han skeleton preserved	True	True	False
sectionList.json	710037	charaName	由比 鶴乃	由比 鹤乃	str	EXACT_CHAIN_COVERED	True	False	1	pass28	C:\Users\proje\Documents\Codex\2026-08-06\https-github-com-hiiraginemu-magireco-wiki-3\work\pass17_max_integrated\release\authority_layer_ledger_571.tsv#sequence=377	closed_simplified_chinese_orthography_non_official_lock	reviewed bridge + OpenCC t2s; exact non-Han skeleton preserved	True	True	False
sectionList.json	710131	charaName	竜城 明日香	龙城 明日香	str	EXACT_CHAIN_COVERED	True	False	1	pass28	C:\Users\proje\Documents\Codex\2026-08-06\https-github-com-hiiraginemu-magireco-wiki-3\work\pass17_max_integrated\release\authority_layer_ledger_571.tsv#sequence=378	closed_simplified_chinese_orthography_non_official_lock	reviewed bridge + OpenCC t2s; exact non-Han skeleton preserved	True	True	False
sectionList.json	710211	charaName	紅晴 結菜	红晴 结菜	str	EXACT_CHAIN_COVERED	True	False	1	pass28	C:\Users\proje\Documents\Codex\2026-08-06\https-github-com-hiiraginemu-magireco-wiki-3\work\pass17_max_integrated\release\authority_layer_ledger_571.tsv#sequence=379	closed_simplified_chinese_orthography_non_official_lock	reviewed bridge + OpenCC t2s; exact non-Han skeleton preserved	True	True	False
sectionList.json	710212	charaName	紅晴 結菜	红晴 结菜	str	EXACT_CHAIN_COVERED	True	False	1	pass28	C:\Users\proje\Documents\Codex\2026-08-06\https-github-com-hiiraginemu-magireco-wiki-3\work\pass17_max_integrated\release\authority_layer_ledger_571.tsv#sequence=380	closed_simplified_chinese_orthography_non_official_lock	reviewed bridge + OpenCC t2s; exact non-Han skeleton preserved	True	True	False
sectionList.json	710241	charaName	大庭 樹里	大庭 树里	str	EXACT_CHAIN_COVERED	True	False	1	pass28	C:\Users\proje\Documents\Codex\2026-08-06\https-github-com-hiiraginemu-magireco-wiki-3\work\pass17_max_integrated\release\authority_layer_ledger_571.tsv#sequence=381	closed_simplified_chinese_orthography_non_official_lock	reviewed bridge + OpenCC t2s; exact non-Han skeleton preserved	True	True	False
sectionList.json	710242	charaName	大庭 樹里	大庭 树里	str	EXACT_CHAIN_COVERED	True	False	1	pass28	C:\Users\proje\Documents\Codex\2026-08-06\https-github-com-hiiraginemu-magireco-wiki-3\work\pass17_max_integrated\release\authority_layer_ledger_571.tsv#sequence=382	closed_simplified_chinese_orthography_non_official_lock	reviewed bridge + OpenCC t2s; exact non-Han skeleton preserved	True	True	False
sectionList.json	720064	charaName	佐倉 杏子	佐仓 杏子	str	EXACT_CHAIN_COVERED	True	False	1	pass28	C:\Users\proje\Documents\Codex\2026-08-06\https-github-com-hiiraginemu-magireco-wiki-3\work\pass17_max_integrated\release\authority_layer_ledger_571.tsv#sequence=383	closed_simplified_chinese_orthography_non_official_lock	reviewed bridge + OpenCC t2s; exact non-Han skeleton preserved	True	True	False
sectionList.json	720065	charaName	佐倉 杏子	佐仓 杏子	str	EXACT_CHAIN_COVERED	True	False	1	pass28	C:\Users\proje\Documents\Codex\2026-08-06\https-github-com-hiiraginemu-magireco-wiki-3\work\pass17_max_integrated\release\authority_layer_ledger_571.tsv#sequence=384	closed_simplified_chinese_orthography_non_official_lock	reviewed bridge + OpenCC t2s; exact non-Han skeleton preserved	True	True	False
sectionList.json	730022	charaName	空穂 夏希	空穗 夏希	str	EXACT_CHAIN_COVERED	True	False	1	pass28	C:\Users\proje\Documents\Codex\2026-08-06\https-github-com-hiiraginemu-magireco-wiki-3\work\pass17_max_integrated\release\authority_layer_ledger_571.tsv#sequence=385	closed_simplified_chinese_orthography_non_official_lock	reviewed bridge + OpenCC t2s; exact non-Han skeleton preserved	True	True	False
shopItemList.json	12836	name	大庭樹里	大庭树里	str	EXACT_CHAIN_COVERED	True	False	1	pass28	C:\Users\proje\Documents\Codex\2026-08-06\https-github-com-hiiraginemu-magireco-wiki-3\work\pass17_max_integrated\release\authority_layer_ledger_571.tsv#sequence=386	closed_simplified_chinese_orthography_non_official_lock	reviewed bridge + OpenCC t2s; exact non-Han skeleton preserved	True	True	False
shopItemList.json	14731	name	桐野紗枝	桐野纱枝	str	EXACT_CHAIN_COVERED	True	False	1	pass28	C:\Users\proje\Documents\Codex\2026-08-06\https-github-com-hiiraginemu-magireco-wiki-3\work\pass17_max_integrated\release\authority_layer_ledger_571.tsv#sequence=387	closed_simplified_chinese_orthography_non_official_lock	reviewed bridge + OpenCC t2s; exact non-Han skeleton preserved	True	True	False
shopItemList.json	15796	name	紅晴結菜	红晴结菜	str	EXACT_CHAIN_COVERED	True	False	1	pass28	C:\Users\proje\Documents\Codex\2026-08-06\https-github-com-hiiraginemu-magireco-wiki-3\work\pass17_max_integrated\release\authority_layer_ledger_571.tsv#sequence=388	closed_simplified_chinese_orthography_non_official_lock	reviewed bridge + OpenCC t2s; exact non-Han skeleton preserved	True	True	False
shopItemList.json	18813	name	【期间限定】佐倉杏子 Doppelver.	【期间限定】佐仓杏子 Doppelver.	str	EXACT_CHAIN_COVERED	True	False	1	pass28	C:\Users\proje\Documents\Codex\2026-08-06\https-github-com-hiiraginemu-magireco-wiki-3\work\pass17_max_integrated\release\authority_layer_ledger_571.tsv#sequence=389	closed_simplified_chinese_orthography_non_official_lock	reviewed bridge + OpenCC t2s; exact non-Han skeleton preserved	True	True	False
shopItemList.json	20426	name	【期间限定】美国織莉子 ver.Final	【期间限定】美国织莉子 ver.Final	str	EXACT_CHAIN_COVERED	True	False	1	pass22	C:\Users\proje\Documents\Codex\2026-08-06\https-github-com-hiiraginemu-magireco-wiki-3\work\pass17_max_integrated\release\authority_layer_ledger_571.tsv#sequence=220	closed_simplified_chinese_orthography	closed Japanese-shinjitai/traditional-to-Simplified mapping	True	True	False
shopItemList.json	25380	name	【期间限定】千鶴	【期间限定】千鹤	str	EXACT_CHAIN_COVERED	True	False	1	pass22	C:\Users\proje\Documents\Codex\2026-08-06\https-github-com-hiiraginemu-magireco-wiki-3\work\pass17_max_integrated\release\authority_layer_ledger_571.tsv#sequence=221	closed_simplified_chinese_orthography	closed Japanese-shinjitai/traditional-to-Simplified mapping	True	True	False
shopItemList.json	29624	name	【期间限定】伊並満	【期间限定】伊并满	str	EXACT_CHAIN_COVERED	True	False	1	pass22	C:\Users\proje\Documents\Codex\2026-08-06\https-github-com-hiiraginemu-magireco-wiki-3\work\pass17_max_integrated\release\authority_layer_ledger_571.tsv#sequence=222	closed_simplified_chinese_orthography	closed Japanese-shinjitai/traditional-to-Simplified mapping	True	True	False
shopItemList.json	29749	name	【期间限定】錦木千束	【期间限定】锦木千束	str	EXACT_CHAIN_COVERED	True	False	1	pass22	C:\Users\proje\Documents\Codex\2026-08-06\https-github-com-hiiraginemu-magireco-wiki-3\work\pass17_max_integrated\release\authority_layer_ledger_571.tsv#sequence=223	closed_simplified_chinese_orthography	closed Japanese-shinjitai/traditional-to-Simplified mapping	True	True	False
shopItemList.json	30125	name	【期间限定】結菜·樹里 吸血鬼ver.	【期间限定】结菜·树里 吸血鬼ver.	str	EXACT_CHAIN_COVERED	True	False	1	pass28	C:\Users\proje\Documents\Codex\2026-08-06\https-github-com-hiiraginemu-magireco-wiki-3\work\pass17_max_integrated\release\authority_layer_ledger_571.tsv#sequence=390	closed_simplified_chinese_orthography_non_official_lock	reviewed bridge + OpenCC t2s; exact non-Han skeleton preserved	True	True	False
shopItemList.json	30361	name	【期间限定】佐倉杏子 scene0 ver.	【期间限定】佐仓杏子 scene0 ver.	str	EXACT_CHAIN_COVERED	True	False	1	pass22	C:\Users\proje\Documents\Codex\2026-08-06\https-github-com-hiiraginemu-magireco-wiki-3\work\pass17_max_integrated\release\authority_layer_ledger_571.tsv#sequence=224	closed_simplified_chinese_orthography	closed Japanese-shinjitai/traditional-to-Simplified mapping	True	True	False
shopItemList.json	31107	name	【期间限定】竜城明日香 新春龙神ver.	【期间限定】龙城明日香 新春龙神ver.	str	EXACT_CHAIN_COVERED	True	False	1	pass22	C:\Users\proje\Documents\Codex\2026-08-06\https-github-com-hiiraginemu-magireco-wiki-3\work\pass17_max_integrated\release\authority_layer_ledger_571.tsv#sequence=225	closed_simplified_chinese_orthography	closed Japanese-shinjitai/traditional-to-Simplified mapping	True	True	False
shopItemList.json	32341	description	召回灯×20个套装。	回溯灯泡×20套装	str	EXACT_CHAIN_COVERED	True	False	1	manual_terms	C:\Users\proje\Documents\Codex\2026-08-06\https-github-com-hiiraginemu-magireco-wiki-3\work\pass17_max_integrated\release\authority_layer_ledger_571.tsv#sequence=460	wiki_term_plus_dump_same_field_template	magireco-wiki-data@42641f87/data/archive/articles.jsonl.gz:2175; official dump template for composite row	True	True	False
shopItemList.json	32341	name	召回灯	回溯灯泡	str	EXACT_CHAIN_COVERED	True	False	1	manual_terms	C:\Users\proje\Documents\Codex\2026-08-06\https-github-com-hiiraginemu-magireco-wiki-3\work\pass17_max_integrated\release\authority_layer_ledger_571.tsv#sequence=459	wiki_exact_pair	magireco-wiki-data@42641f87/data/archive/articles.jsonl.gz:2175; official dump template for composite row	True	True	False
shopItemList.json	32342	name	惊喜门扉胶片	门票奖胶片	str	EXACT_CHAIN_COVERED	True	False	1	manual_terms	C:\Users\proje\Documents\Codex\2026-08-06\https-github-com-hiiraginemu-magireco-wiki-3\work\pass17_max_integrated\release\authority_layer_ledger_571.tsv#sequence=463	wiki_exact_pair	magireco-wiki-data@42641f87/data/archive/articles.jsonl.gz:2175; official dump template for composite row	True	True	False
shopItemList.json	33311	name	佐倉杏子 水着ver.	佐仓杏子 水着ver.	str	EXACT_CHAIN_COVERED	True	False	1	pass28	C:\Users\proje\Documents\Codex\2026-08-06\https-github-com-hiiraginemu-magireco-wiki-3\work\pass17_max_integrated\release\authority_layer_ledger_571.tsv#sequence=391	closed_simplified_chinese_orthography_non_official_lock	reviewed bridge + OpenCC t2s; exact non-Han skeleton preserved	True	True	False
shopItemList.json	33345	name	佐倉杏子 水着ver.	佐仓杏子 水着ver.	str	EXACT_CHAIN_COVERED	True	False	1	pass28	C:\Users\proje\Documents\Codex\2026-08-06\https-github-com-hiiraginemu-magireco-wiki-3\work\pass17_max_integrated\release\authority_layer_ledger_571.tsv#sequence=392	closed_simplified_chinese_orthography_non_official_lock	reviewed bridge + OpenCC t2s; exact non-Han skeleton preserved	True	True	False
shopItemList.json	33543	name	佐倉杏子 水着ver.	佐仓杏子 水着ver.	str	EXACT_CHAIN_COVERED	True	False	1	pass28	C:\Users\proje\Documents\Codex\2026-08-06\https-github-com-hiiraginemu-magireco-wiki-3\work\pass17_max_integrated\release\authority_layer_ledger_571.tsv#sequence=393	closed_simplified_chinese_orthography_non_official_lock	reviewed bridge + OpenCC t2s; exact non-Han skeleton preserved	True	True	False
shopItemList.json	33575	name	佐倉杏子 Doppelver.	佐仓杏子 Doppelver.	str	EXACT_CHAIN_COVERED	True	False	1	pass28	C:\Users\proje\Documents\Codex\2026-08-06\https-github-com-hiiraginemu-magireco-wiki-3\work\pass17_max_integrated\release\authority_layer_ledger_571.tsv#sequence=394	closed_simplified_chinese_orthography_non_official_lock	reviewed bridge + OpenCC t2s; exact non-Han skeleton preserved	True	True	False
shopItemList.json	33581	name	美国織莉子 ver.Final	美国织莉子 ver.Final	str	EXACT_CHAIN_COVERED	True	False	1	pass28	C:\Users\proje\Documents\Codex\2026-08-06\https-github-com-hiiraginemu-magireco-wiki-3\work\pass17_max_integrated\release\authority_layer_ledger_571.tsv#sequence=395	closed_simplified_chinese_orthography_non_official_lock	reviewed bridge + OpenCC t2s; exact non-Han skeleton preserved	True	True	False
shopItemList.json	33594	name	千鶴	千鹤	str	EXACT_CHAIN_COVERED	True	False	1	pass28	C:\Users\proje\Documents\Codex\2026-08-06\https-github-com-hiiraginemu-magireco-wiki-3\work\pass17_max_integrated\release\authority_layer_ledger_571.tsv#sequence=396	closed_simplified_chinese_orthography_non_official_lock	reviewed bridge + OpenCC t2s; exact non-Han skeleton preserved	True	True	False
shopItemList.json	33606	name	伊並満	伊并满	str	EXACT_CHAIN_COVERED	True	False	1	pass28	C:\Users\proje\Documents\Codex\2026-08-06\https-github-com-hiiraginemu-magireco-wiki-3\work\pass17_max_integrated\release\authority_layer_ledger_571.tsv#sequence=397	closed_simplified_chinese_orthography_non_official_lock	reviewed bridge + OpenCC t2s; exact non-Han skeleton preserved	True	True	False
shopItemList.json	33608	name	結菜·樹里 吸血鬼ver.	结菜·树里 吸血鬼ver.	str	EXACT_CHAIN_COVERED	True	False	1	pass28	C:\Users\proje\Documents\Codex\2026-08-06\https-github-com-hiiraginemu-magireco-wiki-3\work\pass17_max_integrated\release\authority_layer_ledger_571.tsv#sequence=398	closed_simplified_chinese_orthography_non_official_lock	reviewed bridge + OpenCC t2s; exact non-Han skeleton preserved	True	True	False
shopItemList.json	33610	name	佐倉杏子 scene0 ver.	佐仓杏子 scene0 ver.	str	EXACT_CHAIN_COVERED	True	False	1	pass28	C:\Users\proje\Documents\Codex\2026-08-06\https-github-com-hiiraginemu-magireco-wiki-3\work\pass17_max_integrated\release\authority_layer_ledger_571.tsv#sequence=399	closed_simplified_chinese_orthography_non_official_lock	reviewed bridge + OpenCC t2s; exact non-Han skeleton preserved	True	True	False
shopItemList.json	33613	name	竜城明日香 新春龙神ver.	龙城明日香 新春龙神ver.	str	EXACT_CHAIN_COVERED	True	False	1	pass22	C:\Users\proje\Documents\Codex\2026-08-06\https-github-com-hiiraginemu-magireco-wiki-3\work\pass17_max_integrated\release\authority_layer_ledger_571.tsv#sequence=226	closed_simplified_chinese_orthography	closed Japanese-shinjitai/traditional-to-Simplified mapping	True	True	False
shopItemList.json	33621	name	佐倉杏子	佐仓杏子	str	EXACT_CHAIN_COVERED	True	False	1	pass28	C:\Users\proje\Documents\Codex\2026-08-06\https-github-com-hiiraginemu-magireco-wiki-3\work\pass17_max_integrated\release\authority_layer_ledger_571.tsv#sequence=400	closed_simplified_chinese_orthography_non_official_lock	reviewed bridge + OpenCC t2s; exact non-Han skeleton preserved	True	True	False
shopItemList.json	33640	name	更紗帆奈	更纱帆奈	str	EXACT_CHAIN_COVERED	True	False	1	pass28	C:\Users\proje\Documents\Codex\2026-08-06\https-github-com-hiiraginemu-magireco-wiki-3\work\pass17_max_integrated\release\authority_layer_ledger_571.tsv#sequence=401	closed_simplified_chinese_orthography_non_official_lock	reviewed bridge + OpenCC t2s; exact non-Han skeleton preserved	True	True	False
shopItemList.json	33653	name	水樹塁	水树垒	str	EXACT_CHAIN_COVERED	True	False	1	pass28	C:\Users\proje\Documents\Codex\2026-08-06\https-github-com-hiiraginemu-magireco-wiki-3\work\pass17_max_integrated\release\authority_layer_ledger_571.tsv#sequence=402	closed_simplified_chinese_orthography_non_official_lock	reviewed bridge + OpenCC t2s; exact non-Han skeleton preserved	True	True	False
shopItemList.json	33660	name	大庭樹里	大庭树里	str	EXACT_CHAIN_COVERED	True	False	1	pass28	C:\Users\proje\Documents\Codex\2026-08-06\https-github-com-hiiraginemu-magireco-wiki-3\work\pass17_max_integrated\release\authority_layer_ledger_571.tsv#sequence=403	closed_simplified_chinese_orthography_non_official_lock	reviewed bridge + OpenCC t2s; exact non-Han skeleton preserved	True	True	False
shopItemList.json	33663	name	桐野紗枝	桐野纱枝	str	EXACT_CHAIN_COVERED	True	False	1	pass28	C:\Users\proje\Documents\Codex\2026-08-06\https-github-com-hiiraginemu-magireco-wiki-3\work\pass17_max_integrated\release\authority_layer_ledger_571.tsv#sequence=404	closed_simplified_chinese_orthography_non_official_lock	reviewed bridge + OpenCC t2s; exact non-Han skeleton preserved	True	True	False
shopItemList.json	33665	name	紅晴結菜	红晴结菜	str	EXACT_CHAIN_COVERED	True	False	1	pass28	C:\Users\proje\Documents\Codex\2026-08-06\https-github-com-hiiraginemu-magireco-wiki-3\work\pass17_max_integrated\release\authority_layer_ledger_571.tsv#sequence=405	closed_simplified_chinese_orthography_non_official_lock	reviewed bridge + OpenCC t2s; exact non-Han skeleton preserved	True	True	False
