record_id	component	scope	file	stable_key_or_line	field	original_text	current_cn	suggested_cn	product_or_reference_location	source_tier	source_bucket	evidence_path_or_key	machine_translated	confidence	review_status	japanese_or_source_original	missing_original_reason	provenance_class	source_stage	source_batch	source_author	is_machine_translation	runtime_consumed	highest_authority_tier	highest_authority_match	authority_status	risk	issue_type	manual_review_status	evidence	notes
MT-00004	engine_runtime_i18n_confirmed_human	native_engine_i18n	madomagi/engine_i18n.tsv	316	zhCN	^1 AP will recover in 0:00 / AP will be fully recovered in 	距回复1 AP还有 0:00 / 距AP全部回复还有 	距回复1 AP还有 0:00 / 距AP全部回复还有 	madomagi/engine_i18n.tsv#316/zhCN	confirmed-human	new-root-human	magica/research/totentanz-full-localization-20260817/engine-i18n/ap-recovery-gap-verification.json#ENGINE-AP-DYNAMIC-TIMER-000;A:/magicaOLD/template/user/APPopup.html; native AP label shape from runtime screenshot; legacy consumer exact/^prefix contract	false	confirmed-context	confirmed-human-verified	^1 AP will recover in 0:00 / AP will be fully recovered in 		confirmed-human	ap-recovery-gap-verification	confirmed-human-ap-timer	confirmed human translation; native dynamic AP timer context	false	true; legacy client reads <files>/madomagi/engine_i18n.tsv	confirmed-human	距回复1 AP还有 0:00 / 距AP全部回复还有 	confirmed-human-verified	medium	confirmed_human_engine_translation	confirmed-human-verified	magica/research/totentanz-full-localization-20260817/engine-i18n/ap-recovery-gap-verification.json#ENGINE-AP-DYNAMIC-TIMER-000;A:/magicaOLD/template/user/APPopup.html; native AP label shape from runtime screenshot; legacy consumer exact/^prefix contract	kind=prefix; verified AP recovery UI rule.
MT-00005	engine_runtime_i18n_confirmed_human	native_engine_i18n	madomagi/engine_i18n.tsv	317	zhCN	^1 AP will recover in 0:01 / AP will be fully recovered in 	距回复1 AP还有 0:01 / 距AP全部回复还有 	距回复1 AP还有 0:01 / 距AP全部回复还有 	madomagi/engine_i18n.tsv#317/zhCN	confirmed-human	new-root-human	magica/research/totentanz-full-localization-20260817/engine-i18n/ap-recovery-gap-verification.json#ENGINE-AP-DYNAMIC-TIMER-001;A:/magicaOLD/template/user/APPopup.html; native AP label shape from runtime screenshot; legacy consumer exact/^prefix contract	false	confirmed-context	confirmed-human-verified	^1 AP will recover in 0:01 / AP will be fully recovered in 		confirmed-human	ap-recovery-gap-verification	confirmed-human-ap-timer	confirmed human translation; native dynamic AP timer context	false	true; legacy client reads <files>/madomagi/engine_i18n.tsv	confirmed-human	距回复1 AP还有 0:01 / 距AP全部回复还有 	confirmed-human-verified	medium	confirmed_human_engine_translation	confirmed-human-verified	magica/research/totentanz-full-localization-20260817/engine-i18n/ap-recovery-gap-verification.json#ENGINE-AP-DYNAMIC-TIMER-001;A:/magicaOLD/template/user/APPopup.html; native AP label shape from runtime screenshot; legacy consumer exact/^prefix contract	kind=prefix; verified AP recovery UI rule.
MT-00006	engine_runtime_i18n_confirmed_human	native_engine_i18n	madomagi/engine_i18n.tsv	318	zhCN	^1 AP will recover in 0:02 / AP will be fully recovered in 	距回复1 AP还有 0:02 / 距AP全部回复还有 	距回复1 AP还有 0:02 / 距AP全部回复还有 	madomagi/engine_i18n.tsv#318/zhCN	confirmed-human	new-root-human	magica/research/totentanz-full-localization-20260817/engine-i18n/ap-recovery-gap-verification.json#ENGINE-AP-DYNAMIC-TIMER-002;A:/magicaOLD/template/user/APPopup.html; native AP label shape from runtime screenshot; legacy consumer exact/^prefix contract	false	confirmed-context	confirmed-human-verified	^1 AP will recover in 0:02 / AP will be fully recovered in 		confirmed-human	ap-recovery-gap-verification	confirmed-human-ap-timer	confirmed human translation; native dynamic AP timer context	false	true; legacy client reads <files>/madomagi/engine_i18n.tsv	confirmed-human	距回复1 AP还有 0:02 / 距AP全部回复还有 	confirmed-human-verified	medium	confirmed_human_engine_translation	confirmed-human-verified	magica/research/totentanz-full-localization-20260817/engine-i18n/ap-recovery-gap-verification.json#ENGINE-AP-DYNAMIC-TIMER-002;A:/magicaOLD/template/user/APPopup.html; native AP label shape from runtime screenshot; legacy consumer exact/^prefix contract	kind=prefix; verified AP recovery UI rule.
MT-00007	engine_runtime_i18n_confirmed_human	native_engine_i18n	madomagi/engine_i18n.tsv	319	zhCN	^1 AP will recover in 0:03 / AP will be fully recovered in 	距回复1 AP还有 0:03 / 距AP全部回复还有 	距回复1 AP还有 0:03 / 距AP全部回复还有 	madomagi/engine_i18n.tsv#319/zhCN	confirmed-human	new-root-human	magica/research/totentanz-full-localization-20260817/engine-i18n/ap-recovery-gap-verification.json#ENGINE-AP-DYNAMIC-TIMER-003;A:/magicaOLD/template/user/APPopup.html; native AP label shape from runtime screenshot; legacy consumer exact/^prefix contract	false	confirmed-context	confirmed-human-verified	^1 AP will recover in 0:03 / AP will be fully recovered in 		confirmed-human	ap-recovery-gap-verification	confirmed-human-ap-timer	confirmed human translation; native dynamic AP timer context	false	true; legacy client reads <files>/madomagi/engine_i18n.tsv	confirmed-human	距回复1 AP还有 0:03 / 距AP全部回复还有 	confirmed-human-verified	medium	confirmed_human_engine_translation	confirmed-human-verified	magica/research/totentanz-full-localization-20260817/engine-i18n/ap-recovery-gap-verification.json#ENGINE-AP-DYNAMIC-TIMER-003;A:/magicaOLD/template/user/APPopup.html; native AP label shape from runtime screenshot; legacy consumer exact/^prefix contract	kind=prefix; verified AP recovery UI rule.
MT-00008	engine_runtime_i18n_confirmed_human	native_engine_i18n	madomagi/engine_i18n.tsv	320	zhCN	^1 AP will recover in 0:04 / AP will be fully recovered in 	距回复1 AP还有 0:04 / 距AP全部回复还有 	距回复1 AP还有 0:04 / 距AP全部回复还有 	madomagi/engine_i18n.tsv#320/zhCN	confirmed-human	new-root-human	magica/research/totentanz-full-localization-20260817/engine-i18n/ap-recovery-gap-verification.json#ENGINE-AP-DYNAMIC-TIMER-004;A:/magicaOLD/template/user/APPopup.html; native AP label shape from runtime screenshot; legacy consumer exact/^prefix contract	false	confirmed-context	confirmed-human-verified	^1 AP will recover in 0:04 / AP will be fully recovered in 		confirmed-human	ap-recovery-gap-verification	confirmed-human-ap-timer	confirmed human translation; native dynamic AP timer context	false	true; legacy client reads <files>/madomagi/engine_i18n.tsv	confirmed-human	距回复1 AP还有 0:04 / 距AP全部回复还有 	confirmed-human-verified	medium	confirmed_human_engine_translation	confirmed-human-verified	magica/research/totentanz-full-localization-20260817/engine-i18n/ap-recovery-gap-verification.json#ENGINE-AP-DYNAMIC-TIMER-004;A:/magicaOLD/template/user/APPopup.html; native AP label shape from runtime screenshot; legacy consumer exact/^prefix contract	kind=prefix; verified AP recovery UI rule.
MT-00009	engine_runtime_i18n_confirmed_human	native_engine_i18n	madomagi/engine_i18n.tsv	321	zhCN	^1 AP will recover in 0:05 / AP will be fully recovered in 	距回复1 AP还有 0:05 / 距AP全部回复还有 	距回复1 AP还有 0:05 / 距AP全部回复还有 	madomagi/engine_i18n.tsv#321/zhCN	confirmed-human	new-root-human	magica/research/totentanz-full-localization-20260817/engine-i18n/ap-recovery-gap-verification.json#ENGINE-AP-DYNAMIC-TIMER-005;A:/magicaOLD/template/user/APPopup.html; native AP label shape from runtime screenshot; legacy consumer exact/^prefix contract	false	confirmed-context	confirmed-human-verified	^1 AP will recover in 0:05 / AP will be fully recovered in 		confirmed-human	ap-recovery-gap-verification	confirmed-human-ap-timer	confirmed human translation; native dynamic AP timer context	false	true; legacy client reads <files>/madomagi/engine_i18n.tsv	confirmed-human	距回复1 AP还有 0:05 / 距AP全部回复还有 	confirmed-human-verified	medium	confirmed_human_engine_translation	confirmed-human-verified	magica/research/totentanz-full-localization-20260817/engine-i18n/ap-recovery-gap-verification.json#ENGINE-AP-DYNAMIC-TIMER-005;A:/magicaOLD/template/user/APPopup.html; native AP label shape from runtime screenshot; legacy consumer exact/^prefix contract	kind=prefix; verified AP recovery UI rule.
MT-00010	engine_runtime_i18n_confirmed_human	native_engine_i18n	madomagi/engine_i18n.tsv	322	zhCN	^1 AP will recover in 0:06 / AP will be fully recovered in 	距回复1 AP还有 0:06 / 距AP全部回复还有 	距回复1 AP还有 0:06 / 距AP全部回复还有 	madomagi/engine_i18n.tsv#322/zhCN	confirmed-human	new-root-human	magica/research/totentanz-full-localization-20260817/engine-i18n/ap-recovery-gap-verification.json#ENGINE-AP-DYNAMIC-TIMER-006;A:/magicaOLD/template/user/APPopup.html; native AP label shape from runtime screenshot; legacy consumer exact/^prefix contract	false	confirmed-context	confirmed-human-verified	^1 AP will recover in 0:06 / AP will be fully recovered in 		confirmed-human	ap-recovery-gap-verification	confirmed-human-ap-timer	confirmed human translation; native dynamic AP timer context	false	true; legacy client reads <files>/madomagi/engine_i18n.tsv	confirmed-human	距回复1 AP还有 0:06 / 距AP全部回复还有 	confirmed-human-verified	medium	confirmed_human_engine_translation	confirmed-human-verified	magica/research/totentanz-full-localization-20260817/engine-i18n/ap-recovery-gap-verification.json#ENGINE-AP-DYNAMIC-TIMER-006;A:/magicaOLD/template/user/APPopup.html; native AP label shape from runtime screenshot; legacy consumer exact/^prefix contract	kind=prefix; verified AP recovery UI rule.
MT-00011	engine_runtime_i18n_confirmed_human	native_engine_i18n	madomagi/engine_i18n.tsv	323	zhCN	^1 AP will recover in 0:07 / AP will be fully recovered in 	距回复1 AP还有 0:07 / 距AP全部回复还有 	距回复1 AP还有 0:07 / 距AP全部回复还有 	madomagi/engine_i18n.tsv#323/zhCN	confirmed-human	new-root-human	magica/research/totentanz-full-localization-20260817/engine-i18n/ap-recovery-gap-verification.json#ENGINE-AP-DYNAMIC-TIMER-007;A:/magicaOLD/template/user/APPopup.html; native AP label shape from runtime screenshot; legacy consumer exact/^prefix contract	false	confirmed-context	confirmed-human-verified	^1 AP will recover in 0:07 / AP will be fully recovered in 		confirmed-human	ap-recovery-gap-verification	confirmed-human-ap-timer	confirmed human translation; native dynamic AP timer context	false	true; legacy client reads <files>/madomagi/engine_i18n.tsv	confirmed-human	距回复1 AP还有 0:07 / 距AP全部回复还有 	confirmed-human-verified	medium	confirmed_human_engine_translation	confirmed-human-verified	magica/research/totentanz-full-localization-20260817/engine-i18n/ap-recovery-gap-verification.json#ENGINE-AP-DYNAMIC-TIMER-007;A:/magicaOLD/template/user/APPopup.html; native AP label shape from runtime screenshot; legacy consumer exact/^prefix contract	kind=prefix; verified AP recovery UI rule.
MT-00012	engine_runtime_i18n_confirmed_human	native_engine_i18n	madomagi/engine_i18n.tsv	324	zhCN	^1 AP will recover in 0:08 / AP will be fully recovered in 	距回复1 AP还有 0:08 / 距AP全部回复还有 	距回复1 AP还有 0:08 / 距AP全部回复还有 	madomagi/engine_i18n.tsv#324/zhCN	confirmed-human	new-root-human	magica/research/totentanz-full-localization-20260817/engine-i18n/ap-recovery-gap-verification.json#ENGINE-AP-DYNAMIC-TIMER-008;A:/magicaOLD/template/user/APPopup.html; native AP label shape from runtime screenshot; legacy consumer exact/^prefix contract	false	confirmed-context	confirmed-human-verified	^1 AP will recover in 0:08 / AP will be fully recovered in 		confirmed-human	ap-recovery-gap-verification	confirmed-human-ap-timer	confirmed human translation; native dynamic AP timer context	false	true; legacy client reads <files>/madomagi/engine_i18n.tsv	confirmed-human	距回复1 AP还有 0:08 / 距AP全部回复还有 	confirmed-human-verified	medium	confirmed_human_engine_translation	confirmed-human-verified	magica/research/totentanz-full-localization-20260817/engine-i18n/ap-recovery-gap-verification.json#ENGINE-AP-DYNAMIC-TIMER-008;A:/magicaOLD/template/user/APPopup.html; native AP label shape from runtime screenshot; legacy consumer exact/^prefix contract	kind=prefix; verified AP recovery UI rule.
MT-00013	engine_runtime_i18n_confirmed_human	native_engine_i18n	madomagi/engine_i18n.tsv	325	zhCN	^1 AP will recover in 0:09 / AP will be fully recovered in 	距回复1 AP还有 0:09 / 距AP全部回复还有 	距回复1 AP还有 0:09 / 距AP全部回复还有 	madomagi/engine_i18n.tsv#325/zhCN	confirmed-human	new-root-human	magica/research/totentanz-full-localization-20260817/engine-i18n/ap-recovery-gap-verification.json#ENGINE-AP-DYNAMIC-TIMER-009;A:/magicaOLD/template/user/APPopup.html; native AP label shape from runtime screenshot; legacy consumer exact/^prefix contract	false	confirmed-context	confirmed-human-verified	^1 AP will recover in 0:09 / AP will be fully recovered in 		confirmed-human	ap-recovery-gap-verification	confirmed-human-ap-timer	confirmed human translation; native dynamic AP timer context	false	true; legacy client reads <files>/madomagi/engine_i18n.tsv	confirmed-human	距回复1 AP还有 0:09 / 距AP全部回复还有 	confirmed-human-verified	medium	confirmed_human_engine_translation	confirmed-human-verified	magica/research/totentanz-full-localization-20260817/engine-i18n/ap-recovery-gap-verification.json#ENGINE-AP-DYNAMIC-TIMER-009;A:/magicaOLD/template/user/APPopup.html; native AP label shape from runtime screenshot; legacy consumer exact/^prefix contract	kind=prefix; verified AP recovery UI rule.
MT-00014	engine_runtime_i18n_confirmed_human	native_engine_i18n	madomagi/engine_i18n.tsv	326	zhCN	^1 AP will recover in 0:10 / AP will be fully recovered in 	距回复1 AP还有 0:10 / 距AP全部回复还有 	距回复1 AP还有 0:10 / 距AP全部回复还有 	madomagi/engine_i18n.tsv#326/zhCN	confirmed-human	new-root-human	magica/research/totentanz-full-localization-20260817/engine-i18n/ap-recovery-gap-verification.json#ENGINE-AP-DYNAMIC-TIMER-010;A:/magicaOLD/template/user/APPopup.html; native AP label shape from runtime screenshot; legacy consumer exact/^prefix contract	false	confirmed-context	confirmed-human-verified	^1 AP will recover in 0:10 / AP will be fully recovered in 		confirmed-human	ap-recovery-gap-verification	confirmed-human-ap-timer	confirmed human translation; native dynamic AP timer context	false	true; legacy client reads <files>/madomagi/engine_i18n.tsv	confirmed-human	距回复1 AP还有 0:10 / 距AP全部回复还有 	confirmed-human-verified	medium	confirmed_human_engine_translation	confirmed-human-verified	magica/research/totentanz-full-localization-20260817/engine-i18n/ap-recovery-gap-verification.json#ENGINE-AP-DYNAMIC-TIMER-010;A:/magicaOLD/template/user/APPopup.html; native AP label shape from runtime screenshot; legacy consumer exact/^prefix contract	kind=prefix; verified AP recovery UI rule.
MT-00015	engine_runtime_i18n_confirmed_human	native_engine_i18n	madomagi/engine_i18n.tsv	327	zhCN	^1 AP will recover in 0:11 / AP will be fully recovered in 	距回复1 AP还有 0:11 / 距AP全部回复还有 	距回复1 AP还有 0:11 / 距AP全部回复还有 	madomagi/engine_i18n.tsv#327/zhCN	confirmed-human	new-root-human	magica/research/totentanz-full-localization-20260817/engine-i18n/ap-recovery-gap-verification.json#ENGINE-AP-DYNAMIC-TIMER-011;A:/magicaOLD/template/user/APPopup.html; native AP label shape from runtime screenshot; legacy consumer exact/^prefix contract	false	confirmed-context	confirmed-human-verified	^1 AP will recover in 0:11 / AP will be fully recovered in 		confirmed-human	ap-recovery-gap-verification	confirmed-human-ap-timer	confirmed human translation; native dynamic AP timer context	false	true; legacy client reads <files>/madomagi/engine_i18n.tsv	confirmed-human	距回复1 AP还有 0:11 / 距AP全部回复还有 	confirmed-human-verified	medium	confirmed_human_engine_translation	confirmed-human-verified	magica/research/totentanz-full-localization-20260817/engine-i18n/ap-recovery-gap-verification.json#ENGINE-AP-DYNAMIC-TIMER-011;A:/magicaOLD/template/user/APPopup.html; native AP label shape from runtime screenshot; legacy consumer exact/^prefix contract	kind=prefix; verified AP recovery UI rule.
MT-00016	engine_runtime_i18n_confirmed_human	native_engine_i18n	madomagi/engine_i18n.tsv	328	zhCN	^1 AP will recover in 0:12 / AP will be fully recovered in 	距回复1 AP还有 0:12 / 距AP全部回复还有 	距回复1 AP还有 0:12 / 距AP全部回复还有 	madomagi/engine_i18n.tsv#328/zhCN	confirmed-human	new-root-human	magica/research/totentanz-full-localization-20260817/engine-i18n/ap-recovery-gap-verification.json#ENGINE-AP-DYNAMIC-TIMER-012;A:/magicaOLD/template/user/APPopup.html; native AP label shape from runtime screenshot; legacy consumer exact/^prefix contract	false	confirmed-context	confirmed-human-verified	^1 AP will recover in 0:12 / AP will be fully recovered in 		confirmed-human	ap-recovery-gap-verification	confirmed-human-ap-timer	confirmed human translation; native dynamic AP timer context	false	true; legacy client reads <files>/madomagi/engine_i18n.tsv	confirmed-human	距回复1 AP还有 0:12 / 距AP全部回复还有 	confirmed-human-verified	medium	confirmed_human_engine_translation	confirmed-human-verified	magica/research/totentanz-full-localization-20260817/engine-i18n/ap-recovery-gap-verification.json#ENGINE-AP-DYNAMIC-TIMER-012;A:/magicaOLD/template/user/APPopup.html; native AP label shape from runtime screenshot; legacy consumer exact/^prefix contract	kind=prefix; verified AP recovery UI rule.
MT-00017	engine_runtime_i18n_confirmed_human	native_engine_i18n	madomagi/engine_i18n.tsv	329	zhCN	^1 AP will recover in 0:13 / AP will be fully recovered in 	距回复1 AP还有 0:13 / 距AP全部回复还有 	距回复1 AP还有 0:13 / 距AP全部回复还有 	madomagi/engine_i18n.tsv#329/zhCN	confirmed-human	new-root-human	magica/research/totentanz-full-localization-20260817/engine-i18n/ap-recovery-gap-verification.json#ENGINE-AP-DYNAMIC-TIMER-013;A:/magicaOLD/template/user/APPopup.html; native AP label shape from runtime screenshot; legacy consumer exact/^prefix contract	false	confirmed-context	confirmed-human-verified	^1 AP will recover in 0:13 / AP will be fully recovered in 		confirmed-human	ap-recovery-gap-verification	confirmed-human-ap-timer	confirmed human translation; native dynamic AP timer context	false	true; legacy client reads <files>/madomagi/engine_i18n.tsv	confirmed-human	距回复1 AP还有 0:13 / 距AP全部回复还有 	confirmed-human-verified	medium	confirmed_human_engine_translation	confirmed-human-verified	magica/research/totentanz-full-localization-20260817/engine-i18n/ap-recovery-gap-verification.json#ENGINE-AP-DYNAMIC-TIMER-013;A:/magicaOLD/template/user/APPopup.html; native AP label shape from runtime screenshot; legacy consumer exact/^prefix contract	kind=prefix; verified AP recovery UI rule.
MT-00018	engine_runtime_i18n_confirmed_human	native_engine_i18n	madomagi/engine_i18n.tsv	330	zhCN	^1 AP will recover in 0:14 / AP will be fully recovered in 	距回复1 AP还有 0:14 / 距AP全部回复还有 	距回复1 AP还有 0:14 / 距AP全部回复还有 	madomagi/engine_i18n.tsv#330/zhCN	confirmed-human	new-root-human	magica/research/totentanz-full-localization-20260817/engine-i18n/ap-recovery-gap-verification.json#ENGINE-AP-DYNAMIC-TIMER-014;A:/magicaOLD/template/user/APPopup.html; native AP label shape from runtime screenshot; legacy consumer exact/^prefix contract	false	confirmed-context	confirmed-human-verified	^1 AP will recover in 0:14 / AP will be fully recovered in 		confirmed-human	ap-recovery-gap-verification	confirmed-human-ap-timer	confirmed human translation; native dynamic AP timer context	false	true; legacy client reads <files>/madomagi/engine_i18n.tsv	confirmed-human	距回复1 AP还有 0:14 / 距AP全部回复还有 	confirmed-human-verified	medium	confirmed_human_engine_translation	confirmed-human-verified	magica/research/totentanz-full-localization-20260817/engine-i18n/ap-recovery-gap-verification.json#ENGINE-AP-DYNAMIC-TIMER-014;A:/magicaOLD/template/user/APPopup.html; native AP label shape from runtime screenshot; legacy consumer exact/^prefix contract	kind=prefix; verified AP recovery UI rule.
MT-00019	engine_runtime_i18n_confirmed_human	native_engine_i18n	madomagi/engine_i18n.tsv	331	zhCN	^1 AP will recover in 0:15 / AP will be fully recovered in 	距回复1 AP还有 0:15 / 距AP全部回复还有 	距回复1 AP还有 0:15 / 距AP全部回复还有 	madomagi/engine_i18n.tsv#331/zhCN	confirmed-human	new-root-human	magica/research/totentanz-full-localization-20260817/engine-i18n/ap-recovery-gap-verification.json#ENGINE-AP-DYNAMIC-TIMER-015;A:/magicaOLD/template/user/APPopup.html; native AP label shape from runtime screenshot; legacy consumer exact/^prefix contract	false	confirmed-context	confirmed-human-verified	^1 AP will recover in 0:15 / AP will be fully recovered in 		confirmed-human	ap-recovery-gap-verification	confirmed-human-ap-timer	confirmed human translation; native dynamic AP timer context	false	true; legacy client reads <files>/madomagi/engine_i18n.tsv	confirmed-human	距回复1 AP还有 0:15 / 距AP全部回复还有 	confirmed-human-verified	medium	confirmed_human_engine_translation	confirmed-human-verified	magica/research/totentanz-full-localization-20260817/engine-i18n/ap-recovery-gap-verification.json#ENGINE-AP-DYNAMIC-TIMER-015;A:/magicaOLD/template/user/APPopup.html; native AP label shape from runtime screenshot; legacy consumer exact/^prefix contract	kind=prefix; verified AP recovery UI rule.
MT-00020	engine_runtime_i18n_confirmed_human	native_engine_i18n	madomagi/engine_i18n.tsv	332	zhCN	^1 AP will recover in 0:16 / AP will be fully recovered in 	距回复1 AP还有 0:16 / 距AP全部回复还有 	距回复1 AP还有 0:16 / 距AP全部回复还有 	madomagi/engine_i18n.tsv#332/zhCN	confirmed-human	new-root-human	magica/research/totentanz-full-localization-20260817/engine-i18n/ap-recovery-gap-verification.json#ENGINE-AP-DYNAMIC-TIMER-016;A:/magicaOLD/template/user/APPopup.html; native AP label shape from runtime screenshot; legacy consumer exact/^prefix contract	false	confirmed-context	confirmed-human-verified	^1 AP will recover in 0:16 / AP will be fully recovered in 		confirmed-human	ap-recovery-gap-verification	confirmed-human-ap-timer	confirmed human translation; native dynamic AP timer context	false	true; legacy client reads <files>/madomagi/engine_i18n.tsv	confirmed-human	距回复1 AP还有 0:16 / 距AP全部回复还有 	confirmed-human-verified	medium	confirmed_human_engine_translation	confirmed-human-verified	magica/research/totentanz-full-localization-20260817/engine-i18n/ap-recovery-gap-verification.json#ENGINE-AP-DYNAMIC-TIMER-016;A:/magicaOLD/template/user/APPopup.html; native AP label shape from runtime screenshot; legacy consumer exact/^prefix contract	kind=prefix; verified AP recovery UI rule.
MT-00021	engine_runtime_i18n_confirmed_human	native_engine_i18n	madomagi/engine_i18n.tsv	333	zhCN	^1 AP will recover in 0:17 / AP will be fully recovered in 	距回复1 AP还有 0:17 / 距AP全部回复还有 	距回复1 AP还有 0:17 / 距AP全部回复还有 	madomagi/engine_i18n.tsv#333/zhCN	confirmed-human	new-root-human	magica/research/totentanz-full-localization-20260817/engine-i18n/ap-recovery-gap-verification.json#ENGINE-AP-DYNAMIC-TIMER-017;A:/magicaOLD/template/user/APPopup.html; native AP label shape from runtime screenshot; legacy consumer exact/^prefix contract	false	confirmed-context	confirmed-human-verified	^1 AP will recover in 0:17 / AP will be fully recovered in 		confirmed-human	ap-recovery-gap-verification	confirmed-human-ap-timer	confirmed human translation; native dynamic AP timer context	false	true; legacy client reads <files>/madomagi/engine_i18n.tsv	confirmed-human	距回复1 AP还有 0:17 / 距AP全部回复还有 	confirmed-human-verified	medium	confirmed_human_engine_translation	confirmed-human-verified	magica/research/totentanz-full-localization-20260817/engine-i18n/ap-recovery-gap-verification.json#ENGINE-AP-DYNAMIC-TIMER-017;A:/magicaOLD/template/user/APPopup.html; native AP label shape from runtime screenshot; legacy consumer exact/^prefix contract	kind=prefix; verified AP recovery UI rule.
MT-00022	engine_runtime_i18n_confirmed_human	native_engine_i18n	madomagi/engine_i18n.tsv	334	zhCN	^1 AP will recover in 0:18 / AP will be fully recovered in 	距回复1 AP还有 0:18 / 距AP全部回复还有 	距回复1 AP还有 0:18 / 距AP全部回复还有 	madomagi/engine_i18n.tsv#334/zhCN	confirmed-human	new-root-human	magica/research/totentanz-full-localization-20260817/engine-i18n/ap-recovery-gap-verification.json#ENGINE-AP-DYNAMIC-TIMER-018;A:/magicaOLD/template/user/APPopup.html; native AP label shape from runtime screenshot; legacy consumer exact/^prefix contract	false	confirmed-context	confirmed-human-verified	^1 AP will recover in 0:18 / AP will be fully recovered in 		confirmed-human	ap-recovery-gap-verification	confirmed-human-ap-timer	confirmed human translation; native dynamic AP timer context	false	true; legacy client reads <files>/madomagi/engine_i18n.tsv	confirmed-human	距回复1 AP还有 0:18 / 距AP全部回复还有 	confirmed-human-verified	medium	confirmed_human_engine_translation	confirmed-human-verified	magica/research/totentanz-full-localization-20260817/engine-i18n/ap-recovery-gap-verification.json#ENGINE-AP-DYNAMIC-TIMER-018;A:/magicaOLD/template/user/APPopup.html; native AP label shape from runtime screenshot; legacy consumer exact/^prefix contract	kind=prefix; verified AP recovery UI rule.
MT-00023	engine_runtime_i18n_confirmed_human	native_engine_i18n	madomagi/engine_i18n.tsv	335	zhCN	^1 AP will recover in 0:19 / AP will be fully recovered in 	距回复1 AP还有 0:19 / 距AP全部回复还有 	距回复1 AP还有 0:19 / 距AP全部回复还有 	madomagi/engine_i18n.tsv#335/zhCN	confirmed-human	new-root-human	magica/research/totentanz-full-localization-20260817/engine-i18n/ap-recovery-gap-verification.json#ENGINE-AP-DYNAMIC-TIMER-019;A:/magicaOLD/template/user/APPopup.html; native AP label shape from runtime screenshot; legacy consumer exact/^prefix contract	false	confirmed-context	confirmed-human-verified	^1 AP will recover in 0:19 / AP will be fully recovered in 		confirmed-human	ap-recovery-gap-verification	confirmed-human-ap-timer	confirmed human translation; native dynamic AP timer context	false	true; legacy client reads <files>/madomagi/engine_i18n.tsv	confirmed-human	距回复1 AP还有 0:19 / 距AP全部回复还有 	confirmed-human-verified	medium	confirmed_human_engine_translation	confirmed-human-verified	magica/research/totentanz-full-localization-20260817/engine-i18n/ap-recovery-gap-verification.json#ENGINE-AP-DYNAMIC-TIMER-019;A:/magicaOLD/template/user/APPopup.html; native AP label shape from runtime screenshot; legacy consumer exact/^prefix contract	kind=prefix; verified AP recovery UI rule.
MT-00024	engine_runtime_i18n_confirmed_human	native_engine_i18n	madomagi/engine_i18n.tsv	336	zhCN	^1 AP will recover in 0:20 / AP will be fully recovered in 	距回复1 AP还有 0:20 / 距AP全部回复还有 	距回复1 AP还有 0:20 / 距AP全部回复还有 	madomagi/engine_i18n.tsv#336/zhCN	confirmed-human	new-root-human	magica/research/totentanz-full-localization-20260817/engine-i18n/ap-recovery-gap-verification.json#ENGINE-AP-DYNAMIC-TIMER-020;A:/magicaOLD/template/user/APPopup.html; native AP label shape from runtime screenshot; legacy consumer exact/^prefix contract	false	confirmed-context	confirmed-human-verified	^1 AP will recover in 0:20 / AP will be fully recovered in 		confirmed-human	ap-recovery-gap-verification	confirmed-human-ap-timer	confirmed human translation; native dynamic AP timer context	false	true; legacy client reads <files>/madomagi/engine_i18n.tsv	confirmed-human	距回复1 AP还有 0:20 / 距AP全部回复还有 	confirmed-human-verified	medium	confirmed_human_engine_translation	confirmed-human-verified	magica/research/totentanz-full-localization-20260817/engine-i18n/ap-recovery-gap-verification.json#ENGINE-AP-DYNAMIC-TIMER-020;A:/magicaOLD/template/user/APPopup.html; native AP label shape from runtime screenshot; legacy consumer exact/^prefix contract	kind=prefix; verified AP recovery UI rule.
MT-00025	engine_runtime_i18n_confirmed_human	native_engine_i18n	madomagi/engine_i18n.tsv	337	zhCN	^1 AP will recover in 0:21 / AP will be fully recovered in 	距回复1 AP还有 0:21 / 距AP全部回复还有 	距回复1 AP还有 0:21 / 距AP全部回复还有 	madomagi/engine_i18n.tsv#337/zhCN	confirmed-human	new-root-human	magica/research/totentanz-full-localization-20260817/engine-i18n/ap-recovery-gap-verification.json#ENGINE-AP-DYNAMIC-TIMER-021;A:/magicaOLD/template/user/APPopup.html; native AP label shape from runtime screenshot; legacy consumer exact/^prefix contract	false	confirmed-context	confirmed-human-verified	^1 AP will recover in 0:21 / AP will be fully recovered in 		confirmed-human	ap-recovery-gap-verification	confirmed-human-ap-timer	confirmed human translation; native dynamic AP timer context	false	true; legacy client reads <files>/madomagi/engine_i18n.tsv	confirmed-human	距回复1 AP还有 0:21 / 距AP全部回复还有 	confirmed-human-verified	medium	confirmed_human_engine_translation	confirmed-human-verified	magica/research/totentanz-full-localization-20260817/engine-i18n/ap-recovery-gap-verification.json#ENGINE-AP-DYNAMIC-TIMER-021;A:/magicaOLD/template/user/APPopup.html; native AP label shape from runtime screenshot; legacy consumer exact/^prefix contract	kind=prefix; verified AP recovery UI rule.
MT-00026	engine_runtime_i18n_confirmed_human	native_engine_i18n	madomagi/engine_i18n.tsv	338	zhCN	^1 AP will recover in 0:22 / AP will be fully recovered in 	距回复1 AP还有 0:22 / 距AP全部回复还有 	距回复1 AP还有 0:22 / 距AP全部回复还有 	madomagi/engine_i18n.tsv#338/zhCN	confirmed-human	new-root-human	magica/research/totentanz-full-localization-20260817/engine-i18n/ap-recovery-gap-verification.json#ENGINE-AP-DYNAMIC-TIMER-022;A:/magicaOLD/template/user/APPopup.html; native AP label shape from runtime screenshot; legacy consumer exact/^prefix contract	false	confirmed-context	confirmed-human-verified	^1 AP will recover in 0:22 / AP will be fully recovered in 		confirmed-human	ap-recovery-gap-verification	confirmed-human-ap-timer	confirmed human translation; native dynamic AP timer context	false	true; legacy client reads <files>/madomagi/engine_i18n.tsv	confirmed-human	距回复1 AP还有 0:22 / 距AP全部回复还有 	confirmed-human-verified	medium	confirmed_human_engine_translation	confirmed-human-verified	magica/research/totentanz-full-localization-20260817/engine-i18n/ap-recovery-gap-verification.json#ENGINE-AP-DYNAMIC-TIMER-022;A:/magicaOLD/template/user/APPopup.html; native AP label shape from runtime screenshot; legacy consumer exact/^prefix contract	kind=prefix; verified AP recovery UI rule.
MT-00027	engine_runtime_i18n_confirmed_human	native_engine_i18n	madomagi/engine_i18n.tsv	339	zhCN	^1 AP will recover in 0:23 / AP will be fully recovered in 	距回复1 AP还有 0:23 / 距AP全部回复还有 	距回复1 AP还有 0:23 / 距AP全部回复还有 	madomagi/engine_i18n.tsv#339/zhCN	confirmed-human	new-root-human	magica/research/totentanz-full-localization-20260817/engine-i18n/ap-recovery-gap-verification.json#ENGINE-AP-DYNAMIC-TIMER-023;A:/magicaOLD/template/user/APPopup.html; native AP label shape from runtime screenshot; legacy consumer exact/^prefix contract	false	confirmed-context	confirmed-human-verified	^1 AP will recover in 0:23 / AP will be fully recovered in 		confirmed-human	ap-recovery-gap-verification	confirmed-human-ap-timer	confirmed human translation; native dynamic AP timer context	false	true; legacy client reads <files>/madomagi/engine_i18n.tsv	confirmed-human	距回复1 AP还有 0:23 / 距AP全部回复还有 	confirmed-human-verified	medium	confirmed_human_engine_translation	confirmed-human-verified	magica/research/totentanz-full-localization-20260817/engine-i18n/ap-recovery-gap-verification.json#ENGINE-AP-DYNAMIC-TIMER-023;A:/magicaOLD/template/user/APPopup.html; native AP label shape from runtime screenshot; legacy consumer exact/^prefix contract	kind=prefix; verified AP recovery UI rule.
MT-00028	engine_runtime_i18n_confirmed_human	native_engine_i18n	madomagi/engine_i18n.tsv	340	zhCN	^1 AP will recover in 0:24 / AP will be fully recovered in 	距回复1 AP还有 0:24 / 距AP全部回复还有 	距回复1 AP还有 0:24 / 距AP全部回复还有 	madomagi/engine_i18n.tsv#340/zhCN	confirmed-human	new-root-human	magica/research/totentanz-full-localization-20260817/engine-i18n/ap-recovery-gap-verification.json#ENGINE-AP-DYNAMIC-TIMER-024;A:/magicaOLD/template/user/APPopup.html; native AP label shape from runtime screenshot; legacy consumer exact/^prefix contract	false	confirmed-context	confirmed-human-verified	^1 AP will recover in 0:24 / AP will be fully recovered in 		confirmed-human	ap-recovery-gap-verification	confirmed-human-ap-timer	confirmed human translation; native dynamic AP timer context	false	true; legacy client reads <files>/madomagi/engine_i18n.tsv	confirmed-human	距回复1 AP还有 0:24 / 距AP全部回复还有 	confirmed-human-verified	medium	confirmed_human_engine_translation	confirmed-human-verified	magica/research/totentanz-full-localization-20260817/engine-i18n/ap-recovery-gap-verification.json#ENGINE-AP-DYNAMIC-TIMER-024;A:/magicaOLD/template/user/APPopup.html; native AP label shape from runtime screenshot; legacy consumer exact/^prefix contract	kind=prefix; verified AP recovery UI rule.
MT-00029	engine_runtime_i18n_confirmed_human	native_engine_i18n	madomagi/engine_i18n.tsv	341	zhCN	^1 AP will recover in 0:25 / AP will be fully recovered in 	距回复1 AP还有 0:25 / 距AP全部回复还有 	距回复1 AP还有 0:25 / 距AP全部回复还有 	madomagi/engine_i18n.tsv#341/zhCN	confirmed-human	new-root-human	magica/research/totentanz-full-localization-20260817/engine-i18n/ap-recovery-gap-verification.json#ENGINE-AP-DYNAMIC-TIMER-025;A:/magicaOLD/template/user/APPopup.html; native AP label shape from runtime screenshot; legacy consumer exact/^prefix contract	false	confirmed-context	confirmed-human-verified	^1 AP will recover in 0:25 / AP will be fully recovered in 		confirmed-human	ap-recovery-gap-verification	confirmed-human-ap-timer	confirmed human translation; native dynamic AP timer context	false	true; legacy client reads <files>/madomagi/engine_i18n.tsv	confirmed-human	距回复1 AP还有 0:25 / 距AP全部回复还有 	confirmed-human-verified	medium	confirmed_human_engine_translation	confirmed-human-verified	magica/research/totentanz-full-localization-20260817/engine-i18n/ap-recovery-gap-verification.json#ENGINE-AP-DYNAMIC-TIMER-025;A:/magicaOLD/template/user/APPopup.html; native AP label shape from runtime screenshot; legacy consumer exact/^prefix contract	kind=prefix; verified AP recovery UI rule.
MT-00030	engine_runtime_i18n_confirmed_human	native_engine_i18n	madomagi/engine_i18n.tsv	342	zhCN	^1 AP will recover in 0:26 / AP will be fully recovered in 	距回复1 AP还有 0:26 / 距AP全部回复还有 	距回复1 AP还有 0:26 / 距AP全部回复还有 	madomagi/engine_i18n.tsv#342/zhCN	confirmed-human	new-root-human	magica/research/totentanz-full-localization-20260817/engine-i18n/ap-recovery-gap-verification.json#ENGINE-AP-DYNAMIC-TIMER-026;A:/magicaOLD/template/user/APPopup.html; native AP label shape from runtime screenshot; legacy consumer exact/^prefix contract	false	confirmed-context	confirmed-human-verified	^1 AP will recover in 0:26 / AP will be fully recovered in 		confirmed-human	ap-recovery-gap-verification	confirmed-human-ap-timer	confirmed human translation; native dynamic AP timer context	false	true; legacy client reads <files>/madomagi/engine_i18n.tsv	confirmed-human	距回复1 AP还有 0:26 / 距AP全部回复还有 	confirmed-human-verified	medium	confirmed_human_engine_translation	confirmed-human-verified	magica/research/totentanz-full-localization-20260817/engine-i18n/ap-recovery-gap-verification.json#ENGINE-AP-DYNAMIC-TIMER-026;A:/magicaOLD/template/user/APPopup.html; native AP label shape from runtime screenshot; legacy consumer exact/^prefix contract	kind=prefix; verified AP recovery UI rule.
MT-00031	engine_runtime_i18n_confirmed_human	native_engine_i18n	madomagi/engine_i18n.tsv	343	zhCN	^1 AP will recover in 0:27 / AP will be fully recovered in 	距回复1 AP还有 0:27 / 距AP全部回复还有 	距回复1 AP还有 0:27 / 距AP全部回复还有 	madomagi/engine_i18n.tsv#343/zhCN	confirmed-human	new-root-human	magica/research/totentanz-full-localization-20260817/engine-i18n/ap-recovery-gap-verification.json#ENGINE-AP-DYNAMIC-TIMER-027;A:/magicaOLD/template/user/APPopup.html; native AP label shape from runtime screenshot; legacy consumer exact/^prefix contract	false	confirmed-context	confirmed-human-verified	^1 AP will recover in 0:27 / AP will be fully recovered in 		confirmed-human	ap-recovery-gap-verification	confirmed-human-ap-timer	confirmed human translation; native dynamic AP timer context	false	true; legacy client reads <files>/madomagi/engine_i18n.tsv	confirmed-human	距回复1 AP还有 0:27 / 距AP全部回复还有 	confirmed-human-verified	medium	confirmed_human_engine_translation	confirmed-human-verified	magica/research/totentanz-full-localization-20260817/engine-i18n/ap-recovery-gap-verification.json#ENGINE-AP-DYNAMIC-TIMER-027;A:/magicaOLD/template/user/APPopup.html; native AP label shape from runtime screenshot; legacy consumer exact/^prefix contract	kind=prefix; verified AP recovery UI rule.
MT-00032	engine_runtime_i18n_confirmed_human	native_engine_i18n	madomagi/engine_i18n.tsv	344	zhCN	^1 AP will recover in 0:28 / AP will be fully recovered in 	距回复1 AP还有 0:28 / 距AP全部回复还有 	距回复1 AP还有 0:28 / 距AP全部回复还有 	madomagi/engine_i18n.tsv#344/zhCN	confirmed-human	new-root-human	magica/research/totentanz-full-localization-20260817/engine-i18n/ap-recovery-gap-verification.json#ENGINE-AP-DYNAMIC-TIMER-028;A:/magicaOLD/template/user/APPopup.html; native AP label shape from runtime screenshot; legacy consumer exact/^prefix contract	false	confirmed-context	confirmed-human-verified	^1 AP will recover in 0:28 / AP will be fully recovered in 		confirmed-human	ap-recovery-gap-verification	confirmed-human-ap-timer	confirmed human translation; native dynamic AP timer context	false	true; legacy client reads <files>/madomagi/engine_i18n.tsv	confirmed-human	距回复1 AP还有 0:28 / 距AP全部回复还有 	confirmed-human-verified	medium	confirmed_human_engine_translation	confirmed-human-verified	magica/research/totentanz-full-localization-20260817/engine-i18n/ap-recovery-gap-verification.json#ENGINE-AP-DYNAMIC-TIMER-028;A:/magicaOLD/template/user/APPopup.html; native AP label shape from runtime screenshot; legacy consumer exact/^prefix contract	kind=prefix; verified AP recovery UI rule.
MT-00033	engine_runtime_i18n_confirmed_human	native_engine_i18n	madomagi/engine_i18n.tsv	345	zhCN	^1 AP will recover in 0:29 / AP will be fully recovered in 	距回复1 AP还有 0:29 / 距AP全部回复还有 	距回复1 AP还有 0:29 / 距AP全部回复还有 	madomagi/engine_i18n.tsv#345/zhCN	confirmed-human	new-root-human	magica/research/totentanz-full-localization-20260817/engine-i18n/ap-recovery-gap-verification.json#ENGINE-AP-DYNAMIC-TIMER-029;A:/magicaOLD/template/user/APPopup.html; native AP label shape from runtime screenshot; legacy consumer exact/^prefix contract	false	confirmed-context	confirmed-human-verified	^1 AP will recover in 0:29 / AP will be fully recovered in 		confirmed-human	ap-recovery-gap-verification	confirmed-human-ap-timer	confirmed human translation; native dynamic AP timer context	false	true; legacy client reads <files>/madomagi/engine_i18n.tsv	confirmed-human	距回复1 AP还有 0:29 / 距AP全部回复还有 	confirmed-human-verified	medium	confirmed_human_engine_translation	confirmed-human-verified	magica/research/totentanz-full-localization-20260817/engine-i18n/ap-recovery-gap-verification.json#ENGINE-AP-DYNAMIC-TIMER-029;A:/magicaOLD/template/user/APPopup.html; native AP label shape from runtime screenshot; legacy consumer exact/^prefix contract	kind=prefix; verified AP recovery UI rule.
MT-00034	engine_runtime_i18n_confirmed_human	native_engine_i18n	madomagi/engine_i18n.tsv	346	zhCN	^1 AP will recover in 0:30 / AP will be fully recovered in 	距回复1 AP还有 0:30 / 距AP全部回复还有 	距回复1 AP还有 0:30 / 距AP全部回复还有 	madomagi/engine_i18n.tsv#346/zhCN	confirmed-human	new-root-human	magica/research/totentanz-full-localization-20260817/engine-i18n/ap-recovery-gap-verification.json#ENGINE-AP-DYNAMIC-TIMER-030;A:/magicaOLD/template/user/APPopup.html; native AP label shape from runtime screenshot; legacy consumer exact/^prefix contract	false	confirmed-context	confirmed-human-verified	^1 AP will recover in 0:30 / AP will be fully recovered in 		confirmed-human	ap-recovery-gap-verification	confirmed-human-ap-timer	confirmed human translation; native dynamic AP timer context	false	true; legacy client reads <files>/madomagi/engine_i18n.tsv	confirmed-human	距回复1 AP还有 0:30 / 距AP全部回复还有 	confirmed-human-verified	medium	confirmed_human_engine_translation	confirmed-human-verified	magica/research/totentanz-full-localization-20260817/engine-i18n/ap-recovery-gap-verification.json#ENGINE-AP-DYNAMIC-TIMER-030;A:/magicaOLD/template/user/APPopup.html; native AP label shape from runtime screenshot; legacy consumer exact/^prefix contract	kind=prefix; verified AP recovery UI rule.
MT-00035	engine_runtime_i18n_confirmed_human	native_engine_i18n	madomagi/engine_i18n.tsv	347	zhCN	^1 AP will recover in 0:31 / AP will be fully recovered in 	距回复1 AP还有 0:31 / 距AP全部回复还有 	距回复1 AP还有 0:31 / 距AP全部回复还有 	madomagi/engine_i18n.tsv#347/zhCN	confirmed-human	new-root-human	magica/research/totentanz-full-localization-20260817/engine-i18n/ap-recovery-gap-verification.json#ENGINE-AP-DYNAMIC-TIMER-031;A:/magicaOLD/template/user/APPopup.html; native AP label shape from runtime screenshot; legacy consumer exact/^prefix contract	false	confirmed-context	confirmed-human-verified	^1 AP will recover in 0:31 / AP will be fully recovered in 		confirmed-human	ap-recovery-gap-verification	confirmed-human-ap-timer	confirmed human translation; native dynamic AP timer context	false	true; legacy client reads <files>/madomagi/engine_i18n.tsv	confirmed-human	距回复1 AP还有 0:31 / 距AP全部回复还有 	confirmed-human-verified	medium	confirmed_human_engine_translation	confirmed-human-verified	magica/research/totentanz-full-localization-20260817/engine-i18n/ap-recovery-gap-verification.json#ENGINE-AP-DYNAMIC-TIMER-031;A:/magicaOLD/template/user/APPopup.html; native AP label shape from runtime screenshot; legacy consumer exact/^prefix contract	kind=prefix; verified AP recovery UI rule.
MT-00036	engine_runtime_i18n_confirmed_human	native_engine_i18n	madomagi/engine_i18n.tsv	348	zhCN	^1 AP will recover in 0:32 / AP will be fully recovered in 	距回复1 AP还有 0:32 / 距AP全部回复还有 	距回复1 AP还有 0:32 / 距AP全部回复还有 	madomagi/engine_i18n.tsv#348/zhCN	confirmed-human	new-root-human	magica/research/totentanz-full-localization-20260817/engine-i18n/ap-recovery-gap-verification.json#ENGINE-AP-DYNAMIC-TIMER-032;A:/magicaOLD/template/user/APPopup.html; native AP label shape from runtime screenshot; legacy consumer exact/^prefix contract	false	confirmed-context	confirmed-human-verified	^1 AP will recover in 0:32 / AP will be fully recovered in 		confirmed-human	ap-recovery-gap-verification	confirmed-human-ap-timer	confirmed human translation; native dynamic AP timer context	false	true; legacy client reads <files>/madomagi/engine_i18n.tsv	confirmed-human	距回复1 AP还有 0:32 / 距AP全部回复还有 	confirmed-human-verified	medium	confirmed_human_engine_translation	confirmed-human-verified	magica/research/totentanz-full-localization-20260817/engine-i18n/ap-recovery-gap-verification.json#ENGINE-AP-DYNAMIC-TIMER-032;A:/magicaOLD/template/user/APPopup.html; native AP label shape from runtime screenshot; legacy consumer exact/^prefix contract	kind=prefix; verified AP recovery UI rule.
MT-00037	engine_runtime_i18n_confirmed_human	native_engine_i18n	madomagi/engine_i18n.tsv	349	zhCN	^1 AP will recover in 0:33 / AP will be fully recovered in 	距回复1 AP还有 0:33 / 距AP全部回复还有 	距回复1 AP还有 0:33 / 距AP全部回复还有 	madomagi/engine_i18n.tsv#349/zhCN	confirmed-human	new-root-human	magica/research/totentanz-full-localization-20260817/engine-i18n/ap-recovery-gap-verification.json#ENGINE-AP-DYNAMIC-TIMER-033;A:/magicaOLD/template/user/APPopup.html; native AP label shape from runtime screenshot; legacy consumer exact/^prefix contract	false	confirmed-context	confirmed-human-verified	^1 AP will recover in 0:33 / AP will be fully recovered in 		confirmed-human	ap-recovery-gap-verification	confirmed-human-ap-timer	confirmed human translation; native dynamic AP timer context	false	true; legacy client reads <files>/madomagi/engine_i18n.tsv	confirmed-human	距回复1 AP还有 0:33 / 距AP全部回复还有 	confirmed-human-verified	medium	confirmed_human_engine_translation	confirmed-human-verified	magica/research/totentanz-full-localization-20260817/engine-i18n/ap-recovery-gap-verification.json#ENGINE-AP-DYNAMIC-TIMER-033;A:/magicaOLD/template/user/APPopup.html; native AP label shape from runtime screenshot; legacy consumer exact/^prefix contract	kind=prefix; verified AP recovery UI rule.
MT-00038	engine_runtime_i18n_confirmed_human	native_engine_i18n	madomagi/engine_i18n.tsv	350	zhCN	^1 AP will recover in 0:34 / AP will be fully recovered in 	距回复1 AP还有 0:34 / 距AP全部回复还有 	距回复1 AP还有 0:34 / 距AP全部回复还有 	madomagi/engine_i18n.tsv#350/zhCN	confirmed-human	new-root-human	magica/research/totentanz-full-localization-20260817/engine-i18n/ap-recovery-gap-verification.json#ENGINE-AP-DYNAMIC-TIMER-034;A:/magicaOLD/template/user/APPopup.html; native AP label shape from runtime screenshot; legacy consumer exact/^prefix contract	false	confirmed-context	confirmed-human-verified	^1 AP will recover in 0:34 / AP will be fully recovered in 		confirmed-human	ap-recovery-gap-verification	confirmed-human-ap-timer	confirmed human translation; native dynamic AP timer context	false	true; legacy client reads <files>/madomagi/engine_i18n.tsv	confirmed-human	距回复1 AP还有 0:34 / 距AP全部回复还有 	confirmed-human-verified	medium	confirmed_human_engine_translation	confirmed-human-verified	magica/research/totentanz-full-localization-20260817/engine-i18n/ap-recovery-gap-verification.json#ENGINE-AP-DYNAMIC-TIMER-034;A:/magicaOLD/template/user/APPopup.html; native AP label shape from runtime screenshot; legacy consumer exact/^prefix contract	kind=prefix; verified AP recovery UI rule.
MT-00039	engine_runtime_i18n_confirmed_human	native_engine_i18n	madomagi/engine_i18n.tsv	351	zhCN	^1 AP will recover in 0:35 / AP will be fully recovered in 	距回复1 AP还有 0:35 / 距AP全部回复还有 	距回复1 AP还有 0:35 / 距AP全部回复还有 	madomagi/engine_i18n.tsv#351/zhCN	confirmed-human	new-root-human	magica/research/totentanz-full-localization-20260817/engine-i18n/ap-recovery-gap-verification.json#ENGINE-AP-DYNAMIC-TIMER-035;A:/magicaOLD/template/user/APPopup.html; native AP label shape from runtime screenshot; legacy consumer exact/^prefix contract	false	confirmed-context	confirmed-human-verified	^1 AP will recover in 0:35 / AP will be fully recovered in 		confirmed-human	ap-recovery-gap-verification	confirmed-human-ap-timer	confirmed human translation; native dynamic AP timer context	false	true; legacy client reads <files>/madomagi/engine_i18n.tsv	confirmed-human	距回复1 AP还有 0:35 / 距AP全部回复还有 	confirmed-human-verified	medium	confirmed_human_engine_translation	confirmed-human-verified	magica/research/totentanz-full-localization-20260817/engine-i18n/ap-recovery-gap-verification.json#ENGINE-AP-DYNAMIC-TIMER-035;A:/magicaOLD/template/user/APPopup.html; native AP label shape from runtime screenshot; legacy consumer exact/^prefix contract	kind=prefix; verified AP recovery UI rule.
MT-00040	engine_runtime_i18n_confirmed_human	native_engine_i18n	madomagi/engine_i18n.tsv	352	zhCN	^1 AP will recover in 0:36 / AP will be fully recovered in 	距回复1 AP还有 0:36 / 距AP全部回复还有 	距回复1 AP还有 0:36 / 距AP全部回复还有 	madomagi/engine_i18n.tsv#352/zhCN	confirmed-human	new-root-human	magica/research/totentanz-full-localization-20260817/engine-i18n/ap-recovery-gap-verification.json#ENGINE-AP-DYNAMIC-TIMER-036;A:/magicaOLD/template/user/APPopup.html; native AP label shape from runtime screenshot; legacy consumer exact/^prefix contract	false	confirmed-context	confirmed-human-verified	^1 AP will recover in 0:36 / AP will be fully recovered in 		confirmed-human	ap-recovery-gap-verification	confirmed-human-ap-timer	confirmed human translation; native dynamic AP timer context	false	true; legacy client reads <files>/madomagi/engine_i18n.tsv	confirmed-human	距回复1 AP还有 0:36 / 距AP全部回复还有 	confirmed-human-verified	medium	confirmed_human_engine_translation	confirmed-human-verified	magica/research/totentanz-full-localization-20260817/engine-i18n/ap-recovery-gap-verification.json#ENGINE-AP-DYNAMIC-TIMER-036;A:/magicaOLD/template/user/APPopup.html; native AP label shape from runtime screenshot; legacy consumer exact/^prefix contract	kind=prefix; verified AP recovery UI rule.
MT-00041	engine_runtime_i18n_confirmed_human	native_engine_i18n	madomagi/engine_i18n.tsv	353	zhCN	^1 AP will recover in 0:37 / AP will be fully recovered in 	距回复1 AP还有 0:37 / 距AP全部回复还有 	距回复1 AP还有 0:37 / 距AP全部回复还有 	madomagi/engine_i18n.tsv#353/zhCN	confirmed-human	new-root-human	magica/research/totentanz-full-localization-20260817/engine-i18n/ap-recovery-gap-verification.json#ENGINE-AP-DYNAMIC-TIMER-037;A:/magicaOLD/template/user/APPopup.html; native AP label shape from runtime screenshot; legacy consumer exact/^prefix contract	false	confirmed-context	confirmed-human-verified	^1 AP will recover in 0:37 / AP will be fully recovered in 		confirmed-human	ap-recovery-gap-verification	confirmed-human-ap-timer	confirmed human translation; native dynamic AP timer context	false	true; legacy client reads <files>/madomagi/engine_i18n.tsv	confirmed-human	距回复1 AP还有 0:37 / 距AP全部回复还有 	confirmed-human-verified	medium	confirmed_human_engine_translation	confirmed-human-verified	magica/research/totentanz-full-localization-20260817/engine-i18n/ap-recovery-gap-verification.json#ENGINE-AP-DYNAMIC-TIMER-037;A:/magicaOLD/template/user/APPopup.html; native AP label shape from runtime screenshot; legacy consumer exact/^prefix contract	kind=prefix; verified AP recovery UI rule.
MT-00042	engine_runtime_i18n_confirmed_human	native_engine_i18n	madomagi/engine_i18n.tsv	354	zhCN	^1 AP will recover in 0:38 / AP will be fully recovered in 	距回复1 AP还有 0:38 / 距AP全部回复还有 	距回复1 AP还有 0:38 / 距AP全部回复还有 	madomagi/engine_i18n.tsv#354/zhCN	confirmed-human	new-root-human	magica/research/totentanz-full-localization-20260817/engine-i18n/ap-recovery-gap-verification.json#ENGINE-AP-DYNAMIC-TIMER-038;A:/magicaOLD/template/user/APPopup.html; native AP label shape from runtime screenshot; legacy consumer exact/^prefix contract	false	confirmed-context	confirmed-human-verified	^1 AP will recover in 0:38 / AP will be fully recovered in 		confirmed-human	ap-recovery-gap-verification	confirmed-human-ap-timer	confirmed human translation; native dynamic AP timer context	false	true; legacy client reads <files>/madomagi/engine_i18n.tsv	confirmed-human	距回复1 AP还有 0:38 / 距AP全部回复还有 	confirmed-human-verified	medium	confirmed_human_engine_translation	confirmed-human-verified	magica/research/totentanz-full-localization-20260817/engine-i18n/ap-recovery-gap-verification.json#ENGINE-AP-DYNAMIC-TIMER-038;A:/magicaOLD/template/user/APPopup.html; native AP label shape from runtime screenshot; legacy consumer exact/^prefix contract	kind=prefix; verified AP recovery UI rule.
MT-00043	engine_runtime_i18n_confirmed_human	native_engine_i18n	madomagi/engine_i18n.tsv	355	zhCN	^1 AP will recover in 0:39 / AP will be fully recovered in 	距回复1 AP还有 0:39 / 距AP全部回复还有 	距回复1 AP还有 0:39 / 距AP全部回复还有 	madomagi/engine_i18n.tsv#355/zhCN	confirmed-human	new-root-human	magica/research/totentanz-full-localization-20260817/engine-i18n/ap-recovery-gap-verification.json#ENGINE-AP-DYNAMIC-TIMER-039;A:/magicaOLD/template/user/APPopup.html; native AP label shape from runtime screenshot; legacy consumer exact/^prefix contract	false	confirmed-context	confirmed-human-verified	^1 AP will recover in 0:39 / AP will be fully recovered in 		confirmed-human	ap-recovery-gap-verification	confirmed-human-ap-timer	confirmed human translation; native dynamic AP timer context	false	true; legacy client reads <files>/madomagi/engine_i18n.tsv	confirmed-human	距回复1 AP还有 0:39 / 距AP全部回复还有 	confirmed-human-verified	medium	confirmed_human_engine_translation	confirmed-human-verified	magica/research/totentanz-full-localization-20260817/engine-i18n/ap-recovery-gap-verification.json#ENGINE-AP-DYNAMIC-TIMER-039;A:/magicaOLD/template/user/APPopup.html; native AP label shape from runtime screenshot; legacy consumer exact/^prefix contract	kind=prefix; verified AP recovery UI rule.
MT-00044	engine_runtime_i18n_confirmed_human	native_engine_i18n	madomagi/engine_i18n.tsv	356	zhCN	^1 AP will recover in 0:40 / AP will be fully recovered in 	距回复1 AP还有 0:40 / 距AP全部回复还有 	距回复1 AP还有 0:40 / 距AP全部回复还有 	madomagi/engine_i18n.tsv#356/zhCN	confirmed-human	new-root-human	magica/research/totentanz-full-localization-20260817/engine-i18n/ap-recovery-gap-verification.json#ENGINE-AP-DYNAMIC-TIMER-040;A:/magicaOLD/template/user/APPopup.html; native AP label shape from runtime screenshot; legacy consumer exact/^prefix contract	false	confirmed-context	confirmed-human-verified	^1 AP will recover in 0:40 / AP will be fully recovered in 		confirmed-human	ap-recovery-gap-verification	confirmed-human-ap-timer	confirmed human translation; native dynamic AP timer context	false	true; legacy client reads <files>/madomagi/engine_i18n.tsv	confirmed-human	距回复1 AP还有 0:40 / 距AP全部回复还有 	confirmed-human-verified	medium	confirmed_human_engine_translation	confirmed-human-verified	magica/research/totentanz-full-localization-20260817/engine-i18n/ap-recovery-gap-verification.json#ENGINE-AP-DYNAMIC-TIMER-040;A:/magicaOLD/template/user/APPopup.html; native AP label shape from runtime screenshot; legacy consumer exact/^prefix contract	kind=prefix; verified AP recovery UI rule.
MT-00045	engine_runtime_i18n_confirmed_human	native_engine_i18n	madomagi/engine_i18n.tsv	357	zhCN	^1 AP will recover in 0:41 / AP will be fully recovered in 	距回复1 AP还有 0:41 / 距AP全部回复还有 	距回复1 AP还有 0:41 / 距AP全部回复还有 	madomagi/engine_i18n.tsv#357/zhCN	confirmed-human	new-root-human	magica/research/totentanz-full-localization-20260817/engine-i18n/ap-recovery-gap-verification.json#ENGINE-AP-DYNAMIC-TIMER-041;A:/magicaOLD/template/user/APPopup.html; native AP label shape from runtime screenshot; legacy consumer exact/^prefix contract	false	confirmed-context	confirmed-human-verified	^1 AP will recover in 0:41 / AP will be fully recovered in 		confirmed-human	ap-recovery-gap-verification	confirmed-human-ap-timer	confirmed human translation; native dynamic AP timer context	false	true; legacy client reads <files>/madomagi/engine_i18n.tsv	confirmed-human	距回复1 AP还有 0:41 / 距AP全部回复还有 	confirmed-human-verified	medium	confirmed_human_engine_translation	confirmed-human-verified	magica/research/totentanz-full-localization-20260817/engine-i18n/ap-recovery-gap-verification.json#ENGINE-AP-DYNAMIC-TIMER-041;A:/magicaOLD/template/user/APPopup.html; native AP label shape from runtime screenshot; legacy consumer exact/^prefix contract	kind=prefix; verified AP recovery UI rule.
MT-00046	engine_runtime_i18n_confirmed_human	native_engine_i18n	madomagi/engine_i18n.tsv	358	zhCN	^1 AP will recover in 0:42 / AP will be fully recovered in 	距回复1 AP还有 0:42 / 距AP全部回复还有 	距回复1 AP还有 0:42 / 距AP全部回复还有 	madomagi/engine_i18n.tsv#358/zhCN	confirmed-human	new-root-human	magica/research/totentanz-full-localization-20260817/engine-i18n/ap-recovery-gap-verification.json#ENGINE-AP-DYNAMIC-TIMER-042;A:/magicaOLD/template/user/APPopup.html; native AP label shape from runtime screenshot; legacy consumer exact/^prefix contract	false	confirmed-context	confirmed-human-verified	^1 AP will recover in 0:42 / AP will be fully recovered in 		confirmed-human	ap-recovery-gap-verification	confirmed-human-ap-timer	confirmed human translation; native dynamic AP timer context	false	true; legacy client reads <files>/madomagi/engine_i18n.tsv	confirmed-human	距回复1 AP还有 0:42 / 距AP全部回复还有 	confirmed-human-verified	medium	confirmed_human_engine_translation	confirmed-human-verified	magica/research/totentanz-full-localization-20260817/engine-i18n/ap-recovery-gap-verification.json#ENGINE-AP-DYNAMIC-TIMER-042;A:/magicaOLD/template/user/APPopup.html; native AP label shape from runtime screenshot; legacy consumer exact/^prefix contract	kind=prefix; verified AP recovery UI rule.
MT-00047	engine_runtime_i18n_confirmed_human	native_engine_i18n	madomagi/engine_i18n.tsv	359	zhCN	^1 AP will recover in 0:43 / AP will be fully recovered in 	距回复1 AP还有 0:43 / 距AP全部回复还有 	距回复1 AP还有 0:43 / 距AP全部回复还有 	madomagi/engine_i18n.tsv#359/zhCN	confirmed-human	new-root-human	magica/research/totentanz-full-localization-20260817/engine-i18n/ap-recovery-gap-verification.json#ENGINE-AP-DYNAMIC-TIMER-043;A:/magicaOLD/template/user/APPopup.html; native AP label shape from runtime screenshot; legacy consumer exact/^prefix contract	false	confirmed-context	confirmed-human-verified	^1 AP will recover in 0:43 / AP will be fully recovered in 		confirmed-human	ap-recovery-gap-verification	confirmed-human-ap-timer	confirmed human translation; native dynamic AP timer context	false	true; legacy client reads <files>/madomagi/engine_i18n.tsv	confirmed-human	距回复1 AP还有 0:43 / 距AP全部回复还有 	confirmed-human-verified	medium	confirmed_human_engine_translation	confirmed-human-verified	magica/research/totentanz-full-localization-20260817/engine-i18n/ap-recovery-gap-verification.json#ENGINE-AP-DYNAMIC-TIMER-043;A:/magicaOLD/template/user/APPopup.html; native AP label shape from runtime screenshot; legacy consumer exact/^prefix contract	kind=prefix; verified AP recovery UI rule.
MT-00048	engine_runtime_i18n_confirmed_human	native_engine_i18n	madomagi/engine_i18n.tsv	360	zhCN	^1 AP will recover in 0:44 / AP will be fully recovered in 	距回复1 AP还有 0:44 / 距AP全部回复还有 	距回复1 AP还有 0:44 / 距AP全部回复还有 	madomagi/engine_i18n.tsv#360/zhCN	confirmed-human	new-root-human	magica/research/totentanz-full-localization-20260817/engine-i18n/ap-recovery-gap-verification.json#ENGINE-AP-DYNAMIC-TIMER-044;A:/magicaOLD/template/user/APPopup.html; native AP label shape from runtime screenshot; legacy consumer exact/^prefix contract	false	confirmed-context	confirmed-human-verified	^1 AP will recover in 0:44 / AP will be fully recovered in 		confirmed-human	ap-recovery-gap-verification	confirmed-human-ap-timer	confirmed human translation; native dynamic AP timer context	false	true; legacy client reads <files>/madomagi/engine_i18n.tsv	confirmed-human	距回复1 AP还有 0:44 / 距AP全部回复还有 	confirmed-human-verified	medium	confirmed_human_engine_translation	confirmed-human-verified	magica/research/totentanz-full-localization-20260817/engine-i18n/ap-recovery-gap-verification.json#ENGINE-AP-DYNAMIC-TIMER-044;A:/magicaOLD/template/user/APPopup.html; native AP label shape from runtime screenshot; legacy consumer exact/^prefix contract	kind=prefix; verified AP recovery UI rule.
MT-00049	engine_runtime_i18n_confirmed_human	native_engine_i18n	madomagi/engine_i18n.tsv	361	zhCN	^1 AP will recover in 0:45 / AP will be fully recovered in 	距回复1 AP还有 0:45 / 距AP全部回复还有 	距回复1 AP还有 0:45 / 距AP全部回复还有 	madomagi/engine_i18n.tsv#361/zhCN	confirmed-human	new-root-human	magica/research/totentanz-full-localization-20260817/engine-i18n/ap-recovery-gap-verification.json#ENGINE-AP-DYNAMIC-TIMER-045;A:/magicaOLD/template/user/APPopup.html; native AP label shape from runtime screenshot; legacy consumer exact/^prefix contract	false	confirmed-context	confirmed-human-verified	^1 AP will recover in 0:45 / AP will be fully recovered in 		confirmed-human	ap-recovery-gap-verification	confirmed-human-ap-timer	confirmed human translation; native dynamic AP timer context	false	true; legacy client reads <files>/madomagi/engine_i18n.tsv	confirmed-human	距回复1 AP还有 0:45 / 距AP全部回复还有 	confirmed-human-verified	medium	confirmed_human_engine_translation	confirmed-human-verified	magica/research/totentanz-full-localization-20260817/engine-i18n/ap-recovery-gap-verification.json#ENGINE-AP-DYNAMIC-TIMER-045;A:/magicaOLD/template/user/APPopup.html; native AP label shape from runtime screenshot; legacy consumer exact/^prefix contract	kind=prefix; verified AP recovery UI rule.
MT-00050	engine_runtime_i18n_confirmed_human	native_engine_i18n	madomagi/engine_i18n.tsv	362	zhCN	^1 AP will recover in 0:46 / AP will be fully recovered in 	距回复1 AP还有 0:46 / 距AP全部回复还有 	距回复1 AP还有 0:46 / 距AP全部回复还有 	madomagi/engine_i18n.tsv#362/zhCN	confirmed-human	new-root-human	magica/research/totentanz-full-localization-20260817/engine-i18n/ap-recovery-gap-verification.json#ENGINE-AP-DYNAMIC-TIMER-046;A:/magicaOLD/template/user/APPopup.html; native AP label shape from runtime screenshot; legacy consumer exact/^prefix contract	false	confirmed-context	confirmed-human-verified	^1 AP will recover in 0:46 / AP will be fully recovered in 		confirmed-human	ap-recovery-gap-verification	confirmed-human-ap-timer	confirmed human translation; native dynamic AP timer context	false	true; legacy client reads <files>/madomagi/engine_i18n.tsv	confirmed-human	距回复1 AP还有 0:46 / 距AP全部回复还有 	confirmed-human-verified	medium	confirmed_human_engine_translation	confirmed-human-verified	magica/research/totentanz-full-localization-20260817/engine-i18n/ap-recovery-gap-verification.json#ENGINE-AP-DYNAMIC-TIMER-046;A:/magicaOLD/template/user/APPopup.html; native AP label shape from runtime screenshot; legacy consumer exact/^prefix contract	kind=prefix; verified AP recovery UI rule.
MT-00051	engine_runtime_i18n_confirmed_human	native_engine_i18n	madomagi/engine_i18n.tsv	363	zhCN	^1 AP will recover in 0:47 / AP will be fully recovered in 	距回复1 AP还有 0:47 / 距AP全部回复还有 	距回复1 AP还有 0:47 / 距AP全部回复还有 	madomagi/engine_i18n.tsv#363/zhCN	confirmed-human	new-root-human	magica/research/totentanz-full-localization-20260817/engine-i18n/ap-recovery-gap-verification.json#ENGINE-AP-DYNAMIC-TIMER-047;A:/magicaOLD/template/user/APPopup.html; native AP label shape from runtime screenshot; legacy consumer exact/^prefix contract	false	confirmed-context	confirmed-human-verified	^1 AP will recover in 0:47 / AP will be fully recovered in 		confirmed-human	ap-recovery-gap-verification	confirmed-human-ap-timer	confirmed human translation; native dynamic AP timer context	false	true; legacy client reads <files>/madomagi/engine_i18n.tsv	confirmed-human	距回复1 AP还有 0:47 / 距AP全部回复还有 	confirmed-human-verified	medium	confirmed_human_engine_translation	confirmed-human-verified	magica/research/totentanz-full-localization-20260817/engine-i18n/ap-recovery-gap-verification.json#ENGINE-AP-DYNAMIC-TIMER-047;A:/magicaOLD/template/user/APPopup.html; native AP label shape from runtime screenshot; legacy consumer exact/^prefix contract	kind=prefix; verified AP recovery UI rule.
MT-00052	engine_runtime_i18n_confirmed_human	native_engine_i18n	madomagi/engine_i18n.tsv	364	zhCN	^1 AP will recover in 0:48 / AP will be fully recovered in 	距回复1 AP还有 0:48 / 距AP全部回复还有 	距回复1 AP还有 0:48 / 距AP全部回复还有 	madomagi/engine_i18n.tsv#364/zhCN	confirmed-human	new-root-human	magica/research/totentanz-full-localization-20260817/engine-i18n/ap-recovery-gap-verification.json#ENGINE-AP-DYNAMIC-TIMER-048;A:/magicaOLD/template/user/APPopup.html; native AP label shape from runtime screenshot; legacy consumer exact/^prefix contract	false	confirmed-context	confirmed-human-verified	^1 AP will recover in 0:48 / AP will be fully recovered in 		confirmed-human	ap-recovery-gap-verification	confirmed-human-ap-timer	confirmed human translation; native dynamic AP timer context	false	true; legacy client reads <files>/madomagi/engine_i18n.tsv	confirmed-human	距回复1 AP还有 0:48 / 距AP全部回复还有 	confirmed-human-verified	medium	confirmed_human_engine_translation	confirmed-human-verified	magica/research/totentanz-full-localization-20260817/engine-i18n/ap-recovery-gap-verification.json#ENGINE-AP-DYNAMIC-TIMER-048;A:/magicaOLD/template/user/APPopup.html; native AP label shape from runtime screenshot; legacy consumer exact/^prefix contract	kind=prefix; verified AP recovery UI rule.
MT-00053	engine_runtime_i18n_confirmed_human	native_engine_i18n	madomagi/engine_i18n.tsv	365	zhCN	^1 AP will recover in 0:49 / AP will be fully recovered in 	距回复1 AP还有 0:49 / 距AP全部回复还有 	距回复1 AP还有 0:49 / 距AP全部回复还有 	madomagi/engine_i18n.tsv#365/zhCN	confirmed-human	new-root-human	magica/research/totentanz-full-localization-20260817/engine-i18n/ap-recovery-gap-verification.json#ENGINE-AP-DYNAMIC-TIMER-049;A:/magicaOLD/template/user/APPopup.html; native AP label shape from runtime screenshot; legacy consumer exact/^prefix contract	false	confirmed-context	confirmed-human-verified	^1 AP will recover in 0:49 / AP will be fully recovered in 		confirmed-human	ap-recovery-gap-verification	confirmed-human-ap-timer	confirmed human translation; native dynamic AP timer context	false	true; legacy client reads <files>/madomagi/engine_i18n.tsv	confirmed-human	距回复1 AP还有 0:49 / 距AP全部回复还有 	confirmed-human-verified	medium	confirmed_human_engine_translation	confirmed-human-verified	magica/research/totentanz-full-localization-20260817/engine-i18n/ap-recovery-gap-verification.json#ENGINE-AP-DYNAMIC-TIMER-049;A:/magicaOLD/template/user/APPopup.html; native AP label shape from runtime screenshot; legacy consumer exact/^prefix contract	kind=prefix; verified AP recovery UI rule.
MT-00054	engine_runtime_i18n_confirmed_human	native_engine_i18n	madomagi/engine_i18n.tsv	366	zhCN	^1 AP will recover in 0:50 / AP will be fully recovered in 	距回复1 AP还有 0:50 / 距AP全部回复还有 	距回复1 AP还有 0:50 / 距AP全部回复还有 	madomagi/engine_i18n.tsv#366/zhCN	confirmed-human	new-root-human	magica/research/totentanz-full-localization-20260817/engine-i18n/ap-recovery-gap-verification.json#ENGINE-AP-DYNAMIC-TIMER-050;A:/magicaOLD/template/user/APPopup.html; native AP label shape from runtime screenshot; legacy consumer exact/^prefix contract	false	confirmed-context	confirmed-human-verified	^1 AP will recover in 0:50 / AP will be fully recovered in 		confirmed-human	ap-recovery-gap-verification	confirmed-human-ap-timer	confirmed human translation; native dynamic AP timer context	false	true; legacy client reads <files>/madomagi/engine_i18n.tsv	confirmed-human	距回复1 AP还有 0:50 / 距AP全部回复还有 	confirmed-human-verified	medium	confirmed_human_engine_translation	confirmed-human-verified	magica/research/totentanz-full-localization-20260817/engine-i18n/ap-recovery-gap-verification.json#ENGINE-AP-DYNAMIC-TIMER-050;A:/magicaOLD/template/user/APPopup.html; native AP label shape from runtime screenshot; legacy consumer exact/^prefix contract	kind=prefix; verified AP recovery UI rule.
MT-00055	engine_runtime_i18n_confirmed_human	native_engine_i18n	madomagi/engine_i18n.tsv	367	zhCN	^1 AP will recover in 0:51 / AP will be fully recovered in 	距回复1 AP还有 0:51 / 距AP全部回复还有 	距回复1 AP还有 0:51 / 距AP全部回复还有 	madomagi/engine_i18n.tsv#367/zhCN	confirmed-human	new-root-human	magica/research/totentanz-full-localization-20260817/engine-i18n/ap-recovery-gap-verification.json#ENGINE-AP-DYNAMIC-TIMER-051;A:/magicaOLD/template/user/APPopup.html; native AP label shape from runtime screenshot; legacy consumer exact/^prefix contract	false	confirmed-context	confirmed-human-verified	^1 AP will recover in 0:51 / AP will be fully recovered in 		confirmed-human	ap-recovery-gap-verification	confirmed-human-ap-timer	confirmed human translation; native dynamic AP timer context	false	true; legacy client reads <files>/madomagi/engine_i18n.tsv	confirmed-human	距回复1 AP还有 0:51 / 距AP全部回复还有 	confirmed-human-verified	medium	confirmed_human_engine_translation	confirmed-human-verified	magica/research/totentanz-full-localization-20260817/engine-i18n/ap-recovery-gap-verification.json#ENGINE-AP-DYNAMIC-TIMER-051;A:/magicaOLD/template/user/APPopup.html; native AP label shape from runtime screenshot; legacy consumer exact/^prefix contract	kind=prefix; verified AP recovery UI rule.
MT-00056	engine_runtime_i18n_confirmed_human	native_engine_i18n	madomagi/engine_i18n.tsv	368	zhCN	^1 AP will recover in 0:52 / AP will be fully recovered in 	距回复1 AP还有 0:52 / 距AP全部回复还有 	距回复1 AP还有 0:52 / 距AP全部回复还有 	madomagi/engine_i18n.tsv#368/zhCN	confirmed-human	new-root-human	magica/research/totentanz-full-localization-20260817/engine-i18n/ap-recovery-gap-verification.json#ENGINE-AP-DYNAMIC-TIMER-052;A:/magicaOLD/template/user/APPopup.html; native AP label shape from runtime screenshot; legacy consumer exact/^prefix contract	false	confirmed-context	confirmed-human-verified	^1 AP will recover in 0:52 / AP will be fully recovered in 		confirmed-human	ap-recovery-gap-verification	confirmed-human-ap-timer	confirmed human translation; native dynamic AP timer context	false	true; legacy client reads <files>/madomagi/engine_i18n.tsv	confirmed-human	距回复1 AP还有 0:52 / 距AP全部回复还有 	confirmed-human-verified	medium	confirmed_human_engine_translation	confirmed-human-verified	magica/research/totentanz-full-localization-20260817/engine-i18n/ap-recovery-gap-verification.json#ENGINE-AP-DYNAMIC-TIMER-052;A:/magicaOLD/template/user/APPopup.html; native AP label shape from runtime screenshot; legacy consumer exact/^prefix contract	kind=prefix; verified AP recovery UI rule.
MT-00057	engine_runtime_i18n_confirmed_human	native_engine_i18n	madomagi/engine_i18n.tsv	369	zhCN	^1 AP will recover in 0:53 / AP will be fully recovered in 	距回复1 AP还有 0:53 / 距AP全部回复还有 	距回复1 AP还有 0:53 / 距AP全部回复还有 	madomagi/engine_i18n.tsv#369/zhCN	confirmed-human	new-root-human	magica/research/totentanz-full-localization-20260817/engine-i18n/ap-recovery-gap-verification.json#ENGINE-AP-DYNAMIC-TIMER-053;A:/magicaOLD/template/user/APPopup.html; native AP label shape from runtime screenshot; legacy consumer exact/^prefix contract	false	confirmed-context	confirmed-human-verified	^1 AP will recover in 0:53 / AP will be fully recovered in 		confirmed-human	ap-recovery-gap-verification	confirmed-human-ap-timer	confirmed human translation; native dynamic AP timer context	false	true; legacy client reads <files>/madomagi/engine_i18n.tsv	confirmed-human	距回复1 AP还有 0:53 / 距AP全部回复还有 	confirmed-human-verified	medium	confirmed_human_engine_translation	confirmed-human-verified	magica/research/totentanz-full-localization-20260817/engine-i18n/ap-recovery-gap-verification.json#ENGINE-AP-DYNAMIC-TIMER-053;A:/magicaOLD/template/user/APPopup.html; native AP label shape from runtime screenshot; legacy consumer exact/^prefix contract	kind=prefix; verified AP recovery UI rule.
MT-00058	engine_runtime_i18n_confirmed_human	native_engine_i18n	madomagi/engine_i18n.tsv	370	zhCN	^1 AP will recover in 0:54 / AP will be fully recovered in 	距回复1 AP还有 0:54 / 距AP全部回复还有 	距回复1 AP还有 0:54 / 距AP全部回复还有 	madomagi/engine_i18n.tsv#370/zhCN	confirmed-human	new-root-human	magica/research/totentanz-full-localization-20260817/engine-i18n/ap-recovery-gap-verification.json#ENGINE-AP-DYNAMIC-TIMER-054;A:/magicaOLD/template/user/APPopup.html; native AP label shape from runtime screenshot; legacy consumer exact/^prefix contract	false	confirmed-context	confirmed-human-verified	^1 AP will recover in 0:54 / AP will be fully recovered in 		confirmed-human	ap-recovery-gap-verification	confirmed-human-ap-timer	confirmed human translation; native dynamic AP timer context	false	true; legacy client reads <files>/madomagi/engine_i18n.tsv	confirmed-human	距回复1 AP还有 0:54 / 距AP全部回复还有 	confirmed-human-verified	medium	confirmed_human_engine_translation	confirmed-human-verified	magica/research/totentanz-full-localization-20260817/engine-i18n/ap-recovery-gap-verification.json#ENGINE-AP-DYNAMIC-TIMER-054;A:/magicaOLD/template/user/APPopup.html; native AP label shape from runtime screenshot; legacy consumer exact/^prefix contract	kind=prefix; verified AP recovery UI rule.
MT-00059	engine_runtime_i18n_confirmed_human	native_engine_i18n	madomagi/engine_i18n.tsv	371	zhCN	^1 AP will recover in 0:55 / AP will be fully recovered in 	距回复1 AP还有 0:55 / 距AP全部回复还有 	距回复1 AP还有 0:55 / 距AP全部回复还有 	madomagi/engine_i18n.tsv#371/zhCN	confirmed-human	new-root-human	magica/research/totentanz-full-localization-20260817/engine-i18n/ap-recovery-gap-verification.json#ENGINE-AP-DYNAMIC-TIMER-055;A:/magicaOLD/template/user/APPopup.html; native AP label shape from runtime screenshot; legacy consumer exact/^prefix contract	false	confirmed-context	confirmed-human-verified	^1 AP will recover in 0:55 / AP will be fully recovered in 		confirmed-human	ap-recovery-gap-verification	confirmed-human-ap-timer	confirmed human translation; native dynamic AP timer context	false	true; legacy client reads <files>/madomagi/engine_i18n.tsv	confirmed-human	距回复1 AP还有 0:55 / 距AP全部回复还有 	confirmed-human-verified	medium	confirmed_human_engine_translation	confirmed-human-verified	magica/research/totentanz-full-localization-20260817/engine-i18n/ap-recovery-gap-verification.json#ENGINE-AP-DYNAMIC-TIMER-055;A:/magicaOLD/template/user/APPopup.html; native AP label shape from runtime screenshot; legacy consumer exact/^prefix contract	kind=prefix; verified AP recovery UI rule.
MT-00060	engine_runtime_i18n_confirmed_human	native_engine_i18n	madomagi/engine_i18n.tsv	372	zhCN	^1 AP will recover in 0:56 / AP will be fully recovered in 	距回复1 AP还有 0:56 / 距AP全部回复还有 	距回复1 AP还有 0:56 / 距AP全部回复还有 	madomagi/engine_i18n.tsv#372/zhCN	confirmed-human	new-root-human	magica/research/totentanz-full-localization-20260817/engine-i18n/ap-recovery-gap-verification.json#ENGINE-AP-DYNAMIC-TIMER-056;A:/magicaOLD/template/user/APPopup.html; native AP label shape from runtime screenshot; legacy consumer exact/^prefix contract	false	confirmed-context	confirmed-human-verified	^1 AP will recover in 0:56 / AP will be fully recovered in 		confirmed-human	ap-recovery-gap-verification	confirmed-human-ap-timer	confirmed human translation; native dynamic AP timer context	false	true; legacy client reads <files>/madomagi/engine_i18n.tsv	confirmed-human	距回复1 AP还有 0:56 / 距AP全部回复还有 	confirmed-human-verified	medium	confirmed_human_engine_translation	confirmed-human-verified	magica/research/totentanz-full-localization-20260817/engine-i18n/ap-recovery-gap-verification.json#ENGINE-AP-DYNAMIC-TIMER-056;A:/magicaOLD/template/user/APPopup.html; native AP label shape from runtime screenshot; legacy consumer exact/^prefix contract	kind=prefix; verified AP recovery UI rule.
MT-00061	engine_runtime_i18n_confirmed_human	native_engine_i18n	madomagi/engine_i18n.tsv	373	zhCN	^1 AP will recover in 0:57 / AP will be fully recovered in 	距回复1 AP还有 0:57 / 距AP全部回复还有 	距回复1 AP还有 0:57 / 距AP全部回复还有 	madomagi/engine_i18n.tsv#373/zhCN	confirmed-human	new-root-human	magica/research/totentanz-full-localization-20260817/engine-i18n/ap-recovery-gap-verification.json#ENGINE-AP-DYNAMIC-TIMER-057;A:/magicaOLD/template/user/APPopup.html; native AP label shape from runtime screenshot; legacy consumer exact/^prefix contract	false	confirmed-context	confirmed-human-verified	^1 AP will recover in 0:57 / AP will be fully recovered in 		confirmed-human	ap-recovery-gap-verification	confirmed-human-ap-timer	confirmed human translation; native dynamic AP timer context	false	true; legacy client reads <files>/madomagi/engine_i18n.tsv	confirmed-human	距回复1 AP还有 0:57 / 距AP全部回复还有 	confirmed-human-verified	medium	confirmed_human_engine_translation	confirmed-human-verified	magica/research/totentanz-full-localization-20260817/engine-i18n/ap-recovery-gap-verification.json#ENGINE-AP-DYNAMIC-TIMER-057;A:/magicaOLD/template/user/APPopup.html; native AP label shape from runtime screenshot; legacy consumer exact/^prefix contract	kind=prefix; verified AP recovery UI rule.
MT-00062	engine_runtime_i18n_confirmed_human	native_engine_i18n	madomagi/engine_i18n.tsv	374	zhCN	^1 AP will recover in 0:58 / AP will be fully recovered in 	距回复1 AP还有 0:58 / 距AP全部回复还有 	距回复1 AP还有 0:58 / 距AP全部回复还有 	madomagi/engine_i18n.tsv#374/zhCN	confirmed-human	new-root-human	magica/research/totentanz-full-localization-20260817/engine-i18n/ap-recovery-gap-verification.json#ENGINE-AP-DYNAMIC-TIMER-058;A:/magicaOLD/template/user/APPopup.html; native AP label shape from runtime screenshot; legacy consumer exact/^prefix contract	false	confirmed-context	confirmed-human-verified	^1 AP will recover in 0:58 / AP will be fully recovered in 		confirmed-human	ap-recovery-gap-verification	confirmed-human-ap-timer	confirmed human translation; native dynamic AP timer context	false	true; legacy client reads <files>/madomagi/engine_i18n.tsv	confirmed-human	距回复1 AP还有 0:58 / 距AP全部回复还有 	confirmed-human-verified	medium	confirmed_human_engine_translation	confirmed-human-verified	magica/research/totentanz-full-localization-20260817/engine-i18n/ap-recovery-gap-verification.json#ENGINE-AP-DYNAMIC-TIMER-058;A:/magicaOLD/template/user/APPopup.html; native AP label shape from runtime screenshot; legacy consumer exact/^prefix contract	kind=prefix; verified AP recovery UI rule.
MT-00063	engine_runtime_i18n_confirmed_human	native_engine_i18n	madomagi/engine_i18n.tsv	375	zhCN	^1 AP will recover in 0:59 / AP will be fully recovered in 	距回复1 AP还有 0:59 / 距AP全部回复还有 	距回复1 AP还有 0:59 / 距AP全部回复还有 	madomagi/engine_i18n.tsv#375/zhCN	confirmed-human	new-root-human	magica/research/totentanz-full-localization-20260817/engine-i18n/ap-recovery-gap-verification.json#ENGINE-AP-DYNAMIC-TIMER-059;A:/magicaOLD/template/user/APPopup.html; native AP label shape from runtime screenshot; legacy consumer exact/^prefix contract	false	confirmed-context	confirmed-human-verified	^1 AP will recover in 0:59 / AP will be fully recovered in 		confirmed-human	ap-recovery-gap-verification	confirmed-human-ap-timer	confirmed human translation; native dynamic AP timer context	false	true; legacy client reads <files>/madomagi/engine_i18n.tsv	confirmed-human	距回复1 AP还有 0:59 / 距AP全部回复还有 	confirmed-human-verified	medium	confirmed_human_engine_translation	confirmed-human-verified	magica/research/totentanz-full-localization-20260817/engine-i18n/ap-recovery-gap-verification.json#ENGINE-AP-DYNAMIC-TIMER-059;A:/magicaOLD/template/user/APPopup.html; native AP label shape from runtime screenshot; legacy consumer exact/^prefix contract	kind=prefix; verified AP recovery UI rule.
MT-00064	engine_runtime_i18n_confirmed_human	native_engine_i18n	madomagi/engine_i18n.tsv	376	zhCN	^1 AP will recover in 1:00 / AP will be fully recovered in 	距回复1 AP还有 1:00 / 距AP全部回复还有 	距回复1 AP还有 1:00 / 距AP全部回复还有 	madomagi/engine_i18n.tsv#376/zhCN	confirmed-human	new-root-human	magica/research/totentanz-full-localization-20260817/engine-i18n/ap-recovery-gap-verification.json#ENGINE-AP-DYNAMIC-TIMER-060;A:/magicaOLD/template/user/APPopup.html; native AP label shape from runtime screenshot; legacy consumer exact/^prefix contract	false	confirmed-context	confirmed-human-verified	^1 AP will recover in 1:00 / AP will be fully recovered in 		confirmed-human	ap-recovery-gap-verification	confirmed-human-ap-timer	confirmed human translation; native dynamic AP timer context	false	true; legacy client reads <files>/madomagi/engine_i18n.tsv	confirmed-human	距回复1 AP还有 1:00 / 距AP全部回复还有 	confirmed-human-verified	medium	confirmed_human_engine_translation	confirmed-human-verified	magica/research/totentanz-full-localization-20260817/engine-i18n/ap-recovery-gap-verification.json#ENGINE-AP-DYNAMIC-TIMER-060;A:/magicaOLD/template/user/APPopup.html; native AP label shape from runtime screenshot; legacy consumer exact/^prefix contract	kind=prefix; verified AP recovery UI rule.
MT-00065	engine_runtime_i18n_confirmed_human	native_engine_i18n	madomagi/engine_i18n.tsv	377	zhCN	^1 AP will recover in 1:01 / AP will be fully recovered in 	距回复1 AP还有 1:01 / 距AP全部回复还有 	距回复1 AP还有 1:01 / 距AP全部回复还有 	madomagi/engine_i18n.tsv#377/zhCN	confirmed-human	new-root-human	magica/research/totentanz-full-localization-20260817/engine-i18n/ap-recovery-gap-verification.json#ENGINE-AP-DYNAMIC-TIMER-061;A:/magicaOLD/template/user/APPopup.html; native AP label shape from runtime screenshot; legacy consumer exact/^prefix contract	false	confirmed-context	confirmed-human-verified	^1 AP will recover in 1:01 / AP will be fully recovered in 		confirmed-human	ap-recovery-gap-verification	confirmed-human-ap-timer	confirmed human translation; native dynamic AP timer context	false	true; legacy client reads <files>/madomagi/engine_i18n.tsv	confirmed-human	距回复1 AP还有 1:01 / 距AP全部回复还有 	confirmed-human-verified	medium	confirmed_human_engine_translation	confirmed-human-verified	magica/research/totentanz-full-localization-20260817/engine-i18n/ap-recovery-gap-verification.json#ENGINE-AP-DYNAMIC-TIMER-061;A:/magicaOLD/template/user/APPopup.html; native AP label shape from runtime screenshot; legacy consumer exact/^prefix contract	kind=prefix; verified AP recovery UI rule.
MT-00066	engine_runtime_i18n_confirmed_human	native_engine_i18n	madomagi/engine_i18n.tsv	378	zhCN	^1 AP will recover in 1:02 / AP will be fully recovered in 	距回复1 AP还有 1:02 / 距AP全部回复还有 	距回复1 AP还有 1:02 / 距AP全部回复还有 	madomagi/engine_i18n.tsv#378/zhCN	confirmed-human	new-root-human	magica/research/totentanz-full-localization-20260817/engine-i18n/ap-recovery-gap-verification.json#ENGINE-AP-DYNAMIC-TIMER-062;A:/magicaOLD/template/user/APPopup.html; native AP label shape from runtime screenshot; legacy consumer exact/^prefix contract	false	confirmed-context	confirmed-human-verified	^1 AP will recover in 1:02 / AP will be fully recovered in 		confirmed-human	ap-recovery-gap-verification	confirmed-human-ap-timer	confirmed human translation; native dynamic AP timer context	false	true; legacy client reads <files>/madomagi/engine_i18n.tsv	confirmed-human	距回复1 AP还有 1:02 / 距AP全部回复还有 	confirmed-human-verified	medium	confirmed_human_engine_translation	confirmed-human-verified	magica/research/totentanz-full-localization-20260817/engine-i18n/ap-recovery-gap-verification.json#ENGINE-AP-DYNAMIC-TIMER-062;A:/magicaOLD/template/user/APPopup.html; native AP label shape from runtime screenshot; legacy consumer exact/^prefix contract	kind=prefix; verified AP recovery UI rule.
MT-00067	engine_runtime_i18n_confirmed_human	native_engine_i18n	madomagi/engine_i18n.tsv	379	zhCN	^1 AP will recover in 1:03 / AP will be fully recovered in 	距回复1 AP还有 1:03 / 距AP全部回复还有 	距回复1 AP还有 1:03 / 距AP全部回复还有 	madomagi/engine_i18n.tsv#379/zhCN	confirmed-human	new-root-human	magica/research/totentanz-full-localization-20260817/engine-i18n/ap-recovery-gap-verification.json#ENGINE-AP-DYNAMIC-TIMER-063;A:/magicaOLD/template/user/APPopup.html; native AP label shape from runtime screenshot; legacy consumer exact/^prefix contract	false	confirmed-context	confirmed-human-verified	^1 AP will recover in 1:03 / AP will be fully recovered in 		confirmed-human	ap-recovery-gap-verification	confirmed-human-ap-timer	confirmed human translation; native dynamic AP timer context	false	true; legacy client reads <files>/madomagi/engine_i18n.tsv	confirmed-human	距回复1 AP还有 1:03 / 距AP全部回复还有 	confirmed-human-verified	medium	confirmed_human_engine_translation	confirmed-human-verified	magica/research/totentanz-full-localization-20260817/engine-i18n/ap-recovery-gap-verification.json#ENGINE-AP-DYNAMIC-TIMER-063;A:/magicaOLD/template/user/APPopup.html; native AP label shape from runtime screenshot; legacy consumer exact/^prefix contract	kind=prefix; verified AP recovery UI rule.
MT-00068	engine_runtime_i18n_confirmed_human	native_engine_i18n	madomagi/engine_i18n.tsv	380	zhCN	^1 AP will recover in 1:04 / AP will be fully recovered in 	距回复1 AP还有 1:04 / 距AP全部回复还有 	距回复1 AP还有 1:04 / 距AP全部回复还有 	madomagi/engine_i18n.tsv#380/zhCN	confirmed-human	new-root-human	magica/research/totentanz-full-localization-20260817/engine-i18n/ap-recovery-gap-verification.json#ENGINE-AP-DYNAMIC-TIMER-064;A:/magicaOLD/template/user/APPopup.html; native AP label shape from runtime screenshot; legacy consumer exact/^prefix contract	false	confirmed-context	confirmed-human-verified	^1 AP will recover in 1:04 / AP will be fully recovered in 		confirmed-human	ap-recovery-gap-verification	confirmed-human-ap-timer	confirmed human translation; native dynamic AP timer context	false	true; legacy client reads <files>/madomagi/engine_i18n.tsv	confirmed-human	距回复1 AP还有 1:04 / 距AP全部回复还有 	confirmed-human-verified	medium	confirmed_human_engine_translation	confirmed-human-verified	magica/research/totentanz-full-localization-20260817/engine-i18n/ap-recovery-gap-verification.json#ENGINE-AP-DYNAMIC-TIMER-064;A:/magicaOLD/template/user/APPopup.html; native AP label shape from runtime screenshot; legacy consumer exact/^prefix contract	kind=prefix; verified AP recovery UI rule.
MT-00069	engine_runtime_i18n_confirmed_human	native_engine_i18n	madomagi/engine_i18n.tsv	381	zhCN	^1 AP will recover in 1:05 / AP will be fully recovered in 	距回复1 AP还有 1:05 / 距AP全部回复还有 	距回复1 AP还有 1:05 / 距AP全部回复还有 	madomagi/engine_i18n.tsv#381/zhCN	confirmed-human	new-root-human	magica/research/totentanz-full-localization-20260817/engine-i18n/ap-recovery-gap-verification.json#ENGINE-AP-DYNAMIC-TIMER-065;A:/magicaOLD/template/user/APPopup.html; native AP label shape from runtime screenshot; legacy consumer exact/^prefix contract	false	confirmed-context	confirmed-human-verified	^1 AP will recover in 1:05 / AP will be fully recovered in 		confirmed-human	ap-recovery-gap-verification	confirmed-human-ap-timer	confirmed human translation; native dynamic AP timer context	false	true; legacy client reads <files>/madomagi/engine_i18n.tsv	confirmed-human	距回复1 AP还有 1:05 / 距AP全部回复还有 	confirmed-human-verified	medium	confirmed_human_engine_translation	confirmed-human-verified	magica/research/totentanz-full-localization-20260817/engine-i18n/ap-recovery-gap-verification.json#ENGINE-AP-DYNAMIC-TIMER-065;A:/magicaOLD/template/user/APPopup.html; native AP label shape from runtime screenshot; legacy consumer exact/^prefix contract	kind=prefix; verified AP recovery UI rule.
MT-00070	engine_runtime_i18n_confirmed_human	native_engine_i18n	madomagi/engine_i18n.tsv	382	zhCN	^1 AP will recover in 1:06 / AP will be fully recovered in 	距回复1 AP还有 1:06 / 距AP全部回复还有 	距回复1 AP还有 1:06 / 距AP全部回复还有 	madomagi/engine_i18n.tsv#382/zhCN	confirmed-human	new-root-human	magica/research/totentanz-full-localization-20260817/engine-i18n/ap-recovery-gap-verification.json#ENGINE-AP-DYNAMIC-TIMER-066;A:/magicaOLD/template/user/APPopup.html; native AP label shape from runtime screenshot; legacy consumer exact/^prefix contract	false	confirmed-context	confirmed-human-verified	^1 AP will recover in 1:06 / AP will be fully recovered in 		confirmed-human	ap-recovery-gap-verification	confirmed-human-ap-timer	confirmed human translation; native dynamic AP timer context	false	true; legacy client reads <files>/madomagi/engine_i18n.tsv	confirmed-human	距回复1 AP还有 1:06 / 距AP全部回复还有 	confirmed-human-verified	medium	confirmed_human_engine_translation	confirmed-human-verified	magica/research/totentanz-full-localization-20260817/engine-i18n/ap-recovery-gap-verification.json#ENGINE-AP-DYNAMIC-TIMER-066;A:/magicaOLD/template/user/APPopup.html; native AP label shape from runtime screenshot; legacy consumer exact/^prefix contract	kind=prefix; verified AP recovery UI rule.
MT-00071	engine_runtime_i18n_confirmed_human	native_engine_i18n	madomagi/engine_i18n.tsv	383	zhCN	^1 AP will recover in 1:07 / AP will be fully recovered in 	距回复1 AP还有 1:07 / 距AP全部回复还有 	距回复1 AP还有 1:07 / 距AP全部回复还有 	madomagi/engine_i18n.tsv#383/zhCN	confirmed-human	new-root-human	magica/research/totentanz-full-localization-20260817/engine-i18n/ap-recovery-gap-verification.json#ENGINE-AP-DYNAMIC-TIMER-067;A:/magicaOLD/template/user/APPopup.html; native AP label shape from runtime screenshot; legacy consumer exact/^prefix contract	false	confirmed-context	confirmed-human-verified	^1 AP will recover in 1:07 / AP will be fully recovered in 		confirmed-human	ap-recovery-gap-verification	confirmed-human-ap-timer	confirmed human translation; native dynamic AP timer context	false	true; legacy client reads <files>/madomagi/engine_i18n.tsv	confirmed-human	距回复1 AP还有 1:07 / 距AP全部回复还有 	confirmed-human-verified	medium	confirmed_human_engine_translation	confirmed-human-verified	magica/research/totentanz-full-localization-20260817/engine-i18n/ap-recovery-gap-verification.json#ENGINE-AP-DYNAMIC-TIMER-067;A:/magicaOLD/template/user/APPopup.html; native AP label shape from runtime screenshot; legacy consumer exact/^prefix contract	kind=prefix; verified AP recovery UI rule.
MT-00072	engine_runtime_i18n_confirmed_human	native_engine_i18n	madomagi/engine_i18n.tsv	384	zhCN	^1 AP will recover in 1:08 / AP will be fully recovered in 	距回复1 AP还有 1:08 / 距AP全部回复还有 	距回复1 AP还有 1:08 / 距AP全部回复还有 	madomagi/engine_i18n.tsv#384/zhCN	confirmed-human	new-root-human	magica/research/totentanz-full-localization-20260817/engine-i18n/ap-recovery-gap-verification.json#ENGINE-AP-DYNAMIC-TIMER-068;A:/magicaOLD/template/user/APPopup.html; native AP label shape from runtime screenshot; legacy consumer exact/^prefix contract	false	confirmed-context	confirmed-human-verified	^1 AP will recover in 1:08 / AP will be fully recovered in 		confirmed-human	ap-recovery-gap-verification	confirmed-human-ap-timer	confirmed human translation; native dynamic AP timer context	false	true; legacy client reads <files>/madomagi/engine_i18n.tsv	confirmed-human	距回复1 AP还有 1:08 / 距AP全部回复还有 	confirmed-human-verified	medium	confirmed_human_engine_translation	confirmed-human-verified	magica/research/totentanz-full-localization-20260817/engine-i18n/ap-recovery-gap-verification.json#ENGINE-AP-DYNAMIC-TIMER-068;A:/magicaOLD/template/user/APPopup.html; native AP label shape from runtime screenshot; legacy consumer exact/^prefix contract	kind=prefix; verified AP recovery UI rule.
MT-00073	engine_runtime_i18n_confirmed_human	native_engine_i18n	madomagi/engine_i18n.tsv	385	zhCN	^1 AP will recover in 1:09 / AP will be fully recovered in 	距回复1 AP还有 1:09 / 距AP全部回复还有 	距回复1 AP还有 1:09 / 距AP全部回复还有 	madomagi/engine_i18n.tsv#385/zhCN	confirmed-human	new-root-human	magica/research/totentanz-full-localization-20260817/engine-i18n/ap-recovery-gap-verification.json#ENGINE-AP-DYNAMIC-TIMER-069;A:/magicaOLD/template/user/APPopup.html; native AP label shape from runtime screenshot; legacy consumer exact/^prefix contract	false	confirmed-context	confirmed-human-verified	^1 AP will recover in 1:09 / AP will be fully recovered in 		confirmed-human	ap-recovery-gap-verification	confirmed-human-ap-timer	confirmed human translation; native dynamic AP timer context	false	true; legacy client reads <files>/madomagi/engine_i18n.tsv	confirmed-human	距回复1 AP还有 1:09 / 距AP全部回复还有 	confirmed-human-verified	medium	confirmed_human_engine_translation	confirmed-human-verified	magica/research/totentanz-full-localization-20260817/engine-i18n/ap-recovery-gap-verification.json#ENGINE-AP-DYNAMIC-TIMER-069;A:/magicaOLD/template/user/APPopup.html; native AP label shape from runtime screenshot; legacy consumer exact/^prefix contract	kind=prefix; verified AP recovery UI rule.
MT-00074	engine_runtime_i18n_confirmed_human	native_engine_i18n	madomagi/engine_i18n.tsv	386	zhCN	^1 AP will recover in 1:10 / AP will be fully recovered in 	距回复1 AP还有 1:10 / 距AP全部回复还有 	距回复1 AP还有 1:10 / 距AP全部回复还有 	madomagi/engine_i18n.tsv#386/zhCN	confirmed-human	new-root-human	magica/research/totentanz-full-localization-20260817/engine-i18n/ap-recovery-gap-verification.json#ENGINE-AP-DYNAMIC-TIMER-070;A:/magicaOLD/template/user/APPopup.html; native AP label shape from runtime screenshot; legacy consumer exact/^prefix contract	false	confirmed-context	confirmed-human-verified	^1 AP will recover in 1:10 / AP will be fully recovered in 		confirmed-human	ap-recovery-gap-verification	confirmed-human-ap-timer	confirmed human translation; native dynamic AP timer context	false	true; legacy client reads <files>/madomagi/engine_i18n.tsv	confirmed-human	距回复1 AP还有 1:10 / 距AP全部回复还有 	confirmed-human-verified	medium	confirmed_human_engine_translation	confirmed-human-verified	magica/research/totentanz-full-localization-20260817/engine-i18n/ap-recovery-gap-verification.json#ENGINE-AP-DYNAMIC-TIMER-070;A:/magicaOLD/template/user/APPopup.html; native AP label shape from runtime screenshot; legacy consumer exact/^prefix contract	kind=prefix; verified AP recovery UI rule.
MT-00075	engine_runtime_i18n_confirmed_human	native_engine_i18n	madomagi/engine_i18n.tsv	387	zhCN	^1 AP will recover in 1:11 / AP will be fully recovered in 	距回复1 AP还有 1:11 / 距AP全部回复还有 	距回复1 AP还有 1:11 / 距AP全部回复还有 	madomagi/engine_i18n.tsv#387/zhCN	confirmed-human	new-root-human	magica/research/totentanz-full-localization-20260817/engine-i18n/ap-recovery-gap-verification.json#ENGINE-AP-DYNAMIC-TIMER-071;A:/magicaOLD/template/user/APPopup.html; native AP label shape from runtime screenshot; legacy consumer exact/^prefix contract	false	confirmed-context	confirmed-human-verified	^1 AP will recover in 1:11 / AP will be fully recovered in 		confirmed-human	ap-recovery-gap-verification	confirmed-human-ap-timer	confirmed human translation; native dynamic AP timer context	false	true; legacy client reads <files>/madomagi/engine_i18n.tsv	confirmed-human	距回复1 AP还有 1:11 / 距AP全部回复还有 	confirmed-human-verified	medium	confirmed_human_engine_translation	confirmed-human-verified	magica/research/totentanz-full-localization-20260817/engine-i18n/ap-recovery-gap-verification.json#ENGINE-AP-DYNAMIC-TIMER-071;A:/magicaOLD/template/user/APPopup.html; native AP label shape from runtime screenshot; legacy consumer exact/^prefix contract	kind=prefix; verified AP recovery UI rule.
MT-00076	engine_runtime_i18n_confirmed_human	native_engine_i18n	madomagi/engine_i18n.tsv	388	zhCN	^1 AP will recover in 1:12 / AP will be fully recovered in 	距回复1 AP还有 1:12 / 距AP全部回复还有 	距回复1 AP还有 1:12 / 距AP全部回复还有 	madomagi/engine_i18n.tsv#388/zhCN	confirmed-human	new-root-human	magica/research/totentanz-full-localization-20260817/engine-i18n/ap-recovery-gap-verification.json#ENGINE-AP-DYNAMIC-TIMER-072;A:/magicaOLD/template/user/APPopup.html; native AP label shape from runtime screenshot; legacy consumer exact/^prefix contract	false	confirmed-context	confirmed-human-verified	^1 AP will recover in 1:12 / AP will be fully recovered in 		confirmed-human	ap-recovery-gap-verification	confirmed-human-ap-timer	confirmed human translation; native dynamic AP timer context	false	true; legacy client reads <files>/madomagi/engine_i18n.tsv	confirmed-human	距回复1 AP还有 1:12 / 距AP全部回复还有 	confirmed-human-verified	medium	confirmed_human_engine_translation	confirmed-human-verified	magica/research/totentanz-full-localization-20260817/engine-i18n/ap-recovery-gap-verification.json#ENGINE-AP-DYNAMIC-TIMER-072;A:/magicaOLD/template/user/APPopup.html; native AP label shape from runtime screenshot; legacy consumer exact/^prefix contract	kind=prefix; verified AP recovery UI rule.
MT-00077	engine_runtime_i18n_confirmed_human	native_engine_i18n	madomagi/engine_i18n.tsv	389	zhCN	^1 AP will recover in 1:13 / AP will be fully recovered in 	距回复1 AP还有 1:13 / 距AP全部回复还有 	距回复1 AP还有 1:13 / 距AP全部回复还有 	madomagi/engine_i18n.tsv#389/zhCN	confirmed-human	new-root-human	magica/research/totentanz-full-localization-20260817/engine-i18n/ap-recovery-gap-verification.json#ENGINE-AP-DYNAMIC-TIMER-073;A:/magicaOLD/template/user/APPopup.html; native AP label shape from runtime screenshot; legacy consumer exact/^prefix contract	false	confirmed-context	confirmed-human-verified	^1 AP will recover in 1:13 / AP will be fully recovered in 		confirmed-human	ap-recovery-gap-verification	confirmed-human-ap-timer	confirmed human translation; native dynamic AP timer context	false	true; legacy client reads <files>/madomagi/engine_i18n.tsv	confirmed-human	距回复1 AP还有 1:13 / 距AP全部回复还有 	confirmed-human-verified	medium	confirmed_human_engine_translation	confirmed-human-verified	magica/research/totentanz-full-localization-20260817/engine-i18n/ap-recovery-gap-verification.json#ENGINE-AP-DYNAMIC-TIMER-073;A:/magicaOLD/template/user/APPopup.html; native AP label shape from runtime screenshot; legacy consumer exact/^prefix contract	kind=prefix; verified AP recovery UI rule.
MT-00078	engine_runtime_i18n_confirmed_human	native_engine_i18n	madomagi/engine_i18n.tsv	390	zhCN	^1 AP will recover in 1:14 / AP will be fully recovered in 	距回复1 AP还有 1:14 / 距AP全部回复还有 	距回复1 AP还有 1:14 / 距AP全部回复还有 	madomagi/engine_i18n.tsv#390/zhCN	confirmed-human	new-root-human	magica/research/totentanz-full-localization-20260817/engine-i18n/ap-recovery-gap-verification.json#ENGINE-AP-DYNAMIC-TIMER-074;A:/magicaOLD/template/user/APPopup.html; native AP label shape from runtime screenshot; legacy consumer exact/^prefix contract	false	confirmed-context	confirmed-human-verified	^1 AP will recover in 1:14 / AP will be fully recovered in 		confirmed-human	ap-recovery-gap-verification	confirmed-human-ap-timer	confirmed human translation; native dynamic AP timer context	false	true; legacy client reads <files>/madomagi/engine_i18n.tsv	confirmed-human	距回复1 AP还有 1:14 / 距AP全部回复还有 	confirmed-human-verified	medium	confirmed_human_engine_translation	confirmed-human-verified	magica/research/totentanz-full-localization-20260817/engine-i18n/ap-recovery-gap-verification.json#ENGINE-AP-DYNAMIC-TIMER-074;A:/magicaOLD/template/user/APPopup.html; native AP label shape from runtime screenshot; legacy consumer exact/^prefix contract	kind=prefix; verified AP recovery UI rule.
MT-00079	engine_runtime_i18n_confirmed_human	native_engine_i18n	madomagi/engine_i18n.tsv	391	zhCN	^1 AP will recover in 1:15 / AP will be fully recovered in 	距回复1 AP还有 1:15 / 距AP全部回复还有 	距回复1 AP还有 1:15 / 距AP全部回复还有 	madomagi/engine_i18n.tsv#391/zhCN	confirmed-human	new-root-human	magica/research/totentanz-full-localization-20260817/engine-i18n/ap-recovery-gap-verification.json#ENGINE-AP-DYNAMIC-TIMER-075;A:/magicaOLD/template/user/APPopup.html; native AP label shape from runtime screenshot; legacy consumer exact/^prefix contract	false	confirmed-context	confirmed-human-verified	^1 AP will recover in 1:15 / AP will be fully recovered in 		confirmed-human	ap-recovery-gap-verification	confirmed-human-ap-timer	confirmed human translation; native dynamic AP timer context	false	true; legacy client reads <files>/madomagi/engine_i18n.tsv	confirmed-human	距回复1 AP还有 1:15 / 距AP全部回复还有 	confirmed-human-verified	medium	confirmed_human_engine_translation	confirmed-human-verified	magica/research/totentanz-full-localization-20260817/engine-i18n/ap-recovery-gap-verification.json#ENGINE-AP-DYNAMIC-TIMER-075;A:/magicaOLD/template/user/APPopup.html; native AP label shape from runtime screenshot; legacy consumer exact/^prefix contract	kind=prefix; verified AP recovery UI rule.
MT-00080	engine_runtime_i18n_confirmed_human	native_engine_i18n	madomagi/engine_i18n.tsv	392	zhCN	^1 AP will recover in 1:16 / AP will be fully recovered in 	距回复1 AP还有 1:16 / 距AP全部回复还有 	距回复1 AP还有 1:16 / 距AP全部回复还有 	madomagi/engine_i18n.tsv#392/zhCN	confirmed-human	new-root-human	magica/research/totentanz-full-localization-20260817/engine-i18n/ap-recovery-gap-verification.json#ENGINE-AP-DYNAMIC-TIMER-076;A:/magicaOLD/template/user/APPopup.html; native AP label shape from runtime screenshot; legacy consumer exact/^prefix contract	false	confirmed-context	confirmed-human-verified	^1 AP will recover in 1:16 / AP will be fully recovered in 		confirmed-human	ap-recovery-gap-verification	confirmed-human-ap-timer	confirmed human translation; native dynamic AP timer context	false	true; legacy client reads <files>/madomagi/engine_i18n.tsv	confirmed-human	距回复1 AP还有 1:16 / 距AP全部回复还有 	confirmed-human-verified	medium	confirmed_human_engine_translation	confirmed-human-verified	magica/research/totentanz-full-localization-20260817/engine-i18n/ap-recovery-gap-verification.json#ENGINE-AP-DYNAMIC-TIMER-076;A:/magicaOLD/template/user/APPopup.html; native AP label shape from runtime screenshot; legacy consumer exact/^prefix contract	kind=prefix; verified AP recovery UI rule.
MT-00081	engine_runtime_i18n_confirmed_human	native_engine_i18n	madomagi/engine_i18n.tsv	393	zhCN	^1 AP will recover in 1:17 / AP will be fully recovered in 	距回复1 AP还有 1:17 / 距AP全部回复还有 	距回复1 AP还有 1:17 / 距AP全部回复还有 	madomagi/engine_i18n.tsv#393/zhCN	confirmed-human	new-root-human	magica/research/totentanz-full-localization-20260817/engine-i18n/ap-recovery-gap-verification.json#ENGINE-AP-DYNAMIC-TIMER-077;A:/magicaOLD/template/user/APPopup.html; native AP label shape from runtime screenshot; legacy consumer exact/^prefix contract	false	confirmed-context	confirmed-human-verified	^1 AP will recover in 1:17 / AP will be fully recovered in 		confirmed-human	ap-recovery-gap-verification	confirmed-human-ap-timer	confirmed human translation; native dynamic AP timer context	false	true; legacy client reads <files>/madomagi/engine_i18n.tsv	confirmed-human	距回复1 AP还有 1:17 / 距AP全部回复还有 	confirmed-human-verified	medium	confirmed_human_engine_translation	confirmed-human-verified	magica/research/totentanz-full-localization-20260817/engine-i18n/ap-recovery-gap-verification.json#ENGINE-AP-DYNAMIC-TIMER-077;A:/magicaOLD/template/user/APPopup.html; native AP label shape from runtime screenshot; legacy consumer exact/^prefix contract	kind=prefix; verified AP recovery UI rule.
MT-00082	engine_runtime_i18n_confirmed_human	native_engine_i18n	madomagi/engine_i18n.tsv	394	zhCN	^1 AP will recover in 1:18 / AP will be fully recovered in 	距回复1 AP还有 1:18 / 距AP全部回复还有 	距回复1 AP还有 1:18 / 距AP全部回复还有 	madomagi/engine_i18n.tsv#394/zhCN	confirmed-human	new-root-human	magica/research/totentanz-full-localization-20260817/engine-i18n/ap-recovery-gap-verification.json#ENGINE-AP-DYNAMIC-TIMER-078;A:/magicaOLD/template/user/APPopup.html; native AP label shape from runtime screenshot; legacy consumer exact/^prefix contract	false	confirmed-context	confirmed-human-verified	^1 AP will recover in 1:18 / AP will be fully recovered in 		confirmed-human	ap-recovery-gap-verification	confirmed-human-ap-timer	confirmed human translation; native dynamic AP timer context	false	true; legacy client reads <files>/madomagi/engine_i18n.tsv	confirmed-human	距回复1 AP还有 1:18 / 距AP全部回复还有 	confirmed-human-verified	medium	confirmed_human_engine_translation	confirmed-human-verified	magica/research/totentanz-full-localization-20260817/engine-i18n/ap-recovery-gap-verification.json#ENGINE-AP-DYNAMIC-TIMER-078;A:/magicaOLD/template/user/APPopup.html; native AP label shape from runtime screenshot; legacy consumer exact/^prefix contract	kind=prefix; verified AP recovery UI rule.
MT-00083	engine_runtime_i18n_confirmed_human	native_engine_i18n	madomagi/engine_i18n.tsv	395	zhCN	^1 AP will recover in 1:19 / AP will be fully recovered in 	距回复1 AP还有 1:19 / 距AP全部回复还有 	距回复1 AP还有 1:19 / 距AP全部回复还有 	madomagi/engine_i18n.tsv#395/zhCN	confirmed-human	new-root-human	magica/research/totentanz-full-localization-20260817/engine-i18n/ap-recovery-gap-verification.json#ENGINE-AP-DYNAMIC-TIMER-079;A:/magicaOLD/template/user/APPopup.html; native AP label shape from runtime screenshot; legacy consumer exact/^prefix contract	false	confirmed-context	confirmed-human-verified	^1 AP will recover in 1:19 / AP will be fully recovered in 		confirmed-human	ap-recovery-gap-verification	confirmed-human-ap-timer	confirmed human translation; native dynamic AP timer context	false	true; legacy client reads <files>/madomagi/engine_i18n.tsv	confirmed-human	距回复1 AP还有 1:19 / 距AP全部回复还有 	confirmed-human-verified	medium	confirmed_human_engine_translation	confirmed-human-verified	magica/research/totentanz-full-localization-20260817/engine-i18n/ap-recovery-gap-verification.json#ENGINE-AP-DYNAMIC-TIMER-079;A:/magicaOLD/template/user/APPopup.html; native AP label shape from runtime screenshot; legacy consumer exact/^prefix contract	kind=prefix; verified AP recovery UI rule.
MT-00084	engine_runtime_i18n_confirmed_human	native_engine_i18n	madomagi/engine_i18n.tsv	396	zhCN	^1 AP will recover in 1:20 / AP will be fully recovered in 	距回复1 AP还有 1:20 / 距AP全部回复还有 	距回复1 AP还有 1:20 / 距AP全部回复还有 	madomagi/engine_i18n.tsv#396/zhCN	confirmed-human	new-root-human	magica/research/totentanz-full-localization-20260817/engine-i18n/ap-recovery-gap-verification.json#ENGINE-AP-DYNAMIC-TIMER-080;A:/magicaOLD/template/user/APPopup.html; native AP label shape from runtime screenshot; legacy consumer exact/^prefix contract	false	confirmed-context	confirmed-human-verified	^1 AP will recover in 1:20 / AP will be fully recovered in 		confirmed-human	ap-recovery-gap-verification	confirmed-human-ap-timer	confirmed human translation; native dynamic AP timer context	false	true; legacy client reads <files>/madomagi/engine_i18n.tsv	confirmed-human	距回复1 AP还有 1:20 / 距AP全部回复还有 	confirmed-human-verified	medium	confirmed_human_engine_translation	confirmed-human-verified	magica/research/totentanz-full-localization-20260817/engine-i18n/ap-recovery-gap-verification.json#ENGINE-AP-DYNAMIC-TIMER-080;A:/magicaOLD/template/user/APPopup.html; native AP label shape from runtime screenshot; legacy consumer exact/^prefix contract	kind=prefix; verified AP recovery UI rule.
MT-00085	engine_runtime_i18n_confirmed_human	native_engine_i18n	madomagi/engine_i18n.tsv	397	zhCN	^1 AP will recover in 1:21 / AP will be fully recovered in 	距回复1 AP还有 1:21 / 距AP全部回复还有 	距回复1 AP还有 1:21 / 距AP全部回复还有 	madomagi/engine_i18n.tsv#397/zhCN	confirmed-human	new-root-human	magica/research/totentanz-full-localization-20260817/engine-i18n/ap-recovery-gap-verification.json#ENGINE-AP-DYNAMIC-TIMER-081;A:/magicaOLD/template/user/APPopup.html; native AP label shape from runtime screenshot; legacy consumer exact/^prefix contract	false	confirmed-context	confirmed-human-verified	^1 AP will recover in 1:21 / AP will be fully recovered in 		confirmed-human	ap-recovery-gap-verification	confirmed-human-ap-timer	confirmed human translation; native dynamic AP timer context	false	true; legacy client reads <files>/madomagi/engine_i18n.tsv	confirmed-human	距回复1 AP还有 1:21 / 距AP全部回复还有 	confirmed-human-verified	medium	confirmed_human_engine_translation	confirmed-human-verified	magica/research/totentanz-full-localization-20260817/engine-i18n/ap-recovery-gap-verification.json#ENGINE-AP-DYNAMIC-TIMER-081;A:/magicaOLD/template/user/APPopup.html; native AP label shape from runtime screenshot; legacy consumer exact/^prefix contract	kind=prefix; verified AP recovery UI rule.
MT-00086	engine_runtime_i18n_confirmed_human	native_engine_i18n	madomagi/engine_i18n.tsv	398	zhCN	^1 AP will recover in 1:22 / AP will be fully recovered in 	距回复1 AP还有 1:22 / 距AP全部回复还有 	距回复1 AP还有 1:22 / 距AP全部回复还有 	madomagi/engine_i18n.tsv#398/zhCN	confirmed-human	new-root-human	magica/research/totentanz-full-localization-20260817/engine-i18n/ap-recovery-gap-verification.json#ENGINE-AP-DYNAMIC-TIMER-082;A:/magicaOLD/template/user/APPopup.html; native AP label shape from runtime screenshot; legacy consumer exact/^prefix contract	false	confirmed-context	confirmed-human-verified	^1 AP will recover in 1:22 / AP will be fully recovered in 		confirmed-human	ap-recovery-gap-verification	confirmed-human-ap-timer	confirmed human translation; native dynamic AP timer context	false	true; legacy client reads <files>/madomagi/engine_i18n.tsv	confirmed-human	距回复1 AP还有 1:22 / 距AP全部回复还有 	confirmed-human-verified	medium	confirmed_human_engine_translation	confirmed-human-verified	magica/research/totentanz-full-localization-20260817/engine-i18n/ap-recovery-gap-verification.json#ENGINE-AP-DYNAMIC-TIMER-082;A:/magicaOLD/template/user/APPopup.html; native AP label shape from runtime screenshot; legacy consumer exact/^prefix contract	kind=prefix; verified AP recovery UI rule.
MT-00087	engine_runtime_i18n_confirmed_human	native_engine_i18n	madomagi/engine_i18n.tsv	399	zhCN	^1 AP will recover in 1:23 / AP will be fully recovered in 	距回复1 AP还有 1:23 / 距AP全部回复还有 	距回复1 AP还有 1:23 / 距AP全部回复还有 	madomagi/engine_i18n.tsv#399/zhCN	confirmed-human	new-root-human	magica/research/totentanz-full-localization-20260817/engine-i18n/ap-recovery-gap-verification.json#ENGINE-AP-DYNAMIC-TIMER-083;A:/magicaOLD/template/user/APPopup.html; native AP label shape from runtime screenshot; legacy consumer exact/^prefix contract	false	confirmed-context	confirmed-human-verified	^1 AP will recover in 1:23 / AP will be fully recovered in 		confirmed-human	ap-recovery-gap-verification	confirmed-human-ap-timer	confirmed human translation; native dynamic AP timer context	false	true; legacy client reads <files>/madomagi/engine_i18n.tsv	confirmed-human	距回复1 AP还有 1:23 / 距AP全部回复还有 	confirmed-human-verified	medium	confirmed_human_engine_translation	confirmed-human-verified	magica/research/totentanz-full-localization-20260817/engine-i18n/ap-recovery-gap-verification.json#ENGINE-AP-DYNAMIC-TIMER-083;A:/magicaOLD/template/user/APPopup.html; native AP label shape from runtime screenshot; legacy consumer exact/^prefix contract	kind=prefix; verified AP recovery UI rule.
MT-00088	engine_runtime_i18n_confirmed_human	native_engine_i18n	madomagi/engine_i18n.tsv	400	zhCN	^1 AP will recover in 1:24 / AP will be fully recovered in 	距回复1 AP还有 1:24 / 距AP全部回复还有 	距回复1 AP还有 1:24 / 距AP全部回复还有 	madomagi/engine_i18n.tsv#400/zhCN	confirmed-human	new-root-human	magica/research/totentanz-full-localization-20260817/engine-i18n/ap-recovery-gap-verification.json#ENGINE-AP-DYNAMIC-TIMER-084;A:/magicaOLD/template/user/APPopup.html; native AP label shape from runtime screenshot; legacy consumer exact/^prefix contract	false	confirmed-context	confirmed-human-verified	^1 AP will recover in 1:24 / AP will be fully recovered in 		confirmed-human	ap-recovery-gap-verification	confirmed-human-ap-timer	confirmed human translation; native dynamic AP timer context	false	true; legacy client reads <files>/madomagi/engine_i18n.tsv	confirmed-human	距回复1 AP还有 1:24 / 距AP全部回复还有 	confirmed-human-verified	medium	confirmed_human_engine_translation	confirmed-human-verified	magica/research/totentanz-full-localization-20260817/engine-i18n/ap-recovery-gap-verification.json#ENGINE-AP-DYNAMIC-TIMER-084;A:/magicaOLD/template/user/APPopup.html; native AP label shape from runtime screenshot; legacy consumer exact/^prefix contract	kind=prefix; verified AP recovery UI rule.
MT-00089	engine_runtime_i18n_confirmed_human	native_engine_i18n	madomagi/engine_i18n.tsv	401	zhCN	^1 AP will recover in 1:25 / AP will be fully recovered in 	距回复1 AP还有 1:25 / 距AP全部回复还有 	距回复1 AP还有 1:25 / 距AP全部回复还有 	madomagi/engine_i18n.tsv#401/zhCN	confirmed-human	new-root-human	magica/research/totentanz-full-localization-20260817/engine-i18n/ap-recovery-gap-verification.json#ENGINE-AP-DYNAMIC-TIMER-085;A:/magicaOLD/template/user/APPopup.html; native AP label shape from runtime screenshot; legacy consumer exact/^prefix contract	false	confirmed-context	confirmed-human-verified	^1 AP will recover in 1:25 / AP will be fully recovered in 		confirmed-human	ap-recovery-gap-verification	confirmed-human-ap-timer	confirmed human translation; native dynamic AP timer context	false	true; legacy client reads <files>/madomagi/engine_i18n.tsv	confirmed-human	距回复1 AP还有 1:25 / 距AP全部回复还有 	confirmed-human-verified	medium	confirmed_human_engine_translation	confirmed-human-verified	magica/research/totentanz-full-localization-20260817/engine-i18n/ap-recovery-gap-verification.json#ENGINE-AP-DYNAMIC-TIMER-085;A:/magicaOLD/template/user/APPopup.html; native AP label shape from runtime screenshot; legacy consumer exact/^prefix contract	kind=prefix; verified AP recovery UI rule.
MT-00090	engine_runtime_i18n_confirmed_human	native_engine_i18n	madomagi/engine_i18n.tsv	402	zhCN	^1 AP will recover in 1:26 / AP will be fully recovered in 	距回复1 AP还有 1:26 / 距AP全部回复还有 	距回复1 AP还有 1:26 / 距AP全部回复还有 	madomagi/engine_i18n.tsv#402/zhCN	confirmed-human	new-root-human	magica/research/totentanz-full-localization-20260817/engine-i18n/ap-recovery-gap-verification.json#ENGINE-AP-DYNAMIC-TIMER-086;A:/magicaOLD/template/user/APPopup.html; native AP label shape from runtime screenshot; legacy consumer exact/^prefix contract	false	confirmed-context	confirmed-human-verified	^1 AP will recover in 1:26 / AP will be fully recovered in 		confirmed-human	ap-recovery-gap-verification	confirmed-human-ap-timer	confirmed human translation; native dynamic AP timer context	false	true; legacy client reads <files>/madomagi/engine_i18n.tsv	confirmed-human	距回复1 AP还有 1:26 / 距AP全部回复还有 	confirmed-human-verified	medium	confirmed_human_engine_translation	confirmed-human-verified	magica/research/totentanz-full-localization-20260817/engine-i18n/ap-recovery-gap-verification.json#ENGINE-AP-DYNAMIC-TIMER-086;A:/magicaOLD/template/user/APPopup.html; native AP label shape from runtime screenshot; legacy consumer exact/^prefix contract	kind=prefix; verified AP recovery UI rule.
MT-00091	engine_runtime_i18n_confirmed_human	native_engine_i18n	madomagi/engine_i18n.tsv	403	zhCN	^1 AP will recover in 1:27 / AP will be fully recovered in 	距回复1 AP还有 1:27 / 距AP全部回复还有 	距回复1 AP还有 1:27 / 距AP全部回复还有 	madomagi/engine_i18n.tsv#403/zhCN	confirmed-human	new-root-human	magica/research/totentanz-full-localization-20260817/engine-i18n/ap-recovery-gap-verification.json#ENGINE-AP-DYNAMIC-TIMER-087;A:/magicaOLD/template/user/APPopup.html; native AP label shape from runtime screenshot; legacy consumer exact/^prefix contract	false	confirmed-context	confirmed-human-verified	^1 AP will recover in 1:27 / AP will be fully recovered in 		confirmed-human	ap-recovery-gap-verification	confirmed-human-ap-timer	confirmed human translation; native dynamic AP timer context	false	true; legacy client reads <files>/madomagi/engine_i18n.tsv	confirmed-human	距回复1 AP还有 1:27 / 距AP全部回复还有 	confirmed-human-verified	medium	confirmed_human_engine_translation	confirmed-human-verified	magica/research/totentanz-full-localization-20260817/engine-i18n/ap-recovery-gap-verification.json#ENGINE-AP-DYNAMIC-TIMER-087;A:/magicaOLD/template/user/APPopup.html; native AP label shape from runtime screenshot; legacy consumer exact/^prefix contract	kind=prefix; verified AP recovery UI rule.
MT-00092	engine_runtime_i18n_confirmed_human	native_engine_i18n	madomagi/engine_i18n.tsv	404	zhCN	^1 AP will recover in 1:28 / AP will be fully recovered in 	距回复1 AP还有 1:28 / 距AP全部回复还有 	距回复1 AP还有 1:28 / 距AP全部回复还有 	madomagi/engine_i18n.tsv#404/zhCN	confirmed-human	new-root-human	magica/research/totentanz-full-localization-20260817/engine-i18n/ap-recovery-gap-verification.json#ENGINE-AP-DYNAMIC-TIMER-088;A:/magicaOLD/template/user/APPopup.html; native AP label shape from runtime screenshot; legacy consumer exact/^prefix contract	false	confirmed-context	confirmed-human-verified	^1 AP will recover in 1:28 / AP will be fully recovered in 		confirmed-human	ap-recovery-gap-verification	confirmed-human-ap-timer	confirmed human translation; native dynamic AP timer context	false	true; legacy client reads <files>/madomagi/engine_i18n.tsv	confirmed-human	距回复1 AP还有 1:28 / 距AP全部回复还有 	confirmed-human-verified	medium	confirmed_human_engine_translation	confirmed-human-verified	magica/research/totentanz-full-localization-20260817/engine-i18n/ap-recovery-gap-verification.json#ENGINE-AP-DYNAMIC-TIMER-088;A:/magicaOLD/template/user/APPopup.html; native AP label shape from runtime screenshot; legacy consumer exact/^prefix contract	kind=prefix; verified AP recovery UI rule.
MT-00093	engine_runtime_i18n_confirmed_human	native_engine_i18n	madomagi/engine_i18n.tsv	405	zhCN	^1 AP will recover in 1:29 / AP will be fully recovered in 	距回复1 AP还有 1:29 / 距AP全部回复还有 	距回复1 AP还有 1:29 / 距AP全部回复还有 	madomagi/engine_i18n.tsv#405/zhCN	confirmed-human	new-root-human	magica/research/totentanz-full-localization-20260817/engine-i18n/ap-recovery-gap-verification.json#ENGINE-AP-DYNAMIC-TIMER-089;A:/magicaOLD/template/user/APPopup.html; native AP label shape from runtime screenshot; legacy consumer exact/^prefix contract	false	confirmed-context	confirmed-human-verified	^1 AP will recover in 1:29 / AP will be fully recovered in 		confirmed-human	ap-recovery-gap-verification	confirmed-human-ap-timer	confirmed human translation; native dynamic AP timer context	false	true; legacy client reads <files>/madomagi/engine_i18n.tsv	confirmed-human	距回复1 AP还有 1:29 / 距AP全部回复还有 	confirmed-human-verified	medium	confirmed_human_engine_translation	confirmed-human-verified	magica/research/totentanz-full-localization-20260817/engine-i18n/ap-recovery-gap-verification.json#ENGINE-AP-DYNAMIC-TIMER-089;A:/magicaOLD/template/user/APPopup.html; native AP label shape from runtime screenshot; legacy consumer exact/^prefix contract	kind=prefix; verified AP recovery UI rule.
MT-00094	engine_runtime_i18n_confirmed_human	native_engine_i18n	madomagi/engine_i18n.tsv	406	zhCN	^1 AP will recover in 1:30 / AP will be fully recovered in 	距回复1 AP还有 1:30 / 距AP全部回复还有 	距回复1 AP还有 1:30 / 距AP全部回复还有 	madomagi/engine_i18n.tsv#406/zhCN	confirmed-human	new-root-human	magica/research/totentanz-full-localization-20260817/engine-i18n/ap-recovery-gap-verification.json#ENGINE-AP-DYNAMIC-TIMER-090;A:/magicaOLD/template/user/APPopup.html; native AP label shape from runtime screenshot; legacy consumer exact/^prefix contract	false	confirmed-context	confirmed-human-verified	^1 AP will recover in 1:30 / AP will be fully recovered in 		confirmed-human	ap-recovery-gap-verification	confirmed-human-ap-timer	confirmed human translation; native dynamic AP timer context	false	true; legacy client reads <files>/madomagi/engine_i18n.tsv	confirmed-human	距回复1 AP还有 1:30 / 距AP全部回复还有 	confirmed-human-verified	medium	confirmed_human_engine_translation	confirmed-human-verified	magica/research/totentanz-full-localization-20260817/engine-i18n/ap-recovery-gap-verification.json#ENGINE-AP-DYNAMIC-TIMER-090;A:/magicaOLD/template/user/APPopup.html; native AP label shape from runtime screenshot; legacy consumer exact/^prefix contract	kind=prefix; verified AP recovery UI rule.
MT-00095	engine_runtime_i18n_confirmed_human	native_engine_i18n	madomagi/engine_i18n.tsv	407	zhCN	^1 AP will recover in 1:31 / AP will be fully recovered in 	距回复1 AP还有 1:31 / 距AP全部回复还有 	距回复1 AP还有 1:31 / 距AP全部回复还有 	madomagi/engine_i18n.tsv#407/zhCN	confirmed-human	new-root-human	magica/research/totentanz-full-localization-20260817/engine-i18n/ap-recovery-gap-verification.json#ENGINE-AP-DYNAMIC-TIMER-091;A:/magicaOLD/template/user/APPopup.html; native AP label shape from runtime screenshot; legacy consumer exact/^prefix contract	false	confirmed-context	confirmed-human-verified	^1 AP will recover in 1:31 / AP will be fully recovered in 		confirmed-human	ap-recovery-gap-verification	confirmed-human-ap-timer	confirmed human translation; native dynamic AP timer context	false	true; legacy client reads <files>/madomagi/engine_i18n.tsv	confirmed-human	距回复1 AP还有 1:31 / 距AP全部回复还有 	confirmed-human-verified	medium	confirmed_human_engine_translation	confirmed-human-verified	magica/research/totentanz-full-localization-20260817/engine-i18n/ap-recovery-gap-verification.json#ENGINE-AP-DYNAMIC-TIMER-091;A:/magicaOLD/template/user/APPopup.html; native AP label shape from runtime screenshot; legacy consumer exact/^prefix contract	kind=prefix; verified AP recovery UI rule.
MT-00096	engine_runtime_i18n_confirmed_human	native_engine_i18n	madomagi/engine_i18n.tsv	408	zhCN	^1 AP will recover in 1:32 / AP will be fully recovered in 	距回复1 AP还有 1:32 / 距AP全部回复还有 	距回复1 AP还有 1:32 / 距AP全部回复还有 	madomagi/engine_i18n.tsv#408/zhCN	confirmed-human	new-root-human	magica/research/totentanz-full-localization-20260817/engine-i18n/ap-recovery-gap-verification.json#ENGINE-AP-DYNAMIC-TIMER-092;A:/magicaOLD/template/user/APPopup.html; native AP label shape from runtime screenshot; legacy consumer exact/^prefix contract	false	confirmed-context	confirmed-human-verified	^1 AP will recover in 1:32 / AP will be fully recovered in 		confirmed-human	ap-recovery-gap-verification	confirmed-human-ap-timer	confirmed human translation; native dynamic AP timer context	false	true; legacy client reads <files>/madomagi/engine_i18n.tsv	confirmed-human	距回复1 AP还有 1:32 / 距AP全部回复还有 	confirmed-human-verified	medium	confirmed_human_engine_translation	confirmed-human-verified	magica/research/totentanz-full-localization-20260817/engine-i18n/ap-recovery-gap-verification.json#ENGINE-AP-DYNAMIC-TIMER-092;A:/magicaOLD/template/user/APPopup.html; native AP label shape from runtime screenshot; legacy consumer exact/^prefix contract	kind=prefix; verified AP recovery UI rule.
MT-00097	engine_runtime_i18n_confirmed_human	native_engine_i18n	madomagi/engine_i18n.tsv	409	zhCN	^1 AP will recover in 1:33 / AP will be fully recovered in 	距回复1 AP还有 1:33 / 距AP全部回复还有 	距回复1 AP还有 1:33 / 距AP全部回复还有 	madomagi/engine_i18n.tsv#409/zhCN	confirmed-human	new-root-human	magica/research/totentanz-full-localization-20260817/engine-i18n/ap-recovery-gap-verification.json#ENGINE-AP-DYNAMIC-TIMER-093;A:/magicaOLD/template/user/APPopup.html; native AP label shape from runtime screenshot; legacy consumer exact/^prefix contract	false	confirmed-context	confirmed-human-verified	^1 AP will recover in 1:33 / AP will be fully recovered in 		confirmed-human	ap-recovery-gap-verification	confirmed-human-ap-timer	confirmed human translation; native dynamic AP timer context	false	true; legacy client reads <files>/madomagi/engine_i18n.tsv	confirmed-human	距回复1 AP还有 1:33 / 距AP全部回复还有 	confirmed-human-verified	medium	confirmed_human_engine_translation	confirmed-human-verified	magica/research/totentanz-full-localization-20260817/engine-i18n/ap-recovery-gap-verification.json#ENGINE-AP-DYNAMIC-TIMER-093;A:/magicaOLD/template/user/APPopup.html; native AP label shape from runtime screenshot; legacy consumer exact/^prefix contract	kind=prefix; verified AP recovery UI rule.
MT-00098	engine_runtime_i18n_confirmed_human	native_engine_i18n	madomagi/engine_i18n.tsv	410	zhCN	^1 AP will recover in 1:34 / AP will be fully recovered in 	距回复1 AP还有 1:34 / 距AP全部回复还有 	距回复1 AP还有 1:34 / 距AP全部回复还有 	madomagi/engine_i18n.tsv#410/zhCN	confirmed-human	new-root-human	magica/research/totentanz-full-localization-20260817/engine-i18n/ap-recovery-gap-verification.json#ENGINE-AP-DYNAMIC-TIMER-094;A:/magicaOLD/template/user/APPopup.html; native AP label shape from runtime screenshot; legacy consumer exact/^prefix contract	false	confirmed-context	confirmed-human-verified	^1 AP will recover in 1:34 / AP will be fully recovered in 		confirmed-human	ap-recovery-gap-verification	confirmed-human-ap-timer	confirmed human translation; native dynamic AP timer context	false	true; legacy client reads <files>/madomagi/engine_i18n.tsv	confirmed-human	距回复1 AP还有 1:34 / 距AP全部回复还有 	confirmed-human-verified	medium	confirmed_human_engine_translation	confirmed-human-verified	magica/research/totentanz-full-localization-20260817/engine-i18n/ap-recovery-gap-verification.json#ENGINE-AP-DYNAMIC-TIMER-094;A:/magicaOLD/template/user/APPopup.html; native AP label shape from runtime screenshot; legacy consumer exact/^prefix contract	kind=prefix; verified AP recovery UI rule.
MT-00099	engine_runtime_i18n_confirmed_human	native_engine_i18n	madomagi/engine_i18n.tsv	411	zhCN	^1 AP will recover in 1:35 / AP will be fully recovered in 	距回复1 AP还有 1:35 / 距AP全部回复还有 	距回复1 AP还有 1:35 / 距AP全部回复还有 	madomagi/engine_i18n.tsv#411/zhCN	confirmed-human	new-root-human	magica/research/totentanz-full-localization-20260817/engine-i18n/ap-recovery-gap-verification.json#ENGINE-AP-DYNAMIC-TIMER-095;A:/magicaOLD/template/user/APPopup.html; native AP label shape from runtime screenshot; legacy consumer exact/^prefix contract	false	confirmed-context	confirmed-human-verified	^1 AP will recover in 1:35 / AP will be fully recovered in 		confirmed-human	ap-recovery-gap-verification	confirmed-human-ap-timer	confirmed human translation; native dynamic AP timer context	false	true; legacy client reads <files>/madomagi/engine_i18n.tsv	confirmed-human	距回复1 AP还有 1:35 / 距AP全部回复还有 	confirmed-human-verified	medium	confirmed_human_engine_translation	confirmed-human-verified	magica/research/totentanz-full-localization-20260817/engine-i18n/ap-recovery-gap-verification.json#ENGINE-AP-DYNAMIC-TIMER-095;A:/magicaOLD/template/user/APPopup.html; native AP label shape from runtime screenshot; legacy consumer exact/^prefix contract	kind=prefix; verified AP recovery UI rule.
MT-00100	engine_runtime_i18n_confirmed_human	native_engine_i18n	madomagi/engine_i18n.tsv	412	zhCN	^1 AP will recover in 1:36 / AP will be fully recovered in 	距回复1 AP还有 1:36 / 距AP全部回复还有 	距回复1 AP还有 1:36 / 距AP全部回复还有 	madomagi/engine_i18n.tsv#412/zhCN	confirmed-human	new-root-human	magica/research/totentanz-full-localization-20260817/engine-i18n/ap-recovery-gap-verification.json#ENGINE-AP-DYNAMIC-TIMER-096;A:/magicaOLD/template/user/APPopup.html; native AP label shape from runtime screenshot; legacy consumer exact/^prefix contract	false	confirmed-context	confirmed-human-verified	^1 AP will recover in 1:36 / AP will be fully recovered in 		confirmed-human	ap-recovery-gap-verification	confirmed-human-ap-timer	confirmed human translation; native dynamic AP timer context	false	true; legacy client reads <files>/madomagi/engine_i18n.tsv	confirmed-human	距回复1 AP还有 1:36 / 距AP全部回复还有 	confirmed-human-verified	medium	confirmed_human_engine_translation	confirmed-human-verified	magica/research/totentanz-full-localization-20260817/engine-i18n/ap-recovery-gap-verification.json#ENGINE-AP-DYNAMIC-TIMER-096;A:/magicaOLD/template/user/APPopup.html; native AP label shape from runtime screenshot; legacy consumer exact/^prefix contract	kind=prefix; verified AP recovery UI rule.
MT-00101	engine_runtime_i18n_confirmed_human	native_engine_i18n	madomagi/engine_i18n.tsv	413	zhCN	^1 AP will recover in 1:37 / AP will be fully recovered in 	距回复1 AP还有 1:37 / 距AP全部回复还有 	距回复1 AP还有 1:37 / 距AP全部回复还有 	madomagi/engine_i18n.tsv#413/zhCN	confirmed-human	new-root-human	magica/research/totentanz-full-localization-20260817/engine-i18n/ap-recovery-gap-verification.json#ENGINE-AP-DYNAMIC-TIMER-097;A:/magicaOLD/template/user/APPopup.html; native AP label shape from runtime screenshot; legacy consumer exact/^prefix contract	false	confirmed-context	confirmed-human-verified	^1 AP will recover in 1:37 / AP will be fully recovered in 		confirmed-human	ap-recovery-gap-verification	confirmed-human-ap-timer	confirmed human translation; native dynamic AP timer context	false	true; legacy client reads <files>/madomagi/engine_i18n.tsv	confirmed-human	距回复1 AP还有 1:37 / 距AP全部回复还有 	confirmed-human-verified	medium	confirmed_human_engine_translation	confirmed-human-verified	magica/research/totentanz-full-localization-20260817/engine-i18n/ap-recovery-gap-verification.json#ENGINE-AP-DYNAMIC-TIMER-097;A:/magicaOLD/template/user/APPopup.html; native AP label shape from runtime screenshot; legacy consumer exact/^prefix contract	kind=prefix; verified AP recovery UI rule.
MT-00102	engine_runtime_i18n_confirmed_human	native_engine_i18n	madomagi/engine_i18n.tsv	414	zhCN	^1 AP will recover in 1:38 / AP will be fully recovered in 	距回复1 AP还有 1:38 / 距AP全部回复还有 	距回复1 AP还有 1:38 / 距AP全部回复还有 	madomagi/engine_i18n.tsv#414/zhCN	confirmed-human	new-root-human	magica/research/totentanz-full-localization-20260817/engine-i18n/ap-recovery-gap-verification.json#ENGINE-AP-DYNAMIC-TIMER-098;A:/magicaOLD/template/user/APPopup.html; native AP label shape from runtime screenshot; legacy consumer exact/^prefix contract	false	confirmed-context	confirmed-human-verified	^1 AP will recover in 1:38 / AP will be fully recovered in 		confirmed-human	ap-recovery-gap-verification	confirmed-human-ap-timer	confirmed human translation; native dynamic AP timer context	false	true; legacy client reads <files>/madomagi/engine_i18n.tsv	confirmed-human	距回复1 AP还有 1:38 / 距AP全部回复还有 	confirmed-human-verified	medium	confirmed_human_engine_translation	confirmed-human-verified	magica/research/totentanz-full-localization-20260817/engine-i18n/ap-recovery-gap-verification.json#ENGINE-AP-DYNAMIC-TIMER-098;A:/magicaOLD/template/user/APPopup.html; native AP label shape from runtime screenshot; legacy consumer exact/^prefix contract	kind=prefix; verified AP recovery UI rule.
MT-00103	engine_runtime_i18n_confirmed_human	native_engine_i18n	madomagi/engine_i18n.tsv	415	zhCN	^1 AP will recover in 1:39 / AP will be fully recovered in 	距回复1 AP还有 1:39 / 距AP全部回复还有 	距回复1 AP还有 1:39 / 距AP全部回复还有 	madomagi/engine_i18n.tsv#415/zhCN	confirmed-human	new-root-human	magica/research/totentanz-full-localization-20260817/engine-i18n/ap-recovery-gap-verification.json#ENGINE-AP-DYNAMIC-TIMER-099;A:/magicaOLD/template/user/APPopup.html; native AP label shape from runtime screenshot; legacy consumer exact/^prefix contract	false	confirmed-context	confirmed-human-verified	^1 AP will recover in 1:39 / AP will be fully recovered in 		confirmed-human	ap-recovery-gap-verification	confirmed-human-ap-timer	confirmed human translation; native dynamic AP timer context	false	true; legacy client reads <files>/madomagi/engine_i18n.tsv	confirmed-human	距回复1 AP还有 1:39 / 距AP全部回复还有 	confirmed-human-verified	medium	confirmed_human_engine_translation	confirmed-human-verified	magica/research/totentanz-full-localization-20260817/engine-i18n/ap-recovery-gap-verification.json#ENGINE-AP-DYNAMIC-TIMER-099;A:/magicaOLD/template/user/APPopup.html; native AP label shape from runtime screenshot; legacy consumer exact/^prefix contract	kind=prefix; verified AP recovery UI rule.
MT-00104	engine_runtime_i18n_confirmed_human	native_engine_i18n	madomagi/engine_i18n.tsv	416	zhCN	^1 AP will recover in 1:40 / AP will be fully recovered in 	距回复1 AP还有 1:40 / 距AP全部回复还有 	距回复1 AP还有 1:40 / 距AP全部回复还有 	madomagi/engine_i18n.tsv#416/zhCN	confirmed-human	new-root-human	magica/research/totentanz-full-localization-20260817/engine-i18n/ap-recovery-gap-verification.json#ENGINE-AP-DYNAMIC-TIMER-100;A:/magicaOLD/template/user/APPopup.html; native AP label shape from runtime screenshot; legacy consumer exact/^prefix contract	false	confirmed-context	confirmed-human-verified	^1 AP will recover in 1:40 / AP will be fully recovered in 		confirmed-human	ap-recovery-gap-verification	confirmed-human-ap-timer	confirmed human translation; native dynamic AP timer context	false	true; legacy client reads <files>/madomagi/engine_i18n.tsv	confirmed-human	距回复1 AP还有 1:40 / 距AP全部回复还有 	confirmed-human-verified	medium	confirmed_human_engine_translation	confirmed-human-verified	magica/research/totentanz-full-localization-20260817/engine-i18n/ap-recovery-gap-verification.json#ENGINE-AP-DYNAMIC-TIMER-100;A:/magicaOLD/template/user/APPopup.html; native AP label shape from runtime screenshot; legacy consumer exact/^prefix contract	kind=prefix; verified AP recovery UI rule.
MT-00105	engine_runtime_i18n_confirmed_human	native_engine_i18n	madomagi/engine_i18n.tsv	417	zhCN	^1 AP will recover in 1:41 / AP will be fully recovered in 	距回复1 AP还有 1:41 / 距AP全部回复还有 	距回复1 AP还有 1:41 / 距AP全部回复还有 	madomagi/engine_i18n.tsv#417/zhCN	confirmed-human	new-root-human	magica/research/totentanz-full-localization-20260817/engine-i18n/ap-recovery-gap-verification.json#ENGINE-AP-DYNAMIC-TIMER-101;A:/magicaOLD/template/user/APPopup.html; native AP label shape from runtime screenshot; legacy consumer exact/^prefix contract	false	confirmed-context	confirmed-human-verified	^1 AP will recover in 1:41 / AP will be fully recovered in 		confirmed-human	ap-recovery-gap-verification	confirmed-human-ap-timer	confirmed human translation; native dynamic AP timer context	false	true; legacy client reads <files>/madomagi/engine_i18n.tsv	confirmed-human	距回复1 AP还有 1:41 / 距AP全部回复还有 	confirmed-human-verified	medium	confirmed_human_engine_translation	confirmed-human-verified	magica/research/totentanz-full-localization-20260817/engine-i18n/ap-recovery-gap-verification.json#ENGINE-AP-DYNAMIC-TIMER-101;A:/magicaOLD/template/user/APPopup.html; native AP label shape from runtime screenshot; legacy consumer exact/^prefix contract	kind=prefix; verified AP recovery UI rule.
MT-00106	engine_runtime_i18n_confirmed_human	native_engine_i18n	madomagi/engine_i18n.tsv	418	zhCN	^1 AP will recover in 1:42 / AP will be fully recovered in 	距回复1 AP还有 1:42 / 距AP全部回复还有 	距回复1 AP还有 1:42 / 距AP全部回复还有 	madomagi/engine_i18n.tsv#418/zhCN	confirmed-human	new-root-human	magica/research/totentanz-full-localization-20260817/engine-i18n/ap-recovery-gap-verification.json#ENGINE-AP-DYNAMIC-TIMER-102;A:/magicaOLD/template/user/APPopup.html; native AP label shape from runtime screenshot; legacy consumer exact/^prefix contract	false	confirmed-context	confirmed-human-verified	^1 AP will recover in 1:42 / AP will be fully recovered in 		confirmed-human	ap-recovery-gap-verification	confirmed-human-ap-timer	confirmed human translation; native dynamic AP timer context	false	true; legacy client reads <files>/madomagi/engine_i18n.tsv	confirmed-human	距回复1 AP还有 1:42 / 距AP全部回复还有 	confirmed-human-verified	medium	confirmed_human_engine_translation	confirmed-human-verified	magica/research/totentanz-full-localization-20260817/engine-i18n/ap-recovery-gap-verification.json#ENGINE-AP-DYNAMIC-TIMER-102;A:/magicaOLD/template/user/APPopup.html; native AP label shape from runtime screenshot; legacy consumer exact/^prefix contract	kind=prefix; verified AP recovery UI rule.
MT-00107	engine_runtime_i18n_confirmed_human	native_engine_i18n	madomagi/engine_i18n.tsv	419	zhCN	^1 AP will recover in 1:43 / AP will be fully recovered in 	距回复1 AP还有 1:43 / 距AP全部回复还有 	距回复1 AP还有 1:43 / 距AP全部回复还有 	madomagi/engine_i18n.tsv#419/zhCN	confirmed-human	new-root-human	magica/research/totentanz-full-localization-20260817/engine-i18n/ap-recovery-gap-verification.json#ENGINE-AP-DYNAMIC-TIMER-103;A:/magicaOLD/template/user/APPopup.html; native AP label shape from runtime screenshot; legacy consumer exact/^prefix contract	false	confirmed-context	confirmed-human-verified	^1 AP will recover in 1:43 / AP will be fully recovered in 		confirmed-human	ap-recovery-gap-verification	confirmed-human-ap-timer	confirmed human translation; native dynamic AP timer context	false	true; legacy client reads <files>/madomagi/engine_i18n.tsv	confirmed-human	距回复1 AP还有 1:43 / 距AP全部回复还有 	confirmed-human-verified	medium	confirmed_human_engine_translation	confirmed-human-verified	magica/research/totentanz-full-localization-20260817/engine-i18n/ap-recovery-gap-verification.json#ENGINE-AP-DYNAMIC-TIMER-103;A:/magicaOLD/template/user/APPopup.html; native AP label shape from runtime screenshot; legacy consumer exact/^prefix contract	kind=prefix; verified AP recovery UI rule.
MT-00108	engine_runtime_i18n_confirmed_human	native_engine_i18n	madomagi/engine_i18n.tsv	420	zhCN	^1 AP will recover in 1:44 / AP will be fully recovered in 	距回复1 AP还有 1:44 / 距AP全部回复还有 	距回复1 AP还有 1:44 / 距AP全部回复还有 	madomagi/engine_i18n.tsv#420/zhCN	confirmed-human	new-root-human	magica/research/totentanz-full-localization-20260817/engine-i18n/ap-recovery-gap-verification.json#ENGINE-AP-DYNAMIC-TIMER-104;A:/magicaOLD/template/user/APPopup.html; native AP label shape from runtime screenshot; legacy consumer exact/^prefix contract	false	confirmed-context	confirmed-human-verified	^1 AP will recover in 1:44 / AP will be fully recovered in 		confirmed-human	ap-recovery-gap-verification	confirmed-human-ap-timer	confirmed human translation; native dynamic AP timer context	false	true; legacy client reads <files>/madomagi/engine_i18n.tsv	confirmed-human	距回复1 AP还有 1:44 / 距AP全部回复还有 	confirmed-human-verified	medium	confirmed_human_engine_translation	confirmed-human-verified	magica/research/totentanz-full-localization-20260817/engine-i18n/ap-recovery-gap-verification.json#ENGINE-AP-DYNAMIC-TIMER-104;A:/magicaOLD/template/user/APPopup.html; native AP label shape from runtime screenshot; legacy consumer exact/^prefix contract	kind=prefix; verified AP recovery UI rule.
MT-00109	engine_runtime_i18n_confirmed_human	native_engine_i18n	madomagi/engine_i18n.tsv	421	zhCN	^1 AP will recover in 1:45 / AP will be fully recovered in 	距回复1 AP还有 1:45 / 距AP全部回复还有 	距回复1 AP还有 1:45 / 距AP全部回复还有 	madomagi/engine_i18n.tsv#421/zhCN	confirmed-human	new-root-human	magica/research/totentanz-full-localization-20260817/engine-i18n/ap-recovery-gap-verification.json#ENGINE-AP-DYNAMIC-TIMER-105;A:/magicaOLD/template/user/APPopup.html; native AP label shape from runtime screenshot; legacy consumer exact/^prefix contract	false	confirmed-context	confirmed-human-verified	^1 AP will recover in 1:45 / AP will be fully recovered in 		confirmed-human	ap-recovery-gap-verification	confirmed-human-ap-timer	confirmed human translation; native dynamic AP timer context	false	true; legacy client reads <files>/madomagi/engine_i18n.tsv	confirmed-human	距回复1 AP还有 1:45 / 距AP全部回复还有 	confirmed-human-verified	medium	confirmed_human_engine_translation	confirmed-human-verified	magica/research/totentanz-full-localization-20260817/engine-i18n/ap-recovery-gap-verification.json#ENGINE-AP-DYNAMIC-TIMER-105;A:/magicaOLD/template/user/APPopup.html; native AP label shape from runtime screenshot; legacy consumer exact/^prefix contract	kind=prefix; verified AP recovery UI rule.
MT-00110	engine_runtime_i18n_confirmed_human	native_engine_i18n	madomagi/engine_i18n.tsv	422	zhCN	^1 AP will recover in 1:46 / AP will be fully recovered in 	距回复1 AP还有 1:46 / 距AP全部回复还有 	距回复1 AP还有 1:46 / 距AP全部回复还有 	madomagi/engine_i18n.tsv#422/zhCN	confirmed-human	new-root-human	magica/research/totentanz-full-localization-20260817/engine-i18n/ap-recovery-gap-verification.json#ENGINE-AP-DYNAMIC-TIMER-106;A:/magicaOLD/template/user/APPopup.html; native AP label shape from runtime screenshot; legacy consumer exact/^prefix contract	false	confirmed-context	confirmed-human-verified	^1 AP will recover in 1:46 / AP will be fully recovered in 		confirmed-human	ap-recovery-gap-verification	confirmed-human-ap-timer	confirmed human translation; native dynamic AP timer context	false	true; legacy client reads <files>/madomagi/engine_i18n.tsv	confirmed-human	距回复1 AP还有 1:46 / 距AP全部回复还有 	confirmed-human-verified	medium	confirmed_human_engine_translation	confirmed-human-verified	magica/research/totentanz-full-localization-20260817/engine-i18n/ap-recovery-gap-verification.json#ENGINE-AP-DYNAMIC-TIMER-106;A:/magicaOLD/template/user/APPopup.html; native AP label shape from runtime screenshot; legacy consumer exact/^prefix contract	kind=prefix; verified AP recovery UI rule.
MT-00111	engine_runtime_i18n_confirmed_human	native_engine_i18n	madomagi/engine_i18n.tsv	423	zhCN	^1 AP will recover in 1:47 / AP will be fully recovered in 	距回复1 AP还有 1:47 / 距AP全部回复还有 	距回复1 AP还有 1:47 / 距AP全部回复还有 	madomagi/engine_i18n.tsv#423/zhCN	confirmed-human	new-root-human	magica/research/totentanz-full-localization-20260817/engine-i18n/ap-recovery-gap-verification.json#ENGINE-AP-DYNAMIC-TIMER-107;A:/magicaOLD/template/user/APPopup.html; native AP label shape from runtime screenshot; legacy consumer exact/^prefix contract	false	confirmed-context	confirmed-human-verified	^1 AP will recover in 1:47 / AP will be fully recovered in 		confirmed-human	ap-recovery-gap-verification	confirmed-human-ap-timer	confirmed human translation; native dynamic AP timer context	false	true; legacy client reads <files>/madomagi/engine_i18n.tsv	confirmed-human	距回复1 AP还有 1:47 / 距AP全部回复还有 	confirmed-human-verified	medium	confirmed_human_engine_translation	confirmed-human-verified	magica/research/totentanz-full-localization-20260817/engine-i18n/ap-recovery-gap-verification.json#ENGINE-AP-DYNAMIC-TIMER-107;A:/magicaOLD/template/user/APPopup.html; native AP label shape from runtime screenshot; legacy consumer exact/^prefix contract	kind=prefix; verified AP recovery UI rule.
MT-00112	engine_runtime_i18n_confirmed_human	native_engine_i18n	madomagi/engine_i18n.tsv	424	zhCN	^1 AP will recover in 1:48 / AP will be fully recovered in 	距回复1 AP还有 1:48 / 距AP全部回复还有 	距回复1 AP还有 1:48 / 距AP全部回复还有 	madomagi/engine_i18n.tsv#424/zhCN	confirmed-human	new-root-human	magica/research/totentanz-full-localization-20260817/engine-i18n/ap-recovery-gap-verification.json#ENGINE-AP-DYNAMIC-TIMER-108;A:/magicaOLD/template/user/APPopup.html; native AP label shape from runtime screenshot; legacy consumer exact/^prefix contract	false	confirmed-context	confirmed-human-verified	^1 AP will recover in 1:48 / AP will be fully recovered in 		confirmed-human	ap-recovery-gap-verification	confirmed-human-ap-timer	confirmed human translation; native dynamic AP timer context	false	true; legacy client reads <files>/madomagi/engine_i18n.tsv	confirmed-human	距回复1 AP还有 1:48 / 距AP全部回复还有 	confirmed-human-verified	medium	confirmed_human_engine_translation	confirmed-human-verified	magica/research/totentanz-full-localization-20260817/engine-i18n/ap-recovery-gap-verification.json#ENGINE-AP-DYNAMIC-TIMER-108;A:/magicaOLD/template/user/APPopup.html; native AP label shape from runtime screenshot; legacy consumer exact/^prefix contract	kind=prefix; verified AP recovery UI rule.
MT-00113	engine_runtime_i18n_confirmed_human	native_engine_i18n	madomagi/engine_i18n.tsv	425	zhCN	^1 AP will recover in 1:49 / AP will be fully recovered in 	距回复1 AP还有 1:49 / 距AP全部回复还有 	距回复1 AP还有 1:49 / 距AP全部回复还有 	madomagi/engine_i18n.tsv#425/zhCN	confirmed-human	new-root-human	magica/research/totentanz-full-localization-20260817/engine-i18n/ap-recovery-gap-verification.json#ENGINE-AP-DYNAMIC-TIMER-109;A:/magicaOLD/template/user/APPopup.html; native AP label shape from runtime screenshot; legacy consumer exact/^prefix contract	false	confirmed-context	confirmed-human-verified	^1 AP will recover in 1:49 / AP will be fully recovered in 		confirmed-human	ap-recovery-gap-verification	confirmed-human-ap-timer	confirmed human translation; native dynamic AP timer context	false	true; legacy client reads <files>/madomagi/engine_i18n.tsv	confirmed-human	距回复1 AP还有 1:49 / 距AP全部回复还有 	confirmed-human-verified	medium	confirmed_human_engine_translation	confirmed-human-verified	magica/research/totentanz-full-localization-20260817/engine-i18n/ap-recovery-gap-verification.json#ENGINE-AP-DYNAMIC-TIMER-109;A:/magicaOLD/template/user/APPopup.html; native AP label shape from runtime screenshot; legacy consumer exact/^prefix contract	kind=prefix; verified AP recovery UI rule.
MT-00114	engine_runtime_i18n_confirmed_human	native_engine_i18n	madomagi/engine_i18n.tsv	426	zhCN	^1 AP will recover in 1:50 / AP will be fully recovered in 	距回复1 AP还有 1:50 / 距AP全部回复还有 	距回复1 AP还有 1:50 / 距AP全部回复还有 	madomagi/engine_i18n.tsv#426/zhCN	confirmed-human	new-root-human	magica/research/totentanz-full-localization-20260817/engine-i18n/ap-recovery-gap-verification.json#ENGINE-AP-DYNAMIC-TIMER-110;A:/magicaOLD/template/user/APPopup.html; native AP label shape from runtime screenshot; legacy consumer exact/^prefix contract	false	confirmed-context	confirmed-human-verified	^1 AP will recover in 1:50 / AP will be fully recovered in 		confirmed-human	ap-recovery-gap-verification	confirmed-human-ap-timer	confirmed human translation; native dynamic AP timer context	false	true; legacy client reads <files>/madomagi/engine_i18n.tsv	confirmed-human	距回复1 AP还有 1:50 / 距AP全部回复还有 	confirmed-human-verified	medium	confirmed_human_engine_translation	confirmed-human-verified	magica/research/totentanz-full-localization-20260817/engine-i18n/ap-recovery-gap-verification.json#ENGINE-AP-DYNAMIC-TIMER-110;A:/magicaOLD/template/user/APPopup.html; native AP label shape from runtime screenshot; legacy consumer exact/^prefix contract	kind=prefix; verified AP recovery UI rule.
MT-00115	engine_runtime_i18n_confirmed_human	native_engine_i18n	madomagi/engine_i18n.tsv	427	zhCN	^1 AP will recover in 1:51 / AP will be fully recovered in 	距回复1 AP还有 1:51 / 距AP全部回复还有 	距回复1 AP还有 1:51 / 距AP全部回复还有 	madomagi/engine_i18n.tsv#427/zhCN	confirmed-human	new-root-human	magica/research/totentanz-full-localization-20260817/engine-i18n/ap-recovery-gap-verification.json#ENGINE-AP-DYNAMIC-TIMER-111;A:/magicaOLD/template/user/APPopup.html; native AP label shape from runtime screenshot; legacy consumer exact/^prefix contract	false	confirmed-context	confirmed-human-verified	^1 AP will recover in 1:51 / AP will be fully recovered in 		confirmed-human	ap-recovery-gap-verification	confirmed-human-ap-timer	confirmed human translation; native dynamic AP timer context	false	true; legacy client reads <files>/madomagi/engine_i18n.tsv	confirmed-human	距回复1 AP还有 1:51 / 距AP全部回复还有 	confirmed-human-verified	medium	confirmed_human_engine_translation	confirmed-human-verified	magica/research/totentanz-full-localization-20260817/engine-i18n/ap-recovery-gap-verification.json#ENGINE-AP-DYNAMIC-TIMER-111;A:/magicaOLD/template/user/APPopup.html; native AP label shape from runtime screenshot; legacy consumer exact/^prefix contract	kind=prefix; verified AP recovery UI rule.
MT-00116	engine_runtime_i18n_confirmed_human	native_engine_i18n	madomagi/engine_i18n.tsv	428	zhCN	^1 AP will recover in 1:52 / AP will be fully recovered in 	距回复1 AP还有 1:52 / 距AP全部回复还有 	距回复1 AP还有 1:52 / 距AP全部回复还有 	madomagi/engine_i18n.tsv#428/zhCN	confirmed-human	new-root-human	magica/research/totentanz-full-localization-20260817/engine-i18n/ap-recovery-gap-verification.json#ENGINE-AP-DYNAMIC-TIMER-112;A:/magicaOLD/template/user/APPopup.html; native AP label shape from runtime screenshot; legacy consumer exact/^prefix contract	false	confirmed-context	confirmed-human-verified	^1 AP will recover in 1:52 / AP will be fully recovered in 		confirmed-human	ap-recovery-gap-verification	confirmed-human-ap-timer	confirmed human translation; native dynamic AP timer context	false	true; legacy client reads <files>/madomagi/engine_i18n.tsv	confirmed-human	距回复1 AP还有 1:52 / 距AP全部回复还有 	confirmed-human-verified	medium	confirmed_human_engine_translation	confirmed-human-verified	magica/research/totentanz-full-localization-20260817/engine-i18n/ap-recovery-gap-verification.json#ENGINE-AP-DYNAMIC-TIMER-112;A:/magicaOLD/template/user/APPopup.html; native AP label shape from runtime screenshot; legacy consumer exact/^prefix contract	kind=prefix; verified AP recovery UI rule.
MT-00117	engine_runtime_i18n_confirmed_human	native_engine_i18n	madomagi/engine_i18n.tsv	429	zhCN	^1 AP will recover in 1:53 / AP will be fully recovered in 	距回复1 AP还有 1:53 / 距AP全部回复还有 	距回复1 AP还有 1:53 / 距AP全部回复还有 	madomagi/engine_i18n.tsv#429/zhCN	confirmed-human	new-root-human	magica/research/totentanz-full-localization-20260817/engine-i18n/ap-recovery-gap-verification.json#ENGINE-AP-DYNAMIC-TIMER-113;A:/magicaOLD/template/user/APPopup.html; native AP label shape from runtime screenshot; legacy consumer exact/^prefix contract	false	confirmed-context	confirmed-human-verified	^1 AP will recover in 1:53 / AP will be fully recovered in 		confirmed-human	ap-recovery-gap-verification	confirmed-human-ap-timer	confirmed human translation; native dynamic AP timer context	false	true; legacy client reads <files>/madomagi/engine_i18n.tsv	confirmed-human	距回复1 AP还有 1:53 / 距AP全部回复还有 	confirmed-human-verified	medium	confirmed_human_engine_translation	confirmed-human-verified	magica/research/totentanz-full-localization-20260817/engine-i18n/ap-recovery-gap-verification.json#ENGINE-AP-DYNAMIC-TIMER-113;A:/magicaOLD/template/user/APPopup.html; native AP label shape from runtime screenshot; legacy consumer exact/^prefix contract	kind=prefix; verified AP recovery UI rule.
MT-00118	engine_runtime_i18n_confirmed_human	native_engine_i18n	madomagi/engine_i18n.tsv	430	zhCN	^1 AP will recover in 1:54 / AP will be fully recovered in 	距回复1 AP还有 1:54 / 距AP全部回复还有 	距回复1 AP还有 1:54 / 距AP全部回复还有 	madomagi/engine_i18n.tsv#430/zhCN	confirmed-human	new-root-human	magica/research/totentanz-full-localization-20260817/engine-i18n/ap-recovery-gap-verification.json#ENGINE-AP-DYNAMIC-TIMER-114;A:/magicaOLD/template/user/APPopup.html; native AP label shape from runtime screenshot; legacy consumer exact/^prefix contract	false	confirmed-context	confirmed-human-verified	^1 AP will recover in 1:54 / AP will be fully recovered in 		confirmed-human	ap-recovery-gap-verification	confirmed-human-ap-timer	confirmed human translation; native dynamic AP timer context	false	true; legacy client reads <files>/madomagi/engine_i18n.tsv	confirmed-human	距回复1 AP还有 1:54 / 距AP全部回复还有 	confirmed-human-verified	medium	confirmed_human_engine_translation	confirmed-human-verified	magica/research/totentanz-full-localization-20260817/engine-i18n/ap-recovery-gap-verification.json#ENGINE-AP-DYNAMIC-TIMER-114;A:/magicaOLD/template/user/APPopup.html; native AP label shape from runtime screenshot; legacy consumer exact/^prefix contract	kind=prefix; verified AP recovery UI rule.
MT-00119	engine_runtime_i18n_confirmed_human	native_engine_i18n	madomagi/engine_i18n.tsv	431	zhCN	^1 AP will recover in 1:55 / AP will be fully recovered in 	距回复1 AP还有 1:55 / 距AP全部回复还有 	距回复1 AP还有 1:55 / 距AP全部回复还有 	madomagi/engine_i18n.tsv#431/zhCN	confirmed-human	new-root-human	magica/research/totentanz-full-localization-20260817/engine-i18n/ap-recovery-gap-verification.json#ENGINE-AP-DYNAMIC-TIMER-115;A:/magicaOLD/template/user/APPopup.html; native AP label shape from runtime screenshot; legacy consumer exact/^prefix contract	false	confirmed-context	confirmed-human-verified	^1 AP will recover in 1:55 / AP will be fully recovered in 		confirmed-human	ap-recovery-gap-verification	confirmed-human-ap-timer	confirmed human translation; native dynamic AP timer context	false	true; legacy client reads <files>/madomagi/engine_i18n.tsv	confirmed-human	距回复1 AP还有 1:55 / 距AP全部回复还有 	confirmed-human-verified	medium	confirmed_human_engine_translation	confirmed-human-verified	magica/research/totentanz-full-localization-20260817/engine-i18n/ap-recovery-gap-verification.json#ENGINE-AP-DYNAMIC-TIMER-115;A:/magicaOLD/template/user/APPopup.html; native AP label shape from runtime screenshot; legacy consumer exact/^prefix contract	kind=prefix; verified AP recovery UI rule.
MT-00120	engine_runtime_i18n_confirmed_human	native_engine_i18n	madomagi/engine_i18n.tsv	432	zhCN	^1 AP will recover in 1:56 / AP will be fully recovered in 	距回复1 AP还有 1:56 / 距AP全部回复还有 	距回复1 AP还有 1:56 / 距AP全部回复还有 	madomagi/engine_i18n.tsv#432/zhCN	confirmed-human	new-root-human	magica/research/totentanz-full-localization-20260817/engine-i18n/ap-recovery-gap-verification.json#ENGINE-AP-DYNAMIC-TIMER-116;A:/magicaOLD/template/user/APPopup.html; native AP label shape from runtime screenshot; legacy consumer exact/^prefix contract	false	confirmed-context	confirmed-human-verified	^1 AP will recover in 1:56 / AP will be fully recovered in 		confirmed-human	ap-recovery-gap-verification	confirmed-human-ap-timer	confirmed human translation; native dynamic AP timer context	false	true; legacy client reads <files>/madomagi/engine_i18n.tsv	confirmed-human	距回复1 AP还有 1:56 / 距AP全部回复还有 	confirmed-human-verified	medium	confirmed_human_engine_translation	confirmed-human-verified	magica/research/totentanz-full-localization-20260817/engine-i18n/ap-recovery-gap-verification.json#ENGINE-AP-DYNAMIC-TIMER-116;A:/magicaOLD/template/user/APPopup.html; native AP label shape from runtime screenshot; legacy consumer exact/^prefix contract	kind=prefix; verified AP recovery UI rule.
MT-00121	engine_runtime_i18n_confirmed_human	native_engine_i18n	madomagi/engine_i18n.tsv	433	zhCN	^1 AP will recover in 1:57 / AP will be fully recovered in 	距回复1 AP还有 1:57 / 距AP全部回复还有 	距回复1 AP还有 1:57 / 距AP全部回复还有 	madomagi/engine_i18n.tsv#433/zhCN	confirmed-human	new-root-human	magica/research/totentanz-full-localization-20260817/engine-i18n/ap-recovery-gap-verification.json#ENGINE-AP-DYNAMIC-TIMER-117;A:/magicaOLD/template/user/APPopup.html; native AP label shape from runtime screenshot; legacy consumer exact/^prefix contract	false	confirmed-context	confirmed-human-verified	^1 AP will recover in 1:57 / AP will be fully recovered in 		confirmed-human	ap-recovery-gap-verification	confirmed-human-ap-timer	confirmed human translation; native dynamic AP timer context	false	true; legacy client reads <files>/madomagi/engine_i18n.tsv	confirmed-human	距回复1 AP还有 1:57 / 距AP全部回复还有 	confirmed-human-verified	medium	confirmed_human_engine_translation	confirmed-human-verified	magica/research/totentanz-full-localization-20260817/engine-i18n/ap-recovery-gap-verification.json#ENGINE-AP-DYNAMIC-TIMER-117;A:/magicaOLD/template/user/APPopup.html; native AP label shape from runtime screenshot; legacy consumer exact/^prefix contract	kind=prefix; verified AP recovery UI rule.
MT-00122	engine_runtime_i18n_confirmed_human	native_engine_i18n	madomagi/engine_i18n.tsv	434	zhCN	^1 AP will recover in 1:58 / AP will be fully recovered in 	距回复1 AP还有 1:58 / 距AP全部回复还有 	距回复1 AP还有 1:58 / 距AP全部回复还有 	madomagi/engine_i18n.tsv#434/zhCN	confirmed-human	new-root-human	magica/research/totentanz-full-localization-20260817/engine-i18n/ap-recovery-gap-verification.json#ENGINE-AP-DYNAMIC-TIMER-118;A:/magicaOLD/template/user/APPopup.html; native AP label shape from runtime screenshot; legacy consumer exact/^prefix contract	false	confirmed-context	confirmed-human-verified	^1 AP will recover in 1:58 / AP will be fully recovered in 		confirmed-human	ap-recovery-gap-verification	confirmed-human-ap-timer	confirmed human translation; native dynamic AP timer context	false	true; legacy client reads <files>/madomagi/engine_i18n.tsv	confirmed-human	距回复1 AP还有 1:58 / 距AP全部回复还有 	confirmed-human-verified	medium	confirmed_human_engine_translation	confirmed-human-verified	magica/research/totentanz-full-localization-20260817/engine-i18n/ap-recovery-gap-verification.json#ENGINE-AP-DYNAMIC-TIMER-118;A:/magicaOLD/template/user/APPopup.html; native AP label shape from runtime screenshot; legacy consumer exact/^prefix contract	kind=prefix; verified AP recovery UI rule.
MT-00123	engine_runtime_i18n_confirmed_human	native_engine_i18n	madomagi/engine_i18n.tsv	435	zhCN	^1 AP will recover in 1:59 / AP will be fully recovered in 	距回复1 AP还有 1:59 / 距AP全部回复还有 	距回复1 AP还有 1:59 / 距AP全部回复还有 	madomagi/engine_i18n.tsv#435/zhCN	confirmed-human	new-root-human	magica/research/totentanz-full-localization-20260817/engine-i18n/ap-recovery-gap-verification.json#ENGINE-AP-DYNAMIC-TIMER-119;A:/magicaOLD/template/user/APPopup.html; native AP label shape from runtime screenshot; legacy consumer exact/^prefix contract	false	confirmed-context	confirmed-human-verified	^1 AP will recover in 1:59 / AP will be fully recovered in 		confirmed-human	ap-recovery-gap-verification	confirmed-human-ap-timer	confirmed human translation; native dynamic AP timer context	false	true; legacy client reads <files>/madomagi/engine_i18n.tsv	confirmed-human	距回复1 AP还有 1:59 / 距AP全部回复还有 	confirmed-human-verified	medium	confirmed_human_engine_translation	confirmed-human-verified	magica/research/totentanz-full-localization-20260817/engine-i18n/ap-recovery-gap-verification.json#ENGINE-AP-DYNAMIC-TIMER-119;A:/magicaOLD/template/user/APPopup.html; native AP label shape from runtime screenshot; legacy consumer exact/^prefix contract	kind=prefix; verified AP recovery UI rule.
MT-00124	engine_runtime_i18n_confirmed_human	native_engine_i18n	madomagi/engine_i18n.tsv	436	zhCN	^1 AP will recover in 2:00 / AP will be fully recovered in 	距回复1 AP还有 2:00 / 距AP全部回复还有 	距回复1 AP还有 2:00 / 距AP全部回复还有 	madomagi/engine_i18n.tsv#436/zhCN	confirmed-human	new-root-human	magica/research/totentanz-full-localization-20260817/engine-i18n/ap-recovery-gap-verification.json#ENGINE-AP-DYNAMIC-TIMER-120;A:/magicaOLD/template/user/APPopup.html; native AP label shape from runtime screenshot; legacy consumer exact/^prefix contract	false	confirmed-context	confirmed-human-verified	^1 AP will recover in 2:00 / AP will be fully recovered in 		confirmed-human	ap-recovery-gap-verification	confirmed-human-ap-timer	confirmed human translation; native dynamic AP timer context	false	true; legacy client reads <files>/madomagi/engine_i18n.tsv	confirmed-human	距回复1 AP还有 2:00 / 距AP全部回复还有 	confirmed-human-verified	medium	confirmed_human_engine_translation	confirmed-human-verified	magica/research/totentanz-full-localization-20260817/engine-i18n/ap-recovery-gap-verification.json#ENGINE-AP-DYNAMIC-TIMER-120;A:/magicaOLD/template/user/APPopup.html; native AP label shape from runtime screenshot; legacy consumer exact/^prefix contract	kind=prefix; verified AP recovery UI rule.
MT-00125	engine_runtime_i18n_confirmed_human	native_engine_i18n	madomagi/engine_i18n.tsv	437	zhCN	^1 AP will recover in 2:01 / AP will be fully recovered in 	距回复1 AP还有 2:01 / 距AP全部回复还有 	距回复1 AP还有 2:01 / 距AP全部回复还有 	madomagi/engine_i18n.tsv#437/zhCN	confirmed-human	new-root-human	magica/research/totentanz-full-localization-20260817/engine-i18n/ap-recovery-gap-verification.json#ENGINE-AP-DYNAMIC-TIMER-121;A:/magicaOLD/template/user/APPopup.html; native AP label shape from runtime screenshot; legacy consumer exact/^prefix contract	false	confirmed-context	confirmed-human-verified	^1 AP will recover in 2:01 / AP will be fully recovered in 		confirmed-human	ap-recovery-gap-verification	confirmed-human-ap-timer	confirmed human translation; native dynamic AP timer context	false	true; legacy client reads <files>/madomagi/engine_i18n.tsv	confirmed-human	距回复1 AP还有 2:01 / 距AP全部回复还有 	confirmed-human-verified	medium	confirmed_human_engine_translation	confirmed-human-verified	magica/research/totentanz-full-localization-20260817/engine-i18n/ap-recovery-gap-verification.json#ENGINE-AP-DYNAMIC-TIMER-121;A:/magicaOLD/template/user/APPopup.html; native AP label shape from runtime screenshot; legacy consumer exact/^prefix contract	kind=prefix; verified AP recovery UI rule.
MT-00126	engine_runtime_i18n_confirmed_human	native_engine_i18n	madomagi/engine_i18n.tsv	438	zhCN	^1 AP will recover in 2:02 / AP will be fully recovered in 	距回复1 AP还有 2:02 / 距AP全部回复还有 	距回复1 AP还有 2:02 / 距AP全部回复还有 	madomagi/engine_i18n.tsv#438/zhCN	confirmed-human	new-root-human	magica/research/totentanz-full-localization-20260817/engine-i18n/ap-recovery-gap-verification.json#ENGINE-AP-DYNAMIC-TIMER-122;A:/magicaOLD/template/user/APPopup.html; native AP label shape from runtime screenshot; legacy consumer exact/^prefix contract	false	confirmed-context	confirmed-human-verified	^1 AP will recover in 2:02 / AP will be fully recovered in 		confirmed-human	ap-recovery-gap-verification	confirmed-human-ap-timer	confirmed human translation; native dynamic AP timer context	false	true; legacy client reads <files>/madomagi/engine_i18n.tsv	confirmed-human	距回复1 AP还有 2:02 / 距AP全部回复还有 	confirmed-human-verified	medium	confirmed_human_engine_translation	confirmed-human-verified	magica/research/totentanz-full-localization-20260817/engine-i18n/ap-recovery-gap-verification.json#ENGINE-AP-DYNAMIC-TIMER-122;A:/magicaOLD/template/user/APPopup.html; native AP label shape from runtime screenshot; legacy consumer exact/^prefix contract	kind=prefix; verified AP recovery UI rule.
MT-00127	engine_runtime_i18n_confirmed_human	native_engine_i18n	madomagi/engine_i18n.tsv	439	zhCN	^1 AP will recover in 2:03 / AP will be fully recovered in 	距回复1 AP还有 2:03 / 距AP全部回复还有 	距回复1 AP还有 2:03 / 距AP全部回复还有 	madomagi/engine_i18n.tsv#439/zhCN	confirmed-human	new-root-human	magica/research/totentanz-full-localization-20260817/engine-i18n/ap-recovery-gap-verification.json#ENGINE-AP-DYNAMIC-TIMER-123;A:/magicaOLD/template/user/APPopup.html; native AP label shape from runtime screenshot; legacy consumer exact/^prefix contract	false	confirmed-context	confirmed-human-verified	^1 AP will recover in 2:03 / AP will be fully recovered in 		confirmed-human	ap-recovery-gap-verification	confirmed-human-ap-timer	confirmed human translation; native dynamic AP timer context	false	true; legacy client reads <files>/madomagi/engine_i18n.tsv	confirmed-human	距回复1 AP还有 2:03 / 距AP全部回复还有 	confirmed-human-verified	medium	confirmed_human_engine_translation	confirmed-human-verified	magica/research/totentanz-full-localization-20260817/engine-i18n/ap-recovery-gap-verification.json#ENGINE-AP-DYNAMIC-TIMER-123;A:/magicaOLD/template/user/APPopup.html; native AP label shape from runtime screenshot; legacy consumer exact/^prefix contract	kind=prefix; verified AP recovery UI rule.
MT-00128	engine_runtime_i18n_confirmed_human	native_engine_i18n	madomagi/engine_i18n.tsv	440	zhCN	^1 AP will recover in 2:04 / AP will be fully recovered in 	距回复1 AP还有 2:04 / 距AP全部回复还有 	距回复1 AP还有 2:04 / 距AP全部回复还有 	madomagi/engine_i18n.tsv#440/zhCN	confirmed-human	new-root-human	magica/research/totentanz-full-localization-20260817/engine-i18n/ap-recovery-gap-verification.json#ENGINE-AP-DYNAMIC-TIMER-124;A:/magicaOLD/template/user/APPopup.html; native AP label shape from runtime screenshot; legacy consumer exact/^prefix contract	false	confirmed-context	confirmed-human-verified	^1 AP will recover in 2:04 / AP will be fully recovered in 		confirmed-human	ap-recovery-gap-verification	confirmed-human-ap-timer	confirmed human translation; native dynamic AP timer context	false	true; legacy client reads <files>/madomagi/engine_i18n.tsv	confirmed-human	距回复1 AP还有 2:04 / 距AP全部回复还有 	confirmed-human-verified	medium	confirmed_human_engine_translation	confirmed-human-verified	magica/research/totentanz-full-localization-20260817/engine-i18n/ap-recovery-gap-verification.json#ENGINE-AP-DYNAMIC-TIMER-124;A:/magicaOLD/template/user/APPopup.html; native AP label shape from runtime screenshot; legacy consumer exact/^prefix contract	kind=prefix; verified AP recovery UI rule.
MT-00129	engine_runtime_i18n_confirmed_human	native_engine_i18n	madomagi/engine_i18n.tsv	441	zhCN	^1 AP will recover in 2:05 / AP will be fully recovered in 	距回复1 AP还有 2:05 / 距AP全部回复还有 	距回复1 AP还有 2:05 / 距AP全部回复还有 	madomagi/engine_i18n.tsv#441/zhCN	confirmed-human	new-root-human	magica/research/totentanz-full-localization-20260817/engine-i18n/ap-recovery-gap-verification.json#ENGINE-AP-DYNAMIC-TIMER-125;A:/magicaOLD/template/user/APPopup.html; native AP label shape from runtime screenshot; legacy consumer exact/^prefix contract	false	confirmed-context	confirmed-human-verified	^1 AP will recover in 2:05 / AP will be fully recovered in 		confirmed-human	ap-recovery-gap-verification	confirmed-human-ap-timer	confirmed human translation; native dynamic AP timer context	false	true; legacy client reads <files>/madomagi/engine_i18n.tsv	confirmed-human	距回复1 AP还有 2:05 / 距AP全部回复还有 	confirmed-human-verified	medium	confirmed_human_engine_translation	confirmed-human-verified	magica/research/totentanz-full-localization-20260817/engine-i18n/ap-recovery-gap-verification.json#ENGINE-AP-DYNAMIC-TIMER-125;A:/magicaOLD/template/user/APPopup.html; native AP label shape from runtime screenshot; legacy consumer exact/^prefix contract	kind=prefix; verified AP recovery UI rule.
MT-00130	engine_runtime_i18n_confirmed_human	native_engine_i18n	madomagi/engine_i18n.tsv	442	zhCN	^1 AP will recover in 2:06 / AP will be fully recovered in 	距回复1 AP还有 2:06 / 距AP全部回复还有 	距回复1 AP还有 2:06 / 距AP全部回复还有 	madomagi/engine_i18n.tsv#442/zhCN	confirmed-human	new-root-human	magica/research/totentanz-full-localization-20260817/engine-i18n/ap-recovery-gap-verification.json#ENGINE-AP-DYNAMIC-TIMER-126;A:/magicaOLD/template/user/APPopup.html; native AP label shape from runtime screenshot; legacy consumer exact/^prefix contract	false	confirmed-context	confirmed-human-verified	^1 AP will recover in 2:06 / AP will be fully recovered in 		confirmed-human	ap-recovery-gap-verification	confirmed-human-ap-timer	confirmed human translation; native dynamic AP timer context	false	true; legacy client reads <files>/madomagi/engine_i18n.tsv	confirmed-human	距回复1 AP还有 2:06 / 距AP全部回复还有 	confirmed-human-verified	medium	confirmed_human_engine_translation	confirmed-human-verified	magica/research/totentanz-full-localization-20260817/engine-i18n/ap-recovery-gap-verification.json#ENGINE-AP-DYNAMIC-TIMER-126;A:/magicaOLD/template/user/APPopup.html; native AP label shape from runtime screenshot; legacy consumer exact/^prefix contract	kind=prefix; verified AP recovery UI rule.
MT-00131	engine_runtime_i18n_confirmed_human	native_engine_i18n	madomagi/engine_i18n.tsv	443	zhCN	^1 AP will recover in 2:07 / AP will be fully recovered in 	距回复1 AP还有 2:07 / 距AP全部回复还有 	距回复1 AP还有 2:07 / 距AP全部回复还有 	madomagi/engine_i18n.tsv#443/zhCN	confirmed-human	new-root-human	magica/research/totentanz-full-localization-20260817/engine-i18n/ap-recovery-gap-verification.json#ENGINE-AP-DYNAMIC-TIMER-127;A:/magicaOLD/template/user/APPopup.html; native AP label shape from runtime screenshot; legacy consumer exact/^prefix contract	false	confirmed-context	confirmed-human-verified	^1 AP will recover in 2:07 / AP will be fully recovered in 		confirmed-human	ap-recovery-gap-verification	confirmed-human-ap-timer	confirmed human translation; native dynamic AP timer context	false	true; legacy client reads <files>/madomagi/engine_i18n.tsv	confirmed-human	距回复1 AP还有 2:07 / 距AP全部回复还有 	confirmed-human-verified	medium	confirmed_human_engine_translation	confirmed-human-verified	magica/research/totentanz-full-localization-20260817/engine-i18n/ap-recovery-gap-verification.json#ENGINE-AP-DYNAMIC-TIMER-127;A:/magicaOLD/template/user/APPopup.html; native AP label shape from runtime screenshot; legacy consumer exact/^prefix contract	kind=prefix; verified AP recovery UI rule.
MT-00132	engine_runtime_i18n_confirmed_human	native_engine_i18n	madomagi/engine_i18n.tsv	444	zhCN	^1 AP will recover in 2:08 / AP will be fully recovered in 	距回复1 AP还有 2:08 / 距AP全部回复还有 	距回复1 AP还有 2:08 / 距AP全部回复还有 	madomagi/engine_i18n.tsv#444/zhCN	confirmed-human	new-root-human	magica/research/totentanz-full-localization-20260817/engine-i18n/ap-recovery-gap-verification.json#ENGINE-AP-DYNAMIC-TIMER-128;A:/magicaOLD/template/user/APPopup.html; native AP label shape from runtime screenshot; legacy consumer exact/^prefix contract	false	confirmed-context	confirmed-human-verified	^1 AP will recover in 2:08 / AP will be fully recovered in 		confirmed-human	ap-recovery-gap-verification	confirmed-human-ap-timer	confirmed human translation; native dynamic AP timer context	false	true; legacy client reads <files>/madomagi/engine_i18n.tsv	confirmed-human	距回复1 AP还有 2:08 / 距AP全部回复还有 	confirmed-human-verified	medium	confirmed_human_engine_translation	confirmed-human-verified	magica/research/totentanz-full-localization-20260817/engine-i18n/ap-recovery-gap-verification.json#ENGINE-AP-DYNAMIC-TIMER-128;A:/magicaOLD/template/user/APPopup.html; native AP label shape from runtime screenshot; legacy consumer exact/^prefix contract	kind=prefix; verified AP recovery UI rule.
MT-00133	engine_runtime_i18n_confirmed_human	native_engine_i18n	madomagi/engine_i18n.tsv	445	zhCN	^1 AP will recover in 2:09 / AP will be fully recovered in 	距回复1 AP还有 2:09 / 距AP全部回复还有 	距回复1 AP还有 2:09 / 距AP全部回复还有 	madomagi/engine_i18n.tsv#445/zhCN	confirmed-human	new-root-human	magica/research/totentanz-full-localization-20260817/engine-i18n/ap-recovery-gap-verification.json#ENGINE-AP-DYNAMIC-TIMER-129;A:/magicaOLD/template/user/APPopup.html; native AP label shape from runtime screenshot; legacy consumer exact/^prefix contract	false	confirmed-context	confirmed-human-verified	^1 AP will recover in 2:09 / AP will be fully recovered in 		confirmed-human	ap-recovery-gap-verification	confirmed-human-ap-timer	confirmed human translation; native dynamic AP timer context	false	true; legacy client reads <files>/madomagi/engine_i18n.tsv	confirmed-human	距回复1 AP还有 2:09 / 距AP全部回复还有 	confirmed-human-verified	medium	confirmed_human_engine_translation	confirmed-human-verified	magica/research/totentanz-full-localization-20260817/engine-i18n/ap-recovery-gap-verification.json#ENGINE-AP-DYNAMIC-TIMER-129;A:/magicaOLD/template/user/APPopup.html; native AP label shape from runtime screenshot; legacy consumer exact/^prefix contract	kind=prefix; verified AP recovery UI rule.
MT-00134	engine_runtime_i18n_confirmed_human	native_engine_i18n	madomagi/engine_i18n.tsv	446	zhCN	^1 AP will recover in 2:10 / AP will be fully recovered in 	距回复1 AP还有 2:10 / 距AP全部回复还有 	距回复1 AP还有 2:10 / 距AP全部回复还有 	madomagi/engine_i18n.tsv#446/zhCN	confirmed-human	new-root-human	magica/research/totentanz-full-localization-20260817/engine-i18n/ap-recovery-gap-verification.json#ENGINE-AP-DYNAMIC-TIMER-130;A:/magicaOLD/template/user/APPopup.html; native AP label shape from runtime screenshot; legacy consumer exact/^prefix contract	false	confirmed-context	confirmed-human-verified	^1 AP will recover in 2:10 / AP will be fully recovered in 		confirmed-human	ap-recovery-gap-verification	confirmed-human-ap-timer	confirmed human translation; native dynamic AP timer context	false	true; legacy client reads <files>/madomagi/engine_i18n.tsv	confirmed-human	距回复1 AP还有 2:10 / 距AP全部回复还有 	confirmed-human-verified	medium	confirmed_human_engine_translation	confirmed-human-verified	magica/research/totentanz-full-localization-20260817/engine-i18n/ap-recovery-gap-verification.json#ENGINE-AP-DYNAMIC-TIMER-130;A:/magicaOLD/template/user/APPopup.html; native AP label shape from runtime screenshot; legacy consumer exact/^prefix contract	kind=prefix; verified AP recovery UI rule.
MT-00135	engine_runtime_i18n_confirmed_human	native_engine_i18n	madomagi/engine_i18n.tsv	447	zhCN	^1 AP will recover in 2:11 / AP will be fully recovered in 	距回复1 AP还有 2:11 / 距AP全部回复还有 	距回复1 AP还有 2:11 / 距AP全部回复还有 	madomagi/engine_i18n.tsv#447/zhCN	confirmed-human	new-root-human	magica/research/totentanz-full-localization-20260817/engine-i18n/ap-recovery-gap-verification.json#ENGINE-AP-DYNAMIC-TIMER-131;A:/magicaOLD/template/user/APPopup.html; native AP label shape from runtime screenshot; legacy consumer exact/^prefix contract	false	confirmed-context	confirmed-human-verified	^1 AP will recover in 2:11 / AP will be fully recovered in 		confirmed-human	ap-recovery-gap-verification	confirmed-human-ap-timer	confirmed human translation; native dynamic AP timer context	false	true; legacy client reads <files>/madomagi/engine_i18n.tsv	confirmed-human	距回复1 AP还有 2:11 / 距AP全部回复还有 	confirmed-human-verified	medium	confirmed_human_engine_translation	confirmed-human-verified	magica/research/totentanz-full-localization-20260817/engine-i18n/ap-recovery-gap-verification.json#ENGINE-AP-DYNAMIC-TIMER-131;A:/magicaOLD/template/user/APPopup.html; native AP label shape from runtime screenshot; legacy consumer exact/^prefix contract	kind=prefix; verified AP recovery UI rule.
MT-00136	engine_runtime_i18n_confirmed_human	native_engine_i18n	madomagi/engine_i18n.tsv	448	zhCN	^1 AP will recover in 2:12 / AP will be fully recovered in 	距回复1 AP还有 2:12 / 距AP全部回复还有 	距回复1 AP还有 2:12 / 距AP全部回复还有 	madomagi/engine_i18n.tsv#448/zhCN	confirmed-human	new-root-human	magica/research/totentanz-full-localization-20260817/engine-i18n/ap-recovery-gap-verification.json#ENGINE-AP-DYNAMIC-TIMER-132;A:/magicaOLD/template/user/APPopup.html; native AP label shape from runtime screenshot; legacy consumer exact/^prefix contract	false	confirmed-context	confirmed-human-verified	^1 AP will recover in 2:12 / AP will be fully recovered in 		confirmed-human	ap-recovery-gap-verification	confirmed-human-ap-timer	confirmed human translation; native dynamic AP timer context	false	true; legacy client reads <files>/madomagi/engine_i18n.tsv	confirmed-human	距回复1 AP还有 2:12 / 距AP全部回复还有 	confirmed-human-verified	medium	confirmed_human_engine_translation	confirmed-human-verified	magica/research/totentanz-full-localization-20260817/engine-i18n/ap-recovery-gap-verification.json#ENGINE-AP-DYNAMIC-TIMER-132;A:/magicaOLD/template/user/APPopup.html; native AP label shape from runtime screenshot; legacy consumer exact/^prefix contract	kind=prefix; verified AP recovery UI rule.
MT-00137	engine_runtime_i18n_confirmed_human	native_engine_i18n	madomagi/engine_i18n.tsv	449	zhCN	^1 AP will recover in 2:13 / AP will be fully recovered in 	距回复1 AP还有 2:13 / 距AP全部回复还有 	距回复1 AP还有 2:13 / 距AP全部回复还有 	madomagi/engine_i18n.tsv#449/zhCN	confirmed-human	new-root-human	magica/research/totentanz-full-localization-20260817/engine-i18n/ap-recovery-gap-verification.json#ENGINE-AP-DYNAMIC-TIMER-133;A:/magicaOLD/template/user/APPopup.html; native AP label shape from runtime screenshot; legacy consumer exact/^prefix contract	false	confirmed-context	confirmed-human-verified	^1 AP will recover in 2:13 / AP will be fully recovered in 		confirmed-human	ap-recovery-gap-verification	confirmed-human-ap-timer	confirmed human translation; native dynamic AP timer context	false	true; legacy client reads <files>/madomagi/engine_i18n.tsv	confirmed-human	距回复1 AP还有 2:13 / 距AP全部回复还有 	confirmed-human-verified	medium	confirmed_human_engine_translation	confirmed-human-verified	magica/research/totentanz-full-localization-20260817/engine-i18n/ap-recovery-gap-verification.json#ENGINE-AP-DYNAMIC-TIMER-133;A:/magicaOLD/template/user/APPopup.html; native AP label shape from runtime screenshot; legacy consumer exact/^prefix contract	kind=prefix; verified AP recovery UI rule.
MT-00138	engine_runtime_i18n_confirmed_human	native_engine_i18n	madomagi/engine_i18n.tsv	450	zhCN	^1 AP will recover in 2:14 / AP will be fully recovered in 	距回复1 AP还有 2:14 / 距AP全部回复还有 	距回复1 AP还有 2:14 / 距AP全部回复还有 	madomagi/engine_i18n.tsv#450/zhCN	confirmed-human	new-root-human	magica/research/totentanz-full-localization-20260817/engine-i18n/ap-recovery-gap-verification.json#ENGINE-AP-DYNAMIC-TIMER-134;A:/magicaOLD/template/user/APPopup.html; native AP label shape from runtime screenshot; legacy consumer exact/^prefix contract	false	confirmed-context	confirmed-human-verified	^1 AP will recover in 2:14 / AP will be fully recovered in 		confirmed-human	ap-recovery-gap-verification	confirmed-human-ap-timer	confirmed human translation; native dynamic AP timer context	false	true; legacy client reads <files>/madomagi/engine_i18n.tsv	confirmed-human	距回复1 AP还有 2:14 / 距AP全部回复还有 	confirmed-human-verified	medium	confirmed_human_engine_translation	confirmed-human-verified	magica/research/totentanz-full-localization-20260817/engine-i18n/ap-recovery-gap-verification.json#ENGINE-AP-DYNAMIC-TIMER-134;A:/magicaOLD/template/user/APPopup.html; native AP label shape from runtime screenshot; legacy consumer exact/^prefix contract	kind=prefix; verified AP recovery UI rule.
MT-00139	engine_runtime_i18n_confirmed_human	native_engine_i18n	madomagi/engine_i18n.tsv	451	zhCN	^1 AP will recover in 2:15 / AP will be fully recovered in 	距回复1 AP还有 2:15 / 距AP全部回复还有 	距回复1 AP还有 2:15 / 距AP全部回复还有 	madomagi/engine_i18n.tsv#451/zhCN	confirmed-human	new-root-human	magica/research/totentanz-full-localization-20260817/engine-i18n/ap-recovery-gap-verification.json#ENGINE-AP-DYNAMIC-TIMER-135;A:/magicaOLD/template/user/APPopup.html; native AP label shape from runtime screenshot; legacy consumer exact/^prefix contract	false	confirmed-context	confirmed-human-verified	^1 AP will recover in 2:15 / AP will be fully recovered in 		confirmed-human	ap-recovery-gap-verification	confirmed-human-ap-timer	confirmed human translation; native dynamic AP timer context	false	true; legacy client reads <files>/madomagi/engine_i18n.tsv	confirmed-human	距回复1 AP还有 2:15 / 距AP全部回复还有 	confirmed-human-verified	medium	confirmed_human_engine_translation	confirmed-human-verified	magica/research/totentanz-full-localization-20260817/engine-i18n/ap-recovery-gap-verification.json#ENGINE-AP-DYNAMIC-TIMER-135;A:/magicaOLD/template/user/APPopup.html; native AP label shape from runtime screenshot; legacy consumer exact/^prefix contract	kind=prefix; verified AP recovery UI rule.
MT-00140	engine_runtime_i18n_confirmed_human	native_engine_i18n	madomagi/engine_i18n.tsv	452	zhCN	^1 AP will recover in 2:16 / AP will be fully recovered in 	距回复1 AP还有 2:16 / 距AP全部回复还有 	距回复1 AP还有 2:16 / 距AP全部回复还有 	madomagi/engine_i18n.tsv#452/zhCN	confirmed-human	new-root-human	magica/research/totentanz-full-localization-20260817/engine-i18n/ap-recovery-gap-verification.json#ENGINE-AP-DYNAMIC-TIMER-136;A:/magicaOLD/template/user/APPopup.html; native AP label shape from runtime screenshot; legacy consumer exact/^prefix contract	false	confirmed-context	confirmed-human-verified	^1 AP will recover in 2:16 / AP will be fully recovered in 		confirmed-human	ap-recovery-gap-verification	confirmed-human-ap-timer	confirmed human translation; native dynamic AP timer context	false	true; legacy client reads <files>/madomagi/engine_i18n.tsv	confirmed-human	距回复1 AP还有 2:16 / 距AP全部回复还有 	confirmed-human-verified	medium	confirmed_human_engine_translation	confirmed-human-verified	magica/research/totentanz-full-localization-20260817/engine-i18n/ap-recovery-gap-verification.json#ENGINE-AP-DYNAMIC-TIMER-136;A:/magicaOLD/template/user/APPopup.html; native AP label shape from runtime screenshot; legacy consumer exact/^prefix contract	kind=prefix; verified AP recovery UI rule.
MT-00141	engine_runtime_i18n_confirmed_human	native_engine_i18n	madomagi/engine_i18n.tsv	453	zhCN	^1 AP will recover in 2:17 / AP will be fully recovered in 	距回复1 AP还有 2:17 / 距AP全部回复还有 	距回复1 AP还有 2:17 / 距AP全部回复还有 	madomagi/engine_i18n.tsv#453/zhCN	confirmed-human	new-root-human	magica/research/totentanz-full-localization-20260817/engine-i18n/ap-recovery-gap-verification.json#ENGINE-AP-DYNAMIC-TIMER-137;A:/magicaOLD/template/user/APPopup.html; native AP label shape from runtime screenshot; legacy consumer exact/^prefix contract	false	confirmed-context	confirmed-human-verified	^1 AP will recover in 2:17 / AP will be fully recovered in 		confirmed-human	ap-recovery-gap-verification	confirmed-human-ap-timer	confirmed human translation; native dynamic AP timer context	false	true; legacy client reads <files>/madomagi/engine_i18n.tsv	confirmed-human	距回复1 AP还有 2:17 / 距AP全部回复还有 	confirmed-human-verified	medium	confirmed_human_engine_translation	confirmed-human-verified	magica/research/totentanz-full-localization-20260817/engine-i18n/ap-recovery-gap-verification.json#ENGINE-AP-DYNAMIC-TIMER-137;A:/magicaOLD/template/user/APPopup.html; native AP label shape from runtime screenshot; legacy consumer exact/^prefix contract	kind=prefix; verified AP recovery UI rule.
MT-00142	engine_runtime_i18n_confirmed_human	native_engine_i18n	madomagi/engine_i18n.tsv	454	zhCN	^1 AP will recover in 2:18 / AP will be fully recovered in 	距回复1 AP还有 2:18 / 距AP全部回复还有 	距回复1 AP还有 2:18 / 距AP全部回复还有 	madomagi/engine_i18n.tsv#454/zhCN	confirmed-human	new-root-human	magica/research/totentanz-full-localization-20260817/engine-i18n/ap-recovery-gap-verification.json#ENGINE-AP-DYNAMIC-TIMER-138;A:/magicaOLD/template/user/APPopup.html; native AP label shape from runtime screenshot; legacy consumer exact/^prefix contract	false	confirmed-context	confirmed-human-verified	^1 AP will recover in 2:18 / AP will be fully recovered in 		confirmed-human	ap-recovery-gap-verification	confirmed-human-ap-timer	confirmed human translation; native dynamic AP timer context	false	true; legacy client reads <files>/madomagi/engine_i18n.tsv	confirmed-human	距回复1 AP还有 2:18 / 距AP全部回复还有 	confirmed-human-verified	medium	confirmed_human_engine_translation	confirmed-human-verified	magica/research/totentanz-full-localization-20260817/engine-i18n/ap-recovery-gap-verification.json#ENGINE-AP-DYNAMIC-TIMER-138;A:/magicaOLD/template/user/APPopup.html; native AP label shape from runtime screenshot; legacy consumer exact/^prefix contract	kind=prefix; verified AP recovery UI rule.
MT-00143	engine_runtime_i18n_confirmed_human	native_engine_i18n	madomagi/engine_i18n.tsv	455	zhCN	^1 AP will recover in 2:19 / AP will be fully recovered in 	距回复1 AP还有 2:19 / 距AP全部回复还有 	距回复1 AP还有 2:19 / 距AP全部回复还有 	madomagi/engine_i18n.tsv#455/zhCN	confirmed-human	new-root-human	magica/research/totentanz-full-localization-20260817/engine-i18n/ap-recovery-gap-verification.json#ENGINE-AP-DYNAMIC-TIMER-139;A:/magicaOLD/template/user/APPopup.html; native AP label shape from runtime screenshot; legacy consumer exact/^prefix contract	false	confirmed-context	confirmed-human-verified	^1 AP will recover in 2:19 / AP will be fully recovered in 		confirmed-human	ap-recovery-gap-verification	confirmed-human-ap-timer	confirmed human translation; native dynamic AP timer context	false	true; legacy client reads <files>/madomagi/engine_i18n.tsv	confirmed-human	距回复1 AP还有 2:19 / 距AP全部回复还有 	confirmed-human-verified	medium	confirmed_human_engine_translation	confirmed-human-verified	magica/research/totentanz-full-localization-20260817/engine-i18n/ap-recovery-gap-verification.json#ENGINE-AP-DYNAMIC-TIMER-139;A:/magicaOLD/template/user/APPopup.html; native AP label shape from runtime screenshot; legacy consumer exact/^prefix contract	kind=prefix; verified AP recovery UI rule.
MT-00144	engine_runtime_i18n_confirmed_human	native_engine_i18n	madomagi/engine_i18n.tsv	456	zhCN	^1 AP will recover in 2:20 / AP will be fully recovered in 	距回复1 AP还有 2:20 / 距AP全部回复还有 	距回复1 AP还有 2:20 / 距AP全部回复还有 	madomagi/engine_i18n.tsv#456/zhCN	confirmed-human	new-root-human	magica/research/totentanz-full-localization-20260817/engine-i18n/ap-recovery-gap-verification.json#ENGINE-AP-DYNAMIC-TIMER-140;A:/magicaOLD/template/user/APPopup.html; native AP label shape from runtime screenshot; legacy consumer exact/^prefix contract	false	confirmed-context	confirmed-human-verified	^1 AP will recover in 2:20 / AP will be fully recovered in 		confirmed-human	ap-recovery-gap-verification	confirmed-human-ap-timer	confirmed human translation; native dynamic AP timer context	false	true; legacy client reads <files>/madomagi/engine_i18n.tsv	confirmed-human	距回复1 AP还有 2:20 / 距AP全部回复还有 	confirmed-human-verified	medium	confirmed_human_engine_translation	confirmed-human-verified	magica/research/totentanz-full-localization-20260817/engine-i18n/ap-recovery-gap-verification.json#ENGINE-AP-DYNAMIC-TIMER-140;A:/magicaOLD/template/user/APPopup.html; native AP label shape from runtime screenshot; legacy consumer exact/^prefix contract	kind=prefix; verified AP recovery UI rule.
MT-00145	engine_runtime_i18n_confirmed_human	native_engine_i18n	madomagi/engine_i18n.tsv	457	zhCN	^1 AP will recover in 2:21 / AP will be fully recovered in 	距回复1 AP还有 2:21 / 距AP全部回复还有 	距回复1 AP还有 2:21 / 距AP全部回复还有 	madomagi/engine_i18n.tsv#457/zhCN	confirmed-human	new-root-human	magica/research/totentanz-full-localization-20260817/engine-i18n/ap-recovery-gap-verification.json#ENGINE-AP-DYNAMIC-TIMER-141;A:/magicaOLD/template/user/APPopup.html; native AP label shape from runtime screenshot; legacy consumer exact/^prefix contract	false	confirmed-context	confirmed-human-verified	^1 AP will recover in 2:21 / AP will be fully recovered in 		confirmed-human	ap-recovery-gap-verification	confirmed-human-ap-timer	confirmed human translation; native dynamic AP timer context	false	true; legacy client reads <files>/madomagi/engine_i18n.tsv	confirmed-human	距回复1 AP还有 2:21 / 距AP全部回复还有 	confirmed-human-verified	medium	confirmed_human_engine_translation	confirmed-human-verified	magica/research/totentanz-full-localization-20260817/engine-i18n/ap-recovery-gap-verification.json#ENGINE-AP-DYNAMIC-TIMER-141;A:/magicaOLD/template/user/APPopup.html; native AP label shape from runtime screenshot; legacy consumer exact/^prefix contract	kind=prefix; verified AP recovery UI rule.
MT-00146	engine_runtime_i18n_confirmed_human	native_engine_i18n	madomagi/engine_i18n.tsv	458	zhCN	^1 AP will recover in 2:22 / AP will be fully recovered in 	距回复1 AP还有 2:22 / 距AP全部回复还有 	距回复1 AP还有 2:22 / 距AP全部回复还有 	madomagi/engine_i18n.tsv#458/zhCN	confirmed-human	new-root-human	magica/research/totentanz-full-localization-20260817/engine-i18n/ap-recovery-gap-verification.json#ENGINE-AP-DYNAMIC-TIMER-142;A:/magicaOLD/template/user/APPopup.html; native AP label shape from runtime screenshot; legacy consumer exact/^prefix contract	false	confirmed-context	confirmed-human-verified	^1 AP will recover in 2:22 / AP will be fully recovered in 		confirmed-human	ap-recovery-gap-verification	confirmed-human-ap-timer	confirmed human translation; native dynamic AP timer context	false	true; legacy client reads <files>/madomagi/engine_i18n.tsv	confirmed-human	距回复1 AP还有 2:22 / 距AP全部回复还有 	confirmed-human-verified	medium	confirmed_human_engine_translation	confirmed-human-verified	magica/research/totentanz-full-localization-20260817/engine-i18n/ap-recovery-gap-verification.json#ENGINE-AP-DYNAMIC-TIMER-142;A:/magicaOLD/template/user/APPopup.html; native AP label shape from runtime screenshot; legacy consumer exact/^prefix contract	kind=prefix; verified AP recovery UI rule.
MT-00147	engine_runtime_i18n_confirmed_human	native_engine_i18n	madomagi/engine_i18n.tsv	459	zhCN	^1 AP will recover in 2:23 / AP will be fully recovered in 	距回复1 AP还有 2:23 / 距AP全部回复还有 	距回复1 AP还有 2:23 / 距AP全部回复还有 	madomagi/engine_i18n.tsv#459/zhCN	confirmed-human	new-root-human	magica/research/totentanz-full-localization-20260817/engine-i18n/ap-recovery-gap-verification.json#ENGINE-AP-DYNAMIC-TIMER-143;A:/magicaOLD/template/user/APPopup.html; native AP label shape from runtime screenshot; legacy consumer exact/^prefix contract	false	confirmed-context	confirmed-human-verified	^1 AP will recover in 2:23 / AP will be fully recovered in 		confirmed-human	ap-recovery-gap-verification	confirmed-human-ap-timer	confirmed human translation; native dynamic AP timer context	false	true; legacy client reads <files>/madomagi/engine_i18n.tsv	confirmed-human	距回复1 AP还有 2:23 / 距AP全部回复还有 	confirmed-human-verified	medium	confirmed_human_engine_translation	confirmed-human-verified	magica/research/totentanz-full-localization-20260817/engine-i18n/ap-recovery-gap-verification.json#ENGINE-AP-DYNAMIC-TIMER-143;A:/magicaOLD/template/user/APPopup.html; native AP label shape from runtime screenshot; legacy consumer exact/^prefix contract	kind=prefix; verified AP recovery UI rule.
MT-00148	engine_runtime_i18n_confirmed_human	native_engine_i18n	madomagi/engine_i18n.tsv	460	zhCN	^1 AP will recover in 2:24 / AP will be fully recovered in 	距回复1 AP还有 2:24 / 距AP全部回复还有 	距回复1 AP还有 2:24 / 距AP全部回复还有 	madomagi/engine_i18n.tsv#460/zhCN	confirmed-human	new-root-human	magica/research/totentanz-full-localization-20260817/engine-i18n/ap-recovery-gap-verification.json#ENGINE-AP-DYNAMIC-TIMER-144;A:/magicaOLD/template/user/APPopup.html; native AP label shape from runtime screenshot; legacy consumer exact/^prefix contract	false	confirmed-context	confirmed-human-verified	^1 AP will recover in 2:24 / AP will be fully recovered in 		confirmed-human	ap-recovery-gap-verification	confirmed-human-ap-timer	confirmed human translation; native dynamic AP timer context	false	true; legacy client reads <files>/madomagi/engine_i18n.tsv	confirmed-human	距回复1 AP还有 2:24 / 距AP全部回复还有 	confirmed-human-verified	medium	confirmed_human_engine_translation	confirmed-human-verified	magica/research/totentanz-full-localization-20260817/engine-i18n/ap-recovery-gap-verification.json#ENGINE-AP-DYNAMIC-TIMER-144;A:/magicaOLD/template/user/APPopup.html; native AP label shape from runtime screenshot; legacy consumer exact/^prefix contract	kind=prefix; verified AP recovery UI rule.
MT-00149	engine_runtime_i18n_confirmed_human	native_engine_i18n	madomagi/engine_i18n.tsv	461	zhCN	^1 AP will recover in 2:25 / AP will be fully recovered in 	距回复1 AP还有 2:25 / 距AP全部回复还有 	距回复1 AP还有 2:25 / 距AP全部回复还有 	madomagi/engine_i18n.tsv#461/zhCN	confirmed-human	new-root-human	magica/research/totentanz-full-localization-20260817/engine-i18n/ap-recovery-gap-verification.json#ENGINE-AP-DYNAMIC-TIMER-145;A:/magicaOLD/template/user/APPopup.html; native AP label shape from runtime screenshot; legacy consumer exact/^prefix contract	false	confirmed-context	confirmed-human-verified	^1 AP will recover in 2:25 / AP will be fully recovered in 		confirmed-human	ap-recovery-gap-verification	confirmed-human-ap-timer	confirmed human translation; native dynamic AP timer context	false	true; legacy client reads <files>/madomagi/engine_i18n.tsv	confirmed-human	距回复1 AP还有 2:25 / 距AP全部回复还有 	confirmed-human-verified	medium	confirmed_human_engine_translation	confirmed-human-verified	magica/research/totentanz-full-localization-20260817/engine-i18n/ap-recovery-gap-verification.json#ENGINE-AP-DYNAMIC-TIMER-145;A:/magicaOLD/template/user/APPopup.html; native AP label shape from runtime screenshot; legacy consumer exact/^prefix contract	kind=prefix; verified AP recovery UI rule.
MT-00150	engine_runtime_i18n_confirmed_human	native_engine_i18n	madomagi/engine_i18n.tsv	462	zhCN	^1 AP will recover in 2:26 / AP will be fully recovered in 	距回复1 AP还有 2:26 / 距AP全部回复还有 	距回复1 AP还有 2:26 / 距AP全部回复还有 	madomagi/engine_i18n.tsv#462/zhCN	confirmed-human	new-root-human	magica/research/totentanz-full-localization-20260817/engine-i18n/ap-recovery-gap-verification.json#ENGINE-AP-DYNAMIC-TIMER-146;A:/magicaOLD/template/user/APPopup.html; native AP label shape from runtime screenshot; legacy consumer exact/^prefix contract	false	confirmed-context	confirmed-human-verified	^1 AP will recover in 2:26 / AP will be fully recovered in 		confirmed-human	ap-recovery-gap-verification	confirmed-human-ap-timer	confirmed human translation; native dynamic AP timer context	false	true; legacy client reads <files>/madomagi/engine_i18n.tsv	confirmed-human	距回复1 AP还有 2:26 / 距AP全部回复还有 	confirmed-human-verified	medium	confirmed_human_engine_translation	confirmed-human-verified	magica/research/totentanz-full-localization-20260817/engine-i18n/ap-recovery-gap-verification.json#ENGINE-AP-DYNAMIC-TIMER-146;A:/magicaOLD/template/user/APPopup.html; native AP label shape from runtime screenshot; legacy consumer exact/^prefix contract	kind=prefix; verified AP recovery UI rule.
MT-00151	engine_runtime_i18n_confirmed_human	native_engine_i18n	madomagi/engine_i18n.tsv	463	zhCN	^1 AP will recover in 2:27 / AP will be fully recovered in 	距回复1 AP还有 2:27 / 距AP全部回复还有 	距回复1 AP还有 2:27 / 距AP全部回复还有 	madomagi/engine_i18n.tsv#463/zhCN	confirmed-human	new-root-human	magica/research/totentanz-full-localization-20260817/engine-i18n/ap-recovery-gap-verification.json#ENGINE-AP-DYNAMIC-TIMER-147;A:/magicaOLD/template/user/APPopup.html; native AP label shape from runtime screenshot; legacy consumer exact/^prefix contract	false	confirmed-context	confirmed-human-verified	^1 AP will recover in 2:27 / AP will be fully recovered in 		confirmed-human	ap-recovery-gap-verification	confirmed-human-ap-timer	confirmed human translation; native dynamic AP timer context	false	true; legacy client reads <files>/madomagi/engine_i18n.tsv	confirmed-human	距回复1 AP还有 2:27 / 距AP全部回复还有 	confirmed-human-verified	medium	confirmed_human_engine_translation	confirmed-human-verified	magica/research/totentanz-full-localization-20260817/engine-i18n/ap-recovery-gap-verification.json#ENGINE-AP-DYNAMIC-TIMER-147;A:/magicaOLD/template/user/APPopup.html; native AP label shape from runtime screenshot; legacy consumer exact/^prefix contract	kind=prefix; verified AP recovery UI rule.
MT-00152	engine_runtime_i18n_confirmed_human	native_engine_i18n	madomagi/engine_i18n.tsv	464	zhCN	^1 AP will recover in 2:28 / AP will be fully recovered in 	距回复1 AP还有 2:28 / 距AP全部回复还有 	距回复1 AP还有 2:28 / 距AP全部回复还有 	madomagi/engine_i18n.tsv#464/zhCN	confirmed-human	new-root-human	magica/research/totentanz-full-localization-20260817/engine-i18n/ap-recovery-gap-verification.json#ENGINE-AP-DYNAMIC-TIMER-148;A:/magicaOLD/template/user/APPopup.html; native AP label shape from runtime screenshot; legacy consumer exact/^prefix contract	false	confirmed-context	confirmed-human-verified	^1 AP will recover in 2:28 / AP will be fully recovered in 		confirmed-human	ap-recovery-gap-verification	confirmed-human-ap-timer	confirmed human translation; native dynamic AP timer context	false	true; legacy client reads <files>/madomagi/engine_i18n.tsv	confirmed-human	距回复1 AP还有 2:28 / 距AP全部回复还有 	confirmed-human-verified	medium	confirmed_human_engine_translation	confirmed-human-verified	magica/research/totentanz-full-localization-20260817/engine-i18n/ap-recovery-gap-verification.json#ENGINE-AP-DYNAMIC-TIMER-148;A:/magicaOLD/template/user/APPopup.html; native AP label shape from runtime screenshot; legacy consumer exact/^prefix contract	kind=prefix; verified AP recovery UI rule.
MT-00153	engine_runtime_i18n_confirmed_human	native_engine_i18n	madomagi/engine_i18n.tsv	465	zhCN	^1 AP will recover in 2:29 / AP will be fully recovered in 	距回复1 AP还有 2:29 / 距AP全部回复还有 	距回复1 AP还有 2:29 / 距AP全部回复还有 	madomagi/engine_i18n.tsv#465/zhCN	confirmed-human	new-root-human	magica/research/totentanz-full-localization-20260817/engine-i18n/ap-recovery-gap-verification.json#ENGINE-AP-DYNAMIC-TIMER-149;A:/magicaOLD/template/user/APPopup.html; native AP label shape from runtime screenshot; legacy consumer exact/^prefix contract	false	confirmed-context	confirmed-human-verified	^1 AP will recover in 2:29 / AP will be fully recovered in 		confirmed-human	ap-recovery-gap-verification	confirmed-human-ap-timer	confirmed human translation; native dynamic AP timer context	false	true; legacy client reads <files>/madomagi/engine_i18n.tsv	confirmed-human	距回复1 AP还有 2:29 / 距AP全部回复还有 	confirmed-human-verified	medium	confirmed_human_engine_translation	confirmed-human-verified	magica/research/totentanz-full-localization-20260817/engine-i18n/ap-recovery-gap-verification.json#ENGINE-AP-DYNAMIC-TIMER-149;A:/magicaOLD/template/user/APPopup.html; native AP label shape from runtime screenshot; legacy consumer exact/^prefix contract	kind=prefix; verified AP recovery UI rule.
MT-00154	engine_runtime_i18n_confirmed_human	native_engine_i18n	madomagi/engine_i18n.tsv	466	zhCN	^1 AP will recover in 2:30 / AP will be fully recovered in 	距回复1 AP还有 2:30 / 距AP全部回复还有 	距回复1 AP还有 2:30 / 距AP全部回复还有 	madomagi/engine_i18n.tsv#466/zhCN	confirmed-human	new-root-human	magica/research/totentanz-full-localization-20260817/engine-i18n/ap-recovery-gap-verification.json#ENGINE-AP-DYNAMIC-TIMER-150;A:/magicaOLD/template/user/APPopup.html; native AP label shape from runtime screenshot; legacy consumer exact/^prefix contract	false	confirmed-context	confirmed-human-verified	^1 AP will recover in 2:30 / AP will be fully recovered in 		confirmed-human	ap-recovery-gap-verification	confirmed-human-ap-timer	confirmed human translation; native dynamic AP timer context	false	true; legacy client reads <files>/madomagi/engine_i18n.tsv	confirmed-human	距回复1 AP还有 2:30 / 距AP全部回复还有 	confirmed-human-verified	medium	confirmed_human_engine_translation	confirmed-human-verified	magica/research/totentanz-full-localization-20260817/engine-i18n/ap-recovery-gap-verification.json#ENGINE-AP-DYNAMIC-TIMER-150;A:/magicaOLD/template/user/APPopup.html; native AP label shape from runtime screenshot; legacy consumer exact/^prefix contract	kind=prefix; verified AP recovery UI rule.
MT-00155	engine_runtime_i18n_confirmed_human	native_engine_i18n	madomagi/engine_i18n.tsv	467	zhCN	^1 AP will recover in 2:31 / AP will be fully recovered in 	距回复1 AP还有 2:31 / 距AP全部回复还有 	距回复1 AP还有 2:31 / 距AP全部回复还有 	madomagi/engine_i18n.tsv#467/zhCN	confirmed-human	new-root-human	magica/research/totentanz-full-localization-20260817/engine-i18n/ap-recovery-gap-verification.json#ENGINE-AP-DYNAMIC-TIMER-151;A:/magicaOLD/template/user/APPopup.html; native AP label shape from runtime screenshot; legacy consumer exact/^prefix contract	false	confirmed-context	confirmed-human-verified	^1 AP will recover in 2:31 / AP will be fully recovered in 		confirmed-human	ap-recovery-gap-verification	confirmed-human-ap-timer	confirmed human translation; native dynamic AP timer context	false	true; legacy client reads <files>/madomagi/engine_i18n.tsv	confirmed-human	距回复1 AP还有 2:31 / 距AP全部回复还有 	confirmed-human-verified	medium	confirmed_human_engine_translation	confirmed-human-verified	magica/research/totentanz-full-localization-20260817/engine-i18n/ap-recovery-gap-verification.json#ENGINE-AP-DYNAMIC-TIMER-151;A:/magicaOLD/template/user/APPopup.html; native AP label shape from runtime screenshot; legacy consumer exact/^prefix contract	kind=prefix; verified AP recovery UI rule.
MT-00156	engine_runtime_i18n_confirmed_human	native_engine_i18n	madomagi/engine_i18n.tsv	468	zhCN	^1 AP will recover in 2:32 / AP will be fully recovered in 	距回复1 AP还有 2:32 / 距AP全部回复还有 	距回复1 AP还有 2:32 / 距AP全部回复还有 	madomagi/engine_i18n.tsv#468/zhCN	confirmed-human	new-root-human	magica/research/totentanz-full-localization-20260817/engine-i18n/ap-recovery-gap-verification.json#ENGINE-AP-DYNAMIC-TIMER-152;A:/magicaOLD/template/user/APPopup.html; native AP label shape from runtime screenshot; legacy consumer exact/^prefix contract	false	confirmed-context	confirmed-human-verified	^1 AP will recover in 2:32 / AP will be fully recovered in 		confirmed-human	ap-recovery-gap-verification	confirmed-human-ap-timer	confirmed human translation; native dynamic AP timer context	false	true; legacy client reads <files>/madomagi/engine_i18n.tsv	confirmed-human	距回复1 AP还有 2:32 / 距AP全部回复还有 	confirmed-human-verified	medium	confirmed_human_engine_translation	confirmed-human-verified	magica/research/totentanz-full-localization-20260817/engine-i18n/ap-recovery-gap-verification.json#ENGINE-AP-DYNAMIC-TIMER-152;A:/magicaOLD/template/user/APPopup.html; native AP label shape from runtime screenshot; legacy consumer exact/^prefix contract	kind=prefix; verified AP recovery UI rule.
MT-00157	engine_runtime_i18n_confirmed_human	native_engine_i18n	madomagi/engine_i18n.tsv	469	zhCN	^1 AP will recover in 2:33 / AP will be fully recovered in 	距回复1 AP还有 2:33 / 距AP全部回复还有 	距回复1 AP还有 2:33 / 距AP全部回复还有 	madomagi/engine_i18n.tsv#469/zhCN	confirmed-human	new-root-human	magica/research/totentanz-full-localization-20260817/engine-i18n/ap-recovery-gap-verification.json#ENGINE-AP-DYNAMIC-TIMER-153;A:/magicaOLD/template/user/APPopup.html; native AP label shape from runtime screenshot; legacy consumer exact/^prefix contract	false	confirmed-context	confirmed-human-verified	^1 AP will recover in 2:33 / AP will be fully recovered in 		confirmed-human	ap-recovery-gap-verification	confirmed-human-ap-timer	confirmed human translation; native dynamic AP timer context	false	true; legacy client reads <files>/madomagi/engine_i18n.tsv	confirmed-human	距回复1 AP还有 2:33 / 距AP全部回复还有 	confirmed-human-verified	medium	confirmed_human_engine_translation	confirmed-human-verified	magica/research/totentanz-full-localization-20260817/engine-i18n/ap-recovery-gap-verification.json#ENGINE-AP-DYNAMIC-TIMER-153;A:/magicaOLD/template/user/APPopup.html; native AP label shape from runtime screenshot; legacy consumer exact/^prefix contract	kind=prefix; verified AP recovery UI rule.
MT-00158	engine_runtime_i18n_confirmed_human	native_engine_i18n	madomagi/engine_i18n.tsv	470	zhCN	^1 AP will recover in 2:34 / AP will be fully recovered in 	距回复1 AP还有 2:34 / 距AP全部回复还有 	距回复1 AP还有 2:34 / 距AP全部回复还有 	madomagi/engine_i18n.tsv#470/zhCN	confirmed-human	new-root-human	magica/research/totentanz-full-localization-20260817/engine-i18n/ap-recovery-gap-verification.json#ENGINE-AP-DYNAMIC-TIMER-154;A:/magicaOLD/template/user/APPopup.html; native AP label shape from runtime screenshot; legacy consumer exact/^prefix contract	false	confirmed-context	confirmed-human-verified	^1 AP will recover in 2:34 / AP will be fully recovered in 		confirmed-human	ap-recovery-gap-verification	confirmed-human-ap-timer	confirmed human translation; native dynamic AP timer context	false	true; legacy client reads <files>/madomagi/engine_i18n.tsv	confirmed-human	距回复1 AP还有 2:34 / 距AP全部回复还有 	confirmed-human-verified	medium	confirmed_human_engine_translation	confirmed-human-verified	magica/research/totentanz-full-localization-20260817/engine-i18n/ap-recovery-gap-verification.json#ENGINE-AP-DYNAMIC-TIMER-154;A:/magicaOLD/template/user/APPopup.html; native AP label shape from runtime screenshot; legacy consumer exact/^prefix contract	kind=prefix; verified AP recovery UI rule.
MT-00159	engine_runtime_i18n_confirmed_human	native_engine_i18n	madomagi/engine_i18n.tsv	471	zhCN	^1 AP will recover in 2:35 / AP will be fully recovered in 	距回复1 AP还有 2:35 / 距AP全部回复还有 	距回复1 AP还有 2:35 / 距AP全部回复还有 	madomagi/engine_i18n.tsv#471/zhCN	confirmed-human	new-root-human	magica/research/totentanz-full-localization-20260817/engine-i18n/ap-recovery-gap-verification.json#ENGINE-AP-DYNAMIC-TIMER-155;A:/magicaOLD/template/user/APPopup.html; native AP label shape from runtime screenshot; legacy consumer exact/^prefix contract	false	confirmed-context	confirmed-human-verified	^1 AP will recover in 2:35 / AP will be fully recovered in 		confirmed-human	ap-recovery-gap-verification	confirmed-human-ap-timer	confirmed human translation; native dynamic AP timer context	false	true; legacy client reads <files>/madomagi/engine_i18n.tsv	confirmed-human	距回复1 AP还有 2:35 / 距AP全部回复还有 	confirmed-human-verified	medium	confirmed_human_engine_translation	confirmed-human-verified	magica/research/totentanz-full-localization-20260817/engine-i18n/ap-recovery-gap-verification.json#ENGINE-AP-DYNAMIC-TIMER-155;A:/magicaOLD/template/user/APPopup.html; native AP label shape from runtime screenshot; legacy consumer exact/^prefix contract	kind=prefix; verified AP recovery UI rule.
MT-00160	engine_runtime_i18n_confirmed_human	native_engine_i18n	madomagi/engine_i18n.tsv	472	zhCN	^1 AP will recover in 2:36 / AP will be fully recovered in 	距回复1 AP还有 2:36 / 距AP全部回复还有 	距回复1 AP还有 2:36 / 距AP全部回复还有 	madomagi/engine_i18n.tsv#472/zhCN	confirmed-human	new-root-human	magica/research/totentanz-full-localization-20260817/engine-i18n/ap-recovery-gap-verification.json#ENGINE-AP-DYNAMIC-TIMER-156;A:/magicaOLD/template/user/APPopup.html; native AP label shape from runtime screenshot; legacy consumer exact/^prefix contract	false	confirmed-context	confirmed-human-verified	^1 AP will recover in 2:36 / AP will be fully recovered in 		confirmed-human	ap-recovery-gap-verification	confirmed-human-ap-timer	confirmed human translation; native dynamic AP timer context	false	true; legacy client reads <files>/madomagi/engine_i18n.tsv	confirmed-human	距回复1 AP还有 2:36 / 距AP全部回复还有 	confirmed-human-verified	medium	confirmed_human_engine_translation	confirmed-human-verified	magica/research/totentanz-full-localization-20260817/engine-i18n/ap-recovery-gap-verification.json#ENGINE-AP-DYNAMIC-TIMER-156;A:/magicaOLD/template/user/APPopup.html; native AP label shape from runtime screenshot; legacy consumer exact/^prefix contract	kind=prefix; verified AP recovery UI rule.
MT-00161	engine_runtime_i18n_confirmed_human	native_engine_i18n	madomagi/engine_i18n.tsv	473	zhCN	^1 AP will recover in 2:37 / AP will be fully recovered in 	距回复1 AP还有 2:37 / 距AP全部回复还有 	距回复1 AP还有 2:37 / 距AP全部回复还有 	madomagi/engine_i18n.tsv#473/zhCN	confirmed-human	new-root-human	magica/research/totentanz-full-localization-20260817/engine-i18n/ap-recovery-gap-verification.json#ENGINE-AP-DYNAMIC-TIMER-157;A:/magicaOLD/template/user/APPopup.html; native AP label shape from runtime screenshot; legacy consumer exact/^prefix contract	false	confirmed-context	confirmed-human-verified	^1 AP will recover in 2:37 / AP will be fully recovered in 		confirmed-human	ap-recovery-gap-verification	confirmed-human-ap-timer	confirmed human translation; native dynamic AP timer context	false	true; legacy client reads <files>/madomagi/engine_i18n.tsv	confirmed-human	距回复1 AP还有 2:37 / 距AP全部回复还有 	confirmed-human-verified	medium	confirmed_human_engine_translation	confirmed-human-verified	magica/research/totentanz-full-localization-20260817/engine-i18n/ap-recovery-gap-verification.json#ENGINE-AP-DYNAMIC-TIMER-157;A:/magicaOLD/template/user/APPopup.html; native AP label shape from runtime screenshot; legacy consumer exact/^prefix contract	kind=prefix; verified AP recovery UI rule.
MT-00162	engine_runtime_i18n_confirmed_human	native_engine_i18n	madomagi/engine_i18n.tsv	474	zhCN	^1 AP will recover in 2:38 / AP will be fully recovered in 	距回复1 AP还有 2:38 / 距AP全部回复还有 	距回复1 AP还有 2:38 / 距AP全部回复还有 	madomagi/engine_i18n.tsv#474/zhCN	confirmed-human	new-root-human	magica/research/totentanz-full-localization-20260817/engine-i18n/ap-recovery-gap-verification.json#ENGINE-AP-DYNAMIC-TIMER-158;A:/magicaOLD/template/user/APPopup.html; native AP label shape from runtime screenshot; legacy consumer exact/^prefix contract	false	confirmed-context	confirmed-human-verified	^1 AP will recover in 2:38 / AP will be fully recovered in 		confirmed-human	ap-recovery-gap-verification	confirmed-human-ap-timer	confirmed human translation; native dynamic AP timer context	false	true; legacy client reads <files>/madomagi/engine_i18n.tsv	confirmed-human	距回复1 AP还有 2:38 / 距AP全部回复还有 	confirmed-human-verified	medium	confirmed_human_engine_translation	confirmed-human-verified	magica/research/totentanz-full-localization-20260817/engine-i18n/ap-recovery-gap-verification.json#ENGINE-AP-DYNAMIC-TIMER-158;A:/magicaOLD/template/user/APPopup.html; native AP label shape from runtime screenshot; legacy consumer exact/^prefix contract	kind=prefix; verified AP recovery UI rule.
MT-00163	engine_runtime_i18n_confirmed_human	native_engine_i18n	madomagi/engine_i18n.tsv	475	zhCN	^1 AP will recover in 2:39 / AP will be fully recovered in 	距回复1 AP还有 2:39 / 距AP全部回复还有 	距回复1 AP还有 2:39 / 距AP全部回复还有 	madomagi/engine_i18n.tsv#475/zhCN	confirmed-human	new-root-human	magica/research/totentanz-full-localization-20260817/engine-i18n/ap-recovery-gap-verification.json#ENGINE-AP-DYNAMIC-TIMER-159;A:/magicaOLD/template/user/APPopup.html; native AP label shape from runtime screenshot; legacy consumer exact/^prefix contract	false	confirmed-context	confirmed-human-verified	^1 AP will recover in 2:39 / AP will be fully recovered in 		confirmed-human	ap-recovery-gap-verification	confirmed-human-ap-timer	confirmed human translation; native dynamic AP timer context	false	true; legacy client reads <files>/madomagi/engine_i18n.tsv	confirmed-human	距回复1 AP还有 2:39 / 距AP全部回复还有 	confirmed-human-verified	medium	confirmed_human_engine_translation	confirmed-human-verified	magica/research/totentanz-full-localization-20260817/engine-i18n/ap-recovery-gap-verification.json#ENGINE-AP-DYNAMIC-TIMER-159;A:/magicaOLD/template/user/APPopup.html; native AP label shape from runtime screenshot; legacy consumer exact/^prefix contract	kind=prefix; verified AP recovery UI rule.
MT-00164	engine_runtime_i18n_confirmed_human	native_engine_i18n	madomagi/engine_i18n.tsv	476	zhCN	^1 AP will recover in 2:40 / AP will be fully recovered in 	距回复1 AP还有 2:40 / 距AP全部回复还有 	距回复1 AP还有 2:40 / 距AP全部回复还有 	madomagi/engine_i18n.tsv#476/zhCN	confirmed-human	new-root-human	magica/research/totentanz-full-localization-20260817/engine-i18n/ap-recovery-gap-verification.json#ENGINE-AP-DYNAMIC-TIMER-160;A:/magicaOLD/template/user/APPopup.html; native AP label shape from runtime screenshot; legacy consumer exact/^prefix contract	false	confirmed-context	confirmed-human-verified	^1 AP will recover in 2:40 / AP will be fully recovered in 		confirmed-human	ap-recovery-gap-verification	confirmed-human-ap-timer	confirmed human translation; native dynamic AP timer context	false	true; legacy client reads <files>/madomagi/engine_i18n.tsv	confirmed-human	距回复1 AP还有 2:40 / 距AP全部回复还有 	confirmed-human-verified	medium	confirmed_human_engine_translation	confirmed-human-verified	magica/research/totentanz-full-localization-20260817/engine-i18n/ap-recovery-gap-verification.json#ENGINE-AP-DYNAMIC-TIMER-160;A:/magicaOLD/template/user/APPopup.html; native AP label shape from runtime screenshot; legacy consumer exact/^prefix contract	kind=prefix; verified AP recovery UI rule.
MT-00165	engine_runtime_i18n_confirmed_human	native_engine_i18n	madomagi/engine_i18n.tsv	477	zhCN	^1 AP will recover in 2:41 / AP will be fully recovered in 	距回复1 AP还有 2:41 / 距AP全部回复还有 	距回复1 AP还有 2:41 / 距AP全部回复还有 	madomagi/engine_i18n.tsv#477/zhCN	confirmed-human	new-root-human	magica/research/totentanz-full-localization-20260817/engine-i18n/ap-recovery-gap-verification.json#ENGINE-AP-DYNAMIC-TIMER-161;A:/magicaOLD/template/user/APPopup.html; native AP label shape from runtime screenshot; legacy consumer exact/^prefix contract	false	confirmed-context	confirmed-human-verified	^1 AP will recover in 2:41 / AP will be fully recovered in 		confirmed-human	ap-recovery-gap-verification	confirmed-human-ap-timer	confirmed human translation; native dynamic AP timer context	false	true; legacy client reads <files>/madomagi/engine_i18n.tsv	confirmed-human	距回复1 AP还有 2:41 / 距AP全部回复还有 	confirmed-human-verified	medium	confirmed_human_engine_translation	confirmed-human-verified	magica/research/totentanz-full-localization-20260817/engine-i18n/ap-recovery-gap-verification.json#ENGINE-AP-DYNAMIC-TIMER-161;A:/magicaOLD/template/user/APPopup.html; native AP label shape from runtime screenshot; legacy consumer exact/^prefix contract	kind=prefix; verified AP recovery UI rule.
MT-00166	engine_runtime_i18n_confirmed_human	native_engine_i18n	madomagi/engine_i18n.tsv	478	zhCN	^1 AP will recover in 2:42 / AP will be fully recovered in 	距回复1 AP还有 2:42 / 距AP全部回复还有 	距回复1 AP还有 2:42 / 距AP全部回复还有 	madomagi/engine_i18n.tsv#478/zhCN	confirmed-human	new-root-human	magica/research/totentanz-full-localization-20260817/engine-i18n/ap-recovery-gap-verification.json#ENGINE-AP-DYNAMIC-TIMER-162;A:/magicaOLD/template/user/APPopup.html; native AP label shape from runtime screenshot; legacy consumer exact/^prefix contract	false	confirmed-context	confirmed-human-verified	^1 AP will recover in 2:42 / AP will be fully recovered in 		confirmed-human	ap-recovery-gap-verification	confirmed-human-ap-timer	confirmed human translation; native dynamic AP timer context	false	true; legacy client reads <files>/madomagi/engine_i18n.tsv	confirmed-human	距回复1 AP还有 2:42 / 距AP全部回复还有 	confirmed-human-verified	medium	confirmed_human_engine_translation	confirmed-human-verified	magica/research/totentanz-full-localization-20260817/engine-i18n/ap-recovery-gap-verification.json#ENGINE-AP-DYNAMIC-TIMER-162;A:/magicaOLD/template/user/APPopup.html; native AP label shape from runtime screenshot; legacy consumer exact/^prefix contract	kind=prefix; verified AP recovery UI rule.
MT-00167	engine_runtime_i18n_confirmed_human	native_engine_i18n	madomagi/engine_i18n.tsv	479	zhCN	^1 AP will recover in 2:43 / AP will be fully recovered in 	距回复1 AP还有 2:43 / 距AP全部回复还有 	距回复1 AP还有 2:43 / 距AP全部回复还有 	madomagi/engine_i18n.tsv#479/zhCN	confirmed-human	new-root-human	magica/research/totentanz-full-localization-20260817/engine-i18n/ap-recovery-gap-verification.json#ENGINE-AP-DYNAMIC-TIMER-163;A:/magicaOLD/template/user/APPopup.html; native AP label shape from runtime screenshot; legacy consumer exact/^prefix contract	false	confirmed-context	confirmed-human-verified	^1 AP will recover in 2:43 / AP will be fully recovered in 		confirmed-human	ap-recovery-gap-verification	confirmed-human-ap-timer	confirmed human translation; native dynamic AP timer context	false	true; legacy client reads <files>/madomagi/engine_i18n.tsv	confirmed-human	距回复1 AP还有 2:43 / 距AP全部回复还有 	confirmed-human-verified	medium	confirmed_human_engine_translation	confirmed-human-verified	magica/research/totentanz-full-localization-20260817/engine-i18n/ap-recovery-gap-verification.json#ENGINE-AP-DYNAMIC-TIMER-163;A:/magicaOLD/template/user/APPopup.html; native AP label shape from runtime screenshot; legacy consumer exact/^prefix contract	kind=prefix; verified AP recovery UI rule.
MT-00168	engine_runtime_i18n_confirmed_human	native_engine_i18n	madomagi/engine_i18n.tsv	480	zhCN	^1 AP will recover in 2:44 / AP will be fully recovered in 	距回复1 AP还有 2:44 / 距AP全部回复还有 	距回复1 AP还有 2:44 / 距AP全部回复还有 	madomagi/engine_i18n.tsv#480/zhCN	confirmed-human	new-root-human	magica/research/totentanz-full-localization-20260817/engine-i18n/ap-recovery-gap-verification.json#ENGINE-AP-DYNAMIC-TIMER-164;A:/magicaOLD/template/user/APPopup.html; native AP label shape from runtime screenshot; legacy consumer exact/^prefix contract	false	confirmed-context	confirmed-human-verified	^1 AP will recover in 2:44 / AP will be fully recovered in 		confirmed-human	ap-recovery-gap-verification	confirmed-human-ap-timer	confirmed human translation; native dynamic AP timer context	false	true; legacy client reads <files>/madomagi/engine_i18n.tsv	confirmed-human	距回复1 AP还有 2:44 / 距AP全部回复还有 	confirmed-human-verified	medium	confirmed_human_engine_translation	confirmed-human-verified	magica/research/totentanz-full-localization-20260817/engine-i18n/ap-recovery-gap-verification.json#ENGINE-AP-DYNAMIC-TIMER-164;A:/magicaOLD/template/user/APPopup.html; native AP label shape from runtime screenshot; legacy consumer exact/^prefix contract	kind=prefix; verified AP recovery UI rule.
MT-00169	engine_runtime_i18n_confirmed_human	native_engine_i18n	madomagi/engine_i18n.tsv	481	zhCN	^1 AP will recover in 2:45 / AP will be fully recovered in 	距回复1 AP还有 2:45 / 距AP全部回复还有 	距回复1 AP还有 2:45 / 距AP全部回复还有 	madomagi/engine_i18n.tsv#481/zhCN	confirmed-human	new-root-human	magica/research/totentanz-full-localization-20260817/engine-i18n/ap-recovery-gap-verification.json#ENGINE-AP-DYNAMIC-TIMER-165;A:/magicaOLD/template/user/APPopup.html; native AP label shape from runtime screenshot; legacy consumer exact/^prefix contract	false	confirmed-context	confirmed-human-verified	^1 AP will recover in 2:45 / AP will be fully recovered in 		confirmed-human	ap-recovery-gap-verification	confirmed-human-ap-timer	confirmed human translation; native dynamic AP timer context	false	true; legacy client reads <files>/madomagi/engine_i18n.tsv	confirmed-human	距回复1 AP还有 2:45 / 距AP全部回复还有 	confirmed-human-verified	medium	confirmed_human_engine_translation	confirmed-human-verified	magica/research/totentanz-full-localization-20260817/engine-i18n/ap-recovery-gap-verification.json#ENGINE-AP-DYNAMIC-TIMER-165;A:/magicaOLD/template/user/APPopup.html; native AP label shape from runtime screenshot; legacy consumer exact/^prefix contract	kind=prefix; verified AP recovery UI rule.
MT-00170	engine_runtime_i18n_confirmed_human	native_engine_i18n	madomagi/engine_i18n.tsv	482	zhCN	^1 AP will recover in 2:46 / AP will be fully recovered in 	距回复1 AP还有 2:46 / 距AP全部回复还有 	距回复1 AP还有 2:46 / 距AP全部回复还有 	madomagi/engine_i18n.tsv#482/zhCN	confirmed-human	new-root-human	magica/research/totentanz-full-localization-20260817/engine-i18n/ap-recovery-gap-verification.json#ENGINE-AP-DYNAMIC-TIMER-166;A:/magicaOLD/template/user/APPopup.html; native AP label shape from runtime screenshot; legacy consumer exact/^prefix contract	false	confirmed-context	confirmed-human-verified	^1 AP will recover in 2:46 / AP will be fully recovered in 		confirmed-human	ap-recovery-gap-verification	confirmed-human-ap-timer	confirmed human translation; native dynamic AP timer context	false	true; legacy client reads <files>/madomagi/engine_i18n.tsv	confirmed-human	距回复1 AP还有 2:46 / 距AP全部回复还有 	confirmed-human-verified	medium	confirmed_human_engine_translation	confirmed-human-verified	magica/research/totentanz-full-localization-20260817/engine-i18n/ap-recovery-gap-verification.json#ENGINE-AP-DYNAMIC-TIMER-166;A:/magicaOLD/template/user/APPopup.html; native AP label shape from runtime screenshot; legacy consumer exact/^prefix contract	kind=prefix; verified AP recovery UI rule.
MT-00171	engine_runtime_i18n_confirmed_human	native_engine_i18n	madomagi/engine_i18n.tsv	483	zhCN	^1 AP will recover in 2:47 / AP will be fully recovered in 	距回复1 AP还有 2:47 / 距AP全部回复还有 	距回复1 AP还有 2:47 / 距AP全部回复还有 	madomagi/engine_i18n.tsv#483/zhCN	confirmed-human	new-root-human	magica/research/totentanz-full-localization-20260817/engine-i18n/ap-recovery-gap-verification.json#ENGINE-AP-DYNAMIC-TIMER-167;A:/magicaOLD/template/user/APPopup.html; native AP label shape from runtime screenshot; legacy consumer exact/^prefix contract	false	confirmed-context	confirmed-human-verified	^1 AP will recover in 2:47 / AP will be fully recovered in 		confirmed-human	ap-recovery-gap-verification	confirmed-human-ap-timer	confirmed human translation; native dynamic AP timer context	false	true; legacy client reads <files>/madomagi/engine_i18n.tsv	confirmed-human	距回复1 AP还有 2:47 / 距AP全部回复还有 	confirmed-human-verified	medium	confirmed_human_engine_translation	confirmed-human-verified	magica/research/totentanz-full-localization-20260817/engine-i18n/ap-recovery-gap-verification.json#ENGINE-AP-DYNAMIC-TIMER-167;A:/magicaOLD/template/user/APPopup.html; native AP label shape from runtime screenshot; legacy consumer exact/^prefix contract	kind=prefix; verified AP recovery UI rule.
MT-00172	engine_runtime_i18n_confirmed_human	native_engine_i18n	madomagi/engine_i18n.tsv	484	zhCN	^1 AP will recover in 2:48 / AP will be fully recovered in 	距回复1 AP还有 2:48 / 距AP全部回复还有 	距回复1 AP还有 2:48 / 距AP全部回复还有 	madomagi/engine_i18n.tsv#484/zhCN	confirmed-human	new-root-human	magica/research/totentanz-full-localization-20260817/engine-i18n/ap-recovery-gap-verification.json#ENGINE-AP-DYNAMIC-TIMER-168;A:/magicaOLD/template/user/APPopup.html; native AP label shape from runtime screenshot; legacy consumer exact/^prefix contract	false	confirmed-context	confirmed-human-verified	^1 AP will recover in 2:48 / AP will be fully recovered in 		confirmed-human	ap-recovery-gap-verification	confirmed-human-ap-timer	confirmed human translation; native dynamic AP timer context	false	true; legacy client reads <files>/madomagi/engine_i18n.tsv	confirmed-human	距回复1 AP还有 2:48 / 距AP全部回复还有 	confirmed-human-verified	medium	confirmed_human_engine_translation	confirmed-human-verified	magica/research/totentanz-full-localization-20260817/engine-i18n/ap-recovery-gap-verification.json#ENGINE-AP-DYNAMIC-TIMER-168;A:/magicaOLD/template/user/APPopup.html; native AP label shape from runtime screenshot; legacy consumer exact/^prefix contract	kind=prefix; verified AP recovery UI rule.
MT-00173	engine_runtime_i18n_confirmed_human	native_engine_i18n	madomagi/engine_i18n.tsv	485	zhCN	^1 AP will recover in 2:49 / AP will be fully recovered in 	距回复1 AP还有 2:49 / 距AP全部回复还有 	距回复1 AP还有 2:49 / 距AP全部回复还有 	madomagi/engine_i18n.tsv#485/zhCN	confirmed-human	new-root-human	magica/research/totentanz-full-localization-20260817/engine-i18n/ap-recovery-gap-verification.json#ENGINE-AP-DYNAMIC-TIMER-169;A:/magicaOLD/template/user/APPopup.html; native AP label shape from runtime screenshot; legacy consumer exact/^prefix contract	false	confirmed-context	confirmed-human-verified	^1 AP will recover in 2:49 / AP will be fully recovered in 		confirmed-human	ap-recovery-gap-verification	confirmed-human-ap-timer	confirmed human translation; native dynamic AP timer context	false	true; legacy client reads <files>/madomagi/engine_i18n.tsv	confirmed-human	距回复1 AP还有 2:49 / 距AP全部回复还有 	confirmed-human-verified	medium	confirmed_human_engine_translation	confirmed-human-verified	magica/research/totentanz-full-localization-20260817/engine-i18n/ap-recovery-gap-verification.json#ENGINE-AP-DYNAMIC-TIMER-169;A:/magicaOLD/template/user/APPopup.html; native AP label shape from runtime screenshot; legacy consumer exact/^prefix contract	kind=prefix; verified AP recovery UI rule.
MT-00174	engine_runtime_i18n_confirmed_human	native_engine_i18n	madomagi/engine_i18n.tsv	486	zhCN	^1 AP will recover in 2:50 / AP will be fully recovered in 	距回复1 AP还有 2:50 / 距AP全部回复还有 	距回复1 AP还有 2:50 / 距AP全部回复还有 	madomagi/engine_i18n.tsv#486/zhCN	confirmed-human	new-root-human	magica/research/totentanz-full-localization-20260817/engine-i18n/ap-recovery-gap-verification.json#ENGINE-AP-DYNAMIC-TIMER-170;A:/magicaOLD/template/user/APPopup.html; native AP label shape from runtime screenshot; legacy consumer exact/^prefix contract	false	confirmed-context	confirmed-human-verified	^1 AP will recover in 2:50 / AP will be fully recovered in 		confirmed-human	ap-recovery-gap-verification	confirmed-human-ap-timer	confirmed human translation; native dynamic AP timer context	false	true; legacy client reads <files>/madomagi/engine_i18n.tsv	confirmed-human	距回复1 AP还有 2:50 / 距AP全部回复还有 	confirmed-human-verified	medium	confirmed_human_engine_translation	confirmed-human-verified	magica/research/totentanz-full-localization-20260817/engine-i18n/ap-recovery-gap-verification.json#ENGINE-AP-DYNAMIC-TIMER-170;A:/magicaOLD/template/user/APPopup.html; native AP label shape from runtime screenshot; legacy consumer exact/^prefix contract	kind=prefix; verified AP recovery UI rule.
MT-00175	engine_runtime_i18n_confirmed_human	native_engine_i18n	madomagi/engine_i18n.tsv	487	zhCN	^1 AP will recover in 2:51 / AP will be fully recovered in 	距回复1 AP还有 2:51 / 距AP全部回复还有 	距回复1 AP还有 2:51 / 距AP全部回复还有 	madomagi/engine_i18n.tsv#487/zhCN	confirmed-human	new-root-human	magica/research/totentanz-full-localization-20260817/engine-i18n/ap-recovery-gap-verification.json#ENGINE-AP-DYNAMIC-TIMER-171;A:/magicaOLD/template/user/APPopup.html; native AP label shape from runtime screenshot; legacy consumer exact/^prefix contract	false	confirmed-context	confirmed-human-verified	^1 AP will recover in 2:51 / AP will be fully recovered in 		confirmed-human	ap-recovery-gap-verification	confirmed-human-ap-timer	confirmed human translation; native dynamic AP timer context	false	true; legacy client reads <files>/madomagi/engine_i18n.tsv	confirmed-human	距回复1 AP还有 2:51 / 距AP全部回复还有 	confirmed-human-verified	medium	confirmed_human_engine_translation	confirmed-human-verified	magica/research/totentanz-full-localization-20260817/engine-i18n/ap-recovery-gap-verification.json#ENGINE-AP-DYNAMIC-TIMER-171;A:/magicaOLD/template/user/APPopup.html; native AP label shape from runtime screenshot; legacy consumer exact/^prefix contract	kind=prefix; verified AP recovery UI rule.
MT-00176	engine_runtime_i18n_confirmed_human	native_engine_i18n	madomagi/engine_i18n.tsv	488	zhCN	^1 AP will recover in 2:52 / AP will be fully recovered in 	距回复1 AP还有 2:52 / 距AP全部回复还有 	距回复1 AP还有 2:52 / 距AP全部回复还有 	madomagi/engine_i18n.tsv#488/zhCN	confirmed-human	new-root-human	magica/research/totentanz-full-localization-20260817/engine-i18n/ap-recovery-gap-verification.json#ENGINE-AP-DYNAMIC-TIMER-172;A:/magicaOLD/template/user/APPopup.html; native AP label shape from runtime screenshot; legacy consumer exact/^prefix contract	false	confirmed-context	confirmed-human-verified	^1 AP will recover in 2:52 / AP will be fully recovered in 		confirmed-human	ap-recovery-gap-verification	confirmed-human-ap-timer	confirmed human translation; native dynamic AP timer context	false	true; legacy client reads <files>/madomagi/engine_i18n.tsv	confirmed-human	距回复1 AP还有 2:52 / 距AP全部回复还有 	confirmed-human-verified	medium	confirmed_human_engine_translation	confirmed-human-verified	magica/research/totentanz-full-localization-20260817/engine-i18n/ap-recovery-gap-verification.json#ENGINE-AP-DYNAMIC-TIMER-172;A:/magicaOLD/template/user/APPopup.html; native AP label shape from runtime screenshot; legacy consumer exact/^prefix contract	kind=prefix; verified AP recovery UI rule.
MT-00177	engine_runtime_i18n_confirmed_human	native_engine_i18n	madomagi/engine_i18n.tsv	489	zhCN	^1 AP will recover in 2:53 / AP will be fully recovered in 	距回复1 AP还有 2:53 / 距AP全部回复还有 	距回复1 AP还有 2:53 / 距AP全部回复还有 	madomagi/engine_i18n.tsv#489/zhCN	confirmed-human	new-root-human	magica/research/totentanz-full-localization-20260817/engine-i18n/ap-recovery-gap-verification.json#ENGINE-AP-DYNAMIC-TIMER-173;A:/magicaOLD/template/user/APPopup.html; native AP label shape from runtime screenshot; legacy consumer exact/^prefix contract	false	confirmed-context	confirmed-human-verified	^1 AP will recover in 2:53 / AP will be fully recovered in 		confirmed-human	ap-recovery-gap-verification	confirmed-human-ap-timer	confirmed human translation; native dynamic AP timer context	false	true; legacy client reads <files>/madomagi/engine_i18n.tsv	confirmed-human	距回复1 AP还有 2:53 / 距AP全部回复还有 	confirmed-human-verified	medium	confirmed_human_engine_translation	confirmed-human-verified	magica/research/totentanz-full-localization-20260817/engine-i18n/ap-recovery-gap-verification.json#ENGINE-AP-DYNAMIC-TIMER-173;A:/magicaOLD/template/user/APPopup.html; native AP label shape from runtime screenshot; legacy consumer exact/^prefix contract	kind=prefix; verified AP recovery UI rule.
MT-00178	engine_runtime_i18n_confirmed_human	native_engine_i18n	madomagi/engine_i18n.tsv	490	zhCN	^1 AP will recover in 2:54 / AP will be fully recovered in 	距回复1 AP还有 2:54 / 距AP全部回复还有 	距回复1 AP还有 2:54 / 距AP全部回复还有 	madomagi/engine_i18n.tsv#490/zhCN	confirmed-human	new-root-human	magica/research/totentanz-full-localization-20260817/engine-i18n/ap-recovery-gap-verification.json#ENGINE-AP-DYNAMIC-TIMER-174;A:/magicaOLD/template/user/APPopup.html; native AP label shape from runtime screenshot; legacy consumer exact/^prefix contract	false	confirmed-context	confirmed-human-verified	^1 AP will recover in 2:54 / AP will be fully recovered in 		confirmed-human	ap-recovery-gap-verification	confirmed-human-ap-timer	confirmed human translation; native dynamic AP timer context	false	true; legacy client reads <files>/madomagi/engine_i18n.tsv	confirmed-human	距回复1 AP还有 2:54 / 距AP全部回复还有 	confirmed-human-verified	medium	confirmed_human_engine_translation	confirmed-human-verified	magica/research/totentanz-full-localization-20260817/engine-i18n/ap-recovery-gap-verification.json#ENGINE-AP-DYNAMIC-TIMER-174;A:/magicaOLD/template/user/APPopup.html; native AP label shape from runtime screenshot; legacy consumer exact/^prefix contract	kind=prefix; verified AP recovery UI rule.
MT-00179	engine_runtime_i18n_confirmed_human	native_engine_i18n	madomagi/engine_i18n.tsv	491	zhCN	^1 AP will recover in 2:55 / AP will be fully recovered in 	距回复1 AP还有 2:55 / 距AP全部回复还有 	距回复1 AP还有 2:55 / 距AP全部回复还有 	madomagi/engine_i18n.tsv#491/zhCN	confirmed-human	new-root-human	magica/research/totentanz-full-localization-20260817/engine-i18n/ap-recovery-gap-verification.json#ENGINE-AP-DYNAMIC-TIMER-175;A:/magicaOLD/template/user/APPopup.html; native AP label shape from runtime screenshot; legacy consumer exact/^prefix contract	false	confirmed-context	confirmed-human-verified	^1 AP will recover in 2:55 / AP will be fully recovered in 		confirmed-human	ap-recovery-gap-verification	confirmed-human-ap-timer	confirmed human translation; native dynamic AP timer context	false	true; legacy client reads <files>/madomagi/engine_i18n.tsv	confirmed-human	距回复1 AP还有 2:55 / 距AP全部回复还有 	confirmed-human-verified	medium	confirmed_human_engine_translation	confirmed-human-verified	magica/research/totentanz-full-localization-20260817/engine-i18n/ap-recovery-gap-verification.json#ENGINE-AP-DYNAMIC-TIMER-175;A:/magicaOLD/template/user/APPopup.html; native AP label shape from runtime screenshot; legacy consumer exact/^prefix contract	kind=prefix; verified AP recovery UI rule.
MT-00180	engine_runtime_i18n_confirmed_human	native_engine_i18n	madomagi/engine_i18n.tsv	492	zhCN	^1 AP will recover in 2:56 / AP will be fully recovered in 	距回复1 AP还有 2:56 / 距AP全部回复还有 	距回复1 AP还有 2:56 / 距AP全部回复还有 	madomagi/engine_i18n.tsv#492/zhCN	confirmed-human	new-root-human	magica/research/totentanz-full-localization-20260817/engine-i18n/ap-recovery-gap-verification.json#ENGINE-AP-DYNAMIC-TIMER-176;A:/magicaOLD/template/user/APPopup.html; native AP label shape from runtime screenshot; legacy consumer exact/^prefix contract	false	confirmed-context	confirmed-human-verified	^1 AP will recover in 2:56 / AP will be fully recovered in 		confirmed-human	ap-recovery-gap-verification	confirmed-human-ap-timer	confirmed human translation; native dynamic AP timer context	false	true; legacy client reads <files>/madomagi/engine_i18n.tsv	confirmed-human	距回复1 AP还有 2:56 / 距AP全部回复还有 	confirmed-human-verified	medium	confirmed_human_engine_translation	confirmed-human-verified	magica/research/totentanz-full-localization-20260817/engine-i18n/ap-recovery-gap-verification.json#ENGINE-AP-DYNAMIC-TIMER-176;A:/magicaOLD/template/user/APPopup.html; native AP label shape from runtime screenshot; legacy consumer exact/^prefix contract	kind=prefix; verified AP recovery UI rule.
MT-00181	engine_runtime_i18n_confirmed_human	native_engine_i18n	madomagi/engine_i18n.tsv	493	zhCN	^1 AP will recover in 2:57 / AP will be fully recovered in 	距回复1 AP还有 2:57 / 距AP全部回复还有 	距回复1 AP还有 2:57 / 距AP全部回复还有 	madomagi/engine_i18n.tsv#493/zhCN	confirmed-human	new-root-human	magica/research/totentanz-full-localization-20260817/engine-i18n/ap-recovery-gap-verification.json#ENGINE-AP-DYNAMIC-TIMER-177;A:/magicaOLD/template/user/APPopup.html; native AP label shape from runtime screenshot; legacy consumer exact/^prefix contract	false	confirmed-context	confirmed-human-verified	^1 AP will recover in 2:57 / AP will be fully recovered in 		confirmed-human	ap-recovery-gap-verification	confirmed-human-ap-timer	confirmed human translation; native dynamic AP timer context	false	true; legacy client reads <files>/madomagi/engine_i18n.tsv	confirmed-human	距回复1 AP还有 2:57 / 距AP全部回复还有 	confirmed-human-verified	medium	confirmed_human_engine_translation	confirmed-human-verified	magica/research/totentanz-full-localization-20260817/engine-i18n/ap-recovery-gap-verification.json#ENGINE-AP-DYNAMIC-TIMER-177;A:/magicaOLD/template/user/APPopup.html; native AP label shape from runtime screenshot; legacy consumer exact/^prefix contract	kind=prefix; verified AP recovery UI rule.
MT-00182	engine_runtime_i18n_confirmed_human	native_engine_i18n	madomagi/engine_i18n.tsv	494	zhCN	^1 AP will recover in 2:58 / AP will be fully recovered in 	距回复1 AP还有 2:58 / 距AP全部回复还有 	距回复1 AP还有 2:58 / 距AP全部回复还有 	madomagi/engine_i18n.tsv#494/zhCN	confirmed-human	new-root-human	magica/research/totentanz-full-localization-20260817/engine-i18n/ap-recovery-gap-verification.json#ENGINE-AP-DYNAMIC-TIMER-178;A:/magicaOLD/template/user/APPopup.html; native AP label shape from runtime screenshot; legacy consumer exact/^prefix contract	false	confirmed-context	confirmed-human-verified	^1 AP will recover in 2:58 / AP will be fully recovered in 		confirmed-human	ap-recovery-gap-verification	confirmed-human-ap-timer	confirmed human translation; native dynamic AP timer context	false	true; legacy client reads <files>/madomagi/engine_i18n.tsv	confirmed-human	距回复1 AP还有 2:58 / 距AP全部回复还有 	confirmed-human-verified	medium	confirmed_human_engine_translation	confirmed-human-verified	magica/research/totentanz-full-localization-20260817/engine-i18n/ap-recovery-gap-verification.json#ENGINE-AP-DYNAMIC-TIMER-178;A:/magicaOLD/template/user/APPopup.html; native AP label shape from runtime screenshot; legacy consumer exact/^prefix contract	kind=prefix; verified AP recovery UI rule.
MT-00183	engine_runtime_i18n_confirmed_human	native_engine_i18n	madomagi/engine_i18n.tsv	495	zhCN	^1 AP will recover in 2:59 / AP will be fully recovered in 	距回复1 AP还有 2:59 / 距AP全部回复还有 	距回复1 AP还有 2:59 / 距AP全部回复还有 	madomagi/engine_i18n.tsv#495/zhCN	confirmed-human	new-root-human	magica/research/totentanz-full-localization-20260817/engine-i18n/ap-recovery-gap-verification.json#ENGINE-AP-DYNAMIC-TIMER-179;A:/magicaOLD/template/user/APPopup.html; native AP label shape from runtime screenshot; legacy consumer exact/^prefix contract	false	confirmed-context	confirmed-human-verified	^1 AP will recover in 2:59 / AP will be fully recovered in 		confirmed-human	ap-recovery-gap-verification	confirmed-human-ap-timer	confirmed human translation; native dynamic AP timer context	false	true; legacy client reads <files>/madomagi/engine_i18n.tsv	confirmed-human	距回复1 AP还有 2:59 / 距AP全部回复还有 	confirmed-human-verified	medium	confirmed_human_engine_translation	confirmed-human-verified	magica/research/totentanz-full-localization-20260817/engine-i18n/ap-recovery-gap-verification.json#ENGINE-AP-DYNAMIC-TIMER-179;A:/magicaOLD/template/user/APPopup.html; native AP label shape from runtime screenshot; legacy consumer exact/^prefix contract	kind=prefix; verified AP recovery UI rule.
MT-00184	engine_runtime_i18n_confirmed_human	native_engine_i18n	madomagi/engine_i18n.tsv	496	zhCN	^1 AP will recover in 3:00 / AP will be fully recovered in 	距回复1 AP还有 3:00 / 距AP全部回复还有 	距回复1 AP还有 3:00 / 距AP全部回复还有 	madomagi/engine_i18n.tsv#496/zhCN	confirmed-human	new-root-human	magica/research/totentanz-full-localization-20260817/engine-i18n/ap-recovery-gap-verification.json#ENGINE-AP-DYNAMIC-TIMER-180;A:/magicaOLD/template/user/APPopup.html; native AP label shape from runtime screenshot; legacy consumer exact/^prefix contract	false	confirmed-context	confirmed-human-verified	^1 AP will recover in 3:00 / AP will be fully recovered in 		confirmed-human	ap-recovery-gap-verification	confirmed-human-ap-timer	confirmed human translation; native dynamic AP timer context	false	true; legacy client reads <files>/madomagi/engine_i18n.tsv	confirmed-human	距回复1 AP还有 3:00 / 距AP全部回复还有 	confirmed-human-verified	medium	confirmed_human_engine_translation	confirmed-human-verified	magica/research/totentanz-full-localization-20260817/engine-i18n/ap-recovery-gap-verification.json#ENGINE-AP-DYNAMIC-TIMER-180;A:/magicaOLD/template/user/APPopup.html; native AP label shape from runtime screenshot; legacy consumer exact/^prefix contract	kind=prefix; verified AP recovery UI rule.
MT-00185	engine_runtime_i18n_confirmed_human	native_engine_i18n	madomagi/engine_i18n.tsv	497	zhCN	^1 AP will recover in 3:01 / AP will be fully recovered in 	距回复1 AP还有 3:01 / 距AP全部回复还有 	距回复1 AP还有 3:01 / 距AP全部回复还有 	madomagi/engine_i18n.tsv#497/zhCN	confirmed-human	new-root-human	magica/research/totentanz-full-localization-20260817/engine-i18n/ap-recovery-gap-verification.json#ENGINE-AP-DYNAMIC-TIMER-181;A:/magicaOLD/template/user/APPopup.html; native AP label shape from runtime screenshot; legacy consumer exact/^prefix contract	false	confirmed-context	confirmed-human-verified	^1 AP will recover in 3:01 / AP will be fully recovered in 		confirmed-human	ap-recovery-gap-verification	confirmed-human-ap-timer	confirmed human translation; native dynamic AP timer context	false	true; legacy client reads <files>/madomagi/engine_i18n.tsv	confirmed-human	距回复1 AP还有 3:01 / 距AP全部回复还有 	confirmed-human-verified	medium	confirmed_human_engine_translation	confirmed-human-verified	magica/research/totentanz-full-localization-20260817/engine-i18n/ap-recovery-gap-verification.json#ENGINE-AP-DYNAMIC-TIMER-181;A:/magicaOLD/template/user/APPopup.html; native AP label shape from runtime screenshot; legacy consumer exact/^prefix contract	kind=prefix; verified AP recovery UI rule.
MT-00186	engine_runtime_i18n_confirmed_human	native_engine_i18n	madomagi/engine_i18n.tsv	498	zhCN	^1 AP will recover in 3:02 / AP will be fully recovered in 	距回复1 AP还有 3:02 / 距AP全部回复还有 	距回复1 AP还有 3:02 / 距AP全部回复还有 	madomagi/engine_i18n.tsv#498/zhCN	confirmed-human	new-root-human	magica/research/totentanz-full-localization-20260817/engine-i18n/ap-recovery-gap-verification.json#ENGINE-AP-DYNAMIC-TIMER-182;A:/magicaOLD/template/user/APPopup.html; native AP label shape from runtime screenshot; legacy consumer exact/^prefix contract	false	confirmed-context	confirmed-human-verified	^1 AP will recover in 3:02 / AP will be fully recovered in 		confirmed-human	ap-recovery-gap-verification	confirmed-human-ap-timer	confirmed human translation; native dynamic AP timer context	false	true; legacy client reads <files>/madomagi/engine_i18n.tsv	confirmed-human	距回复1 AP还有 3:02 / 距AP全部回复还有 	confirmed-human-verified	medium	confirmed_human_engine_translation	confirmed-human-verified	magica/research/totentanz-full-localization-20260817/engine-i18n/ap-recovery-gap-verification.json#ENGINE-AP-DYNAMIC-TIMER-182;A:/magicaOLD/template/user/APPopup.html; native AP label shape from runtime screenshot; legacy consumer exact/^prefix contract	kind=prefix; verified AP recovery UI rule.
MT-00187	engine_runtime_i18n_confirmed_human	native_engine_i18n	madomagi/engine_i18n.tsv	499	zhCN	^1 AP will recover in 3:03 / AP will be fully recovered in 	距回复1 AP还有 3:03 / 距AP全部回复还有 	距回复1 AP还有 3:03 / 距AP全部回复还有 	madomagi/engine_i18n.tsv#499/zhCN	confirmed-human	new-root-human	magica/research/totentanz-full-localization-20260817/engine-i18n/ap-recovery-gap-verification.json#ENGINE-AP-DYNAMIC-TIMER-183;A:/magicaOLD/template/user/APPopup.html; native AP label shape from runtime screenshot; legacy consumer exact/^prefix contract	false	confirmed-context	confirmed-human-verified	^1 AP will recover in 3:03 / AP will be fully recovered in 		confirmed-human	ap-recovery-gap-verification	confirmed-human-ap-timer	confirmed human translation; native dynamic AP timer context	false	true; legacy client reads <files>/madomagi/engine_i18n.tsv	confirmed-human	距回复1 AP还有 3:03 / 距AP全部回复还有 	confirmed-human-verified	medium	confirmed_human_engine_translation	confirmed-human-verified	magica/research/totentanz-full-localization-20260817/engine-i18n/ap-recovery-gap-verification.json#ENGINE-AP-DYNAMIC-TIMER-183;A:/magicaOLD/template/user/APPopup.html; native AP label shape from runtime screenshot; legacy consumer exact/^prefix contract	kind=prefix; verified AP recovery UI rule.
MT-00188	engine_runtime_i18n_confirmed_human	native_engine_i18n	madomagi/engine_i18n.tsv	500	zhCN	^1 AP will recover in 3:04 / AP will be fully recovered in 	距回复1 AP还有 3:04 / 距AP全部回复还有 	距回复1 AP还有 3:04 / 距AP全部回复还有 	madomagi/engine_i18n.tsv#500/zhCN	confirmed-human	new-root-human	magica/research/totentanz-full-localization-20260817/engine-i18n/ap-recovery-gap-verification.json#ENGINE-AP-DYNAMIC-TIMER-184;A:/magicaOLD/template/user/APPopup.html; native AP label shape from runtime screenshot; legacy consumer exact/^prefix contract	false	confirmed-context	confirmed-human-verified	^1 AP will recover in 3:04 / AP will be fully recovered in 		confirmed-human	ap-recovery-gap-verification	confirmed-human-ap-timer	confirmed human translation; native dynamic AP timer context	false	true; legacy client reads <files>/madomagi/engine_i18n.tsv	confirmed-human	距回复1 AP还有 3:04 / 距AP全部回复还有 	confirmed-human-verified	medium	confirmed_human_engine_translation	confirmed-human-verified	magica/research/totentanz-full-localization-20260817/engine-i18n/ap-recovery-gap-verification.json#ENGINE-AP-DYNAMIC-TIMER-184;A:/magicaOLD/template/user/APPopup.html; native AP label shape from runtime screenshot; legacy consumer exact/^prefix contract	kind=prefix; verified AP recovery UI rule.
MT-00189	engine_runtime_i18n_confirmed_human	native_engine_i18n	madomagi/engine_i18n.tsv	501	zhCN	^1 AP will recover in 3:05 / AP will be fully recovered in 	距回复1 AP还有 3:05 / 距AP全部回复还有 	距回复1 AP还有 3:05 / 距AP全部回复还有 	madomagi/engine_i18n.tsv#501/zhCN	confirmed-human	new-root-human	magica/research/totentanz-full-localization-20260817/engine-i18n/ap-recovery-gap-verification.json#ENGINE-AP-DYNAMIC-TIMER-185;A:/magicaOLD/template/user/APPopup.html; native AP label shape from runtime screenshot; legacy consumer exact/^prefix contract	false	confirmed-context	confirmed-human-verified	^1 AP will recover in 3:05 / AP will be fully recovered in 		confirmed-human	ap-recovery-gap-verification	confirmed-human-ap-timer	confirmed human translation; native dynamic AP timer context	false	true; legacy client reads <files>/madomagi/engine_i18n.tsv	confirmed-human	距回复1 AP还有 3:05 / 距AP全部回复还有 	confirmed-human-verified	medium	confirmed_human_engine_translation	confirmed-human-verified	magica/research/totentanz-full-localization-20260817/engine-i18n/ap-recovery-gap-verification.json#ENGINE-AP-DYNAMIC-TIMER-185;A:/magicaOLD/template/user/APPopup.html; native AP label shape from runtime screenshot; legacy consumer exact/^prefix contract	kind=prefix; verified AP recovery UI rule.
MT-00190	engine_runtime_i18n_confirmed_human	native_engine_i18n	madomagi/engine_i18n.tsv	502	zhCN	^1 AP will recover in 3:06 / AP will be fully recovered in 	距回复1 AP还有 3:06 / 距AP全部回复还有 	距回复1 AP还有 3:06 / 距AP全部回复还有 	madomagi/engine_i18n.tsv#502/zhCN	confirmed-human	new-root-human	magica/research/totentanz-full-localization-20260817/engine-i18n/ap-recovery-gap-verification.json#ENGINE-AP-DYNAMIC-TIMER-186;A:/magicaOLD/template/user/APPopup.html; native AP label shape from runtime screenshot; legacy consumer exact/^prefix contract	false	confirmed-context	confirmed-human-verified	^1 AP will recover in 3:06 / AP will be fully recovered in 		confirmed-human	ap-recovery-gap-verification	confirmed-human-ap-timer	confirmed human translation; native dynamic AP timer context	false	true; legacy client reads <files>/madomagi/engine_i18n.tsv	confirmed-human	距回复1 AP还有 3:06 / 距AP全部回复还有 	confirmed-human-verified	medium	confirmed_human_engine_translation	confirmed-human-verified	magica/research/totentanz-full-localization-20260817/engine-i18n/ap-recovery-gap-verification.json#ENGINE-AP-DYNAMIC-TIMER-186;A:/magicaOLD/template/user/APPopup.html; native AP label shape from runtime screenshot; legacy consumer exact/^prefix contract	kind=prefix; verified AP recovery UI rule.
MT-00191	engine_runtime_i18n_confirmed_human	native_engine_i18n	madomagi/engine_i18n.tsv	503	zhCN	^1 AP will recover in 3:07 / AP will be fully recovered in 	距回复1 AP还有 3:07 / 距AP全部回复还有 	距回复1 AP还有 3:07 / 距AP全部回复还有 	madomagi/engine_i18n.tsv#503/zhCN	confirmed-human	new-root-human	magica/research/totentanz-full-localization-20260817/engine-i18n/ap-recovery-gap-verification.json#ENGINE-AP-DYNAMIC-TIMER-187;A:/magicaOLD/template/user/APPopup.html; native AP label shape from runtime screenshot; legacy consumer exact/^prefix contract	false	confirmed-context	confirmed-human-verified	^1 AP will recover in 3:07 / AP will be fully recovered in 		confirmed-human	ap-recovery-gap-verification	confirmed-human-ap-timer	confirmed human translation; native dynamic AP timer context	false	true; legacy client reads <files>/madomagi/engine_i18n.tsv	confirmed-human	距回复1 AP还有 3:07 / 距AP全部回复还有 	confirmed-human-verified	medium	confirmed_human_engine_translation	confirmed-human-verified	magica/research/totentanz-full-localization-20260817/engine-i18n/ap-recovery-gap-verification.json#ENGINE-AP-DYNAMIC-TIMER-187;A:/magicaOLD/template/user/APPopup.html; native AP label shape from runtime screenshot; legacy consumer exact/^prefix contract	kind=prefix; verified AP recovery UI rule.
MT-00192	engine_runtime_i18n_confirmed_human	native_engine_i18n	madomagi/engine_i18n.tsv	504	zhCN	^1 AP will recover in 3:08 / AP will be fully recovered in 	距回复1 AP还有 3:08 / 距AP全部回复还有 	距回复1 AP还有 3:08 / 距AP全部回复还有 	madomagi/engine_i18n.tsv#504/zhCN	confirmed-human	new-root-human	magica/research/totentanz-full-localization-20260817/engine-i18n/ap-recovery-gap-verification.json#ENGINE-AP-DYNAMIC-TIMER-188;A:/magicaOLD/template/user/APPopup.html; native AP label shape from runtime screenshot; legacy consumer exact/^prefix contract	false	confirmed-context	confirmed-human-verified	^1 AP will recover in 3:08 / AP will be fully recovered in 		confirmed-human	ap-recovery-gap-verification	confirmed-human-ap-timer	confirmed human translation; native dynamic AP timer context	false	true; legacy client reads <files>/madomagi/engine_i18n.tsv	confirmed-human	距回复1 AP还有 3:08 / 距AP全部回复还有 	confirmed-human-verified	medium	confirmed_human_engine_translation	confirmed-human-verified	magica/research/totentanz-full-localization-20260817/engine-i18n/ap-recovery-gap-verification.json#ENGINE-AP-DYNAMIC-TIMER-188;A:/magicaOLD/template/user/APPopup.html; native AP label shape from runtime screenshot; legacy consumer exact/^prefix contract	kind=prefix; verified AP recovery UI rule.
MT-00193	engine_runtime_i18n_confirmed_human	native_engine_i18n	madomagi/engine_i18n.tsv	505	zhCN	^1 AP will recover in 3:09 / AP will be fully recovered in 	距回复1 AP还有 3:09 / 距AP全部回复还有 	距回复1 AP还有 3:09 / 距AP全部回复还有 	madomagi/engine_i18n.tsv#505/zhCN	confirmed-human	new-root-human	magica/research/totentanz-full-localization-20260817/engine-i18n/ap-recovery-gap-verification.json#ENGINE-AP-DYNAMIC-TIMER-189;A:/magicaOLD/template/user/APPopup.html; native AP label shape from runtime screenshot; legacy consumer exact/^prefix contract	false	confirmed-context	confirmed-human-verified	^1 AP will recover in 3:09 / AP will be fully recovered in 		confirmed-human	ap-recovery-gap-verification	confirmed-human-ap-timer	confirmed human translation; native dynamic AP timer context	false	true; legacy client reads <files>/madomagi/engine_i18n.tsv	confirmed-human	距回复1 AP还有 3:09 / 距AP全部回复还有 	confirmed-human-verified	medium	confirmed_human_engine_translation	confirmed-human-verified	magica/research/totentanz-full-localization-20260817/engine-i18n/ap-recovery-gap-verification.json#ENGINE-AP-DYNAMIC-TIMER-189;A:/magicaOLD/template/user/APPopup.html; native AP label shape from runtime screenshot; legacy consumer exact/^prefix contract	kind=prefix; verified AP recovery UI rule.
MT-00194	engine_runtime_i18n_confirmed_human	native_engine_i18n	madomagi/engine_i18n.tsv	506	zhCN	^1 AP will recover in 3:10 / AP will be fully recovered in 	距回复1 AP还有 3:10 / 距AP全部回复还有 	距回复1 AP还有 3:10 / 距AP全部回复还有 	madomagi/engine_i18n.tsv#506/zhCN	confirmed-human	new-root-human	magica/research/totentanz-full-localization-20260817/engine-i18n/ap-recovery-gap-verification.json#ENGINE-AP-DYNAMIC-TIMER-190;A:/magicaOLD/template/user/APPopup.html; native AP label shape from runtime screenshot; legacy consumer exact/^prefix contract	false	confirmed-context	confirmed-human-verified	^1 AP will recover in 3:10 / AP will be fully recovered in 		confirmed-human	ap-recovery-gap-verification	confirmed-human-ap-timer	confirmed human translation; native dynamic AP timer context	false	true; legacy client reads <files>/madomagi/engine_i18n.tsv	confirmed-human	距回复1 AP还有 3:10 / 距AP全部回复还有 	confirmed-human-verified	medium	confirmed_human_engine_translation	confirmed-human-verified	magica/research/totentanz-full-localization-20260817/engine-i18n/ap-recovery-gap-verification.json#ENGINE-AP-DYNAMIC-TIMER-190;A:/magicaOLD/template/user/APPopup.html; native AP label shape from runtime screenshot; legacy consumer exact/^prefix contract	kind=prefix; verified AP recovery UI rule.
MT-00195	engine_runtime_i18n_confirmed_human	native_engine_i18n	madomagi/engine_i18n.tsv	507	zhCN	^1 AP will recover in 3:11 / AP will be fully recovered in 	距回复1 AP还有 3:11 / 距AP全部回复还有 	距回复1 AP还有 3:11 / 距AP全部回复还有 	madomagi/engine_i18n.tsv#507/zhCN	confirmed-human	new-root-human	magica/research/totentanz-full-localization-20260817/engine-i18n/ap-recovery-gap-verification.json#ENGINE-AP-DYNAMIC-TIMER-191;A:/magicaOLD/template/user/APPopup.html; native AP label shape from runtime screenshot; legacy consumer exact/^prefix contract	false	confirmed-context	confirmed-human-verified	^1 AP will recover in 3:11 / AP will be fully recovered in 		confirmed-human	ap-recovery-gap-verification	confirmed-human-ap-timer	confirmed human translation; native dynamic AP timer context	false	true; legacy client reads <files>/madomagi/engine_i18n.tsv	confirmed-human	距回复1 AP还有 3:11 / 距AP全部回复还有 	confirmed-human-verified	medium	confirmed_human_engine_translation	confirmed-human-verified	magica/research/totentanz-full-localization-20260817/engine-i18n/ap-recovery-gap-verification.json#ENGINE-AP-DYNAMIC-TIMER-191;A:/magicaOLD/template/user/APPopup.html; native AP label shape from runtime screenshot; legacy consumer exact/^prefix contract	kind=prefix; verified AP recovery UI rule.
MT-00196	engine_runtime_i18n_confirmed_human	native_engine_i18n	madomagi/engine_i18n.tsv	508	zhCN	^1 AP will recover in 3:12 / AP will be fully recovered in 	距回复1 AP还有 3:12 / 距AP全部回复还有 	距回复1 AP还有 3:12 / 距AP全部回复还有 	madomagi/engine_i18n.tsv#508/zhCN	confirmed-human	new-root-human	magica/research/totentanz-full-localization-20260817/engine-i18n/ap-recovery-gap-verification.json#ENGINE-AP-DYNAMIC-TIMER-192;A:/magicaOLD/template/user/APPopup.html; native AP label shape from runtime screenshot; legacy consumer exact/^prefix contract	false	confirmed-context	confirmed-human-verified	^1 AP will recover in 3:12 / AP will be fully recovered in 		confirmed-human	ap-recovery-gap-verification	confirmed-human-ap-timer	confirmed human translation; native dynamic AP timer context	false	true; legacy client reads <files>/madomagi/engine_i18n.tsv	confirmed-human	距回复1 AP还有 3:12 / 距AP全部回复还有 	confirmed-human-verified	medium	confirmed_human_engine_translation	confirmed-human-verified	magica/research/totentanz-full-localization-20260817/engine-i18n/ap-recovery-gap-verification.json#ENGINE-AP-DYNAMIC-TIMER-192;A:/magicaOLD/template/user/APPopup.html; native AP label shape from runtime screenshot; legacy consumer exact/^prefix contract	kind=prefix; verified AP recovery UI rule.
MT-00197	engine_runtime_i18n_confirmed_human	native_engine_i18n	madomagi/engine_i18n.tsv	509	zhCN	^1 AP will recover in 3:13 / AP will be fully recovered in 	距回复1 AP还有 3:13 / 距AP全部回复还有 	距回复1 AP还有 3:13 / 距AP全部回复还有 	madomagi/engine_i18n.tsv#509/zhCN	confirmed-human	new-root-human	magica/research/totentanz-full-localization-20260817/engine-i18n/ap-recovery-gap-verification.json#ENGINE-AP-DYNAMIC-TIMER-193;A:/magicaOLD/template/user/APPopup.html; native AP label shape from runtime screenshot; legacy consumer exact/^prefix contract	false	confirmed-context	confirmed-human-verified	^1 AP will recover in 3:13 / AP will be fully recovered in 		confirmed-human	ap-recovery-gap-verification	confirmed-human-ap-timer	confirmed human translation; native dynamic AP timer context	false	true; legacy client reads <files>/madomagi/engine_i18n.tsv	confirmed-human	距回复1 AP还有 3:13 / 距AP全部回复还有 	confirmed-human-verified	medium	confirmed_human_engine_translation	confirmed-human-verified	magica/research/totentanz-full-localization-20260817/engine-i18n/ap-recovery-gap-verification.json#ENGINE-AP-DYNAMIC-TIMER-193;A:/magicaOLD/template/user/APPopup.html; native AP label shape from runtime screenshot; legacy consumer exact/^prefix contract	kind=prefix; verified AP recovery UI rule.
MT-00198	engine_runtime_i18n_confirmed_human	native_engine_i18n	madomagi/engine_i18n.tsv	510	zhCN	^1 AP will recover in 3:14 / AP will be fully recovered in 	距回复1 AP还有 3:14 / 距AP全部回复还有 	距回复1 AP还有 3:14 / 距AP全部回复还有 	madomagi/engine_i18n.tsv#510/zhCN	confirmed-human	new-root-human	magica/research/totentanz-full-localization-20260817/engine-i18n/ap-recovery-gap-verification.json#ENGINE-AP-DYNAMIC-TIMER-194;A:/magicaOLD/template/user/APPopup.html; native AP label shape from runtime screenshot; legacy consumer exact/^prefix contract	false	confirmed-context	confirmed-human-verified	^1 AP will recover in 3:14 / AP will be fully recovered in 		confirmed-human	ap-recovery-gap-verification	confirmed-human-ap-timer	confirmed human translation; native dynamic AP timer context	false	true; legacy client reads <files>/madomagi/engine_i18n.tsv	confirmed-human	距回复1 AP还有 3:14 / 距AP全部回复还有 	confirmed-human-verified	medium	confirmed_human_engine_translation	confirmed-human-verified	magica/research/totentanz-full-localization-20260817/engine-i18n/ap-recovery-gap-verification.json#ENGINE-AP-DYNAMIC-TIMER-194;A:/magicaOLD/template/user/APPopup.html; native AP label shape from runtime screenshot; legacy consumer exact/^prefix contract	kind=prefix; verified AP recovery UI rule.
MT-00199	engine_runtime_i18n_confirmed_human	native_engine_i18n	madomagi/engine_i18n.tsv	511	zhCN	^1 AP will recover in 3:15 / AP will be fully recovered in 	距回复1 AP还有 3:15 / 距AP全部回复还有 	距回复1 AP还有 3:15 / 距AP全部回复还有 	madomagi/engine_i18n.tsv#511/zhCN	confirmed-human	new-root-human	magica/research/totentanz-full-localization-20260817/engine-i18n/ap-recovery-gap-verification.json#ENGINE-AP-DYNAMIC-TIMER-195;A:/magicaOLD/template/user/APPopup.html; native AP label shape from runtime screenshot; legacy consumer exact/^prefix contract	false	confirmed-context	confirmed-human-verified	^1 AP will recover in 3:15 / AP will be fully recovered in 		confirmed-human	ap-recovery-gap-verification	confirmed-human-ap-timer	confirmed human translation; native dynamic AP timer context	false	true; legacy client reads <files>/madomagi/engine_i18n.tsv	confirmed-human	距回复1 AP还有 3:15 / 距AP全部回复还有 	confirmed-human-verified	medium	confirmed_human_engine_translation	confirmed-human-verified	magica/research/totentanz-full-localization-20260817/engine-i18n/ap-recovery-gap-verification.json#ENGINE-AP-DYNAMIC-TIMER-195;A:/magicaOLD/template/user/APPopup.html; native AP label shape from runtime screenshot; legacy consumer exact/^prefix contract	kind=prefix; verified AP recovery UI rule.
MT-00200	engine_runtime_i18n_confirmed_human	native_engine_i18n	madomagi/engine_i18n.tsv	512	zhCN	^1 AP will recover in 3:16 / AP will be fully recovered in 	距回复1 AP还有 3:16 / 距AP全部回复还有 	距回复1 AP还有 3:16 / 距AP全部回复还有 	madomagi/engine_i18n.tsv#512/zhCN	confirmed-human	new-root-human	magica/research/totentanz-full-localization-20260817/engine-i18n/ap-recovery-gap-verification.json#ENGINE-AP-DYNAMIC-TIMER-196;A:/magicaOLD/template/user/APPopup.html; native AP label shape from runtime screenshot; legacy consumer exact/^prefix contract	false	confirmed-context	confirmed-human-verified	^1 AP will recover in 3:16 / AP will be fully recovered in 		confirmed-human	ap-recovery-gap-verification	confirmed-human-ap-timer	confirmed human translation; native dynamic AP timer context	false	true; legacy client reads <files>/madomagi/engine_i18n.tsv	confirmed-human	距回复1 AP还有 3:16 / 距AP全部回复还有 	confirmed-human-verified	medium	confirmed_human_engine_translation	confirmed-human-verified	magica/research/totentanz-full-localization-20260817/engine-i18n/ap-recovery-gap-verification.json#ENGINE-AP-DYNAMIC-TIMER-196;A:/magicaOLD/template/user/APPopup.html; native AP label shape from runtime screenshot; legacy consumer exact/^prefix contract	kind=prefix; verified AP recovery UI rule.
MT-00201	engine_runtime_i18n_confirmed_human	native_engine_i18n	madomagi/engine_i18n.tsv	513	zhCN	^1 AP will recover in 3:17 / AP will be fully recovered in 	距回复1 AP还有 3:17 / 距AP全部回复还有 	距回复1 AP还有 3:17 / 距AP全部回复还有 	madomagi/engine_i18n.tsv#513/zhCN	confirmed-human	new-root-human	magica/research/totentanz-full-localization-20260817/engine-i18n/ap-recovery-gap-verification.json#ENGINE-AP-DYNAMIC-TIMER-197;A:/magicaOLD/template/user/APPopup.html; native AP label shape from runtime screenshot; legacy consumer exact/^prefix contract	false	confirmed-context	confirmed-human-verified	^1 AP will recover in 3:17 / AP will be fully recovered in 		confirmed-human	ap-recovery-gap-verification	confirmed-human-ap-timer	confirmed human translation; native dynamic AP timer context	false	true; legacy client reads <files>/madomagi/engine_i18n.tsv	confirmed-human	距回复1 AP还有 3:17 / 距AP全部回复还有 	confirmed-human-verified	medium	confirmed_human_engine_translation	confirmed-human-verified	magica/research/totentanz-full-localization-20260817/engine-i18n/ap-recovery-gap-verification.json#ENGINE-AP-DYNAMIC-TIMER-197;A:/magicaOLD/template/user/APPopup.html; native AP label shape from runtime screenshot; legacy consumer exact/^prefix contract	kind=prefix; verified AP recovery UI rule.
MT-00202	engine_runtime_i18n_confirmed_human	native_engine_i18n	madomagi/engine_i18n.tsv	514	zhCN	^1 AP will recover in 3:18 / AP will be fully recovered in 	距回复1 AP还有 3:18 / 距AP全部回复还有 	距回复1 AP还有 3:18 / 距AP全部回复还有 	madomagi/engine_i18n.tsv#514/zhCN	confirmed-human	new-root-human	magica/research/totentanz-full-localization-20260817/engine-i18n/ap-recovery-gap-verification.json#ENGINE-AP-DYNAMIC-TIMER-198;A:/magicaOLD/template/user/APPopup.html; native AP label shape from runtime screenshot; legacy consumer exact/^prefix contract	false	confirmed-context	confirmed-human-verified	^1 AP will recover in 3:18 / AP will be fully recovered in 		confirmed-human	ap-recovery-gap-verification	confirmed-human-ap-timer	confirmed human translation; native dynamic AP timer context	false	true; legacy client reads <files>/madomagi/engine_i18n.tsv	confirmed-human	距回复1 AP还有 3:18 / 距AP全部回复还有 	confirmed-human-verified	medium	confirmed_human_engine_translation	confirmed-human-verified	magica/research/totentanz-full-localization-20260817/engine-i18n/ap-recovery-gap-verification.json#ENGINE-AP-DYNAMIC-TIMER-198;A:/magicaOLD/template/user/APPopup.html; native AP label shape from runtime screenshot; legacy consumer exact/^prefix contract	kind=prefix; verified AP recovery UI rule.
MT-00203	engine_runtime_i18n_confirmed_human	native_engine_i18n	madomagi/engine_i18n.tsv	515	zhCN	^1 AP will recover in 3:19 / AP will be fully recovered in 	距回复1 AP还有 3:19 / 距AP全部回复还有 	距回复1 AP还有 3:19 / 距AP全部回复还有 	madomagi/engine_i18n.tsv#515/zhCN	confirmed-human	new-root-human	magica/research/totentanz-full-localization-20260817/engine-i18n/ap-recovery-gap-verification.json#ENGINE-AP-DYNAMIC-TIMER-199;A:/magicaOLD/template/user/APPopup.html; native AP label shape from runtime screenshot; legacy consumer exact/^prefix contract	false	confirmed-context	confirmed-human-verified	^1 AP will recover in 3:19 / AP will be fully recovered in 		confirmed-human	ap-recovery-gap-verification	confirmed-human-ap-timer	confirmed human translation; native dynamic AP timer context	false	true; legacy client reads <files>/madomagi/engine_i18n.tsv	confirmed-human	距回复1 AP还有 3:19 / 距AP全部回复还有 	confirmed-human-verified	medium	confirmed_human_engine_translation	confirmed-human-verified	magica/research/totentanz-full-localization-20260817/engine-i18n/ap-recovery-gap-verification.json#ENGINE-AP-DYNAMIC-TIMER-199;A:/magicaOLD/template/user/APPopup.html; native AP label shape from runtime screenshot; legacy consumer exact/^prefix contract	kind=prefix; verified AP recovery UI rule.
MT-00204	engine_runtime_i18n_confirmed_human	native_engine_i18n	madomagi/engine_i18n.tsv	516	zhCN	^1 AP will recover in 3:20 / AP will be fully recovered in 	距回复1 AP还有 3:20 / 距AP全部回复还有 	距回复1 AP还有 3:20 / 距AP全部回复还有 	madomagi/engine_i18n.tsv#516/zhCN	confirmed-human	new-root-human	magica/research/totentanz-full-localization-20260817/engine-i18n/ap-recovery-gap-verification.json#ENGINE-AP-DYNAMIC-TIMER-200;A:/magicaOLD/template/user/APPopup.html; native AP label shape from runtime screenshot; legacy consumer exact/^prefix contract	false	confirmed-context	confirmed-human-verified	^1 AP will recover in 3:20 / AP will be fully recovered in 		confirmed-human	ap-recovery-gap-verification	confirmed-human-ap-timer	confirmed human translation; native dynamic AP timer context	false	true; legacy client reads <files>/madomagi/engine_i18n.tsv	confirmed-human	距回复1 AP还有 3:20 / 距AP全部回复还有 	confirmed-human-verified	medium	confirmed_human_engine_translation	confirmed-human-verified	magica/research/totentanz-full-localization-20260817/engine-i18n/ap-recovery-gap-verification.json#ENGINE-AP-DYNAMIC-TIMER-200;A:/magicaOLD/template/user/APPopup.html; native AP label shape from runtime screenshot; legacy consumer exact/^prefix contract	kind=prefix; verified AP recovery UI rule.
MT-00205	engine_runtime_i18n_confirmed_human	native_engine_i18n	madomagi/engine_i18n.tsv	517	zhCN	^1 AP will recover in 3:21 / AP will be fully recovered in 	距回复1 AP还有 3:21 / 距AP全部回复还有 	距回复1 AP还有 3:21 / 距AP全部回复还有 	madomagi/engine_i18n.tsv#517/zhCN	confirmed-human	new-root-human	magica/research/totentanz-full-localization-20260817/engine-i18n/ap-recovery-gap-verification.json#ENGINE-AP-DYNAMIC-TIMER-201;A:/magicaOLD/template/user/APPopup.html; native AP label shape from runtime screenshot; legacy consumer exact/^prefix contract	false	confirmed-context	confirmed-human-verified	^1 AP will recover in 3:21 / AP will be fully recovered in 		confirmed-human	ap-recovery-gap-verification	confirmed-human-ap-timer	confirmed human translation; native dynamic AP timer context	false	true; legacy client reads <files>/madomagi/engine_i18n.tsv	confirmed-human	距回复1 AP还有 3:21 / 距AP全部回复还有 	confirmed-human-verified	medium	confirmed_human_engine_translation	confirmed-human-verified	magica/research/totentanz-full-localization-20260817/engine-i18n/ap-recovery-gap-verification.json#ENGINE-AP-DYNAMIC-TIMER-201;A:/magicaOLD/template/user/APPopup.html; native AP label shape from runtime screenshot; legacy consumer exact/^prefix contract	kind=prefix; verified AP recovery UI rule.
MT-00206	engine_runtime_i18n_confirmed_human	native_engine_i18n	madomagi/engine_i18n.tsv	518	zhCN	^1 AP will recover in 3:22 / AP will be fully recovered in 	距回复1 AP还有 3:22 / 距AP全部回复还有 	距回复1 AP还有 3:22 / 距AP全部回复还有 	madomagi/engine_i18n.tsv#518/zhCN	confirmed-human	new-root-human	magica/research/totentanz-full-localization-20260817/engine-i18n/ap-recovery-gap-verification.json#ENGINE-AP-DYNAMIC-TIMER-202;A:/magicaOLD/template/user/APPopup.html; native AP label shape from runtime screenshot; legacy consumer exact/^prefix contract	false	confirmed-context	confirmed-human-verified	^1 AP will recover in 3:22 / AP will be fully recovered in 		confirmed-human	ap-recovery-gap-verification	confirmed-human-ap-timer	confirmed human translation; native dynamic AP timer context	false	true; legacy client reads <files>/madomagi/engine_i18n.tsv	confirmed-human	距回复1 AP还有 3:22 / 距AP全部回复还有 	confirmed-human-verified	medium	confirmed_human_engine_translation	confirmed-human-verified	magica/research/totentanz-full-localization-20260817/engine-i18n/ap-recovery-gap-verification.json#ENGINE-AP-DYNAMIC-TIMER-202;A:/magicaOLD/template/user/APPopup.html; native AP label shape from runtime screenshot; legacy consumer exact/^prefix contract	kind=prefix; verified AP recovery UI rule.
MT-00207	engine_runtime_i18n_confirmed_human	native_engine_i18n	madomagi/engine_i18n.tsv	519	zhCN	^1 AP will recover in 3:23 / AP will be fully recovered in 	距回复1 AP还有 3:23 / 距AP全部回复还有 	距回复1 AP还有 3:23 / 距AP全部回复还有 	madomagi/engine_i18n.tsv#519/zhCN	confirmed-human	new-root-human	magica/research/totentanz-full-localization-20260817/engine-i18n/ap-recovery-gap-verification.json#ENGINE-AP-DYNAMIC-TIMER-203;A:/magicaOLD/template/user/APPopup.html; native AP label shape from runtime screenshot; legacy consumer exact/^prefix contract	false	confirmed-context	confirmed-human-verified	^1 AP will recover in 3:23 / AP will be fully recovered in 		confirmed-human	ap-recovery-gap-verification	confirmed-human-ap-timer	confirmed human translation; native dynamic AP timer context	false	true; legacy client reads <files>/madomagi/engine_i18n.tsv	confirmed-human	距回复1 AP还有 3:23 / 距AP全部回复还有 	confirmed-human-verified	medium	confirmed_human_engine_translation	confirmed-human-verified	magica/research/totentanz-full-localization-20260817/engine-i18n/ap-recovery-gap-verification.json#ENGINE-AP-DYNAMIC-TIMER-203;A:/magicaOLD/template/user/APPopup.html; native AP label shape from runtime screenshot; legacy consumer exact/^prefix contract	kind=prefix; verified AP recovery UI rule.
MT-00208	engine_runtime_i18n_confirmed_human	native_engine_i18n	madomagi/engine_i18n.tsv	520	zhCN	^1 AP will recover in 3:24 / AP will be fully recovered in 	距回复1 AP还有 3:24 / 距AP全部回复还有 	距回复1 AP还有 3:24 / 距AP全部回复还有 	madomagi/engine_i18n.tsv#520/zhCN	confirmed-human	new-root-human	magica/research/totentanz-full-localization-20260817/engine-i18n/ap-recovery-gap-verification.json#ENGINE-AP-DYNAMIC-TIMER-204;A:/magicaOLD/template/user/APPopup.html; native AP label shape from runtime screenshot; legacy consumer exact/^prefix contract	false	confirmed-context	confirmed-human-verified	^1 AP will recover in 3:24 / AP will be fully recovered in 		confirmed-human	ap-recovery-gap-verification	confirmed-human-ap-timer	confirmed human translation; native dynamic AP timer context	false	true; legacy client reads <files>/madomagi/engine_i18n.tsv	confirmed-human	距回复1 AP还有 3:24 / 距AP全部回复还有 	confirmed-human-verified	medium	confirmed_human_engine_translation	confirmed-human-verified	magica/research/totentanz-full-localization-20260817/engine-i18n/ap-recovery-gap-verification.json#ENGINE-AP-DYNAMIC-TIMER-204;A:/magicaOLD/template/user/APPopup.html; native AP label shape from runtime screenshot; legacy consumer exact/^prefix contract	kind=prefix; verified AP recovery UI rule.
MT-00209	engine_runtime_i18n_confirmed_human	native_engine_i18n	madomagi/engine_i18n.tsv	521	zhCN	^1 AP will recover in 3:25 / AP will be fully recovered in 	距回复1 AP还有 3:25 / 距AP全部回复还有 	距回复1 AP还有 3:25 / 距AP全部回复还有 	madomagi/engine_i18n.tsv#521/zhCN	confirmed-human	new-root-human	magica/research/totentanz-full-localization-20260817/engine-i18n/ap-recovery-gap-verification.json#ENGINE-AP-DYNAMIC-TIMER-205;A:/magicaOLD/template/user/APPopup.html; native AP label shape from runtime screenshot; legacy consumer exact/^prefix contract	false	confirmed-context	confirmed-human-verified	^1 AP will recover in 3:25 / AP will be fully recovered in 		confirmed-human	ap-recovery-gap-verification	confirmed-human-ap-timer	confirmed human translation; native dynamic AP timer context	false	true; legacy client reads <files>/madomagi/engine_i18n.tsv	confirmed-human	距回复1 AP还有 3:25 / 距AP全部回复还有 	confirmed-human-verified	medium	confirmed_human_engine_translation	confirmed-human-verified	magica/research/totentanz-full-localization-20260817/engine-i18n/ap-recovery-gap-verification.json#ENGINE-AP-DYNAMIC-TIMER-205;A:/magicaOLD/template/user/APPopup.html; native AP label shape from runtime screenshot; legacy consumer exact/^prefix contract	kind=prefix; verified AP recovery UI rule.
MT-00210	engine_runtime_i18n_confirmed_human	native_engine_i18n	madomagi/engine_i18n.tsv	522	zhCN	^1 AP will recover in 3:26 / AP will be fully recovered in 	距回复1 AP还有 3:26 / 距AP全部回复还有 	距回复1 AP还有 3:26 / 距AP全部回复还有 	madomagi/engine_i18n.tsv#522/zhCN	confirmed-human	new-root-human	magica/research/totentanz-full-localization-20260817/engine-i18n/ap-recovery-gap-verification.json#ENGINE-AP-DYNAMIC-TIMER-206;A:/magicaOLD/template/user/APPopup.html; native AP label shape from runtime screenshot; legacy consumer exact/^prefix contract	false	confirmed-context	confirmed-human-verified	^1 AP will recover in 3:26 / AP will be fully recovered in 		confirmed-human	ap-recovery-gap-verification	confirmed-human-ap-timer	confirmed human translation; native dynamic AP timer context	false	true; legacy client reads <files>/madomagi/engine_i18n.tsv	confirmed-human	距回复1 AP还有 3:26 / 距AP全部回复还有 	confirmed-human-verified	medium	confirmed_human_engine_translation	confirmed-human-verified	magica/research/totentanz-full-localization-20260817/engine-i18n/ap-recovery-gap-verification.json#ENGINE-AP-DYNAMIC-TIMER-206;A:/magicaOLD/template/user/APPopup.html; native AP label shape from runtime screenshot; legacy consumer exact/^prefix contract	kind=prefix; verified AP recovery UI rule.
MT-00211	engine_runtime_i18n_confirmed_human	native_engine_i18n	madomagi/engine_i18n.tsv	523	zhCN	^1 AP will recover in 3:27 / AP will be fully recovered in 	距回复1 AP还有 3:27 / 距AP全部回复还有 	距回复1 AP还有 3:27 / 距AP全部回复还有 	madomagi/engine_i18n.tsv#523/zhCN	confirmed-human	new-root-human	magica/research/totentanz-full-localization-20260817/engine-i18n/ap-recovery-gap-verification.json#ENGINE-AP-DYNAMIC-TIMER-207;A:/magicaOLD/template/user/APPopup.html; native AP label shape from runtime screenshot; legacy consumer exact/^prefix contract	false	confirmed-context	confirmed-human-verified	^1 AP will recover in 3:27 / AP will be fully recovered in 		confirmed-human	ap-recovery-gap-verification	confirmed-human-ap-timer	confirmed human translation; native dynamic AP timer context	false	true; legacy client reads <files>/madomagi/engine_i18n.tsv	confirmed-human	距回复1 AP还有 3:27 / 距AP全部回复还有 	confirmed-human-verified	medium	confirmed_human_engine_translation	confirmed-human-verified	magica/research/totentanz-full-localization-20260817/engine-i18n/ap-recovery-gap-verification.json#ENGINE-AP-DYNAMIC-TIMER-207;A:/magicaOLD/template/user/APPopup.html; native AP label shape from runtime screenshot; legacy consumer exact/^prefix contract	kind=prefix; verified AP recovery UI rule.
MT-00212	engine_runtime_i18n_confirmed_human	native_engine_i18n	madomagi/engine_i18n.tsv	524	zhCN	^1 AP will recover in 3:28 / AP will be fully recovered in 	距回复1 AP还有 3:28 / 距AP全部回复还有 	距回复1 AP还有 3:28 / 距AP全部回复还有 	madomagi/engine_i18n.tsv#524/zhCN	confirmed-human	new-root-human	magica/research/totentanz-full-localization-20260817/engine-i18n/ap-recovery-gap-verification.json#ENGINE-AP-DYNAMIC-TIMER-208;A:/magicaOLD/template/user/APPopup.html; native AP label shape from runtime screenshot; legacy consumer exact/^prefix contract	false	confirmed-context	confirmed-human-verified	^1 AP will recover in 3:28 / AP will be fully recovered in 		confirmed-human	ap-recovery-gap-verification	confirmed-human-ap-timer	confirmed human translation; native dynamic AP timer context	false	true; legacy client reads <files>/madomagi/engine_i18n.tsv	confirmed-human	距回复1 AP还有 3:28 / 距AP全部回复还有 	confirmed-human-verified	medium	confirmed_human_engine_translation	confirmed-human-verified	magica/research/totentanz-full-localization-20260817/engine-i18n/ap-recovery-gap-verification.json#ENGINE-AP-DYNAMIC-TIMER-208;A:/magicaOLD/template/user/APPopup.html; native AP label shape from runtime screenshot; legacy consumer exact/^prefix contract	kind=prefix; verified AP recovery UI rule.
MT-00213	engine_runtime_i18n_confirmed_human	native_engine_i18n	madomagi/engine_i18n.tsv	525	zhCN	^1 AP will recover in 3:29 / AP will be fully recovered in 	距回复1 AP还有 3:29 / 距AP全部回复还有 	距回复1 AP还有 3:29 / 距AP全部回复还有 	madomagi/engine_i18n.tsv#525/zhCN	confirmed-human	new-root-human	magica/research/totentanz-full-localization-20260817/engine-i18n/ap-recovery-gap-verification.json#ENGINE-AP-DYNAMIC-TIMER-209;A:/magicaOLD/template/user/APPopup.html; native AP label shape from runtime screenshot; legacy consumer exact/^prefix contract	false	confirmed-context	confirmed-human-verified	^1 AP will recover in 3:29 / AP will be fully recovered in 		confirmed-human	ap-recovery-gap-verification	confirmed-human-ap-timer	confirmed human translation; native dynamic AP timer context	false	true; legacy client reads <files>/madomagi/engine_i18n.tsv	confirmed-human	距回复1 AP还有 3:29 / 距AP全部回复还有 	confirmed-human-verified	medium	confirmed_human_engine_translation	confirmed-human-verified	magica/research/totentanz-full-localization-20260817/engine-i18n/ap-recovery-gap-verification.json#ENGINE-AP-DYNAMIC-TIMER-209;A:/magicaOLD/template/user/APPopup.html; native AP label shape from runtime screenshot; legacy consumer exact/^prefix contract	kind=prefix; verified AP recovery UI rule.
MT-00214	engine_runtime_i18n_confirmed_human	native_engine_i18n	madomagi/engine_i18n.tsv	526	zhCN	^1 AP will recover in 3:30 / AP will be fully recovered in 	距回复1 AP还有 3:30 / 距AP全部回复还有 	距回复1 AP还有 3:30 / 距AP全部回复还有 	madomagi/engine_i18n.tsv#526/zhCN	confirmed-human	new-root-human	magica/research/totentanz-full-localization-20260817/engine-i18n/ap-recovery-gap-verification.json#ENGINE-AP-DYNAMIC-TIMER-210;A:/magicaOLD/template/user/APPopup.html; native AP label shape from runtime screenshot; legacy consumer exact/^prefix contract	false	confirmed-context	confirmed-human-verified	^1 AP will recover in 3:30 / AP will be fully recovered in 		confirmed-human	ap-recovery-gap-verification	confirmed-human-ap-timer	confirmed human translation; native dynamic AP timer context	false	true; legacy client reads <files>/madomagi/engine_i18n.tsv	confirmed-human	距回复1 AP还有 3:30 / 距AP全部回复还有 	confirmed-human-verified	medium	confirmed_human_engine_translation	confirmed-human-verified	magica/research/totentanz-full-localization-20260817/engine-i18n/ap-recovery-gap-verification.json#ENGINE-AP-DYNAMIC-TIMER-210;A:/magicaOLD/template/user/APPopup.html; native AP label shape from runtime screenshot; legacy consumer exact/^prefix contract	kind=prefix; verified AP recovery UI rule.
MT-00215	engine_runtime_i18n_confirmed_human	native_engine_i18n	madomagi/engine_i18n.tsv	527	zhCN	^1 AP will recover in 3:31 / AP will be fully recovered in 	距回复1 AP还有 3:31 / 距AP全部回复还有 	距回复1 AP还有 3:31 / 距AP全部回复还有 	madomagi/engine_i18n.tsv#527/zhCN	confirmed-human	new-root-human	magica/research/totentanz-full-localization-20260817/engine-i18n/ap-recovery-gap-verification.json#ENGINE-AP-DYNAMIC-TIMER-211;A:/magicaOLD/template/user/APPopup.html; native AP label shape from runtime screenshot; legacy consumer exact/^prefix contract	false	confirmed-context	confirmed-human-verified	^1 AP will recover in 3:31 / AP will be fully recovered in 		confirmed-human	ap-recovery-gap-verification	confirmed-human-ap-timer	confirmed human translation; native dynamic AP timer context	false	true; legacy client reads <files>/madomagi/engine_i18n.tsv	confirmed-human	距回复1 AP还有 3:31 / 距AP全部回复还有 	confirmed-human-verified	medium	confirmed_human_engine_translation	confirmed-human-verified	magica/research/totentanz-full-localization-20260817/engine-i18n/ap-recovery-gap-verification.json#ENGINE-AP-DYNAMIC-TIMER-211;A:/magicaOLD/template/user/APPopup.html; native AP label shape from runtime screenshot; legacy consumer exact/^prefix contract	kind=prefix; verified AP recovery UI rule.
MT-00216	engine_runtime_i18n_confirmed_human	native_engine_i18n	madomagi/engine_i18n.tsv	528	zhCN	^1 AP will recover in 3:32 / AP will be fully recovered in 	距回复1 AP还有 3:32 / 距AP全部回复还有 	距回复1 AP还有 3:32 / 距AP全部回复还有 	madomagi/engine_i18n.tsv#528/zhCN	confirmed-human	new-root-human	magica/research/totentanz-full-localization-20260817/engine-i18n/ap-recovery-gap-verification.json#ENGINE-AP-DYNAMIC-TIMER-212;A:/magicaOLD/template/user/APPopup.html; native AP label shape from runtime screenshot; legacy consumer exact/^prefix contract	false	confirmed-context	confirmed-human-verified	^1 AP will recover in 3:32 / AP will be fully recovered in 		confirmed-human	ap-recovery-gap-verification	confirmed-human-ap-timer	confirmed human translation; native dynamic AP timer context	false	true; legacy client reads <files>/madomagi/engine_i18n.tsv	confirmed-human	距回复1 AP还有 3:32 / 距AP全部回复还有 	confirmed-human-verified	medium	confirmed_human_engine_translation	confirmed-human-verified	magica/research/totentanz-full-localization-20260817/engine-i18n/ap-recovery-gap-verification.json#ENGINE-AP-DYNAMIC-TIMER-212;A:/magicaOLD/template/user/APPopup.html; native AP label shape from runtime screenshot; legacy consumer exact/^prefix contract	kind=prefix; verified AP recovery UI rule.
MT-00217	engine_runtime_i18n_confirmed_human	native_engine_i18n	madomagi/engine_i18n.tsv	529	zhCN	^1 AP will recover in 3:33 / AP will be fully recovered in 	距回复1 AP还有 3:33 / 距AP全部回复还有 	距回复1 AP还有 3:33 / 距AP全部回复还有 	madomagi/engine_i18n.tsv#529/zhCN	confirmed-human	new-root-human	magica/research/totentanz-full-localization-20260817/engine-i18n/ap-recovery-gap-verification.json#ENGINE-AP-DYNAMIC-TIMER-213;A:/magicaOLD/template/user/APPopup.html; native AP label shape from runtime screenshot; legacy consumer exact/^prefix contract	false	confirmed-context	confirmed-human-verified	^1 AP will recover in 3:33 / AP will be fully recovered in 		confirmed-human	ap-recovery-gap-verification	confirmed-human-ap-timer	confirmed human translation; native dynamic AP timer context	false	true; legacy client reads <files>/madomagi/engine_i18n.tsv	confirmed-human	距回复1 AP还有 3:33 / 距AP全部回复还有 	confirmed-human-verified	medium	confirmed_human_engine_translation	confirmed-human-verified	magica/research/totentanz-full-localization-20260817/engine-i18n/ap-recovery-gap-verification.json#ENGINE-AP-DYNAMIC-TIMER-213;A:/magicaOLD/template/user/APPopup.html; native AP label shape from runtime screenshot; legacy consumer exact/^prefix contract	kind=prefix; verified AP recovery UI rule.
MT-00218	engine_runtime_i18n_confirmed_human	native_engine_i18n	madomagi/engine_i18n.tsv	530	zhCN	^1 AP will recover in 3:34 / AP will be fully recovered in 	距回复1 AP还有 3:34 / 距AP全部回复还有 	距回复1 AP还有 3:34 / 距AP全部回复还有 	madomagi/engine_i18n.tsv#530/zhCN	confirmed-human	new-root-human	magica/research/totentanz-full-localization-20260817/engine-i18n/ap-recovery-gap-verification.json#ENGINE-AP-DYNAMIC-TIMER-214;A:/magicaOLD/template/user/APPopup.html; native AP label shape from runtime screenshot; legacy consumer exact/^prefix contract	false	confirmed-context	confirmed-human-verified	^1 AP will recover in 3:34 / AP will be fully recovered in 		confirmed-human	ap-recovery-gap-verification	confirmed-human-ap-timer	confirmed human translation; native dynamic AP timer context	false	true; legacy client reads <files>/madomagi/engine_i18n.tsv	confirmed-human	距回复1 AP还有 3:34 / 距AP全部回复还有 	confirmed-human-verified	medium	confirmed_human_engine_translation	confirmed-human-verified	magica/research/totentanz-full-localization-20260817/engine-i18n/ap-recovery-gap-verification.json#ENGINE-AP-DYNAMIC-TIMER-214;A:/magicaOLD/template/user/APPopup.html; native AP label shape from runtime screenshot; legacy consumer exact/^prefix contract	kind=prefix; verified AP recovery UI rule.
MT-00219	engine_runtime_i18n_confirmed_human	native_engine_i18n	madomagi/engine_i18n.tsv	531	zhCN	^1 AP will recover in 3:35 / AP will be fully recovered in 	距回复1 AP还有 3:35 / 距AP全部回复还有 	距回复1 AP还有 3:35 / 距AP全部回复还有 	madomagi/engine_i18n.tsv#531/zhCN	confirmed-human	new-root-human	magica/research/totentanz-full-localization-20260817/engine-i18n/ap-recovery-gap-verification.json#ENGINE-AP-DYNAMIC-TIMER-215;A:/magicaOLD/template/user/APPopup.html; native AP label shape from runtime screenshot; legacy consumer exact/^prefix contract	false	confirmed-context	confirmed-human-verified	^1 AP will recover in 3:35 / AP will be fully recovered in 		confirmed-human	ap-recovery-gap-verification	confirmed-human-ap-timer	confirmed human translation; native dynamic AP timer context	false	true; legacy client reads <files>/madomagi/engine_i18n.tsv	confirmed-human	距回复1 AP还有 3:35 / 距AP全部回复还有 	confirmed-human-verified	medium	confirmed_human_engine_translation	confirmed-human-verified	magica/research/totentanz-full-localization-20260817/engine-i18n/ap-recovery-gap-verification.json#ENGINE-AP-DYNAMIC-TIMER-215;A:/magicaOLD/template/user/APPopup.html; native AP label shape from runtime screenshot; legacy consumer exact/^prefix contract	kind=prefix; verified AP recovery UI rule.
MT-00220	engine_runtime_i18n_confirmed_human	native_engine_i18n	madomagi/engine_i18n.tsv	532	zhCN	^1 AP will recover in 3:36 / AP will be fully recovered in 	距回复1 AP还有 3:36 / 距AP全部回复还有 	距回复1 AP还有 3:36 / 距AP全部回复还有 	madomagi/engine_i18n.tsv#532/zhCN	confirmed-human	new-root-human	magica/research/totentanz-full-localization-20260817/engine-i18n/ap-recovery-gap-verification.json#ENGINE-AP-DYNAMIC-TIMER-216;A:/magicaOLD/template/user/APPopup.html; native AP label shape from runtime screenshot; legacy consumer exact/^prefix contract	false	confirmed-context	confirmed-human-verified	^1 AP will recover in 3:36 / AP will be fully recovered in 		confirmed-human	ap-recovery-gap-verification	confirmed-human-ap-timer	confirmed human translation; native dynamic AP timer context	false	true; legacy client reads <files>/madomagi/engine_i18n.tsv	confirmed-human	距回复1 AP还有 3:36 / 距AP全部回复还有 	confirmed-human-verified	medium	confirmed_human_engine_translation	confirmed-human-verified	magica/research/totentanz-full-localization-20260817/engine-i18n/ap-recovery-gap-verification.json#ENGINE-AP-DYNAMIC-TIMER-216;A:/magicaOLD/template/user/APPopup.html; native AP label shape from runtime screenshot; legacy consumer exact/^prefix contract	kind=prefix; verified AP recovery UI rule.
MT-00221	engine_runtime_i18n_confirmed_human	native_engine_i18n	madomagi/engine_i18n.tsv	533	zhCN	^1 AP will recover in 3:37 / AP will be fully recovered in 	距回复1 AP还有 3:37 / 距AP全部回复还有 	距回复1 AP还有 3:37 / 距AP全部回复还有 	madomagi/engine_i18n.tsv#533/zhCN	confirmed-human	new-root-human	magica/research/totentanz-full-localization-20260817/engine-i18n/ap-recovery-gap-verification.json#ENGINE-AP-DYNAMIC-TIMER-217;A:/magicaOLD/template/user/APPopup.html; native AP label shape from runtime screenshot; legacy consumer exact/^prefix contract	false	confirmed-context	confirmed-human-verified	^1 AP will recover in 3:37 / AP will be fully recovered in 		confirmed-human	ap-recovery-gap-verification	confirmed-human-ap-timer	confirmed human translation; native dynamic AP timer context	false	true; legacy client reads <files>/madomagi/engine_i18n.tsv	confirmed-human	距回复1 AP还有 3:37 / 距AP全部回复还有 	confirmed-human-verified	medium	confirmed_human_engine_translation	confirmed-human-verified	magica/research/totentanz-full-localization-20260817/engine-i18n/ap-recovery-gap-verification.json#ENGINE-AP-DYNAMIC-TIMER-217;A:/magicaOLD/template/user/APPopup.html; native AP label shape from runtime screenshot; legacy consumer exact/^prefix contract	kind=prefix; verified AP recovery UI rule.
MT-00222	engine_runtime_i18n_confirmed_human	native_engine_i18n	madomagi/engine_i18n.tsv	534	zhCN	^1 AP will recover in 3:38 / AP will be fully recovered in 	距回复1 AP还有 3:38 / 距AP全部回复还有 	距回复1 AP还有 3:38 / 距AP全部回复还有 	madomagi/engine_i18n.tsv#534/zhCN	confirmed-human	new-root-human	magica/research/totentanz-full-localization-20260817/engine-i18n/ap-recovery-gap-verification.json#ENGINE-AP-DYNAMIC-TIMER-218;A:/magicaOLD/template/user/APPopup.html; native AP label shape from runtime screenshot; legacy consumer exact/^prefix contract	false	confirmed-context	confirmed-human-verified	^1 AP will recover in 3:38 / AP will be fully recovered in 		confirmed-human	ap-recovery-gap-verification	confirmed-human-ap-timer	confirmed human translation; native dynamic AP timer context	false	true; legacy client reads <files>/madomagi/engine_i18n.tsv	confirmed-human	距回复1 AP还有 3:38 / 距AP全部回复还有 	confirmed-human-verified	medium	confirmed_human_engine_translation	confirmed-human-verified	magica/research/totentanz-full-localization-20260817/engine-i18n/ap-recovery-gap-verification.json#ENGINE-AP-DYNAMIC-TIMER-218;A:/magicaOLD/template/user/APPopup.html; native AP label shape from runtime screenshot; legacy consumer exact/^prefix contract	kind=prefix; verified AP recovery UI rule.
MT-00223	engine_runtime_i18n_confirmed_human	native_engine_i18n	madomagi/engine_i18n.tsv	535	zhCN	^1 AP will recover in 3:39 / AP will be fully recovered in 	距回复1 AP还有 3:39 / 距AP全部回复还有 	距回复1 AP还有 3:39 / 距AP全部回复还有 	madomagi/engine_i18n.tsv#535/zhCN	confirmed-human	new-root-human	magica/research/totentanz-full-localization-20260817/engine-i18n/ap-recovery-gap-verification.json#ENGINE-AP-DYNAMIC-TIMER-219;A:/magicaOLD/template/user/APPopup.html; native AP label shape from runtime screenshot; legacy consumer exact/^prefix contract	false	confirmed-context	confirmed-human-verified	^1 AP will recover in 3:39 / AP will be fully recovered in 		confirmed-human	ap-recovery-gap-verification	confirmed-human-ap-timer	confirmed human translation; native dynamic AP timer context	false	true; legacy client reads <files>/madomagi/engine_i18n.tsv	confirmed-human	距回复1 AP还有 3:39 / 距AP全部回复还有 	confirmed-human-verified	medium	confirmed_human_engine_translation	confirmed-human-verified	magica/research/totentanz-full-localization-20260817/engine-i18n/ap-recovery-gap-verification.json#ENGINE-AP-DYNAMIC-TIMER-219;A:/magicaOLD/template/user/APPopup.html; native AP label shape from runtime screenshot; legacy consumer exact/^prefix contract	kind=prefix; verified AP recovery UI rule.
MT-00224	engine_runtime_i18n_confirmed_human	native_engine_i18n	madomagi/engine_i18n.tsv	536	zhCN	^1 AP will recover in 3:40 / AP will be fully recovered in 	距回复1 AP还有 3:40 / 距AP全部回复还有 	距回复1 AP还有 3:40 / 距AP全部回复还有 	madomagi/engine_i18n.tsv#536/zhCN	confirmed-human	new-root-human	magica/research/totentanz-full-localization-20260817/engine-i18n/ap-recovery-gap-verification.json#ENGINE-AP-DYNAMIC-TIMER-220;A:/magicaOLD/template/user/APPopup.html; native AP label shape from runtime screenshot; legacy consumer exact/^prefix contract	false	confirmed-context	confirmed-human-verified	^1 AP will recover in 3:40 / AP will be fully recovered in 		confirmed-human	ap-recovery-gap-verification	confirmed-human-ap-timer	confirmed human translation; native dynamic AP timer context	false	true; legacy client reads <files>/madomagi/engine_i18n.tsv	confirmed-human	距回复1 AP还有 3:40 / 距AP全部回复还有 	confirmed-human-verified	medium	confirmed_human_engine_translation	confirmed-human-verified	magica/research/totentanz-full-localization-20260817/engine-i18n/ap-recovery-gap-verification.json#ENGINE-AP-DYNAMIC-TIMER-220;A:/magicaOLD/template/user/APPopup.html; native AP label shape from runtime screenshot; legacy consumer exact/^prefix contract	kind=prefix; verified AP recovery UI rule.
MT-00225	engine_runtime_i18n_confirmed_human	native_engine_i18n	madomagi/engine_i18n.tsv	537	zhCN	^1 AP will recover in 3:41 / AP will be fully recovered in 	距回复1 AP还有 3:41 / 距AP全部回复还有 	距回复1 AP还有 3:41 / 距AP全部回复还有 	madomagi/engine_i18n.tsv#537/zhCN	confirmed-human	new-root-human	magica/research/totentanz-full-localization-20260817/engine-i18n/ap-recovery-gap-verification.json#ENGINE-AP-DYNAMIC-TIMER-221;A:/magicaOLD/template/user/APPopup.html; native AP label shape from runtime screenshot; legacy consumer exact/^prefix contract	false	confirmed-context	confirmed-human-verified	^1 AP will recover in 3:41 / AP will be fully recovered in 		confirmed-human	ap-recovery-gap-verification	confirmed-human-ap-timer	confirmed human translation; native dynamic AP timer context	false	true; legacy client reads <files>/madomagi/engine_i18n.tsv	confirmed-human	距回复1 AP还有 3:41 / 距AP全部回复还有 	confirmed-human-verified	medium	confirmed_human_engine_translation	confirmed-human-verified	magica/research/totentanz-full-localization-20260817/engine-i18n/ap-recovery-gap-verification.json#ENGINE-AP-DYNAMIC-TIMER-221;A:/magicaOLD/template/user/APPopup.html; native AP label shape from runtime screenshot; legacy consumer exact/^prefix contract	kind=prefix; verified AP recovery UI rule.
MT-00226	engine_runtime_i18n_confirmed_human	native_engine_i18n	madomagi/engine_i18n.tsv	538	zhCN	^1 AP will recover in 3:42 / AP will be fully recovered in 	距回复1 AP还有 3:42 / 距AP全部回复还有 	距回复1 AP还有 3:42 / 距AP全部回复还有 	madomagi/engine_i18n.tsv#538/zhCN	confirmed-human	new-root-human	magica/research/totentanz-full-localization-20260817/engine-i18n/ap-recovery-gap-verification.json#ENGINE-AP-DYNAMIC-TIMER-222;A:/magicaOLD/template/user/APPopup.html; native AP label shape from runtime screenshot; legacy consumer exact/^prefix contract	false	confirmed-context	confirmed-human-verified	^1 AP will recover in 3:42 / AP will be fully recovered in 		confirmed-human	ap-recovery-gap-verification	confirmed-human-ap-timer	confirmed human translation; native dynamic AP timer context	false	true; legacy client reads <files>/madomagi/engine_i18n.tsv	confirmed-human	距回复1 AP还有 3:42 / 距AP全部回复还有 	confirmed-human-verified	medium	confirmed_human_engine_translation	confirmed-human-verified	magica/research/totentanz-full-localization-20260817/engine-i18n/ap-recovery-gap-verification.json#ENGINE-AP-DYNAMIC-TIMER-222;A:/magicaOLD/template/user/APPopup.html; native AP label shape from runtime screenshot; legacy consumer exact/^prefix contract	kind=prefix; verified AP recovery UI rule.
MT-00227	engine_runtime_i18n_confirmed_human	native_engine_i18n	madomagi/engine_i18n.tsv	539	zhCN	^1 AP will recover in 3:43 / AP will be fully recovered in 	距回复1 AP还有 3:43 / 距AP全部回复还有 	距回复1 AP还有 3:43 / 距AP全部回复还有 	madomagi/engine_i18n.tsv#539/zhCN	confirmed-human	new-root-human	magica/research/totentanz-full-localization-20260817/engine-i18n/ap-recovery-gap-verification.json#ENGINE-AP-DYNAMIC-TIMER-223;A:/magicaOLD/template/user/APPopup.html; native AP label shape from runtime screenshot; legacy consumer exact/^prefix contract	false	confirmed-context	confirmed-human-verified	^1 AP will recover in 3:43 / AP will be fully recovered in 		confirmed-human	ap-recovery-gap-verification	confirmed-human-ap-timer	confirmed human translation; native dynamic AP timer context	false	true; legacy client reads <files>/madomagi/engine_i18n.tsv	confirmed-human	距回复1 AP还有 3:43 / 距AP全部回复还有 	confirmed-human-verified	medium	confirmed_human_engine_translation	confirmed-human-verified	magica/research/totentanz-full-localization-20260817/engine-i18n/ap-recovery-gap-verification.json#ENGINE-AP-DYNAMIC-TIMER-223;A:/magicaOLD/template/user/APPopup.html; native AP label shape from runtime screenshot; legacy consumer exact/^prefix contract	kind=prefix; verified AP recovery UI rule.
MT-00228	engine_runtime_i18n_confirmed_human	native_engine_i18n	madomagi/engine_i18n.tsv	540	zhCN	^1 AP will recover in 3:44 / AP will be fully recovered in 	距回复1 AP还有 3:44 / 距AP全部回复还有 	距回复1 AP还有 3:44 / 距AP全部回复还有 	madomagi/engine_i18n.tsv#540/zhCN	confirmed-human	new-root-human	magica/research/totentanz-full-localization-20260817/engine-i18n/ap-recovery-gap-verification.json#ENGINE-AP-DYNAMIC-TIMER-224;A:/magicaOLD/template/user/APPopup.html; native AP label shape from runtime screenshot; legacy consumer exact/^prefix contract	false	confirmed-context	confirmed-human-verified	^1 AP will recover in 3:44 / AP will be fully recovered in 		confirmed-human	ap-recovery-gap-verification	confirmed-human-ap-timer	confirmed human translation; native dynamic AP timer context	false	true; legacy client reads <files>/madomagi/engine_i18n.tsv	confirmed-human	距回复1 AP还有 3:44 / 距AP全部回复还有 	confirmed-human-verified	medium	confirmed_human_engine_translation	confirmed-human-verified	magica/research/totentanz-full-localization-20260817/engine-i18n/ap-recovery-gap-verification.json#ENGINE-AP-DYNAMIC-TIMER-224;A:/magicaOLD/template/user/APPopup.html; native AP label shape from runtime screenshot; legacy consumer exact/^prefix contract	kind=prefix; verified AP recovery UI rule.
MT-00229	engine_runtime_i18n_confirmed_human	native_engine_i18n	madomagi/engine_i18n.tsv	541	zhCN	^1 AP will recover in 3:45 / AP will be fully recovered in 	距回复1 AP还有 3:45 / 距AP全部回复还有 	距回复1 AP还有 3:45 / 距AP全部回复还有 	madomagi/engine_i18n.tsv#541/zhCN	confirmed-human	new-root-human	magica/research/totentanz-full-localization-20260817/engine-i18n/ap-recovery-gap-verification.json#ENGINE-AP-DYNAMIC-TIMER-225;A:/magicaOLD/template/user/APPopup.html; native AP label shape from runtime screenshot; legacy consumer exact/^prefix contract	false	confirmed-context	confirmed-human-verified	^1 AP will recover in 3:45 / AP will be fully recovered in 		confirmed-human	ap-recovery-gap-verification	confirmed-human-ap-timer	confirmed human translation; native dynamic AP timer context	false	true; legacy client reads <files>/madomagi/engine_i18n.tsv	confirmed-human	距回复1 AP还有 3:45 / 距AP全部回复还有 	confirmed-human-verified	medium	confirmed_human_engine_translation	confirmed-human-verified	magica/research/totentanz-full-localization-20260817/engine-i18n/ap-recovery-gap-verification.json#ENGINE-AP-DYNAMIC-TIMER-225;A:/magicaOLD/template/user/APPopup.html; native AP label shape from runtime screenshot; legacy consumer exact/^prefix contract	kind=prefix; verified AP recovery UI rule.
MT-00230	engine_runtime_i18n_confirmed_human	native_engine_i18n	madomagi/engine_i18n.tsv	542	zhCN	^1 AP will recover in 3:46 / AP will be fully recovered in 	距回复1 AP还有 3:46 / 距AP全部回复还有 	距回复1 AP还有 3:46 / 距AP全部回复还有 	madomagi/engine_i18n.tsv#542/zhCN	confirmed-human	new-root-human	magica/research/totentanz-full-localization-20260817/engine-i18n/ap-recovery-gap-verification.json#ENGINE-AP-DYNAMIC-TIMER-226;A:/magicaOLD/template/user/APPopup.html; native AP label shape from runtime screenshot; legacy consumer exact/^prefix contract	false	confirmed-context	confirmed-human-verified	^1 AP will recover in 3:46 / AP will be fully recovered in 		confirmed-human	ap-recovery-gap-verification	confirmed-human-ap-timer	confirmed human translation; native dynamic AP timer context	false	true; legacy client reads <files>/madomagi/engine_i18n.tsv	confirmed-human	距回复1 AP还有 3:46 / 距AP全部回复还有 	confirmed-human-verified	medium	confirmed_human_engine_translation	confirmed-human-verified	magica/research/totentanz-full-localization-20260817/engine-i18n/ap-recovery-gap-verification.json#ENGINE-AP-DYNAMIC-TIMER-226;A:/magicaOLD/template/user/APPopup.html; native AP label shape from runtime screenshot; legacy consumer exact/^prefix contract	kind=prefix; verified AP recovery UI rule.
MT-00231	engine_runtime_i18n_confirmed_human	native_engine_i18n	madomagi/engine_i18n.tsv	543	zhCN	^1 AP will recover in 3:47 / AP will be fully recovered in 	距回复1 AP还有 3:47 / 距AP全部回复还有 	距回复1 AP还有 3:47 / 距AP全部回复还有 	madomagi/engine_i18n.tsv#543/zhCN	confirmed-human	new-root-human	magica/research/totentanz-full-localization-20260817/engine-i18n/ap-recovery-gap-verification.json#ENGINE-AP-DYNAMIC-TIMER-227;A:/magicaOLD/template/user/APPopup.html; native AP label shape from runtime screenshot; legacy consumer exact/^prefix contract	false	confirmed-context	confirmed-human-verified	^1 AP will recover in 3:47 / AP will be fully recovered in 		confirmed-human	ap-recovery-gap-verification	confirmed-human-ap-timer	confirmed human translation; native dynamic AP timer context	false	true; legacy client reads <files>/madomagi/engine_i18n.tsv	confirmed-human	距回复1 AP还有 3:47 / 距AP全部回复还有 	confirmed-human-verified	medium	confirmed_human_engine_translation	confirmed-human-verified	magica/research/totentanz-full-localization-20260817/engine-i18n/ap-recovery-gap-verification.json#ENGINE-AP-DYNAMIC-TIMER-227;A:/magicaOLD/template/user/APPopup.html; native AP label shape from runtime screenshot; legacy consumer exact/^prefix contract	kind=prefix; verified AP recovery UI rule.
MT-00232	engine_runtime_i18n_confirmed_human	native_engine_i18n	madomagi/engine_i18n.tsv	544	zhCN	^1 AP will recover in 3:48 / AP will be fully recovered in 	距回复1 AP还有 3:48 / 距AP全部回复还有 	距回复1 AP还有 3:48 / 距AP全部回复还有 	madomagi/engine_i18n.tsv#544/zhCN	confirmed-human	new-root-human	magica/research/totentanz-full-localization-20260817/engine-i18n/ap-recovery-gap-verification.json#ENGINE-AP-DYNAMIC-TIMER-228;A:/magicaOLD/template/user/APPopup.html; native AP label shape from runtime screenshot; legacy consumer exact/^prefix contract	false	confirmed-context	confirmed-human-verified	^1 AP will recover in 3:48 / AP will be fully recovered in 		confirmed-human	ap-recovery-gap-verification	confirmed-human-ap-timer	confirmed human translation; native dynamic AP timer context	false	true; legacy client reads <files>/madomagi/engine_i18n.tsv	confirmed-human	距回复1 AP还有 3:48 / 距AP全部回复还有 	confirmed-human-verified	medium	confirmed_human_engine_translation	confirmed-human-verified	magica/research/totentanz-full-localization-20260817/engine-i18n/ap-recovery-gap-verification.json#ENGINE-AP-DYNAMIC-TIMER-228;A:/magicaOLD/template/user/APPopup.html; native AP label shape from runtime screenshot; legacy consumer exact/^prefix contract	kind=prefix; verified AP recovery UI rule.
MT-00233	engine_runtime_i18n_confirmed_human	native_engine_i18n	madomagi/engine_i18n.tsv	545	zhCN	^1 AP will recover in 3:49 / AP will be fully recovered in 	距回复1 AP还有 3:49 / 距AP全部回复还有 	距回复1 AP还有 3:49 / 距AP全部回复还有 	madomagi/engine_i18n.tsv#545/zhCN	confirmed-human	new-root-human	magica/research/totentanz-full-localization-20260817/engine-i18n/ap-recovery-gap-verification.json#ENGINE-AP-DYNAMIC-TIMER-229;A:/magicaOLD/template/user/APPopup.html; native AP label shape from runtime screenshot; legacy consumer exact/^prefix contract	false	confirmed-context	confirmed-human-verified	^1 AP will recover in 3:49 / AP will be fully recovered in 		confirmed-human	ap-recovery-gap-verification	confirmed-human-ap-timer	confirmed human translation; native dynamic AP timer context	false	true; legacy client reads <files>/madomagi/engine_i18n.tsv	confirmed-human	距回复1 AP还有 3:49 / 距AP全部回复还有 	confirmed-human-verified	medium	confirmed_human_engine_translation	confirmed-human-verified	magica/research/totentanz-full-localization-20260817/engine-i18n/ap-recovery-gap-verification.json#ENGINE-AP-DYNAMIC-TIMER-229;A:/magicaOLD/template/user/APPopup.html; native AP label shape from runtime screenshot; legacy consumer exact/^prefix contract	kind=prefix; verified AP recovery UI rule.
MT-00234	engine_runtime_i18n_confirmed_human	native_engine_i18n	madomagi/engine_i18n.tsv	546	zhCN	^1 AP will recover in 3:50 / AP will be fully recovered in 	距回复1 AP还有 3:50 / 距AP全部回复还有 	距回复1 AP还有 3:50 / 距AP全部回复还有 	madomagi/engine_i18n.tsv#546/zhCN	confirmed-human	new-root-human	magica/research/totentanz-full-localization-20260817/engine-i18n/ap-recovery-gap-verification.json#ENGINE-AP-DYNAMIC-TIMER-230;A:/magicaOLD/template/user/APPopup.html; native AP label shape from runtime screenshot; legacy consumer exact/^prefix contract	false	confirmed-context	confirmed-human-verified	^1 AP will recover in 3:50 / AP will be fully recovered in 		confirmed-human	ap-recovery-gap-verification	confirmed-human-ap-timer	confirmed human translation; native dynamic AP timer context	false	true; legacy client reads <files>/madomagi/engine_i18n.tsv	confirmed-human	距回复1 AP还有 3:50 / 距AP全部回复还有 	confirmed-human-verified	medium	confirmed_human_engine_translation	confirmed-human-verified	magica/research/totentanz-full-localization-20260817/engine-i18n/ap-recovery-gap-verification.json#ENGINE-AP-DYNAMIC-TIMER-230;A:/magicaOLD/template/user/APPopup.html; native AP label shape from runtime screenshot; legacy consumer exact/^prefix contract	kind=prefix; verified AP recovery UI rule.
MT-00235	engine_runtime_i18n_confirmed_human	native_engine_i18n	madomagi/engine_i18n.tsv	547	zhCN	^1 AP will recover in 3:51 / AP will be fully recovered in 	距回复1 AP还有 3:51 / 距AP全部回复还有 	距回复1 AP还有 3:51 / 距AP全部回复还有 	madomagi/engine_i18n.tsv#547/zhCN	confirmed-human	new-root-human	magica/research/totentanz-full-localization-20260817/engine-i18n/ap-recovery-gap-verification.json#ENGINE-AP-DYNAMIC-TIMER-231;A:/magicaOLD/template/user/APPopup.html; native AP label shape from runtime screenshot; legacy consumer exact/^prefix contract	false	confirmed-context	confirmed-human-verified	^1 AP will recover in 3:51 / AP will be fully recovered in 		confirmed-human	ap-recovery-gap-verification	confirmed-human-ap-timer	confirmed human translation; native dynamic AP timer context	false	true; legacy client reads <files>/madomagi/engine_i18n.tsv	confirmed-human	距回复1 AP还有 3:51 / 距AP全部回复还有 	confirmed-human-verified	medium	confirmed_human_engine_translation	confirmed-human-verified	magica/research/totentanz-full-localization-20260817/engine-i18n/ap-recovery-gap-verification.json#ENGINE-AP-DYNAMIC-TIMER-231;A:/magicaOLD/template/user/APPopup.html; native AP label shape from runtime screenshot; legacy consumer exact/^prefix contract	kind=prefix; verified AP recovery UI rule.
MT-00236	engine_runtime_i18n_confirmed_human	native_engine_i18n	madomagi/engine_i18n.tsv	548	zhCN	^1 AP will recover in 3:52 / AP will be fully recovered in 	距回复1 AP还有 3:52 / 距AP全部回复还有 	距回复1 AP还有 3:52 / 距AP全部回复还有 	madomagi/engine_i18n.tsv#548/zhCN	confirmed-human	new-root-human	magica/research/totentanz-full-localization-20260817/engine-i18n/ap-recovery-gap-verification.json#ENGINE-AP-DYNAMIC-TIMER-232;A:/magicaOLD/template/user/APPopup.html; native AP label shape from runtime screenshot; legacy consumer exact/^prefix contract	false	confirmed-context	confirmed-human-verified	^1 AP will recover in 3:52 / AP will be fully recovered in 		confirmed-human	ap-recovery-gap-verification	confirmed-human-ap-timer	confirmed human translation; native dynamic AP timer context	false	true; legacy client reads <files>/madomagi/engine_i18n.tsv	confirmed-human	距回复1 AP还有 3:52 / 距AP全部回复还有 	confirmed-human-verified	medium	confirmed_human_engine_translation	confirmed-human-verified	magica/research/totentanz-full-localization-20260817/engine-i18n/ap-recovery-gap-verification.json#ENGINE-AP-DYNAMIC-TIMER-232;A:/magicaOLD/template/user/APPopup.html; native AP label shape from runtime screenshot; legacy consumer exact/^prefix contract	kind=prefix; verified AP recovery UI rule.
MT-00237	engine_runtime_i18n_confirmed_human	native_engine_i18n	madomagi/engine_i18n.tsv	549	zhCN	^1 AP will recover in 3:53 / AP will be fully recovered in 	距回复1 AP还有 3:53 / 距AP全部回复还有 	距回复1 AP还有 3:53 / 距AP全部回复还有 	madomagi/engine_i18n.tsv#549/zhCN	confirmed-human	new-root-human	magica/research/totentanz-full-localization-20260817/engine-i18n/ap-recovery-gap-verification.json#ENGINE-AP-DYNAMIC-TIMER-233;A:/magicaOLD/template/user/APPopup.html; native AP label shape from runtime screenshot; legacy consumer exact/^prefix contract	false	confirmed-context	confirmed-human-verified	^1 AP will recover in 3:53 / AP will be fully recovered in 		confirmed-human	ap-recovery-gap-verification	confirmed-human-ap-timer	confirmed human translation; native dynamic AP timer context	false	true; legacy client reads <files>/madomagi/engine_i18n.tsv	confirmed-human	距回复1 AP还有 3:53 / 距AP全部回复还有 	confirmed-human-verified	medium	confirmed_human_engine_translation	confirmed-human-verified	magica/research/totentanz-full-localization-20260817/engine-i18n/ap-recovery-gap-verification.json#ENGINE-AP-DYNAMIC-TIMER-233;A:/magicaOLD/template/user/APPopup.html; native AP label shape from runtime screenshot; legacy consumer exact/^prefix contract	kind=prefix; verified AP recovery UI rule.
MT-00238	engine_runtime_i18n_confirmed_human	native_engine_i18n	madomagi/engine_i18n.tsv	550	zhCN	^1 AP will recover in 3:54 / AP will be fully recovered in 	距回复1 AP还有 3:54 / 距AP全部回复还有 	距回复1 AP还有 3:54 / 距AP全部回复还有 	madomagi/engine_i18n.tsv#550/zhCN	confirmed-human	new-root-human	magica/research/totentanz-full-localization-20260817/engine-i18n/ap-recovery-gap-verification.json#ENGINE-AP-DYNAMIC-TIMER-234;A:/magicaOLD/template/user/APPopup.html; native AP label shape from runtime screenshot; legacy consumer exact/^prefix contract	false	confirmed-context	confirmed-human-verified	^1 AP will recover in 3:54 / AP will be fully recovered in 		confirmed-human	ap-recovery-gap-verification	confirmed-human-ap-timer	confirmed human translation; native dynamic AP timer context	false	true; legacy client reads <files>/madomagi/engine_i18n.tsv	confirmed-human	距回复1 AP还有 3:54 / 距AP全部回复还有 	confirmed-human-verified	medium	confirmed_human_engine_translation	confirmed-human-verified	magica/research/totentanz-full-localization-20260817/engine-i18n/ap-recovery-gap-verification.json#ENGINE-AP-DYNAMIC-TIMER-234;A:/magicaOLD/template/user/APPopup.html; native AP label shape from runtime screenshot; legacy consumer exact/^prefix contract	kind=prefix; verified AP recovery UI rule.
MT-00239	engine_runtime_i18n_confirmed_human	native_engine_i18n	madomagi/engine_i18n.tsv	551	zhCN	^1 AP will recover in 3:55 / AP will be fully recovered in 	距回复1 AP还有 3:55 / 距AP全部回复还有 	距回复1 AP还有 3:55 / 距AP全部回复还有 	madomagi/engine_i18n.tsv#551/zhCN	confirmed-human	new-root-human	magica/research/totentanz-full-localization-20260817/engine-i18n/ap-recovery-gap-verification.json#ENGINE-AP-DYNAMIC-TIMER-235;A:/magicaOLD/template/user/APPopup.html; native AP label shape from runtime screenshot; legacy consumer exact/^prefix contract	false	confirmed-context	confirmed-human-verified	^1 AP will recover in 3:55 / AP will be fully recovered in 		confirmed-human	ap-recovery-gap-verification	confirmed-human-ap-timer	confirmed human translation; native dynamic AP timer context	false	true; legacy client reads <files>/madomagi/engine_i18n.tsv	confirmed-human	距回复1 AP还有 3:55 / 距AP全部回复还有 	confirmed-human-verified	medium	confirmed_human_engine_translation	confirmed-human-verified	magica/research/totentanz-full-localization-20260817/engine-i18n/ap-recovery-gap-verification.json#ENGINE-AP-DYNAMIC-TIMER-235;A:/magicaOLD/template/user/APPopup.html; native AP label shape from runtime screenshot; legacy consumer exact/^prefix contract	kind=prefix; verified AP recovery UI rule.
MT-00240	engine_runtime_i18n_confirmed_human	native_engine_i18n	madomagi/engine_i18n.tsv	552	zhCN	^1 AP will recover in 3:56 / AP will be fully recovered in 	距回复1 AP还有 3:56 / 距AP全部回复还有 	距回复1 AP还有 3:56 / 距AP全部回复还有 	madomagi/engine_i18n.tsv#552/zhCN	confirmed-human	new-root-human	magica/research/totentanz-full-localization-20260817/engine-i18n/ap-recovery-gap-verification.json#ENGINE-AP-DYNAMIC-TIMER-236;A:/magicaOLD/template/user/APPopup.html; native AP label shape from runtime screenshot; legacy consumer exact/^prefix contract	false	confirmed-context	confirmed-human-verified	^1 AP will recover in 3:56 / AP will be fully recovered in 		confirmed-human	ap-recovery-gap-verification	confirmed-human-ap-timer	confirmed human translation; native dynamic AP timer context	false	true; legacy client reads <files>/madomagi/engine_i18n.tsv	confirmed-human	距回复1 AP还有 3:56 / 距AP全部回复还有 	confirmed-human-verified	medium	confirmed_human_engine_translation	confirmed-human-verified	magica/research/totentanz-full-localization-20260817/engine-i18n/ap-recovery-gap-verification.json#ENGINE-AP-DYNAMIC-TIMER-236;A:/magicaOLD/template/user/APPopup.html; native AP label shape from runtime screenshot; legacy consumer exact/^prefix contract	kind=prefix; verified AP recovery UI rule.
MT-00241	engine_runtime_i18n_confirmed_human	native_engine_i18n	madomagi/engine_i18n.tsv	553	zhCN	^1 AP will recover in 3:57 / AP will be fully recovered in 	距回复1 AP还有 3:57 / 距AP全部回复还有 	距回复1 AP还有 3:57 / 距AP全部回复还有 	madomagi/engine_i18n.tsv#553/zhCN	confirmed-human	new-root-human	magica/research/totentanz-full-localization-20260817/engine-i18n/ap-recovery-gap-verification.json#ENGINE-AP-DYNAMIC-TIMER-237;A:/magicaOLD/template/user/APPopup.html; native AP label shape from runtime screenshot; legacy consumer exact/^prefix contract	false	confirmed-context	confirmed-human-verified	^1 AP will recover in 3:57 / AP will be fully recovered in 		confirmed-human	ap-recovery-gap-verification	confirmed-human-ap-timer	confirmed human translation; native dynamic AP timer context	false	true; legacy client reads <files>/madomagi/engine_i18n.tsv	confirmed-human	距回复1 AP还有 3:57 / 距AP全部回复还有 	confirmed-human-verified	medium	confirmed_human_engine_translation	confirmed-human-verified	magica/research/totentanz-full-localization-20260817/engine-i18n/ap-recovery-gap-verification.json#ENGINE-AP-DYNAMIC-TIMER-237;A:/magicaOLD/template/user/APPopup.html; native AP label shape from runtime screenshot; legacy consumer exact/^prefix contract	kind=prefix; verified AP recovery UI rule.
MT-00242	engine_runtime_i18n_confirmed_human	native_engine_i18n	madomagi/engine_i18n.tsv	554	zhCN	^1 AP will recover in 3:58 / AP will be fully recovered in 	距回复1 AP还有 3:58 / 距AP全部回复还有 	距回复1 AP还有 3:58 / 距AP全部回复还有 	madomagi/engine_i18n.tsv#554/zhCN	confirmed-human	new-root-human	magica/research/totentanz-full-localization-20260817/engine-i18n/ap-recovery-gap-verification.json#ENGINE-AP-DYNAMIC-TIMER-238;A:/magicaOLD/template/user/APPopup.html; native AP label shape from runtime screenshot; legacy consumer exact/^prefix contract	false	confirmed-context	confirmed-human-verified	^1 AP will recover in 3:58 / AP will be fully recovered in 		confirmed-human	ap-recovery-gap-verification	confirmed-human-ap-timer	confirmed human translation; native dynamic AP timer context	false	true; legacy client reads <files>/madomagi/engine_i18n.tsv	confirmed-human	距回复1 AP还有 3:58 / 距AP全部回复还有 	confirmed-human-verified	medium	confirmed_human_engine_translation	confirmed-human-verified	magica/research/totentanz-full-localization-20260817/engine-i18n/ap-recovery-gap-verification.json#ENGINE-AP-DYNAMIC-TIMER-238;A:/magicaOLD/template/user/APPopup.html; native AP label shape from runtime screenshot; legacy consumer exact/^prefix contract	kind=prefix; verified AP recovery UI rule.
MT-00243	engine_runtime_i18n_confirmed_human	native_engine_i18n	madomagi/engine_i18n.tsv	555	zhCN	^1 AP will recover in 3:59 / AP will be fully recovered in 	距回复1 AP还有 3:59 / 距AP全部回复还有 	距回复1 AP还有 3:59 / 距AP全部回复还有 	madomagi/engine_i18n.tsv#555/zhCN	confirmed-human	new-root-human	magica/research/totentanz-full-localization-20260817/engine-i18n/ap-recovery-gap-verification.json#ENGINE-AP-DYNAMIC-TIMER-239;A:/magicaOLD/template/user/APPopup.html; native AP label shape from runtime screenshot; legacy consumer exact/^prefix contract	false	confirmed-context	confirmed-human-verified	^1 AP will recover in 3:59 / AP will be fully recovered in 		confirmed-human	ap-recovery-gap-verification	confirmed-human-ap-timer	confirmed human translation; native dynamic AP timer context	false	true; legacy client reads <files>/madomagi/engine_i18n.tsv	confirmed-human	距回复1 AP还有 3:59 / 距AP全部回复还有 	confirmed-human-verified	medium	confirmed_human_engine_translation	confirmed-human-verified	magica/research/totentanz-full-localization-20260817/engine-i18n/ap-recovery-gap-verification.json#ENGINE-AP-DYNAMIC-TIMER-239;A:/magicaOLD/template/user/APPopup.html; native AP label shape from runtime screenshot; legacy consumer exact/^prefix contract	kind=prefix; verified AP recovery UI rule.
MT-00244	engine_runtime_i18n_confirmed_human	native_engine_i18n	madomagi/engine_i18n.tsv	556	zhCN	^1 AP will recover in 4:00 / AP will be fully recovered in 	距回复1 AP还有 4:00 / 距AP全部回复还有 	距回复1 AP还有 4:00 / 距AP全部回复还有 	madomagi/engine_i18n.tsv#556/zhCN	confirmed-human	new-root-human	magica/research/totentanz-full-localization-20260817/engine-i18n/ap-recovery-gap-verification.json#ENGINE-AP-DYNAMIC-TIMER-240;A:/magicaOLD/template/user/APPopup.html; native AP label shape from runtime screenshot; legacy consumer exact/^prefix contract	false	confirmed-context	confirmed-human-verified	^1 AP will recover in 4:00 / AP will be fully recovered in 		confirmed-human	ap-recovery-gap-verification	confirmed-human-ap-timer	confirmed human translation; native dynamic AP timer context	false	true; legacy client reads <files>/madomagi/engine_i18n.tsv	confirmed-human	距回复1 AP还有 4:00 / 距AP全部回复还有 	confirmed-human-verified	medium	confirmed_human_engine_translation	confirmed-human-verified	magica/research/totentanz-full-localization-20260817/engine-i18n/ap-recovery-gap-verification.json#ENGINE-AP-DYNAMIC-TIMER-240;A:/magicaOLD/template/user/APPopup.html; native AP label shape from runtime screenshot; legacy consumer exact/^prefix contract	kind=prefix; verified AP recovery UI rule.
MT-00245	engine_runtime_i18n_confirmed_human	native_engine_i18n	madomagi/engine_i18n.tsv	557	zhCN	^1 AP will recover in 4:01 / AP will be fully recovered in 	距回复1 AP还有 4:01 / 距AP全部回复还有 	距回复1 AP还有 4:01 / 距AP全部回复还有 	madomagi/engine_i18n.tsv#557/zhCN	confirmed-human	new-root-human	magica/research/totentanz-full-localization-20260817/engine-i18n/ap-recovery-gap-verification.json#ENGINE-AP-DYNAMIC-TIMER-241;A:/magicaOLD/template/user/APPopup.html; native AP label shape from runtime screenshot; legacy consumer exact/^prefix contract	false	confirmed-context	confirmed-human-verified	^1 AP will recover in 4:01 / AP will be fully recovered in 		confirmed-human	ap-recovery-gap-verification	confirmed-human-ap-timer	confirmed human translation; native dynamic AP timer context	false	true; legacy client reads <files>/madomagi/engine_i18n.tsv	confirmed-human	距回复1 AP还有 4:01 / 距AP全部回复还有 	confirmed-human-verified	medium	confirmed_human_engine_translation	confirmed-human-verified	magica/research/totentanz-full-localization-20260817/engine-i18n/ap-recovery-gap-verification.json#ENGINE-AP-DYNAMIC-TIMER-241;A:/magicaOLD/template/user/APPopup.html; native AP label shape from runtime screenshot; legacy consumer exact/^prefix contract	kind=prefix; verified AP recovery UI rule.
MT-00246	engine_runtime_i18n_confirmed_human	native_engine_i18n	madomagi/engine_i18n.tsv	558	zhCN	^1 AP will recover in 4:02 / AP will be fully recovered in 	距回复1 AP还有 4:02 / 距AP全部回复还有 	距回复1 AP还有 4:02 / 距AP全部回复还有 	madomagi/engine_i18n.tsv#558/zhCN	confirmed-human	new-root-human	magica/research/totentanz-full-localization-20260817/engine-i18n/ap-recovery-gap-verification.json#ENGINE-AP-DYNAMIC-TIMER-242;A:/magicaOLD/template/user/APPopup.html; native AP label shape from runtime screenshot; legacy consumer exact/^prefix contract	false	confirmed-context	confirmed-human-verified	^1 AP will recover in 4:02 / AP will be fully recovered in 		confirmed-human	ap-recovery-gap-verification	confirmed-human-ap-timer	confirmed human translation; native dynamic AP timer context	false	true; legacy client reads <files>/madomagi/engine_i18n.tsv	confirmed-human	距回复1 AP还有 4:02 / 距AP全部回复还有 	confirmed-human-verified	medium	confirmed_human_engine_translation	confirmed-human-verified	magica/research/totentanz-full-localization-20260817/engine-i18n/ap-recovery-gap-verification.json#ENGINE-AP-DYNAMIC-TIMER-242;A:/magicaOLD/template/user/APPopup.html; native AP label shape from runtime screenshot; legacy consumer exact/^prefix contract	kind=prefix; verified AP recovery UI rule.
MT-00247	engine_runtime_i18n_confirmed_human	native_engine_i18n	madomagi/engine_i18n.tsv	559	zhCN	^1 AP will recover in 4:03 / AP will be fully recovered in 	距回复1 AP还有 4:03 / 距AP全部回复还有 	距回复1 AP还有 4:03 / 距AP全部回复还有 	madomagi/engine_i18n.tsv#559/zhCN	confirmed-human	new-root-human	magica/research/totentanz-full-localization-20260817/engine-i18n/ap-recovery-gap-verification.json#ENGINE-AP-DYNAMIC-TIMER-243;A:/magicaOLD/template/user/APPopup.html; native AP label shape from runtime screenshot; legacy consumer exact/^prefix contract	false	confirmed-context	confirmed-human-verified	^1 AP will recover in 4:03 / AP will be fully recovered in 		confirmed-human	ap-recovery-gap-verification	confirmed-human-ap-timer	confirmed human translation; native dynamic AP timer context	false	true; legacy client reads <files>/madomagi/engine_i18n.tsv	confirmed-human	距回复1 AP还有 4:03 / 距AP全部回复还有 	confirmed-human-verified	medium	confirmed_human_engine_translation	confirmed-human-verified	magica/research/totentanz-full-localization-20260817/engine-i18n/ap-recovery-gap-verification.json#ENGINE-AP-DYNAMIC-TIMER-243;A:/magicaOLD/template/user/APPopup.html; native AP label shape from runtime screenshot; legacy consumer exact/^prefix contract	kind=prefix; verified AP recovery UI rule.
MT-00248	engine_runtime_i18n_confirmed_human	native_engine_i18n	madomagi/engine_i18n.tsv	560	zhCN	^1 AP will recover in 4:04 / AP will be fully recovered in 	距回复1 AP还有 4:04 / 距AP全部回复还有 	距回复1 AP还有 4:04 / 距AP全部回复还有 	madomagi/engine_i18n.tsv#560/zhCN	confirmed-human	new-root-human	magica/research/totentanz-full-localization-20260817/engine-i18n/ap-recovery-gap-verification.json#ENGINE-AP-DYNAMIC-TIMER-244;A:/magicaOLD/template/user/APPopup.html; native AP label shape from runtime screenshot; legacy consumer exact/^prefix contract	false	confirmed-context	confirmed-human-verified	^1 AP will recover in 4:04 / AP will be fully recovered in 		confirmed-human	ap-recovery-gap-verification	confirmed-human-ap-timer	confirmed human translation; native dynamic AP timer context	false	true; legacy client reads <files>/madomagi/engine_i18n.tsv	confirmed-human	距回复1 AP还有 4:04 / 距AP全部回复还有 	confirmed-human-verified	medium	confirmed_human_engine_translation	confirmed-human-verified	magica/research/totentanz-full-localization-20260817/engine-i18n/ap-recovery-gap-verification.json#ENGINE-AP-DYNAMIC-TIMER-244;A:/magicaOLD/template/user/APPopup.html; native AP label shape from runtime screenshot; legacy consumer exact/^prefix contract	kind=prefix; verified AP recovery UI rule.
MT-00249	engine_runtime_i18n_confirmed_human	native_engine_i18n	madomagi/engine_i18n.tsv	561	zhCN	^1 AP will recover in 4:05 / AP will be fully recovered in 	距回复1 AP还有 4:05 / 距AP全部回复还有 	距回复1 AP还有 4:05 / 距AP全部回复还有 	madomagi/engine_i18n.tsv#561/zhCN	confirmed-human	new-root-human	magica/research/totentanz-full-localization-20260817/engine-i18n/ap-recovery-gap-verification.json#ENGINE-AP-DYNAMIC-TIMER-245;A:/magicaOLD/template/user/APPopup.html; native AP label shape from runtime screenshot; legacy consumer exact/^prefix contract	false	confirmed-context	confirmed-human-verified	^1 AP will recover in 4:05 / AP will be fully recovered in 		confirmed-human	ap-recovery-gap-verification	confirmed-human-ap-timer	confirmed human translation; native dynamic AP timer context	false	true; legacy client reads <files>/madomagi/engine_i18n.tsv	confirmed-human	距回复1 AP还有 4:05 / 距AP全部回复还有 	confirmed-human-verified	medium	confirmed_human_engine_translation	confirmed-human-verified	magica/research/totentanz-full-localization-20260817/engine-i18n/ap-recovery-gap-verification.json#ENGINE-AP-DYNAMIC-TIMER-245;A:/magicaOLD/template/user/APPopup.html; native AP label shape from runtime screenshot; legacy consumer exact/^prefix contract	kind=prefix; verified AP recovery UI rule.
MT-00250	engine_runtime_i18n_confirmed_human	native_engine_i18n	madomagi/engine_i18n.tsv	562	zhCN	^1 AP will recover in 4:06 / AP will be fully recovered in 	距回复1 AP还有 4:06 / 距AP全部回复还有 	距回复1 AP还有 4:06 / 距AP全部回复还有 	madomagi/engine_i18n.tsv#562/zhCN	confirmed-human	new-root-human	magica/research/totentanz-full-localization-20260817/engine-i18n/ap-recovery-gap-verification.json#ENGINE-AP-DYNAMIC-TIMER-246;A:/magicaOLD/template/user/APPopup.html; native AP label shape from runtime screenshot; legacy consumer exact/^prefix contract	false	confirmed-context	confirmed-human-verified	^1 AP will recover in 4:06 / AP will be fully recovered in 		confirmed-human	ap-recovery-gap-verification	confirmed-human-ap-timer	confirmed human translation; native dynamic AP timer context	false	true; legacy client reads <files>/madomagi/engine_i18n.tsv	confirmed-human	距回复1 AP还有 4:06 / 距AP全部回复还有 	confirmed-human-verified	medium	confirmed_human_engine_translation	confirmed-human-verified	magica/research/totentanz-full-localization-20260817/engine-i18n/ap-recovery-gap-verification.json#ENGINE-AP-DYNAMIC-TIMER-246;A:/magicaOLD/template/user/APPopup.html; native AP label shape from runtime screenshot; legacy consumer exact/^prefix contract	kind=prefix; verified AP recovery UI rule.
MT-00251	engine_runtime_i18n_confirmed_human	native_engine_i18n	madomagi/engine_i18n.tsv	563	zhCN	^1 AP will recover in 4:07 / AP will be fully recovered in 	距回复1 AP还有 4:07 / 距AP全部回复还有 	距回复1 AP还有 4:07 / 距AP全部回复还有 	madomagi/engine_i18n.tsv#563/zhCN	confirmed-human	new-root-human	magica/research/totentanz-full-localization-20260817/engine-i18n/ap-recovery-gap-verification.json#ENGINE-AP-DYNAMIC-TIMER-247;A:/magicaOLD/template/user/APPopup.html; native AP label shape from runtime screenshot; legacy consumer exact/^prefix contract	false	confirmed-context	confirmed-human-verified	^1 AP will recover in 4:07 / AP will be fully recovered in 		confirmed-human	ap-recovery-gap-verification	confirmed-human-ap-timer	confirmed human translation; native dynamic AP timer context	false	true; legacy client reads <files>/madomagi/engine_i18n.tsv	confirmed-human	距回复1 AP还有 4:07 / 距AP全部回复还有 	confirmed-human-verified	medium	confirmed_human_engine_translation	confirmed-human-verified	magica/research/totentanz-full-localization-20260817/engine-i18n/ap-recovery-gap-verification.json#ENGINE-AP-DYNAMIC-TIMER-247;A:/magicaOLD/template/user/APPopup.html; native AP label shape from runtime screenshot; legacy consumer exact/^prefix contract	kind=prefix; verified AP recovery UI rule.
MT-00252	engine_runtime_i18n_confirmed_human	native_engine_i18n	madomagi/engine_i18n.tsv	564	zhCN	^1 AP will recover in 4:08 / AP will be fully recovered in 	距回复1 AP还有 4:08 / 距AP全部回复还有 	距回复1 AP还有 4:08 / 距AP全部回复还有 	madomagi/engine_i18n.tsv#564/zhCN	confirmed-human	new-root-human	magica/research/totentanz-full-localization-20260817/engine-i18n/ap-recovery-gap-verification.json#ENGINE-AP-DYNAMIC-TIMER-248;A:/magicaOLD/template/user/APPopup.html; native AP label shape from runtime screenshot; legacy consumer exact/^prefix contract	false	confirmed-context	confirmed-human-verified	^1 AP will recover in 4:08 / AP will be fully recovered in 		confirmed-human	ap-recovery-gap-verification	confirmed-human-ap-timer	confirmed human translation; native dynamic AP timer context	false	true; legacy client reads <files>/madomagi/engine_i18n.tsv	confirmed-human	距回复1 AP还有 4:08 / 距AP全部回复还有 	confirmed-human-verified	medium	confirmed_human_engine_translation	confirmed-human-verified	magica/research/totentanz-full-localization-20260817/engine-i18n/ap-recovery-gap-verification.json#ENGINE-AP-DYNAMIC-TIMER-248;A:/magicaOLD/template/user/APPopup.html; native AP label shape from runtime screenshot; legacy consumer exact/^prefix contract	kind=prefix; verified AP recovery UI rule.
MT-00253	engine_runtime_i18n_confirmed_human	native_engine_i18n	madomagi/engine_i18n.tsv	565	zhCN	^1 AP will recover in 4:09 / AP will be fully recovered in 	距回复1 AP还有 4:09 / 距AP全部回复还有 	距回复1 AP还有 4:09 / 距AP全部回复还有 	madomagi/engine_i18n.tsv#565/zhCN	confirmed-human	new-root-human	magica/research/totentanz-full-localization-20260817/engine-i18n/ap-recovery-gap-verification.json#ENGINE-AP-DYNAMIC-TIMER-249;A:/magicaOLD/template/user/APPopup.html; native AP label shape from runtime screenshot; legacy consumer exact/^prefix contract	false	confirmed-context	confirmed-human-verified	^1 AP will recover in 4:09 / AP will be fully recovered in 		confirmed-human	ap-recovery-gap-verification	confirmed-human-ap-timer	confirmed human translation; native dynamic AP timer context	false	true; legacy client reads <files>/madomagi/engine_i18n.tsv	confirmed-human	距回复1 AP还有 4:09 / 距AP全部回复还有 	confirmed-human-verified	medium	confirmed_human_engine_translation	confirmed-human-verified	magica/research/totentanz-full-localization-20260817/engine-i18n/ap-recovery-gap-verification.json#ENGINE-AP-DYNAMIC-TIMER-249;A:/magicaOLD/template/user/APPopup.html; native AP label shape from runtime screenshot; legacy consumer exact/^prefix contract	kind=prefix; verified AP recovery UI rule.
MT-00254	engine_runtime_i18n_confirmed_human	native_engine_i18n	madomagi/engine_i18n.tsv	566	zhCN	^1 AP will recover in 4:10 / AP will be fully recovered in 	距回复1 AP还有 4:10 / 距AP全部回复还有 	距回复1 AP还有 4:10 / 距AP全部回复还有 	madomagi/engine_i18n.tsv#566/zhCN	confirmed-human	new-root-human	magica/research/totentanz-full-localization-20260817/engine-i18n/ap-recovery-gap-verification.json#ENGINE-AP-DYNAMIC-TIMER-250;A:/magicaOLD/template/user/APPopup.html; native AP label shape from runtime screenshot; legacy consumer exact/^prefix contract	false	confirmed-context	confirmed-human-verified	^1 AP will recover in 4:10 / AP will be fully recovered in 		confirmed-human	ap-recovery-gap-verification	confirmed-human-ap-timer	confirmed human translation; native dynamic AP timer context	false	true; legacy client reads <files>/madomagi/engine_i18n.tsv	confirmed-human	距回复1 AP还有 4:10 / 距AP全部回复还有 	confirmed-human-verified	medium	confirmed_human_engine_translation	confirmed-human-verified	magica/research/totentanz-full-localization-20260817/engine-i18n/ap-recovery-gap-verification.json#ENGINE-AP-DYNAMIC-TIMER-250;A:/magicaOLD/template/user/APPopup.html; native AP label shape from runtime screenshot; legacy consumer exact/^prefix contract	kind=prefix; verified AP recovery UI rule.
MT-00255	engine_runtime_i18n_confirmed_human	native_engine_i18n	madomagi/engine_i18n.tsv	567	zhCN	^1 AP will recover in 4:11 / AP will be fully recovered in 	距回复1 AP还有 4:11 / 距AP全部回复还有 	距回复1 AP还有 4:11 / 距AP全部回复还有 	madomagi/engine_i18n.tsv#567/zhCN	confirmed-human	new-root-human	magica/research/totentanz-full-localization-20260817/engine-i18n/ap-recovery-gap-verification.json#ENGINE-AP-DYNAMIC-TIMER-251;A:/magicaOLD/template/user/APPopup.html; native AP label shape from runtime screenshot; legacy consumer exact/^prefix contract	false	confirmed-context	confirmed-human-verified	^1 AP will recover in 4:11 / AP will be fully recovered in 		confirmed-human	ap-recovery-gap-verification	confirmed-human-ap-timer	confirmed human translation; native dynamic AP timer context	false	true; legacy client reads <files>/madomagi/engine_i18n.tsv	confirmed-human	距回复1 AP还有 4:11 / 距AP全部回复还有 	confirmed-human-verified	medium	confirmed_human_engine_translation	confirmed-human-verified	magica/research/totentanz-full-localization-20260817/engine-i18n/ap-recovery-gap-verification.json#ENGINE-AP-DYNAMIC-TIMER-251;A:/magicaOLD/template/user/APPopup.html; native AP label shape from runtime screenshot; legacy consumer exact/^prefix contract	kind=prefix; verified AP recovery UI rule.
MT-00256	engine_runtime_i18n_confirmed_human	native_engine_i18n	madomagi/engine_i18n.tsv	568	zhCN	^1 AP will recover in 4:12 / AP will be fully recovered in 	距回复1 AP还有 4:12 / 距AP全部回复还有 	距回复1 AP还有 4:12 / 距AP全部回复还有 	madomagi/engine_i18n.tsv#568/zhCN	confirmed-human	new-root-human	magica/research/totentanz-full-localization-20260817/engine-i18n/ap-recovery-gap-verification.json#ENGINE-AP-DYNAMIC-TIMER-252;A:/magicaOLD/template/user/APPopup.html; native AP label shape from runtime screenshot; legacy consumer exact/^prefix contract	false	confirmed-context	confirmed-human-verified	^1 AP will recover in 4:12 / AP will be fully recovered in 		confirmed-human	ap-recovery-gap-verification	confirmed-human-ap-timer	confirmed human translation; native dynamic AP timer context	false	true; legacy client reads <files>/madomagi/engine_i18n.tsv	confirmed-human	距回复1 AP还有 4:12 / 距AP全部回复还有 	confirmed-human-verified	medium	confirmed_human_engine_translation	confirmed-human-verified	magica/research/totentanz-full-localization-20260817/engine-i18n/ap-recovery-gap-verification.json#ENGINE-AP-DYNAMIC-TIMER-252;A:/magicaOLD/template/user/APPopup.html; native AP label shape from runtime screenshot; legacy consumer exact/^prefix contract	kind=prefix; verified AP recovery UI rule.
MT-00257	engine_runtime_i18n_confirmed_human	native_engine_i18n	madomagi/engine_i18n.tsv	569	zhCN	^1 AP will recover in 4:13 / AP will be fully recovered in 	距回复1 AP还有 4:13 / 距AP全部回复还有 	距回复1 AP还有 4:13 / 距AP全部回复还有 	madomagi/engine_i18n.tsv#569/zhCN	confirmed-human	new-root-human	magica/research/totentanz-full-localization-20260817/engine-i18n/ap-recovery-gap-verification.json#ENGINE-AP-DYNAMIC-TIMER-253;A:/magicaOLD/template/user/APPopup.html; native AP label shape from runtime screenshot; legacy consumer exact/^prefix contract	false	confirmed-context	confirmed-human-verified	^1 AP will recover in 4:13 / AP will be fully recovered in 		confirmed-human	ap-recovery-gap-verification	confirmed-human-ap-timer	confirmed human translation; native dynamic AP timer context	false	true; legacy client reads <files>/madomagi/engine_i18n.tsv	confirmed-human	距回复1 AP还有 4:13 / 距AP全部回复还有 	confirmed-human-verified	medium	confirmed_human_engine_translation	confirmed-human-verified	magica/research/totentanz-full-localization-20260817/engine-i18n/ap-recovery-gap-verification.json#ENGINE-AP-DYNAMIC-TIMER-253;A:/magicaOLD/template/user/APPopup.html; native AP label shape from runtime screenshot; legacy consumer exact/^prefix contract	kind=prefix; verified AP recovery UI rule.
MT-00258	engine_runtime_i18n_confirmed_human	native_engine_i18n	madomagi/engine_i18n.tsv	570	zhCN	^1 AP will recover in 4:14 / AP will be fully recovered in 	距回复1 AP还有 4:14 / 距AP全部回复还有 	距回复1 AP还有 4:14 / 距AP全部回复还有 	madomagi/engine_i18n.tsv#570/zhCN	confirmed-human	new-root-human	magica/research/totentanz-full-localization-20260817/engine-i18n/ap-recovery-gap-verification.json#ENGINE-AP-DYNAMIC-TIMER-254;A:/magicaOLD/template/user/APPopup.html; native AP label shape from runtime screenshot; legacy consumer exact/^prefix contract	false	confirmed-context	confirmed-human-verified	^1 AP will recover in 4:14 / AP will be fully recovered in 		confirmed-human	ap-recovery-gap-verification	confirmed-human-ap-timer	confirmed human translation; native dynamic AP timer context	false	true; legacy client reads <files>/madomagi/engine_i18n.tsv	confirmed-human	距回复1 AP还有 4:14 / 距AP全部回复还有 	confirmed-human-verified	medium	confirmed_human_engine_translation	confirmed-human-verified	magica/research/totentanz-full-localization-20260817/engine-i18n/ap-recovery-gap-verification.json#ENGINE-AP-DYNAMIC-TIMER-254;A:/magicaOLD/template/user/APPopup.html; native AP label shape from runtime screenshot; legacy consumer exact/^prefix contract	kind=prefix; verified AP recovery UI rule.
MT-00259	engine_runtime_i18n_confirmed_human	native_engine_i18n	madomagi/engine_i18n.tsv	571	zhCN	^1 AP will recover in 4:15 / AP will be fully recovered in 	距回复1 AP还有 4:15 / 距AP全部回复还有 	距回复1 AP还有 4:15 / 距AP全部回复还有 	madomagi/engine_i18n.tsv#571/zhCN	confirmed-human	new-root-human	magica/research/totentanz-full-localization-20260817/engine-i18n/ap-recovery-gap-verification.json#ENGINE-AP-DYNAMIC-TIMER-255;A:/magicaOLD/template/user/APPopup.html; native AP label shape from runtime screenshot; legacy consumer exact/^prefix contract	false	confirmed-context	confirmed-human-verified	^1 AP will recover in 4:15 / AP will be fully recovered in 		confirmed-human	ap-recovery-gap-verification	confirmed-human-ap-timer	confirmed human translation; native dynamic AP timer context	false	true; legacy client reads <files>/madomagi/engine_i18n.tsv	confirmed-human	距回复1 AP还有 4:15 / 距AP全部回复还有 	confirmed-human-verified	medium	confirmed_human_engine_translation	confirmed-human-verified	magica/research/totentanz-full-localization-20260817/engine-i18n/ap-recovery-gap-verification.json#ENGINE-AP-DYNAMIC-TIMER-255;A:/magicaOLD/template/user/APPopup.html; native AP label shape from runtime screenshot; legacy consumer exact/^prefix contract	kind=prefix; verified AP recovery UI rule.
MT-00260	engine_runtime_i18n_confirmed_human	native_engine_i18n	madomagi/engine_i18n.tsv	572	zhCN	^1 AP will recover in 4:16 / AP will be fully recovered in 	距回复1 AP还有 4:16 / 距AP全部回复还有 	距回复1 AP还有 4:16 / 距AP全部回复还有 	madomagi/engine_i18n.tsv#572/zhCN	confirmed-human	new-root-human	magica/research/totentanz-full-localization-20260817/engine-i18n/ap-recovery-gap-verification.json#ENGINE-AP-DYNAMIC-TIMER-256;A:/magicaOLD/template/user/APPopup.html; native AP label shape from runtime screenshot; legacy consumer exact/^prefix contract	false	confirmed-context	confirmed-human-verified	^1 AP will recover in 4:16 / AP will be fully recovered in 		confirmed-human	ap-recovery-gap-verification	confirmed-human-ap-timer	confirmed human translation; native dynamic AP timer context	false	true; legacy client reads <files>/madomagi/engine_i18n.tsv	confirmed-human	距回复1 AP还有 4:16 / 距AP全部回复还有 	confirmed-human-verified	medium	confirmed_human_engine_translation	confirmed-human-verified	magica/research/totentanz-full-localization-20260817/engine-i18n/ap-recovery-gap-verification.json#ENGINE-AP-DYNAMIC-TIMER-256;A:/magicaOLD/template/user/APPopup.html; native AP label shape from runtime screenshot; legacy consumer exact/^prefix contract	kind=prefix; verified AP recovery UI rule.
MT-00261	engine_runtime_i18n_confirmed_human	native_engine_i18n	madomagi/engine_i18n.tsv	573	zhCN	^1 AP will recover in 4:17 / AP will be fully recovered in 	距回复1 AP还有 4:17 / 距AP全部回复还有 	距回复1 AP还有 4:17 / 距AP全部回复还有 	madomagi/engine_i18n.tsv#573/zhCN	confirmed-human	new-root-human	magica/research/totentanz-full-localization-20260817/engine-i18n/ap-recovery-gap-verification.json#ENGINE-AP-DYNAMIC-TIMER-257;A:/magicaOLD/template/user/APPopup.html; native AP label shape from runtime screenshot; legacy consumer exact/^prefix contract	false	confirmed-context	confirmed-human-verified	^1 AP will recover in 4:17 / AP will be fully recovered in 		confirmed-human	ap-recovery-gap-verification	confirmed-human-ap-timer	confirmed human translation; native dynamic AP timer context	false	true; legacy client reads <files>/madomagi/engine_i18n.tsv	confirmed-human	距回复1 AP还有 4:17 / 距AP全部回复还有 	confirmed-human-verified	medium	confirmed_human_engine_translation	confirmed-human-verified	magica/research/totentanz-full-localization-20260817/engine-i18n/ap-recovery-gap-verification.json#ENGINE-AP-DYNAMIC-TIMER-257;A:/magicaOLD/template/user/APPopup.html; native AP label shape from runtime screenshot; legacy consumer exact/^prefix contract	kind=prefix; verified AP recovery UI rule.
MT-00262	engine_runtime_i18n_confirmed_human	native_engine_i18n	madomagi/engine_i18n.tsv	574	zhCN	^1 AP will recover in 4:18 / AP will be fully recovered in 	距回复1 AP还有 4:18 / 距AP全部回复还有 	距回复1 AP还有 4:18 / 距AP全部回复还有 	madomagi/engine_i18n.tsv#574/zhCN	confirmed-human	new-root-human	magica/research/totentanz-full-localization-20260817/engine-i18n/ap-recovery-gap-verification.json#ENGINE-AP-DYNAMIC-TIMER-258;A:/magicaOLD/template/user/APPopup.html; native AP label shape from runtime screenshot; legacy consumer exact/^prefix contract	false	confirmed-context	confirmed-human-verified	^1 AP will recover in 4:18 / AP will be fully recovered in 		confirmed-human	ap-recovery-gap-verification	confirmed-human-ap-timer	confirmed human translation; native dynamic AP timer context	false	true; legacy client reads <files>/madomagi/engine_i18n.tsv	confirmed-human	距回复1 AP还有 4:18 / 距AP全部回复还有 	confirmed-human-verified	medium	confirmed_human_engine_translation	confirmed-human-verified	magica/research/totentanz-full-localization-20260817/engine-i18n/ap-recovery-gap-verification.json#ENGINE-AP-DYNAMIC-TIMER-258;A:/magicaOLD/template/user/APPopup.html; native AP label shape from runtime screenshot; legacy consumer exact/^prefix contract	kind=prefix; verified AP recovery UI rule.
MT-00263	engine_runtime_i18n_confirmed_human	native_engine_i18n	madomagi/engine_i18n.tsv	575	zhCN	^1 AP will recover in 4:19 / AP will be fully recovered in 	距回复1 AP还有 4:19 / 距AP全部回复还有 	距回复1 AP还有 4:19 / 距AP全部回复还有 	madomagi/engine_i18n.tsv#575/zhCN	confirmed-human	new-root-human	magica/research/totentanz-full-localization-20260817/engine-i18n/ap-recovery-gap-verification.json#ENGINE-AP-DYNAMIC-TIMER-259;A:/magicaOLD/template/user/APPopup.html; native AP label shape from runtime screenshot; legacy consumer exact/^prefix contract	false	confirmed-context	confirmed-human-verified	^1 AP will recover in 4:19 / AP will be fully recovered in 		confirmed-human	ap-recovery-gap-verification	confirmed-human-ap-timer	confirmed human translation; native dynamic AP timer context	false	true; legacy client reads <files>/madomagi/engine_i18n.tsv	confirmed-human	距回复1 AP还有 4:19 / 距AP全部回复还有 	confirmed-human-verified	medium	confirmed_human_engine_translation	confirmed-human-verified	magica/research/totentanz-full-localization-20260817/engine-i18n/ap-recovery-gap-verification.json#ENGINE-AP-DYNAMIC-TIMER-259;A:/magicaOLD/template/user/APPopup.html; native AP label shape from runtime screenshot; legacy consumer exact/^prefix contract	kind=prefix; verified AP recovery UI rule.
MT-00264	engine_runtime_i18n_confirmed_human	native_engine_i18n	madomagi/engine_i18n.tsv	576	zhCN	^1 AP will recover in 4:20 / AP will be fully recovered in 	距回复1 AP还有 4:20 / 距AP全部回复还有 	距回复1 AP还有 4:20 / 距AP全部回复还有 	madomagi/engine_i18n.tsv#576/zhCN	confirmed-human	new-root-human	magica/research/totentanz-full-localization-20260817/engine-i18n/ap-recovery-gap-verification.json#ENGINE-AP-DYNAMIC-TIMER-260;A:/magicaOLD/template/user/APPopup.html; native AP label shape from runtime screenshot; legacy consumer exact/^prefix contract	false	confirmed-context	confirmed-human-verified	^1 AP will recover in 4:20 / AP will be fully recovered in 		confirmed-human	ap-recovery-gap-verification	confirmed-human-ap-timer	confirmed human translation; native dynamic AP timer context	false	true; legacy client reads <files>/madomagi/engine_i18n.tsv	confirmed-human	距回复1 AP还有 4:20 / 距AP全部回复还有 	confirmed-human-verified	medium	confirmed_human_engine_translation	confirmed-human-verified	magica/research/totentanz-full-localization-20260817/engine-i18n/ap-recovery-gap-verification.json#ENGINE-AP-DYNAMIC-TIMER-260;A:/magicaOLD/template/user/APPopup.html; native AP label shape from runtime screenshot; legacy consumer exact/^prefix contract	kind=prefix; verified AP recovery UI rule.
MT-00265	engine_runtime_i18n_confirmed_human	native_engine_i18n	madomagi/engine_i18n.tsv	577	zhCN	^1 AP will recover in 4:21 / AP will be fully recovered in 	距回复1 AP还有 4:21 / 距AP全部回复还有 	距回复1 AP还有 4:21 / 距AP全部回复还有 	madomagi/engine_i18n.tsv#577/zhCN	confirmed-human	new-root-human	magica/research/totentanz-full-localization-20260817/engine-i18n/ap-recovery-gap-verification.json#ENGINE-AP-DYNAMIC-TIMER-261;A:/magicaOLD/template/user/APPopup.html; native AP label shape from runtime screenshot; legacy consumer exact/^prefix contract	false	confirmed-context	confirmed-human-verified	^1 AP will recover in 4:21 / AP will be fully recovered in 		confirmed-human	ap-recovery-gap-verification	confirmed-human-ap-timer	confirmed human translation; native dynamic AP timer context	false	true; legacy client reads <files>/madomagi/engine_i18n.tsv	confirmed-human	距回复1 AP还有 4:21 / 距AP全部回复还有 	confirmed-human-verified	medium	confirmed_human_engine_translation	confirmed-human-verified	magica/research/totentanz-full-localization-20260817/engine-i18n/ap-recovery-gap-verification.json#ENGINE-AP-DYNAMIC-TIMER-261;A:/magicaOLD/template/user/APPopup.html; native AP label shape from runtime screenshot; legacy consumer exact/^prefix contract	kind=prefix; verified AP recovery UI rule.
MT-00266	engine_runtime_i18n_confirmed_human	native_engine_i18n	madomagi/engine_i18n.tsv	578	zhCN	^1 AP will recover in 4:22 / AP will be fully recovered in 	距回复1 AP还有 4:22 / 距AP全部回复还有 	距回复1 AP还有 4:22 / 距AP全部回复还有 	madomagi/engine_i18n.tsv#578/zhCN	confirmed-human	new-root-human	magica/research/totentanz-full-localization-20260817/engine-i18n/ap-recovery-gap-verification.json#ENGINE-AP-DYNAMIC-TIMER-262;A:/magicaOLD/template/user/APPopup.html; native AP label shape from runtime screenshot; legacy consumer exact/^prefix contract	false	confirmed-context	confirmed-human-verified	^1 AP will recover in 4:22 / AP will be fully recovered in 		confirmed-human	ap-recovery-gap-verification	confirmed-human-ap-timer	confirmed human translation; native dynamic AP timer context	false	true; legacy client reads <files>/madomagi/engine_i18n.tsv	confirmed-human	距回复1 AP还有 4:22 / 距AP全部回复还有 	confirmed-human-verified	medium	confirmed_human_engine_translation	confirmed-human-verified	magica/research/totentanz-full-localization-20260817/engine-i18n/ap-recovery-gap-verification.json#ENGINE-AP-DYNAMIC-TIMER-262;A:/magicaOLD/template/user/APPopup.html; native AP label shape from runtime screenshot; legacy consumer exact/^prefix contract	kind=prefix; verified AP recovery UI rule.
MT-00267	engine_runtime_i18n_confirmed_human	native_engine_i18n	madomagi/engine_i18n.tsv	579	zhCN	^1 AP will recover in 4:23 / AP will be fully recovered in 	距回复1 AP还有 4:23 / 距AP全部回复还有 	距回复1 AP还有 4:23 / 距AP全部回复还有 	madomagi/engine_i18n.tsv#579/zhCN	confirmed-human	new-root-human	magica/research/totentanz-full-localization-20260817/engine-i18n/ap-recovery-gap-verification.json#ENGINE-AP-DYNAMIC-TIMER-263;A:/magicaOLD/template/user/APPopup.html; native AP label shape from runtime screenshot; legacy consumer exact/^prefix contract	false	confirmed-context	confirmed-human-verified	^1 AP will recover in 4:23 / AP will be fully recovered in 		confirmed-human	ap-recovery-gap-verification	confirmed-human-ap-timer	confirmed human translation; native dynamic AP timer context	false	true; legacy client reads <files>/madomagi/engine_i18n.tsv	confirmed-human	距回复1 AP还有 4:23 / 距AP全部回复还有 	confirmed-human-verified	medium	confirmed_human_engine_translation	confirmed-human-verified	magica/research/totentanz-full-localization-20260817/engine-i18n/ap-recovery-gap-verification.json#ENGINE-AP-DYNAMIC-TIMER-263;A:/magicaOLD/template/user/APPopup.html; native AP label shape from runtime screenshot; legacy consumer exact/^prefix contract	kind=prefix; verified AP recovery UI rule.
MT-00268	engine_runtime_i18n_confirmed_human	native_engine_i18n	madomagi/engine_i18n.tsv	580	zhCN	^1 AP will recover in 4:24 / AP will be fully recovered in 	距回复1 AP还有 4:24 / 距AP全部回复还有 	距回复1 AP还有 4:24 / 距AP全部回复还有 	madomagi/engine_i18n.tsv#580/zhCN	confirmed-human	new-root-human	magica/research/totentanz-full-localization-20260817/engine-i18n/ap-recovery-gap-verification.json#ENGINE-AP-DYNAMIC-TIMER-264;A:/magicaOLD/template/user/APPopup.html; native AP label shape from runtime screenshot; legacy consumer exact/^prefix contract	false	confirmed-context	confirmed-human-verified	^1 AP will recover in 4:24 / AP will be fully recovered in 		confirmed-human	ap-recovery-gap-verification	confirmed-human-ap-timer	confirmed human translation; native dynamic AP timer context	false	true; legacy client reads <files>/madomagi/engine_i18n.tsv	confirmed-human	距回复1 AP还有 4:24 / 距AP全部回复还有 	confirmed-human-verified	medium	confirmed_human_engine_translation	confirmed-human-verified	magica/research/totentanz-full-localization-20260817/engine-i18n/ap-recovery-gap-verification.json#ENGINE-AP-DYNAMIC-TIMER-264;A:/magicaOLD/template/user/APPopup.html; native AP label shape from runtime screenshot; legacy consumer exact/^prefix contract	kind=prefix; verified AP recovery UI rule.
MT-00269	engine_runtime_i18n_confirmed_human	native_engine_i18n	madomagi/engine_i18n.tsv	581	zhCN	^1 AP will recover in 4:25 / AP will be fully recovered in 	距回复1 AP还有 4:25 / 距AP全部回复还有 	距回复1 AP还有 4:25 / 距AP全部回复还有 	madomagi/engine_i18n.tsv#581/zhCN	confirmed-human	new-root-human	magica/research/totentanz-full-localization-20260817/engine-i18n/ap-recovery-gap-verification.json#ENGINE-AP-DYNAMIC-TIMER-265;A:/magicaOLD/template/user/APPopup.html; native AP label shape from runtime screenshot; legacy consumer exact/^prefix contract	false	confirmed-context	confirmed-human-verified	^1 AP will recover in 4:25 / AP will be fully recovered in 		confirmed-human	ap-recovery-gap-verification	confirmed-human-ap-timer	confirmed human translation; native dynamic AP timer context	false	true; legacy client reads <files>/madomagi/engine_i18n.tsv	confirmed-human	距回复1 AP还有 4:25 / 距AP全部回复还有 	confirmed-human-verified	medium	confirmed_human_engine_translation	confirmed-human-verified	magica/research/totentanz-full-localization-20260817/engine-i18n/ap-recovery-gap-verification.json#ENGINE-AP-DYNAMIC-TIMER-265;A:/magicaOLD/template/user/APPopup.html; native AP label shape from runtime screenshot; legacy consumer exact/^prefix contract	kind=prefix; verified AP recovery UI rule.
MT-00270	engine_runtime_i18n_confirmed_human	native_engine_i18n	madomagi/engine_i18n.tsv	582	zhCN	^1 AP will recover in 4:26 / AP will be fully recovered in 	距回复1 AP还有 4:26 / 距AP全部回复还有 	距回复1 AP还有 4:26 / 距AP全部回复还有 	madomagi/engine_i18n.tsv#582/zhCN	confirmed-human	new-root-human	magica/research/totentanz-full-localization-20260817/engine-i18n/ap-recovery-gap-verification.json#ENGINE-AP-DYNAMIC-TIMER-266;A:/magicaOLD/template/user/APPopup.html; native AP label shape from runtime screenshot; legacy consumer exact/^prefix contract	false	confirmed-context	confirmed-human-verified	^1 AP will recover in 4:26 / AP will be fully recovered in 		confirmed-human	ap-recovery-gap-verification	confirmed-human-ap-timer	confirmed human translation; native dynamic AP timer context	false	true; legacy client reads <files>/madomagi/engine_i18n.tsv	confirmed-human	距回复1 AP还有 4:26 / 距AP全部回复还有 	confirmed-human-verified	medium	confirmed_human_engine_translation	confirmed-human-verified	magica/research/totentanz-full-localization-20260817/engine-i18n/ap-recovery-gap-verification.json#ENGINE-AP-DYNAMIC-TIMER-266;A:/magicaOLD/template/user/APPopup.html; native AP label shape from runtime screenshot; legacy consumer exact/^prefix contract	kind=prefix; verified AP recovery UI rule.
MT-00271	engine_runtime_i18n_confirmed_human	native_engine_i18n	madomagi/engine_i18n.tsv	583	zhCN	^1 AP will recover in 4:27 / AP will be fully recovered in 	距回复1 AP还有 4:27 / 距AP全部回复还有 	距回复1 AP还有 4:27 / 距AP全部回复还有 	madomagi/engine_i18n.tsv#583/zhCN	confirmed-human	new-root-human	magica/research/totentanz-full-localization-20260817/engine-i18n/ap-recovery-gap-verification.json#ENGINE-AP-DYNAMIC-TIMER-267;A:/magicaOLD/template/user/APPopup.html; native AP label shape from runtime screenshot; legacy consumer exact/^prefix contract	false	confirmed-context	confirmed-human-verified	^1 AP will recover in 4:27 / AP will be fully recovered in 		confirmed-human	ap-recovery-gap-verification	confirmed-human-ap-timer	confirmed human translation; native dynamic AP timer context	false	true; legacy client reads <files>/madomagi/engine_i18n.tsv	confirmed-human	距回复1 AP还有 4:27 / 距AP全部回复还有 	confirmed-human-verified	medium	confirmed_human_engine_translation	confirmed-human-verified	magica/research/totentanz-full-localization-20260817/engine-i18n/ap-recovery-gap-verification.json#ENGINE-AP-DYNAMIC-TIMER-267;A:/magicaOLD/template/user/APPopup.html; native AP label shape from runtime screenshot; legacy consumer exact/^prefix contract	kind=prefix; verified AP recovery UI rule.
MT-00272	engine_runtime_i18n_confirmed_human	native_engine_i18n	madomagi/engine_i18n.tsv	584	zhCN	^1 AP will recover in 4:28 / AP will be fully recovered in 	距回复1 AP还有 4:28 / 距AP全部回复还有 	距回复1 AP还有 4:28 / 距AP全部回复还有 	madomagi/engine_i18n.tsv#584/zhCN	confirmed-human	new-root-human	magica/research/totentanz-full-localization-20260817/engine-i18n/ap-recovery-gap-verification.json#ENGINE-AP-DYNAMIC-TIMER-268;A:/magicaOLD/template/user/APPopup.html; native AP label shape from runtime screenshot; legacy consumer exact/^prefix contract	false	confirmed-context	confirmed-human-verified	^1 AP will recover in 4:28 / AP will be fully recovered in 		confirmed-human	ap-recovery-gap-verification	confirmed-human-ap-timer	confirmed human translation; native dynamic AP timer context	false	true; legacy client reads <files>/madomagi/engine_i18n.tsv	confirmed-human	距回复1 AP还有 4:28 / 距AP全部回复还有 	confirmed-human-verified	medium	confirmed_human_engine_translation	confirmed-human-verified	magica/research/totentanz-full-localization-20260817/engine-i18n/ap-recovery-gap-verification.json#ENGINE-AP-DYNAMIC-TIMER-268;A:/magicaOLD/template/user/APPopup.html; native AP label shape from runtime screenshot; legacy consumer exact/^prefix contract	kind=prefix; verified AP recovery UI rule.
MT-00273	engine_runtime_i18n_confirmed_human	native_engine_i18n	madomagi/engine_i18n.tsv	585	zhCN	^1 AP will recover in 4:29 / AP will be fully recovered in 	距回复1 AP还有 4:29 / 距AP全部回复还有 	距回复1 AP还有 4:29 / 距AP全部回复还有 	madomagi/engine_i18n.tsv#585/zhCN	confirmed-human	new-root-human	magica/research/totentanz-full-localization-20260817/engine-i18n/ap-recovery-gap-verification.json#ENGINE-AP-DYNAMIC-TIMER-269;A:/magicaOLD/template/user/APPopup.html; native AP label shape from runtime screenshot; legacy consumer exact/^prefix contract	false	confirmed-context	confirmed-human-verified	^1 AP will recover in 4:29 / AP will be fully recovered in 		confirmed-human	ap-recovery-gap-verification	confirmed-human-ap-timer	confirmed human translation; native dynamic AP timer context	false	true; legacy client reads <files>/madomagi/engine_i18n.tsv	confirmed-human	距回复1 AP还有 4:29 / 距AP全部回复还有 	confirmed-human-verified	medium	confirmed_human_engine_translation	confirmed-human-verified	magica/research/totentanz-full-localization-20260817/engine-i18n/ap-recovery-gap-verification.json#ENGINE-AP-DYNAMIC-TIMER-269;A:/magicaOLD/template/user/APPopup.html; native AP label shape from runtime screenshot; legacy consumer exact/^prefix contract	kind=prefix; verified AP recovery UI rule.
MT-00274	engine_runtime_i18n_confirmed_human	native_engine_i18n	madomagi/engine_i18n.tsv	586	zhCN	^1 AP will recover in 4:30 / AP will be fully recovered in 	距回复1 AP还有 4:30 / 距AP全部回复还有 	距回复1 AP还有 4:30 / 距AP全部回复还有 	madomagi/engine_i18n.tsv#586/zhCN	confirmed-human	new-root-human	magica/research/totentanz-full-localization-20260817/engine-i18n/ap-recovery-gap-verification.json#ENGINE-AP-DYNAMIC-TIMER-270;A:/magicaOLD/template/user/APPopup.html; native AP label shape from runtime screenshot; legacy consumer exact/^prefix contract	false	confirmed-context	confirmed-human-verified	^1 AP will recover in 4:30 / AP will be fully recovered in 		confirmed-human	ap-recovery-gap-verification	confirmed-human-ap-timer	confirmed human translation; native dynamic AP timer context	false	true; legacy client reads <files>/madomagi/engine_i18n.tsv	confirmed-human	距回复1 AP还有 4:30 / 距AP全部回复还有 	confirmed-human-verified	medium	confirmed_human_engine_translation	confirmed-human-verified	magica/research/totentanz-full-localization-20260817/engine-i18n/ap-recovery-gap-verification.json#ENGINE-AP-DYNAMIC-TIMER-270;A:/magicaOLD/template/user/APPopup.html; native AP label shape from runtime screenshot; legacy consumer exact/^prefix contract	kind=prefix; verified AP recovery UI rule.
MT-00275	engine_runtime_i18n_confirmed_human	native_engine_i18n	madomagi/engine_i18n.tsv	587	zhCN	^1 AP will recover in 4:31 / AP will be fully recovered in 	距回复1 AP还有 4:31 / 距AP全部回复还有 	距回复1 AP还有 4:31 / 距AP全部回复还有 	madomagi/engine_i18n.tsv#587/zhCN	confirmed-human	new-root-human	magica/research/totentanz-full-localization-20260817/engine-i18n/ap-recovery-gap-verification.json#ENGINE-AP-DYNAMIC-TIMER-271;A:/magicaOLD/template/user/APPopup.html; native AP label shape from runtime screenshot; legacy consumer exact/^prefix contract	false	confirmed-context	confirmed-human-verified	^1 AP will recover in 4:31 / AP will be fully recovered in 		confirmed-human	ap-recovery-gap-verification	confirmed-human-ap-timer	confirmed human translation; native dynamic AP timer context	false	true; legacy client reads <files>/madomagi/engine_i18n.tsv	confirmed-human	距回复1 AP还有 4:31 / 距AP全部回复还有 	confirmed-human-verified	medium	confirmed_human_engine_translation	confirmed-human-verified	magica/research/totentanz-full-localization-20260817/engine-i18n/ap-recovery-gap-verification.json#ENGINE-AP-DYNAMIC-TIMER-271;A:/magicaOLD/template/user/APPopup.html; native AP label shape from runtime screenshot; legacy consumer exact/^prefix contract	kind=prefix; verified AP recovery UI rule.
MT-00276	engine_runtime_i18n_confirmed_human	native_engine_i18n	madomagi/engine_i18n.tsv	588	zhCN	^1 AP will recover in 4:32 / AP will be fully recovered in 	距回复1 AP还有 4:32 / 距AP全部回复还有 	距回复1 AP还有 4:32 / 距AP全部回复还有 	madomagi/engine_i18n.tsv#588/zhCN	confirmed-human	new-root-human	magica/research/totentanz-full-localization-20260817/engine-i18n/ap-recovery-gap-verification.json#ENGINE-AP-DYNAMIC-TIMER-272;A:/magicaOLD/template/user/APPopup.html; native AP label shape from runtime screenshot; legacy consumer exact/^prefix contract	false	confirmed-context	confirmed-human-verified	^1 AP will recover in 4:32 / AP will be fully recovered in 		confirmed-human	ap-recovery-gap-verification	confirmed-human-ap-timer	confirmed human translation; native dynamic AP timer context	false	true; legacy client reads <files>/madomagi/engine_i18n.tsv	confirmed-human	距回复1 AP还有 4:32 / 距AP全部回复还有 	confirmed-human-verified	medium	confirmed_human_engine_translation	confirmed-human-verified	magica/research/totentanz-full-localization-20260817/engine-i18n/ap-recovery-gap-verification.json#ENGINE-AP-DYNAMIC-TIMER-272;A:/magicaOLD/template/user/APPopup.html; native AP label shape from runtime screenshot; legacy consumer exact/^prefix contract	kind=prefix; verified AP recovery UI rule.
MT-00277	engine_runtime_i18n_confirmed_human	native_engine_i18n	madomagi/engine_i18n.tsv	589	zhCN	^1 AP will recover in 4:33 / AP will be fully recovered in 	距回复1 AP还有 4:33 / 距AP全部回复还有 	距回复1 AP还有 4:33 / 距AP全部回复还有 	madomagi/engine_i18n.tsv#589/zhCN	confirmed-human	new-root-human	magica/research/totentanz-full-localization-20260817/engine-i18n/ap-recovery-gap-verification.json#ENGINE-AP-DYNAMIC-TIMER-273;A:/magicaOLD/template/user/APPopup.html; native AP label shape from runtime screenshot; legacy consumer exact/^prefix contract	false	confirmed-context	confirmed-human-verified	^1 AP will recover in 4:33 / AP will be fully recovered in 		confirmed-human	ap-recovery-gap-verification	confirmed-human-ap-timer	confirmed human translation; native dynamic AP timer context	false	true; legacy client reads <files>/madomagi/engine_i18n.tsv	confirmed-human	距回复1 AP还有 4:33 / 距AP全部回复还有 	confirmed-human-verified	medium	confirmed_human_engine_translation	confirmed-human-verified	magica/research/totentanz-full-localization-20260817/engine-i18n/ap-recovery-gap-verification.json#ENGINE-AP-DYNAMIC-TIMER-273;A:/magicaOLD/template/user/APPopup.html; native AP label shape from runtime screenshot; legacy consumer exact/^prefix contract	kind=prefix; verified AP recovery UI rule.
MT-00278	engine_runtime_i18n_confirmed_human	native_engine_i18n	madomagi/engine_i18n.tsv	590	zhCN	^1 AP will recover in 4:34 / AP will be fully recovered in 	距回复1 AP还有 4:34 / 距AP全部回复还有 	距回复1 AP还有 4:34 / 距AP全部回复还有 	madomagi/engine_i18n.tsv#590/zhCN	confirmed-human	new-root-human	magica/research/totentanz-full-localization-20260817/engine-i18n/ap-recovery-gap-verification.json#ENGINE-AP-DYNAMIC-TIMER-274;A:/magicaOLD/template/user/APPopup.html; native AP label shape from runtime screenshot; legacy consumer exact/^prefix contract	false	confirmed-context	confirmed-human-verified	^1 AP will recover in 4:34 / AP will be fully recovered in 		confirmed-human	ap-recovery-gap-verification	confirmed-human-ap-timer	confirmed human translation; native dynamic AP timer context	false	true; legacy client reads <files>/madomagi/engine_i18n.tsv	confirmed-human	距回复1 AP还有 4:34 / 距AP全部回复还有 	confirmed-human-verified	medium	confirmed_human_engine_translation	confirmed-human-verified	magica/research/totentanz-full-localization-20260817/engine-i18n/ap-recovery-gap-verification.json#ENGINE-AP-DYNAMIC-TIMER-274;A:/magicaOLD/template/user/APPopup.html; native AP label shape from runtime screenshot; legacy consumer exact/^prefix contract	kind=prefix; verified AP recovery UI rule.
MT-00279	engine_runtime_i18n_confirmed_human	native_engine_i18n	madomagi/engine_i18n.tsv	591	zhCN	^1 AP will recover in 4:35 / AP will be fully recovered in 	距回复1 AP还有 4:35 / 距AP全部回复还有 	距回复1 AP还有 4:35 / 距AP全部回复还有 	madomagi/engine_i18n.tsv#591/zhCN	confirmed-human	new-root-human	magica/research/totentanz-full-localization-20260817/engine-i18n/ap-recovery-gap-verification.json#ENGINE-AP-DYNAMIC-TIMER-275;A:/magicaOLD/template/user/APPopup.html; native AP label shape from runtime screenshot; legacy consumer exact/^prefix contract	false	confirmed-context	confirmed-human-verified	^1 AP will recover in 4:35 / AP will be fully recovered in 		confirmed-human	ap-recovery-gap-verification	confirmed-human-ap-timer	confirmed human translation; native dynamic AP timer context	false	true; legacy client reads <files>/madomagi/engine_i18n.tsv	confirmed-human	距回复1 AP还有 4:35 / 距AP全部回复还有 	confirmed-human-verified	medium	confirmed_human_engine_translation	confirmed-human-verified	magica/research/totentanz-full-localization-20260817/engine-i18n/ap-recovery-gap-verification.json#ENGINE-AP-DYNAMIC-TIMER-275;A:/magicaOLD/template/user/APPopup.html; native AP label shape from runtime screenshot; legacy consumer exact/^prefix contract	kind=prefix; verified AP recovery UI rule.
MT-00280	engine_runtime_i18n_confirmed_human	native_engine_i18n	madomagi/engine_i18n.tsv	592	zhCN	^1 AP will recover in 4:36 / AP will be fully recovered in 	距回复1 AP还有 4:36 / 距AP全部回复还有 	距回复1 AP还有 4:36 / 距AP全部回复还有 	madomagi/engine_i18n.tsv#592/zhCN	confirmed-human	new-root-human	magica/research/totentanz-full-localization-20260817/engine-i18n/ap-recovery-gap-verification.json#ENGINE-AP-DYNAMIC-TIMER-276;A:/magicaOLD/template/user/APPopup.html; native AP label shape from runtime screenshot; legacy consumer exact/^prefix contract	false	confirmed-context	confirmed-human-verified	^1 AP will recover in 4:36 / AP will be fully recovered in 		confirmed-human	ap-recovery-gap-verification	confirmed-human-ap-timer	confirmed human translation; native dynamic AP timer context	false	true; legacy client reads <files>/madomagi/engine_i18n.tsv	confirmed-human	距回复1 AP还有 4:36 / 距AP全部回复还有 	confirmed-human-verified	medium	confirmed_human_engine_translation	confirmed-human-verified	magica/research/totentanz-full-localization-20260817/engine-i18n/ap-recovery-gap-verification.json#ENGINE-AP-DYNAMIC-TIMER-276;A:/magicaOLD/template/user/APPopup.html; native AP label shape from runtime screenshot; legacy consumer exact/^prefix contract	kind=prefix; verified AP recovery UI rule.
MT-00281	engine_runtime_i18n_confirmed_human	native_engine_i18n	madomagi/engine_i18n.tsv	593	zhCN	^1 AP will recover in 4:37 / AP will be fully recovered in 	距回复1 AP还有 4:37 / 距AP全部回复还有 	距回复1 AP还有 4:37 / 距AP全部回复还有 	madomagi/engine_i18n.tsv#593/zhCN	confirmed-human	new-root-human	magica/research/totentanz-full-localization-20260817/engine-i18n/ap-recovery-gap-verification.json#ENGINE-AP-DYNAMIC-TIMER-277;A:/magicaOLD/template/user/APPopup.html; native AP label shape from runtime screenshot; legacy consumer exact/^prefix contract	false	confirmed-context	confirmed-human-verified	^1 AP will recover in 4:37 / AP will be fully recovered in 		confirmed-human	ap-recovery-gap-verification	confirmed-human-ap-timer	confirmed human translation; native dynamic AP timer context	false	true; legacy client reads <files>/madomagi/engine_i18n.tsv	confirmed-human	距回复1 AP还有 4:37 / 距AP全部回复还有 	confirmed-human-verified	medium	confirmed_human_engine_translation	confirmed-human-verified	magica/research/totentanz-full-localization-20260817/engine-i18n/ap-recovery-gap-verification.json#ENGINE-AP-DYNAMIC-TIMER-277;A:/magicaOLD/template/user/APPopup.html; native AP label shape from runtime screenshot; legacy consumer exact/^prefix contract	kind=prefix; verified AP recovery UI rule.
MT-00282	engine_runtime_i18n_confirmed_human	native_engine_i18n	madomagi/engine_i18n.tsv	594	zhCN	^1 AP will recover in 4:38 / AP will be fully recovered in 	距回复1 AP还有 4:38 / 距AP全部回复还有 	距回复1 AP还有 4:38 / 距AP全部回复还有 	madomagi/engine_i18n.tsv#594/zhCN	confirmed-human	new-root-human	magica/research/totentanz-full-localization-20260817/engine-i18n/ap-recovery-gap-verification.json#ENGINE-AP-DYNAMIC-TIMER-278;A:/magicaOLD/template/user/APPopup.html; native AP label shape from runtime screenshot; legacy consumer exact/^prefix contract	false	confirmed-context	confirmed-human-verified	^1 AP will recover in 4:38 / AP will be fully recovered in 		confirmed-human	ap-recovery-gap-verification	confirmed-human-ap-timer	confirmed human translation; native dynamic AP timer context	false	true; legacy client reads <files>/madomagi/engine_i18n.tsv	confirmed-human	距回复1 AP还有 4:38 / 距AP全部回复还有 	confirmed-human-verified	medium	confirmed_human_engine_translation	confirmed-human-verified	magica/research/totentanz-full-localization-20260817/engine-i18n/ap-recovery-gap-verification.json#ENGINE-AP-DYNAMIC-TIMER-278;A:/magicaOLD/template/user/APPopup.html; native AP label shape from runtime screenshot; legacy consumer exact/^prefix contract	kind=prefix; verified AP recovery UI rule.
MT-00283	engine_runtime_i18n_confirmed_human	native_engine_i18n	madomagi/engine_i18n.tsv	595	zhCN	^1 AP will recover in 4:39 / AP will be fully recovered in 	距回复1 AP还有 4:39 / 距AP全部回复还有 	距回复1 AP还有 4:39 / 距AP全部回复还有 	madomagi/engine_i18n.tsv#595/zhCN	confirmed-human	new-root-human	magica/research/totentanz-full-localization-20260817/engine-i18n/ap-recovery-gap-verification.json#ENGINE-AP-DYNAMIC-TIMER-279;A:/magicaOLD/template/user/APPopup.html; native AP label shape from runtime screenshot; legacy consumer exact/^prefix contract	false	confirmed-context	confirmed-human-verified	^1 AP will recover in 4:39 / AP will be fully recovered in 		confirmed-human	ap-recovery-gap-verification	confirmed-human-ap-timer	confirmed human translation; native dynamic AP timer context	false	true; legacy client reads <files>/madomagi/engine_i18n.tsv	confirmed-human	距回复1 AP还有 4:39 / 距AP全部回复还有 	confirmed-human-verified	medium	confirmed_human_engine_translation	confirmed-human-verified	magica/research/totentanz-full-localization-20260817/engine-i18n/ap-recovery-gap-verification.json#ENGINE-AP-DYNAMIC-TIMER-279;A:/magicaOLD/template/user/APPopup.html; native AP label shape from runtime screenshot; legacy consumer exact/^prefix contract	kind=prefix; verified AP recovery UI rule.
MT-00284	engine_runtime_i18n_confirmed_human	native_engine_i18n	madomagi/engine_i18n.tsv	596	zhCN	^1 AP will recover in 4:40 / AP will be fully recovered in 	距回复1 AP还有 4:40 / 距AP全部回复还有 	距回复1 AP还有 4:40 / 距AP全部回复还有 	madomagi/engine_i18n.tsv#596/zhCN	confirmed-human	new-root-human	magica/research/totentanz-full-localization-20260817/engine-i18n/ap-recovery-gap-verification.json#ENGINE-AP-DYNAMIC-TIMER-280;A:/magicaOLD/template/user/APPopup.html; native AP label shape from runtime screenshot; legacy consumer exact/^prefix contract	false	confirmed-context	confirmed-human-verified	^1 AP will recover in 4:40 / AP will be fully recovered in 		confirmed-human	ap-recovery-gap-verification	confirmed-human-ap-timer	confirmed human translation; native dynamic AP timer context	false	true; legacy client reads <files>/madomagi/engine_i18n.tsv	confirmed-human	距回复1 AP还有 4:40 / 距AP全部回复还有 	confirmed-human-verified	medium	confirmed_human_engine_translation	confirmed-human-verified	magica/research/totentanz-full-localization-20260817/engine-i18n/ap-recovery-gap-verification.json#ENGINE-AP-DYNAMIC-TIMER-280;A:/magicaOLD/template/user/APPopup.html; native AP label shape from runtime screenshot; legacy consumer exact/^prefix contract	kind=prefix; verified AP recovery UI rule.
MT-00285	engine_runtime_i18n_confirmed_human	native_engine_i18n	madomagi/engine_i18n.tsv	597	zhCN	^1 AP will recover in 4:41 / AP will be fully recovered in 	距回复1 AP还有 4:41 / 距AP全部回复还有 	距回复1 AP还有 4:41 / 距AP全部回复还有 	madomagi/engine_i18n.tsv#597/zhCN	confirmed-human	new-root-human	magica/research/totentanz-full-localization-20260817/engine-i18n/ap-recovery-gap-verification.json#ENGINE-AP-DYNAMIC-TIMER-281;A:/magicaOLD/template/user/APPopup.html; native AP label shape from runtime screenshot; legacy consumer exact/^prefix contract	false	confirmed-context	confirmed-human-verified	^1 AP will recover in 4:41 / AP will be fully recovered in 		confirmed-human	ap-recovery-gap-verification	confirmed-human-ap-timer	confirmed human translation; native dynamic AP timer context	false	true; legacy client reads <files>/madomagi/engine_i18n.tsv	confirmed-human	距回复1 AP还有 4:41 / 距AP全部回复还有 	confirmed-human-verified	medium	confirmed_human_engine_translation	confirmed-human-verified	magica/research/totentanz-full-localization-20260817/engine-i18n/ap-recovery-gap-verification.json#ENGINE-AP-DYNAMIC-TIMER-281;A:/magicaOLD/template/user/APPopup.html; native AP label shape from runtime screenshot; legacy consumer exact/^prefix contract	kind=prefix; verified AP recovery UI rule.
MT-00286	engine_runtime_i18n_confirmed_human	native_engine_i18n	madomagi/engine_i18n.tsv	598	zhCN	^1 AP will recover in 4:42 / AP will be fully recovered in 	距回复1 AP还有 4:42 / 距AP全部回复还有 	距回复1 AP还有 4:42 / 距AP全部回复还有 	madomagi/engine_i18n.tsv#598/zhCN	confirmed-human	new-root-human	magica/research/totentanz-full-localization-20260817/engine-i18n/ap-recovery-gap-verification.json#ENGINE-AP-DYNAMIC-TIMER-282;A:/magicaOLD/template/user/APPopup.html; native AP label shape from runtime screenshot; legacy consumer exact/^prefix contract	false	confirmed-context	confirmed-human-verified	^1 AP will recover in 4:42 / AP will be fully recovered in 		confirmed-human	ap-recovery-gap-verification	confirmed-human-ap-timer	confirmed human translation; native dynamic AP timer context	false	true; legacy client reads <files>/madomagi/engine_i18n.tsv	confirmed-human	距回复1 AP还有 4:42 / 距AP全部回复还有 	confirmed-human-verified	medium	confirmed_human_engine_translation	confirmed-human-verified	magica/research/totentanz-full-localization-20260817/engine-i18n/ap-recovery-gap-verification.json#ENGINE-AP-DYNAMIC-TIMER-282;A:/magicaOLD/template/user/APPopup.html; native AP label shape from runtime screenshot; legacy consumer exact/^prefix contract	kind=prefix; verified AP recovery UI rule.
MT-00287	engine_runtime_i18n_confirmed_human	native_engine_i18n	madomagi/engine_i18n.tsv	599	zhCN	^1 AP will recover in 4:43 / AP will be fully recovered in 	距回复1 AP还有 4:43 / 距AP全部回复还有 	距回复1 AP还有 4:43 / 距AP全部回复还有 	madomagi/engine_i18n.tsv#599/zhCN	confirmed-human	new-root-human	magica/research/totentanz-full-localization-20260817/engine-i18n/ap-recovery-gap-verification.json#ENGINE-AP-DYNAMIC-TIMER-283;A:/magicaOLD/template/user/APPopup.html; native AP label shape from runtime screenshot; legacy consumer exact/^prefix contract	false	confirmed-context	confirmed-human-verified	^1 AP will recover in 4:43 / AP will be fully recovered in 		confirmed-human	ap-recovery-gap-verification	confirmed-human-ap-timer	confirmed human translation; native dynamic AP timer context	false	true; legacy client reads <files>/madomagi/engine_i18n.tsv	confirmed-human	距回复1 AP还有 4:43 / 距AP全部回复还有 	confirmed-human-verified	medium	confirmed_human_engine_translation	confirmed-human-verified	magica/research/totentanz-full-localization-20260817/engine-i18n/ap-recovery-gap-verification.json#ENGINE-AP-DYNAMIC-TIMER-283;A:/magicaOLD/template/user/APPopup.html; native AP label shape from runtime screenshot; legacy consumer exact/^prefix contract	kind=prefix; verified AP recovery UI rule.
MT-00288	engine_runtime_i18n_confirmed_human	native_engine_i18n	madomagi/engine_i18n.tsv	600	zhCN	^1 AP will recover in 4:44 / AP will be fully recovered in 	距回复1 AP还有 4:44 / 距AP全部回复还有 	距回复1 AP还有 4:44 / 距AP全部回复还有 	madomagi/engine_i18n.tsv#600/zhCN	confirmed-human	new-root-human	magica/research/totentanz-full-localization-20260817/engine-i18n/ap-recovery-gap-verification.json#ENGINE-AP-DYNAMIC-TIMER-284;A:/magicaOLD/template/user/APPopup.html; native AP label shape from runtime screenshot; legacy consumer exact/^prefix contract	false	confirmed-context	confirmed-human-verified	^1 AP will recover in 4:44 / AP will be fully recovered in 		confirmed-human	ap-recovery-gap-verification	confirmed-human-ap-timer	confirmed human translation; native dynamic AP timer context	false	true; legacy client reads <files>/madomagi/engine_i18n.tsv	confirmed-human	距回复1 AP还有 4:44 / 距AP全部回复还有 	confirmed-human-verified	medium	confirmed_human_engine_translation	confirmed-human-verified	magica/research/totentanz-full-localization-20260817/engine-i18n/ap-recovery-gap-verification.json#ENGINE-AP-DYNAMIC-TIMER-284;A:/magicaOLD/template/user/APPopup.html; native AP label shape from runtime screenshot; legacy consumer exact/^prefix contract	kind=prefix; verified AP recovery UI rule.
MT-00289	engine_runtime_i18n_confirmed_human	native_engine_i18n	madomagi/engine_i18n.tsv	601	zhCN	^1 AP will recover in 4:45 / AP will be fully recovered in 	距回复1 AP还有 4:45 / 距AP全部回复还有 	距回复1 AP还有 4:45 / 距AP全部回复还有 	madomagi/engine_i18n.tsv#601/zhCN	confirmed-human	new-root-human	magica/research/totentanz-full-localization-20260817/engine-i18n/ap-recovery-gap-verification.json#ENGINE-AP-DYNAMIC-TIMER-285;A:/magicaOLD/template/user/APPopup.html; native AP label shape from runtime screenshot; legacy consumer exact/^prefix contract	false	confirmed-context	confirmed-human-verified	^1 AP will recover in 4:45 / AP will be fully recovered in 		confirmed-human	ap-recovery-gap-verification	confirmed-human-ap-timer	confirmed human translation; native dynamic AP timer context	false	true; legacy client reads <files>/madomagi/engine_i18n.tsv	confirmed-human	距回复1 AP还有 4:45 / 距AP全部回复还有 	confirmed-human-verified	medium	confirmed_human_engine_translation	confirmed-human-verified	magica/research/totentanz-full-localization-20260817/engine-i18n/ap-recovery-gap-verification.json#ENGINE-AP-DYNAMIC-TIMER-285;A:/magicaOLD/template/user/APPopup.html; native AP label shape from runtime screenshot; legacy consumer exact/^prefix contract	kind=prefix; verified AP recovery UI rule.
MT-00290	engine_runtime_i18n_confirmed_human	native_engine_i18n	madomagi/engine_i18n.tsv	602	zhCN	^1 AP will recover in 4:46 / AP will be fully recovered in 	距回复1 AP还有 4:46 / 距AP全部回复还有 	距回复1 AP还有 4:46 / 距AP全部回复还有 	madomagi/engine_i18n.tsv#602/zhCN	confirmed-human	new-root-human	magica/research/totentanz-full-localization-20260817/engine-i18n/ap-recovery-gap-verification.json#ENGINE-AP-DYNAMIC-TIMER-286;A:/magicaOLD/template/user/APPopup.html; native AP label shape from runtime screenshot; legacy consumer exact/^prefix contract	false	confirmed-context	confirmed-human-verified	^1 AP will recover in 4:46 / AP will be fully recovered in 		confirmed-human	ap-recovery-gap-verification	confirmed-human-ap-timer	confirmed human translation; native dynamic AP timer context	false	true; legacy client reads <files>/madomagi/engine_i18n.tsv	confirmed-human	距回复1 AP还有 4:46 / 距AP全部回复还有 	confirmed-human-verified	medium	confirmed_human_engine_translation	confirmed-human-verified	magica/research/totentanz-full-localization-20260817/engine-i18n/ap-recovery-gap-verification.json#ENGINE-AP-DYNAMIC-TIMER-286;A:/magicaOLD/template/user/APPopup.html; native AP label shape from runtime screenshot; legacy consumer exact/^prefix contract	kind=prefix; verified AP recovery UI rule.
MT-00291	engine_runtime_i18n_confirmed_human	native_engine_i18n	madomagi/engine_i18n.tsv	603	zhCN	^1 AP will recover in 4:47 / AP will be fully recovered in 	距回复1 AP还有 4:47 / 距AP全部回复还有 	距回复1 AP还有 4:47 / 距AP全部回复还有 	madomagi/engine_i18n.tsv#603/zhCN	confirmed-human	new-root-human	magica/research/totentanz-full-localization-20260817/engine-i18n/ap-recovery-gap-verification.json#ENGINE-AP-DYNAMIC-TIMER-287;A:/magicaOLD/template/user/APPopup.html; native AP label shape from runtime screenshot; legacy consumer exact/^prefix contract	false	confirmed-context	confirmed-human-verified	^1 AP will recover in 4:47 / AP will be fully recovered in 		confirmed-human	ap-recovery-gap-verification	confirmed-human-ap-timer	confirmed human translation; native dynamic AP timer context	false	true; legacy client reads <files>/madomagi/engine_i18n.tsv	confirmed-human	距回复1 AP还有 4:47 / 距AP全部回复还有 	confirmed-human-verified	medium	confirmed_human_engine_translation	confirmed-human-verified	magica/research/totentanz-full-localization-20260817/engine-i18n/ap-recovery-gap-verification.json#ENGINE-AP-DYNAMIC-TIMER-287;A:/magicaOLD/template/user/APPopup.html; native AP label shape from runtime screenshot; legacy consumer exact/^prefix contract	kind=prefix; verified AP recovery UI rule.
MT-00292	engine_runtime_i18n_confirmed_human	native_engine_i18n	madomagi/engine_i18n.tsv	604	zhCN	^1 AP will recover in 4:48 / AP will be fully recovered in 	距回复1 AP还有 4:48 / 距AP全部回复还有 	距回复1 AP还有 4:48 / 距AP全部回复还有 	madomagi/engine_i18n.tsv#604/zhCN	confirmed-human	new-root-human	magica/research/totentanz-full-localization-20260817/engine-i18n/ap-recovery-gap-verification.json#ENGINE-AP-DYNAMIC-TIMER-288;A:/magicaOLD/template/user/APPopup.html; native AP label shape from runtime screenshot; legacy consumer exact/^prefix contract	false	confirmed-context	confirmed-human-verified	^1 AP will recover in 4:48 / AP will be fully recovered in 		confirmed-human	ap-recovery-gap-verification	confirmed-human-ap-timer	confirmed human translation; native dynamic AP timer context	false	true; legacy client reads <files>/madomagi/engine_i18n.tsv	confirmed-human	距回复1 AP还有 4:48 / 距AP全部回复还有 	confirmed-human-verified	medium	confirmed_human_engine_translation	confirmed-human-verified	magica/research/totentanz-full-localization-20260817/engine-i18n/ap-recovery-gap-verification.json#ENGINE-AP-DYNAMIC-TIMER-288;A:/magicaOLD/template/user/APPopup.html; native AP label shape from runtime screenshot; legacy consumer exact/^prefix contract	kind=prefix; verified AP recovery UI rule.
MT-00293	engine_runtime_i18n_confirmed_human	native_engine_i18n	madomagi/engine_i18n.tsv	605	zhCN	^1 AP will recover in 4:49 / AP will be fully recovered in 	距回复1 AP还有 4:49 / 距AP全部回复还有 	距回复1 AP还有 4:49 / 距AP全部回复还有 	madomagi/engine_i18n.tsv#605/zhCN	confirmed-human	new-root-human	magica/research/totentanz-full-localization-20260817/engine-i18n/ap-recovery-gap-verification.json#ENGINE-AP-DYNAMIC-TIMER-289;A:/magicaOLD/template/user/APPopup.html; native AP label shape from runtime screenshot; legacy consumer exact/^prefix contract	false	confirmed-context	confirmed-human-verified	^1 AP will recover in 4:49 / AP will be fully recovered in 		confirmed-human	ap-recovery-gap-verification	confirmed-human-ap-timer	confirmed human translation; native dynamic AP timer context	false	true; legacy client reads <files>/madomagi/engine_i18n.tsv	confirmed-human	距回复1 AP还有 4:49 / 距AP全部回复还有 	confirmed-human-verified	medium	confirmed_human_engine_translation	confirmed-human-verified	magica/research/totentanz-full-localization-20260817/engine-i18n/ap-recovery-gap-verification.json#ENGINE-AP-DYNAMIC-TIMER-289;A:/magicaOLD/template/user/APPopup.html; native AP label shape from runtime screenshot; legacy consumer exact/^prefix contract	kind=prefix; verified AP recovery UI rule.
MT-00294	engine_runtime_i18n_confirmed_human	native_engine_i18n	madomagi/engine_i18n.tsv	606	zhCN	^1 AP will recover in 4:50 / AP will be fully recovered in 	距回复1 AP还有 4:50 / 距AP全部回复还有 	距回复1 AP还有 4:50 / 距AP全部回复还有 	madomagi/engine_i18n.tsv#606/zhCN	confirmed-human	new-root-human	magica/research/totentanz-full-localization-20260817/engine-i18n/ap-recovery-gap-verification.json#ENGINE-AP-DYNAMIC-TIMER-290;A:/magicaOLD/template/user/APPopup.html; native AP label shape from runtime screenshot; legacy consumer exact/^prefix contract	false	confirmed-context	confirmed-human-verified	^1 AP will recover in 4:50 / AP will be fully recovered in 		confirmed-human	ap-recovery-gap-verification	confirmed-human-ap-timer	confirmed human translation; native dynamic AP timer context	false	true; legacy client reads <files>/madomagi/engine_i18n.tsv	confirmed-human	距回复1 AP还有 4:50 / 距AP全部回复还有 	confirmed-human-verified	medium	confirmed_human_engine_translation	confirmed-human-verified	magica/research/totentanz-full-localization-20260817/engine-i18n/ap-recovery-gap-verification.json#ENGINE-AP-DYNAMIC-TIMER-290;A:/magicaOLD/template/user/APPopup.html; native AP label shape from runtime screenshot; legacy consumer exact/^prefix contract	kind=prefix; verified AP recovery UI rule.
MT-00295	engine_runtime_i18n_confirmed_human	native_engine_i18n	madomagi/engine_i18n.tsv	607	zhCN	^1 AP will recover in 4:51 / AP will be fully recovered in 	距回复1 AP还有 4:51 / 距AP全部回复还有 	距回复1 AP还有 4:51 / 距AP全部回复还有 	madomagi/engine_i18n.tsv#607/zhCN	confirmed-human	new-root-human	magica/research/totentanz-full-localization-20260817/engine-i18n/ap-recovery-gap-verification.json#ENGINE-AP-DYNAMIC-TIMER-291;A:/magicaOLD/template/user/APPopup.html; native AP label shape from runtime screenshot; legacy consumer exact/^prefix contract	false	confirmed-context	confirmed-human-verified	^1 AP will recover in 4:51 / AP will be fully recovered in 		confirmed-human	ap-recovery-gap-verification	confirmed-human-ap-timer	confirmed human translation; native dynamic AP timer context	false	true; legacy client reads <files>/madomagi/engine_i18n.tsv	confirmed-human	距回复1 AP还有 4:51 / 距AP全部回复还有 	confirmed-human-verified	medium	confirmed_human_engine_translation	confirmed-human-verified	magica/research/totentanz-full-localization-20260817/engine-i18n/ap-recovery-gap-verification.json#ENGINE-AP-DYNAMIC-TIMER-291;A:/magicaOLD/template/user/APPopup.html; native AP label shape from runtime screenshot; legacy consumer exact/^prefix contract	kind=prefix; verified AP recovery UI rule.
MT-00296	engine_runtime_i18n_confirmed_human	native_engine_i18n	madomagi/engine_i18n.tsv	608	zhCN	^1 AP will recover in 4:52 / AP will be fully recovered in 	距回复1 AP还有 4:52 / 距AP全部回复还有 	距回复1 AP还有 4:52 / 距AP全部回复还有 	madomagi/engine_i18n.tsv#608/zhCN	confirmed-human	new-root-human	magica/research/totentanz-full-localization-20260817/engine-i18n/ap-recovery-gap-verification.json#ENGINE-AP-DYNAMIC-TIMER-292;A:/magicaOLD/template/user/APPopup.html; native AP label shape from runtime screenshot; legacy consumer exact/^prefix contract	false	confirmed-context	confirmed-human-verified	^1 AP will recover in 4:52 / AP will be fully recovered in 		confirmed-human	ap-recovery-gap-verification	confirmed-human-ap-timer	confirmed human translation; native dynamic AP timer context	false	true; legacy client reads <files>/madomagi/engine_i18n.tsv	confirmed-human	距回复1 AP还有 4:52 / 距AP全部回复还有 	confirmed-human-verified	medium	confirmed_human_engine_translation	confirmed-human-verified	magica/research/totentanz-full-localization-20260817/engine-i18n/ap-recovery-gap-verification.json#ENGINE-AP-DYNAMIC-TIMER-292;A:/magicaOLD/template/user/APPopup.html; native AP label shape from runtime screenshot; legacy consumer exact/^prefix contract	kind=prefix; verified AP recovery UI rule.
MT-00297	engine_runtime_i18n_confirmed_human	native_engine_i18n	madomagi/engine_i18n.tsv	609	zhCN	^1 AP will recover in 4:53 / AP will be fully recovered in 	距回复1 AP还有 4:53 / 距AP全部回复还有 	距回复1 AP还有 4:53 / 距AP全部回复还有 	madomagi/engine_i18n.tsv#609/zhCN	confirmed-human	new-root-human	magica/research/totentanz-full-localization-20260817/engine-i18n/ap-recovery-gap-verification.json#ENGINE-AP-DYNAMIC-TIMER-293;A:/magicaOLD/template/user/APPopup.html; native AP label shape from runtime screenshot; legacy consumer exact/^prefix contract	false	confirmed-context	confirmed-human-verified	^1 AP will recover in 4:53 / AP will be fully recovered in 		confirmed-human	ap-recovery-gap-verification	confirmed-human-ap-timer	confirmed human translation; native dynamic AP timer context	false	true; legacy client reads <files>/madomagi/engine_i18n.tsv	confirmed-human	距回复1 AP还有 4:53 / 距AP全部回复还有 	confirmed-human-verified	medium	confirmed_human_engine_translation	confirmed-human-verified	magica/research/totentanz-full-localization-20260817/engine-i18n/ap-recovery-gap-verification.json#ENGINE-AP-DYNAMIC-TIMER-293;A:/magicaOLD/template/user/APPopup.html; native AP label shape from runtime screenshot; legacy consumer exact/^prefix contract	kind=prefix; verified AP recovery UI rule.
MT-00298	engine_runtime_i18n_confirmed_human	native_engine_i18n	madomagi/engine_i18n.tsv	610	zhCN	^1 AP will recover in 4:54 / AP will be fully recovered in 	距回复1 AP还有 4:54 / 距AP全部回复还有 	距回复1 AP还有 4:54 / 距AP全部回复还有 	madomagi/engine_i18n.tsv#610/zhCN	confirmed-human	new-root-human	magica/research/totentanz-full-localization-20260817/engine-i18n/ap-recovery-gap-verification.json#ENGINE-AP-DYNAMIC-TIMER-294;A:/magicaOLD/template/user/APPopup.html; native AP label shape from runtime screenshot; legacy consumer exact/^prefix contract	false	confirmed-context	confirmed-human-verified	^1 AP will recover in 4:54 / AP will be fully recovered in 		confirmed-human	ap-recovery-gap-verification	confirmed-human-ap-timer	confirmed human translation; native dynamic AP timer context	false	true; legacy client reads <files>/madomagi/engine_i18n.tsv	confirmed-human	距回复1 AP还有 4:54 / 距AP全部回复还有 	confirmed-human-verified	medium	confirmed_human_engine_translation	confirmed-human-verified	magica/research/totentanz-full-localization-20260817/engine-i18n/ap-recovery-gap-verification.json#ENGINE-AP-DYNAMIC-TIMER-294;A:/magicaOLD/template/user/APPopup.html; native AP label shape from runtime screenshot; legacy consumer exact/^prefix contract	kind=prefix; verified AP recovery UI rule.
MT-00299	engine_runtime_i18n_confirmed_human	native_engine_i18n	madomagi/engine_i18n.tsv	611	zhCN	^1 AP will recover in 4:55 / AP will be fully recovered in 	距回复1 AP还有 4:55 / 距AP全部回复还有 	距回复1 AP还有 4:55 / 距AP全部回复还有 	madomagi/engine_i18n.tsv#611/zhCN	confirmed-human	new-root-human	magica/research/totentanz-full-localization-20260817/engine-i18n/ap-recovery-gap-verification.json#ENGINE-AP-DYNAMIC-TIMER-295;A:/magicaOLD/template/user/APPopup.html; native AP label shape from runtime screenshot; legacy consumer exact/^prefix contract	false	confirmed-context	confirmed-human-verified	^1 AP will recover in 4:55 / AP will be fully recovered in 		confirmed-human	ap-recovery-gap-verification	confirmed-human-ap-timer	confirmed human translation; native dynamic AP timer context	false	true; legacy client reads <files>/madomagi/engine_i18n.tsv	confirmed-human	距回复1 AP还有 4:55 / 距AP全部回复还有 	confirmed-human-verified	medium	confirmed_human_engine_translation	confirmed-human-verified	magica/research/totentanz-full-localization-20260817/engine-i18n/ap-recovery-gap-verification.json#ENGINE-AP-DYNAMIC-TIMER-295;A:/magicaOLD/template/user/APPopup.html; native AP label shape from runtime screenshot; legacy consumer exact/^prefix contract	kind=prefix; verified AP recovery UI rule.
MT-00300	engine_runtime_i18n_confirmed_human	native_engine_i18n	madomagi/engine_i18n.tsv	612	zhCN	^1 AP will recover in 4:56 / AP will be fully recovered in 	距回复1 AP还有 4:56 / 距AP全部回复还有 	距回复1 AP还有 4:56 / 距AP全部回复还有 	madomagi/engine_i18n.tsv#612/zhCN	confirmed-human	new-root-human	magica/research/totentanz-full-localization-20260817/engine-i18n/ap-recovery-gap-verification.json#ENGINE-AP-DYNAMIC-TIMER-296;A:/magicaOLD/template/user/APPopup.html; native AP label shape from runtime screenshot; legacy consumer exact/^prefix contract	false	confirmed-context	confirmed-human-verified	^1 AP will recover in 4:56 / AP will be fully recovered in 		confirmed-human	ap-recovery-gap-verification	confirmed-human-ap-timer	confirmed human translation; native dynamic AP timer context	false	true; legacy client reads <files>/madomagi/engine_i18n.tsv	confirmed-human	距回复1 AP还有 4:56 / 距AP全部回复还有 	confirmed-human-verified	medium	confirmed_human_engine_translation	confirmed-human-verified	magica/research/totentanz-full-localization-20260817/engine-i18n/ap-recovery-gap-verification.json#ENGINE-AP-DYNAMIC-TIMER-296;A:/magicaOLD/template/user/APPopup.html; native AP label shape from runtime screenshot; legacy consumer exact/^prefix contract	kind=prefix; verified AP recovery UI rule.
MT-00301	engine_runtime_i18n_confirmed_human	native_engine_i18n	madomagi/engine_i18n.tsv	613	zhCN	^1 AP will recover in 4:57 / AP will be fully recovered in 	距回复1 AP还有 4:57 / 距AP全部回复还有 	距回复1 AP还有 4:57 / 距AP全部回复还有 	madomagi/engine_i18n.tsv#613/zhCN	confirmed-human	new-root-human	magica/research/totentanz-full-localization-20260817/engine-i18n/ap-recovery-gap-verification.json#ENGINE-AP-DYNAMIC-TIMER-297;A:/magicaOLD/template/user/APPopup.html; native AP label shape from runtime screenshot; legacy consumer exact/^prefix contract	false	confirmed-context	confirmed-human-verified	^1 AP will recover in 4:57 / AP will be fully recovered in 		confirmed-human	ap-recovery-gap-verification	confirmed-human-ap-timer	confirmed human translation; native dynamic AP timer context	false	true; legacy client reads <files>/madomagi/engine_i18n.tsv	confirmed-human	距回复1 AP还有 4:57 / 距AP全部回复还有 	confirmed-human-verified	medium	confirmed_human_engine_translation	confirmed-human-verified	magica/research/totentanz-full-localization-20260817/engine-i18n/ap-recovery-gap-verification.json#ENGINE-AP-DYNAMIC-TIMER-297;A:/magicaOLD/template/user/APPopup.html; native AP label shape from runtime screenshot; legacy consumer exact/^prefix contract	kind=prefix; verified AP recovery UI rule.
MT-00302	engine_runtime_i18n_confirmed_human	native_engine_i18n	madomagi/engine_i18n.tsv	614	zhCN	^1 AP will recover in 4:58 / AP will be fully recovered in 	距回复1 AP还有 4:58 / 距AP全部回复还有 	距回复1 AP还有 4:58 / 距AP全部回复还有 	madomagi/engine_i18n.tsv#614/zhCN	confirmed-human	new-root-human	magica/research/totentanz-full-localization-20260817/engine-i18n/ap-recovery-gap-verification.json#ENGINE-AP-DYNAMIC-TIMER-298;A:/magicaOLD/template/user/APPopup.html; native AP label shape from runtime screenshot; legacy consumer exact/^prefix contract	false	confirmed-context	confirmed-human-verified	^1 AP will recover in 4:58 / AP will be fully recovered in 		confirmed-human	ap-recovery-gap-verification	confirmed-human-ap-timer	confirmed human translation; native dynamic AP timer context	false	true; legacy client reads <files>/madomagi/engine_i18n.tsv	confirmed-human	距回复1 AP还有 4:58 / 距AP全部回复还有 	confirmed-human-verified	medium	confirmed_human_engine_translation	confirmed-human-verified	magica/research/totentanz-full-localization-20260817/engine-i18n/ap-recovery-gap-verification.json#ENGINE-AP-DYNAMIC-TIMER-298;A:/magicaOLD/template/user/APPopup.html; native AP label shape from runtime screenshot; legacy consumer exact/^prefix contract	kind=prefix; verified AP recovery UI rule.
MT-00303	engine_runtime_i18n_confirmed_human	native_engine_i18n	madomagi/engine_i18n.tsv	615	zhCN	^1 AP will recover in 4:59 / AP will be fully recovered in 	距回复1 AP还有 4:59 / 距AP全部回复还有 	距回复1 AP还有 4:59 / 距AP全部回复还有 	madomagi/engine_i18n.tsv#615/zhCN	confirmed-human	new-root-human	magica/research/totentanz-full-localization-20260817/engine-i18n/ap-recovery-gap-verification.json#ENGINE-AP-DYNAMIC-TIMER-299;A:/magicaOLD/template/user/APPopup.html; native AP label shape from runtime screenshot; legacy consumer exact/^prefix contract	false	confirmed-context	confirmed-human-verified	^1 AP will recover in 4:59 / AP will be fully recovered in 		confirmed-human	ap-recovery-gap-verification	confirmed-human-ap-timer	confirmed human translation; native dynamic AP timer context	false	true; legacy client reads <files>/madomagi/engine_i18n.tsv	confirmed-human	距回复1 AP还有 4:59 / 距AP全部回复还有 	confirmed-human-verified	medium	confirmed_human_engine_translation	confirmed-human-verified	magica/research/totentanz-full-localization-20260817/engine-i18n/ap-recovery-gap-verification.json#ENGINE-AP-DYNAMIC-TIMER-299;A:/magicaOLD/template/user/APPopup.html; native AP label shape from runtime screenshot; legacy consumer exact/^prefix contract	kind=prefix; verified AP recovery UI rule.
MT-00304	engine_runtime_i18n_confirmed_human	native_engine_i18n	madomagi/engine_i18n.tsv	616	zhCN	^1 AP will recover in 5:00 / AP will be fully recovered in 	距回复1 AP还有 5:00 / 距AP全部回复还有 	距回复1 AP还有 5:00 / 距AP全部回复还有 	madomagi/engine_i18n.tsv#616/zhCN	confirmed-human	new-root-human	magica/research/totentanz-full-localization-20260817/engine-i18n/ap-recovery-gap-verification.json#ENGINE-AP-DYNAMIC-TIMER-300;A:/magicaOLD/template/user/APPopup.html; native AP label shape from runtime screenshot; legacy consumer exact/^prefix contract	false	confirmed-context	confirmed-human-verified	^1 AP will recover in 5:00 / AP will be fully recovered in 		confirmed-human	ap-recovery-gap-verification	confirmed-human-ap-timer	confirmed human translation; native dynamic AP timer context	false	true; legacy client reads <files>/madomagi/engine_i18n.tsv	confirmed-human	距回复1 AP还有 5:00 / 距AP全部回复还有 	confirmed-human-verified	medium	confirmed_human_engine_translation	confirmed-human-verified	magica/research/totentanz-full-localization-20260817/engine-i18n/ap-recovery-gap-verification.json#ENGINE-AP-DYNAMIC-TIMER-300;A:/magicaOLD/template/user/APPopup.html; native AP label shape from runtime screenshot; legacy consumer exact/^prefix contract	kind=prefix; verified AP recovery UI rule.
MT-00305	engine_runtime_i18n_intentional_fragment	native_engine_i18n	madomagi/engine_i18n.tsv	42	zhCN	上昇する			madomagi/engine_i18n.tsv#42/zhCN	intentional-structural-rule	unknown	i18n/README.md#跨节点语序片段；madomagi/engine_i18n.tsv	false	documented-structural	documented-intentional	上昇する		intentional_cross_node_fragment_deletion	engine_i18n_structural_rule	documented-intentional-fragment	existing maintenance rule; translator not applicable	false	true; legacy client reads <files>/madomagi/engine_i18n.tsv	intentional-structural-rule		intentional-empty-not-untranslated	medium	intentional_fragment_deletion	documented-intentional	i18n/README.md#跨节点语序片段；madomagi/engine_i18n.tsv	“提升”已并入上一片段；空目标用于删除重复的日文句尾。
MT-00306	engine_runtime_i18n_official	native_engine_i18n	madomagi/engine_i18n.tsv	100	zhCN	毎ターンダメージ	每回合受到伤害	每回合受到伤害	madomagi/engine_i18n.tsv#100/zhCN	official-cn-native-sequence-exact-both-abis	official	magica/research/totentanz-full-localization-20260817/engine-i18n/final-root-review-20260819/engine_unknown_212_root_review_sidecar.json#ENG-100;official CN native exact C-string in both ABIs; arm64 offsets=['0x14d0278', '0x14d0298', '0x14d02e0']; armv7 offsets=['0x117f304', '0x117f324', '0x117f368'];origin_machine_translated=unknown	false	exact-both-official-cn-native-abis	official-source-verified	毎ターンダメージ		official-cn-native-sequence-exact-both-abis	final-root-review-20260819	ENG-100	official CN native game data; exact adoption recorded by HiiragiNemu	false	true; legacy client reads <files>/madomagi/engine_i18n.tsv	official-cn-native-sequence-exact-both-abis	每回合受到伤害	official-source-verified	medium	official_engine_translation	official-source-verified	magica/research/totentanz-full-localization-20260817/engine-i18n/final-root-review-20260819/engine_unknown_212_root_review_sidecar.json#ENG-100;official CN native exact C-string in both ABIs; arm64 offsets=['0x14d0278', '0x14d0298', '0x14d02e0']; armv7 offsets=['0x117f304', '0x117f324', '0x117f368'];origin_machine_translated=unknown	origin_machine_translated=unknown; the historical origin remains explicit; the current value received row-by-row root review and does not inherit an official/Wiki label unless exact dual-ABI evidence is recorded.
MT-00307	engine_runtime_i18n_official	native_engine_i18n	madomagi/engine_i18n.tsv	108	zhCN	スキル不可	禁止技能	禁止技能	madomagi/engine_i18n.tsv#108/zhCN	official-cn-native-sequence-exact-both-abis	official	magica/research/totentanz-full-localization-20260817/engine-i18n/final-root-review-20260819/engine_unknown_212_root_review_sidecar.json#ENG-108;official CN native exact C-string in both ABIs; arm64 offsets=['0x14d0400']; armv7 offsets=['0x117f478'];origin_machine_translated=unknown	false	exact-both-official-cn-native-abis	official-source-verified	スキル不可		official-cn-native-sequence-exact-both-abis	final-root-review-20260819	ENG-108	official CN native game data; exact adoption recorded by HiiragiNemu	false	true; legacy client reads <files>/madomagi/engine_i18n.tsv	official-cn-native-sequence-exact-both-abis	禁止技能	official-source-verified	medium	official_engine_translation	official-source-verified	magica/research/totentanz-full-localization-20260817/engine-i18n/final-root-review-20260819/engine_unknown_212_root_review_sidecar.json#ENG-108;official CN native exact C-string in both ABIs; arm64 offsets=['0x14d0400']; armv7 offsets=['0x117f478'];origin_machine_translated=unknown	origin_machine_translated=unknown; the historical origin remains explicit; the current value received row-by-row root review and does not inherit an official/Wiki label unless exact dual-ABI evidence is recorded.
MT-00308	engine_runtime_i18n_official	native_engine_i18n	madomagi/engine_i18n.tsv	113	zhCN	確率で与えるダメージが大きく上昇	一定概率使给予伤害大幅度提升	一定概率使给予伤害大幅度提升	madomagi/engine_i18n.tsv#113/zhCN	official-cn-native-sequence-exact-both-abis	official	magica/research/totentanz-full-localization-20260817/engine-i18n/final-root-review-20260819/engine_unknown_212_root_review_sidecar.json#ENG-113;official CN native exact C-string in both ABIs; arm64 offsets=['0x14d0498']; armv7 offsets=['0x117f504'];origin_machine_translated=unknown	false	exact-both-official-cn-native-abis	official-source-verified	確率で与えるダメージが大きく上昇		official-cn-native-sequence-exact-both-abis	final-root-review-20260819	ENG-113	official CN native game data; exact adoption recorded by HiiragiNemu	false	true; legacy client reads <files>/madomagi/engine_i18n.tsv	official-cn-native-sequence-exact-both-abis	一定概率使给予伤害大幅度提升	official-source-verified	medium	official_engine_translation	official-source-verified	magica/research/totentanz-full-localization-20260817/engine-i18n/final-root-review-20260819/engine_unknown_212_root_review_sidecar.json#ENG-113;official CN native exact C-string in both ABIs; arm64 offsets=['0x14d0498']; armv7 offsets=['0x117f504'];origin_machine_translated=unknown	origin_machine_translated=unknown; the historical origin remains explicit; the current value received row-by-row root review and does not inherit an official/Wiki label unless exact dual-ABI evidence is recorded.
MT-00309	engine_runtime_i18n_official	native_engine_i18n	madomagi/engine_i18n.tsv	116	zhCN	攻撃対象の回避を無効化	使攻击对象的回避无效	使攻击对象的回避无效	madomagi/engine_i18n.tsv#116/zhCN	official-cn-native-sequence-exact-both-abis	official	magica/research/totentanz-full-localization-20260817/engine-i18n/final-root-review-20260819/engine_unknown_212_root_review_sidecar.json#ENG-116;official CN native exact C-string in both ABIs; arm64 offsets=['0x14d0538']; armv7 offsets=['0x117f598'];origin_machine_translated=unknown	false	exact-both-official-cn-native-abis	official-source-verified	攻撃対象の回避を無効化		official-cn-native-sequence-exact-both-abis	final-root-review-20260819	ENG-116	official CN native game data; exact adoption recorded by HiiragiNemu	false	true; legacy client reads <files>/madomagi/engine_i18n.tsv	official-cn-native-sequence-exact-both-abis	使攻击对象的回避无效	official-source-verified	medium	official_engine_translation	official-source-verified	magica/research/totentanz-full-localization-20260817/engine-i18n/final-root-review-20260819/engine_unknown_212_root_review_sidecar.json#ENG-116;official CN native exact C-string in both ABIs; arm64 offsets=['0x14d0538']; armv7 offsets=['0x117f598'];origin_machine_translated=unknown	origin_machine_translated=unknown; the historical origin remains explicit; the current value received row-by-row root review and does not inherit an official/Wiki label unless exact dual-ABI evidence is recorded.
MT-00310	engine_runtime_i18n_official	native_engine_i18n	madomagi/engine_i18n.tsv	118	zhCN	スキルクイック	技能加速	技能加速	madomagi/engine_i18n.tsv#118/zhCN	official-cn-native-sequence-exact-both-abis	official	magica/research/totentanz-full-localization-20260817/engine-i18n/final-root-review-20260819/engine_unknown_212_root_review_sidecar.json#ENG-118;official CN native exact C-string in both ABIs; arm64 offsets=['0x14d0580']; armv7 offsets=['0x117f5dc'];origin_machine_translated=unknown	false	exact-both-official-cn-native-abis	official-source-verified	スキルクイック		official-cn-native-sequence-exact-both-abis	final-root-review-20260819	ENG-118	official CN native game data; exact adoption recorded by HiiragiNemu	false	true; legacy client reads <files>/madomagi/engine_i18n.tsv	official-cn-native-sequence-exact-both-abis	技能加速	official-source-verified	medium	official_engine_translation	official-source-verified	magica/research/totentanz-full-localization-20260817/engine-i18n/final-root-review-20260819/engine_unknown_212_root_review_sidecar.json#ENG-118;official CN native exact C-string in both ABIs; arm64 offsets=['0x14d0580']; armv7 offsets=['0x117f5dc'];origin_machine_translated=unknown	origin_machine_translated=unknown; the historical origin remains explicit; the current value received row-by-row root review and does not inherit an official/Wiki label unless exact dual-ABI evidence is recorded.
MT-00311	engine_runtime_i18n_official	native_engine_i18n	madomagi/engine_i18n.tsv	12	zhCN	魔法少女の画像や音声、ムービー等、ゲームに必要なデータをダウンロードします。	下载魔法少女的图像，声音和动画等，游戏中必要的数据。	下载魔法少女的图像，声音和动画等，游戏中必要的数据。	madomagi/engine_i18n.tsv#12/zhCN	official-cn	official	magica/research/totentanz-full-localization-20260817/engine-i18n/engine-final-authority-corrections.json#ENGINE-FINAL-012;official CN arm64 and armeabi-v7a download-description block;work/next_round_execution_20260819/native_engine_i18n_authority_audit_315_20260819	false	dual-abi-exact-download-context	official-source-verified	魔法少女の画像や音声、ムービー等、ゲームに必要なデータをダウンロードします。		official-cn-native-exact	engine-final-authority-corrections	ENGINE-FINAL-012	official CN native game data; exact adoption recorded by HiiragiNemu	false	true; legacy client reads <files>/madomagi/engine_i18n.tsv	official-cn	下载魔法少女的图像，声音和动画等，游戏中必要的数据。	official-source-verified	medium	official_engine_translation	official-source-verified	magica/research/totentanz-full-localization-20260817/engine-i18n/engine-final-authority-corrections.json#ENGINE-FINAL-012;official CN arm64 and armeabi-v7a download-description block;work/next_round_execution_20260819/native_engine_i18n_authority_audit_315_20260819	Whole-string official CN replacement.
MT-00312	engine_runtime_i18n_official	native_engine_i18n	madomagi/engine_i18n.tsv	125	zhCN	攻撃対象のカウンターを無効化	使攻击对象的反击技能无效	使攻击对象的反击技能无效	madomagi/engine_i18n.tsv#125/zhCN	official-cn-native-sequence-exact-both-abis	official	magica/research/totentanz-full-localization-20260817/engine-i18n/final-root-review-20260819/engine_unknown_212_root_review_sidecar.json#ENG-125;official CN native exact C-string in both ABIs; arm64 offsets=['0x14d0690']; armv7 offsets=['0x117f6e0'];origin_machine_translated=unknown	false	exact-both-official-cn-native-abis	official-source-verified	攻撃対象のカウンターを無効化		official-cn-native-sequence-exact-both-abis	final-root-review-20260819	ENG-125	official CN native game data; exact adoption recorded by HiiragiNemu	false	true; legacy client reads <files>/madomagi/engine_i18n.tsv	official-cn-native-sequence-exact-both-abis	使攻击对象的反击技能无效	official-source-verified	medium	official_engine_translation	official-source-verified	magica/research/totentanz-full-localization-20260817/engine-i18n/final-root-review-20260819/engine_unknown_212_root_review_sidecar.json#ENG-125;official CN native exact C-string in both ABIs; arm64 offsets=['0x14d0690']; armv7 offsets=['0x117f6e0'];origin_machine_translated=unknown	origin_machine_translated=unknown; the historical origin remains explicit; the current value received row-by-row root review and does not inherit an official/Wiki label unless exact dual-ABI evidence is recorded.
MT-00313	engine_runtime_i18n_official	native_engine_i18n	madomagi/engine_i18n.tsv	129	zhCN	致死ダメージを受けてもHP1で生存	受到致死量伤害时，能够以HP1的状态存活	受到致死量伤害时，能够以HP1的状态存活	madomagi/engine_i18n.tsv#129/zhCN	official-cn-native-sequence-exact-both-abis	official	magica/research/totentanz-full-localization-20260817/engine-i18n/final-root-review-20260819/engine_unknown_212_root_review_sidecar.json#ENG-129;official CN native exact C-string in both ABIs; arm64 offsets=['0x14d0708']; armv7 offsets=['0x117f754'];origin_machine_translated=unknown	false	exact-both-official-cn-native-abis	official-source-verified	致死ダメージを受けてもHP1で生存		official-cn-native-sequence-exact-both-abis	final-root-review-20260819	ENG-129	official CN native game data; exact adoption recorded by HiiragiNemu	false	true; legacy client reads <files>/madomagi/engine_i18n.tsv	official-cn-native-sequence-exact-both-abis	受到致死量伤害时，能够以HP1的状态存活	official-source-verified	medium	official_engine_translation	official-source-verified	magica/research/totentanz-full-localization-20260817/engine-i18n/final-root-review-20260819/engine_unknown_212_root_review_sidecar.json#ENG-129;official CN native exact C-string in both ABIs; arm64 offsets=['0x14d0708']; armv7 offsets=['0x117f754'];origin_machine_translated=unknown	origin_machine_translated=unknown; the historical origin remains explicit; the current value received row-by-row root review and does not inherit an official/Wiki label unless exact dual-ABI evidence is recorded.
MT-00314	engine_runtime_i18n_official	native_engine_i18n	madomagi/engine_i18n.tsv	131	zhCN	かばう	庇护	庇护	madomagi/engine_i18n.tsv#131/zhCN	official-cn-native-sequence-exact-both-abis	official	magica/research/totentanz-full-localization-20260817/engine-i18n/final-root-review-20260819/engine_unknown_212_root_review_sidecar.json#ENG-131;official CN native exact C-string in both ABIs; arm64 offsets=['0x14d0780']; armv7 offsets=['0x117f7c8'];origin_machine_translated=unknown	false	exact-both-official-cn-native-abis	official-source-verified	かばう		official-cn-native-sequence-exact-both-abis	final-root-review-20260819	ENG-131	official CN native game data; exact adoption recorded by HiiragiNemu	false	true; legacy client reads <files>/madomagi/engine_i18n.tsv	official-cn-native-sequence-exact-both-abis	庇护	official-source-verified	medium	official_engine_translation	official-source-verified	magica/research/totentanz-full-localization-20260817/engine-i18n/final-root-review-20260819/engine_unknown_212_root_review_sidecar.json#ENG-131;official CN native exact C-string in both ABIs; arm64 offsets=['0x14d0780']; armv7 offsets=['0x117f7c8'];origin_machine_translated=unknown	origin_machine_translated=unknown; the historical origin remains explicit; the current value received row-by-row root review and does not inherit an official/Wiki label unless exact dual-ABI evidence is recorded.
MT-00315	engine_runtime_i18n_official	native_engine_i18n	madomagi/engine_i18n.tsv	139	zhCN	攻撃対象のダメージカットを無効化	使攻击对象的伤害削减效果无效化	使攻击对象的伤害削减效果无效化	madomagi/engine_i18n.tsv#139/zhCN	official-cn-native-sequence-exact-both-abis	official	magica/research/totentanz-full-localization-20260817/engine-i18n/final-root-review-20260819/engine_unknown_212_root_review_sidecar.json#ENG-139;official CN native exact C-string in both ABIs; arm64 offsets=['0x14d0888']; armv7 offsets=['0x117f8c0'];origin_machine_translated=unknown	false	exact-both-official-cn-native-abis	official-source-verified	攻撃対象のダメージカットを無効化		official-cn-native-sequence-exact-both-abis	final-root-review-20260819	ENG-139	official CN native game data; exact adoption recorded by HiiragiNemu	false	true; legacy client reads <files>/madomagi/engine_i18n.tsv	official-cn-native-sequence-exact-both-abis	使攻击对象的伤害削减效果无效化	official-source-verified	medium	official_engine_translation	official-source-verified	magica/research/totentanz-full-localization-20260817/engine-i18n/final-root-review-20260819/engine_unknown_212_root_review_sidecar.json#ENG-139;official CN native exact C-string in both ABIs; arm64 offsets=['0x14d0888']; armv7 offsets=['0x117f8c0'];origin_machine_translated=unknown	origin_machine_translated=unknown; the historical origin remains explicit; the current value received row-by-row root review and does not inherit an official/Wiki label unless exact dual-ABI evidence is recorded.
MT-00316	engine_runtime_i18n_official	native_engine_i18n	madomagi/engine_i18n.tsv	14	zhCN	※ゲーム開始後に変更、再ダウンロードすることも可能です。	※游戏开始后可以进行更改和再次下载。	※游戏开始后可以进行更改和再次下载。	madomagi/engine_i18n.tsv#14/zhCN	official-cn	official	magica/research/totentanz-full-localization-20260817/engine-i18n/engine-final-authority-corrections.json#ENGINE-FINAL-014;official CN arm64 and armeabi-v7a download-description block;work/next_round_execution_20260819/native_engine_i18n_authority_audit_315_20260819	false	dual-abi-exact-download-context	official-source-verified	※ゲーム開始後に変更、再ダウンロードすることも可能です。		official-cn-native-exact	engine-final-authority-corrections	ENGINE-FINAL-014	official CN native game data; exact adoption recorded by HiiragiNemu	false	true; legacy client reads <files>/madomagi/engine_i18n.tsv	official-cn	※游戏开始后可以进行更改和再次下载。	official-source-verified	medium	official_engine_translation	official-source-verified	magica/research/totentanz-full-localization-20260817/engine-i18n/engine-final-authority-corrections.json#ENGINE-FINAL-014;official CN arm64 and armeabi-v7a download-description block;work/next_round_execution_20260819/native_engine_i18n_authority_audit_315_20260819	Whole-string official CN replacement.
MT-00317	engine_runtime_i18n_official	native_engine_i18n	madomagi/engine_i18n.tsv	166	zhCN	チャージディスクのダメージが上昇	Charge行动盘造成的伤害上升	Charge行动盘造成的伤害上升	madomagi/engine_i18n.tsv#166/zhCN	official-cn-native-sequence-exact-both-abis	official	magica/research/totentanz-full-localization-20260817/engine-i18n/final-root-review-20260819/engine_unknown_212_root_review_sidecar.json#ENG-166;official CN native exact C-string in both ABIs; arm64 offsets=['0x14d0ba0']; armv7 offsets=['0x117fbb4'];origin_machine_translated=unknown	false	exact-both-official-cn-native-abis	official-source-verified	チャージディスクのダメージが上昇		official-cn-native-sequence-exact-both-abis	final-root-review-20260819	ENG-166	official CN native game data; exact adoption recorded by HiiragiNemu	false	true; legacy client reads <files>/madomagi/engine_i18n.tsv	official-cn-native-sequence-exact-both-abis	Charge行动盘造成的伤害上升	official-source-verified	medium	official_engine_translation	official-source-verified	magica/research/totentanz-full-localization-20260817/engine-i18n/final-root-review-20260819/engine_unknown_212_root_review_sidecar.json#ENG-166;official CN native exact C-string in both ABIs; arm64 offsets=['0x14d0ba0']; armv7 offsets=['0x117fbb4'];origin_machine_translated=unknown	origin_machine_translated=unknown; the historical origin remains explicit; the current value received row-by-row root review and does not inherit an official/Wiki label unless exact dual-ABI evidence is recorded.
MT-00318	engine_runtime_i18n_official	native_engine_i18n	madomagi/engine_i18n.tsv	169	zhCN	MP100以上の際にMPゲージアップ	MP在100以上时MP充能条增加	MP在100以上时MP充能条增加	madomagi/engine_i18n.tsv#169/zhCN	official-cn-native-sequence-exact-both-abis	official	magica/research/totentanz-full-localization-20260817/engine-i18n/final-root-review-20260819/engine_unknown_212_root_review_sidecar.json#ENG-169;official CN native exact C-string in both ABIs; arm64 offsets=['0x14d0c08']; armv7 offsets=['0x117fc1c'];origin_machine_translated=unknown	false	exact-both-official-cn-native-abis	official-source-verified	MP100以上の際にMPゲージアップ		official-cn-native-sequence-exact-both-abis	final-root-review-20260819	ENG-169	official CN native game data; exact adoption recorded by HiiragiNemu	false	true; legacy client reads <files>/madomagi/engine_i18n.tsv	official-cn-native-sequence-exact-both-abis	MP在100以上时MP充能条增加	official-source-verified	medium	official_engine_translation	official-source-verified	magica/research/totentanz-full-localization-20260817/engine-i18n/final-root-review-20260819/engine_unknown_212_root_review_sidecar.json#ENG-169;official CN native exact C-string in both ABIs; arm64 offsets=['0x14d0c08']; armv7 offsets=['0x117fc1c'];origin_machine_translated=unknown	origin_machine_translated=unknown; the historical origin remains explicit; the current value received row-by-row root review and does not inherit an official/Wiki label unless exact dual-ABI evidence is recorded.
MT-00319	engine_runtime_i18n_official	native_engine_i18n	madomagi/engine_i18n.tsv	170	zhCN	チャージコンボプラス	Charge连击数附加	Charge连击数附加	madomagi/engine_i18n.tsv#170/zhCN	official-cn-native-sequence-exact-both-abis	official	magica/research/totentanz-full-localization-20260817/engine-i18n/final-root-review-20260819/engine_unknown_212_root_review_sidecar.json#ENG-170;official CN native exact C-string in both ABIs; arm64 offsets=['0x14d0c30']; armv7 offsets=['0x117fc40'];origin_machine_translated=unknown	false	exact-both-official-cn-native-abis	official-source-verified	チャージコンボプラス		official-cn-native-sequence-exact-both-abis	final-root-review-20260819	ENG-170	official CN native game data; exact adoption recorded by HiiragiNemu	false	true; legacy client reads <files>/madomagi/engine_i18n.tsv	official-cn-native-sequence-exact-both-abis	Charge连击数附加	official-source-verified	medium	official_engine_translation	official-source-verified	magica/research/totentanz-full-localization-20260817/engine-i18n/final-root-review-20260819/engine_unknown_212_root_review_sidecar.json#ENG-170;official CN native exact C-string in both ABIs; arm64 offsets=['0x14d0c30']; armv7 offsets=['0x117fc40'];origin_machine_translated=unknown	origin_machine_translated=unknown; the historical origin remains explicit; the current value received row-by-row root review and does not inherit an official/Wiki label unless exact dual-ABI evidence is recorded.
MT-00320	engine_runtime_i18n_official	native_engine_i18n	madomagi/engine_i18n.tsv	178	zhCN	アクセルディスクによる被ダメージが上昇	受到来自Accele行动盘的伤害上升	受到来自Accele行动盘的伤害上升	madomagi/engine_i18n.tsv#178/zhCN	official-cn-native-sequence-exact-both-abis	official	magica/research/totentanz-full-localization-20260817/engine-i18n/final-root-review-20260819/engine_unknown_212_root_review_sidecar.json#ENG-178;official CN native exact C-string in both ABIs; arm64 offsets=['0x14d0d10']; armv7 offsets=['0x117fd10'];origin_machine_translated=unknown	false	exact-both-official-cn-native-abis	official-source-verified	アクセルディスクによる被ダメージが上昇		official-cn-native-sequence-exact-both-abis	final-root-review-20260819	ENG-178	official CN native game data; exact adoption recorded by HiiragiNemu	false	true; legacy client reads <files>/madomagi/engine_i18n.tsv	official-cn-native-sequence-exact-both-abis	受到来自Accele行动盘的伤害上升	official-source-verified	medium	official_engine_translation	official-source-verified	magica/research/totentanz-full-localization-20260817/engine-i18n/final-root-review-20260819/engine_unknown_212_root_review_sidecar.json#ENG-178;official CN native exact C-string in both ABIs; arm64 offsets=['0x14d0d10']; armv7 offsets=['0x117fd10'];origin_machine_translated=unknown	origin_machine_translated=unknown; the historical origin remains explicit; the current value received row-by-row root review and does not inherit an official/Wiki label unless exact dual-ABI evidence is recorded.
MT-00321	engine_runtime_i18n_official	native_engine_i18n	madomagi/engine_i18n.tsv	180	zhCN	ブラストディスクによる被ダメージが上昇	受到来自Blast行动盘的伤害上升	受到来自Blast行动盘的伤害上升	madomagi/engine_i18n.tsv#180/zhCN	official-cn-native-sequence-exact-both-abis	official	magica/research/totentanz-full-localization-20260817/engine-i18n/final-root-review-20260819/engine_unknown_212_root_review_sidecar.json#ENG-180;official CN native exact C-string in both ABIs; arm64 offsets=['0x14d0d50']; armv7 offsets=['0x117fd4c'];origin_machine_translated=unknown	false	exact-both-official-cn-native-abis	official-source-verified	ブラストディスクによる被ダメージが上昇		official-cn-native-sequence-exact-both-abis	final-root-review-20260819	ENG-180	official CN native game data; exact adoption recorded by HiiragiNemu	false	true; legacy client reads <files>/madomagi/engine_i18n.tsv	official-cn-native-sequence-exact-both-abis	受到来自Blast行动盘的伤害上升	official-source-verified	medium	official_engine_translation	official-source-verified	magica/research/totentanz-full-localization-20260817/engine-i18n/final-root-review-20260819/engine_unknown_212_root_review_sidecar.json#ENG-180;official CN native exact C-string in both ABIs; arm64 offsets=['0x14d0d50']; armv7 offsets=['0x117fd4c'];origin_machine_translated=unknown	origin_machine_translated=unknown; the historical origin remains explicit; the current value received row-by-row root review and does not inherit an official/Wiki label unless exact dual-ABI evidence is recorded.
MT-00322	engine_runtime_i18n_official	native_engine_i18n	madomagi/engine_i18n.tsv	184	zhCN	チャージディスクによる被ダメージが上昇	受到来自Charge行动盘的伤害上升	受到来自Charge行动盘的伤害上升	madomagi/engine_i18n.tsv#184/zhCN	official-cn-native-sequence-exact-both-abis	official	magica/research/totentanz-full-localization-20260817/engine-i18n/final-root-review-20260819/engine_unknown_212_root_review_sidecar.json#ENG-184;official CN native exact C-string in both ABIs; arm64 offsets=['0x14d0de0']; armv7 offsets=['0x117fdd4'];origin_machine_translated=unknown	false	exact-both-official-cn-native-abis	official-source-verified	チャージディスクによる被ダメージが上昇		official-cn-native-sequence-exact-both-abis	final-root-review-20260819	ENG-184	official CN native game data; exact adoption recorded by HiiragiNemu	false	true; legacy client reads <files>/madomagi/engine_i18n.tsv	official-cn-native-sequence-exact-both-abis	受到来自Charge行动盘的伤害上升	official-source-verified	medium	official_engine_translation	official-source-verified	magica/research/totentanz-full-localization-20260817/engine-i18n/final-root-review-20260819/engine_unknown_212_root_review_sidecar.json#ENG-184;official CN native exact C-string in both ABIs; arm64 offsets=['0x14d0de0']; armv7 offsets=['0x117fdd4'];origin_machine_translated=unknown	origin_machine_translated=unknown; the historical origin remains explicit; the current value received row-by-row root review and does not inherit an official/Wiki label unless exact dual-ABI evidence is recorded.
MT-00323	engine_runtime_i18n_official	native_engine_i18n	madomagi/engine_i18n.tsv	21	zhCN	【データサイズ：	【数据量：	【数据量：	madomagi/engine_i18n.tsv#21/zhCN	official-cn-native-sequence-exact-both-abis	official	magica/research/totentanz-full-localization-20260817/engine-i18n/final-root-review-20260819/engine_unknown_212_root_review_sidecar.json#ENG-021;official CN native exact C-string in both ABIs; arm64 offsets=['0x14e0bc0']; armv7 offsets=['0x1184d58'];origin_machine_translated=unknown	false	exact-both-official-cn-native-abis	official-source-verified	【データサイズ：		official-cn-native-sequence-exact-both-abis	final-root-review-20260819	ENG-021	official CN native game data; exact adoption recorded by HiiragiNemu	false	true; legacy client reads <files>/madomagi/engine_i18n.tsv	official-cn-native-sequence-exact-both-abis	【数据量：	official-source-verified	medium	official_engine_translation	official-source-verified	magica/research/totentanz-full-localization-20260817/engine-i18n/final-root-review-20260819/engine_unknown_212_root_review_sidecar.json#ENG-021;official CN native exact C-string in both ABIs; arm64 offsets=['0x14e0bc0']; armv7 offsets=['0x1184d58'];origin_machine_translated=unknown	origin_machine_translated=unknown; the historical origin remains explicit; the current value received row-by-row root review and does not inherit an official/Wiki label unless exact dual-ABI evidence is recorded.
MT-00324	engine_runtime_i18n_official	native_engine_i18n	madomagi/engine_i18n.tsv	220	zhCN	ディスク・スキル	行动盘·技能	行动盘·技能	madomagi/engine_i18n.tsv#220/zhCN	official-cn-native-sequence-exact-both-abis	official	magica/research/totentanz-full-localization-20260817/engine-i18n/final-root-review-20260819/engine_unknown_212_root_review_sidecar.json#ENG-220;official CN native exact C-string in both ABIs; arm64 offsets=['0x14eeb30']; armv7 offsets=['0x118816c'];origin_machine_translated=unknown	false	exact-both-official-cn-native-abis	official-source-verified	ディスク・スキル		official-cn-native-sequence-exact-both-abis	final-root-review-20260819	ENG-220	official CN native game data; exact adoption recorded by HiiragiNemu	false	true; legacy client reads <files>/madomagi/engine_i18n.tsv	official-cn-native-sequence-exact-both-abis	行动盘·技能	official-source-verified	medium	official_engine_translation	official-source-verified	magica/research/totentanz-full-localization-20260817/engine-i18n/final-root-review-20260819/engine_unknown_212_root_review_sidecar.json#ENG-220;official CN native exact C-string in both ABIs; arm64 offsets=['0x14eeb30']; armv7 offsets=['0x118816c'];origin_machine_translated=unknown	origin_machine_translated=unknown; the historical origin remains explicit; the current value received row-by-row root review and does not inherit an official/Wiki label unless exact dual-ABI evidence is recorded.
MT-00325	engine_runtime_i18n_official	native_engine_i18n	madomagi/engine_i18n.tsv	232	zhCN	獲得したEXP・カースチップ(CC)・宝箱は\n入手できなくなります	得到的EXP·诅咒晶片（CC）·宝箱将\n无法获取。	得到的EXP·诅咒晶片（CC）·宝箱将\n无法获取。	madomagi/engine_i18n.tsv#232/zhCN	official-cn-native-sequence-exact-both-abis	official	magica/research/totentanz-full-localization-20260817/engine-i18n/final-root-review-20260819/engine_unknown_212_root_review_sidecar.json#ENG-232;official CN native exact C-string in both ABIs; arm64 offsets=['0x14f0e60']; armv7 offsets=['0x1188818'];origin_machine_translated=unknown	false	exact-both-official-cn-native-abis	official-source-verified	獲得したEXP・カースチップ(CC)・宝箱は\n入手できなくなります		official-cn-native-sequence-exact-both-abis	final-root-review-20260819	ENG-232	official CN native game data; exact adoption recorded by HiiragiNemu	false	true; legacy client reads <files>/madomagi/engine_i18n.tsv	official-cn-native-sequence-exact-both-abis	得到的EXP·诅咒晶片（CC）·宝箱将\n无法获取。	official-source-verified	medium	official_engine_translation	official-source-verified	magica/research/totentanz-full-localization-20260817/engine-i18n/final-root-review-20260819/engine_unknown_212_root_review_sidecar.json#ENG-232;official CN native exact C-string in both ABIs; arm64 offsets=['0x14f0e60']; armv7 offsets=['0x1188818'];origin_machine_translated=unknown	origin_machine_translated=unknown; the historical origin remains explicit; the current value received row-by-row root review and does not inherit an official/Wiki label unless exact dual-ABI evidence is recorded.
MT-00326	engine_runtime_i18n_official	native_engine_i18n	madomagi/engine_i18n.tsv	26	zhCN	単発 - レアカード	单抽 - 稀有卡牌	单抽 - 稀有卡牌	madomagi/engine_i18n.tsv#26/zhCN	official-cn-native-sequence-exact-both-abis	official	magica/research/totentanz-full-localization-20260817/engine-i18n/final-root-review-20260819/engine_unknown_212_root_review_sidecar.json#ENG-026;official CN native exact C-string in both ABIs; arm64 offsets=['0x14e5c50']; armv7 offsets=['0x11860b8'];origin_machine_translated=unknown	false	exact-both-official-cn-native-abis	official-source-verified	単発 - レアカード		official-cn-native-sequence-exact-both-abis	final-root-review-20260819	ENG-026	official CN native game data; exact adoption recorded by HiiragiNemu	false	true; legacy client reads <files>/madomagi/engine_i18n.tsv	official-cn-native-sequence-exact-both-abis	单抽 - 稀有卡牌	official-source-verified	medium	official_engine_translation	official-source-verified	magica/research/totentanz-full-localization-20260817/engine-i18n/final-root-review-20260819/engine_unknown_212_root_review_sidecar.json#ENG-026;official CN native exact C-string in both ABIs; arm64 offsets=['0x14e5c50']; armv7 offsets=['0x11860b8'];origin_machine_translated=unknown	origin_machine_translated=unknown; the historical origin remains explicit; the current value received row-by-row root review and does not inherit an official/Wiki label unless exact dual-ABI evidence is recorded.
MT-00327	engine_runtime_i18n_official	native_engine_i18n	madomagi/engine_i18n.tsv	264	zhCN	再開確認	回到战斗确认	回到战斗确认	madomagi/engine_i18n.tsv#264/zhCN	official-cn-native-sequence-exact-both-abis	official	magica/research/totentanz-full-localization-20260817/engine-i18n/final-root-review-20260819/engine_unknown_212_root_review_sidecar.json#ENG-264;official CN native exact C-string in both ABIs; arm64 offsets=['0x14d11f8']; armv7 offsets=['0x118016c'];origin_machine_translated=unknown	false	exact-both-official-cn-native-abis	official-source-verified	再開確認		official-cn-native-sequence-exact-both-abis	final-root-review-20260819	ENG-264	official CN native game data; exact adoption recorded by HiiragiNemu	false	true; legacy client reads <files>/madomagi/engine_i18n.tsv	official-cn-native-sequence-exact-both-abis	回到战斗确认	official-source-verified	medium	official_engine_translation	official-source-verified	magica/research/totentanz-full-localization-20260817/engine-i18n/final-root-review-20260819/engine_unknown_212_root_review_sidecar.json#ENG-264;official CN native exact C-string in both ABIs; arm64 offsets=['0x14d11f8']; armv7 offsets=['0x118016c'];origin_machine_translated=unknown	origin_machine_translated=unknown; the historical origin remains explicit; the current value received row-by-row root review and does not inherit an official/Wiki label unless exact dual-ABI evidence is recorded.
MT-00328	engine_runtime_i18n_official	native_engine_i18n	madomagi/engine_i18n.tsv	27	zhCN	単発 - 通常カード	单抽 - 普通卡牌	单抽 - 普通卡牌	madomagi/engine_i18n.tsv#27/zhCN	official-cn-native-sequence-exact-both-abis	official	magica/research/totentanz-full-localization-20260817/engine-i18n/final-root-review-20260819/engine_unknown_212_root_review_sidecar.json#ENG-027;official CN native exact C-string in both ABIs; arm64 offsets=['0x14e5c78']; armv7 offsets=['0x11860e0'];origin_machine_translated=unknown	false	exact-both-official-cn-native-abis	official-source-verified	単発 - 通常カード		official-cn-native-sequence-exact-both-abis	final-root-review-20260819	ENG-027	official CN native game data; exact adoption recorded by HiiragiNemu	false	true; legacy client reads <files>/madomagi/engine_i18n.tsv	official-cn-native-sequence-exact-both-abis	单抽 - 普通卡牌	official-source-verified	medium	official_engine_translation	official-source-verified	magica/research/totentanz-full-localization-20260817/engine-i18n/final-root-review-20260819/engine_unknown_212_root_review_sidecar.json#ENG-027;official CN native exact C-string in both ABIs; arm64 offsets=['0x14e5c78']; armv7 offsets=['0x11860e0'];origin_machine_translated=unknown	origin_machine_translated=unknown; the historical origin remains explicit; the current value received row-by-row root review and does not inherit an official/Wiki label unless exact dual-ABI evidence is recorded.
MT-00329	engine_runtime_i18n_official	native_engine_i18n	madomagi/engine_i18n.tsv	272	zhCN	HP回復禁止	禁止回复HP	禁止回复HP	madomagi/engine_i18n.tsv#272/zhCN	official-cn-native-sequence-exact-both-abis	official	magica/research/totentanz-full-localization-20260817/engine-i18n/final-root-review-20260819/engine_unknown_212_root_review_sidecar.json#ENG-272;official CN native exact C-string in both ABIs; arm64 offsets=['0x14d0450']; armv7 offsets=['0x117f4bc'];origin_machine_translated=unknown	false	exact-both-official-cn-native-abis	official-source-verified	HP回復禁止		official-cn-native-sequence-exact-both-abis	final-root-review-20260819	ENG-272	official CN native game data; exact adoption recorded by HiiragiNemu	false	true; legacy client reads <files>/madomagi/engine_i18n.tsv	official-cn-native-sequence-exact-both-abis	禁止回复HP	official-source-verified	medium	official_engine_translation	official-source-verified	magica/research/totentanz-full-localization-20260817/engine-i18n/final-root-review-20260819/engine_unknown_212_root_review_sidecar.json#ENG-272;official CN native exact C-string in both ABIs; arm64 offsets=['0x14d0450']; armv7 offsets=['0x117f4bc'];origin_machine_translated=unknown	origin_machine_translated=unknown; the historical origin remains explicit; the current value received row-by-row root review and does not inherit an official/Wiki label unless exact dual-ABI evidence is recorded.
MT-00330	engine_runtime_i18n_official	native_engine_i18n	madomagi/engine_i18n.tsv	273	zhCN	MP回復禁止	禁止回复MP	禁止回复MP	madomagi/engine_i18n.tsv#273/zhCN	official-cn-native-sequence-exact-both-abis	official	magica/research/totentanz-full-localization-20260817/engine-i18n/final-root-review-20260819/engine_unknown_212_root_review_sidecar.json#ENG-273;official CN native exact C-string in both ABIs; arm64 offsets=['0x14d0470']; armv7 offsets=['0x117f4dc'];origin_machine_translated=unknown	false	exact-both-official-cn-native-abis	official-source-verified	MP回復禁止		official-cn-native-sequence-exact-both-abis	final-root-review-20260819	ENG-273	official CN native game data; exact adoption recorded by HiiragiNemu	false	true; legacy client reads <files>/madomagi/engine_i18n.tsv	official-cn-native-sequence-exact-both-abis	禁止回复MP	official-source-verified	medium	official_engine_translation	official-source-verified	magica/research/totentanz-full-localization-20260817/engine-i18n/final-root-review-20260819/engine_unknown_212_root_review_sidecar.json#ENG-273;official CN native exact C-string in both ABIs; arm64 offsets=['0x14d0470']; armv7 offsets=['0x117f4dc'];origin_machine_translated=unknown	origin_machine_translated=unknown; the historical origin remains explicit; the current value received row-by-row root review and does not inherit an official/Wiki label unless exact dual-ABI evidence is recorded.
MT-00331	engine_runtime_i18n_official	native_engine_i18n	madomagi/engine_i18n.tsv	276	zhCN	HP自動回復	自动回复HP	自动回复HP	madomagi/engine_i18n.tsv#276/zhCN	official-cn	official	magica/research/totentanz-full-localization-20260817/engine-i18n/engine-final-authority-corrections.json#ENGINE-FINAL-276;official CN battle-description block arm64 0x14d0558;same source key and target are consistent with the Wiki terminology layer	false	dual-abi-stable-battle-description-order	official-source-verified	HP自動回復		official-cn-native-exact	engine-final-authority-corrections	ENGINE-FINAL-276	official CN native game data; exact adoption recorded by HiiragiNemu	false	true; legacy client reads <files>/madomagi/engine_i18n.tsv	official-cn	自动回复HP	official-source-verified	medium	official_engine_translation	official-source-verified	magica/research/totentanz-full-localization-20260817/engine-i18n/engine-final-authority-corrections.json#ENGINE-FINAL-276;official CN battle-description block arm64 0x14d0558;same source key and target are consistent with the Wiki terminology layer	Official CN preferred over prior word order.
MT-00332	engine_runtime_i18n_official	native_engine_i18n	madomagi/engine_i18n.tsv	278	zhCN	MP自動回復	自动回复MP	自动回复MP	madomagi/engine_i18n.tsv#278/zhCN	official-cn	official	magica/research/totentanz-full-localization-20260817/engine-i18n/engine-final-authority-corrections.json#ENGINE-FINAL-278;official CN battle-description block arm64 0x14d0848;same source key and target are consistent with the Wiki terminology layer	false	dual-abi-stable-battle-description-order	official-source-verified	MP自動回復		official-cn-native-exact	engine-final-authority-corrections	ENGINE-FINAL-278	official CN native game data; exact adoption recorded by HiiragiNemu	false	true; legacy client reads <files>/madomagi/engine_i18n.tsv	official-cn	自动回复MP	official-source-verified	medium	official_engine_translation	official-source-verified	magica/research/totentanz-full-localization-20260817/engine-i18n/engine-final-authority-corrections.json#ENGINE-FINAL-278;official CN battle-description block arm64 0x14d0848;same source key and target are consistent with the Wiki terminology layer	Official CN preferred over prior word order.
MT-00333	engine_runtime_i18n_official	native_engine_i18n	madomagi/engine_i18n.tsv	28	zhCN	単発 - レアメモリア	单抽 - 稀有记忆结晶	单抽 - 稀有记忆结晶	madomagi/engine_i18n.tsv#28/zhCN	official-cn-native-sequence-exact-both-abis	official	magica/research/totentanz-full-localization-20260817/engine-i18n/final-root-review-20260819/engine_unknown_212_root_review_sidecar.json#ENG-028;official CN native exact C-string in both ABIs; arm64 offsets=['0x14e5c90']; armv7 offsets=['0x11860f8'];origin_machine_translated=unknown	false	exact-both-official-cn-native-abis	official-source-verified	単発 - レアメモリア		official-cn-native-sequence-exact-both-abis	final-root-review-20260819	ENG-028	official CN native game data; exact adoption recorded by HiiragiNemu	false	true; legacy client reads <files>/madomagi/engine_i18n.tsv	official-cn-native-sequence-exact-both-abis	单抽 - 稀有记忆结晶	official-source-verified	medium	official_engine_translation	official-source-verified	magica/research/totentanz-full-localization-20260817/engine-i18n/final-root-review-20260819/engine_unknown_212_root_review_sidecar.json#ENG-028;official CN native exact C-string in both ABIs; arm64 offsets=['0x14e5c90']; armv7 offsets=['0x11860f8'];origin_machine_translated=unknown	origin_machine_translated=unknown; the historical origin remains explicit; the current value received row-by-row root review and does not inherit an official/Wiki label unless exact dual-ABI evidence is recorded.
MT-00334	engine_runtime_i18n_official	native_engine_i18n	madomagi/engine_i18n.tsv	29	zhCN	単発 - 通常メモリア	单抽 - 普通记忆结晶	单抽 - 普通记忆结晶	madomagi/engine_i18n.tsv#29/zhCN	official-cn-native-sequence-exact-both-abis	official	magica/research/totentanz-full-localization-20260817/engine-i18n/final-root-review-20260819/engine_unknown_212_root_review_sidecar.json#ENG-029;official CN native exact C-string in both ABIs; arm64 offsets=['0x14e5cb0']; armv7 offsets=['0x1186114'];origin_machine_translated=unknown	false	exact-both-official-cn-native-abis	official-source-verified	単発 - 通常メモリア		official-cn-native-sequence-exact-both-abis	final-root-review-20260819	ENG-029	official CN native game data; exact adoption recorded by HiiragiNemu	false	true; legacy client reads <files>/madomagi/engine_i18n.tsv	official-cn-native-sequence-exact-both-abis	单抽 - 普通记忆结晶	official-source-verified	medium	official_engine_translation	official-source-verified	magica/research/totentanz-full-localization-20260817/engine-i18n/final-root-review-20260819/engine_unknown_212_root_review_sidecar.json#ENG-029;official CN native exact C-string in both ABIs; arm64 offsets=['0x14e5cb0']; armv7 offsets=['0x1186114'];origin_machine_translated=unknown	origin_machine_translated=unknown; the historical origin remains explicit; the current value received row-by-row root review and does not inherit an official/Wiki label unless exact dual-ABI evidence is recorded.
MT-00335	engine_runtime_i18n_official	native_engine_i18n	madomagi/engine_i18n.tsv	297	zhCN	カーテンコールで終いやな	在欢声中谢幕吧	在欢声中谢幕吧	madomagi/engine_i18n.tsv#297/zhCN	official-cn	official	git-blame:7f80672146e8de6033416a371cad9a6d89ce24af:madomagi/engine_i18n.tsv;official-key=charaNo:1041/messageId:44/vo_char_1041_00_44_hca	false	exact-id-match	official-source-verified	カーテンコールで終いやな		official_cn_exact_stable_id	official-cn-recovery-livia	official-cn-stable-id	official CN game data; historical adoption commit author retained in evidence	false	true; legacy client reads <files>/madomagi/engine_i18n.tsv	official-cn	在欢声中谢幕吧	official-source-verified	medium	official_engine_translation	official-source-verified	git-blame:7f80672146e8de6033416a371cad9a6d89ce24af:madomagi/engine_i18n.tsv;official-key=charaNo:1041/messageId:44/vo_char_1041_00_44_hca	Official old-CN dump line recovered by stable character/message ID.
MT-00336	engine_runtime_i18n_official	native_engine_i18n	madomagi/engine_i18n.tsv	298	zhCN	Mitama Yakumo	八云御魂	八云御魂	madomagi/engine_i18n.tsv#298/zhCN	official-cn	official	magica/i18n_audit/release_v26_authority/pass18_engine_official_additions.tsv#ENG-P18-001;D:\magia\MyProducts\MAGIA RECORD CN\Decoded_MyPage.json#userCharaList[chara.id=1017].chara.name;sha256=a82601d7cad737bf00a9a2f714d401c81389b825b27d45b492ae6f3bcc8a10db	false	exact-id-match	official-source-verified	Mitama Yakumo		official-cn	pass18_engine_official_additions	official-cn-engine-authority	official CN game data; adoption recorded by HiiragiNemu	false	true; legacy client reads <files>/madomagi/engine_i18n.tsv	official-cn	八云御魂	official-source-verified	medium	official_engine_translation	official-source-verified	magica/i18n_audit/release_v26_authority/pass18_engine_official_additions.tsv#ENG-P18-001;D:\magia\MyProducts\MAGIA RECORD CN\Decoded_MyPage.json#userCharaList[chara.id=1017].chara.name;sha256=a82601d7cad737bf00a9a2f714d401c81389b825b27d45b492ae6f3bcc8a10db	Source SHA, stable ID and literal value personally re-verified in this task; device load was independently tested by the legacy-client task.
MT-00337	engine_runtime_i18n_official	native_engine_i18n	madomagi/engine_i18n.tsv	299	zhCN	Your Coordinator would appreciate a compliment or two!	调整师也想被表扬一下啦～	调整师也想被表扬一下啦～	madomagi/engine_i18n.tsv#299/zhCN	official-cn	official	magica/i18n_audit/release_v26_authority/pass18_engine_official_additions.tsv#ENG-P18-002;D:\magia\MyProducts\MAGIA RECORD CN\Decoded_MyPage.json#userCharaList[chara.id=1017].chara.charaMessageList[messageId=45].message;sha256=a82601d7cad737bf00a9a2f714d401c81389b825b27d45b492ae6f3bcc8a10db	false	exact-id-match	official-source-verified	Your Coordinator would appreciate a compliment or two!		official-cn	pass18_engine_official_additions	official-cn-engine-authority	official CN game data; adoption recorded by HiiragiNemu	false	true; legacy client reads <files>/madomagi/engine_i18n.tsv	official-cn	调整师也想被表扬一下啦～	official-source-verified	medium	official_engine_translation	official-source-verified	magica/i18n_audit/release_v26_authority/pass18_engine_official_additions.tsv#ENG-P18-002;D:\magia\MyProducts\MAGIA RECORD CN\Decoded_MyPage.json#userCharaList[chara.id=1017].chara.charaMessageList[messageId=45].message;sha256=a82601d7cad737bf00a9a2f714d401c81389b825b27d45b492ae6f3bcc8a10db	Source SHA, stable ID and literal value personally re-verified in this task; device load was independently tested by the legacy-client task.
MT-00338	engine_runtime_i18n_official	native_engine_i18n	madomagi/engine_i18n.tsv	300	zhCN	I'm so nervous, my heart is pounding...	已经紧张得怦怦直跳了……	已经紧张得怦怦直跳了……	madomagi/engine_i18n.tsv#300/zhCN	official-cn	official	magica/i18n_audit/release_v26_authority/pass18_engine_official_additions.tsv#ENG-P18-003;D:\magia\MyProducts\MAGIA RECORD CN\Decoded_MyPage.json#userCharaList[chara.id=1017].chara.charaMessageList[messageId=44].message;sha256=a82601d7cad737bf00a9a2f714d401c81389b825b27d45b492ae6f3bcc8a10db	false	exact-id-match	official-source-verified	I'm so nervous, my heart is pounding...		official-cn	pass18_engine_official_additions	official-cn-engine-authority	official CN game data; adoption recorded by HiiragiNemu	false	true; legacy client reads <files>/madomagi/engine_i18n.tsv	official-cn	已经紧张得怦怦直跳了……	official-source-verified	medium	official_engine_translation	official-source-verified	magica/i18n_audit/release_v26_authority/pass18_engine_official_additions.tsv#ENG-P18-003;D:\magia\MyProducts\MAGIA RECORD CN\Decoded_MyPage.json#userCharaList[chara.id=1017].chara.charaMessageList[messageId=44].message;sha256=a82601d7cad737bf00a9a2f714d401c81389b825b27d45b492ae6f3bcc8a10db	Source SHA, stable ID and literal value personally re-verified in this task; device load was independently tested by the legacy-client task.
MT-00339	engine_runtime_i18n_official	native_engine_i18n	madomagi/engine_i18n.tsv	301	zhCN	Critical Hit Chance [IV] / ATK UP [II] / Negate Charm	一定几率暴击[Ⅳ] & 攻击力提升[Ⅱ] & 诱惑无效	一定几率暴击[Ⅳ] & 攻击力提升[Ⅱ] & 诱惑无效	madomagi/engine_i18n.tsv#301/zhCN	official-cn-exact-art-id-join	official	magica/i18n_audit/release_v26_authority/pass18_engine_official_additions.tsv#ENG-P18-004;D:\magia\MyProducts\MAGIA RECORD CN\Decoded_MyPage.json#artIds=690206304,390201102,690208300;sha256=a82601d7cad737bf00a9a2f714d401c81389b825b27d45b492ae6f3bcc8a10db	false	exact-art-id-join	verify-join	Critical Hit Chance [IV] / ATK UP [II] / Negate Charm		official-cn-exact-art-id-join	pass18_engine_official_additions	official-cn-engine-authority	official CN game data; adoption recorded by HiiragiNemu	false	true; legacy client reads <files>/madomagi/engine_i18n.tsv	official-cn-exact-art-id-join	一定几率暴击[Ⅳ] & 攻击力提升[Ⅱ] & 诱惑无效	official-source-verified	medium	official_engine_translation	verify-join	magica/i18n_audit/release_v26_authority/pass18_engine_official_additions.tsv#ENG-P18-004;D:\magia\MyProducts\MAGIA RECORD CN\Decoded_MyPage.json#artIds=690206304,390201102,690208300;sha256=a82601d7cad737bf00a9a2f714d401c81389b825b27d45b492ae6f3bcc8a10db	Each effect term and level is an exact official-CN art-ID match; the ordered whole string is a lossless join for the observed battle source.
MT-00340	engine_runtime_i18n_official	native_engine_i18n	madomagi/engine_i18n.tsv	302	zhCN	発動	发动	发动	madomagi/engine_i18n.tsv#302/zhCN	official-cn-native-exact	official	D:\magia\MyProducts\MAGIA RECORD CN\origin_apktool_decoded\lib\arm64-v8a\libmadomagi_native.so#UTF-8 literal 发动 in battle-skill context	false	exact-context	official-source-verified	発動		official-cn-native-exact	totentanz-native-screenshot-audit	screenshot-exact-key-additions	Official CN client	false	true; legacy client reads <files>/madomagi/engine_i18n.tsv	official-cn-native-exact	发动	official-source-verified	medium	screenshot_native_engine_translation	official-source-verified	D:\magia\MyProducts\MAGIA RECORD CN\origin_apktool_decoded\lib\arm64-v8a\libmadomagi_native.so#UTF-8 literal 发动 in battle-skill context	Screenshot-proven bare key; exact mapping is deliberately narrower than 発動する and other existing rules.
MT-00341	engine_runtime_i18n_official	native_engine_i18n	madomagi/engine_i18n.tsv	305	zhCN	Magia	Magia	Magia	madomagi/engine_i18n.tsv#305/zhCN	official-cn-ui-exact-retained	official	magica/i18n_audit/release_v26_authority/pass18_engine_official_additions.tsv#ENG-P18-005;D:\magia\MyProducts\MAGIA RECORD CN\Decoded_MyPage.json#official-ui-term=Magia;sha256=a82601d7cad737bf00a9a2f714d401c81389b825b27d45b492ae6f3bcc8a10db	false	exact-ui-retain	official-source-verified	Magia		official-cn-ui-exact-retained	pass18_engine_official_additions	official-cn-engine-authority	official CN game data; adoption recorded by HiiragiNemu	false	true; legacy client reads <files>/madomagi/engine_i18n.tsv	official-cn-ui-exact-retained	Magia	official-source-verified	medium	official_engine_translation	official-source-verified	magica/i18n_audit/release_v26_authority/pass18_engine_official_additions.tsv#ENG-P18-005;D:\magia\MyProducts\MAGIA RECORD CN\Decoded_MyPage.json#official-ui-term=Magia;sha256=a82601d7cad737bf00a9a2f714d401c81389b825b27d45b492ae6f3bcc8a10db	Official CN deliberately retains Magia; identity mapping closes the native miss without forced translation.
MT-00342	engine_runtime_i18n_official	native_engine_i18n	madomagi/engine_i18n.tsv	308	zhCN	50 AP Potion	AP回复药50	AP回复药50	madomagi/engine_i18n.tsv#308/zhCN	official-cn	official	magica/research/totentanz-full-localization-20260817/engine-i18n/ap-recovery-gap-verification.json#ENGINE-AP-ITEM-001;A:/magicaOLD official item name	false	exact-source-rule	official-source-verified	50 AP Potion		official-cn	ap-recovery-gap-verification	official-cn-ap-recovery	official CN game data; adoption recorded by HiiragiNemu	false	true; legacy client reads <files>/madomagi/engine_i18n.tsv	official-cn	AP回复药50	official-source-verified	medium	official_engine_translation	official-source-verified	magica/research/totentanz-full-localization-20260817/engine-i18n/ap-recovery-gap-verification.json#ENGINE-AP-ITEM-001;A:/magicaOLD official item name	kind=exact; verified AP recovery UI rule.
MT-00343	engine_runtime_i18n_official	native_engine_i18n	madomagi/engine_i18n.tsv	309	zhCN	AP Potion	AP回复药	AP回复药	madomagi/engine_i18n.tsv#309/zhCN	official-cn	official	magica/research/totentanz-full-localization-20260817/engine-i18n/ap-recovery-gap-verification.json#ENGINE-AP-ITEM-002;A:/magicaOLD official item name	false	exact-source-rule	official-source-verified	AP Potion		official-cn	ap-recovery-gap-verification	official-cn-ap-recovery	official CN game data; adoption recorded by HiiragiNemu	false	true; legacy client reads <files>/madomagi/engine_i18n.tsv	official-cn	AP回复药	official-source-verified	medium	official_engine_translation	official-source-verified	magica/research/totentanz-full-localization-20260817/engine-i18n/ap-recovery-gap-verification.json#ENGINE-AP-ITEM-002;A:/magicaOLD official item name	kind=exact; verified AP recovery UI rule.
MT-00344	engine_runtime_i18n_official	native_engine_i18n	madomagi/engine_i18n.tsv	310	zhCN	Magia Stones	魔法石	魔法石	madomagi/engine_i18n.tsv#310/zhCN	official-cn	official	magica/research/totentanz-full-localization-20260817/engine-i18n/ap-recovery-gap-verification.json#ENGINE-AP-ITEM-003;A:/magicaOLD official item name	false	exact-source-rule	official-source-verified	Magia Stones		official-cn	ap-recovery-gap-verification	official-cn-ap-recovery	official CN game data; adoption recorded by HiiragiNemu	false	true; legacy client reads <files>/madomagi/engine_i18n.tsv	official-cn	魔法石	official-source-verified	medium	official_engine_translation	official-source-verified	magica/research/totentanz-full-localization-20260817/engine-i18n/ap-recovery-gap-verification.json#ENGINE-AP-ITEM-003;A:/magicaOLD official item name	kind=exact; verified AP recovery UI rule.
MT-00345	engine_runtime_i18n_official	native_engine_i18n	madomagi/engine_i18n.tsv	311	zhCN	^Use 	消费 	消费 	madomagi/engine_i18n.tsv#311/zhCN	official-cn	official	magica/research/totentanz-full-localization-20260817/engine-i18n/ap-recovery-gap-verification.json#ENGINE-AP-ACTION-001;A:/magicaOLD/template/user/APPopup.html	false	exact-source-rule	official-source-verified	^Use 		official-cn	ap-recovery-gap-verification	official-cn-ap-recovery	official CN game data; adoption recorded by HiiragiNemu	false	true; legacy client reads <files>/madomagi/engine_i18n.tsv	official-cn	消费 	official-source-verified	medium	official_engine_translation	official-source-verified	magica/research/totentanz-full-localization-20260817/engine-i18n/ap-recovery-gap-verification.json#ENGINE-AP-ACTION-001;A:/magicaOLD/template/user/APPopup.html	kind=prefix; verified AP recovery UI rule.
MT-00346	engine_runtime_i18n_official	native_engine_i18n	madomagi/engine_i18n.tsv	312	zhCN	^Stock: 	持有数 	持有数 	madomagi/engine_i18n.tsv#312/zhCN	official-cn	official	magica/research/totentanz-full-localization-20260817/engine-i18n/ap-recovery-gap-verification.json#ENGINE-AP-COUNT-001;A:/magicaOLD/template/user/APPopup.html	false	exact-source-rule	official-source-verified	^Stock: 		official-cn	ap-recovery-gap-verification	official-cn-ap-recovery	official CN game data; adoption recorded by HiiragiNemu	false	true; legacy client reads <files>/madomagi/engine_i18n.tsv	official-cn	持有数 	official-source-verified	medium	official_engine_translation	official-source-verified	magica/research/totentanz-full-localization-20260817/engine-i18n/ap-recovery-gap-verification.json#ENGINE-AP-COUNT-001;A:/magicaOLD/template/user/APPopup.html	kind=prefix; verified AP recovery UI rule.
MT-00347	engine_runtime_i18n_official	native_engine_i18n	madomagi/engine_i18n.tsv	313	zhCN	^Cost: 	消费 	消费 	madomagi/engine_i18n.tsv#313/zhCN	official-cn	official	magica/research/totentanz-full-localization-20260817/engine-i18n/ap-recovery-gap-verification.json#ENGINE-AP-COST-001;A:/magicaOLD/template/user/APPopup.html	false	exact-source-rule	official-source-verified	^Cost: 		official-cn	ap-recovery-gap-verification	official-cn-ap-recovery	official CN game data; adoption recorded by HiiragiNemu	false	true; legacy client reads <files>/madomagi/engine_i18n.tsv	official-cn	消费 	official-source-verified	medium	official_engine_translation	official-source-verified	magica/research/totentanz-full-localization-20260817/engine-i18n/ap-recovery-gap-verification.json#ENGINE-AP-COST-001;A:/magicaOLD/template/user/APPopup.html	kind=prefix; verified AP recovery UI rule.
MT-00348	engine_runtime_i18n_official	native_engine_i18n	madomagi/engine_i18n.tsv	314	zhCN	Restore	回复	回复	madomagi/engine_i18n.tsv#314/zhCN	official-cn	official	magica/research/totentanz-full-localization-20260817/engine-i18n/ap-recovery-gap-verification.json#ENGINE-AP-ACTION-002;A:/magicaOLD/template/user/APPopup.html	false	exact-source-rule	official-source-verified	Restore		official-cn	ap-recovery-gap-verification	official-cn-ap-recovery	official CN game data; adoption recorded by HiiragiNemu	false	true; legacy client reads <files>/madomagi/engine_i18n.tsv	official-cn	回复	official-source-verified	medium	official_engine_translation	official-source-verified	magica/research/totentanz-full-localization-20260817/engine-i18n/ap-recovery-gap-verification.json#ENGINE-AP-ACTION-002;A:/magicaOLD/template/user/APPopup.html	kind=exact; verified AP recovery UI rule.
MT-00349	engine_runtime_i18n_official	native_engine_i18n	madomagi/engine_i18n.tsv	315	zhCN	Connect	连携	连携	madomagi/engine_i18n.tsv#315/zhCN	official-cn-terminology	official	magica/research/totentanz-full-localization-20260817/engine-i18n/connect-context-authority.json;madomagi/engine_i18n.tsv exact source keys: コネクト and Connect;A:/magicaOLD/template/chara/CharaDetail.html: common_title_frame 连携;A:/magicaOLD/template/formation/FormationQuest.html: pointFrame 连携;A:/magicaOLD/template/formation/FormationSupport.html: pointFrame 连携;magica/resource/image_web/_json/help.json: 14 visible Connect tokens materialized as 连携; JSON keys unchanged;work/next_round_execution_20260819/connect_help_json_apply_20260819/connect_help_json_verification.json;current armv7 native independent NUL C-string Connect at 0x13ef6d5 adjacent to Magia/Doppel/(no disc);D:/magia/MyProducts/magiWiki/dump_merged.xml:15253-15254,25806-25814;user-confirmed:2026-08-19	false	exact-official-ui-term-plus-user-confirmed-context	official-cn-terminology-verified	Connect		official-cn-terminology	connect-context-authority	official-cn-ui-terminology	official CN WebView UI terminology; adoption recorded by HiiragiNemu	false	true; legacy client reads <files>/madomagi/engine_i18n.tsv	official-cn-terminology	连携	official-cn-terminology-verified	medium	official_cn_terminology_engine_translation	official-cn-terminology-verified	magica/research/totentanz-full-localization-20260817/engine-i18n/connect-context-authority.json;madomagi/engine_i18n.tsv exact source keys: コネクト and Connect;A:/magicaOLD/template/chara/CharaDetail.html: common_title_frame 连携;A:/magicaOLD/template/formation/FormationQuest.html: pointFrame 连携;A:/magicaOLD/template/formation/FormationSupport.html: pointFrame 连携;magica/resource/image_web/_json/help.json: 14 visible Connect tokens materialized as 连携; JSON keys unchanged;work/next_round_execution_20260819/connect_help_json_apply_20260819/connect_help_json_verification.json;current armv7 native independent NUL C-string Connect at 0x13ef6d5 adjacent to Magia/Doppel/(no disc);D:/magia/MyProducts/magiWiki/dump_merged.xml:15253-15254,25806-25814;user-confirmed:2026-08-19	仅对稳定、完整的可见机制标签应用‘连携’；不替换代码标识、Connection、noConnect 或字典中受更高权威保护的整句。
MT-00350	engine_runtime_i18n_official	native_engine_i18n	madomagi/engine_i18n.tsv	32	zhCN	※後から変更可能です（当日中の変更はできません）	※以后可以更改（当天不可更改）	※以后可以更改（当天不可更改）	madomagi/engine_i18n.tsv#32/zhCN	official-cn-native-sequence-exact-both-abis	official	magica/research/totentanz-full-localization-20260817/engine-i18n/final-root-review-20260819/engine_unknown_212_root_review_sidecar.json#ENG-032;official CN native exact C-string in both ABIs; arm64 offsets=['0x14cd1b0']; armv7 offsets=['0x117e27c'];origin_machine_translated=unknown	false	exact-both-official-cn-native-abis	official-source-verified	※後から変更可能です（当日中の変更はできません）		official-cn-native-sequence-exact-both-abis	final-root-review-20260819	ENG-032	official CN native game data; exact adoption recorded by HiiragiNemu	false	true; legacy client reads <files>/madomagi/engine_i18n.tsv	official-cn-native-sequence-exact-both-abis	※以后可以更改（当天不可更改）	official-source-verified	medium	official_engine_translation	official-source-verified	magica/research/totentanz-full-localization-20260817/engine-i18n/final-root-review-20260819/engine_unknown_212_root_review_sidecar.json#ENG-032;official CN native exact C-string in both ABIs; arm64 offsets=['0x14cd1b0']; armv7 offsets=['0x117e27c'];origin_machine_translated=unknown	origin_machine_translated=unknown; the historical origin remains explicit; the current value received row-by-row root review and does not inherit an official/Wiki label unless exact dual-ABI evidence is recorded.
MT-00351	engine_runtime_i18n_official	native_engine_i18n	madomagi/engine_i18n.tsv	44	zhCN	ディスク再配布	重新分配行动盘	重新分配行动盘	madomagi/engine_i18n.tsv#44/zhCN	official-cn-native-sequence-exact-both-abis	official	magica/research/totentanz-full-localization-20260817/engine-i18n/final-root-review-20260819/engine_unknown_212_root_review_sidecar.json#ENG-044;official CN native exact C-string in both ABIs; arm64 offsets=['0x14ea498']; armv7 offsets=['0x11875a8'];origin_machine_translated=unknown	false	exact-both-official-cn-native-abis	official-source-verified	ディスク再配布		official-cn-native-sequence-exact-both-abis	final-root-review-20260819	ENG-044	official CN native game data; exact adoption recorded by HiiragiNemu	false	true; legacy client reads <files>/madomagi/engine_i18n.tsv	official-cn-native-sequence-exact-both-abis	重新分配行动盘	official-source-verified	medium	official_engine_translation	official-source-verified	magica/research/totentanz-full-localization-20260817/engine-i18n/final-root-review-20260819/engine_unknown_212_root_review_sidecar.json#ENG-044;official CN native exact C-string in both ABIs; arm64 offsets=['0x14ea498']; armv7 offsets=['0x11875a8'];origin_machine_translated=unknown	origin_machine_translated=unknown; the historical origin remains explicit; the current value received row-by-row root review and does not inherit an official/Wiki label unless exact dual-ABI evidence is recorded.
MT-00352	engine_runtime_i18n_official	native_engine_i18n	madomagi/engine_i18n.tsv	45	zhCN	ナビ再配布	重新分配Navi	重新分配Navi	madomagi/engine_i18n.tsv#45/zhCN	official-cn-native-sequence-exact-both-abis	official	magica/research/totentanz-full-localization-20260817/engine-i18n/final-root-review-20260819/engine_unknown_212_root_review_sidecar.json#ENG-045;official CN native exact C-string in both ABIs; arm64 offsets=['0x14ea460']; armv7 offsets=['0x118757c'];origin_machine_translated=unknown	false	exact-both-official-cn-native-abis	official-source-verified	ナビ再配布		official-cn-native-sequence-exact-both-abis	final-root-review-20260819	ENG-045	official CN native game data; exact adoption recorded by HiiragiNemu	false	true; legacy client reads <files>/madomagi/engine_i18n.tsv	official-cn-native-sequence-exact-both-abis	重新分配Navi	official-source-verified	medium	official_engine_translation	official-source-verified	magica/research/totentanz-full-localization-20260817/engine-i18n/final-root-review-20260819/engine_unknown_212_root_review_sidecar.json#ENG-045;official CN native exact C-string in both ABIs; arm64 offsets=['0x14ea460']; armv7 offsets=['0x118757c'];origin_machine_translated=unknown	origin_machine_translated=unknown; the historical origin remains explicit; the current value received row-by-row root review and does not inherit an official/Wiki label unless exact dual-ABI evidence is recorded.
MT-00353	engine_runtime_i18n_official	native_engine_i18n	madomagi/engine_i18n.tsv	49	zhCN	隣接してない	非相邻	非相邻	madomagi/engine_i18n.tsv#49/zhCN	official-cn-native-sequence-exact-both-abis	official	magica/research/totentanz-full-localization-20260817/engine-i18n/final-root-review-20260819/engine_unknown_212_root_review_sidecar.json#ENG-049;official CN native exact C-string in both ABIs; arm64 offsets=['0x14cf2d8']; armv7 offsets=['0x117ea4c'];origin_machine_translated=unknown	false	exact-both-official-cn-native-abis	official-source-verified	隣接してない		official-cn-native-sequence-exact-both-abis	final-root-review-20260819	ENG-049	official CN native game data; exact adoption recorded by HiiragiNemu	false	true; legacy client reads <files>/madomagi/engine_i18n.tsv	official-cn-native-sequence-exact-both-abis	非相邻	official-source-verified	medium	official_engine_translation	official-source-verified	magica/research/totentanz-full-localization-20260817/engine-i18n/final-root-review-20260819/engine_unknown_212_root_review_sidecar.json#ENG-049;official CN native exact C-string in both ABIs; arm64 offsets=['0x14cf2d8']; armv7 offsets=['0x117ea4c'];origin_machine_translated=unknown	origin_machine_translated=unknown; the historical origin remains explicit; the current value received row-by-row root review and does not inherit an official/Wiki label unless exact dual-ABI evidence is recorded.
MT-00354	engine_runtime_i18n_official	native_engine_i18n	madomagi/engine_i18n.tsv	51	zhCN	助っ人不可	不可使用支援	不可使用支援	madomagi/engine_i18n.tsv#51/zhCN	official-cn-native-sequence-exact-both-abis	official	magica/research/totentanz-full-localization-20260817/engine-i18n/final-root-review-20260819/engine_unknown_212_root_review_sidecar.json#ENG-051;official CN native exact C-string in both ABIs; arm64 offsets=['0x14cf2f8']; armv7 offsets=['0x117ea64'];origin_machine_translated=unknown	false	exact-both-official-cn-native-abis	official-source-verified	助っ人不可		official-cn-native-sequence-exact-both-abis	final-root-review-20260819	ENG-051	official CN native game data; exact adoption recorded by HiiragiNemu	false	true; legacy client reads <files>/madomagi/engine_i18n.tsv	official-cn-native-sequence-exact-both-abis	不可使用支援	official-source-verified	medium	official_engine_translation	official-source-verified	magica/research/totentanz-full-localization-20260817/engine-i18n/final-root-review-20260819/engine_unknown_212_root_review_sidecar.json#ENG-051;official CN native exact C-string in both ABIs; arm64 offsets=['0x14cf2f8']; armv7 offsets=['0x117ea64'];origin_machine_translated=unknown	origin_machine_translated=unknown; the historical origin remains explicit; the current value received row-by-row root review and does not inherit an official/Wiki label unless exact dual-ABI evidence is recorded.
MT-00355	engine_runtime_i18n_official	native_engine_i18n	madomagi/engine_i18n.tsv	56	zhCN	MPゲージ	MP计量表	MP计量表	madomagi/engine_i18n.tsv#56/zhCN	official-cn-native-sequence-exact-both-abis	official	magica/research/totentanz-full-localization-20260817/engine-i18n/final-root-review-20260819/engine_unknown_212_root_review_sidecar.json#ENG-056;official CN native exact C-string in both ABIs; arm64 offsets=['0x14cf1a0']; armv7 offsets=['0x117e93c'];origin_machine_translated=unknown	false	exact-both-official-cn-native-abis	official-source-verified	MPゲージ		official-cn-native-sequence-exact-both-abis	final-root-review-20260819	ENG-056	official CN native game data; exact adoption recorded by HiiragiNemu	false	true; legacy client reads <files>/madomagi/engine_i18n.tsv	official-cn-native-sequence-exact-both-abis	MP计量表	official-source-verified	medium	official_engine_translation	official-source-verified	magica/research/totentanz-full-localization-20260817/engine-i18n/final-root-review-20260819/engine_unknown_212_root_review_sidecar.json#ENG-056;official CN native exact C-string in both ABIs; arm64 offsets=['0x14cf1a0']; armv7 offsets=['0x117e93c'];origin_machine_translated=unknown	origin_machine_translated=unknown; the historical origin remains explicit; the current value received row-by-row root review and does not inherit an official/Wiki label unless exact dual-ABI evidence is recorded.
MT-00356	engine_runtime_i18n_official	native_engine_i18n	madomagi/engine_i18n.tsv	57	zhCN	Cディスク	C行动盘	C行动盘	madomagi/engine_i18n.tsv#57/zhCN	official-cn-native-sequence-exact-both-abis	official	magica/research/totentanz-full-localization-20260817/engine-i18n/final-root-review-20260819/engine_unknown_212_root_review_sidecar.json#ENG-057;official CN native exact C-string in both ABIs; arm64 offsets=['0x14cf1b0', '0x14d0b88', '0x14d0bc8']; armv7 offsets=['0x117e948', '0x117fb9c', '0x117fbdc'];origin_machine_translated=unknown	false	exact-both-official-cn-native-abis	official-source-verified	Cディスク		official-cn-native-sequence-exact-both-abis	final-root-review-20260819	ENG-057	official CN native game data; exact adoption recorded by HiiragiNemu	false	true; legacy client reads <files>/madomagi/engine_i18n.tsv	official-cn-native-sequence-exact-both-abis	C行动盘	official-source-verified	medium	official_engine_translation	official-source-verified	magica/research/totentanz-full-localization-20260817/engine-i18n/final-root-review-20260819/engine_unknown_212_root_review_sidecar.json#ENG-057;official CN native exact C-string in both ABIs; arm64 offsets=['0x14cf1b0', '0x14d0b88', '0x14d0bc8']; armv7 offsets=['0x117e948', '0x117fb9c', '0x117fbdc'];origin_machine_translated=unknown	origin_machine_translated=unknown; the historical origin remains explicit; the current value received row-by-row root review and does not inherit an official/Wiki label unless exact dual-ABI evidence is recorded.
MT-00357	engine_runtime_i18n_official	native_engine_i18n	madomagi/engine_i18n.tsv	6	zhCN	環 いろは	环彩羽	环彩羽	madomagi/engine_i18n.tsv#6/zhCN	official-cn	official	magica/research/totentanz-full-localization-20260817/engine-i18n/engine-final-authority-corrections.json#ENGINE-FINAL-006;current arm64 source 0x168b8b2; official arm64 target 0x14dee00/0x14dee38;current armv7 source 0x13b4378; official armv7 target 0x1184670/0x11846a4;shared anchor resource/image_native/scene/download/char_list.json	false	dual-abi-exact-technical-context	official-source-verified	環 いろは		official-cn-native-exact	engine-final-authority-corrections	ENGINE-FINAL-006	official CN native game data; exact adoption recorded by HiiragiNemu	false	true; legacy client reads <files>/madomagi/engine_i18n.tsv	official-cn	环彩羽	official-source-verified	medium	official_engine_translation	official-source-verified	magica/research/totentanz-full-localization-20260817/engine-i18n/engine-final-authority-corrections.json#ENGINE-FINAL-006;current arm64 source 0x168b8b2; official arm64 target 0x14dee00/0x14dee38;current armv7 source 0x13b4378; official armv7 target 0x1184670/0x11846a4;shared anchor resource/image_native/scene/download/char_list.json	Old CN native loading-resource character block, both ABIs.
MT-00358	engine_runtime_i18n_official	native_engine_i18n	madomagi/engine_i18n.tsv	62	zhCN	コネクト	连携	连携	madomagi/engine_i18n.tsv#62/zhCN	official-cn-terminology	official	magica/research/totentanz-full-localization-20260817/engine-i18n/connect-context-authority.json;madomagi/engine_i18n.tsv exact source keys: コネクト and Connect;A:/magicaOLD/template/chara/CharaDetail.html: common_title_frame 连携;A:/magicaOLD/template/formation/FormationQuest.html: pointFrame 连携;A:/magicaOLD/template/formation/FormationSupport.html: pointFrame 连携;magica/resource/image_web/_json/help.json: 14 visible Connect tokens materialized as 连携; JSON keys unchanged;work/next_round_execution_20260819/connect_help_json_apply_20260819/connect_help_json_verification.json;current armv7 native independent NUL C-string Connect at 0x13ef6d5 adjacent to Magia/Doppel/(no disc);D:/magia/MyProducts/magiWiki/dump_merged.xml:15253-15254,25806-25814;user-confirmed:2026-08-19	false	exact-official-ui-term-plus-user-confirmed-context	official-cn-terminology-verified	コネクト		official-cn-terminology	connect-context-authority	official-cn-ui-terminology	official CN WebView UI terminology; adoption recorded by HiiragiNemu	false	true; legacy client reads <files>/madomagi/engine_i18n.tsv	official-cn-terminology	连携	official-cn-terminology-verified	medium	official_cn_terminology_engine_translation	official-cn-terminology-verified	magica/research/totentanz-full-localization-20260817/engine-i18n/connect-context-authority.json;madomagi/engine_i18n.tsv exact source keys: コネクト and Connect;A:/magicaOLD/template/chara/CharaDetail.html: common_title_frame 连携;A:/magicaOLD/template/formation/FormationQuest.html: pointFrame 连携;A:/magicaOLD/template/formation/FormationSupport.html: pointFrame 连携;magica/resource/image_web/_json/help.json: 14 visible Connect tokens materialized as 连携; JSON keys unchanged;work/next_round_execution_20260819/connect_help_json_apply_20260819/connect_help_json_verification.json;current armv7 native independent NUL C-string Connect at 0x13ef6d5 adjacent to Magia/Doppel/(no disc);D:/magia/MyProducts/magiWiki/dump_merged.xml:15253-15254,25806-25814;user-confirmed:2026-08-19	仅对稳定、完整的可见机制标签应用‘连携’；不替换代码标识、Connection、noConnect 或字典中受更高权威保护的整句。
MT-00359	engine_runtime_i18n_official	native_engine_i18n	madomagi/engine_i18n.tsv	66	zhCN	マギア・スキル発動	发动Magia·技能	发动Magia·技能	madomagi/engine_i18n.tsv#66/zhCN	official-cn-native-sequence-exact-both-abis	official	magica/research/totentanz-full-localization-20260817/engine-i18n/final-root-review-20260819/engine_unknown_212_root_review_sidecar.json#ENG-066;official CN native exact C-string in both ABIs; arm64 offsets=['0x14d1250']; armv7 offsets=['0x11801bc'];origin_machine_translated=unknown	false	exact-both-official-cn-native-abis	official-source-verified	マギア・スキル発動		official-cn-native-sequence-exact-both-abis	final-root-review-20260819	ENG-066	official CN native game data; exact adoption recorded by HiiragiNemu	false	true; legacy client reads <files>/madomagi/engine_i18n.tsv	official-cn-native-sequence-exact-both-abis	发动Magia·技能	official-source-verified	medium	official_engine_translation	official-source-verified	magica/research/totentanz-full-localization-20260817/engine-i18n/final-root-review-20260819/engine_unknown_212_root_review_sidecar.json#ENG-066;official CN native exact C-string in both ABIs; arm64 offsets=['0x14d1250']; armv7 offsets=['0x11801bc'];origin_machine_translated=unknown	origin_machine_translated=unknown; the historical origin remains explicit; the current value received row-by-row root review and does not inherit an official/Wiki label unless exact dual-ABI evidence is recorded.
MT-00360	engine_runtime_i18n_official	native_engine_i18n	madomagi/engine_i18n.tsv	7	zhCN	不思議な夢の真相を探るべく、神浜市にやってきた魔法少女。お人好しな性格で、気遣いが行き過ぎてしまうことも多々ある。最新の流行には疎く、スマホの扱いもぎこちない。日頃は控えめだが、ここ一番では芯の強さを見せる。	为探寻奇怪梦境的真相而来到神滨市的魔法少女。喜欢去帮助他人，经常过于热心反而帮倒忙。@对时下流行不太敏感，也不擅长使用智能手机。平时性格内向，但在紧要关头会表现出坚强的一面。	为探寻奇怪梦境的真相而来到神滨市的魔法少女。喜欢去帮助他人，经常过于热心反而帮倒忙。@对时下流行不太敏感，也不擅长使用智能手机。平时性格内向，但在紧要关头会表现出坚强的一面。	madomagi/engine_i18n.tsv#7/zhCN	official-cn	official	magica/research/totentanz-full-localization-20260817/engine-i18n/engine-final-authority-corrections.json#ENGINE-FINAL-007;official arm64 0x14dee48;official armv7 0x11846b0;shared loading-resource char_list.json block	false	dual-abi-exact-technical-context	official-source-verified	不思議な夢の真相を探るべく、神浜市にやってきた魔法少女。お人好しな性格で、気遣いが行き過ぎてしまうことも多々ある。最新の流行には疎く、スマホの扱いもぎこちない。日頃は控えめだが、ここ一番では芯の強さを見せる。		official-cn-native-exact	engine-final-authority-corrections	ENGINE-FINAL-007	official CN native game data; exact adoption recorded by HiiragiNemu	false	true; legacy client reads <files>/madomagi/engine_i18n.tsv	official-cn	为探寻奇怪梦境的真相而来到神滨市的魔法少女。喜欢去帮助他人，经常过于热心反而帮倒忙。@对时下流行不太敏感，也不擅长使用智能手机。平时性格内向，但在紧要关头会表现出坚强的一面。	official-source-verified	medium	official_engine_translation	official-source-verified	magica/research/totentanz-full-localization-20260817/engine-i18n/engine-final-authority-corrections.json#ENGINE-FINAL-007;official arm64 0x14dee48;official armv7 0x11846b0;shared loading-resource char_list.json block	The @ byte is the official CN layout marker and is retained literally.
MT-00361	engine_runtime_i18n_official	native_engine_i18n	madomagi/engine_i18n.tsv	8	zhCN	(CV:麻倉もも)	(CV：麻仓桃)	(CV：麻仓桃)	madomagi/engine_i18n.tsv#8/zhCN	official-cn	official	magica/research/totentanz-full-localization-20260817/engine-i18n/engine-final-authority-corrections.json#ENGINE-FINAL-008;official arm64 0x14def50;official armv7 0x11847b4;adjacent to official char_list Iroha name/description	false	dual-abi-exact-technical-context	official-source-verified	(CV:麻倉もも)		official-cn-native-exact	engine-final-authority-corrections	ENGINE-FINAL-008	official CN native game data; exact adoption recorded by HiiragiNemu	false	true; legacy client reads <files>/madomagi/engine_i18n.tsv	official-cn	(CV：麻仓桃)	official-source-verified	medium	official_engine_translation	official-source-verified	magica/research/totentanz-full-localization-20260817/engine-i18n/engine-final-authority-corrections.json#ENGINE-FINAL-008;official arm64 0x14def50;official armv7 0x11847b4;adjacent to official char_list Iroha name/description	Official CN fullwidth colon retained.
MT-00362	engine_runtime_i18n_official	native_engine_i18n	madomagi/engine_i18n.tsv	83	zhCN	ブラストディスクのダメージが上昇	Blast行动盘的伤害提升	Blast行动盘的伤害提升	madomagi/engine_i18n.tsv#83/zhCN	official-cn-native-sequence-exact-both-abis	official	magica/research/totentanz-full-localization-20260817/engine-i18n/final-root-review-20260819/engine_unknown_212_root_review_sidecar.json#ENG-083;official CN native exact C-string in both ABIs; arm64 offsets=['0x14cffc8']; armv7 offsets=['0x117f074'];origin_machine_translated=unknown	false	exact-both-official-cn-native-abis	official-source-verified	ブラストディスクのダメージが上昇		official-cn-native-sequence-exact-both-abis	final-root-review-20260819	ENG-083	official CN native game data; exact adoption recorded by HiiragiNemu	false	true; legacy client reads <files>/madomagi/engine_i18n.tsv	official-cn-native-sequence-exact-both-abis	Blast行动盘的伤害提升	official-source-verified	medium	official_engine_translation	official-source-verified	magica/research/totentanz-full-localization-20260817/engine-i18n/final-root-review-20260819/engine_unknown_212_root_review_sidecar.json#ENG-083;official CN native exact C-string in both ABIs; arm64 offsets=['0x14cffc8']; armv7 offsets=['0x117f074'];origin_machine_translated=unknown	origin_machine_translated=unknown; the historical origin remains explicit; the current value received row-by-row root review and does not inherit an official/Wiki label unless exact dual-ABI evidence is recorded.
MT-00363	engine_runtime_i18n_official	native_engine_i18n	madomagi/engine_i18n.tsv	97	zhCN	スタン	麻痹	麻痹	madomagi/engine_i18n.tsv#97/zhCN	official-cn-native-sequence-exact-both-abis	official	magica/research/totentanz-full-localization-20260817/engine-i18n/final-root-review-20260819/engine_unknown_212_root_review_sidecar.json#ENG-097;official CN native exact C-string in both ABIs; arm64 offsets=['0x14d01e0']; armv7 offsets=['0x117f274'];origin_machine_translated=unknown	false	exact-both-official-cn-native-abis	official-source-verified	スタン		official-cn-native-sequence-exact-both-abis	final-root-review-20260819	ENG-097	official CN native game data; exact adoption recorded by HiiragiNemu	false	true; legacy client reads <files>/madomagi/engine_i18n.tsv	official-cn-native-sequence-exact-both-abis	麻痹	official-source-verified	medium	official_engine_translation	official-source-verified	magica/research/totentanz-full-localization-20260817/engine-i18n/final-root-review-20260819/engine_unknown_212_root_review_sidecar.json#ENG-097;official CN native exact C-string in both ABIs; arm64 offsets=['0x14d01e0']; armv7 offsets=['0x117f274'];origin_machine_translated=unknown	origin_machine_translated=unknown; the historical origin remains explicit; the current value received row-by-row root review and does not inherit an official/Wiki label unless exact dual-ABI evidence is recorded.
MT-00364	engine_runtime_i18n_root_reviewed	native_engine_i18n	madomagi/engine_i18n.tsv	10	zhCN	ネットワーク接続に失敗しました。再接続しますか？	网络连接失败。要重新连接吗？	网络连接失败。要重新连接吗？	madomagi/engine_i18n.tsv#10/zhCN	manual-semantic-reviewed	unknown	magica/research/totentanz-full-localization-20260817/engine-i18n/final-root-review-20260819/engine_unknown_212_root_review_sidecar.json#ENG-010;prior semantic pass plus current row review; provenance remains manual-semantic-reviewed;origin_machine_translated=unknown	false	root-row-by-row-semantic-review	root-reviewed-approved	ネットワーク接続に失敗しました。再接続しますか？		manual-semantic-reviewed	final-root-review-20260819	ENG-010	HiiragiNemu project root semantic review	false	true; legacy client reads <files>/madomagi/engine_i18n.tsv	manual-semantic-reviewed	网络连接失败。要重新连接吗？	root-reviewed-approved	medium	root_reviewed_engine_translation	root-reviewed-approved	magica/research/totentanz-full-localization-20260817/engine-i18n/final-root-review-20260819/engine_unknown_212_root_review_sidecar.json#ENG-010;prior semantic pass plus current row review; provenance remains manual-semantic-reviewed;origin_machine_translated=unknown	origin_machine_translated=unknown; the historical origin remains explicit; the current value received row-by-row root review and does not inherit an official/Wiki label unless exact dual-ABI evidence is recorded.
MT-00365	engine_runtime_i18n_root_reviewed	native_engine_i18n	madomagi/engine_i18n.tsv	101	zhCN	やけど	灼伤	灼伤	madomagi/engine_i18n.tsv#101/zhCN	manual-semantic-reviewed	unknown	magica/research/totentanz-full-localization-20260817/engine-i18n/root-reviewed-semantic-corrections.json#ENG-101;D:/magia/MyProducts/MAGIA RECORD CN/Full_Raw_Dump_V2/magica/api/page/ArenaFreeRank_001.json; official term=灼伤; count=343; not claimed as whole-string stable-ID match;C:\Users\proje\Documents\Codex\2026-08-06\https-github-com-hiiraginemu-magireco-wiki-3\work\next_round_execution_20260819\engine_unknown_256_semantic_apply_35\engine_semantic_35_verification.json	false	official-cn-terminology-plus-source-context	root-reviewed-approved	やけど		manual-semantic-reviewed	root-reviewed-term-closure	ENG-101	HiiragiNemu project root semantic review	false	true; legacy client reads <files>/madomagi/engine_i18n.tsv	manual-semantic-reviewed	灼伤	root-reviewed-approved	medium	root_reviewed_engine_translation	root-reviewed-approved	magica/research/totentanz-full-localization-20260817/engine-i18n/root-reviewed-semantic-corrections.json#ENG-101;D:/magia/MyProducts/MAGIA RECORD CN/Full_Raw_Dump_V2/magica/api/page/ArenaFreeRank_001.json; official term=灼伤; count=343; not claimed as whole-string stable-ID match;C:\Users\proje\Documents\Codex\2026-08-06\https-github-com-hiiraginemu-magireco-wiki-3\work\next_round_execution_20260819\engine_unknown_256_semantic_apply_35\engine_semantic_35_verification.json	采用旧国服高频术语，并按日文源键补足中文语序；不冒充整句官中。
MT-00366	engine_runtime_i18n_root_reviewed	native_engine_i18n	madomagi/engine_i18n.tsv	102	zhCN	毎ターンダメージ＋弱点属性からのダメージが上昇	每回合伤害＋受到弱点属性伤害提升	每回合伤害＋受到弱点属性伤害提升	madomagi/engine_i18n.tsv#102/zhCN	manual-semantic-reviewed	unknown	magica/research/totentanz-full-localization-20260817/engine-i18n/final-root-review-20260819/engine_unknown_212_root_review_sidecar.json#ENG-102;prior semantic pass plus current row review; provenance remains manual-semantic-reviewed;origin_machine_translated=unknown	false	root-row-by-row-semantic-review	root-reviewed-approved	毎ターンダメージ＋弱点属性からのダメージが上昇		manual-semantic-reviewed	final-root-review-20260819	ENG-102	HiiragiNemu project root semantic review	false	true; legacy client reads <files>/madomagi/engine_i18n.tsv	manual-semantic-reviewed	每回合伤害＋受到弱点属性伤害提升	root-reviewed-approved	medium	root_reviewed_engine_translation	root-reviewed-approved	magica/research/totentanz-full-localization-20260817/engine-i18n/final-root-review-20260819/engine_unknown_212_root_review_sidecar.json#ENG-102;prior semantic pass plus current row review; provenance remains manual-semantic-reviewed;origin_machine_translated=unknown	origin_machine_translated=unknown; the historical origin remains explicit; the current value received row-by-row root review and does not inherit an official/Wiki label unless exact dual-ABI evidence is recorded.
MT-00367	engine_runtime_i18n_root_reviewed	native_engine_i18n	madomagi/engine_i18n.tsv	103	zhCN	呪い	诅咒	诅咒	madomagi/engine_i18n.tsv#103/zhCN	manual-semantic-reviewed	unknown	magica/research/totentanz-full-localization-20260817/engine-i18n/final-root-review-20260819/engine_unknown_212_root_review_sidecar.json#ENG-103;literal exists in official CN native evidence but pairing was not assumed; root review approves current value;origin_machine_translated=unknown	false	root-row-by-row-semantic-review	root-reviewed-approved	呪い		manual-semantic-reviewed	final-root-review-20260819	ENG-103	HiiragiNemu project root semantic review	false	true; legacy client reads <files>/madomagi/engine_i18n.tsv	manual-semantic-reviewed	诅咒	root-reviewed-approved	medium	root_reviewed_engine_translation	root-reviewed-approved	magica/research/totentanz-full-localization-20260817/engine-i18n/final-root-review-20260819/engine_unknown_212_root_review_sidecar.json#ENG-103;literal exists in official CN native evidence but pairing was not assumed; root review approves current value;origin_machine_translated=unknown	origin_machine_translated=unknown; the historical origin remains explicit; the current value received row-by-row root review and does not inherit an official/Wiki label unless exact dual-ABI evidence is recorded.
MT-00368	engine_runtime_i18n_root_reviewed	native_engine_i18n	madomagi/engine_i18n.tsv	104	zhCN	毎ターンダメージ＋弱点からのダメージが上昇＋HP回復不能	每回合伤害＋受到弱点伤害提升＋HP无法回复	每回合伤害＋受到弱点伤害提升＋HP无法回复	madomagi/engine_i18n.tsv#104/zhCN	manual-semantic-reviewed	unknown	magica/research/totentanz-full-localization-20260817/engine-i18n/final-root-review-20260819/engine_unknown_212_root_review_sidecar.json#ENG-104;prior semantic pass plus current row review; provenance remains manual-semantic-reviewed;origin_machine_translated=unknown	false	root-row-by-row-semantic-review	root-reviewed-approved	毎ターンダメージ＋弱点からのダメージが上昇＋HP回復不能		manual-semantic-reviewed	final-root-review-20260819	ENG-104	HiiragiNemu project root semantic review	false	true; legacy client reads <files>/madomagi/engine_i18n.tsv	manual-semantic-reviewed	每回合伤害＋受到弱点伤害提升＋HP无法回复	root-reviewed-approved	medium	root_reviewed_engine_translation	root-reviewed-approved	magica/research/totentanz-full-localization-20260817/engine-i18n/final-root-review-20260819/engine_unknown_212_root_review_sidecar.json#ENG-104;prior semantic pass plus current row review; provenance remains manual-semantic-reviewed;origin_machine_translated=unknown	origin_machine_translated=unknown; the historical origin remains explicit; the current value received row-by-row root review and does not inherit an official/Wiki label unless exact dual-ABI evidence is recorded.
MT-00369	engine_runtime_i18n_root_reviewed	native_engine_i18n	madomagi/engine_i18n.tsv	105	zhCN	確率で攻撃が失敗	概率攻击失败	概率攻击失败	madomagi/engine_i18n.tsv#105/zhCN	manual-semantic-reviewed	unknown	magica/research/totentanz-full-localization-20260817/engine-i18n/final-root-review-20260819/engine_unknown_212_root_review_sidecar.json#ENG-105;prior semantic pass plus current row review; provenance remains manual-semantic-reviewed;origin_machine_translated=unknown	false	root-row-by-row-semantic-review	root-reviewed-approved	確率で攻撃が失敗		manual-semantic-reviewed	final-root-review-20260819	ENG-105	HiiragiNemu project root semantic review	false	true; legacy client reads <files>/madomagi/engine_i18n.tsv	manual-semantic-reviewed	概率攻击失败	root-reviewed-approved	medium	root_reviewed_engine_translation	root-reviewed-approved	magica/research/totentanz-full-localization-20260817/engine-i18n/final-root-review-20260819/engine_unknown_212_root_review_sidecar.json#ENG-105;prior semantic pass plus current row review; provenance remains manual-semantic-reviewed;origin_machine_translated=unknown	origin_machine_translated=unknown; the historical origin remains explicit; the current value received row-by-row root review and does not inherit an official/Wiki label unless exact dual-ABI evidence is recorded.
MT-00370	engine_runtime_i18n_root_reviewed	native_engine_i18n	madomagi/engine_i18n.tsv	106	zhCN	確率で攻撃が失敗＋弱点属性からのダメージが上昇	概率攻击失败＋受到弱点属性伤害提升	概率攻击失败＋受到弱点属性伤害提升	madomagi/engine_i18n.tsv#106/zhCN	manual-semantic-reviewed	unknown	magica/research/totentanz-full-localization-20260817/engine-i18n/final-root-review-20260819/engine_unknown_212_root_review_sidecar.json#ENG-106;prior semantic pass plus current row review; provenance remains manual-semantic-reviewed;origin_machine_translated=unknown	false	root-row-by-row-semantic-review	root-reviewed-approved	確率で攻撃が失敗＋弱点属性からのダメージが上昇		manual-semantic-reviewed	final-root-review-20260819	ENG-106	HiiragiNemu project root semantic review	false	true; legacy client reads <files>/madomagi/engine_i18n.tsv	manual-semantic-reviewed	概率攻击失败＋受到弱点属性伤害提升	root-reviewed-approved	medium	root_reviewed_engine_translation	root-reviewed-approved	magica/research/totentanz-full-localization-20260817/engine-i18n/final-root-review-20260819/engine_unknown_212_root_review_sidecar.json#ENG-106;prior semantic pass plus current row review; provenance remains manual-semantic-reviewed;origin_machine_translated=unknown	origin_machine_translated=unknown; the historical origin remains explicit; the current value received row-by-row root review and does not inherit an official/Wiki label unless exact dual-ABI evidence is recorded.
MT-00371	engine_runtime_i18n_root_reviewed	native_engine_i18n	madomagi/engine_i18n.tsv	107	zhCN	確率で攻撃が失敗＋弱点属性からのダメージが上昇＋HP回復不能	概率攻击失败＋受到弱点属性伤害提升＋HP无法回复	概率攻击失败＋受到弱点属性伤害提升＋HP无法回复	madomagi/engine_i18n.tsv#107/zhCN	manual-semantic-reviewed	unknown	magica/research/totentanz-full-localization-20260817/engine-i18n/final-root-review-20260819/engine_unknown_212_root_review_sidecar.json#ENG-107;prior semantic pass plus current row review; provenance remains manual-semantic-reviewed;origin_machine_translated=unknown	false	root-row-by-row-semantic-review	root-reviewed-approved	確率で攻撃が失敗＋弱点属性からのダメージが上昇＋HP回復不能		manual-semantic-reviewed	final-root-review-20260819	ENG-107	HiiragiNemu project root semantic review	false	true; legacy client reads <files>/madomagi/engine_i18n.tsv	manual-semantic-reviewed	概率攻击失败＋受到弱点属性伤害提升＋HP无法回复	root-reviewed-approved	medium	root_reviewed_engine_translation	root-reviewed-approved	magica/research/totentanz-full-localization-20260817/engine-i18n/final-root-review-20260819/engine_unknown_212_root_review_sidecar.json#ENG-107;prior semantic pass plus current row review; provenance remains manual-semantic-reviewed;origin_machine_translated=unknown	origin_machine_translated=unknown; the historical origin remains explicit; the current value received row-by-row root review and does not inherit an official/Wiki label unless exact dual-ABI evidence is recorded.
MT-00372	engine_runtime_i18n_root_reviewed	native_engine_i18n	madomagi/engine_i18n.tsv	109	zhCN	スキルが使用不能	无法使用技能	无法使用技能	madomagi/engine_i18n.tsv#109/zhCN	manual-semantic-reviewed	unknown	magica/research/totentanz-full-localization-20260817/engine-i18n/final-root-review-20260819/engine_unknown_212_root_review_sidecar.json#ENG-109;literal exists in official CN native evidence but pairing was not assumed; root review approves current value;origin_machine_translated=unknown	false	root-row-by-row-semantic-review	root-reviewed-approved	スキルが使用不能		manual-semantic-reviewed	final-root-review-20260819	ENG-109	HiiragiNemu project root semantic review	false	true; legacy client reads <files>/madomagi/engine_i18n.tsv	manual-semantic-reviewed	无法使用技能	root-reviewed-approved	medium	root_reviewed_engine_translation	root-reviewed-approved	magica/research/totentanz-full-localization-20260817/engine-i18n/final-root-review-20260819/engine_unknown_212_root_review_sidecar.json#ENG-109;literal exists in official CN native evidence but pairing was not assumed; root review approves current value;origin_machine_translated=unknown	origin_machine_translated=unknown; the historical origin remains explicit; the current value received row-by-row root review and does not inherit an official/Wiki label unless exact dual-ABI evidence is recorded.
MT-00373	engine_runtime_i18n_root_reviewed	native_engine_i18n	madomagi/engine_i18n.tsv	11	zhCN	データダウンロード	数据下载	数据下载	madomagi/engine_i18n.tsv#11/zhCN	manual-semantic-reviewed	unknown	magica/research/totentanz-full-localization-20260817/engine-i18n/final-root-review-20260819/engine_unknown_212_root_review_sidecar.json#ENG-011;prior semantic pass plus current row review; provenance remains manual-semantic-reviewed;origin_machine_translated=unknown	false	root-row-by-row-semantic-review	root-reviewed-approved	データダウンロード		manual-semantic-reviewed	final-root-review-20260819	ENG-011	HiiragiNemu project root semantic review	false	true; legacy client reads <files>/madomagi/engine_i18n.tsv	manual-semantic-reviewed	数据下载	root-reviewed-approved	medium	root_reviewed_engine_translation	root-reviewed-approved	magica/research/totentanz-full-localization-20260817/engine-i18n/final-root-review-20260819/engine_unknown_212_root_review_sidecar.json#ENG-011;prior semantic pass plus current row review; provenance remains manual-semantic-reviewed;origin_machine_translated=unknown	origin_machine_translated=unknown; the historical origin remains explicit; the current value received row-by-row root review and does not inherit an official/Wiki label unless exact dual-ABI evidence is recorded.
MT-00374	engine_runtime_i18n_root_reviewed	native_engine_i18n	madomagi/engine_i18n.tsv	110	zhCN	マギア不可	Magia不可	Magia不可	madomagi/engine_i18n.tsv#110/zhCN	manual-semantic-reviewed	unknown	magica/research/totentanz-full-localization-20260817/engine-i18n/root-reviewed-semantic-corrections.json#ENG-110;D:/magia/MyProducts/MAGIA RECORD CN/Full_Raw_Dump_V2/magica/api/page/CharaCollection_001.json; official term=Magia不可; count=32; not claimed as whole-string stable-ID match;C:\Users\proje\Documents\Codex\2026-08-06\https-github-com-hiiraginemu-magireco-wiki-3\work\next_round_execution_20260819\engine_unknown_256_semantic_apply_35\engine_semantic_35_verification.json	false	official-cn-terminology-plus-source-context	root-reviewed-approved	マギア不可		manual-semantic-reviewed	root-reviewed-term-closure	ENG-110	HiiragiNemu project root semantic review	false	true; legacy client reads <files>/madomagi/engine_i18n.tsv	manual-semantic-reviewed	Magia不可	root-reviewed-approved	medium	root_reviewed_engine_translation	root-reviewed-approved	magica/research/totentanz-full-localization-20260817/engine-i18n/root-reviewed-semantic-corrections.json#ENG-110;D:/magia/MyProducts/MAGIA RECORD CN/Full_Raw_Dump_V2/magica/api/page/CharaCollection_001.json; official term=Magia不可; count=32; not claimed as whole-string stable-ID match;C:\Users\proje\Documents\Codex\2026-08-06\https-github-com-hiiraginemu-magireco-wiki-3\work\next_round_execution_20260819\engine_unknown_256_semantic_apply_35\engine_semantic_35_verification.json	采用旧国服高频术语，并按日文源键补足中文语序；不冒充整句官中。
MT-00375	engine_runtime_i18n_root_reviewed	native_engine_i18n	madomagi/engine_i18n.tsv	111	zhCN	マギアが使用不能	无法使用Magia	无法使用Magia	madomagi/engine_i18n.tsv#111/zhCN	manual-semantic-reviewed	unknown	magica/research/totentanz-full-localization-20260817/engine-i18n/final-root-review-20260819/engine_unknown_212_root_review_sidecar.json#ENG-111;literal exists in official CN native evidence but pairing was not assumed; root review approves current value;origin_machine_translated=unknown	false	root-row-by-row-semantic-review	root-reviewed-approved	マギアが使用不能		manual-semantic-reviewed	final-root-review-20260819	ENG-111	HiiragiNemu project root semantic review	false	true; legacy client reads <files>/madomagi/engine_i18n.tsv	manual-semantic-reviewed	无法使用Magia	root-reviewed-approved	medium	root_reviewed_engine_translation	root-reviewed-approved	magica/research/totentanz-full-localization-20260817/engine-i18n/final-root-review-20260819/engine_unknown_212_root_review_sidecar.json#ENG-111;literal exists in official CN native evidence but pairing was not assumed; root review approves current value;origin_machine_translated=unknown	origin_machine_translated=unknown; the historical origin remains explicit; the current value received row-by-row root review and does not inherit an official/Wiki label unless exact dual-ABI evidence is recorded.
MT-00376	engine_runtime_i18n_root_reviewed	native_engine_i18n	madomagi/engine_i18n.tsv	112	zhCN	クリティカル	暴击	暴击	madomagi/engine_i18n.tsv#112/zhCN	manual-semantic-reviewed	unknown	magica/research/totentanz-full-localization-20260817/engine-i18n/final-root-review-20260819/engine_unknown_212_root_review_sidecar.json#ENG-112;prior semantic pass plus current row review; provenance remains manual-semantic-reviewed;origin_machine_translated=unknown	false	root-row-by-row-semantic-review	root-reviewed-approved	クリティカル		manual-semantic-reviewed	final-root-review-20260819	ENG-112	HiiragiNemu project root semantic review	false	true; legacy client reads <files>/madomagi/engine_i18n.tsv	manual-semantic-reviewed	暴击	root-reviewed-approved	medium	root_reviewed_engine_translation	root-reviewed-approved	magica/research/totentanz-full-localization-20260817/engine-i18n/final-root-review-20260819/engine_unknown_212_root_review_sidecar.json#ENG-112;prior semantic pass plus current row review; provenance remains manual-semantic-reviewed;origin_machine_translated=unknown	origin_machine_translated=unknown; the historical origin remains explicit; the current value received row-by-row root review and does not inherit an official/Wiki label unless exact dual-ABI evidence is recorded.
MT-00377	engine_runtime_i18n_root_reviewed	native_engine_i18n	madomagi/engine_i18n.tsv	114	zhCN	受けるダメージが減少	受到伤害减少	受到伤害减少	madomagi/engine_i18n.tsv#114/zhCN	manual-semantic-reviewed	unknown	magica/research/totentanz-full-localization-20260817/engine-i18n/final-root-review-20260819/engine_unknown_212_root_review_sidecar.json#ENG-114;literal exists in official CN native evidence but pairing was not assumed; root review approves current value;origin_machine_translated=unknown	false	root-row-by-row-semantic-review	root-reviewed-approved	受けるダメージが減少		manual-semantic-reviewed	final-root-review-20260819	ENG-114	HiiragiNemu project root semantic review	false	true; legacy client reads <files>/madomagi/engine_i18n.tsv	manual-semantic-reviewed	受到伤害减少	root-reviewed-approved	medium	root_reviewed_engine_translation	root-reviewed-approved	magica/research/totentanz-full-localization-20260817/engine-i18n/final-root-review-20260819/engine_unknown_212_root_review_sidecar.json#ENG-114;literal exists in official CN native evidence but pairing was not assumed; root review approves current value;origin_machine_translated=unknown	origin_machine_translated=unknown; the historical origin remains explicit; the current value received row-by-row root review and does not inherit an official/Wiki label unless exact dual-ABI evidence is recorded.
MT-00378	engine_runtime_i18n_root_reviewed	native_engine_i18n	madomagi/engine_i18n.tsv	115	zhCN	確率で攻撃を回避	概率回避攻击	概率回避攻击	madomagi/engine_i18n.tsv#115/zhCN	manual-semantic-reviewed	unknown	magica/research/totentanz-full-localization-20260817/engine-i18n/final-root-review-20260819/engine_unknown_212_root_review_sidecar.json#ENG-115;prior semantic pass plus current row review; provenance remains manual-semantic-reviewed;origin_machine_translated=unknown	false	root-row-by-row-semantic-review	root-reviewed-approved	確率で攻撃を回避		manual-semantic-reviewed	final-root-review-20260819	ENG-115	HiiragiNemu project root semantic review	false	true; legacy client reads <files>/madomagi/engine_i18n.tsv	manual-semantic-reviewed	概率回避攻击	root-reviewed-approved	medium	root_reviewed_engine_translation	root-reviewed-approved	magica/research/totentanz-full-localization-20260817/engine-i18n/final-root-review-20260819/engine_unknown_212_root_review_sidecar.json#ENG-115;prior semantic pass plus current row review; provenance remains manual-semantic-reviewed;origin_machine_translated=unknown	origin_machine_translated=unknown; the historical origin remains explicit; the current value received row-by-row root review and does not inherit an official/Wiki label unless exact dual-ABI evidence is recorded.
MT-00379	engine_runtime_i18n_root_reviewed	native_engine_i18n	madomagi/engine_i18n.tsv	117	zhCN	毎ターンHP回復	每回合回复HP	每回合回复HP	madomagi/engine_i18n.tsv#117/zhCN	manual-semantic-reviewed	unknown	magica/research/totentanz-full-localization-20260817/engine-i18n/final-root-review-20260819/engine_unknown_212_root_review_sidecar.json#ENG-117;literal exists in official CN native evidence but pairing was not assumed; root review approves current value;origin_machine_translated=unknown	false	root-row-by-row-semantic-review	root-reviewed-approved	毎ターンHP回復		manual-semantic-reviewed	final-root-review-20260819	ENG-117	HiiragiNemu project root semantic review	false	true; legacy client reads <files>/madomagi/engine_i18n.tsv	manual-semantic-reviewed	每回合回复HP	root-reviewed-approved	medium	root_reviewed_engine_translation	root-reviewed-approved	magica/research/totentanz-full-localization-20260817/engine-i18n/final-root-review-20260819/engine_unknown_212_root_review_sidecar.json#ENG-117;literal exists in official CN native evidence but pairing was not assumed; root review approves current value;origin_machine_translated=unknown	origin_machine_translated=unknown; the historical origin remains explicit; the current value received row-by-row root review and does not inherit an official/Wiki label unless exact dual-ABI evidence is recorded.
MT-00380	engine_runtime_i18n_root_reviewed	native_engine_i18n	madomagi/engine_i18n.tsv	119	zhCN	スキルの発動待ちターンが減少	技能发动所需等待回合数减少	技能发动所需等待回合数减少	madomagi/engine_i18n.tsv#119/zhCN	manual-semantic-reviewed	unknown	magica/research/totentanz-full-localization-20260817/engine-i18n/root-reviewed-semantic-corrections.json#ENG-119;madomagi/engine_i18n.tsv:119; Japanese source-key semantic review;C:\Users\proje\Documents\Codex\2026-08-06\https-github-com-hiiraginemu-magireco-wiki-3\work\next_round_execution_20260819\engine_unknown_256_semantic_apply_35\engine_semantic_35_verification.json	false	manual-source-key-semantic-review	root-reviewed-approved	スキルの発動待ちターンが減少		manual-semantic-reviewed	root-reviewed-term-closure	ENG-119	HiiragiNemu project root semantic review	false	true; legacy client reads <files>/madomagi/engine_i18n.tsv	manual-semantic-reviewed	技能发动所需等待回合数减少	root-reviewed-approved	medium	root_reviewed_engine_translation	root-reviewed-approved	magica/research/totentanz-full-localization-20260817/engine-i18n/root-reviewed-semantic-corrections.json#ENG-119;madomagi/engine_i18n.tsv:119; Japanese source-key semantic review;C:\Users\proje\Documents\Codex\2026-08-06\https-github-com-hiiraginemu-magireco-wiki-3\work\next_round_execution_20260819\engine_unknown_256_semantic_apply_35\engine_semantic_35_verification.json	补足“所需”和“回合数”，避免生硬的名词串。
MT-00381	engine_runtime_i18n_root_reviewed	native_engine_i18n	madomagi/engine_i18n.tsv	120	zhCN	確率で攻撃対象の防御力を無視して攻撃	概率无视攻击目标的防御力进行攻击	概率无视攻击目标的防御力进行攻击	madomagi/engine_i18n.tsv#120/zhCN	manual-semantic-reviewed	unknown	magica/research/totentanz-full-localization-20260817/engine-i18n/final-root-review-20260819/engine_unknown_212_root_review_sidecar.json#ENG-120;prior semantic pass plus current row review; provenance remains manual-semantic-reviewed;origin_machine_translated=unknown	false	root-row-by-row-semantic-review	root-reviewed-approved	確率で攻撃対象の防御力を無視して攻撃		manual-semantic-reviewed	final-root-review-20260819	ENG-120	HiiragiNemu project root semantic review	false	true; legacy client reads <files>/madomagi/engine_i18n.tsv	manual-semantic-reviewed	概率无视攻击目标的防御力进行攻击	root-reviewed-approved	medium	root_reviewed_engine_translation	root-reviewed-approved	magica/research/totentanz-full-localization-20260817/engine-i18n/final-root-review-20260819/engine_unknown_212_root_review_sidecar.json#ENG-120;prior semantic pass plus current row review; provenance remains manual-semantic-reviewed;origin_machine_translated=unknown	origin_machine_translated=unknown; the historical origin remains explicit; the current value received row-by-row root review and does not inherit an official/Wiki label unless exact dual-ABI evidence is recorded.
MT-00382	engine_runtime_i18n_root_reviewed	native_engine_i18n	madomagi/engine_i18n.tsv	121	zhCN	カウンター	反击	反击	madomagi/engine_i18n.tsv#121/zhCN	manual-semantic-reviewed	unknown	magica/research/totentanz-full-localization-20260817/engine-i18n/final-root-review-20260819/engine_unknown_212_root_review_sidecar.json#ENG-121;prior semantic pass plus current row review; provenance remains manual-semantic-reviewed;origin_machine_translated=unknown	false	root-row-by-row-semantic-review	root-reviewed-approved	カウンター		manual-semantic-reviewed	final-root-review-20260819	ENG-121	HiiragiNemu project root semantic review	false	true; legacy client reads <files>/madomagi/engine_i18n.tsv	manual-semantic-reviewed	反击	root-reviewed-approved	medium	root_reviewed_engine_translation	root-reviewed-approved	magica/research/totentanz-full-localization-20260817/engine-i18n/final-root-review-20260819/engine_unknown_212_root_review_sidecar.json#ENG-121;prior semantic pass plus current row review; provenance remains manual-semantic-reviewed;origin_machine_translated=unknown	origin_machine_translated=unknown; the historical origin remains explicit; the current value received row-by-row root review and does not inherit an official/Wiki label unless exact dual-ABI evidence is recorded.
MT-00383	engine_runtime_i18n_root_reviewed	native_engine_i18n	madomagi/engine_i18n.tsv	122	zhCN	確率で敵の攻撃後に反撃	概率在敌方攻击后反击	概率在敌方攻击后反击	madomagi/engine_i18n.tsv#122/zhCN	manual-semantic-reviewed	unknown	magica/research/totentanz-full-localization-20260817/engine-i18n/final-root-review-20260819/engine_unknown_212_root_review_sidecar.json#ENG-122;prior semantic pass plus current row review; provenance remains manual-semantic-reviewed;origin_machine_translated=unknown	false	root-row-by-row-semantic-review	root-reviewed-approved	確率で敵の攻撃後に反撃		manual-semantic-reviewed	final-root-review-20260819	ENG-122	HiiragiNemu project root semantic review	false	true; legacy client reads <files>/madomagi/engine_i18n.tsv	manual-semantic-reviewed	概率在敌方攻击后反击	root-reviewed-approved	medium	root_reviewed_engine_translation	root-reviewed-approved	magica/research/totentanz-full-localization-20260817/engine-i18n/final-root-review-20260819/engine_unknown_212_root_review_sidecar.json#ENG-122;prior semantic pass plus current row review; provenance remains manual-semantic-reviewed;origin_machine_translated=unknown	origin_machine_translated=unknown; the historical origin remains explicit; the current value received row-by-row root review and does not inherit an official/Wiki label unless exact dual-ABI evidence is recorded.
MT-00384	engine_runtime_i18n_root_reviewed	native_engine_i18n	madomagi/engine_i18n.tsv	123	zhCN	確率で味方の攻撃後に攻撃	概率在我方攻击后追击	概率在我方攻击后追击	madomagi/engine_i18n.tsv#123/zhCN	manual-semantic-reviewed	unknown	magica/research/totentanz-full-localization-20260817/engine-i18n/final-root-review-20260819/engine_unknown_212_root_review_sidecar.json#ENG-123;prior semantic pass plus current row review; provenance remains manual-semantic-reviewed;origin_machine_translated=unknown	false	root-row-by-row-semantic-review	root-reviewed-approved	確率で味方の攻撃後に攻撃		manual-semantic-reviewed	final-root-review-20260819	ENG-123	HiiragiNemu project root semantic review	false	true; legacy client reads <files>/madomagi/engine_i18n.tsv	manual-semantic-reviewed	概率在我方攻击后追击	root-reviewed-approved	medium	root_reviewed_engine_translation	root-reviewed-approved	magica/research/totentanz-full-localization-20260817/engine-i18n/final-root-review-20260819/engine_unknown_212_root_review_sidecar.json#ENG-123;prior semantic pass plus current row review; provenance remains manual-semantic-reviewed;origin_machine_translated=unknown	origin_machine_translated=unknown; the historical origin remains explicit; the current value received row-by-row root review and does not inherit an official/Wiki label unless exact dual-ABI evidence is recorded.
MT-00385	engine_runtime_i18n_root_reviewed	native_engine_i18n	madomagi/engine_i18n.tsv	124	zhCN	カウンター無効	反击无效	反击无效	madomagi/engine_i18n.tsv#124/zhCN	manual-semantic-reviewed	unknown	magica/research/totentanz-full-localization-20260817/engine-i18n/final-root-review-20260819/engine_unknown_212_root_review_sidecar.json#ENG-124;prior semantic pass plus current row review; provenance remains manual-semantic-reviewed;origin_machine_translated=unknown	false	root-row-by-row-semantic-review	root-reviewed-approved	カウンター無効		manual-semantic-reviewed	final-root-review-20260819	ENG-124	HiiragiNemu project root semantic review	false	true; legacy client reads <files>/madomagi/engine_i18n.tsv	manual-semantic-reviewed	反击无效	root-reviewed-approved	medium	root_reviewed_engine_translation	root-reviewed-approved	magica/research/totentanz-full-localization-20260817/engine-i18n/final-root-review-20260819/engine_unknown_212_root_review_sidecar.json#ENG-124;prior semantic pass plus current row review; provenance remains manual-semantic-reviewed;origin_machine_translated=unknown	origin_machine_translated=unknown; the historical origin remains explicit; the current value received row-by-row root review and does not inherit an official/Wiki label unless exact dual-ABI evidence is recorded.
MT-00386	engine_runtime_i18n_root_reviewed	native_engine_i18n	madomagi/engine_i18n.tsv	126	zhCN	HP連動マギアアップ	HP联动Magia提升	HP联动Magia提升	madomagi/engine_i18n.tsv#126/zhCN	manual-semantic-reviewed	unknown	magica/research/totentanz-full-localization-20260817/engine-i18n/final-root-review-20260819/engine_unknown_212_root_review_sidecar.json#ENG-126;prior semantic pass plus current row review; provenance remains manual-semantic-reviewed;origin_machine_translated=unknown	false	root-row-by-row-semantic-review	root-reviewed-approved	HP連動マギアアップ		manual-semantic-reviewed	final-root-review-20260819	ENG-126	HiiragiNemu project root semantic review	false	true; legacy client reads <files>/madomagi/engine_i18n.tsv	manual-semantic-reviewed	HP联动Magia提升	root-reviewed-approved	medium	root_reviewed_engine_translation	root-reviewed-approved	magica/research/totentanz-full-localization-20260817/engine-i18n/final-root-review-20260819/engine_unknown_212_root_review_sidecar.json#ENG-126;prior semantic pass plus current row review; provenance remains manual-semantic-reviewed;origin_machine_translated=unknown	origin_machine_translated=unknown; the historical origin remains explicit; the current value received row-by-row root review and does not inherit an official/Wiki label unless exact dual-ABI evidence is recorded.
MT-00387	engine_runtime_i18n_root_reviewed	native_engine_i18n	madomagi/engine_i18n.tsv	127	zhCN	残HPが低いほどマギアのダメージが上昇	剩余HP越低，Magia伤害越高	剩余HP越低，Magia伤害越高	madomagi/engine_i18n.tsv#127/zhCN	manual-semantic-reviewed	unknown	magica/research/totentanz-full-localization-20260817/engine-i18n/final-root-review-20260819/engine_unknown_212_root_review_sidecar.json#ENG-127;prior semantic pass plus current row review; provenance remains manual-semantic-reviewed;origin_machine_translated=unknown	false	root-row-by-row-semantic-review	root-reviewed-approved	残HPが低いほどマギアのダメージが上昇		manual-semantic-reviewed	final-root-review-20260819	ENG-127	HiiragiNemu project root semantic review	false	true; legacy client reads <files>/madomagi/engine_i18n.tsv	manual-semantic-reviewed	剩余HP越低，Magia伤害越高	root-reviewed-approved	medium	root_reviewed_engine_translation	root-reviewed-approved	magica/research/totentanz-full-localization-20260817/engine-i18n/final-root-review-20260819/engine_unknown_212_root_review_sidecar.json#ENG-127;prior semantic pass plus current row review; provenance remains manual-semantic-reviewed;origin_machine_translated=unknown	origin_machine_translated=unknown; the historical origin remains explicit; the current value received row-by-row root review and does not inherit an official/Wiki label unless exact dual-ABI evidence is recorded.
MT-00388	engine_runtime_i18n_root_reviewed	native_engine_i18n	madomagi/engine_i18n.tsv	128	zhCN	耐える	忍耐	忍耐	madomagi/engine_i18n.tsv#128/zhCN	manual-semantic-reviewed	unknown	magica/research/totentanz-full-localization-20260817/engine-i18n/final-root-review-20260819/engine_unknown_212_root_review_sidecar.json#ENG-128;literal exists in official CN native evidence but pairing was not assumed; root review approves current value;origin_machine_translated=unknown	false	root-row-by-row-semantic-review	root-reviewed-approved	耐える		manual-semantic-reviewed	final-root-review-20260819	ENG-128	HiiragiNemu project root semantic review	false	true; legacy client reads <files>/madomagi/engine_i18n.tsv	manual-semantic-reviewed	忍耐	root-reviewed-approved	medium	root_reviewed_engine_translation	root-reviewed-approved	magica/research/totentanz-full-localization-20260817/engine-i18n/final-root-review-20260819/engine_unknown_212_root_review_sidecar.json#ENG-128;literal exists in official CN native evidence but pairing was not assumed; root review approves current value;origin_machine_translated=unknown	origin_machine_translated=unknown; the historical origin remains explicit; the current value received row-by-row root review and does not inherit an official/Wiki label unless exact dual-ABI evidence is recorded.
MT-00389	engine_runtime_i18n_root_reviewed	native_engine_i18n	madomagi/engine_i18n.tsv	13	zhCN	「ダウンロードしない」を選択した場合、ボイス、ムービーは再生されません。	如选择“不下载”，将无法播放语音和动画。	如选择“不下载”，将无法播放语音和动画。	madomagi/engine_i18n.tsv#13/zhCN	manual-semantic-reviewed	unknown	magica/research/totentanz-full-localization-20260817/engine-i18n/final-root-review-20260819/engine_unknown_212_root_review_sidecar.json#ENG-013;root semantic review against Japanese source and adjacent official terminology; not an exact official whole-string;origin_machine_translated=unknown	false	root-row-by-row-semantic-review	root-reviewed-approved	「ダウンロードしない」を選択した場合、ボイス、ムービーは再生されません。		manual-semantic-reviewed	final-root-review-20260819	ENG-013	HiiragiNemu project root semantic review	false	true; legacy client reads <files>/madomagi/engine_i18n.tsv	manual-semantic-reviewed	如选择“不下载”，将无法播放语音和动画。	root-reviewed-approved	medium	root_reviewed_engine_translation	root-reviewed-approved	magica/research/totentanz-full-localization-20260817/engine-i18n/final-root-review-20260819/engine_unknown_212_root_review_sidecar.json#ENG-013;root semantic review against Japanese source and adjacent official terminology; not an exact official whole-string;origin_machine_translated=unknown	origin_machine_translated=unknown; the historical origin remains explicit; the current value received row-by-row root review and does not inherit an official/Wiki label unless exact dual-ABI evidence is recorded.
MT-00390	engine_runtime_i18n_root_reviewed	native_engine_i18n	madomagi/engine_i18n.tsv	130	zhCN	敵の攻撃時、ターゲットを自分に変更	敌方攻击时，将目标改为自己	敌方攻击时，将目标改为自己	madomagi/engine_i18n.tsv#130/zhCN	manual-semantic-reviewed	unknown	magica/research/totentanz-full-localization-20260817/engine-i18n/final-root-review-20260819/engine_unknown_212_root_review_sidecar.json#ENG-130;prior semantic pass plus current row review; provenance remains manual-semantic-reviewed;origin_machine_translated=unknown	false	root-row-by-row-semantic-review	root-reviewed-approved	敵の攻撃時、ターゲットを自分に変更		manual-semantic-reviewed	final-root-review-20260819	ENG-130	HiiragiNemu project root semantic review	false	true; legacy client reads <files>/madomagi/engine_i18n.tsv	manual-semantic-reviewed	敌方攻击时，将目标改为自己	root-reviewed-approved	medium	root_reviewed_engine_translation	root-reviewed-approved	magica/research/totentanz-full-localization-20260817/engine-i18n/final-root-review-20260819/engine_unknown_212_root_review_sidecar.json#ENG-130;prior semantic pass plus current row review; provenance remains manual-semantic-reviewed;origin_machine_translated=unknown	origin_machine_translated=unknown; the historical origin remains explicit; the current value received row-by-row root review and does not inherit an official/Wiki label unless exact dual-ABI evidence is recorded.
MT-00391	engine_runtime_i18n_root_reviewed	native_engine_i18n	madomagi/engine_i18n.tsv	132	zhCN	仲間の代わりに攻撃を受ける	代替队友承受攻击	代替队友承受攻击	madomagi/engine_i18n.tsv#132/zhCN	manual-semantic-reviewed	unknown	magica/research/totentanz-full-localization-20260817/engine-i18n/final-root-review-20260819/engine_unknown_212_root_review_sidecar.json#ENG-132;prior semantic pass plus current row review; provenance remains manual-semantic-reviewed;origin_machine_translated=unknown	false	root-row-by-row-semantic-review	root-reviewed-approved	仲間の代わりに攻撃を受ける		manual-semantic-reviewed	final-root-review-20260819	ENG-132	HiiragiNemu project root semantic review	false	true; legacy client reads <files>/madomagi/engine_i18n.tsv	manual-semantic-reviewed	代替队友承受攻击	root-reviewed-approved	medium	root_reviewed_engine_translation	root-reviewed-approved	magica/research/totentanz-full-localization-20260817/engine-i18n/final-root-review-20260819/engine_unknown_212_root_review_sidecar.json#ENG-132;prior semantic pass plus current row review; provenance remains manual-semantic-reviewed;origin_machine_translated=unknown	origin_machine_translated=unknown; the historical origin remains explicit; the current value received row-by-row root review and does not inherit an official/Wiki label unless exact dual-ABI evidence is recorded.
MT-00392	engine_runtime_i18n_root_reviewed	native_engine_i18n	madomagi/engine_i18n.tsv	133	zhCN	状態異常ダメージアップ	异常状态伤害提升	异常状态伤害提升	madomagi/engine_i18n.tsv#133/zhCN	manual-semantic-reviewed	unknown	magica/research/totentanz-full-localization-20260817/engine-i18n/final-root-review-20260819/engine_unknown_212_root_review_sidecar.json#ENG-133;literal exists in official CN native evidence but pairing was not assumed; root review approves current value;origin_machine_translated=unknown	false	root-row-by-row-semantic-review	root-reviewed-approved	状態異常ダメージアップ		manual-semantic-reviewed	final-root-review-20260819	ENG-133	HiiragiNemu project root semantic review	false	true; legacy client reads <files>/madomagi/engine_i18n.tsv	manual-semantic-reviewed	异常状态伤害提升	root-reviewed-approved	medium	root_reviewed_engine_translation	root-reviewed-approved	magica/research/totentanz-full-localization-20260817/engine-i18n/final-root-review-20260819/engine_unknown_212_root_review_sidecar.json#ENG-133;literal exists in official CN native evidence but pairing was not assumed; root review approves current value;origin_machine_translated=unknown	origin_machine_translated=unknown; the historical origin remains explicit; the current value received row-by-row root review and does not inherit an official/Wiki label unless exact dual-ABI evidence is recorded.
MT-00393	engine_runtime_i18n_root_reviewed	native_engine_i18n	madomagi/engine_i18n.tsv	134	zhCN	攻撃対象が悪い状態時に与えるダメージが上昇	攻击目标处于状态异常时，造成的伤害提升	攻击目标处于状态异常时，造成的伤害提升	madomagi/engine_i18n.tsv#134/zhCN	manual-semantic-reviewed	unknown	magica/research/totentanz-full-localization-20260817/engine-i18n/root-reviewed-semantic-corrections.json#ENG-134;D:/magia/MyProducts/MAGIA RECORD CN/Full_Raw_Dump_V2/magica/api/page/ArenaSimulate_001.json; official term=状态异常时伤害提升; count=103; not claimed as whole-string stable-ID match;C:\Users\proje\Documents\Codex\2026-08-06\https-github-com-hiiraginemu-magireco-wiki-3\work\next_round_execution_20260819\engine_unknown_256_semantic_apply_35\engine_semantic_35_verification.json	false	official-cn-terminology-plus-source-context	root-reviewed-approved	攻撃対象が悪い状態時に与えるダメージが上昇		manual-semantic-reviewed	root-reviewed-term-closure	ENG-134	HiiragiNemu project root semantic review	false	true; legacy client reads <files>/madomagi/engine_i18n.tsv	manual-semantic-reviewed	攻击目标处于状态异常时，造成的伤害提升	root-reviewed-approved	medium	root_reviewed_engine_translation	root-reviewed-approved	magica/research/totentanz-full-localization-20260817/engine-i18n/root-reviewed-semantic-corrections.json#ENG-134;D:/magia/MyProducts/MAGIA RECORD CN/Full_Raw_Dump_V2/magica/api/page/ArenaSimulate_001.json; official term=状态异常时伤害提升; count=103; not claimed as whole-string stable-ID match;C:\Users\proje\Documents\Codex\2026-08-06\https-github-com-hiiraginemu-magireco-wiki-3\work\next_round_execution_20260819\engine_unknown_256_semantic_apply_35\engine_semantic_35_verification.json	采用旧国服高频术语，并按日文源键补足中文语序；不冒充整句官中。
MT-00394	engine_runtime_i18n_root_reviewed	native_engine_i18n	madomagi/engine_i18n.tsv	136	zhCN	致死ダメージを受けても1ターン生存、次ターンにHP回復	受到致命伤害也存活1回合，下回合回复HP	受到致命伤害也存活1回合，下回合回复HP	madomagi/engine_i18n.tsv#136/zhCN	manual-semantic-reviewed	unknown	magica/research/totentanz-full-localization-20260817/engine-i18n/final-root-review-20260819/engine_unknown_212_root_review_sidecar.json#ENG-136;prior semantic pass plus current row review; provenance remains manual-semantic-reviewed;origin_machine_translated=unknown	false	root-row-by-row-semantic-review	root-reviewed-approved	致死ダメージを受けても1ターン生存、次ターンにHP回復		manual-semantic-reviewed	final-root-review-20260819	ENG-136	HiiragiNemu project root semantic review	false	true; legacy client reads <files>/madomagi/engine_i18n.tsv	manual-semantic-reviewed	受到致命伤害也存活1回合，下回合回复HP	root-reviewed-approved	medium	root_reviewed_engine_translation	root-reviewed-approved	magica/research/totentanz-full-localization-20260817/engine-i18n/final-root-review-20260819/engine_unknown_212_root_review_sidecar.json#ENG-136;prior semantic pass plus current row review; provenance remains manual-semantic-reviewed;origin_machine_translated=unknown	origin_machine_translated=unknown; the historical origin remains explicit; the current value received row-by-row root review and does not inherit an official/Wiki label unless exact dual-ABI evidence is recorded.
MT-00395	engine_runtime_i18n_root_reviewed	native_engine_i18n	madomagi/engine_i18n.tsv	137	zhCN	毎ターンMP回復	每回合回复MP	每回合回复MP	madomagi/engine_i18n.tsv#137/zhCN	manual-semantic-reviewed	unknown	magica/research/totentanz-full-localization-20260817/engine-i18n/final-root-review-20260819/engine_unknown_212_root_review_sidecar.json#ENG-137;literal exists in official CN native evidence but pairing was not assumed; root review approves current value;origin_machine_translated=unknown	false	root-row-by-row-semantic-review	root-reviewed-approved	毎ターンMP回復		manual-semantic-reviewed	final-root-review-20260819	ENG-137	HiiragiNemu project root semantic review	false	true; legacy client reads <files>/madomagi/engine_i18n.tsv	manual-semantic-reviewed	每回合回复MP	root-reviewed-approved	medium	root_reviewed_engine_translation	root-reviewed-approved	magica/research/totentanz-full-localization-20260817/engine-i18n/final-root-review-20260819/engine_unknown_212_root_review_sidecar.json#ENG-137;literal exists in official CN native evidence but pairing was not assumed; root review approves current value;origin_machine_translated=unknown	origin_machine_translated=unknown; the historical origin remains explicit; the current value received row-by-row root review and does not inherit an official/Wiki label unless exact dual-ABI evidence is recorded.
MT-00396	engine_runtime_i18n_root_reviewed	native_engine_i18n	madomagi/engine_i18n.tsv	138	zhCN	ダメージカット無視	无视伤害削减	无视伤害削减	madomagi/engine_i18n.tsv#138/zhCN	manual-semantic-reviewed	unknown	magica/research/totentanz-full-localization-20260817/engine-i18n/final-root-review-20260819/engine_unknown_212_root_review_sidecar.json#ENG-138;literal exists in official CN native evidence but pairing was not assumed; root review approves current value;origin_machine_translated=unknown	false	root-row-by-row-semantic-review	root-reviewed-approved	ダメージカット無視		manual-semantic-reviewed	final-root-review-20260819	ENG-138	HiiragiNemu project root semantic review	false	true; legacy client reads <files>/madomagi/engine_i18n.tsv	manual-semantic-reviewed	无视伤害削减	root-reviewed-approved	medium	root_reviewed_engine_translation	root-reviewed-approved	magica/research/totentanz-full-localization-20260817/engine-i18n/final-root-review-20260819/engine_unknown_212_root_review_sidecar.json#ENG-138;literal exists in official CN native evidence but pairing was not assumed; root review approves current value;origin_machine_translated=unknown	origin_machine_translated=unknown; the historical origin remains explicit; the current value received row-by-row root review and does not inherit an official/Wiki label unless exact dual-ABI evidence is recorded.
MT-00397	engine_runtime_i18n_root_reviewed	native_engine_i18n	madomagi/engine_i18n.tsv	140	zhCN	Acceleダメージカット	Accele伤害削减	Accele伤害削减	madomagi/engine_i18n.tsv#140/zhCN	manual-semantic-reviewed	unknown	magica/research/totentanz-full-localization-20260817/engine-i18n/final-root-review-20260819/engine_unknown_212_root_review_sidecar.json#ENG-140;literal exists in official CN native evidence but pairing was not assumed; root review approves current value;origin_machine_translated=unknown	false	root-row-by-row-semantic-review	root-reviewed-approved	Acceleダメージカット		manual-semantic-reviewed	final-root-review-20260819	ENG-140	HiiragiNemu project root semantic review	false	true; legacy client reads <files>/madomagi/engine_i18n.tsv	manual-semantic-reviewed	Accele伤害削减	root-reviewed-approved	medium	root_reviewed_engine_translation	root-reviewed-approved	magica/research/totentanz-full-localization-20260817/engine-i18n/final-root-review-20260819/engine_unknown_212_root_review_sidecar.json#ENG-140;literal exists in official CN native evidence but pairing was not assumed; root review approves current value;origin_machine_translated=unknown	origin_machine_translated=unknown; the historical origin remains explicit; the current value received row-by-row root review and does not inherit an official/Wiki label unless exact dual-ABI evidence is recorded.
MT-00398	engine_runtime_i18n_root_reviewed	native_engine_i18n	madomagi/engine_i18n.tsv	141	zhCN	Acceleによるダメージが減少	Accele造成的伤害减少	Accele造成的伤害减少	madomagi/engine_i18n.tsv#141/zhCN	manual-semantic-reviewed	unknown	magica/research/totentanz-full-localization-20260817/engine-i18n/root-reviewed-semantic-corrections.json#ENG-141;D:/magia/MyProducts/MAGIA RECORD CN/Full_Raw_Dump_V2 (corpus literal count 1808); official term=伤害削减; count=1808; not claimed as whole-string stable-ID match;C:\Users\proje\Documents\Codex\2026-08-06\https-github-com-hiiraginemu-magireco-wiki-3\work\next_round_execution_20260819\engine_unknown_256_semantic_apply_35\engine_semantic_35_verification.json	false	official-cn-terminology-plus-source-context	root-reviewed-approved	Acceleによるダメージが減少		manual-semantic-reviewed	root-reviewed-term-closure	ENG-141	HiiragiNemu project root semantic review	false	true; legacy client reads <files>/madomagi/engine_i18n.tsv	manual-semantic-reviewed	Accele造成的伤害减少	root-reviewed-approved	medium	root_reviewed_engine_translation	root-reviewed-approved	magica/research/totentanz-full-localization-20260817/engine-i18n/root-reviewed-semantic-corrections.json#ENG-141;D:/magia/MyProducts/MAGIA RECORD CN/Full_Raw_Dump_V2 (corpus literal count 1808); official term=伤害削减; count=1808; not claimed as whole-string stable-ID match;C:\Users\proje\Documents\Codex\2026-08-06\https-github-com-hiiraginemu-magireco-wiki-3\work\next_round_execution_20260819\engine_unknown_256_semantic_apply_35\engine_semantic_35_verification.json	采用旧国服高频术语，并按日文源键补足中文语序；不冒充整句官中。
MT-00399	engine_runtime_i18n_root_reviewed	native_engine_i18n	madomagi/engine_i18n.tsv	142	zhCN	Blastダメージカット	Blast伤害削减	Blast伤害削减	madomagi/engine_i18n.tsv#142/zhCN	manual-semantic-reviewed	unknown	magica/research/totentanz-full-localization-20260817/engine-i18n/final-root-review-20260819/engine_unknown_212_root_review_sidecar.json#ENG-142;literal exists in official CN native evidence but pairing was not assumed; root review approves current value;origin_machine_translated=unknown	false	root-row-by-row-semantic-review	root-reviewed-approved	Blastダメージカット		manual-semantic-reviewed	final-root-review-20260819	ENG-142	HiiragiNemu project root semantic review	false	true; legacy client reads <files>/madomagi/engine_i18n.tsv	manual-semantic-reviewed	Blast伤害削减	root-reviewed-approved	medium	root_reviewed_engine_translation	root-reviewed-approved	magica/research/totentanz-full-localization-20260817/engine-i18n/final-root-review-20260819/engine_unknown_212_root_review_sidecar.json#ENG-142;literal exists in official CN native evidence but pairing was not assumed; root review approves current value;origin_machine_translated=unknown	origin_machine_translated=unknown; the historical origin remains explicit; the current value received row-by-row root review and does not inherit an official/Wiki label unless exact dual-ABI evidence is recorded.
MT-00400	engine_runtime_i18n_root_reviewed	native_engine_i18n	madomagi/engine_i18n.tsv	143	zhCN	Blastによるダメージが減少	Blast造成的伤害减少	Blast造成的伤害减少	madomagi/engine_i18n.tsv#143/zhCN	manual-semantic-reviewed	unknown	magica/research/totentanz-full-localization-20260817/engine-i18n/root-reviewed-semantic-corrections.json#ENG-143;D:/magia/MyProducts/MAGIA RECORD CN/Full_Raw_Dump_V2 (corpus literal count 1808); official term=伤害削减; count=1808; not claimed as whole-string stable-ID match;C:\Users\proje\Documents\Codex\2026-08-06\https-github-com-hiiraginemu-magireco-wiki-3\work\next_round_execution_20260819\engine_unknown_256_semantic_apply_35\engine_semantic_35_verification.json	false	official-cn-terminology-plus-source-context	root-reviewed-approved	Blastによるダメージが減少		manual-semantic-reviewed	root-reviewed-term-closure	ENG-143	HiiragiNemu project root semantic review	false	true; legacy client reads <files>/madomagi/engine_i18n.tsv	manual-semantic-reviewed	Blast造成的伤害减少	root-reviewed-approved	medium	root_reviewed_engine_translation	root-reviewed-approved	magica/research/totentanz-full-localization-20260817/engine-i18n/root-reviewed-semantic-corrections.json#ENG-143;D:/magia/MyProducts/MAGIA RECORD CN/Full_Raw_Dump_V2 (corpus literal count 1808); official term=伤害削减; count=1808; not claimed as whole-string stable-ID match;C:\Users\proje\Documents\Codex\2026-08-06\https-github-com-hiiraginemu-magireco-wiki-3\work\next_round_execution_20260819\engine_unknown_256_semantic_apply_35\engine_semantic_35_verification.json	采用旧国服高频术语，并按日文源键补足中文语序；不冒充整句官中。
MT-00401	engine_runtime_i18n_root_reviewed	native_engine_i18n	madomagi/engine_i18n.tsv	144	zhCN	Chargeダメージカット	Charge伤害削减	Charge伤害削减	madomagi/engine_i18n.tsv#144/zhCN	manual-semantic-reviewed	unknown	magica/research/totentanz-full-localization-20260817/engine-i18n/final-root-review-20260819/engine_unknown_212_root_review_sidecar.json#ENG-144;literal exists in official CN native evidence but pairing was not assumed; root review approves current value;origin_machine_translated=unknown	false	root-row-by-row-semantic-review	root-reviewed-approved	Chargeダメージカット		manual-semantic-reviewed	final-root-review-20260819	ENG-144	HiiragiNemu project root semantic review	false	true; legacy client reads <files>/madomagi/engine_i18n.tsv	manual-semantic-reviewed	Charge伤害削减	root-reviewed-approved	medium	root_reviewed_engine_translation	root-reviewed-approved	magica/research/totentanz-full-localization-20260817/engine-i18n/final-root-review-20260819/engine_unknown_212_root_review_sidecar.json#ENG-144;literal exists in official CN native evidence but pairing was not assumed; root review approves current value;origin_machine_translated=unknown	origin_machine_translated=unknown; the historical origin remains explicit; the current value received row-by-row root review and does not inherit an official/Wiki label unless exact dual-ABI evidence is recorded.
MT-00402	engine_runtime_i18n_root_reviewed	native_engine_i18n	madomagi/engine_i18n.tsv	145	zhCN	Chargeによるダメージが減少	Charge造成的伤害减少	Charge造成的伤害减少	madomagi/engine_i18n.tsv#145/zhCN	manual-semantic-reviewed	unknown	magica/research/totentanz-full-localization-20260817/engine-i18n/root-reviewed-semantic-corrections.json#ENG-145;D:/magia/MyProducts/MAGIA RECORD CN/Full_Raw_Dump_V2 (corpus literal count 1808); official term=伤害削减; count=1808; not claimed as whole-string stable-ID match;C:\Users\proje\Documents\Codex\2026-08-06\https-github-com-hiiraginemu-magireco-wiki-3\work\next_round_execution_20260819\engine_unknown_256_semantic_apply_35\engine_semantic_35_verification.json	false	official-cn-terminology-plus-source-context	root-reviewed-approved	Chargeによるダメージが減少		manual-semantic-reviewed	root-reviewed-term-closure	ENG-145	HiiragiNemu project root semantic review	false	true; legacy client reads <files>/madomagi/engine_i18n.tsv	manual-semantic-reviewed	Charge造成的伤害减少	root-reviewed-approved	medium	root_reviewed_engine_translation	root-reviewed-approved	magica/research/totentanz-full-localization-20260817/engine-i18n/root-reviewed-semantic-corrections.json#ENG-145;D:/magia/MyProducts/MAGIA RECORD CN/Full_Raw_Dump_V2 (corpus literal count 1808); official term=伤害削减; count=1808; not claimed as whole-string stable-ID match;C:\Users\proje\Documents\Codex\2026-08-06\https-github-com-hiiraginemu-magireco-wiki-3\work\next_round_execution_20260819\engine_unknown_256_semantic_apply_35\engine_semantic_35_verification.json	采用旧国服高频术语，并按日文源键补足中文语序；不冒充整句官中。
MT-00403	engine_runtime_i18n_root_reviewed	native_engine_i18n	madomagi/engine_i18n.tsv	146	zhCN	Charge後ダメージカット	Charge后伤害削减	Charge后伤害削减	madomagi/engine_i18n.tsv#146/zhCN	manual-semantic-reviewed	unknown	magica/research/totentanz-full-localization-20260817/engine-i18n/final-root-review-20260819/engine_unknown_212_root_review_sidecar.json#ENG-146;literal exists in official CN native evidence but pairing was not assumed; root review approves current value;origin_machine_translated=unknown	false	root-row-by-row-semantic-review	root-reviewed-approved	Charge後ダメージカット		manual-semantic-reviewed	final-root-review-20260819	ENG-146	HiiragiNemu project root semantic review	false	true; legacy client reads <files>/madomagi/engine_i18n.tsv	manual-semantic-reviewed	Charge后伤害削减	root-reviewed-approved	medium	root_reviewed_engine_translation	root-reviewed-approved	magica/research/totentanz-full-localization-20260817/engine-i18n/final-root-review-20260819/engine_unknown_212_root_review_sidecar.json#ENG-146;literal exists in official CN native evidence but pairing was not assumed; root review approves current value;origin_machine_translated=unknown	origin_machine_translated=unknown; the historical origin remains explicit; the current value received row-by-row root review and does not inherit an official/Wiki label unless exact dual-ABI evidence is recorded.
MT-00404	engine_runtime_i18n_root_reviewed	native_engine_i18n	madomagi/engine_i18n.tsv	147	zhCN	チャージ後のみダメージを減少	仅减少Charge后的伤害	仅减少Charge后的伤害	madomagi/engine_i18n.tsv#147/zhCN	manual-semantic-reviewed	unknown	magica/research/totentanz-full-localization-20260817/engine-i18n/root-reviewed-semantic-corrections.json#ENG-147;D:/magia/MyProducts/MAGIA RECORD CN/Full_Raw_Dump_V2 (corpus literal count 1808); official term=伤害削减; count=1808; not claimed as whole-string stable-ID match;C:\Users\proje\Documents\Codex\2026-08-06\https-github-com-hiiraginemu-magireco-wiki-3\work\next_round_execution_20260819\engine_unknown_256_semantic_apply_35\engine_semantic_35_verification.json	false	official-cn-terminology-plus-source-context	root-reviewed-approved	チャージ後のみダメージを減少		manual-semantic-reviewed	root-reviewed-term-closure	ENG-147	HiiragiNemu project root semantic review	false	true; legacy client reads <files>/madomagi/engine_i18n.tsv	manual-semantic-reviewed	仅减少Charge后的伤害	root-reviewed-approved	medium	root_reviewed_engine_translation	root-reviewed-approved	magica/research/totentanz-full-localization-20260817/engine-i18n/root-reviewed-semantic-corrections.json#ENG-147;D:/magia/MyProducts/MAGIA RECORD CN/Full_Raw_Dump_V2 (corpus literal count 1808); official term=伤害削减; count=1808; not claimed as whole-string stable-ID match;C:\Users\proje\Documents\Codex\2026-08-06\https-github-com-hiiraginemu-magireco-wiki-3\work\next_round_execution_20260819\engine_unknown_256_semantic_apply_35\engine_semantic_35_verification.json	采用旧国服高频术语，并按日文源键补足中文语序；不冒充整句官中。
MT-00405	engine_runtime_i18n_root_reviewed	native_engine_i18n	madomagi/engine_i18n.tsv	148	zhCN	マギアダメージカット	Magia伤害削减	Magia伤害削减	madomagi/engine_i18n.tsv#148/zhCN	manual-semantic-reviewed	unknown	magica/research/totentanz-full-localization-20260817/engine-i18n/final-root-review-20260819/engine_unknown_212_root_review_sidecar.json#ENG-148;literal exists in official CN native evidence but pairing was not assumed; root review approves current value;origin_machine_translated=unknown	false	root-row-by-row-semantic-review	root-reviewed-approved	マギアダメージカット		manual-semantic-reviewed	final-root-review-20260819	ENG-148	HiiragiNemu project root semantic review	false	true; legacy client reads <files>/madomagi/engine_i18n.tsv	manual-semantic-reviewed	Magia伤害削减	root-reviewed-approved	medium	root_reviewed_engine_translation	root-reviewed-approved	magica/research/totentanz-full-localization-20260817/engine-i18n/final-root-review-20260819/engine_unknown_212_root_review_sidecar.json#ENG-148;literal exists in official CN native evidence but pairing was not assumed; root review approves current value;origin_machine_translated=unknown	origin_machine_translated=unknown; the historical origin remains explicit; the current value received row-by-row root review and does not inherit an official/Wiki label unless exact dual-ABI evidence is recorded.
MT-00406	engine_runtime_i18n_root_reviewed	native_engine_i18n	madomagi/engine_i18n.tsv	149	zhCN	火属性ダメージカット 	火属性伤害削减	火属性伤害削减	madomagi/engine_i18n.tsv#149/zhCN	manual-semantic-reviewed	unknown	magica/research/totentanz-full-localization-20260817/engine-i18n/final-root-review-20260819/engine_unknown_212_root_review_sidecar.json#ENG-149;prior semantic pass plus current row review; provenance remains manual-semantic-reviewed;origin_machine_translated=unknown	false	root-row-by-row-semantic-review	root-reviewed-approved	火属性ダメージカット 		manual-semantic-reviewed	final-root-review-20260819	ENG-149	HiiragiNemu project root semantic review	false	true; legacy client reads <files>/madomagi/engine_i18n.tsv	manual-semantic-reviewed	火属性伤害削减	root-reviewed-approved	medium	root_reviewed_engine_translation	root-reviewed-approved	magica/research/totentanz-full-localization-20260817/engine-i18n/final-root-review-20260819/engine_unknown_212_root_review_sidecar.json#ENG-149;prior semantic pass plus current row review; provenance remains manual-semantic-reviewed;origin_machine_translated=unknown	origin_machine_translated=unknown; the historical origin remains explicit; the current value received row-by-row root review and does not inherit an official/Wiki label unless exact dual-ABI evidence is recorded.
MT-00407	engine_runtime_i18n_root_reviewed	native_engine_i18n	madomagi/engine_i18n.tsv	15	zhCN	データ数が多いためWi-Fi環境でのダウンロードをお勧めします。\nプロローグ中もダウンロードを継続していますのでWi-Fi環境でのプレイをお勧めします。	数据量较大，建议在Wi-Fi环境下下载。\n序章期间也会继续下载，建议在Wi-Fi环境下游玩。	数据量较大，建议在Wi-Fi环境下下载。\n序章期间也会继续下载，建议在Wi-Fi环境下游玩。	madomagi/engine_i18n.tsv#15/zhCN	manual-semantic-reviewed	unknown	magica/research/totentanz-full-localization-20260817/engine-i18n/final-root-review-20260819/engine_unknown_212_root_review_sidecar.json#ENG-015;prior semantic pass plus current row review; provenance remains manual-semantic-reviewed;origin_machine_translated=unknown	false	root-row-by-row-semantic-review	root-reviewed-approved	データ数が多いためWi-Fi環境でのダウンロードをお勧めします。\nプロローグ中もダウンロードを継続していますのでWi-Fi環境でのプレイをお勧めします。		manual-semantic-reviewed	final-root-review-20260819	ENG-015	HiiragiNemu project root semantic review	false	true; legacy client reads <files>/madomagi/engine_i18n.tsv	manual-semantic-reviewed	数据量较大，建议在Wi-Fi环境下下载。\n序章期间也会继续下载，建议在Wi-Fi环境下游玩。	root-reviewed-approved	medium	root_reviewed_engine_translation	root-reviewed-approved	magica/research/totentanz-full-localization-20260817/engine-i18n/final-root-review-20260819/engine_unknown_212_root_review_sidecar.json#ENG-015;prior semantic pass plus current row review; provenance remains manual-semantic-reviewed;origin_machine_translated=unknown	origin_machine_translated=unknown; the historical origin remains explicit; the current value received row-by-row root review and does not inherit an official/Wiki label unless exact dual-ABI evidence is recorded.
MT-00408	engine_runtime_i18n_root_reviewed	native_engine_i18n	madomagi/engine_i18n.tsv	150	zhCN	火属性からのダメージが減少	受到火属性的伤害减少	受到火属性的伤害减少	madomagi/engine_i18n.tsv#150/zhCN	manual-semantic-reviewed	unknown	magica/research/totentanz-full-localization-20260817/engine-i18n/root-reviewed-semantic-corrections.json#ENG-150;D:/magia/MyProducts/MAGIA RECORD CN/Full_Raw_Dump_V2 (corpus literal count 1808); official term=伤害削减; count=1808; not claimed as whole-string stable-ID match;C:\Users\proje\Documents\Codex\2026-08-06\https-github-com-hiiraginemu-magireco-wiki-3\work\next_round_execution_20260819\engine_unknown_256_semantic_apply_35\engine_semantic_35_verification.json	false	official-cn-terminology-plus-source-context	root-reviewed-approved	火属性からのダメージが減少		manual-semantic-reviewed	root-reviewed-term-closure	ENG-150	HiiragiNemu project root semantic review	false	true; legacy client reads <files>/madomagi/engine_i18n.tsv	manual-semantic-reviewed	受到火属性的伤害减少	root-reviewed-approved	medium	root_reviewed_engine_translation	root-reviewed-approved	magica/research/totentanz-full-localization-20260817/engine-i18n/root-reviewed-semantic-corrections.json#ENG-150;D:/magia/MyProducts/MAGIA RECORD CN/Full_Raw_Dump_V2 (corpus literal count 1808); official term=伤害削减; count=1808; not claimed as whole-string stable-ID match;C:\Users\proje\Documents\Codex\2026-08-06\https-github-com-hiiraginemu-magireco-wiki-3\work\next_round_execution_20260819\engine_unknown_256_semantic_apply_35\engine_semantic_35_verification.json	采用旧国服高频术语，并按日文源键补足中文语序；不冒充整句官中。
MT-00409	engine_runtime_i18n_root_reviewed	native_engine_i18n	madomagi/engine_i18n.tsv	151	zhCN	水属性ダメージカット	水属性伤害削减	水属性伤害削减	madomagi/engine_i18n.tsv#151/zhCN	manual-semantic-reviewed	unknown	magica/research/totentanz-full-localization-20260817/engine-i18n/final-root-review-20260819/engine_unknown_212_root_review_sidecar.json#ENG-151;literal exists in official CN native evidence but pairing was not assumed; root review approves current value;origin_machine_translated=unknown	false	root-row-by-row-semantic-review	root-reviewed-approved	水属性ダメージカット		manual-semantic-reviewed	final-root-review-20260819	ENG-151	HiiragiNemu project root semantic review	false	true; legacy client reads <files>/madomagi/engine_i18n.tsv	manual-semantic-reviewed	水属性伤害削减	root-reviewed-approved	medium	root_reviewed_engine_translation	root-reviewed-approved	magica/research/totentanz-full-localization-20260817/engine-i18n/final-root-review-20260819/engine_unknown_212_root_review_sidecar.json#ENG-151;literal exists in official CN native evidence but pairing was not assumed; root review approves current value;origin_machine_translated=unknown	origin_machine_translated=unknown; the historical origin remains explicit; the current value received row-by-row root review and does not inherit an official/Wiki label unless exact dual-ABI evidence is recorded.
MT-00410	engine_runtime_i18n_root_reviewed	native_engine_i18n	madomagi/engine_i18n.tsv	152	zhCN	水属性からのダメージが減少	受到水属性的伤害减少	受到水属性的伤害减少	madomagi/engine_i18n.tsv#152/zhCN	manual-semantic-reviewed	unknown	magica/research/totentanz-full-localization-20260817/engine-i18n/root-reviewed-semantic-corrections.json#ENG-152;D:/magia/MyProducts/MAGIA RECORD CN/Full_Raw_Dump_V2 (corpus literal count 1808); official term=伤害削减; count=1808; not claimed as whole-string stable-ID match;C:\Users\proje\Documents\Codex\2026-08-06\https-github-com-hiiraginemu-magireco-wiki-3\work\next_round_execution_20260819\engine_unknown_256_semantic_apply_35\engine_semantic_35_verification.json	false	official-cn-terminology-plus-source-context	root-reviewed-approved	水属性からのダメージが減少		manual-semantic-reviewed	root-reviewed-term-closure	ENG-152	HiiragiNemu project root semantic review	false	true; legacy client reads <files>/madomagi/engine_i18n.tsv	manual-semantic-reviewed	受到水属性的伤害减少	root-reviewed-approved	medium	root_reviewed_engine_translation	root-reviewed-approved	magica/research/totentanz-full-localization-20260817/engine-i18n/root-reviewed-semantic-corrections.json#ENG-152;D:/magia/MyProducts/MAGIA RECORD CN/Full_Raw_Dump_V2 (corpus literal count 1808); official term=伤害削减; count=1808; not claimed as whole-string stable-ID match;C:\Users\proje\Documents\Codex\2026-08-06\https-github-com-hiiraginemu-magireco-wiki-3\work\next_round_execution_20260819\engine_unknown_256_semantic_apply_35\engine_semantic_35_verification.json	采用旧国服高频术语，并按日文源键补足中文语序；不冒充整句官中。
MT-00411	engine_runtime_i18n_root_reviewed	native_engine_i18n	madomagi/engine_i18n.tsv	153	zhCN	木属性ダメージカット	木属性伤害削减	木属性伤害削减	madomagi/engine_i18n.tsv#153/zhCN	manual-semantic-reviewed	unknown	magica/research/totentanz-full-localization-20260817/engine-i18n/final-root-review-20260819/engine_unknown_212_root_review_sidecar.json#ENG-153;literal exists in official CN native evidence but pairing was not assumed; root review approves current value;origin_machine_translated=unknown	false	root-row-by-row-semantic-review	root-reviewed-approved	木属性ダメージカット		manual-semantic-reviewed	final-root-review-20260819	ENG-153	HiiragiNemu project root semantic review	false	true; legacy client reads <files>/madomagi/engine_i18n.tsv	manual-semantic-reviewed	木属性伤害削减	root-reviewed-approved	medium	root_reviewed_engine_translation	root-reviewed-approved	magica/research/totentanz-full-localization-20260817/engine-i18n/final-root-review-20260819/engine_unknown_212_root_review_sidecar.json#ENG-153;literal exists in official CN native evidence but pairing was not assumed; root review approves current value;origin_machine_translated=unknown	origin_machine_translated=unknown; the historical origin remains explicit; the current value received row-by-row root review and does not inherit an official/Wiki label unless exact dual-ABI evidence is recorded.
MT-00412	engine_runtime_i18n_root_reviewed	native_engine_i18n	madomagi/engine_i18n.tsv	154	zhCN	木属性からのダメージが減少	受到木属性的伤害减少	受到木属性的伤害减少	madomagi/engine_i18n.tsv#154/zhCN	manual-semantic-reviewed	unknown	magica/research/totentanz-full-localization-20260817/engine-i18n/root-reviewed-semantic-corrections.json#ENG-154;D:/magia/MyProducts/MAGIA RECORD CN/Full_Raw_Dump_V2 (corpus literal count 1808); official term=伤害削减; count=1808; not claimed as whole-string stable-ID match;C:\Users\proje\Documents\Codex\2026-08-06\https-github-com-hiiraginemu-magireco-wiki-3\work\next_round_execution_20260819\engine_unknown_256_semantic_apply_35\engine_semantic_35_verification.json	false	official-cn-terminology-plus-source-context	root-reviewed-approved	木属性からのダメージが減少		manual-semantic-reviewed	root-reviewed-term-closure	ENG-154	HiiragiNemu project root semantic review	false	true; legacy client reads <files>/madomagi/engine_i18n.tsv	manual-semantic-reviewed	受到木属性的伤害减少	root-reviewed-approved	medium	root_reviewed_engine_translation	root-reviewed-approved	magica/research/totentanz-full-localization-20260817/engine-i18n/root-reviewed-semantic-corrections.json#ENG-154;D:/magia/MyProducts/MAGIA RECORD CN/Full_Raw_Dump_V2 (corpus literal count 1808); official term=伤害削减; count=1808; not claimed as whole-string stable-ID match;C:\Users\proje\Documents\Codex\2026-08-06\https-github-com-hiiraginemu-magireco-wiki-3\work\next_round_execution_20260819\engine_unknown_256_semantic_apply_35\engine_semantic_35_verification.json	采用旧国服高频术语，并按日文源键补足中文语序；不冒充整句官中。
MT-00413	engine_runtime_i18n_root_reviewed	native_engine_i18n	madomagi/engine_i18n.tsv	155	zhCN	光属性ダメージカット	光属性伤害削减	光属性伤害削减	madomagi/engine_i18n.tsv#155/zhCN	manual-semantic-reviewed	unknown	magica/research/totentanz-full-localization-20260817/engine-i18n/final-root-review-20260819/engine_unknown_212_root_review_sidecar.json#ENG-155;literal exists in official CN native evidence but pairing was not assumed; root review approves current value;origin_machine_translated=unknown	false	root-row-by-row-semantic-review	root-reviewed-approved	光属性ダメージカット		manual-semantic-reviewed	final-root-review-20260819	ENG-155	HiiragiNemu project root semantic review	false	true; legacy client reads <files>/madomagi/engine_i18n.tsv	manual-semantic-reviewed	光属性伤害削减	root-reviewed-approved	medium	root_reviewed_engine_translation	root-reviewed-approved	magica/research/totentanz-full-localization-20260817/engine-i18n/final-root-review-20260819/engine_unknown_212_root_review_sidecar.json#ENG-155;literal exists in official CN native evidence but pairing was not assumed; root review approves current value;origin_machine_translated=unknown	origin_machine_translated=unknown; the historical origin remains explicit; the current value received row-by-row root review and does not inherit an official/Wiki label unless exact dual-ABI evidence is recorded.
MT-00414	engine_runtime_i18n_root_reviewed	native_engine_i18n	madomagi/engine_i18n.tsv	156	zhCN	光属性からのダメージが減少	受到光属性的伤害减少	受到光属性的伤害减少	madomagi/engine_i18n.tsv#156/zhCN	manual-semantic-reviewed	unknown	magica/research/totentanz-full-localization-20260817/engine-i18n/root-reviewed-semantic-corrections.json#ENG-156;D:/magia/MyProducts/MAGIA RECORD CN/Full_Raw_Dump_V2 (corpus literal count 1808); official term=伤害削减; count=1808; not claimed as whole-string stable-ID match;C:\Users\proje\Documents\Codex\2026-08-06\https-github-com-hiiraginemu-magireco-wiki-3\work\next_round_execution_20260819\engine_unknown_256_semantic_apply_35\engine_semantic_35_verification.json	false	official-cn-terminology-plus-source-context	root-reviewed-approved	光属性からのダメージが減少		manual-semantic-reviewed	root-reviewed-term-closure	ENG-156	HiiragiNemu project root semantic review	false	true; legacy client reads <files>/madomagi/engine_i18n.tsv	manual-semantic-reviewed	受到光属性的伤害减少	root-reviewed-approved	medium	root_reviewed_engine_translation	root-reviewed-approved	magica/research/totentanz-full-localization-20260817/engine-i18n/root-reviewed-semantic-corrections.json#ENG-156;D:/magia/MyProducts/MAGIA RECORD CN/Full_Raw_Dump_V2 (corpus literal count 1808); official term=伤害削减; count=1808; not claimed as whole-string stable-ID match;C:\Users\proje\Documents\Codex\2026-08-06\https-github-com-hiiraginemu-magireco-wiki-3\work\next_round_execution_20260819\engine_unknown_256_semantic_apply_35\engine_semantic_35_verification.json	采用旧国服高频术语，并按日文源键补足中文语序；不冒充整句官中。
MT-00415	engine_runtime_i18n_root_reviewed	native_engine_i18n	madomagi/engine_i18n.tsv	157	zhCN	闇属性ダメージカット	暗属性伤害削减	暗属性伤害削减	madomagi/engine_i18n.tsv#157/zhCN	manual-semantic-reviewed	unknown	magica/research/totentanz-full-localization-20260817/engine-i18n/final-root-review-20260819/engine_unknown_212_root_review_sidecar.json#ENG-157;literal exists in official CN native evidence but pairing was not assumed; root review approves current value;origin_machine_translated=unknown	false	root-row-by-row-semantic-review	root-reviewed-approved	闇属性ダメージカット		manual-semantic-reviewed	final-root-review-20260819	ENG-157	HiiragiNemu project root semantic review	false	true; legacy client reads <files>/madomagi/engine_i18n.tsv	manual-semantic-reviewed	暗属性伤害削减	root-reviewed-approved	medium	root_reviewed_engine_translation	root-reviewed-approved	magica/research/totentanz-full-localization-20260817/engine-i18n/final-root-review-20260819/engine_unknown_212_root_review_sidecar.json#ENG-157;literal exists in official CN native evidence but pairing was not assumed; root review approves current value;origin_machine_translated=unknown	origin_machine_translated=unknown; the historical origin remains explicit; the current value received row-by-row root review and does not inherit an official/Wiki label unless exact dual-ABI evidence is recorded.
MT-00416	engine_runtime_i18n_root_reviewed	native_engine_i18n	madomagi/engine_i18n.tsv	158	zhCN	闇属性からのダメージが減少	受到暗属性的伤害减少	受到暗属性的伤害减少	madomagi/engine_i18n.tsv#158/zhCN	manual-semantic-reviewed	unknown	magica/research/totentanz-full-localization-20260817/engine-i18n/root-reviewed-semantic-corrections.json#ENG-158;D:/magia/MyProducts/MAGIA RECORD CN/Full_Raw_Dump_V2 (corpus literal count 1808); official term=伤害削减; count=1808; not claimed as whole-string stable-ID match;C:\Users\proje\Documents\Codex\2026-08-06\https-github-com-hiiraginemu-magireco-wiki-3\work\next_round_execution_20260819\engine_unknown_256_semantic_apply_35\engine_semantic_35_verification.json	false	official-cn-terminology-plus-source-context	root-reviewed-approved	闇属性からのダメージが減少		manual-semantic-reviewed	root-reviewed-term-closure	ENG-158	HiiragiNemu project root semantic review	false	true; legacy client reads <files>/madomagi/engine_i18n.tsv	manual-semantic-reviewed	受到暗属性的伤害减少	root-reviewed-approved	medium	root_reviewed_engine_translation	root-reviewed-approved	magica/research/totentanz-full-localization-20260817/engine-i18n/root-reviewed-semantic-corrections.json#ENG-158;D:/magia/MyProducts/MAGIA RECORD CN/Full_Raw_Dump_V2 (corpus literal count 1808); official term=伤害削减; count=1808; not claimed as whole-string stable-ID match;C:\Users\proje\Documents\Codex\2026-08-06\https-github-com-hiiraginemu-magireco-wiki-3\work\next_round_execution_20260819\engine_unknown_256_semantic_apply_35\engine_semantic_35_verification.json	采用旧国服高频术语，并按日文源键补足中文语序；不冒充整句官中。
MT-00417	engine_runtime_i18n_root_reviewed	native_engine_i18n	madomagi/engine_i18n.tsv	159	zhCN	無属性ダメージカット	无属性伤害削减	无属性伤害削减	madomagi/engine_i18n.tsv#159/zhCN	manual-semantic-reviewed	unknown	magica/research/totentanz-full-localization-20260817/engine-i18n/final-root-review-20260819/engine_unknown_212_root_review_sidecar.json#ENG-159;literal exists in official CN native evidence but pairing was not assumed; root review approves current value;origin_machine_translated=unknown	false	root-row-by-row-semantic-review	root-reviewed-approved	無属性ダメージカット		manual-semantic-reviewed	final-root-review-20260819	ENG-159	HiiragiNemu project root semantic review	false	true; legacy client reads <files>/madomagi/engine_i18n.tsv	manual-semantic-reviewed	无属性伤害削减	root-reviewed-approved	medium	root_reviewed_engine_translation	root-reviewed-approved	magica/research/totentanz-full-localization-20260817/engine-i18n/final-root-review-20260819/engine_unknown_212_root_review_sidecar.json#ENG-159;literal exists in official CN native evidence but pairing was not assumed; root review approves current value;origin_machine_translated=unknown	origin_machine_translated=unknown; the historical origin remains explicit; the current value received row-by-row root review and does not inherit an official/Wiki label unless exact dual-ABI evidence is recorded.
MT-00418	engine_runtime_i18n_root_reviewed	native_engine_i18n	madomagi/engine_i18n.tsv	16	zhCN	データの整合性チェック中です。	正在检查数据完整性。	正在检查数据完整性。	madomagi/engine_i18n.tsv#16/zhCN	manual-semantic-reviewed	unknown	magica/research/totentanz-full-localization-20260817/engine-i18n/final-root-review-20260819/engine_unknown_212_root_review_sidecar.json#ENG-016;prior semantic pass plus current row review; provenance remains manual-semantic-reviewed;origin_machine_translated=unknown	false	root-row-by-row-semantic-review	root-reviewed-approved	データの整合性チェック中です。		manual-semantic-reviewed	final-root-review-20260819	ENG-016	HiiragiNemu project root semantic review	false	true; legacy client reads <files>/madomagi/engine_i18n.tsv	manual-semantic-reviewed	正在检查数据完整性。	root-reviewed-approved	medium	root_reviewed_engine_translation	root-reviewed-approved	magica/research/totentanz-full-localization-20260817/engine-i18n/final-root-review-20260819/engine_unknown_212_root_review_sidecar.json#ENG-016;prior semantic pass plus current row review; provenance remains manual-semantic-reviewed;origin_machine_translated=unknown	origin_machine_translated=unknown; the historical origin remains explicit; the current value received row-by-row root review and does not inherit an official/Wiki label unless exact dual-ABI evidence is recorded.
MT-00419	engine_runtime_i18n_root_reviewed	native_engine_i18n	madomagi/engine_i18n.tsv	160	zhCN	無属性からのダメージが減少	受到无属性的伤害减少	受到无属性的伤害减少	madomagi/engine_i18n.tsv#160/zhCN	manual-semantic-reviewed	unknown	magica/research/totentanz-full-localization-20260817/engine-i18n/root-reviewed-semantic-corrections.json#ENG-160;D:/magia/MyProducts/MAGIA RECORD CN/Full_Raw_Dump_V2 (corpus literal count 1808); official term=伤害削减; count=1808; not claimed as whole-string stable-ID match;C:\Users\proje\Documents\Codex\2026-08-06\https-github-com-hiiraginemu-magireco-wiki-3\work\next_round_execution_20260819\engine_unknown_256_semantic_apply_35\engine_semantic_35_verification.json	false	official-cn-terminology-plus-source-context	root-reviewed-approved	無属性からのダメージが減少		manual-semantic-reviewed	root-reviewed-term-closure	ENG-160	HiiragiNemu project root semantic review	false	true; legacy client reads <files>/madomagi/engine_i18n.tsv	manual-semantic-reviewed	受到无属性的伤害减少	root-reviewed-approved	medium	root_reviewed_engine_translation	root-reviewed-approved	magica/research/totentanz-full-localization-20260817/engine-i18n/root-reviewed-semantic-corrections.json#ENG-160;D:/magia/MyProducts/MAGIA RECORD CN/Full_Raw_Dump_V2 (corpus literal count 1808); official term=伤害削减; count=1808; not claimed as whole-string stable-ID match;C:\Users\proje\Documents\Codex\2026-08-06\https-github-com-hiiraginemu-magireco-wiki-3\work\next_round_execution_20260819\engine_unknown_256_semantic_apply_35\engine_semantic_35_verification.json	采用旧国服高频术语，并按日文源键补足中文语序；不冒充整句官中。
MT-00420	engine_runtime_i18n_root_reviewed	native_engine_i18n	madomagi/engine_i18n.tsv	161	zhCN	クリティカル無効	暴击无效	暴击无效	madomagi/engine_i18n.tsv#161/zhCN	manual-semantic-reviewed	unknown	magica/research/totentanz-full-localization-20260817/engine-i18n/final-root-review-20260819/engine_unknown_212_root_review_sidecar.json#ENG-161;literal exists in official CN native evidence but pairing was not assumed; root review approves current value;origin_machine_translated=unknown	false	root-row-by-row-semantic-review	root-reviewed-approved	クリティカル無効		manual-semantic-reviewed	final-root-review-20260819	ENG-161	HiiragiNemu project root semantic review	false	true; legacy client reads <files>/madomagi/engine_i18n.tsv	manual-semantic-reviewed	暴击无效	root-reviewed-approved	medium	root_reviewed_engine_translation	root-reviewed-approved	magica/research/totentanz-full-localization-20260817/engine-i18n/final-root-review-20260819/engine_unknown_212_root_review_sidecar.json#ENG-161;literal exists in official CN native evidence but pairing was not assumed; root review approves current value;origin_machine_translated=unknown	origin_machine_translated=unknown; the historical origin remains explicit; the current value received row-by-row root review and does not inherit an official/Wiki label unless exact dual-ABI evidence is recorded.
MT-00421	engine_runtime_i18n_root_reviewed	native_engine_i18n	madomagi/engine_i18n.tsv	162	zhCN	受けたクリティカルを1回無効にする	使受到的暴击无效1次	使受到的暴击无效1次	madomagi/engine_i18n.tsv#162/zhCN	manual-semantic-reviewed	unknown	magica/research/totentanz-full-localization-20260817/engine-i18n/final-root-review-20260819/engine_unknown_212_root_review_sidecar.json#ENG-162;prior semantic pass plus current row review; provenance remains manual-semantic-reviewed;origin_machine_translated=unknown	false	root-row-by-row-semantic-review	root-reviewed-approved	受けたクリティカルを1回無効にする		manual-semantic-reviewed	final-root-review-20260819	ENG-162	HiiragiNemu project root semantic review	false	true; legacy client reads <files>/madomagi/engine_i18n.tsv	manual-semantic-reviewed	使受到的暴击无效1次	root-reviewed-approved	medium	root_reviewed_engine_translation	root-reviewed-approved	magica/research/totentanz-full-localization-20260817/engine-i18n/final-root-review-20260819/engine_unknown_212_root_review_sidecar.json#ENG-162;prior semantic pass plus current row review; provenance remains manual-semantic-reviewed;origin_machine_translated=unknown	origin_machine_translated=unknown; the historical origin remains explicit; the current value received row-by-row root review and does not inherit an official/Wiki label unless exact dual-ABI evidence is recorded.
MT-00422	engine_runtime_i18n_root_reviewed	native_engine_i18n	madomagi/engine_i18n.tsv	163	zhCN	対魔女ダメージアップ	对魔女伤害提升	对魔女伤害提升	madomagi/engine_i18n.tsv#163/zhCN	manual-semantic-reviewed	unknown	magica/research/totentanz-full-localization-20260817/engine-i18n/root-reviewed-semantic-corrections.json#ENG-163;D:/magia/MyProducts/MAGIA RECORD CN/Full_Raw_Dump_V2/magica/api/page/MyPage_001.json; official term=对魔女伤害提升; count=176; not claimed as whole-string stable-ID match;C:\Users\proje\Documents\Codex\2026-08-06\https-github-com-hiiraginemu-magireco-wiki-3\work\next_round_execution_20260819\engine_unknown_256_semantic_apply_35\engine_semantic_35_verification.json	false	official-cn-terminology-plus-source-context	root-reviewed-approved	対魔女ダメージアップ		manual-semantic-reviewed	root-reviewed-term-closure	ENG-163	HiiragiNemu project root semantic review	false	true; legacy client reads <files>/madomagi/engine_i18n.tsv	manual-semantic-reviewed	对魔女伤害提升	root-reviewed-approved	medium	root_reviewed_engine_translation	root-reviewed-approved	magica/research/totentanz-full-localization-20260817/engine-i18n/root-reviewed-semantic-corrections.json#ENG-163;D:/magia/MyProducts/MAGIA RECORD CN/Full_Raw_Dump_V2/magica/api/page/MyPage_001.json; official term=对魔女伤害提升; count=176; not claimed as whole-string stable-ID match;C:\Users\proje\Documents\Codex\2026-08-06\https-github-com-hiiraginemu-magireco-wiki-3\work\next_round_execution_20260819\engine_unknown_256_semantic_apply_35\engine_semantic_35_verification.json	采用旧国服高频术语，并按日文源键补足中文语序；不冒充整句官中。
MT-00423	engine_runtime_i18n_root_reviewed	native_engine_i18n	madomagi/engine_i18n.tsv	164	zhCN	魔女へのダメージが上昇	对魔女伤害提升	对魔女伤害提升	madomagi/engine_i18n.tsv#164/zhCN	manual-semantic-reviewed	unknown	magica/research/totentanz-full-localization-20260817/engine-i18n/final-root-review-20260819/engine_unknown_212_root_review_sidecar.json#ENG-164;literal exists in official CN native evidence but pairing was not assumed; root review approves current value;origin_machine_translated=unknown	false	root-row-by-row-semantic-review	root-reviewed-approved	魔女へのダメージが上昇		manual-semantic-reviewed	final-root-review-20260819	ENG-164	HiiragiNemu project root semantic review	false	true; legacy client reads <files>/madomagi/engine_i18n.tsv	manual-semantic-reviewed	对魔女伤害提升	root-reviewed-approved	medium	root_reviewed_engine_translation	root-reviewed-approved	magica/research/totentanz-full-localization-20260817/engine-i18n/final-root-review-20260819/engine_unknown_212_root_review_sidecar.json#ENG-164;literal exists in official CN native evidence but pairing was not assumed; root review approves current value;origin_machine_translated=unknown	origin_machine_translated=unknown; the historical origin remains explicit; the current value received row-by-row root review and does not inherit an official/Wiki label unless exact dual-ABI evidence is recorded.
MT-00424	engine_runtime_i18n_root_reviewed	native_engine_i18n	madomagi/engine_i18n.tsv	165	zhCN	CディスクダメージUp	Charge圆盘伤害提升	Charge圆盘伤害提升	madomagi/engine_i18n.tsv#165/zhCN	manual-semantic-reviewed	unknown	magica/research/totentanz-full-localization-20260817/engine-i18n/root-reviewed-term-closure.json#ENGINE-165;日文源键=CディスクダメージUp；旧国服术语使用“提升/下降”而非UP/DOWN。;C:\Users\proje\Documents\Codex\2026-08-06\https-github-com-hiiraginemu-magireco-wiki-3\work\next_round_execution_20260819\engine_root_review_apply_40\engine_root_review_40_verification.json	false	official-cn-terminology-plus-source-context	root-reviewed-approved	CディスクダメージUp		manual-semantic-reviewed	root-reviewed-term-closure	ENGINE-165	HiiragiNemu project root semantic review	false	true; legacy client reads <files>/madomagi/engine_i18n.tsv	manual-semantic-reviewed	Charge圆盘伤害提升	root-reviewed-approved	medium	root_reviewed_engine_translation	root-reviewed-approved	magica/research/totentanz-full-localization-20260817/engine-i18n/root-reviewed-term-closure.json#ENGINE-165;日文源键=CディスクダメージUp；旧国服术语使用“提升/下降”而非UP/DOWN。;C:\Users\proje\Documents\Codex\2026-08-06\https-github-com-hiiraginemu-magireco-wiki-3\work\next_round_execution_20260819\engine_root_review_apply_40\engine_root_review_40_verification.json	Root semantic review accepted the visible source-key context; official CN terminology guides UP/DOWN and UI wording without claiming a whole-string official match.
MT-00425	engine_runtime_i18n_root_reviewed	native_engine_i18n	madomagi/engine_i18n.tsv	167	zhCN	CディスクダメージDown	Charge圆盘伤害下降	Charge圆盘伤害下降	madomagi/engine_i18n.tsv#167/zhCN	manual-semantic-reviewed	unknown	magica/research/totentanz-full-localization-20260817/engine-i18n/root-reviewed-term-closure.json#ENGINE-167;日文源键=CディスクダメージDown；旧国服术语使用“提升/下降”而非UP/DOWN。;C:\Users\proje\Documents\Codex\2026-08-06\https-github-com-hiiraginemu-magireco-wiki-3\work\next_round_execution_20260819\engine_root_review_apply_40\engine_root_review_40_verification.json	false	official-cn-terminology-plus-source-context	root-reviewed-approved	CディスクダメージDown		manual-semantic-reviewed	root-reviewed-term-closure	ENGINE-167	HiiragiNemu project root semantic review	false	true; legacy client reads <files>/madomagi/engine_i18n.tsv	manual-semantic-reviewed	Charge圆盘伤害下降	root-reviewed-approved	medium	root_reviewed_engine_translation	root-reviewed-approved	magica/research/totentanz-full-localization-20260817/engine-i18n/root-reviewed-term-closure.json#ENGINE-167;日文源键=CディスクダメージDown；旧国服术语使用“提升/下降”而非UP/DOWN。;C:\Users\proje\Documents\Codex\2026-08-06\https-github-com-hiiraginemu-magireco-wiki-3\work\next_round_execution_20260819\engine_root_review_apply_40\engine_root_review_40_verification.json	Root semantic review accepted the visible source-key context; official CN terminology guides UP/DOWN and UI wording without claiming a whole-string official match.
MT-00426	engine_runtime_i18n_root_reviewed	native_engine_i18n	madomagi/engine_i18n.tsv	168	zhCN	チャージディスクのダメージが減少	Charge圆盘造成的伤害减少	Charge圆盘造成的伤害减少	madomagi/engine_i18n.tsv#168/zhCN	manual-semantic-reviewed	unknown	magica/research/totentanz-full-localization-20260817/engine-i18n/root-reviewed-semantic-corrections.json#ENG-168;D:/magia/MyProducts/MAGIA RECORD CN/Full_Raw_Dump_V2 (corpus literal count 346); official term=伤害下降; count=346; not claimed as whole-string stable-ID match;C:\Users\proje\Documents\Codex\2026-08-06\https-github-com-hiiraginemu-magireco-wiki-3\work\next_round_execution_20260819\engine_unknown_256_semantic_apply_35\engine_semantic_35_verification.json	false	official-cn-terminology-plus-source-context	root-reviewed-approved	チャージディスクのダメージが減少		manual-semantic-reviewed	root-reviewed-term-closure	ENG-168	HiiragiNemu project root semantic review	false	true; legacy client reads <files>/madomagi/engine_i18n.tsv	manual-semantic-reviewed	Charge圆盘造成的伤害减少	root-reviewed-approved	medium	root_reviewed_engine_translation	root-reviewed-approved	magica/research/totentanz-full-localization-20260817/engine-i18n/root-reviewed-semantic-corrections.json#ENG-168;D:/magia/MyProducts/MAGIA RECORD CN/Full_Raw_Dump_V2 (corpus literal count 346); official term=伤害下降; count=346; not claimed as whole-string stable-ID match;C:\Users\proje\Documents\Codex\2026-08-06\https-github-com-hiiraginemu-magireco-wiki-3\work\next_round_execution_20260819\engine_unknown_256_semantic_apply_35\engine_semantic_35_verification.json	采用旧国服高频术语，并按日文源键补足中文语序；不冒充整句官中。
MT-00427	engine_runtime_i18n_root_reviewed	native_engine_i18n	madomagi/engine_i18n.tsv	17	zhCN	ダウンロードエラー	下载错误	下载错误	madomagi/engine_i18n.tsv#17/zhCN	manual-semantic-reviewed	unknown	magica/research/totentanz-full-localization-20260817/engine-i18n/final-root-review-20260819/engine_unknown_212_root_review_sidecar.json#ENG-017;literal exists in official CN native evidence but pairing was not assumed; root review approves current value;origin_machine_translated=unknown	false	root-row-by-row-semantic-review	root-reviewed-approved	ダウンロードエラー		manual-semantic-reviewed	final-root-review-20260819	ENG-017	HiiragiNemu project root semantic review	false	true; legacy client reads <files>/madomagi/engine_i18n.tsv	manual-semantic-reviewed	下载错误	root-reviewed-approved	medium	root_reviewed_engine_translation	root-reviewed-approved	magica/research/totentanz-full-localization-20260817/engine-i18n/final-root-review-20260819/engine_unknown_212_root_review_sidecar.json#ENG-017;literal exists in official CN native evidence but pairing was not assumed; root review approves current value;origin_machine_translated=unknown	origin_machine_translated=unknown; the historical origin remains explicit; the current value received row-by-row root review and does not inherit an official/Wiki label unless exact dual-ABI evidence is recorded.
MT-00428	engine_runtime_i18n_root_reviewed	native_engine_i18n	madomagi/engine_i18n.tsv	171	zhCN	チャージコンボ時のコンボ数UP	Charge连击时连击数提升	Charge连击时连击数提升	madomagi/engine_i18n.tsv#171/zhCN	manual-semantic-reviewed	unknown	magica/research/totentanz-full-localization-20260817/engine-i18n/root-reviewed-term-closure.json#ENGINE-171;日文源键=チャージコンボ時のコンボ数UP；旧国服术语使用“提升/下降”而非UP/DOWN。;C:\Users\proje\Documents\Codex\2026-08-06\https-github-com-hiiraginemu-magireco-wiki-3\work\next_round_execution_20260819\engine_root_review_apply_40\engine_root_review_40_verification.json	false	official-cn-terminology-plus-source-context	root-reviewed-approved	チャージコンボ時のコンボ数UP		manual-semantic-reviewed	root-reviewed-term-closure	ENGINE-171	HiiragiNemu project root semantic review	false	true; legacy client reads <files>/madomagi/engine_i18n.tsv	manual-semantic-reviewed	Charge连击时连击数提升	root-reviewed-approved	medium	root_reviewed_engine_translation	root-reviewed-approved	magica/research/totentanz-full-localization-20260817/engine-i18n/root-reviewed-term-closure.json#ENGINE-171;日文源键=チャージコンボ時のコンボ数UP；旧国服术语使用“提升/下降”而非UP/DOWN。;C:\Users\proje\Documents\Codex\2026-08-06\https-github-com-hiiraginemu-magireco-wiki-3\work\next_round_execution_20260819\engine_root_review_apply_40\engine_root_review_40_verification.json	Root semantic review accepted the visible source-key context; official CN terminology guides UP/DOWN and UI wording without claiming a whole-string official match.
MT-00429	engine_runtime_i18n_root_reviewed	native_engine_i18n	madomagi/engine_i18n.tsv	172	zhCN	デバフ無効	减益无效	减益无效	madomagi/engine_i18n.tsv#172/zhCN	manual-semantic-reviewed	unknown	magica/research/totentanz-full-localization-20260817/engine-i18n/final-root-review-20260819/engine_unknown_212_root_review_sidecar.json#ENG-172;literal exists in official CN native evidence but pairing was not assumed; root review approves current value;origin_machine_translated=unknown	false	root-row-by-row-semantic-review	root-reviewed-approved	デバフ無効		manual-semantic-reviewed	final-root-review-20260819	ENG-172	HiiragiNemu project root semantic review	false	true; legacy client reads <files>/madomagi/engine_i18n.tsv	manual-semantic-reviewed	减益无效	root-reviewed-approved	medium	root_reviewed_engine_translation	root-reviewed-approved	magica/research/totentanz-full-localization-20260817/engine-i18n/final-root-review-20260819/engine_unknown_212_root_review_sidecar.json#ENG-172;literal exists in official CN native evidence but pairing was not assumed; root review approves current value;origin_machine_translated=unknown	origin_machine_translated=unknown; the historical origin remains explicit; the current value received row-by-row root review and does not inherit an official/Wiki label unless exact dual-ABI evidence is recorded.
MT-00430	engine_runtime_i18n_root_reviewed	native_engine_i18n	madomagi/engine_i18n.tsv	173	zhCN	1回デバフを無効化する	使减益无效1次	使减益无效1次	madomagi/engine_i18n.tsv#173/zhCN	manual-semantic-reviewed	unknown	magica/research/totentanz-full-localization-20260817/engine-i18n/root-reviewed-semantic-corrections.json#ENG-173;madomagi/engine_i18n.tsv:173; Japanese source-key semantic review;C:\Users\proje\Documents\Codex\2026-08-06\https-github-com-hiiraginemu-magireco-wiki-3\work\next_round_execution_20260819\engine_unknown_256_semantic_apply_35\engine_semantic_35_verification.json	false	manual-source-key-semantic-review	root-reviewed-approved	1回デバフを無効化する		manual-semantic-reviewed	root-reviewed-term-closure	ENG-173	HiiragiNemu project root semantic review	false	true; legacy client reads <files>/madomagi/engine_i18n.tsv	manual-semantic-reviewed	使减益无效1次	root-reviewed-approved	medium	root_reviewed_engine_translation	root-reviewed-approved	magica/research/totentanz-full-localization-20260817/engine-i18n/root-reviewed-semantic-corrections.json#ENG-173;madomagi/engine_i18n.tsv:173; Japanese source-key semantic review;C:\Users\proje\Documents\Codex\2026-08-06\https-github-com-hiiraginemu-magireco-wiki-3\work\next_round_execution_20260819\engine_unknown_256_semantic_apply_35\engine_semantic_35_verification.json	调整为自然中文语序，不改变次数语义。
MT-00431	engine_runtime_i18n_root_reviewed	native_engine_i18n	madomagi/engine_i18n.tsv	174	zhCN	敵陣の挑発を無視する	无视敌方挑衅	无视敌方挑衅	madomagi/engine_i18n.tsv#174/zhCN	manual-semantic-reviewed	unknown	magica/research/totentanz-full-localization-20260817/engine-i18n/final-root-review-20260819/engine_unknown_212_root_review_sidecar.json#ENG-174;literal exists in official CN native evidence but pairing was not assumed; root review approves current value;origin_machine_translated=unknown	false	root-row-by-row-semantic-review	root-reviewed-approved	敵陣の挑発を無視する		manual-semantic-reviewed	final-root-review-20260819	ENG-174	HiiragiNemu project root semantic review	false	true; legacy client reads <files>/madomagi/engine_i18n.tsv	manual-semantic-reviewed	无视敌方挑衅	root-reviewed-approved	medium	root_reviewed_engine_translation	root-reviewed-approved	magica/research/totentanz-full-localization-20260817/engine-i18n/final-root-review-20260819/engine_unknown_212_root_review_sidecar.json#ENG-174;literal exists in official CN native evidence but pairing was not assumed; root review approves current value;origin_machine_translated=unknown	origin_machine_translated=unknown; the historical origin remains explicit; the current value received row-by-row root review and does not inherit an official/Wiki label unless exact dual-ABI evidence is recorded.
MT-00432	engine_runtime_i18n_root_reviewed	native_engine_i18n	madomagi/engine_i18n.tsv	175	zhCN	ドッペルUp	魔女化身提升	魔女化身提升	madomagi/engine_i18n.tsv#175/zhCN	manual-semantic-reviewed	unknown	magica/research/totentanz-full-localization-20260817/engine-i18n/root-reviewed-term-closure.json#ENGINE-175;日文源键=ドッペルUp；旧国服术语使用“提升/下降”而非UP/DOWN。;C:\Users\proje\Documents\Codex\2026-08-06\https-github-com-hiiraginemu-magireco-wiki-3\work\next_round_execution_20260819\engine_root_review_apply_40\engine_root_review_40_verification.json	false	official-cn-terminology-plus-source-context	root-reviewed-approved	ドッペルUp		manual-semantic-reviewed	root-reviewed-term-closure	ENGINE-175	HiiragiNemu project root semantic review	false	true; legacy client reads <files>/madomagi/engine_i18n.tsv	manual-semantic-reviewed	魔女化身提升	root-reviewed-approved	medium	root_reviewed_engine_translation	root-reviewed-approved	magica/research/totentanz-full-localization-20260817/engine-i18n/root-reviewed-term-closure.json#ENGINE-175;日文源键=ドッペルUp；旧国服术语使用“提升/下降”而非UP/DOWN。;C:\Users\proje\Documents\Codex\2026-08-06\https-github-com-hiiraginemu-magireco-wiki-3\work\next_round_execution_20260819\engine_root_review_apply_40\engine_root_review_40_verification.json	Root semantic review accepted the visible source-key context; official CN terminology guides UP/DOWN and UI wording without claiming a whole-string official match.
MT-00433	engine_runtime_i18n_root_reviewed	native_engine_i18n	madomagi/engine_i18n.tsv	176	zhCN	ドッペルによるダメージが上昇	魔女化身伤害提升	魔女化身伤害提升	madomagi/engine_i18n.tsv#176/zhCN	manual-semantic-reviewed	unknown	magica/research/totentanz-full-localization-20260817/engine-i18n/final-root-review-20260819/engine_unknown_212_root_review_sidecar.json#ENG-176;prior semantic pass plus current row review; provenance remains manual-semantic-reviewed;origin_machine_translated=unknown	false	root-row-by-row-semantic-review	root-reviewed-approved	ドッペルによるダメージが上昇		manual-semantic-reviewed	final-root-review-20260819	ENG-176	HiiragiNemu project root semantic review	false	true; legacy client reads <files>/madomagi/engine_i18n.tsv	manual-semantic-reviewed	魔女化身伤害提升	root-reviewed-approved	medium	root_reviewed_engine_translation	root-reviewed-approved	magica/research/totentanz-full-localization-20260817/engine-i18n/final-root-review-20260819/engine_unknown_212_root_review_sidecar.json#ENG-176;prior semantic pass plus current row review; provenance remains manual-semantic-reviewed;origin_machine_translated=unknown	origin_machine_translated=unknown; the historical origin remains explicit; the current value received row-by-row root review and does not inherit an official/Wiki label unless exact dual-ABI evidence is recorded.
MT-00434	engine_runtime_i18n_root_reviewed	native_engine_i18n	madomagi/engine_i18n.tsv	177	zhCN	弱体[アクセル]	弱化[Accele]	弱化[Accele]	madomagi/engine_i18n.tsv#177/zhCN	manual-semantic-reviewed	unknown	magica/research/totentanz-full-localization-20260817/engine-i18n/final-root-review-20260819/engine_unknown_212_root_review_sidecar.json#ENG-177;literal exists in official CN native evidence but pairing was not assumed; root review approves current value;origin_machine_translated=unknown	false	root-row-by-row-semantic-review	root-reviewed-approved	弱体[アクセル]		manual-semantic-reviewed	final-root-review-20260819	ENG-177	HiiragiNemu project root semantic review	false	true; legacy client reads <files>/madomagi/engine_i18n.tsv	manual-semantic-reviewed	弱化[Accele]	root-reviewed-approved	medium	root_reviewed_engine_translation	root-reviewed-approved	magica/research/totentanz-full-localization-20260817/engine-i18n/final-root-review-20260819/engine_unknown_212_root_review_sidecar.json#ENG-177;literal exists in official CN native evidence but pairing was not assumed; root review approves current value;origin_machine_translated=unknown	origin_machine_translated=unknown; the historical origin remains explicit; the current value received row-by-row root review and does not inherit an official/Wiki label unless exact dual-ABI evidence is recorded.
MT-00435	engine_runtime_i18n_root_reviewed	native_engine_i18n	madomagi/engine_i18n.tsv	179	zhCN	弱体[ブラスト]	弱化[Blast]	弱化[Blast]	madomagi/engine_i18n.tsv#179/zhCN	manual-semantic-reviewed	unknown	magica/research/totentanz-full-localization-20260817/engine-i18n/final-root-review-20260819/engine_unknown_212_root_review_sidecar.json#ENG-179;literal exists in official CN native evidence but pairing was not assumed; root review approves current value;origin_machine_translated=unknown	false	root-row-by-row-semantic-review	root-reviewed-approved	弱体[ブラスト]		manual-semantic-reviewed	final-root-review-20260819	ENG-179	HiiragiNemu project root semantic review	false	true; legacy client reads <files>/madomagi/engine_i18n.tsv	manual-semantic-reviewed	弱化[Blast]	root-reviewed-approved	medium	root_reviewed_engine_translation	root-reviewed-approved	magica/research/totentanz-full-localization-20260817/engine-i18n/final-root-review-20260819/engine_unknown_212_root_review_sidecar.json#ENG-179;literal exists in official CN native evidence but pairing was not assumed; root review approves current value;origin_machine_translated=unknown	origin_machine_translated=unknown; the historical origin remains explicit; the current value received row-by-row root review and does not inherit an official/Wiki label unless exact dual-ABI evidence is recorded.
MT-00436	engine_runtime_i18n_root_reviewed	native_engine_i18n	madomagi/engine_i18n.tsv	18	zhCN	ダウンロードしたファイルを保存できません。\n端末の空き容量などご確認ください。	无法保存已下载的文件。\n请检查设备的剩余空间。	无法保存已下载的文件。\n请检查设备的剩余空间。	madomagi/engine_i18n.tsv#18/zhCN	manual-semantic-reviewed	unknown	magica/research/totentanz-full-localization-20260817/engine-i18n/final-root-review-20260819/engine_unknown_212_root_review_sidecar.json#ENG-018;prior semantic pass plus current row review; provenance remains manual-semantic-reviewed;origin_machine_translated=unknown	false	root-row-by-row-semantic-review	root-reviewed-approved	ダウンロードしたファイルを保存できません。\n端末の空き容量などご確認ください。		manual-semantic-reviewed	final-root-review-20260819	ENG-018	HiiragiNemu project root semantic review	false	true; legacy client reads <files>/madomagi/engine_i18n.tsv	manual-semantic-reviewed	无法保存已下载的文件。\n请检查设备的剩余空间。	root-reviewed-approved	medium	root_reviewed_engine_translation	root-reviewed-approved	magica/research/totentanz-full-localization-20260817/engine-i18n/final-root-review-20260819/engine_unknown_212_root_review_sidecar.json#ENG-018;prior semantic pass plus current row review; provenance remains manual-semantic-reviewed;origin_machine_translated=unknown	origin_machine_translated=unknown; the historical origin remains explicit; the current value received row-by-row root review and does not inherit an official/Wiki label unless exact dual-ABI evidence is recorded.
MT-00437	engine_runtime_i18n_root_reviewed	native_engine_i18n	madomagi/engine_i18n.tsv	181	zhCN	弱体[チャージ]	弱化[Charge]	弱化[Charge]	madomagi/engine_i18n.tsv#181/zhCN	manual-semantic-reviewed	unknown	magica/research/totentanz-full-localization-20260817/engine-i18n/final-root-review-20260819/engine_unknown_212_root_review_sidecar.json#ENG-181;literal exists in official CN native evidence but pairing was not assumed; root review approves current value;origin_machine_translated=unknown	false	root-row-by-row-semantic-review	root-reviewed-approved	弱体[チャージ]		manual-semantic-reviewed	final-root-review-20260819	ENG-181	HiiragiNemu project root semantic review	false	true; legacy client reads <files>/madomagi/engine_i18n.tsv	manual-semantic-reviewed	弱化[Charge]	root-reviewed-approved	medium	root_reviewed_engine_translation	root-reviewed-approved	magica/research/totentanz-full-localization-20260817/engine-i18n/final-root-review-20260819/engine_unknown_212_root_review_sidecar.json#ENG-181;literal exists in official CN native evidence but pairing was not assumed; root review approves current value;origin_machine_translated=unknown	origin_machine_translated=unknown; the historical origin remains explicit; the current value received row-by-row root review and does not inherit an official/Wiki label unless exact dual-ABI evidence is recorded.
MT-00438	engine_runtime_i18n_root_reviewed	native_engine_i18n	madomagi/engine_i18n.tsv	182	zhCN	チャージを消費した攻撃による被ダメージが上昇	受到消耗Charge的攻击伤害提升	受到消耗Charge的攻击伤害提升	madomagi/engine_i18n.tsv#182/zhCN	manual-semantic-reviewed	unknown	magica/research/totentanz-full-localization-20260817/engine-i18n/final-root-review-20260819/engine_unknown_212_root_review_sidecar.json#ENG-182;prior semantic pass plus current row review; provenance remains manual-semantic-reviewed;origin_machine_translated=unknown	false	root-row-by-row-semantic-review	root-reviewed-approved	チャージを消費した攻撃による被ダメージが上昇		manual-semantic-reviewed	final-root-review-20260819	ENG-182	HiiragiNemu project root semantic review	false	true; legacy client reads <files>/madomagi/engine_i18n.tsv	manual-semantic-reviewed	受到消耗Charge的攻击伤害提升	root-reviewed-approved	medium	root_reviewed_engine_translation	root-reviewed-approved	magica/research/totentanz-full-localization-20260817/engine-i18n/final-root-review-20260819/engine_unknown_212_root_review_sidecar.json#ENG-182;prior semantic pass plus current row review; provenance remains manual-semantic-reviewed;origin_machine_translated=unknown	origin_machine_translated=unknown; the historical origin remains explicit; the current value received row-by-row root review and does not inherit an official/Wiki label unless exact dual-ABI evidence is recorded.
MT-00439	engine_runtime_i18n_root_reviewed	native_engine_i18n	madomagi/engine_i18n.tsv	183	zhCN	弱体[チャージＤ]	弱化[Charge D]	弱化[Charge D]	madomagi/engine_i18n.tsv#183/zhCN	manual-semantic-reviewed	unknown	magica/research/totentanz-full-localization-20260817/engine-i18n/final-root-review-20260819/engine_unknown_212_root_review_sidecar.json#ENG-183;literal exists in official CN native evidence but pairing was not assumed; root review approves current value;origin_machine_translated=unknown	false	root-row-by-row-semantic-review	root-reviewed-approved	弱体[チャージＤ]		manual-semantic-reviewed	final-root-review-20260819	ENG-183	HiiragiNemu project root semantic review	false	true; legacy client reads <files>/madomagi/engine_i18n.tsv	manual-semantic-reviewed	弱化[Charge D]	root-reviewed-approved	medium	root_reviewed_engine_translation	root-reviewed-approved	magica/research/totentanz-full-localization-20260817/engine-i18n/final-root-review-20260819/engine_unknown_212_root_review_sidecar.json#ENG-183;literal exists in official CN native evidence but pairing was not assumed; root review approves current value;origin_machine_translated=unknown	origin_machine_translated=unknown; the historical origin remains explicit; the current value received row-by-row root review and does not inherit an official/Wiki label unless exact dual-ABI evidence is recorded.
MT-00440	engine_runtime_i18n_root_reviewed	native_engine_i18n	madomagi/engine_i18n.tsv	185	zhCN	ブラスト時MPゲージUp	Blast攻击时MP槽提升	Blast攻击时MP槽提升	madomagi/engine_i18n.tsv#185/zhCN	manual-semantic-reviewed	unknown	magica/research/totentanz-full-localization-20260817/engine-i18n/root-reviewed-term-closure.json#ENGINE-185;日文源键=ブラスト時MPゲージUp；旧国服术语使用“提升/下降”而非UP/DOWN。;C:\Users\proje\Documents\Codex\2026-08-06\https-github-com-hiiraginemu-magireco-wiki-3\work\next_round_execution_20260819\engine_root_review_apply_40\engine_root_review_40_verification.json	false	official-cn-terminology-plus-source-context	root-reviewed-approved	ブラスト時MPゲージUp		manual-semantic-reviewed	root-reviewed-term-closure	ENGINE-185	HiiragiNemu project root semantic review	false	true; legacy client reads <files>/madomagi/engine_i18n.tsv	manual-semantic-reviewed	Blast攻击时MP槽提升	root-reviewed-approved	medium	root_reviewed_engine_translation	root-reviewed-approved	magica/research/totentanz-full-localization-20260817/engine-i18n/root-reviewed-term-closure.json#ENGINE-185;日文源键=ブラスト時MPゲージUp；旧国服术语使用“提升/下降”而非UP/DOWN。;C:\Users\proje\Documents\Codex\2026-08-06\https-github-com-hiiraginemu-magireco-wiki-3\work\next_round_execution_20260819\engine_root_review_apply_40\engine_root_review_40_verification.json	Root semantic review accepted the visible source-key context; official CN terminology guides UP/DOWN and UI wording without claiming a whole-string official match.
MT-00441	engine_runtime_i18n_root_reviewed	native_engine_i18n	madomagi/engine_i18n.tsv	186	zhCN	ブラストディスクでの攻撃時にMPゲージUp	Blast圆盘攻击时MP槽提升	Blast圆盘攻击时MP槽提升	madomagi/engine_i18n.tsv#186/zhCN	manual-semantic-reviewed	unknown	magica/research/totentanz-full-localization-20260817/engine-i18n/root-reviewed-term-closure.json#ENGINE-186;日文源键=ブラストディスクでの攻撃時にMPゲージUp；旧国服术语使用“提升/下降”而非UP/DOWN。;C:\Users\proje\Documents\Codex\2026-08-06\https-github-com-hiiraginemu-magireco-wiki-3\work\next_round_execution_20260819\engine_root_review_apply_40\engine_root_review_40_verification.json	false	official-cn-terminology-plus-source-context	root-reviewed-approved	ブラストディスクでの攻撃時にMPゲージUp		manual-semantic-reviewed	root-reviewed-term-closure	ENGINE-186	HiiragiNemu project root semantic review	false	true; legacy client reads <files>/madomagi/engine_i18n.tsv	manual-semantic-reviewed	Blast圆盘攻击时MP槽提升	root-reviewed-approved	medium	root_reviewed_engine_translation	root-reviewed-approved	magica/research/totentanz-full-localization-20260817/engine-i18n/root-reviewed-term-closure.json#ENGINE-186;日文源键=ブラストディスクでの攻撃時にMPゲージUp；旧国服术语使用“提升/下降”而非UP/DOWN。;C:\Users\proje\Documents\Codex\2026-08-06\https-github-com-hiiraginemu-magireco-wiki-3\work\next_round_execution_20260819\engine_root_review_apply_40\engine_root_review_40_verification.json	Root semantic review accepted the visible source-key context; official CN terminology guides UP/DOWN and UI wording without claiming a whole-string official match.
MT-00442	engine_runtime_i18n_root_reviewed	native_engine_i18n	madomagi/engine_i18n.tsv	187	zhCN	水属性攻撃による被ダメージが上昇	受到水属性攻击伤害提升	受到水属性攻击伤害提升	madomagi/engine_i18n.tsv#187/zhCN	manual-semantic-reviewed	unknown	magica/research/totentanz-full-localization-20260817/engine-i18n/final-root-review-20260819/engine_unknown_212_root_review_sidecar.json#ENG-187;prior semantic pass plus current row review; provenance remains manual-semantic-reviewed;origin_machine_translated=unknown	false	root-row-by-row-semantic-review	root-reviewed-approved	水属性攻撃による被ダメージが上昇		manual-semantic-reviewed	final-root-review-20260819	ENG-187	HiiragiNemu project root semantic review	false	true; legacy client reads <files>/madomagi/engine_i18n.tsv	manual-semantic-reviewed	受到水属性攻击伤害提升	root-reviewed-approved	medium	root_reviewed_engine_translation	root-reviewed-approved	magica/research/totentanz-full-localization-20260817/engine-i18n/final-root-review-20260819/engine_unknown_212_root_review_sidecar.json#ENG-187;prior semantic pass plus current row review; provenance remains manual-semantic-reviewed;origin_machine_translated=unknown	origin_machine_translated=unknown; the historical origin remains explicit; the current value received row-by-row root review and does not inherit an official/Wiki label unless exact dual-ABI evidence is recorded.
MT-00443	engine_runtime_i18n_root_reviewed	native_engine_i18n	madomagi/engine_i18n.tsv	188	zhCN	被攻撃時MPゲージUp	受击时MP槽提升	受击时MP槽提升	madomagi/engine_i18n.tsv#188/zhCN	manual-semantic-reviewed	unknown	magica/research/totentanz-full-localization-20260817/engine-i18n/root-reviewed-term-closure.json#ENGINE-188;日文源键=被攻撃時MPゲージUp；旧国服术语使用“提升/下降”而非UP/DOWN。;C:\Users\proje\Documents\Codex\2026-08-06\https-github-com-hiiraginemu-magireco-wiki-3\work\next_round_execution_20260819\engine_root_review_apply_40\engine_root_review_40_verification.json	false	official-cn-terminology-plus-source-context	root-reviewed-approved	被攻撃時MPゲージUp		manual-semantic-reviewed	root-reviewed-term-closure	ENGINE-188	HiiragiNemu project root semantic review	false	true; legacy client reads <files>/madomagi/engine_i18n.tsv	manual-semantic-reviewed	受击时MP槽提升	root-reviewed-approved	medium	root_reviewed_engine_translation	root-reviewed-approved	magica/research/totentanz-full-localization-20260817/engine-i18n/root-reviewed-term-closure.json#ENGINE-188;日文源键=被攻撃時MPゲージUp；旧国服术语使用“提升/下降”而非UP/DOWN。;C:\Users\proje\Documents\Codex\2026-08-06\https-github-com-hiiraginemu-magireco-wiki-3\work\next_round_execution_20260819\engine_root_review_apply_40\engine_root_review_40_verification.json	Root semantic review accepted the visible source-key context; official CN terminology guides UP/DOWN and UI wording without claiming a whole-string official match.
MT-00444	engine_runtime_i18n_root_reviewed	native_engine_i18n	madomagi/engine_i18n.tsv	189	zhCN	通常攻撃を受けた時にMPゲージUp	受到普通攻击时MP槽提升	受到普通攻击时MP槽提升	madomagi/engine_i18n.tsv#189/zhCN	manual-semantic-reviewed	unknown	magica/research/totentanz-full-localization-20260817/engine-i18n/root-reviewed-term-closure.json#ENGINE-189;日文源键=通常攻撃を受けた時にMPゲージUp；旧国服术语使用“提升/下降”而非UP/DOWN。;C:\Users\proje\Documents\Codex\2026-08-06\https-github-com-hiiraginemu-magireco-wiki-3\work\next_round_execution_20260819\engine_root_review_apply_40\engine_root_review_40_verification.json	false	official-cn-terminology-plus-source-context	root-reviewed-approved	通常攻撃を受けた時にMPゲージUp		manual-semantic-reviewed	root-reviewed-term-closure	ENGINE-189	HiiragiNemu project root semantic review	false	true; legacy client reads <files>/madomagi/engine_i18n.tsv	manual-semantic-reviewed	受到普通攻击时MP槽提升	root-reviewed-approved	medium	root_reviewed_engine_translation	root-reviewed-approved	magica/research/totentanz-full-localization-20260817/engine-i18n/root-reviewed-term-closure.json#ENGINE-189;日文源键=通常攻撃を受けた時にMPゲージUp；旧国服术语使用“提升/下降”而非UP/DOWN。;C:\Users\proje\Documents\Codex\2026-08-06\https-github-com-hiiraginemu-magireco-wiki-3\work\next_round_execution_20260819\engine_root_review_apply_40\engine_root_review_40_verification.json	Root semantic review accepted the visible source-key context; official CN terminology guides UP/DOWN and UI wording without claiming a whole-string official match.
MT-00445	engine_runtime_i18n_root_reviewed	native_engine_i18n	madomagi/engine_i18n.tsv	19	zhCN	リトライ	重试	重试	madomagi/engine_i18n.tsv#19/zhCN	manual-semantic-reviewed	unknown	magica/research/totentanz-full-localization-20260817/engine-i18n/final-root-review-20260819/engine_unknown_212_root_review_sidecar.json#ENG-019;literal exists in official CN native evidence but pairing was not assumed; root review approves current value;origin_machine_translated=unknown	false	root-row-by-row-semantic-review	root-reviewed-approved	リトライ		manual-semantic-reviewed	final-root-review-20260819	ENG-019	HiiragiNemu project root semantic review	false	true; legacy client reads <files>/madomagi/engine_i18n.tsv	manual-semantic-reviewed	重试	root-reviewed-approved	medium	root_reviewed_engine_translation	root-reviewed-approved	magica/research/totentanz-full-localization-20260817/engine-i18n/final-root-review-20260819/engine_unknown_212_root_review_sidecar.json#ENG-019;literal exists in official CN native evidence but pairing was not assumed; root review approves current value;origin_machine_translated=unknown	origin_machine_translated=unknown; the historical origin remains explicit; the current value received row-by-row root review and does not inherit an official/Wiki label unless exact dual-ABI evidence is recorded.
MT-00446	engine_runtime_i18n_root_reviewed	native_engine_i18n	madomagi/engine_i18n.tsv	190	zhCN	光属性攻撃による被ダメージが上昇	受到光属性攻击伤害提升	受到光属性攻击伤害提升	madomagi/engine_i18n.tsv#190/zhCN	manual-semantic-reviewed	unknown	magica/research/totentanz-full-localization-20260817/engine-i18n/final-root-review-20260819/engine_unknown_212_root_review_sidecar.json#ENG-190;prior semantic pass plus current row review; provenance remains manual-semantic-reviewed;origin_machine_translated=unknown	false	root-row-by-row-semantic-review	root-reviewed-approved	光属性攻撃による被ダメージが上昇		manual-semantic-reviewed	final-root-review-20260819	ENG-190	HiiragiNemu project root semantic review	false	true; legacy client reads <files>/madomagi/engine_i18n.tsv	manual-semantic-reviewed	受到光属性攻击伤害提升	root-reviewed-approved	medium	root_reviewed_engine_translation	root-reviewed-approved	magica/research/totentanz-full-localization-20260817/engine-i18n/final-root-review-20260819/engine_unknown_212_root_review_sidecar.json#ENG-190;prior semantic pass plus current row review; provenance remains manual-semantic-reviewed;origin_machine_translated=unknown	origin_machine_translated=unknown; the historical origin remains explicit; the current value received row-by-row root review and does not inherit an official/Wiki label unless exact dual-ABI evidence is recorded.
MT-00447	engine_runtime_i18n_root_reviewed	native_engine_i18n	madomagi/engine_i18n.tsv	192	zhCN	敵の属性を問わず、自身の攻撃を属性有利として扱う	无视敌方属性，自身攻击视为属性克制	无视敌方属性，自身攻击视为属性克制	madomagi/engine_i18n.tsv#192/zhCN	manual-semantic-reviewed	unknown	magica/research/totentanz-full-localization-20260817/engine-i18n/final-root-review-20260819/engine_unknown_212_root_review_sidecar.json#ENG-192;prior semantic pass plus current row review; provenance remains manual-semantic-reviewed;origin_machine_translated=unknown	false	root-row-by-row-semantic-review	root-reviewed-approved	敵の属性を問わず、自身の攻撃を属性有利として扱う		manual-semantic-reviewed	final-root-review-20260819	ENG-192	HiiragiNemu project root semantic review	false	true; legacy client reads <files>/madomagi/engine_i18n.tsv	manual-semantic-reviewed	无视敌方属性，自身攻击视为属性克制	root-reviewed-approved	medium	root_reviewed_engine_translation	root-reviewed-approved	magica/research/totentanz-full-localization-20260817/engine-i18n/final-root-review-20260819/engine_unknown_212_root_review_sidecar.json#ENG-192;prior semantic pass plus current row review; provenance remains manual-semantic-reviewed;origin_machine_translated=unknown	origin_machine_translated=unknown; the historical origin remains explicit; the current value received row-by-row root review and does not inherit an official/Wiki label unless exact dual-ABI evidence is recorded.
MT-00448	engine_runtime_i18n_root_reviewed	native_engine_i18n	madomagi/engine_i18n.tsv	193	zhCN	闇属性攻撃による被ダメージが上昇	受到暗属性攻击伤害提升	受到暗属性攻击伤害提升	madomagi/engine_i18n.tsv#193/zhCN	manual-semantic-reviewed	unknown	magica/research/totentanz-full-localization-20260817/engine-i18n/final-root-review-20260819/engine_unknown_212_root_review_sidecar.json#ENG-193;prior semantic pass plus current row review; provenance remains manual-semantic-reviewed;origin_machine_translated=unknown	false	root-row-by-row-semantic-review	root-reviewed-approved	闇属性攻撃による被ダメージが上昇		manual-semantic-reviewed	final-root-review-20260819	ENG-193	HiiragiNemu project root semantic review	false	true; legacy client reads <files>/madomagi/engine_i18n.tsv	manual-semantic-reviewed	受到暗属性攻击伤害提升	root-reviewed-approved	medium	root_reviewed_engine_translation	root-reviewed-approved	magica/research/totentanz-full-localization-20260817/engine-i18n/final-root-review-20260819/engine_unknown_212_root_review_sidecar.json#ENG-193;prior semantic pass plus current row review; provenance remains manual-semantic-reviewed;origin_machine_translated=unknown	origin_machine_translated=unknown; the historical origin remains explicit; the current value received row-by-row root review and does not inherit an official/Wiki label unless exact dual-ABI evidence is recorded.
MT-00449	engine_runtime_i18n_root_reviewed	native_engine_i18n	madomagi/engine_i18n.tsv	194	zhCN	受けた状態異常を1回無効にする	使受到的状态异常无效1次	使受到的状态异常无效1次	madomagi/engine_i18n.tsv#194/zhCN	manual-semantic-reviewed	unknown	magica/research/totentanz-full-localization-20260817/engine-i18n/root-reviewed-semantic-corrections.json#ENG-194;D:/magia/MyProducts/MAGIA RECORD CN/Full_Raw_Dump_V2 (corpus literal count 1674); official term=状态异常; count=1674; not claimed as whole-string stable-ID match;C:\Users\proje\Documents\Codex\2026-08-06\https-github-com-hiiraginemu-magireco-wiki-3\work\next_round_execution_20260819\engine_unknown_256_semantic_apply_35\engine_semantic_35_verification.json	false	official-cn-terminology-plus-source-context	root-reviewed-approved	受けた状態異常を1回無効にする		manual-semantic-reviewed	root-reviewed-term-closure	ENG-194	HiiragiNemu project root semantic review	false	true; legacy client reads <files>/madomagi/engine_i18n.tsv	manual-semantic-reviewed	使受到的状态异常无效1次	root-reviewed-approved	medium	root_reviewed_engine_translation	root-reviewed-approved	magica/research/totentanz-full-localization-20260817/engine-i18n/root-reviewed-semantic-corrections.json#ENG-194;D:/magia/MyProducts/MAGIA RECORD CN/Full_Raw_Dump_V2 (corpus literal count 1674); official term=状态异常; count=1674; not claimed as whole-string stable-ID match;C:\Users\proje\Documents\Codex\2026-08-06\https-github-com-hiiraginemu-magireco-wiki-3\work\next_round_execution_20260819\engine_unknown_256_semantic_apply_35\engine_semantic_35_verification.json	采用旧国服高频术语，并按日文源键补足中文语序；不冒充整句官中。
MT-00450	engine_runtime_i18n_root_reviewed	native_engine_i18n	madomagi/engine_i18n.tsv	195	zhCN	Charge消費なし	Charge无消耗	Charge无消耗	madomagi/engine_i18n.tsv#195/zhCN	manual-semantic-reviewed	unknown	magica/research/totentanz-full-localization-20260817/engine-i18n/final-root-review-20260819/engine_unknown_212_root_review_sidecar.json#ENG-195;prior semantic pass plus current row review; provenance remains manual-semantic-reviewed;origin_machine_translated=unknown	false	root-row-by-row-semantic-review	root-reviewed-approved	Charge消費なし		manual-semantic-reviewed	final-root-review-20260819	ENG-195	HiiragiNemu project root semantic review	false	true; legacy client reads <files>/madomagi/engine_i18n.tsv	manual-semantic-reviewed	Charge无消耗	root-reviewed-approved	medium	root_reviewed_engine_translation	root-reviewed-approved	magica/research/totentanz-full-localization-20260817/engine-i18n/final-root-review-20260819/engine_unknown_212_root_review_sidecar.json#ENG-195;prior semantic pass plus current row review; provenance remains manual-semantic-reviewed;origin_machine_translated=unknown	origin_machine_translated=unknown; the historical origin remains explicit; the current value received row-by-row root review and does not inherit an official/Wiki label unless exact dual-ABI evidence is recorded.
MT-00451	engine_runtime_i18n_root_reviewed	native_engine_i18n	madomagi/engine_i18n.tsv	196	zhCN	自身の攻撃時、確率でチャージを消費せずに攻撃を行う	自身攻击时，概率不消耗Charge进行攻击	自身攻击时，概率不消耗Charge进行攻击	madomagi/engine_i18n.tsv#196/zhCN	manual-semantic-reviewed	unknown	magica/research/totentanz-full-localization-20260817/engine-i18n/final-root-review-20260819/engine_unknown_212_root_review_sidecar.json#ENG-196;prior semantic pass plus current row review; provenance remains manual-semantic-reviewed;origin_machine_translated=unknown	false	root-row-by-row-semantic-review	root-reviewed-approved	自身の攻撃時、確率でチャージを消費せずに攻撃を行う		manual-semantic-reviewed	final-root-review-20260819	ENG-196	HiiragiNemu project root semantic review	false	true; legacy client reads <files>/madomagi/engine_i18n.tsv	manual-semantic-reviewed	自身攻击时，概率不消耗Charge进行攻击	root-reviewed-approved	medium	root_reviewed_engine_translation	root-reviewed-approved	magica/research/totentanz-full-localization-20260817/engine-i18n/final-root-review-20260819/engine_unknown_212_root_review_sidecar.json#ENG-196;prior semantic pass plus current row review; provenance remains manual-semantic-reviewed;origin_machine_translated=unknown	origin_machine_translated=unknown; the historical origin remains explicit; the current value received row-by-row root review and does not inherit an official/Wiki label unless exact dual-ABI evidence is recorded.
MT-00452	engine_runtime_i18n_root_reviewed	native_engine_i18n	madomagi/engine_i18n.tsv	197	zhCN	火属性の攻撃力が上昇	火属性攻击力提升	火属性攻击力提升	madomagi/engine_i18n.tsv#197/zhCN	manual-semantic-reviewed	unknown	magica/research/totentanz-full-localization-20260817/engine-i18n/final-root-review-20260819/engine_unknown_212_root_review_sidecar.json#ENG-197;prior semantic pass plus current row review; provenance remains manual-semantic-reviewed;origin_machine_translated=unknown	false	root-row-by-row-semantic-review	root-reviewed-approved	火属性の攻撃力が上昇		manual-semantic-reviewed	final-root-review-20260819	ENG-197	HiiragiNemu project root semantic review	false	true; legacy client reads <files>/madomagi/engine_i18n.tsv	manual-semantic-reviewed	火属性攻击力提升	root-reviewed-approved	medium	root_reviewed_engine_translation	root-reviewed-approved	magica/research/totentanz-full-localization-20260817/engine-i18n/final-root-review-20260819/engine_unknown_212_root_review_sidecar.json#ENG-197;prior semantic pass plus current row review; provenance remains manual-semantic-reviewed;origin_machine_translated=unknown	origin_machine_translated=unknown; the historical origin remains explicit; the current value received row-by-row root review and does not inherit an official/Wiki label unless exact dual-ABI evidence is recorded.
MT-00453	engine_runtime_i18n_root_reviewed	native_engine_i18n	madomagi/engine_i18n.tsv	198	zhCN	闇属性の攻撃力が上昇	暗属性攻击力提升	暗属性攻击力提升	madomagi/engine_i18n.tsv#198/zhCN	manual-semantic-reviewed	unknown	magica/research/totentanz-full-localization-20260817/engine-i18n/final-root-review-20260819/engine_unknown_212_root_review_sidecar.json#ENG-198;prior semantic pass plus current row review; provenance remains manual-semantic-reviewed;origin_machine_translated=unknown	false	root-row-by-row-semantic-review	root-reviewed-approved	闇属性の攻撃力が上昇		manual-semantic-reviewed	final-root-review-20260819	ENG-198	HiiragiNemu project root semantic review	false	true; legacy client reads <files>/madomagi/engine_i18n.tsv	manual-semantic-reviewed	暗属性攻击力提升	root-reviewed-approved	medium	root_reviewed_engine_translation	root-reviewed-approved	magica/research/totentanz-full-localization-20260817/engine-i18n/final-root-review-20260819/engine_unknown_212_root_review_sidecar.json#ENG-198;prior semantic pass plus current row review; provenance remains manual-semantic-reviewed;origin_machine_translated=unknown	origin_machine_translated=unknown; the historical origin remains explicit; the current value received row-by-row root review and does not inherit an official/Wiki label unless exact dual-ABI evidence is recorded.
MT-00454	engine_runtime_i18n_root_reviewed	native_engine_i18n	madomagi/engine_i18n.tsv	199	zhCN	光属性の攻撃力が上昇	光属性攻击力提升	光属性攻击力提升	madomagi/engine_i18n.tsv#199/zhCN	manual-semantic-reviewed	unknown	magica/research/totentanz-full-localization-20260817/engine-i18n/final-root-review-20260819/engine_unknown_212_root_review_sidecar.json#ENG-199;prior semantic pass plus current row review; provenance remains manual-semantic-reviewed;origin_machine_translated=unknown	false	root-row-by-row-semantic-review	root-reviewed-approved	光属性の攻撃力が上昇		manual-semantic-reviewed	final-root-review-20260819	ENG-199	HiiragiNemu project root semantic review	false	true; legacy client reads <files>/madomagi/engine_i18n.tsv	manual-semantic-reviewed	光属性攻击力提升	root-reviewed-approved	medium	root_reviewed_engine_translation	root-reviewed-approved	magica/research/totentanz-full-localization-20260817/engine-i18n/final-root-review-20260819/engine_unknown_212_root_review_sidecar.json#ENG-199;prior semantic pass plus current row review; provenance remains manual-semantic-reviewed;origin_machine_translated=unknown	origin_machine_translated=unknown; the historical origin remains explicit; the current value received row-by-row root review and does not inherit an official/Wiki label unless exact dual-ABI evidence is recorded.
MT-00455	engine_runtime_i18n_root_reviewed	native_engine_i18n	madomagi/engine_i18n.tsv	2	zhCN	いいえ	否	否	madomagi/engine_i18n.tsv#2/zhCN	manual-semantic-reviewed	unknown	magica/research/totentanz-full-localization-20260817/engine-i18n/final-root-review-20260819/engine_unknown_212_root_review_sidecar.json#ENG-002;current Chinese is context-paired in both official CN native ABIs; root review confirms no change;origin_machine_translated=unknown	false	root-row-by-row-semantic-review	root-reviewed-approved	いいえ		manual-semantic-reviewed	final-root-review-20260819	ENG-002	HiiragiNemu project root semantic review	false	true; legacy client reads <files>/madomagi/engine_i18n.tsv	manual-semantic-reviewed	否	root-reviewed-approved	medium	root_reviewed_engine_translation	root-reviewed-approved	magica/research/totentanz-full-localization-20260817/engine-i18n/final-root-review-20260819/engine_unknown_212_root_review_sidecar.json#ENG-002;current Chinese is context-paired in both official CN native ABIs; root review confirms no change;origin_machine_translated=unknown	origin_machine_translated=unknown; the historical origin remains explicit; the current value received row-by-row root review and does not inherit an official/Wiki label unless exact dual-ABI evidence is recorded.
MT-00456	engine_runtime_i18n_root_reviewed	native_engine_i18n	madomagi/engine_i18n.tsv	20	zhCN	データのダウンロード開始します。	开始下载数据。	开始下载数据。	madomagi/engine_i18n.tsv#20/zhCN	manual-semantic-reviewed	unknown	magica/research/totentanz-full-localization-20260817/engine-i18n/final-root-review-20260819/engine_unknown_212_root_review_sidecar.json#ENG-020;literal exists in official CN native evidence but pairing was not assumed; root review approves current value;origin_machine_translated=unknown	false	root-row-by-row-semantic-review	root-reviewed-approved	データのダウンロード開始します。		manual-semantic-reviewed	final-root-review-20260819	ENG-020	HiiragiNemu project root semantic review	false	true; legacy client reads <files>/madomagi/engine_i18n.tsv	manual-semantic-reviewed	开始下载数据。	root-reviewed-approved	medium	root_reviewed_engine_translation	root-reviewed-approved	magica/research/totentanz-full-localization-20260817/engine-i18n/final-root-review-20260819/engine_unknown_212_root_review_sidecar.json#ENG-020;literal exists in official CN native evidence but pairing was not assumed; root review approves current value;origin_machine_translated=unknown	origin_machine_translated=unknown; the historical origin remains explicit; the current value received row-by-row root review and does not inherit an official/Wiki label unless exact dual-ABI evidence is recorded.
MT-00457	engine_runtime_i18n_root_reviewed	native_engine_i18n	madomagi/engine_i18n.tsv	200	zhCN	水属性の攻撃力が上昇	水属性攻击力提升	水属性攻击力提升	madomagi/engine_i18n.tsv#200/zhCN	manual-semantic-reviewed	unknown	magica/research/totentanz-full-localization-20260817/engine-i18n/final-root-review-20260819/engine_unknown_212_root_review_sidecar.json#ENG-200;prior semantic pass plus current row review; provenance remains manual-semantic-reviewed;origin_machine_translated=unknown	false	root-row-by-row-semantic-review	root-reviewed-approved	水属性の攻撃力が上昇		manual-semantic-reviewed	final-root-review-20260819	ENG-200	HiiragiNemu project root semantic review	false	true; legacy client reads <files>/madomagi/engine_i18n.tsv	manual-semantic-reviewed	水属性攻击力提升	root-reviewed-approved	medium	root_reviewed_engine_translation	root-reviewed-approved	magica/research/totentanz-full-localization-20260817/engine-i18n/final-root-review-20260819/engine_unknown_212_root_review_sidecar.json#ENG-200;prior semantic pass plus current row review; provenance remains manual-semantic-reviewed;origin_machine_translated=unknown	origin_machine_translated=unknown; the historical origin remains explicit; the current value received row-by-row root review and does not inherit an official/Wiki label unless exact dual-ABI evidence is recorded.
MT-00458	engine_runtime_i18n_root_reviewed	native_engine_i18n	madomagi/engine_i18n.tsv	201	zhCN	木属性の攻撃力が上昇	木属性攻击力提升	木属性攻击力提升	madomagi/engine_i18n.tsv#201/zhCN	manual-semantic-reviewed	unknown	magica/research/totentanz-full-localization-20260817/engine-i18n/final-root-review-20260819/engine_unknown_212_root_review_sidecar.json#ENG-201;prior semantic pass plus current row review; provenance remains manual-semantic-reviewed;origin_machine_translated=unknown	false	root-row-by-row-semantic-review	root-reviewed-approved	木属性の攻撃力が上昇		manual-semantic-reviewed	final-root-review-20260819	ENG-201	HiiragiNemu project root semantic review	false	true; legacy client reads <files>/madomagi/engine_i18n.tsv	manual-semantic-reviewed	木属性攻击力提升	root-reviewed-approved	medium	root_reviewed_engine_translation	root-reviewed-approved	magica/research/totentanz-full-localization-20260817/engine-i18n/final-root-review-20260819/engine_unknown_212_root_review_sidecar.json#ENG-201;prior semantic pass plus current row review; provenance remains manual-semantic-reviewed;origin_machine_translated=unknown	origin_machine_translated=unknown; the historical origin remains explicit; the current value received row-by-row root review and does not inherit an official/Wiki label unless exact dual-ABI evidence is recorded.
MT-00459	engine_runtime_i18n_root_reviewed	native_engine_i18n	madomagi/engine_i18n.tsv	202	zhCN	木属性攻撃による被ダメージが上昇	受到木属性攻击伤害提升	受到木属性攻击伤害提升	madomagi/engine_i18n.tsv#202/zhCN	manual-semantic-reviewed	unknown	magica/research/totentanz-full-localization-20260817/engine-i18n/final-root-review-20260819/engine_unknown_212_root_review_sidecar.json#ENG-202;prior semantic pass plus current row review; provenance remains manual-semantic-reviewed;origin_machine_translated=unknown	false	root-row-by-row-semantic-review	root-reviewed-approved	木属性攻撃による被ダメージが上昇		manual-semantic-reviewed	final-root-review-20260819	ENG-202	HiiragiNemu project root semantic review	false	true; legacy client reads <files>/madomagi/engine_i18n.tsv	manual-semantic-reviewed	受到木属性攻击伤害提升	root-reviewed-approved	medium	root_reviewed_engine_translation	root-reviewed-approved	magica/research/totentanz-full-localization-20260817/engine-i18n/final-root-review-20260819/engine_unknown_212_root_review_sidecar.json#ENG-202;prior semantic pass plus current row review; provenance remains manual-semantic-reviewed;origin_machine_translated=unknown	origin_machine_translated=unknown; the historical origin remains explicit; the current value received row-by-row root review and does not inherit an official/Wiki label unless exact dual-ABI evidence is recorded.
MT-00460	engine_runtime_i18n_root_reviewed	native_engine_i18n	madomagi/engine_i18n.tsv	203	zhCN	状態異常の種類数に応じて被ダメージが上昇	所受伤害随状态异常种类数增加而提升	所受伤害随状态异常种类数增加而提升	madomagi/engine_i18n.tsv#203/zhCN	manual-semantic-reviewed	unknown	magica/research/totentanz-full-localization-20260817/engine-i18n/root-reviewed-semantic-corrections.json#ENG-203;D:/magia/MyProducts/MAGIA RECORD CN/Full_Raw_Dump_V2 (corpus literal count 1674); official term=状态异常; count=1674; not claimed as whole-string stable-ID match;C:\Users\proje\Documents\Codex\2026-08-06\https-github-com-hiiraginemu-magireco-wiki-3\work\next_round_execution_20260819\engine_unknown_256_semantic_apply_35\engine_semantic_35_verification.json	false	official-cn-terminology-plus-source-context	root-reviewed-approved	状態異常の種類数に応じて被ダメージが上昇		manual-semantic-reviewed	root-reviewed-term-closure	ENG-203	HiiragiNemu project root semantic review	false	true; legacy client reads <files>/madomagi/engine_i18n.tsv	manual-semantic-reviewed	所受伤害随状态异常种类数增加而提升	root-reviewed-approved	medium	root_reviewed_engine_translation	root-reviewed-approved	magica/research/totentanz-full-localization-20260817/engine-i18n/root-reviewed-semantic-corrections.json#ENG-203;D:/magia/MyProducts/MAGIA RECORD CN/Full_Raw_Dump_V2 (corpus literal count 1674); official term=状态异常; count=1674; not claimed as whole-string stable-ID match;C:\Users\proje\Documents\Codex\2026-08-06\https-github-com-hiiraginemu-magireco-wiki-3\work\next_round_execution_20260819\engine_unknown_256_semantic_apply_35\engine_semantic_35_verification.json	采用旧国服高频术语，并按日文源键补足中文语序；不冒充整句官中。
MT-00461	engine_runtime_i18n_root_reviewed	native_engine_i18n	madomagi/engine_i18n.tsv	204	zhCN	バリア	屏障	屏障	madomagi/engine_i18n.tsv#204/zhCN	manual-semantic-reviewed	unknown	magica/research/totentanz-full-localization-20260817/engine-i18n/final-root-review-20260819/engine_unknown_212_root_review_sidecar.json#ENG-204;prior semantic pass plus current row review; provenance remains manual-semantic-reviewed;origin_machine_translated=unknown	false	root-row-by-row-semantic-review	root-reviewed-approved	バリア		manual-semantic-reviewed	final-root-review-20260819	ENG-204	HiiragiNemu project root semantic review	false	true; legacy client reads <files>/madomagi/engine_i18n.tsv	manual-semantic-reviewed	屏障	root-reviewed-approved	medium	root_reviewed_engine_translation	root-reviewed-approved	magica/research/totentanz-full-localization-20260817/engine-i18n/final-root-review-20260819/engine_unknown_212_root_review_sidecar.json#ENG-204;prior semantic pass plus current row review; provenance remains manual-semantic-reviewed;origin_machine_translated=unknown	origin_machine_translated=unknown; the historical origin remains explicit; the current value received row-by-row root review and does not inherit an official/Wiki label unless exact dual-ABI evidence is recorded.
MT-00462	engine_runtime_i18n_root_reviewed	native_engine_i18n	madomagi/engine_i18n.tsv	205	zhCN	瀕死時に攻撃力が上昇	濒死时攻击力提升	濒死时攻击力提升	madomagi/engine_i18n.tsv#205/zhCN	manual-semantic-reviewed	unknown	magica/research/totentanz-full-localization-20260817/engine-i18n/final-root-review-20260819/engine_unknown_212_root_review_sidecar.json#ENG-205;prior semantic pass plus current row review; provenance remains manual-semantic-reviewed;origin_machine_translated=unknown	false	root-row-by-row-semantic-review	root-reviewed-approved	瀕死時に攻撃力が上昇		manual-semantic-reviewed	final-root-review-20260819	ENG-205	HiiragiNemu project root semantic review	false	true; legacy client reads <files>/madomagi/engine_i18n.tsv	manual-semantic-reviewed	濒死时攻击力提升	root-reviewed-approved	medium	root_reviewed_engine_translation	root-reviewed-approved	magica/research/totentanz-full-localization-20260817/engine-i18n/final-root-review-20260819/engine_unknown_212_root_review_sidecar.json#ENG-205;prior semantic pass plus current row review; provenance remains manual-semantic-reviewed;origin_machine_translated=unknown	origin_machine_translated=unknown; the historical origin remains explicit; the current value received row-by-row root review and does not inherit an official/Wiki label unless exact dual-ABI evidence is recorded.
MT-00463	engine_runtime_i18n_root_reviewed	native_engine_i18n	madomagi/engine_i18n.tsv	206	zhCN	瀕死時に防御力が上昇	濒死时防御力提升	濒死时防御力提升	madomagi/engine_i18n.tsv#206/zhCN	manual-semantic-reviewed	unknown	magica/research/totentanz-full-localization-20260817/engine-i18n/final-root-review-20260819/engine_unknown_212_root_review_sidecar.json#ENG-206;prior semantic pass plus current row review; provenance remains manual-semantic-reviewed;origin_machine_translated=unknown	false	root-row-by-row-semantic-review	root-reviewed-approved	瀕死時に防御力が上昇		manual-semantic-reviewed	final-root-review-20260819	ENG-206	HiiragiNemu project root semantic review	false	true; legacy client reads <files>/madomagi/engine_i18n.tsv	manual-semantic-reviewed	濒死时防御力提升	root-reviewed-approved	medium	root_reviewed_engine_translation	root-reviewed-approved	magica/research/totentanz-full-localization-20260817/engine-i18n/final-root-review-20260819/engine_unknown_212_root_review_sidecar.json#ENG-206;prior semantic pass plus current row review; provenance remains manual-semantic-reviewed;origin_machine_translated=unknown	origin_machine_translated=unknown; the historical origin remains explicit; the current value received row-by-row root review and does not inherit an official/Wiki label unless exact dual-ABI evidence is recorded.
MT-00464	engine_runtime_i18n_root_reviewed	native_engine_i18n	madomagi/engine_i18n.tsv	207	zhCN	火属性攻撃による被ダメージが上昇	受到火属性攻击伤害提升	受到火属性攻击伤害提升	madomagi/engine_i18n.tsv#207/zhCN	manual-semantic-reviewed	unknown	magica/research/totentanz-full-localization-20260817/engine-i18n/final-root-review-20260819/engine_unknown_212_root_review_sidecar.json#ENG-207;prior semantic pass plus current row review; provenance remains manual-semantic-reviewed;origin_machine_translated=unknown	false	root-row-by-row-semantic-review	root-reviewed-approved	火属性攻撃による被ダメージが上昇		manual-semantic-reviewed	final-root-review-20260819	ENG-207	HiiragiNemu project root semantic review	false	true; legacy client reads <files>/madomagi/engine_i18n.tsv	manual-semantic-reviewed	受到火属性攻击伤害提升	root-reviewed-approved	medium	root_reviewed_engine_translation	root-reviewed-approved	magica/research/totentanz-full-localization-20260817/engine-i18n/final-root-review-20260819/engine_unknown_212_root_review_sidecar.json#ENG-207;prior semantic pass plus current row review; provenance remains manual-semantic-reviewed;origin_machine_translated=unknown	origin_machine_translated=unknown; the historical origin remains explicit; the current value received row-by-row root review and does not inherit an official/Wiki label unless exact dual-ABI evidence is recorded.
MT-00465	engine_runtime_i18n_root_reviewed	native_engine_i18n	madomagi/engine_i18n.tsv	208	zhCN	デバフ反射	减益反射	减益反射	madomagi/engine_i18n.tsv#208/zhCN	manual-semantic-reviewed	unknown	magica/research/totentanz-full-localization-20260817/engine-i18n/final-root-review-20260819/engine_unknown_212_root_review_sidecar.json#ENG-208;prior semantic pass plus current row review; provenance remains manual-semantic-reviewed;origin_machine_translated=unknown	false	root-row-by-row-semantic-review	root-reviewed-approved	デバフ反射		manual-semantic-reviewed	final-root-review-20260819	ENG-208	HiiragiNemu project root semantic review	false	true; legacy client reads <files>/madomagi/engine_i18n.tsv	manual-semantic-reviewed	减益反射	root-reviewed-approved	medium	root_reviewed_engine_translation	root-reviewed-approved	magica/research/totentanz-full-localization-20260817/engine-i18n/final-root-review-20260819/engine_unknown_212_root_review_sidecar.json#ENG-208;prior semantic pass plus current row review; provenance remains manual-semantic-reviewed;origin_machine_translated=unknown	origin_machine_translated=unknown; the historical origin remains explicit; the current value received row-by-row root review and does not inherit an official/Wiki label unless exact dual-ABI evidence is recorded.
MT-00466	engine_runtime_i18n_root_reviewed	native_engine_i18n	madomagi/engine_i18n.tsv	209	zhCN	クエストデータの読み込みに失敗しました。	关卡数据读取失败。	关卡数据读取失败。	madomagi/engine_i18n.tsv#209/zhCN	manual-semantic-reviewed	unknown	magica/research/totentanz-full-localization-20260817/engine-i18n/final-root-review-20260819/engine_unknown_212_root_review_sidecar.json#ENG-209;prior semantic pass plus current row review; provenance remains manual-semantic-reviewed;origin_machine_translated=unknown	false	root-row-by-row-semantic-review	root-reviewed-approved	クエストデータの読み込みに失敗しました。		manual-semantic-reviewed	final-root-review-20260819	ENG-209	HiiragiNemu project root semantic review	false	true; legacy client reads <files>/madomagi/engine_i18n.tsv	manual-semantic-reviewed	关卡数据读取失败。	root-reviewed-approved	medium	root_reviewed_engine_translation	root-reviewed-approved	magica/research/totentanz-full-localization-20260817/engine-i18n/final-root-review-20260819/engine_unknown_212_root_review_sidecar.json#ENG-209;prior semantic pass plus current row review; provenance remains manual-semantic-reviewed;origin_machine_translated=unknown	origin_machine_translated=unknown; the historical origin remains explicit; the current value received row-by-row root review and does not inherit an official/Wiki label unless exact dual-ABI evidence is recorded.
MT-00467	engine_runtime_i18n_root_reviewed	native_engine_i18n	madomagi/engine_i18n.tsv	210	zhCN	クエスト結果データの確認に失敗しました。	关卡结果数据确认失败。	关卡结果数据确认失败。	madomagi/engine_i18n.tsv#210/zhCN	manual-semantic-reviewed	unknown	magica/research/totentanz-full-localization-20260817/engine-i18n/final-root-review-20260819/engine_unknown_212_root_review_sidecar.json#ENG-210;prior semantic pass plus current row review; provenance remains manual-semantic-reviewed;origin_machine_translated=unknown	false	root-row-by-row-semantic-review	root-reviewed-approved	クエスト結果データの確認に失敗しました。		manual-semantic-reviewed	final-root-review-20260819	ENG-210	HiiragiNemu project root semantic review	false	true; legacy client reads <files>/madomagi/engine_i18n.tsv	manual-semantic-reviewed	关卡结果数据确认失败。	root-reviewed-approved	medium	root_reviewed_engine_translation	root-reviewed-approved	magica/research/totentanz-full-localization-20260817/engine-i18n/final-root-review-20260819/engine_unknown_212_root_review_sidecar.json#ENG-210;prior semantic pass plus current row review; provenance remains manual-semantic-reviewed;origin_machine_translated=unknown	origin_machine_translated=unknown; the historical origin remains explicit; the current value received row-by-row root review and does not inherit an official/Wiki label unless exact dual-ABI evidence is recorded.
MT-00468	engine_runtime_i18n_root_reviewed	native_engine_i18n	madomagi/engine_i18n.tsv	211	zhCN	リプレイ再生の終了	结束回放	结束回放	madomagi/engine_i18n.tsv#211/zhCN	manual-semantic-reviewed	unknown	magica/research/totentanz-full-localization-20260817/engine-i18n/root-reviewed-semantic-corrections.json#ENG-211;madomagi/engine_i18n.tsv:211; Japanese source-key semantic review;C:\Users\proje\Documents\Codex\2026-08-06\https-github-com-hiiraginemu-magireco-wiki-3\work\next_round_execution_20260819\engine_unknown_256_semantic_apply_35\engine_semantic_35_verification.json	false	manual-source-key-semantic-review	root-reviewed-approved	リプレイ再生の終了		manual-semantic-reviewed	root-reviewed-term-closure	ENG-211	HiiragiNemu project root semantic review	false	true; legacy client reads <files>/madomagi/engine_i18n.tsv	manual-semantic-reviewed	结束回放	root-reviewed-approved	medium	root_reviewed_engine_translation	root-reviewed-approved	magica/research/totentanz-full-localization-20260817/engine-i18n/root-reviewed-semantic-corrections.json#ENG-211;madomagi/engine_i18n.tsv:211; Japanese source-key semantic review;C:\Users\proje\Documents\Codex\2026-08-06\https-github-com-hiiraginemu-magireco-wiki-3\work\next_round_execution_20260819\engine_unknown_256_semantic_apply_35\engine_semantic_35_verification.json	消除“回放播放”的同义重复。
MT-00469	engine_runtime_i18n_root_reviewed	native_engine_i18n	madomagi/engine_i18n.tsv	212	zhCN	コンテニューに失敗しました。	续关失败。	续关失败。	madomagi/engine_i18n.tsv#212/zhCN	manual-semantic-reviewed	unknown	magica/research/totentanz-full-localization-20260817/engine-i18n/final-root-review-20260819/engine_unknown_212_root_review_sidecar.json#ENG-212;prior semantic pass plus current row review; provenance remains manual-semantic-reviewed;origin_machine_translated=unknown	false	root-row-by-row-semantic-review	root-reviewed-approved	コンテニューに失敗しました。		manual-semantic-reviewed	final-root-review-20260819	ENG-212	HiiragiNemu project root semantic review	false	true; legacy client reads <files>/madomagi/engine_i18n.tsv	manual-semantic-reviewed	续关失败。	root-reviewed-approved	medium	root_reviewed_engine_translation	root-reviewed-approved	magica/research/totentanz-full-localization-20260817/engine-i18n/final-root-review-20260819/engine_unknown_212_root_review_sidecar.json#ENG-212;prior semantic pass plus current row review; provenance remains manual-semantic-reviewed;origin_machine_translated=unknown	origin_machine_translated=unknown; the historical origin remains explicit; the current value received row-by-row root review and does not inherit an official/Wiki label unless exact dual-ABI evidence is recorded.
MT-00470	engine_runtime_i18n_root_reviewed	native_engine_i18n	madomagi/engine_i18n.tsv	213	zhCN	予期せぬエラーが発生しました。	发生了意外错误。	发生了意外错误。	madomagi/engine_i18n.tsv#213/zhCN	manual-semantic-reviewed	unknown	magica/research/totentanz-full-localization-20260817/engine-i18n/final-root-review-20260819/engine_unknown_212_root_review_sidecar.json#ENG-213;prior semantic pass plus current row review; provenance remains manual-semantic-reviewed;origin_machine_translated=unknown	false	root-row-by-row-semantic-review	root-reviewed-approved	予期せぬエラーが発生しました。		manual-semantic-reviewed	final-root-review-20260819	ENG-213	HiiragiNemu project root semantic review	false	true; legacy client reads <files>/madomagi/engine_i18n.tsv	manual-semantic-reviewed	发生了意外错误。	root-reviewed-approved	medium	root_reviewed_engine_translation	root-reviewed-approved	magica/research/totentanz-full-localization-20260817/engine-i18n/final-root-review-20260819/engine_unknown_212_root_review_sidecar.json#ENG-213;prior semantic pass plus current row review; provenance remains manual-semantic-reviewed;origin_machine_translated=unknown	origin_machine_translated=unknown; the historical origin remains explicit; the current value received row-by-row root review and does not inherit an official/Wiki label unless exact dual-ABI evidence is recorded.
MT-00471	engine_runtime_i18n_root_reviewed	native_engine_i18n	madomagi/engine_i18n.tsv	214	zhCN	ターン有効	回合内有效	回合内有效	madomagi/engine_i18n.tsv#214/zhCN	manual-semantic-reviewed	unknown	magica/research/totentanz-full-localization-20260817/engine-i18n/final-root-review-20260819/engine_unknown_212_root_review_sidecar.json#ENG-214;prior semantic pass plus current row review; provenance remains manual-semantic-reviewed;origin_machine_translated=unknown	false	root-row-by-row-semantic-review	root-reviewed-approved	ターン有効		manual-semantic-reviewed	final-root-review-20260819	ENG-214	HiiragiNemu project root semantic review	false	true; legacy client reads <files>/madomagi/engine_i18n.tsv	manual-semantic-reviewed	回合内有效	root-reviewed-approved	medium	root_reviewed_engine_translation	root-reviewed-approved	magica/research/totentanz-full-localization-20260817/engine-i18n/final-root-review-20260819/engine_unknown_212_root_review_sidecar.json#ENG-214;prior semantic pass plus current row review; provenance remains manual-semantic-reviewed;origin_machine_translated=unknown	origin_machine_translated=unknown; the historical origin remains explicit; the current value received row-by-row root review and does not inherit an official/Wiki label unless exact dual-ABI evidence is recorded.
MT-00472	engine_runtime_i18n_root_reviewed	native_engine_i18n	madomagi/engine_i18n.tsv	215	zhCN	スキル使用	使用技能	使用技能	madomagi/engine_i18n.tsv#215/zhCN	manual-semantic-reviewed	unknown	magica/research/totentanz-full-localization-20260817/engine-i18n/final-root-review-20260819/engine_unknown_212_root_review_sidecar.json#ENG-215;literal exists in official CN native evidence but pairing was not assumed; root review approves current value;origin_machine_translated=unknown	false	root-row-by-row-semantic-review	root-reviewed-approved	スキル使用		manual-semantic-reviewed	final-root-review-20260819	ENG-215	HiiragiNemu project root semantic review	false	true; legacy client reads <files>/madomagi/engine_i18n.tsv	manual-semantic-reviewed	使用技能	root-reviewed-approved	medium	root_reviewed_engine_translation	root-reviewed-approved	magica/research/totentanz-full-localization-20260817/engine-i18n/final-root-review-20260819/engine_unknown_212_root_review_sidecar.json#ENG-215;literal exists in official CN native evidence but pairing was not assumed; root review approves current value;origin_machine_translated=unknown	origin_machine_translated=unknown; the historical origin remains explicit; the current value received row-by-row root review and does not inherit an official/Wiki label unless exact dual-ABI evidence is recorded.
MT-00473	engine_runtime_i18n_root_reviewed	native_engine_i18n	madomagi/engine_i18n.tsv	216	zhCN	フィールド効果	场地效果	场地效果	madomagi/engine_i18n.tsv#216/zhCN	manual-semantic-reviewed	unknown	magica/research/totentanz-full-localization-20260817/engine-i18n/final-root-review-20260819/engine_unknown_212_root_review_sidecar.json#ENG-216;prior semantic pass plus current row review; provenance remains manual-semantic-reviewed;origin_machine_translated=unknown	false	root-row-by-row-semantic-review	root-reviewed-approved	フィールド効果		manual-semantic-reviewed	final-root-review-20260819	ENG-216	HiiragiNemu project root semantic review	false	true; legacy client reads <files>/madomagi/engine_i18n.tsv	manual-semantic-reviewed	场地效果	root-reviewed-approved	medium	root_reviewed_engine_translation	root-reviewed-approved	magica/research/totentanz-full-localization-20260817/engine-i18n/final-root-review-20260819/engine_unknown_212_root_review_sidecar.json#ENG-216;prior semantic pass plus current row review; provenance remains manual-semantic-reviewed;origin_machine_translated=unknown	origin_machine_translated=unknown; the historical origin remains explicit; the current value received row-by-row root review and does not inherit an official/Wiki label unless exact dual-ABI evidence is recorded.
MT-00474	engine_runtime_i18n_root_reviewed	native_engine_i18n	madomagi/engine_i18n.tsv	217	zhCN	ステータス変化	状态变化	状态变化	madomagi/engine_i18n.tsv#217/zhCN	manual-semantic-reviewed	unknown	magica/research/totentanz-full-localization-20260817/engine-i18n/final-root-review-20260819/engine_unknown_212_root_review_sidecar.json#ENG-217;literal exists in official CN native evidence but pairing was not assumed; root review approves current value;origin_machine_translated=unknown	false	root-row-by-row-semantic-review	root-reviewed-approved	ステータス変化		manual-semantic-reviewed	final-root-review-20260819	ENG-217	HiiragiNemu project root semantic review	false	true; legacy client reads <files>/madomagi/engine_i18n.tsv	manual-semantic-reviewed	状态变化	root-reviewed-approved	medium	root_reviewed_engine_translation	root-reviewed-approved	magica/research/totentanz-full-localization-20260817/engine-i18n/final-root-review-20260819/engine_unknown_212_root_review_sidecar.json#ENG-217;literal exists in official CN native evidence but pairing was not assumed; root review approves current value;origin_machine_translated=unknown	origin_machine_translated=unknown; the historical origin remains explicit; the current value received row-by-row root review and does not inherit an official/Wiki label unless exact dual-ABI evidence is recorded.
MT-00475	engine_runtime_i18n_root_reviewed	native_engine_i18n	madomagi/engine_i18n.tsv	218	zhCN	残ターン ∞	剩余回合 ∞	剩余回合 ∞	madomagi/engine_i18n.tsv#218/zhCN	manual-semantic-reviewed	unknown	magica/research/totentanz-full-localization-20260817/engine-i18n/final-root-review-20260819/engine_unknown_212_root_review_sidecar.json#ENG-218;current Chinese is context-paired in both official CN native ABIs; root review confirms no change;origin_machine_translated=unknown	false	root-row-by-row-semantic-review	root-reviewed-approved	残ターン ∞		manual-semantic-reviewed	final-root-review-20260819	ENG-218	HiiragiNemu project root semantic review	false	true; legacy client reads <files>/madomagi/engine_i18n.tsv	manual-semantic-reviewed	剩余回合 ∞	root-reviewed-approved	medium	root_reviewed_engine_translation	root-reviewed-approved	magica/research/totentanz-full-localization-20260817/engine-i18n/final-root-review-20260819/engine_unknown_212_root_review_sidecar.json#ENG-218;current Chinese is context-paired in both official CN native ABIs; root review confirms no change;origin_machine_translated=unknown	origin_machine_translated=unknown; the historical origin remains explicit; the current value received row-by-row root review and does not inherit an official/Wiki label unless exact dual-ABI evidence is recorded.
MT-00476	engine_runtime_i18n_root_reviewed	native_engine_i18n	madomagi/engine_i18n.tsv	219	zhCN	残ターン	剩余回合	剩余回合	madomagi/engine_i18n.tsv#219/zhCN	manual-semantic-reviewed	unknown	magica/research/totentanz-full-localization-20260817/engine-i18n/final-root-review-20260819/engine_unknown_212_root_review_sidecar.json#ENG-219;current Chinese is context-paired in both official CN native ABIs; root review confirms no change;origin_machine_translated=unknown	false	root-row-by-row-semantic-review	root-reviewed-approved	残ターン		manual-semantic-reviewed	final-root-review-20260819	ENG-219	HiiragiNemu project root semantic review	false	true; legacy client reads <files>/madomagi/engine_i18n.tsv	manual-semantic-reviewed	剩余回合	root-reviewed-approved	medium	root_reviewed_engine_translation	root-reviewed-approved	magica/research/totentanz-full-localization-20260817/engine-i18n/final-root-review-20260819/engine_unknown_212_root_review_sidecar.json#ENG-219;current Chinese is context-paired in both official CN native ABIs; root review confirms no change;origin_machine_translated=unknown	origin_machine_translated=unknown; the historical origin remains explicit; the current value received row-by-row root review and does not inherit an official/Wiki label unless exact dual-ABI evidence is recorded.
MT-00477	engine_runtime_i18n_root_reviewed	native_engine_i18n	madomagi/engine_i18n.tsv	22	zhCN	※Wi-Fi環境でのダウンロードをお勧めします。	※建议在Wi-Fi环境下下载。	※建议在Wi-Fi环境下下载。	madomagi/engine_i18n.tsv#22/zhCN	manual-semantic-reviewed	unknown	magica/research/totentanz-full-localization-20260817/engine-i18n/final-root-review-20260819/engine_unknown_212_root_review_sidecar.json#ENG-022;prior semantic pass plus current row review; provenance remains manual-semantic-reviewed;origin_machine_translated=unknown	false	root-row-by-row-semantic-review	root-reviewed-approved	※Wi-Fi環境でのダウンロードをお勧めします。		manual-semantic-reviewed	final-root-review-20260819	ENG-022	HiiragiNemu project root semantic review	false	true; legacy client reads <files>/madomagi/engine_i18n.tsv	manual-semantic-reviewed	※建议在Wi-Fi环境下下载。	root-reviewed-approved	medium	root_reviewed_engine_translation	root-reviewed-approved	magica/research/totentanz-full-localization-20260817/engine-i18n/final-root-review-20260819/engine_unknown_212_root_review_sidecar.json#ENG-022;prior semantic pass plus current row review; provenance remains manual-semantic-reviewed;origin_machine_translated=unknown	origin_machine_translated=unknown; the historical origin remains explicit; the current value received row-by-row root review and does not inherit an official/Wiki label unless exact dual-ABI evidence is recorded.
MT-00478	engine_runtime_i18n_root_reviewed	native_engine_i18n	madomagi/engine_i18n.tsv	221	zhCN	※スキル長押しで詳細を表示	※长按技能显示详情	※长按技能显示详情	madomagi/engine_i18n.tsv#221/zhCN	manual-semantic-reviewed	unknown	magica/research/totentanz-full-localization-20260817/engine-i18n/final-root-review-20260819/engine_unknown_212_root_review_sidecar.json#ENG-221;prior semantic pass plus current row review; provenance remains manual-semantic-reviewed;origin_machine_translated=unknown	false	root-row-by-row-semantic-review	root-reviewed-approved	※スキル長押しで詳細を表示		manual-semantic-reviewed	final-root-review-20260819	ENG-221	HiiragiNemu project root semantic review	false	true; legacy client reads <files>/madomagi/engine_i18n.tsv	manual-semantic-reviewed	※长按技能显示详情	root-reviewed-approved	medium	root_reviewed_engine_translation	root-reviewed-approved	magica/research/totentanz-full-localization-20260817/engine-i18n/final-root-review-20260819/engine_unknown_212_root_review_sidecar.json#ENG-221;prior semantic pass plus current row review; provenance remains manual-semantic-reviewed;origin_machine_translated=unknown	origin_machine_translated=unknown; the historical origin remains explicit; the current value received row-by-row root review and does not inherit an official/Wiki label unless exact dual-ABI evidence is recorded.
MT-00479	engine_runtime_i18n_root_reviewed	native_engine_i18n	madomagi/engine_i18n.tsv	222	zhCN	JCリプレイバージョンが古いため再生できません。\nクエストリプレイを中断します。	JC回放版本过旧，无法播放。\n将中断关卡回放。	JC回放版本过旧，无法播放。\n将中断关卡回放。	madomagi/engine_i18n.tsv#222/zhCN	manual-semantic-reviewed	unknown	magica/research/totentanz-full-localization-20260817/engine-i18n/final-root-review-20260819/engine_unknown_212_root_review_sidecar.json#ENG-222;prior semantic pass plus current row review; provenance remains manual-semantic-reviewed;origin_machine_translated=unknown	false	root-row-by-row-semantic-review	root-reviewed-approved	JCリプレイバージョンが古いため再生できません。\nクエストリプレイを中断します。		manual-semantic-reviewed	final-root-review-20260819	ENG-222	HiiragiNemu project root semantic review	false	true; legacy client reads <files>/madomagi/engine_i18n.tsv	manual-semantic-reviewed	JC回放版本过旧，无法播放。\n将中断关卡回放。	root-reviewed-approved	medium	root_reviewed_engine_translation	root-reviewed-approved	magica/research/totentanz-full-localization-20260817/engine-i18n/final-root-review-20260819/engine_unknown_212_root_review_sidecar.json#ENG-222;prior semantic pass plus current row review; provenance remains manual-semantic-reviewed;origin_machine_translated=unknown	origin_machine_translated=unknown; the historical origin remains explicit; the current value received row-by-row root review and does not inherit an official/Wiki label unless exact dual-ABI evidence is recorded.
MT-00480	engine_runtime_i18n_root_reviewed	native_engine_i18n	madomagi/engine_i18n.tsv	223	zhCN	キャンセル	取消	取消	madomagi/engine_i18n.tsv#223/zhCN	manual-semantic-reviewed	unknown	magica/research/totentanz-full-localization-20260817/engine-i18n/final-root-review-20260819/engine_unknown_212_root_review_sidecar.json#ENG-223;literal exists in official CN native evidence but pairing was not assumed; root review approves current value;origin_machine_translated=unknown	false	root-row-by-row-semantic-review	root-reviewed-approved	キャンセル		manual-semantic-reviewed	final-root-review-20260819	ENG-223	HiiragiNemu project root semantic review	false	true; legacy client reads <files>/madomagi/engine_i18n.tsv	manual-semantic-reviewed	取消	root-reviewed-approved	medium	root_reviewed_engine_translation	root-reviewed-approved	magica/research/totentanz-full-localization-20260817/engine-i18n/final-root-review-20260819/engine_unknown_212_root_review_sidecar.json#ENG-223;literal exists in official CN native evidence but pairing was not assumed; root review approves current value;origin_machine_translated=unknown	origin_machine_translated=unknown; the historical origin remains explicit; the current value received row-by-row root review and does not inherit an official/Wiki label unless exact dual-ABI evidence is recorded.
MT-00481	engine_runtime_i18n_root_reviewed	native_engine_i18n	madomagi/engine_i18n.tsv	224	zhCN	全バトルON	所有战斗均开启	所有战斗均开启	madomagi/engine_i18n.tsv#224/zhCN	manual-semantic-reviewed	unknown	magica/research/totentanz-full-localization-20260817/engine-i18n/root-reviewed-term-closure.json#ENGINE-224;日文源键=全バトルON；旧国服术语使用“提升/下降”而非UP/DOWN。;C:\Users\proje\Documents\Codex\2026-08-06\https-github-com-hiiraginemu-magireco-wiki-3\work\next_round_execution_20260819\engine_root_review_apply_40\engine_root_review_40_verification.json	false	official-cn-terminology-plus-source-context	root-reviewed-approved	全バトルON		manual-semantic-reviewed	root-reviewed-term-closure	ENGINE-224	HiiragiNemu project root semantic review	false	true; legacy client reads <files>/madomagi/engine_i18n.tsv	manual-semantic-reviewed	所有战斗均开启	root-reviewed-approved	medium	root_reviewed_engine_translation	root-reviewed-approved	magica/research/totentanz-full-localization-20260817/engine-i18n/root-reviewed-term-closure.json#ENGINE-224;日文源键=全バトルON；旧国服术语使用“提升/下降”而非UP/DOWN。;C:\Users\proje\Documents\Codex\2026-08-06\https-github-com-hiiraginemu-magireco-wiki-3\work\next_round_execution_20260819\engine_root_review_apply_40\engine_root_review_40_verification.json	Root semantic review accepted the visible source-key context; official CN terminology guides UP/DOWN and UI wording without claiming a whole-string official match.
MT-00482	engine_runtime_i18n_root_reviewed	native_engine_i18n	madomagi/engine_i18n.tsv	225	zhCN	ボス戦時のみON	仅首领战时开启	仅首领战时开启	madomagi/engine_i18n.tsv#225/zhCN	manual-semantic-reviewed	unknown	magica/research/totentanz-full-localization-20260817/engine-i18n/root-reviewed-term-closure.json#ENGINE-225;旧国服同一 qb_auto_settings 技术块使用‘首领’：仅首领战斗时ON。;用户要求可见 UI 不残留英文；因此 ON 改为‘开启’。;work/next_round_execution_20260819/engine_final_authority_apply_20260819/engine_final_authority_verification.json	false	official-cn-boss-term-plus-full-chinese-ui-policy	root-reviewed-approved	ボス戦時のみON		manual-semantic-reviewed	root-reviewed-term-closure	ENGINE-225	HiiragiNemu project root semantic review	false	true; legacy client reads <files>/madomagi/engine_i18n.tsv	manual-semantic-reviewed	仅首领战时开启	root-reviewed-approved	medium	root_reviewed_engine_translation	root-reviewed-approved	magica/research/totentanz-full-localization-20260817/engine-i18n/root-reviewed-term-closure.json#ENGINE-225;旧国服同一 qb_auto_settings 技术块使用‘首领’：仅首领战斗时ON。;用户要求可见 UI 不残留英文；因此 ON 改为‘开启’。;work/next_round_execution_20260819/engine_final_authority_apply_20260819/engine_final_authority_verification.json	Stable auto-battle setting label; official CN supplies 首领 and the confirmed full-Chinese UI policy supplies 开启.
MT-00483	engine_runtime_i18n_root_reviewed	native_engine_i18n	madomagi/engine_i18n.tsv	226	zhCN	全バトルOFF	所有战斗均关闭	所有战斗均关闭	madomagi/engine_i18n.tsv#226/zhCN	manual-semantic-reviewed	unknown	magica/research/totentanz-full-localization-20260817/engine-i18n/root-reviewed-term-closure.json#ENGINE-226;日文源键=全バトルOFF；旧国服术语使用“提升/下降”而非UP/DOWN。;C:\Users\proje\Documents\Codex\2026-08-06\https-github-com-hiiraginemu-magireco-wiki-3\work\next_round_execution_20260819\engine_root_review_apply_40\engine_root_review_40_verification.json	false	official-cn-terminology-plus-source-context	root-reviewed-approved	全バトルOFF		manual-semantic-reviewed	root-reviewed-term-closure	ENGINE-226	HiiragiNemu project root semantic review	false	true; legacy client reads <files>/madomagi/engine_i18n.tsv	manual-semantic-reviewed	所有战斗均关闭	root-reviewed-approved	medium	root_reviewed_engine_translation	root-reviewed-approved	magica/research/totentanz-full-localization-20260817/engine-i18n/root-reviewed-term-closure.json#ENGINE-226;日文源键=全バトルOFF；旧国服术语使用“提升/下降”而非UP/DOWN。;C:\Users\proje\Documents\Codex\2026-08-06\https-github-com-hiiraginemu-magireco-wiki-3\work\next_round_execution_20260819\engine_root_review_apply_40\engine_root_review_40_verification.json	Root semantic review accepted the visible source-key context; official CN terminology guides UP/DOWN and UI wording without claiming a whole-string official match.
MT-00484	engine_runtime_i18n_root_reviewed	native_engine_i18n	madomagi/engine_i18n.tsv	227	zhCN	ミッション内容	任务内容	任务内容	madomagi/engine_i18n.tsv#227/zhCN	manual-semantic-reviewed	unknown	magica/research/totentanz-full-localization-20260817/engine-i18n/final-root-review-20260819/engine_unknown_212_root_review_sidecar.json#ENG-227;current Chinese is context-paired in both official CN native ABIs; root review confirms no change;origin_machine_translated=unknown	false	root-row-by-row-semantic-review	root-reviewed-approved	ミッション内容		manual-semantic-reviewed	final-root-review-20260819	ENG-227	HiiragiNemu project root semantic review	false	true; legacy client reads <files>/madomagi/engine_i18n.tsv	manual-semantic-reviewed	任务内容	root-reviewed-approved	medium	root_reviewed_engine_translation	root-reviewed-approved	magica/research/totentanz-full-localization-20260817/engine-i18n/final-root-review-20260819/engine_unknown_212_root_review_sidecar.json#ENG-227;current Chinese is context-paired in both official CN native ABIs; root review confirms no change;origin_machine_translated=unknown	origin_machine_translated=unknown; the historical origin remains explicit; the current value received row-by-row root review and does not inherit an official/Wiki label unless exact dual-ABI evidence is recorded.
MT-00485	engine_runtime_i18n_root_reviewed	native_engine_i18n	madomagi/engine_i18n.tsv	228	zhCN	本当にリタイアしますか?	确定要放弃吗？	确定要放弃吗？	madomagi/engine_i18n.tsv#228/zhCN	manual-semantic-reviewed	unknown	magica/research/totentanz-full-localization-20260817/engine-i18n/root-reviewed-semantic-corrections.json#ENG-228;madomagi/engine_i18n.tsv:228; Japanese source-key semantic review; native authority audit shows 放弃 literal in both official CN ABIs;C:\Users\proje\Documents\Codex\2026-08-06\https-github-com-hiiraginemu-magireco-wiki-3\work\next_round_execution_20260819\engine_unknown_256_semantic_apply_35\engine_semantic_35_verification.json	false	manual-source-key-semantic-review	root-reviewed-approved	本当にリタイアしますか?		manual-semantic-reviewed	root-reviewed-term-closure	ENG-228	HiiragiNemu project root semantic review	false	true; legacy client reads <files>/madomagi/engine_i18n.tsv	manual-semantic-reviewed	确定要放弃吗？	root-reviewed-approved	medium	root_reviewed_engine_translation	root-reviewed-approved	magica/research/totentanz-full-localization-20260817/engine-i18n/root-reviewed-semantic-corrections.json#ENG-228;madomagi/engine_i18n.tsv:228; Japanese source-key semantic review; native authority audit shows 放弃 literal in both official CN ABIs;C:\Users\proje\Documents\Codex\2026-08-06\https-github-com-hiiraginemu-magireco-wiki-3\work\next_round_execution_20260819\engine_unknown_256_semantic_apply_35\engine_semantic_35_verification.json	与同表“リタイア→放弃”统一；旧国服 native 两 ABI 均含“放弃”字面值。
MT-00486	engine_runtime_i18n_root_reviewed	native_engine_i18n	madomagi/engine_i18n.tsv	229	zhCN	ヘルプ	帮助	帮助	madomagi/engine_i18n.tsv#229/zhCN	manual-semantic-reviewed	unknown	magica/research/totentanz-full-localization-20260817/engine-i18n/final-root-review-20260819/engine_unknown_212_root_review_sidecar.json#ENG-229;current Chinese is context-paired in both official CN native ABIs; root review confirms no change;origin_machine_translated=unknown	false	root-row-by-row-semantic-review	root-reviewed-approved	ヘルプ		manual-semantic-reviewed	final-root-review-20260819	ENG-229	HiiragiNemu project root semantic review	false	true; legacy client reads <files>/madomagi/engine_i18n.tsv	manual-semantic-reviewed	帮助	root-reviewed-approved	medium	root_reviewed_engine_translation	root-reviewed-approved	magica/research/totentanz-full-localization-20260817/engine-i18n/final-root-review-20260819/engine_unknown_212_root_review_sidecar.json#ENG-229;current Chinese is context-paired in both official CN native ABIs; root review confirms no change;origin_machine_translated=unknown	origin_machine_translated=unknown; the historical origin remains explicit; the current value received row-by-row root review and does not inherit an official/Wiki label unless exact dual-ABI evidence is recorded.
MT-00487	engine_runtime_i18n_root_reviewed	native_engine_i18n	madomagi/engine_i18n.tsv	23	zhCN	後でダウンロード	稍后下载	稍后下载	madomagi/engine_i18n.tsv#23/zhCN	manual-semantic-reviewed	unknown	magica/research/totentanz-full-localization-20260817/engine-i18n/final-root-review-20260819/engine_unknown_212_root_review_sidecar.json#ENG-023;prior semantic pass plus current row review; provenance remains manual-semantic-reviewed;origin_machine_translated=unknown	false	root-row-by-row-semantic-review	root-reviewed-approved	後でダウンロード		manual-semantic-reviewed	final-root-review-20260819	ENG-023	HiiragiNemu project root semantic review	false	true; legacy client reads <files>/madomagi/engine_i18n.tsv	manual-semantic-reviewed	稍后下载	root-reviewed-approved	medium	root_reviewed_engine_translation	root-reviewed-approved	magica/research/totentanz-full-localization-20260817/engine-i18n/final-root-review-20260819/engine_unknown_212_root_review_sidecar.json#ENG-023;prior semantic pass plus current row review; provenance remains manual-semantic-reviewed;origin_machine_translated=unknown	origin_machine_translated=unknown; the historical origin remains explicit; the current value received row-by-row root review and does not inherit an official/Wiki label unless exact dual-ABI evidence is recorded.
MT-00488	engine_runtime_i18n_root_reviewed	native_engine_i18n	madomagi/engine_i18n.tsv	230	zhCN	オート設定	自动设置	自动设置	madomagi/engine_i18n.tsv#230/zhCN	manual-semantic-reviewed	unknown	magica/research/totentanz-full-localization-20260817/engine-i18n/final-root-review-20260819/engine_unknown_212_root_review_sidecar.json#ENG-230;prior semantic pass plus current row review; provenance remains manual-semantic-reviewed;origin_machine_translated=unknown	false	root-row-by-row-semantic-review	root-reviewed-approved	オート設定		manual-semantic-reviewed	final-root-review-20260819	ENG-230	HiiragiNemu project root semantic review	false	true; legacy client reads <files>/madomagi/engine_i18n.tsv	manual-semantic-reviewed	自动设置	root-reviewed-approved	medium	root_reviewed_engine_translation	root-reviewed-approved	magica/research/totentanz-full-localization-20260817/engine-i18n/final-root-review-20260819/engine_unknown_212_root_review_sidecar.json#ENG-230;prior semantic pass plus current row review; provenance remains manual-semantic-reviewed;origin_machine_translated=unknown	origin_machine_translated=unknown; the historical origin remains explicit; the current value received row-by-row root review and does not inherit an official/Wiki label unless exact dual-ABI evidence is recorded.
MT-00489	engine_runtime_i18n_root_reviewed	native_engine_i18n	madomagi/engine_i18n.tsv	231	zhCN	リタイア	放弃	放弃	madomagi/engine_i18n.tsv#231/zhCN	manual-semantic-reviewed	unknown	magica/research/totentanz-full-localization-20260817/engine-i18n/final-root-review-20260819/engine_unknown_212_root_review_sidecar.json#ENG-231;literal exists in official CN native evidence but pairing was not assumed; root review approves current value;origin_machine_translated=unknown	false	root-row-by-row-semantic-review	root-reviewed-approved	リタイア		manual-semantic-reviewed	final-root-review-20260819	ENG-231	HiiragiNemu project root semantic review	false	true; legacy client reads <files>/madomagi/engine_i18n.tsv	manual-semantic-reviewed	放弃	root-reviewed-approved	medium	root_reviewed_engine_translation	root-reviewed-approved	magica/research/totentanz-full-localization-20260817/engine-i18n/final-root-review-20260819/engine_unknown_212_root_review_sidecar.json#ENG-231;literal exists in official CN native evidence but pairing was not assumed; root review approves current value;origin_machine_translated=unknown	origin_machine_translated=unknown; the historical origin remains explicit; the current value received row-by-row root review and does not inherit an official/Wiki label unless exact dual-ABI evidence is recorded.
MT-00490	engine_runtime_i18n_root_reviewed	native_engine_i18n	madomagi/engine_i18n.tsv	233	zhCN	エラーコード：	错误代码：	错误代码：	madomagi/engine_i18n.tsv#233/zhCN	manual-semantic-reviewed	unknown	magica/research/totentanz-full-localization-20260817/engine-i18n/final-root-review-20260819/engine_unknown_212_root_review_sidecar.json#ENG-233;prior semantic pass plus current row review; provenance remains manual-semantic-reviewed;origin_machine_translated=unknown	false	root-row-by-row-semantic-review	root-reviewed-approved	エラーコード：		manual-semantic-reviewed	final-root-review-20260819	ENG-233	HiiragiNemu project root semantic review	false	true; legacy client reads <files>/madomagi/engine_i18n.tsv	manual-semantic-reviewed	错误代码：	root-reviewed-approved	medium	root_reviewed_engine_translation	root-reviewed-approved	magica/research/totentanz-full-localization-20260817/engine-i18n/final-root-review-20260819/engine_unknown_212_root_review_sidecar.json#ENG-233;prior semantic pass plus current row review; provenance remains manual-semantic-reviewed;origin_machine_translated=unknown	origin_machine_translated=unknown; the historical origin remains explicit; the current value received row-by-row root review and does not inherit an official/Wiki label unless exact dual-ABI evidence is recorded.
MT-00491	engine_runtime_i18n_root_reviewed	native_engine_i18n	madomagi/engine_i18n.tsv	234	zhCN	ネットワーク接続に失敗しました。	网络连接失败。	网络连接失败。	madomagi/engine_i18n.tsv#234/zhCN	manual-semantic-reviewed	unknown	magica/research/totentanz-full-localization-20260817/engine-i18n/final-root-review-20260819/engine_unknown_212_root_review_sidecar.json#ENG-234;prior semantic pass plus current row review; provenance remains manual-semantic-reviewed;origin_machine_translated=unknown	false	root-row-by-row-semantic-review	root-reviewed-approved	ネットワーク接続に失敗しました。		manual-semantic-reviewed	final-root-review-20260819	ENG-234	HiiragiNemu project root semantic review	false	true; legacy client reads <files>/madomagi/engine_i18n.tsv	manual-semantic-reviewed	网络连接失败。	root-reviewed-approved	medium	root_reviewed_engine_translation	root-reviewed-approved	magica/research/totentanz-full-localization-20260817/engine-i18n/final-root-review-20260819/engine_unknown_212_root_review_sidecar.json#ENG-234;prior semantic pass plus current row review; provenance remains manual-semantic-reviewed;origin_machine_translated=unknown	origin_machine_translated=unknown; the historical origin remains explicit; the current value received row-by-row root review and does not inherit an official/Wiki label unless exact dual-ABI evidence is recorded.
MT-00492	engine_runtime_i18n_root_reviewed	native_engine_i18n	madomagi/engine_i18n.tsv	235	zhCN	クエスト再開	继续关卡	继续关卡	madomagi/engine_i18n.tsv#235/zhCN	manual-semantic-reviewed	unknown	magica/research/totentanz-full-localization-20260817/engine-i18n/final-root-review-20260819/engine_unknown_212_root_review_sidecar.json#ENG-235;prior semantic pass plus current row review; provenance remains manual-semantic-reviewed;origin_machine_translated=unknown	false	root-row-by-row-semantic-review	root-reviewed-approved	クエスト再開		manual-semantic-reviewed	final-root-review-20260819	ENG-235	HiiragiNemu project root semantic review	false	true; legacy client reads <files>/madomagi/engine_i18n.tsv	manual-semantic-reviewed	继续关卡	root-reviewed-approved	medium	root_reviewed_engine_translation	root-reviewed-approved	magica/research/totentanz-full-localization-20260817/engine-i18n/final-root-review-20260819/engine_unknown_212_root_review_sidecar.json#ENG-235;prior semantic pass plus current row review; provenance remains manual-semantic-reviewed;origin_machine_translated=unknown	origin_machine_translated=unknown; the historical origin remains explicit; the current value received row-by-row root review and does not inherit an official/Wiki label unless exact dual-ABI evidence is recorded.
MT-00493	engine_runtime_i18n_root_reviewed	native_engine_i18n	madomagi/engine_i18n.tsv	236	zhCN	進行中のクエストを再開しますか？\n再開しない場合、APのみ消費されます。	要继续进行中的关卡吗？\n不继续将只消耗AP。	要继续进行中的关卡吗？\n不继续将只消耗AP。	madomagi/engine_i18n.tsv#236/zhCN	manual-semantic-reviewed	unknown	magica/research/totentanz-full-localization-20260817/engine-i18n/final-root-review-20260819/engine_unknown_212_root_review_sidecar.json#ENG-236;prior semantic pass plus current row review; provenance remains manual-semantic-reviewed;origin_machine_translated=unknown	false	root-row-by-row-semantic-review	root-reviewed-approved	進行中のクエストを再開しますか？\n再開しない場合、APのみ消費されます。		manual-semantic-reviewed	final-root-review-20260819	ENG-236	HiiragiNemu project root semantic review	false	true; legacy client reads <files>/madomagi/engine_i18n.tsv	manual-semantic-reviewed	要继续进行中的关卡吗？\n不继续将只消耗AP。	root-reviewed-approved	medium	root_reviewed_engine_translation	root-reviewed-approved	magica/research/totentanz-full-localization-20260817/engine-i18n/final-root-review-20260819/engine_unknown_212_root_review_sidecar.json#ENG-236;prior semantic pass plus current row review; provenance remains manual-semantic-reviewed;origin_machine_translated=unknown	origin_machine_translated=unknown; the historical origin remains explicit; the current value received row-by-row root review and does not inherit an official/Wiki label unless exact dual-ABI evidence is recorded.
MT-00494	engine_runtime_i18n_root_reviewed	native_engine_i18n	madomagi/engine_i18n.tsv	237	zhCN	再開する	继续	继续	madomagi/engine_i18n.tsv#237/zhCN	manual-semantic-reviewed	unknown	magica/research/totentanz-full-localization-20260817/engine-i18n/final-root-review-20260819/engine_unknown_212_root_review_sidecar.json#ENG-237;prior semantic pass plus current row review; provenance remains manual-semantic-reviewed;origin_machine_translated=unknown	false	root-row-by-row-semantic-review	root-reviewed-approved	再開する		manual-semantic-reviewed	final-root-review-20260819	ENG-237	HiiragiNemu project root semantic review	false	true; legacy client reads <files>/madomagi/engine_i18n.tsv	manual-semantic-reviewed	继续	root-reviewed-approved	medium	root_reviewed_engine_translation	root-reviewed-approved	magica/research/totentanz-full-localization-20260817/engine-i18n/final-root-review-20260819/engine_unknown_212_root_review_sidecar.json#ENG-237;prior semantic pass plus current row review; provenance remains manual-semantic-reviewed;origin_machine_translated=unknown	origin_machine_translated=unknown; the historical origin remains explicit; the current value received row-by-row root review and does not inherit an official/Wiki label unless exact dual-ABI evidence is recorded.
MT-00495	engine_runtime_i18n_root_reviewed	native_engine_i18n	madomagi/engine_i18n.tsv	238	zhCN	再開しない	不继续	不继续	madomagi/engine_i18n.tsv#238/zhCN	manual-semantic-reviewed	unknown	magica/research/totentanz-full-localization-20260817/engine-i18n/final-root-review-20260819/engine_unknown_212_root_review_sidecar.json#ENG-238;prior semantic pass plus current row review; provenance remains manual-semantic-reviewed;origin_machine_translated=unknown	false	root-row-by-row-semantic-review	root-reviewed-approved	再開しない		manual-semantic-reviewed	final-root-review-20260819	ENG-238	HiiragiNemu project root semantic review	false	true; legacy client reads <files>/madomagi/engine_i18n.tsv	manual-semantic-reviewed	不继续	root-reviewed-approved	medium	root_reviewed_engine_translation	root-reviewed-approved	magica/research/totentanz-full-localization-20260817/engine-i18n/final-root-review-20260819/engine_unknown_212_root_review_sidecar.json#ENG-238;prior semantic pass plus current row review; provenance remains manual-semantic-reviewed;origin_machine_translated=unknown	origin_machine_translated=unknown; the historical origin remains explicit; the current value received row-by-row root review and does not inherit an official/Wiki label unless exact dual-ABI evidence is recorded.
MT-00496	engine_runtime_i18n_root_reviewed	native_engine_i18n	madomagi/engine_i18n.tsv	239	zhCN	ストーリー中断	中断剧情	中断剧情	madomagi/engine_i18n.tsv#239/zhCN	manual-semantic-reviewed	unknown	magica/research/totentanz-full-localization-20260817/engine-i18n/final-root-review-20260819/engine_unknown_212_root_review_sidecar.json#ENG-239;prior semantic pass plus current row review; provenance remains manual-semantic-reviewed;origin_machine_translated=unknown	false	root-row-by-row-semantic-review	root-reviewed-approved	ストーリー中断		manual-semantic-reviewed	final-root-review-20260819	ENG-239	HiiragiNemu project root semantic review	false	true; legacy client reads <files>/madomagi/engine_i18n.tsv	manual-semantic-reviewed	中断剧情	root-reviewed-approved	medium	root_reviewed_engine_translation	root-reviewed-approved	magica/research/totentanz-full-localization-20260817/engine-i18n/final-root-review-20260819/engine_unknown_212_root_review_sidecar.json#ENG-239;prior semantic pass plus current row review; provenance remains manual-semantic-reviewed;origin_machine_translated=unknown	origin_machine_translated=unknown; the historical origin remains explicit; the current value received row-by-row root review and does not inherit an official/Wiki label unless exact dual-ABI evidence is recorded.
MT-00497	engine_runtime_i18n_root_reviewed	native_engine_i18n	madomagi/engine_i18n.tsv	24	zhCN	Wi-Fiなど安定した通信環境をお勧めいたします。	建议使用Wi-Fi等稳定的网络环境。	建议使用Wi-Fi等稳定的网络环境。	madomagi/engine_i18n.tsv#24/zhCN	manual-semantic-reviewed	unknown	magica/research/totentanz-full-localization-20260817/engine-i18n/final-root-review-20260819/engine_unknown_212_root_review_sidecar.json#ENG-024;prior semantic pass plus current row review; provenance remains manual-semantic-reviewed;origin_machine_translated=unknown	false	root-row-by-row-semantic-review	root-reviewed-approved	Wi-Fiなど安定した通信環境をお勧めいたします。		manual-semantic-reviewed	final-root-review-20260819	ENG-024	HiiragiNemu project root semantic review	false	true; legacy client reads <files>/madomagi/engine_i18n.tsv	manual-semantic-reviewed	建议使用Wi-Fi等稳定的网络环境。	root-reviewed-approved	medium	root_reviewed_engine_translation	root-reviewed-approved	magica/research/totentanz-full-localization-20260817/engine-i18n/final-root-review-20260819/engine_unknown_212_root_review_sidecar.json#ENG-024;prior semantic pass plus current row review; provenance remains manual-semantic-reviewed;origin_machine_translated=unknown	origin_machine_translated=unknown; the historical origin remains explicit; the current value received row-by-row root review and does not inherit an official/Wiki label unless exact dual-ABI evidence is recorded.
MT-00498	engine_runtime_i18n_root_reviewed	native_engine_i18n	madomagi/engine_i18n.tsv	240	zhCN	ストーリーの鑑賞を中断しますか？\n次回、中断したシーンから再開できます。\n※既に中断データがある場合、上書きされます。	要停止观看剧情吗？\n下次可从中断的场景继续观看。\n※若已有中断数据，该数据将被覆盖。	要停止观看剧情吗？\n下次可从中断的场景继续观看。\n※若已有中断数据，该数据将被覆盖。	madomagi/engine_i18n.tsv#240/zhCN	manual-semantic-reviewed	unknown	magica/research/totentanz-full-localization-20260817/engine-i18n/final-root-review-20260819/engine_unknown_212_root_review_sidecar.json#ENG-240;root semantic review against Japanese source and adjacent official terminology; not an exact official whole-string;origin_machine_translated=unknown	false	root-row-by-row-semantic-review	root-reviewed-approved	ストーリーの鑑賞を中断しますか？\n次回、中断したシーンから再開できます。\n※既に中断データがある場合、上書きされます。		manual-semantic-reviewed	final-root-review-20260819	ENG-240	HiiragiNemu project root semantic review	false	true; legacy client reads <files>/madomagi/engine_i18n.tsv	manual-semantic-reviewed	要停止观看剧情吗？\n下次可从中断的场景继续观看。\n※若已有中断数据，该数据将被覆盖。	root-reviewed-approved	medium	root_reviewed_engine_translation	root-reviewed-approved	magica/research/totentanz-full-localization-20260817/engine-i18n/final-root-review-20260819/engine_unknown_212_root_review_sidecar.json#ENG-240;root semantic review against Japanese source and adjacent official terminology; not an exact official whole-string;origin_machine_translated=unknown	origin_machine_translated=unknown; the historical origin remains explicit; the current value received row-by-row root review and does not inherit an official/Wiki label unless exact dual-ABI evidence is recorded.
MT-00499	engine_runtime_i18n_root_reviewed	native_engine_i18n	madomagi/engine_i18n.tsv	241	zhCN	スキップ確認	跳过确认	跳过确认	madomagi/engine_i18n.tsv#241/zhCN	manual-semantic-reviewed	unknown	magica/research/totentanz-full-localization-20260817/engine-i18n/final-root-review-20260819/engine_unknown_212_root_review_sidecar.json#ENG-241;literal exists in official CN native evidence but pairing was not assumed; root review approves current value;origin_machine_translated=unknown	false	root-row-by-row-semantic-review	root-reviewed-approved	スキップ確認		manual-semantic-reviewed	final-root-review-20260819	ENG-241	HiiragiNemu project root semantic review	false	true; legacy client reads <files>/madomagi/engine_i18n.tsv	manual-semantic-reviewed	跳过确认	root-reviewed-approved	medium	root_reviewed_engine_translation	root-reviewed-approved	magica/research/totentanz-full-localization-20260817/engine-i18n/final-root-review-20260819/engine_unknown_212_root_review_sidecar.json#ENG-241;literal exists in official CN native evidence but pairing was not assumed; root review approves current value;origin_machine_translated=unknown	origin_machine_translated=unknown; the historical origin remains explicit; the current value received row-by-row root review and does not inherit an official/Wiki label unless exact dual-ABI evidence is recorded.
MT-00500	engine_runtime_i18n_root_reviewed	native_engine_i18n	madomagi/engine_i18n.tsv	242	zhCN	次の選択肢までスキップします。\nよろしいですか？	将跳过至下一个选项。\n确定吗？	将跳过至下一个选项。\n确定吗？	madomagi/engine_i18n.tsv#242/zhCN	manual-semantic-reviewed	unknown	magica/research/totentanz-full-localization-20260817/engine-i18n/final-root-review-20260819/engine_unknown_212_root_review_sidecar.json#ENG-242;prior semantic pass plus current row review; provenance remains manual-semantic-reviewed;origin_machine_translated=unknown	false	root-row-by-row-semantic-review	root-reviewed-approved	次の選択肢までスキップします。\nよろしいですか？		manual-semantic-reviewed	final-root-review-20260819	ENG-242	HiiragiNemu project root semantic review	false	true; legacy client reads <files>/madomagi/engine_i18n.tsv	manual-semantic-reviewed	将跳过至下一个选项。\n确定吗？	root-reviewed-approved	medium	root_reviewed_engine_translation	root-reviewed-approved	magica/research/totentanz-full-localization-20260817/engine-i18n/final-root-review-20260819/engine_unknown_212_root_review_sidecar.json#ENG-242;prior semantic pass plus current row review; provenance remains manual-semantic-reviewed;origin_machine_translated=unknown	origin_machine_translated=unknown; the historical origin remains explicit; the current value received row-by-row root review and does not inherit an official/Wiki label unless exact dual-ABI evidence is recorded.
MT-00501	engine_runtime_i18n_root_reviewed	native_engine_i18n	madomagi/engine_i18n.tsv	243	zhCN	／8文字	／8个字符	／8个字符	madomagi/engine_i18n.tsv#243/zhCN	manual-semantic-reviewed	unknown	magica/research/totentanz-full-localization-20260817/engine-i18n/final-root-review-20260819/engine_unknown_212_root_review_sidecar.json#ENG-243;prior semantic pass plus current row review; provenance remains manual-semantic-reviewed;origin_machine_translated=unknown	false	root-row-by-row-semantic-review	root-reviewed-approved	／8文字		manual-semantic-reviewed	final-root-review-20260819	ENG-243	HiiragiNemu project root semantic review	false	true; legacy client reads <files>/madomagi/engine_i18n.tsv	manual-semantic-reviewed	／8个字符	root-reviewed-approved	medium	root_reviewed_engine_translation	root-reviewed-approved	magica/research/totentanz-full-localization-20260817/engine-i18n/final-root-review-20260819/engine_unknown_212_root_review_sidecar.json#ENG-243;prior semantic pass plus current row review; provenance remains manual-semantic-reviewed;origin_machine_translated=unknown	origin_machine_translated=unknown; the historical origin remains explicit; the current value received row-by-row root review and does not inherit an official/Wiki label unless exact dual-ABI evidence is recorded.
MT-00502	engine_runtime_i18n_root_reviewed	native_engine_i18n	madomagi/engine_i18n.tsv	244	zhCN	発動可能	可发动	可发动	madomagi/engine_i18n.tsv#244/zhCN	manual-semantic-reviewed	unknown	magica/research/totentanz-full-localization-20260817/engine-i18n/final-root-review-20260819/engine_unknown_212_root_review_sidecar.json#ENG-244;prior semantic pass plus current row review; provenance remains manual-semantic-reviewed;origin_machine_translated=unknown	false	root-row-by-row-semantic-review	root-reviewed-approved	発動可能		manual-semantic-reviewed	final-root-review-20260819	ENG-244	HiiragiNemu project root semantic review	false	true; legacy client reads <files>/madomagi/engine_i18n.tsv	manual-semantic-reviewed	可发动	root-reviewed-approved	medium	root_reviewed_engine_translation	root-reviewed-approved	magica/research/totentanz-full-localization-20260817/engine-i18n/final-root-review-20260819/engine_unknown_212_root_review_sidecar.json#ENG-244;prior semantic pass plus current row review; provenance remains manual-semantic-reviewed;origin_machine_translated=unknown	origin_machine_translated=unknown; the historical origin remains explicit; the current value received row-by-row root review and does not inherit an official/Wiki label unless exact dual-ABI evidence is recorded.
MT-00503	engine_runtime_i18n_root_reviewed	native_engine_i18n	madomagi/engine_i18n.tsv	245	zhCN	戦闘不能中	战斗不能中	战斗不能中	madomagi/engine_i18n.tsv#245/zhCN	manual-semantic-reviewed	unknown	magica/research/totentanz-full-localization-20260817/engine-i18n/final-root-review-20260819/engine_unknown_212_root_review_sidecar.json#ENG-245;prior semantic pass plus current row review; provenance remains manual-semantic-reviewed;origin_machine_translated=unknown	false	root-row-by-row-semantic-review	root-reviewed-approved	戦闘不能中		manual-semantic-reviewed	final-root-review-20260819	ENG-245	HiiragiNemu project root semantic review	false	true; legacy client reads <files>/madomagi/engine_i18n.tsv	manual-semantic-reviewed	战斗不能中	root-reviewed-approved	medium	root_reviewed_engine_translation	root-reviewed-approved	magica/research/totentanz-full-localization-20260817/engine-i18n/final-root-review-20260819/engine_unknown_212_root_review_sidecar.json#ENG-245;prior semantic pass plus current row review; provenance remains manual-semantic-reviewed;origin_machine_translated=unknown	origin_machine_translated=unknown; the historical origin remains explicit; the current value received row-by-row root review and does not inherit an official/Wiki label unless exact dual-ABI evidence is recorded.
MT-00504	engine_runtime_i18n_root_reviewed	native_engine_i18n	madomagi/engine_i18n.tsv	246	zhCN	発動不可	不可发动	不可发动	madomagi/engine_i18n.tsv#246/zhCN	manual-semantic-reviewed	unknown	magica/research/totentanz-full-localization-20260817/engine-i18n/final-root-review-20260819/engine_unknown_212_root_review_sidecar.json#ENG-246;literal exists in official CN native evidence but pairing was not assumed; root review approves current value;origin_machine_translated=unknown	false	root-row-by-row-semantic-review	root-reviewed-approved	発動不可		manual-semantic-reviewed	final-root-review-20260819	ENG-246	HiiragiNemu project root semantic review	false	true; legacy client reads <files>/madomagi/engine_i18n.tsv	manual-semantic-reviewed	不可发动	root-reviewed-approved	medium	root_reviewed_engine_translation	root-reviewed-approved	magica/research/totentanz-full-localization-20260817/engine-i18n/final-root-review-20260819/engine_unknown_212_root_review_sidecar.json#ENG-246;literal exists in official CN native evidence but pairing was not assumed; root review approves current value;origin_machine_translated=unknown	origin_machine_translated=unknown; the historical origin remains explicit; the current value received row-by-row root review and does not inherit an official/Wiki label unless exact dual-ABI evidence is recorded.
MT-00505	engine_runtime_i18n_root_reviewed	native_engine_i18n	madomagi/engine_i18n.tsv	247	zhCN	準備中	准备中	准备中	madomagi/engine_i18n.tsv#247/zhCN	manual-semantic-reviewed	unknown	magica/research/totentanz-full-localization-20260817/engine-i18n/final-root-review-20260819/engine_unknown_212_root_review_sidecar.json#ENG-247;prior semantic pass plus current row review; provenance remains manual-semantic-reviewed;origin_machine_translated=unknown	false	root-row-by-row-semantic-review	root-reviewed-approved	準備中		manual-semantic-reviewed	final-root-review-20260819	ENG-247	HiiragiNemu project root semantic review	false	true; legacy client reads <files>/madomagi/engine_i18n.tsv	manual-semantic-reviewed	准备中	root-reviewed-approved	medium	root_reviewed_engine_translation	root-reviewed-approved	magica/research/totentanz-full-localization-20260817/engine-i18n/final-root-review-20260819/engine_unknown_212_root_review_sidecar.json#ENG-247;prior semantic pass plus current row review; provenance remains manual-semantic-reviewed;origin_machine_translated=unknown	origin_machine_translated=unknown; the historical origin remains explicit; the current value received row-by-row root review and does not inherit an official/Wiki label unless exact dual-ABI evidence is recorded.
MT-00506	engine_runtime_i18n_root_reviewed	native_engine_i18n	madomagi/engine_i18n.tsv	248	zhCN	状態異常中	状态异常中	状态异常中	madomagi/engine_i18n.tsv#248/zhCN	manual-semantic-reviewed	unknown	magica/research/totentanz-full-localization-20260817/engine-i18n/root-reviewed-semantic-corrections.json#ENG-248;D:/magia/MyProducts/MAGIA RECORD CN/Full_Raw_Dump_V2 (corpus literal count 1674); official term=状态异常; count=1674; not claimed as whole-string stable-ID match;C:\Users\proje\Documents\Codex\2026-08-06\https-github-com-hiiraginemu-magireco-wiki-3\work\next_round_execution_20260819\engine_unknown_256_semantic_apply_35\engine_semantic_35_verification.json	false	official-cn-terminology-plus-source-context	root-reviewed-approved	状態異常中		manual-semantic-reviewed	root-reviewed-term-closure	ENG-248	HiiragiNemu project root semantic review	false	true; legacy client reads <files>/madomagi/engine_i18n.tsv	manual-semantic-reviewed	状态异常中	root-reviewed-approved	medium	root_reviewed_engine_translation	root-reviewed-approved	magica/research/totentanz-full-localization-20260817/engine-i18n/root-reviewed-semantic-corrections.json#ENG-248;D:/magia/MyProducts/MAGIA RECORD CN/Full_Raw_Dump_V2 (corpus literal count 1674); official term=状态异常; count=1674; not claimed as whole-string stable-ID match;C:\Users\proje\Documents\Codex\2026-08-06\https-github-com-hiiraginemu-magireco-wiki-3\work\next_round_execution_20260819\engine_unknown_256_semantic_apply_35\engine_semantic_35_verification.json	采用旧国服高频术语，并按日文源键补足中文语序；不冒充整句官中。
MT-00507	engine_runtime_i18n_root_reviewed	native_engine_i18n	madomagi/engine_i18n.tsv	249	zhCN	使用禁止	禁止使用	禁止使用	madomagi/engine_i18n.tsv#249/zhCN	manual-semantic-reviewed	unknown	magica/research/totentanz-full-localization-20260817/engine-i18n/final-root-review-20260819/engine_unknown_212_root_review_sidecar.json#ENG-249;literal exists in official CN native evidence but pairing was not assumed; root review approves current value;origin_machine_translated=unknown	false	root-row-by-row-semantic-review	root-reviewed-approved	使用禁止		manual-semantic-reviewed	final-root-review-20260819	ENG-249	HiiragiNemu project root semantic review	false	true; legacy client reads <files>/madomagi/engine_i18n.tsv	manual-semantic-reviewed	禁止使用	root-reviewed-approved	medium	root_reviewed_engine_translation	root-reviewed-approved	magica/research/totentanz-full-localization-20260817/engine-i18n/final-root-review-20260819/engine_unknown_212_root_review_sidecar.json#ENG-249;literal exists in official CN native evidence but pairing was not assumed; root review approves current value;origin_machine_translated=unknown	origin_machine_translated=unknown; the historical origin remains explicit; the current value received row-by-row root review and does not inherit an official/Wiki label unless exact dual-ABI evidence is recorded.
MT-00508	engine_runtime_i18n_root_reviewed	native_engine_i18n	madomagi/engine_i18n.tsv	25	zhCN	10連 - レアカード	10连 - 稀有卡牌	10连 - 稀有卡牌	madomagi/engine_i18n.tsv#25/zhCN	manual-semantic-reviewed	unknown	magica/research/totentanz-full-localization-20260817/engine-i18n/final-root-review-20260819/engine_unknown_212_root_review_sidecar.json#ENG-025;literal exists in official CN native evidence but pairing was not assumed; root review approves current value;origin_machine_translated=unknown	false	root-row-by-row-semantic-review	root-reviewed-approved	10連 - レアカード		manual-semantic-reviewed	final-root-review-20260819	ENG-025	HiiragiNemu project root semantic review	false	true; legacy client reads <files>/madomagi/engine_i18n.tsv	manual-semantic-reviewed	10连 - 稀有卡牌	root-reviewed-approved	medium	root_reviewed_engine_translation	root-reviewed-approved	magica/research/totentanz-full-localization-20260817/engine-i18n/final-root-review-20260819/engine_unknown_212_root_review_sidecar.json#ENG-025;literal exists in official CN native evidence but pairing was not assumed; root review approves current value;origin_machine_translated=unknown	origin_machine_translated=unknown; the historical origin remains explicit; the current value received row-by-row root review and does not inherit an official/Wiki label unless exact dual-ABI evidence is recorded.
MT-00509	engine_runtime_i18n_root_reviewed	native_engine_i18n	madomagi/engine_i18n.tsv	250	zhCN	防御力	防御力	防御力	madomagi/engine_i18n.tsv#250/zhCN	manual-semantic-reviewed	unknown	magica/research/totentanz-full-localization-20260817/engine-i18n/final-root-review-20260819/engine_unknown_212_root_review_sidecar.json#ENG-250;literal exists in official CN native evidence but pairing was not assumed; root review approves current value;origin_machine_translated=unknown	false	root-row-by-row-semantic-review	root-reviewed-approved	防御力		manual-semantic-reviewed	final-root-review-20260819	ENG-250	HiiragiNemu project root semantic review	false	true; legacy client reads <files>/madomagi/engine_i18n.tsv	manual-semantic-reviewed	防御力	root-reviewed-approved	medium	root_reviewed_engine_translation	root-reviewed-approved	magica/research/totentanz-full-localization-20260817/engine-i18n/final-root-review-20260819/engine_unknown_212_root_review_sidecar.json#ENG-250;literal exists in official CN native evidence but pairing was not assumed; root review approves current value;origin_machine_translated=unknown	origin_machine_translated=unknown; the historical origin remains explicit; the current value received row-by-row root review and does not inherit an official/Wiki label unless exact dual-ABI evidence is recorded.
MT-00510	engine_runtime_i18n_root_reviewed	native_engine_i18n	madomagi/engine_i18n.tsv	251	zhCN	異常耐性	状态异常耐性	状态异常耐性	madomagi/engine_i18n.tsv#251/zhCN	manual-semantic-reviewed	unknown	magica/research/totentanz-full-localization-20260817/engine-i18n/root-reviewed-semantic-corrections.json#ENG-251;D:/magia/MyProducts/MAGIA RECORD CN/Full_Raw_Dump_V2/magica/api/page/ArenaFreeRank_001.json; official term=状态异常耐性; count=1134; not claimed as whole-string stable-ID match;C:\Users\proje\Documents\Codex\2026-08-06\https-github-com-hiiraginemu-magireco-wiki-3\work\next_round_execution_20260819\engine_unknown_256_semantic_apply_35\engine_semantic_35_verification.json	false	official-cn-terminology-plus-source-context	root-reviewed-approved	異常耐性		manual-semantic-reviewed	root-reviewed-term-closure	ENG-251	HiiragiNemu project root semantic review	false	true; legacy client reads <files>/madomagi/engine_i18n.tsv	manual-semantic-reviewed	状态异常耐性	root-reviewed-approved	medium	root_reviewed_engine_translation	root-reviewed-approved	magica/research/totentanz-full-localization-20260817/engine-i18n/root-reviewed-semantic-corrections.json#ENG-251;D:/magia/MyProducts/MAGIA RECORD CN/Full_Raw_Dump_V2/magica/api/page/ArenaFreeRank_001.json; official term=状态异常耐性; count=1134; not claimed as whole-string stable-ID match;C:\Users\proje\Documents\Codex\2026-08-06\https-github-com-hiiraginemu-magireco-wiki-3\work\next_round_execution_20260819\engine_unknown_256_semantic_apply_35\engine_semantic_35_verification.json	采用旧国服高频术语，并按日文源键补足中文语序；不冒充整句官中。
MT-00511	engine_runtime_i18n_root_reviewed	native_engine_i18n	madomagi/engine_i18n.tsv	252	zhCN	Blast弱点	Blast弱点	Blast弱点	madomagi/engine_i18n.tsv#252/zhCN	manual-semantic-reviewed	unknown	magica/research/totentanz-full-localization-20260817/engine-i18n/final-root-review-20260819/engine_unknown_212_root_review_sidecar.json#ENG-252;literal exists in official CN native evidence but pairing was not assumed; root review approves current value;origin_machine_translated=unknown	false	root-row-by-row-semantic-review	root-reviewed-approved	Blast弱点		manual-semantic-reviewed	final-root-review-20260819	ENG-252	HiiragiNemu project root semantic review	false	true; legacy client reads <files>/madomagi/engine_i18n.tsv	manual-semantic-reviewed	Blast弱点	root-reviewed-approved	medium	root_reviewed_engine_translation	root-reviewed-approved	magica/research/totentanz-full-localization-20260817/engine-i18n/final-root-review-20260819/engine_unknown_212_root_review_sidecar.json#ENG-252;literal exists in official CN native evidence but pairing was not assumed; root review approves current value;origin_machine_translated=unknown	origin_machine_translated=unknown; the historical origin remains explicit; the current value received row-by-row root review and does not inherit an official/Wiki label unless exact dual-ABI evidence is recorded.
MT-00512	engine_runtime_i18n_root_reviewed	native_engine_i18n	madomagi/engine_i18n.tsv	253	zhCN	水属性攻撃弱点	水属性攻击弱点	水属性攻击弱点	madomagi/engine_i18n.tsv#253/zhCN	manual-semantic-reviewed	unknown	magica/research/totentanz-full-localization-20260817/engine-i18n/final-root-review-20260819/engine_unknown_212_root_review_sidecar.json#ENG-253;prior semantic pass plus current row review; provenance remains manual-semantic-reviewed;origin_machine_translated=unknown	false	root-row-by-row-semantic-review	root-reviewed-approved	水属性攻撃弱点		manual-semantic-reviewed	final-root-review-20260819	ENG-253	HiiragiNemu project root semantic review	false	true; legacy client reads <files>/madomagi/engine_i18n.tsv	manual-semantic-reviewed	水属性攻击弱点	root-reviewed-approved	medium	root_reviewed_engine_translation	root-reviewed-approved	magica/research/totentanz-full-localization-20260817/engine-i18n/final-root-review-20260819/engine_unknown_212_root_review_sidecar.json#ENG-253;prior semantic pass plus current row review; provenance remains manual-semantic-reviewed;origin_machine_translated=unknown	origin_machine_translated=unknown; the historical origin remains explicit; the current value received row-by-row root review and does not inherit an official/Wiki label unless exact dual-ABI evidence is recorded.
MT-00513	engine_runtime_i18n_root_reviewed	native_engine_i18n	madomagi/engine_i18n.tsv	254	zhCN	火属性攻撃弱点	火属性攻击弱点	火属性攻击弱点	madomagi/engine_i18n.tsv#254/zhCN	manual-semantic-reviewed	unknown	magica/research/totentanz-full-localization-20260817/engine-i18n/final-root-review-20260819/engine_unknown_212_root_review_sidecar.json#ENG-254;prior semantic pass plus current row review; provenance remains manual-semantic-reviewed;origin_machine_translated=unknown	false	root-row-by-row-semantic-review	root-reviewed-approved	火属性攻撃弱点		manual-semantic-reviewed	final-root-review-20260819	ENG-254	HiiragiNemu project root semantic review	false	true; legacy client reads <files>/madomagi/engine_i18n.tsv	manual-semantic-reviewed	火属性攻击弱点	root-reviewed-approved	medium	root_reviewed_engine_translation	root-reviewed-approved	magica/research/totentanz-full-localization-20260817/engine-i18n/final-root-review-20260819/engine_unknown_212_root_review_sidecar.json#ENG-254;prior semantic pass plus current row review; provenance remains manual-semantic-reviewed;origin_machine_translated=unknown	origin_machine_translated=unknown; the historical origin remains explicit; the current value received row-by-row root review and does not inherit an official/Wiki label unless exact dual-ABI evidence is recorded.
MT-00514	engine_runtime_i18n_root_reviewed	native_engine_i18n	madomagi/engine_i18n.tsv	255	zhCN	木属性攻撃弱点	木属性攻击弱点	木属性攻击弱点	madomagi/engine_i18n.tsv#255/zhCN	manual-semantic-reviewed	unknown	magica/research/totentanz-full-localization-20260817/engine-i18n/final-root-review-20260819/engine_unknown_212_root_review_sidecar.json#ENG-255;prior semantic pass plus current row review; provenance remains manual-semantic-reviewed;origin_machine_translated=unknown	false	root-row-by-row-semantic-review	root-reviewed-approved	木属性攻撃弱点		manual-semantic-reviewed	final-root-review-20260819	ENG-255	HiiragiNemu project root semantic review	false	true; legacy client reads <files>/madomagi/engine_i18n.tsv	manual-semantic-reviewed	木属性攻击弱点	root-reviewed-approved	medium	root_reviewed_engine_translation	root-reviewed-approved	magica/research/totentanz-full-localization-20260817/engine-i18n/final-root-review-20260819/engine_unknown_212_root_review_sidecar.json#ENG-255;prior semantic pass plus current row review; provenance remains manual-semantic-reviewed;origin_machine_translated=unknown	origin_machine_translated=unknown; the historical origin remains explicit; the current value received row-by-row root review and does not inherit an official/Wiki label unless exact dual-ABI evidence is recorded.
MT-00515	engine_runtime_i18n_root_reviewed	native_engine_i18n	madomagi/engine_i18n.tsv	256	zhCN	光属性攻撃弱点	光属性攻击弱点	光属性攻击弱点	madomagi/engine_i18n.tsv#256/zhCN	manual-semantic-reviewed	unknown	magica/research/totentanz-full-localization-20260817/engine-i18n/final-root-review-20260819/engine_unknown_212_root_review_sidecar.json#ENG-256;prior semantic pass plus current row review; provenance remains manual-semantic-reviewed;origin_machine_translated=unknown	false	root-row-by-row-semantic-review	root-reviewed-approved	光属性攻撃弱点		manual-semantic-reviewed	final-root-review-20260819	ENG-256	HiiragiNemu project root semantic review	false	true; legacy client reads <files>/madomagi/engine_i18n.tsv	manual-semantic-reviewed	光属性攻击弱点	root-reviewed-approved	medium	root_reviewed_engine_translation	root-reviewed-approved	magica/research/totentanz-full-localization-20260817/engine-i18n/final-root-review-20260819/engine_unknown_212_root_review_sidecar.json#ENG-256;prior semantic pass plus current row review; provenance remains manual-semantic-reviewed;origin_machine_translated=unknown	origin_machine_translated=unknown; the historical origin remains explicit; the current value received row-by-row root review and does not inherit an official/Wiki label unless exact dual-ABI evidence is recorded.
MT-00516	engine_runtime_i18n_root_reviewed	native_engine_i18n	madomagi/engine_i18n.tsv	257	zhCN	闇属性攻撃弱点	暗属性攻击弱点	暗属性攻击弱点	madomagi/engine_i18n.tsv#257/zhCN	manual-semantic-reviewed	unknown	magica/research/totentanz-full-localization-20260817/engine-i18n/final-root-review-20260819/engine_unknown_212_root_review_sidecar.json#ENG-257;prior semantic pass plus current row review; provenance remains manual-semantic-reviewed;origin_machine_translated=unknown	false	root-row-by-row-semantic-review	root-reviewed-approved	闇属性攻撃弱点		manual-semantic-reviewed	final-root-review-20260819	ENG-257	HiiragiNemu project root semantic review	false	true; legacy client reads <files>/madomagi/engine_i18n.tsv	manual-semantic-reviewed	暗属性攻击弱点	root-reviewed-approved	medium	root_reviewed_engine_translation	root-reviewed-approved	magica/research/totentanz-full-localization-20260817/engine-i18n/final-root-review-20260819/engine_unknown_212_root_review_sidecar.json#ENG-257;prior semantic pass plus current row review; provenance remains manual-semantic-reviewed;origin_machine_translated=unknown	origin_machine_translated=unknown; the historical origin remains explicit; the current value received row-by-row root review and does not inherit an official/Wiki label unless exact dual-ABI evidence is recorded.
MT-00517	engine_runtime_i18n_root_reviewed	native_engine_i18n	madomagi/engine_i18n.tsv	258	zhCN	無属性攻撃弱点	无属性攻击弱点	无属性攻击弱点	madomagi/engine_i18n.tsv#258/zhCN	manual-semantic-reviewed	unknown	magica/research/totentanz-full-localization-20260817/engine-i18n/final-root-review-20260819/engine_unknown_212_root_review_sidecar.json#ENG-258;prior semantic pass plus current row review; provenance remains manual-semantic-reviewed;origin_machine_translated=unknown	false	root-row-by-row-semantic-review	root-reviewed-approved	無属性攻撃弱点		manual-semantic-reviewed	final-root-review-20260819	ENG-258	HiiragiNemu project root semantic review	false	true; legacy client reads <files>/madomagi/engine_i18n.tsv	manual-semantic-reviewed	无属性攻击弱点	root-reviewed-approved	medium	root_reviewed_engine_translation	root-reviewed-approved	magica/research/totentanz-full-localization-20260817/engine-i18n/final-root-review-20260819/engine_unknown_212_root_review_sidecar.json#ENG-258;prior semantic pass plus current row review; provenance remains manual-semantic-reviewed;origin_machine_translated=unknown	origin_machine_translated=unknown; the historical origin remains explicit; the current value received row-by-row root review and does not inherit an official/Wiki label unless exact dual-ABI evidence is recorded.
MT-00518	engine_runtime_i18n_root_reviewed	native_engine_i18n	madomagi/engine_i18n.tsv	259	zhCN	火属性攻撃力	火属性攻击力	火属性攻击力	madomagi/engine_i18n.tsv#259/zhCN	manual-semantic-reviewed	unknown	magica/research/totentanz-full-localization-20260817/engine-i18n/final-root-review-20260819/engine_unknown_212_root_review_sidecar.json#ENG-259;prior semantic pass plus current row review; provenance remains manual-semantic-reviewed;origin_machine_translated=unknown	false	root-row-by-row-semantic-review	root-reviewed-approved	火属性攻撃力		manual-semantic-reviewed	final-root-review-20260819	ENG-259	HiiragiNemu project root semantic review	false	true; legacy client reads <files>/madomagi/engine_i18n.tsv	manual-semantic-reviewed	火属性攻击力	root-reviewed-approved	medium	root_reviewed_engine_translation	root-reviewed-approved	magica/research/totentanz-full-localization-20260817/engine-i18n/final-root-review-20260819/engine_unknown_212_root_review_sidecar.json#ENG-259;prior semantic pass plus current row review; provenance remains manual-semantic-reviewed;origin_machine_translated=unknown	origin_machine_translated=unknown; the historical origin remains explicit; the current value received row-by-row root review and does not inherit an official/Wiki label unless exact dual-ABI evidence is recorded.
MT-00519	engine_runtime_i18n_root_reviewed	native_engine_i18n	madomagi/engine_i18n.tsv	260	zhCN	闇属性攻撃力	暗属性攻击力	暗属性攻击力	madomagi/engine_i18n.tsv#260/zhCN	manual-semantic-reviewed	unknown	magica/research/totentanz-full-localization-20260817/engine-i18n/final-root-review-20260819/engine_unknown_212_root_review_sidecar.json#ENG-260;prior semantic pass plus current row review; provenance remains manual-semantic-reviewed;origin_machine_translated=unknown	false	root-row-by-row-semantic-review	root-reviewed-approved	闇属性攻撃力		manual-semantic-reviewed	final-root-review-20260819	ENG-260	HiiragiNemu project root semantic review	false	true; legacy client reads <files>/madomagi/engine_i18n.tsv	manual-semantic-reviewed	暗属性攻击力	root-reviewed-approved	medium	root_reviewed_engine_translation	root-reviewed-approved	magica/research/totentanz-full-localization-20260817/engine-i18n/final-root-review-20260819/engine_unknown_212_root_review_sidecar.json#ENG-260;prior semantic pass plus current row review; provenance remains manual-semantic-reviewed;origin_machine_translated=unknown	origin_machine_translated=unknown; the historical origin remains explicit; the current value received row-by-row root review and does not inherit an official/Wiki label unless exact dual-ABI evidence is recorded.
MT-00520	engine_runtime_i18n_root_reviewed	native_engine_i18n	madomagi/engine_i18n.tsv	261	zhCN	光属性攻撃力	光属性攻击力	光属性攻击力	madomagi/engine_i18n.tsv#261/zhCN	manual-semantic-reviewed	unknown	magica/research/totentanz-full-localization-20260817/engine-i18n/final-root-review-20260819/engine_unknown_212_root_review_sidecar.json#ENG-261;prior semantic pass plus current row review; provenance remains manual-semantic-reviewed;origin_machine_translated=unknown	false	root-row-by-row-semantic-review	root-reviewed-approved	光属性攻撃力		manual-semantic-reviewed	final-root-review-20260819	ENG-261	HiiragiNemu project root semantic review	false	true; legacy client reads <files>/madomagi/engine_i18n.tsv	manual-semantic-reviewed	光属性攻击力	root-reviewed-approved	medium	root_reviewed_engine_translation	root-reviewed-approved	magica/research/totentanz-full-localization-20260817/engine-i18n/final-root-review-20260819/engine_unknown_212_root_review_sidecar.json#ENG-261;prior semantic pass plus current row review; provenance remains manual-semantic-reviewed;origin_machine_translated=unknown	origin_machine_translated=unknown; the historical origin remains explicit; the current value received row-by-row root review and does not inherit an official/Wiki label unless exact dual-ABI evidence is recorded.
MT-00521	engine_runtime_i18n_root_reviewed	native_engine_i18n	madomagi/engine_i18n.tsv	262	zhCN	水属性攻撃力	水属性攻击力	水属性攻击力	madomagi/engine_i18n.tsv#262/zhCN	manual-semantic-reviewed	unknown	magica/research/totentanz-full-localization-20260817/engine-i18n/final-root-review-20260819/engine_unknown_212_root_review_sidecar.json#ENG-262;prior semantic pass plus current row review; provenance remains manual-semantic-reviewed;origin_machine_translated=unknown	false	root-row-by-row-semantic-review	root-reviewed-approved	水属性攻撃力		manual-semantic-reviewed	final-root-review-20260819	ENG-262	HiiragiNemu project root semantic review	false	true; legacy client reads <files>/madomagi/engine_i18n.tsv	manual-semantic-reviewed	水属性攻击力	root-reviewed-approved	medium	root_reviewed_engine_translation	root-reviewed-approved	magica/research/totentanz-full-localization-20260817/engine-i18n/final-root-review-20260819/engine_unknown_212_root_review_sidecar.json#ENG-262;prior semantic pass plus current row review; provenance remains manual-semantic-reviewed;origin_machine_translated=unknown	origin_machine_translated=unknown; the historical origin remains explicit; the current value received row-by-row root review and does not inherit an official/Wiki label unless exact dual-ABI evidence is recorded.
MT-00522	engine_runtime_i18n_root_reviewed	native_engine_i18n	madomagi/engine_i18n.tsv	263	zhCN	木属性攻撃力	木属性攻击力	木属性攻击力	madomagi/engine_i18n.tsv#263/zhCN	manual-semantic-reviewed	unknown	magica/research/totentanz-full-localization-20260817/engine-i18n/final-root-review-20260819/engine_unknown_212_root_review_sidecar.json#ENG-263;prior semantic pass plus current row review; provenance remains manual-semantic-reviewed;origin_machine_translated=unknown	false	root-row-by-row-semantic-review	root-reviewed-approved	木属性攻撃力		manual-semantic-reviewed	final-root-review-20260819	ENG-263	HiiragiNemu project root semantic review	false	true; legacy client reads <files>/madomagi/engine_i18n.tsv	manual-semantic-reviewed	木属性攻击力	root-reviewed-approved	medium	root_reviewed_engine_translation	root-reviewed-approved	magica/research/totentanz-full-localization-20260817/engine-i18n/final-root-review-20260819/engine_unknown_212_root_review_sidecar.json#ENG-263;prior semantic pass plus current row review; provenance remains manual-semantic-reviewed;origin_machine_translated=unknown	origin_machine_translated=unknown; the historical origin remains explicit; the current value received row-by-row root review and does not inherit an official/Wiki label unless exact dual-ABI evidence is recorded.
MT-00523	engine_runtime_i18n_root_reviewed	native_engine_i18n	madomagi/engine_i18n.tsv	265	zhCN	攻撃力Up	攻击力提升	攻击力提升	madomagi/engine_i18n.tsv#265/zhCN	manual-semantic-reviewed	unknown	magica/research/totentanz-full-localization-20260817/engine-i18n/root-reviewed-term-closure.json#ENGINE-265;日文源键=攻撃力Up；旧国服术语使用“提升/下降”而非UP/DOWN。;C:\Users\proje\Documents\Codex\2026-08-06\https-github-com-hiiraginemu-magireco-wiki-3\work\next_round_execution_20260819\engine_root_review_apply_40\engine_root_review_40_verification.json	false	official-cn-terminology-plus-source-context	root-reviewed-approved	攻撃力Up		manual-semantic-reviewed	root-reviewed-term-closure	ENGINE-265	HiiragiNemu project root semantic review	false	true; legacy client reads <files>/madomagi/engine_i18n.tsv	manual-semantic-reviewed	攻击力提升	root-reviewed-approved	medium	root_reviewed_engine_translation	root-reviewed-approved	magica/research/totentanz-full-localization-20260817/engine-i18n/root-reviewed-term-closure.json#ENGINE-265;日文源键=攻撃力Up；旧国服术语使用“提升/下降”而非UP/DOWN。;C:\Users\proje\Documents\Codex\2026-08-06\https-github-com-hiiraginemu-magireco-wiki-3\work\next_round_execution_20260819\engine_root_review_apply_40\engine_root_review_40_verification.json	Root semantic review accepted the visible source-key context; official CN terminology guides UP/DOWN and UI wording without claiming a whole-string official match.
MT-00524	engine_runtime_i18n_root_reviewed	native_engine_i18n	madomagi/engine_i18n.tsv	266	zhCN	防御力Up	防御力提升	防御力提升	madomagi/engine_i18n.tsv#266/zhCN	manual-semantic-reviewed	unknown	magica/research/totentanz-full-localization-20260817/engine-i18n/root-reviewed-term-closure.json#ENGINE-266;日文源键=防御力Up；旧国服术语使用“提升/下降”而非UP/DOWN。;C:\Users\proje\Documents\Codex\2026-08-06\https-github-com-hiiraginemu-magireco-wiki-3\work\next_round_execution_20260819\engine_root_review_apply_40\engine_root_review_40_verification.json	false	official-cn-terminology-plus-source-context	root-reviewed-approved	防御力Up		manual-semantic-reviewed	root-reviewed-term-closure	ENGINE-266	HiiragiNemu project root semantic review	false	true; legacy client reads <files>/madomagi/engine_i18n.tsv	manual-semantic-reviewed	防御力提升	root-reviewed-approved	medium	root_reviewed_engine_translation	root-reviewed-approved	magica/research/totentanz-full-localization-20260817/engine-i18n/root-reviewed-term-closure.json#ENGINE-266;日文源键=防御力Up；旧国服术语使用“提升/下降”而非UP/DOWN。;C:\Users\proje\Documents\Codex\2026-08-06\https-github-com-hiiraginemu-magireco-wiki-3\work\next_round_execution_20260819\engine_root_review_apply_40\engine_root_review_40_verification.json	Root semantic review accepted the visible source-key context; official CN terminology guides UP/DOWN and UI wording without claiming a whole-string official match.
MT-00525	engine_runtime_i18n_root_reviewed	native_engine_i18n	madomagi/engine_i18n.tsv	267	zhCN	状態異常耐性Up	状态异常耐性提升	状态异常耐性提升	madomagi/engine_i18n.tsv#267/zhCN	manual-semantic-reviewed	unknown	magica/research/totentanz-full-localization-20260817/engine-i18n/root-reviewed-term-closure.json#ENGINE-267;日文源键=状態異常耐性Up；旧国服术语使用“提升/下降”而非UP/DOWN。;C:\Users\proje\Documents\Codex\2026-08-06\https-github-com-hiiraginemu-magireco-wiki-3\work\next_round_execution_20260819\engine_root_review_apply_40\engine_root_review_40_verification.json	false	official-cn-terminology-plus-source-context	root-reviewed-approved	状態異常耐性Up		manual-semantic-reviewed	root-reviewed-term-closure	ENGINE-267	HiiragiNemu project root semantic review	false	true; legacy client reads <files>/madomagi/engine_i18n.tsv	manual-semantic-reviewed	状态异常耐性提升	root-reviewed-approved	medium	root_reviewed_engine_translation	root-reviewed-approved	magica/research/totentanz-full-localization-20260817/engine-i18n/root-reviewed-term-closure.json#ENGINE-267;日文源键=状態異常耐性Up；旧国服术语使用“提升/下降”而非UP/DOWN。;C:\Users\proje\Documents\Codex\2026-08-06\https-github-com-hiiraginemu-magireco-wiki-3\work\next_round_execution_20260819\engine_root_review_apply_40\engine_root_review_40_verification.json	Root semantic review accepted the visible source-key context; official CN terminology guides UP/DOWN and UI wording without claiming a whole-string official match.
MT-00526	engine_runtime_i18n_root_reviewed	native_engine_i18n	madomagi/engine_i18n.tsv	268	zhCN	攻撃力Down	攻击力下降	攻击力下降	madomagi/engine_i18n.tsv#268/zhCN	manual-semantic-reviewed	unknown	magica/research/totentanz-full-localization-20260817/engine-i18n/root-reviewed-term-closure.json#ENGINE-268;日文源键=攻撃力Down；旧国服术语使用“提升/下降”而非UP/DOWN。;C:\Users\proje\Documents\Codex\2026-08-06\https-github-com-hiiraginemu-magireco-wiki-3\work\next_round_execution_20260819\engine_root_review_apply_40\engine_root_review_40_verification.json	false	official-cn-terminology-plus-source-context	root-reviewed-approved	攻撃力Down		manual-semantic-reviewed	root-reviewed-term-closure	ENGINE-268	HiiragiNemu project root semantic review	false	true; legacy client reads <files>/madomagi/engine_i18n.tsv	manual-semantic-reviewed	攻击力下降	root-reviewed-approved	medium	root_reviewed_engine_translation	root-reviewed-approved	magica/research/totentanz-full-localization-20260817/engine-i18n/root-reviewed-term-closure.json#ENGINE-268;日文源键=攻撃力Down；旧国服术语使用“提升/下降”而非UP/DOWN。;C:\Users\proje\Documents\Codex\2026-08-06\https-github-com-hiiraginemu-magireco-wiki-3\work\next_round_execution_20260819\engine_root_review_apply_40\engine_root_review_40_verification.json	Root semantic review accepted the visible source-key context; official CN terminology guides UP/DOWN and UI wording without claiming a whole-string official match.
MT-00527	engine_runtime_i18n_root_reviewed	native_engine_i18n	madomagi/engine_i18n.tsv	269	zhCN	防御力Down	防御力下降	防御力下降	madomagi/engine_i18n.tsv#269/zhCN	manual-semantic-reviewed	unknown	magica/research/totentanz-full-localization-20260817/engine-i18n/root-reviewed-term-closure.json#ENGINE-269;日文源键=防御力Down；旧国服术语使用“提升/下降”而非UP/DOWN。;C:\Users\proje\Documents\Codex\2026-08-06\https-github-com-hiiraginemu-magireco-wiki-3\work\next_round_execution_20260819\engine_root_review_apply_40\engine_root_review_40_verification.json	false	official-cn-terminology-plus-source-context	root-reviewed-approved	防御力Down		manual-semantic-reviewed	root-reviewed-term-closure	ENGINE-269	HiiragiNemu project root semantic review	false	true; legacy client reads <files>/madomagi/engine_i18n.tsv	manual-semantic-reviewed	防御力下降	root-reviewed-approved	medium	root_reviewed_engine_translation	root-reviewed-approved	magica/research/totentanz-full-localization-20260817/engine-i18n/root-reviewed-term-closure.json#ENGINE-269;日文源键=防御力Down；旧国服术语使用“提升/下降”而非UP/DOWN。;C:\Users\proje\Documents\Codex\2026-08-06\https-github-com-hiiraginemu-magireco-wiki-3\work\next_round_execution_20260819\engine_root_review_apply_40\engine_root_review_40_verification.json	Root semantic review accepted the visible source-key context; official CN terminology guides UP/DOWN and UI wording without claiming a whole-string official match.
MT-00528	engine_runtime_i18n_root_reviewed	native_engine_i18n	madomagi/engine_i18n.tsv	270	zhCN	状態異常耐性Down	状态异常耐性下降	状态异常耐性下降	madomagi/engine_i18n.tsv#270/zhCN	manual-semantic-reviewed	unknown	magica/research/totentanz-full-localization-20260817/engine-i18n/root-reviewed-term-closure.json#ENGINE-270;日文源键=状態異常耐性Down；旧国服术语使用“提升/下降”而非UP/DOWN。;C:\Users\proje\Documents\Codex\2026-08-06\https-github-com-hiiraginemu-magireco-wiki-3\work\next_round_execution_20260819\engine_root_review_apply_40\engine_root_review_40_verification.json	false	official-cn-terminology-plus-source-context	root-reviewed-approved	状態異常耐性Down		manual-semantic-reviewed	root-reviewed-term-closure	ENGINE-270	HiiragiNemu project root semantic review	false	true; legacy client reads <files>/madomagi/engine_i18n.tsv	manual-semantic-reviewed	状态异常耐性下降	root-reviewed-approved	medium	root_reviewed_engine_translation	root-reviewed-approved	magica/research/totentanz-full-localization-20260817/engine-i18n/root-reviewed-term-closure.json#ENGINE-270;日文源键=状態異常耐性Down；旧国服术语使用“提升/下降”而非UP/DOWN。;C:\Users\proje\Documents\Codex\2026-08-06\https-github-com-hiiraginemu-magireco-wiki-3\work\next_round_execution_20260819\engine_root_review_apply_40\engine_root_review_40_verification.json	Root semantic review accepted the visible source-key context; official CN terminology guides UP/DOWN and UI wording without claiming a whole-string official match.
MT-00529	engine_runtime_i18n_root_reviewed	native_engine_i18n	madomagi/engine_i18n.tsv	271	zhCN	行動不能	无法行动	无法行动	madomagi/engine_i18n.tsv#271/zhCN	manual-semantic-reviewed	unknown	magica/research/totentanz-full-localization-20260817/engine-i18n/final-root-review-20260819/engine_unknown_212_root_review_sidecar.json#ENG-271;literal exists in official CN native evidence but pairing was not assumed; root review approves current value;origin_machine_translated=unknown	false	root-row-by-row-semantic-review	root-reviewed-approved	行動不能		manual-semantic-reviewed	final-root-review-20260819	ENG-271	HiiragiNemu project root semantic review	false	true; legacy client reads <files>/madomagi/engine_i18n.tsv	manual-semantic-reviewed	无法行动	root-reviewed-approved	medium	root_reviewed_engine_translation	root-reviewed-approved	magica/research/totentanz-full-localization-20260817/engine-i18n/final-root-review-20260819/engine_unknown_212_root_review_sidecar.json#ENG-271;literal exists in official CN native evidence but pairing was not assumed; root review approves current value;origin_machine_translated=unknown	origin_machine_translated=unknown; the historical origin remains explicit; the current value received row-by-row root review and does not inherit an official/Wiki label unless exact dual-ABI evidence is recorded.
MT-00530	engine_runtime_i18n_root_reviewed	native_engine_i18n	madomagi/engine_i18n.tsv	274	zhCN	MP回復不能	MP无法回复	MP无法回复	madomagi/engine_i18n.tsv#274/zhCN	manual-semantic-reviewed	unknown	magica/research/totentanz-full-localization-20260817/engine-i18n/final-root-review-20260819/engine_unknown_212_root_review_sidecar.json#ENG-274;prior semantic pass plus current row review; provenance remains manual-semantic-reviewed;origin_machine_translated=unknown	false	root-row-by-row-semantic-review	root-reviewed-approved	MP回復不能		manual-semantic-reviewed	final-root-review-20260819	ENG-274	HiiragiNemu project root semantic review	false	true; legacy client reads <files>/madomagi/engine_i18n.tsv	manual-semantic-reviewed	MP无法回复	root-reviewed-approved	medium	root_reviewed_engine_translation	root-reviewed-approved	magica/research/totentanz-full-localization-20260817/engine-i18n/final-root-review-20260819/engine_unknown_212_root_review_sidecar.json#ENG-274;prior semantic pass plus current row review; provenance remains manual-semantic-reviewed;origin_machine_translated=unknown	origin_machine_translated=unknown; the historical origin remains explicit; the current value received row-by-row root review and does not inherit an official/Wiki label unless exact dual-ABI evidence is recorded.
MT-00531	engine_runtime_i18n_root_reviewed	native_engine_i18n	madomagi/engine_i18n.tsv	275	zhCN	回避無効	回避无效	回避无效	madomagi/engine_i18n.tsv#275/zhCN	manual-semantic-reviewed	unknown	magica/research/totentanz-full-localization-20260817/engine-i18n/final-root-review-20260819/engine_unknown_212_root_review_sidecar.json#ENG-275;literal exists in official CN native evidence but pairing was not assumed; root review approves current value;origin_machine_translated=unknown	false	root-row-by-row-semantic-review	root-reviewed-approved	回避無効		manual-semantic-reviewed	final-root-review-20260819	ENG-275	HiiragiNemu project root semantic review	false	true; legacy client reads <files>/madomagi/engine_i18n.tsv	manual-semantic-reviewed	回避无效	root-reviewed-approved	medium	root_reviewed_engine_translation	root-reviewed-approved	magica/research/totentanz-full-localization-20260817/engine-i18n/final-root-review-20260819/engine_unknown_212_root_review_sidecar.json#ENG-275;literal exists in official CN native evidence but pairing was not assumed; root review approves current value;origin_machine_translated=unknown	origin_machine_translated=unknown; the historical origin remains explicit; the current value received row-by-row root review and does not inherit an official/Wiki label unless exact dual-ABI evidence is recorded.
MT-00532	engine_runtime_i18n_root_reviewed	native_engine_i18n	madomagi/engine_i18n.tsv	277	zhCN	防御無視	无视防御	无视防御	madomagi/engine_i18n.tsv#277/zhCN	manual-semantic-reviewed	unknown	magica/research/totentanz-full-localization-20260817/engine-i18n/final-root-review-20260819/engine_unknown_212_root_review_sidecar.json#ENG-277;literal exists in official CN native evidence but pairing was not assumed; root review approves current value;origin_machine_translated=unknown	false	root-row-by-row-semantic-review	root-reviewed-approved	防御無視		manual-semantic-reviewed	final-root-review-20260819	ENG-277	HiiragiNemu project root semantic review	false	true; legacy client reads <files>/madomagi/engine_i18n.tsv	manual-semantic-reviewed	无视防御	root-reviewed-approved	medium	root_reviewed_engine_translation	root-reviewed-approved	magica/research/totentanz-full-localization-20260817/engine-i18n/final-root-review-20260819/engine_unknown_212_root_review_sidecar.json#ENG-277;literal exists in official CN native evidence but pairing was not assumed; root review approves current value;origin_machine_translated=unknown	origin_machine_translated=unknown; the historical origin remains explicit; the current value received row-by-row root review and does not inherit an official/Wiki label unless exact dual-ABI evidence is recorded.
MT-00533	engine_runtime_i18n_root_reviewed	native_engine_i18n	madomagi/engine_i18n.tsv	279	zhCN	挑発無視	无视挑衅	无视挑衅	madomagi/engine_i18n.tsv#279/zhCN	manual-semantic-reviewed	unknown	magica/research/totentanz-full-localization-20260817/engine-i18n/final-root-review-20260819/engine_unknown_212_root_review_sidecar.json#ENG-279;prior semantic pass plus current row review; provenance remains manual-semantic-reviewed;origin_machine_translated=unknown	false	root-row-by-row-semantic-review	root-reviewed-approved	挑発無視		manual-semantic-reviewed	final-root-review-20260819	ENG-279	HiiragiNemu project root semantic review	false	true; legacy client reads <files>/madomagi/engine_i18n.tsv	manual-semantic-reviewed	无视挑衅	root-reviewed-approved	medium	root_reviewed_engine_translation	root-reviewed-approved	magica/research/totentanz-full-localization-20260817/engine-i18n/final-root-review-20260819/engine_unknown_212_root_review_sidecar.json#ENG-279;prior semantic pass plus current row review; provenance remains manual-semantic-reviewed;origin_machine_translated=unknown	origin_machine_translated=unknown; the historical origin remains explicit; the current value received row-by-row root review and does not inherit an official/Wiki label unless exact dual-ABI evidence is recorded.
MT-00534	engine_runtime_i18n_root_reviewed	native_engine_i18n	madomagi/engine_i18n.tsv	280	zhCN	水属性耐性Down	水属性耐性下降	水属性耐性下降	madomagi/engine_i18n.tsv#280/zhCN	manual-semantic-reviewed	unknown	magica/research/totentanz-full-localization-20260817/engine-i18n/root-reviewed-term-closure.json#ENGINE-280;日文源键=水属性耐性Down；旧国服术语使用“提升/下降”而非UP/DOWN。;C:\Users\proje\Documents\Codex\2026-08-06\https-github-com-hiiraginemu-magireco-wiki-3\work\next_round_execution_20260819\engine_root_review_apply_40\engine_root_review_40_verification.json	false	official-cn-terminology-plus-source-context	root-reviewed-approved	水属性耐性Down		manual-semantic-reviewed	root-reviewed-term-closure	ENGINE-280	HiiragiNemu project root semantic review	false	true; legacy client reads <files>/madomagi/engine_i18n.tsv	manual-semantic-reviewed	水属性耐性下降	root-reviewed-approved	medium	root_reviewed_engine_translation	root-reviewed-approved	magica/research/totentanz-full-localization-20260817/engine-i18n/root-reviewed-term-closure.json#ENGINE-280;日文源键=水属性耐性Down；旧国服术语使用“提升/下降”而非UP/DOWN。;C:\Users\proje\Documents\Codex\2026-08-06\https-github-com-hiiraginemu-magireco-wiki-3\work\next_round_execution_20260819\engine_root_review_apply_40\engine_root_review_40_verification.json	Root semantic review accepted the visible source-key context; official CN terminology guides UP/DOWN and UI wording without claiming a whole-string official match.
MT-00535	engine_runtime_i18n_root_reviewed	native_engine_i18n	madomagi/engine_i18n.tsv	281	zhCN	光属性耐性Down	光属性耐性下降	光属性耐性下降	madomagi/engine_i18n.tsv#281/zhCN	manual-semantic-reviewed	unknown	magica/research/totentanz-full-localization-20260817/engine-i18n/root-reviewed-term-closure.json#ENGINE-281;日文源键=光属性耐性Down；旧国服术语使用“提升/下降”而非UP/DOWN。;C:\Users\proje\Documents\Codex\2026-08-06\https-github-com-hiiraginemu-magireco-wiki-3\work\next_round_execution_20260819\engine_root_review_apply_40\engine_root_review_40_verification.json	false	official-cn-terminology-plus-source-context	root-reviewed-approved	光属性耐性Down		manual-semantic-reviewed	root-reviewed-term-closure	ENGINE-281	HiiragiNemu project root semantic review	false	true; legacy client reads <files>/madomagi/engine_i18n.tsv	manual-semantic-reviewed	光属性耐性下降	root-reviewed-approved	medium	root_reviewed_engine_translation	root-reviewed-approved	magica/research/totentanz-full-localization-20260817/engine-i18n/root-reviewed-term-closure.json#ENGINE-281;日文源键=光属性耐性Down；旧国服术语使用“提升/下降”而非UP/DOWN。;C:\Users\proje\Documents\Codex\2026-08-06\https-github-com-hiiraginemu-magireco-wiki-3\work\next_round_execution_20260819\engine_root_review_apply_40\engine_root_review_40_verification.json	Root semantic review accepted the visible source-key context; official CN terminology guides UP/DOWN and UI wording without claiming a whole-string official match.
MT-00536	engine_runtime_i18n_root_reviewed	native_engine_i18n	madomagi/engine_i18n.tsv	282	zhCN	闇属性耐性Down	暗属性耐性下降	暗属性耐性下降	madomagi/engine_i18n.tsv#282/zhCN	manual-semantic-reviewed	unknown	magica/research/totentanz-full-localization-20260817/engine-i18n/root-reviewed-term-closure.json#ENGINE-282;日文源键=闇属性耐性Down；旧国服术语使用“提升/下降”而非UP/DOWN。;C:\Users\proje\Documents\Codex\2026-08-06\https-github-com-hiiraginemu-magireco-wiki-3\work\next_round_execution_20260819\engine_root_review_apply_40\engine_root_review_40_verification.json	false	official-cn-terminology-plus-source-context	root-reviewed-approved	闇属性耐性Down		manual-semantic-reviewed	root-reviewed-term-closure	ENGINE-282	HiiragiNemu project root semantic review	false	true; legacy client reads <files>/madomagi/engine_i18n.tsv	manual-semantic-reviewed	暗属性耐性下降	root-reviewed-approved	medium	root_reviewed_engine_translation	root-reviewed-approved	magica/research/totentanz-full-localization-20260817/engine-i18n/root-reviewed-term-closure.json#ENGINE-282;日文源键=闇属性耐性Down；旧国服术语使用“提升/下降”而非UP/DOWN。;C:\Users\proje\Documents\Codex\2026-08-06\https-github-com-hiiraginemu-magireco-wiki-3\work\next_round_execution_20260819\engine_root_review_apply_40\engine_root_review_40_verification.json	Root semantic review accepted the visible source-key context; official CN terminology guides UP/DOWN and UI wording without claiming a whole-string official match.
MT-00537	engine_runtime_i18n_root_reviewed	native_engine_i18n	madomagi/engine_i18n.tsv	283	zhCN	状態異常無効	状态异常无效	状态异常无效	madomagi/engine_i18n.tsv#283/zhCN	manual-semantic-reviewed	unknown	magica/research/totentanz-full-localization-20260817/engine-i18n/root-reviewed-semantic-corrections.json#ENG-283;D:/magia/MyProducts/MAGIA RECORD CN/Full_Raw_Dump_V2 (corpus literal count 1674); official term=状态异常; count=1674; not claimed as whole-string stable-ID match;C:\Users\proje\Documents\Codex\2026-08-06\https-github-com-hiiraginemu-magireco-wiki-3\work\next_round_execution_20260819\engine_unknown_256_semantic_apply_35\engine_semantic_35_verification.json	false	official-cn-terminology-plus-source-context	root-reviewed-approved	状態異常無効		manual-semantic-reviewed	root-reviewed-term-closure	ENG-283	HiiragiNemu project root semantic review	false	true; legacy client reads <files>/madomagi/engine_i18n.tsv	manual-semantic-reviewed	状态异常无效	root-reviewed-approved	medium	root_reviewed_engine_translation	root-reviewed-approved	magica/research/totentanz-full-localization-20260817/engine-i18n/root-reviewed-semantic-corrections.json#ENG-283;D:/magia/MyProducts/MAGIA RECORD CN/Full_Raw_Dump_V2 (corpus literal count 1674); official term=状态异常; count=1674; not claimed as whole-string stable-ID match;C:\Users\proje\Documents\Codex\2026-08-06\https-github-com-hiiraginemu-magireco-wiki-3\work\next_round_execution_20260819\engine_unknown_256_semantic_apply_35\engine_semantic_35_verification.json	采用旧国服高频术语，并按日文源键补足中文语序；不冒充整句官中。
MT-00538	engine_runtime_i18n_root_reviewed	native_engine_i18n	madomagi/engine_i18n.tsv	284	zhCN	火属性攻撃力UP	火属性攻击力提升	火属性攻击力提升	madomagi/engine_i18n.tsv#284/zhCN	manual-semantic-reviewed	unknown	magica/research/totentanz-full-localization-20260817/engine-i18n/root-reviewed-term-closure.json#ENGINE-284;日文源键=火属性攻撃力UP；旧国服术语使用“提升/下降”而非UP/DOWN。;C:\Users\proje\Documents\Codex\2026-08-06\https-github-com-hiiraginemu-magireco-wiki-3\work\next_round_execution_20260819\engine_root_review_apply_40\engine_root_review_40_verification.json	false	official-cn-terminology-plus-source-context	root-reviewed-approved	火属性攻撃力UP		manual-semantic-reviewed	root-reviewed-term-closure	ENGINE-284	HiiragiNemu project root semantic review	false	true; legacy client reads <files>/madomagi/engine_i18n.tsv	manual-semantic-reviewed	火属性攻击力提升	root-reviewed-approved	medium	root_reviewed_engine_translation	root-reviewed-approved	magica/research/totentanz-full-localization-20260817/engine-i18n/root-reviewed-term-closure.json#ENGINE-284;日文源键=火属性攻撃力UP；旧国服术语使用“提升/下降”而非UP/DOWN。;C:\Users\proje\Documents\Codex\2026-08-06\https-github-com-hiiraginemu-magireco-wiki-3\work\next_round_execution_20260819\engine_root_review_apply_40\engine_root_review_40_verification.json	Root semantic review accepted the visible source-key context; official CN terminology guides UP/DOWN and UI wording without claiming a whole-string official match.
MT-00539	engine_runtime_i18n_root_reviewed	native_engine_i18n	madomagi/engine_i18n.tsv	285	zhCN	闇属性攻撃力UP	暗属性攻击力提升	暗属性攻击力提升	madomagi/engine_i18n.tsv#285/zhCN	manual-semantic-reviewed	unknown	magica/research/totentanz-full-localization-20260817/engine-i18n/root-reviewed-term-closure.json#ENGINE-285;日文源键=闇属性攻撃力UP；旧国服术语使用“提升/下降”而非UP/DOWN。;C:\Users\proje\Documents\Codex\2026-08-06\https-github-com-hiiraginemu-magireco-wiki-3\work\next_round_execution_20260819\engine_root_review_apply_40\engine_root_review_40_verification.json	false	official-cn-terminology-plus-source-context	root-reviewed-approved	闇属性攻撃力UP		manual-semantic-reviewed	root-reviewed-term-closure	ENGINE-285	HiiragiNemu project root semantic review	false	true; legacy client reads <files>/madomagi/engine_i18n.tsv	manual-semantic-reviewed	暗属性攻击力提升	root-reviewed-approved	medium	root_reviewed_engine_translation	root-reviewed-approved	magica/research/totentanz-full-localization-20260817/engine-i18n/root-reviewed-term-closure.json#ENGINE-285;日文源键=闇属性攻撃力UP；旧国服术语使用“提升/下降”而非UP/DOWN。;C:\Users\proje\Documents\Codex\2026-08-06\https-github-com-hiiraginemu-magireco-wiki-3\work\next_round_execution_20260819\engine_root_review_apply_40\engine_root_review_40_verification.json	Root semantic review accepted the visible source-key context; official CN terminology guides UP/DOWN and UI wording without claiming a whole-string official match.
MT-00540	engine_runtime_i18n_root_reviewed	native_engine_i18n	madomagi/engine_i18n.tsv	286	zhCN	光属性攻撃力UP	光属性攻击力提升	光属性攻击力提升	madomagi/engine_i18n.tsv#286/zhCN	manual-semantic-reviewed	unknown	magica/research/totentanz-full-localization-20260817/engine-i18n/root-reviewed-term-closure.json#ENGINE-286;日文源键=光属性攻撃力UP；旧国服术语使用“提升/下降”而非UP/DOWN。;C:\Users\proje\Documents\Codex\2026-08-06\https-github-com-hiiraginemu-magireco-wiki-3\work\next_round_execution_20260819\engine_root_review_apply_40\engine_root_review_40_verification.json	false	official-cn-terminology-plus-source-context	root-reviewed-approved	光属性攻撃力UP		manual-semantic-reviewed	root-reviewed-term-closure	ENGINE-286	HiiragiNemu project root semantic review	false	true; legacy client reads <files>/madomagi/engine_i18n.tsv	manual-semantic-reviewed	光属性攻击力提升	root-reviewed-approved	medium	root_reviewed_engine_translation	root-reviewed-approved	magica/research/totentanz-full-localization-20260817/engine-i18n/root-reviewed-term-closure.json#ENGINE-286;日文源键=光属性攻撃力UP；旧国服术语使用“提升/下降”而非UP/DOWN。;C:\Users\proje\Documents\Codex\2026-08-06\https-github-com-hiiraginemu-magireco-wiki-3\work\next_round_execution_20260819\engine_root_review_apply_40\engine_root_review_40_verification.json	Root semantic review accepted the visible source-key context; official CN terminology guides UP/DOWN and UI wording without claiming a whole-string official match.
MT-00541	engine_runtime_i18n_root_reviewed	native_engine_i18n	madomagi/engine_i18n.tsv	287	zhCN	水属性攻撃力UP	水属性攻击力提升	水属性攻击力提升	madomagi/engine_i18n.tsv#287/zhCN	manual-semantic-reviewed	unknown	magica/research/totentanz-full-localization-20260817/engine-i18n/root-reviewed-term-closure.json#ENGINE-287;日文源键=水属性攻撃力UP；旧国服术语使用“提升/下降”而非UP/DOWN。;C:\Users\proje\Documents\Codex\2026-08-06\https-github-com-hiiraginemu-magireco-wiki-3\work\next_round_execution_20260819\engine_root_review_apply_40\engine_root_review_40_verification.json	false	official-cn-terminology-plus-source-context	root-reviewed-approved	水属性攻撃力UP		manual-semantic-reviewed	root-reviewed-term-closure	ENGINE-287	HiiragiNemu project root semantic review	false	true; legacy client reads <files>/madomagi/engine_i18n.tsv	manual-semantic-reviewed	水属性攻击力提升	root-reviewed-approved	medium	root_reviewed_engine_translation	root-reviewed-approved	magica/research/totentanz-full-localization-20260817/engine-i18n/root-reviewed-term-closure.json#ENGINE-287;日文源键=水属性攻撃力UP；旧国服术语使用“提升/下降”而非UP/DOWN。;C:\Users\proje\Documents\Codex\2026-08-06\https-github-com-hiiraginemu-magireco-wiki-3\work\next_round_execution_20260819\engine_root_review_apply_40\engine_root_review_40_verification.json	Root semantic review accepted the visible source-key context; official CN terminology guides UP/DOWN and UI wording without claiming a whole-string official match.
MT-00542	engine_runtime_i18n_root_reviewed	native_engine_i18n	madomagi/engine_i18n.tsv	288	zhCN	木属性攻撃力UP	木属性攻击力提升	木属性攻击力提升	madomagi/engine_i18n.tsv#288/zhCN	manual-semantic-reviewed	unknown	magica/research/totentanz-full-localization-20260817/engine-i18n/root-reviewed-term-closure.json#ENGINE-288;日文源键=木属性攻撃力UP；旧国服术语使用“提升/下降”而非UP/DOWN。;C:\Users\proje\Documents\Codex\2026-08-06\https-github-com-hiiraginemu-magireco-wiki-3\work\next_round_execution_20260819\engine_root_review_apply_40\engine_root_review_40_verification.json	false	official-cn-terminology-plus-source-context	root-reviewed-approved	木属性攻撃力UP		manual-semantic-reviewed	root-reviewed-term-closure	ENGINE-288	HiiragiNemu project root semantic review	false	true; legacy client reads <files>/madomagi/engine_i18n.tsv	manual-semantic-reviewed	木属性攻击力提升	root-reviewed-approved	medium	root_reviewed_engine_translation	root-reviewed-approved	magica/research/totentanz-full-localization-20260817/engine-i18n/root-reviewed-term-closure.json#ENGINE-288;日文源键=木属性攻撃力UP；旧国服术语使用“提升/下降”而非UP/DOWN。;C:\Users\proje\Documents\Codex\2026-08-06\https-github-com-hiiraginemu-magireco-wiki-3\work\next_round_execution_20260819\engine_root_review_apply_40\engine_root_review_40_verification.json	Root semantic review accepted the visible source-key context; official CN terminology guides UP/DOWN and UI wording without claiming a whole-string official match.
MT-00543	engine_runtime_i18n_root_reviewed	native_engine_i18n	madomagi/engine_i18n.tsv	289	zhCN	木属性耐性Down	木属性耐性下降	木属性耐性下降	madomagi/engine_i18n.tsv#289/zhCN	manual-semantic-reviewed	unknown	magica/research/totentanz-full-localization-20260817/engine-i18n/root-reviewed-term-closure.json#ENGINE-289;日文源键=木属性耐性Down；旧国服术语使用“提升/下降”而非UP/DOWN。;C:\Users\proje\Documents\Codex\2026-08-06\https-github-com-hiiraginemu-magireco-wiki-3\work\next_round_execution_20260819\engine_root_review_apply_40\engine_root_review_40_verification.json	false	official-cn-terminology-plus-source-context	root-reviewed-approved	木属性耐性Down		manual-semantic-reviewed	root-reviewed-term-closure	ENGINE-289	HiiragiNemu project root semantic review	false	true; legacy client reads <files>/madomagi/engine_i18n.tsv	manual-semantic-reviewed	木属性耐性下降	root-reviewed-approved	medium	root_reviewed_engine_translation	root-reviewed-approved	magica/research/totentanz-full-localization-20260817/engine-i18n/root-reviewed-term-closure.json#ENGINE-289;日文源键=木属性耐性Down；旧国服术语使用“提升/下降”而非UP/DOWN。;C:\Users\proje\Documents\Codex\2026-08-06\https-github-com-hiiraginemu-magireco-wiki-3\work\next_round_execution_20260819\engine_root_review_apply_40\engine_root_review_40_verification.json	Root semantic review accepted the visible source-key context; official CN terminology guides UP/DOWN and UI wording without claiming a whole-string official match.
MT-00544	engine_runtime_i18n_root_reviewed	native_engine_i18n	madomagi/engine_i18n.tsv	290	zhCN	瀕死時攻撃力UP	濒死时攻击力提升	濒死时攻击力提升	madomagi/engine_i18n.tsv#290/zhCN	manual-semantic-reviewed	unknown	magica/research/totentanz-full-localization-20260817/engine-i18n/root-reviewed-term-closure.json#ENGINE-290;日文源键=瀕死時攻撃力UP；旧国服术语使用“提升/下降”而非UP/DOWN。;C:\Users\proje\Documents\Codex\2026-08-06\https-github-com-hiiraginemu-magireco-wiki-3\work\next_round_execution_20260819\engine_root_review_apply_40\engine_root_review_40_verification.json	false	official-cn-terminology-plus-source-context	root-reviewed-approved	瀕死時攻撃力UP		manual-semantic-reviewed	root-reviewed-term-closure	ENGINE-290	HiiragiNemu project root semantic review	false	true; legacy client reads <files>/madomagi/engine_i18n.tsv	manual-semantic-reviewed	濒死时攻击力提升	root-reviewed-approved	medium	root_reviewed_engine_translation	root-reviewed-approved	magica/research/totentanz-full-localization-20260817/engine-i18n/root-reviewed-term-closure.json#ENGINE-290;日文源键=瀕死時攻撃力UP；旧国服术语使用“提升/下降”而非UP/DOWN。;C:\Users\proje\Documents\Codex\2026-08-06\https-github-com-hiiraginemu-magireco-wiki-3\work\next_round_execution_20260819\engine_root_review_apply_40\engine_root_review_40_verification.json	Root semantic review accepted the visible source-key context; official CN terminology guides UP/DOWN and UI wording without claiming a whole-string official match.
MT-00545	engine_runtime_i18n_root_reviewed	native_engine_i18n	madomagi/engine_i18n.tsv	291	zhCN	瀕死時防御力UP	濒死时防御力提升	濒死时防御力提升	madomagi/engine_i18n.tsv#291/zhCN	manual-semantic-reviewed	unknown	magica/research/totentanz-full-localization-20260817/engine-i18n/root-reviewed-term-closure.json#ENGINE-291;日文源键=瀕死時防御力UP；旧国服术语使用“提升/下降”而非UP/DOWN。;C:\Users\proje\Documents\Codex\2026-08-06\https-github-com-hiiraginemu-magireco-wiki-3\work\next_round_execution_20260819\engine_root_review_apply_40\engine_root_review_40_verification.json	false	official-cn-terminology-plus-source-context	root-reviewed-approved	瀕死時防御力UP		manual-semantic-reviewed	root-reviewed-term-closure	ENGINE-291	HiiragiNemu project root semantic review	false	true; legacy client reads <files>/madomagi/engine_i18n.tsv	manual-semantic-reviewed	濒死时防御力提升	root-reviewed-approved	medium	root_reviewed_engine_translation	root-reviewed-approved	magica/research/totentanz-full-localization-20260817/engine-i18n/root-reviewed-term-closure.json#ENGINE-291;日文源键=瀕死時防御力UP；旧国服术语使用“提升/下降”而非UP/DOWN。;C:\Users\proje\Documents\Codex\2026-08-06\https-github-com-hiiraginemu-magireco-wiki-3\work\next_round_execution_20260819\engine_root_review_apply_40\engine_root_review_40_verification.json	Root semantic review accepted the visible source-key context; official CN terminology guides UP/DOWN and UI wording without claiming a whole-string official match.
MT-00546	engine_runtime_i18n_root_reviewed	native_engine_i18n	madomagi/engine_i18n.tsv	292	zhCN	火属性耐性Down	火属性耐性下降	火属性耐性下降	madomagi/engine_i18n.tsv#292/zhCN	manual-semantic-reviewed	unknown	magica/research/totentanz-full-localization-20260817/engine-i18n/root-reviewed-term-closure.json#ENGINE-292;日文源键=火属性耐性Down；旧国服术语使用“提升/下降”而非UP/DOWN。;C:\Users\proje\Documents\Codex\2026-08-06\https-github-com-hiiraginemu-magireco-wiki-3\work\next_round_execution_20260819\engine_root_review_apply_40\engine_root_review_40_verification.json	false	official-cn-terminology-plus-source-context	root-reviewed-approved	火属性耐性Down		manual-semantic-reviewed	root-reviewed-term-closure	ENGINE-292	HiiragiNemu project root semantic review	false	true; legacy client reads <files>/madomagi/engine_i18n.tsv	manual-semantic-reviewed	火属性耐性下降	root-reviewed-approved	medium	root_reviewed_engine_translation	root-reviewed-approved	magica/research/totentanz-full-localization-20260817/engine-i18n/root-reviewed-term-closure.json#ENGINE-292;日文源键=火属性耐性Down；旧国服术语使用“提升/下降”而非UP/DOWN。;C:\Users\proje\Documents\Codex\2026-08-06\https-github-com-hiiraginemu-magireco-wiki-3\work\next_round_execution_20260819\engine_root_review_apply_40\engine_root_review_40_verification.json	Root semantic review accepted the visible source-key context; official CN terminology guides UP/DOWN and UI wording without claiming a whole-string official match.
MT-00547	engine_runtime_i18n_root_reviewed	native_engine_i18n	madomagi/engine_i18n.tsv	293	zhCN	開始前	开始前	开始前	madomagi/engine_i18n.tsv#293/zhCN	manual-semantic-reviewed	unknown	magica/research/totentanz-full-localization-20260817/engine-i18n/final-root-review-20260819/engine_unknown_212_root_review_sidecar.json#ENG-293;literal exists in official CN native evidence but pairing was not assumed; root review approves current value;origin_machine_translated=unknown	false	root-row-by-row-semantic-review	root-reviewed-approved	開始前		manual-semantic-reviewed	final-root-review-20260819	ENG-293	HiiragiNemu project root semantic review	false	true; legacy client reads <files>/madomagi/engine_i18n.tsv	manual-semantic-reviewed	开始前	root-reviewed-approved	medium	root_reviewed_engine_translation	root-reviewed-approved	magica/research/totentanz-full-localization-20260817/engine-i18n/final-root-review-20260819/engine_unknown_212_root_review_sidecar.json#ENG-293;literal exists in official CN native evidence but pairing was not assumed; root review approves current value;origin_machine_translated=unknown	origin_machine_translated=unknown; the historical origin remains explicit; the current value received row-by-row root review and does not inherit an official/Wiki label unless exact dual-ABI evidence is recorded.
MT-00548	engine_runtime_i18n_root_reviewed	native_engine_i18n	madomagi/engine_i18n.tsv	294	zhCN	開始後	开始后	开始后	madomagi/engine_i18n.tsv#294/zhCN	manual-semantic-reviewed	unknown	magica/research/totentanz-full-localization-20260817/engine-i18n/final-root-review-20260819/engine_unknown_212_root_review_sidecar.json#ENG-294;literal exists in official CN native evidence but pairing was not assumed; root review approves current value;origin_machine_translated=unknown	false	root-row-by-row-semantic-review	root-reviewed-approved	開始後		manual-semantic-reviewed	final-root-review-20260819	ENG-294	HiiragiNemu project root semantic review	false	true; legacy client reads <files>/madomagi/engine_i18n.tsv	manual-semantic-reviewed	开始后	root-reviewed-approved	medium	root_reviewed_engine_translation	root-reviewed-approved	magica/research/totentanz-full-localization-20260817/engine-i18n/final-root-review-20260819/engine_unknown_212_root_review_sidecar.json#ENG-294;literal exists in official CN native evidence but pairing was not assumed; root review approves current value;origin_machine_translated=unknown	origin_machine_translated=unknown; the historical origin remains explicit; the current value received row-by-row root review and does not inherit an official/Wiki label unless exact dual-ABI evidence is recorded.
MT-00549	engine_runtime_i18n_root_reviewed	native_engine_i18n	madomagi/engine_i18n.tsv	295	zhCN	難易度	难度	难度	madomagi/engine_i18n.tsv#295/zhCN	manual-semantic-reviewed	unknown	magica/research/totentanz-full-localization-20260817/engine-i18n/final-root-review-20260819/engine_unknown_212_root_review_sidecar.json#ENG-295;literal exists in official CN native evidence but pairing was not assumed; root review approves current value;origin_machine_translated=unknown	false	root-row-by-row-semantic-review	root-reviewed-approved	難易度		manual-semantic-reviewed	final-root-review-20260819	ENG-295	HiiragiNemu project root semantic review	false	true; legacy client reads <files>/madomagi/engine_i18n.tsv	manual-semantic-reviewed	难度	root-reviewed-approved	medium	root_reviewed_engine_translation	root-reviewed-approved	magica/research/totentanz-full-localization-20260817/engine-i18n/final-root-review-20260819/engine_unknown_212_root_review_sidecar.json#ENG-295;literal exists in official CN native evidence but pairing was not assumed; root review approves current value;origin_machine_translated=unknown	origin_machine_translated=unknown; the historical origin remains explicit; the current value received row-by-row root review and does not inherit an official/Wiki label unless exact dual-ABI evidence is recorded.
MT-00550	engine_runtime_i18n_root_reviewed	native_engine_i18n	madomagi/engine_i18n.tsv	296	zhCN	はい	是	是	madomagi/engine_i18n.tsv#296/zhCN	manual-semantic-reviewed	unknown	magica/research/totentanz-full-localization-20260817/engine-i18n/final-root-review-20260819/engine_unknown_212_root_review_sidecar.json#ENG-296;literal exists in official CN native evidence but pairing was not assumed; root review approves current value;origin_machine_translated=unknown	false	root-row-by-row-semantic-review	root-reviewed-approved	はい		manual-semantic-reviewed	final-root-review-20260819	ENG-296	HiiragiNemu project root semantic review	false	true; legacy client reads <files>/madomagi/engine_i18n.tsv	manual-semantic-reviewed	是	root-reviewed-approved	medium	root_reviewed_engine_translation	root-reviewed-approved	magica/research/totentanz-full-localization-20260817/engine-i18n/final-root-review-20260819/engine_unknown_212_root_review_sidecar.json#ENG-296;literal exists in official CN native evidence but pairing was not assumed; root review approves current value;origin_machine_translated=unknown	origin_machine_translated=unknown; the historical origin remains explicit; the current value received row-by-row root review and does not inherit an official/Wiki label unless exact dual-ABI evidence is recorded.
MT-00551	engine_runtime_i18n_root_reviewed	native_engine_i18n	madomagi/engine_i18n.tsv	3	zhCN	戻る	返回	返回	madomagi/engine_i18n.tsv#3/zhCN	manual-semantic-reviewed	unknown	magica/research/totentanz-full-localization-20260817/engine-i18n/final-root-review-20260819/engine_unknown_212_root_review_sidecar.json#ENG-003;literal exists in official CN native evidence but pairing was not assumed; root review approves current value;origin_machine_translated=unknown	false	root-row-by-row-semantic-review	root-reviewed-approved	戻る		manual-semantic-reviewed	final-root-review-20260819	ENG-003	HiiragiNemu project root semantic review	false	true; legacy client reads <files>/madomagi/engine_i18n.tsv	manual-semantic-reviewed	返回	root-reviewed-approved	medium	root_reviewed_engine_translation	root-reviewed-approved	magica/research/totentanz-full-localization-20260817/engine-i18n/final-root-review-20260819/engine_unknown_212_root_review_sidecar.json#ENG-003;literal exists in official CN native evidence but pairing was not assumed; root review approves current value;origin_machine_translated=unknown	origin_machine_translated=unknown; the historical origin remains explicit; the current value received row-by-row root review and does not inherit an official/Wiki label unless exact dual-ABI evidence is recorded.
MT-00552	engine_runtime_i18n_root_reviewed	native_engine_i18n	madomagi/engine_i18n.tsv	30	zhCN	使用禁止文字列が含まれています。	含有禁止使用的字符。	含有禁止使用的字符。	madomagi/engine_i18n.tsv#30/zhCN	manual-semantic-reviewed	unknown	magica/research/totentanz-full-localization-20260817/engine-i18n/final-root-review-20260819/engine_unknown_212_root_review_sidecar.json#ENG-030;root semantic review against Japanese source and adjacent official terminology; not an exact official whole-string;origin_machine_translated=unknown	false	root-row-by-row-semantic-review	root-reviewed-approved	使用禁止文字列が含まれています。		manual-semantic-reviewed	final-root-review-20260819	ENG-030	HiiragiNemu project root semantic review	false	true; legacy client reads <files>/madomagi/engine_i18n.tsv	manual-semantic-reviewed	含有禁止使用的字符。	root-reviewed-approved	medium	root_reviewed_engine_translation	root-reviewed-approved	magica/research/totentanz-full-localization-20260817/engine-i18n/final-root-review-20260819/engine_unknown_212_root_review_sidecar.json#ENG-030;root semantic review against Japanese source and adjacent official terminology; not an exact official whole-string;origin_machine_translated=unknown	origin_machine_translated=unknown; the historical origin remains explicit; the current value received row-by-row root review and does not inherit an official/Wiki label unless exact dual-ABI evidence is recorded.
MT-00553	engine_runtime_i18n_root_reviewed	native_engine_i18n	madomagi/engine_i18n.tsv	303	zhCN	Magia Drain [VI]	Magia汲取[Ⅵ]	Magia汲取[Ⅵ]	madomagi/engine_i18n.tsv#303/zhCN	manual-semantic-reviewed	unknown	magica/research/totentanz-full-localization-20260817/engine-i18n/root-reviewed-term-closure.json#ENGINE-MAGIA-DRAIN-NAME-1007113;magica/js/libs/emotionSkillMap.json#1007113.name;D:/magia/MyProducts/magiWiki/dump_merged.xml#emotionSkillMap/1007113/マギアドレイン[Ⅵ];D:/magia/MyProducts/MAGIA RECORD CN/Full_Raw_Dump_V2#157-json-scan:no-id-or-name-match;official-cn-distinct-term:マナアブソーブ[Ⅰ]=魔力吸收[Ⅰ]	false	stable-id-semantic-review	resolved	Magia Drain [VI]		manual-semantic-reviewed	root-reviewed-term-closure	ENGINE-MAGIA-DRAIN-NAME-1007113	HiiragiNemu project root semantic review	false	true; legacy client reads <files>/madomagi/engine_i18n.tsv	manual-semantic-reviewed	Magia汲取[Ⅵ]	resolved	medium	root_reviewed_engine_translation	resolved	magica/research/totentanz-full-localization-20260817/engine-i18n/root-reviewed-term-closure.json#ENGINE-MAGIA-DRAIN-NAME-1007113;magica/js/libs/emotionSkillMap.json#1007113.name;D:/magia/MyProducts/magiWiki/dump_merged.xml#emotionSkillMap/1007113/マギアドレイン[Ⅵ];D:/magia/MyProducts/MAGIA RECORD CN/Full_Raw_Dump_V2#157-json-scan:no-id-or-name-match;official-cn-distinct-term:マナアブソーブ[Ⅰ]=魔力吸收[Ⅰ]	Retain Magia汲取[Ⅵ]. Official old-CN snapshot lacks this late enhancement skill; 魔力吸收 is reserved for the distinct Mana Absorb skill.
MT-00554	engine_runtime_i18n_root_reviewed	native_engine_i18n	madomagi/engine_i18n.tsv	306	zhCN	^ネットワーク接続に失敗しました。再接続しますか？\nエラーコード：	网络连接失败。要重新连接吗？\n错误代码：	网络连接失败。要重新连接吗？\n错误代码：	madomagi/engine_i18n.tsv#306/zhCN	manual-semantic-reviewed	unknown	magica/research/totentanz-full-localization-20260817/engine-i18n/final-root-review-20260819/engine_unknown_212_root_review_sidecar.json#ENG-306;prior semantic pass plus current row review; provenance remains manual-semantic-reviewed;origin_machine_translated=unknown	false	root-row-by-row-semantic-review	root-reviewed-approved	^ネットワーク接続に失敗しました。再接続しますか？\nエラーコード：		manual-semantic-reviewed	final-root-review-20260819	ENG-306	HiiragiNemu project root semantic review	false	true; legacy client reads <files>/madomagi/engine_i18n.tsv	manual-semantic-reviewed	网络连接失败。要重新连接吗？\n错误代码：	root-reviewed-approved	medium	root_reviewed_engine_translation	root-reviewed-approved	magica/research/totentanz-full-localization-20260817/engine-i18n/final-root-review-20260819/engine_unknown_212_root_review_sidecar.json#ENG-306;prior semantic pass plus current row review; provenance remains manual-semantic-reviewed;origin_machine_translated=unknown	origin_machine_translated=unknown; the historical origin remains explicit; the current value received row-by-row root review and does not inherit an official/Wiki label unless exact dual-ABI evidence is recorded.
MT-00555	engine_runtime_i18n_root_reviewed	native_engine_i18n	madomagi/engine_i18n.tsv	307	zhCN	^ネットワーク接続に失敗しました。\nエラーコード：	网络连接失败。\n错误代码：	网络连接失败。\n错误代码：	madomagi/engine_i18n.tsv#307/zhCN	manual-semantic-reviewed	unknown	magica/research/totentanz-full-localization-20260817/engine-i18n/final-root-review-20260819/engine_unknown_212_root_review_sidecar.json#ENG-307;prior semantic pass plus current row review; provenance remains manual-semantic-reviewed;origin_machine_translated=unknown	false	root-row-by-row-semantic-review	root-reviewed-approved	^ネットワーク接続に失敗しました。\nエラーコード：		manual-semantic-reviewed	final-root-review-20260819	ENG-307	HiiragiNemu project root semantic review	false	true; legacy client reads <files>/madomagi/engine_i18n.tsv	manual-semantic-reviewed	网络连接失败。\n错误代码：	root-reviewed-approved	medium	root_reviewed_engine_translation	root-reviewed-approved	magica/research/totentanz-full-localization-20260817/engine-i18n/final-root-review-20260819/engine_unknown_212_root_review_sidecar.json#ENG-307;prior semantic pass plus current row review; provenance remains manual-semantic-reviewed;origin_machine_translated=unknown	origin_machine_translated=unknown; the historical origin remains explicit; the current value received row-by-row root review and does not inherit an official/Wiki label unless exact dual-ABI evidence is recorded.
MT-00556	engine_runtime_i18n_root_reviewed	native_engine_i18n	madomagi/engine_i18n.tsv	31	zhCN	プレイヤー名を入力してください	请输入玩家名	请输入玩家名	madomagi/engine_i18n.tsv#31/zhCN	manual-semantic-reviewed	unknown	magica/research/totentanz-full-localization-20260817/engine-i18n/final-root-review-20260819/engine_unknown_212_root_review_sidecar.json#ENG-031;literal exists in official CN native evidence but pairing was not assumed; root review approves current value;origin_machine_translated=unknown	false	root-row-by-row-semantic-review	root-reviewed-approved	プレイヤー名を入力してください		manual-semantic-reviewed	final-root-review-20260819	ENG-031	HiiragiNemu project root semantic review	false	true; legacy client reads <files>/madomagi/engine_i18n.tsv	manual-semantic-reviewed	请输入玩家名	root-reviewed-approved	medium	root_reviewed_engine_translation	root-reviewed-approved	magica/research/totentanz-full-localization-20260817/engine-i18n/final-root-review-20260819/engine_unknown_212_root_review_sidecar.json#ENG-031;literal exists in official CN native evidence but pairing was not assumed; root review approves current value;origin_machine_translated=unknown	origin_machine_translated=unknown; the historical origin remains explicit; the current value received row-by-row root review and does not inherit an official/Wiki label unless exact dual-ABI evidence is recorded.
MT-00557	engine_runtime_i18n_root_reviewed	native_engine_i18n	madomagi/engine_i18n.tsv	33	zhCN	入力エラー	输入错误	输入错误	madomagi/engine_i18n.tsv#33/zhCN	manual-semantic-reviewed	unknown	magica/research/totentanz-full-localization-20260817/engine-i18n/final-root-review-20260819/engine_unknown_212_root_review_sidecar.json#ENG-033;prior semantic pass plus current row review; provenance remains manual-semantic-reviewed;origin_machine_translated=unknown	false	root-row-by-row-semantic-review	root-reviewed-approved	入力エラー		manual-semantic-reviewed	final-root-review-20260819	ENG-033	HiiragiNemu project root semantic review	false	true; legacy client reads <files>/madomagi/engine_i18n.tsv	manual-semantic-reviewed	输入错误	root-reviewed-approved	medium	root_reviewed_engine_translation	root-reviewed-approved	magica/research/totentanz-full-localization-20260817/engine-i18n/final-root-review-20260819/engine_unknown_212_root_review_sidecar.json#ENG-033;prior semantic pass plus current row review; provenance remains manual-semantic-reviewed;origin_machine_translated=unknown	origin_machine_translated=unknown; the historical origin remains explicit; the current value received row-by-row root review and does not inherit an official/Wiki label unless exact dual-ABI evidence is recorded.
MT-00558	engine_runtime_i18n_root_reviewed	native_engine_i18n	madomagi/engine_i18n.tsv	34	zhCN	APが全回復しました！	AP已全部回复！	AP已全部回复！	madomagi/engine_i18n.tsv#34/zhCN	manual-semantic-reviewed	unknown	magica/research/totentanz-full-localization-20260817/engine-i18n/final-root-review-20260819/engine_unknown_212_root_review_sidecar.json#ENG-034;current Chinese is context-paired in both official CN native ABIs; root review confirms no change;origin_machine_translated=unknown	false	root-row-by-row-semantic-review	root-reviewed-approved	APが全回復しました！		manual-semantic-reviewed	final-root-review-20260819	ENG-034	HiiragiNemu project root semantic review	false	true; legacy client reads <files>/madomagi/engine_i18n.tsv	manual-semantic-reviewed	AP已全部回复！	root-reviewed-approved	medium	root_reviewed_engine_translation	root-reviewed-approved	magica/research/totentanz-full-localization-20260817/engine-i18n/final-root-review-20260819/engine_unknown_212_root_review_sidecar.json#ENG-034;current Chinese is context-paired in both official CN native ABIs; root review confirms no change;origin_machine_translated=unknown	origin_machine_translated=unknown; the historical origin remains explicit; the current value received row-by-row root review and does not inherit an official/Wiki label unless exact dual-ABI evidence is recorded.
MT-00559	engine_runtime_i18n_root_reviewed	native_engine_i18n	madomagi/engine_i18n.tsv	35	zhCN	に問題があります！】\n	有问题！】\n	有问题！】\n	madomagi/engine_i18n.tsv#35/zhCN	manual-semantic-reviewed	unknown	magica/research/totentanz-full-localization-20260817/engine-i18n/final-root-review-20260819/engine_unknown_212_root_review_sidecar.json#ENG-035;prior semantic pass plus current row review; provenance remains manual-semantic-reviewed;origin_machine_translated=unknown	false	root-row-by-row-semantic-review	root-reviewed-approved	に問題があります！】\n		manual-semantic-reviewed	final-root-review-20260819	ENG-035	HiiragiNemu project root semantic review	false	true; legacy client reads <files>/madomagi/engine_i18n.tsv	manual-semantic-reviewed	有问题！】\n	root-reviewed-approved	medium	root_reviewed_engine_translation	root-reviewed-approved	magica/research/totentanz-full-localization-20260817/engine-i18n/final-root-review-20260819/engine_unknown_212_root_review_sidecar.json#ENG-035;prior semantic pass plus current row review; provenance remains manual-semantic-reviewed;origin_machine_translated=unknown	origin_machine_translated=unknown; the historical origin remains explicit; the current value received row-by-row root review and does not inherit an official/Wiki label unless exact dual-ABI evidence is recorded.
MT-00560	engine_runtime_i18n_root_reviewed	native_engine_i18n	madomagi/engine_i18n.tsv	36	zhCN	]は禁止です!! (	]禁止使用!! (	]禁止使用!! (	madomagi/engine_i18n.tsv#36/zhCN	manual-semantic-reviewed	unknown	magica/research/totentanz-full-localization-20260817/engine-i18n/final-root-review-20260819/engine_unknown_212_root_review_sidecar.json#ENG-036;prior semantic pass plus current row review; provenance remains manual-semantic-reviewed;origin_machine_translated=unknown	false	root-row-by-row-semantic-review	root-reviewed-approved	]は禁止です!! (		manual-semantic-reviewed	final-root-review-20260819	ENG-036	HiiragiNemu project root semantic review	false	true; legacy client reads <files>/madomagi/engine_i18n.tsv	manual-semantic-reviewed	]禁止使用!! (	root-reviewed-approved	medium	root_reviewed_engine_translation	root-reviewed-approved	magica/research/totentanz-full-localization-20260817/engine-i18n/final-root-review-20260819/engine_unknown_212_root_review_sidecar.json#ENG-036;prior semantic pass plus current row review; provenance remains manual-semantic-reviewed;origin_machine_translated=unknown	origin_machine_translated=unknown; the historical origin remains explicit; the current value received row-by-row root review and does not inherit an official/Wiki label unless exact dual-ABI evidence is recorded.
MT-00561	engine_runtime_i18n_root_reviewed	native_engine_i18n	madomagi/engine_i18n.tsv	37	zhCN	敵からのダメージを 	使来自敌方的伤害无效化	使来自敌方的伤害无效化	madomagi/engine_i18n.tsv#37/zhCN	confirmed-human	new-root-human	magica/research/totentanz-full-localization-20260817/engine-i18n/engine-final-authority-corrections.json#ENGINE-FINAL-037;current arm64 source 0x169f8c1;QbArtBehaviorBarrier::getStatusChangeBarMessage 0xa18344 concatenates prefix + integer + suffix	false	native-disassembly-verified-fragment	root-reviewed-approved	敵からのダメージを 		manual-semantic-reviewed	engine-final-authority-corrections	ENGINE-FINAL-037	HiiragiNemu project root semantic review	false	true; legacy client reads <files>/madomagi/engine_i18n.tsv	confirmed-human	使来自敌方的伤害无效化	root-reviewed-approved	medium	root_reviewed_engine_translation	root-reviewed-approved	magica/research/totentanz-full-localization-20260817/engine-i18n/engine-final-authority-corrections.json#ENGINE-FINAL-037;current arm64 source 0x169f8c1;QbArtBehaviorBarrier::getStatusChangeBarMessage 0xa18344 concatenates prefix + integer + suffix	Visible barrier amount prefix; target deliberately ends immediately before the runtime integer.
MT-00562	engine_runtime_i18n_root_reviewed	native_engine_i18n	madomagi/engine_i18n.tsv	38	zhCN	だけ無効化する	点	点	madomagi/engine_i18n.tsv#38/zhCN	confirmed-human	new-root-human	magica/research/totentanz-full-localization-20260817/engine-i18n/engine-final-authority-corrections.json#ENGINE-FINAL-038;current arm64 source 0x169f8de;QbArtBehaviorBarrier::getStatusChangeBarMessage 0xa18344 concatenates prefix + integer + suffix	false	native-disassembly-verified-fragment	root-reviewed-approved	だけ無効化する		manual-semantic-reviewed	engine-final-authority-corrections	ENGINE-FINAL-038	HiiragiNemu project root semantic review	false	true; legacy client reads <files>/madomagi/engine_i18n.tsv	confirmed-human	点	root-reviewed-approved	medium	root_reviewed_engine_translation	root-reviewed-approved	magica/research/totentanz-full-localization-20260817/engine-i18n/engine-final-authority-corrections.json#ENGINE-FINAL-038;current arm64 source 0x169f8de;QbArtBehaviorBarrier::getStatusChangeBarMessage 0xa18344 concatenates prefix + integer + suffix	The inserted integer is a barrier damage amount, not a count. Final form: 使来自敌方的伤害无效化10000点.
MT-00563	engine_runtime_i18n_root_reviewed	native_engine_i18n	madomagi/engine_i18n.tsv	39	zhCN	デバフを反射します	反射减益	反射减益	madomagi/engine_i18n.tsv#39/zhCN	manual-semantic-reviewed	unknown	magica/research/totentanz-full-localization-20260817/engine-i18n/final-root-review-20260819/engine_unknown_212_root_review_sidecar.json#ENG-039;prior semantic pass plus current row review; provenance remains manual-semantic-reviewed;origin_machine_translated=unknown	false	root-row-by-row-semantic-review	root-reviewed-approved	デバフを反射します		manual-semantic-reviewed	final-root-review-20260819	ENG-039	HiiragiNemu project root semantic review	false	true; legacy client reads <files>/madomagi/engine_i18n.tsv	manual-semantic-reviewed	反射减益	root-reviewed-approved	medium	root_reviewed_engine_translation	root-reviewed-approved	magica/research/totentanz-full-localization-20260817/engine-i18n/final-root-review-20260819/engine_unknown_212_root_review_sidecar.json#ENG-039;prior semantic pass plus current row review; provenance remains manual-semantic-reviewed;origin_machine_translated=unknown	origin_machine_translated=unknown; the historical origin remains explicit; the current value received row-by-row root review and does not inherit an official/Wiki label unless exact dual-ABI evidence is recorded.
MT-00564	engine_runtime_i18n_root_reviewed	native_engine_i18n	madomagi/engine_i18n.tsv	4	zhCN	その他	其他	其他	madomagi/engine_i18n.tsv#4/zhCN	manual-semantic-reviewed	unknown	magica/research/totentanz-full-localization-20260817/engine-i18n/final-root-review-20260819/engine_unknown_212_root_review_sidecar.json#ENG-004;prior semantic pass plus current row review; provenance remains manual-semantic-reviewed;origin_machine_translated=unknown	false	root-row-by-row-semantic-review	root-reviewed-approved	その他		manual-semantic-reviewed	final-root-review-20260819	ENG-004	HiiragiNemu project root semantic review	false	true; legacy client reads <files>/madomagi/engine_i18n.tsv	manual-semantic-reviewed	其他	root-reviewed-approved	medium	root_reviewed_engine_translation	root-reviewed-approved	magica/research/totentanz-full-localization-20260817/engine-i18n/final-root-review-20260819/engine_unknown_212_root_review_sidecar.json#ENG-004;prior semantic pass plus current row review; provenance remains manual-semantic-reviewed;origin_machine_translated=unknown	origin_machine_translated=unknown; the historical origin remains explicit; the current value received row-by-row root review and does not inherit an official/Wiki label unless exact dual-ABI evidence is recorded.
MT-00565	engine_runtime_i18n_root_reviewed	native_engine_i18n	madomagi/engine_i18n.tsv	40	zhCN	（あと	（剩余	（剩余	madomagi/engine_i18n.tsv#40/zhCN	manual-semantic-reviewed	unknown	magica/research/totentanz-full-localization-20260817/engine-i18n/final-root-review-20260819/engine_unknown_212_root_review_sidecar.json#ENG-040;prior semantic pass plus current row review; provenance remains manual-semantic-reviewed;origin_machine_translated=unknown	false	root-row-by-row-semantic-review	root-reviewed-approved	（あと		manual-semantic-reviewed	final-root-review-20260819	ENG-040	HiiragiNemu project root semantic review	false	true; legacy client reads <files>/madomagi/engine_i18n.tsv	manual-semantic-reviewed	（剩余	root-reviewed-approved	medium	root_reviewed_engine_translation	root-reviewed-approved	magica/research/totentanz-full-localization-20260817/engine-i18n/final-root-review-20260819/engine_unknown_212_root_review_sidecar.json#ENG-040;prior semantic pass plus current row review; provenance remains manual-semantic-reviewed;origin_machine_translated=unknown	origin_machine_translated=unknown; the historical origin remains explicit; the current value received row-by-row root review and does not inherit an official/Wiki label unless exact dual-ABI evidence is recorded.
MT-00566	engine_runtime_i18n_root_reviewed	native_engine_i18n	madomagi/engine_i18n.tsv	41	zhCN	敵から受けるダメージが 	受到敌方的伤害提升 	受到敌方的伤害提升 	madomagi/engine_i18n.tsv#41/zhCN	manual-semantic-reviewed	unknown	magica/research/totentanz-full-localization-20260817/engine-i18n/final-root-review-20260819/engine_unknown_212_root_review_sidecar.json#ENG-041;prior semantic pass plus current row review; provenance remains manual-semantic-reviewed;origin_machine_translated=unknown	false	root-row-by-row-semantic-review	root-reviewed-approved	敵から受けるダメージが 		manual-semantic-reviewed	final-root-review-20260819	ENG-041	HiiragiNemu project root semantic review	false	true; legacy client reads <files>/madomagi/engine_i18n.tsv	manual-semantic-reviewed	受到敌方的伤害提升 	root-reviewed-approved	medium	root_reviewed_engine_translation	root-reviewed-approved	magica/research/totentanz-full-localization-20260817/engine-i18n/final-root-review-20260819/engine_unknown_212_root_review_sidecar.json#ENG-041;prior semantic pass plus current row review; provenance remains manual-semantic-reviewed;origin_machine_translated=unknown	origin_machine_translated=unknown; the historical origin remains explicit; the current value received row-by-row root review and does not inherit an official/Wiki label unless exact dual-ABI evidence is recorded.
MT-00567	engine_runtime_i18n_root_reviewed	native_engine_i18n	madomagi/engine_i18n.tsv	43	zhCN	プールシャッフル	行动盘池洗牌	行动盘池洗牌	madomagi/engine_i18n.tsv#43/zhCN	manual-semantic-reviewed	unknown	magica/research/totentanz-full-localization-20260817/engine-i18n/final-root-review-20260819/engine_unknown_212_root_review_sidecar.json#ENG-043;root semantic review against Japanese source and adjacent official terminology; not an exact official whole-string;origin_machine_translated=unknown	false	root-row-by-row-semantic-review	root-reviewed-approved	プールシャッフル		manual-semantic-reviewed	final-root-review-20260819	ENG-043	HiiragiNemu project root semantic review	false	true; legacy client reads <files>/madomagi/engine_i18n.tsv	manual-semantic-reviewed	行动盘池洗牌	root-reviewed-approved	medium	root_reviewed_engine_translation	root-reviewed-approved	magica/research/totentanz-full-localization-20260817/engine-i18n/final-root-review-20260819/engine_unknown_212_root_review_sidecar.json#ENG-043;root semantic review against Japanese source and adjacent official terminology; not an exact official whole-string;origin_machine_translated=unknown	origin_machine_translated=unknown; the historical origin remains explicit; the current value received row-by-row root review and does not inherit an official/Wiki label unless exact dual-ABI evidence is recorded.
MT-00568	engine_runtime_i18n_root_reviewed	native_engine_i18n	madomagi/engine_i18n.tsv	46	zhCN	所持なし	未持有	未持有	madomagi/engine_i18n.tsv#46/zhCN	manual-semantic-reviewed	unknown	magica/research/totentanz-full-localization-20260817/engine-i18n/final-root-review-20260819/engine_unknown_212_root_review_sidecar.json#ENG-046;literal exists in official CN native evidence but pairing was not assumed; root review approves current value;origin_machine_translated=unknown	false	root-row-by-row-semantic-review	root-reviewed-approved	所持なし		manual-semantic-reviewed	final-root-review-20260819	ENG-046	HiiragiNemu project root semantic review	false	true; legacy client reads <files>/madomagi/engine_i18n.tsv	manual-semantic-reviewed	未持有	root-reviewed-approved	medium	root_reviewed_engine_translation	root-reviewed-approved	magica/research/totentanz-full-localization-20260817/engine-i18n/final-root-review-20260819/engine_unknown_212_root_review_sidecar.json#ENG-046;literal exists in official CN native evidence but pairing was not assumed; root review approves current value;origin_machine_translated=unknown	origin_machine_translated=unknown; the historical origin remains explicit; the current value received row-by-row root review and does not inherit an official/Wiki label unless exact dual-ABI evidence is recorded.
MT-00569	engine_runtime_i18n_root_reviewed	native_engine_i18n	madomagi/engine_i18n.tsv	47	zhCN	使用済み	已使用	已使用	madomagi/engine_i18n.tsv#47/zhCN	manual-semantic-reviewed	unknown	magica/research/totentanz-full-localization-20260817/engine-i18n/final-root-review-20260819/engine_unknown_212_root_review_sidecar.json#ENG-047;literal exists in official CN native evidence but pairing was not assumed; root review approves current value;origin_machine_translated=unknown	false	root-row-by-row-semantic-review	root-reviewed-approved	使用済み		manual-semantic-reviewed	final-root-review-20260819	ENG-047	HiiragiNemu project root semantic review	false	true; legacy client reads <files>/madomagi/engine_i18n.tsv	manual-semantic-reviewed	已使用	root-reviewed-approved	medium	root_reviewed_engine_translation	root-reviewed-approved	magica/research/totentanz-full-localization-20260817/engine-i18n/final-root-review-20260819/engine_unknown_212_root_review_sidecar.json#ENG-047;literal exists in official CN native evidence but pairing was not assumed; root review approves current value;origin_machine_translated=unknown	origin_machine_translated=unknown; the historical origin remains explicit; the current value received row-by-row root review and does not inherit an official/Wiki label unless exact dual-ABI evidence is recorded.
MT-00570	engine_runtime_i18n_root_reviewed	native_engine_i18n	madomagi/engine_i18n.tsv	48	zhCN	対象なし	无目标	无目标	madomagi/engine_i18n.tsv#48/zhCN	manual-semantic-reviewed	unknown	magica/research/totentanz-full-localization-20260817/engine-i18n/root-reviewed-semantic-corrections.json#ENG-048;madomagi/engine_i18n.tsv:48; Japanese source-key semantic review;C:\Users\proje\Documents\Codex\2026-08-06\https-github-com-hiiraginemu-magireco-wiki-3\work\next_round_execution_20260819\engine_unknown_256_semantic_apply_35\engine_semantic_35_verification.json	false	manual-source-key-semantic-review	root-reviewed-approved	対象なし		manual-semantic-reviewed	root-reviewed-term-closure	ENG-048	HiiragiNemu project root semantic review	false	true; legacy client reads <files>/madomagi/engine_i18n.tsv	manual-semantic-reviewed	无目标	root-reviewed-approved	medium	root_reviewed_engine_translation	root-reviewed-approved	magica/research/totentanz-full-localization-20260817/engine-i18n/root-reviewed-semantic-corrections.json#ENG-048;madomagi/engine_i18n.tsv:48; Japanese source-key semantic review;C:\Users\proje\Documents\Codex\2026-08-06\https-github-com-hiiraginemu-magireco-wiki-3\work\next_round_execution_20260819\engine_unknown_256_semantic_apply_35\engine_semantic_35_verification.json	“対象”在可选目标语境中应译“目标”；“对象”是代码术语。
MT-00571	engine_runtime_i18n_root_reviewed	native_engine_i18n	madomagi/engine_i18n.tsv	5	zhCN	キーボード入力: %s	键盘输入：%s	键盘输入：%s	madomagi/engine_i18n.tsv#5/zhCN	manual-semantic-reviewed	unknown	magica/research/totentanz-full-localization-20260817/engine-i18n/final-root-review-20260819/engine_unknown_212_root_review_sidecar.json#ENG-005;root semantic review against Japanese source and adjacent official terminology; not an exact official whole-string;origin_machine_translated=unknown	false	root-row-by-row-semantic-review	root-reviewed-approved	キーボード入力: %s		manual-semantic-reviewed	final-root-review-20260819	ENG-005	HiiragiNemu project root semantic review	false	true; legacy client reads <files>/madomagi/engine_i18n.tsv	manual-semantic-reviewed	键盘输入：%s	root-reviewed-approved	medium	root_reviewed_engine_translation	root-reviewed-approved	magica/research/totentanz-full-localization-20260817/engine-i18n/final-root-review-20260819/engine_unknown_212_root_review_sidecar.json#ENG-005;root semantic review against Japanese source and adjacent official terminology; not an exact official whole-string;origin_machine_translated=unknown	origin_machine_translated=unknown; the historical origin remains explicit; the current value received row-by-row root review and does not inherit an official/Wiki label unless exact dual-ABI evidence is recorded.
MT-00572	engine_runtime_i18n_root_reviewed	native_engine_i18n	madomagi/engine_i18n.tsv	50	zhCN	発動済み	已发动	已发动	madomagi/engine_i18n.tsv#50/zhCN	manual-semantic-reviewed	unknown	magica/research/totentanz-full-localization-20260817/engine-i18n/final-root-review-20260819/engine_unknown_212_root_review_sidecar.json#ENG-050;literal exists in official CN native evidence but pairing was not assumed; root review approves current value;origin_machine_translated=unknown	false	root-row-by-row-semantic-review	root-reviewed-approved	発動済み		manual-semantic-reviewed	final-root-review-20260819	ENG-050	HiiragiNemu project root semantic review	false	true; legacy client reads <files>/madomagi/engine_i18n.tsv	manual-semantic-reviewed	已发动	root-reviewed-approved	medium	root_reviewed_engine_translation	root-reviewed-approved	magica/research/totentanz-full-localization-20260817/engine-i18n/final-root-review-20260819/engine_unknown_212_root_review_sidecar.json#ENG-050;literal exists in official CN native evidence but pairing was not assumed; root review approves current value;origin_machine_translated=unknown	origin_machine_translated=unknown; the historical origin remains explicit; the current value received row-by-row root review and does not inherit an official/Wiki label unless exact dual-ABI evidence is recorded.
MT-00573	engine_runtime_i18n_root_reviewed	native_engine_i18n	madomagi/engine_i18n.tsv	52	zhCN	アクセル	Accele	Accele	madomagi/engine_i18n.tsv#52/zhCN	manual-semantic-reviewed	unknown	magica/research/totentanz-full-localization-20260817/engine-i18n/final-root-review-20260819/engine_unknown_212_root_review_sidecar.json#ENG-052;literal exists in official CN native evidence but pairing was not assumed; root review approves current value;origin_machine_translated=unknown	false	root-row-by-row-semantic-review	root-reviewed-approved	アクセル		manual-semantic-reviewed	final-root-review-20260819	ENG-052	HiiragiNemu project root semantic review	false	true; legacy client reads <files>/madomagi/engine_i18n.tsv	manual-semantic-reviewed	Accele	root-reviewed-approved	medium	root_reviewed_engine_translation	root-reviewed-approved	magica/research/totentanz-full-localization-20260817/engine-i18n/final-root-review-20260819/engine_unknown_212_root_review_sidecar.json#ENG-052;literal exists in official CN native evidence but pairing was not assumed; root review approves current value;origin_machine_translated=unknown	origin_machine_translated=unknown; the historical origin remains explicit; the current value received row-by-row root review and does not inherit an official/Wiki label unless exact dual-ABI evidence is recorded.
MT-00574	engine_runtime_i18n_root_reviewed	native_engine_i18n	madomagi/engine_i18n.tsv	53	zhCN	ブラスト	Blast	Blast	madomagi/engine_i18n.tsv#53/zhCN	manual-semantic-reviewed	unknown	magica/research/totentanz-full-localization-20260817/engine-i18n/final-root-review-20260819/engine_unknown_212_root_review_sidecar.json#ENG-053;literal exists in official CN native evidence but pairing was not assumed; root review approves current value;origin_machine_translated=unknown	false	root-row-by-row-semantic-review	root-reviewed-approved	ブラスト		manual-semantic-reviewed	final-root-review-20260819	ENG-053	HiiragiNemu project root semantic review	false	true; legacy client reads <files>/madomagi/engine_i18n.tsv	manual-semantic-reviewed	Blast	root-reviewed-approved	medium	root_reviewed_engine_translation	root-reviewed-approved	magica/research/totentanz-full-localization-20260817/engine-i18n/final-root-review-20260819/engine_unknown_212_root_review_sidecar.json#ENG-053;literal exists in official CN native evidence but pairing was not assumed; root review approves current value;origin_machine_translated=unknown	origin_machine_translated=unknown; the historical origin remains explicit; the current value received row-by-row root review and does not inherit an official/Wiki label unless exact dual-ABI evidence is recorded.
MT-00575	engine_runtime_i18n_root_reviewed	native_engine_i18n	madomagi/engine_i18n.tsv	54	zhCN	チャージ	Charge	Charge	madomagi/engine_i18n.tsv#54/zhCN	manual-semantic-reviewed	unknown	magica/research/totentanz-full-localization-20260817/engine-i18n/final-root-review-20260819/engine_unknown_212_root_review_sidecar.json#ENG-054;literal exists in official CN native evidence but pairing was not assumed; root review approves current value;origin_machine_translated=unknown	false	root-row-by-row-semantic-review	root-reviewed-approved	チャージ		manual-semantic-reviewed	final-root-review-20260819	ENG-054	HiiragiNemu project root semantic review	false	true; legacy client reads <files>/madomagi/engine_i18n.tsv	manual-semantic-reviewed	Charge	root-reviewed-approved	medium	root_reviewed_engine_translation	root-reviewed-approved	magica/research/totentanz-full-localization-20260817/engine-i18n/final-root-review-20260819/engine_unknown_212_root_review_sidecar.json#ENG-054;literal exists in official CN native evidence but pairing was not assumed; root review approves current value;origin_machine_translated=unknown	origin_machine_translated=unknown; the historical origin remains explicit; the current value received row-by-row root review and does not inherit an official/Wiki label unless exact dual-ABI evidence is recorded.
MT-00576	engine_runtime_i18n_root_reviewed	native_engine_i18n	madomagi/engine_i18n.tsv	55	zhCN	マギア	Magia	Magia	madomagi/engine_i18n.tsv#55/zhCN	manual-semantic-reviewed	unknown	magica/research/totentanz-full-localization-20260817/engine-i18n/final-root-review-20260819/engine_unknown_212_root_review_sidecar.json#ENG-055;literal exists in official CN native evidence but pairing was not assumed; root review approves current value;origin_machine_translated=unknown	false	root-row-by-row-semantic-review	root-reviewed-approved	マギア		manual-semantic-reviewed	final-root-review-20260819	ENG-055	HiiragiNemu project root semantic review	false	true; legacy client reads <files>/madomagi/engine_i18n.tsv	manual-semantic-reviewed	Magia	root-reviewed-approved	medium	root_reviewed_engine_translation	root-reviewed-approved	magica/research/totentanz-full-localization-20260817/engine-i18n/final-root-review-20260819/engine_unknown_212_root_review_sidecar.json#ENG-055;literal exists in official CN native evidence but pairing was not assumed; root review approves current value;origin_machine_translated=unknown	origin_machine_translated=unknown; the historical origin remains explicit; the current value received row-by-row root review and does not inherit an official/Wiki label unless exact dual-ABI evidence is recorded.
MT-00577	engine_runtime_i18n_root_reviewed	native_engine_i18n	madomagi/engine_i18n.tsv	58	zhCN	MPブーストUp	MP增幅	MP增幅	madomagi/engine_i18n.tsv#58/zhCN	manual-semantic-reviewed	unknown	magica/research/totentanz-full-localization-20260817/engine-i18n/root-reviewed-term-closure.json#ENGINE-058;日文源键=MPブーストUp；旧国服术语使用“提升/下降”而非UP/DOWN。;C:\Users\proje\Documents\Codex\2026-08-06\https-github-com-hiiraginemu-magireco-wiki-3\work\next_round_execution_20260819\engine_root_review_apply_40\engine_root_review_40_verification.json	false	official-cn-terminology-plus-source-context	root-reviewed-approved	MPブーストUp		manual-semantic-reviewed	root-reviewed-term-closure	ENGINE-058	HiiragiNemu project root semantic review	false	true; legacy client reads <files>/madomagi/engine_i18n.tsv	manual-semantic-reviewed	MP增幅	root-reviewed-approved	medium	root_reviewed_engine_translation	root-reviewed-approved	magica/research/totentanz-full-localization-20260817/engine-i18n/root-reviewed-term-closure.json#ENGINE-058;日文源键=MPブーストUp；旧国服术语使用“提升/下降”而非UP/DOWN。;C:\Users\proje\Documents\Codex\2026-08-06\https-github-com-hiiraginemu-magireco-wiki-3\work\next_round_execution_20260819\engine_root_review_apply_40\engine_root_review_40_verification.json	Root semantic review accepted the visible source-key context; official CN terminology guides UP/DOWN and UI wording without claiming a whole-string official match.
MT-00578	engine_runtime_i18n_root_reviewed	native_engine_i18n	madomagi/engine_i18n.tsv	59	zhCN	ドッペル	魔女化身	魔女化身	madomagi/engine_i18n.tsv#59/zhCN	manual-semantic-reviewed	unknown	magica/research/totentanz-full-localization-20260817/engine-i18n/final-root-review-20260819/engine_unknown_212_root_review_sidecar.json#ENG-059;literal exists in official CN native evidence but pairing was not assumed; root review approves current value;origin_machine_translated=unknown	false	root-row-by-row-semantic-review	root-reviewed-approved	ドッペル		manual-semantic-reviewed	final-root-review-20260819	ENG-059	HiiragiNemu project root semantic review	false	true; legacy client reads <files>/madomagi/engine_i18n.tsv	manual-semantic-reviewed	魔女化身	root-reviewed-approved	medium	root_reviewed_engine_translation	root-reviewed-approved	magica/research/totentanz-full-localization-20260817/engine-i18n/final-root-review-20260819/engine_unknown_212_root_review_sidecar.json#ENG-059;literal exists in official CN native evidence but pairing was not assumed; root review approves current value;origin_machine_translated=unknown	origin_machine_translated=unknown; the historical origin remains explicit; the current value received row-by-row root review and does not inherit an official/Wiki label unless exact dual-ABI evidence is recorded.
MT-00579	engine_runtime_i18n_root_reviewed	native_engine_i18n	madomagi/engine_i18n.tsv	60	zhCN	チャージ後攻撃弱点	Charge后攻击弱点	Charge后攻击弱点	madomagi/engine_i18n.tsv#60/zhCN	manual-semantic-reviewed	unknown	magica/research/totentanz-full-localization-20260817/engine-i18n/final-root-review-20260819/engine_unknown_212_root_review_sidecar.json#ENG-060;literal exists in official CN native evidence but pairing was not assumed; root review approves current value;origin_machine_translated=unknown	false	root-row-by-row-semantic-review	root-reviewed-approved	チャージ後攻撃弱点		manual-semantic-reviewed	final-root-review-20260819	ENG-060	HiiragiNemu project root semantic review	false	true; legacy client reads <files>/madomagi/engine_i18n.tsv	manual-semantic-reviewed	Charge后攻击弱点	root-reviewed-approved	medium	root_reviewed_engine_translation	root-reviewed-approved	magica/research/totentanz-full-localization-20260817/engine-i18n/final-root-review-20260819/engine_unknown_212_root_review_sidecar.json#ENG-060;literal exists in official CN native evidence but pairing was not assumed; root review approves current value;origin_machine_translated=unknown	origin_machine_translated=unknown; the historical origin remains explicit; the current value received row-by-row root review and does not inherit an official/Wiki label unless exact dual-ABI evidence is recorded.
MT-00580	engine_runtime_i18n_root_reviewed	native_engine_i18n	madomagi/engine_i18n.tsv	61	zhCN	被ダメージ上昇	受到伤害提升	受到伤害提升	madomagi/engine_i18n.tsv#61/zhCN	manual-semantic-reviewed	unknown	magica/research/totentanz-full-localization-20260817/engine-i18n/final-root-review-20260819/engine_unknown_212_root_review_sidecar.json#ENG-061;prior semantic pass plus current row review; provenance remains manual-semantic-reviewed;origin_machine_translated=unknown	false	root-row-by-row-semantic-review	root-reviewed-approved	被ダメージ上昇		manual-semantic-reviewed	final-root-review-20260819	ENG-061	HiiragiNemu project root semantic review	false	true; legacy client reads <files>/madomagi/engine_i18n.tsv	manual-semantic-reviewed	受到伤害提升	root-reviewed-approved	medium	root_reviewed_engine_translation	root-reviewed-approved	magica/research/totentanz-full-localization-20260817/engine-i18n/final-root-review-20260819/engine_unknown_212_root_review_sidecar.json#ENG-061;prior semantic pass plus current row review; provenance remains manual-semantic-reviewed;origin_machine_translated=unknown	origin_machine_translated=unknown; the historical origin remains explicit; the current value received row-by-row root review and does not inherit an official/Wiki label unless exact dual-ABI evidence is recorded.
MT-00581	engine_runtime_i18n_root_reviewed	native_engine_i18n	madomagi/engine_i18n.tsv	63	zhCN	フィールド	场地	场地	madomagi/engine_i18n.tsv#63/zhCN	manual-semantic-reviewed	unknown	magica/research/totentanz-full-localization-20260817/engine-i18n/final-root-review-20260819/engine_unknown_212_root_review_sidecar.json#ENG-063;prior semantic pass plus current row review; provenance remains manual-semantic-reviewed;origin_machine_translated=unknown	false	root-row-by-row-semantic-review	root-reviewed-approved	フィールド		manual-semantic-reviewed	final-root-review-20260819	ENG-063	HiiragiNemu project root semantic review	false	true; legacy client reads <files>/madomagi/engine_i18n.tsv	manual-semantic-reviewed	场地	root-reviewed-approved	medium	root_reviewed_engine_translation	root-reviewed-approved	magica/research/totentanz-full-localization-20260817/engine-i18n/final-root-review-20260819/engine_unknown_212_root_review_sidecar.json#ENG-063;prior semantic pass plus current row review; provenance remains manual-semantic-reviewed;origin_machine_translated=unknown	origin_machine_translated=unknown; the historical origin remains explicit; the current value received row-by-row root review and does not inherit an official/Wiki label unless exact dual-ABI evidence is recorded.
MT-00582	engine_runtime_i18n_root_reviewed	native_engine_i18n	madomagi/engine_i18n.tsv	64	zhCN	マギアストーン5個を消費して\n魔法少女のHPを全回復しますか？	消耗5个魔法石，\n要全部回复魔法少女的HP吗？	消耗5个魔法石，\n要全部回复魔法少女的HP吗？	madomagi/engine_i18n.tsv#64/zhCN	manual-semantic-reviewed	unknown	magica/research/totentanz-full-localization-20260817/engine-i18n/final-root-review-20260819/engine_unknown_212_root_review_sidecar.json#ENG-064;prior semantic pass plus current row review; provenance remains manual-semantic-reviewed;origin_machine_translated=unknown	false	root-row-by-row-semantic-review	root-reviewed-approved	マギアストーン5個を消費して\n魔法少女のHPを全回復しますか？		manual-semantic-reviewed	final-root-review-20260819	ENG-064	HiiragiNemu project root semantic review	false	true; legacy client reads <files>/madomagi/engine_i18n.tsv	manual-semantic-reviewed	消耗5个魔法石，\n要全部回复魔法少女的HP吗？	root-reviewed-approved	medium	root_reviewed_engine_translation	root-reviewed-approved	magica/research/totentanz-full-localization-20260817/engine-i18n/final-root-review-20260819/engine_unknown_212_root_review_sidecar.json#ENG-064;prior semantic pass plus current row review; provenance remains manual-semantic-reviewed;origin_machine_translated=unknown	origin_machine_translated=unknown; the historical origin remains explicit; the current value received row-by-row root review and does not inherit an official/Wiki label unless exact dual-ABI evidence is recorded.
MT-00583	engine_runtime_i18n_root_reviewed	native_engine_i18n	madomagi/engine_i18n.tsv	65	zhCN	決定後、すぐにアイテムが購入されマギアストーンが消費されます。\nマギアストーンは無償分から先に消費され、決定後のキャンセルはできません。	确定后将立即购买道具并消耗魔法石。\n魔法石优先消耗免费部分，确定后无法取消。	确定后将立即购买道具并消耗魔法石。\n魔法石优先消耗免费部分，确定后无法取消。	madomagi/engine_i18n.tsv#65/zhCN	manual-semantic-reviewed	unknown	magica/research/totentanz-full-localization-20260817/engine-i18n/final-root-review-20260819/engine_unknown_212_root_review_sidecar.json#ENG-065;prior semantic pass plus current row review; provenance remains manual-semantic-reviewed;origin_machine_translated=unknown	false	root-row-by-row-semantic-review	root-reviewed-approved	決定後、すぐにアイテムが購入されマギアストーンが消費されます。\nマギアストーンは無償分から先に消費され、決定後のキャンセルはできません。		manual-semantic-reviewed	final-root-review-20260819	ENG-065	HiiragiNemu project root semantic review	false	true; legacy client reads <files>/madomagi/engine_i18n.tsv	manual-semantic-reviewed	确定后将立即购买道具并消耗魔法石。\n魔法石优先消耗免费部分，确定后无法取消。	root-reviewed-approved	medium	root_reviewed_engine_translation	root-reviewed-approved	magica/research/totentanz-full-localization-20260817/engine-i18n/final-root-review-20260819/engine_unknown_212_root_review_sidecar.json#ENG-065;prior semantic pass plus current row review; provenance remains manual-semantic-reviewed;origin_machine_translated=unknown	origin_machine_translated=unknown; the historical origin remains explicit; the current value received row-by-row root review and does not inherit an official/Wiki label unless exact dual-ABI evidence is recorded.
MT-00584	engine_runtime_i18n_root_reviewed	native_engine_i18n	madomagi/engine_i18n.tsv	67	zhCN	マギア・スキルを所持しておりません。	未持有Magia·技能。	未持有Magia·技能。	madomagi/engine_i18n.tsv#67/zhCN	manual-semantic-reviewed	unknown	magica/research/totentanz-full-localization-20260817/engine-i18n/final-root-review-20260819/engine_unknown_212_root_review_sidecar.json#ENG-067;prior semantic pass plus current row review; provenance remains manual-semantic-reviewed;origin_machine_translated=unknown	false	root-row-by-row-semantic-review	root-reviewed-approved	マギア・スキルを所持しておりません。		manual-semantic-reviewed	final-root-review-20260819	ENG-067	HiiragiNemu project root semantic review	false	true; legacy client reads <files>/madomagi/engine_i18n.tsv	manual-semantic-reviewed	未持有Magia·技能。	root-reviewed-approved	medium	root_reviewed_engine_translation	root-reviewed-approved	magica/research/totentanz-full-localization-20260817/engine-i18n/final-root-review-20260819/engine_unknown_212_root_review_sidecar.json#ENG-067;prior semantic pass plus current row review; provenance remains manual-semantic-reviewed;origin_machine_translated=unknown	origin_machine_translated=unknown; the historical origin remains explicit; the current value received row-by-row root review and does not inherit an official/Wiki label unless exact dual-ABI evidence is recorded.
MT-00585	engine_runtime_i18n_root_reviewed	native_engine_i18n	madomagi/engine_i18n.tsv	68	zhCN	発動する	发动	发动	madomagi/engine_i18n.tsv#68/zhCN	manual-semantic-reviewed	unknown	magica/research/totentanz-full-localization-20260817/engine-i18n/final-root-review-20260819/engine_unknown_212_root_review_sidecar.json#ENG-068;literal exists in official CN native evidence but pairing was not assumed; root review approves current value;origin_machine_translated=unknown	false	root-row-by-row-semantic-review	root-reviewed-approved	発動する		manual-semantic-reviewed	final-root-review-20260819	ENG-068	HiiragiNemu project root semantic review	false	true; legacy client reads <files>/madomagi/engine_i18n.tsv	manual-semantic-reviewed	发动	root-reviewed-approved	medium	root_reviewed_engine_translation	root-reviewed-approved	magica/research/totentanz-full-localization-20260817/engine-i18n/final-root-review-20260819/engine_unknown_212_root_review_sidecar.json#ENG-068;literal exists in official CN native evidence but pairing was not assumed; root review approves current value;origin_machine_translated=unknown	origin_machine_translated=unknown; the historical origin remains explicit; the current value received row-by-row root review and does not inherit an official/Wiki label unless exact dual-ABI evidence is recorded.
MT-00586	engine_runtime_i18n_root_reviewed	native_engine_i18n	madomagi/engine_i18n.tsv	69	zhCN	あと 	还有	还有	madomagi/engine_i18n.tsv#69/zhCN	manual-semantic-reviewed	unknown	magica/research/totentanz-full-localization-20260817/engine-i18n/final-root-review-20260819/engine_unknown_212_root_review_sidecar.json#ENG-069;literal exists in official CN native evidence but pairing was not assumed; root review approves current value;origin_machine_translated=unknown	false	root-row-by-row-semantic-review	root-reviewed-approved	あと 		manual-semantic-reviewed	final-root-review-20260819	ENG-069	HiiragiNemu project root semantic review	false	true; legacy client reads <files>/madomagi/engine_i18n.tsv	manual-semantic-reviewed	还有	root-reviewed-approved	medium	root_reviewed_engine_translation	root-reviewed-approved	magica/research/totentanz-full-localization-20260817/engine-i18n/final-root-review-20260819/engine_unknown_212_root_review_sidecar.json#ENG-069;literal exists in official CN native evidence but pairing was not assumed; root review approves current value;origin_machine_translated=unknown	origin_machine_translated=unknown; the historical origin remains explicit; the current value received row-by-row root review and does not inherit an official/Wiki label unless exact dual-ABI evidence is recorded.
MT-00587	engine_runtime_i18n_root_reviewed	native_engine_i18n	madomagi/engine_i18n.tsv	70	zhCN	エントリー	报名	报名	madomagi/engine_i18n.tsv#70/zhCN	manual-semantic-reviewed	unknown	magica/research/totentanz-full-localization-20260817/engine-i18n/final-root-review-20260819/engine_unknown_212_root_review_sidecar.json#ENG-070;prior semantic pass plus current row review; provenance remains manual-semantic-reviewed;origin_machine_translated=unknown	false	root-row-by-row-semantic-review	root-reviewed-approved	エントリー		manual-semantic-reviewed	final-root-review-20260819	ENG-070	HiiragiNemu project root semantic review	false	true; legacy client reads <files>/madomagi/engine_i18n.tsv	manual-semantic-reviewed	报名	root-reviewed-approved	medium	root_reviewed_engine_translation	root-reviewed-approved	magica/research/totentanz-full-localization-20260817/engine-i18n/final-root-review-20260819/engine_unknown_212_root_review_sidecar.json#ENG-070;prior semantic pass plus current row review; provenance remains manual-semantic-reviewed;origin_machine_translated=unknown	origin_machine_translated=unknown; the historical origin remains explicit; the current value received row-by-row root review and does not inherit an official/Wiki label unless exact dual-ABI evidence is recorded.
MT-00588	engine_runtime_i18n_root_reviewed	native_engine_i18n	madomagi/engine_i18n.tsv	71	zhCN	エントリー中	报名中	报名中	madomagi/engine_i18n.tsv#71/zhCN	manual-semantic-reviewed	unknown	magica/research/totentanz-full-localization-20260817/engine-i18n/final-root-review-20260819/engine_unknown_212_root_review_sidecar.json#ENG-071;prior semantic pass plus current row review; provenance remains manual-semantic-reviewed;origin_machine_translated=unknown	false	root-row-by-row-semantic-review	root-reviewed-approved	エントリー中		manual-semantic-reviewed	final-root-review-20260819	ENG-071	HiiragiNemu project root semantic review	false	true; legacy client reads <files>/madomagi/engine_i18n.tsv	manual-semantic-reviewed	报名中	root-reviewed-approved	medium	root_reviewed_engine_translation	root-reviewed-approved	magica/research/totentanz-full-localization-20260817/engine-i18n/final-root-review-20260819/engine_unknown_212_root_review_sidecar.json#ENG-071;prior semantic pass plus current row review; provenance remains manual-semantic-reviewed;origin_machine_translated=unknown	origin_machine_translated=unknown; the historical origin remains explicit; the current value received row-by-row root review and does not inherit an official/Wiki label unless exact dual-ABI evidence is recorded.
MT-00589	engine_runtime_i18n_root_reviewed	native_engine_i18n	madomagi/engine_i18n.tsv	72	zhCN	スキル：	技能：	技能：	madomagi/engine_i18n.tsv#72/zhCN	manual-semantic-reviewed	unknown	magica/research/totentanz-full-localization-20260817/engine-i18n/final-root-review-20260819/engine_unknown_212_root_review_sidecar.json#ENG-072;literal exists in official CN native evidence but pairing was not assumed; root review approves current value;origin_machine_translated=unknown	false	root-row-by-row-semantic-review	root-reviewed-approved	スキル：		manual-semantic-reviewed	final-root-review-20260819	ENG-072	HiiragiNemu project root semantic review	false	true; legacy client reads <files>/madomagi/engine_i18n.tsv	manual-semantic-reviewed	技能：	root-reviewed-approved	medium	root_reviewed_engine_translation	root-reviewed-approved	magica/research/totentanz-full-localization-20260817/engine-i18n/final-root-review-20260819/engine_unknown_212_root_review_sidecar.json#ENG-072;literal exists in official CN native evidence but pairing was not assumed; root review approves current value;origin_machine_translated=unknown	origin_machine_translated=unknown; the historical origin remains explicit; the current value received row-by-row root review and does not inherit an official/Wiki label unless exact dual-ABI evidence is recorded.
MT-00590	engine_runtime_i18n_root_reviewed	native_engine_i18n	madomagi/engine_i18n.tsv	73	zhCN	マギア：	Magia：	Magia：	madomagi/engine_i18n.tsv#73/zhCN	manual-semantic-reviewed	unknown	magica/research/totentanz-full-localization-20260817/engine-i18n/final-root-review-20260819/engine_unknown_212_root_review_sidecar.json#ENG-073;literal exists in official CN native evidence but pairing was not assumed; root review approves current value;origin_machine_translated=unknown	false	root-row-by-row-semantic-review	root-reviewed-approved	マギア：		manual-semantic-reviewed	final-root-review-20260819	ENG-073	HiiragiNemu project root semantic review	false	true; legacy client reads <files>/madomagi/engine_i18n.tsv	manual-semantic-reviewed	Magia：	root-reviewed-approved	medium	root_reviewed_engine_translation	root-reviewed-approved	magica/research/totentanz-full-localization-20260817/engine-i18n/final-root-review-20260819/engine_unknown_212_root_review_sidecar.json#ENG-073;literal exists in official CN native evidence but pairing was not assumed; root review approves current value;origin_machine_translated=unknown	origin_machine_translated=unknown; the historical origin remains explicit; the current value received row-by-row root review and does not inherit an official/Wiki label unless exact dual-ABI evidence is recorded.
MT-00591	engine_runtime_i18n_root_reviewed	native_engine_i18n	madomagi/engine_i18n.tsv	74	zhCN	ドッペル：	魔女化身：	魔女化身：	madomagi/engine_i18n.tsv#74/zhCN	manual-semantic-reviewed	unknown	magica/research/totentanz-full-localization-20260817/engine-i18n/final-root-review-20260819/engine_unknown_212_root_review_sidecar.json#ENG-074;literal exists in official CN native evidence but pairing was not assumed; root review approves current value;origin_machine_translated=unknown	false	root-row-by-row-semantic-review	root-reviewed-approved	ドッペル：		manual-semantic-reviewed	final-root-review-20260819	ENG-074	HiiragiNemu project root semantic review	false	true; legacy client reads <files>/madomagi/engine_i18n.tsv	manual-semantic-reviewed	魔女化身：	root-reviewed-approved	medium	root_reviewed_engine_translation	root-reviewed-approved	magica/research/totentanz-full-localization-20260817/engine-i18n/final-root-review-20260819/engine_unknown_212_root_review_sidecar.json#ENG-074;literal exists in official CN native evidence but pairing was not assumed; root review approves current value;origin_machine_translated=unknown	origin_machine_translated=unknown; the historical origin remains explicit; the current value received row-by-row root review and does not inherit an official/Wiki label unless exact dual-ABI evidence is recorded.
MT-00592	engine_runtime_i18n_root_reviewed	native_engine_i18n	madomagi/engine_i18n.tsv	75	zhCN	マギアUp	Magia提升	Magia提升	madomagi/engine_i18n.tsv#75/zhCN	manual-semantic-reviewed	unknown	magica/research/totentanz-full-localization-20260817/engine-i18n/root-reviewed-term-closure.json#ENGINE-075;日文源键=マギアUp；旧国服术语使用“提升/下降”而非UP/DOWN。;C:\Users\proje\Documents\Codex\2026-08-06\https-github-com-hiiraginemu-magireco-wiki-3\work\next_round_execution_20260819\engine_root_review_apply_40\engine_root_review_40_verification.json	false	official-cn-terminology-plus-source-context	root-reviewed-approved	マギアUp		manual-semantic-reviewed	root-reviewed-term-closure	ENGINE-075	HiiragiNemu project root semantic review	false	true; legacy client reads <files>/madomagi/engine_i18n.tsv	manual-semantic-reviewed	Magia提升	root-reviewed-approved	medium	root_reviewed_engine_translation	root-reviewed-approved	magica/research/totentanz-full-localization-20260817/engine-i18n/root-reviewed-term-closure.json#ENGINE-075;日文源键=マギアUp；旧国服术语使用“提升/下降”而非UP/DOWN。;C:\Users\proje\Documents\Codex\2026-08-06\https-github-com-hiiraginemu-magireco-wiki-3\work\next_round_execution_20260819\engine_root_review_apply_40\engine_root_review_40_verification.json	Root semantic review accepted the visible source-key context; official CN terminology guides UP/DOWN and UI wording without claiming a whole-string official match.
MT-00593	engine_runtime_i18n_root_reviewed	native_engine_i18n	madomagi/engine_i18n.tsv	76	zhCN	マギアによるダメージが上昇	Magia伤害提升	Magia伤害提升	madomagi/engine_i18n.tsv#76/zhCN	manual-semantic-reviewed	unknown	magica/research/totentanz-full-localization-20260817/engine-i18n/final-root-review-20260819/engine_unknown_212_root_review_sidecar.json#ENG-076;prior semantic pass plus current row review; provenance remains manual-semantic-reviewed;origin_machine_translated=unknown	false	root-row-by-row-semantic-review	root-reviewed-approved	マギアによるダメージが上昇		manual-semantic-reviewed	final-root-review-20260819	ENG-076	HiiragiNemu project root semantic review	false	true; legacy client reads <files>/madomagi/engine_i18n.tsv	manual-semantic-reviewed	Magia伤害提升	root-reviewed-approved	medium	root_reviewed_engine_translation	root-reviewed-approved	magica/research/totentanz-full-localization-20260817/engine-i18n/final-root-review-20260819/engine_unknown_212_root_review_sidecar.json#ENG-076;prior semantic pass plus current row review; provenance remains manual-semantic-reviewed;origin_machine_translated=unknown	origin_machine_translated=unknown; the historical origin remains explicit; the current value received row-by-row root review and does not inherit an official/Wiki label unless exact dual-ABI evidence is recorded.
MT-00594	engine_runtime_i18n_root_reviewed	native_engine_i18n	madomagi/engine_i18n.tsv	77	zhCN	悪い状態にかかる確率が減少	陷入状态异常的概率降低	陷入状态异常的概率降低	madomagi/engine_i18n.tsv#77/zhCN	manual-semantic-reviewed	unknown	magica/research/totentanz-full-localization-20260817/engine-i18n/root-reviewed-semantic-corrections.json#ENG-077;D:/magia/MyProducts/MAGIA RECORD CN/Full_Raw_Dump_V2 (corpus literal count 1674); official term=状态异常; count=1674; not claimed as whole-string stable-ID match;C:\Users\proje\Documents\Codex\2026-08-06\https-github-com-hiiraginemu-magireco-wiki-3\work\next_round_execution_20260819\engine_unknown_256_semantic_apply_35\engine_semantic_35_verification.json	false	official-cn-terminology-plus-source-context	root-reviewed-approved	悪い状態にかかる確率が減少		manual-semantic-reviewed	root-reviewed-term-closure	ENG-077	HiiragiNemu project root semantic review	false	true; legacy client reads <files>/madomagi/engine_i18n.tsv	manual-semantic-reviewed	陷入状态异常的概率降低	root-reviewed-approved	medium	root_reviewed_engine_translation	root-reviewed-approved	magica/research/totentanz-full-localization-20260817/engine-i18n/root-reviewed-semantic-corrections.json#ENG-077;D:/magia/MyProducts/MAGIA RECORD CN/Full_Raw_Dump_V2 (corpus literal count 1674); official term=状态异常; count=1674; not claimed as whole-string stable-ID match;C:\Users\proje\Documents\Codex\2026-08-06\https-github-com-hiiraginemu-magireco-wiki-3\work\next_round_execution_20260819\engine_unknown_256_semantic_apply_35\engine_semantic_35_verification.json	采用旧国服高频术语，并按日文源键补足中文语序；不冒充整句官中。
MT-00595	engine_runtime_i18n_root_reviewed	native_engine_i18n	madomagi/engine_i18n.tsv	78	zhCN	アクセルUp	Accele提升	Accele提升	madomagi/engine_i18n.tsv#78/zhCN	manual-semantic-reviewed	unknown	magica/research/totentanz-full-localization-20260817/engine-i18n/root-reviewed-term-closure.json#ENGINE-078;日文源键=アクセルUp；旧国服术语使用“提升/下降”而非UP/DOWN。;C:\Users\proje\Documents\Codex\2026-08-06\https-github-com-hiiraginemu-magireco-wiki-3\work\next_round_execution_20260819\engine_root_review_apply_40\engine_root_review_40_verification.json	false	official-cn-terminology-plus-source-context	root-reviewed-approved	アクセルUp		manual-semantic-reviewed	root-reviewed-term-closure	ENGINE-078	HiiragiNemu project root semantic review	false	true; legacy client reads <files>/madomagi/engine_i18n.tsv	manual-semantic-reviewed	Accele提升	root-reviewed-approved	medium	root_reviewed_engine_translation	root-reviewed-approved	magica/research/totentanz-full-localization-20260817/engine-i18n/root-reviewed-term-closure.json#ENGINE-078;日文源键=アクセルUp；旧国服术语使用“提升/下降”而非UP/DOWN。;C:\Users\proje\Documents\Codex\2026-08-06\https-github-com-hiiraginemu-magireco-wiki-3\work\next_round_execution_20260819\engine_root_review_apply_40\engine_root_review_40_verification.json	Root semantic review accepted the visible source-key context; official CN terminology guides UP/DOWN and UI wording without claiming a whole-string official match.
MT-00596	engine_runtime_i18n_root_reviewed	native_engine_i18n	madomagi/engine_i18n.tsv	79	zhCN	アクセルディスク使用時のマギアゲージ獲得量が上昇	使用Accele圆盘时的MP获得量提升	使用Accele圆盘时的MP获得量提升	madomagi/engine_i18n.tsv#79/zhCN	manual-semantic-reviewed	unknown	magica/research/totentanz-full-localization-20260817/engine-i18n/root-reviewed-semantic-corrections.json#ENG-079;D:/magia/MyProducts/MAGIA RECORD CN/Full_Raw_Dump_V2 (corpus literal count 2119); official term=MP获得量提升; count=2119; not claimed as whole-string stable-ID match;C:\Users\proje\Documents\Codex\2026-08-06\https-github-com-hiiraginemu-magireco-wiki-3\work\next_round_execution_20260819\engine_unknown_256_semantic_apply_35\engine_semantic_35_verification.json	false	official-cn-terminology-plus-source-context	root-reviewed-approved	アクセルディスク使用時のマギアゲージ獲得量が上昇		manual-semantic-reviewed	root-reviewed-term-closure	ENG-079	HiiragiNemu project root semantic review	false	true; legacy client reads <files>/madomagi/engine_i18n.tsv	manual-semantic-reviewed	使用Accele圆盘时的MP获得量提升	root-reviewed-approved	medium	root_reviewed_engine_translation	root-reviewed-approved	magica/research/totentanz-full-localization-20260817/engine-i18n/root-reviewed-semantic-corrections.json#ENG-079;D:/magia/MyProducts/MAGIA RECORD CN/Full_Raw_Dump_V2 (corpus literal count 2119); official term=MP获得量提升; count=2119; not claimed as whole-string stable-ID match;C:\Users\proje\Documents\Codex\2026-08-06\https-github-com-hiiraginemu-magireco-wiki-3\work\next_round_execution_20260819\engine_unknown_256_semantic_apply_35\engine_semantic_35_verification.json	采用旧国服高频术语，并按日文源键补足中文语序；不冒充整句官中。
MT-00597	engine_runtime_i18n_root_reviewed	native_engine_i18n	madomagi/engine_i18n.tsv	80	zhCN	チャージUp	Charge提升	Charge提升	madomagi/engine_i18n.tsv#80/zhCN	manual-semantic-reviewed	unknown	magica/research/totentanz-full-localization-20260817/engine-i18n/root-reviewed-term-closure.json#ENGINE-080;日文源键=チャージUp；旧国服术语使用“提升/下降”而非UP/DOWN。;C:\Users\proje\Documents\Codex\2026-08-06\https-github-com-hiiraginemu-magireco-wiki-3\work\next_round_execution_20260819\engine_root_review_apply_40\engine_root_review_40_verification.json	false	official-cn-terminology-plus-source-context	root-reviewed-approved	チャージUp		manual-semantic-reviewed	root-reviewed-term-closure	ENGINE-080	HiiragiNemu project root semantic review	false	true; legacy client reads <files>/madomagi/engine_i18n.tsv	manual-semantic-reviewed	Charge提升	root-reviewed-approved	medium	root_reviewed_engine_translation	root-reviewed-approved	magica/research/totentanz-full-localization-20260817/engine-i18n/root-reviewed-term-closure.json#ENGINE-080;日文源键=チャージUp；旧国服术语使用“提升/下降”而非UP/DOWN。;C:\Users\proje\Documents\Codex\2026-08-06\https-github-com-hiiraginemu-magireco-wiki-3\work\next_round_execution_20260819\engine_root_review_apply_40\engine_root_review_40_verification.json	Root semantic review accepted the visible source-key context; official CN terminology guides UP/DOWN and UI wording without claiming a whole-string official match.
MT-00598	engine_runtime_i18n_root_reviewed	native_engine_i18n	madomagi/engine_i18n.tsv	81	zhCN	チャージを消費した際のダメージが上昇	消耗Charge时伤害提升	消耗Charge时伤害提升	madomagi/engine_i18n.tsv#81/zhCN	manual-semantic-reviewed	unknown	magica/research/totentanz-full-localization-20260817/engine-i18n/final-root-review-20260819/engine_unknown_212_root_review_sidecar.json#ENG-081;prior semantic pass plus current row review; provenance remains manual-semantic-reviewed;origin_machine_translated=unknown	false	root-row-by-row-semantic-review	root-reviewed-approved	チャージを消費した際のダメージが上昇		manual-semantic-reviewed	final-root-review-20260819	ENG-081	HiiragiNemu project root semantic review	false	true; legacy client reads <files>/madomagi/engine_i18n.tsv	manual-semantic-reviewed	消耗Charge时伤害提升	root-reviewed-approved	medium	root_reviewed_engine_translation	root-reviewed-approved	magica/research/totentanz-full-localization-20260817/engine-i18n/final-root-review-20260819/engine_unknown_212_root_review_sidecar.json#ENG-081;prior semantic pass plus current row review; provenance remains manual-semantic-reviewed;origin_machine_translated=unknown	origin_machine_translated=unknown; the historical origin remains explicit; the current value received row-by-row root review and does not inherit an official/Wiki label unless exact dual-ABI evidence is recorded.
MT-00599	engine_runtime_i18n_root_reviewed	native_engine_i18n	madomagi/engine_i18n.tsv	82	zhCN	ブラストUp	Blast提升	Blast提升	madomagi/engine_i18n.tsv#82/zhCN	manual-semantic-reviewed	unknown	magica/research/totentanz-full-localization-20260817/engine-i18n/root-reviewed-term-closure.json#ENGINE-082;日文源键=ブラストUp；旧国服术语使用“提升/下降”而非UP/DOWN。;C:\Users\proje\Documents\Codex\2026-08-06\https-github-com-hiiraginemu-magireco-wiki-3\work\next_round_execution_20260819\engine_root_review_apply_40\engine_root_review_40_verification.json	false	official-cn-terminology-plus-source-context	root-reviewed-approved	ブラストUp		manual-semantic-reviewed	root-reviewed-term-closure	ENGINE-082	HiiragiNemu project root semantic review	false	true; legacy client reads <files>/madomagi/engine_i18n.tsv	manual-semantic-reviewed	Blast提升	root-reviewed-approved	medium	root_reviewed_engine_translation	root-reviewed-approved	magica/research/totentanz-full-localization-20260817/engine-i18n/root-reviewed-term-closure.json#ENGINE-082;日文源键=ブラストUp；旧国服术语使用“提升/下降”而非UP/DOWN。;C:\Users\proje\Documents\Codex\2026-08-06\https-github-com-hiiraginemu-magireco-wiki-3\work\next_round_execution_20260819\engine_root_review_apply_40\engine_root_review_40_verification.json	Root semantic review accepted the visible source-key context; official CN terminology guides UP/DOWN and UI wording without claiming a whole-string official match.
MT-00600	engine_runtime_i18n_root_reviewed	native_engine_i18n	madomagi/engine_i18n.tsv	84	zhCN	攻撃力が減少	攻击力下降	攻击力下降	madomagi/engine_i18n.tsv#84/zhCN	manual-semantic-reviewed	unknown	magica/research/totentanz-full-localization-20260817/engine-i18n/root-reviewed-semantic-corrections.json#ENG-084;D:/magia/MyProducts/MAGIA RECORD CN/Full_Raw_Dump_V2/magica/api/page/MyPage_001.json; official term=攻击力下降; count=379; not claimed as whole-string stable-ID match;C:\Users\proje\Documents\Codex\2026-08-06\https-github-com-hiiraginemu-magireco-wiki-3\work\next_round_execution_20260819\engine_unknown_256_semantic_apply_35\engine_semantic_35_verification.json	false	official-cn-terminology-plus-source-context	root-reviewed-approved	攻撃力が減少		manual-semantic-reviewed	root-reviewed-term-closure	ENG-084	HiiragiNemu project root semantic review	false	true; legacy client reads <files>/madomagi/engine_i18n.tsv	manual-semantic-reviewed	攻击力下降	root-reviewed-approved	medium	root_reviewed_engine_translation	root-reviewed-approved	magica/research/totentanz-full-localization-20260817/engine-i18n/root-reviewed-semantic-corrections.json#ENG-084;D:/magia/MyProducts/MAGIA RECORD CN/Full_Raw_Dump_V2/magica/api/page/MyPage_001.json; official term=攻击力下降; count=379; not claimed as whole-string stable-ID match;C:\Users\proje\Documents\Codex\2026-08-06\https-github-com-hiiraginemu-magireco-wiki-3\work\next_round_execution_20260819\engine_unknown_256_semantic_apply_35\engine_semantic_35_verification.json	采用旧国服高频术语，并按日文源键补足中文语序；不冒充整句官中。
MT-00601	engine_runtime_i18n_root_reviewed	native_engine_i18n	madomagi/engine_i18n.tsv	85	zhCN	防御力が減少	防御力下降	防御力下降	madomagi/engine_i18n.tsv#85/zhCN	manual-semantic-reviewed	unknown	magica/research/totentanz-full-localization-20260817/engine-i18n/root-reviewed-semantic-corrections.json#ENG-085;D:/magia/MyProducts/MAGIA RECORD CN/Full_Raw_Dump_V2/magica/api/page/ArenaFreeRank_001.json; official term=防御力下降; count=827; not claimed as whole-string stable-ID match;C:\Users\proje\Documents\Codex\2026-08-06\https-github-com-hiiraginemu-magireco-wiki-3\work\next_round_execution_20260819\engine_unknown_256_semantic_apply_35\engine_semantic_35_verification.json	false	official-cn-terminology-plus-source-context	root-reviewed-approved	防御力が減少		manual-semantic-reviewed	root-reviewed-term-closure	ENG-085	HiiragiNemu project root semantic review	false	true; legacy client reads <files>/madomagi/engine_i18n.tsv	manual-semantic-reviewed	防御力下降	root-reviewed-approved	medium	root_reviewed_engine_translation	root-reviewed-approved	magica/research/totentanz-full-localization-20260817/engine-i18n/root-reviewed-semantic-corrections.json#ENG-085;D:/magia/MyProducts/MAGIA RECORD CN/Full_Raw_Dump_V2/magica/api/page/ArenaFreeRank_001.json; official term=防御力下降; count=827; not claimed as whole-string stable-ID match;C:\Users\proje\Documents\Codex\2026-08-06\https-github-com-hiiraginemu-magireco-wiki-3\work\next_round_execution_20260819\engine_unknown_256_semantic_apply_35\engine_semantic_35_verification.json	采用旧国服高频术语，并按日文源键补足中文语序；不冒充整句官中。
MT-00602	engine_runtime_i18n_root_reviewed	native_engine_i18n	madomagi/engine_i18n.tsv	86	zhCN	与えるダメージを減少	造成的伤害下降	造成的伤害下降	madomagi/engine_i18n.tsv#86/zhCN	manual-semantic-reviewed	unknown	magica/research/totentanz-full-localization-20260817/engine-i18n/root-reviewed-semantic-corrections.json#ENG-086;D:/magia/MyProducts/MAGIA RECORD CN/Full_Raw_Dump_V2 (corpus literal count 346); official term=伤害下降; count=346; not claimed as whole-string stable-ID match;C:\Users\proje\Documents\Codex\2026-08-06\https-github-com-hiiraginemu-magireco-wiki-3\work\next_round_execution_20260819\engine_unknown_256_semantic_apply_35\engine_semantic_35_verification.json	false	official-cn-terminology-plus-source-context	root-reviewed-approved	与えるダメージを減少		manual-semantic-reviewed	root-reviewed-term-closure	ENG-086	HiiragiNemu project root semantic review	false	true; legacy client reads <files>/madomagi/engine_i18n.tsv	manual-semantic-reviewed	造成的伤害下降	root-reviewed-approved	medium	root_reviewed_engine_translation	root-reviewed-approved	magica/research/totentanz-full-localization-20260817/engine-i18n/root-reviewed-semantic-corrections.json#ENG-086;D:/magia/MyProducts/MAGIA RECORD CN/Full_Raw_Dump_V2 (corpus literal count 346); official term=伤害下降; count=346; not claimed as whole-string stable-ID match;C:\Users\proje\Documents\Codex\2026-08-06\https-github-com-hiiraginemu-magireco-wiki-3\work\next_round_execution_20260819\engine_unknown_256_semantic_apply_35\engine_semantic_35_verification.json	采用旧国服高频术语，并按日文源键补足中文语序；不冒充整句官中。
MT-00603	engine_runtime_i18n_root_reviewed	native_engine_i18n	madomagi/engine_i18n.tsv	87	zhCN	マギアDown	Magia下降	Magia下降	madomagi/engine_i18n.tsv#87/zhCN	manual-semantic-reviewed	unknown	magica/research/totentanz-full-localization-20260817/engine-i18n/root-reviewed-term-closure.json#ENGINE-087;日文源键=マギアDown；旧国服术语使用“提升/下降”而非UP/DOWN。;C:\Users\proje\Documents\Codex\2026-08-06\https-github-com-hiiraginemu-magireco-wiki-3\work\next_round_execution_20260819\engine_root_review_apply_40\engine_root_review_40_verification.json	false	official-cn-terminology-plus-source-context	root-reviewed-approved	マギアDown		manual-semantic-reviewed	root-reviewed-term-closure	ENGINE-087	HiiragiNemu project root semantic review	false	true; legacy client reads <files>/madomagi/engine_i18n.tsv	manual-semantic-reviewed	Magia下降	root-reviewed-approved	medium	root_reviewed_engine_translation	root-reviewed-approved	magica/research/totentanz-full-localization-20260817/engine-i18n/root-reviewed-term-closure.json#ENGINE-087;日文源键=マギアDown；旧国服术语使用“提升/下降”而非UP/DOWN。;C:\Users\proje\Documents\Codex\2026-08-06\https-github-com-hiiraginemu-magireco-wiki-3\work\next_round_execution_20260819\engine_root_review_apply_40\engine_root_review_40_verification.json	Root semantic review accepted the visible source-key context; official CN terminology guides UP/DOWN and UI wording without claiming a whole-string official match.
MT-00604	engine_runtime_i18n_root_reviewed	native_engine_i18n	madomagi/engine_i18n.tsv	88	zhCN	マギアによるダメージが減少	Magia伤害下降	Magia伤害下降	madomagi/engine_i18n.tsv#88/zhCN	manual-semantic-reviewed	unknown	magica/research/totentanz-full-localization-20260817/engine-i18n/root-reviewed-semantic-corrections.json#ENG-088;D:/magia/MyProducts/MAGIA RECORD CN/Full_Raw_Dump_V2/magica/api/page/PieceCollection_001.json; official term=Magia伤害下降; count=50; not claimed as whole-string stable-ID match;C:\Users\proje\Documents\Codex\2026-08-06\https-github-com-hiiraginemu-magireco-wiki-3\work\next_round_execution_20260819\engine_unknown_256_semantic_apply_35\engine_semantic_35_verification.json	false	official-cn-terminology-plus-source-context	root-reviewed-approved	マギアによるダメージが減少		manual-semantic-reviewed	root-reviewed-term-closure	ENG-088	HiiragiNemu project root semantic review	false	true; legacy client reads <files>/madomagi/engine_i18n.tsv	manual-semantic-reviewed	Magia伤害下降	root-reviewed-approved	medium	root_reviewed_engine_translation	root-reviewed-approved	magica/research/totentanz-full-localization-20260817/engine-i18n/root-reviewed-semantic-corrections.json#ENG-088;D:/magia/MyProducts/MAGIA RECORD CN/Full_Raw_Dump_V2/magica/api/page/PieceCollection_001.json; official term=Magia伤害下降; count=50; not claimed as whole-string stable-ID match;C:\Users\proje\Documents\Codex\2026-08-06\https-github-com-hiiraginemu-magireco-wiki-3\work\next_round_execution_20260819\engine_unknown_256_semantic_apply_35\engine_semantic_35_verification.json	采用旧国服高频术语，并按日文源键补足中文语序；不冒充整句官中。
MT-00605	engine_runtime_i18n_root_reviewed	native_engine_i18n	madomagi/engine_i18n.tsv	89	zhCN	悪い状態にかかる確率が上昇	陷入状态异常的概率提升	陷入状态异常的概率提升	madomagi/engine_i18n.tsv#89/zhCN	manual-semantic-reviewed	unknown	magica/research/totentanz-full-localization-20260817/engine-i18n/root-reviewed-semantic-corrections.json#ENG-089;D:/magia/MyProducts/MAGIA RECORD CN/Full_Raw_Dump_V2 (corpus literal count 1674); official term=状态异常; count=1674; not claimed as whole-string stable-ID match;C:\Users\proje\Documents\Codex\2026-08-06\https-github-com-hiiraginemu-magireco-wiki-3\work\next_round_execution_20260819\engine_unknown_256_semantic_apply_35\engine_semantic_35_verification.json	false	official-cn-terminology-plus-source-context	root-reviewed-approved	悪い状態にかかる確率が上昇		manual-semantic-reviewed	root-reviewed-term-closure	ENG-089	HiiragiNemu project root semantic review	false	true; legacy client reads <files>/madomagi/engine_i18n.tsv	manual-semantic-reviewed	陷入状态异常的概率提升	root-reviewed-approved	medium	root_reviewed_engine_translation	root-reviewed-approved	magica/research/totentanz-full-localization-20260817/engine-i18n/root-reviewed-semantic-corrections.json#ENG-089;D:/magia/MyProducts/MAGIA RECORD CN/Full_Raw_Dump_V2 (corpus literal count 1674); official term=状态异常; count=1674; not claimed as whole-string stable-ID match;C:\Users\proje\Documents\Codex\2026-08-06\https-github-com-hiiraginemu-magireco-wiki-3\work\next_round_execution_20260819\engine_unknown_256_semantic_apply_35\engine_semantic_35_verification.json	采用旧国服高频术语，并按日文源键补足中文语序；不冒充整句官中。
MT-00606	engine_runtime_i18n_root_reviewed	native_engine_i18n	madomagi/engine_i18n.tsv	9	zhCN	通信エラー	通信错误	通信错误	madomagi/engine_i18n.tsv#9/zhCN	manual-semantic-reviewed	unknown	magica/research/totentanz-full-localization-20260817/engine-i18n/final-root-review-20260819/engine_unknown_212_root_review_sidecar.json#ENG-009;prior semantic pass plus current row review; provenance remains manual-semantic-reviewed;origin_machine_translated=unknown	false	root-row-by-row-semantic-review	root-reviewed-approved	通信エラー		manual-semantic-reviewed	final-root-review-20260819	ENG-009	HiiragiNemu project root semantic review	false	true; legacy client reads <files>/madomagi/engine_i18n.tsv	manual-semantic-reviewed	通信错误	root-reviewed-approved	medium	root_reviewed_engine_translation	root-reviewed-approved	magica/research/totentanz-full-localization-20260817/engine-i18n/final-root-review-20260819/engine_unknown_212_root_review_sidecar.json#ENG-009;prior semantic pass plus current row review; provenance remains manual-semantic-reviewed;origin_machine_translated=unknown	origin_machine_translated=unknown; the historical origin remains explicit; the current value received row-by-row root review and does not inherit an official/Wiki label unless exact dual-ABI evidence is recorded.
MT-00607	engine_runtime_i18n_root_reviewed	native_engine_i18n	madomagi/engine_i18n.tsv	90	zhCN	アクセルDown	Accele下降	Accele下降	madomagi/engine_i18n.tsv#90/zhCN	manual-semantic-reviewed	unknown	magica/research/totentanz-full-localization-20260817/engine-i18n/root-reviewed-term-closure.json#ENGINE-090;日文源键=アクセルDown；旧国服术语使用“提升/下降”而非UP/DOWN。;C:\Users\proje\Documents\Codex\2026-08-06\https-github-com-hiiraginemu-magireco-wiki-3\work\next_round_execution_20260819\engine_root_review_apply_40\engine_root_review_40_verification.json	false	official-cn-terminology-plus-source-context	root-reviewed-approved	アクセルDown		manual-semantic-reviewed	root-reviewed-term-closure	ENGINE-090	HiiragiNemu project root semantic review	false	true; legacy client reads <files>/madomagi/engine_i18n.tsv	manual-semantic-reviewed	Accele下降	root-reviewed-approved	medium	root_reviewed_engine_translation	root-reviewed-approved	magica/research/totentanz-full-localization-20260817/engine-i18n/root-reviewed-term-closure.json#ENGINE-090;日文源键=アクセルDown；旧国服术语使用“提升/下降”而非UP/DOWN。;C:\Users\proje\Documents\Codex\2026-08-06\https-github-com-hiiraginemu-magireco-wiki-3\work\next_round_execution_20260819\engine_root_review_apply_40\engine_root_review_40_verification.json	Root semantic review accepted the visible source-key context; official CN terminology guides UP/DOWN and UI wording without claiming a whole-string official match.
MT-00608	engine_runtime_i18n_root_reviewed	native_engine_i18n	madomagi/engine_i18n.tsv	91	zhCN	アクセルディスク使用時のマギアゲージ獲得量が減少	使用Accele圆盘时的MP获得量下降	使用Accele圆盘时的MP获得量下降	madomagi/engine_i18n.tsv#91/zhCN	manual-semantic-reviewed	unknown	magica/research/totentanz-full-localization-20260817/engine-i18n/root-reviewed-semantic-corrections.json#ENG-091;D:/magia/MyProducts/MAGIA RECORD CN/Full_Raw_Dump_V2/magica/api/page/MyPage_001.json; official term=MP获得量下降; count=33; not claimed as whole-string stable-ID match;C:\Users\proje\Documents\Codex\2026-08-06\https-github-com-hiiraginemu-magireco-wiki-3\work\next_round_execution_20260819\engine_unknown_256_semantic_apply_35\engine_semantic_35_verification.json	false	official-cn-terminology-plus-source-context	root-reviewed-approved	アクセルディスク使用時のマギアゲージ獲得量が減少		manual-semantic-reviewed	root-reviewed-term-closure	ENG-091	HiiragiNemu project root semantic review	false	true; legacy client reads <files>/madomagi/engine_i18n.tsv	manual-semantic-reviewed	使用Accele圆盘时的MP获得量下降	root-reviewed-approved	medium	root_reviewed_engine_translation	root-reviewed-approved	magica/research/totentanz-full-localization-20260817/engine-i18n/root-reviewed-semantic-corrections.json#ENG-091;D:/magia/MyProducts/MAGIA RECORD CN/Full_Raw_Dump_V2/magica/api/page/MyPage_001.json; official term=MP获得量下降; count=33; not claimed as whole-string stable-ID match;C:\Users\proje\Documents\Codex\2026-08-06\https-github-com-hiiraginemu-magireco-wiki-3\work\next_round_execution_20260819\engine_unknown_256_semantic_apply_35\engine_semantic_35_verification.json	采用旧国服高频术语，并按日文源键补足中文语序；不冒充整句官中。
MT-00609	engine_runtime_i18n_root_reviewed	native_engine_i18n	madomagi/engine_i18n.tsv	92	zhCN	チャージDown	Charge下降	Charge下降	madomagi/engine_i18n.tsv#92/zhCN	manual-semantic-reviewed	unknown	magica/research/totentanz-full-localization-20260817/engine-i18n/root-reviewed-term-closure.json#ENGINE-092;日文源键=チャージDown；旧国服术语使用“提升/下降”而非UP/DOWN。;C:\Users\proje\Documents\Codex\2026-08-06\https-github-com-hiiraginemu-magireco-wiki-3\work\next_round_execution_20260819\engine_root_review_apply_40\engine_root_review_40_verification.json	false	official-cn-terminology-plus-source-context	root-reviewed-approved	チャージDown		manual-semantic-reviewed	root-reviewed-term-closure	ENGINE-092	HiiragiNemu project root semantic review	false	true; legacy client reads <files>/madomagi/engine_i18n.tsv	manual-semantic-reviewed	Charge下降	root-reviewed-approved	medium	root_reviewed_engine_translation	root-reviewed-approved	magica/research/totentanz-full-localization-20260817/engine-i18n/root-reviewed-term-closure.json#ENGINE-092;日文源键=チャージDown；旧国服术语使用“提升/下降”而非UP/DOWN。;C:\Users\proje\Documents\Codex\2026-08-06\https-github-com-hiiraginemu-magireco-wiki-3\work\next_round_execution_20260819\engine_root_review_apply_40\engine_root_review_40_verification.json	Root semantic review accepted the visible source-key context; official CN terminology guides UP/DOWN and UI wording without claiming a whole-string official match.
MT-00610	engine_runtime_i18n_root_reviewed	native_engine_i18n	madomagi/engine_i18n.tsv	93	zhCN	チャージを消費した際のダメージが減少	消耗Charge时的伤害下降	消耗Charge时的伤害下降	madomagi/engine_i18n.tsv#93/zhCN	manual-semantic-reviewed	unknown	magica/research/totentanz-full-localization-20260817/engine-i18n/root-reviewed-semantic-corrections.json#ENG-093;D:/magia/MyProducts/MAGIA RECORD CN/Full_Raw_Dump_V2 (corpus literal count 346); official term=伤害下降; count=346; not claimed as whole-string stable-ID match;C:\Users\proje\Documents\Codex\2026-08-06\https-github-com-hiiraginemu-magireco-wiki-3\work\next_round_execution_20260819\engine_unknown_256_semantic_apply_35\engine_semantic_35_verification.json	false	official-cn-terminology-plus-source-context	root-reviewed-approved	チャージを消費した際のダメージが減少		manual-semantic-reviewed	root-reviewed-term-closure	ENG-093	HiiragiNemu project root semantic review	false	true; legacy client reads <files>/madomagi/engine_i18n.tsv	manual-semantic-reviewed	消耗Charge时的伤害下降	root-reviewed-approved	medium	root_reviewed_engine_translation	root-reviewed-approved	magica/research/totentanz-full-localization-20260817/engine-i18n/root-reviewed-semantic-corrections.json#ENG-093;D:/magia/MyProducts/MAGIA RECORD CN/Full_Raw_Dump_V2 (corpus literal count 346); official term=伤害下降; count=346; not claimed as whole-string stable-ID match;C:\Users\proje\Documents\Codex\2026-08-06\https-github-com-hiiraginemu-magireco-wiki-3\work\next_round_execution_20260819\engine_unknown_256_semantic_apply_35\engine_semantic_35_verification.json	采用旧国服高频术语，并按日文源键补足中文语序；不冒充整句官中。
MT-00611	engine_runtime_i18n_root_reviewed	native_engine_i18n	madomagi/engine_i18n.tsv	94	zhCN	ブラストDown	Blast下降	Blast下降	madomagi/engine_i18n.tsv#94/zhCN	manual-semantic-reviewed	unknown	magica/research/totentanz-full-localization-20260817/engine-i18n/root-reviewed-term-closure.json#ENGINE-094;日文源键=ブラストDown；旧国服术语使用“提升/下降”而非UP/DOWN。;C:\Users\proje\Documents\Codex\2026-08-06\https-github-com-hiiraginemu-magireco-wiki-3\work\next_round_execution_20260819\engine_root_review_apply_40\engine_root_review_40_verification.json	false	official-cn-terminology-plus-source-context	root-reviewed-approved	ブラストDown		manual-semantic-reviewed	root-reviewed-term-closure	ENGINE-094	HiiragiNemu project root semantic review	false	true; legacy client reads <files>/madomagi/engine_i18n.tsv	manual-semantic-reviewed	Blast下降	root-reviewed-approved	medium	root_reviewed_engine_translation	root-reviewed-approved	magica/research/totentanz-full-localization-20260817/engine-i18n/root-reviewed-term-closure.json#ENGINE-094;日文源键=ブラストDown；旧国服术语使用“提升/下降”而非UP/DOWN。;C:\Users\proje\Documents\Codex\2026-08-06\https-github-com-hiiraginemu-magireco-wiki-3\work\next_round_execution_20260819\engine_root_review_apply_40\engine_root_review_40_verification.json	Root semantic review accepted the visible source-key context; official CN terminology guides UP/DOWN and UI wording without claiming a whole-string official match.
MT-00612	engine_runtime_i18n_root_reviewed	native_engine_i18n	madomagi/engine_i18n.tsv	95	zhCN	ブラストディスクのダメージが減少	Blast圆盘伤害下降	Blast圆盘伤害下降	madomagi/engine_i18n.tsv#95/zhCN	manual-semantic-reviewed	unknown	magica/research/totentanz-full-localization-20260817/engine-i18n/root-reviewed-semantic-corrections.json#ENG-095;D:/magia/MyProducts/MAGIA RECORD CN/Full_Raw_Dump_V2 (corpus literal count 346); official term=伤害下降; count=346; not claimed as whole-string stable-ID match;C:\Users\proje\Documents\Codex\2026-08-06\https-github-com-hiiraginemu-magireco-wiki-3\work\next_round_execution_20260819\engine_unknown_256_semantic_apply_35\engine_semantic_35_verification.json	false	official-cn-terminology-plus-source-context	root-reviewed-approved	ブラストディスクのダメージが減少		manual-semantic-reviewed	root-reviewed-term-closure	ENG-095	HiiragiNemu project root semantic review	false	true; legacy client reads <files>/madomagi/engine_i18n.tsv	manual-semantic-reviewed	Blast圆盘伤害下降	root-reviewed-approved	medium	root_reviewed_engine_translation	root-reviewed-approved	magica/research/totentanz-full-localization-20260817/engine-i18n/root-reviewed-semantic-corrections.json#ENG-095;D:/magia/MyProducts/MAGIA RECORD CN/Full_Raw_Dump_V2 (corpus literal count 346); official term=伤害下降; count=346; not claimed as whole-string stable-ID match;C:\Users\proje\Documents\Codex\2026-08-06\https-github-com-hiiraginemu-magireco-wiki-3\work\next_round_execution_20260819\engine_unknown_256_semantic_apply_35\engine_semantic_35_verification.json	采用旧国服高频术语，并按日文源键补足中文语序；不冒充整句官中。
MT-00613	engine_runtime_i18n_root_reviewed	native_engine_i18n	madomagi/engine_i18n.tsv	96	zhCN	MPゲージダウン	MP槽下降	MP槽下降	madomagi/engine_i18n.tsv#96/zhCN	manual-semantic-reviewed	unknown	magica/research/totentanz-full-localization-20260817/engine-i18n/root-reviewed-term-closure.json#ENGINE-096;日文源键=MPゲージダウン；旧国服术语使用“提升/下降”而非UP/DOWN。;C:\Users\proje\Documents\Codex\2026-08-06\https-github-com-hiiraginemu-magireco-wiki-3\work\next_round_execution_20260819\engine_root_review_apply_40\engine_root_review_40_verification.json	false	official-cn-terminology-plus-source-context	root-reviewed-approved	MPゲージダウン		manual-semantic-reviewed	root-reviewed-term-closure	ENGINE-096	HiiragiNemu project root semantic review	false	true; legacy client reads <files>/madomagi/engine_i18n.tsv	manual-semantic-reviewed	MP槽下降	root-reviewed-approved	medium	root_reviewed_engine_translation	root-reviewed-approved	magica/research/totentanz-full-localization-20260817/engine-i18n/root-reviewed-term-closure.json#ENGINE-096;日文源键=MPゲージダウン；旧国服术语使用“提升/下降”而非UP/DOWN。;C:\Users\proje\Documents\Codex\2026-08-06\https-github-com-hiiraginemu-magireco-wiki-3\work\next_round_execution_20260819\engine_root_review_apply_40\engine_root_review_40_verification.json	Root semantic review accepted the visible source-key context; official CN terminology guides UP/DOWN and UI wording without claiming a whole-string official match.
MT-00614	engine_runtime_i18n_root_reviewed	native_engine_i18n	madomagi/engine_i18n.tsv	98	zhCN	行動不能＋弱点属性からのダメージが上昇	无法行动＋受到弱点属性伤害提升	无法行动＋受到弱点属性伤害提升	madomagi/engine_i18n.tsv#98/zhCN	manual-semantic-reviewed	unknown	magica/research/totentanz-full-localization-20260817/engine-i18n/final-root-review-20260819/engine_unknown_212_root_review_sidecar.json#ENG-098;prior semantic pass plus current row review; provenance remains manual-semantic-reviewed;origin_machine_translated=unknown	false	root-row-by-row-semantic-review	root-reviewed-approved	行動不能＋弱点属性からのダメージが上昇		manual-semantic-reviewed	final-root-review-20260819	ENG-098	HiiragiNemu project root semantic review	false	true; legacy client reads <files>/madomagi/engine_i18n.tsv	manual-semantic-reviewed	无法行动＋受到弱点属性伤害提升	root-reviewed-approved	medium	root_reviewed_engine_translation	root-reviewed-approved	magica/research/totentanz-full-localization-20260817/engine-i18n/final-root-review-20260819/engine_unknown_212_root_review_sidecar.json#ENG-098;prior semantic pass plus current row review; provenance remains manual-semantic-reviewed;origin_machine_translated=unknown	origin_machine_translated=unknown; the historical origin remains explicit; the current value received row-by-row root review and does not inherit an official/Wiki label unless exact dual-ABI evidence is recorded.
MT-00615	engine_runtime_i18n_root_reviewed	native_engine_i18n	madomagi/engine_i18n.tsv	99	zhCN	行動不能＋弱点属性からのダメージが上昇＋HP回復不能	无法行动＋受到弱点属性伤害提升＋HP无法回复	无法行动＋受到弱点属性伤害提升＋HP无法回复	madomagi/engine_i18n.tsv#99/zhCN	manual-semantic-reviewed	unknown	magica/research/totentanz-full-localization-20260817/engine-i18n/final-root-review-20260819/engine_unknown_212_root_review_sidecar.json#ENG-099;prior semantic pass plus current row review; provenance remains manual-semantic-reviewed;origin_machine_translated=unknown	false	root-row-by-row-semantic-review	root-reviewed-approved	行動不能＋弱点属性からのダメージが上昇＋HP回復不能		manual-semantic-reviewed	final-root-review-20260819	ENG-099	HiiragiNemu project root semantic review	false	true; legacy client reads <files>/madomagi/engine_i18n.tsv	manual-semantic-reviewed	无法行动＋受到弱点属性伤害提升＋HP无法回复	root-reviewed-approved	medium	root_reviewed_engine_translation	root-reviewed-approved	magica/research/totentanz-full-localization-20260817/engine-i18n/final-root-review-20260819/engine_unknown_212_root_review_sidecar.json#ENG-099;prior semantic pass plus current row review; provenance remains manual-semantic-reviewed;origin_machine_translated=unknown	origin_machine_translated=unknown; the historical origin remains explicit; the current value received row-by-row root review and does not inherit an official/Wiki label unless exact dual-ABI evidence is recorded.
MT-00616	engine_runtime_i18n_wiki	native_engine_i18n	madomagi/engine_i18n.tsv	135	zhCN	サヴァイヴ	Survive	Survive	madomagi/engine_i18n.tsv#135/zhCN	wiki	wiki	magica/research/totentanz-full-localization-20260817/runtime-dictionary/retained-formal-mechanisms.json#engine/global:16d10eca02c85b744d06;HiiragiNemu/magiWiki Template:效果中文：サヴァイヴ = Survive	false	exact-wiki-source-key	authority-retained-formal-mechanic	サヴァイヴ		wiki	retained-formal-mechanisms	engine/global:16d10eca02c85b744d06	HiiragiNemu Wiki contributors	false	true; legacy client reads <files>/madomagi/engine_i18n.tsv	wiki	Survive	authority-retained-formal-mechanic	medium	wiki_formal_mechanism_retained	authority-retained-formal-mechanic	magica/research/totentanz-full-localization-20260817/runtime-dictionary/retained-formal-mechanisms.json#engine/global:16d10eca02c85b744d06;HiiragiNemu/magiWiki Template:效果中文：サヴァイヴ = Survive	正式机制名按 Wiki 同源键保留；中文语义释义不替换正式标签。
MT-00617	engine_runtime_i18n_wiki	native_engine_i18n	madomagi/engine_i18n.tsv	191	zhCN	ヴァリアブル	Variable	Variable	madomagi/engine_i18n.tsv#191/zhCN	wiki	wiki	magica/research/totentanz-full-localization-20260817/runtime-dictionary/retained-formal-mechanisms.json#engine/global:6ce843f5d419b5eaa594;HiiragiNemu/magiWiki Template:效果中文：ヴァリアブル = Variable	false	exact-wiki-source-key	authority-retained-formal-mechanic	ヴァリアブル		wiki	retained-formal-mechanisms	engine/global:6ce843f5d419b5eaa594	HiiragiNemu Wiki contributors	false	true; legacy client reads <files>/madomagi/engine_i18n.tsv	wiki	Variable	authority-retained-formal-mechanic	medium	wiki_formal_mechanism_retained	authority-retained-formal-mechanic	magica/research/totentanz-full-localization-20260817/runtime-dictionary/retained-formal-mechanisms.json#engine/global:6ce843f5d419b5eaa594;HiiragiNemu/magiWiki Template:效果中文：ヴァリアブル = Variable	正式机制名按 Wiki 同源键保留；中文语义释义不替换正式标签。
MT-00618	engine_runtime_i18n_wiki	native_engine_i18n	madomagi/engine_i18n.tsv	304	zhCN	Magia Damage DOWN [VI] (Target/1 Turn) / Magia Damage UP [VI] (Self/1 Turn)	Magia伤害下降[Ⅵ](敌单/1T) & Magia伤害提升[Ⅵ](自/1T)	Magia伤害下降[Ⅵ](敌单/1T) & Magia伤害提升[Ⅵ](自/1T)	madomagi/engine_i18n.tsv#304/zhCN	wiki-plus-official-cn-terminology	wiki	magica/research/totentanz-full-localization-20260817/engine-i18n/root-reviewed-term-closure.json#ENGINE-304;日文源键=Magia Damage DOWN [VI] (Target/1 Turn) / Magia Damage UP [VI] (Self/1 Turn)；旧国服术语使用“提升/下降”而非UP/DOWN。;C:\Users\proje\Documents\Codex\2026-08-06\https-github-com-hiiraginemu-magireco-wiki-3\work\next_round_execution_20260819\engine_root_review_apply_40\engine_root_review_40_verification.json	false	exact-stable-id-plus-official-cn-terms	wiki-stable-id-official-cn-terminology-reviewed	Magia Damage DOWN [VI] (Target/1 Turn) / Magia Damage UP [VI] (Self/1 Turn)		wiki-plus-official-cn-terminology	root-reviewed-term-closure	ENGINE-304	HiiragiNemu Wiki contributors; official CN terminology; root semantic review	false	true; legacy client reads <files>/madomagi/engine_i18n.tsv	wiki-plus-official-cn-terminology	Magia伤害下降[Ⅵ](敌单/1T) & Magia伤害提升[Ⅵ](自/1T)	wiki-stable-id-official-cn-terminology-reviewed	medium	wiki_engine_translation_official_term_normalized	wiki-stable-id-official-cn-terminology-reviewed	magica/research/totentanz-full-localization-20260817/engine-i18n/root-reviewed-term-closure.json#ENGINE-304;日文源键=Magia Damage DOWN [VI] (Target/1 Turn) / Magia Damage UP [VI] (Self/1 Turn)；旧国服术语使用“提升/下降”而非UP/DOWN。;C:\Users\proje\Documents\Codex\2026-08-06\https-github-com-hiiraginemu-magireco-wiki-3\work\next_round_execution_20260819\engine_root_review_apply_40\engine_root_review_40_verification.json	Wiki supplies the exact stable-ID effect; official CN term evidence normalizes Magia伤害UP/DOWN to Magia伤害提升/下降.
