record_id	component	scope	file	stable_key_or_line	field	original_text	current_cn	suggested_cn	product_or_reference_location	source_tier	source_bucket	evidence_path_or_key	machine_translated	confidence	review_status	japanese_or_source_original	missing_original_reason	provenance_class	source_stage	source_batch	source_author	is_machine_translation	runtime_consumed	highest_authority_tier	highest_authority_match	authority_status	risk	issue_type	manual_review_status	evidence	notes
MT-01946	frontend_untranslated	frontend_i18n_input	i18n/frontend-strings.tsv	global:0a9105b64231be7ff6b5	candidate_cn	解散		解散	i18n/frontend-strings.tsv#global:0a9105b64231be7ff6b5/candidate_cn	current-product-visible-identity-audit	legacy-ai	i18n/generated/input-provenance.tsv:495;legacy extraction row has no translation candidate;candidate_id=cd5387275ad89517f9bd341e;key=global:0a9105b64231be7ff6b5;semantic_audit_sha256=a8d66dcdec688e4baa14071950764802ef696e0d6ea6133ab5709e5dff4c4959;closure_items_sha256=5388304f6acf4a610303e335eda6b1e598e6842ded901b1a502f39d2aa05bfe3;semantic_product_hits_sha256=a8d66dcdec688e4baa14071950764802ef696e0d6ea6133ab5709e5dff4c4959;closure_items_sha256=5388304f6acf4a610303e335eda6b1e598e6842ded901b1a502f39d2aa05bfe3	false	exact-product-node-audit	visible-cn-compatible-identity	解散	extracted source string is retained; exact-node semantics are separately audited	current_product_visible_identity	migrated_frontend_input_exact_node_closure	legacy-extraction-untranslated	not applicable; semantic classification only	false; no translation was authored	visible exact runtime node; offline candidate remains unselected	current-product-visible-identity-audit	解散	visible-cn-compatible-identity	low	frontend_visible_identity_retain	visible-cn-compatible-identity	i18n/generated/input-provenance.tsv:495;legacy extraction row has no translation candidate;candidate_id=cd5387275ad89517f9bd341e;key=global:0a9105b64231be7ff6b5;semantic_audit_sha256=a8d66dcdec688e4baa14071950764802ef696e0d6ea6133ab5709e5dff4c4959;closure_items_sha256=5388304f6acf4a610303e335eda6b1e598e6842ded901b1a502f39d2aa05bfe3;semantic_product_hits_sha256=a8d66dcdec688e4baa14071950764802ef696e0d6ea6133ab5709e5dff4c4959;closure_items_sha256=5388304f6acf4a610303e335eda6b1e598e6842ded901b1a502f39d2aa05bfe3	Retain the visible source spelling as the compatible identity; no product text was written.
MT-01947	frontend_untranslated	frontend_i18n_input	i18n/frontend-strings.tsv	global:0ba4a522d61b690bc808	candidate_cn	全属性		全属性	i18n/frontend-strings.tsv#global:0ba4a522d61b690bc808/candidate_cn	current-product-visible-identity-audit	legacy-ai	i18n/generated/input-provenance.tsv:201;legacy extraction row has no translation candidate;candidate_id=32806fba32bc059b3cad2f97;key=global:0ba4a522d61b690bc808;semantic_audit_sha256=a8d66dcdec688e4baa14071950764802ef696e0d6ea6133ab5709e5dff4c4959;closure_items_sha256=5388304f6acf4a610303e335eda6b1e598e6842ded901b1a502f39d2aa05bfe3;semantic_product_hits_sha256=a8d66dcdec688e4baa14071950764802ef696e0d6ea6133ab5709e5dff4c4959;closure_items_sha256=5388304f6acf4a610303e335eda6b1e598e6842ded901b1a502f39d2aa05bfe3	false	exact-product-node-audit	visible-cn-compatible-identity	全属性	extracted source string is retained; exact-node semantics are separately audited	current_product_visible_identity	migrated_frontend_input_exact_node_closure	legacy-extraction-untranslated	not applicable; semantic classification only	false; no translation was authored	visible exact runtime node; offline candidate remains unselected	current-product-visible-identity-audit	全属性	visible-cn-compatible-identity	low	frontend_visible_identity_retain	visible-cn-compatible-identity	i18n/generated/input-provenance.tsv:201;legacy extraction row has no translation candidate;candidate_id=32806fba32bc059b3cad2f97;key=global:0ba4a522d61b690bc808;semantic_audit_sha256=a8d66dcdec688e4baa14071950764802ef696e0d6ea6133ab5709e5dff4c4959;closure_items_sha256=5388304f6acf4a610303e335eda6b1e598e6842ded901b1a502f39d2aa05bfe3;semantic_product_hits_sha256=a8d66dcdec688e4baa14071950764802ef696e0d6ea6133ab5709e5dff4c4959;closure_items_sha256=5388304f6acf4a610303e335eda6b1e598e6842ded901b1a502f39d2aa05bfe3	Retain the visible source spelling as the compatible identity; no product text was written.
MT-01948	frontend_untranslated	frontend_i18n_input	i18n/frontend-strings.tsv	global:139349ae2024c7b0cb66	candidate_cn	属性			i18n/frontend-strings.tsv#global:139349ae2024c7b0cb66/candidate_cn	current-product-exact-node-audit	legacy-ai	i18n/generated/input-provenance.tsv:576;legacy extraction row has no translation candidate;candidate_id=45894f620d2e06a988fc6615;key=global:139349ae2024c7b0cb66;semantic_audit_sha256=a8d66dcdec688e4baa14071950764802ef696e0d6ea6133ab5709e5dff4c4959;closure_items_sha256=5388304f6acf4a610303e335eda6b1e598e6842ded901b1a502f39d2aa05bfe3;semantic_product_hits_sha256=a8d66dcdec688e4baa14071950764802ef696e0d6ea6133ab5709e5dff4c4959;closure_items_sha256=5388304f6acf4a610303e335eda6b1e598e6842ded901b1a502f39d2aa05bfe3	false	exact-product-node-audit	runtime-absent/not-backlog	属性	extracted source string is retained; exact-node semantics are separately audited	current_product_exact_node_absence	migrated_frontend_input_exact_node_closure	legacy-extraction-untranslated	not applicable; semantic classification only	false; no translation was authored	false; exact source is absent from current runtime nodes	current-product-exact-node-audit		runtime-absent/not-backlog	none	frontend_source_absent_not_translation_backlog	runtime-absent/not-backlog	i18n/generated/input-provenance.tsv:576;legacy extraction row has no translation candidate;candidate_id=45894f620d2e06a988fc6615;key=global:139349ae2024c7b0cb66;semantic_audit_sha256=a8d66dcdec688e4baa14071950764802ef696e0d6ea6133ab5709e5dff4c4959;closure_items_sha256=5388304f6acf4a610303e335eda6b1e598e6842ded901b1a502f39d2aa05bfe3;semantic_product_hits_sha256=a8d66dcdec688e4baa14071950764802ef696e0d6ea6133ab5709e5dff4c4959;closure_items_sha256=5388304f6acf4a610303e335eda6b1e598e6842ded901b1a502f39d2aa05bfe3	Exact current-product source node does not exist; no runtime translation is required.
MT-01949	frontend_untranslated	frontend_i18n_input	i18n/frontend-strings.tsv	global:1653151accee8a673eb5	candidate_cn	一			i18n/frontend-strings.tsv#global:1653151accee8a673eb5/candidate_cn	current-product-exact-node-audit	legacy-ai	i18n/generated/input-provenance.tsv:637;legacy extraction row has no translation candidate;candidate_id=cc58227901923812ccd1ae6f;key=global:1653151accee8a673eb5;semantic_audit_sha256=a8d66dcdec688e4baa14071950764802ef696e0d6ea6133ab5709e5dff4c4959;closure_items_sha256=5388304f6acf4a610303e335eda6b1e598e6842ded901b1a502f39d2aa05bfe3;semantic_product_hits_sha256=a8d66dcdec688e4baa14071950764802ef696e0d6ea6133ab5709e5dff4c4959;closure_items_sha256=5388304f6acf4a610303e335eda6b1e598e6842ded901b1a502f39d2aa05bfe3	false	exact-product-node-audit	runtime-absent/not-backlog	一	extracted source string is retained; exact-node semantics are separately audited	current_product_exact_node_absence	migrated_frontend_input_exact_node_closure	legacy-extraction-untranslated	not applicable; semantic classification only	false; no translation was authored	false; exact source is absent from current runtime nodes	current-product-exact-node-audit		runtime-absent/not-backlog	none	frontend_source_absent_not_translation_backlog	runtime-absent/not-backlog	i18n/generated/input-provenance.tsv:637;legacy extraction row has no translation candidate;candidate_id=cc58227901923812ccd1ae6f;key=global:1653151accee8a673eb5;semantic_audit_sha256=a8d66dcdec688e4baa14071950764802ef696e0d6ea6133ab5709e5dff4c4959;closure_items_sha256=5388304f6acf4a610303e335eda6b1e598e6842ded901b1a502f39d2aa05bfe3;semantic_product_hits_sha256=a8d66dcdec688e4baa14071950764802ef696e0d6ea6133ab5709e5dff4c4959;closure_items_sha256=5388304f6acf4a610303e335eda6b1e598e6842ded901b1a502f39d2aa05bfe3	Exact current-product source node does not exist; no runtime translation is required.
MT-01950	frontend_untranslated	frontend_i18n_input	i18n/frontend-strings.tsv	global:17fc4a0d39f616373959	candidate_cn	二			i18n/frontend-strings.tsv#global:17fc4a0d39f616373959/candidate_cn	current-product-exact-node-audit	legacy-ai	i18n/generated/input-provenance.tsv:638;legacy extraction row has no translation candidate;candidate_id=f6ecfe48d6094d5f1ec119b7;key=global:17fc4a0d39f616373959;semantic_audit_sha256=a8d66dcdec688e4baa14071950764802ef696e0d6ea6133ab5709e5dff4c4959;closure_items_sha256=5388304f6acf4a610303e335eda6b1e598e6842ded901b1a502f39d2aa05bfe3;semantic_product_hits_sha256=a8d66dcdec688e4baa14071950764802ef696e0d6ea6133ab5709e5dff4c4959;closure_items_sha256=5388304f6acf4a610303e335eda6b1e598e6842ded901b1a502f39d2aa05bfe3	false	exact-product-node-audit	runtime-absent/not-backlog	二	extracted source string is retained; exact-node semantics are separately audited	current_product_exact_node_absence	migrated_frontend_input_exact_node_closure	legacy-extraction-untranslated	not applicable; semantic classification only	false; no translation was authored	false; exact source is absent from current runtime nodes	current-product-exact-node-audit		runtime-absent/not-backlog	none	frontend_source_absent_not_translation_backlog	runtime-absent/not-backlog	i18n/generated/input-provenance.tsv:638;legacy extraction row has no translation candidate;candidate_id=f6ecfe48d6094d5f1ec119b7;key=global:17fc4a0d39f616373959;semantic_audit_sha256=a8d66dcdec688e4baa14071950764802ef696e0d6ea6133ab5709e5dff4c4959;closure_items_sha256=5388304f6acf4a610303e335eda6b1e598e6842ded901b1a502f39d2aa05bfe3;semantic_product_hits_sha256=a8d66dcdec688e4baa14071950764802ef696e0d6ea6133ab5709e5dff4c4959;closure_items_sha256=5388304f6acf4a610303e335eda6b1e598e6842ded901b1a502f39d2aa05bfe3	Exact current-product source node does not exist; no runtime translation is required.
MT-01951	frontend_untranslated	frontend_i18n_input	i18n/frontend-strings.tsv	global:1d80f6e84eb88218b3cf	candidate_cn	が			i18n/frontend-strings.tsv#global:1d80f6e84eb88218b3cf/candidate_cn	current-product-exact-node-audit	legacy-ai	i18n/generated/input-provenance.tsv:144;legacy extraction row has no translation candidate;candidate_id=18d7da0dd26360a496b393d2;key=global:1d80f6e84eb88218b3cf;semantic_audit_sha256=a8d66dcdec688e4baa14071950764802ef696e0d6ea6133ab5709e5dff4c4959;closure_items_sha256=5388304f6acf4a610303e335eda6b1e598e6842ded901b1a502f39d2aa05bfe3;semantic_product_hits_sha256=a8d66dcdec688e4baa14071950764802ef696e0d6ea6133ab5709e5dff4c4959;closure_items_sha256=5388304f6acf4a610303e335eda6b1e598e6842ded901b1a502f39d2aa05bfe3	false	exact-product-node-audit	runtime-absent/not-backlog	が	extracted source string is retained; exact-node semantics are separately audited	current_product_exact_node_absence	migrated_frontend_input_exact_node_closure	legacy-extraction-untranslated	not applicable; semantic classification only	false; no translation was authored	false; exact source is absent from current runtime nodes	current-product-exact-node-audit		runtime-absent/not-backlog	none	frontend_source_absent_not_translation_backlog	runtime-absent/not-backlog	i18n/generated/input-provenance.tsv:144;legacy extraction row has no translation candidate;candidate_id=18d7da0dd26360a496b393d2;key=global:1d80f6e84eb88218b3cf;semantic_audit_sha256=a8d66dcdec688e4baa14071950764802ef696e0d6ea6133ab5709e5dff4c4959;closure_items_sha256=5388304f6acf4a610303e335eda6b1e598e6842ded901b1a502f39d2aa05bfe3;semantic_product_hits_sha256=a8d66dcdec688e4baa14071950764802ef696e0d6ea6133ab5709e5dff4c4959;closure_items_sha256=5388304f6acf4a610303e335eda6b1e598e6842ded901b1a502f39d2aa05bfe3	Exact current-product source node does not exist; no runtime translation is required.
MT-01952	frontend_untranslated	frontend_i18n_input	i18n/frontend-strings.tsv	global:21adedb16f095c1c9dbe	candidate_cn	吉		吉	i18n/frontend-strings.tsv#global:21adedb16f095c1c9dbe/candidate_cn	current-product-visible-identity-audit	legacy-ai	i18n/generated/input-provenance.tsv:1221;legacy extraction row has no translation candidate;candidate_id=50a72c0dc0fa9ab15d314919;key=global:21adedb16f095c1c9dbe;semantic_audit_sha256=a8d66dcdec688e4baa14071950764802ef696e0d6ea6133ab5709e5dff4c4959;closure_items_sha256=5388304f6acf4a610303e335eda6b1e598e6842ded901b1a502f39d2aa05bfe3;semantic_product_hits_sha256=a8d66dcdec688e4baa14071950764802ef696e0d6ea6133ab5709e5dff4c4959;closure_items_sha256=5388304f6acf4a610303e335eda6b1e598e6842ded901b1a502f39d2aa05bfe3	false	exact-product-node-audit	visible-cn-compatible-identity	吉	extracted source string is retained; exact-node semantics are separately audited	current_product_visible_identity	migrated_frontend_input_exact_node_closure	legacy-extraction-untranslated	not applicable; semantic classification only	false; no translation was authored	visible exact runtime node; offline candidate remains unselected	current-product-visible-identity-audit	吉	visible-cn-compatible-identity	low	frontend_visible_identity_retain	visible-cn-compatible-identity	i18n/generated/input-provenance.tsv:1221;legacy extraction row has no translation candidate;candidate_id=50a72c0dc0fa9ab15d314919;key=global:21adedb16f095c1c9dbe;semantic_audit_sha256=a8d66dcdec688e4baa14071950764802ef696e0d6ea6133ab5709e5dff4c4959;closure_items_sha256=5388304f6acf4a610303e335eda6b1e598e6842ded901b1a502f39d2aa05bfe3;semantic_product_hits_sha256=a8d66dcdec688e4baa14071950764802ef696e0d6ea6133ab5709e5dff4c4959;closure_items_sha256=5388304f6acf4a610303e335eda6b1e598e6842ded901b1a502f39d2aa05bfe3	Retain the visible source spelling as the compatible identity; no product text was written.
MT-01953	frontend_untranslated	frontend_i18n_input	i18n/frontend-strings.tsv	global:247f96db649ef7bc8158	candidate_cn	基本		基本	i18n/frontend-strings.tsv#global:247f96db649ef7bc8158/candidate_cn	current-product-visible-identity-audit	legacy-ai	i18n/generated/input-provenance.tsv:269;legacy extraction row has no translation candidate;candidate_id=e7173a1ed98d6b09cc145213;key=global:247f96db649ef7bc8158;semantic_audit_sha256=a8d66dcdec688e4baa14071950764802ef696e0d6ea6133ab5709e5dff4c4959;closure_items_sha256=5388304f6acf4a610303e335eda6b1e598e6842ded901b1a502f39d2aa05bfe3;semantic_product_hits_sha256=a8d66dcdec688e4baa14071950764802ef696e0d6ea6133ab5709e5dff4c4959;closure_items_sha256=5388304f6acf4a610303e335eda6b1e598e6842ded901b1a502f39d2aa05bfe3	false	exact-product-node-audit	visible-cn-compatible-identity	基本	extracted source string is retained; exact-node semantics are separately audited	current_product_visible_identity	migrated_frontend_input_exact_node_closure	legacy-extraction-untranslated	not applicable; semantic classification only	false; no translation was authored	visible exact runtime node; offline candidate remains unselected	current-product-visible-identity-audit	基本	visible-cn-compatible-identity	low	frontend_visible_identity_retain	visible-cn-compatible-identity	i18n/generated/input-provenance.tsv:269;legacy extraction row has no translation candidate;candidate_id=e7173a1ed98d6b09cc145213;key=global:247f96db649ef7bc8158;semantic_audit_sha256=a8d66dcdec688e4baa14071950764802ef696e0d6ea6133ab5709e5dff4c4959;closure_items_sha256=5388304f6acf4a610303e335eda6b1e598e6842ded901b1a502f39d2aa05bfe3;semantic_product_hits_sha256=a8d66dcdec688e4baa14071950764802ef696e0d6ea6133ab5709e5dff4c4959;closure_items_sha256=5388304f6acf4a610303e335eda6b1e598e6842ded901b1a502f39d2aa05bfe3	Retain the visible source spelling as the compatible identity; no product text was written.
MT-01954	frontend_untranslated	frontend_i18n_input	i18n/frontend-strings.tsv	global:250558ed3152ec3e23ef	candidate_cn	&nbsp;年&nbsp;&nbsp;			i18n/frontend-strings.tsv#global:250558ed3152ec3e23ef/candidate_cn	current-product-exact-node-audit	legacy-ai	i18n/generated/input-provenance.tsv:1526;legacy extraction row has no translation candidate;candidate_id=7c4c4ed7ef01cae056a1f671;key=global:250558ed3152ec3e23ef;semantic_audit_sha256=a8d66dcdec688e4baa14071950764802ef696e0d6ea6133ab5709e5dff4c4959;closure_items_sha256=5388304f6acf4a610303e335eda6b1e598e6842ded901b1a502f39d2aa05bfe3;semantic_product_hits_sha256=a8d66dcdec688e4baa14071950764802ef696e0d6ea6133ab5709e5dff4c4959;closure_items_sha256=5388304f6acf4a610303e335eda6b1e598e6842ded901b1a502f39d2aa05bfe3	false	exact-product-node-audit	runtime-absent/not-backlog	&nbsp;年&nbsp;&nbsp;	extracted source string is retained; exact-node semantics are separately audited	current_product_exact_node_absence	migrated_frontend_input_exact_node_closure	legacy-extraction-untranslated	not applicable; semantic classification only	false; no translation was authored	false; exact source is absent from current runtime nodes	current-product-exact-node-audit		runtime-absent/not-backlog	none	frontend_source_absent_not_translation_backlog	runtime-absent/not-backlog	i18n/generated/input-provenance.tsv:1526;legacy extraction row has no translation candidate;candidate_id=7c4c4ed7ef01cae056a1f671;key=global:250558ed3152ec3e23ef;semantic_audit_sha256=a8d66dcdec688e4baa14071950764802ef696e0d6ea6133ab5709e5dff4c4959;closure_items_sha256=5388304f6acf4a610303e335eda6b1e598e6842ded901b1a502f39d2aa05bfe3;semantic_product_hits_sha256=a8d66dcdec688e4baa14071950764802ef696e0d6ea6133ab5709e5dff4c4959;closure_items_sha256=5388304f6acf4a610303e335eda6b1e598e6842ded901b1a502f39d2aa05bfe3	Exact current-product source node does not exist; no runtime translation is required.
MT-01955	frontend_untranslated	frontend_i18n_input	i18n/frontend-strings.tsv	global:385dc40306774957d51b	candidate_cn	分		分	i18n/frontend-strings.tsv#global:385dc40306774957d51b/candidate_cn	current-product-visible-identity-audit	legacy-ai	i18n/generated/input-provenance.tsv:55;legacy extraction row has no translation candidate;candidate_id=9a5243ca04b32894ecf097f1;key=global:385dc40306774957d51b;semantic_audit_sha256=a8d66dcdec688e4baa14071950764802ef696e0d6ea6133ab5709e5dff4c4959;closure_items_sha256=5388304f6acf4a610303e335eda6b1e598e6842ded901b1a502f39d2aa05bfe3;semantic_product_hits_sha256=a8d66dcdec688e4baa14071950764802ef696e0d6ea6133ab5709e5dff4c4959;closure_items_sha256=5388304f6acf4a610303e335eda6b1e598e6842ded901b1a502f39d2aa05bfe3	false	exact-product-node-audit	visible-cn-compatible-identity	分	extracted source string is retained; exact-node semantics are separately audited	current_product_visible_identity	migrated_frontend_input_exact_node_closure	legacy-extraction-untranslated	not applicable; semantic classification only	false; no translation was authored	visible exact runtime node; offline candidate remains unselected	current-product-visible-identity-audit	分	visible-cn-compatible-identity	low	frontend_visible_identity_retain	visible-cn-compatible-identity	i18n/generated/input-provenance.tsv:55;legacy extraction row has no translation candidate;candidate_id=9a5243ca04b32894ecf097f1;key=global:385dc40306774957d51b;semantic_audit_sha256=a8d66dcdec688e4baa14071950764802ef696e0d6ea6133ab5709e5dff4c4959;closure_items_sha256=5388304f6acf4a610303e335eda6b1e598e6842ded901b1a502f39d2aa05bfe3;semantic_product_hits_sha256=a8d66dcdec688e4baa14071950764802ef696e0d6ea6133ab5709e5dff4c4959;closure_items_sha256=5388304f6acf4a610303e335eda6b1e598e6842ded901b1a502f39d2aa05bfe3	Retain the visible source spelling as the compatible identity; no product text was written.
MT-01956	frontend_untranslated	frontend_i18n_input	i18n/frontend-strings.tsv	global:3bc18cfd7f105b5436bb	candidate_cn	三			i18n/frontend-strings.tsv#global:3bc18cfd7f105b5436bb/candidate_cn	current-product-exact-node-audit	legacy-ai	i18n/generated/input-provenance.tsv:639;legacy extraction row has no translation candidate;candidate_id=fc2928fc4699ec5c479c77c4;key=global:3bc18cfd7f105b5436bb;semantic_audit_sha256=a8d66dcdec688e4baa14071950764802ef696e0d6ea6133ab5709e5dff4c4959;closure_items_sha256=5388304f6acf4a610303e335eda6b1e598e6842ded901b1a502f39d2aa05bfe3;semantic_product_hits_sha256=a8d66dcdec688e4baa14071950764802ef696e0d6ea6133ab5709e5dff4c4959;closure_items_sha256=5388304f6acf4a610303e335eda6b1e598e6842ded901b1a502f39d2aa05bfe3	false	exact-product-node-audit	runtime-absent/not-backlog	三	extracted source string is retained; exact-node semantics are separately audited	current_product_exact_node_absence	migrated_frontend_input_exact_node_closure	legacy-extraction-untranslated	not applicable; semantic classification only	false; no translation was authored	false; exact source is absent from current runtime nodes	current-product-exact-node-audit		runtime-absent/not-backlog	none	frontend_source_absent_not_translation_backlog	runtime-absent/not-backlog	i18n/generated/input-provenance.tsv:639;legacy extraction row has no translation candidate;candidate_id=fc2928fc4699ec5c479c77c4;key=global:3bc18cfd7f105b5436bb;semantic_audit_sha256=a8d66dcdec688e4baa14071950764802ef696e0d6ea6133ab5709e5dff4c4959;closure_items_sha256=5388304f6acf4a610303e335eda6b1e598e6842ded901b1a502f39d2aa05bfe3;semantic_product_hits_sha256=a8d66dcdec688e4baa14071950764802ef696e0d6ea6133ab5709e5dff4c4959;closure_items_sha256=5388304f6acf4a610303e335eda6b1e598e6842ded901b1a502f39d2aa05bfe3	Exact current-product source node does not exist; no runtime translation is required.
MT-01957	frontend_untranslated	frontend_i18n_input	i18n/frontend-strings.tsv	global:504d9cf3acd3e8aa21f7	candidate_cn	第		第	i18n/frontend-strings.tsv#global:504d9cf3acd3e8aa21f7/candidate_cn	current-product-visible-identity-audit	legacy-ai	i18n/generated/input-provenance.tsv:80;legacy extraction row has no translation candidate;candidate_id=cd43980b5e5d2c53f87b84ce;key=global:504d9cf3acd3e8aa21f7;semantic_audit_sha256=a8d66dcdec688e4baa14071950764802ef696e0d6ea6133ab5709e5dff4c4959;closure_items_sha256=5388304f6acf4a610303e335eda6b1e598e6842ded901b1a502f39d2aa05bfe3;semantic_product_hits_sha256=a8d66dcdec688e4baa14071950764802ef696e0d6ea6133ab5709e5dff4c4959;closure_items_sha256=5388304f6acf4a610303e335eda6b1e598e6842ded901b1a502f39d2aa05bfe3	false	exact-product-node-audit	visible-cn-compatible-identity	第	extracted source string is retained; exact-node semantics are separately audited	current_product_visible_identity	migrated_frontend_input_exact_node_closure	legacy-extraction-untranslated	not applicable; semantic classification only	false; no translation was authored	visible exact runtime node; offline candidate remains unselected	current-product-visible-identity-audit	第	visible-cn-compatible-identity	low	frontend_visible_identity_retain	visible-cn-compatible-identity	i18n/generated/input-provenance.tsv:80;legacy extraction row has no translation candidate;candidate_id=cd43980b5e5d2c53f87b84ce;key=global:504d9cf3acd3e8aa21f7;semantic_audit_sha256=a8d66dcdec688e4baa14071950764802ef696e0d6ea6133ab5709e5dff4c4959;closure_items_sha256=5388304f6acf4a610303e335eda6b1e598e6842ded901b1a502f39d2aa05bfe3;semantic_product_hits_sha256=a8d66dcdec688e4baa14071950764802ef696e0d6ea6133ab5709e5dff4c4959;closure_items_sha256=5388304f6acf4a610303e335eda6b1e598e6842ded901b1a502f39d2aa05bfe3	Retain the visible source spelling as the compatible identity; no product text was written.
MT-01958	frontend_untranslated	frontend_i18n_input	i18n/frontend-strings.tsv	global:54936347233a66e46f05	candidate_cn	・利用規約に違反する行為。			i18n/frontend-strings.tsv#global:54936347233a66e46f05/candidate_cn	current-product-exact-node-audit	legacy-ai	i18n/generated/input-provenance.tsv:1233;legacy extraction row has no translation candidate;candidate_id=e38db3c126a81873f48e5309;key=global:54936347233a66e46f05;semantic_audit_sha256=a8d66dcdec688e4baa14071950764802ef696e0d6ea6133ab5709e5dff4c4959;closure_items_sha256=5388304f6acf4a610303e335eda6b1e598e6842ded901b1a502f39d2aa05bfe3;semantic_product_hits_sha256=a8d66dcdec688e4baa14071950764802ef696e0d6ea6133ab5709e5dff4c4959;closure_items_sha256=5388304f6acf4a610303e335eda6b1e598e6842ded901b1a502f39d2aa05bfe3	false	exact-product-node-audit	runtime-absent/not-backlog	・利用規約に違反する行為。	extracted source string is retained; exact-node semantics are separately audited	current_product_exact_node_absence	migrated_frontend_input_exact_node_closure	legacy-extraction-untranslated	not applicable; semantic classification only	false; no translation was authored	false; exact source is absent from current runtime nodes	current-product-exact-node-audit		runtime-absent/not-backlog	none	frontend_source_absent_not_translation_backlog	runtime-absent/not-backlog	i18n/generated/input-provenance.tsv:1233;legacy extraction row has no translation candidate;candidate_id=e38db3c126a81873f48e5309;key=global:54936347233a66e46f05;semantic_audit_sha256=a8d66dcdec688e4baa14071950764802ef696e0d6ea6133ab5709e5dff4c4959;closure_items_sha256=5388304f6acf4a610303e335eda6b1e598e6842ded901b1a502f39d2aa05bfe3;semantic_product_hits_sha256=a8d66dcdec688e4baa14071950764802ef696e0d6ea6133ab5709e5dff4c4959;closure_items_sha256=5388304f6acf4a610303e335eda6b1e598e6842ded901b1a502f39d2aa05bfe3	Exact current-product source node does not exist; no runtime translation is required.
MT-01959	frontend_untranslated	frontend_i18n_input	i18n/frontend-strings.tsv	global:58c5363bbc8e8c7801b3	candidate_cn	月		月	i18n/frontend-strings.tsv#global:58c5363bbc8e8c7801b3/candidate_cn	current-product-visible-identity-audit	legacy-ai	i18n/generated/input-provenance.tsv:16;legacy extraction row has no translation candidate;candidate_id=808f62c98a19ba0e5d9002ad;key=global:58c5363bbc8e8c7801b3;semantic_audit_sha256=a8d66dcdec688e4baa14071950764802ef696e0d6ea6133ab5709e5dff4c4959;closure_items_sha256=5388304f6acf4a610303e335eda6b1e598e6842ded901b1a502f39d2aa05bfe3;semantic_product_hits_sha256=a8d66dcdec688e4baa14071950764802ef696e0d6ea6133ab5709e5dff4c4959;closure_items_sha256=5388304f6acf4a610303e335eda6b1e598e6842ded901b1a502f39d2aa05bfe3	false	exact-product-node-audit	visible-cn-compatible-identity	月	extracted source string is retained; exact-node semantics are separately audited	current_product_visible_identity	migrated_frontend_input_exact_node_closure	legacy-extraction-untranslated	not applicable; semantic classification only	false; no translation was authored	visible exact runtime node; offline candidate remains unselected	current-product-visible-identity-audit	月	visible-cn-compatible-identity	low	frontend_visible_identity_retain	visible-cn-compatible-identity	i18n/generated/input-provenance.tsv:16;legacy extraction row has no translation candidate;candidate_id=808f62c98a19ba0e5d9002ad;key=global:58c5363bbc8e8c7801b3;semantic_audit_sha256=a8d66dcdec688e4baa14071950764802ef696e0d6ea6133ab5709e5dff4c4959;closure_items_sha256=5388304f6acf4a610303e335eda6b1e598e6842ded901b1a502f39d2aa05bfe3;semantic_product_hits_sha256=a8d66dcdec688e4baa14071950764802ef696e0d6ea6133ab5709e5dff4c4959;closure_items_sha256=5388304f6acf4a610303e335eda6b1e598e6842ded901b1a502f39d2aa05bfe3	Retain the visible source spelling as the compatible identity; no product text was written.
MT-01960	frontend_untranslated	frontend_i18n_input	i18n/frontend-strings.tsv	global:5a3aa9c3233df5ca2fab	candidate_cn	年		年	i18n/frontend-strings.tsv#global:5a3aa9c3233df5ca2fab/candidate_cn	current-product-visible-identity-audit	legacy-ai	i18n/generated/input-provenance.tsv:323;legacy extraction row has no translation candidate;candidate_id=0843583b648c14a72a9f5203;key=global:5a3aa9c3233df5ca2fab;semantic_audit_sha256=a8d66dcdec688e4baa14071950764802ef696e0d6ea6133ab5709e5dff4c4959;closure_items_sha256=5388304f6acf4a610303e335eda6b1e598e6842ded901b1a502f39d2aa05bfe3;semantic_product_hits_sha256=a8d66dcdec688e4baa14071950764802ef696e0d6ea6133ab5709e5dff4c4959;closure_items_sha256=5388304f6acf4a610303e335eda6b1e598e6842ded901b1a502f39d2aa05bfe3	false	exact-product-node-audit	visible-cn-compatible-identity	年	extracted source string is retained; exact-node semantics are separately audited	current_product_visible_identity	migrated_frontend_input_exact_node_closure	legacy-extraction-untranslated	not applicable; semantic classification only	false; no translation was authored	visible exact runtime node; offline candidate remains unselected	current-product-visible-identity-audit	年	visible-cn-compatible-identity	low	frontend_visible_identity_retain	visible-cn-compatible-identity	i18n/generated/input-provenance.tsv:323;legacy extraction row has no translation candidate;candidate_id=0843583b648c14a72a9f5203;key=global:5a3aa9c3233df5ca2fab;semantic_audit_sha256=a8d66dcdec688e4baa14071950764802ef696e0d6ea6133ab5709e5dff4c4959;closure_items_sha256=5388304f6acf4a610303e335eda6b1e598e6842ded901b1a502f39d2aa05bfe3;semantic_product_hits_sha256=a8d66dcdec688e4baa14071950764802ef696e0d6ea6133ab5709e5dff4c4959;closure_items_sha256=5388304f6acf4a610303e335eda6b1e598e6842ded901b1a502f39d2aa05bfe3	Retain the visible source spelling as the compatible identity; no product text was written.
MT-01961	frontend_untranslated	frontend_i18n_input	i18n/frontend-strings.tsv	global:5e10466af9402b5612fc	candidate_cn	章		章	i18n/frontend-strings.tsv#global:5e10466af9402b5612fc/candidate_cn	current-product-visible-identity-audit	legacy-ai	i18n/generated/input-provenance.tsv:1270;legacy extraction row has no translation candidate;candidate_id=1e727dd402a1d06a0a6ea432;key=global:5e10466af9402b5612fc;semantic_audit_sha256=a8d66dcdec688e4baa14071950764802ef696e0d6ea6133ab5709e5dff4c4959;closure_items_sha256=5388304f6acf4a610303e335eda6b1e598e6842ded901b1a502f39d2aa05bfe3;semantic_product_hits_sha256=a8d66dcdec688e4baa14071950764802ef696e0d6ea6133ab5709e5dff4c4959;closure_items_sha256=5388304f6acf4a610303e335eda6b1e598e6842ded901b1a502f39d2aa05bfe3	false	exact-product-node-audit	visible-cn-compatible-identity	章	extracted source string is retained; exact-node semantics are separately audited	current_product_visible_identity	migrated_frontend_input_exact_node_closure	legacy-extraction-untranslated	not applicable; semantic classification only	false; no translation was authored	visible exact runtime node; offline candidate remains unselected	current-product-visible-identity-audit	章	visible-cn-compatible-identity	low	frontend_visible_identity_retain	visible-cn-compatible-identity	i18n/generated/input-provenance.tsv:1270;legacy extraction row has no translation candidate;candidate_id=1e727dd402a1d06a0a6ea432;key=global:5e10466af9402b5612fc;semantic_audit_sha256=a8d66dcdec688e4baa14071950764802ef696e0d6ea6133ab5709e5dff4c4959;closure_items_sha256=5388304f6acf4a610303e335eda6b1e598e6842ded901b1a502f39d2aa05bfe3;semantic_product_hits_sha256=a8d66dcdec688e4baa14071950764802ef696e0d6ea6133ab5709e5dff4c4959;closure_items_sha256=5388304f6acf4a610303e335eda6b1e598e6842ded901b1a502f39d2aa05bfe3	Retain the visible source spelling as the compatible identity; no product text was written.
MT-01962	frontend_untranslated	frontend_i18n_input	i18n/frontend-strings.tsv	global:609b244eeafebab0b919	candidate_cn	特殊		特殊	i18n/frontend-strings.tsv#global:609b244eeafebab0b919/candidate_cn	current-product-visible-identity-audit	legacy-ai	i18n/generated/input-provenance.tsv:1591;legacy extraction row has no translation candidate;candidate_id=8cbfb00056eb4efb4fb5eae1;key=global:609b244eeafebab0b919;semantic_audit_sha256=a8d66dcdec688e4baa14071950764802ef696e0d6ea6133ab5709e5dff4c4959;closure_items_sha256=5388304f6acf4a610303e335eda6b1e598e6842ded901b1a502f39d2aa05bfe3;semantic_product_hits_sha256=a8d66dcdec688e4baa14071950764802ef696e0d6ea6133ab5709e5dff4c4959;closure_items_sha256=5388304f6acf4a610303e335eda6b1e598e6842ded901b1a502f39d2aa05bfe3	false	exact-product-node-audit	visible-cn-compatible-identity	特殊	extracted source string is retained; exact-node semantics are separately audited	current_product_visible_identity	migrated_frontend_input_exact_node_closure	legacy-extraction-untranslated	not applicable; semantic classification only	false; no translation was authored	visible exact runtime node; offline candidate remains unselected	current-product-visible-identity-audit	特殊	visible-cn-compatible-identity	low	frontend_visible_identity_retain	visible-cn-compatible-identity	i18n/generated/input-provenance.tsv:1591;legacy extraction row has no translation candidate;candidate_id=8cbfb00056eb4efb4fb5eae1;key=global:609b244eeafebab0b919;semantic_audit_sha256=a8d66dcdec688e4baa14071950764802ef696e0d6ea6133ab5709e5dff4c4959;closure_items_sha256=5388304f6acf4a610303e335eda6b1e598e6842ded901b1a502f39d2aa05bfe3;semantic_product_hits_sha256=a8d66dcdec688e4baa14071950764802ef696e0d6ea6133ab5709e5dff4c4959;closure_items_sha256=5388304f6acf4a610303e335eda6b1e598e6842ded901b1a502f39d2aa05bfe3	Retain the visible source spelling as the compatible identity; no product text was written.
MT-01963	frontend_untranslated	frontend_i18n_input	i18n/frontend-strings.tsv	global:6665ac4ca7f216509cba	candidate_cn	使用数		使用数	i18n/frontend-strings.tsv#global:6665ac4ca7f216509cba/candidate_cn	current-product-visible-identity-audit	legacy-ai	i18n/generated/input-provenance.tsv:1310;legacy extraction row has no translation candidate;candidate_id=41651e9cc9dd6e5d094b9954;key=global:6665ac4ca7f216509cba;semantic_audit_sha256=a8d66dcdec688e4baa14071950764802ef696e0d6ea6133ab5709e5dff4c4959;closure_items_sha256=5388304f6acf4a610303e335eda6b1e598e6842ded901b1a502f39d2aa05bfe3;semantic_product_hits_sha256=a8d66dcdec688e4baa14071950764802ef696e0d6ea6133ab5709e5dff4c4959;closure_items_sha256=5388304f6acf4a610303e335eda6b1e598e6842ded901b1a502f39d2aa05bfe3	false	exact-product-node-audit	visible-cn-compatible-identity	使用数	extracted source string is retained; exact-node semantics are separately audited	current_product_visible_identity	migrated_frontend_input_exact_node_closure	legacy-extraction-untranslated	not applicable; semantic classification only	false; no translation was authored	visible exact runtime node; offline candidate remains unselected	current-product-visible-identity-audit	使用数	visible-cn-compatible-identity	low	frontend_visible_identity_retain	visible-cn-compatible-identity	i18n/generated/input-provenance.tsv:1310;legacy extraction row has no translation candidate;candidate_id=41651e9cc9dd6e5d094b9954;key=global:6665ac4ca7f216509cba;semantic_audit_sha256=a8d66dcdec688e4baa14071950764802ef696e0d6ea6133ab5709e5dff4c4959;closure_items_sha256=5388304f6acf4a610303e335eda6b1e598e6842ded901b1a502f39d2aa05bfe3;semantic_product_hits_sha256=a8d66dcdec688e4baa14071950764802ef696e0d6ea6133ab5709e5dff4c4959;closure_items_sha256=5388304f6acf4a610303e335eda6b1e598e6842ded901b1a502f39d2aa05bfe3	Retain the visible source spelling as the compatible identity; no product text was written.
MT-01964	frontend_untranslated	frontend_i18n_input	i18n/frontend-strings.tsv	global:6ab22b863490d365d46b	candidate_cn	杏子		杏子	i18n/frontend-strings.tsv#global:6ab22b863490d365d46b/candidate_cn	current-product-visible-identity-audit	legacy-ai	i18n/generated/input-provenance.tsv:1158;legacy extraction row has no translation candidate;candidate_id=f24d2098f25389672b948ab3;key=global:6ab22b863490d365d46b;semantic_audit_sha256=a8d66dcdec688e4baa14071950764802ef696e0d6ea6133ab5709e5dff4c4959;closure_items_sha256=5388304f6acf4a610303e335eda6b1e598e6842ded901b1a502f39d2aa05bfe3;semantic_product_hits_sha256=a8d66dcdec688e4baa14071950764802ef696e0d6ea6133ab5709e5dff4c4959;closure_items_sha256=5388304f6acf4a610303e335eda6b1e598e6842ded901b1a502f39d2aa05bfe3	false	exact-product-node-audit	visible-cn-compatible-identity	杏子	extracted source string is retained; exact-node semantics are separately audited	current_product_visible_identity	migrated_frontend_input_exact_node_closure	legacy-extraction-untranslated	not applicable; semantic classification only	false; no translation was authored	visible exact runtime node; offline candidate remains unselected	current-product-visible-identity-audit	杏子	visible-cn-compatible-identity	low	frontend_visible_identity_retain	visible-cn-compatible-identity	i18n/generated/input-provenance.tsv:1158;legacy extraction row has no translation candidate;candidate_id=f24d2098f25389672b948ab3;key=global:6ab22b863490d365d46b;semantic_audit_sha256=a8d66dcdec688e4baa14071950764802ef696e0d6ea6133ab5709e5dff4c4959;closure_items_sha256=5388304f6acf4a610303e335eda6b1e598e6842ded901b1a502f39d2aa05bfe3;semantic_product_hits_sha256=a8d66dcdec688e4baa14071950764802ef696e0d6ea6133ab5709e5dff4c4959;closure_items_sha256=5388304f6acf4a610303e335eda6b1e598e6842ded901b1a502f39d2aa05bfe3	Retain the visible source spelling as the compatible identity; no product text was written.
MT-01965	frontend_untranslated	frontend_i18n_input	i18n/frontend-strings.tsv	global:6ec4009aee4bddf7aa31	candidate_cn	属性相性		属性克制	i18n/frontend-strings.tsv#global:6ec4009aee4bddf7aa31/candidate_cn	official-cn-exact-path-dom-match	official	i18n/generated/input-provenance.tsv:1599;legacy extraction row has no translation candidate;candidate_id=a1fa68300d1139998e217941;key=global:6ec4009aee4bddf7aa31;semantic_audit_sha256=a8d66dcdec688e4baa14071950764802ef696e0d6ea6133ab5709e5dff4c4959;closure_items_sha256=5388304f6acf4a610303e335eda6b1e598e6842ded901b1a502f39d2aa05bfe3;official-cn-static/magica/template/formation/FormationQuest.html;dom=#deckDetailCongeniality>p;sha256=8a73978062da1662bb7405d93ca37ef4e924b8a0b14bd66a56237e6ea8480f8d	false	exact-path-dom-match	official-source-verified	属性相性	extracted source string is retained; exact-node semantics are separately audited	official_cn_exact_path_dom_match	migrated_frontend_input_exact_node_closure	legacy-extraction-untranslated	official CN static product source	false	visible exact runtime node; offline candidate remains unselected	official-cn-exact-path-dom-match	属性克制	official-source-verified	low	frontend_official_cn_exact_path_dom_match	official-source-verified	i18n/generated/input-provenance.tsv:1599;legacy extraction row has no translation candidate;candidate_id=a1fa68300d1139998e217941;key=global:6ec4009aee4bddf7aa31;semantic_audit_sha256=a8d66dcdec688e4baa14071950764802ef696e0d6ea6133ab5709e5dff4c4959;closure_items_sha256=5388304f6acf4a610303e335eda6b1e598e6842ded901b1a502f39d2aa05bfe3;official-cn-static/magica/template/formation/FormationQuest.html;dom=#deckDetailCongeniality>p;sha256=8a73978062da1662bb7405d93ca37ef4e924b8a0b14bd66a56237e6ea8480f8d	Official CN FormationQuest.html#deckDetailCongeniality uses 属性克制; source SHA256=8a73978062da1662bb7405d93ca37ef4e924b8a0b14bd66a56237e6ea8480f8d.
MT-01966	frontend_untranslated	frontend_i18n_input	i18n/frontend-strings.tsv	global:6f23b8f870b39941382c	candidate_cn	水		水	i18n/frontend-strings.tsv#global:6f23b8f870b39941382c/candidate_cn	current-product-visible-identity-audit	legacy-ai	i18n/generated/input-provenance.tsv:361;legacy extraction row has no translation candidate;candidate_id=5a7f2da7aa6f1282c5e8f211;key=global:6f23b8f870b39941382c;semantic_audit_sha256=a8d66dcdec688e4baa14071950764802ef696e0d6ea6133ab5709e5dff4c4959;closure_items_sha256=5388304f6acf4a610303e335eda6b1e598e6842ded901b1a502f39d2aa05bfe3;semantic_product_hits_sha256=a8d66dcdec688e4baa14071950764802ef696e0d6ea6133ab5709e5dff4c4959;closure_items_sha256=5388304f6acf4a610303e335eda6b1e598e6842ded901b1a502f39d2aa05bfe3	false	exact-product-node-audit	visible-cn-compatible-identity	水	extracted source string is retained; exact-node semantics are separately audited	current_product_visible_identity	migrated_frontend_input_exact_node_closure	legacy-extraction-untranslated	not applicable; semantic classification only	false; no translation was authored	visible exact runtime node; offline candidate remains unselected	current-product-visible-identity-audit	水	visible-cn-compatible-identity	low	frontend_visible_identity_retain	visible-cn-compatible-identity	i18n/generated/input-provenance.tsv:361;legacy extraction row has no translation candidate;candidate_id=5a7f2da7aa6f1282c5e8f211;key=global:6f23b8f870b39941382c;semantic_audit_sha256=a8d66dcdec688e4baa14071950764802ef696e0d6ea6133ab5709e5dff4c4959;closure_items_sha256=5388304f6acf4a610303e335eda6b1e598e6842ded901b1a502f39d2aa05bfe3;semantic_product_hits_sha256=a8d66dcdec688e4baa14071950764802ef696e0d6ea6133ab5709e5dff4c4959;closure_items_sha256=5388304f6acf4a610303e335eda6b1e598e6842ded901b1a502f39d2aa05bfe3	Retain the visible source spelling as the compatible identity; no product text was written.
MT-01967	frontend_untranslated	frontend_i18n_input	i18n/frontend-strings.tsv	global:79ce7c7e749732a59a8c	candidate_cn	前半		前半	i18n/frontend-strings.tsv#global:79ce7c7e749732a59a8c/candidate_cn	current-product-visible-identity-audit	legacy-ai	i18n/generated/input-provenance.tsv:1610;legacy extraction row has no translation candidate;candidate_id=83b050dbd191ce202674ca04;key=global:79ce7c7e749732a59a8c;semantic_audit_sha256=a8d66dcdec688e4baa14071950764802ef696e0d6ea6133ab5709e5dff4c4959;closure_items_sha256=5388304f6acf4a610303e335eda6b1e598e6842ded901b1a502f39d2aa05bfe3;semantic_product_hits_sha256=a8d66dcdec688e4baa14071950764802ef696e0d6ea6133ab5709e5dff4c4959;closure_items_sha256=5388304f6acf4a610303e335eda6b1e598e6842ded901b1a502f39d2aa05bfe3	false	exact-product-node-audit	visible-cn-compatible-identity	前半	extracted source string is retained; exact-node semantics are separately audited	current_product_visible_identity	migrated_frontend_input_exact_node_closure	legacy-extraction-untranslated	not applicable; semantic classification only	false; no translation was authored	visible exact runtime node; offline candidate remains unselected	current-product-visible-identity-audit	前半	visible-cn-compatible-identity	low	frontend_visible_identity_retain	visible-cn-compatible-identity	i18n/generated/input-provenance.tsv:1610;legacy extraction row has no translation candidate;candidate_id=83b050dbd191ce202674ca04;key=global:79ce7c7e749732a59a8c;semantic_audit_sha256=a8d66dcdec688e4baa14071950764802ef696e0d6ea6133ab5709e5dff4c4959;closure_items_sha256=5388304f6acf4a610303e335eda6b1e598e6842ded901b1a502f39d2aa05bfe3;semantic_product_hits_sha256=a8d66dcdec688e4baa14071950764802ef696e0d6ea6133ab5709e5dff4c4959;closure_items_sha256=5388304f6acf4a610303e335eda6b1e598e6842ded901b1a502f39d2aa05bfe3	Retain the visible source spelling as the compatible identity; no product text was written.
MT-01968	frontend_untranslated	frontend_i18n_input	i18n/frontend-strings.tsv	global:7a019de4df4cdb2f3087	candidate_cn	部			i18n/frontend-strings.tsv#global:7a019de4df4cdb2f3087/candidate_cn	current-product-exact-node-audit	legacy-ai	i18n/generated/input-provenance.tsv:207;legacy extraction row has no translation candidate;candidate_id=ead68fd41e1999bf79a8f098;key=global:7a019de4df4cdb2f3087;semantic_audit_sha256=a8d66dcdec688e4baa14071950764802ef696e0d6ea6133ab5709e5dff4c4959;closure_items_sha256=5388304f6acf4a610303e335eda6b1e598e6842ded901b1a502f39d2aa05bfe3;semantic_product_hits_sha256=a8d66dcdec688e4baa14071950764802ef696e0d6ea6133ab5709e5dff4c4959;closure_items_sha256=5388304f6acf4a610303e335eda6b1e598e6842ded901b1a502f39d2aa05bfe3	false	exact-product-node-audit	runtime-absent/not-backlog	部	extracted source string is retained; exact-node semantics are separately audited	current_product_exact_node_absence	migrated_frontend_input_exact_node_closure	legacy-extraction-untranslated	not applicable; semantic classification only	false; no translation was authored	false; exact source is absent from current runtime nodes	current-product-exact-node-audit		runtime-absent/not-backlog	none	frontend_source_absent_not_translation_backlog	runtime-absent/not-backlog	i18n/generated/input-provenance.tsv:207;legacy extraction row has no translation candidate;candidate_id=ead68fd41e1999bf79a8f098;key=global:7a019de4df4cdb2f3087;semantic_audit_sha256=a8d66dcdec688e4baa14071950764802ef696e0d6ea6133ab5709e5dff4c4959;closure_items_sha256=5388304f6acf4a610303e335eda6b1e598e6842ded901b1a502f39d2aa05bfe3;semantic_product_hits_sha256=a8d66dcdec688e4baa14071950764802ef696e0d6ea6133ab5709e5dff4c4959;closure_items_sha256=5388304f6acf4a610303e335eda6b1e598e6842ded901b1a502f39d2aa05bfe3	Exact current-product source node does not exist; no runtime translation is required.
MT-01969	frontend_untranslated	frontend_i18n_input	i18n/frontend-strings.tsv	global:7f1aadb517eb8109d02d	candidate_cn	全部			i18n/frontend-strings.tsv#global:7f1aadb517eb8109d02d/candidate_cn	current-product-exact-node-audit	legacy-ai	i18n/generated/input-provenance.tsv:527;legacy extraction row has no translation candidate;candidate_id=a8e2621bff829112fc730fa4;key=global:7f1aadb517eb8109d02d;semantic_audit_sha256=a8d66dcdec688e4baa14071950764802ef696e0d6ea6133ab5709e5dff4c4959;closure_items_sha256=5388304f6acf4a610303e335eda6b1e598e6842ded901b1a502f39d2aa05bfe3;semantic_product_hits_sha256=a8d66dcdec688e4baa14071950764802ef696e0d6ea6133ab5709e5dff4c4959;closure_items_sha256=5388304f6acf4a610303e335eda6b1e598e6842ded901b1a502f39d2aa05bfe3	false	exact-product-node-audit	runtime-absent/not-backlog	全部	extracted source string is retained; exact-node semantics are separately audited	current_product_exact_node_absence	migrated_frontend_input_exact_node_closure	legacy-extraction-untranslated	not applicable; semantic classification only	false; no translation was authored	false; exact source is absent from current runtime nodes	current-product-exact-node-audit		runtime-absent/not-backlog	none	frontend_source_absent_not_translation_backlog	runtime-absent/not-backlog	i18n/generated/input-provenance.tsv:527;legacy extraction row has no translation candidate;candidate_id=a8e2621bff829112fc730fa4;key=global:7f1aadb517eb8109d02d;semantic_audit_sha256=a8d66dcdec688e4baa14071950764802ef696e0d6ea6133ab5709e5dff4c4959;closure_items_sha256=5388304f6acf4a610303e335eda6b1e598e6842ded901b1a502f39d2aa05bfe3;semantic_product_hits_sha256=a8d66dcdec688e4baa14071950764802ef696e0d6ea6133ab5709e5dff4c4959;closure_items_sha256=5388304f6acf4a610303e335eda6b1e598e6842ded901b1a502f39d2aa05bfe3	Exact current-product source node does not exist; no runtime translation is required.
MT-01970	frontend_untranslated	frontend_i18n_input	i18n/frontend-strings.tsv	global:859902e249af102fa272	candidate_cn	名		名	i18n/frontend-strings.tsv#global:859902e249af102fa272/candidate_cn	current-product-visible-identity-audit	legacy-ai	i18n/generated/input-provenance.tsv:242;legacy extraction row has no translation candidate;candidate_id=d08c0d0a45e5572599f4cf2b;key=global:859902e249af102fa272;semantic_audit_sha256=a8d66dcdec688e4baa14071950764802ef696e0d6ea6133ab5709e5dff4c4959;closure_items_sha256=5388304f6acf4a610303e335eda6b1e598e6842ded901b1a502f39d2aa05bfe3;semantic_product_hits_sha256=a8d66dcdec688e4baa14071950764802ef696e0d6ea6133ab5709e5dff4c4959;closure_items_sha256=5388304f6acf4a610303e335eda6b1e598e6842ded901b1a502f39d2aa05bfe3	false	exact-product-node-audit	visible-cn-compatible-identity	名	extracted source string is retained; exact-node semantics are separately audited	current_product_visible_identity	migrated_frontend_input_exact_node_closure	legacy-extraction-untranslated	not applicable; semantic classification only	false; no translation was authored	visible exact runtime node; offline candidate remains unselected	current-product-visible-identity-audit	名	visible-cn-compatible-identity	low	frontend_visible_identity_retain	visible-cn-compatible-identity	i18n/generated/input-provenance.tsv:242;legacy extraction row has no translation candidate;candidate_id=d08c0d0a45e5572599f4cf2b;key=global:859902e249af102fa272;semantic_audit_sha256=a8d66dcdec688e4baa14071950764802ef696e0d6ea6133ab5709e5dff4c4959;closure_items_sha256=5388304f6acf4a610303e335eda6b1e598e6842ded901b1a502f39d2aa05bfe3;semantic_product_hits_sha256=a8d66dcdec688e4baa14071950764802ef696e0d6ea6133ab5709e5dff4c4959;closure_items_sha256=5388304f6acf4a610303e335eda6b1e598e6842ded901b1a502f39d2aa05bfe3	Retain the visible source spelling as the compatible identity; no product text was written.
MT-01971	frontend_untranslated	frontend_i18n_input	i18n/frontend-strings.tsv	global:8b3a3f2114a17bf13859	candidate_cn	特定商取引法・資金決済法に関して			i18n/frontend-strings.tsv#global:8b3a3f2114a17bf13859/candidate_cn	current-product-exact-node-audit	legacy-ai	i18n/generated/input-provenance.tsv:469;legacy extraction row has no translation candidate;candidate_id=4b86435b930e3539eb9c06ae;key=global:8b3a3f2114a17bf13859;semantic_audit_sha256=a8d66dcdec688e4baa14071950764802ef696e0d6ea6133ab5709e5dff4c4959;closure_items_sha256=5388304f6acf4a610303e335eda6b1e598e6842ded901b1a502f39d2aa05bfe3;semantic_product_hits_sha256=a8d66dcdec688e4baa14071950764802ef696e0d6ea6133ab5709e5dff4c4959;closure_items_sha256=5388304f6acf4a610303e335eda6b1e598e6842ded901b1a502f39d2aa05bfe3	false	exact-product-node-audit	runtime-absent/not-backlog	特定商取引法・資金決済法に関して	extracted source string is retained; exact-node semantics are separately audited	current_product_exact_node_absence	migrated_frontend_input_exact_node_closure	legacy-extraction-untranslated	not applicable; semantic classification only	false; no translation was authored	false; exact source is absent from current runtime nodes	current-product-exact-node-audit		runtime-absent/not-backlog	none	frontend_source_absent_not_translation_backlog	runtime-absent/not-backlog	i18n/generated/input-provenance.tsv:469;legacy extraction row has no translation candidate;candidate_id=4b86435b930e3539eb9c06ae;key=global:8b3a3f2114a17bf13859;semantic_audit_sha256=a8d66dcdec688e4baa14071950764802ef696e0d6ea6133ab5709e5dff4c4959;closure_items_sha256=5388304f6acf4a610303e335eda6b1e598e6842ded901b1a502f39d2aa05bfe3;semantic_product_hits_sha256=a8d66dcdec688e4baa14071950764802ef696e0d6ea6133ab5709e5dff4c4959;closure_items_sha256=5388304f6acf4a610303e335eda6b1e598e6842ded901b1a502f39d2aa05bfe3	Exact current-product source node does not exist; no runtime translation is required.
MT-01972	frontend_untranslated	frontend_i18n_input	i18n/frontend-strings.tsv	global:8ddcf27b4dac793d6bd3	candidate_cn	サービス利用規約			i18n/frontend-strings.tsv#global:8ddcf27b4dac793d6bd3/candidate_cn	current-product-exact-node-audit	legacy-ai	i18n/generated/input-provenance.tsv:605;legacy extraction row has no translation candidate;candidate_id=f640215bb3c2e20e273bfe77;key=global:8ddcf27b4dac793d6bd3;semantic_audit_sha256=a8d66dcdec688e4baa14071950764802ef696e0d6ea6133ab5709e5dff4c4959;closure_items_sha256=5388304f6acf4a610303e335eda6b1e598e6842ded901b1a502f39d2aa05bfe3;semantic_product_hits_sha256=a8d66dcdec688e4baa14071950764802ef696e0d6ea6133ab5709e5dff4c4959;closure_items_sha256=5388304f6acf4a610303e335eda6b1e598e6842ded901b1a502f39d2aa05bfe3	false	exact-product-node-audit	runtime-absent/not-backlog	サービス利用規約	extracted source string is retained; exact-node semantics are separately audited	current_product_exact_node_absence	migrated_frontend_input_exact_node_closure	legacy-extraction-untranslated	not applicable; semantic classification only	false; no translation was authored	false; exact source is absent from current runtime nodes	current-product-exact-node-audit		runtime-absent/not-backlog	none	frontend_source_absent_not_translation_backlog	runtime-absent/not-backlog	i18n/generated/input-provenance.tsv:605;legacy extraction row has no translation candidate;candidate_id=f640215bb3c2e20e273bfe77;key=global:8ddcf27b4dac793d6bd3;semantic_audit_sha256=a8d66dcdec688e4baa14071950764802ef696e0d6ea6133ab5709e5dff4c4959;closure_items_sha256=5388304f6acf4a610303e335eda6b1e598e6842ded901b1a502f39d2aa05bfe3;semantic_product_hits_sha256=a8d66dcdec688e4baa14071950764802ef696e0d6ea6133ab5709e5dff4c4959;closure_items_sha256=5388304f6acf4a610303e335eda6b1e598e6842ded901b1a502f39d2aa05bfe3	Exact current-product source node does not exist; no runtime translation is required.
MT-01973	frontend_untranslated	frontend_i18n_input	i18n/frontend-strings.tsv	global:8faf1f2557511c7ae002	candidate_cn	火		火	i18n/frontend-strings.tsv#global:8faf1f2557511c7ae002/candidate_cn	current-product-visible-identity-audit	legacy-ai	i18n/generated/input-provenance.tsv:360;legacy extraction row has no translation candidate;candidate_id=1a7f1b403b9ca6cd3a8d7d91;key=global:8faf1f2557511c7ae002;semantic_audit_sha256=a8d66dcdec688e4baa14071950764802ef696e0d6ea6133ab5709e5dff4c4959;closure_items_sha256=5388304f6acf4a610303e335eda6b1e598e6842ded901b1a502f39d2aa05bfe3;semantic_product_hits_sha256=a8d66dcdec688e4baa14071950764802ef696e0d6ea6133ab5709e5dff4c4959;closure_items_sha256=5388304f6acf4a610303e335eda6b1e598e6842ded901b1a502f39d2aa05bfe3	false	exact-product-node-audit	visible-cn-compatible-identity	火	extracted source string is retained; exact-node semantics are separately audited	current_product_visible_identity	migrated_frontend_input_exact_node_closure	legacy-extraction-untranslated	not applicable; semantic classification only	false; no translation was authored	visible exact runtime node; offline candidate remains unselected	current-product-visible-identity-audit	火	visible-cn-compatible-identity	low	frontend_visible_identity_retain	visible-cn-compatible-identity	i18n/generated/input-provenance.tsv:360;legacy extraction row has no translation candidate;candidate_id=1a7f1b403b9ca6cd3a8d7d91;key=global:8faf1f2557511c7ae002;semantic_audit_sha256=a8d66dcdec688e4baa14071950764802ef696e0d6ea6133ab5709e5dff4c4959;closure_items_sha256=5388304f6acf4a610303e335eda6b1e598e6842ded901b1a502f39d2aa05bfe3;semantic_product_hits_sha256=a8d66dcdec688e4baa14071950764802ef696e0d6ea6133ab5709e5dff4c4959;closure_items_sha256=5388304f6acf4a610303e335eda6b1e598e6842ded901b1a502f39d2aa05bfe3	Retain the visible source spelling as the compatible identity; no product text was written.
MT-01974	frontend_untranslated	frontend_i18n_input	i18n/frontend-strings.tsv	global:99a2c6f00139f2983e4f	candidate_cn	人以上		人以上	i18n/frontend-strings.tsv#global:99a2c6f00139f2983e4f/candidate_cn	current-product-visible-identity-audit	legacy-ai	i18n/generated/input-provenance.tsv:756;legacy extraction row has no translation candidate;candidate_id=57b06de3253ffac5aa2c4f91;key=global:99a2c6f00139f2983e4f;semantic_audit_sha256=a8d66dcdec688e4baa14071950764802ef696e0d6ea6133ab5709e5dff4c4959;closure_items_sha256=5388304f6acf4a610303e335eda6b1e598e6842ded901b1a502f39d2aa05bfe3;semantic_product_hits_sha256=a8d66dcdec688e4baa14071950764802ef696e0d6ea6133ab5709e5dff4c4959;closure_items_sha256=5388304f6acf4a610303e335eda6b1e598e6842ded901b1a502f39d2aa05bfe3	false	exact-product-node-audit	visible-cn-compatible-identity	人以上	extracted source string is retained; exact-node semantics are separately audited	current_product_visible_identity	migrated_frontend_input_exact_node_closure	legacy-extraction-untranslated	not applicable; semantic classification only	false; no translation was authored	visible exact runtime node; offline candidate remains unselected	current-product-visible-identity-audit	人以上	visible-cn-compatible-identity	low	frontend_visible_identity_retain	visible-cn-compatible-identity	i18n/generated/input-provenance.tsv:756;legacy extraction row has no translation candidate;candidate_id=57b06de3253ffac5aa2c4f91;key=global:99a2c6f00139f2983e4f;semantic_audit_sha256=a8d66dcdec688e4baa14071950764802ef696e0d6ea6133ab5709e5dff4c4959;closure_items_sha256=5388304f6acf4a610303e335eda6b1e598e6842ded901b1a502f39d2aa05bfe3;semantic_product_hits_sha256=a8d66dcdec688e4baa14071950764802ef696e0d6ea6133ab5709e5dff4c4959;closure_items_sha256=5388304f6acf4a610303e335eda6b1e598e6842ded901b1a502f39d2aa05bfe3	Retain the visible source spelling as the compatible identity; no product text was written.
MT-01975	frontend_untranslated	frontend_i18n_input	i18n/frontend-strings.tsv	global:9ab37a2a780884c94afd	candidate_cn	破魔大吉		破魔大吉	i18n/frontend-strings.tsv#global:9ab37a2a780884c94afd/candidate_cn	current-product-visible-identity-audit	legacy-ai	i18n/generated/input-provenance.tsv:1218;legacy extraction row has no translation candidate;candidate_id=0e8ebae8d2dbd85fb82b9802;key=global:9ab37a2a780884c94afd;semantic_audit_sha256=a8d66dcdec688e4baa14071950764802ef696e0d6ea6133ab5709e5dff4c4959;closure_items_sha256=5388304f6acf4a610303e335eda6b1e598e6842ded901b1a502f39d2aa05bfe3;semantic_product_hits_sha256=a8d66dcdec688e4baa14071950764802ef696e0d6ea6133ab5709e5dff4c4959;closure_items_sha256=5388304f6acf4a610303e335eda6b1e598e6842ded901b1a502f39d2aa05bfe3	false	exact-product-node-audit	visible-cn-compatible-identity	破魔大吉	extracted source string is retained; exact-node semantics are separately audited	current_product_visible_identity	migrated_frontend_input_exact_node_closure	legacy-extraction-untranslated	not applicable; semantic classification only	false; no translation was authored	visible exact runtime node; offline candidate remains unselected	current-product-visible-identity-audit	破魔大吉	visible-cn-compatible-identity	low	frontend_visible_identity_retain	visible-cn-compatible-identity	i18n/generated/input-provenance.tsv:1218;legacy extraction row has no translation candidate;candidate_id=0e8ebae8d2dbd85fb82b9802;key=global:9ab37a2a780884c94afd;semantic_audit_sha256=a8d66dcdec688e4baa14071950764802ef696e0d6ea6133ab5709e5dff4c4959;closure_items_sha256=5388304f6acf4a610303e335eda6b1e598e6842ded901b1a502f39d2aa05bfe3;semantic_product_hits_sha256=a8d66dcdec688e4baa14071950764802ef696e0d6ea6133ab5709e5dff4c4959;closure_items_sha256=5388304f6acf4a610303e335eda6b1e598e6842ded901b1a502f39d2aa05bfe3	Retain the visible source spelling as the compatible identity; no product text was written.
MT-01976	frontend_untranslated	frontend_i18n_input	i18n/frontend-strings.tsv	global:a75982d2f551033552a5	candidate_cn	大吉		大吉	i18n/frontend-strings.tsv#global:a75982d2f551033552a5/candidate_cn	current-product-visible-identity-audit	legacy-ai	i18n/generated/input-provenance.tsv:1220;legacy extraction row has no translation candidate;candidate_id=e9aeb556cb7134c153963332;key=global:a75982d2f551033552a5;semantic_audit_sha256=a8d66dcdec688e4baa14071950764802ef696e0d6ea6133ab5709e5dff4c4959;closure_items_sha256=5388304f6acf4a610303e335eda6b1e598e6842ded901b1a502f39d2aa05bfe3;semantic_product_hits_sha256=a8d66dcdec688e4baa14071950764802ef696e0d6ea6133ab5709e5dff4c4959;closure_items_sha256=5388304f6acf4a610303e335eda6b1e598e6842ded901b1a502f39d2aa05bfe3	false	exact-product-node-audit	visible-cn-compatible-identity	大吉	extracted source string is retained; exact-node semantics are separately audited	current_product_visible_identity	migrated_frontend_input_exact_node_closure	legacy-extraction-untranslated	not applicable; semantic classification only	false; no translation was authored	visible exact runtime node; offline candidate remains unselected	current-product-visible-identity-audit	大吉	visible-cn-compatible-identity	low	frontend_visible_identity_retain	visible-cn-compatible-identity	i18n/generated/input-provenance.tsv:1220;legacy extraction row has no translation candidate;candidate_id=e9aeb556cb7134c153963332;key=global:a75982d2f551033552a5;semantic_audit_sha256=a8d66dcdec688e4baa14071950764802ef696e0d6ea6133ab5709e5dff4c4959;closure_items_sha256=5388304f6acf4a610303e335eda6b1e598e6842ded901b1a502f39d2aa05bfe3;semantic_product_hits_sha256=a8d66dcdec688e4baa14071950764802ef696e0d6ea6133ab5709e5dff4c4959;closure_items_sha256=5388304f6acf4a610303e335eda6b1e598e6842ded901b1a502f39d2aa05bfe3	Retain the visible source spelling as the compatible identity; no product text was written.
MT-01977	frontend_untranslated	frontend_i18n_input	i18n/frontend-strings.tsv	global:b4a29cce993cfaf89d59	candidate_cn	章 BOSS		章 BOSS	i18n/frontend-strings.tsv#global:b4a29cce993cfaf89d59/candidate_cn	current-product-visible-identity-audit	legacy-ai	i18n/generated/input-provenance.tsv:719;legacy extraction row has no translation candidate;candidate_id=ad833490f721c888aeee664c;key=global:b4a29cce993cfaf89d59;semantic_audit_sha256=a8d66dcdec688e4baa14071950764802ef696e0d6ea6133ab5709e5dff4c4959;closure_items_sha256=5388304f6acf4a610303e335eda6b1e598e6842ded901b1a502f39d2aa05bfe3;semantic_product_hits_sha256=a8d66dcdec688e4baa14071950764802ef696e0d6ea6133ab5709e5dff4c4959;closure_items_sha256=5388304f6acf4a610303e335eda6b1e598e6842ded901b1a502f39d2aa05bfe3	false	exact-product-node-audit	visible-cn-compatible-identity	章 BOSS	extracted source string is retained; exact-node semantics are separately audited	current_product_visible_identity	migrated_frontend_input_exact_node_closure	legacy-extraction-untranslated	not applicable; semantic classification only	false; no translation was authored	visible exact runtime node; offline candidate remains unselected	current-product-visible-identity-audit	章 BOSS	visible-cn-compatible-identity	low	frontend_visible_identity_retain	visible-cn-compatible-identity	i18n/generated/input-provenance.tsv:719;legacy extraction row has no translation candidate;candidate_id=ad833490f721c888aeee664c;key=global:b4a29cce993cfaf89d59;semantic_audit_sha256=a8d66dcdec688e4baa14071950764802ef696e0d6ea6133ab5709e5dff4c4959;closure_items_sha256=5388304f6acf4a610303e335eda6b1e598e6842ded901b1a502f39d2aa05bfe3;semantic_product_hits_sha256=a8d66dcdec688e4baa14071950764802ef696e0d6ea6133ab5709e5dff4c4959;closure_items_sha256=5388304f6acf4a610303e335eda6b1e598e6842ded901b1a502f39d2aa05bfe3	Retain the visible source spelling as the compatible identity; no product text was written.
MT-01978	frontend_untranslated	frontend_i18n_input	i18n/frontend-strings.tsv	global:be8694bf471ae99b2d3f	candidate_cn	59分59秒99		59分59秒99	i18n/frontend-strings.tsv#global:be8694bf471ae99b2d3f/candidate_cn	current-product-visible-identity-audit	legacy-ai	i18n/generated/input-provenance.tsv:298;legacy extraction row has no translation candidate;candidate_id=eca8acea748b8d149b9b7593;key=global:be8694bf471ae99b2d3f;semantic_audit_sha256=a8d66dcdec688e4baa14071950764802ef696e0d6ea6133ab5709e5dff4c4959;closure_items_sha256=5388304f6acf4a610303e335eda6b1e598e6842ded901b1a502f39d2aa05bfe3;semantic_product_hits_sha256=a8d66dcdec688e4baa14071950764802ef696e0d6ea6133ab5709e5dff4c4959;closure_items_sha256=5388304f6acf4a610303e335eda6b1e598e6842ded901b1a502f39d2aa05bfe3	false	exact-product-node-audit	visible-cn-compatible-identity	59分59秒99	extracted source string is retained; exact-node semantics are separately audited	current_product_visible_identity	migrated_frontend_input_exact_node_closure	legacy-extraction-untranslated	not applicable; semantic classification only	false; no translation was authored	visible exact runtime node; offline candidate remains unselected	current-product-visible-identity-audit	59分59秒99	visible-cn-compatible-identity	low	frontend_visible_identity_retain	visible-cn-compatible-identity	i18n/generated/input-provenance.tsv:298;legacy extraction row has no translation candidate;candidate_id=eca8acea748b8d149b9b7593;key=global:be8694bf471ae99b2d3f;semantic_audit_sha256=a8d66dcdec688e4baa14071950764802ef696e0d6ea6133ab5709e5dff4c4959;closure_items_sha256=5388304f6acf4a610303e335eda6b1e598e6842ded901b1a502f39d2aa05bfe3;semantic_product_hits_sha256=a8d66dcdec688e4baa14071950764802ef696e0d6ea6133ab5709e5dff4c4959;closure_items_sha256=5388304f6acf4a610303e335eda6b1e598e6842ded901b1a502f39d2aa05bfe3	Retain the visible source spelling as the compatible identity; no product text was written.
MT-01979	frontend_untranslated	frontend_i18n_input	i18n/frontend-strings.tsv	global:bf7823c56d97233cbf82	candidate_cn	上限:		上限:	i18n/frontend-strings.tsv#global:bf7823c56d97233cbf82/candidate_cn	current-product-visible-identity-audit	legacy-ai	i18n/generated/input-provenance.tsv:1067;legacy extraction row has no translation candidate;candidate_id=af50634ce96ecbe77d2d6a5c;key=global:bf7823c56d97233cbf82;semantic_audit_sha256=a8d66dcdec688e4baa14071950764802ef696e0d6ea6133ab5709e5dff4c4959;closure_items_sha256=5388304f6acf4a610303e335eda6b1e598e6842ded901b1a502f39d2aa05bfe3;semantic_product_hits_sha256=a8d66dcdec688e4baa14071950764802ef696e0d6ea6133ab5709e5dff4c4959;closure_items_sha256=5388304f6acf4a610303e335eda6b1e598e6842ded901b1a502f39d2aa05bfe3	false	exact-product-node-audit	visible-cn-compatible-identity	上限:	extracted source string is retained; exact-node semantics are separately audited	current_product_visible_identity	migrated_frontend_input_exact_node_closure	legacy-extraction-untranslated	not applicable; semantic classification only	false; no translation was authored	visible exact runtime node; offline candidate remains unselected	current-product-visible-identity-audit	上限:	visible-cn-compatible-identity	low	frontend_visible_identity_retain	visible-cn-compatible-identity	i18n/generated/input-provenance.tsv:1067;legacy extraction row has no translation candidate;candidate_id=af50634ce96ecbe77d2d6a5c;key=global:bf7823c56d97233cbf82;semantic_audit_sha256=a8d66dcdec688e4baa14071950764802ef696e0d6ea6133ab5709e5dff4c4959;closure_items_sha256=5388304f6acf4a610303e335eda6b1e598e6842ded901b1a502f39d2aa05bfe3;semantic_product_hits_sha256=a8d66dcdec688e4baa14071950764802ef696e0d6ea6133ab5709e5dff4c4959;closure_items_sha256=5388304f6acf4a610303e335eda6b1e598e6842ded901b1a502f39d2aa05bfe3	Retain the visible source spelling as the compatible identity; no product text was written.
MT-01980	frontend_untranslated	frontend_i18n_input	i18n/frontend-strings.tsv	global:c08429a0618bb2fc1a7d	candidate_cn	第12章			i18n/frontend-strings.tsv#global:c08429a0618bb2fc1a7d/candidate_cn	current-product-exact-node-audit	legacy-ai	i18n/generated/input-provenance.tsv:698;legacy extraction row has no translation candidate;candidate_id=193b972e9049424bea62f9ac;key=global:c08429a0618bb2fc1a7d;semantic_audit_sha256=a8d66dcdec688e4baa14071950764802ef696e0d6ea6133ab5709e5dff4c4959;closure_items_sha256=5388304f6acf4a610303e335eda6b1e598e6842ded901b1a502f39d2aa05bfe3;semantic_product_hits_sha256=a8d66dcdec688e4baa14071950764802ef696e0d6ea6133ab5709e5dff4c4959;closure_items_sha256=5388304f6acf4a610303e335eda6b1e598e6842ded901b1a502f39d2aa05bfe3	false	exact-product-node-audit	runtime-absent/not-backlog	第12章	extracted source string is retained; exact-node semantics are separately audited	current_product_exact_node_absence	migrated_frontend_input_exact_node_closure	legacy-extraction-untranslated	not applicable; semantic classification only	false; no translation was authored	false; exact source is absent from current runtime nodes	current-product-exact-node-audit		runtime-absent/not-backlog	none	frontend_source_absent_not_translation_backlog	runtime-absent/not-backlog	i18n/generated/input-provenance.tsv:698;legacy extraction row has no translation candidate;candidate_id=193b972e9049424bea62f9ac;key=global:c08429a0618bb2fc1a7d;semantic_audit_sha256=a8d66dcdec688e4baa14071950764802ef696e0d6ea6133ab5709e5dff4c4959;closure_items_sha256=5388304f6acf4a610303e335eda6b1e598e6842ded901b1a502f39d2aa05bfe3;semantic_product_hits_sha256=a8d66dcdec688e4baa14071950764802ef696e0d6ea6133ab5709e5dff4c4959;closure_items_sha256=5388304f6acf4a610303e335eda6b1e598e6842ded901b1a502f39d2aa05bfe3	Exact current-product source node does not exist; no runtime translation is required.
MT-01981	frontend_untranslated	frontend_i18n_input	i18n/frontend-strings.tsv	global:c32cf7571e38a30a7ec0	candidate_cn	称号			i18n/frontend-strings.tsv#global:c32cf7571e38a30a7ec0/candidate_cn	current-product-exact-node-audit	legacy-ai	i18n/generated/input-provenance.tsv:1670;legacy extraction row has no translation candidate;candidate_id=a1cbeffdc8ece3011e202f5b;key=global:c32cf7571e38a30a7ec0;semantic_audit_sha256=a8d66dcdec688e4baa14071950764802ef696e0d6ea6133ab5709e5dff4c4959;closure_items_sha256=5388304f6acf4a610303e335eda6b1e598e6842ded901b1a502f39d2aa05bfe3;semantic_product_hits_sha256=a8d66dcdec688e4baa14071950764802ef696e0d6ea6133ab5709e5dff4c4959;closure_items_sha256=5388304f6acf4a610303e335eda6b1e598e6842ded901b1a502f39d2aa05bfe3	false	exact-product-node-audit	runtime-absent/not-backlog	称号	extracted source string is retained; exact-node semantics are separately audited	current_product_exact_node_absence	migrated_frontend_input_exact_node_closure	legacy-extraction-untranslated	not applicable; semantic classification only	false; no translation was authored	false; exact source is absent from current runtime nodes	current-product-exact-node-audit		runtime-absent/not-backlog	none	frontend_source_absent_not_translation_backlog	runtime-absent/not-backlog	i18n/generated/input-provenance.tsv:1670;legacy extraction row has no translation candidate;candidate_id=a1cbeffdc8ece3011e202f5b;key=global:c32cf7571e38a30a7ec0;semantic_audit_sha256=a8d66dcdec688e4baa14071950764802ef696e0d6ea6133ab5709e5dff4c4959;closure_items_sha256=5388304f6acf4a610303e335eda6b1e598e6842ded901b1a502f39d2aa05bfe3;semantic_product_hits_sha256=a8d66dcdec688e4baa14071950764802ef696e0d6ea6133ab5709e5dff4c4959;closure_items_sha256=5388304f6acf4a610303e335eda6b1e598e6842ded901b1a502f39d2aa05bfe3	Exact current-product source node does not exist; no runtime translation is required.
MT-01982	frontend_untranslated	frontend_i18n_input	i18n/frontend-strings.tsv	global:caf32677d62cc4340ec2	candidate_cn	秒		秒	i18n/frontend-strings.tsv#global:caf32677d62cc4340ec2/candidate_cn	current-product-visible-identity-audit	legacy-ai	i18n/generated/input-provenance.tsv:125;legacy extraction row has no translation candidate;candidate_id=20898eec253e84c639c39ad8;key=global:caf32677d62cc4340ec2;semantic_audit_sha256=a8d66dcdec688e4baa14071950764802ef696e0d6ea6133ab5709e5dff4c4959;closure_items_sha256=5388304f6acf4a610303e335eda6b1e598e6842ded901b1a502f39d2aa05bfe3;semantic_product_hits_sha256=a8d66dcdec688e4baa14071950764802ef696e0d6ea6133ab5709e5dff4c4959;closure_items_sha256=5388304f6acf4a610303e335eda6b1e598e6842ded901b1a502f39d2aa05bfe3	false	exact-product-node-audit	visible-cn-compatible-identity	秒	extracted source string is retained; exact-node semantics are separately audited	current_product_visible_identity	migrated_frontend_input_exact_node_closure	legacy-extraction-untranslated	not applicable; semantic classification only	false; no translation was authored	visible exact runtime node; offline candidate remains unselected	current-product-visible-identity-audit	秒	visible-cn-compatible-identity	low	frontend_visible_identity_retain	visible-cn-compatible-identity	i18n/generated/input-provenance.tsv:125;legacy extraction row has no translation candidate;candidate_id=20898eec253e84c639c39ad8;key=global:caf32677d62cc4340ec2;semantic_audit_sha256=a8d66dcdec688e4baa14071950764802ef696e0d6ea6133ab5709e5dff4c4959;closure_items_sha256=5388304f6acf4a610303e335eda6b1e598e6842ded901b1a502f39d2aa05bfe3;semantic_product_hits_sha256=a8d66dcdec688e4baa14071950764802ef696e0d6ea6133ab5709e5dff4c4959;closure_items_sha256=5388304f6acf4a610303e335eda6b1e598e6842ded901b1a502f39d2aa05bfe3	Retain the visible source spelling as the compatible identity; no product text was written.
MT-01983	frontend_untranslated	frontend_i18n_input	i18n/frontend-strings.tsv	global:cb5cfa0c3e59fe868f85	candidate_cn	・		・	i18n/frontend-strings.tsv#global:cb5cfa0c3e59fe868f85/candidate_cn	current-product-visible-identity-audit	legacy-ai	i18n/generated/input-provenance.tsv:757;legacy extraction row has no translation candidate;candidate_id=4890dfffa2144ae1b84b1884;key=global:cb5cfa0c3e59fe868f85;semantic_audit_sha256=a8d66dcdec688e4baa14071950764802ef696e0d6ea6133ab5709e5dff4c4959;closure_items_sha256=5388304f6acf4a610303e335eda6b1e598e6842ded901b1a502f39d2aa05bfe3;semantic_product_hits_sha256=a8d66dcdec688e4baa14071950764802ef696e0d6ea6133ab5709e5dff4c4959;closure_items_sha256=5388304f6acf4a610303e335eda6b1e598e6842ded901b1a502f39d2aa05bfe3	false	exact-product-node-audit	identity-punctuation	・	extracted source string is retained; exact-node semantics are separately audited	current_product_visible_identity	migrated_frontend_input_exact_node_closure	legacy-extraction-untranslated	not applicable; semantic classification only	false; no translation was authored	visible exact runtime node; offline candidate remains unselected	current-product-visible-identity-audit	・	identity-punctuation	low	frontend_visible_identity_retain	identity-punctuation	i18n/generated/input-provenance.tsv:757;legacy extraction row has no translation candidate;candidate_id=4890dfffa2144ae1b84b1884;key=global:cb5cfa0c3e59fe868f85;semantic_audit_sha256=a8d66dcdec688e4baa14071950764802ef696e0d6ea6133ab5709e5dff4c4959;closure_items_sha256=5388304f6acf4a610303e335eda6b1e598e6842ded901b1a502f39d2aa05bfe3;semantic_product_hits_sha256=a8d66dcdec688e4baa14071950764802ef696e0d6ea6133ab5709e5dff4c4959;closure_items_sha256=5388304f6acf4a610303e335eda6b1e598e6842ded901b1a502f39d2aa05bfe3	Retain the visible source spelling as the compatible identity; no product text was written.
MT-01984	frontend_untranslated	frontend_i18n_input	i18n/frontend-strings.tsv	global:cd3b13999120d21b32fa	candidate_cn	&nbsp;月			i18n/frontend-strings.tsv#global:cd3b13999120d21b32fa/candidate_cn	current-product-exact-node-audit	legacy-ai	i18n/generated/input-provenance.tsv:1527;legacy extraction row has no translation candidate;candidate_id=8154379faca2bd26fbda1ab0;key=global:cd3b13999120d21b32fa;semantic_audit_sha256=a8d66dcdec688e4baa14071950764802ef696e0d6ea6133ab5709e5dff4c4959;closure_items_sha256=5388304f6acf4a610303e335eda6b1e598e6842ded901b1a502f39d2aa05bfe3;semantic_product_hits_sha256=a8d66dcdec688e4baa14071950764802ef696e0d6ea6133ab5709e5dff4c4959;closure_items_sha256=5388304f6acf4a610303e335eda6b1e598e6842ded901b1a502f39d2aa05bfe3	false	exact-product-node-audit	runtime-absent/not-backlog	&nbsp;月	extracted source string is retained; exact-node semantics are separately audited	current_product_exact_node_absence	migrated_frontend_input_exact_node_closure	legacy-extraction-untranslated	not applicable; semantic classification only	false; no translation was authored	false; exact source is absent from current runtime nodes	current-product-exact-node-audit		runtime-absent/not-backlog	none	frontend_source_absent_not_translation_backlog	runtime-absent/not-backlog	i18n/generated/input-provenance.tsv:1527;legacy extraction row has no translation candidate;candidate_id=8154379faca2bd26fbda1ab0;key=global:cd3b13999120d21b32fa;semantic_audit_sha256=a8d66dcdec688e4baa14071950764802ef696e0d6ea6133ab5709e5dff4c4959;closure_items_sha256=5388304f6acf4a610303e335eda6b1e598e6842ded901b1a502f39d2aa05bfe3;semantic_product_hits_sha256=a8d66dcdec688e4baa14071950764802ef696e0d6ea6133ab5709e5dff4c4959;closure_items_sha256=5388304f6acf4a610303e335eda6b1e598e6842ded901b1a502f39d2aa05bfe3	Exact current-product source node does not exist; no runtime translation is required.
MT-01985	frontend_untranslated	frontend_i18n_input	i18n/frontend-strings.tsv	global:cf129929e3e69ee01829	candidate_cn	水属性		水属性	i18n/frontend-strings.tsv#global:cf129929e3e69ee01829/candidate_cn	current-product-visible-identity-audit	legacy-ai	i18n/generated/input-provenance.tsv:128;legacy extraction row has no translation candidate;candidate_id=3e13ea344bf9f147a07e0c9c;key=global:cf129929e3e69ee01829;semantic_audit_sha256=a8d66dcdec688e4baa14071950764802ef696e0d6ea6133ab5709e5dff4c4959;closure_items_sha256=5388304f6acf4a610303e335eda6b1e598e6842ded901b1a502f39d2aa05bfe3;semantic_product_hits_sha256=a8d66dcdec688e4baa14071950764802ef696e0d6ea6133ab5709e5dff4c4959;closure_items_sha256=5388304f6acf4a610303e335eda6b1e598e6842ded901b1a502f39d2aa05bfe3	false	exact-product-node-audit	visible-cn-compatible-identity	水属性	extracted source string is retained; exact-node semantics are separately audited	current_product_visible_identity	migrated_frontend_input_exact_node_closure	legacy-extraction-untranslated	not applicable; semantic classification only	false; no translation was authored	visible exact runtime node; offline candidate remains unselected	current-product-visible-identity-audit	水属性	visible-cn-compatible-identity	low	frontend_visible_identity_retain	visible-cn-compatible-identity	i18n/generated/input-provenance.tsv:128;legacy extraction row has no translation candidate;candidate_id=3e13ea344bf9f147a07e0c9c;key=global:cf129929e3e69ee01829;semantic_audit_sha256=a8d66dcdec688e4baa14071950764802ef696e0d6ea6133ab5709e5dff4c4959;closure_items_sha256=5388304f6acf4a610303e335eda6b1e598e6842ded901b1a502f39d2aa05bfe3;semantic_product_hits_sha256=a8d66dcdec688e4baa14071950764802ef696e0d6ea6133ab5709e5dff4c4959;closure_items_sha256=5388304f6acf4a610303e335eda6b1e598e6842ded901b1a502f39d2aa05bfe3	Retain the visible source spelling as the compatible identity; no product text was written.
MT-01986	frontend_untranslated	frontend_i18n_input	i18n/frontend-strings.tsv	global:d0da207c16280c478172	candidate_cn	宝箱		宝箱	i18n/frontend-strings.tsv#global:d0da207c16280c478172/candidate_cn	current-product-visible-identity-audit	legacy-ai	i18n/generated/input-provenance.tsv:567;legacy extraction row has no translation candidate;candidate_id=390c2ed4766a5c59f6a23540;key=global:d0da207c16280c478172;semantic_audit_sha256=a8d66dcdec688e4baa14071950764802ef696e0d6ea6133ab5709e5dff4c4959;closure_items_sha256=5388304f6acf4a610303e335eda6b1e598e6842ded901b1a502f39d2aa05bfe3;semantic_product_hits_sha256=a8d66dcdec688e4baa14071950764802ef696e0d6ea6133ab5709e5dff4c4959;closure_items_sha256=5388304f6acf4a610303e335eda6b1e598e6842ded901b1a502f39d2aa05bfe3	false	exact-product-node-audit	visible-cn-compatible-identity	宝箱	extracted source string is retained; exact-node semantics are separately audited	current_product_visible_identity	migrated_frontend_input_exact_node_closure	legacy-extraction-untranslated	not applicable; semantic classification only	false; no translation was authored	visible exact runtime node; offline candidate remains unselected	current-product-visible-identity-audit	宝箱	visible-cn-compatible-identity	low	frontend_visible_identity_retain	visible-cn-compatible-identity	i18n/generated/input-provenance.tsv:567;legacy extraction row has no translation candidate;candidate_id=390c2ed4766a5c59f6a23540;key=global:d0da207c16280c478172;semantic_audit_sha256=a8d66dcdec688e4baa14071950764802ef696e0d6ea6133ab5709e5dff4c4959;closure_items_sha256=5388304f6acf4a610303e335eda6b1e598e6842ded901b1a502f39d2aa05bfe3;semantic_product_hits_sha256=a8d66dcdec688e4baa14071950764802ef696e0d6ea6133ab5709e5dff4c4959;closure_items_sha256=5388304f6acf4a610303e335eda6b1e598e6842ded901b1a502f39d2aa05bfe3	Retain the visible source spelling as the compatible identity; no product text was written.
MT-01987	frontend_untranslated	frontend_i18n_input	i18n/frontend-strings.tsv	global:d12aaa6b8295cd6f21ac	candidate_cn	未成年の方は保護者の同意を得て下さい。			i18n/frontend-strings.tsv#global:d12aaa6b8295cd6f21ac/candidate_cn	current-product-exact-node-audit	legacy-ai	i18n/generated/input-provenance.tsv:1520;legacy extraction row has no translation candidate;candidate_id=4824d84a1b453df74d3b227b;key=global:d12aaa6b8295cd6f21ac;semantic_audit_sha256=a8d66dcdec688e4baa14071950764802ef696e0d6ea6133ab5709e5dff4c4959;closure_items_sha256=5388304f6acf4a610303e335eda6b1e598e6842ded901b1a502f39d2aa05bfe3;semantic_product_hits_sha256=a8d66dcdec688e4baa14071950764802ef696e0d6ea6133ab5709e5dff4c4959;closure_items_sha256=5388304f6acf4a610303e335eda6b1e598e6842ded901b1a502f39d2aa05bfe3	false	exact-product-node-audit	runtime-absent/not-backlog	未成年の方は保護者の同意を得て下さい。	extracted source string is retained; exact-node semantics are separately audited	current_product_exact_node_absence	migrated_frontend_input_exact_node_closure	legacy-extraction-untranslated	not applicable; semantic classification only	false; no translation was authored	false; exact source is absent from current runtime nodes	current-product-exact-node-audit		runtime-absent/not-backlog	none	frontend_source_absent_not_translation_backlog	runtime-absent/not-backlog	i18n/generated/input-provenance.tsv:1520;legacy extraction row has no translation candidate;candidate_id=4824d84a1b453df74d3b227b;key=global:d12aaa6b8295cd6f21ac;semantic_audit_sha256=a8d66dcdec688e4baa14071950764802ef696e0d6ea6133ab5709e5dff4c4959;closure_items_sha256=5388304f6acf4a610303e335eda6b1e598e6842ded901b1a502f39d2aa05bfe3;semantic_product_hits_sha256=a8d66dcdec688e4baa14071950764802ef696e0d6ea6133ab5709e5dff4c4959;closure_items_sha256=5388304f6acf4a610303e335eda6b1e598e6842ded901b1a502f39d2aa05bfe3	Exact current-product source node does not exist; no runtime translation is required.
MT-01988	frontend_untranslated	frontend_i18n_input	i18n/frontend-strings.tsv	global:d7b6359b08d443ff0031	candidate_cn	光属性		光属性	i18n/frontend-strings.tsv#global:d7b6359b08d443ff0031/candidate_cn	current-product-visible-identity-audit	legacy-ai	i18n/generated/input-provenance.tsv:130;legacy extraction row has no translation candidate;candidate_id=63abecd1c5c20b15b7b2d4f4;key=global:d7b6359b08d443ff0031;semantic_audit_sha256=a8d66dcdec688e4baa14071950764802ef696e0d6ea6133ab5709e5dff4c4959;closure_items_sha256=5388304f6acf4a610303e335eda6b1e598e6842ded901b1a502f39d2aa05bfe3;semantic_product_hits_sha256=a8d66dcdec688e4baa14071950764802ef696e0d6ea6133ab5709e5dff4c4959;closure_items_sha256=5388304f6acf4a610303e335eda6b1e598e6842ded901b1a502f39d2aa05bfe3	false	exact-product-node-audit	visible-cn-compatible-identity	光属性	extracted source string is retained; exact-node semantics are separately audited	current_product_visible_identity	migrated_frontend_input_exact_node_closure	legacy-extraction-untranslated	not applicable; semantic classification only	false; no translation was authored	visible exact runtime node; offline candidate remains unselected	current-product-visible-identity-audit	光属性	visible-cn-compatible-identity	low	frontend_visible_identity_retain	visible-cn-compatible-identity	i18n/generated/input-provenance.tsv:130;legacy extraction row has no translation candidate;candidate_id=63abecd1c5c20b15b7b2d4f4;key=global:d7b6359b08d443ff0031;semantic_audit_sha256=a8d66dcdec688e4baa14071950764802ef696e0d6ea6133ab5709e5dff4c4959;closure_items_sha256=5388304f6acf4a610303e335eda6b1e598e6842ded901b1a502f39d2aa05bfe3;semantic_product_hits_sha256=a8d66dcdec688e4baa14071950764802ef696e0d6ea6133ab5709e5dff4c4959;closure_items_sha256=5388304f6acf4a610303e335eda6b1e598e6842ded901b1a502f39d2aa05bfe3	Retain the visible source spelling as the compatible identity; no product text was written.
MT-01989	frontend_untranslated	frontend_i18n_input	i18n/frontend-strings.tsv	global:d902c1b1fa4aaad56527	candidate_cn	木		木	i18n/frontend-strings.tsv#global:d902c1b1fa4aaad56527/candidate_cn	current-product-visible-identity-audit	legacy-ai	i18n/generated/input-provenance.tsv:362;legacy extraction row has no translation candidate;candidate_id=f588c61e7e05a33bf09aa926;key=global:d902c1b1fa4aaad56527;semantic_audit_sha256=a8d66dcdec688e4baa14071950764802ef696e0d6ea6133ab5709e5dff4c4959;closure_items_sha256=5388304f6acf4a610303e335eda6b1e598e6842ded901b1a502f39d2aa05bfe3;semantic_product_hits_sha256=a8d66dcdec688e4baa14071950764802ef696e0d6ea6133ab5709e5dff4c4959;closure_items_sha256=5388304f6acf4a610303e335eda6b1e598e6842ded901b1a502f39d2aa05bfe3	false	exact-product-node-audit	visible-cn-compatible-identity	木	extracted source string is retained; exact-node semantics are separately audited	current_product_visible_identity	migrated_frontend_input_exact_node_closure	legacy-extraction-untranslated	not applicable; semantic classification only	false; no translation was authored	visible exact runtime node; offline candidate remains unselected	current-product-visible-identity-audit	木	visible-cn-compatible-identity	low	frontend_visible_identity_retain	visible-cn-compatible-identity	i18n/generated/input-provenance.tsv:362;legacy extraction row has no translation candidate;candidate_id=f588c61e7e05a33bf09aa926;key=global:d902c1b1fa4aaad56527;semantic_audit_sha256=a8d66dcdec688e4baa14071950764802ef696e0d6ea6133ab5709e5dff4c4959;closure_items_sha256=5388304f6acf4a610303e335eda6b1e598e6842ded901b1a502f39d2aa05bfe3;semantic_product_hits_sha256=a8d66dcdec688e4baa14071950764802ef696e0d6ea6133ab5709e5dff4c4959;closure_items_sha256=5388304f6acf4a610303e335eda6b1e598e6842ded901b1a502f39d2aa05bfe3	Retain the visible source spelling as the compatible identity; no product text was written.
MT-01990	frontend_untranslated	frontend_i18n_input	i18n/frontend-strings.tsv	global:dee3a60702bf6f8a6387	candidate_cn	木属性		木属性	i18n/frontend-strings.tsv#global:dee3a60702bf6f8a6387/candidate_cn	current-product-visible-identity-audit	legacy-ai	i18n/generated/input-provenance.tsv:129;legacy extraction row has no translation candidate;candidate_id=020c7801331e7acd4746155b;key=global:dee3a60702bf6f8a6387;semantic_audit_sha256=a8d66dcdec688e4baa14071950764802ef696e0d6ea6133ab5709e5dff4c4959;closure_items_sha256=5388304f6acf4a610303e335eda6b1e598e6842ded901b1a502f39d2aa05bfe3;semantic_product_hits_sha256=a8d66dcdec688e4baa14071950764802ef696e0d6ea6133ab5709e5dff4c4959;closure_items_sha256=5388304f6acf4a610303e335eda6b1e598e6842ded901b1a502f39d2aa05bfe3	false	exact-product-node-audit	visible-cn-compatible-identity	木属性	extracted source string is retained; exact-node semantics are separately audited	current_product_visible_identity	migrated_frontend_input_exact_node_closure	legacy-extraction-untranslated	not applicable; semantic classification only	false; no translation was authored	visible exact runtime node; offline candidate remains unselected	current-product-visible-identity-audit	木属性	visible-cn-compatible-identity	low	frontend_visible_identity_retain	visible-cn-compatible-identity	i18n/generated/input-provenance.tsv:129;legacy extraction row has no translation candidate;candidate_id=020c7801331e7acd4746155b;key=global:dee3a60702bf6f8a6387;semantic_audit_sha256=a8d66dcdec688e4baa14071950764802ef696e0d6ea6133ab5709e5dff4c4959;closure_items_sha256=5388304f6acf4a610303e335eda6b1e598e6842ded901b1a502f39d2aa05bfe3;semantic_product_hits_sha256=a8d66dcdec688e4baa14071950764802ef696e0d6ea6133ab5709e5dff4c4959;closure_items_sha256=5388304f6acf4a610303e335eda6b1e598e6842ded901b1a502f39d2aa05bfe3	Retain the visible source spelling as the compatible identity; no product text was written.
MT-01991	frontend_untranslated	frontend_i18n_input	i18n/frontend-strings.tsv	global:e10c0e0d483296cdb83c	candidate_cn	光		光	i18n/frontend-strings.tsv#global:e10c0e0d483296cdb83c/candidate_cn	current-product-visible-identity-audit	legacy-ai	i18n/generated/input-provenance.tsv:363;legacy extraction row has no translation candidate;candidate_id=1655701399f08106a65e7c2b;key=global:e10c0e0d483296cdb83c;semantic_audit_sha256=a8d66dcdec688e4baa14071950764802ef696e0d6ea6133ab5709e5dff4c4959;closure_items_sha256=5388304f6acf4a610303e335eda6b1e598e6842ded901b1a502f39d2aa05bfe3;semantic_product_hits_sha256=a8d66dcdec688e4baa14071950764802ef696e0d6ea6133ab5709e5dff4c4959;closure_items_sha256=5388304f6acf4a610303e335eda6b1e598e6842ded901b1a502f39d2aa05bfe3	false	exact-product-node-audit	visible-cn-compatible-identity	光	extracted source string is retained; exact-node semantics are separately audited	current_product_visible_identity	migrated_frontend_input_exact_node_closure	legacy-extraction-untranslated	not applicable; semantic classification only	false; no translation was authored	visible exact runtime node; offline candidate remains unselected	current-product-visible-identity-audit	光	visible-cn-compatible-identity	low	frontend_visible_identity_retain	visible-cn-compatible-identity	i18n/generated/input-provenance.tsv:363;legacy extraction row has no translation candidate;candidate_id=1655701399f08106a65e7c2b;key=global:e10c0e0d483296cdb83c;semantic_audit_sha256=a8d66dcdec688e4baa14071950764802ef696e0d6ea6133ab5709e5dff4c4959;closure_items_sha256=5388304f6acf4a610303e335eda6b1e598e6842ded901b1a502f39d2aa05bfe3;semantic_product_hits_sha256=a8d66dcdec688e4baa14071950764802ef696e0d6ea6133ab5709e5dff4c4959;closure_items_sha256=5388304f6acf4a610303e335eda6b1e598e6842ded901b1a502f39d2aa05bfe3	Retain the visible source spelling as the compatible identity; no product text was written.
MT-01992	frontend_untranslated	frontend_i18n_input	i18n/frontend-strings.tsv	global:e969459d2dfe755ea748	candidate_cn	を			i18n/frontend-strings.tsv#global:e969459d2dfe755ea748/candidate_cn	current-product-exact-node-audit	legacy-ai	i18n/generated/input-provenance.tsv:31;legacy extraction row has no translation candidate;candidate_id=b9bba1994c22b0c119c198a9;key=global:e969459d2dfe755ea748;semantic_audit_sha256=a8d66dcdec688e4baa14071950764802ef696e0d6ea6133ab5709e5dff4c4959;closure_items_sha256=5388304f6acf4a610303e335eda6b1e598e6842ded901b1a502f39d2aa05bfe3;semantic_product_hits_sha256=a8d66dcdec688e4baa14071950764802ef696e0d6ea6133ab5709e5dff4c4959;closure_items_sha256=5388304f6acf4a610303e335eda6b1e598e6842ded901b1a502f39d2aa05bfe3	false	exact-product-node-audit	runtime-absent/not-backlog	を	extracted source string is retained; exact-node semantics are separately audited	current_product_exact_node_absence	migrated_frontend_input_exact_node_closure	legacy-extraction-untranslated	not applicable; semantic classification only	false; no translation was authored	false; exact source is absent from current runtime nodes	current-product-exact-node-audit		runtime-absent/not-backlog	none	frontend_source_absent_not_translation_backlog	runtime-absent/not-backlog	i18n/generated/input-provenance.tsv:31;legacy extraction row has no translation candidate;candidate_id=b9bba1994c22b0c119c198a9;key=global:e969459d2dfe755ea748;semantic_audit_sha256=a8d66dcdec688e4baa14071950764802ef696e0d6ea6133ab5709e5dff4c4959;closure_items_sha256=5388304f6acf4a610303e335eda6b1e598e6842ded901b1a502f39d2aa05bfe3;semantic_product_hits_sha256=a8d66dcdec688e4baa14071950764802ef696e0d6ea6133ab5709e5dff4c4959;closure_items_sha256=5388304f6acf4a610303e335eda6b1e598e6842ded901b1a502f39d2aa05bfe3	Exact current-product source node does not exist; no runtime translation is required.
MT-01993	frontend_untranslated	frontend_i18n_input	i18n/frontend-strings.tsv	global:ea06d7d1b29b6d8f8e19	candidate_cn	人		人	i18n/frontend-strings.tsv#global:ea06d7d1b29b6d8f8e19/candidate_cn	current-product-visible-identity-audit	legacy-ai	i18n/generated/input-provenance.tsv:62;legacy extraction row has no translation candidate;candidate_id=dc0da33d027acc5a66c0bbc7;key=global:ea06d7d1b29b6d8f8e19;semantic_audit_sha256=a8d66dcdec688e4baa14071950764802ef696e0d6ea6133ab5709e5dff4c4959;closure_items_sha256=5388304f6acf4a610303e335eda6b1e598e6842ded901b1a502f39d2aa05bfe3;semantic_product_hits_sha256=a8d66dcdec688e4baa14071950764802ef696e0d6ea6133ab5709e5dff4c4959;closure_items_sha256=5388304f6acf4a610303e335eda6b1e598e6842ded901b1a502f39d2aa05bfe3	false	exact-product-node-audit	visible-cn-compatible-identity	人	extracted source string is retained; exact-node semantics are separately audited	current_product_visible_identity	migrated_frontend_input_exact_node_closure	legacy-extraction-untranslated	not applicable; semantic classification only	false; no translation was authored	visible exact runtime node; offline candidate remains unselected	current-product-visible-identity-audit	人	visible-cn-compatible-identity	low	frontend_visible_identity_retain	visible-cn-compatible-identity	i18n/generated/input-provenance.tsv:62;legacy extraction row has no translation candidate;candidate_id=dc0da33d027acc5a66c0bbc7;key=global:ea06d7d1b29b6d8f8e19;semantic_audit_sha256=a8d66dcdec688e4baa14071950764802ef696e0d6ea6133ab5709e5dff4c4959;closure_items_sha256=5388304f6acf4a610303e335eda6b1e598e6842ded901b1a502f39d2aa05bfe3;semantic_product_hits_sha256=a8d66dcdec688e4baa14071950764802ef696e0d6ea6133ab5709e5dff4c4959;closure_items_sha256=5388304f6acf4a610303e335eda6b1e598e6842ded901b1a502f39d2aa05bfe3	Retain the visible source spelling as the compatible identity; no product text was written.
MT-01994	frontend_untranslated	frontend_i18n_input	i18n/frontend-strings.tsv	global:ed6c8a6903b72b7ffd47	candidate_cn	解放		解放	i18n/frontend-strings.tsv#global:ed6c8a6903b72b7ffd47/candidate_cn	current-product-visible-identity-audit	legacy-ai	i18n/generated/input-provenance.tsv:187;legacy extraction row has no translation candidate;candidate_id=476720ea5faf860f87c24898;key=global:ed6c8a6903b72b7ffd47;semantic_audit_sha256=a8d66dcdec688e4baa14071950764802ef696e0d6ea6133ab5709e5dff4c4959;closure_items_sha256=5388304f6acf4a610303e335eda6b1e598e6842ded901b1a502f39d2aa05bfe3;semantic_product_hits_sha256=a8d66dcdec688e4baa14071950764802ef696e0d6ea6133ab5709e5dff4c4959;closure_items_sha256=5388304f6acf4a610303e335eda6b1e598e6842ded901b1a502f39d2aa05bfe3	false	exact-product-node-audit	visible-cn-compatible-identity	解放	extracted source string is retained; exact-node semantics are separately audited	current_product_visible_identity	migrated_frontend_input_exact_node_closure	legacy-extraction-untranslated	not applicable; semantic classification only	false; no translation was authored	visible exact runtime node; offline candidate remains unselected	current-product-visible-identity-audit	解放	visible-cn-compatible-identity	low	frontend_visible_identity_retain	visible-cn-compatible-identity	i18n/generated/input-provenance.tsv:187;legacy extraction row has no translation candidate;candidate_id=476720ea5faf860f87c24898;key=global:ed6c8a6903b72b7ffd47;semantic_audit_sha256=a8d66dcdec688e4baa14071950764802ef696e0d6ea6133ab5709e5dff4c4959;closure_items_sha256=5388304f6acf4a610303e335eda6b1e598e6842ded901b1a502f39d2aa05bfe3;semantic_product_hits_sha256=a8d66dcdec688e4baa14071950764802ef696e0d6ea6133ab5709e5dff4c4959;closure_items_sha256=5388304f6acf4a610303e335eda6b1e598e6842ded901b1a502f39d2aa05bfe3	Retain the visible source spelling as the compatible identity; no product text was written.
MT-01995	frontend_untranslated	frontend_i18n_input	i18n/frontend-strings.tsv	global:f10bbb4d2dc49ec5d0ab	candidate_cn	解放条件			i18n/frontend-strings.tsv#global:f10bbb4d2dc49ec5d0ab/candidate_cn	current-product-exact-node-audit	legacy-ai	i18n/generated/input-provenance.tsv:1333;legacy extraction row has no translation candidate;candidate_id=a48842a4029fb215e55e1c4a;key=global:f10bbb4d2dc49ec5d0ab;semantic_audit_sha256=a8d66dcdec688e4baa14071950764802ef696e0d6ea6133ab5709e5dff4c4959;closure_items_sha256=5388304f6acf4a610303e335eda6b1e598e6842ded901b1a502f39d2aa05bfe3;semantic_product_hits_sha256=a8d66dcdec688e4baa14071950764802ef696e0d6ea6133ab5709e5dff4c4959;closure_items_sha256=5388304f6acf4a610303e335eda6b1e598e6842ded901b1a502f39d2aa05bfe3	false	exact-product-node-audit	runtime-absent/not-backlog	解放条件	extracted source string is retained; exact-node semantics are separately audited	current_product_exact_node_absence	migrated_frontend_input_exact_node_closure	legacy-extraction-untranslated	not applicable; semantic classification only	false; no translation was authored	false; exact source is absent from current runtime nodes	current-product-exact-node-audit		runtime-absent/not-backlog	none	frontend_source_absent_not_translation_backlog	runtime-absent/not-backlog	i18n/generated/input-provenance.tsv:1333;legacy extraction row has no translation candidate;candidate_id=a48842a4029fb215e55e1c4a;key=global:f10bbb4d2dc49ec5d0ab;semantic_audit_sha256=a8d66dcdec688e4baa14071950764802ef696e0d6ea6133ab5709e5dff4c4959;closure_items_sha256=5388304f6acf4a610303e335eda6b1e598e6842ded901b1a502f39d2aa05bfe3;semantic_product_hits_sha256=a8d66dcdec688e4baa14071950764802ef696e0d6ea6133ab5709e5dff4c4959;closure_items_sha256=5388304f6acf4a610303e335eda6b1e598e6842ded901b1a502f39d2aa05bfe3	Exact current-product source node does not exist; no runtime translation is required.
MT-01996	frontend_untranslated	frontend_i18n_input	i18n/frontend-strings.tsv	global:f555fa8469649c51c0dd	candidate_cn	日		日	i18n/frontend-strings.tsv#global:f555fa8469649c51c0dd/candidate_cn	current-product-visible-identity-audit	legacy-ai	i18n/generated/input-provenance.tsv:24;legacy extraction row has no translation candidate;candidate_id=7dae5eefda14a84b381e9ff0;key=global:f555fa8469649c51c0dd;semantic_audit_sha256=a8d66dcdec688e4baa14071950764802ef696e0d6ea6133ab5709e5dff4c4959;closure_items_sha256=5388304f6acf4a610303e335eda6b1e598e6842ded901b1a502f39d2aa05bfe3;semantic_product_hits_sha256=a8d66dcdec688e4baa14071950764802ef696e0d6ea6133ab5709e5dff4c4959;closure_items_sha256=5388304f6acf4a610303e335eda6b1e598e6842ded901b1a502f39d2aa05bfe3	false	exact-product-node-audit	visible-cn-compatible-identity	日	extracted source string is retained; exact-node semantics are separately audited	current_product_visible_identity	migrated_frontend_input_exact_node_closure	legacy-extraction-untranslated	not applicable; semantic classification only	false; no translation was authored	visible exact runtime node; offline candidate remains unselected	current-product-visible-identity-audit	日	visible-cn-compatible-identity	low	frontend_visible_identity_retain	visible-cn-compatible-identity	i18n/generated/input-provenance.tsv:24;legacy extraction row has no translation candidate;candidate_id=7dae5eefda14a84b381e9ff0;key=global:f555fa8469649c51c0dd;semantic_audit_sha256=a8d66dcdec688e4baa14071950764802ef696e0d6ea6133ab5709e5dff4c4959;closure_items_sha256=5388304f6acf4a610303e335eda6b1e598e6842ded901b1a502f39d2aa05bfe3;semantic_product_hits_sha256=a8d66dcdec688e4baa14071950764802ef696e0d6ea6133ab5709e5dff4c4959;closure_items_sha256=5388304f6acf4a610303e335eda6b1e598e6842ded901b1a502f39d2aa05bfe3	Retain the visible source spelling as the compatible identity; no product text was written.
MT-01997	frontend_untranslated	frontend_i18n_input	i18n/frontend-strings.tsv	global:f649706b08b5e03ee2f4	candidate_cn	利用規約			i18n/frontend-strings.tsv#global:f649706b08b5e03ee2f4/candidate_cn	current-product-exact-node-audit	legacy-ai	i18n/generated/input-provenance.tsv:1187;legacy extraction row has no translation candidate;candidate_id=c4b49abebae4032c035c79b2;key=global:f649706b08b5e03ee2f4;semantic_audit_sha256=a8d66dcdec688e4baa14071950764802ef696e0d6ea6133ab5709e5dff4c4959;closure_items_sha256=5388304f6acf4a610303e335eda6b1e598e6842ded901b1a502f39d2aa05bfe3;semantic_product_hits_sha256=a8d66dcdec688e4baa14071950764802ef696e0d6ea6133ab5709e5dff4c4959;closure_items_sha256=5388304f6acf4a610303e335eda6b1e598e6842ded901b1a502f39d2aa05bfe3	false	exact-product-node-audit	runtime-absent/not-backlog	利用規約	extracted source string is retained; exact-node semantics are separately audited	current_product_exact_node_absence	migrated_frontend_input_exact_node_closure	legacy-extraction-untranslated	not applicable; semantic classification only	false; no translation was authored	false; exact source is absent from current runtime nodes	current-product-exact-node-audit		runtime-absent/not-backlog	none	frontend_source_absent_not_translation_backlog	runtime-absent/not-backlog	i18n/generated/input-provenance.tsv:1187;legacy extraction row has no translation candidate;candidate_id=c4b49abebae4032c035c79b2;key=global:f649706b08b5e03ee2f4;semantic_audit_sha256=a8d66dcdec688e4baa14071950764802ef696e0d6ea6133ab5709e5dff4c4959;closure_items_sha256=5388304f6acf4a610303e335eda6b1e598e6842ded901b1a502f39d2aa05bfe3;semantic_product_hits_sha256=a8d66dcdec688e4baa14071950764802ef696e0d6ea6133ab5709e5dff4c4959;closure_items_sha256=5388304f6acf4a610303e335eda6b1e598e6842ded901b1a502f39d2aa05bfe3	Exact current-product source node does not exist; no runtime translation is required.
MT-01998	frontend_untranslated	frontend_i18n_input	i18n/frontend-strings.tsv	global:ffcefb10562cd485531a	candidate_cn	火属性		火属性	i18n/frontend-strings.tsv#global:ffcefb10562cd485531a/candidate_cn	current-product-visible-identity-audit	legacy-ai	i18n/generated/input-provenance.tsv:127;legacy extraction row has no translation candidate;candidate_id=bfc921ccbfb096b2c3460b00;key=global:ffcefb10562cd485531a;semantic_audit_sha256=a8d66dcdec688e4baa14071950764802ef696e0d6ea6133ab5709e5dff4c4959;closure_items_sha256=5388304f6acf4a610303e335eda6b1e598e6842ded901b1a502f39d2aa05bfe3;semantic_product_hits_sha256=a8d66dcdec688e4baa14071950764802ef696e0d6ea6133ab5709e5dff4c4959;closure_items_sha256=5388304f6acf4a610303e335eda6b1e598e6842ded901b1a502f39d2aa05bfe3	false	exact-product-node-audit	visible-cn-compatible-identity	火属性	extracted source string is retained; exact-node semantics are separately audited	current_product_visible_identity	migrated_frontend_input_exact_node_closure	legacy-extraction-untranslated	not applicable; semantic classification only	false; no translation was authored	visible exact runtime node; offline candidate remains unselected	current-product-visible-identity-audit	火属性	visible-cn-compatible-identity	low	frontend_visible_identity_retain	visible-cn-compatible-identity	i18n/generated/input-provenance.tsv:127;legacy extraction row has no translation candidate;candidate_id=bfc921ccbfb096b2c3460b00;key=global:ffcefb10562cd485531a;semantic_audit_sha256=a8d66dcdec688e4baa14071950764802ef696e0d6ea6133ab5709e5dff4c4959;closure_items_sha256=5388304f6acf4a610303e335eda6b1e598e6842ded901b1a502f39d2aa05bfe3;semantic_product_hits_sha256=a8d66dcdec688e4baa14071950764802ef696e0d6ea6133ab5709e5dff4c4959;closure_items_sha256=5388304f6acf4a610303e335eda6b1e598e6842ded901b1a502f39d2aa05bfe3	Retain the visible source spelling as the compatible identity; no product text was written.
