change_id	file	json_pointer	stable_key	field	before	after	source_tier	evidence	translation_method	manual_review_status	confidence	rules	notes	current_product_cn	pass18_current_status	strict_lookup_method	superseding_closure_id	superseding_source_tier	superseding_review_status	inventory_component	inventory_review_status
P18-00001	magica/js/libs/cardList.json	/127/cardName	11044	cardName	谣莎奈	传闻莎奈	official_cn_term_component	official dump authority.json uses 传闻 terminology; Wiki exact variant context	authority-component-normalization	authority-verified	1.00	official_cn_term_component		传闻莎奈	direct-current-after-image	stable-key				runtime_pass18_outside_pass15	authority-verified
P18-00002	magica/js/libs/cardList.json	/128/cardName	11045	cardName	谣莎奈	传闻莎奈	official_cn_term_component	official dump authority.json uses 传闻 terminology; Wiki exact variant context	authority-component-normalization	authority-verified	1.00	official_cn_term_component		传闻莎奈	direct-current-after-image	stable-key				runtime_pass18_outside_pass15	authority-verified
P18-00003	magica/js/libs/cardList.json	/186/cardName	13034	cardName	谣鹤乃	传闻鹤乃	official_cn_character_name	official dump authority.json official character component	authority-component-normalization	authority-verified	1.00	official_cn_character_name		传闻鹤乃	direct-current-after-image	stable-key				runtime_pass18_outside_pass15	authority-verified
P18-00004	magica/js/libs/cardList.json	/187/cardName	13035	cardName	谣鹤乃	传闻鹤乃	official_cn_character_name	official dump authority.json official character component	authority-component-normalization	authority-verified	1.00	official_cn_character_name		传闻鹤乃	direct-current-after-image	stable-key				runtime_pass18_outside_pass15	authority-verified
P18-00005	magica/js/libs/cardList.json	/198/cardName	16014	cardName	∞伊吕波	∞彩羽	official_cn_character_name	official dump authority.json#/charaList.json/1001/name	authority-component-normalization	authority-verified	1.00	official_cn_character_name		∞彩羽	direct-current-after-image	stable-key				runtime_pass18_outside_pass15	authority-verified
P18-00006	magica/js/libs/cardList.json	/199/cardName	16015	cardName	∞伊吕波	∞彩羽	official_cn_character_name	official dump authority.json#/charaList.json/1001/name	authority-component-normalization	authority-verified	1.00	official_cn_character_name		∞彩羽	direct-current-after-image	stable-key				runtime_pass18_outside_pass15	authority-verified
P18-00007	magica/js/libs/cardList.json	/200/cardName	17014	cardName	无限大小伊吕波	无限大小彩羽	official_cn_character_name	official dump authority.json#/charaList.json/1001/name	authority-component-normalization	authority-verified	1.00	official_cn_character_name		无限大小彩羽	direct-current-after-image	stable-key				runtime_pass18_outside_pass15	authority-verified
P18-00008	magica/js/libs/cardList.json	/201/cardName	17015	cardName	无限大小伊吕波	无限大小彩羽	official_cn_character_name	official dump authority.json#/charaList.json/1001/name	authority-component-normalization	authority-verified	1.00	official_cn_character_name		无限大小彩羽	direct-current-after-image	stable-key				runtime_pass18_outside_pass15	authority-verified
P18-00009	magica/js/libs/cardList.json	/202/cardName	18014	cardName	伊吕波·黑江	彩羽·黑江	official_cn_character_name	official dump authority.json#/charaList.json/1001/name	authority-component-normalization	authority-verified	1.00	official_cn_character_name		彩羽·黑江	direct-current-after-image	stable-key				runtime_pass18_outside_pass15	authority-verified
P18-00010	magica/js/libs/cardList.json	/203/cardName	18015	cardName	伊吕波·黑江	彩羽·黑江	official_cn_character_name	official dump authority.json#/charaList.json/1001/name	authority-component-normalization	authority-verified	1.00	official_cn_character_name		彩羽·黑江	direct-current-after-image	stable-key				runtime_pass18_outside_pass15	authority-verified
P18-00011	magica/js/libs/cardList.json	/230/cardName	21044	cardName	圆·伊吕波	圆·彩羽	official_cn_character_name	official dump authority.json#/charaList.json/1001/name	authority-component-normalization	authority-verified	1.00	official_cn_character_name		圆·彩羽	direct-current-after-image	stable-key				runtime_pass18_outside_pass15	authority-verified
P18-00012	magica/js/libs/cardList.json	/231/cardName	21045	cardName	圆·伊吕波	圆·彩羽	official_cn_character_name	official dump authority.json#/charaList.json/1001/name	authority-component-normalization	authority-verified	1.00	official_cn_character_name		圆·彩羽	direct-current-after-image	stable-key				runtime_pass18_outside_pass15	authority-verified
P18-00013	magica/js/libs/cardList.json	/236/cardName	21074	cardName	小圆前辈·小伊吕波	小圆前辈·小彩羽	official_cn_character_name	official dump authority.json#/charaList.json/1001/name	authority-component-normalization	authority-verified	1.00	official_cn_character_name		小圆前辈·小彩羽	direct-current-after-image	stable-key				runtime_pass18_outside_pass15	authority-verified
P18-00014	magica/js/libs/cardList.json	/237/cardName	21075	cardName	小圆前辈·小伊吕波	小圆前辈·小彩羽	official_cn_character_name	official dump authority.json#/charaList.json/1001/name	authority-component-normalization	authority-verified	1.00	official_cn_character_name		小圆前辈·小彩羽	direct-current-after-image	stable-key				runtime_pass18_outside_pass15	authority-verified
P18-00015	magica/js/libs/cardList.json	/428/cardName	35024	cardName	万年樱之谣	万年樱的传闻	official_cn_character_name	official dump authority.json#/charaList.json/3043/name	authority-component-normalization	authority-verified	1.00	official_cn_character_name		万年樱的传闻	direct-current-after-image	stable-key				runtime_pass18_outside_pass15	authority-verified
P18-00016	magica/js/libs/cardList.json	/429/cardName	35025	cardName	万年樱之谣	万年樱的传闻	official_cn_character_name	official dump authority.json#/charaList.json/3043/name	authority-component-normalization	authority-verified	1.00	official_cn_character_name		万年樱的传闻	direct-current-after-image	stable-key				runtime_pass18_outside_pass15	authority-verified
P18-00017	magica/js/libs/cardMagiaMap.json	/10444/name	10444	name	无望镜-{界}-	无望镜界	wiki	wiki_authority_pairs.tsv character_data_table magia_name for 無望鏡界	authority-adoption	authority-verified	1.00	P0_authority_exact		无望镜界	direct-current-after-image	stable-key				runtime_pass18_outside_pass15	authority-verified
P18-00018	magica/js/libs/cardMagiaMap.json	/26018/shortDescription	26018	shortDescription	对敌方全体属性强化伤害[Ⅹ] & 状态强化解除(敌全) & 火属性耐性DOWN(敌全/3T) & 火属性攻击力UP & 伤害UP & Doppel伤害UP(自/5T)	对敌方全体属性强化伤害[Ⅹ] & 状态强化解除(敌全) & 火属性耐性DOWN(敌全/3T) & 火属性攻击力UP & 伤害UP & 魔女化身伤害UP(自/5T)	official_cn_game_term	official dump authority.json doppelList + skill shortDescription	authority-component-normalization	authority-verified	1.00	official_cn_game_term		对敌方全体属性强化伤害[Ⅹ] & 状态强化解除(敌全) & 火属性耐性下降(敌全/3T) & 火属性攻击力提升 & 伤害提升 & 魔女化身伤害提升(自/5T)	visible-term-closure-exact-supersession	stable-key	DICT-00252	root-reviewed-official-cn-terminology	root-reviewed-approved	runtime_pass18_outside_pass15	authority-verified
P18-00019	magica/js/libs/cardMagiaMap.json	/39028/shortDescription	39028	shortDescription	对敌方全体属性强化伤害[XI] & 暗属性耐性DOWN(敌全/2T) & Buff解除(敌全) & 暗属性攻击力UP & 伤害UP & Doppel伤害UP(自/2T) & Survive(自/1T)	对敌方全体属性强化伤害[XI] & 暗属性耐性DOWN(敌全/2T) & 解除增益(敌全) & 暗属性攻击力UP & 伤害UP & 魔女化身伤害UP(自/2T) & 幸存(自/1T)	official_cn_game_term	official dump authority.json doppelList + skill shortDescription; D:/magia/MyProducts/MAGIA RECORD CN/Full_Raw_Dump_V2/magica/api/page/MyPage_001.json; SHA256 a82601d7cad737bf00a9a2f714d401c81389b825b27d45b492ae6f3bcc8a10db; stable mechanics examples: cardMagia art 200300700=解除增益, cardMagia/cardSkill art 200200800=解除减益, doppelCardMagia id 30208=幸存	authority-component-normalization+official-cn-visible-token-normalization	authority-verified	1.00	official_cn_game_term;official_cn_game_term	reconciled-with-runtime-dictionary-combat-term-round3	对敌方全体属性强化伤害[XI] & 暗属性耐性下降(敌全/2T) & 解除增益(敌全) & 暗属性攻击力提升 & 伤害提升 & 魔女化身伤害提升(自/2T) & 幸存(自/1T)	visible-term-closure-exact-supersession	stable-key	DICT-00362	root-reviewed-official-cn-terminology	root-reviewed-approved	runtime_pass18_outside_pass15	authority-verified
P18-00020	magica/js/libs/charaList.json	/124/description	2602	description	出身于风见野市的魔法少女。出生于提倡新信仰的父亲身边，现在却孤苦伶仃。前往存在着Doppel这一新可能性的神滨市，在那里直面了自己无法逃避的过去。曾经擅长眩惑的魔法。	出身于风见野市的魔法少女。出生于提倡新信仰的父亲身边，现在却孤苦伶仃。前往存在着魔女化身这一新可能性的神滨市，在那里直面了自己无法逃避的过去。曾经擅长眩惑的魔法。	official_cn_game_term	official dump authority.json doppelList + skill shortDescription	authority-component-normalization	authority-verified	1.00	official_cn_game_term		出身于风见野市的魔法少女。出生于提倡新信仰的父亲身边，现在却孤苦伶仃。前往存在着魔女化身这一新可能性的神滨市，在那里直面了自己无法逃避的过去。曾经擅长眩惑的魔法。	direct-current-after-image	stable-key				runtime_pass18_outside_pass15	authority-verified
P18-00021	magica/js/libs/charaList.json	/187/name	3502	name	万年樱之谣	万年樱的传闻	official_cn_character_name	official dump authority.json#/charaList.json/3043/name	authority-component-normalization	authority-verified	1.00	official_cn_character_name		万年樱的传闻	direct-current-after-image	stable-key				runtime_pass18_outside_pass15	authority-verified
P18-00022	magica/js/libs/charaList.json	/56/name	1104	name	谣莎奈	传闻莎奈	official_cn_term_component	official dump authority.json uses 传闻 terminology; Wiki exact variant context	authority-component-normalization	authority-verified	1.00	official_cn_term_component		传闻莎奈	direct-current-after-image	stable-key				runtime_pass18_outside_pass15	authority-verified
P18-00023	magica/js/libs/charaList.json	/85/name	1303	name	谣鹤乃	传闻鹤乃	official_cn_character_name	official dump authority.json official character component	authority-component-normalization	authority-verified	1.00	official_cn_character_name		传闻鹤乃	direct-current-after-image	stable-key				runtime_pass18_outside_pass15	authority-verified
P18-00024	magica/js/libs/charaList.json	/92/description	1701	description	平行宇宙的伊吕波们通过串联连携而合体成的拥有无限大可能性的魔法少女。虽然因存在的不稳定性而产生出各种超越次元之壁的歪曲，但同时也在逐渐解决于各世界引起的麻烦。在合体前和合体后，伊吕波们的人数似乎总是会有几人之差，因此大家决定从下次开始要点名。	平行宇宙的彩羽们通过串联连携而合体成的拥有无限大可能性的魔法少女。虽然因存在的不稳定性而产生出各种超越次元之壁的歪曲，但同时也在逐渐解决于各世界引起的麻烦。在合体前和合体后，彩羽们的人数似乎总是会有几人之差，因此大家决定从下次开始要点名。	official_cn_character_name	official dump authority.json#/charaList.json/1001/name	authority-component-normalization	authority-verified	1.00	official_cn_character_name		平行宇宙的彩羽们通过串联连携而合体成的拥有无限大可能性的魔法少女。虽然因存在的不稳定性而产生出各种超越次元之壁的歪曲，但同时也在逐渐解决于各世界引起的麻烦。在合体前和合体后，彩羽们的人数似乎总是会有几人之差，因此大家决定从下次开始要点名。	direct-current-after-image	stable-key				runtime_pass18_outside_pass15	authority-verified
P18-00025	magica/js/libs/charaMessageList.json	/8263/message	8263	message	"我是约定之血的一员，
铃鹿咲夜。最近刚转学到神滨的学校。
啊，转学的原因不能说，
不过我可没做什么亏心事！
……你是神滨的魔法少女，
对吧？若想和平收场，
最好别和我牵扯太深。"	"我是PROMISED BLOOD的一员，
铃鹿咲夜。最近刚转学到神滨的学校。
啊，转学的原因不能说，
不过我可没做什么亏心事！
……你是神滨的魔法少女，
对吧？若想和平收场，
最好别和我牵扯太深。"	wiki_exact_organization	wiki characters.json#/promised_blood	authority-component-normalization	authority-verified	1.00	wiki_exact_organization		"我是PROMISED BLOOD的一员，
铃鹿咲夜。最近刚转学到神滨的学校。
啊，转学的原因不能说，
不过我可没做什么亏心事！
……你是神滨的魔法少女，
对吧？若想和平收场，
最好别和我牵扯太深。"	direct-current-after-image	json-pointer				runtime_pass18_outside_pass15	authority-verified
P18-00026	magica/js/libs/charaMessageList.json	/9078/message	9078	message	"我明白魔法联盟和约定之血
都有各自信念，所以才会冲突。
但我还是不想放弃通过
对话解决问题的希望。"	"我明白魔法联盟和PROMISED BLOOD
都有各自信念，所以才会冲突。
但我还是不想放弃通过
对话解决问题的希望。"	wiki_exact_organization	wiki characters.json#/promised_blood	authority-component-normalization	authority-verified	1.00	wiki_exact_organization		"我明白魔法联盟和PROMISED BLOOD
都有各自信念，所以才会冲突。
但我还是不想放弃通过
对话解决问题的希望。"	direct-current-after-image	json-pointer				runtime_pass18_outside_pass15	authority-verified
P18-00027	magica/js/libs/doppelCardMagiaMap.json	/26018/shortDescription	26018	shortDescription	对敌方全体属性强化伤害[Ⅹ] & 状态强化解除(敌全) & 火属性耐性DOWN(敌全/3T) & 火属性攻击力UP & 伤害UP & Doppel伤害UP(自/5T)	对敌方全体属性强化伤害[Ⅹ] & 状态强化解除(敌全) & 火属性耐性DOWN(敌全/3T) & 火属性攻击力UP & 伤害UP & 魔女化身伤害UP(自/5T)	official_cn_game_term	official dump authority.json doppelList + skill shortDescription	authority-component-normalization	authority-verified	1.00	official_cn_game_term		对敌方全体属性强化伤害[Ⅹ] & 状态强化解除(敌全) & 火属性耐性下降(敌全/3T) & 火属性攻击力提升 & 伤害提升 & 魔女化身伤害提升(自/5T)	visible-term-closure-exact-supersession	stable-key	DICT-00795	root-reviewed-official-cn-terminology	root-reviewed-approved	runtime_pass18_outside_pass15	authority-verified
P18-00028	magica/js/libs/doppelCardMagiaMap.json	/39028/shortDescription	39028	shortDescription	对敌方全体属性强化伤害[XI] & 暗属性耐性DOWN(敌全/2T) & Buff解除(敌全) & 暗属性攻击力UP & 伤害UP & Doppel伤害UP(自/2T) & Survive(自/1T)	对敌方全体属性强化伤害[XI] & 暗属性耐性DOWN(敌全/2T) & 解除增益(敌全) & 暗属性攻击力UP & 伤害UP & 魔女化身伤害UP(自/2T) & 幸存(自/1T)	official_cn_game_term	official dump authority.json doppelList + skill shortDescription; D:/magia/MyProducts/MAGIA RECORD CN/Full_Raw_Dump_V2/magica/api/page/MyPage_001.json; SHA256 a82601d7cad737bf00a9a2f714d401c81389b825b27d45b492ae6f3bcc8a10db; stable mechanics examples: cardMagia art 200300700=解除增益, cardMagia/cardSkill art 200200800=解除减益, doppelCardMagia id 30208=幸存	authority-component-normalization+official-cn-visible-token-normalization	authority-verified	1.00	official_cn_game_term;official_cn_game_term	reconciled-with-runtime-dictionary-combat-term-round3	对敌方全体属性强化伤害[XI] & 暗属性耐性下降(敌全/2T) & 解除增益(敌全) & 暗属性攻击力提升 & 伤害提升 & 魔女化身伤害提升(自/2T) & 幸存(自/1T)	visible-term-closure-exact-supersession	stable-key	DICT-00835	root-reviewed-official-cn-terminology	root-reviewed-approved	runtime_pass18_outside_pass15	authority-verified
P18-00029	magica/js/libs/doppelList.json	/107/description	210600	description	这份感情的主人，情雀跃地想要在度假胜地享受只有现在才能做的事情。虽然这也影响了Doppel的形象，但由于无法具体地联想到度假胜地，所以形成了特别的水果冰淇淋的形状。被这个Doppel吸收的周围的东西。毫无疑问地沐浴在冰冷的糖浆和水果中，感受到了寒冷。但只要忍耐住，无论怎样的夏天都能讴歌。似乎就得到了救赎。在这样的情况下，感情的主人会梦到吃着美味的水果冰淇淋而入睡。	这份感情的主人，情雀跃地想要在度假胜地享受只有现在才能做的事情。虽然这也影响了魔女化身的形象，但由于无法具体地联想到度假胜地，所以形成了特别的水果冰淇淋的形状。被这个魔女化身吸收的周围的东西。毫无疑问地沐浴在冰冷的糖浆和水果中，感受到了寒冷。但只要忍耐住，无论怎样的夏天都能讴歌。似乎就得到了救赎。在这样的情况下，感情的主人会梦到吃着美味的水果冰淇淋而入睡。	official_cn_game_term	official dump authority.json doppelList + skill shortDescription	authority-component-normalization	authority-verified	1.00	official_cn_game_term		这份感情的主人，情雀跃地想要在度假胜地享受只有现在才能做的事情。虽然这也影响了魔女化身的形象，但由于无法具体地联想到度假胜地，所以形成了特别的水果冰淇淋的形状。被这个魔女化身吸收的周围的东西。毫无疑问地沐浴在冰冷的糖浆和水果中，感受到了寒冷。但只要忍耐住，无论怎样的夏天都能讴歌。似乎就得到了救赎。在这样的情况下，感情的主人会梦到吃着美味的水果冰淇淋而入睡。	direct-current-after-image	stable-key				runtime_pass18_outside_pass15	authority-verified
P18-00030	magica/js/libs/doppelList.json	/111/description	220300	description	这份感情的主人，思念着旧年中放置的失去的光辉。宝船携带的7尊宝物，是在新年的开始时，主人想要分离的感情所产生的残渣，但由于主人后悔的表情，无法读取原来的感情。这个Doppel无法承受主后悔的重量，把宝船一起放出来击溃敌人。新年的日出越刺眼，主人的后悔就越沉重，因此7尊为了不被新年的曙光弄瞎眼睛，都戴着眼镜。	这份感情的主人，思念着旧年中放置的失去的光辉。宝船携带的7尊宝物，是在新年的开始时，主人想要分离的感情所产生的残渣，但由于主人后悔的表情，无法读取原来的感情。这个魔女化身无法承受主后悔的重量，把宝船一起放出来击溃敌人。新年的日出越刺眼，主人的后悔就越沉重，因此7尊为了不被新年的曙光弄瞎眼睛，都戴着眼镜。	official_cn_game_term	official dump authority.json doppelList + skill shortDescription	authority-component-normalization	authority-verified	1.00	official_cn_game_term		这份感情的主人，思念着旧年中放置的失去的光辉。宝船携带的7尊宝物，是在新年的开始时，主人想要分离的感情所产生的残渣，但由于主人后悔的表情，无法读取原来的感情。这个魔女化身无法承受主后悔的重量，把宝船一起放出来击溃敌人。新年的日出越刺眼，主人的后悔就越沉重，因此7尊为了不被新年的曙光弄瞎眼睛，都戴着眼镜。	direct-current-after-image	stable-key				runtime_pass18_outside_pass15	authority-verified
P18-00031	magica/js/libs/doppelList.json	/114/description	240000	description	这份感情的主人，虽然年末依旧为恋心所苦恼，但能穿上自己喜欢的盛装还是非常开心。尽管如此，未曾改变的恋情中产生的不安依然潜藏在心底，静静地苛责着主人。＠那个Doppel同样向往着恋爱，不过在裹上吉祥物之后有了自信，放出被称为招福除灾的光辉，即使道路前方存在障碍，也可以毫不胆怯地正面突击。被这种气势压倒的人，最后会目击太阳和富士山，并被一气扫除吧。	这份感情的主人，虽然年末依旧为恋心所苦恼，但能穿上自己喜欢的盛装还是非常开心。尽管如此，未曾改变的恋情中产生的不安依然潜藏在心底，静静地苛责着主人。＠那个魔女化身同样向往着恋爱，不过在裹上吉祥物之后有了自信，放出被称为招福除灾的光辉，即使道路前方存在障碍，也可以毫不胆怯地正面突击。被这种气势压倒的人，最后会目击太阳和富士山，并被一气扫除吧。	official_cn_game_term	official dump authority.json doppelList + skill shortDescription	authority-component-normalization	authority-verified	1.00	official_cn_game_term		这份感情的主人，虽然年末依旧为恋心所苦恼，但能穿上自己喜欢的盛装还是非常开心。尽管如此，未曾改变的恋情中产生的不安依然潜藏在心底，静静地苛责着主人。＠那个魔女化身同样向往着恋爱，不过在裹上吉祥物之后有了自信，放出被称为招福除灾的光辉，即使道路前方存在障碍，也可以毫不胆怯地正面突击。被这种气势压倒的人，最后会目击太阳和富士山，并被一气扫除吧。	direct-current-after-image	stable-key				runtime_pass18_outside_pass15	authority-verified
P18-00032	magica/js/libs/doppelList.json	/115/description	240100	description	这种感情的主人将目光从“如果不告白的话就传达不到”这一真理中移开，继续等待着名为偶发良机的夏天的大波浪。＠这只Doppel因此闲得很，一解放就奔放地游来游去。＠那个攻击是单纯的动能和势能的结合技，利用加速的夏日热情和不断增长的恋心的压倒性质量粉碎敌人。＠主人释放出自己一时的感情，清爽之后，会再次提醒自己“好机会还没有到来”。	这种感情的主人将目光从“如果不告白的话就传达不到”这一真理中移开，继续等待着名为偶发良机的夏天的大波浪。＠这只魔女化身因此闲得很，一解放就奔放地游来游去。＠那个攻击是单纯的动能和势能的结合技，利用加速的夏日热情和不断增长的恋心的压倒性质量粉碎敌人。＠主人释放出自己一时的感情，清爽之后，会再次提醒自己“好机会还没有到来”。	official_cn_game_term	official dump authority.json doppelList + skill shortDescription	authority-component-normalization	authority-verified	1.00	official_cn_game_term		这种感情的主人将目光从“如果不告白的话就传达不到”这一真理中移开，继续等待着名为偶发良机的夏天的大波浪。＠这只魔女化身因此闲得很，一解放就奔放地游来游去。＠那个攻击是单纯的动能和势能的结合技，利用加速的夏日热情和不断增长的恋心的压倒性质量粉碎敌人。＠主人释放出自己一时的感情，清爽之后，会再次提醒自己“好机会还没有到来”。	direct-current-after-image	stable-key				runtime_pass18_outside_pass15	authority-verified
P18-00033	magica/js/libs/doppelList.json	/118/description	250100	description	这份感情的主人，由于有了一起战斗的伙伴们感到无比欣喜。＠怀着想要成为模范前辈的心情，想要保持和平时一样的冷静，但也许是出于反作用，Doppel无法隐藏热情且带着热带风情的外表。＠Doppel奔放的爆发力和主人冷静的瞄准控制保持了危险的平衡，最终发挥了无与伦比的战斗能力。	这份感情的主人，由于有了一起战斗的伙伴们感到无比欣喜。＠怀着想要成为模范前辈的心情，想要保持和平时一样的冷静，但也许是出于反作用，魔女化身无法隐藏热情且带着热带风情的外表。＠魔女化身奔放的爆发力和主人冷静的瞄准控制保持了危险的平衡，最终发挥了无与伦比的战斗能力。	official_cn_game_term	official dump authority.json doppelList + skill shortDescription	authority-component-normalization	authority-verified	1.00	official_cn_game_term		这份感情的主人，由于有了一起战斗的伙伴们感到无比欣喜。＠怀着想要成为模范前辈的心情，想要保持和平时一样的冷静，但也许是出于反作用，魔女化身无法隐藏热情且带着热带风情的外表。＠魔女化身奔放的爆发力和主人冷静的瞄准控制保持了危险的平衡，最终发挥了无与伦比的战斗能力。	direct-current-after-image	stable-key				runtime_pass18_outside_pass15	authority-verified
P18-00034	magica/js/libs/doppelList.json	/124/description	270000	description	这份感情的主人，总是会弄错执着的对象。＠每次看到巧克力蛋糕都会屈服于那褐色的诱惑，想要一口吞下，但实际上装进胃里的，都是乳白色的鲜奶酪蛋糕。＠这个Doppel有时会违背自身的欲望，故意去吃奶酪蛋糕，但也只有在那种时候，装进胃里的是真正的奶酪蛋糕。	这份感情的主人，总是会弄错执着的对象。＠每次看到巧克力蛋糕都会屈服于那褐色的诱惑，想要一口吞下，但实际上装进胃里的，都是乳白色的鲜奶酪蛋糕。＠这个魔女化身有时会违背自身的欲望，故意去吃奶酪蛋糕，但也只有在那种时候，装进胃里的是真正的奶酪蛋糕。	official_cn_game_term	official dump authority.json doppelList + skill shortDescription	authority-component-normalization	authority-verified	1.00	official_cn_game_term		这份感情的主人，总是会弄错执着的对象。＠每次看到巧克力蛋糕都会屈服于那褐色的诱惑，想要一口吞下，但实际上装进胃里的，都是乳白色的鲜奶酪蛋糕。＠这个魔女化身有时会违背自身的欲望，故意去吃奶酪蛋糕，但也只有在那种时候，装进胃里的是真正的奶酪蛋糕。	direct-current-after-image	stable-key				runtime_pass18_outside_pass15	authority-verified
P18-00035	magica/js/libs/doppelList.json	/125/description	270100	description	这份感情的主人，怀着不想离开的心情，想要在最后创造满夏的回忆。与主人同调的Doppel打算用青春的夏色打扮自己。将包裹自身的碳酸饮料含在口中，无所顾忌地喷出后便使其炸开，无论是体能强劲还是性格跳脱，抑或发型爆炸的各种各样的“炸爆”事物都从中诞生。尽管这副光景受Doppel的影响而四处扩散，可无论何人都只是因碳酸饮料的美味而兴奋，不会使得场面陷入混乱。顺便一提Doppel似乎讨厌那些象征着夏天结束的线香花火。	这份感情的主人，怀着不想离开的心情，想要在最后创造满夏的回忆。与主人同调的魔女化身打算用青春的夏色打扮自己。将包裹自身的碳酸饮料含在口中，无所顾忌地喷出后便使其炸开，无论是体能强劲还是性格跳脱，抑或发型爆炸的各种各样的“炸爆”事物都从中诞生。尽管这副光景受魔女化身的影响而四处扩散，可无论何人都只是因碳酸饮料的美味而兴奋，不会使得场面陷入混乱。顺便一提魔女化身似乎讨厌那些象征着夏天结束的线香花火。	official_cn_game_term	official dump authority.json doppelList + skill shortDescription	authority-component-normalization	authority-verified	1.00	official_cn_game_term		这份感情的主人，怀着不想离开的心情，想要在最后创造满夏的回忆。与主人同调的魔女化身打算用青春的夏色打扮自己。将包裹自身的碳酸饮料含在口中，无所顾忌地喷出后便使其炸开，无论是体能强劲还是性格跳脱，抑或发型爆炸的各种各样的“炸爆”事物都从中诞生。尽管这副光景受魔女化身的影响而四处扩散，可无论何人都只是因碳酸饮料的美味而兴奋，不会使得场面陷入混乱。顺便一提魔女化身似乎讨厌那些象征着夏天结束的线香花火。	direct-current-after-image	stable-key				runtime_pass18_outside_pass15	authority-verified
P18-00036	magica/js/libs/doppelList.json	/126/description	300100	description	这份感情的主人，忌惮着这个拥有与自身完全相反力量的Doppel。能够“拆解”所触对象的Doppel，只要能用微不足道的魔力作出一个小小的缺口，便能发挥令任何事物乃至概念都自其处崩散的恐怖能力。然而，这个Doppel似乎只对毁坏主人的作品抱有兴趣，仅仅热衷于令主人费力缝合的事物全部落为徒劳。同时这个Doppel也拥有与较低的魔力量完全不符的自我增殖能力，在通过压倒性的省能模式保有魔力的另一面，形成了对照般的巨大体型。	这份感情的主人，忌惮着这个拥有与自身完全相反力量的魔女化身。能够“拆解”所触对象的魔女化身，只要能用微不足道的魔力作出一个小小的缺口，便能发挥令任何事物乃至概念都自其处崩散的恐怖能力。然而，这个魔女化身似乎只对毁坏主人的作品抱有兴趣，仅仅热衷于令主人费力缝合的事物全部落为徒劳。同时这个魔女化身也拥有与较低的魔力量完全不符的自我增殖能力，在通过压倒性的省能模式保有魔力的另一面，形成了对照般的巨大体型。	official_cn_game_term	official dump authority.json doppelList + skill shortDescription	authority-component-normalization	authority-verified	1.00	official_cn_game_term		这份感情的主人，忌惮着这个拥有与自身完全相反力量的魔女化身。能够“拆解”所触对象的魔女化身，只要能用微不足道的魔力作出一个小小的缺口，便能发挥令任何事物乃至概念都自其处崩散的恐怖能力。然而，这个魔女化身似乎只对毁坏主人的作品抱有兴趣，仅仅热衷于令主人费力缝合的事物全部落为徒劳。同时这个魔女化身也拥有与较低的魔力量完全不符的自我增殖能力，在通过压倒性的省能模式保有魔力的另一面，形成了对照般的巨大体型。	direct-current-after-image	stable-key				runtime_pass18_outside_pass15	authority-verified
P18-00037	magica/js/libs/doppelList.json	/127/description	300200	description	这份感情的主人认为Doppel是可以展现自己特征的正面存在，还不知道它有着会把支持它的人耗尽的危险。在Doppel本体的周围，漂浮着为了吸引支援与对方战斗到死的亡灵。一旦被这个亡灵附身，就会变成肉壁守护主人直到死亡。	这份感情的主人认为魔女化身是可以展现自己特征的正面存在，还不知道它有着会把支持它的人耗尽的危险。在魔女化身本体的周围，漂浮着为了吸引支援与对方战斗到死的亡灵。一旦被这个亡灵附身，就会变成肉壁守护主人直到死亡。	official_cn_game_term	official dump authority.json doppelList + skill shortDescription	authority-component-normalization	authority-verified	1.00	official_cn_game_term		这份感情的主人认为魔女化身是可以展现自己特征的正面存在，还不知道它有着会把支持它的人耗尽的危险。在魔女化身本体的周围，漂浮着为了吸引支援与对方战斗到死的亡灵。一旦被这个亡灵附身，就会变成肉壁守护主人直到死亡。	direct-current-after-image	stable-key				runtime_pass18_outside_pass15	authority-verified
P18-00038	magica/js/libs/doppelList.json	/129/description	300400	description	这份感情的主人对于与自己的勇敢正相称的Doppel感到满足，但那银光闪闪的身体却会让她冬冷夏热。Doppel和主人一样有着强烈的自尊心，无论遇到什么事情都要正面与之对决。然而，由于盲目地相信自己身体的强韧，面对任何攻击都不会躲避、坚持行进，所以也会遭受许多痛苦。再加上，本来Doppel是将自己的身体作为坚固的铠甲献与主人，但是主人会出于强烈的自尊心，想要亲自上阵给出最后一击，因此两者也会相互争夺主导权。	这份感情的主人对于与自己的勇敢正相称的魔女化身感到满足，但那银光闪闪的身体却会让她冬冷夏热。魔女化身和主人一样有着强烈的自尊心，无论遇到什么事情都要正面与之对决。然而，由于盲目地相信自己身体的强韧，面对任何攻击都不会躲避、坚持行进，所以也会遭受许多痛苦。再加上，本来魔女化身是将自己的身体作为坚固的铠甲献与主人，但是主人会出于强烈的自尊心，想要亲自上阵给出最后一击，因此两者也会相互争夺主导权。	official_cn_game_term	official dump authority.json doppelList + skill shortDescription	authority-component-normalization	authority-verified	1.00	official_cn_game_term		这份感情的主人对于与自己的勇敢正相称的魔女化身感到满足，但那银光闪闪的身体却会让她冬冷夏热。魔女化身和主人一样有着强烈的自尊心，无论遇到什么事情都要正面与之对决。然而，由于盲目地相信自己身体的强韧，面对任何攻击都不会躲避、坚持行进，所以也会遭受许多痛苦。再加上，本来魔女化身是将自己的身体作为坚固的铠甲献与主人，但是主人会出于强烈的自尊心，想要亲自上阵给出最后一击，因此两者也会相互争夺主导权。	direct-current-after-image	stable-key				runtime_pass18_outside_pass15	authority-verified
P18-00039	magica/js/libs/doppelList.json	/131/description	300600	description	这份感情的主人对于没有善恶概念、自由自在的Doppel有着亲近感，同时也感觉到了自己的幼稚。＠这个Doppel用直达脑内的超声波的语言肯定一切，给予自信和勇气，无论什么烦恼都能消除。那些让人心情舒畅的词语令人依赖，不过由于它出于好心，连人的攻击性和负面感情也无止境地肯定了，会在不经意间把对象引向最糟糕的行动吧。	这份感情的主人对于没有善恶概念、自由自在的魔女化身有着亲近感，同时也感觉到了自己的幼稚。＠这个魔女化身用直达脑内的超声波的语言肯定一切，给予自信和勇气，无论什么烦恼都能消除。那些让人心情舒畅的词语令人依赖，不过由于它出于好心，连人的攻击性和负面感情也无止境地肯定了，会在不经意间把对象引向最糟糕的行动吧。	official_cn_game_term	official dump authority.json doppelList + skill shortDescription	authority-component-normalization	authority-verified	1.00	official_cn_game_term		这份感情的主人对于没有善恶概念、自由自在的魔女化身有着亲近感，同时也感觉到了自己的幼稚。＠这个魔女化身用直达脑内的超声波的语言肯定一切，给予自信和勇气，无论什么烦恼都能消除。那些让人心情舒畅的词语令人依赖，不过由于它出于好心，连人的攻击性和负面感情也无止境地肯定了，会在不经意间把对象引向最糟糕的行动吧。	direct-current-after-image	stable-key				runtime_pass18_outside_pass15	authority-verified
P18-00040	magica/js/libs/doppelList.json	/132/description	300700	description	这份感情的主人对于跟自己一样无论能跑多快，结果还是不能跨越海洋的Doppel的能力感到失望。＠被这Doppel的脚尖触碰到的东西会即刻风化，但若是不移动的话自己就会被沙漠化的地面掩埋，所以必须不停奔跑才行。＠因此虽能以如风一般的速度奔跑，但却不能飞。＠另外，一旦这个Doppel现身，主人就会随着Doppel一起离去，不过会留下如同足迹的风化痕迹，要追踪似乎很容易。	这份感情的主人对于跟自己一样无论能跑多快，结果还是不能跨越海洋的魔女化身的能力感到失望。＠被这魔女化身的脚尖触碰到的东西会即刻风化，但若是不移动的话自己就会被沙漠化的地面掩埋，所以必须不停奔跑才行。＠因此虽能以如风一般的速度奔跑，但却不能飞。＠另外，一旦这个魔女化身现身，主人就会随着魔女化身一起离去，不过会留下如同足迹的风化痕迹，要追踪似乎很容易。	official_cn_game_term	official dump authority.json doppelList + skill shortDescription	authority-component-normalization	authority-verified	1.00	official_cn_game_term		这份感情的主人对于跟自己一样无论能跑多快，结果还是不能跨越海洋的魔女化身的能力感到失望。＠被这魔女化身的脚尖触碰到的东西会即刻风化，但若是不移动的话自己就会被沙漠化的地面掩埋，所以必须不停奔跑才行。＠因此虽能以如风一般的速度奔跑，但却不能飞。＠另外，一旦这个魔女化身现身，主人就会随着魔女化身一起离去，不过会留下如同足迹的风化痕迹，要追踪似乎很容易。	direct-current-after-image	stable-key				runtime_pass18_outside_pass15	authority-verified
P18-00041	magica/js/libs/doppelList.json	/133/description	300800	description	这份感情的主人并不认为这个Doppel不好，但还是对被别人看到有抵触情绪。具有两面性的Doppel，从褶边等装饰到染色，都给人一种可爱温柔的感觉，但是内部的印象却形成了鲜明的对比。打开化妆包，可爱的内脏代替可爱的物品露出脸来，让看到的人的空气都冻结了。而且，内脏在物理上也是非常冷的，被打的人在一瞬间精神上和肉体上都会被冻结。顺便说一下，Doppel并不认为是因为自己的原因而结冰的。	这份感情的主人并不认为这个魔女化身不好，但还是对被别人看到有抵触情绪。具有两面性的魔女化身，从褶边等装饰到染色，都给人一种可爱温柔的感觉，但是内部的印象却形成了鲜明的对比。打开化妆包，可爱的内脏代替可爱的物品露出脸来，让看到的人的空气都冻结了。而且，内脏在物理上也是非常冷的，被打的人在一瞬间精神上和肉体上都会被冻结。顺便说一下，魔女化身并不认为是因为自己的原因而结冰的。	official_cn_game_term	official dump authority.json doppelList + skill shortDescription	authority-component-normalization	authority-verified	1.00	official_cn_game_term		这份感情的主人并不认为这个魔女化身不好，但还是对被别人看到有抵触情绪。具有两面性的魔女化身，从褶边等装饰到染色，都给人一种可爱温柔的感觉，但是内部的印象却形成了鲜明的对比。打开化妆包，可爱的内脏代替可爱的物品露出脸来，让看到的人的空气都冻结了。而且，内脏在物理上也是非常冷的，被打的人在一瞬间精神上和肉体上都会被冻结。顺便说一下，魔女化身并不认为是因为自己的原因而结冰的。	direct-current-after-image	stable-key				runtime_pass18_outside_pass15	authority-verified
P18-00042	magica/js/libs/doppelList.json	/134/description	300900	description	这份感情的主人，对于这个使用自己体内渗出的毒素制作有毒料理的Doppel并不感到高兴。＠这个Doppel使用仿佛水母触手前端的燃气灶，将任何食材制作成美味的有毒料理，并强行让客人落座在头部玻璃球里早已备好的座位上。＠被这个魔女烹饪的毒料理有着思维，为了抢先一步落到客人的胃里，即使只是坐着也会被强迫着进食。＠顺带一提，料理虽然有毒，但是味道很好。虽然味道很好，但以来路不明的谜之肉为首，大量使用了呻吟的蔬菜、来回走动的水果等出处令人不安的食材。	这份感情的主人，对于这个使用自己体内渗出的毒素制作有毒料理的魔女化身并不感到高兴。＠这个魔女化身使用仿佛水母触手前端的燃气灶，将任何食材制作成美味的有毒料理，并强行让客人落座在头部玻璃球里早已备好的座位上。＠被这个魔女烹饪的毒料理有着思维，为了抢先一步落到客人的胃里，即使只是坐着也会被强迫着进食。＠顺带一提，料理虽然有毒，但是味道很好。虽然味道很好，但以来路不明的谜之肉为首，大量使用了呻吟的蔬菜、来回走动的水果等出处令人不安的食材。	official_cn_game_term	official dump authority.json doppelList + skill shortDescription	authority-component-normalization	authority-verified	1.00	official_cn_game_term		这份感情的主人，对于这个使用自己体内渗出的毒素制作有毒料理的魔女化身并不感到高兴。＠这个魔女化身使用仿佛水母触手前端的燃气灶，将任何食材制作成美味的有毒料理，并强行让客人落座在头部玻璃球里早已备好的座位上。＠被这个魔女烹饪的毒料理有着思维，为了抢先一步落到客人的胃里，即使只是坐着也会被强迫着进食。＠顺带一提，料理虽然有毒，但是味道很好。虽然味道很好，但以来路不明的谜之肉为首，大量使用了呻吟的蔬菜、来回走动的水果等出处令人不安的食材。	direct-current-after-image	stable-key				runtime_pass18_outside_pass15	authority-verified
P18-00043	magica/js/libs/doppelList.json	/135/description	301000	description	这份感情的主人，盼望着自己能如太阳般光芒万丈，成为众人注目的焦点。与这份承认欲望共鸣的Doppel遵从主人的憧憬追求极致的“美”，成功制造出内包了星形分子配列构造的含有透明感的肉体，试图将之献予主人，替换其原本的身体。散发光辉的本体寻求赞颂肉体的追随者，延展触肢至四面八方，用强硬的手段去笼络粉丝。尝试逃跑的人会被由上至下地贯穿，但只要说出一句可爱，Doppel便愿意将你放过。	这份感情的主人，盼望着自己能如太阳般光芒万丈，成为众人注目的焦点。与这份承认欲望共鸣的魔女化身遵从主人的憧憬追求极致的“美”，成功制造出内包了星形分子配列构造的含有透明感的肉体，试图将之献予主人，替换其原本的身体。散发光辉的本体寻求赞颂肉体的追随者，延展触肢至四面八方，用强硬的手段去笼络粉丝。尝试逃跑的人会被由上至下地贯穿，但只要说出一句可爱，魔女化身便愿意将你放过。	official_cn_game_term	official dump authority.json doppelList + skill shortDescription	authority-component-normalization	authority-verified	1.00	official_cn_game_term		这份感情的主人，盼望着自己能如太阳般光芒万丈，成为众人注目的焦点。与这份承认欲望共鸣的魔女化身遵从主人的憧憬追求极致的“美”，成功制造出内包了星形分子配列构造的含有透明感的肉体，试图将之献予主人，替换其原本的身体。散发光辉的本体寻求赞颂肉体的追随者，延展触肢至四面八方，用强硬的手段去笼络粉丝。尝试逃跑的人会被由上至下地贯穿，但只要说出一句可爱，魔女化身便愿意将你放过。	direct-current-after-image	stable-key				runtime_pass18_outside_pass15	authority-verified
P18-00044	magica/js/libs/doppelList.json	/137/description	301200	description	这份感情的主人非常喜爱这个看似幼稚的Doppel。＠这个Doppel与主人的敏锐相反，精神如同幼儿一般，只希望获得安眠，如果被妨碍的话不仅会大闹起来，还会用婴儿般的哭声破坏对手的鼓膜。＠另外，如果这个Doppel打起哈欠，周围的生物不论敌我都会被猛烈的睡魔袭击，陷入它柔软身体的人更是会沉入无上的安眠。	这份感情的主人非常喜爱这个看似幼稚的魔女化身。＠这个魔女化身与主人的敏锐相反，精神如同幼儿一般，只希望获得安眠，如果被妨碍的话不仅会大闹起来，还会用婴儿般的哭声破坏对手的鼓膜。＠另外，如果这个魔女化身打起哈欠，周围的生物不论敌我都会被猛烈的睡魔袭击，陷入它柔软身体的人更是会沉入无上的安眠。	official_cn_game_term	official dump authority.json doppelList + skill shortDescription	authority-component-normalization	authority-verified	1.00	official_cn_game_term		这份感情的主人非常喜爱这个看似幼稚的魔女化身。＠这个魔女化身与主人的敏锐相反，精神如同幼儿一般，只希望获得安眠，如果被妨碍的话不仅会大闹起来，还会用婴儿般的哭声破坏对手的鼓膜。＠另外，如果这个魔女化身打起哈欠，周围的生物不论敌我都会被猛烈的睡魔袭击，陷入它柔软身体的人更是会沉入无上的安眠。	direct-current-after-image	stable-key				runtime_pass18_outside_pass15	authority-verified
P18-00045	magica/js/libs/doppelList.json	/138/description	301300	description	这份情感的主人不知道自己需要什么来证明自己就是自己，并因为对存在的认知是模糊的而感到混乱。这个Doppel可以把自己伪装成某人，还可以让周围的人屈服。它不但不赐予别人任何东西，甚至当它效仿别人做出可能伤害他人或夺走他人生命的方式时，周围的人也无法介入，仿佛无法违抗。然而，如果被目击到衣服下面是空洞的话，瞬间就会失去自己的存在价值，成为无力的存在。	这份情感的主人不知道自己需要什么来证明自己就是自己，并因为对存在的认知是模糊的而感到混乱。这个魔女化身可以把自己伪装成某人，还可以让周围的人屈服。它不但不赐予别人任何东西，甚至当它效仿别人做出可能伤害他人或夺走他人生命的方式时，周围的人也无法介入，仿佛无法违抗。然而，如果被目击到衣服下面是空洞的话，瞬间就会失去自己的存在价值，成为无力的存在。	official_cn_game_term	official dump authority.json doppelList + skill shortDescription	authority-component-normalization	authority-verified	1.00	official_cn_game_term		这份情感的主人不知道自己需要什么来证明自己就是自己，并因为对存在的认知是模糊的而感到混乱。这个魔女化身可以把自己伪装成某人，还可以让周围的人屈服。它不但不赐予别人任何东西，甚至当它效仿别人做出可能伤害他人或夺走他人生命的方式时，周围的人也无法介入，仿佛无法违抗。然而，如果被目击到衣服下面是空洞的话，瞬间就会失去自己的存在价值，成为无力的存在。	direct-current-after-image	stable-key				runtime_pass18_outside_pass15	authority-verified
P18-00046	magica/js/libs/doppelList.json	/139/description	301400	description	这份感情的主人，一直在尝试逗笑别人，结果为被周围的人误解为有着独特的性格而感到尴尬。这个Doppel也因为没有真实的身影藏在面具下，一直在为如何被理解而烦恼。然而，因为不介意自己能得到多少，所以它一边扮演着权威的角色，一边夺走了周围人的所有价值。不仅涉及物品，还涉及生命和记忆。如果听到Doppel满意的笑声的时候也跟着一起笑，Doppel就会以为自己的真面目暴露了，并试图隐藏起来。	这份感情的主人，一直在尝试逗笑别人，结果为被周围的人误解为有着独特的性格而感到尴尬。这个魔女化身也因为没有真实的身影藏在面具下，一直在为如何被理解而烦恼。然而，因为不介意自己能得到多少，所以它一边扮演着权威的角色，一边夺走了周围人的所有价值。不仅涉及物品，还涉及生命和记忆。如果听到魔女化身满意的笑声的时候也跟着一起笑，魔女化身就会以为自己的真面目暴露了，并试图隐藏起来。	official_cn_game_term	official dump authority.json doppelList + skill shortDescription	authority-component-normalization	authority-verified	1.00	official_cn_game_term		这份感情的主人，一直在尝试逗笑别人，结果为被周围的人误解为有着独特的性格而感到尴尬。这个魔女化身也因为没有真实的身影藏在面具下，一直在为如何被理解而烦恼。然而，因为不介意自己能得到多少，所以它一边扮演着权威的角色，一边夺走了周围人的所有价值。不仅涉及物品，还涉及生命和记忆。如果听到魔女化身满意的笑声的时候也跟着一起笑，魔女化身就会以为自己的真面目暴露了，并试图隐藏起来。	direct-current-after-image	stable-key				runtime_pass18_outside_pass15	authority-verified
P18-00047	magica/js/libs/doppelList.json	/142/description	301700	description	这份感情的主人对于如同坐在摇椅上的平稳人生感到无聊。＠这个Doppel模仿名为夜魔侠（不要命了）的架空怪物的姿态，并为了不让主人察觉到眼前的危险，将其双眼遮住。＠Doppel以目前无败而自夸，在能压倒自己的强敌没有出现的现状下，和主人一样危险地感到无聊。＠因此背水一战的情况越来越多，但被遮住视线的主人今天也放心地将背后交予着它。	这份感情的主人对于如同坐在摇椅上的平稳人生感到无聊。＠这个魔女化身模仿名为夜魔侠（不要命了）的架空怪物的姿态，并为了不让主人察觉到眼前的危险，将其双眼遮住。＠魔女化身以目前无败而自夸，在能压倒自己的强敌没有出现的现状下，和主人一样危险地感到无聊。＠因此背水一战的情况越来越多，但被遮住视线的主人今天也放心地将背后交予着它。	official_cn_game_term	official dump authority.json doppelList + skill shortDescription	authority-component-normalization	authority-verified	1.00	official_cn_game_term		这份感情的主人对于如同坐在摇椅上的平稳人生感到无聊。＠这个魔女化身模仿名为夜魔侠（不要命了）的架空怪物的姿态，并为了不让主人察觉到眼前的危险，将其双眼遮住。＠魔女化身以目前无败而自夸，在能压倒自己的强敌没有出现的现状下，和主人一样危险地感到无聊。＠因此背水一战的情况越来越多，但被遮住视线的主人今天也放心地将背后交予着它。	direct-current-after-image	stable-key				runtime_pass18_outside_pass15	authority-verified
P18-00048	magica/js/libs/doppelList.json	/144/description	301900	description	这个感情的主人，在心中隐藏着成熟时的自己。经常笑着的这个Doppel，一旦出现对自己来说不方便的东西，就会在体内积蓄压力。然后，把压力变成笑声，会把不想看的东西吹跑。不管是看右边还是看左边都会继续笑，压力的对象也千差万别。也许是对什么都不高兴。如果世界被认为是被笑飞的对象的话会很危险，但是主人却和什么都没有关系，在袋子里平静地睡着了。	这个感情的主人，在心中隐藏着成熟时的自己。经常笑着的这个魔女化身，一旦出现对自己来说不方便的东西，就会在体内积蓄压力。然后，把压力变成笑声，会把不想看的东西吹跑。不管是看右边还是看左边都会继续笑，压力的对象也千差万别。也许是对什么都不高兴。如果世界被认为是被笑飞的对象的话会很危险，但是主人却和什么都没有关系，在袋子里平静地睡着了。	official_cn_game_term	official dump authority.json doppelList + skill shortDescription	authority-component-normalization	authority-verified	1.00	official_cn_game_term		这个感情的主人，在心中隐藏着成熟时的自己。经常笑着的这个魔女化身，一旦出现对自己来说不方便的东西，就会在体内积蓄压力。然后，把压力变成笑声，会把不想看的东西吹跑。不管是看右边还是看左边都会继续笑，压力的对象也千差万别。也许是对什么都不高兴。如果世界被认为是被笑飞的对象的话会很危险，但是主人却和什么都没有关系，在袋子里平静地睡着了。	direct-current-after-image	stable-key				runtime_pass18_outside_pass15	authority-verified
P18-00049	magica/js/libs/doppelList.json	/146/description	302200	description	这份感情的主人，因为在意周围的目光，所以害怕自己的Doppel。而拥有众多眼睛的Doppel，正是众目的化身。在没有人影的时候，它是一片鲜艳的花田，被它吸引而踏入的人，瞬间就会被无数的视线射穿动弹不得。如果就这样一直被看下去，忘记的自责的事情就会填满脑子，只能自我否定。但是，因为无数的眼珠关系不好而会开始吵架，所以会产生逃跑的间隙，再加上主人自己也会因为害怕而阻止Doppel,所以得救的人意外的多。	这份感情的主人，因为在意周围的目光，所以害怕自己的魔女化身。而拥有众多眼睛的魔女化身，正是众目的化身。在没有人影的时候，它是一片鲜艳的花田，被它吸引而踏入的人，瞬间就会被无数的视线射穿动弹不得。如果就这样一直被看下去，忘记的自责的事情就会填满脑子，只能自我否定。但是，因为无数的眼珠关系不好而会开始吵架，所以会产生逃跑的间隙，再加上主人自己也会因为害怕而阻止魔女化身,所以得救的人意外的多。	official_cn_game_term	official dump authority.json doppelList + skill shortDescription	authority-component-normalization	authority-verified	1.00	official_cn_game_term		这份感情的主人，因为在意周围的目光，所以害怕自己的魔女化身。而拥有众多眼睛的魔女化身，正是众目的化身。在没有人影的时候，它是一片鲜艳的花田，被它吸引而踏入的人，瞬间就会被无数的视线射穿动弹不得。如果就这样一直被看下去，忘记的自责的事情就会填满脑子，只能自我否定。但是，因为无数的眼珠关系不好而会开始吵架，所以会产生逃跑的间隙，再加上主人自己也会因为害怕而阻止魔女化身,所以得救的人意外的多。	direct-current-after-image	stable-key				runtime_pass18_outside_pass15	authority-verified
P18-00050	magica/js/libs/doppelList.json	/147/description	302300	description	这份感情的主人，在无法压抑爱情的自己和在铅之体中燃烧感情的Doppel之间感到了焦虑。这个Doppel和主人一样无法抑制自己的爱情，再加上对自己喜欢的人不能采取坦诚的行动，所以性格别扭，为了表达爱情而提出了决斗。并且，越是看到痛苦的对方，爱的热情就越高涨，最终会把意中人用6000度的高温烧尽。Doppel觉得这样的自己别说心了，连身体都会变得乱七八糟的了。	这份感情的主人，在无法压抑爱情的自己和在铅之体中燃烧感情的魔女化身之间感到了焦虑。这个魔女化身和主人一样无法抑制自己的爱情，再加上对自己喜欢的人不能采取坦诚的行动，所以性格别扭，为了表达爱情而提出了决斗。并且，越是看到痛苦的对方，爱的热情就越高涨，最终会把意中人用6000度的高温烧尽。魔女化身觉得这样的自己别说心了，连身体都会变得乱七八糟的了。	official_cn_game_term	official dump authority.json doppelList + skill shortDescription	authority-component-normalization	authority-verified	1.00	official_cn_game_term		这份感情的主人，在无法压抑爱情的自己和在铅之体中燃烧感情的魔女化身之间感到了焦虑。这个魔女化身和主人一样无法抑制自己的爱情，再加上对自己喜欢的人不能采取坦诚的行动，所以性格别扭，为了表达爱情而提出了决斗。并且，越是看到痛苦的对方，爱的热情就越高涨，最终会把意中人用6000度的高温烧尽。魔女化身觉得这样的自己别说心了，连身体都会变得乱七八糟的了。	direct-current-after-image	stable-key				runtime_pass18_outside_pass15	authority-verified
P18-00051	magica/js/libs/doppelList.json	/148/description	302400	description	这份感情的主人，对于不仅不听使唤，甚至强行霸占吸食了别人食物的Doppel的贪婪而目瞪口呆。＠这个Doppel一旦发现合适的对象，就不听主人的指示，擅自开始吸食魔力，直到对方死去为止都不会改变对象。＠拥有可以说是无限的胃袋，不必担心吸入过多而导致自爆的剧情展开，但魔力越蓄积越是沉重，有时会压垮主人。	这份感情的主人，对于不仅不听使唤，甚至强行霸占吸食了别人食物的魔女化身的贪婪而目瞪口呆。＠这个魔女化身一旦发现合适的对象，就不听主人的指示，擅自开始吸食魔力，直到对方死去为止都不会改变对象。＠拥有可以说是无限的胃袋，不必担心吸入过多而导致自爆的剧情展开，但魔力越蓄积越是沉重，有时会压垮主人。	official_cn_game_term	official dump authority.json doppelList + skill shortDescription	authority-component-normalization	authority-verified	1.00	official_cn_game_term		这份感情的主人，对于不仅不听使唤，甚至强行霸占吸食了别人食物的魔女化身的贪婪而目瞪口呆。＠这个魔女化身一旦发现合适的对象，就不听主人的指示，擅自开始吸食魔力，直到对方死去为止都不会改变对象。＠拥有可以说是无限的胃袋，不必担心吸入过多而导致自爆的剧情展开，但魔力越蓄积越是沉重，有时会压垮主人。	direct-current-after-image	stable-key				runtime_pass18_outside_pass15	authority-verified
P18-00052	magica/js/libs/doppelList.json	/151/description	302700	description	这个Doppel是报应的化身。这份感情的主人永不会遗忘对怨恨之人给予报应。这只Doppel是三首狐拳的Doppel之一，擅长保护和辅助。这个Doppel在出现中，将主人固定在原处作为诱饵。在其之前无论何种怪力皆会被化为无形，未能判清而径直攻击者将会被岩石般的巨掌捕获并吸纳至体内，此外还会强行捏造证据向对手强加不平等的条约。	这个魔女化身是报应的化身。这份感情的主人永不会遗忘对怨恨之人给予报应。这只魔女化身是三首狐拳的魔女化身之一，擅长保护和辅助。这个魔女化身在出现中，将主人固定在原处作为诱饵。在其之前无论何种怪力皆会被化为无形，未能判清而径直攻击者将会被岩石般的巨掌捕获并吸纳至体内，此外还会强行捏造证据向对手强加不平等的条约。	official_cn_game_term	official dump authority.json doppelList + skill shortDescription	authority-component-normalization	authority-verified	1.00	official_cn_game_term		这个魔女化身是报应的化身。这份感情的主人永不会遗忘对怨恨之人给予报应。这只魔女化身是三首狐拳的魔女化身之一，擅长保护和辅助。这个魔女化身在出现中，将主人固定在原处作为诱饵。在其之前无论何种怪力皆会被化为无形，未能判清而径直攻击者将会被岩石般的巨掌捕获并吸纳至体内，此外还会强行捏造证据向对手强加不平等的条约。	direct-current-after-image	stable-key				runtime_pass18_outside_pass15	authority-verified
P18-00053	magica/js/libs/doppelList.json	/152/description	302800	description	这份感情的Doppel是贯穿的复写。这种感情的主人会以怨恨的人为目标，彻底贯穿。这只Doppel是三首狐拳的Doppel之一，擅长于力量，将所有魔法都扭倒。一旦这只Doppel扣动扳机，要么是命中对方，要么是直到主人筋疲力尽为止，无论如何都会执迷不悟地追着对手。但由于过于专心，即使是主人也不会接受第二次命令，也不会考虑到对周围的伤害，因此使用时要注意。	这份感情的魔女化身是贯穿的复写。这种感情的主人会以怨恨的人为目标，彻底贯穿。这只魔女化身是三首狐拳的魔女化身之一，擅长于力量，将所有魔法都扭倒。一旦这只魔女化身扣动扳机，要么是命中对方，要么是直到主人筋疲力尽为止，无论如何都会执迷不悟地追着对手。但由于过于专心，即使是主人也不会接受第二次命令，也不会考虑到对周围的伤害，因此使用时要注意。	official_cn_game_term	official dump authority.json doppelList + skill shortDescription	authority-component-normalization	authority-verified	1.00	official_cn_game_term		这份感情的魔女化身是贯穿的复写。这种感情的主人会以怨恨的人为目标，彻底贯穿。这只魔女化身是三首狐拳的魔女化身之一，擅长于力量，将所有魔法都扭倒。一旦这只魔女化身扣动扳机，要么是命中对方，要么是直到主人筋疲力尽为止，无论如何都会执迷不悟地追着对手。但由于过于专心，即使是主人也不会接受第二次命令，也不会考虑到对周围的伤害，因此使用时要注意。	direct-current-after-image	stable-key				runtime_pass18_outside_pass15	authority-verified
P18-00054	magica/js/libs/doppelList.json	/153/description	302900	description	这种感情的主人对Doppel没有特别的感情。使周围的魔力活动显著下降的Doppel，无论在多么激烈的战斗中，都会把周围的魔力变成风平浪静的状态。只要在那个由魔法制造的风平浪静中，不管敌人还是朋友，双方都不能发挥任何魔法的效果。Doppel和主人的姿态融合，似乎是因为缺乏感情起伏的主人的特征。	这种感情的主人对魔女化身没有特别的感情。使周围的魔力活动显著下降的魔女化身，无论在多么激烈的战斗中，都会把周围的魔力变成风平浪静的状态。只要在那个由魔法制造的风平浪静中，不管敌人还是朋友，双方都不能发挥任何魔法的效果。魔女化身和主人的姿态融合，似乎是因为缺乏感情起伏的主人的特征。	official_cn_game_term	official dump authority.json doppelList + skill shortDescription	authority-component-normalization	authority-verified	1.00	official_cn_game_term		这种感情的主人对魔女化身没有特别的感情。使周围的魔力活动显著下降的魔女化身，无论在多么激烈的战斗中，都会把周围的魔力变成风平浪静的状态。只要在那个由魔法制造的风平浪静中，不管敌人还是朋友，双方都不能发挥任何魔法的效果。魔女化身和主人的姿态融合，似乎是因为缺乏感情起伏的主人的特征。	direct-current-after-image	stable-key				runtime_pass18_outside_pass15	authority-verified
P18-00055	magica/js/libs/doppelList.json	/154/description	303000	description	这份感情的主人，相信着Doppel的所为是为了绿化环境而作的善行。由土壤组成的Doppel之身躯富含着能分解任何有机物的酶，被其触及者将会即刻腐化遭到分解，化作丰沃大地的养分。而Doppel摆动身体抛射的黑色绒毛所附着之物将于转瞬之间被极速生长的根系侵蚀，变作土里的植物。	这份感情的主人，相信着魔女化身的所为是为了绿化环境而作的善行。由土壤组成的魔女化身之身躯富含着能分解任何有机物的酶，被其触及者将会即刻腐化遭到分解，化作丰沃大地的养分。而魔女化身摆动身体抛射的黑色绒毛所附着之物将于转瞬之间被极速生长的根系侵蚀，变作土里的植物。	official_cn_game_term	official dump authority.json doppelList + skill shortDescription	authority-component-normalization	authority-verified	1.00	official_cn_game_term		这份感情的主人，相信着魔女化身的所为是为了绿化环境而作的善行。由土壤组成的魔女化身之身躯富含着能分解任何有机物的酶，被其触及者将会即刻腐化遭到分解，化作丰沃大地的养分。而魔女化身摆动身体抛射的黑色绒毛所附着之物将于转瞬之间被极速生长的根系侵蚀，变作土里的植物。	direct-current-after-image	stable-key				runtime_pass18_outside_pass15	authority-verified
P18-00056	magica/js/libs/doppelList.json	/155/description	303100	description	这份感情的主人得知了人心易变的现实后，连对开始怀疑他人的自己都觉得生厌而苦不堪言。能与之共情的Doppel不允许任何人掩饰自我，对所有人都带着“要说出真话”的要求。Doppel起初形为美丽的贝壳，可一旦对其表示拒绝或是被看透内心的黑暗面，便会示出恐吓、威胁，强迫来者敞开心扉。若是仍无成效其将会动用吐真剂，但由于注射的针筒过粗会致被注射者于死地，至今以来未见成功。	这份感情的主人得知了人心易变的现实后，连对开始怀疑他人的自己都觉得生厌而苦不堪言。能与之共情的魔女化身不允许任何人掩饰自我，对所有人都带着“要说出真话”的要求。魔女化身起初形为美丽的贝壳，可一旦对其表示拒绝或是被看透内心的黑暗面，便会示出恐吓、威胁，强迫来者敞开心扉。若是仍无成效其将会动用吐真剂，但由于注射的针筒过粗会致被注射者于死地，至今以来未见成功。	official_cn_game_term	official dump authority.json doppelList + skill shortDescription	authority-component-normalization	authority-verified	1.00	official_cn_game_term		这份感情的主人得知了人心易变的现实后，连对开始怀疑他人的自己都觉得生厌而苦不堪言。能与之共情的魔女化身不允许任何人掩饰自我，对所有人都带着“要说出真话”的要求。魔女化身起初形为美丽的贝壳，可一旦对其表示拒绝或是被看透内心的黑暗面，便会示出恐吓、威胁，强迫来者敞开心扉。若是仍无成效其将会动用吐真剂，但由于注射的针筒过粗会致被注射者于死地，至今以来未见成功。	direct-current-after-image	stable-key				runtime_pass18_outside_pass15	authority-verified
P18-00057	magica/js/libs/doppelList.json	/159/description	303700	description	这份感情的主人既是委托者也是被委托者。将明确指示出命运走向的Doppel视作是自身内在的真实力量，因而不会去否定被揭示出的命运。＠连接至手背与背部的这个Doppel，时常通过感受主人心跳与脉搏的方式进行同调，再使彼此行为与感觉统一，从而示出绝不可能动摇的命运。其结果描绘于圆睁的那目中间，以瞳孔中心映出的塔罗牌之种类与朝向而决定。＠想要逃离主人与Doppel所揭示的命运被证明是无谓的努力。	这份感情的主人既是委托者也是被委托者。将明确指示出命运走向的魔女化身视作是自身内在的真实力量，因而不会去否定被揭示出的命运。＠连接至手背与背部的这个魔女化身，时常通过感受主人心跳与脉搏的方式进行同调，再使彼此行为与感觉统一，从而示出绝不可能动摇的命运。其结果描绘于圆睁的那目中间，以瞳孔中心映出的塔罗牌之种类与朝向而决定。＠想要逃离主人与魔女化身所揭示的命运被证明是无谓的努力。	official_cn_game_term	official dump authority.json doppelList + skill shortDescription	authority-component-normalization	authority-verified	1.00	official_cn_game_term		这份感情的主人既是委托者也是被委托者。将明确指示出命运走向的魔女化身视作是自身内在的真实力量，因而不会去否定被揭示出的命运。＠连接至手背与背部的这个魔女化身，时常通过感受主人心跳与脉搏的方式进行同调，再使彼此行为与感觉统一，从而示出绝不可能动摇的命运。其结果描绘于圆睁的那目中间，以瞳孔中心映出的塔罗牌之种类与朝向而决定。＠想要逃离主人与魔女化身所揭示的命运被证明是无谓的努力。	direct-current-after-image	stable-key				runtime_pass18_outside_pass15	authority-verified
P18-00058	magica/js/libs/doppelList.json	/160/description	303800	description	这份感情的主人，对于不仅能将物质，连感情，甚至记忆中的概念都能埋藏起来的Doppel，抱有不小的安心感。＠从土中出现的Doppel，使用陶俑形状的信标来建立自己的阵地，再向其中降下大量的土砂，制造出古墓。如果接触到那片土地，即使外表上看不出来，也会有某些东西被埋葬而丢失。＠这个Doppel是出于善意做出这种行为，一切都是为了主人。但是，不知道感情的主人是否能够发现这一点。	这份感情的主人，对于不仅能将物质，连感情，甚至记忆中的概念都能埋藏起来的魔女化身，抱有不小的安心感。＠从土中出现的魔女化身，使用陶俑形状的信标来建立自己的阵地，再向其中降下大量的土砂，制造出古墓。如果接触到那片土地，即使外表上看不出来，也会有某些东西被埋葬而丢失。＠这个魔女化身是出于善意做出这种行为，一切都是为了主人。但是，不知道感情的主人是否能够发现这一点。	official_cn_game_term	official dump authority.json doppelList + skill shortDescription	authority-component-normalization	authority-verified	1.00	official_cn_game_term		这份感情的主人，对于不仅能将物质，连感情，甚至记忆中的概念都能埋藏起来的魔女化身，抱有不小的安心感。＠从土中出现的魔女化身，使用陶俑形状的信标来建立自己的阵地，再向其中降下大量的土砂，制造出古墓。如果接触到那片土地，即使外表上看不出来，也会有某些东西被埋葬而丢失。＠这个魔女化身是出于善意做出这种行为，一切都是为了主人。但是，不知道感情的主人是否能够发现这一点。	direct-current-after-image	stable-key				runtime_pass18_outside_pass15	authority-verified
P18-00059	magica/js/libs/doppelList.json	/162/description	304600	description	这份感情的主人被追求真相的欲望所驱使，而Doppel也过度地回应了这种执念。只需简单地拍下对方的全身，这台双反相机就能将真相一览无余地揭露出来。＠谁也忘不了这个被Doppel揭穿的真相。这个Doppel拥有的两个镜头，瞄准了拍摄对象和拍摄者双方。如果揭露的是愤怒，那份愤怒也会同样在彼此心中激荡；若揭露的是悲伤，悲伤也会在双方记忆中留下同样的痕迹吧。如果继续使用这个Doppel的话，除非用那个能力将对方全部暴露，否则将再也无法对对方心生信任。	这份感情的主人被追求真相的欲望所驱使，而魔女化身也过度地回应了这种执念。只需简单地拍下对方的全身，这台双反相机就能将真相一览无余地揭露出来。＠谁也忘不了这个被魔女化身揭穿的真相。这个魔女化身拥有的两个镜头，瞄准了拍摄对象和拍摄者双方。如果揭露的是愤怒，那份愤怒也会同样在彼此心中激荡；若揭露的是悲伤，悲伤也会在双方记忆中留下同样的痕迹吧。如果继续使用这个魔女化身的话，除非用那个能力将对方全部暴露，否则将再也无法对对方心生信任。	official_cn_game_term	official dump authority.json doppelList + skill shortDescription	authority-component-normalization	authority-verified	1.00	official_cn_game_term		这份感情的主人被追求真相的欲望所驱使，而魔女化身也过度地回应了这种执念。只需简单地拍下对方的全身，这台双反相机就能将真相一览无余地揭露出来。＠谁也忘不了这个被魔女化身揭穿的真相。这个魔女化身拥有的两个镜头，瞄准了拍摄对象和拍摄者双方。如果揭露的是愤怒，那份愤怒也会同样在彼此心中激荡；若揭露的是悲伤，悲伤也会在双方记忆中留下同样的痕迹吧。如果继续使用这个魔女化身的话，除非用那个能力将对方全部暴露，否则将再也无法对对方心生信任。	direct-current-after-image	stable-key				runtime_pass18_outside_pass15	authority-verified
P18-00060	magica/js/libs/doppelList.json	/164/description	305000	description	这种感情的主人冷眼看着虽然外表很漂亮，但为了满足自己的欲望而变丑的Doppel。＠这只Doppel不仅理解自己的奢侈和美丽，还认为自己是免罪符。因此，自制力不起作用，感兴趣的东西就会用尽“千方百计”去弄到手。特别是对第一次看到的东西很执着。＠但是，有用腹部满足欲望的癖好，把在意的东西放入了胃里。因此，这个Doppel好像只记得自己感兴趣的对象的味道。	这种感情的主人冷眼看着虽然外表很漂亮，但为了满足自己的欲望而变丑的魔女化身。＠这只魔女化身不仅理解自己的奢侈和美丽，还认为自己是免罪符。因此，自制力不起作用，感兴趣的东西就会用尽“千方百计”去弄到手。特别是对第一次看到的东西很执着。＠但是，有用腹部满足欲望的癖好，把在意的东西放入了胃里。因此，这个魔女化身好像只记得自己感兴趣的对象的味道。	official_cn_game_term	official dump authority.json doppelList + skill shortDescription	authority-component-normalization	authority-verified	1.00	official_cn_game_term		这种感情的主人冷眼看着虽然外表很漂亮，但为了满足自己的欲望而变丑的魔女化身。＠这只魔女化身不仅理解自己的奢侈和美丽，还认为自己是免罪符。因此，自制力不起作用，感兴趣的东西就会用尽“千方百计”去弄到手。特别是对第一次看到的东西很执着。＠但是，有用腹部满足欲望的癖好，把在意的东西放入了胃里。因此，这个魔女化身好像只记得自己感兴趣的对象的味道。	direct-current-after-image	stable-key				runtime_pass18_outside_pass15	authority-verified
P18-00061	magica/js/libs/doppelList.json	/165/description	305100	description	这份感情的主人，虽然被Doppel那复古的情景和齐全的道具所吸引，但为了不被其魅力所吞噬，划下了一道界限。＠这个Doppel拒绝了时间的推进，持续停留在令人怀念的景色中。由于一直重复着同样的时间，因此总是追求着像家人一样能够分享时光的存在。＠主人因为理解了Doppel的意图，所以不想要回头看总是跟在后面的Doppel的样子。然而，据被吞噬的人说，似乎能度过回归童心、像是要融化一般舒适的时光。	这份感情的主人，虽然被魔女化身那复古的情景和齐全的道具所吸引，但为了不被其魅力所吞噬，划下了一道界限。＠这个魔女化身拒绝了时间的推进，持续停留在令人怀念的景色中。由于一直重复着同样的时间，因此总是追求着像家人一样能够分享时光的存在。＠主人因为理解了魔女化身的意图，所以不想要回头看总是跟在后面的魔女化身的样子。然而，据被吞噬的人说，似乎能度过回归童心、像是要融化一般舒适的时光。	official_cn_game_term	official dump authority.json doppelList + skill shortDescription	authority-component-normalization	authority-verified	1.00	official_cn_game_term		这份感情的主人，虽然被魔女化身那复古的情景和齐全的道具所吸引，但为了不被其魅力所吞噬，划下了一道界限。＠这个魔女化身拒绝了时间的推进，持续停留在令人怀念的景色中。由于一直重复着同样的时间，因此总是追求着像家人一样能够分享时光的存在。＠主人因为理解了魔女化身的意图，所以不想要回头看总是跟在后面的魔女化身的样子。然而，据被吞噬的人说，似乎能度过回归童心、像是要融化一般舒适的时光。	direct-current-after-image	stable-key				runtime_pass18_outside_pass15	authority-verified
P18-00062	magica/js/libs/doppelList.json	/166/description	305200	description	这份感情的主人热爱卡哇伊文化，并在推广它的过程中得到极大的乐趣。凝视着自己的形象时，她的脸上就会喜不自胜。＠这个Doppel深知主人传播她的兴趣的志愿，所以它努力植入对漫画、动画、梦幻可爱和怪诞可爱的喜爱。如果它遇到不像主人那么可爱的人，它就会从六只眼睛中释放出彩虹光束，将他们包围在一堆积如山的丝带和花边中，改变他们的爱好和品味。据说它的受害者会对它毕恭毕敬。	这份感情的主人热爱卡哇伊文化，并在推广它的过程中得到极大的乐趣。凝视着自己的形象时，她的脸上就会喜不自胜。＠这个魔女化身深知主人传播她的兴趣的志愿，所以它努力植入对漫画、动画、梦幻可爱和怪诞可爱的喜爱。如果它遇到不像主人那么可爱的人，它就会从六只眼睛中释放出彩虹光束，将他们包围在一堆积如山的丝带和花边中，改变他们的爱好和品味。据说它的受害者会对它毕恭毕敬。	official_cn_game_term	official dump authority.json doppelList + skill shortDescription	authority-component-normalization	authority-verified	1.00	official_cn_game_term		这份感情的主人热爱卡哇伊文化，并在推广它的过程中得到极大的乐趣。凝视着自己的形象时，她的脸上就会喜不自胜。＠这个魔女化身深知主人传播她的兴趣的志愿，所以它努力植入对漫画、动画、梦幻可爱和怪诞可爱的喜爱。如果它遇到不像主人那么可爱的人，它就会从六只眼睛中释放出彩虹光束，将他们包围在一堆积如山的丝带和花边中，改变他们的爱好和品味。据说它的受害者会对它毕恭毕敬。	direct-current-after-image	stable-key				runtime_pass18_outside_pass15	authority-verified
P18-00063	magica/js/libs/doppelList.json	/168/description	305400	description	这份感情的主人，很中意这个方便藏身的Doppel。为了治愈因扮演虚假而疲惫的身心，会潜入其中。＠此外，由于Doppel也在拼命地隐藏着真正的自己，所以能够理解主人的感受，认为彼此之间是展现本性的命运共同体。如果有人想发掘真相，就会用身上缠绕的窗帘和锐利的部位拼死抵抗，绝对不会让看到的人留下活口。似乎会在心情好的时候自己跳来跳去，但除了主人之外没有人见过。	这份感情的主人，很中意这个方便藏身的魔女化身。为了治愈因扮演虚假而疲惫的身心，会潜入其中。＠此外，由于魔女化身也在拼命地隐藏着真正的自己，所以能够理解主人的感受，认为彼此之间是展现本性的命运共同体。如果有人想发掘真相，就会用身上缠绕的窗帘和锐利的部位拼死抵抗，绝对不会让看到的人留下活口。似乎会在心情好的时候自己跳来跳去，但除了主人之外没有人见过。	official_cn_game_term	official dump authority.json doppelList + skill shortDescription	authority-component-normalization	authority-verified	1.00	official_cn_game_term		这份感情的主人，很中意这个方便藏身的魔女化身。为了治愈因扮演虚假而疲惫的身心，会潜入其中。＠此外，由于魔女化身也在拼命地隐藏着真正的自己，所以能够理解主人的感受，认为彼此之间是展现本性的命运共同体。如果有人想发掘真相，就会用身上缠绕的窗帘和锐利的部位拼死抵抗，绝对不会让看到的人留下活口。似乎会在心情好的时候自己跳来跳去，但除了主人之外没有人见过。	direct-current-after-image	stable-key				runtime_pass18_outside_pass15	authority-verified
P18-00064	magica/js/libs/doppelList.json	/169/description	305500	description	这种感情的主人，看到了破壳而自我改革的Doppel的样子，看到了自己的未来。＠Doppel以不借助任何人而获得力量为荣，也许是出于这种自信吧，它完全不接受他人的建议。这对主人也是一样，意见很好地吻合的时候才会合作，但是一旦不顺心的时候就不会顽固地点头。＠对主人以外的人，即使和以前的自己一样是弱者也不饶恕，如果有违背本意的人，就用灼热包裹的杖串起来。主人认为这是因为想起了弱小的自己而感到恐惧的虚势。	这种感情的主人，看到了破壳而自我改革的魔女化身的样子，看到了自己的未来。＠魔女化身以不借助任何人而获得力量为荣，也许是出于这种自信吧，它完全不接受他人的建议。这对主人也是一样，意见很好地吻合的时候才会合作，但是一旦不顺心的时候就不会顽固地点头。＠对主人以外的人，即使和以前的自己一样是弱者也不饶恕，如果有违背本意的人，就用灼热包裹的杖串起来。主人认为这是因为想起了弱小的自己而感到恐惧的虚势。	official_cn_game_term	official dump authority.json doppelList + skill shortDescription	authority-component-normalization	authority-verified	1.00	official_cn_game_term		这种感情的主人，看到了破壳而自我改革的魔女化身的样子，看到了自己的未来。＠魔女化身以不借助任何人而获得力量为荣，也许是出于这种自信吧，它完全不接受他人的建议。这对主人也是一样，意见很好地吻合的时候才会合作，但是一旦不顺心的时候就不会顽固地点头。＠对主人以外的人，即使和以前的自己一样是弱者也不饶恕，如果有违背本意的人，就用灼热包裹的杖串起来。主人认为这是因为想起了弱小的自己而感到恐惧的虚势。	direct-current-after-image	stable-key				runtime_pass18_outside_pass15	authority-verified
P18-00065	magica/js/libs/doppelList.json	/170/description	305600	description	这种感情的主人对自己隐藏的姿态的体现感到喜悦，同时也对不需要继续欺骗真正的姿态感到开放感。＠这只Doppel决不隐藏自己，绝不掩饰自己的真实姿态，甚至不允许他人介入。否定的人被开明的眼睛烧毁在黑暗的业火上，堕落后被剑所刻。其实这是为了不让在意他人目光的主人停留，但主人自己却完全没有意识到，沉醉在打碎敌人的姿态中。	这种感情的主人对自己隐藏的姿态的体现感到喜悦，同时也对不需要继续欺骗真正的姿态感到开放感。＠这只魔女化身决不隐藏自己，绝不掩饰自己的真实姿态，甚至不允许他人介入。否定的人被开明的眼睛烧毁在黑暗的业火上，堕落后被剑所刻。其实这是为了不让在意他人目光的主人停留，但主人自己却完全没有意识到，沉醉在打碎敌人的姿态中。	official_cn_game_term	official dump authority.json doppelList + skill shortDescription	authority-component-normalization	authority-verified	1.00	official_cn_game_term		这种感情的主人对自己隐藏的姿态的体现感到喜悦，同时也对不需要继续欺骗真正的姿态感到开放感。＠这只魔女化身决不隐藏自己，绝不掩饰自己的真实姿态，甚至不允许他人介入。否定的人被开明的眼睛烧毁在黑暗的业火上，堕落后被剑所刻。其实这是为了不让在意他人目光的主人停留，但主人自己却完全没有意识到，沉醉在打碎敌人的姿态中。	direct-current-after-image	stable-key				runtime_pass18_outside_pass15	authority-verified
P18-00066	magica/js/libs/doppelList.json	/171/description	305700	description	这种感情的主人认为Doppel是一个谁都看不到的、可以回归童心的地方。这个Doppel具有挖掘潜藏在内心的幼小心灵的力量，被触碰的人即使是做着幼儿所享受的事情也会变得快乐，从所有的压力中解放出来。但是，如果一起玩耍成为俘虏后，就会觉得Doppel的嘴是通往乐园的入口，进去的人就再也回不去了。尽管如此，因为有定员数，如果太多的人进入嘴里，就连Doppel也会痛苦地吐出来。	这种感情的主人认为魔女化身是一个谁都看不到的、可以回归童心的地方。这个魔女化身具有挖掘潜藏在内心的幼小心灵的力量，被触碰的人即使是做着幼儿所享受的事情也会变得快乐，从所有的压力中解放出来。但是，如果一起玩耍成为俘虏后，就会觉得魔女化身的嘴是通往乐园的入口，进去的人就再也回不去了。尽管如此，因为有定员数，如果太多的人进入嘴里，就连魔女化身也会痛苦地吐出来。	official_cn_game_term	official dump authority.json doppelList + skill shortDescription	authority-component-normalization	authority-verified	1.00	official_cn_game_term		这种感情的主人认为魔女化身是一个谁都看不到的、可以回归童心的地方。这个魔女化身具有挖掘潜藏在内心的幼小心灵的力量，被触碰的人即使是做着幼儿所享受的事情也会变得快乐，从所有的压力中解放出来。但是，如果一起玩耍成为俘虏后，就会觉得魔女化身的嘴是通往乐园的入口，进去的人就再也回不去了。尽管如此，因为有定员数，如果太多的人进入嘴里，就连魔女化身也会痛苦地吐出来。	direct-current-after-image	stable-key				runtime_pass18_outside_pass15	authority-verified
P18-00067	magica/js/libs/doppelList.json	/172/description	305800	description	这份感情的主人，虽然相信自身的正直，但也意识到自己毫不通融的性格可能让自己在未来陷入无路可走的困境。＠一心一意前行的这个Doppel，比起行动上心里其实更着急，总是向前倾几乎快倒下了，但是，它为了不倒下所以用带车轮的手臂支撑着，在被物理上阻止之前绝不会停下，即使遇到了障碍，也会用锯型手臂破坏掉。＠如此专一的Doppel，对主人来说起到了肯定自我的作用。	这份感情的主人，虽然相信自身的正直，但也意识到自己毫不通融的性格可能让自己在未来陷入无路可走的困境。＠一心一意前行的这个魔女化身，比起行动上心里其实更着急，总是向前倾几乎快倒下了，但是，它为了不倒下所以用带车轮的手臂支撑着，在被物理上阻止之前绝不会停下，即使遇到了障碍，也会用锯型手臂破坏掉。＠如此专一的魔女化身，对主人来说起到了肯定自我的作用。	official_cn_game_term	official dump authority.json doppelList + skill shortDescription	authority-component-normalization	authority-verified	1.00	official_cn_game_term		这份感情的主人，虽然相信自身的正直，但也意识到自己毫不通融的性格可能让自己在未来陷入无路可走的困境。＠一心一意前行的这个魔女化身，比起行动上心里其实更着急，总是向前倾几乎快倒下了，但是，它为了不倒下所以用带车轮的手臂支撑着，在被物理上阻止之前绝不会停下，即使遇到了障碍，也会用锯型手臂破坏掉。＠如此专一的魔女化身，对主人来说起到了肯定自我的作用。	direct-current-after-image	stable-key				runtime_pass18_outside_pass15	authority-verified
P18-00068	magica/js/libs/doppelList.json	/173/description	305900	description	这份感情的主人，恍惚地做着梦的同时，也在不断追求阳光。＠呈现圆形的这个Doppel，正是象征主人所追求的太阳的存在，仿佛为了照亮周围般不断漂浮着。但是，即使为了照亮周围而从翅膀上散出了鳞粉，它也只能放出像远方的星星一般小小的亮光，而不够亮。无法满足的Doppel为了从自己发出光线，让鳞粉变得更加闪亮，漫反射的光线会蓄积能量而爆发，将周围完全毁坏。即便只有刹那，Doppel也为那强烈的光而满足了。	这份感情的主人，恍惚地做着梦的同时，也在不断追求阳光。＠呈现圆形的这个魔女化身，正是象征主人所追求的太阳的存在，仿佛为了照亮周围般不断漂浮着。但是，即使为了照亮周围而从翅膀上散出了鳞粉，它也只能放出像远方的星星一般小小的亮光，而不够亮。无法满足的魔女化身为了从自己发出光线，让鳞粉变得更加闪亮，漫反射的光线会蓄积能量而爆发，将周围完全毁坏。即便只有刹那，魔女化身也为那强烈的光而满足了。	official_cn_game_term	official dump authority.json doppelList + skill shortDescription	authority-component-normalization	authority-verified	1.00	official_cn_game_term		这份感情的主人，恍惚地做着梦的同时，也在不断追求阳光。＠呈现圆形的这个魔女化身，正是象征主人所追求的太阳的存在，仿佛为了照亮周围般不断漂浮着。但是，即使为了照亮周围而从翅膀上散出了鳞粉，它也只能放出像远方的星星一般小小的亮光，而不够亮。无法满足的魔女化身为了从自己发出光线，让鳞粉变得更加闪亮，漫反射的光线会蓄积能量而爆发，将周围完全毁坏。即便只有刹那，魔女化身也为那强烈的光而满足了。	direct-current-after-image	stable-key				runtime_pass18_outside_pass15	authority-verified
P18-00069	magica/js/libs/doppelList.json	/176/description	350300	description	这份感情的主人们，至今以来持续着互相规约、貌合神离的家人关系，但通过接纳与认同彼此，真正地融为了一体。＠这个Doppel就如决不可能崩溃的分子，紧结在名为三者制衡的规则之中，是主人们内心联结的证明。由此缘故其坚固强劲胜过岩石，同时辅以突击贯至生命殆尽程度的执念与纯洁，即便依照本能而行也不会出现分毫寸乱。其联结同样也显现为直直向外延展的剑，即使沉重而移动迟缓，却不知为何任何人都无法避开只能落得被击碎的结果。	这份感情的主人们，至今以来持续着互相规约、貌合神离的家人关系，但通过接纳与认同彼此，真正地融为了一体。＠这个魔女化身就如决不可能崩溃的分子，紧结在名为三者制衡的规则之中，是主人们内心联结的证明。由此缘故其坚固强劲胜过岩石，同时辅以突击贯至生命殆尽程度的执念与纯洁，即便依照本能而行也不会出现分毫寸乱。其联结同样也显现为直直向外延展的剑，即使沉重而移动迟缓，却不知为何任何人都无法避开只能落得被击碎的结果。	official_cn_game_term	official dump authority.json doppelList + skill shortDescription	authority-component-normalization	authority-verified	1.00	official_cn_game_term		这份感情的主人们，至今以来持续着互相规约、貌合神离的家人关系，但通过接纳与认同彼此，真正地融为了一体。＠这个魔女化身就如决不可能崩溃的分子，紧结在名为三者制衡的规则之中，是主人们内心联结的证明。由此缘故其坚固强劲胜过岩石，同时辅以突击贯至生命殆尽程度的执念与纯洁，即便依照本能而行也不会出现分毫寸乱。其联结同样也显现为直直向外延展的剑，即使沉重而移动迟缓，却不知为何任何人都无法避开只能落得被击碎的结果。	direct-current-after-image	stable-key				runtime_pass18_outside_pass15	authority-verified
P18-00070	magica/js/libs/doppelList.json	/178/description	350500	description	这份感情的主人们，经由接受彼此都已发生变化的性情，认可了彼此无法接受的部分，将至今为止的牵绊转化得更为牢固。难以承认主人们的Doppel，凝聚着人心当中的黑暗，意图将欺瞒旁人的心机、自私伪善的想法、以虚荣心为原动力的行动都植入周围的人们，以从不间断的冲动支撑着活动。那样的怒火是来自于对从不表露真心的人类的厌恶，可终究是受主人们的牵绊所感化的Doppel，若是宛如赎罪一般使出了全部的力量，便会在一瞬之间使一切都迈向结束。	这份感情的主人们，经由接受彼此都已发生变化的性情，认可了彼此无法接受的部分，将至今为止的牵绊转化得更为牢固。难以承认主人们的魔女化身，凝聚着人心当中的黑暗，意图将欺瞒旁人的心机、自私伪善的想法、以虚荣心为原动力的行动都植入周围的人们，以从不间断的冲动支撑着活动。那样的怒火是来自于对从不表露真心的人类的厌恶，可终究是受主人们的牵绊所感化的魔女化身，若是宛如赎罪一般使出了全部的力量，便会在一瞬之间使一切都迈向结束。	official_cn_game_term	official dump authority.json doppelList + skill shortDescription	authority-component-normalization	authority-verified	1.00	official_cn_game_term		这份感情的主人们，经由接受彼此都已发生变化的性情，认可了彼此无法接受的部分，将至今为止的牵绊转化得更为牢固。难以承认主人们的魔女化身，凝聚着人心当中的黑暗，意图将欺瞒旁人的心机、自私伪善的想法、以虚荣心为原动力的行动都植入周围的人们，以从不间断的冲动支撑着活动。那样的怒火是来自于对从不表露真心的人类的厌恶，可终究是受主人们的牵绊所感化的魔女化身，若是宛如赎罪一般使出了全部的力量，便会在一瞬之间使一切都迈向结束。	direct-current-after-image	stable-key				runtime_pass18_outside_pass15	authority-verified
P18-00071	magica/js/libs/doppelList.json	/179/description	390100	description	这份感情的主人，以打败恶人为荣，因而自负，再加上健忘，所以每次召唤出Doppel时，都会带着新奇的感觉认定这是对自己的奖赏。拥有纯洁纯净肉体的Doppel受寄宿在体内相反的诅咒的影响，生来就失去了意识，自眼睛和嘴唇渗出诅咒。在主人的无理对待下，Doppel从剧痛中惊醒，咆哮而出，诅咒四溅，洞穿与之接触者的身躯。在Doppel的内部，似乎能听到主人看到那样的对手后茫然无措的声音。	这份感情的主人，以打败恶人为荣，因而自负，再加上健忘，所以每次召唤出魔女化身时，都会带着新奇的感觉认定这是对自己的奖赏。拥有纯洁纯净肉体的魔女化身受寄宿在体内相反的诅咒的影响，生来就失去了意识，自眼睛和嘴唇渗出诅咒。在主人的无理对待下，魔女化身从剧痛中惊醒，咆哮而出，诅咒四溅，洞穿与之接触者的身躯。在魔女化身的内部，似乎能听到主人看到那样的对手后茫然无措的声音。	official_cn_game_term	official dump authority.json doppelList + skill shortDescription	authority-component-normalization	authority-verified	1.00	official_cn_game_term		这份感情的主人，以打败恶人为荣，因而自负，再加上健忘，所以每次召唤出魔女化身时，都会带着新奇的感觉认定这是对自己的奖赏。拥有纯洁纯净肉体的魔女化身受寄宿在体内相反的诅咒的影响，生来就失去了意识，自眼睛和嘴唇渗出诅咒。在主人的无理对待下，魔女化身从剧痛中惊醒，咆哮而出，诅咒四溅，洞穿与之接触者的身躯。在魔女化身的内部，似乎能听到主人看到那样的对手后茫然无措的声音。	direct-current-after-image	stable-key				runtime_pass18_outside_pass15	authority-verified
P18-00072	magica/js/libs/doppelList.json	/180/description	390200	description	这份感情的主人，试图用爱来洗刷让人背负的罪孽，却只发觉空虚，自己的内心空空如也。这个Doppel与主人空虚的内心深深相连，通过分担彼此的痛苦而成为一体。此外，仍保有意识但丧失行动意志的主人被取而代之，由Doppel掌握主导权。行动不受控制的Doppel，一边不断吸收着被刻下创伤的污秽与他人背负的污秽，一边对这一切进行报复。承受了Doppel所释放的创伤记忆之人，被毁掉不会是肉体，而是心灵。	这份感情的主人，试图用爱来洗刷让人背负的罪孽，却只发觉空虚，自己的内心空空如也。这个魔女化身与主人空虚的内心深深相连，通过分担彼此的痛苦而成为一体。此外，仍保有意识但丧失行动意志的主人被取而代之，由魔女化身掌握主导权。行动不受控制的魔女化身，一边不断吸收着被刻下创伤的污秽与他人背负的污秽，一边对这一切进行报复。承受了魔女化身所释放的创伤记忆之人，被毁掉不会是肉体，而是心灵。	official_cn_game_term	official dump authority.json doppelList + skill shortDescription	authority-component-normalization	authority-verified	1.00	official_cn_game_term		这份感情的主人，试图用爱来洗刷让人背负的罪孽，却只发觉空虚，自己的内心空空如也。这个魔女化身与主人空虚的内心深深相连，通过分担彼此的痛苦而成为一体。此外，仍保有意识但丧失行动意志的主人被取而代之，由魔女化身掌握主导权。行动不受控制的魔女化身，一边不断吸收着被刻下创伤的污秽与他人背负的污秽，一边对这一切进行报复。承受了魔女化身所释放的创伤记忆之人，被毁掉不会是肉体，而是心灵。	direct-current-after-image	stable-key				runtime_pass18_outside_pass15	authority-verified
P18-00073	magica/js/libs/doppelList.json	/183/description	400300	description	这种感情的主人与自己的想法相反，被评价为没有用。＠明明想把事情往好的方向引导，却不被期待，真是进退两难。＠这个Doppel正是从那个进退两难中诞生的。＠虽然年幼…不，倒不如说是那种幼稚所酝酿出的复杂的感情形成并维持着这只Doppel的形态。＠想象中理想的自己所在的地方和现在的自己所在的地方有着隔阂。但是，无论哪一个都一定是自己所站的地方。	这种感情的主人与自己的想法相反，被评价为没有用。＠明明想把事情往好的方向引导，却不被期待，真是进退两难。＠这个魔女化身正是从那个进退两难中诞生的。＠虽然年幼…不，倒不如说是那种幼稚所酝酿出的复杂的感情形成并维持着这只魔女化身的形态。＠想象中理想的自己所在的地方和现在的自己所在的地方有着隔阂。但是，无论哪一个都一定是自己所站的地方。	official_cn_game_term	official dump authority.json doppelList + skill shortDescription	authority-component-normalization	authority-verified	1.00	official_cn_game_term		这种感情的主人与自己的想法相反，被评价为没有用。＠明明想把事情往好的方向引导，却不被期待，真是进退两难。＠这个魔女化身正是从那个进退两难中诞生的。＠虽然年幼…不，倒不如说是那种幼稚所酝酿出的复杂的感情形成并维持着这只魔女化身的形态。＠想象中理想的自己所在的地方和现在的自己所在的地方有着隔阂。但是，无论哪一个都一定是自己所站的地方。	direct-current-after-image	stable-key				runtime_pass18_outside_pass15	authority-verified
P18-00074	magica/js/libs/doppelList.json	/184/description	400400	description	这个感情的主人，把用预言改变未来作为自己的使命。紫色的玫瑰花瓣，预示着即将发生的事象中会出现切碎对方的征兆。当风吹起时，这个doppel的舞会就开始了。跟随的蝙蝠不是随从者而是这位演出的主人的搭档，主人和doppel一起生成无数巨大的针，想要将对手串起来，然后就会“呼啦”一下地切开对方。它在舞蹈的节奏中产生了狂乱的和声，使舞会的热量达到最高潮，并让doppel直到玫瑰烧黑后才会停止舞蹈。	这个感情的主人，把用预言改变未来作为自己的使命。紫色的玫瑰花瓣，预示着即将发生的事象中会出现切碎对方的征兆。当风吹起时，这个魔女化身的舞会就开始了。跟随的蝙蝠不是随从者而是这位演出的主人的搭档，主人和魔女化身一起生成无数巨大的针，想要将对手串起来，然后就会“呼啦”一下地切开对方。它在舞蹈的节奏中产生了狂乱的和声，使舞会的热量达到最高潮，并让魔女化身直到玫瑰烧黑后才会停止舞蹈。	official_cn_game_term	official dump authority.json doppelList + skill shortDescription	authority-component-normalization	authority-verified	1.00	official_cn_game_term		这个感情的主人，把用预言改变未来作为自己的使命。紫色的玫瑰花瓣，预示着即将发生的事象中会出现切碎对方的征兆。当风吹起时，这个魔女化身的舞会就开始了。跟随的蝙蝠不是随从者而是这位演出的主人的搭档，主人和魔女化身一起生成无数巨大的针，想要将对手串起来，然后就会“呼啦”一下地切开对方。它在舞蹈的节奏中产生了狂乱的和声，使舞会的热量达到最高潮，并让魔女化身直到玫瑰烧黑后才会停止舞蹈。	direct-current-after-image	stable-key				runtime_pass18_outside_pass15	authority-verified
P18-00075	magica/js/libs/doppelList.json	/186/description	401200	description	这份感情的主人，强烈地希求着通过语言进行的自我表现与整个故事的完结。＠不仅只有被创作出来的才是故事。＠森罗万象，其意义寄宿于这片世界上所有的事物之中。＠只要它们仍旧存在，故事便永远延续。＠但这个Doppel能够通过将意义寄宿的存在消除，而以此来终结那个故事吧。＠无人应否，文书停笔，前来书写续篇之人却仍未出现。	这份感情的主人，强烈地希求着通过语言进行的自我表现与整个故事的完结。＠不仅只有被创作出来的才是故事。＠森罗万象，其意义寄宿于这片世界上所有的事物之中。＠只要它们仍旧存在，故事便永远延续。＠但这个魔女化身能够通过将意义寄宿的存在消除，而以此来终结那个故事吧。＠无人应否，文书停笔，前来书写续篇之人却仍未出现。	official_cn_game_term	official dump authority.json doppelList + skill shortDescription	authority-component-normalization	authority-verified	1.00	official_cn_game_term		这份感情的主人，强烈地希求着通过语言进行的自我表现与整个故事的完结。＠不仅只有被创作出来的才是故事。＠森罗万象，其意义寄宿于这片世界上所有的事物之中。＠只要它们仍旧存在，故事便永远延续。＠但这个魔女化身能够通过将意义寄宿的存在消除，而以此来终结那个故事吧。＠无人应否，文书停笔，前来书写续篇之人却仍未出现。	direct-current-after-image	stable-key				runtime_pass18_outside_pass15	authority-verified
P18-00076	magica/js/libs/doppelList.json	/187/description	401300	description	这种感情的主人，比自己更能体谅他人，有着强烈的责任感。＠Doppel把在战斗中打倒对方看作“终点”，＠在结果那个目标之前，不会停止如斗牛般的猛进。＠不分青红皂白，一味地向着终点前行。＠在这一路上不管受到多少攻击，也决不让敌人看到自己的背影，＠从受伤处喷出的血，像岩浆一样炽热地燃烧着。＠过去之后，会刻上灼热的轨迹吧。	这种感情的主人，比自己更能体谅他人，有着强烈的责任感。＠魔女化身把在战斗中打倒对方看作“终点”，＠在结果那个目标之前，不会停止如斗牛般的猛进。＠不分青红皂白，一味地向着终点前行。＠在这一路上不管受到多少攻击，也决不让敌人看到自己的背影，＠从受伤处喷出的血，像岩浆一样炽热地燃烧着。＠过去之后，会刻上灼热的轨迹吧。	official_cn_game_term	official dump authority.json doppelList + skill shortDescription	authority-component-normalization	authority-verified	1.00	official_cn_game_term		这种感情的主人，比自己更能体谅他人，有着强烈的责任感。＠魔女化身把在战斗中打倒对方看作“终点”，＠在结果那个目标之前，不会停止如斗牛般的猛进。＠不分青红皂白，一味地向着终点前行。＠在这一路上不管受到多少攻击，也决不让敌人看到自己的背影，＠从受伤处喷出的血，像岩浆一样炽热地燃烧着。＠过去之后，会刻上灼热的轨迹吧。	direct-current-after-image	stable-key				runtime_pass18_outside_pass15	authority-verified
P18-00077	magica/js/libs/doppelList.json	/188/description	401400	description	这份感情的主人，因自己的存在得到认可，相比以前更加积极并产生出了余裕。＠仿佛是被连带着这个Doppel也同样地，不仅仅是贪欲着进食，还产生出了细细咀嚼入口的食物，品味享受着食材所蕴风味的余裕。＠话虽如此，不管对方是魔法少女还是魔女，只要是能碰到的东西都可以烹调，并收进自己的体内这点仍旧不变。＠只不过，相较以前更多了品位，不会将食物乱撒在周围，排在桌上的盘子也只放上了自己所用的数量。	这份感情的主人，因自己的存在得到认可，相比以前更加积极并产生出了余裕。＠仿佛是被连带着这个魔女化身也同样地，不仅仅是贪欲着进食，还产生出了细细咀嚼入口的食物，品味享受着食材所蕴风味的余裕。＠话虽如此，不管对方是魔法少女还是魔女，只要是能碰到的东西都可以烹调，并收进自己的体内这点仍旧不变。＠只不过，相较以前更多了品位，不会将食物乱撒在周围，排在桌上的盘子也只放上了自己所用的数量。	official_cn_game_term	official dump authority.json doppelList + skill shortDescription	authority-component-normalization	authority-verified	1.00	official_cn_game_term		这份感情的主人，因自己的存在得到认可，相比以前更加积极并产生出了余裕。＠仿佛是被连带着这个魔女化身也同样地，不仅仅是贪欲着进食，还产生出了细细咀嚼入口的食物，品味享受着食材所蕴风味的余裕。＠话虽如此，不管对方是魔法少女还是魔女，只要是能碰到的东西都可以烹调，并收进自己的体内这点仍旧不变。＠只不过，相较以前更多了品位，不会将食物乱撒在周围，排在桌上的盘子也只放上了自己所用的数量。	direct-current-after-image	stable-key				runtime_pass18_outside_pass15	authority-verified
P18-00078	magica/js/libs/doppelList.json	/19/description	102000	description	这份感情的主人梦想着进入极乐，自身的根基却已被Doppel夺走。没有自我意识的这一Doppel只会将根探入地底汲取能量，直至绽出硕大的花朵。那花朵一旦包覆天空便欲求着吞没全部，如万华镜般播散出纷繁的纹理，夺走目击者们的思考能力，令其吸入漫天飞舞的微小花粉，带至极乐之境。人们会不断地向他人传唱那样的极乐之路，却无法知晓那是否便是真正的幸福。无论做什么都无法将Doppel停止，但只要将根拔出便会顷刻之间枯萎消失。	这份感情的主人梦想着进入极乐，自身的根基却已被魔女化身夺走。没有自我意识的这一魔女化身只会将根探入地底汲取能量，直至绽出硕大的花朵。那花朵一旦包覆天空便欲求着吞没全部，如万华镜般播散出纷繁的纹理，夺走目击者们的思考能力，令其吸入漫天飞舞的微小花粉，带至极乐之境。人们会不断地向他人传唱那样的极乐之路，却无法知晓那是否便是真正的幸福。无论做什么都无法将魔女化身停止，但只要将根拔出便会顷刻之间枯萎消失。	official_cn_game_term	official dump authority.json doppelList + skill shortDescription	authority-component-normalization	authority-verified	1.00	official_cn_game_term		这份感情的主人梦想着进入极乐，自身的根基却已被魔女化身夺走。没有自我意识的这一魔女化身只会将根探入地底汲取能量，直至绽出硕大的花朵。那花朵一旦包覆天空便欲求着吞没全部，如万华镜般播散出纷繁的纹理，夺走目击者们的思考能力，令其吸入漫天飞舞的微小花粉，带至极乐之境。人们会不断地向他人传唱那样的极乐之路，却无法知晓那是否便是真正的幸福。无论做什么都无法将魔女化身停止，但只要将根拔出便会顷刻之间枯萎消失。	direct-current-after-image	stable-key				runtime_pass18_outside_pass15	authority-verified
P18-00079	magica/js/libs/doppelList.json	/193/description	402500	description	这份感情的主人，在狂奔和狂乱中狂喜着……＠这个Doppel由一份不同寻常的嗜好形成，外表为飘浮在月夜中的鸣禽。＠是在癫狂的尽头中诞生的，令见者畏怖的异形存在。＠如果和这个Doppel对峙，会从心底感到恐怖吧。＠不仅如此，它让人感受到的不仅是恐怖，而是某种只有常驻彼岸的人才能酿造出的东西，将会破坏对方的自我，最终引发疯狂。	这份感情的主人，在狂奔和狂乱中狂喜着……＠这个魔女化身由一份不同寻常的嗜好形成，外表为飘浮在月夜中的鸣禽。＠是在癫狂的尽头中诞生的，令见者畏怖的异形存在。＠如果和这个魔女化身对峙，会从心底感到恐怖吧。＠不仅如此，它让人感受到的不仅是恐怖，而是某种只有常驻彼岸的人才能酿造出的东西，将会破坏对方的自我，最终引发疯狂。	official_cn_game_term	official dump authority.json doppelList + skill shortDescription	authority-component-normalization	authority-verified	1.00	official_cn_game_term		这份感情的主人，在狂奔和狂乱中狂喜着……＠这个魔女化身由一份不同寻常的嗜好形成，外表为飘浮在月夜中的鸣禽。＠是在癫狂的尽头中诞生的，令见者畏怖的异形存在。＠如果和这个魔女化身对峙，会从心底感到恐怖吧。＠不仅如此，它让人感受到的不仅是恐怖，而是某种只有常驻彼岸的人才能酿造出的东西，将会破坏对方的自我，最终引发疯狂。	direct-current-after-image	stable-key				runtime_pass18_outside_pass15	authority-verified
P18-00080	magica/js/libs/doppelList.json	/197/description	402900	description	这份感情的主人，在好奇心的驱使下进行分离、精炼、合成。这个Doppel体现了穷究神秘的心产生的合一神性，有着连结现世和异界的使命。虽然这个Doppel能在主人遇到危机时请求更高次元的介入，但主人考虑到万物均以圆环完结，将产生的次元裂缝认定为是自己智所不及的世界奥秘存在的证据。因此更容易使好奇心高涨，忘记回避危险。	这份感情的主人，在好奇心的驱使下进行分离、精炼、合成。这个魔女化身体现了穷究神秘的心产生的合一神性，有着连结现世和异界的使命。虽然这个魔女化身能在主人遇到危机时请求更高次元的介入，但主人考虑到万物均以圆环完结，将产生的次元裂缝认定为是自己智所不及的世界奥秘存在的证据。因此更容易使好奇心高涨，忘记回避危险。	official_cn_game_term	official dump authority.json doppelList + skill shortDescription	authority-component-normalization	authority-verified	1.00	official_cn_game_term		这份感情的主人，在好奇心的驱使下进行分离、精炼、合成。这个魔女化身体现了穷究神秘的心产生的合一神性，有着连结现世和异界的使命。虽然这个魔女化身能在主人遇到危机时请求更高次元的介入，但主人考虑到万物均以圆环完结，将产生的次元裂缝认定为是自己智所不及的世界奥秘存在的证据。因此更容易使好奇心高涨，忘记回避危险。	direct-current-after-image	stable-key				runtime_pass18_outside_pass15	authority-verified
P18-00081	magica/js/libs/doppelList.json	/199/description	403200	description	这份感情的主人，希求着平稳的世界。＠若是去注视，就会发现充斥着令人不愿直视之事物的正是这现实。＠可是只要委身于这个Doppel，便能得以远离尘世。＠仿若遮断外界一般被包入其中，最终得以进入沉眠，可在那儿等待着的，是粉饰上恐怖的梦。＠眼前所延展开的无数景象将激烈地撼动着精神，最终使其崩坏。＠梦并不总会为自己带来欢乐…遗憾的是，这也同样是现实。	这份感情的主人，希求着平稳的世界。＠若是去注视，就会发现充斥着令人不愿直视之事物的正是这现实。＠可是只要委身于这个魔女化身，便能得以远离尘世。＠仿若遮断外界一般被包入其中，最终得以进入沉眠，可在那儿等待着的，是粉饰上恐怖的梦。＠眼前所延展开的无数景象将激烈地撼动着精神，最终使其崩坏。＠梦并不总会为自己带来欢乐…遗憾的是，这也同样是现实。	official_cn_game_term	official dump authority.json doppelList + skill shortDescription	authority-component-normalization	authority-verified	1.00	official_cn_game_term		这份感情的主人，希求着平稳的世界。＠若是去注视，就会发现充斥着令人不愿直视之事物的正是这现实。＠可是只要委身于这个魔女化身，便能得以远离尘世。＠仿若遮断外界一般被包入其中，最终得以进入沉眠，可在那儿等待着的，是粉饰上恐怖的梦。＠眼前所延展开的无数景象将激烈地撼动着精神，最终使其崩坏。＠梦并不总会为自己带来欢乐…遗憾的是，这也同样是现实。	direct-current-after-image	stable-key				runtime_pass18_outside_pass15	authority-verified
P18-00082	magica/js/libs/doppelList.json	/20/description	102100	description	这份感情的主人未能主导内心不断累积的感情，反倒受日渐膨胀的感情代为支配。受其影响，本应长成的Doppel被象征着感情的婴芽寄生，被夺走成长的能量。那些肉芽不过是无理性可言的小兽，不合心意的东西都由性子毁坏，只会不断吸食能量。时而它们也会想要用语言说明些什么，却只能够发出宛如空穴来风的声音，无法传达任何事物。＠饱足时显得乖巧温顺，不过一旦过饱就会从口中呕出能量。	这份感情的主人未能主导内心不断累积的感情，反倒受日渐膨胀的感情代为支配。受其影响，本应长成的魔女化身被象征着感情的婴芽寄生，被夺走成长的能量。那些肉芽不过是无理性可言的小兽，不合心意的东西都由性子毁坏，只会不断吸食能量。时而它们也会想要用语言说明些什么，却只能够发出宛如空穴来风的声音，无法传达任何事物。＠饱足时显得乖巧温顺，不过一旦过饱就会从口中呕出能量。	official_cn_game_term	official dump authority.json doppelList + skill shortDescription	authority-component-normalization	authority-verified	1.00	official_cn_game_term		这份感情的主人未能主导内心不断累积的感情，反倒受日渐膨胀的感情代为支配。受其影响，本应长成的魔女化身被象征着感情的婴芽寄生，被夺走成长的能量。那些肉芽不过是无理性可言的小兽，不合心意的东西都由性子毁坏，只会不断吸食能量。时而它们也会想要用语言说明些什么，却只能够发出宛如空穴来风的声音，无法传达任何事物。＠饱足时显得乖巧温顺，不过一旦过饱就会从口中呕出能量。	direct-current-after-image	stable-key				runtime_pass18_outside_pass15	authority-verified
P18-00083	magica/js/libs/doppelList.json	/201/description	403400	description	这份感情的主人，把正确的任务强加给了自己。＠Doppel相信主人的呼吁是正义的，他试图通过麦克风将主人的声音传播给周围的人，但那声音经过延伸，从几个扬声器中回荡出来，声音太大，不过是噪音而已。即使主人想让Doppel停下来，Doppel也因为发出的声音而听不到，不把所有的人都变得正确，它是不会停下来的。	这份感情的主人，把正确的任务强加给了自己。＠魔女化身相信主人的呼吁是正义的，他试图通过麦克风将主人的声音传播给周围的人，但那声音经过延伸，从几个扬声器中回荡出来，声音太大，不过是噪音而已。即使主人想让魔女化身停下来，魔女化身也因为发出的声音而听不到，不把所有的人都变得正确，它是不会停下来的。	official_cn_game_term	official dump authority.json doppelList + skill shortDescription	authority-component-normalization	authority-verified	1.00	official_cn_game_term		这份感情的主人，把正确的任务强加给了自己。＠魔女化身相信主人的呼吁是正义的，他试图通过麦克风将主人的声音传播给周围的人，但那声音经过延伸，从几个扬声器中回荡出来，声音太大，不过是噪音而已。即使主人想让魔女化身停下来，魔女化身也因为发出的声音而听不到，不把所有的人都变得正确，它是不会停下来的。	direct-current-after-image	stable-key				runtime_pass18_outside_pass15	authority-verified
P18-00084	magica/js/libs/doppelList.json	/202/description	403500	description	这份感情的主人，执着于做事完美。＠这是为了消除因为一时冲动而犯下无法挽回的罪恶。＠这个Doppel为了想惩罚主人而寻找主人，但由于其大眼睛无法看见正下方的主人，因此处于永远找不到罪人的状态。＠无可奈何的Doppel只好巡视周围，通过将犯错而无自觉的人们的罪恶显示出来，以满足存在意义。	这份感情的主人，执着于做事完美。＠这是为了消除因为一时冲动而犯下无法挽回的罪恶。＠这个魔女化身为了想惩罚主人而寻找主人，但由于其大眼睛无法看见正下方的主人，因此处于永远找不到罪人的状态。＠无可奈何的魔女化身只好巡视周围，通过将犯错而无自觉的人们的罪恶显示出来，以满足存在意义。	official_cn_game_term	official dump authority.json doppelList + skill shortDescription	authority-component-normalization	authority-verified	1.00	official_cn_game_term		这份感情的主人，执着于做事完美。＠这是为了消除因为一时冲动而犯下无法挽回的罪恶。＠这个魔女化身为了想惩罚主人而寻找主人，但由于其大眼睛无法看见正下方的主人，因此处于永远找不到罪人的状态。＠无可奈何的魔女化身只好巡视周围，通过将犯错而无自觉的人们的罪恶显示出来，以满足存在意义。	direct-current-after-image	stable-key				runtime_pass18_outside_pass15	authority-verified
P18-00085	magica/js/libs/doppelList.json	/203/description	403600	description	这份感情的主人，至今仍将寻仇的记忆当做噩梦看待。＠这个Doppel，比主人还憎恨那些打乱主人命运、夺走重要之人的仇人。因此，它将过去的记忆一次次地展现出来，重复着寻仇。但是，仇人的形象在寻仇的过程中变得模糊不清、若隐若现，如梦魇一般折磨着主人，灼伤着她的仇恨之情。	这份感情的主人，至今仍将寻仇的记忆当做噩梦看待。＠这个魔女化身，比主人还憎恨那些打乱主人命运、夺走重要之人的仇人。因此，它将过去的记忆一次次地展现出来，重复着寻仇。但是，仇人的形象在寻仇的过程中变得模糊不清、若隐若现，如梦魇一般折磨着主人，灼伤着她的仇恨之情。	official_cn_game_term	official dump authority.json doppelList + skill shortDescription	authority-component-normalization	authority-verified	1.00	official_cn_game_term		这份感情的主人，至今仍将寻仇的记忆当做噩梦看待。＠这个魔女化身，比主人还憎恨那些打乱主人命运、夺走重要之人的仇人。因此，它将过去的记忆一次次地展现出来，重复着寻仇。但是，仇人的形象在寻仇的过程中变得模糊不清、若隐若现，如梦魇一般折磨着主人，灼伤着她的仇恨之情。	direct-current-after-image	stable-key				runtime_pass18_outside_pass15	authority-verified
P18-00086	magica/js/libs/doppelList.json	/204/description	404100	description	这份感情的主人不能明确认知自己思念的对象，言行笨拙尖刻。＠这个Doppel的感情表达也很严酷，为了填补主人渐弱的存在感，＠大量携带重达几百公斤的文具，并作为凶器使用。＠这个Doppel对身为与主人相反的怪异的自己的原有姿态认知模糊，＠即使主人内在思念的对象意外近在眼前，也只会把这份重量＠当作维系自我同一性的单纯的重物而使用吧。	这份感情的主人不能明确认知自己思念的对象，言行笨拙尖刻。＠这个魔女化身的感情表达也很严酷，为了填补主人渐弱的存在感，＠大量携带重达几百公斤的文具，并作为凶器使用。＠这个魔女化身对身为与主人相反的怪异的自己的原有姿态认知模糊，＠即使主人内在思念的对象意外近在眼前，也只会把这份重量＠当作维系自我同一性的单纯的重物而使用吧。	official_cn_game_term	official dump authority.json doppelList + skill shortDescription	authority-component-normalization	authority-verified	1.00	official_cn_game_term		这份感情的主人不能明确认知自己思念的对象，言行笨拙尖刻。＠这个魔女化身的感情表达也很严酷，为了填补主人渐弱的存在感，＠大量携带重达几百公斤的文具，并作为凶器使用。＠这个魔女化身对身为与主人相反的怪异的自己的原有姿态认知模糊，＠即使主人内在思念的对象意外近在眼前，也只会把这份重量＠当作维系自我同一性的单纯的重物而使用吧。	direct-current-after-image	stable-key				runtime_pass18_outside_pass15	authority-verified
P18-00087	magica/js/libs/doppelList.json	/205/description	404200	description	这份感情的主人只希望回到母亲的家中。＠而另一方面，这个Doppel确信自己是主人真正的母亲，为了保护主人免于等待她的残酷命运，它让大量时空漩涡出现在前方，阻拦回家的路。＠那些卷入漩涡的人会被这个Doppel轧死，在生和死的狭缝中背负着永远的迷路的宿命。	这份感情的主人只希望回到母亲的家中。＠而另一方面，这个魔女化身确信自己是主人真正的母亲，为了保护主人免于等待她的残酷命运，它让大量时空漩涡出现在前方，阻拦回家的路。＠那些卷入漩涡的人会被这个魔女化身轧死，在生和死的狭缝中背负着永远的迷路的宿命。	official_cn_game_term	official dump authority.json doppelList + skill shortDescription	authority-component-normalization	authority-verified	1.00	official_cn_game_term		这份感情的主人只希望回到母亲的家中。＠而另一方面，这个魔女化身确信自己是主人真正的母亲，为了保护主人免于等待她的残酷命运，它让大量时空漩涡出现在前方，阻拦回家的路。＠那些卷入漩涡的人会被这个魔女化身轧死，在生和死的狭缝中背负着永远的迷路的宿命。	direct-current-after-image	stable-key				runtime_pass18_outside_pass15	authority-verified
P18-00088	magica/js/libs/doppelList.json	/206/description	404300	description	这个感情的主人与善良的性格相反，在心底饲养着黑色的感情。＠Doppel感受到了主人在表面愿望背后隐藏的消极情绪，试图以暴力的形式实现它。＠这个Doppel发现主人的灵魂会暂时地委身于负面的无意识之中，由于Doppel准备打算永远占据那个意识和身体，所以经常窥视着机会。＠如果主人疲于竞争，败给了负面情绪，那么就会无法再次回到人身，变成一个恶魔吧。	这个感情的主人与善良的性格相反，在心底饲养着黑色的感情。＠魔女化身感受到了主人在表面愿望背后隐藏的消极情绪，试图以暴力的形式实现它。＠这个魔女化身发现主人的灵魂会暂时地委身于负面的无意识之中，由于魔女化身准备打算永远占据那个意识和身体，所以经常窥视着机会。＠如果主人疲于竞争，败给了负面情绪，那么就会无法再次回到人身，变成一个恶魔吧。	official_cn_game_term	official dump authority.json doppelList + skill shortDescription	authority-component-normalization	authority-verified	1.00	official_cn_game_term		这个感情的主人与善良的性格相反，在心底饲养着黑色的感情。＠魔女化身感受到了主人在表面愿望背后隐藏的消极情绪，试图以暴力的形式实现它。＠这个魔女化身发现主人的灵魂会暂时地委身于负面的无意识之中，由于魔女化身准备打算永远占据那个意识和身体，所以经常窥视着机会。＠如果主人疲于竞争，败给了负面情绪，那么就会无法再次回到人身，变成一个恶魔吧。	direct-current-after-image	stable-key				runtime_pass18_outside_pass15	authority-verified
P18-00089	magica/js/libs/doppelList.json	/207/description	404400	description	这份感情的主人希望在隐藏无果的思恋的同时做一个幸福的梦。＠这个Doppel为了不让主人的内心醒悟，化作从刘海生出的巨大的蛇神的姿态，同时对那些尝试侵入主人内心的攻击者还以诅咒从而咒杀。＠将鳞片覆盖的身体像无数的绳一样缠绕而咒缚的严酷的攻击手段，也反映了要束缚思念的人的独占欲的另一面。	这份感情的主人希望在隐藏无果的思恋的同时做一个幸福的梦。＠这个魔女化身为了不让主人的内心醒悟，化作从刘海生出的巨大的蛇神的姿态，同时对那些尝试侵入主人内心的攻击者还以诅咒从而咒杀。＠将鳞片覆盖的身体像无数的绳一样缠绕而咒缚的严酷的攻击手段，也反映了要束缚思念的人的独占欲的另一面。	official_cn_game_term	official dump authority.json doppelList + skill shortDescription	authority-component-normalization	authority-verified	1.00	official_cn_game_term		这份感情的主人希望在隐藏无果的思恋的同时做一个幸福的梦。＠这个魔女化身为了不让主人的内心醒悟，化作从刘海生出的巨大的蛇神的姿态，同时对那些尝试侵入主人内心的攻击者还以诅咒从而咒杀。＠将鳞片覆盖的身体像无数的绳一样缠绕而咒缚的严酷的攻击手段，也反映了要束缚思念的人的独占欲的另一面。	direct-current-after-image	stable-key				runtime_pass18_outside_pass15	authority-verified
P18-00090	magica/js/libs/doppelList.json	/208/description	404500	description	这份感情的主人，为了处理其巨大的苦恼，从自己的影子中产生了双重Doppel。＠影之一，障猫将会吸干接触的对象的能量。＠影之一，苛虎会用嫉妒的火焰将一切都化为灰烬。＠双影是过于正直的主人切割出的负面情绪的具现，对于主人来讲是必不可少的存在。＠虽然每次召唤双影时，都会失去双倍重要的回忆，但主人一定不会后悔吧。	这份感情的主人，为了处理其巨大的苦恼，从自己的影子中产生了双重魔女化身。＠影之一，障猫将会吸干接触的对象的能量。＠影之一，苛虎会用嫉妒的火焰将一切都化为灰烬。＠双影是过于正直的主人切割出的负面情绪的具现，对于主人来讲是必不可少的存在。＠虽然每次召唤双影时，都会失去双倍重要的回忆，但主人一定不会后悔吧。	official_cn_game_term	official dump authority.json doppelList + skill shortDescription	authority-component-normalization	authority-verified	1.00	official_cn_game_term		这份感情的主人，为了处理其巨大的苦恼，从自己的影子中产生了双重魔女化身。＠影之一，障猫将会吸干接触的对象的能量。＠影之一，苛虎会用嫉妒的火焰将一切都化为灰烬。＠双影是过于正直的主人切割出的负面情绪的具现，对于主人来讲是必不可少的存在。＠虽然每次召唤双影时，都会失去双倍重要的回忆，但主人一定不会后悔吧。	direct-current-after-image	stable-key				runtime_pass18_outside_pass15	authority-verified
P18-00091	magica/js/libs/doppelList.json	/209/description	404600	description	这份感情的主人厌恶永生，只求一死。＠这个Doppel是铁血的热血的冷血的吸血鬼，怪异杀手以及怪异之王＠“姬丝秀忒·雅赛劳拉莉昂·刃下心”的＠传说本身的具现化。＠这个Doppel斟酌着对主人对死亡的冲动，用妖刀“心渡”消灭一切怪异，＠但刀刃不会指向着主人。	这份感情的主人厌恶永生，只求一死。＠这个魔女化身是铁血的热血的冷血的吸血鬼，怪异杀手以及怪异之王＠“姬丝秀忒·雅赛劳拉莉昂·刃下心”的＠传说本身的具现化。＠这个魔女化身斟酌着对主人对死亡的冲动，用妖刀“心渡”消灭一切怪异，＠但刀刃不会指向着主人。	official_cn_game_term	official dump authority.json doppelList + skill shortDescription	authority-component-normalization	authority-verified	1.00	official_cn_game_term		这份感情的主人厌恶永生，只求一死。＠这个魔女化身是铁血的热血的冷血的吸血鬼，怪异杀手以及怪异之王＠“姬丝秀忒·雅赛劳拉莉昂·刃下心”的＠传说本身的具现化。＠这个魔女化身斟酌着对主人对死亡的冲动，用妖刀“心渡”消灭一切怪异，＠但刀刃不会指向着主人。	direct-current-after-image	stable-key				runtime_pass18_outside_pass15	authority-verified
P18-00092	magica/js/libs/doppelList.json	/21/description	102200	description	这份感情的主人将为他人着想一事作为极大的喜悦，但转到自己身上时便会无限地怠惰下去，因而对于牵引着作为自己分身的存在一事抱有复杂的情感。＠这个Doppel以主人的力量作为原动力，无法自主行动。但只要被主人抛出，Doppel将以其庞大而结实的身体冲击敌人，轻易地粉碎对方。＠Doppel自身因能够为他人派上用场而感到喜悦，本是想要拥抱对方才向其飞去的，但由于被抛出时会从体内伸出巨大的刀刃，总是因此感到失败。	这份感情的主人将为他人着想一事作为极大的喜悦，但转到自己身上时便会无限地怠惰下去，因而对于牵引着作为自己分身的存在一事抱有复杂的情感。＠这个魔女化身以主人的力量作为原动力，无法自主行动。但只要被主人抛出，魔女化身将以其庞大而结实的身体冲击敌人，轻易地粉碎对方。＠魔女化身自身因能够为他人派上用场而感到喜悦，本是想要拥抱对方才向其飞去的，但由于被抛出时会从体内伸出巨大的刀刃，总是因此感到失败。	official_cn_game_term	official dump authority.json doppelList + skill shortDescription	authority-component-normalization	authority-verified	1.00	official_cn_game_term		这份感情的主人将为他人着想一事作为极大的喜悦，但转到自己身上时便会无限地怠惰下去，因而对于牵引着作为自己分身的存在一事抱有复杂的情感。＠这个魔女化身以主人的力量作为原动力，无法自主行动。但只要被主人抛出，魔女化身将以其庞大而结实的身体冲击敌人，轻易地粉碎对方。＠魔女化身自身因能够为他人派上用场而感到喜悦，本是想要拥抱对方才向其飞去的，但由于被抛出时会从体内伸出巨大的刀刃，总是因此感到失败。	direct-current-after-image	stable-key				runtime_pass18_outside_pass15	authority-verified
P18-00093	magica/js/libs/doppelList.json	/216/description	412200	description	这份感情的主人只要依旧存在，就会无止境地追求统治和权势。这个Doppel散布的诅咒本身对于其他人来说就相当于带来死亡的黑暗，如果没有抵抗力的人沐浴其中，存在就会瞬间消失。对于主人来讲，这幅景象带来的喜悦等同于净化，周围愈是染上黑暗和绝望浸染，其本人的灵魂宝石就愈是闪耀着心醉神迷的光辉。	这份感情的主人只要依旧存在，就会无止境地追求统治和权势。这个魔女化身散布的诅咒本身对于其他人来说就相当于带来死亡的黑暗，如果没有抵抗力的人沐浴其中，存在就会瞬间消失。对于主人来讲，这幅景象带来的喜悦等同于净化，周围愈是染上黑暗和绝望浸染，其本人的灵魂宝石就愈是闪耀着心醉神迷的光辉。	official_cn_game_term	official dump authority.json doppelList + skill shortDescription	authority-component-normalization	authority-verified	1.00	official_cn_game_term		这份感情的主人只要依旧存在，就会无止境地追求统治和权势。这个魔女化身散布的诅咒本身对于其他人来说就相当于带来死亡的黑暗，如果没有抵抗力的人沐浴其中，存在就会瞬间消失。对于主人来讲，这幅景象带来的喜悦等同于净化，周围愈是染上黑暗和绝望浸染，其本人的灵魂宝石就愈是闪耀着心醉神迷的光辉。	direct-current-after-image	stable-key				runtime_pass18_outside_pass15	authority-verified
P18-00094	magica/js/libs/doppelList.json	/22/description	102300	description	这种感情的主人是披着无情之皮的有情之人。对于不得已伤害他人的自责无法抹去，为了从困境中逃脱而再次伤害对方，反复进行负面的连锁。＠这只Doppel捕获了这样的主人后，为了从痛苦中解放出来而砍头，只在那一瞬间承担责任，给人一种解放感。但是头脑聪明的主人，发现一切都是自我满足的欺骗而烦恼的话，就会坚定无法解放的自责成为一个巨人，以发泄无处发泄的感情的形式解放出来。＠这样罪就不会被断也不会散落，会一直聚集在一起吧。	这种感情的主人是披着无情之皮的有情之人。对于不得已伤害他人的自责无法抹去，为了从困境中逃脱而再次伤害对方，反复进行负面的连锁。＠这只魔女化身捕获了这样的主人后，为了从痛苦中解放出来而砍头，只在那一瞬间承担责任，给人一种解放感。但是头脑聪明的主人，发现一切都是自我满足的欺骗而烦恼的话，就会坚定无法解放的自责成为一个巨人，以发泄无处发泄的感情的形式解放出来。＠这样罪就不会被断也不会散落，会一直聚集在一起吧。	official_cn_game_term	official dump authority.json doppelList + skill shortDescription	authority-component-normalization	authority-verified	1.00	official_cn_game_term		这种感情的主人是披着无情之皮的有情之人。对于不得已伤害他人的自责无法抹去，为了从困境中逃脱而再次伤害对方，反复进行负面的连锁。＠这只魔女化身捕获了这样的主人后，为了从痛苦中解放出来而砍头，只在那一瞬间承担责任，给人一种解放感。但是头脑聪明的主人，发现一切都是自我满足的欺骗而烦恼的话，就会坚定无法解放的自责成为一个巨人，以发泄无处发泄的感情的形式解放出来。＠这样罪就不会被断也不会散落，会一直聚集在一起吧。	direct-current-after-image	stable-key				runtime_pass18_outside_pass15	authority-verified
P18-00095	magica/js/libs/doppelList.json	/23/description	102400	description	这个感情的主人，是能够释放在身体和心里积蓄的庞大的能源的Doppel，自己也一边发送巨大的声波一边与Doppel一起打算消除忧愤。＠这只Doppel推荐把自己的想法全部做出来，甚至把自己的克制当作坏事，自己也不忍耐。那不仅是饮食和睡眠，甚至是突发的冲动，带着主人到处破坏。如果想要阻止她而从外面施加压力的话，不满就会超越界限爆发，把周围的一切都消灭掉。	这个感情的主人，是能够释放在身体和心里积蓄的庞大的能源的魔女化身，自己也一边发送巨大的声波一边与魔女化身一起打算消除忧愤。＠这只魔女化身推荐把自己的想法全部做出来，甚至把自己的克制当作坏事，自己也不忍耐。那不仅是饮食和睡眠，甚至是突发的冲动，带着主人到处破坏。如果想要阻止她而从外面施加压力的话，不满就会超越界限爆发，把周围的一切都消灭掉。	official_cn_game_term	official dump authority.json doppelList + skill shortDescription	authority-component-normalization	authority-verified	1.00	official_cn_game_term		这个感情的主人，是能够释放在身体和心里积蓄的庞大的能源的魔女化身，自己也一边发送巨大的声波一边与魔女化身一起打算消除忧愤。＠这只魔女化身推荐把自己的想法全部做出来，甚至把自己的克制当作坏事，自己也不忍耐。那不仅是饮食和睡眠，甚至是突发的冲动，带着主人到处破坏。如果想要阻止她而从外面施加压力的话，不满就会超越界限爆发，把周围的一切都消灭掉。	direct-current-after-image	stable-key				runtime_pass18_outside_pass15	authority-verified
P18-00096	magica/js/libs/doppelList.json	/24/description	102500	description	这份感情的主人，过着典身卖命般奉献的人生，由于Doppel也有着同样的精神，二者的联系非常深厚。＠这个Doppel对主人敌视的事物非常敏感，会用暴力来教导无用的对手，使其理解利他的优点。＠尽管受教者会受到重伤，但由于Doppel那黄金般美丽灿烂的身姿，以及艺术性循环往复的暴力教导，所以会忘记疼痛、神魂颠倒，在不知不觉间变成它的俘虏。	这份感情的主人，过着典身卖命般奉献的人生，由于魔女化身也有着同样的精神，二者的联系非常深厚。＠这个魔女化身对主人敌视的事物非常敏感，会用暴力来教导无用的对手，使其理解利他的优点。＠尽管受教者会受到重伤，但由于魔女化身那黄金般美丽灿烂的身姿，以及艺术性循环往复的暴力教导，所以会忘记疼痛、神魂颠倒，在不知不觉间变成它的俘虏。	official_cn_game_term	official dump authority.json doppelList + skill shortDescription	authority-component-normalization	authority-verified	1.00	official_cn_game_term		这份感情的主人，过着典身卖命般奉献的人生，由于魔女化身也有着同样的精神，二者的联系非常深厚。＠这个魔女化身对主人敌视的事物非常敏感，会用暴力来教导无用的对手，使其理解利他的优点。＠尽管受教者会受到重伤，但由于魔女化身那黄金般美丽灿烂的身姿，以及艺术性循环往复的暴力教导，所以会忘记疼痛、神魂颠倒，在不知不觉间变成它的俘虏。	direct-current-after-image	stable-key				runtime_pass18_outside_pass15	authority-verified
P18-00097	magica/js/libs/doppelList.json	/26/description	102700	description	这份感情的主人目睹从自己身上显现出来的锐利而又凶猛的存在，在那之中投影着自己的过去，而让她只能懊悔地注视着它。＠这个Doppel悄无声息地敏捷移动着，趁目标不意间接近，再以针状的口器如鞭般进行穿刺，吸收对方的生命力。就算是看似棘手的敌人，Doppel也将隐蔽地接近，以四足使其弱化后再进行汲取。Doppel的主人除了注视着逐渐染上赤红的水晶，便无法阻止Doppel的暴动。	这份感情的主人目睹从自己身上显现出来的锐利而又凶猛的存在，在那之中投影着自己的过去，而让她只能懊悔地注视着它。＠这个魔女化身悄无声息地敏捷移动着，趁目标不意间接近，再以针状的口器如鞭般进行穿刺，吸收对方的生命力。就算是看似棘手的敌人，魔女化身也将隐蔽地接近，以四足使其弱化后再进行汲取。魔女化身的主人除了注视着逐渐染上赤红的水晶，便无法阻止魔女化身的暴动。	official_cn_game_term	official dump authority.json doppelList + skill shortDescription	authority-component-normalization	authority-verified	1.00	official_cn_game_term		这份感情的主人目睹从自己身上显现出来的锐利而又凶猛的存在，在那之中投影着自己的过去，而让她只能懊悔地注视着它。＠这个魔女化身悄无声息地敏捷移动着，趁目标不意间接近，再以针状的口器如鞭般进行穿刺，吸收对方的生命力。就算是看似棘手的敌人，魔女化身也将隐蔽地接近，以四足使其弱化后再进行汲取。魔女化身的主人除了注视着逐渐染上赤红的水晶，便无法阻止魔女化身的暴动。	direct-current-after-image	stable-key				runtime_pass18_outside_pass15	authority-verified
P18-00098	magica/js/libs/doppelList.json	/27/description	102800	description	这份感情的主人，虽然对Doppel感受到了不可思议的亲近感，但直面它时却带着一种内心被其看穿的恐惧的复杂情绪。对此，Doppel为了让主人从烦恼的感情中解放出来，在与其身体相连的球体中入睡；为了满足主人的欲望，将无法理解自己的对手全部粉碎。顺带一提，Doppel的身体是映照主心的临时模样，会根据本人的思念而变化，现在呈现出的是追求恋人形态的双人狼模样。保持临时开始的样子时，只要球体和环不被破坏，就会反复循环，因此需要注意。	这份感情的主人，虽然对魔女化身感受到了不可思议的亲近感，但直面它时却带着一种内心被其看穿的恐惧的复杂情绪。对此，魔女化身为了让主人从烦恼的感情中解放出来，在与其身体相连的球体中入睡；为了满足主人的欲望，将无法理解自己的对手全部粉碎。顺带一提，魔女化身的身体是映照主心的临时模样，会根据本人的思念而变化，现在呈现出的是追求恋人形态的双人狼模样。保持临时开始的样子时，只要球体和环不被破坏，就会反复循环，因此需要注意。	official_cn_game_term	official dump authority.json doppelList + skill shortDescription	authority-component-normalization	authority-verified	1.00	official_cn_game_term		这份感情的主人，虽然对魔女化身感受到了不可思议的亲近感，但直面它时却带着一种内心被其看穿的恐惧的复杂情绪。对此，魔女化身为了让主人从烦恼的感情中解放出来，在与其身体相连的球体中入睡；为了满足主人的欲望，将无法理解自己的对手全部粉碎。顺带一提，魔女化身的身体是映照主心的临时模样，会根据本人的思念而变化，现在呈现出的是追求恋人形态的双人狼模样。保持临时开始的样子时，只要球体和环不被破坏，就会反复循环，因此需要注意。	direct-current-after-image	stable-key				runtime_pass18_outside_pass15	authority-verified
P18-00099	magica/js/libs/doppelList.json	/28/description	102900	description	这份感情的主人对周围抱着过剩的警戒心却难以独自处理，从而对被自身所生出的存在保护一事毫无抵抗力。＠这个Doppel生长着锐利的刺与坚固的表皮，和主人一样只专注于保护自己。＠虽然并非主动性的攻击，Doppel每当承受压力时就将打开某一个开关，当全部开关都达到ON时，便会不由分说地启动电磁炮轰破障碍。＠当主人想要回避对手的感情，与这个Doppel的压力来源达到一致时，命中率就会获得飞跃性的提升。	这份感情的主人对周围抱着过剩的警戒心却难以独自处理，从而对被自身所生出的存在保护一事毫无抵抗力。＠这个魔女化身生长着锐利的刺与坚固的表皮，和主人一样只专注于保护自己。＠虽然并非主动性的攻击，魔女化身每当承受压力时就将打开某一个开关，当全部开关都达到ON时，便会不由分说地启动电磁炮轰破障碍。＠当主人想要回避对手的感情，与这个魔女化身的压力来源达到一致时，命中率就会获得飞跃性的提升。	official_cn_game_term	official dump authority.json doppelList + skill shortDescription	authority-component-normalization	authority-verified	1.00	official_cn_game_term		这份感情的主人对周围抱着过剩的警戒心却难以独自处理，从而对被自身所生出的存在保护一事毫无抵抗力。＠这个魔女化身生长着锐利的刺与坚固的表皮，和主人一样只专注于保护自己。＠虽然并非主动性的攻击，魔女化身每当承受压力时就将打开某一个开关，当全部开关都达到ON时，便会不由分说地启动电磁炮轰破障碍。＠当主人想要回避对手的感情，与这个魔女化身的压力来源达到一致时，命中率就会获得飞跃性的提升。	direct-current-after-image	stable-key				runtime_pass18_outside_pass15	authority-verified
P18-00100	magica/js/libs/doppelList.json	/29/description	103000	description	这份感情的主人，虽然知道Doppel的存在，但却对心中出现的自身的摹写感到震惊，吓得直不起腰来。＠主人的Doppel与对魔女发挥力量的主人本身相反，拥有对魔法少女有着强杀伤力的能力，但是性格却与主人相似，一旦出现在战场上，马上就会陷入恐慌变成防御姿态。＠顺带一提，在Doppel出场的时候，主人因为害怕闭着眼睛，所以没有好好看过自身的摹写。等主人回过神来，敌人已经消失了，很佩服这个Doppel。	这份感情的主人，虽然知道魔女化身的存在，但却对心中出现的自身的摹写感到震惊，吓得直不起腰来。＠主人的魔女化身与对魔女发挥力量的主人本身相反，拥有对魔法少女有着强杀伤力的能力，但是性格却与主人相似，一旦出现在战场上，马上就会陷入恐慌变成防御姿态。＠顺带一提，在魔女化身出场的时候，主人因为害怕闭着眼睛，所以没有好好看过自身的摹写。等主人回过神来，敌人已经消失了，很佩服这个魔女化身。	official_cn_game_term	official dump authority.json doppelList + skill shortDescription	authority-component-normalization	authority-verified	1.00	official_cn_game_term		这份感情的主人，虽然知道魔女化身的存在，但却对心中出现的自身的摹写感到震惊，吓得直不起腰来。＠主人的魔女化身与对魔女发挥力量的主人本身相反，拥有对魔法少女有着强杀伤力的能力，但是性格却与主人相似，一旦出现在战场上，马上就会陷入恐慌变成防御姿态。＠顺带一提，在魔女化身出场的时候，主人因为害怕闭着眼睛，所以没有好好看过自身的摹写。等主人回过神来，敌人已经消失了，很佩服这个魔女化身。	direct-current-after-image	stable-key				runtime_pass18_outside_pass15	authority-verified
P18-00101	magica/js/libs/doppelList.json	/30/description	103100	description	这份感情的主人决不承认养育自己的事物的变化。＠为了迎合主人的心情，这只Doppel发挥了能注意到路旁石块的动作和针掉落般的细小声音的能力。如果是自然现象引起的变化的话，可以安静地保养恢复原状，但如果是有人故意为之，它绝不会允许。放任附带的面具追踪，一定会抓住对方并给予惩罚。它不擅长被弓箭等攻击，但主人自己也使用飞行道具，心情很复杂。	这份感情的主人决不承认养育自己的事物的变化。＠为了迎合主人的心情，这只魔女化身发挥了能注意到路旁石块的动作和针掉落般的细小声音的能力。如果是自然现象引起的变化的话，可以安静地保养恢复原状，但如果是有人故意为之，它绝不会允许。放任附带的面具追踪，一定会抓住对方并给予惩罚。它不擅长被弓箭等攻击，但主人自己也使用飞行道具，心情很复杂。	official_cn_game_term	official dump authority.json doppelList + skill shortDescription	authority-component-normalization	authority-verified	1.00	official_cn_game_term		这份感情的主人决不承认养育自己的事物的变化。＠为了迎合主人的心情，这只魔女化身发挥了能注意到路旁石块的动作和针掉落般的细小声音的能力。如果是自然现象引起的变化的话，可以安静地保养恢复原状，但如果是有人故意为之，它绝不会允许。放任附带的面具追踪，一定会抓住对方并给予惩罚。它不擅长被弓箭等攻击，但主人自己也使用飞行道具，心情很复杂。	direct-current-after-image	stable-key				runtime_pass18_outside_pass15	authority-verified
P18-00102	magica/js/libs/doppelList.json	/31/description	103200	description	这份感情的主人，被自己周围生长出来的无数只脚压迫得目瞪口呆。但是，她本人似乎并不满意，似乎正因为太幸福而放纵自己。另外，Doppel虽然在寻找适合自己的脚，但却始终找不到，因而在自己体内堆积着废弃的脚。尽管如此，由于没有放弃追求与命运之足的相遇，所以常常因为不甘心而大发脾气，跳向高空、踩在地上，以消除压力。似乎跳得越高，压力就越能消除。	这份感情的主人，被自己周围生长出来的无数只脚压迫得目瞪口呆。但是，她本人似乎并不满意，似乎正因为太幸福而放纵自己。另外，魔女化身虽然在寻找适合自己的脚，但却始终找不到，因而在自己体内堆积着废弃的脚。尽管如此，由于没有放弃追求与命运之足的相遇，所以常常因为不甘心而大发脾气，跳向高空、踩在地上，以消除压力。似乎跳得越高，压力就越能消除。	official_cn_game_term	official dump authority.json doppelList + skill shortDescription	authority-component-normalization	authority-verified	1.00	official_cn_game_term		这份感情的主人，被自己周围生长出来的无数只脚压迫得目瞪口呆。但是，她本人似乎并不满意，似乎正因为太幸福而放纵自己。另外，魔女化身虽然在寻找适合自己的脚，但却始终找不到，因而在自己体内堆积着废弃的脚。尽管如此，由于没有放弃追求与命运之足的相遇，所以常常因为不甘心而大发脾气，跳向高空、踩在地上，以消除压力。似乎跳得越高，压力就越能消除。	direct-current-after-image	stable-key				runtime_pass18_outside_pass15	authority-verified
P18-00103	magica/js/libs/doppelList.json	/33/description	103400	description	这份感情的主人拒绝自己的兴趣爱好等个人事情。被坚硬的外壳覆盖的Doppel成为了隔着周围的信息强制制造距离的主的私人空间，上部有如果有干扰的人，可以狙击并排除在外面的人的机构。但是，因为Doppel本身也有拒绝被干涉的性质，所以如果有人来搭话或接触，他就会慌张地闹着对方消失不见为止，让心情平静下来。那个时候在里面的主人，身体好像被摇晃得破烂不堪。	这份感情的主人拒绝自己的兴趣爱好等个人事情。被坚硬的外壳覆盖的魔女化身成为了隔着周围的信息强制制造距离的主的私人空间，上部有如果有干扰的人，可以狙击并排除在外面的人的机构。但是，因为魔女化身本身也有拒绝被干涉的性质，所以如果有人来搭话或接触，他就会慌张地闹着对方消失不见为止，让心情平静下来。那个时候在里面的主人，身体好像被摇晃得破烂不堪。	official_cn_game_term	official dump authority.json doppelList + skill shortDescription	authority-component-normalization	authority-verified	1.00	official_cn_game_term		这份感情的主人拒绝自己的兴趣爱好等个人事情。被坚硬的外壳覆盖的魔女化身成为了隔着周围的信息强制制造距离的主的私人空间，上部有如果有干扰的人，可以狙击并排除在外面的人的机构。但是，因为魔女化身本身也有拒绝被干涉的性质，所以如果有人来搭话或接触，他就会慌张地闹着对方消失不见为止，让心情平静下来。那个时候在里面的主人，身体好像被摇晃得破烂不堪。	direct-current-after-image	stable-key				runtime_pass18_outside_pass15	authority-verified
P18-00104	magica/js/libs/doppelList.json	/34/description	103500	description	这份感情的主人将自己的恋慕之情封存起来，无言地持续着沉眠。＠从水底出现的Doppel是绝不允许放弃任何恋情的，不沉的化身。主人和自己有了爱慕的对象后，就会将那份思念编入歌曲中，同时振动翅膀和桅杆，成就至高无上的演奏会。＠如果在观赏后没有给出反应的话，就会被格子状的桅杆剁碎，因此还是送上掌声为妙。但只要听了歌，体内的铁分就会被分解，从而让身体崩溃，所以最好还是从一开始就不要去听。	这份感情的主人将自己的恋慕之情封存起来，无言地持续着沉眠。＠从水底出现的魔女化身是绝不允许放弃任何恋情的，不沉的化身。主人和自己有了爱慕的对象后，就会将那份思念编入歌曲中，同时振动翅膀和桅杆，成就至高无上的演奏会。＠如果在观赏后没有给出反应的话，就会被格子状的桅杆剁碎，因此还是送上掌声为妙。但只要听了歌，体内的铁分就会被分解，从而让身体崩溃，所以最好还是从一开始就不要去听。	official_cn_game_term	official dump authority.json doppelList + skill shortDescription	authority-component-normalization	authority-verified	1.00	official_cn_game_term		这份感情的主人将自己的恋慕之情封存起来，无言地持续着沉眠。＠从水底出现的魔女化身是绝不允许放弃任何恋情的，不沉的化身。主人和自己有了爱慕的对象后，就会将那份思念编入歌曲中，同时振动翅膀和桅杆，成就至高无上的演奏会。＠如果在观赏后没有给出反应的话，就会被格子状的桅杆剁碎，因此还是送上掌声为妙。但只要听了歌，体内的铁分就会被分解，从而让身体崩溃，所以最好还是从一开始就不要去听。	direct-current-after-image	stable-key				runtime_pass18_outside_pass15	authority-verified
P18-00105	magica/js/libs/doppelList.json	/35/description	103600	description	这份感情的主人，虽然对能和自己一起表演的Doppel感到高兴，但惊讶的同时又怀疑自己是不是被操纵了。交际能力强的Doppel不仅能和主人，还能和各种各样的人交往，而且还能以滑稻的动作俘获大家的心。谁都能和它成为朋友。但是，这也正是被 Doppel迷惑而被操纵的证明。实际上，和他成为朋友的人，在和Doppel玩杂耍的时候被砸碎受到了灾难。	这份感情的主人，虽然对能和自己一起表演的魔女化身感到高兴，但惊讶的同时又怀疑自己是不是被操纵了。交际能力强的魔女化身不仅能和主人，还能和各种各样的人交往，而且还能以滑稻的动作俘获大家的心。谁都能和它成为朋友。但是，这也正是被 魔女化身迷惑而被操纵的证明。实际上，和他成为朋友的人，在和魔女化身玩杂耍的时候被砸碎受到了灾难。	official_cn_game_term	official dump authority.json doppelList + skill shortDescription	authority-component-normalization	authority-verified	1.00	official_cn_game_term		这份感情的主人，虽然对能和自己一起表演的魔女化身感到高兴，但惊讶的同时又怀疑自己是不是被操纵了。交际能力强的魔女化身不仅能和主人，还能和各种各样的人交往，而且还能以滑稻的动作俘获大家的心。谁都能和它成为朋友。但是，这也正是被 魔女化身迷惑而被操纵的证明。实际上，和他成为朋友的人，在和魔女化身玩杂耍的时候被砸碎受到了灾难。	direct-current-after-image	stable-key				runtime_pass18_outside_pass15	authority-verified
P18-00106	magica/js/libs/doppelList.json	/36/description	103700	description	这种感情的主人虽然对自己身上的凶暴性感到惊讶，但还是对浅薄的Doppel有点不可思议。＠这只没有仔细观察周围的Doppel，有一种看到自己看到的东西就贸然断定的癖好＠在该战斗的时候会手舞足蹈，在该享受的时候会愤慨。＠虽然顽固且难以改变想法，但状况和行动一致时的实力惊人，变幻自如的刀刃是不可避免的，任何攻击都会因为莲花的旋转效果而被弹起。那个战斗的样子被称赞像跳跃一样美丽。＠顺便说一下，似乎认为主人是和滑稽的自己相似的伙伴。	这种感情的主人虽然对自己身上的凶暴性感到惊讶，但还是对浅薄的魔女化身有点不可思议。＠这只没有仔细观察周围的魔女化身，有一种看到自己看到的东西就贸然断定的癖好＠在该战斗的时候会手舞足蹈，在该享受的时候会愤慨。＠虽然顽固且难以改变想法，但状况和行动一致时的实力惊人，变幻自如的刀刃是不可避免的，任何攻击都会因为莲花的旋转效果而被弹起。那个战斗的样子被称赞像跳跃一样美丽。＠顺便说一下，似乎认为主人是和滑稽的自己相似的伙伴。	official_cn_game_term	official dump authority.json doppelList + skill shortDescription	authority-component-normalization	authority-verified	1.00	official_cn_game_term		这种感情的主人虽然对自己身上的凶暴性感到惊讶，但还是对浅薄的魔女化身有点不可思议。＠这只没有仔细观察周围的魔女化身，有一种看到自己看到的东西就贸然断定的癖好＠在该战斗的时候会手舞足蹈，在该享受的时候会愤慨。＠虽然顽固且难以改变想法，但状况和行动一致时的实力惊人，变幻自如的刀刃是不可避免的，任何攻击都会因为莲花的旋转效果而被弹起。那个战斗的样子被称赞像跳跃一样美丽。＠顺便说一下，似乎认为主人是和滑稽的自己相似的伙伴。	direct-current-after-image	stable-key				runtime_pass18_outside_pass15	authority-verified
P18-00107	magica/js/libs/doppelList.json	/37/description	103800	description	这份感情的主人拥有不会轻易动摇的坚强的心，但由于对自己的幼稚感到焦虑，所以无法喜爱与自己相似的Doppel。＠这个幼小的Doppel还未成长到能够自由操控四肢，最讨厌只能索要食物的自己，主人自己也不喜欢这份幼稚。这个Doppel自出生之时就开始积攒压力，经常要通过呐喊来发泄。然而，当压力超过顶峰爆发时，就会打破外壳来回跳跃，所到之处都会留下凄惨的爪痕。再加上主人的压力的话，就会变得更严重吧。	这份感情的主人拥有不会轻易动摇的坚强的心，但由于对自己的幼稚感到焦虑，所以无法喜爱与自己相似的魔女化身。＠这个幼小的魔女化身还未成长到能够自由操控四肢，最讨厌只能索要食物的自己，主人自己也不喜欢这份幼稚。这个魔女化身自出生之时就开始积攒压力，经常要通过呐喊来发泄。然而，当压力超过顶峰爆发时，就会打破外壳来回跳跃，所到之处都会留下凄惨的爪痕。再加上主人的压力的话，就会变得更严重吧。	official_cn_game_term	official dump authority.json doppelList + skill shortDescription	authority-component-normalization	authority-verified	1.00	official_cn_game_term		这份感情的主人拥有不会轻易动摇的坚强的心，但由于对自己的幼稚感到焦虑，所以无法喜爱与自己相似的魔女化身。＠这个幼小的魔女化身还未成长到能够自由操控四肢，最讨厌只能索要食物的自己，主人自己也不喜欢这份幼稚。这个魔女化身自出生之时就开始积攒压力，经常要通过呐喊来发泄。然而，当压力超过顶峰爆发时，就会打破外壳来回跳跃，所到之处都会留下凄惨的爪痕。再加上主人的压力的话，就会变得更严重吧。	direct-current-after-image	stable-key				runtime_pass18_outside_pass15	authority-verified
P18-00108	magica/js/libs/doppelList.json	/38/description	103900	description	这份感情的主人，没有一点的迷惑，天真无邪地玩耍着Doppel，对自己来说是自由的象征，同时也是罪恶的象征，为此而苦恼着。＠这个Doppel一边轻轻地自由地漂浮着，一边按照本能行动着。大声说话、吃饭、被热闹的色彩包围，一切都只是因为开心，无论让谁悲伤痛苦，都不适合这个世界的罪的概念。＠被袭击的时候，乍看之下是一个没有污秽的孩子，而且看起来像是一个无法成长的可怜的存在，所以越是大人，悲伤就越要比恐惧先出现。	这份感情的主人，没有一点的迷惑，天真无邪地玩耍着魔女化身，对自己来说是自由的象征，同时也是罪恶的象征，为此而苦恼着。＠这个魔女化身一边轻轻地自由地漂浮着，一边按照本能行动着。大声说话、吃饭、被热闹的色彩包围，一切都只是因为开心，无论让谁悲伤痛苦，都不适合这个世界的罪的概念。＠被袭击的时候，乍看之下是一个没有污秽的孩子，而且看起来像是一个无法成长的可怜的存在，所以越是大人，悲伤就越要比恐惧先出现。	official_cn_game_term	official dump authority.json doppelList + skill shortDescription	authority-component-normalization	authority-verified	1.00	official_cn_game_term		这份感情的主人，没有一点的迷惑，天真无邪地玩耍着魔女化身，对自己来说是自由的象征，同时也是罪恶的象征，为此而苦恼着。＠这个魔女化身一边轻轻地自由地漂浮着，一边按照本能行动着。大声说话、吃饭、被热闹的色彩包围，一切都只是因为开心，无论让谁悲伤痛苦，都不适合这个世界的罪的概念。＠被袭击的时候，乍看之下是一个没有污秽的孩子，而且看起来像是一个无法成长的可怜的存在，所以越是大人，悲伤就越要比恐惧先出现。	direct-current-after-image	stable-key				runtime_pass18_outside_pass15	authority-verified
P18-00109	magica/js/libs/doppelList.json	/39/description	104000	description	这份感情的主人，强行削掉了自己的一部分之结果，便是即使囚缚在哀悼之锁链中仍无法感受到铭刻的爱情，只得在开放的世界之中怀抱着空虚的自由生存下去。＠这个Doppel也无法察觉到深藏于内在的爱情。一昧寻找着能好好重视自己的人，一旦发现了与自身的魔力或境遇相似的人，就会张开肋骨捕捉来，不留余地地犹如要纳入自身一般紧拥着对方。＠可是，尽管再怎么去拥抱，这个Doppel的欲求也永远无法被满足。	这份感情的主人，强行削掉了自己的一部分之结果，便是即使囚缚在哀悼之锁链中仍无法感受到铭刻的爱情，只得在开放的世界之中怀抱着空虚的自由生存下去。＠这个魔女化身也无法察觉到深藏于内在的爱情。一昧寻找着能好好重视自己的人，一旦发现了与自身的魔力或境遇相似的人，就会张开肋骨捕捉来，不留余地地犹如要纳入自身一般紧拥着对方。＠可是，尽管再怎么去拥抱，这个魔女化身的欲求也永远无法被满足。	official_cn_game_term	official dump authority.json doppelList + skill shortDescription	authority-component-normalization	authority-verified	1.00	official_cn_game_term		这份感情的主人，强行削掉了自己的一部分之结果，便是即使囚缚在哀悼之锁链中仍无法感受到铭刻的爱情，只得在开放的世界之中怀抱着空虚的自由生存下去。＠这个魔女化身也无法察觉到深藏于内在的爱情。一昧寻找着能好好重视自己的人，一旦发现了与自身的魔力或境遇相似的人，就会张开肋骨捕捉来，不留余地地犹如要纳入自身一般紧拥着对方。＠可是，尽管再怎么去拥抱，这个魔女化身的欲求也永远无法被满足。	direct-current-after-image	stable-key				runtime_pass18_outside_pass15	authority-verified
P18-00110	magica/js/libs/doppelList.json	/40/description	104100	description	这份感情的主人，由于Doppel展现了生命的原始，痛切地感受到自己作为加害者无法逃避的桎梏。＠这个Doppel沉默无言，仅仅是吸取了主人的污秽使生命之树茁壮成长。虽然身姿被包裹在襁褓之中，但和主人一样没有得到祝福，生来便是是散播污秽之物，会因性恶而危害他人。＠如果树状图中出现了其他被囚禁的人，那个人就会陷入痛苦的熔炉吧。能成为树状图一部分的只有主人。	这份感情的主人，由于魔女化身展现了生命的原始，痛切地感受到自己作为加害者无法逃避的桎梏。＠这个魔女化身沉默无言，仅仅是吸取了主人的污秽使生命之树茁壮成长。虽然身姿被包裹在襁褓之中，但和主人一样没有得到祝福，生来便是是散播污秽之物，会因性恶而危害他人。＠如果树状图中出现了其他被囚禁的人，那个人就会陷入痛苦的熔炉吧。能成为树状图一部分的只有主人。	official_cn_game_term	official dump authority.json doppelList + skill shortDescription	authority-component-normalization	authority-verified	1.00	official_cn_game_term		这份感情的主人，由于魔女化身展现了生命的原始，痛切地感受到自己作为加害者无法逃避的桎梏。＠这个魔女化身沉默无言，仅仅是吸取了主人的污秽使生命之树茁壮成长。虽然身姿被包裹在襁褓之中，但和主人一样没有得到祝福，生来便是是散播污秽之物，会因性恶而危害他人。＠如果树状图中出现了其他被囚禁的人，那个人就会陷入痛苦的熔炉吧。能成为树状图一部分的只有主人。	direct-current-after-image	stable-key				runtime_pass18_outside_pass15	authority-verified
P18-00111	magica/js/libs/doppelList.json	/42/description	104300	description	这份感情的主人，曾因悔恨自己的过去而停下脚步，但在发现光明的如今，又重新开始振翅飞翔。泪流不止的Doppel为了让主人获得解脱，用沉重的泥翼拖着身体前行，既否定了朝天空飞翔又否定了向前方奔驰，展示出一条与之完全相反的道路。尽管遇到对峙者时，Doppel以利用双翼发动攻击，但一切的行动都不过是为了告诉主人，无论做些什么都无法抵达光明。被这个Doppel侵蚀尽后，末路仅有成为伫立在地的黑星。	这份感情的主人，曾因悔恨自己的过去而停下脚步，但在发现光明的如今，又重新开始振翅飞翔。泪流不止的魔女化身为了让主人获得解脱，用沉重的泥翼拖着身体前行，既否定了朝天空飞翔又否定了向前方奔驰，展示出一条与之完全相反的道路。尽管遇到对峙者时，魔女化身以利用双翼发动攻击，但一切的行动都不过是为了告诉主人，无论做些什么都无法抵达光明。被这个魔女化身侵蚀尽后，末路仅有成为伫立在地的黑星。	official_cn_game_term	official dump authority.json doppelList + skill shortDescription	authority-component-normalization	authority-verified	1.00	official_cn_game_term		这份感情的主人，曾因悔恨自己的过去而停下脚步，但在发现光明的如今，又重新开始振翅飞翔。泪流不止的魔女化身为了让主人获得解脱，用沉重的泥翼拖着身体前行，既否定了朝天空飞翔又否定了向前方奔驰，展示出一条与之完全相反的道路。尽管遇到对峙者时，魔女化身以利用双翼发动攻击，但一切的行动都不过是为了告诉主人，无论做些什么都无法抵达光明。被这个魔女化身侵蚀尽后，末路仅有成为伫立在地的黑星。	direct-current-after-image	stable-key				runtime_pass18_outside_pass15	authority-verified
P18-00112	magica/js/libs/doppelList.json	/43/description	104400	description	这份感情的主人对蔑视现实却不作行动的Doppel感到愤怒，试图将其支配。这个Doppel创下精致美好的世界，却犯了将沉重复杂的感情加压其上的过错，从而失去了前进的动力。曾经这个Doppel也有过在镜中描摹想象，谱写完美世界的时期，然而仅凭自身想象作出的事物不仅空洞乏味还显得分外单薄，在懊恼中耗尽心神的尽头，化为了仅有对称图案的单调影像。对这避居在此内耗自身的Doppel感到烦闷的主人，给出“不够的话补充就行了”的回复，提议去寻求可供补完想象的祭品，Doppel便呼应了其意见。	这份感情的主人对蔑视现实却不作行动的魔女化身感到愤怒，试图将其支配。这个魔女化身创下精致美好的世界，却犯了将沉重复杂的感情加压其上的过错，从而失去了前进的动力。曾经这个魔女化身也有过在镜中描摹想象，谱写完美世界的时期，然而仅凭自身想象作出的事物不仅空洞乏味还显得分外单薄，在懊恼中耗尽心神的尽头，化为了仅有对称图案的单调影像。对这避居在此内耗自身的魔女化身感到烦闷的主人，给出“不够的话补充就行了”的回复，提议去寻求可供补完想象的祭品，魔女化身便呼应了其意见。	official_cn_game_term	official dump authority.json doppelList + skill shortDescription	authority-component-normalization	authority-verified	1.00	official_cn_game_term		这份感情的主人对蔑视现实却不作行动的魔女化身感到愤怒，试图将其支配。这个魔女化身创下精致美好的世界，却犯了将沉重复杂的感情加压其上的过错，从而失去了前进的动力。曾经这个魔女化身也有过在镜中描摹想象，谱写完美世界的时期，然而仅凭自身想象作出的事物不仅空洞乏味还显得分外单薄，在懊恼中耗尽心神的尽头，化为了仅有对称图案的单调影像。对这避居在此内耗自身的魔女化身感到烦闷的主人，给出“不够的话补充就行了”的回复，提议去寻求可供补完想象的祭品，魔女化身便呼应了其意见。	direct-current-after-image	stable-key				runtime_pass18_outside_pass15	authority-verified
P18-00113	magica/js/libs/doppelList.json	/44/description	104500	description	这份感情的主人，虽然希望丰收拯救人民，但在其内心深处却隐藏着希望家的复权的自私想法。这只Doppel就像用行动来表现主人的真心一样，在稻草上点燃欲望之火，炙烤自己的敌人，用僵硬的手脚捕食。其姿态残忍，即使主想要阻止也无法阻止，为了提高自己的价值继续寻找必要的猎物进行狩猎。当所有的稻草都燃烧殆尽，Doppel形态消失后，留在周围的都是凄惨的景象，但那里似乎还残留着一点美丽的野花。	这份感情的主人，虽然希望丰收拯救人民，但在其内心深处却隐藏着希望家的复权的自私想法。这只魔女化身就像用行动来表现主人的真心一样，在稻草上点燃欲望之火，炙烤自己的敌人，用僵硬的手脚捕食。其姿态残忍，即使主想要阻止也无法阻止，为了提高自己的价值继续寻找必要的猎物进行狩猎。当所有的稻草都燃烧殆尽，魔女化身形态消失后，留在周围的都是凄惨的景象，但那里似乎还残留着一点美丽的野花。	official_cn_game_term	official dump authority.json doppelList + skill shortDescription	authority-component-normalization	authority-verified	1.00	official_cn_game_term		这份感情的主人，虽然希望丰收拯救人民，但在其内心深处却隐藏着希望家的复权的自私想法。这只魔女化身就像用行动来表现主人的真心一样，在稻草上点燃欲望之火，炙烤自己的敌人，用僵硬的手脚捕食。其姿态残忍，即使主想要阻止也无法阻止，为了提高自己的价值继续寻找必要的猎物进行狩猎。当所有的稻草都燃烧殆尽，魔女化身形态消失后，留在周围的都是凄惨的景象，但那里似乎还残留着一点美丽的野花。	direct-current-after-image	stable-key				runtime_pass18_outside_pass15	authority-verified
P18-00114	magica/js/libs/doppelList.json	/45/description	104600	description	这份感情的主人，在持续眺望着斩杀了所爱的朋友的手的过程中，为了看到永远无法描绘的回忆的继续而闭上了眼睛。这只Doppel是从遮挡的视野中飞出的幻想之珠。充满了比皮肤更丰富的记忆之云和，甜美芬芳的喜悦之花。核心部分是不可触及的果实，只是想靠近它，就会被龙作为仇敌吃掉，变成肮脏的墨汁。如果和从珠子中窥视的人对视的话，Doppel的怨恨就会贯穿大脑，暂时被不安定的心所困扰。	这份感情的主人，在持续眺望着斩杀了所爱的朋友的手的过程中，为了看到永远无法描绘的回忆的继续而闭上了眼睛。这只魔女化身是从遮挡的视野中飞出的幻想之珠。充满了比皮肤更丰富的记忆之云和，甜美芬芳的喜悦之花。核心部分是不可触及的果实，只是想靠近它，就会被龙作为仇敌吃掉，变成肮脏的墨汁。如果和从珠子中窥视的人对视的话，魔女化身的怨恨就会贯穿大脑，暂时被不安定的心所困扰。	official_cn_game_term	official dump authority.json doppelList + skill shortDescription	authority-component-normalization	authority-verified	1.00	official_cn_game_term		这份感情的主人，在持续眺望着斩杀了所爱的朋友的手的过程中，为了看到永远无法描绘的回忆的继续而闭上了眼睛。这只魔女化身是从遮挡的视野中飞出的幻想之珠。充满了比皮肤更丰富的记忆之云和，甜美芬芳的喜悦之花。核心部分是不可触及的果实，只是想靠近它，就会被龙作为仇敌吃掉，变成肮脏的墨汁。如果和从珠子中窥视的人对视的话，魔女化身的怨恨就会贯穿大脑，暂时被不安定的心所困扰。	direct-current-after-image	stable-key				runtime_pass18_outside_pass15	authority-verified
P18-00115	magica/js/libs/doppelList.json	/47/description	104900	description	这份感情的主人失去了像双树一样长大的妹妹，内心空虚。然后，寻找着失去的半身，漫无目的地彷徨着。Doppel将这样的主人带进了有目的而不存在目的的无限之旅。登船的只有主人，若是有人靠近船，他的心马上就会被波浪吞没，像亡灵一样跟在Doppel身后。	这份感情的主人失去了像双树一样长大的妹妹，内心空虚。然后，寻找着失去的半身，漫无目的地彷徨着。魔女化身将这样的主人带进了有目的而不存在目的的无限之旅。登船的只有主人，若是有人靠近船，他的心马上就会被波浪吞没，像亡灵一样跟在魔女化身身后。	official_cn_game_term	official dump authority.json doppelList + skill shortDescription	authority-component-normalization	authority-verified	1.00	official_cn_game_term		这份感情的主人失去了像双树一样长大的妹妹，内心空虚。然后，寻找着失去的半身，漫无目的地彷徨着。魔女化身将这样的主人带进了有目的而不存在目的的无限之旅。登船的只有主人，若是有人靠近船，他的心马上就会被波浪吞没，像亡灵一样跟在魔女化身身后。	direct-current-after-image	stable-key				runtime_pass18_outside_pass15	authority-verified
P18-00116	magica/js/libs/doppelList.json	/48/description	105000	description	这段感情的主人，随着像双树一样长大的姐姐的心离自己而去，精神严重失衡。Doppel与这种不均衡产生的破坏冲动相呼应，只要有接近的东西就一律打击、破坏。一旦出现，它就会在黑暗的海面上一心一意地寻找猎物，直到消除那黑暗的情绪为止。但是，在哪前方绝对没有安息。	这段感情的主人，随着像双树一样长大的姐姐的心离自己而去，精神严重失衡。魔女化身与这种不均衡产生的破坏冲动相呼应，只要有接近的东西就一律打击、破坏。一旦出现，它就会在黑暗的海面上一心一意地寻找猎物，直到消除那黑暗的情绪为止。但是，在哪前方绝对没有安息。	official_cn_game_term	official dump authority.json doppelList + skill shortDescription	authority-component-normalization	authority-verified	1.00	official_cn_game_term		这段感情的主人，随着像双树一样长大的姐姐的心离自己而去，精神严重失衡。魔女化身与这种不均衡产生的破坏冲动相呼应，只要有接近的东西就一律打击、破坏。一旦出现，它就会在黑暗的海面上一心一意地寻找猎物，直到消除那黑暗的情绪为止。但是，在哪前方绝对没有安息。	direct-current-after-image	stable-key				runtime_pass18_outside_pass15	authority-verified
P18-00117	magica/js/libs/doppelList.json	/49/description	105100	description	这份感情的主人在救赎人们的过程中丧失了自我，变得过度执着于四周的狂信。而Doppel就宛如要演绎主人的妄执般将此世的业火集于一身，不停回转着要将天佑带给祈求救赎的人们。然而目睹其姿态的人们何止救赎，目击烈焰的瞬间便早已被灼尽视力，卷入天火之中。Doppel认为被燃尽的那些人们才真正得到了救赎，主人也同样执迷不悟，每逢清醒之时已背负上新的罪业。	这份感情的主人在救赎人们的过程中丧失了自我，变得过度执着于四周的狂信。而魔女化身就宛如要演绎主人的妄执般将此世的业火集于一身，不停回转着要将天佑带给祈求救赎的人们。然而目睹其姿态的人们何止救赎，目击烈焰的瞬间便早已被灼尽视力，卷入天火之中。魔女化身认为被燃尽的那些人们才真正得到了救赎，主人也同样执迷不悟，每逢清醒之时已背负上新的罪业。	official_cn_game_term	official dump authority.json doppelList + skill shortDescription	authority-component-normalization	authority-verified	1.00	official_cn_game_term		这份感情的主人在救赎人们的过程中丧失了自我，变得过度执着于四周的狂信。而魔女化身就宛如要演绎主人的妄执般将此世的业火集于一身，不停回转着要将天佑带给祈求救赎的人们。然而目睹其姿态的人们何止救赎，目击烈焰的瞬间便早已被灼尽视力，卷入天火之中。魔女化身认为被燃尽的那些人们才真正得到了救赎，主人也同样执迷不悟，每逢清醒之时已背负上新的罪业。	direct-current-after-image	stable-key				runtime_pass18_outside_pass15	authority-verified
P18-00118	magica/js/libs/doppelList.json	/50/description	105200	description	这份感情的主人，为了接近憧憬的母亲而被束缚在理想的形象里，在Doppel的身上看到了这样的自己。从四肢出生的Doppel会缠住主人的神经，剥夺主人的自由，敏锐的嗅觉感受到精神受到压迫的人，便会咬住，用毒液侵蚀。没有人能摆脱它的毒害，但可以永远从压迫中解放出来。目睹这一情形的主人，由于禁止自己放弃和杀戮，比以往更加容易受到魔咒的束缚，但Doppel绝对不会察觉到。	这份感情的主人，为了接近憧憬的母亲而被束缚在理想的形象里，在魔女化身的身上看到了这样的自己。从四肢出生的魔女化身会缠住主人的神经，剥夺主人的自由，敏锐的嗅觉感受到精神受到压迫的人，便会咬住，用毒液侵蚀。没有人能摆脱它的毒害，但可以永远从压迫中解放出来。目睹这一情形的主人，由于禁止自己放弃和杀戮，比以往更加容易受到魔咒的束缚，但魔女化身绝对不会察觉到。	official_cn_game_term	official dump authority.json doppelList + skill shortDescription	authority-component-normalization	authority-verified	1.00	official_cn_game_term		这份感情的主人，为了接近憧憬的母亲而被束缚在理想的形象里，在魔女化身的身上看到了这样的自己。从四肢出生的魔女化身会缠住主人的神经，剥夺主人的自由，敏锐的嗅觉感受到精神受到压迫的人，便会咬住，用毒液侵蚀。没有人能摆脱它的毒害，但可以永远从压迫中解放出来。目睹这一情形的主人，由于禁止自己放弃和杀戮，比以往更加容易受到魔咒的束缚，但魔女化身绝对不会察觉到。	direct-current-after-image	stable-key				runtime_pass18_outside_pass15	authority-verified
P18-00119	magica/js/libs/doppelList.json	/51/description	105300	description	这种感情的主人，通过天平形状的Doppel，可以知道人们的未来。为了确保预言的客观性，Doppel主要由无机物构成，天平的一个盘子刻着表示“希望”的印记，另一个盘子刻着表示“绝望”的印记。分别放在两个盘子上的是得到拯救和不予拯救的生命的重量，因为除了感情主人以外的人看不到这些东西，所以很少有人听感情主人的预言。与“想拯救一切”的祈祷相反，这是对杀死了一颗少女心的人所下的诅咒。	这种感情的主人，通过天平形状的魔女化身，可以知道人们的未来。为了确保预言的客观性，魔女化身主要由无机物构成，天平的一个盘子刻着表示“希望”的印记，另一个盘子刻着表示“绝望”的印记。分别放在两个盘子上的是得到拯救和不予拯救的生命的重量，因为除了感情主人以外的人看不到这些东西，所以很少有人听感情主人的预言。与“想拯救一切”的祈祷相反，这是对杀死了一颗少女心的人所下的诅咒。	official_cn_game_term	official dump authority.json doppelList + skill shortDescription	authority-component-normalization	authority-verified	1.00	official_cn_game_term		这种感情的主人，通过天平形状的魔女化身，可以知道人们的未来。为了确保预言的客观性，魔女化身主要由无机物构成，天平的一个盘子刻着表示“希望”的印记，另一个盘子刻着表示“绝望”的印记。分别放在两个盘子上的是得到拯救和不予拯救的生命的重量，因为除了感情主人以外的人看不到这些东西，所以很少有人听感情主人的预言。与“想拯救一切”的祈祷相反，这是对杀死了一颗少女心的人所下的诅咒。	direct-current-after-image	stable-key				runtime_pass18_outside_pass15	authority-verified
P18-00120	magica/js/libs/doppelList.json	/56/description	110500	description	这份感情的主人在这个Doppel显现的过程中将会陷入深度的睡眠，Doppel的所见并不能传达给主人。＠这个Doppel在主人沉睡时，会从空虚的眼睛中流出牛奶喷到岩盐上，激烈搅拌。＠为料理补足盐味和浓厚口感的有盐黄油与蒸过的土豆是绝佳搭配。＠感觉自制的黄油土豆不好吃的你，用的不是无盐黄油吗？	这份感情的主人在这个魔女化身显现的过程中将会陷入深度的睡眠，魔女化身的所见并不能传达给主人。＠这个魔女化身在主人沉睡时，会从空虚的眼睛中流出牛奶喷到岩盐上，激烈搅拌。＠为料理补足盐味和浓厚口感的有盐黄油与蒸过的土豆是绝佳搭配。＠感觉自制的黄油土豆不好吃的你，用的不是无盐黄油吗？	official_cn_game_term	official dump authority.json doppelList + skill shortDescription	authority-component-normalization	authority-verified	1.00	official_cn_game_term		这份感情的主人在这个魔女化身显现的过程中将会陷入深度的睡眠，魔女化身的所见并不能传达给主人。＠这个魔女化身在主人沉睡时，会从空虚的眼睛中流出牛奶喷到岩盐上，激烈搅拌。＠为料理补足盐味和浓厚口感的有盐黄油与蒸过的土豆是绝佳搭配。＠感觉自制的黄油土豆不好吃的你，用的不是无盐黄油吗？	direct-current-after-image	stable-key				runtime_pass18_outside_pass15	authority-verified
P18-00121	magica/js/libs/doppelList.json	/57/description	110600	description	这份感情的主人，因为接受了自己曾经虚构的存在相信自己是暴虐的血脉，会给周围的人带来毁灭。因此，Doppel对自己放火，焚烧所触碰之物，使现实接近虚构，以满足主人的需求。但是，只烧掉现实是很难的，火焰燃烧之后，连空想都不会留下。	这份感情的主人，因为接受了自己曾经虚构的存在相信自己是暴虐的血脉，会给周围的人带来毁灭。因此，魔女化身对自己放火，焚烧所触碰之物，使现实接近虚构，以满足主人的需求。但是，只烧掉现实是很难的，火焰燃烧之后，连空想都不会留下。	official_cn_game_term	official dump authority.json doppelList + skill shortDescription	authority-component-normalization	authority-verified	1.00	official_cn_game_term		这份感情的主人，因为接受了自己曾经虚构的存在相信自己是暴虐的血脉，会给周围的人带来毁灭。因此，魔女化身对自己放火，焚烧所触碰之物，使现实接近虚构，以满足主人的需求。但是，只烧掉现实是很难的，火焰燃烧之后，连空想都不会留下。	direct-current-after-image	stable-key				runtime_pass18_outside_pass15	authority-verified
P18-00122	magica/js/libs/doppelList.json	/60/description	110900	description	这份感情的主人不遗余力地将那力量用在了自己身上。＠这个Doppel超越了主人拥有的脚力不知多少倍，能够将主人强行送入敌阵深处，抓准机会变身为胜利者。＠但是，过多使用如此强力的踢法的话，终会失去自己原本的骨骼吧。＠此外，炸弹是主人的个人物品。	这份感情的主人不遗余力地将那力量用在了自己身上。＠这个魔女化身超越了主人拥有的脚力不知多少倍，能够将主人强行送入敌阵深处，抓准机会变身为胜利者。＠但是，过多使用如此强力的踢法的话，终会失去自己原本的骨骼吧。＠此外，炸弹是主人的个人物品。	official_cn_game_term	official dump authority.json doppelList + skill shortDescription	authority-component-normalization	authority-verified	1.00	official_cn_game_term		这份感情的主人不遗余力地将那力量用在了自己身上。＠这个魔女化身超越了主人拥有的脚力不知多少倍，能够将主人强行送入敌阵深处，抓准机会变身为胜利者。＠但是，过多使用如此强力的踢法的话，终会失去自己原本的骨骼吧。＠此外，炸弹是主人的个人物品。	direct-current-after-image	stable-key				runtime_pass18_outside_pass15	authority-verified
P18-00123	magica/js/libs/doppelList.json	/61/description	111000	description	这份感情的主人，认为有必要监视沉迷于万圣节的Doppel，不让它飞往别处。＠这个Doppel想要炫耀变装的主人，但由于被主人看管着，所以告诫自己要自重。＠主人遇到困难的时候，会用自己多彩的指甲将其隐藏在南瓜里，但是因为会被万圣节的喧嚣吸引，所以尝试得并不顺利。	这份感情的主人，认为有必要监视沉迷于万圣节的魔女化身，不让它飞往别处。＠这个魔女化身想要炫耀变装的主人，但由于被主人看管着，所以告诫自己要自重。＠主人遇到困难的时候，会用自己多彩的指甲将其隐藏在南瓜里，但是因为会被万圣节的喧嚣吸引，所以尝试得并不顺利。	official_cn_game_term	official dump authority.json doppelList + skill shortDescription	authority-component-normalization	authority-verified	1.00	official_cn_game_term		这份感情的主人，认为有必要监视沉迷于万圣节的魔女化身，不让它飞往别处。＠这个魔女化身想要炫耀变装的主人，但由于被主人看管着，所以告诫自己要自重。＠主人遇到困难的时候，会用自己多彩的指甲将其隐藏在南瓜里，但是因为会被万圣节的喧嚣吸引，所以尝试得并不顺利。	direct-current-after-image	stable-key				runtime_pass18_outside_pass15	authority-verified
P18-00124	magica/js/libs/doppelList.json	/63/description	111300	description	这份感情的主人虽然对自己的引人注目感到踌躇，但似乎并不介意。Doppel不仅将主人的喜悦转化为光从体内散发出来，还通过攻击之处使小金币之类的金银财宝溢出来表现。被邪恶的光辉蒙蔽双眼，像飞虫一样被吸引过来的人们从新年开始就充满烦恼是迟早的事，如果被Doppel敲了一下头，不仅是烦恼还会丢了性命，所以没有一个人能找到财宝。实际上，散发光芒的主人可能是最烦恼的人，但Doppel却闭上了双眼。	这份感情的主人虽然对自己的引人注目感到踌躇，但似乎并不介意。魔女化身不仅将主人的喜悦转化为光从体内散发出来，还通过攻击之处使小金币之类的金银财宝溢出来表现。被邪恶的光辉蒙蔽双眼，像飞虫一样被吸引过来的人们从新年开始就充满烦恼是迟早的事，如果被魔女化身敲了一下头，不仅是烦恼还会丢了性命，所以没有一个人能找到财宝。实际上，散发光芒的主人可能是最烦恼的人，但魔女化身却闭上了双眼。	official_cn_game_term	official dump authority.json doppelList + skill shortDescription	authority-component-normalization	authority-verified	1.00	official_cn_game_term		这份感情的主人虽然对自己的引人注目感到踌躇，但似乎并不介意。魔女化身不仅将主人的喜悦转化为光从体内散发出来，还通过攻击之处使小金币之类的金银财宝溢出来表现。被邪恶的光辉蒙蔽双眼，像飞虫一样被吸引过来的人们从新年开始就充满烦恼是迟早的事，如果被魔女化身敲了一下头，不仅是烦恼还会丢了性命，所以没有一个人能找到财宝。实际上，散发光芒的主人可能是最烦恼的人，但魔女化身却闭上了双眼。	direct-current-after-image	stable-key				runtime_pass18_outside_pass15	authority-verified
P18-00125	magica/js/libs/doppelList.json	/64/description	111600	description	这份感情的主人为了寻求悼念的答案而一直彷徨着。＠这只Doppel为了帮主人找到答案，而通过万圣节庆典把人们吸引过来，将他们对死亡抱有的想法解体成小块，交给主人。＠但是，那并不是碎成小块就能咽下去的，所以主人会感到消化不良，继续远离答案吧。＠厌倦解体的时候，会在不被主人发现的情况下，偷偷用镰刀尖制作南瓜灯。	这份感情的主人为了寻求悼念的答案而一直彷徨着。＠这只魔女化身为了帮主人找到答案，而通过万圣节庆典把人们吸引过来，将他们对死亡抱有的想法解体成小块，交给主人。＠但是，那并不是碎成小块就能咽下去的，所以主人会感到消化不良，继续远离答案吧。＠厌倦解体的时候，会在不被主人发现的情况下，偷偷用镰刀尖制作南瓜灯。	official_cn_game_term	official dump authority.json doppelList + skill shortDescription	authority-component-normalization	authority-verified	1.00	official_cn_game_term		这份感情的主人为了寻求悼念的答案而一直彷徨着。＠这只魔女化身为了帮主人找到答案，而通过万圣节庆典把人们吸引过来，将他们对死亡抱有的想法解体成小块，交给主人。＠但是，那并不是碎成小块就能咽下去的，所以主人会感到消化不良，继续远离答案吧。＠厌倦解体的时候，会在不被主人发现的情况下，偷偷用镰刀尖制作南瓜灯。	direct-current-after-image	stable-key				runtime_pass18_outside_pass15	authority-verified
P18-00126	magica/js/libs/doppelList.json	/69/description	112500	description	这种感情的主人，打算尽全力享受新年的开始，忘记世间的忧愁。因为Doppel也有同样的想法，所以两者有着很深的联系。从年初开始就能够充分享受假期的Doppel，对主人感兴趣的东西有着敏感的反应，持续致力于让主人开心。为了帮助主人，它会简单地采取不正当手段，不管用多少猜谜方法都要答对答案。不仅是正确的猜谜答案，就连正月特别节目的频道之争也会获得胜利。再加上睡在它的被炉里会给你带来好梦，主人就离不开这只Doppel了。	这种感情的主人，打算尽全力享受新年的开始，忘记世间的忧愁。因为魔女化身也有同样的想法，所以两者有着很深的联系。从年初开始就能够充分享受假期的魔女化身，对主人感兴趣的东西有着敏感的反应，持续致力于让主人开心。为了帮助主人，它会简单地采取不正当手段，不管用多少猜谜方法都要答对答案。不仅是正确的猜谜答案，就连正月特别节目的频道之争也会获得胜利。再加上睡在它的被炉里会给你带来好梦，主人就离不开这只魔女化身了。	official_cn_game_term	official dump authority.json doppelList + skill shortDescription	authority-component-normalization	authority-verified	1.00	official_cn_game_term		这种感情的主人，打算尽全力享受新年的开始，忘记世间的忧愁。因为魔女化身也有同样的想法，所以两者有着很深的联系。从年初开始就能够充分享受假期的魔女化身，对主人感兴趣的东西有着敏感的反应，持续致力于让主人开心。为了帮助主人，它会简单地采取不正当手段，不管用多少猜谜方法都要答对答案。不仅是正确的猜谜答案，就连正月特别节目的频道之争也会获得胜利。再加上睡在它的被炉里会给你带来好梦，主人就离不开这只魔女化身了。	direct-current-after-image	stable-key				runtime_pass18_outside_pass15	authority-verified
P18-00127	magica/js/libs/doppelList.json	/70/description	113300	description	这份感情的主人，失去一线希望而沉沦于谛念。相信消灭才是救赎。对这一想法产生共鸣的Doppel在心爱的同胞们尝到悲伤和绝望之前，想要消除他们。那是一种用安详的睡眠来结束人生的充满慈爱的行动。沐浴着从回中释放出来的仁恕之光的人。不留痕迹地消失。从痛苦中解放出来。但是，把希望藏在最深处的主人和Doppel一起想象着结局，陷入了纠结之中。	这份感情的主人，失去一线希望而沉沦于谛念。相信消灭才是救赎。对这一想法产生共鸣的魔女化身在心爱的同胞们尝到悲伤和绝望之前，想要消除他们。那是一种用安详的睡眠来结束人生的充满慈爱的行动。沐浴着从回中释放出来的仁恕之光的人。不留痕迹地消失。从痛苦中解放出来。但是，把希望藏在最深处的主人和魔女化身一起想象着结局，陷入了纠结之中。	official_cn_game_term	official dump authority.json doppelList + skill shortDescription	authority-component-normalization	authority-verified	1.00	official_cn_game_term		这份感情的主人，失去一线希望而沉沦于谛念。相信消灭才是救赎。对这一想法产生共鸣的魔女化身在心爱的同胞们尝到悲伤和绝望之前，想要消除他们。那是一种用安详的睡眠来结束人生的充满慈爱的行动。沐浴着从回中释放出来的仁恕之光的人。不留痕迹地消失。从痛苦中解放出来。但是，把希望藏在最深处的主人和魔女化身一起想象着结局，陷入了纠结之中。	direct-current-after-image	stable-key				runtime_pass18_outside_pass15	authority-verified
P18-00128	magica/js/libs/doppelList.json	/72/description	113900	description	这份感情的主人很讨厌只靠叫声就能得到他人喜爱的Doppel，因为它似乎象征着自己的天真。＠这个Doppel会遵从自己的本能，只考虑如何让自己感到轻松而采取行动，经常不努力地寻求他人的帮助。对此，寻求报恩是徒劳的，无论怎样帮助和爱，Doppel只会飘飘然。为了连接人与人而努力的主人看到只会打扮自己，发出可爱的叫声就吸引人的Doppel，心情更加复杂。	这份感情的主人很讨厌只靠叫声就能得到他人喜爱的魔女化身，因为它似乎象征着自己的天真。＠这个魔女化身会遵从自己的本能，只考虑如何让自己感到轻松而采取行动，经常不努力地寻求他人的帮助。对此，寻求报恩是徒劳的，无论怎样帮助和爱，魔女化身只会飘飘然。为了连接人与人而努力的主人看到只会打扮自己，发出可爱的叫声就吸引人的魔女化身，心情更加复杂。	official_cn_game_term	official dump authority.json doppelList + skill shortDescription	authority-component-normalization	authority-verified	1.00	official_cn_game_term		这份感情的主人很讨厌只靠叫声就能得到他人喜爱的魔女化身，因为它似乎象征着自己的天真。＠这个魔女化身会遵从自己的本能，只考虑如何让自己感到轻松而采取行动，经常不努力地寻求他人的帮助。对此，寻求报恩是徒劳的，无论怎样帮助和爱，魔女化身只会飘飘然。为了连接人与人而努力的主人看到只会打扮自己，发出可爱的叫声就吸引人的魔女化身，心情更加复杂。	direct-current-after-image	stable-key				runtime_pass18_outside_pass15	authority-verified
P18-00129	magica/js/libs/doppelList.json	/73/description	114300	description	这段感情的主人。一直在寻找适合自己的快乐暑假而左右为难。吸收了清爽的果实的Doppe的身姿。是持续迷惑的心的形状。和无论经历什么样的夏天都无法填补内心缝隙的主人一样。在Doppel中也浮现出无数不熟悉的夏天的残渣。正因为期待，糖度才会胡乱升高。疲惫不堪的Doppel一边流泪一边敦促主人放弃寻找快乐的夏天。但如果主人继续寻找的话，就想让他溺死在大海的翅膀上，让他知道自己的身份后再救他。	这段感情的主人。一直在寻找适合自己的快乐暑假而左右为难。吸收了清爽的果实的Doppe的身姿。是持续迷惑的心的形状。和无论经历什么样的夏天都无法填补内心缝隙的主人一样。在魔女化身中也浮现出无数不熟悉的夏天的残渣。正因为期待，糖度才会胡乱升高。疲惫不堪的魔女化身一边流泪一边敦促主人放弃寻找快乐的夏天。但如果主人继续寻找的话，就想让他溺死在大海的翅膀上，让他知道自己的身份后再救他。	official_cn_game_term	official dump authority.json doppelList + skill shortDescription	authority-component-normalization	authority-verified	1.00	official_cn_game_term		这段感情的主人。一直在寻找适合自己的快乐暑假而左右为难。吸收了清爽的果实的Doppe的身姿。是持续迷惑的心的形状。和无论经历什么样的夏天都无法填补内心缝隙的主人一样。在魔女化身中也浮现出无数不熟悉的夏天的残渣。正因为期待，糖度才会胡乱升高。疲惫不堪的魔女化身一边流泪一边敦促主人放弃寻找快乐的夏天。但如果主人继续寻找的话，就想让他溺死在大海的翅膀上，让他知道自己的身份后再救他。	direct-current-after-image	stable-key				runtime_pass18_outside_pass15	authority-verified
P18-00130	magica/js/libs/doppelList.json	/74/description	114400	description	这份感情的主人，不肯承认自己已失去能传达心意的对象。只允留下美好记忆的这一Doppel，由四面八方散发出光辉的棱镜所构成。那光辉之中应当隐藏着心爱之人的身姿，凭Doppel的视觉却发现不到。反复试错着，将自身也照入镜中欲将其寻找，到最后却只剩下自己单薄的身影。积郁深重的Doppel持有着沉重的污秽，若是目睹其感情外溢暴走时棱镜迸射的光辉，整颗心灵都会瞬间染上阴暗。	这份感情的主人，不肯承认自己已失去能传达心意的对象。只允留下美好记忆的这一魔女化身，由四面八方散发出光辉的棱镜所构成。那光辉之中应当隐藏着心爱之人的身姿，凭魔女化身的视觉却发现不到。反复试错着，将自身也照入镜中欲将其寻找，到最后却只剩下自己单薄的身影。积郁深重的魔女化身持有着沉重的污秽，若是目睹其感情外溢暴走时棱镜迸射的光辉，整颗心灵都会瞬间染上阴暗。	official_cn_game_term	official dump authority.json doppelList + skill shortDescription	authority-component-normalization	authority-verified	1.00	official_cn_game_term		这份感情的主人，不肯承认自己已失去能传达心意的对象。只允留下美好记忆的这一魔女化身，由四面八方散发出光辉的棱镜所构成。那光辉之中应当隐藏着心爱之人的身姿，凭魔女化身的视觉却发现不到。反复试错着，将自身也照入镜中欲将其寻找，到最后却只剩下自己单薄的身影。积郁深重的魔女化身持有着沉重的污秽，若是目睹其感情外溢暴走时棱镜迸射的光辉，整颗心灵都会瞬间染上阴暗。	direct-current-after-image	stable-key				runtime_pass18_outside_pass15	authority-verified
P18-00131	magica/js/libs/doppelList.json	/76/description	120200	description	这份感情的主人看到了曾经目送过的朋友的身影，在生命终结之前无法渡过的天河的另一边。主人认为Doppel被赋予了七夕喜鹊的作用，为了寻找老朋友的身影，她用尾端的灯笼照亮了星河，想把它鲜明地拍摄出来。＠但是，因为这个Doppel没有帮助重逢的力量，所以只能抱着无法实现的愿望在天上飞翔。	这份感情的主人看到了曾经目送过的朋友的身影，在生命终结之前无法渡过的天河的另一边。主人认为魔女化身被赋予了七夕喜鹊的作用，为了寻找老朋友的身影，她用尾端的灯笼照亮了星河，想把它鲜明地拍摄出来。＠但是，因为这个魔女化身没有帮助重逢的力量，所以只能抱着无法实现的愿望在天上飞翔。	official_cn_game_term	official dump authority.json doppelList + skill shortDescription	authority-component-normalization	authority-verified	1.00	official_cn_game_term		这份感情的主人看到了曾经目送过的朋友的身影，在生命终结之前无法渡过的天河的另一边。主人认为魔女化身被赋予了七夕喜鹊的作用，为了寻找老朋友的身影，她用尾端的灯笼照亮了星河，想把它鲜明地拍摄出来。＠但是，因为这个魔女化身没有帮助重逢的力量，所以只能抱着无法实现的愿望在天上飞翔。	direct-current-after-image	stable-key				runtime_pass18_outside_pass15	authority-verified
P18-00132	magica/js/libs/doppelList.json	/80/description	121600	description	这段感情的主人，等待着Doppel给予的毁灭让悲伤消散。Doppel为了建立一个平等的乐园来表达主人的意思，演奏着放声大哭的镇魂歌，想要毁灭一切。但是，这只是一种解体，虽然可以尽到破坏的限度，但剩下的只有空虚的尸体，而且没有注意到这种状况的Doppel，如果不能实现平等，就会尽到破坏的限度，所以一直闹到体力用尽。	这段感情的主人，等待着魔女化身给予的毁灭让悲伤消散。魔女化身为了建立一个平等的乐园来表达主人的意思，演奏着放声大哭的镇魂歌，想要毁灭一切。但是，这只是一种解体，虽然可以尽到破坏的限度，但剩下的只有空虚的尸体，而且没有注意到这种状况的魔女化身，如果不能实现平等，就会尽到破坏的限度，所以一直闹到体力用尽。	official_cn_game_term	official dump authority.json doppelList + skill shortDescription	authority-component-normalization	authority-verified	1.00	official_cn_game_term		这段感情的主人，等待着魔女化身给予的毁灭让悲伤消散。魔女化身为了建立一个平等的乐园来表达主人的意思，演奏着放声大哭的镇魂歌，想要毁灭一切。但是，这只是一种解体，虽然可以尽到破坏的限度，但剩下的只有空虚的尸体，而且没有注意到这种状况的魔女化身，如果不能实现平等，就会尽到破坏的限度，所以一直闹到体力用尽。	direct-current-after-image	stable-key				runtime_pass18_outside_pass15	authority-verified
P18-00133	magica/js/libs/doppelList.json	/81/description	121700	description	这份感情的主人，怨恨自己所处环境，想要接受毁灭。过去没有直接致死的方法的Doppel，随着主人的变化知道了夺取生命的方法。寄宿在镰刃上的火焰，是吸取生命的光辉，吸收被其光辉所吸引者的生命。为了阻止Doppel和主人，即使用尽所有的温柔包容，在花瓣腐朽、褪去优雅的今天，那思念也会被悲伤涂抹，无法传达吧。	这份感情的主人，怨恨自己所处环境，想要接受毁灭。过去没有直接致死的方法的魔女化身，随着主人的变化知道了夺取生命的方法。寄宿在镰刃上的火焰，是吸取生命的光辉，吸收被其光辉所吸引者的生命。为了阻止魔女化身和主人，即使用尽所有的温柔包容，在花瓣腐朽、褪去优雅的今天，那思念也会被悲伤涂抹，无法传达吧。	official_cn_game_term	official dump authority.json doppelList + skill shortDescription	authority-component-normalization	authority-verified	1.00	official_cn_game_term		这份感情的主人，怨恨自己所处环境，想要接受毁灭。过去没有直接致死的方法的魔女化身，随着主人的变化知道了夺取生命的方法。寄宿在镰刃上的火焰，是吸取生命的光辉，吸收被其光辉所吸引者的生命。为了阻止魔女化身和主人，即使用尽所有的温柔包容，在花瓣腐朽、褪去优雅的今天，那思念也会被悲伤涂抹，无法传达吧。	direct-current-after-image	stable-key				runtime_pass18_outside_pass15	authority-verified
P18-00134	magica/js/libs/doppelList.json	/83/description	130200	description	这种感情的主人，一边幻想着不久自己也会去追逐至今为止送别的朋友，一边焦急地等待着去往那条路的票被切断。尾巴尖上的剪刀受伤的人在不远的未来一定会有巨大的灾难降临，主人想把它指向自己，但是没有成功的尝试。长时间作为魔法少女生活的人，年龄大的人的多Doppel由于正负的感情幅度变少了，所以有时会像这个Doppel一样无法与本体分离成一体。	这种感情的主人，一边幻想着不久自己也会去追逐至今为止送别的朋友，一边焦急地等待着去往那条路的票被切断。尾巴尖上的剪刀受伤的人在不远的未来一定会有巨大的灾难降临，主人想把它指向自己，但是没有成功的尝试。长时间作为魔法少女生活的人，年龄大的人的多魔女化身由于正负的感情幅度变少了，所以有时会像这个魔女化身一样无法与本体分离成一体。	official_cn_game_term	official dump authority.json doppelList + skill shortDescription	authority-component-normalization	authority-verified	1.00	official_cn_game_term		这种感情的主人，一边幻想着不久自己也会去追逐至今为止送别的朋友，一边焦急地等待着去往那条路的票被切断。尾巴尖上的剪刀受伤的人在不远的未来一定会有巨大的灾难降临，主人想把它指向自己，但是没有成功的尝试。长时间作为魔法少女生活的人，年龄大的人的多魔女化身由于正负的感情幅度变少了，所以有时会像这个魔女化身一样无法与本体分离成一体。	direct-current-after-image	stable-key				runtime_pass18_outside_pass15	authority-verified
P18-00135	magica/js/libs/doppelList.json	/87/description	140200	description	这份感情的主人，因为接受了自己曾经扮演的虚构的存在，为了始终保持强者的身份而冻结了心中的希望移开了视线。唯一注意到这点的Doppel，试图通过向周围散发冷气勉强让周围的人面对因难，来减轻主人的负担，但无论如何也赶不上冻结心灵的速度。	这份感情的主人，因为接受了自己曾经扮演的虚构的存在，为了始终保持强者的身份而冻结了心中的希望移开了视线。唯一注意到这点的魔女化身，试图通过向周围散发冷气勉强让周围的人面对因难，来减轻主人的负担，但无论如何也赶不上冻结心灵的速度。	official_cn_game_term	official dump authority.json doppelList + skill shortDescription	authority-component-normalization	authority-verified	1.00	official_cn_game_term		这份感情的主人，因为接受了自己曾经扮演的虚构的存在，为了始终保持强者的身份而冻结了心中的希望移开了视线。唯一注意到这点的魔女化身，试图通过向周围散发冷气勉强让周围的人面对因难，来减轻主人的负担，但无论如何也赶不上冻结心灵的速度。	direct-current-after-image	stable-key				runtime_pass18_outside_pass15	authority-verified
P18-00136	magica/js/libs/doppelList.json	/88/description	150100	description	这份感情的主人，察觉到自己的Doppel无法示人，而一直无法直视其姿态。这个Doppel沉默不语、不愿听取，将一切用布块缠紧溃碎，寻求着能填满其胸口空缺之物。明明不得不去呼唤某人、依靠某人，胆怯的这个Doppel却恐惧去直视被布料掩盖的现实，塞紧双耳沉默地存续着。	这份感情的主人，察觉到自己的魔女化身无法示人，而一直无法直视其姿态。这个魔女化身沉默不语、不愿听取，将一切用布块缠紧溃碎，寻求着能填满其胸口空缺之物。明明不得不去呼唤某人、依靠某人，胆怯的这个魔女化身却恐惧去直视被布料掩盖的现实，塞紧双耳沉默地存续着。	official_cn_game_term	official dump authority.json doppelList + skill shortDescription	authority-component-normalization	authority-verified	1.00	official_cn_game_term		这份感情的主人，察觉到自己的魔女化身无法示人，而一直无法直视其姿态。这个魔女化身沉默不语、不愿听取，将一切用布块缠紧溃碎，寻求着能填满其胸口空缺之物。明明不得不去呼唤某人、依靠某人，胆怯的这个魔女化身却恐惧去直视被布料掩盖的现实，塞紧双耳沉默地存续着。	direct-current-after-image	stable-key				runtime_pass18_outside_pass15	authority-verified
P18-00137	magica/js/libs/doppelList.json	/89/description	150200	description	这份感情的主人，继承无数来自过去的微小希望，所拥有的力量宛若神话。Doppel接受了主人所继承的所有希望，呈等比例地增大自身后，如同描绘主人身负的重压般，最终成长为了形似石制建筑的庞然重物。希冀从重压中获得解放的Doppel为将希望实现，觑探着用瞬间最大出力解放其力量的机会。若是令之实现，足可掌握天候的超规格力量将能引起风暴、喷发岩浆，使这颗星球回归至陆地初初诞生时候的模样吧。因而实感着无穷伟力的主人时刻警戒着，不被Doppel夺走主导权。	这份感情的主人，继承无数来自过去的微小希望，所拥有的力量宛若神话。魔女化身接受了主人所继承的所有希望，呈等比例地增大自身后，如同描绘主人身负的重压般，最终成长为了形似石制建筑的庞然重物。希冀从重压中获得解放的魔女化身为将希望实现，觑探着用瞬间最大出力解放其力量的机会。若是令之实现，足可掌握天候的超规格力量将能引起风暴、喷发岩浆，使这颗星球回归至陆地初初诞生时候的模样吧。因而实感着无穷伟力的主人时刻警戒着，不被魔女化身夺走主导权。	official_cn_game_term	official dump authority.json doppelList + skill shortDescription	authority-component-normalization	authority-verified	1.00	official_cn_game_term		这份感情的主人，继承无数来自过去的微小希望，所拥有的力量宛若神话。魔女化身接受了主人所继承的所有希望，呈等比例地增大自身后，如同描绘主人身负的重压般，最终成长为了形似石制建筑的庞然重物。希冀从重压中获得解放的魔女化身为将希望实现，觑探着用瞬间最大出力解放其力量的机会。若是令之实现，足可掌握天候的超规格力量将能引起风暴、喷发岩浆，使这颗星球回归至陆地初初诞生时候的模样吧。因而实感着无穷伟力的主人时刻警戒着，不被魔女化身夺走主导权。	direct-current-after-image	stable-key				runtime_pass18_outside_pass15	authority-verified
P18-00138	magica/js/libs/doppelList.json	/90/description	160100	description	这一切感情的主人，回收着无数漫溢的思念，令其与在与Doppel的间隔中循环。这个Doppel能够唤起一切的感情，然而即使拥有包罗一切感情的力量，也决不会令它们化作混沌的黑暗，而能够将其引向蕴含了光之元素的纯白光芒。在那之中若有存在沐浴了强烈的光芒，尽管将致使其失去对自我感情的掌控力后崩解至粒子程度，化为创造未来的养分，却似乎能藉此抵达极乐。只是，这个Doppel是以奇迹般的情感平衡维持着自身的存在，因此一旦主人的感情过度偏向某个方向，便将空留通往明日的路标消散而去。	这一切感情的主人，回收着无数漫溢的思念，令其与在与魔女化身的间隔中循环。这个魔女化身能够唤起一切的感情，然而即使拥有包罗一切感情的力量，也决不会令它们化作混沌的黑暗，而能够将其引向蕴含了光之元素的纯白光芒。在那之中若有存在沐浴了强烈的光芒，尽管将致使其失去对自我感情的掌控力后崩解至粒子程度，化为创造未来的养分，却似乎能藉此抵达极乐。只是，这个魔女化身是以奇迹般的情感平衡维持着自身的存在，因此一旦主人的感情过度偏向某个方向，便将空留通往明日的路标消散而去。	official_cn_game_term	official dump authority.json doppelList + skill shortDescription	authority-component-normalization	authority-verified	1.00	official_cn_game_term		这一切感情的主人，回收着无数漫溢的思念，令其与在与魔女化身的间隔中循环。这个魔女化身能够唤起一切的感情，然而即使拥有包罗一切感情的力量，也决不会令它们化作混沌的黑暗，而能够将其引向蕴含了光之元素的纯白光芒。在那之中若有存在沐浴了强烈的光芒，尽管将致使其失去对自我感情的掌控力后崩解至粒子程度，化为创造未来的养分，却似乎能藉此抵达极乐。只是，这个魔女化身是以奇迹般的情感平衡维持着自身的存在，因此一旦主人的感情过度偏向某个方向，便将空留通往明日的路标消散而去。	direct-current-after-image	stable-key				runtime_pass18_outside_pass15	authority-verified
P18-00139	magica/js/libs/emotionSkillMap.json	/1006101/shortDescription	1006101	shortDescription	Doppel伤害UP[Ⅰ] & Magia伤害UP[Ⅰ]	魔女化身伤害UP[Ⅰ] & Magia伤害UP[Ⅰ]	official_cn_game_term	official dump authority.json doppelList + skill shortDescription	authority-component-normalization	authority-verified	1.00	official_cn_game_term		魔女化身伤害提升[Ⅰ] & Magia伤害提升[Ⅰ]	visible-term-closure-exact-supersession	stable-key	DICT-00860	root-reviewed-official-cn-terminology	root-reviewed-approved	runtime_pass18_outside_pass15	authority-verified
P18-00140	magica/js/libs/emotionSkillMap.json	/1006104/shortDescription	1006104	shortDescription	Doppel伤害UP[Ⅰ] & Magia伤害UP[Ⅰ]	魔女化身伤害UP[Ⅰ] & Magia伤害UP[Ⅰ]	official_cn_game_term	official dump authority.json doppelList + skill shortDescription	authority-component-normalization	authority-verified	1.00	official_cn_game_term		魔女化身伤害提升[Ⅰ] & Magia伤害提升[Ⅰ]	visible-term-closure-exact-supersession	stable-key	DICT-00862	root-reviewed-official-cn-terminology	root-reviewed-approved	runtime_pass18_outside_pass15	authority-verified
P18-00141	magica/js/libs/emotionSkillMap.json	/1007102/shortDescription	1007102	shortDescription	Doppel伤害UP[Ⅰ] & Magia伤害UP[Ⅰ]	魔女化身伤害UP[Ⅰ] & Magia伤害UP[Ⅰ]	official_cn_game_term	official dump authority.json doppelList + skill shortDescription	authority-component-normalization	authority-verified	1.00	official_cn_game_term		魔女化身伤害提升[Ⅰ] & Magia伤害提升[Ⅰ]	visible-term-closure-exact-supersession	stable-key	DICT-00869	root-reviewed-official-cn-terminology	root-reviewed-approved	runtime_pass18_outside_pass15	authority-verified
P18-00142	magica/js/libs/emotionSkillMap.json	/1007108/shortDescription	1007108	shortDescription	Doppel伤害UP[Ⅰ] & Magia伤害UP[Ⅰ]	魔女化身伤害UP[Ⅰ] & Magia伤害UP[Ⅰ]	official_cn_game_term	official dump authority.json doppelList + skill shortDescription	authority-component-normalization	authority-verified	1.00	official_cn_game_term		魔女化身伤害提升[Ⅰ] & Magia伤害提升[Ⅰ]	visible-term-closure-exact-supersession	stable-key	DICT-00875	root-reviewed-official-cn-terminology	root-reviewed-approved	runtime_pass18_outside_pass15	authority-verified
P18-00143	magica/js/libs/emotionSkillMap.json	/1014101/shortDescription	1014101	shortDescription	Doppel伤害UP[Ⅲ] & Magia伤害UP[Ⅰ]	魔女化身伤害UP[Ⅲ] & Magia伤害UP[Ⅰ]	official_cn_game_term	official dump authority.json doppelList + skill shortDescription	authority-component-normalization	authority-verified	1.00	official_cn_game_term		魔女化身伤害提升[Ⅲ] & Magia伤害提升[Ⅰ]	visible-term-closure-exact-supersession	stable-key	DICT-00879	root-reviewed-official-cn-terminology	root-reviewed-approved	runtime_pass18_outside_pass15	authority-verified
P18-00144	magica/js/libs/emotionSkillMap.json	/1014104/shortDescription	1014104	shortDescription	Doppel伤害UP[Ⅳ] & Magia伤害UP[Ⅱ]	魔女化身伤害UP[Ⅳ] & Magia伤害UP[Ⅱ]	official_cn_game_term	official dump authority.json doppelList + skill shortDescription	authority-component-normalization	authority-verified	1.00	official_cn_game_term		魔女化身伤害提升[Ⅳ] & Magia伤害提升[Ⅱ]	visible-term-closure-exact-supersession	stable-key	DICT-00882	root-reviewed-official-cn-terminology	root-reviewed-approved	runtime_pass18_outside_pass15	authority-verified
P18-00145	magica/js/libs/emotionSkillMap.json	/1015104/shortDescription	1015104	shortDescription	Doppel伤害UP[Ⅰ] & Magia伤害UP[Ⅰ]	魔女化身伤害UP[Ⅰ] & Magia伤害UP[Ⅰ]	official_cn_game_term	official dump authority.json doppelList + skill shortDescription	authority-component-normalization	authority-verified	1.00	official_cn_game_term		魔女化身伤害提升[Ⅰ] & Magia伤害提升[Ⅰ]	visible-term-closure-exact-supersession	stable-key	DICT-00890	root-reviewed-official-cn-terminology	root-reviewed-approved	runtime_pass18_outside_pass15	authority-verified
P18-00146	magica/js/libs/emotionSkillMap.json	/1015106/shortDescription	1015106	shortDescription	Doppel伤害UP[Ⅰ] & Magia伤害UP[Ⅰ]	魔女化身伤害UP[Ⅰ] & Magia伤害UP[Ⅰ]	official_cn_game_term	official dump authority.json doppelList + skill shortDescription	authority-component-normalization	authority-verified	1.00	official_cn_game_term		魔女化身伤害提升[Ⅰ] & Magia伤害提升[Ⅰ]	visible-term-closure-exact-supersession	stable-key	DICT-00892	root-reviewed-official-cn-terminology	root-reviewed-approved	runtime_pass18_outside_pass15	authority-verified
P18-00147	magica/js/libs/emotionSkillMap.json	/1020102/shortDescription	1020102	shortDescription	Doppel伤害UP[Ⅰ] & Magia伤害UP[Ⅰ]	魔女化身伤害UP[Ⅰ] & Magia伤害UP[Ⅰ]	official_cn_game_term	official dump authority.json doppelList + skill shortDescription	authority-component-normalization	authority-verified	1.00	official_cn_game_term		魔女化身伤害提升[Ⅰ] & Magia伤害提升[Ⅰ]	visible-term-closure-exact-supersession	stable-key	DICT-00898	root-reviewed-official-cn-terminology	root-reviewed-approved	runtime_pass18_outside_pass15	authority-verified
P18-00148	magica/js/libs/emotionSkillMap.json	/1020104/shortDescription	1020104	shortDescription	Doppel伤害UP[Ⅰ] & Magia伤害UP[Ⅰ]	魔女化身伤害UP[Ⅰ] & Magia伤害UP[Ⅰ]	official_cn_game_term	official dump authority.json doppelList + skill shortDescription	authority-component-normalization	authority-verified	1.00	official_cn_game_term		魔女化身伤害提升[Ⅰ] & Magia伤害提升[Ⅰ]	visible-term-closure-exact-supersession	stable-key	DICT-00900	root-reviewed-official-cn-terminology	root-reviewed-approved	runtime_pass18_outside_pass15	authority-verified
P18-00149	magica/js/libs/emotionSkillMap.json	/1021102/shortDescription	1021102	shortDescription	Doppel伤害UP[Ⅰ] & Magia伤害UP[Ⅰ]	魔女化身伤害UP[Ⅰ] & Magia伤害UP[Ⅰ]	official_cn_game_term	official dump authority.json doppelList + skill shortDescription	authority-component-normalization	authority-verified	1.00	official_cn_game_term		魔女化身伤害提升[Ⅰ] & Magia伤害提升[Ⅰ]	visible-term-closure-exact-supersession	stable-key	DICT-00904	root-reviewed-official-cn-terminology	root-reviewed-approved	runtime_pass18_outside_pass15	authority-verified
P18-00150	magica/js/libs/emotionSkillMap.json	/1021108/shortDescription	1021108	shortDescription	Doppel伤害UP[Ⅰ] & Magia伤害UP[Ⅰ]	魔女化身伤害UP[Ⅰ] & Magia伤害UP[Ⅰ]	official_cn_game_term	official dump authority.json doppelList + skill shortDescription	authority-component-normalization	authority-verified	1.00	official_cn_game_term		魔女化身伤害提升[Ⅰ] & Magia伤害提升[Ⅰ]	visible-term-closure-exact-supersession	stable-key	DICT-00909	root-reviewed-official-cn-terminology	root-reviewed-approved	runtime_pass18_outside_pass15	authority-verified
P18-00151	magica/js/libs/emotionSkillMap.json	/1022101/shortDescription	1022101	shortDescription	Doppel伤害UP[Ⅰ] & Magia伤害UP[Ⅰ]	魔女化身伤害UP[Ⅰ] & Magia伤害UP[Ⅰ]	official_cn_game_term	official dump authority.json doppelList + skill shortDescription	authority-component-normalization	authority-verified	1.00	official_cn_game_term		魔女化身伤害提升[Ⅰ] & Magia伤害提升[Ⅰ]	visible-term-closure-exact-supersession	stable-key	DICT-00913	root-reviewed-official-cn-terminology	root-reviewed-approved	runtime_pass18_outside_pass15	authority-verified
P18-00152	magica/js/libs/emotionSkillMap.json	/1022103/shortDescription	1022103	shortDescription	Doppel伤害UP[Ⅰ] & Magia伤害UP[Ⅰ]	魔女化身伤害UP[Ⅰ] & Magia伤害UP[Ⅰ]	official_cn_game_term	official dump authority.json doppelList + skill shortDescription	authority-component-normalization	authority-verified	1.00	official_cn_game_term		魔女化身伤害提升[Ⅰ] & Magia伤害提升[Ⅰ]	visible-term-closure-exact-supersession	stable-key	DICT-00915	root-reviewed-official-cn-terminology	root-reviewed-approved	runtime_pass18_outside_pass15	authority-verified
P18-00153	magica/js/libs/emotionSkillMap.json	/1023101/shortDescription	1023101	shortDescription	Doppel伤害UP[Ⅲ] & Magia伤害UP[Ⅰ]	魔女化身伤害UP[Ⅲ] & Magia伤害UP[Ⅰ]	official_cn_game_term	official dump authority.json doppelList + skill shortDescription	authority-component-normalization	authority-verified	1.00	official_cn_game_term		魔女化身伤害提升[Ⅲ] & Magia伤害提升[Ⅰ]	visible-term-closure-exact-supersession	stable-key	DICT-00923	root-reviewed-official-cn-terminology	root-reviewed-approved	runtime_pass18_outside_pass15	authority-verified
P18-00154	magica/js/libs/emotionSkillMap.json	/1023104/shortDescription	1023104	shortDescription	Doppel伤害UP[Ⅲ] & Magia伤害UP[Ⅰ]	魔女化身伤害UP[Ⅲ] & Magia伤害UP[Ⅰ]	official_cn_game_term	official dump authority.json doppelList + skill shortDescription	authority-component-normalization	authority-verified	1.00	official_cn_game_term		魔女化身伤害提升[Ⅲ] & Magia伤害提升[Ⅰ]	visible-term-closure-exact-supersession	stable-key	DICT-00926	root-reviewed-official-cn-terminology	root-reviewed-approved	runtime_pass18_outside_pass15	authority-verified
P18-00155	magica/js/libs/emotionSkillMap.json	/1023107/shortDescription	1023107	shortDescription	Doppel伤害UP[Ⅲ] & Magia伤害UP[Ⅰ]	魔女化身伤害UP[Ⅲ] & Magia伤害UP[Ⅰ]	official_cn_game_term	official dump authority.json doppelList + skill shortDescription	authority-component-normalization	authority-verified	1.00	official_cn_game_term		魔女化身伤害提升[Ⅲ] & Magia伤害提升[Ⅰ]	visible-term-closure-exact-supersession	stable-key	DICT-00928	root-reviewed-official-cn-terminology	root-reviewed-approved	runtime_pass18_outside_pass15	authority-verified
P18-00156	magica/js/libs/emotionSkillMap.json	/1024101/shortDescription	1024101	shortDescription	Doppel伤害UP[Ⅰ] & Magia伤害UP[Ⅰ]	魔女化身伤害UP[Ⅰ] & Magia伤害UP[Ⅰ]	official_cn_game_term	official dump authority.json doppelList + skill shortDescription	authority-component-normalization	authority-verified	1.00	official_cn_game_term		魔女化身伤害提升[Ⅰ] & Magia伤害提升[Ⅰ]	visible-term-closure-exact-supersession	stable-key	DICT-00933	root-reviewed-official-cn-terminology	root-reviewed-approved	runtime_pass18_outside_pass15	authority-verified
P18-00157	magica/js/libs/emotionSkillMap.json	/1024104/shortDescription	1024104	shortDescription	Doppel伤害UP[Ⅰ] & Magia伤害UP[Ⅰ]	魔女化身伤害UP[Ⅰ] & Magia伤害UP[Ⅰ]	official_cn_game_term	official dump authority.json doppelList + skill shortDescription	authority-component-normalization	authority-verified	1.00	official_cn_game_term		魔女化身伤害提升[Ⅰ] & Magia伤害提升[Ⅰ]	visible-term-closure-exact-supersession	stable-key	DICT-00935	root-reviewed-official-cn-terminology	root-reviewed-approved	runtime_pass18_outside_pass15	authority-verified
P18-00158	magica/js/libs/emotionSkillMap.json	/1025104/shortDescription	1025104	shortDescription	Doppel伤害UP[Ⅰ] & Magia伤害UP[Ⅰ]	魔女化身伤害UP[Ⅰ] & Magia伤害UP[Ⅰ]	official_cn_game_term	official dump authority.json doppelList + skill shortDescription	authority-component-normalization	authority-verified	1.00	official_cn_game_term		魔女化身伤害提升[Ⅰ] & Magia伤害提升[Ⅰ]	visible-term-closure-exact-supersession	stable-key	DICT-00944	root-reviewed-official-cn-terminology	root-reviewed-approved	runtime_pass18_outside_pass15	authority-verified
P18-00159	magica/js/libs/emotionSkillMap.json	/1025105/shortDescription	1025105	shortDescription	Doppel伤害UP[Ⅰ] & Magia伤害UP[Ⅰ]	魔女化身伤害UP[Ⅰ] & Magia伤害UP[Ⅰ]	official_cn_game_term	official dump authority.json doppelList + skill shortDescription	authority-component-normalization	authority-verified	1.00	official_cn_game_term		魔女化身伤害提升[Ⅰ] & Magia伤害提升[Ⅰ]	visible-term-closure-exact-supersession	stable-key	DICT-00945	root-reviewed-official-cn-terminology	root-reviewed-approved	runtime_pass18_outside_pass15	authority-verified
P18-00160	magica/js/libs/emotionSkillMap.json	/1027101/shortDescription	1027101	shortDescription	Doppel伤害UP[Ⅰ] & Magia伤害UP[Ⅰ]	魔女化身伤害UP[Ⅰ] & Magia伤害UP[Ⅰ]	official_cn_game_term	official dump authority.json doppelList + skill shortDescription	authority-component-normalization	authority-verified	1.00	official_cn_game_term		魔女化身伤害提升[Ⅰ] & Magia伤害提升[Ⅰ]	visible-term-closure-exact-supersession	stable-key	DICT-00952	root-reviewed-official-cn-terminology	root-reviewed-approved	runtime_pass18_outside_pass15	authority-verified
P18-00161	magica/js/libs/emotionSkillMap.json	/1027102/shortDescription	1027102	shortDescription	Doppel伤害UP[Ⅰ] & Magia伤害UP[Ⅰ]	魔女化身伤害UP[Ⅰ] & Magia伤害UP[Ⅰ]	official_cn_game_term	official dump authority.json doppelList + skill shortDescription	authority-component-normalization	authority-verified	1.00	official_cn_game_term		魔女化身伤害提升[Ⅰ] & Magia伤害提升[Ⅰ]	visible-term-closure-exact-supersession	stable-key	DICT-00953	root-reviewed-official-cn-terminology	root-reviewed-approved	runtime_pass18_outside_pass15	authority-verified
P18-00162	magica/js/libs/emotionSkillMap.json	/1028102/shortDescription	1028102	shortDescription	Doppel伤害UP[Ⅰ] & Magia伤害UP[Ⅰ]	魔女化身伤害UP[Ⅰ] & Magia伤害UP[Ⅰ]	official_cn_game_term	official dump authority.json doppelList + skill shortDescription	authority-component-normalization	authority-verified	1.00	official_cn_game_term		魔女化身伤害提升[Ⅰ] & Magia伤害提升[Ⅰ]	visible-term-closure-exact-supersession	stable-key	DICT-00961	root-reviewed-official-cn-terminology	root-reviewed-approved	runtime_pass18_outside_pass15	authority-verified
P18-00163	magica/js/libs/emotionSkillMap.json	/1028104/shortDescription	1028104	shortDescription	Doppel伤害UP[Ⅰ] & Magia伤害UP[Ⅰ]	魔女化身伤害UP[Ⅰ] & Magia伤害UP[Ⅰ]	official_cn_game_term	official dump authority.json doppelList + skill shortDescription	authority-component-normalization	authority-verified	1.00	official_cn_game_term		魔女化身伤害提升[Ⅰ] & Magia伤害提升[Ⅰ]	visible-term-closure-exact-supersession	stable-key	DICT-00963	root-reviewed-official-cn-terminology	root-reviewed-approved	runtime_pass18_outside_pass15	authority-verified
P18-00164	magica/js/libs/emotionSkillMap.json	/1029103/shortDescription	1029103	shortDescription	Doppel伤害UP[Ⅰ] & Magia伤害UP[Ⅰ]	魔女化身伤害UP[Ⅰ] & Magia伤害UP[Ⅰ]	official_cn_game_term	official dump authority.json doppelList + skill shortDescription	authority-component-normalization	authority-verified	1.00	official_cn_game_term		魔女化身伤害提升[Ⅰ] & Magia伤害提升[Ⅰ]	visible-term-closure-exact-supersession	stable-key	DICT-00970	root-reviewed-official-cn-terminology	root-reviewed-approved	runtime_pass18_outside_pass15	authority-verified
P18-00165	magica/js/libs/emotionSkillMap.json	/1029106/shortDescription	1029106	shortDescription	Doppel伤害UP[Ⅰ] & Magia伤害UP[Ⅰ]	魔女化身伤害UP[Ⅰ] & Magia伤害UP[Ⅰ]	official_cn_game_term	official dump authority.json doppelList + skill shortDescription	authority-component-normalization	authority-verified	1.00	official_cn_game_term		魔女化身伤害提升[Ⅰ] & Magia伤害提升[Ⅰ]	visible-term-closure-exact-supersession	stable-key	DICT-00972	root-reviewed-official-cn-terminology	root-reviewed-approved	runtime_pass18_outside_pass15	authority-verified
P18-00166	magica/js/libs/emotionSkillMap.json	/1030103/shortDescription	1030103	shortDescription	Doppel伤害UP[Ⅰ] & Magia伤害UP[Ⅰ]	魔女化身伤害UP[Ⅰ] & Magia伤害UP[Ⅰ]	official_cn_game_term	official dump authority.json doppelList + skill shortDescription	authority-component-normalization	authority-verified	1.00	official_cn_game_term		魔女化身伤害提升[Ⅰ] & Magia伤害提升[Ⅰ]	visible-term-closure-exact-supersession	stable-key	DICT-00978	root-reviewed-official-cn-terminology	root-reviewed-approved	runtime_pass18_outside_pass15	authority-verified
P18-00167	magica/js/libs/emotionSkillMap.json	/1030105/shortDescription	1030105	shortDescription	Doppel伤害UP[Ⅰ] & Magia伤害UP[Ⅰ]	魔女化身伤害UP[Ⅰ] & Magia伤害UP[Ⅰ]	official_cn_game_term	official dump authority.json doppelList + skill shortDescription	authority-component-normalization	authority-verified	1.00	official_cn_game_term		魔女化身伤害提升[Ⅰ] & Magia伤害提升[Ⅰ]	visible-term-closure-exact-supersession	stable-key	DICT-00979	root-reviewed-official-cn-terminology	root-reviewed-approved	runtime_pass18_outside_pass15	authority-verified
P18-00168	magica/js/libs/emotionSkillMap.json	/1031103/shortDescription	1031103	shortDescription	Doppel伤害UP[Ⅰ] & Magia伤害UP[Ⅰ]	魔女化身伤害UP[Ⅰ] & Magia伤害UP[Ⅰ]	official_cn_game_term	official dump authority.json doppelList + skill shortDescription	authority-component-normalization	authority-verified	1.00	official_cn_game_term		魔女化身伤害提升[Ⅰ] & Magia伤害提升[Ⅰ]	visible-term-closure-exact-supersession	stable-key	DICT-00987	root-reviewed-official-cn-terminology	root-reviewed-approved	runtime_pass18_outside_pass15	authority-verified
P18-00169	magica/js/libs/emotionSkillMap.json	/1031104/shortDescription	1031104	shortDescription	Doppel伤害UP[Ⅰ] & Magia伤害UP[Ⅰ]	魔女化身伤害UP[Ⅰ] & Magia伤害UP[Ⅰ]	official_cn_game_term	official dump authority.json doppelList + skill shortDescription	authority-component-normalization	authority-verified	1.00	official_cn_game_term		魔女化身伤害提升[Ⅰ] & Magia伤害提升[Ⅰ]	visible-term-closure-exact-supersession	stable-key	DICT-00988	root-reviewed-official-cn-terminology	root-reviewed-approved	runtime_pass18_outside_pass15	authority-verified
P18-00170	magica/js/libs/emotionSkillMap.json	/1032103/shortDescription	1032103	shortDescription	Doppel伤害UP[Ⅰ] & Magia伤害UP[Ⅰ]	魔女化身伤害UP[Ⅰ] & Magia伤害UP[Ⅰ]	official_cn_game_term	official dump authority.json doppelList + skill shortDescription	authority-component-normalization	authority-verified	1.00	official_cn_game_term		魔女化身伤害提升[Ⅰ] & Magia伤害提升[Ⅰ]	visible-term-closure-exact-supersession	stable-key	DICT-00995	root-reviewed-official-cn-terminology	root-reviewed-approved	runtime_pass18_outside_pass15	authority-verified
P18-00171	magica/js/libs/emotionSkillMap.json	/1032104/shortDescription	1032104	shortDescription	Doppel伤害UP[Ⅰ] & Magia伤害UP[Ⅰ]	魔女化身伤害UP[Ⅰ] & Magia伤害UP[Ⅰ]	official_cn_game_term	official dump authority.json doppelList + skill shortDescription	authority-component-normalization	authority-verified	1.00	official_cn_game_term		魔女化身伤害提升[Ⅰ] & Magia伤害提升[Ⅰ]	visible-term-closure-exact-supersession	stable-key	DICT-00996	root-reviewed-official-cn-terminology	root-reviewed-approved	runtime_pass18_outside_pass15	authority-verified
P18-00172	magica/js/libs/emotionSkillMap.json	/1033102/shortDescription	1033102	shortDescription	Doppel伤害UP[Ⅰ] & Magia伤害UP[Ⅰ]	魔女化身伤害UP[Ⅰ] & Magia伤害UP[Ⅰ]	official_cn_game_term	official dump authority.json doppelList + skill shortDescription	authority-component-normalization	authority-verified	1.00	official_cn_game_term		魔女化身伤害提升[Ⅰ] & Magia伤害提升[Ⅰ]	visible-term-closure-exact-supersession	stable-key	DICT-01005	root-reviewed-official-cn-terminology	root-reviewed-approved	runtime_pass18_outside_pass15	authority-verified
P18-00173	magica/js/libs/emotionSkillMap.json	/1033104/shortDescription	1033104	shortDescription	Doppel伤害UP[Ⅰ] & Magia伤害UP[Ⅰ]	魔女化身伤害UP[Ⅰ] & Magia伤害UP[Ⅰ]	official_cn_game_term	official dump authority.json doppelList + skill shortDescription	authority-component-normalization	authority-verified	1.00	official_cn_game_term		魔女化身伤害提升[Ⅰ] & Magia伤害提升[Ⅰ]	visible-term-closure-exact-supersession	stable-key	DICT-01007	root-reviewed-official-cn-terminology	root-reviewed-approved	runtime_pass18_outside_pass15	authority-verified
P18-00174	magica/js/libs/emotionSkillMap.json	/1033107/shortDescription	1033107	shortDescription	Doppel伤害UP[Ⅱ]	魔女化身伤害UP[Ⅱ]	official_cn_game_term	official dump authority.json doppelList + skill shortDescription	authority-component-normalization	authority-verified	1.00	official_cn_game_term		魔女化身伤害提升[Ⅱ]	visible-term-closure-exact-supersession	stable-key	DICT-01010	root-reviewed-official-cn-terminology	root-reviewed-approved	runtime_pass18_outside_pass15	authority-verified
P18-00175	magica/js/libs/emotionSkillMap.json	/1033109/shortDescription	1033109	shortDescription	Doppel伤害UP[Ⅱ] & Magia伤害UP[Ⅱ]	魔女化身伤害UP[Ⅱ] & Magia伤害UP[Ⅱ]	official_cn_game_term	official dump authority.json doppelList + skill shortDescription	authority-component-normalization	authority-verified	1.00	official_cn_game_term		魔女化身伤害提升[Ⅱ] & Magia伤害提升[Ⅱ]	visible-term-closure-exact-supersession	stable-key	DICT-01012	root-reviewed-official-cn-terminology	root-reviewed-approved	runtime_pass18_outside_pass15	authority-verified
P18-00176	magica/js/libs/emotionSkillMap.json	/1034102/shortDescription	1034102	shortDescription	Doppel伤害UP[Ⅰ] & Magia伤害UP[Ⅰ]	魔女化身伤害UP[Ⅰ] & Magia伤害UP[Ⅰ]	official_cn_game_term	official dump authority.json doppelList + skill shortDescription	authority-component-normalization	authority-verified	1.00	official_cn_game_term		魔女化身伤害提升[Ⅰ] & Magia伤害提升[Ⅰ]	visible-term-closure-exact-supersession	stable-key	DICT-01015	root-reviewed-official-cn-terminology	root-reviewed-approved	runtime_pass18_outside_pass15	authority-verified
P18-00177	magica/js/libs/emotionSkillMap.json	/1034104/shortDescription	1034104	shortDescription	Doppel伤害UP[Ⅰ] & Magia伤害UP[Ⅰ]	魔女化身伤害UP[Ⅰ] & Magia伤害UP[Ⅰ]	official_cn_game_term	official dump authority.json doppelList + skill shortDescription	authority-component-normalization	authority-verified	1.00	official_cn_game_term		魔女化身伤害提升[Ⅰ] & Magia伤害提升[Ⅰ]	visible-term-closure-exact-supersession	stable-key	DICT-01016	root-reviewed-official-cn-terminology	root-reviewed-approved	runtime_pass18_outside_pass15	authority-verified
P18-00178	magica/js/libs/emotionSkillMap.json	/1035102/shortDescription	1035102	shortDescription	Doppel伤害UP[Ⅰ] & Magia伤害UP[Ⅰ]	魔女化身伤害UP[Ⅰ] & Magia伤害UP[Ⅰ]	official_cn_game_term	official dump authority.json doppelList + skill shortDescription	authority-component-normalization	authority-verified	1.00	official_cn_game_term		魔女化身伤害提升[Ⅰ] & Magia伤害提升[Ⅰ]	visible-term-closure-exact-supersession	stable-key	DICT-01022	root-reviewed-official-cn-terminology	root-reviewed-approved	runtime_pass18_outside_pass15	authority-verified
P18-00179	magica/js/libs/emotionSkillMap.json	/1035104/shortDescription	1035104	shortDescription	Doppel伤害UP[Ⅰ] & Magia伤害UP[Ⅰ]	魔女化身伤害UP[Ⅰ] & Magia伤害UP[Ⅰ]	official_cn_game_term	official dump authority.json doppelList + skill shortDescription	authority-component-normalization	authority-verified	1.00	official_cn_game_term		魔女化身伤害提升[Ⅰ] & Magia伤害提升[Ⅰ]	visible-term-closure-exact-supersession	stable-key	DICT-01024	root-reviewed-official-cn-terminology	root-reviewed-approved	runtime_pass18_outside_pass15	authority-verified
P18-00180	magica/js/libs/emotionSkillMap.json	/1036102/shortDescription	1036102	shortDescription	Doppel伤害UP[Ⅰ] & Magia伤害UP[Ⅰ]	魔女化身伤害UP[Ⅰ] & Magia伤害UP[Ⅰ]	official_cn_game_term	official dump authority.json doppelList + skill shortDescription	authority-component-normalization	authority-verified	1.00	official_cn_game_term		魔女化身伤害提升[Ⅰ] & Magia伤害提升[Ⅰ]	visible-term-closure-exact-supersession	stable-key	DICT-01031	root-reviewed-official-cn-terminology	root-reviewed-approved	runtime_pass18_outside_pass15	authority-verified
P18-00181	magica/js/libs/emotionSkillMap.json	/1036104/shortDescription	1036104	shortDescription	Doppel伤害UP[Ⅰ] & Magia伤害UP[Ⅰ]	魔女化身伤害UP[Ⅰ] & Magia伤害UP[Ⅰ]	official_cn_game_term	official dump authority.json doppelList + skill shortDescription	authority-component-normalization	authority-verified	1.00	official_cn_game_term		魔女化身伤害提升[Ⅰ] & Magia伤害提升[Ⅰ]	visible-term-closure-exact-supersession	stable-key	DICT-01032	root-reviewed-official-cn-terminology	root-reviewed-approved	runtime_pass18_outside_pass15	authority-verified
P18-00182	magica/js/libs/emotionSkillMap.json	/1037103/shortDescription	1037103	shortDescription	Doppel伤害UP[Ⅰ] & Magia伤害UP[Ⅰ]	魔女化身伤害UP[Ⅰ] & Magia伤害UP[Ⅰ]	official_cn_game_term	official dump authority.json doppelList + skill shortDescription	authority-component-normalization	authority-verified	1.00	official_cn_game_term		魔女化身伤害提升[Ⅰ] & Magia伤害提升[Ⅰ]	visible-term-closure-exact-supersession	stable-key	DICT-01040	root-reviewed-official-cn-terminology	root-reviewed-approved	runtime_pass18_outside_pass15	authority-verified
P18-00183	magica/js/libs/emotionSkillMap.json	/1037106/shortDescription	1037106	shortDescription	Doppel伤害UP[Ⅰ] & Magia伤害UP[Ⅰ]	魔女化身伤害UP[Ⅰ] & Magia伤害UP[Ⅰ]	official_cn_game_term	official dump authority.json doppelList + skill shortDescription	authority-component-normalization	authority-verified	1.00	official_cn_game_term		魔女化身伤害提升[Ⅰ] & Magia伤害提升[Ⅰ]	visible-term-closure-exact-supersession	stable-key	DICT-01042	root-reviewed-official-cn-terminology	root-reviewed-approved	runtime_pass18_outside_pass15	authority-verified
P18-00184	magica/js/libs/emotionSkillMap.json	/1038102/shortDescription	1038102	shortDescription	Doppel伤害UP[Ⅲ] & Magia伤害UP[Ⅰ]	魔女化身伤害UP[Ⅲ] & Magia伤害UP[Ⅰ]	official_cn_game_term	official dump authority.json doppelList + skill shortDescription	authority-component-normalization	authority-verified	1.00	official_cn_game_term		魔女化身伤害提升[Ⅲ] & Magia伤害提升[Ⅰ]	visible-term-closure-exact-supersession	stable-key	DICT-01048	root-reviewed-official-cn-terminology	root-reviewed-approved	runtime_pass18_outside_pass15	authority-verified
P18-00185	magica/js/libs/emotionSkillMap.json	/1038104/shortDescription	1038104	shortDescription	Doppel伤害UP[Ⅳ] & Magia伤害UP[Ⅱ]	魔女化身伤害UP[Ⅳ] & Magia伤害UP[Ⅱ]	official_cn_game_term	official dump authority.json doppelList + skill shortDescription	authority-component-normalization	authority-verified	1.00	official_cn_game_term		魔女化身伤害提升[Ⅳ] & Magia伤害提升[Ⅱ]	visible-term-closure-exact-supersession	stable-key	DICT-01050	root-reviewed-official-cn-terminology	root-reviewed-approved	runtime_pass18_outside_pass15	authority-verified
P18-00186	magica/js/libs/emotionSkillMap.json	/1039102/shortDescription	1039102	shortDescription	Doppel伤害UP[Ⅰ] & Magia伤害UP[Ⅰ]	魔女化身伤害UP[Ⅰ] & Magia伤害UP[Ⅰ]	official_cn_game_term	official dump authority.json doppelList + skill shortDescription	authority-component-normalization	authority-verified	1.00	official_cn_game_term		魔女化身伤害提升[Ⅰ] & Magia伤害提升[Ⅰ]	visible-term-closure-exact-supersession	stable-key	DICT-01055	root-reviewed-official-cn-terminology	root-reviewed-approved	runtime_pass18_outside_pass15	authority-verified
P18-00187	magica/js/libs/emotionSkillMap.json	/1039104/shortDescription	1039104	shortDescription	Doppel伤害UP[Ⅰ] & Magia伤害UP[Ⅰ]	魔女化身伤害UP[Ⅰ] & Magia伤害UP[Ⅰ]	official_cn_game_term	official dump authority.json doppelList + skill shortDescription	authority-component-normalization	authority-verified	1.00	official_cn_game_term		魔女化身伤害提升[Ⅰ] & Magia伤害提升[Ⅰ]	visible-term-closure-exact-supersession	stable-key	DICT-01057	root-reviewed-official-cn-terminology	root-reviewed-approved	runtime_pass18_outside_pass15	authority-verified
P18-00188	magica/js/libs/emotionSkillMap.json	/1040101/shortDescription	1040101	shortDescription	Doppel伤害UP[Ⅲ] & Magia伤害UP[Ⅰ]	魔女化身伤害UP[Ⅲ] & Magia伤害UP[Ⅰ]	official_cn_game_term	official dump authority.json doppelList + skill shortDescription	authority-component-normalization	authority-verified	1.00	official_cn_game_term		魔女化身伤害提升[Ⅲ] & Magia伤害提升[Ⅰ]	visible-term-closure-exact-supersession	stable-key	DICT-01065	root-reviewed-official-cn-terminology	root-reviewed-approved	runtime_pass18_outside_pass15	authority-verified
P18-00189	magica/js/libs/emotionSkillMap.json	/1040103/shortDescription	1040103	shortDescription	Doppel伤害UP[Ⅳ] & Magia伤害UP[Ⅱ]	魔女化身伤害UP[Ⅳ] & Magia伤害UP[Ⅱ]	official_cn_game_term	official dump authority.json doppelList + skill shortDescription	authority-component-normalization	authority-verified	1.00	official_cn_game_term		魔女化身伤害提升[Ⅳ] & Magia伤害提升[Ⅱ]	visible-term-closure-exact-supersession	stable-key	DICT-01067	root-reviewed-official-cn-terminology	root-reviewed-approved	runtime_pass18_outside_pass15	authority-verified
P18-00190	magica/js/libs/emotionSkillMap.json	/1041103/shortDescription	1041103	shortDescription	Doppel伤害UP[Ⅰ] & Magia伤害UP[Ⅰ]	魔女化身伤害UP[Ⅰ] & Magia伤害UP[Ⅰ]	official_cn_game_term	official dump authority.json doppelList + skill shortDescription	authority-component-normalization	authority-verified	1.00	official_cn_game_term		魔女化身伤害提升[Ⅰ] & Magia伤害提升[Ⅰ]	visible-term-closure-exact-supersession	stable-key	DICT-01075	root-reviewed-official-cn-terminology	root-reviewed-approved	runtime_pass18_outside_pass15	authority-verified
P18-00191	magica/js/libs/emotionSkillMap.json	/1041104/shortDescription	1041104	shortDescription	Doppel伤害UP[Ⅰ] & Magia伤害UP[Ⅰ]	魔女化身伤害UP[Ⅰ] & Magia伤害UP[Ⅰ]	official_cn_game_term	official dump authority.json doppelList + skill shortDescription	authority-component-normalization	authority-verified	1.00	official_cn_game_term		魔女化身伤害提升[Ⅰ] & Magia伤害提升[Ⅰ]	visible-term-closure-exact-supersession	stable-key	DICT-01076	root-reviewed-official-cn-terminology	root-reviewed-approved	runtime_pass18_outside_pass15	authority-verified
P18-00192	magica/js/libs/emotionSkillMap.json	/1042103/shortDescription	1042103	shortDescription	Doppel伤害UP[Ⅰ] & Magia伤害UP[Ⅰ]	魔女化身伤害UP[Ⅰ] & Magia伤害UP[Ⅰ]	official_cn_game_term	official dump authority.json doppelList + skill shortDescription	authority-component-normalization	authority-verified	1.00	official_cn_game_term		魔女化身伤害提升[Ⅰ] & Magia伤害提升[Ⅰ]	visible-term-closure-exact-supersession	stable-key	DICT-01082	root-reviewed-official-cn-terminology	root-reviewed-approved	runtime_pass18_outside_pass15	authority-verified
P18-00193	magica/js/libs/emotionSkillMap.json	/1042106/shortDescription	1042106	shortDescription	Doppel伤害UP[Ⅰ] & Magia伤害UP[Ⅰ]	魔女化身伤害UP[Ⅰ] & Magia伤害UP[Ⅰ]	official_cn_game_term	official dump authority.json doppelList + skill shortDescription	authority-component-normalization	authority-verified	1.00	official_cn_game_term		魔女化身伤害提升[Ⅰ] & Magia伤害提升[Ⅰ]	visible-term-closure-exact-supersession	stable-key	DICT-01084	root-reviewed-official-cn-terminology	root-reviewed-approved	runtime_pass18_outside_pass15	authority-verified
P18-00194	magica/js/libs/emotionSkillMap.json	/1043102/shortDescription	1043102	shortDescription	Doppel伤害UP[Ⅰ] & Magia伤害UP[Ⅰ]	魔女化身伤害UP[Ⅰ] & Magia伤害UP[Ⅰ]	official_cn_game_term	official dump authority.json doppelList + skill shortDescription	authority-component-normalization	authority-verified	1.00	official_cn_game_term		魔女化身伤害提升[Ⅰ] & Magia伤害提升[Ⅰ]	visible-term-closure-exact-supersession	stable-key	DICT-01089	root-reviewed-official-cn-terminology	root-reviewed-approved	runtime_pass18_outside_pass15	authority-verified
P18-00195	magica/js/libs/emotionSkillMap.json	/1043104/shortDescription	1043104	shortDescription	Doppel伤害UP[Ⅰ] & Magia伤害UP[Ⅰ]	魔女化身伤害UP[Ⅰ] & Magia伤害UP[Ⅰ]	official_cn_game_term	official dump authority.json doppelList + skill shortDescription	authority-component-normalization	authority-verified	1.00	official_cn_game_term		魔女化身伤害提升[Ⅰ] & Magia伤害提升[Ⅰ]	visible-term-closure-exact-supersession	stable-key	DICT-01091	root-reviewed-official-cn-terminology	root-reviewed-approved	runtime_pass18_outside_pass15	authority-verified
P18-00196	magica/js/libs/emotionSkillMap.json	/1044102/shortDescription	1044102	shortDescription	Doppel伤害UP[Ⅰ] & Magia伤害UP[Ⅰ]	魔女化身伤害UP[Ⅰ] & Magia伤害UP[Ⅰ]	official_cn_game_term	official dump authority.json doppelList + skill shortDescription	authority-component-normalization	authority-verified	1.00	official_cn_game_term		魔女化身伤害提升[Ⅰ] & Magia伤害提升[Ⅰ]	visible-term-closure-exact-supersession	stable-key	DICT-01097	root-reviewed-official-cn-terminology	root-reviewed-approved	runtime_pass18_outside_pass15	authority-verified
P18-00197	magica/js/libs/emotionSkillMap.json	/1044104/shortDescription	1044104	shortDescription	Doppel伤害UP[Ⅰ] & Magia伤害UP[Ⅰ]	魔女化身伤害UP[Ⅰ] & Magia伤害UP[Ⅰ]	official_cn_game_term	official dump authority.json doppelList + skill shortDescription	authority-component-normalization	authority-verified	1.00	official_cn_game_term		魔女化身伤害提升[Ⅰ] & Magia伤害提升[Ⅰ]	visible-term-closure-exact-supersession	stable-key	DICT-01098	root-reviewed-official-cn-terminology	root-reviewed-approved	runtime_pass18_outside_pass15	authority-verified
P18-00198	magica/js/libs/emotionSkillMap.json	/1045102/shortDescription	1045102	shortDescription	Doppel伤害UP[Ⅰ] & Magia伤害UP[Ⅰ]	魔女化身伤害UP[Ⅰ] & Magia伤害UP[Ⅰ]	official_cn_game_term	official dump authority.json doppelList + skill shortDescription	authority-component-normalization	authority-verified	1.00	official_cn_game_term		魔女化身伤害提升[Ⅰ] & Magia伤害提升[Ⅰ]	visible-term-closure-exact-supersession	stable-key	DICT-01103	root-reviewed-official-cn-terminology	root-reviewed-approved	runtime_pass18_outside_pass15	authority-verified
P18-00199	magica/js/libs/emotionSkillMap.json	/1045104/shortDescription	1045104	shortDescription	Doppel伤害UP[Ⅰ] & Magia伤害UP[Ⅰ]	魔女化身伤害UP[Ⅰ] & Magia伤害UP[Ⅰ]	official_cn_game_term	official dump authority.json doppelList + skill shortDescription	authority-component-normalization	authority-verified	1.00	official_cn_game_term		魔女化身伤害提升[Ⅰ] & Magia伤害提升[Ⅰ]	visible-term-closure-exact-supersession	stable-key	DICT-01105	root-reviewed-official-cn-terminology	root-reviewed-approved	runtime_pass18_outside_pass15	authority-verified
P18-00200	magica/js/libs/emotionSkillMap.json	/1046102/shortDescription	1046102	shortDescription	Doppel伤害UP[Ⅰ] & Magia伤害UP[Ⅰ]	魔女化身伤害UP[Ⅰ] & Magia伤害UP[Ⅰ]	official_cn_game_term	official dump authority.json doppelList + skill shortDescription	authority-component-normalization	authority-verified	1.00	official_cn_game_term		魔女化身伤害提升[Ⅰ] & Magia伤害提升[Ⅰ]	visible-term-closure-exact-supersession	stable-key	DICT-01114	root-reviewed-official-cn-terminology	root-reviewed-approved	runtime_pass18_outside_pass15	authority-verified
P18-00201	magica/js/libs/emotionSkillMap.json	/1046104/shortDescription	1046104	shortDescription	Doppel伤害UP[Ⅰ] & Magia伤害UP[Ⅰ]	魔女化身伤害UP[Ⅰ] & Magia伤害UP[Ⅰ]	official_cn_game_term	official dump authority.json doppelList + skill shortDescription	authority-component-normalization	authority-verified	1.00	official_cn_game_term		魔女化身伤害提升[Ⅰ] & Magia伤害提升[Ⅰ]	visible-term-closure-exact-supersession	stable-key	DICT-01116	root-reviewed-official-cn-terminology	root-reviewed-approved	runtime_pass18_outside_pass15	authority-verified
P18-00202	magica/js/libs/emotionSkillMap.json	/1047102/shortDescription	1047102	shortDescription	Doppel伤害UP[Ⅰ] & Magia伤害UP[Ⅰ]	魔女化身伤害UP[Ⅰ] & Magia伤害UP[Ⅰ]	official_cn_game_term	official dump authority.json doppelList + skill shortDescription	authority-component-normalization	authority-verified	1.00	official_cn_game_term		魔女化身伤害提升[Ⅰ] & Magia伤害提升[Ⅰ]	visible-term-closure-exact-supersession	stable-key	DICT-01122	root-reviewed-official-cn-terminology	root-reviewed-approved	runtime_pass18_outside_pass15	authority-verified
P18-00203	magica/js/libs/emotionSkillMap.json	/1047104/shortDescription	1047104	shortDescription	Doppel伤害UP[Ⅰ] & Magia伤害UP[Ⅰ]	魔女化身伤害UP[Ⅰ] & Magia伤害UP[Ⅰ]	official_cn_game_term	official dump authority.json doppelList + skill shortDescription	authority-component-normalization	authority-verified	1.00	official_cn_game_term		魔女化身伤害提升[Ⅰ] & Magia伤害提升[Ⅰ]	visible-term-closure-exact-supersession	stable-key	DICT-01124	root-reviewed-official-cn-terminology	root-reviewed-approved	runtime_pass18_outside_pass15	authority-verified
P18-00204	magica/js/libs/emotionSkillMap.json	/1048102/shortDescription	1048102	shortDescription	Doppel伤害UP[Ⅰ] & Magia伤害UP[Ⅰ]	魔女化身伤害UP[Ⅰ] & Magia伤害UP[Ⅰ]	official_cn_game_term	official dump authority.json doppelList + skill shortDescription	authority-component-normalization	authority-verified	1.00	official_cn_game_term		魔女化身伤害提升[Ⅰ] & Magia伤害提升[Ⅰ]	visible-term-closure-exact-supersession	stable-key	DICT-01132	root-reviewed-official-cn-terminology	root-reviewed-approved	runtime_pass18_outside_pass15	authority-verified
P18-00205	magica/js/libs/emotionSkillMap.json	/1048104/shortDescription	1048104	shortDescription	Doppel伤害UP[Ⅰ] & Magia伤害UP[Ⅰ]	魔女化身伤害UP[Ⅰ] & Magia伤害UP[Ⅰ]	official_cn_game_term	official dump authority.json doppelList + skill shortDescription	authority-component-normalization	authority-verified	1.00	official_cn_game_term		魔女化身伤害提升[Ⅰ] & Magia伤害提升[Ⅰ]	visible-term-closure-exact-supersession	stable-key	DICT-01134	root-reviewed-official-cn-terminology	root-reviewed-approved	runtime_pass18_outside_pass15	authority-verified
P18-00206	magica/js/libs/emotionSkillMap.json	/1048107/shortDescription	1048107	shortDescription	Doppel伤害UP[Ⅱ] & Magia伤害UP[Ⅱ]	魔女化身伤害UP[Ⅱ] & Magia伤害UP[Ⅱ]	official_cn_game_term	official dump authority.json doppelList + skill shortDescription	authority-component-normalization	authority-verified	1.00	official_cn_game_term		魔女化身伤害提升[Ⅱ] & Magia伤害提升[Ⅱ]	visible-term-closure-exact-supersession	stable-key	DICT-01136	root-reviewed-official-cn-terminology	root-reviewed-approved	runtime_pass18_outside_pass15	authority-verified
P18-00207	magica/js/libs/emotionSkillMap.json	/1048108/shortDescription	1048108	shortDescription	Doppel伤害UP[Ⅱ] & Magia伤害UP[Ⅱ]	魔女化身伤害UP[Ⅱ] & Magia伤害UP[Ⅱ]	official_cn_game_term	official dump authority.json doppelList + skill shortDescription	authority-component-normalization	authority-verified	1.00	official_cn_game_term		魔女化身伤害提升[Ⅱ] & Magia伤害提升[Ⅱ]	visible-term-closure-exact-supersession	stable-key	DICT-01137	root-reviewed-official-cn-terminology	root-reviewed-approved	runtime_pass18_outside_pass15	authority-verified
P18-00208	magica/js/libs/emotionSkillMap.json	/1049102/shortDescription	1049102	shortDescription	Doppel伤害UP[Ⅰ] & Magia伤害UP[Ⅰ]	魔女化身伤害UP[Ⅰ] & Magia伤害UP[Ⅰ]	official_cn_game_term	official dump authority.json doppelList + skill shortDescription	authority-component-normalization	authority-verified	1.00	official_cn_game_term		魔女化身伤害提升[Ⅰ] & Magia伤害提升[Ⅰ]	visible-term-closure-exact-supersession	stable-key	DICT-01141	root-reviewed-official-cn-terminology	root-reviewed-approved	runtime_pass18_outside_pass15	authority-verified
P18-00209	magica/js/libs/emotionSkillMap.json	/1049104/shortDescription	1049104	shortDescription	Doppel伤害UP[Ⅰ] & Magia伤害UP[Ⅰ]	魔女化身伤害UP[Ⅰ] & Magia伤害UP[Ⅰ]	official_cn_game_term	official dump authority.json doppelList + skill shortDescription	authority-component-normalization	authority-verified	1.00	official_cn_game_term		魔女化身伤害提升[Ⅰ] & Magia伤害提升[Ⅰ]	visible-term-closure-exact-supersession	stable-key	DICT-01142	root-reviewed-official-cn-terminology	root-reviewed-approved	runtime_pass18_outside_pass15	authority-verified
P18-00210	magica/js/libs/emotionSkillMap.json	/1050102/shortDescription	1050102	shortDescription	Doppel伤害UP[Ⅰ] & Magia伤害UP[Ⅰ]	魔女化身伤害UP[Ⅰ] & Magia伤害UP[Ⅰ]	official_cn_game_term	official dump authority.json doppelList + skill shortDescription	authority-component-normalization	authority-verified	1.00	official_cn_game_term		魔女化身伤害提升[Ⅰ] & Magia伤害提升[Ⅰ]	visible-term-closure-exact-supersession	stable-key	DICT-01150	root-reviewed-official-cn-terminology	root-reviewed-approved	runtime_pass18_outside_pass15	authority-verified
P18-00211	magica/js/libs/emotionSkillMap.json	/1050104/shortDescription	1050104	shortDescription	Doppel伤害UP[Ⅰ] & Magia伤害UP[Ⅰ]	魔女化身伤害UP[Ⅰ] & Magia伤害UP[Ⅰ]	official_cn_game_term	official dump authority.json doppelList + skill shortDescription	authority-component-normalization	authority-verified	1.00	official_cn_game_term		魔女化身伤害提升[Ⅰ] & Magia伤害提升[Ⅰ]	visible-term-closure-exact-supersession	stable-key	DICT-01152	root-reviewed-official-cn-terminology	root-reviewed-approved	runtime_pass18_outside_pass15	authority-verified
P18-00212	magica/js/libs/emotionSkillMap.json	/1051102/shortDescription	1051102	shortDescription	Doppel伤害UP[Ⅰ] & Magia伤害UP[Ⅰ]	魔女化身伤害UP[Ⅰ] & Magia伤害UP[Ⅰ]	official_cn_game_term	official dump authority.json doppelList + skill shortDescription	authority-component-normalization	authority-verified	1.00	official_cn_game_term		魔女化身伤害提升[Ⅰ] & Magia伤害提升[Ⅰ]	visible-term-closure-exact-supersession	stable-key	DICT-01161	root-reviewed-official-cn-terminology	root-reviewed-approved	runtime_pass18_outside_pass15	authority-verified
P18-00213	magica/js/libs/emotionSkillMap.json	/1051104/shortDescription	1051104	shortDescription	Doppel伤害UP[Ⅰ] & Magia伤害UP[Ⅰ]	魔女化身伤害UP[Ⅰ] & Magia伤害UP[Ⅰ]	official_cn_game_term	official dump authority.json doppelList + skill shortDescription	authority-component-normalization	authority-verified	1.00	official_cn_game_term		魔女化身伤害提升[Ⅰ] & Magia伤害提升[Ⅰ]	visible-term-closure-exact-supersession	stable-key	DICT-01162	root-reviewed-official-cn-terminology	root-reviewed-approved	runtime_pass18_outside_pass15	authority-verified
P18-00214	magica/js/libs/emotionSkillMap.json	/1052102/shortDescription	1052102	shortDescription	Doppel伤害UP[Ⅰ] & Magia伤害UP[Ⅰ]	魔女化身伤害UP[Ⅰ] & Magia伤害UP[Ⅰ]	official_cn_game_term	official dump authority.json doppelList + skill shortDescription	authority-component-normalization	authority-verified	1.00	official_cn_game_term		魔女化身伤害提升[Ⅰ] & Magia伤害提升[Ⅰ]	visible-term-closure-exact-supersession	stable-key	DICT-01169	root-reviewed-official-cn-terminology	root-reviewed-approved	runtime_pass18_outside_pass15	authority-verified
P18-00215	magica/js/libs/emotionSkillMap.json	/1052104/shortDescription	1052104	shortDescription	Doppel伤害UP[Ⅰ] & Magia伤害UP[Ⅰ]	魔女化身伤害UP[Ⅰ] & Magia伤害UP[Ⅰ]	official_cn_game_term	official dump authority.json doppelList + skill shortDescription	authority-component-normalization	authority-verified	1.00	official_cn_game_term		魔女化身伤害提升[Ⅰ] & Magia伤害提升[Ⅰ]	visible-term-closure-exact-supersession	stable-key	DICT-01170	root-reviewed-official-cn-terminology	root-reviewed-approved	runtime_pass18_outside_pass15	authority-verified
P18-00216	magica/js/libs/emotionSkillMap.json	/1052108/shortDescription	1052108	shortDescription	Doppel伤害UP[Ⅱ] & Magia伤害UP[Ⅱ]	魔女化身伤害UP[Ⅱ] & Magia伤害UP[Ⅱ]	official_cn_game_term	official dump authority.json doppelList + skill shortDescription	authority-component-normalization	authority-verified	1.00	official_cn_game_term		魔女化身伤害提升[Ⅱ] & Magia伤害提升[Ⅱ]	visible-term-closure-exact-supersession	stable-key	DICT-01173	root-reviewed-official-cn-terminology	root-reviewed-approved	runtime_pass18_outside_pass15	authority-verified
P18-00217	magica/js/libs/emotionSkillMap.json	/1052109/shortDescription	1052109	shortDescription	战斗开始时获得Doppel伤害UP[Ⅵ] & Magia伤害UP[Ⅴ](自/5T)的状态	战斗开始时获得魔女化身伤害UP[Ⅵ] & Magia伤害UP[Ⅴ](自/5T)的状态	official_cn_game_term	official dump authority.json doppelList + skill shortDescription	authority-component-normalization	authority-verified	1.00	official_cn_game_term		战斗开始时获得魔女化身伤害提升[Ⅵ] & Magia伤害提升[Ⅴ](自/5T)的状态	visible-term-closure-exact-supersession	stable-key	DICT-01174	root-reviewed-official-cn-terminology	root-reviewed-approved	runtime_pass18_outside_pass15	authority-verified
P18-00218	magica/js/libs/emotionSkillMap.json	/1053102/shortDescription	1053102	shortDescription	Doppel伤害UP[Ⅰ] & Magia伤害UP[Ⅰ]	魔女化身伤害UP[Ⅰ] & Magia伤害UP[Ⅰ]	official_cn_game_term	official dump authority.json doppelList + skill shortDescription	authority-component-normalization	authority-verified	1.00	official_cn_game_term		魔女化身伤害提升[Ⅰ] & Magia伤害提升[Ⅰ]	visible-term-closure-exact-supersession	stable-key	DICT-01179	root-reviewed-official-cn-terminology	root-reviewed-approved	runtime_pass18_outside_pass15	authority-verified
P18-00219	magica/js/libs/emotionSkillMap.json	/1053104/shortDescription	1053104	shortDescription	Doppel伤害UP[Ⅰ] & Magia伤害UP[Ⅰ]	魔女化身伤害UP[Ⅰ] & Magia伤害UP[Ⅰ]	official_cn_game_term	official dump authority.json doppelList + skill shortDescription	authority-component-normalization	authority-verified	1.00	official_cn_game_term		魔女化身伤害提升[Ⅰ] & Magia伤害提升[Ⅰ]	visible-term-closure-exact-supersession	stable-key	DICT-01180	root-reviewed-official-cn-terminology	root-reviewed-approved	runtime_pass18_outside_pass15	authority-verified
P18-00220	magica/js/libs/emotionSkillMap.json	/1102103/shortDescription	1102103	shortDescription	Doppel伤害UP[Ⅰ] & Magia伤害UP[Ⅰ]	魔女化身伤害UP[Ⅰ] & Magia伤害UP[Ⅰ]	official_cn_game_term	official dump authority.json doppelList + skill shortDescription	authority-component-normalization	authority-verified	1.00	official_cn_game_term		魔女化身伤害提升[Ⅰ] & Magia伤害提升[Ⅰ]	visible-term-closure-exact-supersession	stable-key	DICT-01188	root-reviewed-official-cn-terminology	root-reviewed-approved	runtime_pass18_outside_pass15	authority-verified
P18-00221	magica/js/libs/emotionSkillMap.json	/1102104/shortDescription	1102104	shortDescription	Doppel伤害UP[Ⅰ] & Magia伤害UP[Ⅰ]	魔女化身伤害UP[Ⅰ] & Magia伤害UP[Ⅰ]	official_cn_game_term	official dump authority.json doppelList + skill shortDescription	authority-component-normalization	authority-verified	1.00	official_cn_game_term		魔女化身伤害提升[Ⅰ] & Magia伤害提升[Ⅰ]	visible-term-closure-exact-supersession	stable-key	DICT-01189	root-reviewed-official-cn-terminology	root-reviewed-approved	runtime_pass18_outside_pass15	authority-verified
P18-00222	magica/js/libs/emotionSkillMap.json	/1103101/shortDescription	1103101	shortDescription	Doppel伤害UP[Ⅰ] & Magia伤害UP[Ⅰ]	魔女化身伤害UP[Ⅰ] & Magia伤害UP[Ⅰ]	official_cn_game_term	official dump authority.json doppelList + skill shortDescription	authority-component-normalization	authority-verified	1.00	official_cn_game_term		魔女化身伤害提升[Ⅰ] & Magia伤害提升[Ⅰ]	visible-term-closure-exact-supersession	stable-key	DICT-01193	root-reviewed-official-cn-terminology	root-reviewed-approved	runtime_pass18_outside_pass15	authority-verified
P18-00223	magica/js/libs/emotionSkillMap.json	/1103103/shortDescription	1103103	shortDescription	Doppel伤害UP[Ⅰ] & Magia伤害UP[Ⅰ]	魔女化身伤害UP[Ⅰ] & Magia伤害UP[Ⅰ]	official_cn_game_term	official dump authority.json doppelList + skill shortDescription	authority-component-normalization	authority-verified	1.00	official_cn_game_term		魔女化身伤害提升[Ⅰ] & Magia伤害提升[Ⅰ]	visible-term-closure-exact-supersession	stable-key	DICT-01195	root-reviewed-official-cn-terminology	root-reviewed-approved	runtime_pass18_outside_pass15	authority-verified
P18-00224	magica/js/libs/emotionSkillMap.json	/1104104/shortDescription	1104104	shortDescription	Doppel伤害UP[Ⅰ] & Magia伤害UP[Ⅰ]	魔女化身伤害UP[Ⅰ] & Magia伤害UP[Ⅰ]	official_cn_game_term	official dump authority.json doppelList + skill shortDescription	authority-component-normalization	authority-verified	1.00	official_cn_game_term		魔女化身伤害提升[Ⅰ] & Magia伤害提升[Ⅰ]	visible-term-closure-exact-supersession	stable-key	DICT-01204	root-reviewed-official-cn-terminology	root-reviewed-approved	runtime_pass18_outside_pass15	authority-verified
P18-00225	magica/js/libs/emotionSkillMap.json	/1104105/shortDescription	1104105	shortDescription	Doppel伤害UP[Ⅰ] & Magia伤害UP[Ⅰ]	魔女化身伤害UP[Ⅰ] & Magia伤害UP[Ⅰ]	official_cn_game_term	official dump authority.json doppelList + skill shortDescription	authority-component-normalization	authority-verified	1.00	official_cn_game_term		魔女化身伤害提升[Ⅰ] & Magia伤害提升[Ⅰ]	visible-term-closure-exact-supersession	stable-key	DICT-01205	root-reviewed-official-cn-terminology	root-reviewed-approved	runtime_pass18_outside_pass15	authority-verified
P18-00226	magica/js/libs/emotionSkillMap.json	/1106102/shortDescription	1106102	shortDescription	Doppel伤害UP[Ⅰ] & Magia伤害UP[Ⅰ]	魔女化身伤害UP[Ⅰ] & Magia伤害UP[Ⅰ]	official_cn_game_term	official dump authority.json doppelList + skill shortDescription	authority-component-normalization	authority-verified	1.00	official_cn_game_term		魔女化身伤害提升[Ⅰ] & Magia伤害提升[Ⅰ]	visible-term-closure-exact-supersession	stable-key	DICT-01211	root-reviewed-official-cn-terminology	root-reviewed-approved	runtime_pass18_outside_pass15	authority-verified
P18-00227	magica/js/libs/emotionSkillMap.json	/1106104/shortDescription	1106104	shortDescription	Doppel伤害UP[Ⅰ] & Magia伤害UP[Ⅰ]	魔女化身伤害UP[Ⅰ] & Magia伤害UP[Ⅰ]	official_cn_game_term	official dump authority.json doppelList + skill shortDescription	authority-component-normalization	authority-verified	1.00	official_cn_game_term		魔女化身伤害提升[Ⅰ] & Magia伤害提升[Ⅰ]	visible-term-closure-exact-supersession	stable-key	DICT-01213	root-reviewed-official-cn-terminology	root-reviewed-approved	runtime_pass18_outside_pass15	authority-verified
P18-00228	magica/js/libs/emotionSkillMap.json	/1107104/shortDescription	1107104	shortDescription	Doppel伤害UP[Ⅰ] & Magia伤害UP[Ⅰ]	魔女化身伤害UP[Ⅰ] & Magia伤害UP[Ⅰ]	official_cn_game_term	official dump authority.json doppelList + skill shortDescription	authority-component-normalization	authority-verified	1.00	official_cn_game_term		魔女化身伤害提升[Ⅰ] & Magia伤害提升[Ⅰ]	visible-term-closure-exact-supersession	stable-key	DICT-01221	root-reviewed-official-cn-terminology	root-reviewed-approved	runtime_pass18_outside_pass15	authority-verified
P18-00229	magica/js/libs/emotionSkillMap.json	/1107106/shortDescription	1107106	shortDescription	Doppel伤害UP[Ⅰ] & Magia伤害UP[Ⅰ]	魔女化身伤害UP[Ⅰ] & Magia伤害UP[Ⅰ]	official_cn_game_term	official dump authority.json doppelList + skill shortDescription	authority-component-normalization	authority-verified	1.00	official_cn_game_term		魔女化身伤害提升[Ⅰ] & Magia伤害提升[Ⅰ]	visible-term-closure-exact-supersession	stable-key	DICT-01223	root-reviewed-official-cn-terminology	root-reviewed-approved	runtime_pass18_outside_pass15	authority-verified
P18-00230	magica/js/libs/emotionSkillMap.json	/1109102/shortDescription	1109102	shortDescription	Doppel伤害UP[Ⅰ] & Magia伤害UP[Ⅰ]	魔女化身伤害UP[Ⅰ] & Magia伤害UP[Ⅰ]	official_cn_game_term	official dump authority.json doppelList + skill shortDescription	authority-component-normalization	authority-verified	1.00	official_cn_game_term		魔女化身伤害提升[Ⅰ] & Magia伤害提升[Ⅰ]	visible-term-closure-exact-supersession	stable-key	DICT-01228	root-reviewed-official-cn-terminology	root-reviewed-approved	runtime_pass18_outside_pass15	authority-verified
P18-00231	magica/js/libs/emotionSkillMap.json	/1109103/shortDescription	1109103	shortDescription	Doppel伤害UP[Ⅰ] & Magia伤害UP[Ⅰ]	魔女化身伤害UP[Ⅰ] & Magia伤害UP[Ⅰ]	official_cn_game_term	official dump authority.json doppelList + skill shortDescription	authority-component-normalization	authority-verified	1.00	official_cn_game_term		魔女化身伤害提升[Ⅰ] & Magia伤害提升[Ⅰ]	visible-term-closure-exact-supersession	stable-key	DICT-01229	root-reviewed-official-cn-terminology	root-reviewed-approved	runtime_pass18_outside_pass15	authority-verified
P18-00232	magica/js/libs/emotionSkillMap.json	/1110101/shortDescription	1110101	shortDescription	Doppel伤害UP[Ⅰ] & Magia伤害UP[Ⅰ]	魔女化身伤害UP[Ⅰ] & Magia伤害UP[Ⅰ]	official_cn_game_term	official dump authority.json doppelList + skill shortDescription	authority-component-normalization	authority-verified	1.00	official_cn_game_term		魔女化身伤害提升[Ⅰ] & Magia伤害提升[Ⅰ]	visible-term-closure-exact-supersession	stable-key	DICT-01238	root-reviewed-official-cn-terminology	root-reviewed-approved	runtime_pass18_outside_pass15	authority-verified
P18-00233	magica/js/libs/emotionSkillMap.json	/1110102/shortDescription	1110102	shortDescription	Doppel伤害UP[Ⅰ] & Magia伤害UP[Ⅰ]	魔女化身伤害UP[Ⅰ] & Magia伤害UP[Ⅰ]	official_cn_game_term	official dump authority.json doppelList + skill shortDescription	authority-component-normalization	authority-verified	1.00	official_cn_game_term		魔女化身伤害提升[Ⅰ] & Magia伤害提升[Ⅰ]	visible-term-closure-exact-supersession	stable-key	DICT-01239	root-reviewed-official-cn-terminology	root-reviewed-approved	runtime_pass18_outside_pass15	authority-verified
P18-00234	magica/js/libs/emotionSkillMap.json	/1112103/shortDescription	1112103	shortDescription	Doppel伤害UP[Ⅰ] & Magia伤害UP[Ⅰ]	魔女化身伤害UP[Ⅰ] & Magia伤害UP[Ⅰ]	official_cn_game_term	official dump authority.json doppelList + skill shortDescription	authority-component-normalization	authority-verified	1.00	official_cn_game_term		魔女化身伤害提升[Ⅰ] & Magia伤害提升[Ⅰ]	visible-term-closure-exact-supersession	stable-key	DICT-01249	root-reviewed-official-cn-terminology	root-reviewed-approved	runtime_pass18_outside_pass15	authority-verified
P18-00235	magica/js/libs/emotionSkillMap.json	/1112104/shortDescription	1112104	shortDescription	Doppel伤害UP[Ⅰ] & Magia伤害UP[Ⅰ]	魔女化身伤害UP[Ⅰ] & Magia伤害UP[Ⅰ]	official_cn_game_term	official dump authority.json doppelList + skill shortDescription	authority-component-normalization	authority-verified	1.00	official_cn_game_term		魔女化身伤害提升[Ⅰ] & Magia伤害提升[Ⅰ]	visible-term-closure-exact-supersession	stable-key	DICT-01250	root-reviewed-official-cn-terminology	root-reviewed-approved	runtime_pass18_outside_pass15	authority-verified
P18-00236	magica/js/libs/emotionSkillMap.json	/1112108/shortDescription	1112108	shortDescription	Doppel伤害UP[Ⅳ] & Magia伤害UP[Ⅱ]	魔女化身伤害UP[Ⅳ] & Magia伤害UP[Ⅱ]	official_cn_game_term	official dump authority.json doppelList + skill shortDescription	authority-component-normalization	authority-verified	1.00	official_cn_game_term		魔女化身伤害提升[Ⅳ] & Magia伤害提升[Ⅱ]	visible-term-closure-exact-supersession	stable-key	DICT-01252	root-reviewed-official-cn-terminology	root-reviewed-approved	runtime_pass18_outside_pass15	authority-verified
P18-00237	magica/js/libs/emotionSkillMap.json	/1113102/shortDescription	1113102	shortDescription	Doppel伤害UP[Ⅰ] & Magia伤害UP[Ⅰ]	魔女化身伤害UP[Ⅰ] & Magia伤害UP[Ⅰ]	official_cn_game_term	official dump authority.json doppelList + skill shortDescription	authority-component-normalization	authority-verified	1.00	official_cn_game_term		魔女化身伤害提升[Ⅰ] & Magia伤害提升[Ⅰ]	visible-term-closure-exact-supersession	stable-key	DICT-01256	root-reviewed-official-cn-terminology	root-reviewed-approved	runtime_pass18_outside_pass15	authority-verified
P18-00238	magica/js/libs/emotionSkillMap.json	/1113104/shortDescription	1113104	shortDescription	Doppel伤害UP[Ⅰ] & Magia伤害UP[Ⅰ]	魔女化身伤害UP[Ⅰ] & Magia伤害UP[Ⅰ]	official_cn_game_term	official dump authority.json doppelList + skill shortDescription	authority-component-normalization	authority-verified	1.00	official_cn_game_term		魔女化身伤害提升[Ⅰ] & Magia伤害提升[Ⅰ]	visible-term-closure-exact-supersession	stable-key	DICT-01258	root-reviewed-official-cn-terminology	root-reviewed-approved	runtime_pass18_outside_pass15	authority-verified
P18-00239	magica/js/libs/emotionSkillMap.json	/1116101/shortDescription	1116101	shortDescription	Doppel伤害UP[Ⅰ] & Magia伤害UP[Ⅲ]	魔女化身伤害UP[Ⅰ] & Magia伤害UP[Ⅲ]	official_cn_game_term	official dump authority.json doppelList + skill shortDescription	authority-component-normalization	authority-verified	1.00	official_cn_game_term		魔女化身伤害提升[Ⅰ] & Magia伤害提升[Ⅲ]	visible-term-closure-exact-supersession	stable-key	DICT-01266	root-reviewed-official-cn-terminology	root-reviewed-approved	runtime_pass18_outside_pass15	authority-verified
P18-00240	magica/js/libs/emotionSkillMap.json	/1116103/shortDescription	1116103	shortDescription	Doppel伤害UP[Ⅰ] & Magia伤害UP[Ⅲ]	魔女化身伤害UP[Ⅰ] & Magia伤害UP[Ⅲ]	official_cn_game_term	official dump authority.json doppelList + skill shortDescription	authority-component-normalization	authority-verified	1.00	official_cn_game_term		魔女化身伤害提升[Ⅰ] & Magia伤害提升[Ⅲ]	visible-term-closure-exact-supersession	stable-key	DICT-01268	root-reviewed-official-cn-terminology	root-reviewed-approved	runtime_pass18_outside_pass15	authority-verified
P18-00241	magica/js/libs/emotionSkillMap.json	/1120102/shortDescription	1120102	shortDescription	Doppel伤害UP[Ⅰ] & Magia伤害UP[Ⅰ]	魔女化身伤害UP[Ⅰ] & Magia伤害UP[Ⅰ]	official_cn_game_term	official dump authority.json doppelList + skill shortDescription	authority-component-normalization	authority-verified	1.00	official_cn_game_term		魔女化身伤害提升[Ⅰ] & Magia伤害提升[Ⅰ]	visible-term-closure-exact-supersession	stable-key	DICT-01273	root-reviewed-official-cn-terminology	root-reviewed-approved	runtime_pass18_outside_pass15	authority-verified
P18-00242	magica/js/libs/emotionSkillMap.json	/1120103/shortDescription	1120103	shortDescription	Doppel伤害UP[Ⅲ]	魔女化身伤害UP[Ⅲ]	official_cn_game_term	official dump authority.json doppelList + skill shortDescription	authority-component-normalization	authority-verified	1.00	official_cn_game_term		魔女化身伤害提升[Ⅲ]	visible-term-closure-exact-supersession	stable-key	DICT-01274	root-reviewed-official-cn-terminology	root-reviewed-approved	runtime_pass18_outside_pass15	authority-verified
P18-00243	magica/js/libs/emotionSkillMap.json	/1120104/shortDescription	1120104	shortDescription	Doppel伤害UP[Ⅰ] & Magia伤害UP[Ⅰ]	魔女化身伤害UP[Ⅰ] & Magia伤害UP[Ⅰ]	official_cn_game_term	official dump authority.json doppelList + skill shortDescription	authority-component-normalization	authority-verified	1.00	official_cn_game_term		魔女化身伤害提升[Ⅰ] & Magia伤害提升[Ⅰ]	visible-term-closure-exact-supersession	stable-key	DICT-01275	root-reviewed-official-cn-terminology	root-reviewed-approved	runtime_pass18_outside_pass15	authority-verified
P18-00244	magica/js/libs/emotionSkillMap.json	/1120110/shortDescription	1120110	shortDescription	Doppel伤害UP[Ⅵ] & Magia伤害UP[Ⅱ]	魔女化身伤害UP[Ⅵ] & Magia伤害UP[Ⅱ]	official_cn_game_term	official dump authority.json doppelList + skill shortDescription	authority-component-normalization	authority-verified	1.00	official_cn_game_term		魔女化身伤害提升[Ⅵ] & Magia伤害提升[Ⅱ]	visible-term-closure-exact-supersession	stable-key	DICT-01278	root-reviewed-official-cn-terminology	root-reviewed-approved	runtime_pass18_outside_pass15	authority-verified
P18-00245	magica/js/libs/emotionSkillMap.json	/1121102/shortDescription	1121102	shortDescription	Doppel伤害UP[Ⅰ] & Magia伤害UP[Ⅰ]	魔女化身伤害UP[Ⅰ] & Magia伤害UP[Ⅰ]	official_cn_game_term	official dump authority.json doppelList + skill shortDescription	authority-component-normalization	authority-verified	1.00	official_cn_game_term		魔女化身伤害提升[Ⅰ] & Magia伤害提升[Ⅰ]	visible-term-closure-exact-supersession	stable-key	DICT-01282	root-reviewed-official-cn-terminology	root-reviewed-approved	runtime_pass18_outside_pass15	authority-verified
P18-00246	magica/js/libs/emotionSkillMap.json	/1121104/shortDescription	1121104	shortDescription	Doppel伤害UP[Ⅰ] & Magia伤害UP[Ⅰ]	魔女化身伤害UP[Ⅰ] & Magia伤害UP[Ⅰ]	official_cn_game_term	official dump authority.json doppelList + skill shortDescription	authority-component-normalization	authority-verified	1.00	official_cn_game_term		魔女化身伤害提升[Ⅰ] & Magia伤害提升[Ⅰ]	visible-term-closure-exact-supersession	stable-key	DICT-01284	root-reviewed-official-cn-terminology	root-reviewed-approved	runtime_pass18_outside_pass15	authority-verified
P18-00247	magica/js/libs/emotionSkillMap.json	/1121107/shortDescription	1121107	shortDescription	Doppel伤害UP[Ⅱ] & Magia伤害UP[Ⅰ]	魔女化身伤害UP[Ⅱ] & Magia伤害UP[Ⅰ]	official_cn_game_term	official dump authority.json doppelList + skill shortDescription	authority-component-normalization	authority-verified	1.00	official_cn_game_term		魔女化身伤害提升[Ⅱ] & Magia伤害提升[Ⅰ]	visible-term-closure-exact-supersession	stable-key	DICT-01287	root-reviewed-official-cn-terminology	root-reviewed-approved	runtime_pass18_outside_pass15	authority-verified
P18-00248	magica/js/libs/emotionSkillMap.json	/1125102/shortDescription	1125102	shortDescription	Doppel伤害UP[Ⅰ] & Magia伤害UP[Ⅰ]	魔女化身伤害UP[Ⅰ] & Magia伤害UP[Ⅰ]	official_cn_game_term	official dump authority.json doppelList + skill shortDescription	authority-component-normalization	authority-verified	1.00	official_cn_game_term		魔女化身伤害提升[Ⅰ] & Magia伤害提升[Ⅰ]	visible-term-closure-exact-supersession	stable-key	DICT-01293	root-reviewed-official-cn-terminology	root-reviewed-approved	runtime_pass18_outside_pass15	authority-verified
P18-00249	magica/js/libs/emotionSkillMap.json	/1125104/shortDescription	1125104	shortDescription	Doppel伤害UP[Ⅰ] & Magia伤害UP[Ⅰ]	魔女化身伤害UP[Ⅰ] & Magia伤害UP[Ⅰ]	official_cn_game_term	official dump authority.json doppelList + skill shortDescription	authority-component-normalization	authority-verified	1.00	official_cn_game_term		魔女化身伤害提升[Ⅰ] & Magia伤害提升[Ⅰ]	visible-term-closure-exact-supersession	stable-key	DICT-01295	root-reviewed-official-cn-terminology	root-reviewed-approved	runtime_pass18_outside_pass15	authority-verified
P18-00250	magica/js/libs/emotionSkillMap.json	/1133102/shortDescription	1133102	shortDescription	Doppel伤害UP[Ⅰ] & Magia伤害UP[Ⅰ]	魔女化身伤害UP[Ⅰ] & Magia伤害UP[Ⅰ]	official_cn_game_term	official dump authority.json doppelList + skill shortDescription	authority-component-normalization	authority-verified	1.00	official_cn_game_term		魔女化身伤害提升[Ⅰ] & Magia伤害提升[Ⅰ]	visible-term-closure-exact-supersession	stable-key	DICT-01303	root-reviewed-official-cn-terminology	root-reviewed-approved	runtime_pass18_outside_pass15	authority-verified
P18-00251	magica/js/libs/emotionSkillMap.json	/1133104/shortDescription	1133104	shortDescription	Doppel伤害UP[Ⅰ] & Magia伤害UP[Ⅰ]	魔女化身伤害UP[Ⅰ] & Magia伤害UP[Ⅰ]	official_cn_game_term	official dump authority.json doppelList + skill shortDescription	authority-component-normalization	authority-verified	1.00	official_cn_game_term		魔女化身伤害提升[Ⅰ] & Magia伤害提升[Ⅰ]	visible-term-closure-exact-supersession	stable-key	DICT-01304	root-reviewed-official-cn-terminology	root-reviewed-approved	runtime_pass18_outside_pass15	authority-verified
P18-00252	magica/js/libs/emotionSkillMap.json	/1137102/shortDescription	1137102	shortDescription	Doppel伤害UP[Ⅰ] & Magia伤害UP[Ⅰ]	魔女化身伤害UP[Ⅰ] & Magia伤害UP[Ⅰ]	official_cn_game_term	official dump authority.json doppelList + skill shortDescription	authority-component-normalization	authority-verified	1.00	official_cn_game_term		魔女化身伤害提升[Ⅰ] & Magia伤害提升[Ⅰ]	visible-term-closure-exact-supersession	stable-key	DICT-01311	root-reviewed-official-cn-terminology	root-reviewed-approved	runtime_pass18_outside_pass15	authority-verified
P18-00253	magica/js/libs/emotionSkillMap.json	/1137104/shortDescription	1137104	shortDescription	Doppel伤害UP[Ⅰ] & Magia伤害UP[Ⅰ]	魔女化身伤害UP[Ⅰ] & Magia伤害UP[Ⅰ]	official_cn_game_term	official dump authority.json doppelList + skill shortDescription	authority-component-normalization	authority-verified	1.00	official_cn_game_term		魔女化身伤害提升[Ⅰ] & Magia伤害提升[Ⅰ]	visible-term-closure-exact-supersession	stable-key	DICT-01313	root-reviewed-official-cn-terminology	root-reviewed-approved	runtime_pass18_outside_pass15	authority-verified
P18-00254	magica/js/libs/emotionSkillMap.json	/1139102/shortDescription	1139102	shortDescription	Doppel伤害UP[Ⅰ] & Magia伤害UP[Ⅰ]	魔女化身伤害UP[Ⅰ] & Magia伤害UP[Ⅰ]	official_cn_game_term	official dump authority.json doppelList + skill shortDescription	authority-component-normalization	authority-verified	1.00	official_cn_game_term		魔女化身伤害提升[Ⅰ] & Magia伤害提升[Ⅰ]	visible-term-closure-exact-supersession	stable-key	DICT-01318	root-reviewed-official-cn-terminology	root-reviewed-approved	runtime_pass18_outside_pass15	authority-verified
P18-00255	magica/js/libs/emotionSkillMap.json	/1139104/shortDescription	1139104	shortDescription	Doppel伤害UP[Ⅰ] & Magia伤害UP[Ⅰ]	魔女化身伤害UP[Ⅰ] & Magia伤害UP[Ⅰ]	official_cn_game_term	official dump authority.json doppelList + skill shortDescription	authority-component-normalization	authority-verified	1.00	official_cn_game_term		魔女化身伤害提升[Ⅰ] & Magia伤害提升[Ⅰ]	visible-term-closure-exact-supersession	stable-key	DICT-01320	root-reviewed-official-cn-terminology	root-reviewed-approved	runtime_pass18_outside_pass15	authority-verified
P18-00256	magica/js/libs/emotionSkillMap.json	/1143102/shortDescription	1143102	shortDescription	Doppel伤害UP[Ⅰ] & Magia伤害UP[Ⅰ]	魔女化身伤害UP[Ⅰ] & Magia伤害UP[Ⅰ]	official_cn_game_term	official dump authority.json doppelList + skill shortDescription	authority-component-normalization	authority-verified	1.00	official_cn_game_term		魔女化身伤害提升[Ⅰ] & Magia伤害提升[Ⅰ]	visible-term-closure-exact-supersession	stable-key	DICT-01325	root-reviewed-official-cn-terminology	root-reviewed-approved	runtime_pass18_outside_pass15	authority-verified
P18-00257	magica/js/libs/emotionSkillMap.json	/1143104/shortDescription	1143104	shortDescription	Doppel伤害UP[Ⅰ] & Magia伤害UP[Ⅰ]	魔女化身伤害UP[Ⅰ] & Magia伤害UP[Ⅰ]	official_cn_game_term	official dump authority.json doppelList + skill shortDescription	authority-component-normalization	authority-verified	1.00	official_cn_game_term		魔女化身伤害提升[Ⅰ] & Magia伤害提升[Ⅰ]	visible-term-closure-exact-supersession	stable-key	DICT-01327	root-reviewed-official-cn-terminology	root-reviewed-approved	runtime_pass18_outside_pass15	authority-verified
P18-00258	magica/js/libs/emotionSkillMap.json	/1144102/shortDescription	1144102	shortDescription	Doppel伤害UP[Ⅰ] & Magia伤害UP[Ⅰ]	魔女化身伤害UP[Ⅰ] & Magia伤害UP[Ⅰ]	official_cn_game_term	official dump authority.json doppelList + skill shortDescription	authority-component-normalization	authority-verified	1.00	official_cn_game_term		魔女化身伤害提升[Ⅰ] & Magia伤害提升[Ⅰ]	visible-term-closure-exact-supersession	stable-key	DICT-01332	root-reviewed-official-cn-terminology	root-reviewed-approved	runtime_pass18_outside_pass15	authority-verified
P18-00259	magica/js/libs/emotionSkillMap.json	/1144104/shortDescription	1144104	shortDescription	Doppel伤害UP[Ⅰ] & Magia伤害UP[Ⅰ]	魔女化身伤害UP[Ⅰ] & Magia伤害UP[Ⅰ]	official_cn_game_term	official dump authority.json doppelList + skill shortDescription	authority-component-normalization	authority-verified	1.00	official_cn_game_term		魔女化身伤害提升[Ⅰ] & Magia伤害提升[Ⅰ]	visible-term-closure-exact-supersession	stable-key	DICT-01333	root-reviewed-official-cn-terminology	root-reviewed-approved	runtime_pass18_outside_pass15	authority-verified
P18-00260	magica/js/libs/emotionSkillMap.json	/1144108/shortDescription	1144108	shortDescription	Doppel伤害UP[Ⅳ] & Magia伤害UP[Ⅱ]	魔女化身伤害UP[Ⅳ] & Magia伤害UP[Ⅱ]	official_cn_game_term	official dump authority.json doppelList + skill shortDescription	authority-component-normalization	authority-verified	1.00	official_cn_game_term		魔女化身伤害提升[Ⅳ] & Magia伤害提升[Ⅱ]	visible-term-closure-exact-supersession	stable-key	DICT-01335	root-reviewed-official-cn-terminology	root-reviewed-approved	runtime_pass18_outside_pass15	authority-verified
P18-00261	magica/js/libs/emotionSkillMap.json	/1202102/shortDescription	1202102	shortDescription	Doppel伤害UP[Ⅰ] & Magia伤害UP[Ⅰ]	魔女化身伤害UP[Ⅰ] & Magia伤害UP[Ⅰ]	official_cn_game_term	official dump authority.json doppelList + skill shortDescription	authority-component-normalization	authority-verified	1.00	official_cn_game_term		魔女化身伤害提升[Ⅰ] & Magia伤害提升[Ⅰ]	visible-term-closure-exact-supersession	stable-key	DICT-01338	root-reviewed-official-cn-terminology	root-reviewed-approved	runtime_pass18_outside_pass15	authority-verified
P18-00262	magica/js/libs/emotionSkillMap.json	/1202104/shortDescription	1202104	shortDescription	Doppel伤害UP[Ⅰ] & Magia伤害UP[Ⅰ]	魔女化身伤害UP[Ⅰ] & Magia伤害UP[Ⅰ]	official_cn_game_term	official dump authority.json doppelList + skill shortDescription	authority-component-normalization	authority-verified	1.00	official_cn_game_term		魔女化身伤害提升[Ⅰ] & Magia伤害提升[Ⅰ]	visible-term-closure-exact-supersession	stable-key	DICT-01340	root-reviewed-official-cn-terminology	root-reviewed-approved	runtime_pass18_outside_pass15	authority-verified
P18-00263	magica/js/libs/emotionSkillMap.json	/1203103/shortDescription	1203103	shortDescription	Doppel伤害UP[Ⅰ] & Magia伤害UP[Ⅰ]	魔女化身伤害UP[Ⅰ] & Magia伤害UP[Ⅰ]	official_cn_game_term	official dump authority.json doppelList + skill shortDescription	authority-component-normalization	authority-verified	1.00	official_cn_game_term		魔女化身伤害提升[Ⅰ] & Magia伤害提升[Ⅰ]	visible-term-closure-exact-supersession	stable-key	DICT-01345	root-reviewed-official-cn-terminology	root-reviewed-approved	runtime_pass18_outside_pass15	authority-verified
P18-00264	magica/js/libs/emotionSkillMap.json	/1203106/shortDescription	1203106	shortDescription	Doppel伤害UP[Ⅰ] & Magia伤害UP[Ⅰ]	魔女化身伤害UP[Ⅰ] & Magia伤害UP[Ⅰ]	official_cn_game_term	official dump authority.json doppelList + skill shortDescription	authority-component-normalization	authority-verified	1.00	official_cn_game_term		魔女化身伤害提升[Ⅰ] & Magia伤害提升[Ⅰ]	visible-term-closure-exact-supersession	stable-key	DICT-01347	root-reviewed-official-cn-terminology	root-reviewed-approved	runtime_pass18_outside_pass15	authority-verified
P18-00265	magica/js/libs/emotionSkillMap.json	/1203107/shortDescription	1203107	shortDescription	Doppel伤害UP[Ⅰ] & Magia伤害UP[Ⅰ]	魔女化身伤害UP[Ⅰ] & Magia伤害UP[Ⅰ]	official_cn_game_term	official dump authority.json doppelList + skill shortDescription	authority-component-normalization	authority-verified	1.00	official_cn_game_term		魔女化身伤害提升[Ⅰ] & Magia伤害提升[Ⅰ]	visible-term-closure-exact-supersession	stable-key	DICT-01348	root-reviewed-official-cn-terminology	root-reviewed-approved	runtime_pass18_outside_pass15	authority-verified
P18-00266	magica/js/libs/emotionSkillMap.json	/1209104/shortDescription	1209104	shortDescription	Doppel伤害UP[Ⅰ] & Magia伤害UP[Ⅰ]	魔女化身伤害UP[Ⅰ] & Magia伤害UP[Ⅰ]	official_cn_game_term	official dump authority.json doppelList + skill shortDescription	authority-component-normalization	authority-verified	1.00	official_cn_game_term		魔女化身伤害提升[Ⅰ] & Magia伤害提升[Ⅰ]	visible-term-closure-exact-supersession	stable-key	DICT-01356	root-reviewed-official-cn-terminology	root-reviewed-approved	runtime_pass18_outside_pass15	authority-verified
P18-00267	magica/js/libs/emotionSkillMap.json	/1209106/shortDescription	1209106	shortDescription	Doppel伤害UP[Ⅰ] & Magia伤害UP[Ⅰ]	魔女化身伤害UP[Ⅰ] & Magia伤害UP[Ⅰ]	official_cn_game_term	official dump authority.json doppelList + skill shortDescription	authority-component-normalization	authority-verified	1.00	official_cn_game_term		魔女化身伤害提升[Ⅰ] & Magia伤害提升[Ⅰ]	visible-term-closure-exact-supersession	stable-key	DICT-01358	root-reviewed-official-cn-terminology	root-reviewed-approved	runtime_pass18_outside_pass15	authority-verified
P18-00268	magica/js/libs/emotionSkillMap.json	/1210103/shortDescription	1210103	shortDescription	Doppel伤害UP[Ⅰ] & Magia伤害UP[Ⅰ]	魔女化身伤害UP[Ⅰ] & Magia伤害UP[Ⅰ]	official_cn_game_term	official dump authority.json doppelList + skill shortDescription	authority-component-normalization	authority-verified	1.00	official_cn_game_term		魔女化身伤害提升[Ⅰ] & Magia伤害提升[Ⅰ]	visible-term-closure-exact-supersession	stable-key	DICT-01366	root-reviewed-official-cn-terminology	root-reviewed-approved	runtime_pass18_outside_pass15	authority-verified
P18-00269	magica/js/libs/emotionSkillMap.json	/1210104/shortDescription	1210104	shortDescription	Doppel伤害UP[Ⅰ] & Magia伤害UP[Ⅰ]	魔女化身伤害UP[Ⅰ] & Magia伤害UP[Ⅰ]	official_cn_game_term	official dump authority.json doppelList + skill shortDescription	authority-component-normalization	authority-verified	1.00	official_cn_game_term		魔女化身伤害提升[Ⅰ] & Magia伤害提升[Ⅰ]	visible-term-closure-exact-supersession	stable-key	DICT-01367	root-reviewed-official-cn-terminology	root-reviewed-approved	runtime_pass18_outside_pass15	authority-verified
P18-00270	magica/js/libs/emotionSkillMap.json	/1210110/shortDescription	1210110	shortDescription	Doppel伤害UP[Ⅰ] & Magia伤害UP[Ⅰ]	魔女化身伤害UP[Ⅰ] & Magia伤害UP[Ⅰ]	official_cn_game_term	official dump authority.json doppelList + skill shortDescription	authority-component-normalization	authority-verified	1.00	official_cn_game_term		魔女化身伤害提升[Ⅰ] & Magia伤害提升[Ⅰ]	visible-term-closure-exact-supersession	stable-key	DICT-01372	root-reviewed-official-cn-terminology	root-reviewed-approved	runtime_pass18_outside_pass15	authority-verified
P18-00271	magica/js/libs/emotionSkillMap.json	/1216102/shortDescription	1216102	shortDescription	Doppel伤害UP[Ⅰ] & Magia伤害UP[Ⅰ]	魔女化身伤害UP[Ⅰ] & Magia伤害UP[Ⅰ]	official_cn_game_term	official dump authority.json doppelList + skill shortDescription	authority-component-normalization	authority-verified	1.00	official_cn_game_term		魔女化身伤害提升[Ⅰ] & Magia伤害提升[Ⅰ]	visible-term-closure-exact-supersession	stable-key	DICT-01375	root-reviewed-official-cn-terminology	root-reviewed-approved	runtime_pass18_outside_pass15	authority-verified
P18-00272	magica/js/libs/emotionSkillMap.json	/1216104/shortDescription	1216104	shortDescription	Doppel伤害UP[Ⅰ] & Magia伤害UP[Ⅰ]	魔女化身伤害UP[Ⅰ] & Magia伤害UP[Ⅰ]	official_cn_game_term	official dump authority.json doppelList + skill shortDescription	authority-component-normalization	authority-verified	1.00	official_cn_game_term		魔女化身伤害提升[Ⅰ] & Magia伤害提升[Ⅰ]	visible-term-closure-exact-supersession	stable-key	DICT-01377	root-reviewed-official-cn-terminology	root-reviewed-approved	runtime_pass18_outside_pass15	authority-verified
P18-00273	magica/js/libs/emotionSkillMap.json	/1301103/shortDescription	1301103	shortDescription	Doppel伤害UP[Ⅰ] & Magia伤害UP[Ⅰ]	魔女化身伤害UP[Ⅰ] & Magia伤害UP[Ⅰ]	official_cn_game_term	official dump authority.json doppelList + skill shortDescription	authority-component-normalization	authority-verified	1.00	official_cn_game_term		魔女化身伤害提升[Ⅰ] & Magia伤害提升[Ⅰ]	visible-term-closure-exact-supersession	stable-key	DICT-01393	root-reviewed-official-cn-terminology	root-reviewed-approved	runtime_pass18_outside_pass15	authority-verified
P18-00274	magica/js/libs/emotionSkillMap.json	/1301104/shortDescription	1301104	shortDescription	Doppel伤害UP[Ⅰ] & Magia伤害UP[Ⅰ]	魔女化身伤害UP[Ⅰ] & Magia伤害UP[Ⅰ]	official_cn_game_term	official dump authority.json doppelList + skill shortDescription	authority-component-normalization	authority-verified	1.00	official_cn_game_term		魔女化身伤害提升[Ⅰ] & Magia伤害提升[Ⅰ]	visible-term-closure-exact-supersession	stable-key	DICT-01394	root-reviewed-official-cn-terminology	root-reviewed-approved	runtime_pass18_outside_pass15	authority-verified
P18-00275	magica/js/libs/emotionSkillMap.json	/1302102/shortDescription	1302102	shortDescription	Doppel伤害UP[Ⅰ] & Magia伤害UP[Ⅰ]	魔女化身伤害UP[Ⅰ] & Magia伤害UP[Ⅰ]	official_cn_game_term	official dump authority.json doppelList + skill shortDescription	authority-component-normalization	authority-verified	1.00	official_cn_game_term		魔女化身伤害提升[Ⅰ] & Magia伤害提升[Ⅰ]	visible-term-closure-exact-supersession	stable-key	DICT-01400	root-reviewed-official-cn-terminology	root-reviewed-approved	runtime_pass18_outside_pass15	authority-verified
P18-00276	magica/js/libs/emotionSkillMap.json	/1302104/shortDescription	1302104	shortDescription	Doppel伤害UP[Ⅰ] & Magia伤害UP[Ⅰ]	魔女化身伤害UP[Ⅰ] & Magia伤害UP[Ⅰ]	official_cn_game_term	official dump authority.json doppelList + skill shortDescription	authority-component-normalization	authority-verified	1.00	official_cn_game_term		魔女化身伤害提升[Ⅰ] & Magia伤害提升[Ⅰ]	visible-term-closure-exact-supersession	stable-key	DICT-01402	root-reviewed-official-cn-terminology	root-reviewed-approved	runtime_pass18_outside_pass15	authority-verified
P18-00277	magica/js/libs/emotionSkillMap.json	/1303102/shortDescription	1303102	shortDescription	Doppel伤害UP[Ⅰ] & Magia伤害UP[Ⅰ]	魔女化身伤害UP[Ⅰ] & Magia伤害UP[Ⅰ]	official_cn_game_term	official dump authority.json doppelList + skill shortDescription	authority-component-normalization	authority-verified	1.00	official_cn_game_term		魔女化身伤害提升[Ⅰ] & Magia伤害提升[Ⅰ]	visible-term-closure-exact-supersession	stable-key	DICT-01409	root-reviewed-official-cn-terminology	root-reviewed-approved	runtime_pass18_outside_pass15	authority-verified
P18-00278	magica/js/libs/emotionSkillMap.json	/1303104/shortDescription	1303104	shortDescription	Doppel伤害UP[Ⅰ] & Magia伤害UP[Ⅰ]	魔女化身伤害UP[Ⅰ] & Magia伤害UP[Ⅰ]	official_cn_game_term	official dump authority.json doppelList + skill shortDescription	authority-component-normalization	authority-verified	1.00	official_cn_game_term		魔女化身伤害提升[Ⅰ] & Magia伤害提升[Ⅰ]	visible-term-closure-exact-supersession	stable-key	DICT-01410	root-reviewed-official-cn-terminology	root-reviewed-approved	runtime_pass18_outside_pass15	authority-verified
P18-00279	magica/js/libs/emotionSkillMap.json	/1309102/shortDescription	1309102	shortDescription	Doppel伤害UP[Ⅰ] & Magia伤害UP[Ⅰ]	魔女化身伤害UP[Ⅰ] & Magia伤害UP[Ⅰ]	official_cn_game_term	official dump authority.json doppelList + skill shortDescription	authority-component-normalization	authority-verified	1.00	official_cn_game_term		魔女化身伤害提升[Ⅰ] & Magia伤害提升[Ⅰ]	visible-term-closure-exact-supersession	stable-key	DICT-01417	root-reviewed-official-cn-terminology	root-reviewed-approved	runtime_pass18_outside_pass15	authority-verified
P18-00280	magica/js/libs/emotionSkillMap.json	/1309104/shortDescription	1309104	shortDescription	Doppel伤害UP[Ⅰ] & Magia伤害UP[Ⅰ]	魔女化身伤害UP[Ⅰ] & Magia伤害UP[Ⅰ]	official_cn_game_term	official dump authority.json doppelList + skill shortDescription	authority-component-normalization	authority-verified	1.00	official_cn_game_term		魔女化身伤害提升[Ⅰ] & Magia伤害提升[Ⅰ]	visible-term-closure-exact-supersession	stable-key	DICT-01418	root-reviewed-official-cn-terminology	root-reviewed-approved	runtime_pass18_outside_pass15	authority-verified
P18-00281	magica/js/libs/emotionSkillMap.json	/1309109/shortDescription	1309109	shortDescription	Doppel伤害UP[Ⅱ] & Magia伤害UP[Ⅱ]	魔女化身伤害UP[Ⅱ] & Magia伤害UP[Ⅱ]	official_cn_game_term	official dump authority.json doppelList + skill shortDescription	authority-component-normalization	authority-verified	1.00	official_cn_game_term		魔女化身伤害提升[Ⅱ] & Magia伤害提升[Ⅱ]	visible-term-closure-exact-supersession	stable-key	DICT-01421	root-reviewed-official-cn-terminology	root-reviewed-approved	runtime_pass18_outside_pass15	authority-verified
P18-00282	magica/js/libs/emotionSkillMap.json	/1309111/shortDescription	1309111	shortDescription	战斗开始时获得Doppel伤害UP[Ⅵ] & Magia伤害UP[Ⅴ](自/5T)的状态	战斗开始时获得魔女化身伤害UP[Ⅵ] & Magia伤害UP[Ⅴ](自/5T)的状态	official_cn_game_term	official dump authority.json doppelList + skill shortDescription	authority-component-normalization	authority-verified	1.00	official_cn_game_term		战斗开始时获得魔女化身伤害提升[Ⅵ] & Magia伤害提升[Ⅴ](自/5T)的状态	visible-term-closure-exact-supersession	stable-key	DICT-01422	root-reviewed-official-cn-terminology	root-reviewed-approved	runtime_pass18_outside_pass15	authority-verified
P18-00283	magica/js/libs/emotionSkillMap.json	/1401104/shortDescription	1401104	shortDescription	Doppel伤害UP[Ⅰ] & Magia伤害UP[Ⅰ]	魔女化身伤害UP[Ⅰ] & Magia伤害UP[Ⅰ]	official_cn_game_term	official dump authority.json doppelList + skill shortDescription	authority-component-normalization	authority-verified	1.00	official_cn_game_term		魔女化身伤害提升[Ⅰ] & Magia伤害提升[Ⅰ]	visible-term-closure-exact-supersession	stable-key	DICT-01426	root-reviewed-official-cn-terminology	root-reviewed-approved	runtime_pass18_outside_pass15	authority-verified
P18-00284	magica/js/libs/emotionSkillMap.json	/1401105/shortDescription	1401105	shortDescription	Doppel伤害UP[Ⅰ] & Magia伤害UP[Ⅰ]	魔女化身伤害UP[Ⅰ] & Magia伤害UP[Ⅰ]	official_cn_game_term	official dump authority.json doppelList + skill shortDescription	authority-component-normalization	authority-verified	1.00	official_cn_game_term		魔女化身伤害提升[Ⅰ] & Magia伤害提升[Ⅰ]	visible-term-closure-exact-supersession	stable-key	DICT-01427	root-reviewed-official-cn-terminology	root-reviewed-approved	runtime_pass18_outside_pass15	authority-verified
P18-00285	magica/js/libs/emotionSkillMap.json	/1402102/shortDescription	1402102	shortDescription	Doppel伤害UP[Ⅰ] & Magia伤害UP[Ⅰ]	魔女化身伤害UP[Ⅰ] & Magia伤害UP[Ⅰ]	official_cn_game_term	official dump authority.json doppelList + skill shortDescription	authority-component-normalization	authority-verified	1.00	official_cn_game_term		魔女化身伤害提升[Ⅰ] & Magia伤害提升[Ⅰ]	visible-term-closure-exact-supersession	stable-key	DICT-01434	root-reviewed-official-cn-terminology	root-reviewed-approved	runtime_pass18_outside_pass15	authority-verified
P18-00286	magica/js/libs/emotionSkillMap.json	/1402104/shortDescription	1402104	shortDescription	Doppel伤害UP[Ⅰ] & Magia伤害UP[Ⅰ]	魔女化身伤害UP[Ⅰ] & Magia伤害UP[Ⅰ]	official_cn_game_term	official dump authority.json doppelList + skill shortDescription	authority-component-normalization	authority-verified	1.00	official_cn_game_term		魔女化身伤害提升[Ⅰ] & Magia伤害提升[Ⅰ]	visible-term-closure-exact-supersession	stable-key	DICT-01435	root-reviewed-official-cn-terminology	root-reviewed-approved	runtime_pass18_outside_pass15	authority-verified
P18-00287	magica/js/libs/emotionSkillMap.json	/1402109/shortDescription	1402109	shortDescription	战斗开始时获得Doppel伤害UP[Ⅴ] & Magia伤害UP[Ⅳ](自/5T)的状态	战斗开始时获得魔女化身伤害UP[Ⅴ] & Magia伤害UP[Ⅳ](自/5T)的状态	official_cn_game_term	official dump authority.json doppelList + skill shortDescription	authority-component-normalization	authority-verified	1.00	official_cn_game_term		战斗开始时获得魔女化身伤害提升[Ⅴ] & Magia伤害提升[Ⅳ](自/5T)的状态	visible-term-closure-exact-supersession	stable-key	DICT-01439	root-reviewed-official-cn-terminology	root-reviewed-approved	runtime_pass18_outside_pass15	authority-verified
P18-00288	magica/js/libs/emotionSkillMap.json	/1501102/shortDescription	1501102	shortDescription	Doppel伤害UP[Ⅰ] & Magia伤害UP[Ⅰ]	魔女化身伤害UP[Ⅰ] & Magia伤害UP[Ⅰ]	official_cn_game_term	official dump authority.json doppelList + skill shortDescription	authority-component-normalization	authority-verified	1.00	official_cn_game_term		魔女化身伤害提升[Ⅰ] & Magia伤害提升[Ⅰ]	visible-term-closure-exact-supersession	stable-key	DICT-01442	root-reviewed-official-cn-terminology	root-reviewed-approved	runtime_pass18_outside_pass15	authority-verified
P18-00289	magica/js/libs/emotionSkillMap.json	/1501104/shortDescription	1501104	shortDescription	Doppel伤害UP[Ⅰ] & Magia伤害UP[Ⅰ]	魔女化身伤害UP[Ⅰ] & Magia伤害UP[Ⅰ]	official_cn_game_term	official dump authority.json doppelList + skill shortDescription	authority-component-normalization	authority-verified	1.00	official_cn_game_term		魔女化身伤害提升[Ⅰ] & Magia伤害提升[Ⅰ]	visible-term-closure-exact-supersession	stable-key	DICT-01444	root-reviewed-official-cn-terminology	root-reviewed-approved	runtime_pass18_outside_pass15	authority-verified
P18-00290	magica/js/libs/emotionSkillMap.json	/1502102/shortDescription	1502102	shortDescription	Doppel伤害UP[Ⅰ] & Magia伤害UP[Ⅰ]	魔女化身伤害UP[Ⅰ] & Magia伤害UP[Ⅰ]	official_cn_game_term	official dump authority.json doppelList + skill shortDescription	authority-component-normalization	authority-verified	1.00	official_cn_game_term		魔女化身伤害提升[Ⅰ] & Magia伤害提升[Ⅰ]	visible-term-closure-exact-supersession	stable-key	DICT-01450	root-reviewed-official-cn-terminology	root-reviewed-approved	runtime_pass18_outside_pass15	authority-verified
P18-00291	magica/js/libs/emotionSkillMap.json	/1502104/shortDescription	1502104	shortDescription	Doppel伤害UP[Ⅰ] & Magia伤害UP[Ⅰ]	魔女化身伤害UP[Ⅰ] & Magia伤害UP[Ⅰ]	official_cn_game_term	official dump authority.json doppelList + skill shortDescription	authority-component-normalization	authority-verified	1.00	official_cn_game_term		魔女化身伤害提升[Ⅰ] & Magia伤害提升[Ⅰ]	visible-term-closure-exact-supersession	stable-key	DICT-01452	root-reviewed-official-cn-terminology	root-reviewed-approved	runtime_pass18_outside_pass15	authority-verified
P18-00292	magica/js/libs/emotionSkillMap.json	/1502110/shortDescription	1502110	shortDescription	战斗开始时获得Variable & Doppel伤害UP[XX](自/1T)的状态	战斗开始时获得Variable & 魔女化身伤害UP[XX](自/1T)的状态	official_cn_game_term	official dump authority.json doppelList + skill shortDescription	authority-component-normalization	authority-verified	1.00	official_cn_game_term		战斗开始时获得Variable & 魔女化身伤害提升[XX](自/1T)的状态	visible-term-closure-exact-supersession	stable-key	DICT-01456	root-reviewed-official-cn-terminology	root-reviewed-approved	runtime_pass18_outside_pass15	authority-verified
P18-00293	magica/js/libs/emotionSkillMap.json	/1601102/shortDescription	1601102	shortDescription	Doppel伤害UP[Ⅰ] & Magia伤害UP[Ⅰ]	魔女化身伤害UP[Ⅰ] & Magia伤害UP[Ⅰ]	official_cn_game_term	official dump authority.json doppelList + skill shortDescription	authority-component-normalization	authority-verified	1.00	official_cn_game_term		魔女化身伤害提升[Ⅰ] & Magia伤害提升[Ⅰ]	visible-term-closure-exact-supersession	stable-key	DICT-01459	root-reviewed-official-cn-terminology	root-reviewed-approved	runtime_pass18_outside_pass15	authority-verified
P18-00294	magica/js/libs/emotionSkillMap.json	/1601104/shortDescription	1601104	shortDescription	Doppel伤害UP[Ⅰ] & Magia伤害UP[Ⅰ]	魔女化身伤害UP[Ⅰ] & Magia伤害UP[Ⅰ]	official_cn_game_term	official dump authority.json doppelList + skill shortDescription	authority-component-normalization	authority-verified	1.00	official_cn_game_term		魔女化身伤害提升[Ⅰ] & Magia伤害提升[Ⅰ]	visible-term-closure-exact-supersession	stable-key	DICT-01460	root-reviewed-official-cn-terminology	root-reviewed-approved	runtime_pass18_outside_pass15	authority-verified
P18-00295	magica/js/libs/emotionSkillMap.json	/1701102/shortDescription	1701102	shortDescription	Doppel伤害UP[Ⅰ] & Magia伤害UP[Ⅰ]	魔女化身伤害UP[Ⅰ] & Magia伤害UP[Ⅰ]	official_cn_game_term	official dump authority.json doppelList + skill shortDescription	authority-component-normalization	authority-verified	1.00	official_cn_game_term		魔女化身伤害提升[Ⅰ] & Magia伤害提升[Ⅰ]	visible-term-closure-exact-supersession	stable-key	DICT-01467	root-reviewed-official-cn-terminology	root-reviewed-approved	runtime_pass18_outside_pass15	authority-verified
P18-00296	magica/js/libs/emotionSkillMap.json	/1701104/shortDescription	1701104	shortDescription	Doppel伤害UP[Ⅰ] & Magia伤害UP[Ⅰ]	魔女化身伤害UP[Ⅰ] & Magia伤害UP[Ⅰ]	official_cn_game_term	official dump authority.json doppelList + skill shortDescription	authority-component-normalization	authority-verified	1.00	official_cn_game_term		魔女化身伤害提升[Ⅰ] & Magia伤害提升[Ⅰ]	visible-term-closure-exact-supersession	stable-key	DICT-01468	root-reviewed-official-cn-terminology	root-reviewed-approved	runtime_pass18_outside_pass15	authority-verified
P18-00297	magica/js/libs/emotionSkillMap.json	/1801102/shortDescription	1801102	shortDescription	Doppel伤害UP[Ⅰ] & Magia伤害UP[Ⅰ]	魔女化身伤害UP[Ⅰ] & Magia伤害UP[Ⅰ]	official_cn_game_term	official dump authority.json doppelList + skill shortDescription	authority-component-normalization	authority-verified	1.00	official_cn_game_term		魔女化身伤害提升[Ⅰ] & Magia伤害提升[Ⅰ]	visible-term-closure-exact-supersession	stable-key	DICT-01474	root-reviewed-official-cn-terminology	root-reviewed-approved	runtime_pass18_outside_pass15	authority-verified
P18-00298	magica/js/libs/emotionSkillMap.json	/1801104/shortDescription	1801104	shortDescription	Doppel伤害UP[Ⅰ] & Magia伤害UP[Ⅰ]	魔女化身伤害UP[Ⅰ] & Magia伤害UP[Ⅰ]	official_cn_game_term	official dump authority.json doppelList + skill shortDescription	authority-component-normalization	authority-verified	1.00	official_cn_game_term		魔女化身伤害提升[Ⅰ] & Magia伤害提升[Ⅰ]	visible-term-closure-exact-supersession	stable-key	DICT-01476	root-reviewed-official-cn-terminology	root-reviewed-approved	runtime_pass18_outside_pass15	authority-verified
P18-00299	magica/js/libs/emotionSkillMap.json	/2007102/shortDescription	2007102	shortDescription	Doppel伤害UP[Ⅰ] & Magia伤害UP[Ⅰ]	魔女化身伤害UP[Ⅰ] & Magia伤害UP[Ⅰ]	official_cn_game_term	official dump authority.json doppelList + skill shortDescription	authority-component-normalization	authority-verified	1.00	official_cn_game_term		魔女化身伤害提升[Ⅰ] & Magia伤害提升[Ⅰ]	visible-term-closure-exact-supersession	stable-key	DICT-01482	root-reviewed-official-cn-terminology	root-reviewed-approved	runtime_pass18_outside_pass15	authority-verified
P18-00300	magica/js/libs/emotionSkillMap.json	/2007104/shortDescription	2007104	shortDescription	Doppel伤害UP[Ⅰ] & Magia伤害UP[Ⅰ]	魔女化身伤害UP[Ⅰ] & Magia伤害UP[Ⅰ]	official_cn_game_term	official dump authority.json doppelList + skill shortDescription	authority-component-normalization	authority-verified	1.00	official_cn_game_term		魔女化身伤害提升[Ⅰ] & Magia伤害提升[Ⅰ]	visible-term-closure-exact-supersession	stable-key	DICT-01484	root-reviewed-official-cn-terminology	root-reviewed-approved	runtime_pass18_outside_pass15	authority-verified
P18-00301	magica/js/libs/emotionSkillMap.json	/2007110/shortDescription	2007110	shortDescription	Doppel伤害UP[Ⅱ] & Magia伤害UP[Ⅰ]	魔女化身伤害UP[Ⅱ] & Magia伤害UP[Ⅰ]	official_cn_game_term	official dump authority.json doppelList + skill shortDescription	authority-component-normalization	authority-verified	1.00	official_cn_game_term		魔女化身伤害提升[Ⅱ] & Magia伤害提升[Ⅰ]	visible-term-closure-exact-supersession	stable-key	DICT-01489	root-reviewed-official-cn-terminology	root-reviewed-approved	runtime_pass18_outside_pass15	authority-verified
P18-00302	magica/js/libs/emotionSkillMap.json	/2009102/shortDescription	2009102	shortDescription	Doppel伤害UP[Ⅰ] & Magia伤害UP[Ⅰ]	魔女化身伤害UP[Ⅰ] & Magia伤害UP[Ⅰ]	official_cn_game_term	official dump authority.json doppelList + skill shortDescription	authority-component-normalization	authority-verified	1.00	official_cn_game_term		魔女化身伤害提升[Ⅰ] & Magia伤害提升[Ⅰ]	visible-term-closure-exact-supersession	stable-key	DICT-01492	root-reviewed-official-cn-terminology	root-reviewed-approved	runtime_pass18_outside_pass15	authority-verified
P18-00303	magica/js/libs/emotionSkillMap.json	/2009104/shortDescription	2009104	shortDescription	Doppel伤害UP[Ⅰ] & Magia伤害UP[Ⅰ]	魔女化身伤害UP[Ⅰ] & Magia伤害UP[Ⅰ]	official_cn_game_term	official dump authority.json doppelList + skill shortDescription	authority-component-normalization	authority-verified	1.00	official_cn_game_term		魔女化身伤害提升[Ⅰ] & Magia伤害提升[Ⅰ]	visible-term-closure-exact-supersession	stable-key	DICT-01494	root-reviewed-official-cn-terminology	root-reviewed-approved	runtime_pass18_outside_pass15	authority-verified
P18-00304	magica/js/libs/emotionSkillMap.json	/2009107/shortDescription	2009107	shortDescription	Doppel伤害UP[Ⅰ] & Magia伤害UP[Ⅰ]	魔女化身伤害UP[Ⅰ] & Magia伤害UP[Ⅰ]	official_cn_game_term	official dump authority.json doppelList + skill shortDescription	authority-component-normalization	authority-verified	1.00	official_cn_game_term		魔女化身伤害提升[Ⅰ] & Magia伤害提升[Ⅰ]	visible-term-closure-exact-supersession	stable-key	DICT-01497	root-reviewed-official-cn-terminology	root-reviewed-approved	runtime_pass18_outside_pass15	authority-verified
P18-00305	magica/js/libs/emotionSkillMap.json	/2009108/shortDescription	2009108	shortDescription	Doppel伤害UP[Ⅰ] & Magia伤害UP[Ⅰ]	魔女化身伤害UP[Ⅰ] & Magia伤害UP[Ⅰ]	official_cn_game_term	official dump authority.json doppelList + skill shortDescription	authority-component-normalization	authority-verified	1.00	official_cn_game_term		魔女化身伤害提升[Ⅰ] & Magia伤害提升[Ⅰ]	visible-term-closure-exact-supersession	stable-key	DICT-01498	root-reviewed-official-cn-terminology	root-reviewed-approved	runtime_pass18_outside_pass15	authority-verified
P18-00306	magica/js/libs/emotionSkillMap.json	/2101102/shortDescription	2101102	shortDescription	Doppel伤害UP[Ⅰ] & Magia伤害UP[Ⅰ]	魔女化身伤害UP[Ⅰ] & Magia伤害UP[Ⅰ]	official_cn_game_term	official dump authority.json doppelList + skill shortDescription	authority-component-normalization	authority-verified	1.00	official_cn_game_term		魔女化身伤害提升[Ⅰ] & Magia伤害提升[Ⅰ]	visible-term-closure-exact-supersession	stable-key	DICT-01502	root-reviewed-official-cn-terminology	root-reviewed-approved	runtime_pass18_outside_pass15	authority-verified
P18-00307	magica/js/libs/emotionSkillMap.json	/2101105/shortDescription	2101105	shortDescription	Doppel伤害UP[Ⅰ] & Magia伤害UP[Ⅰ]	魔女化身伤害UP[Ⅰ] & Magia伤害UP[Ⅰ]	official_cn_game_term	official dump authority.json doppelList + skill shortDescription	authority-component-normalization	authority-verified	1.00	official_cn_game_term		魔女化身伤害提升[Ⅰ] & Magia伤害提升[Ⅰ]	visible-term-closure-exact-supersession	stable-key	DICT-01505	root-reviewed-official-cn-terminology	root-reviewed-approved	runtime_pass18_outside_pass15	authority-verified
P18-00308	magica/js/libs/emotionSkillMap.json	/2103104/shortDescription	2103104	shortDescription	Doppel伤害UP[Ⅰ] & Magia伤害UP[Ⅰ]	魔女化身伤害UP[Ⅰ] & Magia伤害UP[Ⅰ]	official_cn_game_term	official dump authority.json doppelList + skill shortDescription	authority-component-normalization	authority-verified	1.00	official_cn_game_term		魔女化身伤害提升[Ⅰ] & Magia伤害提升[Ⅰ]	visible-term-closure-exact-supersession	stable-key	DICT-01513	root-reviewed-official-cn-terminology	root-reviewed-approved	runtime_pass18_outside_pass15	authority-verified
P18-00309	magica/js/libs/emotionSkillMap.json	/2103106/shortDescription	2103106	shortDescription	Doppel伤害UP[Ⅰ] & Magia伤害UP[Ⅰ]	魔女化身伤害UP[Ⅰ] & Magia伤害UP[Ⅰ]	official_cn_game_term	official dump authority.json doppelList + skill shortDescription	authority-component-normalization	authority-verified	1.00	official_cn_game_term		魔女化身伤害提升[Ⅰ] & Magia伤害提升[Ⅰ]	visible-term-closure-exact-supersession	stable-key	DICT-01515	root-reviewed-official-cn-terminology	root-reviewed-approved	runtime_pass18_outside_pass15	authority-verified
P18-00310	magica/js/libs/emotionSkillMap.json	/2104103/shortDescription	2104103	shortDescription	Doppel伤害UP[Ⅰ] & Magia伤害UP[Ⅰ]	魔女化身伤害UP[Ⅰ] & Magia伤害UP[Ⅰ]	official_cn_game_term	official dump authority.json doppelList + skill shortDescription	authority-component-normalization	authority-verified	1.00	official_cn_game_term		魔女化身伤害提升[Ⅰ] & Magia伤害提升[Ⅰ]	visible-term-closure-exact-supersession	stable-key	DICT-01523	root-reviewed-official-cn-terminology	root-reviewed-approved	runtime_pass18_outside_pass15	authority-verified
P18-00311	magica/js/libs/emotionSkillMap.json	/2104104/shortDescription	2104104	shortDescription	Doppel伤害UP[Ⅰ] & Magia伤害UP[Ⅰ]	魔女化身伤害UP[Ⅰ] & Magia伤害UP[Ⅰ]	official_cn_game_term	official dump authority.json doppelList + skill shortDescription	authority-component-normalization	authority-verified	1.00	official_cn_game_term		魔女化身伤害提升[Ⅰ] & Magia伤害提升[Ⅰ]	visible-term-closure-exact-supersession	stable-key	DICT-01524	root-reviewed-official-cn-terminology	root-reviewed-approved	runtime_pass18_outside_pass15	authority-verified
P18-00312	magica/js/libs/emotionSkillMap.json	/2105102/shortDescription	2105102	shortDescription	Doppel伤害UP[Ⅰ] & Magia伤害UP[Ⅰ]	魔女化身伤害UP[Ⅰ] & Magia伤害UP[Ⅰ]	official_cn_game_term	official dump authority.json doppelList + skill shortDescription	authority-component-normalization	authority-verified	1.00	official_cn_game_term		魔女化身伤害提升[Ⅰ] & Magia伤害提升[Ⅰ]	visible-term-closure-exact-supersession	stable-key	DICT-01531	root-reviewed-official-cn-terminology	root-reviewed-approved	runtime_pass18_outside_pass15	authority-verified
P18-00313	magica/js/libs/emotionSkillMap.json	/2105104/shortDescription	2105104	shortDescription	Doppel伤害UP[Ⅰ] & Magia伤害UP[Ⅰ]	魔女化身伤害UP[Ⅰ] & Magia伤害UP[Ⅰ]	official_cn_game_term	official dump authority.json doppelList + skill shortDescription	authority-component-normalization	authority-verified	1.00	official_cn_game_term		魔女化身伤害提升[Ⅰ] & Magia伤害提升[Ⅰ]	visible-term-closure-exact-supersession	stable-key	DICT-01533	root-reviewed-official-cn-terminology	root-reviewed-approved	runtime_pass18_outside_pass15	authority-verified
P18-00314	magica/js/libs/emotionSkillMap.json	/2106102/shortDescription	2106102	shortDescription	Doppel伤害UP[Ⅰ] & Magia伤害UP[Ⅰ]	魔女化身伤害UP[Ⅰ] & Magia伤害UP[Ⅰ]	official_cn_game_term	official dump authority.json doppelList + skill shortDescription	authority-component-normalization	authority-verified	1.00	official_cn_game_term		魔女化身伤害提升[Ⅰ] & Magia伤害提升[Ⅰ]	visible-term-closure-exact-supersession	stable-key	DICT-01540	root-reviewed-official-cn-terminology	root-reviewed-approved	runtime_pass18_outside_pass15	authority-verified
P18-00315	magica/js/libs/emotionSkillMap.json	/2106104/shortDescription	2106104	shortDescription	Doppel伤害UP[Ⅰ] & Magia伤害UP[Ⅰ]	魔女化身伤害UP[Ⅰ] & Magia伤害UP[Ⅰ]	official_cn_game_term	official dump authority.json doppelList + skill shortDescription	authority-component-normalization	authority-verified	1.00	official_cn_game_term		魔女化身伤害提升[Ⅰ] & Magia伤害提升[Ⅰ]	visible-term-closure-exact-supersession	stable-key	DICT-01542	root-reviewed-official-cn-terminology	root-reviewed-approved	runtime_pass18_outside_pass15	authority-verified
P18-00316	magica/js/libs/emotionSkillMap.json	/2107102/shortDescription	2107102	shortDescription	Doppel伤害UP[Ⅰ] & Magia伤害UP[Ⅰ]	魔女化身伤害UP[Ⅰ] & Magia伤害UP[Ⅰ]	official_cn_game_term	official dump authority.json doppelList + skill shortDescription	authority-component-normalization	authority-verified	1.00	official_cn_game_term		魔女化身伤害提升[Ⅰ] & Magia伤害提升[Ⅰ]	visible-term-closure-exact-supersession	stable-key	DICT-01546	root-reviewed-official-cn-terminology	root-reviewed-approved	runtime_pass18_outside_pass15	authority-verified
P18-00317	magica/js/libs/emotionSkillMap.json	/2107104/shortDescription	2107104	shortDescription	Doppel伤害UP[Ⅰ] & Magia伤害UP[Ⅰ]	魔女化身伤害UP[Ⅰ] & Magia伤害UP[Ⅰ]	official_cn_game_term	official dump authority.json doppelList + skill shortDescription	authority-component-normalization	authority-verified	1.00	official_cn_game_term		魔女化身伤害提升[Ⅰ] & Magia伤害提升[Ⅰ]	visible-term-closure-exact-supersession	stable-key	DICT-01548	root-reviewed-official-cn-terminology	root-reviewed-approved	runtime_pass18_outside_pass15	authority-verified
P18-00318	magica/js/libs/emotionSkillMap.json	/2201102/shortDescription	2201102	shortDescription	Doppel伤害UP[Ⅰ] & Magia伤害UP[Ⅰ]	魔女化身伤害UP[Ⅰ] & Magia伤害UP[Ⅰ]	official_cn_game_term	official dump authority.json doppelList + skill shortDescription	authority-component-normalization	authority-verified	1.00	official_cn_game_term		魔女化身伤害提升[Ⅰ] & Magia伤害提升[Ⅰ]	visible-term-closure-exact-supersession	stable-key	DICT-01554	root-reviewed-official-cn-terminology	root-reviewed-approved	runtime_pass18_outside_pass15	authority-verified
P18-00319	magica/js/libs/emotionSkillMap.json	/2201104/shortDescription	2201104	shortDescription	Doppel伤害UP[Ⅰ] & Magia伤害UP[Ⅰ]	魔女化身伤害UP[Ⅰ] & Magia伤害UP[Ⅰ]	official_cn_game_term	official dump authority.json doppelList + skill shortDescription	authority-component-normalization	authority-verified	1.00	official_cn_game_term		魔女化身伤害提升[Ⅰ] & Magia伤害提升[Ⅰ]	visible-term-closure-exact-supersession	stable-key	DICT-01555	root-reviewed-official-cn-terminology	root-reviewed-approved	runtime_pass18_outside_pass15	authority-verified
P18-00320	magica/js/libs/emotionSkillMap.json	/2202102/shortDescription	2202102	shortDescription	Doppel伤害UP[Ⅰ] & Magia伤害UP[Ⅰ]	魔女化身伤害UP[Ⅰ] & Magia伤害UP[Ⅰ]	official_cn_game_term	official dump authority.json doppelList + skill shortDescription	authority-component-normalization	authority-verified	1.00	official_cn_game_term		魔女化身伤害提升[Ⅰ] & Magia伤害提升[Ⅰ]	visible-term-closure-exact-supersession	stable-key	DICT-01562	root-reviewed-official-cn-terminology	root-reviewed-approved	runtime_pass18_outside_pass15	authority-verified
P18-00321	magica/js/libs/emotionSkillMap.json	/2202104/shortDescription	2202104	shortDescription	Doppel伤害UP[Ⅰ] & Magia伤害UP[Ⅰ]	魔女化身伤害UP[Ⅰ] & Magia伤害UP[Ⅰ]	official_cn_game_term	official dump authority.json doppelList + skill shortDescription	authority-component-normalization	authority-verified	1.00	official_cn_game_term		魔女化身伤害提升[Ⅰ] & Magia伤害提升[Ⅰ]	visible-term-closure-exact-supersession	stable-key	DICT-01563	root-reviewed-official-cn-terminology	root-reviewed-approved	runtime_pass18_outside_pass15	authority-verified
P18-00322	magica/js/libs/emotionSkillMap.json	/2203102/shortDescription	2203102	shortDescription	Doppel伤害UP[Ⅰ] & Magia伤害UP[Ⅰ]	魔女化身伤害UP[Ⅰ] & Magia伤害UP[Ⅰ]	official_cn_game_term	official dump authority.json doppelList + skill shortDescription	authority-component-normalization	authority-verified	1.00	official_cn_game_term		魔女化身伤害提升[Ⅰ] & Magia伤害提升[Ⅰ]	visible-term-closure-exact-supersession	stable-key	DICT-01571	root-reviewed-official-cn-terminology	root-reviewed-approved	runtime_pass18_outside_pass15	authority-verified
P18-00323	magica/js/libs/emotionSkillMap.json	/2203104/shortDescription	2203104	shortDescription	Doppel伤害UP[Ⅰ] & Magia伤害UP[Ⅰ]	魔女化身伤害UP[Ⅰ] & Magia伤害UP[Ⅰ]	official_cn_game_term	official dump authority.json doppelList + skill shortDescription	authority-component-normalization	authority-verified	1.00	official_cn_game_term		魔女化身伤害提升[Ⅰ] & Magia伤害提升[Ⅰ]	visible-term-closure-exact-supersession	stable-key	DICT-01573	root-reviewed-official-cn-terminology	root-reviewed-approved	runtime_pass18_outside_pass15	authority-verified
P18-00324	magica/js/libs/emotionSkillMap.json	/2301102/shortDescription	2301102	shortDescription	Doppel伤害UP[Ⅰ] & Magia伤害UP[Ⅰ]	魔女化身伤害UP[Ⅰ] & Magia伤害UP[Ⅰ]	official_cn_game_term	official dump authority.json doppelList + skill shortDescription	authority-component-normalization	authority-verified	1.00	official_cn_game_term		魔女化身伤害提升[Ⅰ] & Magia伤害提升[Ⅰ]	visible-term-closure-exact-supersession	stable-key	DICT-01578	root-reviewed-official-cn-terminology	root-reviewed-approved	runtime_pass18_outside_pass15	authority-verified
P18-00325	magica/js/libs/emotionSkillMap.json	/2301104/shortDescription	2301104	shortDescription	Doppel伤害UP[Ⅰ] & Magia伤害UP[Ⅰ]	魔女化身伤害UP[Ⅰ] & Magia伤害UP[Ⅰ]	official_cn_game_term	official dump authority.json doppelList + skill shortDescription	authority-component-normalization	authority-verified	1.00	official_cn_game_term		魔女化身伤害提升[Ⅰ] & Magia伤害提升[Ⅰ]	visible-term-closure-exact-supersession	stable-key	DICT-01579	root-reviewed-official-cn-terminology	root-reviewed-approved	runtime_pass18_outside_pass15	authority-verified
P18-00326	magica/js/libs/emotionSkillMap.json	/2301111/shortDescription	2301111	shortDescription	Blast伤害UP[Ⅳ] & Doppel伤害UP[Ⅳ]	Blast伤害UP[Ⅳ] & 魔女化身伤害UP[Ⅳ]	official_cn_game_term	official dump authority.json doppelList + skill shortDescription	authority-component-normalization	authority-verified	1.00	official_cn_game_term		Blast伤害提升[Ⅳ] & 魔女化身伤害提升[Ⅳ]	visible-term-closure-exact-supersession	stable-key	DICT-01584	root-reviewed-official-cn-terminology	root-reviewed-approved	runtime_pass18_outside_pass15	authority-verified
P18-00327	magica/js/libs/emotionSkillMap.json	/2301112/shortDescription	2301112	shortDescription	战斗开始时获得暗属性攻击力UP[Ⅴ] & Doppel伤害UP[Ⅲ](己全/5T)的状态	战斗开始时获得暗属性攻击力UP[Ⅴ] & 魔女化身伤害UP[Ⅲ](己全/5T)的状态	official_cn_game_term	official dump authority.json doppelList + skill shortDescription	authority-component-normalization	authority-verified	1.00	official_cn_game_term		战斗开始时获得暗属性攻击力提升[Ⅴ] & 魔女化身伤害提升[Ⅲ](己全/5T)的状态	visible-term-closure-exact-supersession	stable-key	DICT-01585	root-reviewed-official-cn-terminology	root-reviewed-approved	runtime_pass18_outside_pass15	authority-verified
P18-00328	magica/js/libs/emotionSkillMap.json	/2400101/shortDescription	2400101	shortDescription	Doppel伤害UP[Ⅰ] & Magia伤害UP[Ⅰ]	魔女化身伤害UP[Ⅰ] & Magia伤害UP[Ⅰ]	official_cn_game_term	official dump authority.json doppelList + skill shortDescription	authority-component-normalization	authority-verified	1.00	official_cn_game_term		魔女化身伤害提升[Ⅰ] & Magia伤害提升[Ⅰ]	visible-term-closure-exact-supersession	stable-key	DICT-01587	root-reviewed-official-cn-terminology	root-reviewed-approved	runtime_pass18_outside_pass15	authority-verified
P18-00329	magica/js/libs/emotionSkillMap.json	/2400105/shortDescription	2400105	shortDescription	Doppel伤害UP[Ⅱ] & Magia伤害UP[Ⅰ]	魔女化身伤害UP[Ⅱ] & Magia伤害UP[Ⅰ]	official_cn_game_term	official dump authority.json doppelList + skill shortDescription	authority-component-normalization	authority-verified	1.00	official_cn_game_term		魔女化身伤害提升[Ⅱ] & Magia伤害提升[Ⅰ]	visible-term-closure-exact-supersession	stable-key	DICT-01589	root-reviewed-official-cn-terminology	root-reviewed-approved	runtime_pass18_outside_pass15	authority-verified
P18-00330	magica/js/libs/emotionSkillMap.json	/2400111/shortDescription	2400111	shortDescription	Doppel伤害UP[Ⅱ] & Magia伤害UP[Ⅰ]	魔女化身伤害UP[Ⅱ] & Magia伤害UP[Ⅰ]	official_cn_game_term	official dump authority.json doppelList + skill shortDescription	authority-component-normalization	authority-verified	1.00	official_cn_game_term		魔女化身伤害提升[Ⅱ] & Magia伤害提升[Ⅰ]	visible-term-closure-exact-supersession	stable-key	DICT-01593	root-reviewed-official-cn-terminology	root-reviewed-approved	runtime_pass18_outside_pass15	authority-verified
P18-00331	magica/js/libs/emotionSkillMap.json	/2401104/shortDescription	2401104	shortDescription	Doppel伤害UP[Ⅲ] & Magia伤害UP[Ⅰ]	魔女化身伤害UP[Ⅲ] & Magia伤害UP[Ⅰ]	official_cn_game_term	official dump authority.json doppelList + skill shortDescription	authority-component-normalization	authority-verified	1.00	official_cn_game_term		魔女化身伤害提升[Ⅲ] & Magia伤害提升[Ⅰ]	visible-term-closure-exact-supersession	stable-key	DICT-01598	root-reviewed-official-cn-terminology	root-reviewed-approved	runtime_pass18_outside_pass15	authority-verified
P18-00332	magica/js/libs/emotionSkillMap.json	/2401105/shortDescription	2401105	shortDescription	Doppel伤害UP[Ⅳ] & Magia伤害UP[Ⅱ]	魔女化身伤害UP[Ⅳ] & Magia伤害UP[Ⅱ]	official_cn_game_term	official dump authority.json doppelList + skill shortDescription	authority-component-normalization	authority-verified	1.00	official_cn_game_term		魔女化身伤害提升[Ⅳ] & Magia伤害提升[Ⅱ]	visible-term-closure-exact-supersession	stable-key	DICT-01599	root-reviewed-official-cn-terminology	root-reviewed-approved	runtime_pass18_outside_pass15	authority-verified
P18-00333	magica/js/libs/emotionSkillMap.json	/2402102/shortDescription	2402102	shortDescription	Doppel伤害UP[Ⅰ] & Magia伤害UP[Ⅰ]	魔女化身伤害UP[Ⅰ] & Magia伤害UP[Ⅰ]	official_cn_game_term	official dump authority.json doppelList + skill shortDescription	authority-component-normalization	authority-verified	1.00	official_cn_game_term		魔女化身伤害提升[Ⅰ] & Magia伤害提升[Ⅰ]	visible-term-closure-exact-supersession	stable-key	DICT-01605	root-reviewed-official-cn-terminology	root-reviewed-approved	runtime_pass18_outside_pass15	authority-verified
P18-00334	magica/js/libs/emotionSkillMap.json	/2402104/shortDescription	2402104	shortDescription	Doppel伤害UP[Ⅰ] & Magia伤害UP[Ⅰ]	魔女化身伤害UP[Ⅰ] & Magia伤害UP[Ⅰ]	official_cn_game_term	official dump authority.json doppelList + skill shortDescription	authority-component-normalization	authority-verified	1.00	official_cn_game_term		魔女化身伤害提升[Ⅰ] & Magia伤害提升[Ⅰ]	visible-term-closure-exact-supersession	stable-key	DICT-01606	root-reviewed-official-cn-terminology	root-reviewed-approved	runtime_pass18_outside_pass15	authority-verified
P18-00335	magica/js/libs/emotionSkillMap.json	/2501102/shortDescription	2501102	shortDescription	Doppel伤害UP[Ⅰ] & Magia伤害UP[Ⅰ]	魔女化身伤害UP[Ⅰ] & Magia伤害UP[Ⅰ]	official_cn_game_term	official dump authority.json doppelList + skill shortDescription	authority-component-normalization	authority-verified	1.00	official_cn_game_term		魔女化身伤害提升[Ⅰ] & Magia伤害提升[Ⅰ]	visible-term-closure-exact-supersession	stable-key	DICT-01613	root-reviewed-official-cn-terminology	root-reviewed-approved	runtime_pass18_outside_pass15	authority-verified
P18-00336	magica/js/libs/emotionSkillMap.json	/2501105/shortDescription	2501105	shortDescription	Doppel伤害UP[Ⅰ] & Magia伤害UP[Ⅰ]	魔女化身伤害UP[Ⅰ] & Magia伤害UP[Ⅰ]	official_cn_game_term	official dump authority.json doppelList + skill shortDescription	authority-component-normalization	authority-verified	1.00	official_cn_game_term		魔女化身伤害提升[Ⅰ] & Magia伤害提升[Ⅰ]	visible-term-closure-exact-supersession	stable-key	DICT-01616	root-reviewed-official-cn-terminology	root-reviewed-approved	runtime_pass18_outside_pass15	authority-verified
P18-00337	magica/js/libs/emotionSkillMap.json	/2502102/shortDescription	2502102	shortDescription	Doppel伤害UP[Ⅰ] & Magia伤害UP[Ⅰ]	魔女化身伤害UP[Ⅰ] & Magia伤害UP[Ⅰ]	official_cn_game_term	official dump authority.json doppelList + skill shortDescription	authority-component-normalization	authority-verified	1.00	official_cn_game_term		魔女化身伤害提升[Ⅰ] & Magia伤害提升[Ⅰ]	visible-term-closure-exact-supersession	stable-key	DICT-01621	root-reviewed-official-cn-terminology	root-reviewed-approved	runtime_pass18_outside_pass15	authority-verified
P18-00338	magica/js/libs/emotionSkillMap.json	/2502104/shortDescription	2502104	shortDescription	Doppel伤害UP[Ⅰ] & Magia伤害UP[Ⅰ]	魔女化身伤害UP[Ⅰ] & Magia伤害UP[Ⅰ]	official_cn_game_term	official dump authority.json doppelList + skill shortDescription	authority-component-normalization	authority-verified	1.00	official_cn_game_term		魔女化身伤害提升[Ⅰ] & Magia伤害提升[Ⅰ]	visible-term-closure-exact-supersession	stable-key	DICT-01622	root-reviewed-official-cn-terminology	root-reviewed-approved	runtime_pass18_outside_pass15	authority-verified
P18-00339	magica/js/libs/emotionSkillMap.json	/2502110/shortDescription	2502110	shortDescription	Doppel伤害UP[Ⅳ] & Magia伤害UP[Ⅱ]	魔女化身伤害UP[Ⅳ] & Magia伤害UP[Ⅱ]	official_cn_game_term	official dump authority.json doppelList + skill shortDescription	authority-component-normalization	authority-verified	1.00	official_cn_game_term		魔女化身伤害提升[Ⅳ] & Magia伤害提升[Ⅱ]	visible-term-closure-exact-supersession	stable-key	DICT-01625	root-reviewed-official-cn-terminology	root-reviewed-approved	runtime_pass18_outside_pass15	authority-verified
P18-00340	magica/js/libs/emotionSkillMap.json	/2503102/shortDescription	2503102	shortDescription	Doppel伤害UP[Ⅰ] & Magia伤害UP[Ⅰ]	魔女化身伤害UP[Ⅰ] & Magia伤害UP[Ⅰ]	official_cn_game_term	official dump authority.json doppelList + skill shortDescription	authority-component-normalization	authority-verified	1.00	official_cn_game_term		魔女化身伤害提升[Ⅰ] & Magia伤害提升[Ⅰ]	visible-term-closure-exact-supersession	stable-key	DICT-01628	root-reviewed-official-cn-terminology	root-reviewed-approved	runtime_pass18_outside_pass15	authority-verified
P18-00341	magica/js/libs/emotionSkillMap.json	/2503103/shortDescription	2503103	shortDescription	Blast伤害UP[Ⅲ] & Doppel伤害UP[Ⅱ]	Blast伤害UP[Ⅲ] & 魔女化身伤害UP[Ⅱ]	official_cn_game_term	official dump authority.json doppelList + skill shortDescription	authority-component-normalization	authority-verified	1.00	official_cn_game_term		Blast伤害提升[Ⅲ] & 魔女化身伤害提升[Ⅱ]	visible-term-closure-exact-supersession	stable-key	DICT-01629	root-reviewed-official-cn-terminology	root-reviewed-approved	runtime_pass18_outside_pass15	authority-verified
P18-00342	magica/js/libs/emotionSkillMap.json	/2503104/shortDescription	2503104	shortDescription	Doppel伤害UP[Ⅰ] & Magia伤害UP[Ⅰ]	魔女化身伤害UP[Ⅰ] & Magia伤害UP[Ⅰ]	official_cn_game_term	official dump authority.json doppelList + skill shortDescription	authority-component-normalization	authority-verified	1.00	official_cn_game_term		魔女化身伤害提升[Ⅰ] & Magia伤害提升[Ⅰ]	visible-term-closure-exact-supersession	stable-key	DICT-01630	root-reviewed-official-cn-terminology	root-reviewed-approved	runtime_pass18_outside_pass15	authority-verified
P18-00343	magica/js/libs/emotionSkillMap.json	/2503112/shortDescription	2503112	shortDescription	自动回复MP[Ⅵ] & Doppel伤害UP[Ⅳ]	自动回复MP[Ⅵ] & 魔女化身伤害UP[Ⅳ]	official_cn_game_term	official dump authority.json doppelList + skill shortDescription	authority-component-normalization	authority-verified	1.00	official_cn_game_term		自动回复MP[Ⅵ] & 魔女化身伤害提升[Ⅳ]	visible-term-closure-exact-supersession	stable-key	DICT-01636	root-reviewed-official-cn-terminology	root-reviewed-approved	runtime_pass18_outside_pass15	authority-verified
P18-00344	magica/js/libs/emotionSkillMap.json	/2601102/shortDescription	2601102	shortDescription	Doppel伤害UP[Ⅰ] & Magia伤害UP[Ⅰ]	魔女化身伤害UP[Ⅰ] & Magia伤害UP[Ⅰ]	official_cn_game_term	official dump authority.json doppelList + skill shortDescription	authority-component-normalization	authority-verified	1.00	official_cn_game_term		魔女化身伤害提升[Ⅰ] & Magia伤害提升[Ⅰ]	visible-term-closure-exact-supersession	stable-key	DICT-01638	root-reviewed-official-cn-terminology	root-reviewed-approved	runtime_pass18_outside_pass15	authority-verified
P18-00345	magica/js/libs/emotionSkillMap.json	/2601104/shortDescription	2601104	shortDescription	Doppel伤害UP[Ⅰ] & Magia伤害UP[Ⅰ]	魔女化身伤害UP[Ⅰ] & Magia伤害UP[Ⅰ]	official_cn_game_term	official dump authority.json doppelList + skill shortDescription	authority-component-normalization	authority-verified	1.00	official_cn_game_term		魔女化身伤害提升[Ⅰ] & Magia伤害提升[Ⅰ]	visible-term-closure-exact-supersession	stable-key	DICT-01640	root-reviewed-official-cn-terminology	root-reviewed-approved	runtime_pass18_outside_pass15	authority-verified
P18-00346	magica/js/libs/emotionSkillMap.json	/2601108/shortDescription	2601108	shortDescription	Doppel伤害UP[Ⅱ] & Magia伤害UP[Ⅰ]	魔女化身伤害UP[Ⅱ] & Magia伤害UP[Ⅰ]	official_cn_game_term	official dump authority.json doppelList + skill shortDescription	authority-component-normalization	authority-verified	1.00	official_cn_game_term		魔女化身伤害提升[Ⅱ] & Magia伤害提升[Ⅰ]	visible-term-closure-exact-supersession	stable-key	DICT-01643	root-reviewed-official-cn-terminology	root-reviewed-approved	runtime_pass18_outside_pass15	authority-verified
P18-00347	magica/js/libs/emotionSkillMap.json	/2601112/shortDescription	2601112	shortDescription	战斗开始时获得火属性攻击力UP[Ⅴ] & Doppel伤害UP[Ⅲ](己全/5T)的状态	战斗开始时获得火属性攻击力UP[Ⅴ] & 魔女化身伤害UP[Ⅲ](己全/5T)的状态	official_cn_game_term	official dump authority.json doppelList + skill shortDescription	authority-component-normalization	authority-verified	1.00	official_cn_game_term		战斗开始时获得火属性攻击力提升[Ⅴ] & 魔女化身伤害提升[Ⅲ](己全/5T)的状态	visible-term-closure-exact-supersession	stable-key	DICT-01645	root-reviewed-official-cn-terminology	root-reviewed-approved	runtime_pass18_outside_pass15	authority-verified
P18-00348	magica/js/libs/emotionSkillMap.json	/2602102/shortDescription	2602102	shortDescription	Doppel伤害UP[Ⅰ] & Magia伤害UP[Ⅰ]	魔女化身伤害UP[Ⅰ] & Magia伤害UP[Ⅰ]	official_cn_game_term	official dump authority.json doppelList + skill shortDescription	authority-component-normalization	authority-verified	1.00	official_cn_game_term		魔女化身伤害提升[Ⅰ] & Magia伤害提升[Ⅰ]	visible-term-closure-exact-supersession	stable-key	DICT-01648	root-reviewed-official-cn-terminology	root-reviewed-approved	runtime_pass18_outside_pass15	authority-verified
P18-00349	magica/js/libs/emotionSkillMap.json	/2602104/shortDescription	2602104	shortDescription	Doppel伤害UP[Ⅰ] & Magia伤害UP[Ⅰ]	魔女化身伤害UP[Ⅰ] & Magia伤害UP[Ⅰ]	official_cn_game_term	official dump authority.json doppelList + skill shortDescription	authority-component-normalization	authority-verified	1.00	official_cn_game_term		魔女化身伤害提升[Ⅰ] & Magia伤害提升[Ⅰ]	visible-term-closure-exact-supersession	stable-key	DICT-01649	root-reviewed-official-cn-terminology	root-reviewed-approved	runtime_pass18_outside_pass15	authority-verified
P18-00350	magica/js/libs/emotionSkillMap.json	/2700102/shortDescription	2700102	shortDescription	Doppel伤害UP[Ⅰ] & Magia伤害UP[Ⅰ]	魔女化身伤害UP[Ⅰ] & Magia伤害UP[Ⅰ]	official_cn_game_term	official dump authority.json doppelList + skill shortDescription	authority-component-normalization	authority-verified	1.00	official_cn_game_term		魔女化身伤害提升[Ⅰ] & Magia伤害提升[Ⅰ]	visible-term-closure-exact-supersession	stable-key	DICT-01654	root-reviewed-official-cn-terminology	root-reviewed-approved	runtime_pass18_outside_pass15	authority-verified
P18-00351	magica/js/libs/emotionSkillMap.json	/2700104/shortDescription	2700104	shortDescription	Doppel伤害UP[Ⅰ] & Magia伤害UP[Ⅰ]	魔女化身伤害UP[Ⅰ] & Magia伤害UP[Ⅰ]	official_cn_game_term	official dump authority.json doppelList + skill shortDescription	authority-component-normalization	authority-verified	1.00	official_cn_game_term		魔女化身伤害提升[Ⅰ] & Magia伤害提升[Ⅰ]	visible-term-closure-exact-supersession	stable-key	DICT-01656	root-reviewed-official-cn-terminology	root-reviewed-approved	runtime_pass18_outside_pass15	authority-verified
P18-00352	magica/js/libs/emotionSkillMap.json	/2701102/shortDescription	2701102	shortDescription	Doppel伤害UP[Ⅰ] & Magia伤害UP[Ⅰ]	魔女化身伤害UP[Ⅰ] & Magia伤害UP[Ⅰ]	official_cn_game_term	official dump authority.json doppelList + skill shortDescription	authority-component-normalization	authority-verified	1.00	official_cn_game_term		魔女化身伤害提升[Ⅰ] & Magia伤害提升[Ⅰ]	visible-term-closure-exact-supersession	stable-key	DICT-01661	root-reviewed-official-cn-terminology	root-reviewed-approved	runtime_pass18_outside_pass15	authority-verified
P18-00353	magica/js/libs/emotionSkillMap.json	/2701104/shortDescription	2701104	shortDescription	Doppel伤害UP[Ⅰ] & Magia伤害UP[Ⅰ]	魔女化身伤害UP[Ⅰ] & Magia伤害UP[Ⅰ]	official_cn_game_term	official dump authority.json doppelList + skill shortDescription	authority-component-normalization	authority-verified	1.00	official_cn_game_term		魔女化身伤害提升[Ⅰ] & Magia伤害提升[Ⅰ]	visible-term-closure-exact-supersession	stable-key	DICT-01662	root-reviewed-official-cn-terminology	root-reviewed-approved	runtime_pass18_outside_pass15	authority-verified
P18-00354	magica/js/libs/emotionSkillMap.json	/3002101/shortDescription	3002101	shortDescription	Doppel伤害UP[Ⅲ] & Magia伤害UP[Ⅰ]	魔女化身伤害UP[Ⅲ] & Magia伤害UP[Ⅰ]	official_cn_game_term	official dump authority.json doppelList + skill shortDescription	authority-component-normalization	authority-verified	1.00	official_cn_game_term		魔女化身伤害提升[Ⅲ] & Magia伤害提升[Ⅰ]	visible-term-closure-exact-supersession	stable-key	DICT-01667	root-reviewed-official-cn-terminology	root-reviewed-approved	runtime_pass18_outside_pass15	authority-verified
P18-00355	magica/js/libs/emotionSkillMap.json	/3002102/shortDescription	3002102	shortDescription	Doppel伤害UP[Ⅲ] & Magia伤害UP[Ⅰ]	魔女化身伤害UP[Ⅲ] & Magia伤害UP[Ⅰ]	official_cn_game_term	official dump authority.json doppelList + skill shortDescription	authority-component-normalization	authority-verified	1.00	official_cn_game_term		魔女化身伤害提升[Ⅲ] & Magia伤害提升[Ⅰ]	visible-term-closure-exact-supersession	stable-key	DICT-01668	root-reviewed-official-cn-terminology	root-reviewed-approved	runtime_pass18_outside_pass15	authority-verified
P18-00356	magica/js/libs/emotionSkillMap.json	/3003101/shortDescription	3003101	shortDescription	Doppel伤害UP[Ⅰ] & Magia伤害UP[Ⅰ]	魔女化身伤害UP[Ⅰ] & Magia伤害UP[Ⅰ]	official_cn_game_term	official dump authority.json doppelList + skill shortDescription	authority-component-normalization	authority-verified	1.00	official_cn_game_term		魔女化身伤害提升[Ⅰ] & Magia伤害提升[Ⅰ]	visible-term-closure-exact-supersession	stable-key	DICT-01676	root-reviewed-official-cn-terminology	root-reviewed-approved	runtime_pass18_outside_pass15	authority-verified
P18-00357	magica/js/libs/emotionSkillMap.json	/3003102/shortDescription	3003102	shortDescription	Doppel伤害UP[Ⅰ] & Magia伤害UP[Ⅰ]	魔女化身伤害UP[Ⅰ] & Magia伤害UP[Ⅰ]	official_cn_game_term	official dump authority.json doppelList + skill shortDescription	authority-component-normalization	authority-verified	1.00	official_cn_game_term		魔女化身伤害提升[Ⅰ] & Magia伤害提升[Ⅰ]	visible-term-closure-exact-supersession	stable-key	DICT-01677	root-reviewed-official-cn-terminology	root-reviewed-approved	runtime_pass18_outside_pass15	authority-verified
P18-00358	magica/js/libs/emotionSkillMap.json	/3013102/shortDescription	3013102	shortDescription	Doppel伤害UP[Ⅲ] & Magia伤害UP[Ⅰ]	魔女化身伤害UP[Ⅲ] & Magia伤害UP[Ⅰ]	official_cn_game_term	official dump authority.json doppelList + skill shortDescription	authority-component-normalization	authority-verified	1.00	official_cn_game_term		魔女化身伤害提升[Ⅲ] & Magia伤害提升[Ⅰ]	visible-term-closure-exact-supersession	stable-key	DICT-01685	root-reviewed-official-cn-terminology	root-reviewed-approved	runtime_pass18_outside_pass15	authority-verified
P18-00359	magica/js/libs/emotionSkillMap.json	/3013104/shortDescription	3013104	shortDescription	Doppel伤害UP[Ⅳ] & Magia伤害UP[Ⅱ]	魔女化身伤害UP[Ⅳ] & Magia伤害UP[Ⅱ]	official_cn_game_term	official dump authority.json doppelList + skill shortDescription	authority-component-normalization	authority-verified	1.00	official_cn_game_term		魔女化身伤害提升[Ⅳ] & Magia伤害提升[Ⅱ]	visible-term-closure-exact-supersession	stable-key	DICT-01687	root-reviewed-official-cn-terminology	root-reviewed-approved	runtime_pass18_outside_pass15	authority-verified
P18-00360	magica/js/libs/emotionSkillMap.json	/3014103/shortDescription	3014103	shortDescription	Doppel伤害UP[Ⅰ] & Magia伤害UP[Ⅰ]	魔女化身伤害UP[Ⅰ] & Magia伤害UP[Ⅰ]	official_cn_game_term	official dump authority.json doppelList + skill shortDescription	authority-component-normalization	authority-verified	1.00	official_cn_game_term		魔女化身伤害提升[Ⅰ] & Magia伤害提升[Ⅰ]	visible-term-closure-exact-supersession	stable-key	DICT-01698	root-reviewed-official-cn-terminology	root-reviewed-approved	runtime_pass18_outside_pass15	authority-verified
P18-00361	magica/js/libs/emotionSkillMap.json	/3014106/shortDescription	3014106	shortDescription	Doppel伤害UP[Ⅰ] & Magia伤害UP[Ⅰ]	魔女化身伤害UP[Ⅰ] & Magia伤害UP[Ⅰ]	official_cn_game_term	official dump authority.json doppelList + skill shortDescription	authority-component-normalization	authority-verified	1.00	official_cn_game_term		魔女化身伤害提升[Ⅰ] & Magia伤害提升[Ⅰ]	visible-term-closure-exact-supersession	stable-key	DICT-01700	root-reviewed-official-cn-terminology	root-reviewed-approved	runtime_pass18_outside_pass15	authority-verified
P18-00362	magica/js/libs/emotionSkillMap.json	/3015104/shortDescription	3015104	shortDescription	Doppel伤害UP[Ⅲ] & Magia伤害UP[Ⅰ]	魔女化身伤害UP[Ⅲ] & Magia伤害UP[Ⅰ]	official_cn_game_term	official dump authority.json doppelList + skill shortDescription	authority-component-normalization	authority-verified	1.00	official_cn_game_term		魔女化身伤害提升[Ⅲ] & Magia伤害提升[Ⅰ]	visible-term-closure-exact-supersession	stable-key	DICT-01707	root-reviewed-official-cn-terminology	root-reviewed-approved	runtime_pass18_outside_pass15	authority-verified
P18-00363	magica/js/libs/emotionSkillMap.json	/3015106/shortDescription	3015106	shortDescription	Doppel伤害UP[Ⅳ] & Magia伤害UP[Ⅱ]	魔女化身伤害UP[Ⅳ] & Magia伤害UP[Ⅱ]	official_cn_game_term	official dump authority.json doppelList + skill shortDescription	authority-component-normalization	authority-verified	1.00	official_cn_game_term		魔女化身伤害提升[Ⅳ] & Magia伤害提升[Ⅱ]	visible-term-closure-exact-supersession	stable-key	DICT-01709	root-reviewed-official-cn-terminology	root-reviewed-approved	runtime_pass18_outside_pass15	authority-verified
P18-00364	magica/js/libs/emotionSkillMap.json	/3017103/shortDescription	3017103	shortDescription	Doppel伤害UP[Ⅰ] & Magia伤害UP[Ⅰ]	魔女化身伤害UP[Ⅰ] & Magia伤害UP[Ⅰ]	official_cn_game_term	official dump authority.json doppelList + skill shortDescription	authority-component-normalization	authority-verified	1.00	official_cn_game_term		魔女化身伤害提升[Ⅰ] & Magia伤害提升[Ⅰ]	visible-term-closure-exact-supersession	stable-key	DICT-01715	root-reviewed-official-cn-terminology	root-reviewed-approved	runtime_pass18_outside_pass15	authority-verified
P18-00365	magica/js/libs/emotionSkillMap.json	/3017106/shortDescription	3017106	shortDescription	Doppel伤害UP[Ⅰ] & Magia伤害UP[Ⅰ]	魔女化身伤害UP[Ⅰ] & Magia伤害UP[Ⅰ]	official_cn_game_term	official dump authority.json doppelList + skill shortDescription	authority-component-normalization	authority-verified	1.00	official_cn_game_term		魔女化身伤害提升[Ⅰ] & Magia伤害提升[Ⅰ]	visible-term-closure-exact-supersession	stable-key	DICT-01717	root-reviewed-official-cn-terminology	root-reviewed-approved	runtime_pass18_outside_pass15	authority-verified
P18-00366	magica/js/libs/emotionSkillMap.json	/3018103/shortDescription	3018103	shortDescription	Doppel伤害UP[Ⅲ] & Magia伤害UP[Ⅰ]	魔女化身伤害UP[Ⅲ] & Magia伤害UP[Ⅰ]	official_cn_game_term	official dump authority.json doppelList + skill shortDescription	authority-component-normalization	authority-verified	1.00	official_cn_game_term		魔女化身伤害提升[Ⅲ] & Magia伤害提升[Ⅰ]	visible-term-closure-exact-supersession	stable-key	DICT-01726	root-reviewed-official-cn-terminology	root-reviewed-approved	runtime_pass18_outside_pass15	authority-verified
P18-00367	magica/js/libs/emotionSkillMap.json	/3018104/shortDescription	3018104	shortDescription	Doppel伤害UP[Ⅳ] & Magia伤害UP[Ⅱ]	魔女化身伤害UP[Ⅳ] & Magia伤害UP[Ⅱ]	official_cn_game_term	official dump authority.json doppelList + skill shortDescription	authority-component-normalization	authority-verified	1.00	official_cn_game_term		魔女化身伤害提升[Ⅳ] & Magia伤害提升[Ⅱ]	visible-term-closure-exact-supersession	stable-key	DICT-01727	root-reviewed-official-cn-terminology	root-reviewed-approved	runtime_pass18_outside_pass15	authority-verified
P18-00368	magica/js/libs/emotionSkillMap.json	/3020101/shortDescription	3020101	shortDescription	Doppel伤害UP[Ⅰ] & Magia伤害UP[Ⅰ]	魔女化身伤害UP[Ⅰ] & Magia伤害UP[Ⅰ]	official_cn_game_term	official dump authority.json doppelList + skill shortDescription	authority-component-normalization	authority-verified	1.00	official_cn_game_term		魔女化身伤害提升[Ⅰ] & Magia伤害提升[Ⅰ]	visible-term-closure-exact-supersession	stable-key	DICT-01731	root-reviewed-official-cn-terminology	root-reviewed-approved	runtime_pass18_outside_pass15	authority-verified
P18-00369	magica/js/libs/emotionSkillMap.json	/3020102/shortDescription	3020102	shortDescription	Doppel伤害UP[Ⅰ] & Magia伤害UP[Ⅰ]	魔女化身伤害UP[Ⅰ] & Magia伤害UP[Ⅰ]	official_cn_game_term	official dump authority.json doppelList + skill shortDescription	authority-component-normalization	authority-verified	1.00	official_cn_game_term		魔女化身伤害提升[Ⅰ] & Magia伤害提升[Ⅰ]	visible-term-closure-exact-supersession	stable-key	DICT-01732	root-reviewed-official-cn-terminology	root-reviewed-approved	runtime_pass18_outside_pass15	authority-verified
P18-00370	magica/js/libs/emotionSkillMap.json	/3021102/shortDescription	3021102	shortDescription	Doppel伤害UP[Ⅲ] & Magia伤害UP[Ⅰ]	魔女化身伤害UP[Ⅲ] & Magia伤害UP[Ⅰ]	official_cn_game_term	official dump authority.json doppelList + skill shortDescription	authority-component-normalization	authority-verified	1.00	official_cn_game_term		魔女化身伤害提升[Ⅲ] & Magia伤害提升[Ⅰ]	visible-term-closure-exact-supersession	stable-key	DICT-01742	root-reviewed-official-cn-terminology	root-reviewed-approved	runtime_pass18_outside_pass15	authority-verified
P18-00371	magica/js/libs/emotionSkillMap.json	/3021104/shortDescription	3021104	shortDescription	Doppel伤害UP[Ⅳ] & Magia伤害UP[Ⅱ]	魔女化身伤害UP[Ⅳ] & Magia伤害UP[Ⅱ]	official_cn_game_term	official dump authority.json doppelList + skill shortDescription	authority-component-normalization	authority-verified	1.00	official_cn_game_term		魔女化身伤害提升[Ⅳ] & Magia伤害提升[Ⅱ]	visible-term-closure-exact-supersession	stable-key	DICT-01744	root-reviewed-official-cn-terminology	root-reviewed-approved	runtime_pass18_outside_pass15	authority-verified
P18-00372	magica/js/libs/emotionSkillMap.json	/3022102/shortDescription	3022102	shortDescription	Doppel伤害UP[Ⅰ] & Magia伤害UP[Ⅰ]	魔女化身伤害UP[Ⅰ] & Magia伤害UP[Ⅰ]	official_cn_game_term	official dump authority.json doppelList + skill shortDescription	authority-component-normalization	authority-verified	1.00	official_cn_game_term		魔女化身伤害提升[Ⅰ] & Magia伤害提升[Ⅰ]	visible-term-closure-exact-supersession	stable-key	DICT-01750	root-reviewed-official-cn-terminology	root-reviewed-approved	runtime_pass18_outside_pass15	authority-verified
P18-00373	magica/js/libs/emotionSkillMap.json	/3022104/shortDescription	3022104	shortDescription	Doppel伤害UP[Ⅰ] & Magia伤害UP[Ⅰ]	魔女化身伤害UP[Ⅰ] & Magia伤害UP[Ⅰ]	official_cn_game_term	official dump authority.json doppelList + skill shortDescription	authority-component-normalization	authority-verified	1.00	official_cn_game_term		魔女化身伤害提升[Ⅰ] & Magia伤害提升[Ⅰ]	visible-term-closure-exact-supersession	stable-key	DICT-01752	root-reviewed-official-cn-terminology	root-reviewed-approved	runtime_pass18_outside_pass15	authority-verified
P18-00374	magica/js/libs/emotionSkillMap.json	/3023102/shortDescription	3023102	shortDescription	Doppel伤害UP[Ⅰ] & Magia伤害UP[Ⅰ]	魔女化身伤害UP[Ⅰ] & Magia伤害UP[Ⅰ]	official_cn_game_term	official dump authority.json doppelList + skill shortDescription	authority-component-normalization	authority-verified	1.00	official_cn_game_term		魔女化身伤害提升[Ⅰ] & Magia伤害提升[Ⅰ]	visible-term-closure-exact-supersession	stable-key	DICT-01757	root-reviewed-official-cn-terminology	root-reviewed-approved	runtime_pass18_outside_pass15	authority-verified
P18-00375	magica/js/libs/emotionSkillMap.json	/3023105/shortDescription	3023105	shortDescription	Doppel伤害UP[Ⅰ] & Magia伤害UP[Ⅰ]	魔女化身伤害UP[Ⅰ] & Magia伤害UP[Ⅰ]	official_cn_game_term	official dump authority.json doppelList + skill shortDescription	authority-component-normalization	authority-verified	1.00	official_cn_game_term		魔女化身伤害提升[Ⅰ] & Magia伤害提升[Ⅰ]	visible-term-closure-exact-supersession	stable-key	DICT-01760	root-reviewed-official-cn-terminology	root-reviewed-approved	runtime_pass18_outside_pass15	authority-verified
P18-00376	magica/js/libs/emotionSkillMap.json	/3024102/shortDescription	3024102	shortDescription	Doppel伤害UP[Ⅰ] & Magia伤害UP[Ⅰ]	魔女化身伤害UP[Ⅰ] & Magia伤害UP[Ⅰ]	official_cn_game_term	official dump authority.json doppelList + skill shortDescription	authority-component-normalization	authority-verified	1.00	official_cn_game_term		魔女化身伤害提升[Ⅰ] & Magia伤害提升[Ⅰ]	visible-term-closure-exact-supersession	stable-key	DICT-01766	root-reviewed-official-cn-terminology	root-reviewed-approved	runtime_pass18_outside_pass15	authority-verified
P18-00377	magica/js/libs/emotionSkillMap.json	/3024105/shortDescription	3024105	shortDescription	Doppel伤害UP[Ⅰ] & Magia伤害UP[Ⅰ]	魔女化身伤害UP[Ⅰ] & Magia伤害UP[Ⅰ]	official_cn_game_term	official dump authority.json doppelList + skill shortDescription	authority-component-normalization	authority-verified	1.00	official_cn_game_term		魔女化身伤害提升[Ⅰ] & Magia伤害提升[Ⅰ]	visible-term-closure-exact-supersession	stable-key	DICT-01768	root-reviewed-official-cn-terminology	root-reviewed-approved	runtime_pass18_outside_pass15	authority-verified
P18-00378	magica/js/libs/emotionSkillMap.json	/3026105/shortDescription	3026105	shortDescription	Doppel伤害UP[Ⅰ] & Magia伤害UP[Ⅰ]	魔女化身伤害UP[Ⅰ] & Magia伤害UP[Ⅰ]	official_cn_game_term	official dump authority.json doppelList + skill shortDescription	authority-component-normalization	authority-verified	1.00	official_cn_game_term		魔女化身伤害提升[Ⅰ] & Magia伤害提升[Ⅰ]	visible-term-closure-exact-supersession	stable-key	DICT-01775	root-reviewed-official-cn-terminology	root-reviewed-approved	runtime_pass18_outside_pass15	authority-verified
P18-00379	magica/js/libs/emotionSkillMap.json	/3026106/shortDescription	3026106	shortDescription	Doppel伤害UP[Ⅰ] & Magia伤害UP[Ⅰ]	魔女化身伤害UP[Ⅰ] & Magia伤害UP[Ⅰ]	official_cn_game_term	official dump authority.json doppelList + skill shortDescription	authority-component-normalization	authority-verified	1.00	official_cn_game_term		魔女化身伤害提升[Ⅰ] & Magia伤害提升[Ⅰ]	visible-term-closure-exact-supersession	stable-key	DICT-01776	root-reviewed-official-cn-terminology	root-reviewed-approved	runtime_pass18_outside_pass15	authority-verified
P18-00380	magica/js/libs/emotionSkillMap.json	/3027102/shortDescription	3027102	shortDescription	Doppel伤害UP[Ⅰ] & Magia伤害UP[Ⅰ]	魔女化身伤害UP[Ⅰ] & Magia伤害UP[Ⅰ]	official_cn_game_term	official dump authority.json doppelList + skill shortDescription	authority-component-normalization	authority-verified	1.00	official_cn_game_term		魔女化身伤害提升[Ⅰ] & Magia伤害提升[Ⅰ]	visible-term-closure-exact-supersession	stable-key	DICT-01784	root-reviewed-official-cn-terminology	root-reviewed-approved	runtime_pass18_outside_pass15	authority-verified
P18-00381	magica/js/libs/emotionSkillMap.json	/3027104/shortDescription	3027104	shortDescription	Doppel伤害UP[Ⅰ] & Magia伤害UP[Ⅰ]	魔女化身伤害UP[Ⅰ] & Magia伤害UP[Ⅰ]	official_cn_game_term	official dump authority.json doppelList + skill shortDescription	authority-component-normalization	authority-verified	1.00	official_cn_game_term		魔女化身伤害提升[Ⅰ] & Magia伤害提升[Ⅰ]	visible-term-closure-exact-supersession	stable-key	DICT-01786	root-reviewed-official-cn-terminology	root-reviewed-approved	runtime_pass18_outside_pass15	authority-verified
P18-00382	magica/js/libs/emotionSkillMap.json	/3028104/shortDescription	3028104	shortDescription	Doppel伤害UP[Ⅲ] & Magia伤害UP[Ⅰ]	魔女化身伤害UP[Ⅲ] & Magia伤害UP[Ⅰ]	official_cn_game_term	official dump authority.json doppelList + skill shortDescription	authority-component-normalization	authority-verified	1.00	official_cn_game_term		魔女化身伤害提升[Ⅲ] & Magia伤害提升[Ⅰ]	visible-term-closure-exact-supersession	stable-key	DICT-01795	root-reviewed-official-cn-terminology	root-reviewed-approved	runtime_pass18_outside_pass15	authority-verified
P18-00383	magica/js/libs/emotionSkillMap.json	/3028105/shortDescription	3028105	shortDescription	Doppel伤害UP[Ⅳ] & Magia伤害UP[Ⅱ]	魔女化身伤害UP[Ⅳ] & Magia伤害UP[Ⅱ]	official_cn_game_term	official dump authority.json doppelList + skill shortDescription	authority-component-normalization	authority-verified	1.00	official_cn_game_term		魔女化身伤害提升[Ⅳ] & Magia伤害提升[Ⅱ]	visible-term-closure-exact-supersession	stable-key	DICT-01796	root-reviewed-official-cn-terminology	root-reviewed-approved	runtime_pass18_outside_pass15	authority-verified
P18-00384	magica/js/libs/emotionSkillMap.json	/3034103/shortDescription	3034103	shortDescription	Doppel伤害UP[Ⅲ] & Magia伤害UP[Ⅰ]	魔女化身伤害UP[Ⅲ] & Magia伤害UP[Ⅰ]	official_cn_game_term	official dump authority.json doppelList + skill shortDescription	authority-component-normalization	authority-verified	1.00	official_cn_game_term		魔女化身伤害提升[Ⅲ] & Magia伤害提升[Ⅰ]	visible-term-closure-exact-supersession	stable-key	DICT-01805	root-reviewed-official-cn-terminology	root-reviewed-approved	runtime_pass18_outside_pass15	authority-verified
P18-00385	magica/js/libs/emotionSkillMap.json	/3034104/shortDescription	3034104	shortDescription	Doppel伤害UP[Ⅲ] & Magia伤害UP[Ⅰ]	魔女化身伤害UP[Ⅲ] & Magia伤害UP[Ⅰ]	official_cn_game_term	official dump authority.json doppelList + skill shortDescription	authority-component-normalization	authority-verified	1.00	official_cn_game_term		魔女化身伤害提升[Ⅲ] & Magia伤害提升[Ⅰ]	visible-term-closure-exact-supersession	stable-key	DICT-01806	root-reviewed-official-cn-terminology	root-reviewed-approved	runtime_pass18_outside_pass15	authority-verified
P18-00386	magica/js/libs/emotionSkillMap.json	/3035102/shortDescription	3035102	shortDescription	Doppel伤害UP[Ⅰ] & Magia伤害UP[Ⅰ]	魔女化身伤害UP[Ⅰ] & Magia伤害UP[Ⅰ]	official_cn_game_term	official dump authority.json doppelList + skill shortDescription	authority-component-normalization	authority-verified	1.00	official_cn_game_term		魔女化身伤害提升[Ⅰ] & Magia伤害提升[Ⅰ]	visible-term-closure-exact-supersession	stable-key	DICT-01814	root-reviewed-official-cn-terminology	root-reviewed-approved	runtime_pass18_outside_pass15	authority-verified
P18-00387	magica/js/libs/emotionSkillMap.json	/3035104/shortDescription	3035104	shortDescription	Doppel伤害UP[Ⅰ] & Magia伤害UP[Ⅰ]	魔女化身伤害UP[Ⅰ] & Magia伤害UP[Ⅰ]	official_cn_game_term	official dump authority.json doppelList + skill shortDescription	authority-component-normalization	authority-verified	1.00	official_cn_game_term		魔女化身伤害提升[Ⅰ] & Magia伤害提升[Ⅰ]	visible-term-closure-exact-supersession	stable-key	DICT-01816	root-reviewed-official-cn-terminology	root-reviewed-approved	runtime_pass18_outside_pass15	authority-verified
P18-00388	magica/js/libs/emotionSkillMap.json	/3036101/shortDescription	3036101	shortDescription	Doppel伤害UP[Ⅰ] & Magia伤害UP[Ⅰ]	魔女化身伤害UP[Ⅰ] & Magia伤害UP[Ⅰ]	official_cn_game_term	official dump authority.json doppelList + skill shortDescription	authority-component-normalization	authority-verified	1.00	official_cn_game_term		魔女化身伤害提升[Ⅰ] & Magia伤害提升[Ⅰ]	visible-term-closure-exact-supersession	stable-key	DICT-01823	root-reviewed-official-cn-terminology	root-reviewed-approved	runtime_pass18_outside_pass15	authority-verified
P18-00389	magica/js/libs/emotionSkillMap.json	/3036102/shortDescription	3036102	shortDescription	Doppel伤害UP[Ⅰ] & Magia伤害UP[Ⅰ]	魔女化身伤害UP[Ⅰ] & Magia伤害UP[Ⅰ]	official_cn_game_term	official dump authority.json doppelList + skill shortDescription	authority-component-normalization	authority-verified	1.00	official_cn_game_term		魔女化身伤害提升[Ⅰ] & Magia伤害提升[Ⅰ]	visible-term-closure-exact-supersession	stable-key	DICT-01824	root-reviewed-official-cn-terminology	root-reviewed-approved	runtime_pass18_outside_pass15	authority-verified
P18-00390	magica/js/libs/emotionSkillMap.json	/3038103/shortDescription	3038103	shortDescription	Doppel伤害UP[Ⅰ] & Magia伤害UP[Ⅰ]	魔女化身伤害UP[Ⅰ] & Magia伤害UP[Ⅰ]	official_cn_game_term	official dump authority.json doppelList + skill shortDescription	authority-component-normalization	authority-verified	1.00	official_cn_game_term		魔女化身伤害提升[Ⅰ] & Magia伤害提升[Ⅰ]	visible-term-closure-exact-supersession	stable-key	DICT-01835	root-reviewed-official-cn-terminology	root-reviewed-approved	runtime_pass18_outside_pass15	authority-verified
P18-00391	magica/js/libs/emotionSkillMap.json	/3038104/shortDescription	3038104	shortDescription	Doppel伤害UP[Ⅰ] & Magia伤害UP[Ⅰ]	魔女化身伤害UP[Ⅰ] & Magia伤害UP[Ⅰ]	official_cn_game_term	official dump authority.json doppelList + skill shortDescription	authority-component-normalization	authority-verified	1.00	official_cn_game_term		魔女化身伤害提升[Ⅰ] & Magia伤害提升[Ⅰ]	visible-term-closure-exact-supersession	stable-key	DICT-01836	root-reviewed-official-cn-terminology	root-reviewed-approved	runtime_pass18_outside_pass15	authority-verified
P18-00392	magica/js/libs/emotionSkillMap.json	/3038106/shortDescription	3038106	shortDescription	Doppel伤害UP[Ⅱ] & Magia伤害UP[Ⅰ]	魔女化身伤害UP[Ⅱ] & Magia伤害UP[Ⅰ]	official_cn_game_term	official dump authority.json doppelList + skill shortDescription	authority-component-normalization	authority-verified	1.00	official_cn_game_term		魔女化身伤害提升[Ⅱ] & Magia伤害提升[Ⅰ]	visible-term-closure-exact-supersession	stable-key	DICT-01838	root-reviewed-official-cn-terminology	root-reviewed-approved	runtime_pass18_outside_pass15	authority-verified
P18-00393	magica/js/libs/emotionSkillMap.json	/3039102/shortDescription	3039102	shortDescription	Doppel伤害UP[Ⅰ] & Magia伤害UP[Ⅰ]	魔女化身伤害UP[Ⅰ] & Magia伤害UP[Ⅰ]	official_cn_game_term	official dump authority.json doppelList + skill shortDescription	authority-component-normalization	authority-verified	1.00	official_cn_game_term		魔女化身伤害提升[Ⅰ] & Magia伤害提升[Ⅰ]	visible-term-closure-exact-supersession	stable-key	DICT-01843	root-reviewed-official-cn-terminology	root-reviewed-approved	runtime_pass18_outside_pass15	authority-verified
P18-00394	magica/js/libs/emotionSkillMap.json	/3039104/shortDescription	3039104	shortDescription	Doppel伤害UP[Ⅰ] & Magia伤害UP[Ⅰ]	魔女化身伤害UP[Ⅰ] & Magia伤害UP[Ⅰ]	official_cn_game_term	official dump authority.json doppelList + skill shortDescription	authority-component-normalization	authority-verified	1.00	official_cn_game_term		魔女化身伤害提升[Ⅰ] & Magia伤害提升[Ⅰ]	visible-term-closure-exact-supersession	stable-key	DICT-01845	root-reviewed-official-cn-terminology	root-reviewed-approved	runtime_pass18_outside_pass15	authority-verified
P18-00395	magica/js/libs/emotionSkillMap.json	/3040101/shortDescription	3040101	shortDescription	Doppel伤害UP[Ⅲ] & Magia伤害UP[Ⅰ]	魔女化身伤害UP[Ⅲ] & Magia伤害UP[Ⅰ]	official_cn_game_term	official dump authority.json doppelList + skill shortDescription	authority-component-normalization	authority-verified	1.00	official_cn_game_term		魔女化身伤害提升[Ⅲ] & Magia伤害提升[Ⅰ]	visible-term-closure-exact-supersession	stable-key	DICT-01853	root-reviewed-official-cn-terminology	root-reviewed-approved	runtime_pass18_outside_pass15	authority-verified
P18-00396	magica/js/libs/emotionSkillMap.json	/3040103/shortDescription	3040103	shortDescription	Doppel伤害UP[Ⅳ] & Magia伤害UP[Ⅱ]	魔女化身伤害UP[Ⅳ] & Magia伤害UP[Ⅱ]	official_cn_game_term	official dump authority.json doppelList + skill shortDescription	authority-component-normalization	authority-verified	1.00	official_cn_game_term		魔女化身伤害提升[Ⅳ] & Magia伤害提升[Ⅱ]	visible-term-closure-exact-supersession	stable-key	DICT-01855	root-reviewed-official-cn-terminology	root-reviewed-approved	runtime_pass18_outside_pass15	authority-verified
P18-00397	magica/js/libs/emotionSkillMap.json	/3041102/shortDescription	3041102	shortDescription	Doppel伤害UP[Ⅲ] & Magia伤害UP[Ⅰ]	魔女化身伤害UP[Ⅲ] & Magia伤害UP[Ⅰ]	official_cn_game_term	official dump authority.json doppelList + skill shortDescription	authority-component-normalization	authority-verified	1.00	official_cn_game_term		魔女化身伤害提升[Ⅲ] & Magia伤害提升[Ⅰ]	visible-term-closure-exact-supersession	stable-key	DICT-01863	root-reviewed-official-cn-terminology	root-reviewed-approved	runtime_pass18_outside_pass15	authority-verified
P18-00398	magica/js/libs/emotionSkillMap.json	/3041104/shortDescription	3041104	shortDescription	Doppel伤害UP[Ⅳ] & Magia伤害UP[Ⅱ]	魔女化身伤害UP[Ⅳ] & Magia伤害UP[Ⅱ]	official_cn_game_term	official dump authority.json doppelList + skill shortDescription	authority-component-normalization	authority-verified	1.00	official_cn_game_term		魔女化身伤害提升[Ⅳ] & Magia伤害提升[Ⅱ]	visible-term-closure-exact-supersession	stable-key	DICT-01865	root-reviewed-official-cn-terminology	root-reviewed-approved	runtime_pass18_outside_pass15	authority-verified
P18-00399	magica/js/libs/emotionSkillMap.json	/3042101/shortDescription	3042101	shortDescription	Doppel伤害UP[Ⅲ] & Magia伤害UP[Ⅰ]	魔女化身伤害UP[Ⅲ] & Magia伤害UP[Ⅰ]	official_cn_game_term	official dump authority.json doppelList + skill shortDescription	authority-component-normalization	authority-verified	1.00	official_cn_game_term		魔女化身伤害提升[Ⅲ] & Magia伤害提升[Ⅰ]	visible-term-closure-exact-supersession	stable-key	DICT-01870	root-reviewed-official-cn-terminology	root-reviewed-approved	runtime_pass18_outside_pass15	authority-verified
P18-00400	magica/js/libs/emotionSkillMap.json	/3042103/shortDescription	3042103	shortDescription	Doppel伤害UP[Ⅳ] & Magia伤害UP[Ⅱ]	魔女化身伤害UP[Ⅳ] & Magia伤害UP[Ⅱ]	official_cn_game_term	official dump authority.json doppelList + skill shortDescription	authority-component-normalization	authority-verified	1.00	official_cn_game_term		魔女化身伤害提升[Ⅳ] & Magia伤害提升[Ⅱ]	visible-term-closure-exact-supersession	stable-key	DICT-01872	root-reviewed-official-cn-terminology	root-reviewed-approved	runtime_pass18_outside_pass15	authority-verified
P18-00401	magica/js/libs/emotionSkillMap.json	/3044104/shortDescription	3044104	shortDescription	Doppel伤害UP[Ⅲ] & Magia伤害UP[Ⅰ]	魔女化身伤害UP[Ⅲ] & Magia伤害UP[Ⅰ]	official_cn_game_term	official dump authority.json doppelList + skill shortDescription	authority-component-normalization	authority-verified	1.00	official_cn_game_term		魔女化身伤害提升[Ⅲ] & Magia伤害提升[Ⅰ]	visible-term-closure-exact-supersession	stable-key	DICT-01883	root-reviewed-official-cn-terminology	root-reviewed-approved	runtime_pass18_outside_pass15	authority-verified
P18-00402	magica/js/libs/emotionSkillMap.json	/3044106/shortDescription	3044106	shortDescription	Doppel伤害UP[Ⅳ] & Magia伤害UP[Ⅱ]	魔女化身伤害UP[Ⅳ] & Magia伤害UP[Ⅱ]	official_cn_game_term	official dump authority.json doppelList + skill shortDescription	authority-component-normalization	authority-verified	1.00	official_cn_game_term		魔女化身伤害提升[Ⅳ] & Magia伤害提升[Ⅱ]	visible-term-closure-exact-supersession	stable-key	DICT-01885	root-reviewed-official-cn-terminology	root-reviewed-approved	runtime_pass18_outside_pass15	authority-verified
P18-00403	magica/js/libs/emotionSkillMap.json	/3045102/shortDescription	3045102	shortDescription	Doppel伤害UP[Ⅰ] & Magia伤害UP[Ⅰ]	魔女化身伤害UP[Ⅰ] & Magia伤害UP[Ⅰ]	official_cn_game_term	official dump authority.json doppelList + skill shortDescription	authority-component-normalization	authority-verified	1.00	official_cn_game_term		魔女化身伤害提升[Ⅰ] & Magia伤害提升[Ⅰ]	visible-term-closure-exact-supersession	stable-key	DICT-01890	root-reviewed-official-cn-terminology	root-reviewed-approved	runtime_pass18_outside_pass15	authority-verified
P18-00404	magica/js/libs/emotionSkillMap.json	/3045104/shortDescription	3045104	shortDescription	Doppel伤害UP[Ⅰ] & Magia伤害UP[Ⅰ]	魔女化身伤害UP[Ⅰ] & Magia伤害UP[Ⅰ]	official_cn_game_term	official dump authority.json doppelList + skill shortDescription	authority-component-normalization	authority-verified	1.00	official_cn_game_term		魔女化身伤害提升[Ⅰ] & Magia伤害提升[Ⅰ]	visible-term-closure-exact-supersession	stable-key	DICT-01892	root-reviewed-official-cn-terminology	root-reviewed-approved	runtime_pass18_outside_pass15	authority-verified
P18-00405	magica/js/libs/emotionSkillMap.json	/3046101/shortDescription	3046101	shortDescription	Doppel伤害UP[Ⅲ] & Magia伤害UP[Ⅰ]	魔女化身伤害UP[Ⅲ] & Magia伤害UP[Ⅰ]	official_cn_game_term	official dump authority.json doppelList + skill shortDescription	authority-component-normalization	authority-verified	1.00	official_cn_game_term		魔女化身伤害提升[Ⅲ] & Magia伤害提升[Ⅰ]	visible-term-closure-exact-supersession	stable-key	DICT-01899	root-reviewed-official-cn-terminology	root-reviewed-approved	runtime_pass18_outside_pass15	authority-verified
P18-00406	magica/js/libs/emotionSkillMap.json	/3046111/shortDescription	3046111	shortDescription	Doppel伤害UP[Ⅳ] & Magia伤害UP[Ⅱ]	魔女化身伤害UP[Ⅳ] & Magia伤害UP[Ⅱ]	official_cn_game_term	official dump authority.json doppelList + skill shortDescription	authority-component-normalization	authority-verified	1.00	official_cn_game_term		魔女化身伤害提升[Ⅳ] & Magia伤害提升[Ⅱ]	visible-term-closure-exact-supersession	stable-key	DICT-01907	root-reviewed-official-cn-terminology	root-reviewed-approved	runtime_pass18_outside_pass15	authority-verified
P18-00407	magica/js/libs/emotionSkillMap.json	/3047101/shortDescription	3047101	shortDescription	Doppel伤害UP[Ⅰ] & Magia伤害UP[Ⅰ]	魔女化身伤害UP[Ⅰ] & Magia伤害UP[Ⅰ]	official_cn_game_term	official dump authority.json doppelList + skill shortDescription	authority-component-normalization	authority-verified	1.00	official_cn_game_term		魔女化身伤害提升[Ⅰ] & Magia伤害提升[Ⅰ]	visible-term-closure-exact-supersession	stable-key	DICT-01908	root-reviewed-official-cn-terminology	root-reviewed-approved	runtime_pass18_outside_pass15	authority-verified
P18-00408	magica/js/libs/emotionSkillMap.json	/3047103/shortDescription	3047103	shortDescription	Doppel伤害UP[Ⅰ] & Magia伤害UP[Ⅰ]	魔女化身伤害UP[Ⅰ] & Magia伤害UP[Ⅰ]	official_cn_game_term	official dump authority.json doppelList + skill shortDescription	authority-component-normalization	authority-verified	1.00	official_cn_game_term		魔女化身伤害提升[Ⅰ] & Magia伤害提升[Ⅰ]	visible-term-closure-exact-supersession	stable-key	DICT-01910	root-reviewed-official-cn-terminology	root-reviewed-approved	runtime_pass18_outside_pass15	authority-verified
P18-00409	magica/js/libs/emotionSkillMap.json	/3048105/shortDescription	3048105	shortDescription	Doppel伤害UP[Ⅰ] & Magia伤害UP[Ⅰ]	魔女化身伤害UP[Ⅰ] & Magia伤害UP[Ⅰ]	official_cn_game_term	official dump authority.json doppelList + skill shortDescription	authority-component-normalization	authority-verified	1.00	official_cn_game_term		魔女化身伤害提升[Ⅰ] & Magia伤害提升[Ⅰ]	visible-term-closure-exact-supersession	stable-key	DICT-01921	root-reviewed-official-cn-terminology	root-reviewed-approved	runtime_pass18_outside_pass15	authority-verified
P18-00410	magica/js/libs/emotionSkillMap.json	/3048111/shortDescription	3048111	shortDescription	Doppel伤害UP[Ⅰ] & Magia伤害UP[Ⅰ]	魔女化身伤害UP[Ⅰ] & Magia伤害UP[Ⅰ]	official_cn_game_term	official dump authority.json doppelList + skill shortDescription	authority-component-normalization	authority-verified	1.00	official_cn_game_term		魔女化身伤害提升[Ⅰ] & Magia伤害提升[Ⅰ]	visible-term-closure-exact-supersession	stable-key	DICT-01925	root-reviewed-official-cn-terminology	root-reviewed-approved	runtime_pass18_outside_pass15	authority-verified
P18-00411	magica/js/libs/emotionSkillMap.json	/3050102/shortDescription	3050102	shortDescription	Doppel伤害UP[Ⅰ] & Magia伤害UP[Ⅰ]	魔女化身伤害UP[Ⅰ] & Magia伤害UP[Ⅰ]	official_cn_game_term	official dump authority.json doppelList + skill shortDescription	authority-component-normalization	authority-verified	1.00	official_cn_game_term		魔女化身伤害提升[Ⅰ] & Magia伤害提升[Ⅰ]	visible-term-closure-exact-supersession	stable-key	DICT-01929	root-reviewed-official-cn-terminology	root-reviewed-approved	runtime_pass18_outside_pass15	authority-verified
P18-00412	magica/js/libs/emotionSkillMap.json	/3050104/shortDescription	3050104	shortDescription	Doppel伤害UP[Ⅰ] & Magia伤害UP[Ⅰ]	魔女化身伤害UP[Ⅰ] & Magia伤害UP[Ⅰ]	official_cn_game_term	official dump authority.json doppelList + skill shortDescription	authority-component-normalization	authority-verified	1.00	official_cn_game_term		魔女化身伤害提升[Ⅰ] & Magia伤害提升[Ⅰ]	visible-term-closure-exact-supersession	stable-key	DICT-01931	root-reviewed-official-cn-terminology	root-reviewed-approved	runtime_pass18_outside_pass15	authority-verified
P18-00413	magica/js/libs/emotionSkillMap.json	/3050108/shortDescription	3050108	shortDescription	Doppel伤害UP[Ⅰ] & Magia伤害UP[Ⅰ]	魔女化身伤害UP[Ⅰ] & Magia伤害UP[Ⅰ]	official_cn_game_term	official dump authority.json doppelList + skill shortDescription	authority-component-normalization	authority-verified	1.00	official_cn_game_term		魔女化身伤害提升[Ⅰ] & Magia伤害提升[Ⅰ]	visible-term-closure-exact-supersession	stable-key	DICT-01934	root-reviewed-official-cn-terminology	root-reviewed-approved	runtime_pass18_outside_pass15	authority-verified
P18-00414	magica/js/libs/emotionSkillMap.json	/3051102/shortDescription	3051102	shortDescription	Doppel伤害UP[Ⅰ] & Magia伤害UP[Ⅰ]	魔女化身伤害UP[Ⅰ] & Magia伤害UP[Ⅰ]	official_cn_game_term	official dump authority.json doppelList + skill shortDescription	authority-component-normalization	authority-verified	1.00	official_cn_game_term		魔女化身伤害提升[Ⅰ] & Magia伤害提升[Ⅰ]	visible-term-closure-exact-supersession	stable-key	DICT-01939	root-reviewed-official-cn-terminology	root-reviewed-approved	runtime_pass18_outside_pass15	authority-verified
P18-00415	magica/js/libs/emotionSkillMap.json	/3051104/shortDescription	3051104	shortDescription	Doppel伤害UP[Ⅰ] & Magia伤害UP[Ⅰ]	魔女化身伤害UP[Ⅰ] & Magia伤害UP[Ⅰ]	official_cn_game_term	official dump authority.json doppelList + skill shortDescription	authority-component-normalization	authority-verified	1.00	official_cn_game_term		魔女化身伤害提升[Ⅰ] & Magia伤害提升[Ⅰ]	visible-term-closure-exact-supersession	stable-key	DICT-01941	root-reviewed-official-cn-terminology	root-reviewed-approved	runtime_pass18_outside_pass15	authority-verified
P18-00416	magica/js/libs/emotionSkillMap.json	/3052103/shortDescription	3052103	shortDescription	Doppel伤害UP[Ⅰ] & Magia伤害UP[Ⅰ]	魔女化身伤害UP[Ⅰ] & Magia伤害UP[Ⅰ]	official_cn_game_term	official dump authority.json doppelList + skill shortDescription	authority-component-normalization	authority-verified	1.00	official_cn_game_term		魔女化身伤害提升[Ⅰ] & Magia伤害提升[Ⅰ]	visible-term-closure-exact-supersession	stable-key	DICT-01950	root-reviewed-official-cn-terminology	root-reviewed-approved	runtime_pass18_outside_pass15	authority-verified
P18-00417	magica/js/libs/emotionSkillMap.json	/3052104/shortDescription	3052104	shortDescription	Doppel伤害UP[Ⅰ] & Magia伤害UP[Ⅰ]	魔女化身伤害UP[Ⅰ] & Magia伤害UP[Ⅰ]	official_cn_game_term	official dump authority.json doppelList + skill shortDescription	authority-component-normalization	authority-verified	1.00	official_cn_game_term		魔女化身伤害提升[Ⅰ] & Magia伤害提升[Ⅰ]	visible-term-closure-exact-supersession	stable-key	DICT-01951	root-reviewed-official-cn-terminology	root-reviewed-approved	runtime_pass18_outside_pass15	authority-verified
P18-00418	magica/js/libs/emotionSkillMap.json	/3053105/shortDescription	3053105	shortDescription	Doppel伤害UP[Ⅲ] & Magia伤害UP[Ⅰ]	魔女化身伤害UP[Ⅲ] & Magia伤害UP[Ⅰ]	official_cn_game_term	official dump authority.json doppelList + skill shortDescription	authority-component-normalization	authority-verified	1.00	official_cn_game_term		魔女化身伤害提升[Ⅲ] & Magia伤害提升[Ⅰ]	visible-term-closure-exact-supersession	stable-key	DICT-01955	root-reviewed-official-cn-terminology	root-reviewed-approved	runtime_pass18_outside_pass15	authority-verified
P18-00419	magica/js/libs/emotionSkillMap.json	/3053111/shortDescription	3053111	shortDescription	Doppel伤害UP[Ⅳ] & Magia伤害UP[Ⅱ]	魔女化身伤害UP[Ⅳ] & Magia伤害UP[Ⅱ]	official_cn_game_term	official dump authority.json doppelList + skill shortDescription	authority-component-normalization	authority-verified	1.00	official_cn_game_term		魔女化身伤害提升[Ⅳ] & Magia伤害提升[Ⅱ]	visible-term-closure-exact-supersession	stable-key	DICT-01958	root-reviewed-official-cn-terminology	root-reviewed-approved	runtime_pass18_outside_pass15	authority-verified
P18-00420	magica/js/libs/emotionSkillMap.json	/3054103/shortDescription	3054103	shortDescription	Doppel伤害UP[Ⅲ] & Magia伤害UP[Ⅰ]	魔女化身伤害UP[Ⅲ] & Magia伤害UP[Ⅰ]	official_cn_game_term	official dump authority.json doppelList + skill shortDescription	authority-component-normalization	authority-verified	1.00	official_cn_game_term		魔女化身伤害提升[Ⅲ] & Magia伤害提升[Ⅰ]	visible-term-closure-exact-supersession	stable-key	DICT-01962	root-reviewed-official-cn-terminology	root-reviewed-approved	runtime_pass18_outside_pass15	authority-verified
P18-00421	magica/js/libs/emotionSkillMap.json	/3054104/shortDescription	3054104	shortDescription	Doppel伤害UP[Ⅳ] & Magia伤害UP[Ⅱ]	魔女化身伤害UP[Ⅳ] & Magia伤害UP[Ⅱ]	official_cn_game_term	official dump authority.json doppelList + skill shortDescription	authority-component-normalization	authority-verified	1.00	official_cn_game_term		魔女化身伤害提升[Ⅳ] & Magia伤害提升[Ⅱ]	visible-term-closure-exact-supersession	stable-key	DICT-01963	root-reviewed-official-cn-terminology	root-reviewed-approved	runtime_pass18_outside_pass15	authority-verified
P18-00422	magica/js/libs/emotionSkillMap.json	/3055102/shortDescription	3055102	shortDescription	Doppel伤害UP[Ⅰ] & Magia伤害UP[Ⅰ]	魔女化身伤害UP[Ⅰ] & Magia伤害UP[Ⅰ]	official_cn_game_term	official dump authority.json doppelList + skill shortDescription	authority-component-normalization	authority-verified	1.00	official_cn_game_term		魔女化身伤害提升[Ⅰ] & Magia伤害提升[Ⅰ]	visible-term-closure-exact-supersession	stable-key	DICT-01972	root-reviewed-official-cn-terminology	root-reviewed-approved	runtime_pass18_outside_pass15	authority-verified
P18-00423	magica/js/libs/emotionSkillMap.json	/3055104/shortDescription	3055104	shortDescription	Doppel伤害UP[Ⅰ] & Magia伤害UP[Ⅰ]	魔女化身伤害UP[Ⅰ] & Magia伤害UP[Ⅰ]	official_cn_game_term	official dump authority.json doppelList + skill shortDescription	authority-component-normalization	authority-verified	1.00	official_cn_game_term		魔女化身伤害提升[Ⅰ] & Magia伤害提升[Ⅰ]	visible-term-closure-exact-supersession	stable-key	DICT-01974	root-reviewed-official-cn-terminology	root-reviewed-approved	runtime_pass18_outside_pass15	authority-verified
P18-00424	magica/js/libs/emotionSkillMap.json	/3056101/shortDescription	3056101	shortDescription	Doppel伤害UP[Ⅰ] & Magia伤害UP[Ⅰ]	魔女化身伤害UP[Ⅰ] & Magia伤害UP[Ⅰ]	official_cn_game_term	official dump authority.json doppelList + skill shortDescription	authority-component-normalization	authority-verified	1.00	official_cn_game_term		魔女化身伤害提升[Ⅰ] & Magia伤害提升[Ⅰ]	visible-term-closure-exact-supersession	stable-key	DICT-01981	root-reviewed-official-cn-terminology	root-reviewed-approved	runtime_pass18_outside_pass15	authority-verified
P18-00425	magica/js/libs/emotionSkillMap.json	/3056102/shortDescription	3056102	shortDescription	Doppel伤害UP[Ⅰ] & Magia伤害UP[Ⅰ]	魔女化身伤害UP[Ⅰ] & Magia伤害UP[Ⅰ]	official_cn_game_term	official dump authority.json doppelList + skill shortDescription	authority-component-normalization	authority-verified	1.00	official_cn_game_term		魔女化身伤害提升[Ⅰ] & Magia伤害提升[Ⅰ]	visible-term-closure-exact-supersession	stable-key	DICT-01982	root-reviewed-official-cn-terminology	root-reviewed-approved	runtime_pass18_outside_pass15	authority-verified
P18-00426	magica/js/libs/emotionSkillMap.json	/3057102/shortDescription	3057102	shortDescription	Doppel伤害UP[Ⅰ] & Magia伤害UP[Ⅰ]	魔女化身伤害UP[Ⅰ] & Magia伤害UP[Ⅰ]	official_cn_game_term	official dump authority.json doppelList + skill shortDescription	authority-component-normalization	authority-verified	1.00	official_cn_game_term		魔女化身伤害提升[Ⅰ] & Magia伤害提升[Ⅰ]	visible-term-closure-exact-supersession	stable-key	DICT-01992	root-reviewed-official-cn-terminology	root-reviewed-approved	runtime_pass18_outside_pass15	authority-verified
P18-00427	magica/js/libs/emotionSkillMap.json	/3057104/shortDescription	3057104	shortDescription	Doppel伤害UP[Ⅰ] & Magia伤害UP[Ⅰ]	魔女化身伤害UP[Ⅰ] & Magia伤害UP[Ⅰ]	official_cn_game_term	official dump authority.json doppelList + skill shortDescription	authority-component-normalization	authority-verified	1.00	official_cn_game_term		魔女化身伤害提升[Ⅰ] & Magia伤害提升[Ⅰ]	visible-term-closure-exact-supersession	stable-key	DICT-01994	root-reviewed-official-cn-terminology	root-reviewed-approved	runtime_pass18_outside_pass15	authority-verified
P18-00428	magica/js/libs/emotionSkillMap.json	/3058101/shortDescription	3058101	shortDescription	Doppel伤害UP[Ⅰ] & Magia伤害UP[Ⅰ]	魔女化身伤害UP[Ⅰ] & Magia伤害UP[Ⅰ]	official_cn_game_term	official dump authority.json doppelList + skill shortDescription	authority-component-normalization	authority-verified	1.00	official_cn_game_term		魔女化身伤害提升[Ⅰ] & Magia伤害提升[Ⅰ]	visible-term-closure-exact-supersession	stable-key	DICT-02000	root-reviewed-official-cn-terminology	root-reviewed-approved	runtime_pass18_outside_pass15	authority-verified
P18-00429	magica/js/libs/emotionSkillMap.json	/3058104/shortDescription	3058104	shortDescription	Doppel伤害UP[Ⅰ] & Magia伤害UP[Ⅰ]	魔女化身伤害UP[Ⅰ] & Magia伤害UP[Ⅰ]	official_cn_game_term	official dump authority.json doppelList + skill shortDescription	authority-component-normalization	authority-verified	1.00	official_cn_game_term		魔女化身伤害提升[Ⅰ] & Magia伤害提升[Ⅰ]	visible-term-closure-exact-supersession	stable-key	DICT-02003	root-reviewed-official-cn-terminology	root-reviewed-approved	runtime_pass18_outside_pass15	authority-verified
P18-00430	magica/js/libs/emotionSkillMap.json	/3059102/shortDescription	3059102	shortDescription	Doppel伤害UP[Ⅰ] & Magia伤害UP[Ⅰ]	魔女化身伤害UP[Ⅰ] & Magia伤害UP[Ⅰ]	official_cn_game_term	official dump authority.json doppelList + skill shortDescription	authority-component-normalization	authority-verified	1.00	official_cn_game_term		魔女化身伤害提升[Ⅰ] & Magia伤害提升[Ⅰ]	visible-term-closure-exact-supersession	stable-key	DICT-02011	root-reviewed-official-cn-terminology	root-reviewed-approved	runtime_pass18_outside_pass15	authority-verified
P18-00431	magica/js/libs/emotionSkillMap.json	/3059108/shortDescription	3059108	shortDescription	Doppel伤害UP[Ⅰ] & Magia伤害UP[Ⅰ]	魔女化身伤害UP[Ⅰ] & Magia伤害UP[Ⅰ]	official_cn_game_term	official dump authority.json doppelList + skill shortDescription	authority-component-normalization	authority-verified	1.00	official_cn_game_term		魔女化身伤害提升[Ⅰ] & Magia伤害提升[Ⅰ]	visible-term-closure-exact-supersession	stable-key	DICT-02015	root-reviewed-official-cn-terminology	root-reviewed-approved	runtime_pass18_outside_pass15	authority-verified
P18-00432	magica/js/libs/emotionSkillMap.json	/3059112/shortDescription	3059112	shortDescription	战斗开始时获得Doppel伤害UP[Ⅵ] & Magia伤害UP[Ⅴ](自/5T)的状态	战斗开始时获得魔女化身伤害UP[Ⅵ] & Magia伤害UP[Ⅴ](自/5T)的状态	official_cn_game_term	official dump authority.json doppelList + skill shortDescription	authority-component-normalization	authority-verified	1.00	official_cn_game_term		战斗开始时获得魔女化身伤害提升[Ⅵ] & Magia伤害提升[Ⅴ](自/5T)的状态	visible-term-closure-exact-supersession	stable-key	DICT-02017	root-reviewed-official-cn-terminology	root-reviewed-approved	runtime_pass18_outside_pass15	authority-verified
P18-00433	magica/js/libs/emotionSkillMap.json	/3501101/shortDescription	3501101	shortDescription	Doppel伤害UP[Ⅰ] & Magia伤害UP[Ⅰ]	魔女化身伤害UP[Ⅰ] & Magia伤害UP[Ⅰ]	official_cn_game_term	official dump authority.json doppelList + skill shortDescription	authority-component-normalization	authority-verified	1.00	official_cn_game_term		魔女化身伤害提升[Ⅰ] & Magia伤害提升[Ⅰ]	visible-term-closure-exact-supersession	stable-key	DICT-02018	root-reviewed-official-cn-terminology	root-reviewed-approved	runtime_pass18_outside_pass15	authority-verified
P18-00434	magica/js/libs/emotionSkillMap.json	/3501103/shortDescription	3501103	shortDescription	Doppel伤害UP[Ⅰ] & Magia伤害UP[Ⅰ]	魔女化身伤害UP[Ⅰ] & Magia伤害UP[Ⅰ]	official_cn_game_term	official dump authority.json doppelList + skill shortDescription	authority-component-normalization	authority-verified	1.00	official_cn_game_term		魔女化身伤害提升[Ⅰ] & Magia伤害提升[Ⅰ]	visible-term-closure-exact-supersession	stable-key	DICT-02020	root-reviewed-official-cn-terminology	root-reviewed-approved	runtime_pass18_outside_pass15	authority-verified
P18-00435	magica/js/libs/emotionSkillMap.json	/3501105/shortDescription	3501105	shortDescription	Doppel伤害UP[Ⅰ] & Magia伤害UP[Ⅰ]	魔女化身伤害UP[Ⅰ] & Magia伤害UP[Ⅰ]	official_cn_game_term	official dump authority.json doppelList + skill shortDescription	authority-component-normalization	authority-verified	1.00	official_cn_game_term		魔女化身伤害提升[Ⅰ] & Magia伤害提升[Ⅰ]	visible-term-closure-exact-supersession	stable-key	DICT-02022	root-reviewed-official-cn-terminology	root-reviewed-approved	runtime_pass18_outside_pass15	authority-verified
P18-00436	magica/js/libs/emotionSkillMap.json	/3501109/shortDescription	3501109	shortDescription	Doppel伤害UP[Ⅰ] & Magia伤害UP[Ⅰ]	魔女化身伤害UP[Ⅰ] & Magia伤害UP[Ⅰ]	official_cn_game_term	official dump authority.json doppelList + skill shortDescription	authority-component-normalization	authority-verified	1.00	official_cn_game_term		魔女化身伤害提升[Ⅰ] & Magia伤害提升[Ⅰ]	visible-term-closure-exact-supersession	stable-key	DICT-02025	root-reviewed-official-cn-terminology	root-reviewed-approved	runtime_pass18_outside_pass15	authority-verified
P18-00437	magica/js/libs/emotionSkillMap.json	/3502104/shortDescription	3502104	shortDescription	Doppel伤害UP[Ⅰ] & Magia伤害UP[Ⅰ]	魔女化身伤害UP[Ⅰ] & Magia伤害UP[Ⅰ]	official_cn_game_term	official dump authority.json doppelList + skill shortDescription	authority-component-normalization	authority-verified	1.00	official_cn_game_term		魔女化身伤害提升[Ⅰ] & Magia伤害提升[Ⅰ]	visible-term-closure-exact-supersession	stable-key	DICT-02030	root-reviewed-official-cn-terminology	root-reviewed-approved	runtime_pass18_outside_pass15	authority-verified
P18-00438	magica/js/libs/emotionSkillMap.json	/3502106/shortDescription	3502106	shortDescription	Doppel伤害UP[Ⅰ] & Magia伤害UP[Ⅰ]	魔女化身伤害UP[Ⅰ] & Magia伤害UP[Ⅰ]	official_cn_game_term	official dump authority.json doppelList + skill shortDescription	authority-component-normalization	authority-verified	1.00	official_cn_game_term		魔女化身伤害提升[Ⅰ] & Magia伤害提升[Ⅰ]	visible-term-closure-exact-supersession	stable-key	DICT-02032	root-reviewed-official-cn-terminology	root-reviewed-approved	runtime_pass18_outside_pass15	authority-verified
P18-00439	magica/js/libs/emotionSkillMap.json	/3503102/shortDescription	3503102	shortDescription	Doppel伤害UP[Ⅰ] & Magia伤害UP[Ⅰ]	魔女化身伤害UP[Ⅰ] & Magia伤害UP[Ⅰ]	official_cn_game_term	official dump authority.json doppelList + skill shortDescription	authority-component-normalization	authority-verified	1.00	official_cn_game_term		魔女化身伤害提升[Ⅰ] & Magia伤害提升[Ⅰ]	visible-term-closure-exact-supersession	stable-key	DICT-02038	root-reviewed-official-cn-terminology	root-reviewed-approved	runtime_pass18_outside_pass15	authority-verified
P18-00440	magica/js/libs/emotionSkillMap.json	/3503108/shortDescription	3503108	shortDescription	Doppel伤害UP[Ⅰ] & Magia伤害UP[Ⅰ]	魔女化身伤害UP[Ⅰ] & Magia伤害UP[Ⅰ]	official_cn_game_term	official dump authority.json doppelList + skill shortDescription	authority-component-normalization	authority-verified	1.00	official_cn_game_term		魔女化身伤害提升[Ⅰ] & Magia伤害提升[Ⅰ]	visible-term-closure-exact-supersession	stable-key	DICT-02042	root-reviewed-official-cn-terminology	root-reviewed-approved	runtime_pass18_outside_pass15	authority-verified
P18-00441	magica/js/libs/emotionSkillMap.json	/3504102/shortDescription	3504102	shortDescription	Doppel伤害UP[Ⅰ] & Magia伤害UP[Ⅰ]	魔女化身伤害UP[Ⅰ] & Magia伤害UP[Ⅰ]	official_cn_game_term	official dump authority.json doppelList + skill shortDescription	authority-component-normalization	authority-verified	1.00	official_cn_game_term		魔女化身伤害提升[Ⅰ] & Magia伤害提升[Ⅰ]	visible-term-closure-exact-supersession	stable-key	DICT-02046	root-reviewed-official-cn-terminology	root-reviewed-approved	runtime_pass18_outside_pass15	authority-verified
P18-00442	magica/js/libs/emotionSkillMap.json	/3504104/shortDescription	3504104	shortDescription	Doppel伤害UP[Ⅰ] & Magia伤害UP[Ⅰ]	魔女化身伤害UP[Ⅰ] & Magia伤害UP[Ⅰ]	official_cn_game_term	official dump authority.json doppelList + skill shortDescription	authority-component-normalization	authority-verified	1.00	official_cn_game_term		魔女化身伤害提升[Ⅰ] & Magia伤害提升[Ⅰ]	visible-term-closure-exact-supersession	stable-key	DICT-02048	root-reviewed-official-cn-terminology	root-reviewed-approved	runtime_pass18_outside_pass15	authority-verified
P18-00443	magica/js/libs/emotionSkillMap.json	/3505102/shortDescription	3505102	shortDescription	Doppel伤害UP[Ⅰ] & Magia伤害UP[Ⅰ]	魔女化身伤害UP[Ⅰ] & Magia伤害UP[Ⅰ]	official_cn_game_term	official dump authority.json doppelList + skill shortDescription	authority-component-normalization	authority-verified	1.00	official_cn_game_term		魔女化身伤害提升[Ⅰ] & Magia伤害提升[Ⅰ]	visible-term-closure-exact-supersession	stable-key	DICT-02054	root-reviewed-official-cn-terminology	root-reviewed-approved	runtime_pass18_outside_pass15	authority-verified
P18-00444	magica/js/libs/emotionSkillMap.json	/3505104/shortDescription	3505104	shortDescription	Doppel伤害UP[Ⅰ] & Magia伤害UP[Ⅰ]	魔女化身伤害UP[Ⅰ] & Magia伤害UP[Ⅰ]	official_cn_game_term	official dump authority.json doppelList + skill shortDescription	authority-component-normalization	authority-verified	1.00	official_cn_game_term		魔女化身伤害提升[Ⅰ] & Magia伤害提升[Ⅰ]	visible-term-closure-exact-supersession	stable-key	DICT-02055	root-reviewed-official-cn-terminology	root-reviewed-approved	runtime_pass18_outside_pass15	authority-verified
P18-00445	magica/js/libs/emotionSkillMap.json	/3900104/shortDescription	3900104	shortDescription	Doppel伤害UP[Ⅲ] & Magia伤害UP[Ⅰ]	魔女化身伤害UP[Ⅲ] & Magia伤害UP[Ⅰ]	official_cn_game_term	official dump authority.json doppelList + skill shortDescription	authority-component-normalization	authority-verified	1.00	official_cn_game_term		魔女化身伤害提升[Ⅲ] & Magia伤害提升[Ⅰ]	visible-term-closure-exact-supersession	stable-key	DICT-02062	root-reviewed-official-cn-terminology	root-reviewed-approved	runtime_pass18_outside_pass15	authority-verified
P18-00446	magica/js/libs/emotionSkillMap.json	/3900105/shortDescription	3900105	shortDescription	Doppel伤害UP[Ⅳ] & Magia伤害UP[Ⅱ]	魔女化身伤害UP[Ⅳ] & Magia伤害UP[Ⅱ]	official_cn_game_term	official dump authority.json doppelList + skill shortDescription	authority-component-normalization	authority-verified	1.00	official_cn_game_term		魔女化身伤害提升[Ⅳ] & Magia伤害提升[Ⅱ]	visible-term-closure-exact-supersession	stable-key	DICT-02063	root-reviewed-official-cn-terminology	root-reviewed-approved	runtime_pass18_outside_pass15	authority-verified
P18-00447	magica/js/libs/emotionSkillMap.json	/3901102/shortDescription	3901102	shortDescription	Doppel伤害UP[Ⅰ] & Magia伤害UP[Ⅰ]	魔女化身伤害UP[Ⅰ] & Magia伤害UP[Ⅰ]	official_cn_game_term	official dump authority.json doppelList + skill shortDescription	authority-component-normalization	authority-verified	1.00	official_cn_game_term		魔女化身伤害提升[Ⅰ] & Magia伤害提升[Ⅰ]	visible-term-closure-exact-supersession	stable-key	DICT-02070	root-reviewed-official-cn-terminology	root-reviewed-approved	runtime_pass18_outside_pass15	authority-verified
P18-00448	magica/js/libs/emotionSkillMap.json	/3901104/shortDescription	3901104	shortDescription	Doppel伤害UP[Ⅰ] & Magia伤害UP[Ⅰ]	魔女化身伤害UP[Ⅰ] & Magia伤害UP[Ⅰ]	official_cn_game_term	official dump authority.json doppelList + skill shortDescription	authority-component-normalization	authority-verified	1.00	official_cn_game_term		魔女化身伤害提升[Ⅰ] & Magia伤害提升[Ⅰ]	visible-term-closure-exact-supersession	stable-key	DICT-02071	root-reviewed-official-cn-terminology	root-reviewed-approved	runtime_pass18_outside_pass15	authority-verified
P18-00449	magica/js/libs/emotionSkillMap.json	/3902102/shortDescription	3902102	shortDescription	Doppel伤害UP[Ⅰ] & Magia伤害UP[Ⅰ]	魔女化身伤害UP[Ⅰ] & Magia伤害UP[Ⅰ]	official_cn_game_term	official dump authority.json doppelList + skill shortDescription	authority-component-normalization	authority-verified	1.00	official_cn_game_term		魔女化身伤害提升[Ⅰ] & Magia伤害提升[Ⅰ]	visible-term-closure-exact-supersession	stable-key	DICT-02078	root-reviewed-official-cn-terminology	root-reviewed-approved	runtime_pass18_outside_pass15	authority-verified
P18-00450	magica/js/libs/emotionSkillMap.json	/3902104/shortDescription	3902104	shortDescription	Doppel伤害UP[Ⅰ] & Magia伤害UP[Ⅰ]	魔女化身伤害UP[Ⅰ] & Magia伤害UP[Ⅰ]	official_cn_game_term	official dump authority.json doppelList + skill shortDescription	authority-component-normalization	authority-verified	1.00	official_cn_game_term		魔女化身伤害提升[Ⅰ] & Magia伤害提升[Ⅰ]	visible-term-closure-exact-supersession	stable-key	DICT-02080	root-reviewed-official-cn-terminology	root-reviewed-approved	runtime_pass18_outside_pass15	authority-verified
P18-00451	magica/js/libs/emotionSkillMap.json	/3902109/shortDescription	3902109	shortDescription	Doppel伤害UP[Ⅵ] & Magia伤害UP[Ⅱ]	魔女化身伤害UP[Ⅵ] & Magia伤害UP[Ⅱ]	official_cn_game_term	official dump authority.json doppelList + skill shortDescription	authority-component-normalization	authority-verified	1.00	official_cn_game_term		魔女化身伤害提升[Ⅵ] & Magia伤害提升[Ⅱ]	visible-term-closure-exact-supersession	stable-key	DICT-02082	root-reviewed-official-cn-terminology	root-reviewed-approved	runtime_pass18_outside_pass15	authority-verified
P18-00452	magica/js/libs/emotionSkillMap.json	/4004102/shortDescription	4004102	shortDescription	Doppel伤害UP[Ⅰ] & Magia伤害UP[Ⅰ]	魔女化身伤害UP[Ⅰ] & Magia伤害UP[Ⅰ]	official_cn_game_term	official dump authority.json doppelList + skill shortDescription	authority-component-normalization	authority-verified	1.00	official_cn_game_term		魔女化身伤害提升[Ⅰ] & Magia伤害提升[Ⅰ]	visible-term-closure-exact-supersession	stable-key	DICT-02088	root-reviewed-official-cn-terminology	root-reviewed-approved	runtime_pass18_outside_pass15	authority-verified
P18-00453	magica/js/libs/emotionSkillMap.json	/4004104/shortDescription	4004104	shortDescription	Doppel伤害UP[Ⅰ] & Magia伤害UP[Ⅰ]	魔女化身伤害UP[Ⅰ] & Magia伤害UP[Ⅰ]	official_cn_game_term	official dump authority.json doppelList + skill shortDescription	authority-component-normalization	authority-verified	1.00	official_cn_game_term		魔女化身伤害提升[Ⅰ] & Magia伤害提升[Ⅰ]	visible-term-closure-exact-supersession	stable-key	DICT-02090	root-reviewed-official-cn-terminology	root-reviewed-approved	runtime_pass18_outside_pass15	authority-verified
P18-00454	magica/js/libs/emotionSkillMap.json	/4011102/shortDescription	4011102	shortDescription	Doppel伤害UP[Ⅰ] & Magia伤害UP[Ⅰ]	魔女化身伤害UP[Ⅰ] & Magia伤害UP[Ⅰ]	official_cn_game_term	official dump authority.json doppelList + skill shortDescription	authority-component-normalization	authority-verified	1.00	official_cn_game_term		魔女化身伤害提升[Ⅰ] & Magia伤害提升[Ⅰ]	visible-term-closure-exact-supersession	stable-key	DICT-02098	root-reviewed-official-cn-terminology	root-reviewed-approved	runtime_pass18_outside_pass15	authority-verified
P18-00455	magica/js/libs/emotionSkillMap.json	/4011108/shortDescription	4011108	shortDescription	Doppel伤害UP[Ⅰ] & Magia伤害UP[Ⅰ]	魔女化身伤害UP[Ⅰ] & Magia伤害UP[Ⅰ]	official_cn_game_term	official dump authority.json doppelList + skill shortDescription	authority-component-normalization	authority-verified	1.00	official_cn_game_term		魔女化身伤害提升[Ⅰ] & Magia伤害提升[Ⅰ]	visible-term-closure-exact-supersession	stable-key	DICT-02103	root-reviewed-official-cn-terminology	root-reviewed-approved	runtime_pass18_outside_pass15	authority-verified
P18-00456	magica/js/libs/emotionSkillMap.json	/4012103/shortDescription	4012103	shortDescription	Doppel伤害UP[Ⅰ] & Magia伤害UP[Ⅰ]	魔女化身伤害UP[Ⅰ] & Magia伤害UP[Ⅰ]	official_cn_game_term	official dump authority.json doppelList + skill shortDescription	authority-component-normalization	authority-verified	1.00	official_cn_game_term		魔女化身伤害提升[Ⅰ] & Magia伤害提升[Ⅰ]	visible-term-closure-exact-supersession	stable-key	DICT-02108	root-reviewed-official-cn-terminology	root-reviewed-approved	runtime_pass18_outside_pass15	authority-verified
P18-00457	magica/js/libs/emotionSkillMap.json	/4012104/shortDescription	4012104	shortDescription	Doppel伤害UP[Ⅰ] & Magia伤害UP[Ⅰ]	魔女化身伤害UP[Ⅰ] & Magia伤害UP[Ⅰ]	official_cn_game_term	official dump authority.json doppelList + skill shortDescription	authority-component-normalization	authority-verified	1.00	official_cn_game_term		魔女化身伤害提升[Ⅰ] & Magia伤害提升[Ⅰ]	visible-term-closure-exact-supersession	stable-key	DICT-02109	root-reviewed-official-cn-terminology	root-reviewed-approved	runtime_pass18_outside_pass15	authority-verified
P18-00458	magica/js/libs/emotionSkillMap.json	/4013102/shortDescription	4013102	shortDescription	Doppel伤害UP[Ⅲ] & Magia伤害UP[Ⅰ]	魔女化身伤害UP[Ⅲ] & Magia伤害UP[Ⅰ]	official_cn_game_term	official dump authority.json doppelList + skill shortDescription	authority-component-normalization	authority-verified	1.00	official_cn_game_term		魔女化身伤害提升[Ⅲ] & Magia伤害提升[Ⅰ]	visible-term-closure-exact-supersession	stable-key	DICT-02115	root-reviewed-official-cn-terminology	root-reviewed-approved	runtime_pass18_outside_pass15	authority-verified
P18-00459	magica/js/libs/emotionSkillMap.json	/4013104/shortDescription	4013104	shortDescription	Doppel伤害UP[Ⅳ] & Magia伤害UP[Ⅱ]	魔女化身伤害UP[Ⅳ] & Magia伤害UP[Ⅱ]	official_cn_game_term	official dump authority.json doppelList + skill shortDescription	authority-component-normalization	authority-verified	1.00	official_cn_game_term		魔女化身伤害提升[Ⅳ] & Magia伤害提升[Ⅱ]	visible-term-closure-exact-supersession	stable-key	DICT-02117	root-reviewed-official-cn-terminology	root-reviewed-approved	runtime_pass18_outside_pass15	authority-verified
P18-00460	magica/js/libs/emotionSkillMap.json	/4014102/shortDescription	4014102	shortDescription	Doppel伤害UP[Ⅰ] & Magia伤害UP[Ⅰ]	魔女化身伤害UP[Ⅰ] & Magia伤害UP[Ⅰ]	official_cn_game_term	official dump authority.json doppelList + skill shortDescription	authority-component-normalization	authority-verified	1.00	official_cn_game_term		魔女化身伤害提升[Ⅰ] & Magia伤害提升[Ⅰ]	visible-term-closure-exact-supersession	stable-key	DICT-02127	root-reviewed-official-cn-terminology	root-reviewed-approved	runtime_pass18_outside_pass15	authority-verified
P18-00461	magica/js/libs/emotionSkillMap.json	/4014105/shortDescription	4014105	shortDescription	Doppel伤害UP[Ⅰ] & Magia伤害UP[Ⅰ]	魔女化身伤害UP[Ⅰ] & Magia伤害UP[Ⅰ]	official_cn_game_term	official dump authority.json doppelList + skill shortDescription	authority-component-normalization	authority-verified	1.00	official_cn_game_term		魔女化身伤害提升[Ⅰ] & Magia伤害提升[Ⅰ]	visible-term-closure-exact-supersession	stable-key	DICT-02130	root-reviewed-official-cn-terminology	root-reviewed-approved	runtime_pass18_outside_pass15	authority-verified
P18-00462	magica/js/libs/emotionSkillMap.json	/4021101/shortDescription	4021101	shortDescription	Doppel伤害UP[Ⅰ] & Magia伤害UP[Ⅰ]	魔女化身伤害UP[Ⅰ] & Magia伤害UP[Ⅰ]	official_cn_game_term	official dump authority.json doppelList + skill shortDescription	authority-component-normalization	authority-verified	1.00	official_cn_game_term		魔女化身伤害提升[Ⅰ] & Magia伤害提升[Ⅰ]	visible-term-closure-exact-supersession	stable-key	DICT-02133	root-reviewed-official-cn-terminology	root-reviewed-approved	runtime_pass18_outside_pass15	authority-verified
P18-00463	magica/js/libs/emotionSkillMap.json	/4021104/shortDescription	4021104	shortDescription	Doppel伤害UP[Ⅰ] & Magia伤害UP[Ⅰ]	魔女化身伤害UP[Ⅰ] & Magia伤害UP[Ⅰ]	official_cn_game_term	official dump authority.json doppelList + skill shortDescription	authority-component-normalization	authority-verified	1.00	official_cn_game_term		魔女化身伤害提升[Ⅰ] & Magia伤害提升[Ⅰ]	visible-term-closure-exact-supersession	stable-key	DICT-02136	root-reviewed-official-cn-terminology	root-reviewed-approved	runtime_pass18_outside_pass15	authority-verified
P18-00464	magica/js/libs/emotionSkillMap.json	/4022101/shortDescription	4022101	shortDescription	Doppel伤害UP[Ⅰ] & Magia伤害UP[Ⅰ]	魔女化身伤害UP[Ⅰ] & Magia伤害UP[Ⅰ]	official_cn_game_term	official dump authority.json doppelList + skill shortDescription	authority-component-normalization	authority-verified	1.00	official_cn_game_term		魔女化身伤害提升[Ⅰ] & Magia伤害提升[Ⅰ]	visible-term-closure-exact-supersession	stable-key	DICT-02141	root-reviewed-official-cn-terminology	root-reviewed-approved	runtime_pass18_outside_pass15	authority-verified
P18-00465	magica/js/libs/emotionSkillMap.json	/4022103/shortDescription	4022103	shortDescription	Doppel伤害UP[Ⅰ] & Magia伤害UP[Ⅰ]	魔女化身伤害UP[Ⅰ] & Magia伤害UP[Ⅰ]	official_cn_game_term	official dump authority.json doppelList + skill shortDescription	authority-component-normalization	authority-verified	1.00	official_cn_game_term		魔女化身伤害提升[Ⅰ] & Magia伤害提升[Ⅰ]	visible-term-closure-exact-supersession	stable-key	DICT-02143	root-reviewed-official-cn-terminology	root-reviewed-approved	runtime_pass18_outside_pass15	authority-verified
P18-00466	magica/js/libs/emotionSkillMap.json	/4023102/shortDescription	4023102	shortDescription	Doppel伤害UP[Ⅱ] & Magia伤害UP[Ⅰ]	魔女化身伤害UP[Ⅱ] & Magia伤害UP[Ⅰ]	official_cn_game_term	official dump authority.json doppelList + skill shortDescription	authority-component-normalization	authority-verified	1.00	official_cn_game_term		魔女化身伤害提升[Ⅱ] & Magia伤害提升[Ⅰ]	visible-term-closure-exact-supersession	stable-key	DICT-02151	root-reviewed-official-cn-terminology	root-reviewed-approved	runtime_pass18_outside_pass15	authority-verified
P18-00467	magica/js/libs/emotionSkillMap.json	/4023104/shortDescription	4023104	shortDescription	Doppel伤害UP[Ⅱ] & Magia伤害UP[Ⅰ]	魔女化身伤害UP[Ⅱ] & Magia伤害UP[Ⅰ]	official_cn_game_term	official dump authority.json doppelList + skill shortDescription	authority-component-normalization	authority-verified	1.00	official_cn_game_term		魔女化身伤害提升[Ⅱ] & Magia伤害提升[Ⅰ]	visible-term-closure-exact-supersession	stable-key	DICT-02153	root-reviewed-official-cn-terminology	root-reviewed-approved	runtime_pass18_outside_pass15	authority-verified
P18-00468	magica/js/libs/emotionSkillMap.json	/4023105/shortDescription	4023105	shortDescription	Doppel伤害UP[Ⅱ] & Magia伤害UP[Ⅰ]	魔女化身伤害UP[Ⅱ] & Magia伤害UP[Ⅰ]	official_cn_game_term	official dump authority.json doppelList + skill shortDescription	authority-component-normalization	authority-verified	1.00	official_cn_game_term		魔女化身伤害提升[Ⅱ] & Magia伤害提升[Ⅰ]	visible-term-closure-exact-supersession	stable-key	DICT-02154	root-reviewed-official-cn-terminology	root-reviewed-approved	runtime_pass18_outside_pass15	authority-verified
P18-00469	magica/js/libs/emotionSkillMap.json	/4024102/shortDescription	4024102	shortDescription	Doppel伤害UP[Ⅲ] & Magia伤害UP[Ⅰ]	魔女化身伤害UP[Ⅲ] & Magia伤害UP[Ⅰ]	official_cn_game_term	official dump authority.json doppelList + skill shortDescription	authority-component-normalization	authority-verified	1.00	official_cn_game_term		魔女化身伤害提升[Ⅲ] & Magia伤害提升[Ⅰ]	visible-term-closure-exact-supersession	stable-key	DICT-02163	root-reviewed-official-cn-terminology	root-reviewed-approved	runtime_pass18_outside_pass15	authority-verified
P18-00470	magica/js/libs/emotionSkillMap.json	/4024103/shortDescription	4024103	shortDescription	Doppel伤害UP[Ⅳ] & Magia伤害UP[Ⅱ]	魔女化身伤害UP[Ⅳ] & Magia伤害UP[Ⅱ]	official_cn_game_term	official dump authority.json doppelList + skill shortDescription	authority-component-normalization	authority-verified	1.00	official_cn_game_term		魔女化身伤害提升[Ⅳ] & Magia伤害提升[Ⅱ]	visible-term-closure-exact-supersession	stable-key	DICT-02164	root-reviewed-official-cn-terminology	root-reviewed-approved	runtime_pass18_outside_pass15	authority-verified
P18-00471	magica/js/libs/emotionSkillMap.json	/4025102/shortDescription	4025102	shortDescription	Doppel伤害UP[Ⅰ] & Magia伤害UP[Ⅰ]	魔女化身伤害UP[Ⅰ] & Magia伤害UP[Ⅰ]	official_cn_game_term	official dump authority.json doppelList + skill shortDescription	authority-component-normalization	authority-verified	1.00	official_cn_game_term		魔女化身伤害提升[Ⅰ] & Magia伤害提升[Ⅰ]	visible-term-closure-exact-supersession	stable-key	DICT-02172	root-reviewed-official-cn-terminology	root-reviewed-approved	runtime_pass18_outside_pass15	authority-verified
P18-00472	magica/js/libs/emotionSkillMap.json	/4025103/shortDescription	4025103	shortDescription	Doppel伤害UP[Ⅰ] & Magia伤害UP[Ⅰ]	魔女化身伤害UP[Ⅰ] & Magia伤害UP[Ⅰ]	official_cn_game_term	official dump authority.json doppelList + skill shortDescription	authority-component-normalization	authority-verified	1.00	official_cn_game_term		魔女化身伤害提升[Ⅰ] & Magia伤害提升[Ⅰ]	visible-term-closure-exact-supersession	stable-key	DICT-02173	root-reviewed-official-cn-terminology	root-reviewed-approved	runtime_pass18_outside_pass15	authority-verified
P18-00473	magica/js/libs/emotionSkillMap.json	/4026101/shortDescription	4026101	shortDescription	Doppel伤害UP[Ⅲ] & Magia伤害UP[Ⅰ]	魔女化身伤害UP[Ⅲ] & Magia伤害UP[Ⅰ]	official_cn_game_term	official dump authority.json doppelList + skill shortDescription	authority-component-normalization	authority-verified	1.00	official_cn_game_term		魔女化身伤害提升[Ⅲ] & Magia伤害提升[Ⅰ]	visible-term-closure-exact-supersession	stable-key	DICT-02178	root-reviewed-official-cn-terminology	root-reviewed-approved	runtime_pass18_outside_pass15	authority-verified
P18-00474	magica/js/libs/emotionSkillMap.json	/4026104/shortDescription	4026104	shortDescription	Doppel伤害UP[Ⅳ] & Magia伤害UP[Ⅱ]	魔女化身伤害UP[Ⅳ] & Magia伤害UP[Ⅱ]	official_cn_game_term	official dump authority.json doppelList + skill shortDescription	authority-component-normalization	authority-verified	1.00	official_cn_game_term		魔女化身伤害提升[Ⅳ] & Magia伤害提升[Ⅱ]	visible-term-closure-exact-supersession	stable-key	DICT-02181	root-reviewed-official-cn-terminology	root-reviewed-approved	runtime_pass18_outside_pass15	authority-verified
P18-00475	magica/js/libs/emotionSkillMap.json	/4027102/shortDescription	4027102	shortDescription	Doppel伤害UP[Ⅰ] & Magia伤害UP[Ⅰ]	魔女化身伤害UP[Ⅰ] & Magia伤害UP[Ⅰ]	official_cn_game_term	official dump authority.json doppelList + skill shortDescription	authority-component-normalization	authority-verified	1.00	official_cn_game_term		魔女化身伤害提升[Ⅰ] & Magia伤害提升[Ⅰ]	visible-term-closure-exact-supersession	stable-key	DICT-02188	root-reviewed-official-cn-terminology	root-reviewed-approved	runtime_pass18_outside_pass15	authority-verified
P18-00476	magica/js/libs/emotionSkillMap.json	/4027105/shortDescription	4027105	shortDescription	Doppel伤害UP[Ⅰ] & Magia伤害UP[Ⅰ]	魔女化身伤害UP[Ⅰ] & Magia伤害UP[Ⅰ]	official_cn_game_term	official dump authority.json doppelList + skill shortDescription	authority-component-normalization	authority-verified	1.00	official_cn_game_term		魔女化身伤害提升[Ⅰ] & Magia伤害提升[Ⅰ]	visible-term-closure-exact-supersession	stable-key	DICT-02190	root-reviewed-official-cn-terminology	root-reviewed-approved	runtime_pass18_outside_pass15	authority-verified
P18-00477	magica/js/libs/emotionSkillMap.json	/4028101/shortDescription	4028101	shortDescription	Doppel伤害UP[Ⅰ] & Magia伤害UP[Ⅰ]	魔女化身伤害UP[Ⅰ] & Magia伤害UP[Ⅰ]	official_cn_game_term	official dump authority.json doppelList + skill shortDescription	authority-component-normalization	authority-verified	1.00	official_cn_game_term		魔女化身伤害提升[Ⅰ] & Magia伤害提升[Ⅰ]	visible-term-closure-exact-supersession	stable-key	DICT-02194	root-reviewed-official-cn-terminology	root-reviewed-approved	runtime_pass18_outside_pass15	authority-verified
P18-00478	magica/js/libs/emotionSkillMap.json	/4028103/shortDescription	4028103	shortDescription	Doppel伤害UP[Ⅰ] & Magia伤害UP[Ⅰ]	魔女化身伤害UP[Ⅰ] & Magia伤害UP[Ⅰ]	official_cn_game_term	official dump authority.json doppelList + skill shortDescription	authority-component-normalization	authority-verified	1.00	official_cn_game_term		魔女化身伤害提升[Ⅰ] & Magia伤害提升[Ⅰ]	visible-term-closure-exact-supersession	stable-key	DICT-02196	root-reviewed-official-cn-terminology	root-reviewed-approved	runtime_pass18_outside_pass15	authority-verified
P18-00479	magica/js/libs/emotionSkillMap.json	/4029102/shortDescription	4029102	shortDescription	Doppel伤害UP[Ⅰ] & Magia伤害UP[Ⅰ]	魔女化身伤害UP[Ⅰ] & Magia伤害UP[Ⅰ]	official_cn_game_term	official dump authority.json doppelList + skill shortDescription	authority-component-normalization	authority-verified	1.00	official_cn_game_term		魔女化身伤害提升[Ⅰ] & Magia伤害提升[Ⅰ]	visible-term-closure-exact-supersession	stable-key	DICT-02203	root-reviewed-official-cn-terminology	root-reviewed-approved	runtime_pass18_outside_pass15	authority-verified
P18-00480	magica/js/libs/emotionSkillMap.json	/4029104/shortDescription	4029104	shortDescription	Doppel伤害UP[Ⅰ] & Magia伤害UP[Ⅰ]	魔女化身伤害UP[Ⅰ] & Magia伤害UP[Ⅰ]	official_cn_game_term	official dump authority.json doppelList + skill shortDescription	authority-component-normalization	authority-verified	1.00	official_cn_game_term		魔女化身伤害提升[Ⅰ] & Magia伤害提升[Ⅰ]	visible-term-closure-exact-supersession	stable-key	DICT-02204	root-reviewed-official-cn-terminology	root-reviewed-approved	runtime_pass18_outside_pass15	authority-verified
P18-00481	magica/js/libs/emotionSkillMap.json	/4031102/shortDescription	4031102	shortDescription	Doppel伤害UP[Ⅰ] & Magia伤害UP[Ⅰ]	魔女化身伤害UP[Ⅰ] & Magia伤害UP[Ⅰ]	official_cn_game_term	official dump authority.json doppelList + skill shortDescription	authority-component-normalization	authority-verified	1.00	official_cn_game_term		魔女化身伤害提升[Ⅰ] & Magia伤害提升[Ⅰ]	visible-term-closure-exact-supersession	stable-key	DICT-02210	root-reviewed-official-cn-terminology	root-reviewed-approved	runtime_pass18_outside_pass15	authority-verified
P18-00482	magica/js/libs/emotionSkillMap.json	/4031104/shortDescription	4031104	shortDescription	Doppel伤害UP[Ⅰ] & Magia伤害UP[Ⅰ]	魔女化身伤害UP[Ⅰ] & Magia伤害UP[Ⅰ]	official_cn_game_term	official dump authority.json doppelList + skill shortDescription	authority-component-normalization	authority-verified	1.00	official_cn_game_term		魔女化身伤害提升[Ⅰ] & Magia伤害提升[Ⅰ]	visible-term-closure-exact-supersession	stable-key	DICT-02212	root-reviewed-official-cn-terminology	root-reviewed-approved	runtime_pass18_outside_pass15	authority-verified
P18-00483	magica/js/libs/emotionSkillMap.json	/4032101/shortDescription	4032101	shortDescription	Doppel伤害UP[Ⅳ] & Magia伤害UP[Ⅱ]	魔女化身伤害UP[Ⅳ] & Magia伤害UP[Ⅱ]	official_cn_game_term	official dump authority.json doppelList + skill shortDescription	authority-component-normalization	authority-verified	1.00	official_cn_game_term		魔女化身伤害提升[Ⅳ] & Magia伤害提升[Ⅱ]	visible-term-closure-exact-supersession	stable-key	DICT-02219	root-reviewed-official-cn-terminology	root-reviewed-approved	runtime_pass18_outside_pass15	authority-verified
P18-00484	magica/js/libs/emotionSkillMap.json	/4032105/shortDescription	4032105	shortDescription	Doppel伤害UP[Ⅳ] & Magia伤害UP[Ⅱ]	魔女化身伤害UP[Ⅳ] & Magia伤害UP[Ⅱ]	official_cn_game_term	official dump authority.json doppelList + skill shortDescription	authority-component-normalization	authority-verified	1.00	official_cn_game_term		魔女化身伤害提升[Ⅳ] & Magia伤害提升[Ⅱ]	visible-term-closure-exact-supersession	stable-key	DICT-02223	root-reviewed-official-cn-terminology	root-reviewed-approved	runtime_pass18_outside_pass15	authority-verified
P18-00485	magica/js/libs/emotionSkillMap.json	/4033102/shortDescription	4033102	shortDescription	Doppel伤害UP[Ⅲ] & Magia伤害UP[Ⅰ]	魔女化身伤害UP[Ⅲ] & Magia伤害UP[Ⅰ]	official_cn_game_term	official dump authority.json doppelList + skill shortDescription	authority-component-normalization	authority-verified	1.00	official_cn_game_term		魔女化身伤害提升[Ⅲ] & Magia伤害提升[Ⅰ]	visible-term-closure-exact-supersession	stable-key	DICT-02229	root-reviewed-official-cn-terminology	root-reviewed-approved	runtime_pass18_outside_pass15	authority-verified
P18-00486	magica/js/libs/emotionSkillMap.json	/4033104/shortDescription	4033104	shortDescription	Doppel伤害UP[Ⅳ] & Magia伤害UP[Ⅱ]	魔女化身伤害UP[Ⅳ] & Magia伤害UP[Ⅱ]	official_cn_game_term	official dump authority.json doppelList + skill shortDescription	authority-component-normalization	authority-verified	1.00	official_cn_game_term		魔女化身伤害提升[Ⅳ] & Magia伤害提升[Ⅱ]	visible-term-closure-exact-supersession	stable-key	DICT-02231	root-reviewed-official-cn-terminology	root-reviewed-approved	runtime_pass18_outside_pass15	authority-verified
P18-00487	magica/js/libs/emotionSkillMap.json	/4034102/shortDescription	4034102	shortDescription	Doppel伤害UP[Ⅰ] & Magia伤害UP[Ⅰ]	魔女化身伤害UP[Ⅰ] & Magia伤害UP[Ⅰ]	official_cn_game_term	official dump authority.json doppelList + skill shortDescription	authority-component-normalization	authority-verified	1.00	official_cn_game_term		魔女化身伤害提升[Ⅰ] & Magia伤害提升[Ⅰ]	visible-term-closure-exact-supersession	stable-key	DICT-02240	root-reviewed-official-cn-terminology	root-reviewed-approved	runtime_pass18_outside_pass15	authority-verified
P18-00488	magica/js/libs/emotionSkillMap.json	/4034104/shortDescription	4034104	shortDescription	Doppel伤害UP[Ⅰ] & Magia伤害UP[Ⅰ]	魔女化身伤害UP[Ⅰ] & Magia伤害UP[Ⅰ]	official_cn_game_term	official dump authority.json doppelList + skill shortDescription	authority-component-normalization	authority-verified	1.00	official_cn_game_term		魔女化身伤害提升[Ⅰ] & Magia伤害提升[Ⅰ]	visible-term-closure-exact-supersession	stable-key	DICT-02242	root-reviewed-official-cn-terminology	root-reviewed-approved	runtime_pass18_outside_pass15	authority-verified
P18-00489	magica/js/libs/emotionSkillMap.json	/4035101/shortDescription	4035101	shortDescription	Doppel伤害UP[Ⅳ] & Magia伤害UP[Ⅱ]	魔女化身伤害UP[Ⅳ] & Magia伤害UP[Ⅱ]	official_cn_game_term	official dump authority.json doppelList + skill shortDescription	authority-component-normalization	authority-verified	1.00	official_cn_game_term		魔女化身伤害提升[Ⅳ] & Magia伤害提升[Ⅱ]	visible-term-closure-exact-supersession	stable-key	DICT-02248	root-reviewed-official-cn-terminology	root-reviewed-approved	runtime_pass18_outside_pass15	authority-verified
P18-00490	magica/js/libs/emotionSkillMap.json	/4035103/shortDescription	4035103	shortDescription	Doppel伤害UP[Ⅳ] & Magia伤害UP[Ⅱ]	魔女化身伤害UP[Ⅳ] & Magia伤害UP[Ⅱ]	official_cn_game_term	official dump authority.json doppelList + skill shortDescription	authority-component-normalization	authority-verified	1.00	official_cn_game_term		魔女化身伤害提升[Ⅳ] & Magia伤害提升[Ⅱ]	visible-term-closure-exact-supersession	stable-key	DICT-02250	root-reviewed-official-cn-terminology	root-reviewed-approved	runtime_pass18_outside_pass15	authority-verified
P18-00491	magica/js/libs/emotionSkillMap.json	/4036104/shortDescription	4036104	shortDescription	Doppel伤害UP[Ⅰ] & Magia伤害UP[Ⅰ]	魔女化身伤害UP[Ⅰ] & Magia伤害UP[Ⅰ]	official_cn_game_term	official dump authority.json doppelList + skill shortDescription	authority-component-normalization	authority-verified	1.00	official_cn_game_term		魔女化身伤害提升[Ⅰ] & Magia伤害提升[Ⅰ]	visible-term-closure-exact-supersession	stable-key	DICT-02256	root-reviewed-official-cn-terminology	root-reviewed-approved	runtime_pass18_outside_pass15	authority-verified
P18-00492	magica/js/libs/emotionSkillMap.json	/4036106/shortDescription	4036106	shortDescription	Doppel伤害UP[Ⅰ] & Magia伤害UP[Ⅰ]	魔女化身伤害UP[Ⅰ] & Magia伤害UP[Ⅰ]	official_cn_game_term	official dump authority.json doppelList + skill shortDescription	authority-component-normalization	authority-verified	1.00	official_cn_game_term		魔女化身伤害提升[Ⅰ] & Magia伤害提升[Ⅰ]	visible-term-closure-exact-supersession	stable-key	DICT-02258	root-reviewed-official-cn-terminology	root-reviewed-approved	runtime_pass18_outside_pass15	authority-verified
P18-00493	magica/js/libs/emotionSkillMap.json	/4041103/shortDescription	4041103	shortDescription	Doppel伤害UP[Ⅰ] & Magia伤害UP[Ⅰ]	魔女化身伤害UP[Ⅰ] & Magia伤害UP[Ⅰ]	official_cn_game_term	official dump authority.json doppelList + skill shortDescription	authority-component-normalization	authority-verified	1.00	official_cn_game_term		魔女化身伤害提升[Ⅰ] & Magia伤害提升[Ⅰ]	visible-term-closure-exact-supersession	stable-key	DICT-02265	root-reviewed-official-cn-terminology	root-reviewed-approved	runtime_pass18_outside_pass15	authority-verified
P18-00494	magica/js/libs/emotionSkillMap.json	/4041104/shortDescription	4041104	shortDescription	Doppel伤害UP[Ⅰ] & Magia伤害UP[Ⅰ]	魔女化身伤害UP[Ⅰ] & Magia伤害UP[Ⅰ]	official_cn_game_term	official dump authority.json doppelList + skill shortDescription	authority-component-normalization	authority-verified	1.00	official_cn_game_term		魔女化身伤害提升[Ⅰ] & Magia伤害提升[Ⅰ]	visible-term-closure-exact-supersession	stable-key	DICT-02266	root-reviewed-official-cn-terminology	root-reviewed-approved	runtime_pass18_outside_pass15	authority-verified
P18-00495	magica/js/libs/emotionSkillMap.json	/4042102/shortDescription	4042102	shortDescription	Doppel伤害UP[Ⅳ] & Magia伤害UP[Ⅱ]	魔女化身伤害UP[Ⅳ] & Magia伤害UP[Ⅱ]	official_cn_game_term	official dump authority.json doppelList + skill shortDescription	authority-component-normalization	authority-verified	1.00	official_cn_game_term		魔女化身伤害提升[Ⅳ] & Magia伤害提升[Ⅱ]	visible-term-closure-exact-supersession	stable-key	DICT-02271	root-reviewed-official-cn-terminology	root-reviewed-approved	runtime_pass18_outside_pass15	authority-verified
P18-00496	magica/js/libs/emotionSkillMap.json	/4042104/shortDescription	4042104	shortDescription	Doppel伤害UP[Ⅲ] & Magia伤害UP[Ⅰ]	魔女化身伤害UP[Ⅲ] & Magia伤害UP[Ⅰ]	official_cn_game_term	official dump authority.json doppelList + skill shortDescription	authority-component-normalization	authority-verified	1.00	official_cn_game_term		魔女化身伤害提升[Ⅲ] & Magia伤害提升[Ⅰ]	visible-term-closure-exact-supersession	stable-key	DICT-02273	root-reviewed-official-cn-terminology	root-reviewed-approved	runtime_pass18_outside_pass15	authority-verified
P18-00497	magica/js/libs/emotionSkillMap.json	/4043101/shortDescription	4043101	shortDescription	Doppel伤害UP[Ⅲ] & Magia伤害UP[Ⅰ]	魔女化身伤害UP[Ⅲ] & Magia伤害UP[Ⅰ]	official_cn_game_term	official dump authority.json doppelList + skill shortDescription	authority-component-normalization	authority-verified	1.00	official_cn_game_term		魔女化身伤害提升[Ⅲ] & Magia伤害提升[Ⅰ]	visible-term-closure-exact-supersession	stable-key	DICT-02277	root-reviewed-official-cn-terminology	root-reviewed-approved	runtime_pass18_outside_pass15	authority-verified
P18-00498	magica/js/libs/emotionSkillMap.json	/4043102/shortDescription	4043102	shortDescription	Doppel伤害UP[Ⅳ] & Magia伤害UP[Ⅱ]	魔女化身伤害UP[Ⅳ] & Magia伤害UP[Ⅱ]	official_cn_game_term	official dump authority.json doppelList + skill shortDescription	authority-component-normalization	authority-verified	1.00	official_cn_game_term		魔女化身伤害提升[Ⅳ] & Magia伤害提升[Ⅱ]	visible-term-closure-exact-supersession	stable-key	DICT-02278	root-reviewed-official-cn-terminology	root-reviewed-approved	runtime_pass18_outside_pass15	authority-verified
P18-00499	magica/js/libs/emotionSkillMap.json	/4044103/shortDescription	4044103	shortDescription	Doppel伤害UP[Ⅲ] & Magia伤害UP[Ⅰ]	魔女化身伤害UP[Ⅲ] & Magia伤害UP[Ⅰ]	official_cn_game_term	official dump authority.json doppelList + skill shortDescription	authority-component-normalization	authority-verified	1.00	official_cn_game_term		魔女化身伤害提升[Ⅲ] & Magia伤害提升[Ⅰ]	visible-term-closure-exact-supersession	stable-key	DICT-02287	root-reviewed-official-cn-terminology	root-reviewed-approved	runtime_pass18_outside_pass15	authority-verified
P18-00500	magica/js/libs/emotionSkillMap.json	/4044104/shortDescription	4044104	shortDescription	Doppel伤害UP[Ⅳ] & Magia伤害UP[Ⅱ]	魔女化身伤害UP[Ⅳ] & Magia伤害UP[Ⅱ]	official_cn_game_term	official dump authority.json doppelList + skill shortDescription	authority-component-normalization	authority-verified	1.00	official_cn_game_term		魔女化身伤害提升[Ⅳ] & Magia伤害提升[Ⅱ]	visible-term-closure-exact-supersession	stable-key	DICT-02288	root-reviewed-official-cn-terminology	root-reviewed-approved	runtime_pass18_outside_pass15	authority-verified
P18-00501	magica/js/libs/emotionSkillMap.json	/4045101/shortDescription	4045101	shortDescription	Doppel伤害UP[Ⅰ] & Magia伤害UP[Ⅰ]	魔女化身伤害UP[Ⅰ] & Magia伤害UP[Ⅰ]	official_cn_game_term	official dump authority.json doppelList + skill shortDescription	authority-component-normalization	authority-verified	1.00	official_cn_game_term		魔女化身伤害提升[Ⅰ] & Magia伤害提升[Ⅰ]	visible-term-closure-exact-supersession	stable-key	DICT-02294	root-reviewed-official-cn-terminology	root-reviewed-approved	runtime_pass18_outside_pass15	authority-verified
P18-00502	magica/js/libs/emotionSkillMap.json	/4045104/shortDescription	4045104	shortDescription	Doppel伤害UP[Ⅰ] & Magia伤害UP[Ⅰ]	魔女化身伤害UP[Ⅰ] & Magia伤害UP[Ⅰ]	official_cn_game_term	official dump authority.json doppelList + skill shortDescription	authority-component-normalization	authority-verified	1.00	official_cn_game_term		魔女化身伤害提升[Ⅰ] & Magia伤害提升[Ⅰ]	visible-term-closure-exact-supersession	stable-key	DICT-02297	root-reviewed-official-cn-terminology	root-reviewed-approved	runtime_pass18_outside_pass15	authority-verified
P18-00503	magica/js/libs/emotionSkillMap.json	/4046102/shortDescription	4046102	shortDescription	Doppel伤害UP[Ⅰ] & Magia伤害UP[Ⅰ]	魔女化身伤害UP[Ⅰ] & Magia伤害UP[Ⅰ]	official_cn_game_term	official dump authority.json doppelList + skill shortDescription	authority-component-normalization	authority-verified	1.00	official_cn_game_term		魔女化身伤害提升[Ⅰ] & Magia伤害提升[Ⅰ]	visible-term-closure-exact-supersession	stable-key	DICT-02305	root-reviewed-official-cn-terminology	root-reviewed-approved	runtime_pass18_outside_pass15	authority-verified
P18-00504	magica/js/libs/emotionSkillMap.json	/4046108/shortDescription	4046108	shortDescription	Doppel伤害UP[Ⅰ] & Magia伤害UP[Ⅰ]	魔女化身伤害UP[Ⅰ] & Magia伤害UP[Ⅰ]	official_cn_game_term	official dump authority.json doppelList + skill shortDescription	authority-component-normalization	authority-verified	1.00	official_cn_game_term		魔女化身伤害提升[Ⅰ] & Magia伤害提升[Ⅰ]	visible-term-closure-exact-supersession	stable-key	DICT-02310	root-reviewed-official-cn-terminology	root-reviewed-approved	runtime_pass18_outside_pass15	authority-verified
P18-00505	magica/js/libs/emotionSkillMap.json	/4051101/shortDescription	4051101	shortDescription	Doppel伤害UP[Ⅰ] & Magia伤害UP[Ⅰ]	魔女化身伤害UP[Ⅰ] & Magia伤害UP[Ⅰ]	official_cn_game_term	official dump authority.json doppelList + skill shortDescription	authority-component-normalization	authority-verified	1.00	official_cn_game_term		魔女化身伤害提升[Ⅰ] & Magia伤害提升[Ⅰ]	visible-term-closure-exact-supersession	stable-key	DICT-02312	root-reviewed-official-cn-terminology	root-reviewed-approved	runtime_pass18_outside_pass15	authority-verified
P18-00506	magica/js/libs/emotionSkillMap.json	/4051102/shortDescription	4051102	shortDescription	Doppel伤害UP[Ⅰ] & Magia伤害UP[Ⅰ]	魔女化身伤害UP[Ⅰ] & Magia伤害UP[Ⅰ]	official_cn_game_term	official dump authority.json doppelList + skill shortDescription	authority-component-normalization	authority-verified	1.00	official_cn_game_term		魔女化身伤害提升[Ⅰ] & Magia伤害提升[Ⅰ]	visible-term-closure-exact-supersession	stable-key	DICT-02313	root-reviewed-official-cn-terminology	root-reviewed-approved	runtime_pass18_outside_pass15	authority-verified
P18-00507	magica/js/libs/emotionSkillMap.json	/4052102/shortDescription	4052102	shortDescription	Doppel伤害UP[Ⅰ] & Magia伤害UP[Ⅰ]	魔女化身伤害UP[Ⅰ] & Magia伤害UP[Ⅰ]	official_cn_game_term	official dump authority.json doppelList + skill shortDescription	authority-component-normalization	authority-verified	1.00	official_cn_game_term		魔女化身伤害提升[Ⅰ] & Magia伤害提升[Ⅰ]	visible-term-closure-exact-supersession	stable-key	DICT-02323	root-reviewed-official-cn-terminology	root-reviewed-approved	runtime_pass18_outside_pass15	authority-verified
P18-00508	magica/js/libs/emotionSkillMap.json	/4052104/shortDescription	4052104	shortDescription	Doppel伤害UP[Ⅰ] & Magia伤害UP[Ⅰ]	魔女化身伤害UP[Ⅰ] & Magia伤害UP[Ⅰ]	official_cn_game_term	official dump authority.json doppelList + skill shortDescription	authority-component-normalization	authority-verified	1.00	official_cn_game_term		魔女化身伤害提升[Ⅰ] & Magia伤害提升[Ⅰ]	visible-term-closure-exact-supersession	stable-key	DICT-02325	root-reviewed-official-cn-terminology	root-reviewed-approved	runtime_pass18_outside_pass15	authority-verified
P18-00509	magica/js/libs/emotionSkillMap.json	/4053102/shortDescription	4053102	shortDescription	Doppel伤害UP[Ⅰ] & Magia伤害UP[Ⅰ]	魔女化身伤害UP[Ⅰ] & Magia伤害UP[Ⅰ]	official_cn_game_term	official dump authority.json doppelList + skill shortDescription	authority-component-normalization	authority-verified	1.00	official_cn_game_term		魔女化身伤害提升[Ⅰ] & Magia伤害提升[Ⅰ]	visible-term-closure-exact-supersession	stable-key	DICT-02332	root-reviewed-official-cn-terminology	root-reviewed-approved	runtime_pass18_outside_pass15	authority-verified
P18-00510	magica/js/libs/emotionSkillMap.json	/4053105/shortDescription	4053105	shortDescription	Doppel伤害UP[Ⅰ] & Magia伤害UP[Ⅰ]	魔女化身伤害UP[Ⅰ] & Magia伤害UP[Ⅰ]	official_cn_game_term	official dump authority.json doppelList + skill shortDescription	authority-component-normalization	authority-verified	1.00	official_cn_game_term		魔女化身伤害提升[Ⅰ] & Magia伤害提升[Ⅰ]	visible-term-closure-exact-supersession	stable-key	DICT-02335	root-reviewed-official-cn-terminology	root-reviewed-approved	runtime_pass18_outside_pass15	authority-verified
P18-00511	magica/js/libs/emotionSkillMap.json	/4053109/shortDescription	4053109	shortDescription	Doppel伤害UP[Ⅰ] & Magia伤害UP[Ⅰ]	魔女化身伤害UP[Ⅰ] & Magia伤害UP[Ⅰ]	official_cn_game_term	official dump authority.json doppelList + skill shortDescription	authority-component-normalization	authority-verified	1.00	official_cn_game_term		魔女化身伤害提升[Ⅰ] & Magia伤害提升[Ⅰ]	visible-term-closure-exact-supersession	stable-key	DICT-02339	root-reviewed-official-cn-terminology	root-reviewed-approved	runtime_pass18_outside_pass15	authority-verified
P18-00512	magica/js/libs/emotionSkillMap.json	/4061102/shortDescription	4061102	shortDescription	Doppel伤害UP[Ⅰ] & Magia伤害UP[Ⅰ]	魔女化身伤害UP[Ⅰ] & Magia伤害UP[Ⅰ]	official_cn_game_term	official dump authority.json doppelList + skill shortDescription	authority-component-normalization	authority-verified	1.00	official_cn_game_term		魔女化身伤害提升[Ⅰ] & Magia伤害提升[Ⅰ]	visible-term-closure-exact-supersession	stable-key	DICT-02343	root-reviewed-official-cn-terminology	root-reviewed-approved	runtime_pass18_outside_pass15	authority-verified
P18-00513	magica/js/libs/emotionSkillMap.json	/4061104/shortDescription	4061104	shortDescription	Doppel伤害UP[Ⅰ] & Magia伤害UP[Ⅰ]	魔女化身伤害UP[Ⅰ] & Magia伤害UP[Ⅰ]	official_cn_game_term	official dump authority.json doppelList + skill shortDescription	authority-component-normalization	authority-verified	1.00	official_cn_game_term		魔女化身伤害提升[Ⅰ] & Magia伤害提升[Ⅰ]	visible-term-closure-exact-supersession	stable-key	DICT-02344	root-reviewed-official-cn-terminology	root-reviewed-approved	runtime_pass18_outside_pass15	authority-verified
P18-00514	magica/js/libs/emotionSkillMap.json	/4062102/shortDescription	4062102	shortDescription	Doppel伤害UP[Ⅰ] & Magia伤害UP[Ⅰ]	魔女化身伤害UP[Ⅰ] & Magia伤害UP[Ⅰ]	official_cn_game_term	official dump authority.json doppelList + skill shortDescription	authority-component-normalization	authority-verified	1.00	official_cn_game_term		魔女化身伤害提升[Ⅰ] & Magia伤害提升[Ⅰ]	visible-term-closure-exact-supersession	stable-key	DICT-02351	root-reviewed-official-cn-terminology	root-reviewed-approved	runtime_pass18_outside_pass15	authority-verified
P18-00515	magica/js/libs/emotionSkillMap.json	/4062104/shortDescription	4062104	shortDescription	Doppel伤害UP[Ⅰ] & Magia伤害UP[Ⅰ]	魔女化身伤害UP[Ⅰ] & Magia伤害UP[Ⅰ]	official_cn_game_term	official dump authority.json doppelList + skill shortDescription	authority-component-normalization	authority-verified	1.00	official_cn_game_term		魔女化身伤害提升[Ⅰ] & Magia伤害提升[Ⅰ]	visible-term-closure-exact-supersession	stable-key	DICT-02352	root-reviewed-official-cn-terminology	root-reviewed-approved	runtime_pass18_outside_pass15	authority-verified
P18-00516	magica/js/libs/emotionSkillMap.json	/4121101/shortDescription	4121101	shortDescription	Doppel伤害UP[Ⅰ] & Magia伤害UP[Ⅰ]	魔女化身伤害UP[Ⅰ] & Magia伤害UP[Ⅰ]	official_cn_game_term	official dump authority.json doppelList + skill shortDescription	authority-component-normalization	authority-verified	1.00	official_cn_game_term		魔女化身伤害提升[Ⅰ] & Magia伤害提升[Ⅰ]	visible-term-closure-exact-supersession	stable-key	DICT-02359	root-reviewed-official-cn-terminology	root-reviewed-approved	runtime_pass18_outside_pass15	authority-verified
P18-00517	magica/js/libs/emotionSkillMap.json	/4121103/shortDescription	4121103	shortDescription	Doppel伤害UP[Ⅰ] & Magia伤害UP[Ⅰ]	魔女化身伤害UP[Ⅰ] & Magia伤害UP[Ⅰ]	official_cn_game_term	official dump authority.json doppelList + skill shortDescription	authority-component-normalization	authority-verified	1.00	official_cn_game_term		魔女化身伤害提升[Ⅰ] & Magia伤害提升[Ⅰ]	visible-term-closure-exact-supersession	stable-key	DICT-02361	root-reviewed-official-cn-terminology	root-reviewed-approved	runtime_pass18_outside_pass15	authority-verified
P18-00518	magica/js/libs/emotionSkillMap.json	/4122102/shortDescription	4122102	shortDescription	Doppel伤害UP[Ⅰ] & Magia伤害UP[Ⅰ]	魔女化身伤害UP[Ⅰ] & Magia伤害UP[Ⅰ]	official_cn_game_term	official dump authority.json doppelList + skill shortDescription	authority-component-normalization	authority-verified	1.00	official_cn_game_term		魔女化身伤害提升[Ⅰ] & Magia伤害提升[Ⅰ]	visible-term-closure-exact-supersession	stable-key	DICT-02367	root-reviewed-official-cn-terminology	root-reviewed-approved	runtime_pass18_outside_pass15	authority-verified
P18-00519	magica/js/libs/emotionSkillMap.json	/4122103/shortDescription	4122103	shortDescription	Doppel伤害UP[Ⅰ] & Magia伤害UP[Ⅰ]	魔女化身伤害UP[Ⅰ] & Magia伤害UP[Ⅰ]	official_cn_game_term	official dump authority.json doppelList + skill shortDescription	authority-component-normalization	authority-verified	1.00	official_cn_game_term		魔女化身伤害提升[Ⅰ] & Magia伤害提升[Ⅰ]	visible-term-closure-exact-supersession	stable-key	DICT-02368	root-reviewed-official-cn-terminology	root-reviewed-approved	runtime_pass18_outside_pass15	authority-verified
P18-00520	magica/js/libs/emotionSkillMap.json	/4122109/shortDescription	4122109	shortDescription	Doppel伤害UP[Ⅳ] & Magia伤害UP[Ⅱ]	魔女化身伤害UP[Ⅳ] & Magia伤害UP[Ⅱ]	official_cn_game_term	official dump authority.json doppelList + skill shortDescription	authority-component-normalization	authority-verified	1.00	official_cn_game_term		魔女化身伤害提升[Ⅳ] & Magia伤害提升[Ⅱ]	visible-term-closure-exact-supersession	stable-key	DICT-02372	root-reviewed-official-cn-terminology	root-reviewed-approved	runtime_pass18_outside_pass15	authority-verified
P18-00521	magica/js/libs/itemList.json	/1074/description	HOME_EV_1131_20191	description	主页背景「见滝原中学校 屋上」。	主页背景「见泷原中学 屋顶」。	official-cn-component;official_component+wiki_component+new_human	official CN dump uses 见泷原市; Wiki sticker pairs WIKI-008780 etc. use 见泷原市; baseline Japanese field; official components 见泷原中学/见泷原市/屋顶/教室/校舍 + Wiki 10周年纪念; whole-field authority absent	authority-adoption;root-personal-human-translation	root-translated-needs-human-review	0.99	P0_authority_exact;root_personal_translation		主页背景「见泷原中学 屋顶」。	direct-current-after-image	stable-key				runtime_changed_after_pass15	root-translated-needs-human-review
P18-00522	magica/js/libs/itemList.json	/1074/name	HOME_EV_1131_20191	name	背景「见滝原中学校 屋上」	背景「见泷原中学 屋顶」	official-cn-component;official_component+wiki_component+new_human	official CN dump uses 见泷原市; Wiki sticker pairs WIKI-008780 etc. use 见泷原市; baseline Japanese field; official components 见泷原中学/见泷原市/屋顶/教室/校舍 + Wiki 10周年纪念; whole-field authority absent	authority-adoption;root-personal-human-translation	root-translated-needs-human-review	0.99	P0_authority_exact;root_personal_translation		背景「见泷原中学 屋顶」	direct-current-after-image	stable-key				runtime_pass18_outside_pass15	root-translated-needs-human-review
P18-00523	magica/js/libs/itemList.json	/1074/shortDescription	HOME_EV_1131_20191	shortDescription	见滝原中学校 屋上(10周年记念)	见泷原中学 屋顶（10周年纪念）	official-cn-component;official_component+wiki_component+new_human	official CN dump uses 见泷原市; Wiki sticker pairs WIKI-008780 etc. use 见泷原市; baseline Japanese field; official components 见泷原中学/见泷原市/屋顶/教室/校舍 + Wiki 10周年纪念; whole-field authority absent	authority-adoption;root-personal-human-translation	root-translated-needs-human-review	0.99	P0_authority_exact;root_personal_translation		见泷原中学 屋顶（10周年纪念）	direct-current-after-image	stable-key				runtime_pass18_outside_pass15	root-translated-needs-human-review
P18-00524	magica/js/libs/itemList.json	/1075/description	HOME_EV_1131_20201	description	主页背景「见滝原中学校 教室」。	主页背景「见泷原中学 教室」。	official-cn-component;official_component+wiki_component+new_human	official CN dump uses 见泷原市; Wiki sticker pairs WIKI-008780 etc. use 见泷原市; baseline Japanese field; official components 见泷原中学/见泷原市/屋顶/教室/校舍 + Wiki 10周年纪念; whole-field authority absent	authority-adoption;root-personal-human-translation	root-translated-needs-human-review	0.99	P0_authority_exact;root_personal_translation		主页背景「见泷原中学 教室」。	direct-current-after-image	stable-key				runtime_changed_after_pass15	root-translated-needs-human-review
P18-00525	magica/js/libs/itemList.json	/1075/name	HOME_EV_1131_20201	name	背景「见滝原中学校 教室」	背景「见泷原中学 教室」	official-cn-component;official_component+wiki_component+new_human	official CN dump uses 见泷原市; Wiki sticker pairs WIKI-008780 etc. use 见泷原市; baseline Japanese field; official components 见泷原中学/见泷原市/屋顶/教室/校舍 + Wiki 10周年纪念; whole-field authority absent	authority-adoption;root-personal-human-translation	root-translated-needs-human-review	0.99	P0_authority_exact;root_personal_translation		背景「见泷原中学 教室」	direct-current-after-image	stable-key				runtime_pass18_outside_pass15	root-translated-needs-human-review
P18-00526	magica/js/libs/itemList.json	/1075/shortDescription	HOME_EV_1131_20201	shortDescription	见滝原中学校 教室(10周年记念)	见泷原中学 教室（10周年纪念）	official-cn-component;official_component+wiki_component+new_human	official CN dump uses 见泷原市; Wiki sticker pairs WIKI-008780 etc. use 见泷原市; baseline Japanese field; official components 见泷原中学/见泷原市/屋顶/教室/校舍 + Wiki 10周年纪念; whole-field authority absent	authority-adoption;root-personal-human-translation	root-translated-needs-human-review	0.99	P0_authority_exact;root_personal_translation		见泷原中学 教室（10周年纪念）	direct-current-after-image	stable-key				runtime_pass18_outside_pass15	root-translated-needs-human-review
P18-00527	magica/js/libs/itemList.json	/1076/description	HOME_EV_1131_20211	description	主页背景「见滝原中学校 校舎」。	主页背景「见泷原中学 校舍」。	official-cn-component;official_component+wiki_component+new_human	official CN dump uses 见泷原市; Wiki sticker pairs WIKI-008780 etc. use 见泷原市; baseline Japanese field; official components 见泷原中学/见泷原市/屋顶/教室/校舍 + Wiki 10周年纪念; whole-field authority absent	authority-adoption;root-personal-human-translation	root-translated-needs-human-review	0.99	P0_authority_exact;root_personal_translation		主页背景「见泷原中学 校舍」。	direct-current-after-image	stable-key				runtime_changed_after_pass15	root-translated-needs-human-review
P18-00528	magica/js/libs/itemList.json	/1076/name	HOME_EV_1131_20211	name	背景「见滝原中学校 校舎」	背景「见泷原中学 校舍」	official-cn-component;official_component+wiki_component+new_human	official CN dump uses 见泷原市; Wiki sticker pairs WIKI-008780 etc. use 见泷原市; baseline Japanese field; official components 见泷原中学/见泷原市/屋顶/教室/校舍 + Wiki 10周年纪念; whole-field authority absent	authority-adoption;root-personal-human-translation	root-translated-needs-human-review	0.99	P0_authority_exact;root_personal_translation		背景「见泷原中学 校舍」	direct-current-after-image	stable-key				runtime_pass18_outside_pass15	root-translated-needs-human-review
P18-00529	magica/js/libs/itemList.json	/1076/shortDescription	HOME_EV_1131_20211	shortDescription	见滝原中学校 校舎(10周年记念)	见泷原中学 校舍（10周年纪念）	official-cn-component;official_component+wiki_component+new_human	official CN dump uses 见泷原市; Wiki sticker pairs WIKI-008780 etc. use 见泷原市; baseline Japanese field; official components 见泷原中学/见泷原市/屋顶/教室/校舍 + Wiki 10周年纪念; whole-field authority absent	authority-adoption;root-personal-human-translation	root-translated-needs-human-review	0.99	P0_authority_exact;root_personal_translation		见泷原中学 校舍（10周年纪念）	direct-current-after-image	stable-key				runtime_pass18_outside_pass15	root-translated-needs-human-review
P18-00530	magica/js/libs/itemList.json	/1077/description	HOME_EV_1131_23051	description	主页背景「见滝原市 通学路」。	主页背景「见泷原市 上学路」。	official-cn-component;official_component+wiki_component+new_human	official CN dump uses 见泷原市; Wiki sticker pairs WIKI-008780 etc. use 见泷原市; baseline Japanese field; official components 见泷原中学/见泷原市/屋顶/教室/校舍 + Wiki 10周年纪念; whole-field authority absent	authority-adoption;root-personal-human-translation	root-translated-needs-human-review	0.99	P0_authority_exact;root_personal_translation		主页背景「见泷原市 上学路」。	direct-current-after-image	stable-key				runtime_changed_after_pass15	root-translated-needs-human-review
P18-00531	magica/js/libs/itemList.json	/1077/name	HOME_EV_1131_23051	name	背景「见滝原市 通学路」	背景「见泷原市 上学路」	official-cn-component;official_component+wiki_component+new_human	official CN dump uses 见泷原市; Wiki sticker pairs WIKI-008780 etc. use 见泷原市; baseline Japanese field; official components 见泷原中学/见泷原市/屋顶/教室/校舍 + Wiki 10周年纪念; whole-field authority absent	authority-adoption;root-personal-human-translation	root-translated-needs-human-review	0.99	P0_authority_exact;root_personal_translation		背景「见泷原市 上学路」	direct-current-after-image	stable-key				runtime_pass18_outside_pass15	root-translated-needs-human-review
P18-00532	magica/js/libs/itemList.json	/1077/shortDescription	HOME_EV_1131_23051	shortDescription	见滝原市 通学路(10周年记念)	见泷原市 上学路（10周年纪念）	official-cn-component;official_component+wiki_component+new_human	official CN dump uses 见泷原市; Wiki sticker pairs WIKI-008780 etc. use 见泷原市; baseline Japanese field; official components 见泷原中学/见泷原市/屋顶/教室/校舍 + Wiki 10周年纪念; whole-field authority absent	authority-adoption;root-personal-human-translation	root-translated-needs-human-review	0.99	P0_authority_exact;root_personal_translation		见泷原市 上学路（10周年纪念）	direct-current-after-image	stable-key				runtime_pass18_outside_pass15	root-translated-needs-human-review
P18-00533	magica/js/libs/itemList.json	/1273/name	SELECTABLE_SPECIAL_TICKET_37	name	终极小圆SP券	圆神SP券	official_cn_character_name	official dump authority.json#/charaList.json/2101/name	authority-component-normalization	authority-verified	1.00	official_cn_character_name		圆神SP券	direct-current-after-image	stable-key				runtime_changed_after_pass15	authority-verified
P18-00534	magica/js/libs/itemList.json	/1273/shortDescription	SELECTABLE_SPECIAL_TICKET_37	shortDescription	终极小圆SP券	圆神SP券	official_cn_character_name	official dump authority.json#/charaList.json/2101/name	authority-component-normalization	authority-verified	1.00	official_cn_character_name		圆神SP券	direct-current-after-image	stable-key				runtime_changed_after_pass15	authority-verified
P18-00535	magica/js/libs/itemList.json	/381/parameter	EVENT_DAILYTOWER_1130_STICKER_104100	parameter	130,莉薇娅·梅德洛斯	130,莉薇娅·梅黛洛斯	official+wiki	official authority cardList character family; characters.json#/莉薇娅_梅黛洛斯	authority-adoption	authority-verified	1.00	P0_authority_exact		130,莉薇娅·梅黛洛斯	direct-current-after-image	stable-key				runtime_changed_after_pass15	authority-verified
P18-00536	magica/js/libs/itemList.json	/384/name	EVENT_DAILYTOWER_1130_STICKER_110400	name	谣莎奈	传闻莎奈	official_cn_term_component	official dump authority.json uses 传闻 terminology; Wiki exact variant context	authority-component-normalization	authority-verified	1.00	official_cn_term_component		传闻莎奈	direct-current-after-image	stable-key				runtime_pass18_outside_pass15	authority-verified
P18-00537	magica/js/libs/itemList.json	/389/name	EVENT_DAILYTOWER_1130_STICKER_111800	name	水着天音姉妹	泳装天音姐妹	official+wiki	official authority charaList.json/1118; WIKI-008712	authority-adoption	authority-verified	1.00	P0_authority_exact		泳装天音姐妹	direct-current-after-image	stable-key				runtime_pass18_outside_pass15	authority-verified
P18-00538	magica/js/libs/itemList.json	/389/parameter	EVENT_DAILYTOWER_1130_STICKER_111800	parameter	094,天音姉妹(水着ver.)	094,天音姐妹（泳装ver.）	official+wiki	official authority charaList.json/1118; characters.json#/天音姐妹_泳装ver	authority-adoption	authority-verified	1.00	P0_authority_exact		094,天音姐妹（泳装ver.）	direct-current-after-image	stable-key				runtime_pass18_outside_pass15	authority-verified
P18-00539	magica/js/libs/itemList.json	/392/name	EVENT_DAILYTOWER_1130_STICKER_130100	name	伊吕波·八千代	彩羽·八千代	official_cn_character_name	official dump authority.json#/charaList.json/1001/name	authority-component-normalization	authority-verified	1.00	official_cn_character_name		彩羽·八千代	direct-current-after-image	stable-key				runtime_pass18_outside_pass15	authority-verified
P18-00540	magica/js/libs/itemList.json	/393/name	EVENT_DAILYTOWER_1130_STICKER_140100	name	巫女伊吕波·忧	巫女彩羽·忧	official_cn_character_name	official dump authority.json#/charaList.json/1001/name	authority-component-normalization	authority-verified	1.00	official_cn_character_name		巫女彩羽·忧	direct-current-after-image	stable-key				runtime_pass18_outside_pass15	authority-verified
P18-00541	magica/js/libs/itemList.json	/394/shortDescription	EVENT_DAILYTOWER_1130_STICKER_240000	shortDescription	见滝原市	见泷原市	official-cn-component	official CN dump uses 见泷原市; Wiki sticker pairs WIKI-008780 etc. use 见泷原市	authority-adoption	authority-verified	1.00	P0_authority_exact		见泷原市	direct-current-after-image	stable-key				runtime_pass18_outside_pass15	authority-verified
P18-00542	magica/js/libs/itemList.json	/396/name	EVENT_DAILYTOWER_1130_STICKER_260000	name	水着杏子	泳装杏子	official+wiki	official authority charaList.json/2600; WIKI-008709	authority-adoption	authority-verified	1.00	P0_authority_exact		泳装杏子	direct-current-after-image	stable-key				runtime_pass18_outside_pass15	authority-verified
P18-00543	magica/js/libs/itemList.json	/396/parameter	EVENT_DAILYTOWER_1130_STICKER_260000	parameter	093,佐仓杏子(水着ver.)	093,佐仓杏子（泳装ver.）	official+wiki	official authority charaList.json/2600; characters.json#/佐仓杏子_泳装ver	authority-adoption	authority-verified	1.00	P0_authority_exact		093,佐仓杏子（泳装ver.）	direct-current-after-image	stable-key				runtime_pass18_outside_pass15	authority-verified
P18-00544	magica/js/libs/itemList.json	/396/shortDescription	EVENT_DAILYTOWER_1130_STICKER_260000	shortDescription	砂滨	沙滩	wiki	WIKI-008708	authority-adoption	authority-verified	1.00	P0_authority_exact		沙滩	direct-current-after-image	stable-key				runtime_pass18_outside_pass15	authority-verified
P18-00545	magica/js/libs/itemList.json	/397/shortDescription	EVENT_DAILYTOWER_1130_STICKER_270000	shortDescription	见滝原市	见泷原市	official-cn-component	official CN dump uses 见泷原市; Wiki sticker pairs WIKI-008780 etc. use 见泷原市	authority-adoption	authority-verified	1.00	P0_authority_exact		见泷原市	direct-current-after-image	stable-key				runtime_pass18_outside_pass15	authority-verified
P18-00546	magica/js/libs/itemList.json	/419/name	EVENT_DAILYTOWER_1130_STICKER_350200	name	泳装万年樱之谣	泳装万年樱的传闻	official_cn_character_name	official dump authority.json#/charaList.json/3043/name	authority-component-normalization	authority-verified	1.00	official_cn_character_name		泳装万年樱的传闻	direct-current-after-image	stable-key				runtime_pass18_outside_pass15	authority-verified
P18-00547	magica/js/libs/itemList.json	/419/parameter	EVENT_DAILYTOWER_1130_STICKER_350200	parameter	121,万年樱之传闻（泳装ver.）	121,万年樱的传闻（泳装ver.）	official_cn_character_name	official dump authority.json#/charaList.json/3043/name	authority-component-normalization	authority-verified	1.00	official_cn_character_name		121,万年樱的传闻（泳装ver.）	direct-current-after-image	stable-key				runtime_changed_after_pass15	authority-verified
P18-00548	magica/js/libs/itemList.json	/420/parameter	EVENT_DAILYTOWER_1130_STICKER_402500	parameter	101,科尔博	101,可鲁波	official+wiki	official authority charaList.json/4025; WIKI-008732	authority-adoption	authority-verified	1.00	P0_authority_exact		101,可鲁波	direct-current-after-image	stable-key				runtime_changed_after_pass15	authority-verified
P18-00549	magica/js/libs/itemList.json	/421/parameter	EVENT_DAILYTOWER_1130_STICKER_402600	parameter	100,伊莉莎	100,爱丽莎	official+wiki	official authority charaList.json/4026; WIKI-008729	authority-adoption	authority-verified	1.00	P0_authority_exact		100,爱丽莎	direct-current-after-image	stable-key				runtime_changed_after_pass15	authority-verified
P18-00550	magica/js/libs/itemList.json	/471/name	EVENT_DAILYTOWER_1161_STICKER_210400	name	伊吕波·圆	彩羽·圆	official_cn_character_name	official dump authority.json#/charaList.json/1001/name	authority-component-normalization	authority-verified	1.00	official_cn_character_name		彩羽·圆	direct-current-after-image	stable-key				runtime_pass18_outside_pass15	authority-verified
P18-00551	magica/js/libs/itemList.json	/475/description	EVENT_DAILYTOWER_1161_STICKER_260200	description	因为精神上的成长变得Doppel也能控制的佐仓杏子。靠着超厚靴子和盛装发型，在物理上也有大幅成长。	因为精神上的成长变得魔女化身也能控制的佐仓杏子。靠着超厚靴子和盛装发型，在物理上也有大幅成长。	official_cn_game_term	official dump authority.json doppelList + skill shortDescription	authority-component-normalization	authority-verified	1.00	official_cn_game_term		因为精神上的成长变得魔女化身也能控制的佐仓杏子。靠着超厚靴子和盛装发型，在物理上也有大幅成长。	direct-current-after-image	stable-key				runtime_pass18_outside_pass15	authority-verified
P18-00552	magica/js/libs/itemList.json	/475/name	EVENT_DAILYTOWER_1161_STICKER_260200	name	Doppel杏子	魔女化身杏子	official_cn_game_term	official dump authority.json doppelList + skill shortDescription	authority-component-normalization	authority-verified	1.00	official_cn_game_term		魔女化身杏子	direct-current-after-image	stable-key				runtime_changed_after_pass15	authority-verified
P18-00553	magica/js/libs/itemList.json	/475/parameter	EVENT_DAILYTOWER_1161_STICKER_260200	parameter	172,佐仓杏子（Doppelver.）	172,佐仓杏子（魔女化身ver.）	official_cn_game_term	official dump authority.json doppelList + skill shortDescription	authority-component-normalization	authority-verified	1.00	official_cn_game_term		172,佐仓杏子（魔女化身ver.）	direct-current-after-image	stable-key				runtime_changed_after_pass15	authority-verified
P18-00554	magica/js/libs/itemList.json	/476/name	EVENT_DAILYTOWER_1161_STICKER_304800	name	由良蛍	由良萤	wiki	WIKI-008911; characters.json#/由良萤	authority-adoption	authority-verified	1.00	P0_authority_exact		由良萤	direct-current-after-image	stable-key				runtime_pass18_outside_pass15	authority-verified
P18-00555	magica/js/libs/itemList.json	/476/parameter	EVENT_DAILYTOWER_1161_STICKER_304800	parameter	163,由良蛍	163,由良萤	wiki	WIKI-008911; characters.json#/由良萤	authority-adoption	authority-verified	1.00	P0_authority_exact		163,由良萤	direct-current-after-image	stable-key				runtime_pass18_outside_pass15	authority-verified
P18-00556	magica/js/libs/itemList.json	/481/parameter	EVENT_DAILYTOWER_1161_STICKER_402400	parameter	165,米努	165,米诺	wiki	WIKI-008917; characters.json#/米诺	authority-adoption	authority-verified	1.00	P0_authority_exact		165,米诺	direct-current-after-image	stable-key				runtime_changed_after_pass15	authority-verified
P18-00557	magica/js/libs/itemList.json	/482/parameter	EVENT_DAILYTOWER_1161_STICKER_402900	parameter	175,佩雷内尔	175,佩尔内勒	wiki	WIKI-008945; characters.json#/佩尔内勒	authority-adoption	authority-verified	1.00	P0_authority_exact		175,佩尔内勒	direct-current-after-image	stable-key				runtime_changed_after_pass15	authority-verified
P18-00558	magica/js/libs/itemList.json	/526/parameter	EVENT_DAILYTOWER_1189_STICKER_104700	parameter	202,黑	202,小黑	wiki	WIKI-009023; characters.json#/小黑	authority-adoption	authority-verified	1.00	P0_authority_exact		202,小黑	direct-current-after-image	stable-key				runtime_changed_after_pass15	authority-verified
P18-00559	magica/js/libs/itemList.json	/531/name	EVENT_DAILYTOWER_1189_STICKER_114300	name	水着黑江	泳装黑江	wiki	WIKI-008954; characters.json#/黑江_泳装ver	authority-adoption	authority-verified	1.00	P0_authority_exact		泳装黑江	direct-current-after-image	stable-key				runtime_pass18_outside_pass15	authority-verified
P18-00560	magica/js/libs/itemList.json	/531/parameter	EVENT_DAILYTOWER_1189_STICKER_114300	parameter	178,黑江(水着ver.)	178,黑江（泳装ver.）	wiki	characters.json#/黑江_泳装ver	authority-adoption	authority-verified	1.00	P0_authority_exact		178,黑江（泳装ver.）	direct-current-after-image	stable-key				runtime_pass18_outside_pass15	authority-verified
P18-00561	magica/js/libs/itemList.json	/539/name	EVENT_DAILYTOWER_1189_STICKER_160100	name	∞伊吕波	∞彩羽	official_cn_character_name	official dump authority.json#/charaList.json/1001/name	authority-component-normalization	authority-verified	1.00	official_cn_character_name		∞彩羽	direct-current-after-image	stable-key				runtime_pass18_outside_pass15	authority-verified
P18-00562	magica/js/libs/itemList.json	/540/description	EVENT_DAILYTOWER_1189_STICKER_170100	description	无限的可能性引发了灾难，因此而诞生的魔法速报世界的无限大小伊吕波。是平行世界的伊吕波们互相协助而成的合体魔法少女。	无限的可能性引发了灾难，因此而诞生的魔法速报世界的无限大小彩羽。是平行世界的彩羽们互相协助而成的合体魔法少女。	official_cn_character_name	official dump authority.json#/charaList.json/1001/name	authority-component-normalization	authority-verified	1.00	official_cn_character_name		无限的可能性引发了灾难，因此而诞生的魔法速报世界的无限大小彩羽。是平行世界的彩羽们互相协助而成的合体魔法少女。	direct-current-after-image	stable-key				runtime_pass18_outside_pass15	authority-verified
P18-00563	magica/js/libs/itemList.json	/540/name	EVENT_DAILYTOWER_1189_STICKER_170100	name	无限大小伊吕波	无限大小彩羽	official_cn_character_name	official dump authority.json#/charaList.json/1001/name	authority-component-normalization	authority-verified	1.00	official_cn_character_name		无限大小彩羽	direct-current-after-image	stable-key				runtime_pass18_outside_pass15	authority-verified
P18-00564	magica/js/libs/itemList.json	/542/shortDescription	EVENT_DAILYTOWER_1189_STICKER_220300	shortDescription	见滝原市？	见泷原市？	official-cn-component	official CN dump uses 见泷原市; Wiki sticker pairs WIKI-008780 etc. use 见泷原市	authority-adoption	authority-verified	1.00	P0_authority_exact		见泷原市？	direct-current-after-image	stable-key				runtime_pass18_outside_pass15	authority-verified
P18-00565	magica/js/libs/itemList.json	/544/shortDescription	EVENT_DAILYTOWER_1189_STICKER_400400	shortDescription	见滝原市	见泷原市	official-cn-component	official CN dump uses 见泷原市; Wiki sticker pairs WIKI-008780 etc. use 见泷原市	authority-adoption	authority-verified	1.00	P0_authority_exact		见泷原市	direct-current-after-image	stable-key				runtime_pass18_outside_pass15	authority-verified
P18-00566	magica/js/libs/itemList.json	/584/description	EVENT_DAILYTOWER_1212_STICKER_114400	description	失去人体，走上非人之路，即便如此也在快被原谅的悬崖边，从那个绝对王者环伊吕波的手中赢得了Bad End的大功绩。	失去人体，走上非人之路，即便如此也在快被原谅的悬崖边，从那个绝对王者环彩羽的手中赢得了Bad End的大功绩。	official_cn_character_name	official dump authority.json#/charaList.json/1001/name	authority-component-normalization	authority-verified	1.00	official_cn_character_name		失去人体，走上非人之路，即便如此也在快被原谅的悬崖边，从那个绝对王者环彩羽的手中赢得了Bad End的大功绩。	direct-current-after-image	stable-key				runtime_pass18_outside_pass15	authority-verified
P18-00567	magica/js/libs/itemList.json	/584/parameter	EVENT_DAILYTOWER_1212_STICKER_114400	parameter	221,传闻命	221,谣命	wiki_exact_character_name	wiki characters.json#/谣命	authority-component-normalization	authority-verified	1.00	wiki_exact_character_name		221,谣命	direct-current-after-image	stable-key				runtime_changed_after_pass15	authority-verified
P18-00568	magica/js/libs/itemList.json	/586/name	EVENT_DAILYTOWER_1212_STICKER_180100	name	伊吕波·黑江	彩羽·黑江	official_cn_character_name	official dump authority.json#/charaList.json/1001/name	authority-component-normalization	authority-verified	1.00	official_cn_character_name		彩羽·黑江	direct-current-after-image	stable-key				runtime_pass18_outside_pass15	authority-verified
P18-00569	magica/js/libs/itemList.json	/587/shortDescription	EVENT_DAILYTOWER_1212_STICKER_200900	shortDescription	见滝原市	见泷原市	official-cn-component	official CN dump uses 见泷原市; Wiki sticker pairs WIKI-008780 etc. use 见泷原市	authority-adoption	authority-verified	1.00	P0_authority_exact		见泷原市	direct-current-after-image	stable-key				runtime_pass18_outside_pass15	authority-verified
P18-00570	magica/js/libs/itemList.json	/588/shortDescription	EVENT_DAILYTOWER_1212_STICKER_210500	shortDescription	见滝原市	见泷原市	official-cn-component	official CN dump uses 见泷原市; Wiki sticker pairs WIKI-008780 etc. use 见泷原市	authority-adoption	authority-verified	1.00	P0_authority_exact		见泷原市	direct-current-after-image	stable-key				runtime_pass18_outside_pass15	authority-verified
P18-00571	magica/js/libs/itemList.json	/589/name	EVENT_DAILYTOWER_1212_STICKER_210700	name	小圆前辈·小伊吕波	小圆前辈·小彩羽	official_cn_character_name	official dump authority.json#/charaList.json/1001/name	authority-component-normalization	authority-verified	1.00	official_cn_character_name		小圆前辈·小彩羽	direct-current-after-image	stable-key				runtime_pass18_outside_pass15	authority-verified
P18-00572	magica/js/libs/itemList.json	/591/shortDescription	EVENT_DAILYTOWER_1212_STICKER_230100	shortDescription	见滝原市	见泷原市	official-cn-component	official CN dump uses 见泷原市; Wiki sticker pairs WIKI-008780 etc. use 见泷原市	authority-adoption	authority-verified	1.00	P0_authority_exact		见泷原市	direct-current-after-image	stable-key				runtime_pass18_outside_pass15	authority-verified
P18-00573	magica/js/libs/itemList.json	/592/shortDescription	EVENT_DAILYTOWER_1212_STICKER_240200	shortDescription	见滝原市	见泷原市	official-cn-component	official CN dump uses 见泷原市; Wiki sticker pairs WIKI-008780 etc. use 见泷原市	authority-adoption	authority-verified	1.00	P0_authority_exact		见泷原市	direct-current-after-image	stable-key				runtime_pass18_outside_pass15	authority-verified
P18-00574	magica/js/libs/itemList.json	/593/shortDescription	EVENT_DAILYTOWER_1212_STICKER_250300	shortDescription	见滝原市	见泷原市	official-cn-component	official CN dump uses 见泷原市; Wiki sticker pairs WIKI-008780 etc. use 见泷原市	authority-adoption	authority-verified	1.00	P0_authority_exact		见泷原市	direct-current-after-image	stable-key				runtime_pass18_outside_pass15	authority-verified
P18-00575	magica/js/libs/itemList.json	/594/shortDescription	EVENT_DAILYTOWER_1212_STICKER_260100	shortDescription	见滝原市	见泷原市	official-cn-component	official CN dump uses 见泷原市; Wiki sticker pairs WIKI-008780 etc. use 见泷原市	authority-adoption	authority-verified	1.00	P0_authority_exact		见泷原市	direct-current-after-image	stable-key				runtime_pass18_outside_pass15	authority-verified
P18-00576	magica/js/libs/itemList.json	/599/parameter	EVENT_DAILYTOWER_1212_STICKER_390100	parameter	226,悠	226,夕	wiki	WIKI-002312; WIKI-009091; characters.json#/夕	authority-adoption	authority-verified	1.00	P0_authority_exact		226,夕	direct-current-after-image	stable-key				runtime_changed_after_pass15	authority-verified
P18-00577	magica/js/libs/itemList.json	/600/parameter	EVENT_DAILYTOWER_1212_STICKER_390200	parameter	227,希	227,椎	wiki	WIKI-000298; WIKI-002430; characters.json#/椎	authority-adoption	authority-verified	1.00	P0_authority_exact		227,椎	direct-current-after-image	stable-key				runtime_changed_after_pass15	authority-verified
P18-00578	magica/js/libs/live2dList.json	/145/description	145	description	水着(2020)	泳装（2020）	official_cn_exact_live2d	official dump authority.json live2dList descriptions	authority-component-normalization	authority-verified	1.00	official_cn_exact_live2d		泳装（2020）	direct-current-after-image	json-pointer				runtime_pass18_outside_pass15	authority-verified
P18-00579	magica/js/libs/live2dList.json	/150/description	150	description	水着(2020)	泳装（2020）	official_cn_exact_live2d	official dump authority.json live2dList descriptions	authority-component-normalization	authority-verified	1.00	official_cn_exact_live2d		泳装（2020）	direct-current-after-image	json-pointer				runtime_pass18_outside_pass15	authority-verified
P18-00580	magica/js/libs/live2dList.json	/162/description	162	description	水着(2021)	泳装（2021）	official_cn_exact_live2d	official dump authority.json live2dList descriptions	authority-component-normalization	authority-verified	1.00	official_cn_exact_live2d		泳装（2021）	direct-current-after-image	json-pointer				runtime_pass18_outside_pass15	authority-verified
P18-00581	magica/js/libs/live2dList.json	/167/description	167	description	水着(2021)	泳装（2021）	official_cn_exact_live2d	official dump authority.json live2dList descriptions	authority-component-normalization	authority-verified	1.00	official_cn_exact_live2d		泳装（2021）	direct-current-after-image	json-pointer				runtime_pass18_outside_pass15	authority-verified
P18-00582	magica/js/libs/live2dList.json	/173/description	173	description	水着(2021)	泳装（2021）	official_cn_exact_live2d	official dump authority.json live2dList descriptions	authority-component-normalization	authority-verified	1.00	official_cn_exact_live2d		泳装（2021）	direct-current-after-image	json-pointer				runtime_pass18_outside_pass15	authority-verified
P18-00583	magica/js/libs/live2dList.json	/178/description	178	description	水着(2023)	泳装（2023）	official_cn_exact_live2d	official dump authority.json live2dList descriptions	authority-component-normalization	authority-verified	1.00	official_cn_exact_live2d		泳装（2023）	direct-current-after-image	json-pointer				runtime_pass18_outside_pass15	authority-verified
P18-00584	magica/js/libs/live2dList.json	/182/description	182	description	水着(2022)	泳装（2022）	official_cn_exact_live2d	official dump authority.json live2dList descriptions	authority-component-normalization	authority-verified	1.00	official_cn_exact_live2d		泳装（2022）	direct-current-after-image	json-pointer				runtime_pass18_outside_pass15	authority-verified
P18-00585	magica/js/libs/live2dList.json	/186/description	186	description	水着(2022)	泳装（2022）	official_cn_exact_live2d	official dump authority.json live2dList descriptions	authority-component-normalization	authority-verified	1.00	official_cn_exact_live2d		泳装（2022）	direct-current-after-image	json-pointer				runtime_pass18_outside_pass15	authority-verified
P18-00586	magica/js/libs/live2dList.json	/190/description	190	description	水着(2023)	泳装（2023）	official_cn_exact_live2d	official dump authority.json live2dList descriptions	authority-component-normalization	authority-verified	1.00	official_cn_exact_live2d		泳装（2023）	direct-current-after-image	json-pointer				runtime_pass18_outside_pass15	authority-verified
P18-00587	magica/js/libs/live2dList.json	/194/description	194	description	水着(2023)	泳装（2023）	official_cn_exact_live2d	official dump authority.json live2dList descriptions	authority-component-normalization	authority-verified	1.00	official_cn_exact_live2d		泳装（2023）	direct-current-after-image	json-pointer				runtime_pass18_outside_pass15	authority-verified
P18-00588	magica/js/libs/live2dList.json	/207/description	207	description	水着(2023)	泳装（2023）	official_cn_exact_live2d	official dump authority.json live2dList descriptions	authority-component-normalization	authority-verified	1.00	official_cn_exact_live2d		泳装（2023）	direct-current-after-image	json-pointer				runtime_pass18_outside_pass15	authority-verified
P18-00589	magica/js/libs/live2dList.json	/229/description	229	description	水着(2020)	泳装（2020）	official_cn_exact_live2d	official dump authority.json live2dList descriptions	authority-component-normalization	authority-verified	1.00	official_cn_exact_live2d		泳装（2020）	direct-current-after-image	json-pointer				runtime_pass18_outside_pass15	authority-verified
P18-00590	magica/js/libs/live2dList.json	/439/description	439	description	水着(2020)	泳装（2020）	official_cn_exact_live2d	official dump authority.json live2dList descriptions	authority-component-normalization	authority-verified	1.00	official_cn_exact_live2d		泳装（2020）	direct-current-after-image	json-pointer				runtime_pass18_outside_pass15	authority-verified
P18-00591	magica/js/libs/live2dList.json	/563/description	563	description	水着(2022)	泳装（2022）	official_cn_exact_live2d	official dump authority.json live2dList descriptions	authority-component-normalization	authority-verified	1.00	official_cn_exact_live2d		泳装（2022）	direct-current-after-image	json-pointer				runtime_pass18_outside_pass15	authority-verified
P18-00592	magica/js/libs/live2dList.json	/568/description	568	description	水着(2021)	泳装（2021）	official_cn_exact_live2d	official dump authority.json live2dList descriptions	authority-component-normalization	authority-verified	1.00	official_cn_exact_live2d		泳装（2021）	direct-current-after-image	json-pointer				runtime_pass18_outside_pass15	authority-verified
P18-00593	magica/js/libs/live2dList.json	/632/description	632	description	水着(2021)	泳装（2021）	official_cn_exact_live2d	official dump authority.json live2dList descriptions	authority-component-normalization	authority-verified	1.00	official_cn_exact_live2d		泳装（2021）	direct-current-after-image	json-pointer				runtime_pass18_outside_pass15	authority-verified
P18-00594	magica/js/libs/live2dList.json	/651/description	651	description	水着(2022)	泳装（2022）	official_cn_exact_live2d	official dump authority.json live2dList descriptions	authority-component-normalization	authority-verified	1.00	official_cn_exact_live2d		泳装（2022）	direct-current-after-image	json-pointer				runtime_pass18_outside_pass15	authority-verified
P18-00595	magica/js/libs/live2dList.json	/655/description	655	description	水着(2020)	泳装（2020）	official_cn_exact_live2d	official dump authority.json live2dList descriptions	authority-component-normalization	authority-verified	1.00	official_cn_exact_live2d		泳装（2020）	direct-current-after-image	json-pointer				runtime_pass18_outside_pass15	authority-verified
P18-00596	magica/js/libs/live2dList.json	/664/description	664	description	水着(2022)	泳装（2022）	official_cn_exact_live2d	official dump authority.json live2dList descriptions	authority-component-normalization	authority-verified	1.00	official_cn_exact_live2d		泳装（2022）	direct-current-after-image	json-pointer				runtime_pass18_outside_pass15	authority-verified
P18-00597	magica/js/libs/live2dList.json	/705/description	705	description	水着(2020)	泳装（2020）	official_cn_exact_live2d	official dump authority.json live2dList descriptions	authority-component-normalization	authority-verified	1.00	official_cn_exact_live2d		泳装（2020）	direct-current-after-image	json-pointer				runtime_pass18_outside_pass15	authority-verified
P18-00598	magica/js/libs/live2dList.json	/711/description	711	description	水着(2022)	泳装（2022）	official_cn_exact_live2d	official dump authority.json live2dList descriptions	authority-component-normalization	authority-verified	1.00	official_cn_exact_live2d		泳装（2022）	direct-current-after-image	json-pointer				runtime_pass18_outside_pass15	authority-verified
P18-00599	magica/js/libs/live2dList.json	/731/description	731	description	水着(2022)	泳装（2022）	official_cn_exact_live2d	official dump authority.json live2dList descriptions	authority-component-normalization	authority-verified	1.00	official_cn_exact_live2d		泳装（2022）	direct-current-after-image	json-pointer				runtime_pass18_outside_pass15	authority-verified
P18-00600	magica/js/libs/live2dList.json	/736/description	736	description	水着(2020)	泳装（2020）	official_cn_exact_live2d	official dump authority.json live2dList descriptions	authority-component-normalization	authority-verified	1.00	official_cn_exact_live2d		泳装（2020）	direct-current-after-image	json-pointer				runtime_pass18_outside_pass15	authority-verified
P18-00601	magica/js/libs/live2dList.json	/753/description	753	description	水着(2022)	泳装（2022）	official_cn_exact_live2d	official dump authority.json live2dList descriptions	authority-component-normalization	authority-verified	1.00	official_cn_exact_live2d		泳装（2022）	direct-current-after-image	json-pointer				runtime_pass18_outside_pass15	authority-verified
P18-00602	magica/js/libs/pieceList.json	/1009/description	2023	description	“50连抽卡爆死！？…既然这样…小伊！”＠“嗯！我每天都在爆死，因此随时都准备OK！”＠““预备…Doppel・双人合体技！！””＠当绝望涨至最高潮时，两人便将化为最凶恶的魔法少女	“50连抽卡爆死！？…既然这样…小伊！”＠“嗯！我每天都在爆死，因此随时都准备OK！”＠““预备…魔女化身・双人合体技！！””＠当绝望涨至最高潮时，两人便将化为最凶恶的魔法少女	official_cn_game_term	official dump authority.json doppelList + skill shortDescription	authority-component-normalization	authority-verified	1.00	official_cn_game_term		“50连抽卡爆死！？…既然这样…小伊！”＠“嗯！我每天都在爆死，因此随时都准备OK！”＠““预备…魔女化身・双人合体技！！””＠当绝望涨至最高潮时，两人便将化为最凶恶的魔法少女	direct-current-after-image	stable-key				runtime_pass18_outside_pass15	authority-verified
P18-00603	magica/js/libs/pieceList.json	/1009/pieceName	2023	pieceName	炸裂Doppel！	炸裂魔女化身！	official_cn_game_term	official dump authority.json doppelList + skill shortDescription	authority-component-normalization	authority-verified	1.00	official_cn_game_term		炸裂魔女化身！	direct-current-after-image	stable-key				runtime_pass18_outside_pass15	authority-verified
P18-00604	magica/js/libs/pieceList.json	/1012/description	2026	description	“竟然要跟伊吕波对战…不过，既然要做我就不会输的”＠“我也不会放水！我会作为红组的代表全力以赴！”＠“哼哼—！只论治安的恶劣的话白组也不会输哦！”＠“作为不法集团的蓝组说这话好像不适合…这是值得自豪的事吗？”	“竟然要跟彩羽对战…不过，既然要做我就不会输的”＠“我也不会放水！我会作为红组的代表全力以赴！”＠“哼哼—！只论治安的恶劣的话白组也不会输哦！”＠“作为不法集团的蓝组说这话好像不适合…这是值得自豪的事吗？”	official_cn_character_name	official dump authority.json#/charaList.json/1001/name	authority-component-normalization	authority-verified	1.00	official_cn_character_name		“竟然要跟彩羽对战…不过，既然要做我就不会输的”＠“我也不会放水！我会作为红组的代表全力以赴！”＠“哼哼—！只论治安的恶劣的话白组也不会输哦！”＠“作为不法集团的蓝组说这话好像不适合…这是值得自豪的事吗？”	direct-current-after-image	stable-key				runtime_pass18_outside_pass15	authority-verified
P18-00605	magica/js/libs/pieceList.json	/644/description	1658	description	“嗯……伊吕波那种辫子＠束在后面的话长度好像不太够…？”＠“我编成小圆那样的话好像也太长了…？”＠这样说笑着，稍作巧思，不同以往的两人就完成了！	“嗯……彩羽那种辫子＠束在后面的话长度好像不太够…？”＠“我编成小圆那样的话好像也太长了…？”＠这样说笑着，稍作巧思，不同以往的两人就完成了！	official_cn_character_name	official dump authority.json#/charaList.json/1001/name	authority-component-normalization	authority-verified	1.00	official_cn_character_name		“嗯……彩羽那种辫子＠束在后面的话长度好像不太够…？”＠“我编成小圆那样的话好像也太长了…？”＠这样说笑着，稍作巧思，不同以往的两人就完成了！	direct-current-after-image	stable-key				runtime_pass18_outside_pass15	authority-verified
P18-00606	magica/js/libs/pieceList.json	/649/description	1663	description	原本不可能相遇的两人＠但是，无论是怎样的梦想、希望，魔法少女都能够实现＠所以出现这样不可能的奇迹也没什么不可思议的吧＠【MICARD联动①伊吕波·圆】	原本不可能相遇的两人＠但是，无论是怎样的梦想、希望，魔法少女都能够实现＠所以出现这样不可能的奇迹也没什么不可思议的吧＠【MICARD联动①彩羽·圆】	official_cn_character_name	official dump authority.json#/charaList.json/1001/name	authority-component-normalization	authority-verified	1.00	official_cn_character_name		原本不可能相遇的两人＠但是，无论是怎样的梦想、希望，魔法少女都能够实现＠所以出现这样不可能的奇迹也没什么不可思议的吧＠【MICARD联动①彩羽·圆】	direct-current-after-image	stable-key				runtime_pass18_outside_pass15	authority-verified
P18-00607	magica/js/libs/pieceList.json	/650/description	1664	description	“麻烦刷这张卡结账”＠“哇……！感觉好成熟……！”＠“伊吕波，听好了哦？刷卡也可以攒下积分，很划算的”＠“这、这样啊……”【MICARD联动②伊吕波·八千代】	“麻烦刷这张卡结账”＠“哇……！感觉好成熟……！”＠“彩羽，听好了哦？刷卡也可以攒下积分，很划算的”＠“这、这样啊……”【MICARD联动②彩羽·八千代】	official_cn_character_name	official dump authority.json#/charaList.json/1001/name	authority-component-normalization	authority-verified	1.00	official_cn_character_name		“麻烦刷这张卡结账”＠“哇……！感觉好成熟……！”＠“彩羽，听好了哦？刷卡也可以攒下积分，很划算的”＠“这、这样啊……”【MICARD联动②彩羽·八千代】	direct-current-after-image	stable-key				runtime_pass18_outside_pass15	authority-verified
P18-00608	magica/js/libs/pieceList.json	/651/description	1665	description	菲莉希亚和鹤乃闹得太厉害，被八千代教训了＠伊吕波在一边安慰，大家一起买东西总是很热闹＠我们就是在这样愉快而温暖的时光里成为了一家人＠【MICARD联动③纱奈·菲利希亚·鹤乃】	菲莉希亚和鹤乃闹得太厉害，被八千代教训了＠彩羽在一边安慰，大家一起买东西总是很热闹＠我们就是在这样愉快而温暖的时光里成为了一家人＠【MICARD联动③纱奈·菲利希亚·鹤乃】	official_cn_character_name	official dump authority.json#/charaList.json/1001/name	authority-component-normalization	authority-verified	1.00	official_cn_character_name		菲莉希亚和鹤乃闹得太厉害，被八千代教训了＠彩羽在一边安慰，大家一起买东西总是很热闹＠我们就是在这样愉快而温暖的时光里成为了一家人＠【MICARD联动③纱奈·菲利希亚·鹤乃】	direct-current-after-image	stable-key				runtime_pass18_outside_pass15	authority-verified
P18-00609	magica/js/libs/pieceList.json	/706/description	1720	description	“在伊吕波心中理想的三日月庄里，所有人都洋溢着笑容＠不过啊，如果我不在场，似乎就会出现一个替代的我＠据黑江讲，她的衣服和平常有些不同＠有点担心伊吕波到底是怎么看我的……”	“在彩羽心中理想的三日月庄里，所有人都洋溢着笑容＠不过啊，如果我不在场，似乎就会出现一个替代的我＠据黑江讲，她的衣服和平常有些不同＠有点担心彩羽到底是怎么看我的……”	official_cn_character_name	official dump authority.json#/charaList.json/1001/name	authority-component-normalization	authority-verified	1.00	official_cn_character_name		“在彩羽心中理想的三日月庄里，所有人都洋溢着笑容＠不过啊，如果我不在场，似乎就会出现一个替代的我＠据黑江讲，她的衣服和平常有些不同＠有点担心彩羽到底是怎么看我的……”	direct-current-after-image	stable-key				runtime_pass18_outside_pass15	authority-verified
P18-00610	magica/js/libs/pieceList.json	/867/description	1881	description	如果人生是一本书的话，那我的故事会是什么样的呢？＠现在究竟翻到了第几页，之后会有怎样的结局呢？＠从今往后，一定还会发生很多事情＠不过，无论出现什么变化，对我“环伊吕波”来讲都是值得珍爱的故事	如果人生是一本书的话，那我的故事会是什么样的呢？＠现在究竟翻到了第几页，之后会有怎样的结局呢？＠从今往后，一定还会发生很多事情＠不过，无论出现什么变化，对我“环彩羽”来讲都是值得珍爱的故事	official_cn_character_name	official dump authority.json#/charaList.json/1001/name	authority-component-normalization	authority-verified	1.00	official_cn_character_name		如果人生是一本书的话，那我的故事会是什么样的呢？＠现在究竟翻到了第几页，之后会有怎样的结局呢？＠从今往后，一定还会发生很多事情＠不过，无论出现什么变化，对我“环彩羽”来讲都是值得珍爱的故事	direct-current-after-image	stable-key				runtime_pass18_outside_pass15	authority-verified
P18-00611	magica/js/libs/pieceList.json	/870/description	1884	description	“朝向未来逐渐进化的初始的姿态…这就是我『未完成伊吕波』！＠走上这条路的话，我应该也能到达新的阶段…＠哦呀？…有一位很生硬的人走在前头…＠难、难不成，那就是次世代的我…『3DCG伊吕波』吗!?”	“朝向未来逐渐进化的初始的姿态…这就是我『未完成彩羽』！＠走上这条路的话，我应该也能到达新的阶段…＠哦呀？…有一位很生硬的人走在前头…＠难、难不成，那就是次世代的我…『3DCG彩羽』吗!?”	official_cn_character_name	official dump authority.json#/charaList.json/1001/name	authority-component-normalization	authority-verified	1.00	official_cn_character_name		“朝向未来逐渐进化的初始的姿态…这就是我『未完成彩羽』！＠走上这条路的话，我应该也能到达新的阶段…＠哦呀？…有一位很生硬的人走在前头…＠难、难不成，那就是次世代的我…『3DCG彩羽』吗!?”	direct-current-after-image	stable-key				runtime_pass18_outside_pass15	authority-verified
P18-00612	magica/js/libs/pieceList.json	/926/pieceName	1940	pieceName	致曾几何时的环伊吕波	致曾几何时的环彩羽	official_cn_character_name	official dump authority.json#/charaList.json/1001/name	authority-component-normalization	authority-verified	1.00	official_cn_character_name		致曾几何时的环彩羽	direct-current-after-image	stable-key				runtime_pass18_outside_pass15	authority-verified
P18-00613	magica/js/libs/pieceSkillMap.json	/167300/name	167300	name	Doppel提升[Ⅴ]	魔女化身提升[Ⅴ]	official_cn_game_term	official dump authority.json doppelList + skill shortDescription	authority-component-normalization	authority-verified	1.00	official_cn_game_term		魔女化身提升[Ⅴ]	direct-current-after-image	stable-key				runtime_changed_after_pass15	authority-verified
P18-00614	magica/js/libs/pieceSkillMap.json	/167300/shortDescription	167300	shortDescription	Magia伤害UP[Ⅴ] & Doppel伤害UP[Ⅳ](自/1T)	Magia伤害UP[Ⅴ] & 魔女化身伤害UP[Ⅳ](自/1T)	official_cn_game_term	official dump authority.json doppelList + skill shortDescription	authority-component-normalization	authority-verified	1.00	official_cn_game_term		Magia伤害提升[Ⅴ] & 魔女化身伤害提升[Ⅳ](自/1T)	visible-term-closure-exact-supersession	stable-key	DICT-02689	root-reviewed-official-cn-terminology	root-reviewed-approved	runtime_pass18_outside_pass15	authority-verified
P18-00615	magica/js/libs/pieceSkillMap.json	/167301/name	167301	name	Doppel提升[Ⅶ]	魔女化身提升[Ⅶ]	official_cn_game_term	official dump authority.json doppelList + skill shortDescription	authority-component-normalization	authority-verified	1.00	official_cn_game_term		魔女化身提升[Ⅶ]	direct-current-after-image	stable-key				runtime_changed_after_pass15	authority-verified
P18-00616	magica/js/libs/pieceSkillMap.json	/167301/shortDescription	167301	shortDescription	Magia伤害UP[Ⅶ] & Doppel伤害UP[Ⅵ](自/1T)	Magia伤害UP[Ⅶ] & 魔女化身伤害UP[Ⅵ](自/1T)	official_cn_game_term	official dump authority.json doppelList + skill shortDescription	authority-component-normalization	authority-verified	1.00	official_cn_game_term		Magia伤害提升[Ⅶ] & 魔女化身伤害提升[Ⅵ](自/1T)	visible-term-closure-exact-supersession	stable-key	DICT-02690	root-reviewed-official-cn-terminology	root-reviewed-approved	runtime_pass18_outside_pass15	authority-verified
P18-00617	magica/js/libs/pieceSkillMap.json	/170900/name	170900	name	Doppel提升[Ⅸ]	魔女化身提升[Ⅸ]	official_cn_game_term	official dump authority.json doppelList + skill shortDescription	authority-component-normalization	authority-verified	1.00	official_cn_game_term		魔女化身提升[Ⅸ]	direct-current-after-image	stable-key				runtime_changed_after_pass15	authority-verified
P18-00618	magica/js/libs/pieceSkillMap.json	/170900/shortDescription	170900	shortDescription	Doppel伤害UP[Ⅸ](自/1T)	魔女化身伤害UP[Ⅸ](自/1T)	official_cn_game_term	official dump authority.json doppelList + skill shortDescription	authority-component-normalization	authority-verified	1.00	official_cn_game_term		魔女化身伤害提升[Ⅸ](自/1T)	visible-term-closure-exact-supersession	stable-key	DICT-02724	root-reviewed-official-cn-terminology	root-reviewed-approved	runtime_pass18_outside_pass15	authority-verified
P18-00619	magica/js/libs/pieceSkillMap.json	/170901/name	170901	name	Doppel提升[Ⅸ]	魔女化身提升[Ⅸ]	official_cn_game_term	official dump authority.json doppelList + skill shortDescription	authority-component-normalization	authority-verified	1.00	official_cn_game_term		魔女化身提升[Ⅸ]	direct-current-after-image	stable-key				runtime_changed_after_pass15	authority-verified
P18-00620	magica/js/libs/pieceSkillMap.json	/170901/shortDescription	170901	shortDescription	Doppel伤害UP[Ⅸ](自/1T)	魔女化身伤害UP[Ⅸ](自/1T)	official_cn_game_term	official dump authority.json doppelList + skill shortDescription	authority-component-normalization	authority-verified	1.00	official_cn_game_term		魔女化身伤害提升[Ⅸ](自/1T)	visible-term-closure-exact-supersession	stable-key	DICT-02725	root-reviewed-official-cn-terminology	root-reviewed-approved	runtime_pass18_outside_pass15	authority-verified
P18-00621	magica/js/libs/pieceSkillMap.json	/176100/shortDescription	176100	shortDescription	Doppel伤害提升[Ⅴ] & 伤害提升状态[Ⅱ]	魔女化身伤害提升[Ⅴ] & 伤害提升状态[Ⅱ]	official_cn_game_term	official dump authority.json doppelList + skill shortDescription	authority-component-normalization	authority-verified	1.00	official_cn_game_term		魔女化身伤害提升[Ⅴ] & 伤害提升状态[Ⅱ]	direct-current-after-image	stable-key				runtime_changed_after_pass15	authority-verified
P18-00622	magica/js/libs/pieceSkillMap.json	/176101/shortDescription	176101	shortDescription	Doppel伤害提升[Ⅵ] & 伤害提升状态[Ⅲ]	魔女化身伤害提升[Ⅵ] & 伤害提升状态[Ⅲ]	official_cn_game_term	official dump authority.json doppelList + skill shortDescription	authority-component-normalization	authority-verified	1.00	official_cn_game_term		魔女化身伤害提升[Ⅵ] & 伤害提升状态[Ⅲ]	direct-current-after-image	stable-key				runtime_changed_after_pass15	authority-verified
P18-00623	magica/js/libs/pieceSkillMap.json	/183800/name	183800	name	Doppel提升[Ⅴ]	魔女化身提升[Ⅴ]	official_cn_game_term	official dump authority.json doppelList + skill shortDescription	authority-component-normalization	authority-verified	1.00	official_cn_game_term		魔女化身提升[Ⅴ]	direct-current-after-image	stable-key				runtime_changed_after_pass15	authority-verified
P18-00624	magica/js/libs/pieceSkillMap.json	/183800/shortDescription	183800	shortDescription	Magia伤害UP[Ⅴ] & Doppel伤害UP[Ⅳ](自/1T)	Magia伤害UP[Ⅴ] & 魔女化身伤害UP[Ⅳ](自/1T)	official_cn_game_term	official dump authority.json doppelList + skill shortDescription	authority-component-normalization	authority-verified	1.00	official_cn_game_term		Magia伤害提升[Ⅴ] & 魔女化身伤害提升[Ⅳ](自/1T)	visible-term-closure-exact-supersession	stable-key	DICT-02875	root-reviewed-official-cn-terminology	root-reviewed-approved	runtime_pass18_outside_pass15	authority-verified
P18-00625	magica/js/libs/pieceSkillMap.json	/183801/name	183801	name	Doppel提升[Ⅶ]	魔女化身提升[Ⅶ]	official_cn_game_term	official dump authority.json doppelList + skill shortDescription	authority-component-normalization	authority-verified	1.00	official_cn_game_term		魔女化身提升[Ⅶ]	direct-current-after-image	stable-key				runtime_changed_after_pass15	authority-verified
P18-00626	magica/js/libs/pieceSkillMap.json	/183801/shortDescription	183801	shortDescription	Magia伤害UP[Ⅶ] & Doppel伤害UP[Ⅵ](自/1T)	Magia伤害UP[Ⅶ] & 魔女化身伤害UP[Ⅵ](自/1T)	official_cn_game_term	official dump authority.json doppelList + skill shortDescription	authority-component-normalization	authority-verified	1.00	official_cn_game_term		Magia伤害提升[Ⅶ] & 魔女化身伤害提升[Ⅵ](自/1T)	visible-term-closure-exact-supersession	stable-key	DICT-02876	root-reviewed-official-cn-terminology	root-reviewed-approved	runtime_pass18_outside_pass15	authority-verified
P18-00627	magica/js/libs/pieceSkillMap.json	/184100/name	184100	name	Doppel提升[Ⅸ]	魔女化身提升[Ⅸ]	official_cn_game_term	official dump authority.json doppelList + skill shortDescription	authority-component-normalization	authority-verified	1.00	official_cn_game_term		魔女化身提升[Ⅸ]	direct-current-after-image	stable-key				runtime_changed_after_pass15	authority-verified
P18-00628	magica/js/libs/pieceSkillMap.json	/184100/shortDescription	184100	shortDescription	Doppel伤害UP[Ⅸ](自/1T)	魔女化身伤害UP[Ⅸ](自/1T)	official_cn_game_term	official dump authority.json doppelList + skill shortDescription	authority-component-normalization	authority-verified	1.00	official_cn_game_term		魔女化身伤害提升[Ⅸ](自/1T)	visible-term-closure-exact-supersession	stable-key	DICT-02880	root-reviewed-official-cn-terminology	root-reviewed-approved	runtime_pass18_outside_pass15	authority-verified
P18-00629	magica/js/libs/pieceSkillMap.json	/184101/name	184101	name	Doppel提升[Ⅸ]	魔女化身提升[Ⅸ]	official_cn_game_term	official dump authority.json doppelList + skill shortDescription	authority-component-normalization	authority-verified	1.00	official_cn_game_term		魔女化身提升[Ⅸ]	direct-current-after-image	stable-key				runtime_changed_after_pass15	authority-verified
P18-00630	magica/js/libs/pieceSkillMap.json	/184101/shortDescription	184101	shortDescription	Doppel伤害UP[Ⅸ](自/1T)	魔女化身伤害UP[Ⅸ](自/1T)	official_cn_game_term	official dump authority.json doppelList + skill shortDescription	authority-component-normalization	authority-verified	1.00	official_cn_game_term		魔女化身伤害提升[Ⅸ](自/1T)	visible-term-closure-exact-supersession	stable-key	DICT-02881	root-reviewed-official-cn-terminology	root-reviewed-approved	runtime_pass18_outside_pass15	authority-verified
P18-00631	magica/js/libs/pieceSkillMap.json	/185300/name	185300	name	A·Doppel提升[Ⅵ]	A·魔女化身提升[Ⅵ]	official_cn_game_term	official dump authority.json doppelList + skill shortDescription	authority-component-normalization	authority-verified	1.00	official_cn_game_term		A·魔女化身提升[Ⅵ]	direct-current-after-image	stable-key				runtime_changed_after_pass15	authority-verified
P18-00632	magica/js/libs/pieceSkillMap.json	/185300/shortDescription	185300	shortDescription	Magia伤害提升[Ⅵ] & Doppel伤害提升[Ⅵ] & 水属性攻击力提升[Ⅹ](自身/1T)	Magia伤害提升[Ⅵ] & 魔女化身伤害提升[Ⅵ] & 水属性攻击力提升[Ⅹ](自身/1T)	official_cn_game_term	official dump authority.json doppelList + skill shortDescription	authority-component-normalization	authority-verified	1.00	official_cn_game_term		Magia伤害提升[Ⅵ] & 魔女化身伤害提升[Ⅵ] & 水属性攻击力提升[Ⅹ](自身/1T)	direct-current-after-image	stable-key				runtime_changed_after_pass15	authority-verified
P18-00633	magica/js/libs/pieceSkillMap.json	/185301/name	185301	name	A·Doppel提升[Ⅶ]	A·魔女化身提升[Ⅶ]	official_cn_game_term	official dump authority.json doppelList + skill shortDescription	authority-component-normalization	authority-verified	1.00	official_cn_game_term		A·魔女化身提升[Ⅶ]	direct-current-after-image	stable-key				runtime_changed_after_pass15	authority-verified
P18-00634	magica/js/libs/pieceSkillMap.json	/185301/shortDescription	185301	shortDescription	Magia伤害提升[Ⅶ] & Doppel伤害提升[Ⅶ] & 水属性攻击力提升[XI](自身/1T)	Magia伤害提升[Ⅶ] & 魔女化身伤害提升[Ⅶ] & 水属性攻击力提升[XI](自身/1T)	official_cn_game_term	official dump authority.json doppelList + skill shortDescription	authority-component-normalization	authority-verified	1.00	official_cn_game_term		Magia伤害提升[Ⅶ] & 魔女化身伤害提升[Ⅶ] & 水属性攻击力提升[XI](自身/1T)	direct-current-after-image	stable-key				runtime_changed_after_pass15	authority-verified
P18-00635	magica/js/libs/pieceSkillMap.json	/187100/name	187100	name	D·Doppel提升[Ⅵ]	D·魔女化身提升[Ⅵ]	official_cn_game_term	official dump authority.json doppelList + skill shortDescription	authority-component-normalization	authority-verified	1.00	official_cn_game_term		D·魔女化身提升[Ⅵ]	direct-current-after-image	stable-key				runtime_changed_after_pass15	authority-verified
P18-00636	magica/js/libs/pieceSkillMap.json	/187100/shortDescription	187100	shortDescription	Magia伤害提升[Ⅵ] & Doppel伤害提升[Ⅵ] & 暗属性攻击力提升[Ⅹ](自身/1T)	Magia伤害提升[Ⅵ] & 魔女化身伤害提升[Ⅵ] & 暗属性攻击力提升[Ⅹ](自身/1T)	official_cn_game_term	official dump authority.json doppelList + skill shortDescription	authority-component-normalization	authority-verified	1.00	official_cn_game_term		Magia伤害提升[Ⅵ] & 魔女化身伤害提升[Ⅵ] & 暗属性攻击力提升[Ⅹ](自身/1T)	direct-current-after-image	stable-key				runtime_changed_after_pass15	authority-verified
P18-00637	magica/js/libs/pieceSkillMap.json	/187101/name	187101	name	D·Doppel提升[Ⅶ]	D·魔女化身提升[Ⅶ]	official_cn_game_term	official dump authority.json doppelList + skill shortDescription	authority-component-normalization	authority-verified	1.00	official_cn_game_term		D·魔女化身提升[Ⅶ]	direct-current-after-image	stable-key				runtime_changed_after_pass15	authority-verified
P18-00638	magica/js/libs/pieceSkillMap.json	/187101/shortDescription	187101	shortDescription	Magia伤害提升[Ⅶ] & Doppel伤害提升[Ⅶ] & 暗属性攻击力提升[XI](自身/1T)	Magia伤害提升[Ⅶ] & 魔女化身伤害提升[Ⅶ] & 暗属性攻击力提升[XI](自身/1T)	official_cn_game_term	official dump authority.json doppelList + skill shortDescription	authority-component-normalization	authority-verified	1.00	official_cn_game_term		Magia伤害提升[Ⅶ] & 魔女化身伤害提升[Ⅶ] & 暗属性攻击力提升[XI](自身/1T)	direct-current-after-image	stable-key				runtime_changed_after_pass15	authority-verified
P18-00639	magica/js/libs/pieceSkillMap.json	/188200/shortDescription	188200	shortDescription	伤害提升状态[Ⅸ] & Doppel伤害提升[Ⅱ](自身/1T)	伤害提升状态[Ⅸ] & 魔女化身伤害提升[Ⅱ](自身/1T)	official_cn_game_term	official dump authority.json doppelList + skill shortDescription	authority-component-normalization	authority-verified	1.00	official_cn_game_term		伤害提升状态[Ⅸ] & 魔女化身伤害提升[Ⅱ](自身/1T)	direct-current-after-image	stable-key				runtime_changed_after_pass15	authority-verified
P18-00640	magica/js/libs/pieceSkillMap.json	/188201/shortDescription	188201	shortDescription	伤害提升状态[Ⅹ] & Doppel伤害提升[Ⅲ](自身/1T)	伤害提升状态[Ⅹ] & 魔女化身伤害提升[Ⅲ](自身/1T)	official_cn_game_term	official dump authority.json doppelList + skill shortDescription	authority-component-normalization	authority-verified	1.00	official_cn_game_term		伤害提升状态[Ⅹ] & 魔女化身伤害提升[Ⅲ](自身/1T)	direct-current-after-image	stable-key				runtime_changed_after_pass15	authority-verified
P18-00641	magica/js/libs/pieceSkillMap.json	/189600/name	189600	name	T·Doppel提升[Ⅵ]	T·魔女化身提升[Ⅵ]	official_cn_game_term	official dump authority.json doppelList + skill shortDescription	authority-component-normalization	authority-verified	1.00	official_cn_game_term		T·魔女化身提升[Ⅵ]	direct-current-after-image	stable-key				runtime_changed_after_pass15	authority-verified
P18-00642	magica/js/libs/pieceSkillMap.json	/189600/shortDescription	189600	shortDescription	Magia伤害提升[Ⅵ] & Doppel伤害提升[Ⅵ] & 木属性攻击力提升[Ⅹ](自身/1T)	Magia伤害提升[Ⅵ] & 魔女化身伤害提升[Ⅵ] & 木属性攻击力提升[Ⅹ](自身/1T)	official_cn_game_term	official dump authority.json doppelList + skill shortDescription	authority-component-normalization	authority-verified	1.00	official_cn_game_term		Magia伤害提升[Ⅵ] & 魔女化身伤害提升[Ⅵ] & 木属性攻击力提升[Ⅹ](自身/1T)	direct-current-after-image	stable-key				runtime_changed_after_pass15	authority-verified
P18-00643	magica/js/libs/pieceSkillMap.json	/189601/name	189601	name	T·Doppel提升[Ⅶ]	T·魔女化身提升[Ⅶ]	official_cn_game_term	official dump authority.json doppelList + skill shortDescription	authority-component-normalization	authority-verified	1.00	official_cn_game_term		T·魔女化身提升[Ⅶ]	direct-current-after-image	stable-key				runtime_changed_after_pass15	authority-verified
P18-00644	magica/js/libs/pieceSkillMap.json	/189601/shortDescription	189601	shortDescription	Magia伤害提升[Ⅶ] & Doppel伤害提升[Ⅶ] & 木属性攻击力提升[XI](自身/1T)	Magia伤害提升[Ⅶ] & 魔女化身伤害提升[Ⅶ] & 木属性攻击力提升[XI](自身/1T)	official_cn_game_term	official dump authority.json doppelList + skill shortDescription	authority-component-normalization	authority-verified	1.00	official_cn_game_term		Magia伤害提升[Ⅶ] & 魔女化身伤害提升[Ⅶ] & 木属性攻击力提升[XI](自身/1T)	direct-current-after-image	stable-key				runtime_changed_after_pass15	authority-verified
P18-00645	magica/js/libs/pieceSkillMap.json	/191100/name	191100	name	L·Doppel提升[Ⅵ]	L·魔女化身提升[Ⅵ]	official_cn_game_term	official dump authority.json doppelList + skill shortDescription	authority-component-normalization	authority-verified	1.00	official_cn_game_term		L·魔女化身提升[Ⅵ]	direct-current-after-image	stable-key				runtime_changed_after_pass15	authority-verified
P18-00646	magica/js/libs/pieceSkillMap.json	/191100/shortDescription	191100	shortDescription	Magia伤害提升[Ⅵ] & Doppel伤害提升[Ⅵ] & 光属性攻击力提升[Ⅹ](自身/1T)	Magia伤害提升[Ⅵ] & 魔女化身伤害提升[Ⅵ] & 光属性攻击力提升[Ⅹ](自身/1T)	official_cn_game_term	official dump authority.json doppelList + skill shortDescription	authority-component-normalization	authority-verified	1.00	official_cn_game_term		Magia伤害提升[Ⅵ] & 魔女化身伤害提升[Ⅵ] & 光属性攻击力提升[Ⅹ](自身/1T)	direct-current-after-image	stable-key				runtime_changed_after_pass15	authority-verified
P18-00647	magica/js/libs/pieceSkillMap.json	/191101/name	191101	name	L·Doppel提升[Ⅶ]	L·魔女化身提升[Ⅶ]	official_cn_game_term	official dump authority.json doppelList + skill shortDescription	authority-component-normalization	authority-verified	1.00	official_cn_game_term		L·魔女化身提升[Ⅶ]	direct-current-after-image	stable-key				runtime_changed_after_pass15	authority-verified
P18-00648	magica/js/libs/pieceSkillMap.json	/191101/shortDescription	191101	shortDescription	Magia伤害提升[Ⅶ] & Doppel伤害提升[Ⅶ] & 光属性攻击力提升[XI](自身/1T)	Magia伤害提升[Ⅶ] & 魔女化身伤害提升[Ⅶ] & 光属性攻击力提升[XI](自身/1T)	official_cn_game_term	official dump authority.json doppelList + skill shortDescription	authority-component-normalization	authority-verified	1.00	official_cn_game_term		Magia伤害提升[Ⅶ] & 魔女化身伤害提升[Ⅶ] & 光属性攻击力提升[XI](自身/1T)	direct-current-after-image	stable-key				runtime_changed_after_pass15	authority-verified
P18-00649	magica/js/libs/pieceSkillMap.json	/198100/name	198100	name	F·Doppel提升[Ⅵ]	F·魔女化身提升[Ⅵ]	official_cn_game_term	official dump authority.json doppelList + skill shortDescription	authority-component-normalization	authority-verified	1.00	official_cn_game_term		F·魔女化身提升[Ⅵ]	direct-current-after-image	stable-key				runtime_changed_after_pass15	authority-verified
P18-00650	magica/js/libs/pieceSkillMap.json	/198100/shortDescription	198100	shortDescription	Magia伤害UP[Ⅵ] & Doppel伤害UP[Ⅵ] & 火属性攻击力UP[Ⅹ](自/1T)	Magia伤害UP[Ⅵ] & 魔女化身伤害UP[Ⅵ] & 火属性攻击力UP[Ⅹ](自/1T)	official_cn_game_term	official dump authority.json doppelList + skill shortDescription	authority-component-normalization	authority-verified	1.00	official_cn_game_term		Magia伤害提升[Ⅵ] & 魔女化身伤害提升[Ⅵ] & 火属性攻击力提升[Ⅹ](自/1T)	visible-term-closure-exact-supersession	stable-key	DICT-03050	root-reviewed-official-cn-terminology	root-reviewed-approved	runtime_pass18_outside_pass15	authority-verified
P18-00651	magica/js/libs/pieceSkillMap.json	/198101/name	198101	name	F·Doppel提升[Ⅶ]	F·魔女化身提升[Ⅶ]	official_cn_game_term	official dump authority.json doppelList + skill shortDescription	authority-component-normalization	authority-verified	1.00	official_cn_game_term		F·魔女化身提升[Ⅶ]	direct-current-after-image	stable-key				runtime_changed_after_pass15	authority-verified
P18-00652	magica/js/libs/pieceSkillMap.json	/198101/shortDescription	198101	shortDescription	Magia伤害UP[Ⅶ] & Doppel伤害UP[Ⅶ] & 火属性攻击力UP[XI](自/1T)	Magia伤害UP[Ⅶ] & 魔女化身伤害UP[Ⅶ] & 火属性攻击力UP[XI](自/1T)	official_cn_game_term	official dump authority.json doppelList + skill shortDescription	authority-component-normalization	authority-verified	1.00	official_cn_game_term		Magia伤害提升[Ⅶ] & 魔女化身伤害提升[Ⅶ] & 火属性攻击力提升[XI](自/1T)	visible-term-closure-exact-supersession	stable-key	DICT-03051	root-reviewed-official-cn-terminology	root-reviewed-approved	runtime_pass18_outside_pass15	authority-verified
P18-00653	magica/js/libs/pieceSkillMap.json	/202300/name	202300	name	炸裂Doppel！	炸裂魔女化身！	official_cn_game_term	official dump authority.json doppelList + skill shortDescription	authority-component-normalization	authority-verified	1.00	official_cn_game_term		炸裂魔女化身！	direct-current-after-image	stable-key				runtime_pass18_outside_pass15	authority-verified
P18-00654	magica/js/libs/pieceSkillMap.json	/202300/shortDescription	202300	shortDescription	Doppel伤害提升[Ⅷ] & Magia伤害提升[Ⅶ](自身/1T)	魔女化身伤害提升[Ⅷ] & Magia伤害提升[Ⅶ](自身/1T)	official_cn_game_term	official dump authority.json doppelList + skill shortDescription	authority-component-normalization	authority-verified	1.00	official_cn_game_term		魔女化身伤害提升[Ⅷ] & Magia伤害提升[Ⅶ](自身/1T)	direct-current-after-image	stable-key				runtime_changed_after_pass15	authority-verified
P18-00655	magica/js/libs/pieceSkillMap.json	/202301/name	202301	name	炸裂Doppel！	炸裂魔女化身！	official_cn_game_term	official dump authority.json doppelList + skill shortDescription	authority-component-normalization	authority-verified	1.00	official_cn_game_term		炸裂魔女化身！	direct-current-after-image	stable-key				runtime_pass18_outside_pass15	authority-verified
P18-00656	magica/js/libs/pieceSkillMap.json	/202301/shortDescription	202301	shortDescription	Doppel伤害提升[Ⅸ] & Magia伤害提升[Ⅷ](自身/1T)	魔女化身伤害提升[Ⅸ] & Magia伤害提升[Ⅷ](自身/1T)	official_cn_game_term	official dump authority.json doppelList + skill shortDescription	authority-component-normalization	authority-verified	1.00	official_cn_game_term		魔女化身伤害提升[Ⅸ] & Magia伤害提升[Ⅷ](自身/1T)	direct-current-after-image	stable-key				runtime_changed_after_pass15	authority-verified
P18-00657	magica/js/libs/pieceSkillMap.json	/203000/shortDescription	203000	shortDescription	Accele MPUP[Ⅵ] & 自动回复MP[Ⅵ] & Doppel伤害UP[Ⅵ]	Accele MPUP[Ⅵ] & 自动回复MP[Ⅵ] & 魔女化身伤害UP[Ⅵ]	official_cn_game_term	official dump authority.json doppelList + skill shortDescription	authority-component-normalization	authority-verified	1.00	official_cn_game_term		Accele MP提升[Ⅵ] & 自动回复MP[Ⅵ] & 魔女化身伤害提升[Ⅵ]	visible-term-closure-exact-supersession	stable-key	DICT-03106	root-reviewed-official-cn-terminology	root-reviewed-approved	runtime_pass18_outside_pass15	authority-verified
P18-00658	magica/js/libs/pieceSkillMap.json	/203001/shortDescription	203001	shortDescription	Accele MPUP[Ⅵ] & 自动回复MP[Ⅵ] & Doppel伤害UP[Ⅵ]	Accele MPUP[Ⅵ] & 自动回复MP[Ⅵ] & 魔女化身伤害UP[Ⅵ]	official_cn_game_term	official dump authority.json doppelList + skill shortDescription	authority-component-normalization	authority-verified	1.00	official_cn_game_term		Accele MP提升[Ⅵ] & 自动回复MP[Ⅵ] & 魔女化身伤害提升[Ⅵ]	visible-term-closure-exact-supersession	stable-key	DICT-03107	root-reviewed-official-cn-terminology	root-reviewed-approved	runtime_pass18_outside_pass15	authority-verified
P18-00659	magica/js/libs/pieceSkillMap.json	/203200/name	203200	name	T·Doppel提升[Ⅷ]	T·魔女化身提升[Ⅷ]	official_cn_game_term	official dump authority.json doppelList + skill shortDescription	authority-component-normalization	authority-verified	1.00	official_cn_game_term		T·魔女化身提升[Ⅷ]	direct-current-after-image	stable-key				runtime_changed_after_pass15	authority-verified
P18-00660	magica/js/libs/pieceSkillMap.json	/203200/shortDescription	203200	shortDescription	Magia伤害UP[Ⅷ] & Doppel伤害UP[Ⅷ] & 木属性攻击力UP[XI](自/1T)	Magia伤害UP[Ⅷ] & 魔女化身伤害UP[Ⅷ] & 木属性攻击力UP[XI](自/1T)	official_cn_game_term	official dump authority.json doppelList + skill shortDescription	authority-component-normalization	authority-verified	1.00	official_cn_game_term		Magia伤害提升[Ⅷ] & 魔女化身伤害提升[Ⅷ] & 木属性攻击力提升[XI](自/1T)	visible-term-closure-exact-supersession	stable-key	DICT-03108	root-reviewed-official-cn-terminology	root-reviewed-approved	runtime_pass18_outside_pass15	authority-verified
P18-00661	magica/js/libs/pieceSkillMap.json	/203201/name	203201	name	T·Doppel提升[Ⅷ]	T·魔女化身提升[Ⅷ]	official_cn_game_term	official dump authority.json doppelList + skill shortDescription	authority-component-normalization	authority-verified	1.00	official_cn_game_term		T·魔女化身提升[Ⅷ]	direct-current-after-image	stable-key				runtime_changed_after_pass15	authority-verified
P18-00662	magica/js/libs/pieceSkillMap.json	/203201/shortDescription	203201	shortDescription	Magia伤害UP[Ⅷ] & Doppel伤害UP[Ⅷ] & 木属性攻击力UP[XI](自/1T)	Magia伤害UP[Ⅷ] & 魔女化身伤害UP[Ⅷ] & 木属性攻击力UP[XI](自/1T)	official_cn_game_term	official dump authority.json doppelList + skill shortDescription	authority-component-normalization	authority-verified	1.00	official_cn_game_term		Magia伤害提升[Ⅷ] & 魔女化身伤害提升[Ⅷ] & 木属性攻击力提升[XI](自/1T)	visible-term-closure-exact-supersession	stable-key	DICT-03109	root-reviewed-official-cn-terminology	root-reviewed-approved	runtime_pass18_outside_pass15	authority-verified
P18-00663	magica/js/libs/pieceSkillMap.json	/21041/shortDescription	21041	shortDescription	“Doppel伤害UP[Ⅰ] & Magia伤害UP[Ⅰ] & 必定Magia封印无效”的能力持有	“魔女化身伤害UP[Ⅰ] & Magia伤害UP[Ⅰ] & 必定Magia封印无效”的能力持有	official_cn_game_term	official dump authority.json doppelList + skill shortDescription	authority-component-normalization	authority-verified	1.00	official_cn_game_term		“魔女化身伤害提升[Ⅰ] & Magia伤害提升[Ⅰ] & 必定Magia封印无效”的能力持有	visible-term-closure-exact-supersession	stable-key	DICT-02386	root-reviewed-official-cn-terminology	root-reviewed-approved	runtime_pass18_outside_pass15	authority-verified
P18-00664	magica/js/libs/pieceSkillMap.json	/21042/shortDescription	21042	shortDescription	“Doppel伤害UP[Ⅱ] & Magia伤害UP[Ⅱ] & 必定Magia封印无效”的能力持有	“魔女化身伤害UP[Ⅱ] & Magia伤害UP[Ⅱ] & 必定Magia封印无效”的能力持有	official_cn_game_term	official dump authority.json doppelList + skill shortDescription	authority-component-normalization	authority-verified	1.00	official_cn_game_term		“魔女化身伤害提升[Ⅱ] & Magia伤害提升[Ⅱ] & 必定Magia封印无效”的能力持有	visible-term-closure-exact-supersession	stable-key	DICT-02387	root-reviewed-official-cn-terminology	root-reviewed-approved	runtime_pass18_outside_pass15	authority-verified
P18-00665	magica/js/libs/sectionList.json	/1003/title	330234	title	爱美的 Doppel	爱美的魔女化身	official_cn_game_term	official dump authority.json doppelList + skill shortDescription	authority-component-normalization	authority-verified	1.00	official_cn_game_term		爱美的魔女化身	direct-current-after-image	stable-key				runtime_changed_after_pass15	authority-verified
P18-00666	magica/js/libs/sectionList.json	/1007/title	330244	title	纺希的 Doppel	纺希的魔女化身	official_cn_game_term	official dump authority.json doppelList + skill shortDescription	authority-component-normalization	authority-verified	1.00	official_cn_game_term		纺希的魔女化身	direct-current-after-image	stable-key				runtime_changed_after_pass15	authority-verified
P18-00667	magica/js/libs/sectionList.json	/1019/title	330274	title	叶月的 Doppel	叶月的魔女化身	official_cn_game_term	official dump authority.json doppelList + skill shortDescription	authority-component-normalization	authority-verified	1.00	official_cn_game_term		叶月的魔女化身	direct-current-after-image	stable-key				runtime_changed_after_pass15	authority-verified
P18-00668	magica/js/libs/sectionList.json	/1023/title	330284	title	菖蒲的 Doppel	菖蒲的魔女化身	official_cn_game_term	official dump authority.json doppelList + skill shortDescription	authority-component-normalization	authority-verified	1.00	official_cn_game_term		菖蒲的魔女化身	direct-current-after-image	stable-key				runtime_changed_after_pass15	authority-verified
P18-00669	magica/js/libs/sectionList.json	/1027/title	330294	title	真良的 Doppel	真良的魔女化身	official_cn_game_term	official dump authority.json doppelList + skill shortDescription	authority-component-normalization	authority-verified	1.00	official_cn_game_term		真良的魔女化身	direct-current-after-image	stable-key				runtime_changed_after_pass15	authority-verified
P18-00670	magica/js/libs/sectionList.json	/1031/title	330304	title	木乃美的 Doppel	木乃美的魔女化身	official_cn_game_term	official dump authority.json doppelList + skill shortDescription	authority-component-normalization	authority-verified	1.00	official_cn_game_term		木乃美的魔女化身	direct-current-after-image	stable-key				runtime_changed_after_pass15	authority-verified
P18-00671	magica/js/libs/sectionList.json	/1035/title	330314	title	梨花的 Doppel	梨花的魔女化身	official_cn_game_term	official dump authority.json doppelList + skill shortDescription	authority-component-normalization	authority-verified	1.00	official_cn_game_term		梨花的魔女化身	direct-current-after-image	stable-key				runtime_changed_after_pass15	authority-verified
P18-00672	magica/js/libs/sectionList.json	/1057/title	330374	title	梅露的 Doppel	梅露的魔女化身	official_cn_game_term	official dump authority.json doppelList + skill shortDescription	authority-component-normalization	authority-verified	1.00	official_cn_game_term		梅露的魔女化身	direct-current-after-image	stable-key				runtime_changed_after_pass15	authority-verified
P18-00673	magica/js/libs/sectionList.json	/1061/title	330384	title	美仓的 Doppel	美仓的魔女化身	official_cn_game_term	official dump authority.json doppelList + skill shortDescription	authority-component-normalization	authority-verified	1.00	official_cn_game_term		美仓的魔女化身	direct-current-after-image	stable-key				runtime_changed_after_pass15	authority-verified
P18-00674	magica/js/libs/sectionList.json	/1087/title	330464	title	令的 Doppel	令的魔女化身	official_cn_game_term	official dump authority.json doppelList + skill shortDescription	authority-component-normalization	authority-verified	1.00	official_cn_game_term		令的魔女化身	direct-current-after-image	stable-key				runtime_changed_after_pass15	authority-verified
P18-00675	magica/js/libs/sectionList.json	/1091/charaName	330481	charaName	由良 蛍	由良萤	wiki	WIKI-001605; WIKI-002474; characters.json#/由良萤	authority-adoption	authority-verified	1.00	P0_authority_exact		由良萤	direct-current-after-image	stable-key				runtime_pass18_outside_pass15	authority-verified
P18-00676	magica/js/libs/sectionList.json	/1092/charaName	330482	charaName	由良 蛍	由良萤	wiki	WIKI-001605; WIKI-002474; characters.json#/由良萤	authority-adoption	authority-verified	1.00	P0_authority_exact		由良萤	direct-current-after-image	stable-key				runtime_pass18_outside_pass15	authority-verified
P18-00677	magica/js/libs/sectionList.json	/1093/charaName	330483	charaName	由良 蛍	由良萤	wiki	WIKI-001605; WIKI-002474; characters.json#/由良萤	authority-adoption	authority-verified	1.00	P0_authority_exact		由良萤	direct-current-after-image	stable-key				runtime_pass18_outside_pass15	authority-verified
P18-00678	magica/js/libs/sectionList.json	/1101/title	330504	title	优奈的 Doppel	优奈的魔女化身	official_cn_game_term	official dump authority.json doppelList + skill shortDescription	authority-component-normalization	authority-verified	1.00	official_cn_game_term		优奈的魔女化身	direct-current-after-image	stable-key				runtime_changed_after_pass15	authority-verified
P18-00679	magica/js/libs/sectionList.json	/1105/title	330514	title	润的 Doppel	润的魔女化身	official_cn_game_term	official dump authority.json doppelList + skill shortDescription	authority-component-normalization	authority-verified	1.00	official_cn_game_term		润的魔女化身	direct-current-after-image	stable-key				runtime_changed_after_pass15	authority-verified
P18-00680	magica/js/libs/sectionList.json	/1109/title	330524	title	阿什莉的 Doppel	阿什莉的魔女化身	official_cn_game_term	official dump authority.json doppelList + skill shortDescription	authority-component-normalization	authority-verified	1.00	official_cn_game_term		阿什莉的魔女化身	direct-current-after-image	stable-key				runtime_changed_after_pass15	authority-verified
P18-00681	magica/js/libs/sectionList.json	/1117/title	330544	title	蜜音的 Doppel	三轮光音的魔女化身	official-same-character-or-wiki;official_cn_game_term	same record charaName=三轮光音; Wiki characters.json exact character name; official dump authority.json doppelList + skill shortDescription	authority-adoption;authority-component-normalization	authority-verified	1.00	P0_authority_exact;official_cn_game_term		三轮光音的魔女化身	direct-current-after-image	stable-key				runtime_changed_after_pass15	authority-verified
P18-00682	magica/js/libs/sectionList.json	/1121/title	330554	title	纱枝的 Doppel	纱枝的魔女化身	official_cn_game_term	official dump authority.json doppelList + skill shortDescription	authority-component-normalization	authority-verified	1.00	official_cn_game_term		纱枝的魔女化身	direct-current-after-image	stable-key				runtime_changed_after_pass15	authority-verified
P18-00683	magica/js/libs/sectionList.json	/1125/title	330564	title	垒的 Doppel	垒的魔女化身	official_cn_game_term	official dump authority.json doppelList + skill shortDescription	authority-component-normalization	authority-verified	1.00	official_cn_game_term		垒的魔女化身	direct-current-after-image	stable-key				runtime_changed_after_pass15	authority-verified
P18-00684	magica/js/libs/sectionList.json	/1129/title	330574	title	明里的 Doppel	真井灯的魔女化身	official-same-character-or-wiki;official_cn_game_term	same record charaName=真井灯; Wiki characters.json exact character name; official dump authority.json doppelList + skill shortDescription	authority-adoption;authority-component-normalization	authority-verified	1.00	P0_authority_exact;official_cn_game_term		真井灯的魔女化身	direct-current-after-image	stable-key				runtime_changed_after_pass15	authority-verified
P18-00685	magica/js/libs/sectionList.json	/1133/title	330584	title	凉子的 Doppel	凉子的魔女化身	official_cn_game_term	official dump authority.json doppelList + skill shortDescription	authority-component-normalization	authority-verified	1.00	official_cn_game_term		凉子的魔女化身	direct-current-after-image	stable-key				runtime_changed_after_pass15	authority-verified
P18-00686	magica/js/libs/sectionList.json	/1137/title	330594	title	库修的 Doppel	入名库什的魔女化身	official-same-character-or-wiki;official_cn_game_term	same record charaName=入名库什; Wiki characters.json exact character name; official dump authority.json doppelList + skill shortDescription	authority-adoption;authority-component-normalization	authority-verified	1.00	P0_authority_exact;official_cn_game_term		入名库什的魔女化身	direct-current-after-image	stable-key				runtime_changed_after_pass15	authority-verified
P18-00687	magica/js/libs/sectionList.json	/1142/charaName	335021	charaName	万年樱之谣	万年樱的传闻	official_cn_character_name	official dump authority.json#/charaList.json/3043/name	authority-component-normalization	authority-verified	1.00	official_cn_character_name		万年樱的传闻	direct-current-after-image	stable-key				runtime_pass18_outside_pass15	authority-verified
P18-00688	magica/js/libs/sectionList.json	/1143/charaName	335022	charaName	万年樱之谣	万年樱的传闻	official_cn_character_name	official dump authority.json#/charaList.json/3043/name	authority-component-normalization	authority-verified	1.00	official_cn_character_name		万年樱的传闻	direct-current-after-image	stable-key				runtime_pass18_outside_pass15	authority-verified
P18-00689	magica/js/libs/sectionList.json	/1144/charaName	335023	charaName	万年樱之谣	万年樱的传闻	official_cn_character_name	official dump authority.json#/charaList.json/3043/name	authority-component-normalization	authority-verified	1.00	official_cn_character_name		万年樱的传闻	direct-current-after-image	stable-key				runtime_pass18_outside_pass15	authority-verified
P18-00690	magica/js/libs/sectionList.json	/1145/charaName	335024	charaName	万年樱之谣	万年樱的传闻	official_cn_character_name	official dump authority.json#/charaList.json/3043/name	authority-component-normalization	authority-verified	1.00	official_cn_character_name		万年樱的传闻	direct-current-after-image	stable-key				runtime_pass18_outside_pass15	authority-verified
P18-00691	magica/js/libs/sectionList.json	/1145/title	335024	title	万年樱之传闻的试炼	万年樱的传闻的试炼	official_cn_character_name	official dump authority.json#/charaList.json/3043/name	authority-component-normalization	authority-verified	1.00	official_cn_character_name		万年樱的传闻的试炼	direct-current-after-image	stable-key				runtime_changed_after_pass15	authority-verified
P18-00692	magica/js/libs/sectionList.json	/1149/title	335034	title	木叶与叶月的 Doppel	木叶与叶月的魔女化身	official_cn_game_term	official dump authority.json doppelList + skill shortDescription	authority-component-normalization	authority-verified	1.00	official_cn_game_term		木叶与叶月的魔女化身	direct-current-after-image	stable-key				runtime_changed_after_pass15	authority-verified
P18-00693	magica/js/libs/sectionList.json	/1157/title	335054	title	丽良与清佳的 Doppel	丽良与清佳的魔女化身	official_cn_game_term	official dump authority.json doppelList + skill shortDescription	authority-component-normalization	authority-verified	1.00	official_cn_game_term		丽良与清佳的魔女化身	direct-current-after-image	stable-key				runtime_changed_after_pass15	authority-verified
P18-00694	magica/js/libs/sectionList.json	/1164/title	339014	title	优的 Doppel	夕的魔女化身	official-same-character-or-wiki;official_cn_game_term	same record charaName=夕; Wiki characters.json exact character name; official dump authority.json doppelList + skill shortDescription	authority-adoption;authority-component-normalization	authority-verified	1.00	P0_authority_exact;official_cn_game_term		夕的魔女化身	direct-current-after-image	stable-key				runtime_changed_after_pass15	authority-verified
P18-00695	magica/js/libs/sectionList.json	/1166/message	339022	message	是优……＠还是和平时一样的……优……	是夕……＠还是和平时一样的……夕……	official_or_wiki+root_context	same record charaName/original Japanese + official/Wiki exact character	root-personal-human-context	authority-verified	1.00	root_context_exact		是夕……＠还是和平时一样的……夕……	direct-current-after-image	stable-key				runtime_changed_after_pass15	authority-verified
P18-00696	magica/js/libs/sectionList.json	/1168/title	339024	title	希的试炼	椎的试炼	official-same-character-or-wiki	same record charaName=椎; Wiki characters.json exact character name	authority-adoption	authority-verified	1.00	P0_authority_exact		椎的试炼	direct-current-after-image	stable-key				runtime_changed_after_pass15	authority-verified
P18-00697	magica/js/libs/sectionList.json	/1180/title	340034	title	由真的 Doppel	千岁由麻的魔女化身	official-same-character-or-wiki;official_cn_game_term	same record charaName=千岁由麻; Wiki characters.json exact character name; official dump authority.json doppelList + skill shortDescription	authority-adoption;authority-component-normalization	authority-verified	1.00	P0_authority_exact;official_cn_game_term		千岁由麻的魔女化身	direct-current-after-image	stable-key				runtime_changed_after_pass15	authority-verified
P18-00698	magica/js/libs/sectionList.json	/1184/title	340044	title	织莉子的 Doppel	织莉子的魔女化身	official_cn_game_term	official dump authority.json doppelList + skill shortDescription	authority-component-normalization	authority-verified	1.00	official_cn_game_term		织莉子的魔女化身	direct-current-after-image	stable-key				runtime_changed_after_pass15	authority-verified
P18-00699	magica/js/libs/sectionList.json	/1192/title	340124	title	海香的 Doppel	海香的魔女化身	official_cn_game_term	official dump authority.json doppelList + skill shortDescription	authority-component-normalization	authority-verified	1.00	official_cn_game_term		海香的魔女化身	direct-current-after-image	stable-key				runtime_changed_after_pass15	authority-verified
P18-00700	magica/js/libs/sectionList.json	/1196/title	340134	title	薰的 Doppel	薰的魔女化身	official_cn_game_term	official dump authority.json doppelList + skill shortDescription	authority-component-normalization	authority-verified	1.00	official_cn_game_term		薰的魔女化身	direct-current-after-image	stable-key				runtime_changed_after_pass15	authority-verified
P18-00701	magica/js/libs/sectionList.json	/1200/title	340144	title	昴和美的 Doppel	昴和美的魔女化身	official_cn_game_term	official dump authority.json doppelList + skill shortDescription	authority-component-normalization	authority-verified	1.00	official_cn_game_term		昴和美的魔女化身	direct-current-after-image	stable-key				runtime_changed_after_pass15	authority-verified
P18-00702	magica/js/libs/sectionList.json	/1216/title	340244	title	米努的 Doppel	米诺的魔女化身	official-same-character-or-wiki;official_cn_game_term	same record charaName=米诺; Wiki characters.json exact character name; official dump authority.json doppelList + skill shortDescription	authority-adoption;authority-component-normalization	authority-verified	1.00	P0_authority_exact;official_cn_game_term		米诺的魔女化身	direct-current-after-image	stable-key				runtime_changed_after_pass15	authority-verified
P18-00703	magica/js/libs/sectionList.json	/1220/title	340254	title	科尔博的 Doppel	可鲁波的魔女化身	official-same-character-or-wiki;official_cn_game_term	same record charaName=可鲁波; Wiki characters.json exact character name; official dump authority.json doppelList + skill shortDescription	authority-adoption;authority-component-normalization	authority-verified	1.00	P0_authority_exact;official_cn_game_term		可鲁波的魔女化身	direct-current-after-image	stable-key				runtime_changed_after_pass15	authority-verified
P18-00704	magica/js/libs/sectionList.json	/1228/title	340274	title	拉皮努的 Doppel	拉皮努的魔女化身	official_cn_game_term	official dump authority.json doppelList + skill shortDescription	authority-component-normalization	authority-verified	1.00	official_cn_game_term		拉皮努的魔女化身	direct-current-after-image	stable-key				runtime_changed_after_pass15	authority-verified
P18-00705	magica/js/libs/sectionList.json	/1236/title	340294	title	佩雷内尔的 Doppel	佩尔内勒的魔女化身	official-same-character-or-wiki;official_cn_game_term	same record charaName=佩尔内勒; Wiki characters.json exact character name; official dump authority.json doppelList + skill shortDescription	authority-adoption;authority-component-normalization	authority-verified	1.00	P0_authority_exact;official_cn_game_term		佩尔内勒的魔女化身	direct-current-after-image	stable-key				runtime_changed_after_pass15	authority-verified
P18-00706	magica/js/libs/sectionList.json	/1244/title	340324	title	茉莉的 Doppel	茉莉的魔女化身	official_cn_game_term	official dump authority.json doppelList + skill shortDescription	authority-component-normalization	authority-verified	1.00	official_cn_game_term		茉莉的魔女化身	direct-current-after-image	stable-key				runtime_changed_after_pass15	authority-verified
P18-00707	magica/js/libs/sectionList.json	/1252/title	340344	title	千里的 Doppel	千里的魔女化身	official_cn_game_term	official dump authority.json doppelList + skill shortDescription	authority-component-normalization	authority-verified	1.00	official_cn_game_term		千里的魔女化身	direct-current-after-image	stable-key				runtime_changed_after_pass15	authority-verified
P18-00708	magica/js/libs/sectionList.json	/1256/title	340354	title	遥香的 Doppel	遥香的魔女化身	official_cn_game_term	official dump authority.json doppelList + skill shortDescription	authority-component-normalization	authority-verified	1.00	official_cn_game_term		遥香的魔女化身	direct-current-after-image	stable-key				runtime_changed_after_pass15	authority-verified
P18-00709	magica/js/libs/sectionList.json	/1260/title	340364	title	椿的 Doppel	椿的魔女化身	official_cn_game_term	official dump authority.json doppelList + skill shortDescription	authority-component-normalization	authority-verified	1.00	official_cn_game_term		椿的魔女化身	direct-current-after-image	stable-key				runtime_changed_after_pass15	authority-verified
P18-00710	magica/js/libs/sectionList.json	/1264/title	340414	title	黑仪的 Doppel	黑仪的魔女化身	official_cn_game_term	official dump authority.json doppelList + skill shortDescription	authority-component-normalization	authority-verified	1.00	official_cn_game_term		黑仪的魔女化身	direct-current-after-image	stable-key				runtime_changed_after_pass15	authority-verified
P18-00711	magica/js/libs/sectionList.json	/1268/title	340424	title	真宵的 Doppel	真宵的魔女化身	official_cn_game_term	official dump authority.json doppelList + skill shortDescription	authority-component-normalization	authority-verified	1.00	official_cn_game_term		真宵的魔女化身	direct-current-after-image	stable-key				runtime_changed_after_pass15	authority-verified
P18-00712	magica/js/libs/sectionList.json	/1272/title	340434	title	骏河的 Doppel	骏河的魔女化身	official_cn_game_term	official dump authority.json doppelList + skill shortDescription	authority-component-normalization	authority-verified	1.00	official_cn_game_term		骏河的魔女化身	direct-current-after-image	stable-key				runtime_changed_after_pass15	authority-verified
P18-00713	magica/js/libs/sectionList.json	/1276/title	340444	title	抚子的 Doppel	抚子的魔女化身	official_cn_game_term	official dump authority.json doppelList + skill shortDescription	authority-component-normalization	authority-verified	1.00	official_cn_game_term		抚子的魔女化身	direct-current-after-image	stable-key				runtime_changed_after_pass15	authority-verified
P18-00714	magica/js/libs/sectionList.json	/1280/title	340454	title	翼的 Doppel	翼的魔女化身	official_cn_game_term	official dump authority.json doppelList + skill shortDescription	authority-component-normalization	authority-verified	1.00	official_cn_game_term		翼的魔女化身	direct-current-after-image	stable-key				runtime_changed_after_pass15	authority-verified
P18-00715	magica/js/libs/sectionList.json	/1284/title	340464	title	忍的 Doppel	忍的魔女化身	official_cn_game_term	official dump authority.json doppelList + skill shortDescription	authority-component-normalization	authority-verified	1.00	official_cn_game_term		忍的魔女化身	direct-current-after-image	stable-key				runtime_changed_after_pass15	authority-verified
P18-00716	magica/js/libs/sectionList.json	/1312/title	341224	title	伊莎贝拉的 Doppel	伊莎贝拉的魔女化身	official_cn_game_term	official dump authority.json doppelList + skill shortDescription	authority-component-normalization	authority-verified	1.00	official_cn_game_term		伊莎贝拉的魔女化身	direct-current-after-image	stable-key				runtime_changed_after_pass15	authority-verified
P18-00717	magica/js/libs/sectionList.json	/1406/charaName	710016	charaName	环伊吕波	环彩羽	official_cn_character_name	official dump authority.json#/charaList.json/1001/name	authority-component-normalization	authority-verified	1.00	official_cn_character_name		环彩羽	direct-current-after-image	stable-key				runtime_pass18_outside_pass15	authority-verified
P18-00718	magica/js/libs/sectionList.json	/1407/charaName	710017	charaName	环伊吕波	环彩羽	official_cn_character_name	official dump authority.json#/charaList.json/1001/name	authority-component-normalization	authority-verified	1.00	official_cn_character_name		环彩羽	direct-current-after-image	stable-key				runtime_pass18_outside_pass15	authority-verified
P18-00719	magica/js/libs/sectionList.json	/1497/charaName	712011	charaName	小伊吕波	小彩羽	official_cn_character_name	official dump authority.json#/charaList.json/1001/name	authority-component-normalization	authority-verified	1.00	official_cn_character_name		小彩羽	direct-current-after-image	stable-key				runtime_pass18_outside_pass15	authority-verified
P18-00720	magica/js/libs/sectionList.json	/1498/charaName	712012	charaName	小伊吕波	小彩羽	official_cn_character_name	official dump authority.json#/charaList.json/1001/name	authority-component-normalization	authority-verified	1.00	official_cn_character_name		小彩羽	direct-current-after-image	stable-key				runtime_pass18_outside_pass15	authority-verified
P18-00721	magica/js/libs/sectionList.json	/1528/charaName	730051	charaName	常盘七夏	常盘七香	official_cn_character_name	official dump authority.json#/charaList.json/3014/name	authority-component-normalization	authority-verified	1.00	official_cn_character_name		常盘七香	direct-current-after-image	stable-key				runtime_pass18_outside_pass15	authority-verified
P18-00722	magica/js/libs/sectionList.json	/1545/charaName	730191	charaName	毬子彩花	毬子亚弥华	official_cn_character_name	official dump authority.json#/charaList.json/3013/name	authority-component-normalization	authority-verified	1.00	official_cn_character_name		毬子亚弥华	direct-current-after-image	stable-key				runtime_pass18_outside_pass15	authority-verified
P18-00723	magica/js/libs/sectionList.json	/1546/charaName	730192	charaName	毬子彩花	毬子亚弥华	official_cn_character_name	official dump authority.json#/charaList.json/3013/name	authority-component-normalization	authority-verified	1.00	official_cn_character_name		毬子亚弥华	direct-current-after-image	stable-key				runtime_pass18_outside_pass15	authority-verified
P18-00724	magica/js/libs/sectionList.json	/1570/charaName	730481	charaName	由良 蛍	由良萤	wiki	WIKI-001605; WIKI-002474; characters.json#/由良萤	authority-adoption	authority-verified	1.00	P0_authority_exact		由良萤	direct-current-after-image	stable-key				runtime_pass18_outside_pass15	authority-verified
P18-00725	magica/js/libs/sectionList.json	/169/charaName	102101	charaName	环伊吕波	环彩羽	official_cn_character_name	official dump authority.json#/charaList.json/1001/name	authority-component-normalization	authority-verified	1.00	official_cn_character_name		环彩羽	direct-current-after-image	stable-key				runtime_pass18_outside_pass15	authority-verified
P18-00726	magica/js/libs/sectionList.json	/169/outline	102101	outline	被强大魔女袭击后的神滨市。逐步开展重建的神滨市魔法少女们，汇成了一个很大的组织。＠“神滨魔法联盟”由以伊吕波为中心的三日月庄成员组成，且包括曾作为敌人产生冲突的“Magius之翼”成员，旨在完成“魔法少女的解放”。＠那是为了逃离魔法少女终将变为视为敌人的魔女的宿命。由于“自动净化系统”的存在，如今只有神滨市能够回避这个命运，问题是之后如何将这个系统在世界范围内应用。＠在神滨市潜伏的若干阴影。暂时的平静时光即将结束。	被强大魔女袭击后的神滨市。逐步开展重建的神滨市魔法少女们，汇成了一个很大的组织。＠“神滨魔法联盟”由以彩羽为中心的三日月庄成员组成，且包括曾作为敌人产生冲突的“Magius之翼”成员，旨在完成“魔法少女的解放”。＠那是为了逃离魔法少女终将变为视为敌人的魔女的宿命。由于“自动净化系统”的存在，如今只有神滨市能够回避这个命运，问题是之后如何将这个系统在世界范围内应用。＠在神滨市潜伏的若干阴影。暂时的平静时光即将结束。	official_cn_character_name	official dump authority.json#/charaList.json/1001/name	authority-component-normalization	authority-verified	1.00	official_cn_character_name		被强大魔女袭击后的神滨市。逐步开展重建的神滨市魔法少女们，汇成了一个很大的组织。＠“神滨魔法联盟”由以彩羽为中心的三日月庄成员组成，且包括曾作为敌人产生冲突的“Magius之翼”成员，旨在完成“魔法少女的解放”。＠那是为了逃离魔法少女终将变为视为敌人的魔女的宿命。由于“自动净化系统”的存在，如今只有神滨市能够回避这个命运，问题是之后如何将这个系统在世界范围内应用。＠在神滨市潜伏的若干阴影。暂时的平静时光即将结束。	direct-current-after-image	stable-key				runtime_pass18_outside_pass15	authority-verified
P18-00727	magica/js/libs/sectionList.json	/170/charaName	102201	charaName	环伊吕波	环彩羽	official_cn_character_name	official dump authority.json#/charaList.json/1001/name	authority-component-normalization	authority-verified	1.00	official_cn_character_name		环彩羽	direct-current-after-image	stable-key				runtime_pass18_outside_pass15	authority-verified
P18-00728	magica/js/libs/sectionList.json	/171/outline	102202	outline	身为神滨Magia Union的核心人物，彩羽一直思考着种种令人担忧的问题，其中最困扰她的，是戴在手腕上的“手环”。＠然而，一名神秘魔法少女的魔力反应，让局势开始变化。＠彩羽等人回到获得手环的地方，却遭到神秘魔法少女袭击。对方率领着多名魔法少女，为首的两人自称“红晴结菜”与“煌里光”，随后离去。＠与此同时，更多来自其他地区的魔法少女也陆续聚集到神滨。	身为神滨魔法联盟的核心人物，彩羽一直思考着种种令人担忧的问题，其中最困扰她的，是戴在手腕上的“手环”。＠然而，一名神秘魔法少女的魔力反应，让局势开始变化。＠彩羽等人回到获得手环的地方，却遭到神秘魔法少女袭击。对方率领着多名魔法少女，为首的两人自称“红晴结菜”与“煌里光”，随后离去。＠与此同时，更多来自其他地区的魔法少女也陆续聚集到神滨。	wiki_exact_organization	wiki characters.json#/神滨魔法联盟	authority-component-normalization	authority-verified	1.00	wiki_exact_organization		身为神滨魔法联盟的核心人物，彩羽一直思考着种种令人担忧的问题，其中最困扰她的，是戴在手腕上的“手环”。＠然而，一名神秘魔法少女的魔力反应，让局势开始变化。＠彩羽等人回到获得手环的地方，却遭到神秘魔法少女袭击。对方率领着多名魔法少女，为首的两人自称“红晴结菜”与“煌里光”，随后离去。＠与此同时，更多来自其他地区的魔法少女也陆续聚集到神滨。	direct-current-after-image	stable-key				runtime_changed_after_pass15	authority-verified
P18-00729	magica/js/libs/sectionList.json	/172/outline	102203	outline	与二木市的魔法少女团体“Promised Blood”发生冲突后过了一段时间。彩羽与八千代为了查明手环之谜，前往灯花等人所在的电波望远镜；忧则与从乡下来到神滨的时女静香、广江千春、土岐沙绪一起行动，带她们游览神滨，帮助她们适应拥挤人群。＠过程中，忧等人得知静香她们属于名为“时女一族”的魔法少女集团，并共同击败了新发现的神秘敌人。另一边，经过灯花分析，彩羽她们也逐渐接近手环宝石的真相。＠可就在此时，信奉“魔法少女至上主义”的魔法少女，以及来自二木市的结菜与光，正逼近电波望远镜。	与二木市的魔法少女团体“PROMISED BLOOD”发生冲突后过了一段时间。彩羽与八千代为了查明手环之谜，前往灯花等人所在的电波望远镜；忧则与从乡下来到神滨的时女静香、广江千春、土岐沙绪一起行动，带她们游览神滨，帮助她们适应拥挤人群。＠过程中，忧等人得知静香她们属于名为“时女一族”的魔法少女集团，并共同击败了新发现的神秘敌人。另一边，经过灯花分析，彩羽她们也逐渐接近手环宝石的真相。＠可就在此时，信奉“魔法少女至上主义”的魔法少女，以及来自二木市的结菜与光，正逼近电波望远镜。	wiki_exact_organization	wiki characters.json#/promised_blood	authority-component-normalization	authority-verified	1.00	wiki_exact_organization		与二木市的魔法少女团体“PROMISED BLOOD”发生冲突后过了一段时间。彩羽与八千代为了查明手环之谜，前往灯花等人所在的电波望远镜；忧则与从乡下来到神滨的时女静香、广江千春、土岐沙绪一起行动，带她们游览神滨，帮助她们适应拥挤人群。＠过程中，忧等人得知静香她们属于名为“时女一族”的魔法少女集团，并共同击败了新发现的神秘敌人。另一边，经过灯花分析，彩羽她们也逐渐接近手环宝石的真相。＠可就在此时，信奉“魔法少女至上主义”的魔法少女，以及来自二木市的结菜与光，正逼近电波望远镜。	direct-current-after-image	stable-key				runtime_changed_after_pass15	authority-verified
P18-00730	magica/js/libs/sectionList.json	/173/outline	102204	outline	彩羽与八千代为了调查手环来到电波望远镜。出现在她们面前的，是信奉魔法少女至上主义的“Neo-Magius”成员宫尾时雨与安积育梦。两人试图掳走灯花与音梦，Promised Blood的结菜等人却随即现身，鹤乃她们也带着时女一族赶到。＠在混战中，彩羽听见各集团为了获得自动净化系统，都需要寻找强大能量的理由。＠当她得知自己的阵营若想把自动净化系统推广至全世界，同样需要这股能量，便提议众人一起向情报来源丘比询问真相。＠与此同时，香春正独自面对敌人，陷入危机。	彩羽与八千代为了调查手环来到电波望远镜。出现在她们面前的，是信奉魔法少女至上主义的“Neo-Magius”成员宫尾时雨与安积育梦。两人试图掳走灯花与音梦，PROMISED BLOOD的结菜等人却随即现身，鹤乃她们也带着时女一族赶到。＠在混战中，彩羽听见各集团为了获得自动净化系统，都需要寻找强大能量的理由。＠当她得知自己的阵营若想把自动净化系统推广至全世界，同样需要这股能量，便提议众人一起向情报来源丘比询问真相。＠与此同时，香春正独自面对敌人，陷入危机。	wiki_exact_organization	wiki characters.json#/promised_blood	authority-component-normalization	authority-verified	1.00	wiki_exact_organization		彩羽与八千代为了调查手环来到电波望远镜。出现在她们面前的，是信奉魔法少女至上主义的“Neo-Magius”成员宫尾时雨与安积育梦。两人试图掳走灯花与音梦，PROMISED BLOOD的结菜等人却随即现身，鹤乃她们也带着时女一族赶到。＠在混战中，彩羽听见各集团为了获得自动净化系统，都需要寻找强大能量的理由。＠当她得知自己的阵营若想把自动净化系统推广至全世界，同样需要这股能量，便提议众人一起向情报来源丘比询问真相。＠与此同时，香春正独自面对敌人，陷入危机。	direct-current-after-image	stable-key				runtime_changed_after_pass15	authority-verified
P18-00731	magica/js/libs/sectionList.json	/174/outline	102301	outline	进入电波望远镜后，彩羽等人得知了真相：蕴含能量的宝石其实是夏娃的碎片，而众人为了自动净化系统展开争夺，也只是被迫参与丘比“通过竞争产生能量”的实验。＠回家途中，她们又从笼目口中得知，她身上附着着一个“为了传播魔法少女故事而诞生的传闻”。这时，三名调整师——莉薇娅·梅黛洛斯、篠目夜鹤、佐和月出里——出现在众人面前。＠另一边，遭Promised Blood袭击的香春虽然等到了伙伴支援，却因主动上前而身负重伤。袭击者自称大庭树里与笠音青，随后离去。	进入电波望远镜后，彩羽等人得知了真相：蕴含能量的宝石其实是夏娃的碎片，而众人为了自动净化系统展开争夺，也只是被迫参与丘比“通过竞争产生能量”的实验。＠回家途中，她们又从笼目口中得知，她身上附着着一个“为了传播魔法少女故事而诞生的传闻”。这时，三名调整师——莉薇娅·梅黛洛斯、篠目夜鹤、佐和月出里——出现在众人面前。＠另一边，遭PROMISED BLOOD袭击的香春虽然等到了伙伴支援，却因主动上前而身负重伤。袭击者自称大庭树里与笠音青，随后离去。	wiki_exact_organization	wiki characters.json#/promised_blood	authority-component-normalization	authority-verified	1.00	wiki_exact_organization		进入电波望远镜后，彩羽等人得知了真相：蕴含能量的宝石其实是夏娃的碎片，而众人为了自动净化系统展开争夺，也只是被迫参与丘比“通过竞争产生能量”的实验。＠回家途中，她们又从笼目口中得知，她身上附着着一个“为了传播魔法少女故事而诞生的传闻”。这时，三名调整师——莉薇娅·梅黛洛斯、篠目夜鹤、佐和月出里——出现在众人面前。＠另一边，遭PROMISED BLOOD袭击的香春虽然等到了伙伴支援，却因主动上前而身负重伤。袭击者自称大庭树里与笠音青，随后离去。	direct-current-after-image	stable-key				runtime_changed_after_pass15	authority-verified
P18-00732	magica/js/libs/sectionList.json	/175/charaName	102302	charaName	环伊吕波	环彩羽	official_cn_character_name	official dump authority.json#/charaList.json/1001/name	authority-component-normalization	authority-verified	1.00	official_cn_character_name		环彩羽	direct-current-after-image	stable-key				runtime_pass18_outside_pass15	authority-verified
P18-00733	magica/js/libs/sectionList.json	/175/outline	102302	outline	为了获得自动净化系统，魔法少女们开始寻找“Kimochi之石”。为了查明Kimochi的位置，彩羽等人假装游玩，请忧整理出大致分布。＠Promised Blood的青与光在追踪彩羽等人时，抵达北养区的哞哞牧场，却发现这其实是彩羽等人布下的陷阱。两人一度陷入绝境，最后在结菜与树里的帮助下成功撤离。＠结菜意识到自己需要一名熟悉神滨地理的协助者。树里锁定了能够胜任的人选，接触Neo-Magius的时雨与育梦，强迫她们加入行动。	为了获得自动净化系统，魔法少女们开始寻找“Kimochi之石”。为了查明Kimochi的位置，彩羽等人假装游玩，请忧整理出大致分布。＠PROMISED BLOOD的青与光在追踪彩羽等人时，抵达北养区的哞哞牧场，却发现这其实是彩羽等人布下的陷阱。两人一度陷入绝境，最后在结菜与树里的帮助下成功撤离。＠结菜意识到自己需要一名熟悉神滨地理的协助者。树里锁定了能够胜任的人选，接触Neo-Magius的时雨与育梦，强迫她们加入行动。	wiki_exact_organization	wiki characters.json#/promised_blood	authority-component-normalization	authority-verified	1.00	wiki_exact_organization		为了获得自动净化系统，魔法少女们开始寻找“Kimochi之石”。为了查明Kimochi的位置，彩羽等人假装游玩，请忧整理出大致分布。＠PROMISED BLOOD的青与光在追踪彩羽等人时，抵达北养区的哞哞牧场，却发现这其实是彩羽等人布下的陷阱。两人一度陷入绝境，最后在结菜与树里的帮助下成功撤离。＠结菜意识到自己需要一名熟悉神滨地理的协助者。树里锁定了能够胜任的人选，接触Neo-Magius的时雨与育梦，强迫她们加入行动。	direct-current-after-image	stable-key				runtime_changed_after_pass15	authority-verified
P18-00734	magica/js/libs/sectionList.json	/176/outline	102303	outline	神滨Magia Union在北养深山中基本确定了Kimochi结界的位置。本应于次日展开详细调查，却突然探测到大量外来魔法少女进入神滨，只得分出少数人手应对。＠然而一切都是结菜的计谋，那些大量魔法少女的反应全是伪造。追击执行者光的Union成员虽然将她逼入绝境，却因进入调整师所在的中立区而无法出手；进入山区的彩羽等人也遭Promised Blood追击，只能撤退。＠Kimochi所在地被敌人占据，协助者静香又身负重伤，彩羽等人只能踏上归途。即便如此，她们仍保留着一线希望。	神滨魔法联盟在北养深山中基本确定了Kimochi结界的位置。本应于次日展开详细调查，却突然探测到大量外来魔法少女进入神滨，只得分出少数人手应对。＠然而一切都是结菜的计谋，那些大量魔法少女的反应全是伪造。追击执行者光的Union成员虽然将她逼入绝境，却因进入调整师所在的中立区而无法出手；进入山区的彩羽等人也遭PROMISED BLOOD追击，只能撤退。＠Kimochi所在地被敌人占据，协助者静香又身负重伤，彩羽等人只能踏上归途。即便如此，她们仍保留着一线希望。	wiki_exact_organization	wiki characters.json#/神滨魔法联盟; wiki characters.json#/promised_blood	authority-component-normalization	authority-verified	1.00	wiki_exact_organization		神滨魔法联盟在北养深山中基本确定了Kimochi结界的位置。本应于次日展开详细调查，却突然探测到大量外来魔法少女进入神滨，只得分出少数人手应对。＠然而一切都是结菜的计谋，那些大量魔法少女的反应全是伪造。追击执行者光的Union成员虽然将她逼入绝境，却因进入调整师所在的中立区而无法出手；进入山区的彩羽等人也遭PROMISED BLOOD追击，只能撤退。＠Kimochi所在地被敌人占据，协助者静香又身负重伤，彩羽等人只能踏上归途。即便如此，她们仍保留着一线希望。	direct-current-after-image	stable-key				runtime_changed_after_pass15	authority-verified
P18-00735	magica/js/libs/sectionList.json	/177/outline	102304	outline	Union失去了Kimochi周边的控制权。＠美冬提出作战方案，以找出Kimochi结界为条件，成功把双方决战拖到结界内部。＠两大集团不断派出增援，维持着势均力敌的局面。结菜率领大量伙伴出现，静香等时女一族也赶来阻挡，双方最终一同进入结界。＠混战中，静香成功重创Kimochi；但最后由菲莉希亚完成致命一击，因此镶有Kimochi之石的手环出现在了她手腕上。＠Union与时女一族正为获得宝石而欣喜，环忧却遭Promised Blood掳走。	Union失去了Kimochi周边的控制权。＠美冬提出作战方案，以找出Kimochi结界为条件，成功把双方决战拖到结界内部。＠两大集团不断派出增援，维持着势均力敌的局面。结菜率领大量伙伴出现，静香等时女一族也赶来阻挡，双方最终一同进入结界。＠混战中，静香成功重创Kimochi；但最后由菲莉希亚完成致命一击，因此镶有Kimochi之石的手环出现在了她手腕上。＠Union与时女一族正为获得宝石而欣喜，环忧却遭PROMISED BLOOD掳走。	wiki_exact_organization	wiki characters.json#/promised_blood	authority-component-normalization	authority-verified	1.00	wiki_exact_organization		Union失去了Kimochi周边的控制权。＠美冬提出作战方案，以找出Kimochi结界为条件，成功把双方决战拖到结界内部。＠两大集团不断派出增援，维持着势均力敌的局面。结菜率领大量伙伴出现，静香等时女一族也赶来阻挡，双方最终一同进入结界。＠混战中，静香成功重创Kimochi；但最后由菲莉希亚完成致命一击，因此镶有Kimochi之石的手环出现在了她手腕上。＠Union与时女一族正为获得宝石而欣喜，环忧却遭PROMISED BLOOD掳走。	direct-current-after-image	stable-key				runtime_changed_after_pass15	authority-verified
P18-00736	magica/js/libs/sectionList.json	/178/outline	102401	outline	忧被Promised Blood掳走后，Union开始采取行动。另一方面，来到神滨的里见那由他与偶然相遇的八云御影，一起寻找失踪的父亲、民俗学者里见太助。＠由于误会引发的恶性连锁，两人遭Promised Blood袭击，随后被莎奈与沙绪救下，并来到调整屋。＠借由这场相遇，那由他得知父亲曾与静香、八千代、笼目三人接触；八千代等人也从谈话中得知，那由他是灯花的堂姐妹，而御影则是御魂的妹妹。	忧被PROMISED BLOOD掳走后，Union开始采取行动。另一方面，来到神滨的里见那由他与偶然相遇的八云御影，一起寻找失踪的父亲、民俗学者里见太助。＠由于误会引发的恶性连锁，两人遭PROMISED BLOOD袭击，随后被莎奈与沙绪救下，并来到调整屋。＠借由这场相遇，那由他得知父亲曾与静香、八千代、笼目三人接触；八千代等人也从谈话中得知，那由他是灯花的堂姐妹，而御影则是御魂的妹妹。	wiki_exact_organization	wiki characters.json#/promised_blood	authority-component-normalization	authority-verified	1.00	wiki_exact_organization		忧被PROMISED BLOOD掳走后，Union开始采取行动。另一方面，来到神滨的里见那由他与偶然相遇的八云御影，一起寻找失踪的父亲、民俗学者里见太助。＠由于误会引发的恶性连锁，两人遭PROMISED BLOOD袭击，随后被莎奈与沙绪救下，并来到调整屋。＠借由这场相遇，那由他得知父亲曾与静香、八千代、笼目三人接触；八千代等人也从谈话中得知，那由他是灯花的堂姐妹，而御影则是御魂的妹妹。	direct-current-after-image	stable-key				runtime_changed_after_pass15	authority-verified
P18-00737	magica/js/libs/sectionList.json	/179/outline	102402	outline	Union为了救出忧开始行动。她们推测Promised Blood的据点位于神滨东部，计划把发信器装到对方身上以确定地点。然而目标一路向北离开神滨，发信器信号也随之消失；调查后发现，现场残留着镜层的魔力反应。＠忧则尝试把标有Kimochi位置的地图，以及写有自己所在地的密码信传给彩羽等人，却遭结菜等人利用而失败，地图落入Promised Blood手中。所幸密码信仍送达三日月庄，彩羽等人成功解读后，为救出忧而前往“二木市”。	Union为了救出忧开始行动。她们推测PROMISED BLOOD的据点位于神滨东部，计划把发信器装到对方身上以确定地点。然而目标一路向北离开神滨，发信器信号也随之消失；调查后发现，现场残留着镜层的魔力反应。＠忧则尝试把标有Kimochi位置的地图，以及写有自己所在地的密码信传给彩羽等人，却遭结菜等人利用而失败，地图落入PROMISED BLOOD手中。所幸密码信仍送达三日月庄，彩羽等人成功解读后，为救出忧而前往“二木市”。	wiki_exact_organization	wiki characters.json#/promised_blood	authority-component-normalization	authority-verified	1.00	wiki_exact_organization		Union为了救出忧开始行动。她们推测PROMISED BLOOD的据点位于神滨东部，计划把发信器装到对方身上以确定地点。然而目标一路向北离开神滨，发信器信号也随之消失；调查后发现，现场残留着镜层的魔力反应。＠忧则尝试把标有Kimochi位置的地图，以及写有自己所在地的密码信传给彩羽等人，却遭结菜等人利用而失败，地图落入PROMISED BLOOD手中。所幸密码信仍送达三日月庄，彩羽等人成功解读后，为救出忧而前往“二木市”。	direct-current-after-image	stable-key				runtime_changed_after_pass15	authority-verified
P18-00738	magica/js/libs/sectionList.json	/181/charaName	102404	charaName	环伊吕波	环彩羽	official_cn_character_name	official dump authority.json#/charaList.json/1001/name	authority-component-normalization	authority-verified	1.00	official_cn_character_name		环彩羽	direct-current-after-image	stable-key				runtime_pass18_outside_pass15	authority-verified
P18-00739	magica/js/libs/sectionList.json	/182/outline	102405	outline	清晨等待彩羽的，是结菜等Promised Blood成员。她被带到二木的地下墓地“卡塔康贝”，那里安葬着逝去的魔法少女。结菜告诉她忧已经死亡，彩羽因此险些化为魔女。＠但彩羽受到自己持有的Kimochi支撑；随后八千代等人带着忧现身，终于让她脱离魔女化危机。＠众人带着忧死里逃生，离开二木市。丘比随即出现，告知神滨只剩最后两颗Kimochi之石；参与争斗的其他魔法少女，也同时听见了这番话。	清晨等待彩羽的，是结菜等PROMISED BLOOD成员。她被带到二木的地下墓地“卡塔康贝”，那里安葬着逝去的魔法少女。结菜告诉她忧已经死亡，彩羽因此险些化为魔女。＠但彩羽受到自己持有的Kimochi支撑；随后八千代等人带着忧现身，终于让她脱离魔女化危机。＠众人带着忧死里逃生，离开二木市。丘比随即出现，告知神滨只剩最后两颗Kimochi之石；参与争斗的其他魔法少女，也同时听见了这番话。	wiki_exact_organization	wiki characters.json#/promised_blood	authority-component-normalization	authority-verified	1.00	wiki_exact_organization		清晨等待彩羽的，是结菜等PROMISED BLOOD成员。她被带到二木的地下墓地“卡塔康贝”，那里安葬着逝去的魔法少女。结菜告诉她忧已经死亡，彩羽因此险些化为魔女。＠但彩羽受到自己持有的Kimochi支撑；随后八千代等人带着忧现身，终于让她脱离魔女化危机。＠众人带着忧死里逃生，离开二木市。丘比随即出现，告知神滨只剩最后两颗Kimochi之石；参与争斗的其他魔法少女，也同时听见了这番话。	direct-current-after-image	stable-key				runtime_changed_after_pass15	authority-verified
P18-00740	magica/js/libs/sectionList.json	/183/charaName	102501	charaName	万年樱之谣	万年樱的传闻	official_cn_character_name	official dump authority.json#/charaList.json/3043/name	authority-component-normalization	authority-verified	1.00	official_cn_character_name		万年樱的传闻	direct-current-after-image	stable-key				runtime_pass18_outside_pass15	authority-verified
P18-00741	magica/js/libs/sectionList.json	/183/outline	102501	outline	在伊吕波一行为着夺回忧而行动起来的同一时间，那由他为着掌握父亲的行踪，去往医院拜访伯父。＠在那里那由他听闻了一向对父亲不屑一顾的灯花如今反倒也受了父亲的影响这样的事。偶遇的阿丽娜也说些若是迷茫无措不如回到入口的话。＠下定决心的那由他让灯花调查了父亲既往所寄邮件的发信源，结果发现那些邮件都是自己住在这里的时候从老家发出的。尽管有种被拒绝了的感觉，不过那由他仍未气馁放弃。＠翌日，医院中的美冬因知晓阿丽娜之所绘实为镜层地图一事而感到吃惊。	在彩羽一行为着夺回忧而行动起来的同一时间，那由他为着掌握父亲的行踪，去往医院拜访伯父。＠在那里那由他听闻了一向对父亲不屑一顾的灯花如今反倒也受了父亲的影响这样的事。偶遇的阿丽娜也说些若是迷茫无措不如回到入口的话。＠下定决心的那由他让灯花调查了父亲既往所寄邮件的发信源，结果发现那些邮件都是自己住在这里的时候从老家发出的。尽管有种被拒绝了的感觉，不过那由他仍未气馁放弃。＠翌日，医院中的美冬因知晓阿丽娜之所绘实为镜层地图一事而感到吃惊。	official_cn_character_name	official dump authority.json#/charaList.json/1001/name	authority-component-normalization	authority-verified	1.00	official_cn_character_name		在彩羽一行为着夺回忧而行动起来的同一时间，那由他为着掌握父亲的行踪，去往医院拜访伯父。＠在那里那由他听闻了一向对父亲不屑一顾的灯花如今反倒也受了父亲的影响这样的事。偶遇的阿丽娜也说些若是迷茫无措不如回到入口的话。＠下定决心的那由他让灯花调查了父亲既往所寄邮件的发信源，结果发现那些邮件都是自己住在这里的时候从老家发出的。尽管有种被拒绝了的感觉，不过那由他仍未气馁放弃。＠翌日，医院中的美冬因知晓阿丽娜之所绘实为镜层地图一事而感到吃惊。	direct-current-after-image	stable-key				runtime_pass18_outside_pass15	authority-verified
P18-00742	magica/js/libs/sectionList.json	/184/outline	102502	outline	彩羽等人成功夺回忧。感受到结菜对伙伴深切的温柔后，彩羽决定进行最后一次赌博——为了避免双方继续出现牺牲，尝试与她携手。＠结菜表示，只要彩羽能打破Promised Blood与时女一族围绕Kimochi形成的僵局，她就愿意听取对方的提案。＠然而几天后，彩羽面对作为代理前来的光与咲夜，始终无法提出有说服力的方案。灯花与音梦于是交出灵魂宝石，提出以自己的死亡作为交换。＠与此同时，自称可能找到Promised Blood致命弱点的令，正独自展开行动。	彩羽等人成功夺回忧。感受到结菜对伙伴深切的温柔后，彩羽决定进行最后一次赌博——为了避免双方继续出现牺牲，尝试与她携手。＠结菜表示，只要彩羽能打破PROMISED BLOOD与时女一族围绕Kimochi形成的僵局，她就愿意听取对方的提案。＠然而几天后，彩羽面对作为代理前来的光与咲夜，始终无法提出有说服力的方案。灯花与音梦于是交出灵魂宝石，提出以自己的死亡作为交换。＠与此同时，自称可能找到PROMISED BLOOD致命弱点的令，正独自展开行动。	wiki_exact_organization	wiki characters.json#/promised_blood	authority-component-normalization	authority-verified	1.00	wiki_exact_organization		彩羽等人成功夺回忧。感受到结菜对伙伴深切的温柔后，彩羽决定进行最后一次赌博——为了避免双方继续出现牺牲，尝试与她携手。＠结菜表示，只要彩羽能打破PROMISED BLOOD与时女一族围绕Kimochi形成的僵局，她就愿意听取对方的提案。＠然而几天后，彩羽面对作为代理前来的光与咲夜，始终无法提出有说服力的方案。灯花与音梦于是交出灵魂宝石，提出以自己的死亡作为交换。＠与此同时，自称可能找到PROMISED BLOOD致命弱点的令，正独自展开行动。	direct-current-after-image	stable-key				runtime_changed_after_pass15	authority-verified
P18-00743	magica/js/libs/sectionList.json	/185/outline	102503	outline	彩羽等人进行谈判期间，忧解决了Promised Blood与时女一族围绕Kimochi僵持不下的问题。＠结界位于爱曾存在的传闻空间。众人无法攻击全息影像而陷入苦战，但同行的莎奈回想起与爱共同度过的日子，以成为朋友的方式打开了通往Kimochi的道路。＠最终，战胜掌管恐惧的Kimochi的是时女一族，千春获得了Kimochi之石。＠然而同一时间，彩羽等人的谈判已经破裂。Promised Blood前往神滨监狱，莎奈等人得知日乃和南区魔法少女陷入危机，也随即赶往那里。＠试图跟上的时女一族，却遭Neo-Magius拦下。	彩羽等人进行谈判期间，忧解决了PROMISED BLOOD与时女一族围绕Kimochi僵持不下的问题。＠结界位于爱曾存在的传闻空间。众人无法攻击全息影像而陷入苦战，但同行的莎奈回想起与爱共同度过的日子，以成为朋友的方式打开了通往Kimochi的道路。＠最终，战胜掌管恐惧的Kimochi的是时女一族，千春获得了Kimochi之石。＠然而同一时间，彩羽等人的谈判已经破裂。PROMISED BLOOD前往神滨监狱，莎奈等人得知日乃和南区魔法少女陷入危机，也随即赶往那里。＠试图跟上的时女一族，却遭Neo-Magius拦下。	wiki_exact_organization	wiki characters.json#/promised_blood	authority-component-normalization	authority-verified	1.00	wiki_exact_organization		彩羽等人进行谈判期间，忧解决了PROMISED BLOOD与时女一族围绕Kimochi僵持不下的问题。＠结界位于爱曾存在的传闻空间。众人无法攻击全息影像而陷入苦战，但同行的莎奈回想起与爱共同度过的日子，以成为朋友的方式打开了通往Kimochi的道路。＠最终，战胜掌管恐惧的Kimochi的是时女一族，千春获得了Kimochi之石。＠然而同一时间，彩羽等人的谈判已经破裂。PROMISED BLOOD前往神滨监狱，莎奈等人得知日乃和南区魔法少女陷入危机，也随即赶往那里。＠试图跟上的时女一族，却遭Neo-Magius拦下。	direct-current-after-image	stable-key				runtime_changed_after_pass15	authority-verified
P18-00744	magica/js/libs/sectionList.json	/186/outline	102504	outline	彩羽等人与Promised Blood的谈判破裂，而起因要追溯到八天前。＠令通过无尽镜层得知，Promised Blood正在利用捷径往返神滨，便为谈判可能破裂的情况提前展开调查。＠她在过程中遇见阿莉娜，得知对方也在探索镜层，于是接受邀请，一同前往神滨监狱；试图阻止的日乃等人最终也只能跟随。＠令等人在监狱遇见青，使结菜等人误以为Union暗中策划行动，成为谈判破裂的导火索。令还掌握了Promised Blood的致命情报，最终与青同归于尽，倒在现场。	彩羽等人与PROMISED BLOOD的谈判破裂，而起因要追溯到八天前。＠令通过无尽镜层得知，PROMISED BLOOD正在利用捷径往返神滨，便为谈判可能破裂的情况提前展开调查。＠她在过程中遇见阿莉娜，得知对方也在探索镜层，于是接受邀请，一同前往神滨监狱；试图阻止的日乃等人最终也只能跟随。＠令等人在监狱遇见青，使结菜等人误以为Union暗中策划行动，成为谈判破裂的导火索。令还掌握了PROMISED BLOOD的致命情报，最终与青同归于尽，倒在现场。	wiki_exact_organization	wiki characters.json#/promised_blood	authority-component-normalization	authority-verified	1.00	wiki_exact_organization		彩羽等人与PROMISED BLOOD的谈判破裂，而起因要追溯到八天前。＠令通过无尽镜层得知，PROMISED BLOOD正在利用捷径往返神滨，便为谈判可能破裂的情况提前展开调查。＠她在过程中遇见阿莉娜，得知对方也在探索镜层，于是接受邀请，一同前往神滨监狱；试图阻止的日乃等人最终也只能跟随。＠令等人在监狱遇见青，使结菜等人误以为Union暗中策划行动，成为谈判破裂的导火索。令还掌握了PROMISED BLOOD的致命情报，最终与青同归于尽，倒在现场。	direct-current-after-image	stable-key				runtime_changed_after_pass15	authority-verified
P18-00745	magica/js/libs/sectionList.json	/187/outline	102505	outline	令与青同归于尽、死亡得到确认后，最后一只Kimochi被郁美的悲伤吸引而现身。众人陷入苦战，彩羽借用自己持有的蓝宝石Kimochi之力给予致命伤，随后郁美完成最后一击，八颗宝石终于全部集齐。＠争夺宝石开始前，Promised Blood试图一次性杀死Union的魔法少女，却宣告失败，因为Kimochi已经筛选出有资格参与争夺的人选。＠三日月庄众人判断继续留在家中十分危险，在灯花引导下前往避难所。＠另一边，时女一族刚获得的宝石被Neo-Magius夺走，千春也遭受几乎失去手臂的重伤。	令与青同归于尽、死亡得到确认后，最后一只Kimochi被郁美的悲伤吸引而现身。众人陷入苦战，彩羽借用自己持有的蓝宝石Kimochi之力给予致命伤，随后郁美完成最后一击，八颗宝石终于全部集齐。＠争夺宝石开始前，PROMISED BLOOD试图一次性杀死Union的魔法少女，却宣告失败，因为Kimochi已经筛选出有资格参与争夺的人选。＠三日月庄众人判断继续留在家中十分危险，在灯花引导下前往避难所。＠另一边，时女一族刚获得的宝石被Neo-Magius夺走，千春也遭受几乎失去手臂的重伤。	wiki_exact_organization	wiki characters.json#/promised_blood	authority-component-normalization	authority-verified	1.00	wiki_exact_organization		令与青同归于尽、死亡得到确认后，最后一只Kimochi被郁美的悲伤吸引而现身。众人陷入苦战，彩羽借用自己持有的蓝宝石Kimochi之力给予致命伤，随后郁美完成最后一击，八颗宝石终于全部集齐。＠争夺宝石开始前，PROMISED BLOOD试图一次性杀死Union的魔法少女，却宣告失败，因为Kimochi已经筛选出有资格参与争夺的人选。＠三日月庄众人判断继续留在家中十分危险，在灯花引导下前往避难所。＠另一边，时女一族刚获得的宝石被Neo-Magius夺走，千春也遭受几乎失去手臂的重伤。	direct-current-after-image	stable-key				runtime_changed_after_pass15	authority-verified
P18-00746	magica/js/libs/sectionList.json	/188/outline	102601	outline	Union与Promised Blood、时女一族与Neo-Magius发生冲突的同时，那由他仍在追查失踪父亲的足迹。＠她认为母亲是寻找父亲的关键，便致电知道母亲联系方式的灯花之父，却被交付了一项课题。＠通过这项课题，那由他重新审视自己的行动，终于获得与母亲见面的许可。两人坦诚交换心意后，母亲把有关父亲行踪的资料交给了她。＠就在搜寻似乎出现曙光时，父亲本人寄来一封信，内容却是他决定放弃拯救魔法少女。	Union与PROMISED BLOOD、时女一族与Neo-Magius发生冲突的同时，那由他仍在追查失踪父亲的足迹。＠她认为母亲是寻找父亲的关键，便致电知道母亲联系方式的灯花之父，却被交付了一项课题。＠通过这项课题，那由他重新审视自己的行动，终于获得与母亲见面的许可。两人坦诚交换心意后，母亲把有关父亲行踪的资料交给了她。＠就在搜寻似乎出现曙光时，父亲本人寄来一封信，内容却是他决定放弃拯救魔法少女。	wiki_exact_organization	wiki characters.json#/promised_blood	authority-component-normalization	authority-verified	1.00	wiki_exact_organization		Union与PROMISED BLOOD、时女一族与Neo-Magius发生冲突的同时，那由他仍在追查失踪父亲的足迹。＠她认为母亲是寻找父亲的关键，便致电知道母亲联系方式的灯花之父，却被交付了一项课题。＠通过这项课题，那由他重新审视自己的行动，终于获得与母亲见面的许可。两人坦诚交换心意后，母亲把有关父亲行踪的资料交给了她。＠就在搜寻似乎出现曙光时，父亲本人寄来一封信，内容却是他决定放弃拯救魔法少女。	direct-current-after-image	stable-key				runtime_changed_after_pass15	authority-verified
P18-00747	magica/js/libs/sectionList.json	/190/outline	102603	outline	面对Promised Blood迟迟无法打开局面的彩羽等人，为寻找突破口前往大学图书馆。＠另一方面，灯花邀请那由他协助向世人传播魔法少女的计划。＠日乃等人解锁令留下的手机后，发现了神滨监狱地下的照片。＠与彩羽在大学图书馆找到的设计图结合，成为攻略通往二木市捷径的线索。＠与此同时，因Neo-Magius屡次邀请而困惑的时女一族，让姬奈等人侵入据点水德寺，沙绪与知花被对方掳走。	面对PROMISED BLOOD迟迟无法打开局面的彩羽等人，为寻找突破口前往大学图书馆。＠另一方面，灯花邀请那由他协助向世人传播魔法少女的计划。＠日乃等人解锁令留下的手机后，发现了神滨监狱地下的照片。＠与彩羽在大学图书馆找到的设计图结合，成为攻略通往二木市捷径的线索。＠与此同时，因Neo-Magius屡次邀请而困惑的时女一族，让姬奈等人侵入据点水德寺，沙绪与知花被对方掳走。	wiki_exact_organization	wiki characters.json#/promised_blood	authority-component-normalization	authority-verified	1.00	wiki_exact_organization		面对PROMISED BLOOD迟迟无法打开局面的彩羽等人，为寻找突破口前往大学图书馆。＠另一方面，灯花邀请那由他协助向世人传播魔法少女的计划。＠日乃等人解锁令留下的手机后，发现了神滨监狱地下的照片。＠与彩羽在大学图书馆找到的设计图结合，成为攻略通往二木市捷径的线索。＠与此同时，因Neo-Magius屡次邀请而困惑的时女一族，让姬奈等人侵入据点水德寺，沙绪与知花被对方掳走。	direct-current-after-image	stable-key				runtime_changed_after_pass15	authority-verified
P18-00748	magica/js/libs/sectionList.json	/191/outline	102604	outline	Union与Promised Blood在监狱地下交战。Union魔法少女的目标，是把鹤乃护送到疑似存在捷径的最深处。＠作战原本凭借图纸与照片顺利推进，却最终被逼入绝境；郁美与青发生接触，精神失控的青遭Kimochi支配身体，开始暴走。＠双方合作压制了青，但Union的行动仍以失败告终；同时还发现，连接二木与神滨的捷径路线并不只有一条。＠另一边，笼目让灯花与音梦强化了传闻，并在与小丽对话后，完成了“风之传道师的传闻”。	Union与PROMISED BLOOD在监狱地下交战。Union魔法少女的目标，是把鹤乃护送到疑似存在捷径的最深处。＠作战原本凭借图纸与照片顺利推进，却最终被逼入绝境；郁美与青发生接触，精神失控的青遭Kimochi支配身体，开始暴走。＠双方合作压制了青，但Union的行动仍以失败告终；同时还发现，连接二木与神滨的捷径路线并不只有一条。＠另一边，笼目让灯花与音梦强化了传闻，并在与小丽对话后，完成了“风之传道师的传闻”。	wiki_exact_organization	wiki characters.json#/promised_blood	authority-component-normalization	authority-verified	1.00	wiki_exact_organization		Union与PROMISED BLOOD在监狱地下交战。Union魔法少女的目标，是把鹤乃护送到疑似存在捷径的最深处。＠作战原本凭借图纸与照片顺利推进，却最终被逼入绝境；郁美与青发生接触，精神失控的青遭Kimochi支配身体，开始暴走。＠双方合作压制了青，但Union的行动仍以失败告终；同时还发现，连接二木与神滨的捷径路线并不只有一条。＠另一边，笼目让灯花与音梦强化了传闻，并在与小丽对话后，完成了“风之传道师的传闻”。	direct-current-after-image	stable-key				runtime_changed_after_pass15	authority-verified
P18-00749	magica/js/libs/sectionList.json	/192/outline	102605	outline	沙绪与知花参加了Neo-Magius在神滨市民会馆举行的集会。两人为潜入而假装赞同其理念，却在联络静香时暴露了谎言。＠静香等人赶到会馆时，姬奈已经通过演说与三寻的Doppel篡改认知，对时女一族实施洗脑。面对开始瓦解的族人，静香登上讲台，以时女一心流的力量唤醒伙伴。＠局势逆转、战斗眼看将陷入泥潭之际，旭射出的子弹击穿了姬奈的灵魂宝石。众人以为姬奈已经死亡，然而这一切同样在她的计划之中。	沙绪与知花参加了Neo-Magius在神滨市民会馆举行的集会。两人为潜入而假装赞同其理念，却在联络静香时暴露了谎言。＠静香等人赶到会馆时，姬奈已经通过演说与三寻的魔女化身篡改认知，对时女一族实施洗脑。面对开始瓦解的族人，静香登上讲台，以时女一心流的力量唤醒伙伴。＠局势逆转、战斗眼看将陷入泥潭之际，旭射出的子弹击穿了姬奈的灵魂宝石。众人以为姬奈已经死亡，然而这一切同样在她的计划之中。	official_cn_game_term	official dump authority.json doppelList + skill shortDescription	authority-component-normalization	authority-verified	1.00	official_cn_game_term		沙绪与知花参加了Neo-Magius在神滨市民会馆举行的集会。两人为潜入而假装赞同其理念，却在联络静香时暴露了谎言。＠静香等人赶到会馆时，姬奈已经通过演说与三寻的魔女化身篡改认知，对时女一族实施洗脑。面对开始瓦解的族人，静香登上讲台，以时女一心流的力量唤醒伙伴。＠局势逆转、战斗眼看将陷入泥潭之际，旭射出的子弹击穿了姬奈的灵魂宝石。众人以为姬奈已经死亡，然而这一切同样在她的计划之中。	direct-current-after-image	stable-key				runtime_changed_after_pass15	authority-verified
P18-00750	magica/js/libs/sectionList.json	/194/outline	102702	outline	神滨监狱之战后，Union得知废弃地铁的存在，基本锁定了Promised Blood用于连接神滨与二木的捷径位置。她们依据兰华提供的情报及证据攻入废弃地铁，却因敌方计策被迫撤退，十七夜也身负重伤。＠为了消除“西区正在陷害东区”的传言，Union还从两边阵营带来了未被Kimochi选中的魔法少女作证。然而这次行动反而产生负面效果，加深了东区魔法少女的不信任。＠与此同时，神滨市长选举中也弥漫着进一步撕裂东西关系的不祥气息。	神滨监狱之战后，Union得知废弃地铁的存在，基本锁定了PROMISED BLOOD用于连接神滨与二木的捷径位置。她们依据兰华提供的情报及证据攻入废弃地铁，却因敌方计策被迫撤退，十七夜也身负重伤。＠为了消除“西区正在陷害东区”的传言，Union还从两边阵营带来了未被Kimochi选中的魔法少女作证。然而这次行动反而产生负面效果，加深了东区魔法少女的不信任。＠与此同时，神滨市长选举中也弥漫着进一步撕裂东西关系的不祥气息。	wiki_exact_organization	wiki characters.json#/promised_blood	authority-component-normalization	authority-verified	1.00	wiki_exact_organization		神滨监狱之战后，Union得知废弃地铁的存在，基本锁定了PROMISED BLOOD用于连接神滨与二木的捷径位置。她们依据兰华提供的情报及证据攻入废弃地铁，却因敌方计策被迫撤退，十七夜也身负重伤。＠为了消除“西区正在陷害东区”的传言，Union还从两边阵营带来了未被Kimochi选中的魔法少女作证。然而这次行动反而产生负面效果，加深了东区魔法少女的不信任。＠与此同时，神滨市长选举中也弥漫着进一步撕裂东西关系的不祥气息。	direct-current-after-image	stable-key				runtime_changed_after_pass15	authority-verified
P18-00751	magica/js/libs/sectionList.json	/195/outline	102703	outline	连接神滨与二木的捷径，本质上是一面分株镜层。为了赶在Promised Blood转移它之前，Union计划从新路线入侵，并摧毁终端内的镜子，再次发动进攻。＠然而，丽奈因遭昔日好友兰华欺骗而身心疲惫；菲莉希亚也受到“自己杀死父母”的梦境影响，状态糟糕到连花子与菖蒲都十分担忧，因此作战推迟到黎明。＠另一边，阿莉娜在梦中探索镜层时找到下一层，并察觉存在于自己体内的并非另一个自己，而是一个完全陌生的人。	连接神滨与二木的捷径，本质上是一面分株镜层。为了赶在PROMISED BLOOD转移它之前，Union计划从新路线入侵，并摧毁终端内的镜子，再次发动进攻。＠然而，丽奈因遭昔日好友兰华欺骗而身心疲惫；菲莉希亚也受到“自己杀死父母”的梦境影响，状态糟糕到连花子与菖蒲都十分担忧，因此作战推迟到黎明。＠另一边，阿莉娜在梦中探索镜层时找到下一层，并察觉存在于自己体内的并非另一个自己，而是一个完全陌生的人。	wiki_exact_organization	wiki characters.json#/promised_blood	authority-component-normalization	authority-verified	1.00	wiki_exact_organization		连接神滨与二木的捷径，本质上是一面分株镜层。为了赶在PROMISED BLOOD转移它之前，Union计划从新路线入侵，并摧毁终端内的镜子，再次发动进攻。＠然而，丽奈因遭昔日好友兰华欺骗而身心疲惫；菲莉希亚也受到“自己杀死父母”的梦境影响，状态糟糕到连花子与菖蒲都十分担忧，因此作战推迟到黎明。＠另一边，阿莉娜在梦中探索镜层时找到下一层，并察觉存在于自己体内的并非另一个自己，而是一个完全陌生的人。	direct-current-after-image	stable-key				runtime_changed_after_pass15	authority-verified
P18-00752	magica/js/libs/sectionList.json	/196/outline	102704	outline	黎明作战开始前，彩羽等人追赶离家出走的菲莉希亚。菲莉希亚释放Doppel，为确认“自己杀死父母”的记忆真假而返回旧家；看到烧焦的房间后，她确信那是真的。＠赶到的彩羽等人进入她的内心，劝阻自暴自弃、准备把身体交给Kimochi的菲莉希亚，但她依然无法摆脱“父母憎恨自己”的想法。＠这时，菲莉希亚父母的亡灵现身，告诉她从未憎恨她，也解释了名字的含义。菲莉希亚终于决定活下去。亡灵由时女一族旭的力量召来，而把旭带来的正是花子与菖蒲。	黎明作战开始前，彩羽等人追赶离家出走的菲莉希亚。菲莉希亚释放魔女化身，为确认“自己杀死父母”的记忆真假而返回旧家；看到烧焦的房间后，她确信那是真的。＠赶到的彩羽等人进入她的内心，劝阻自暴自弃、准备把身体交给Kimochi的菲莉希亚，但她依然无法摆脱“父母憎恨自己”的想法。＠这时，菲莉希亚父母的亡灵现身，告诉她从未憎恨她，也解释了名字的含义。菲莉希亚终于决定活下去。亡灵由时女一族旭的力量召来，而把旭带来的正是花子与菖蒲。	official_cn_game_term	official dump authority.json doppelList + skill shortDescription	authority-component-normalization	authority-verified	1.00	official_cn_game_term		黎明作战开始前，彩羽等人追赶离家出走的菲莉希亚。菲莉希亚释放魔女化身，为确认“自己杀死父母”的记忆真假而返回旧家；看到烧焦的房间后，她确信那是真的。＠赶到的彩羽等人进入她的内心，劝阻自暴自弃、准备把身体交给Kimochi的菲莉希亚，但她依然无法摆脱“父母憎恨自己”的想法。＠这时，菲莉希亚父母的亡灵现身，告诉她从未憎恨她，也解释了名字的含义。菲莉希亚终于决定活下去。亡灵由时女一族旭的力量召来，而把旭带来的正是花子与菖蒲。	direct-current-after-image	stable-key				runtime_changed_after_pass15	authority-verified
P18-00753	magica/js/libs/sectionList.json	/197/outline	102705	outline	摧毁神滨与二木捷径的作战，在三日月庄成员缺席的情况下开始。Promised Blood试图动摇菲莉希亚、击倒十七夜，并分裂神滨东西两区，令战局陷入极度混乱。＠但迟到的三日月庄成员救下十七夜，美冬等人也从终端救出桃子等人，危机暂时解除。代价却是郁美为了击败分株镜层魔女，带着令的遗志一同消逝。＠失去捷径后，Promised Blood被逼入绝境，却取得郁美的Kimochi之石，凑齐四颗。众人也由此得知，Kimochi真正的愿望是重新合为魔女。	摧毁神滨与二木捷径的作战，在三日月庄成员缺席的情况下开始。PROMISED BLOOD试图动摇菲莉希亚、击倒十七夜，并分裂神滨东西两区，令战局陷入极度混乱。＠但迟到的三日月庄成员救下十七夜，美冬等人也从终端救出桃子等人，危机暂时解除。代价却是郁美为了击败分株镜层魔女，带着令的遗志一同消逝。＠失去捷径后，PROMISED BLOOD被逼入绝境，却取得郁美的Kimochi之石，凑齐四颗。众人也由此得知，Kimochi真正的愿望是重新合为魔女。	wiki_exact_organization	wiki characters.json#/promised_blood	authority-component-normalization	authority-verified	1.00	wiki_exact_organization		摧毁神滨与二木捷径的作战，在三日月庄成员缺席的情况下开始。PROMISED BLOOD试图动摇菲莉希亚、击倒十七夜，并分裂神滨东西两区，令战局陷入极度混乱。＠但迟到的三日月庄成员救下十七夜，美冬等人也从终端救出桃子等人，危机暂时解除。代价却是郁美为了击败分株镜层魔女，带着令的遗志一同消逝。＠失去捷径后，PROMISED BLOOD被逼入绝境，却取得郁美的Kimochi之石，凑齐四颗。众人也由此得知，Kimochi真正的愿望是重新合为魔女。	direct-current-after-image	stable-key				runtime_changed_after_pass15	authority-verified
P18-00754	magica/js/libs/sectionList.json	/198/outline	102801	outline	彩羽等人与Promised Blood交战期间，笼目一直与御魂同行。御魂原本希望市长选举能改善东西关系，却因选举舞弊报道不断出现，察觉神滨正被不祥气氛笼罩。＠那由他则与父亲约定重逢，却在当天听见疑似伯父监禁父亲的对话，又收到拉比提供的虚假情报，开始怀疑伯父与灯花。＠御魂偷听新市长与院长的密谈，得知投石事件其实是西区策划，因而陷入绝望。在无数思念复杂交织之际，彩羽再次确认自己想拯救所有魔法少女，并决定自己在这场战争中的立场。	彩羽等人与PROMISED BLOOD交战期间，笼目一直与御魂同行。御魂原本希望市长选举能改善东西关系，却因选举舞弊报道不断出现，察觉神滨正被不祥气氛笼罩。＠那由他则与父亲约定重逢，却在当天听见疑似伯父监禁父亲的对话，又收到拉比提供的虚假情报，开始怀疑伯父与灯花。＠御魂偷听新市长与院长的密谈，得知投石事件其实是西区策划，因而陷入绝望。在无数思念复杂交织之际，彩羽再次确认自己想拯救所有魔法少女，并决定自己在这场战争中的立场。	wiki_exact_organization	wiki characters.json#/promised_blood	authority-component-normalization	authority-verified	1.00	wiki_exact_organization		彩羽等人与PROMISED BLOOD交战期间，笼目一直与御魂同行。御魂原本希望市长选举能改善东西关系，却因选举舞弊报道不断出现，察觉神滨正被不祥气氛笼罩。＠那由他则与父亲约定重逢，却在当天听见疑似伯父监禁父亲的对话，又收到拉比提供的虚假情报，开始怀疑伯父与灯花。＠御魂偷听新市长与院长的密谈，得知投石事件其实是西区策划，因而陷入绝望。在无数思念复杂交织之际，彩羽再次确认自己想拯救所有魔法少女，并决定自己在这场战争中的立场。	direct-current-after-image	stable-key				runtime_changed_after_pass15	authority-verified
P18-00755	magica/js/libs/sectionList.json	/199/outline	102802	outline	被逼入绝境的Promised Blood把希望押在速战速决上，制定计策，要把最终战场设在二木市。＠Union方面，彩羽向伙伴坦白自己决心守护所有希望、不分敌我，并获得众人接受。她们还预想决战可能发生在神滨，争取时女一族协助，强化防御；但Promised Blood以Kimochi之石作筹码，迫使她们不得不前往二木市。＠随着参战者、旁观者以及其他阵营的各自思念相互交错，Union与时女一族对Promised Blood的最终决战即将在二木市打响。	被逼入绝境的PROMISED BLOOD把希望押在速战速决上，制定计策，要把最终战场设在二木市。＠Union方面，彩羽向伙伴坦白自己决心守护所有希望、不分敌我，并获得众人接受。她们还预想决战可能发生在神滨，争取时女一族协助，强化防御；但PROMISED BLOOD以Kimochi之石作筹码，迫使她们不得不前往二木市。＠随着参战者、旁观者以及其他阵营的各自思念相互交错，Union与时女一族对PROMISED BLOOD的最终决战即将在二木市打响。	wiki_exact_organization	wiki characters.json#/promised_blood	authority-component-normalization	authority-verified	1.00	wiki_exact_organization		被逼入绝境的PROMISED BLOOD把希望押在速战速决上，制定计策，要把最终战场设在二木市。＠Union方面，彩羽向伙伴坦白自己决心守护所有希望、不分敌我，并获得众人接受。她们还预想决战可能发生在神滨，争取时女一族协助，强化防御；但PROMISED BLOOD以Kimochi之石作筹码，迫使她们不得不前往二木市。＠随着参战者、旁观者以及其他阵营的各自思念相互交错，Union与时女一族对PROMISED BLOOD的最终决战即将在二木市打响。	direct-current-after-image	stable-key				runtime_changed_after_pass15	authority-verified
P18-00756	magica/js/libs/sectionList.json	/200/outline	102803	outline	二木市的最终决战终于揭幕。＠Union因地理不利，试图以人数优势弥补；Promised Blood却钻Kimochi规则的空子，连人数差也成功推翻。Union阵营被分割，各自陷入战斗与危机。在无数思念碰撞的战场上，青的思想逐渐染上深沉黑暗。Union与时女一族试图重新会合，却连这一点也落入结菜的圈套，被彻底包围。＠随后，Promised Blood的总攻向彩羽等人袭来。	二木市的最终决战终于揭幕。＠Union因地理不利，试图以人数优势弥补；PROMISED BLOOD却钻Kimochi规则的空子，连人数差也成功推翻。Union阵营被分割，各自陷入战斗与危机。在无数思念碰撞的战场上，青的思想逐渐染上深沉黑暗。Union与时女一族试图重新会合，却连这一点也落入结菜的圈套，被彻底包围。＠随后，PROMISED BLOOD的总攻向彩羽等人袭来。	wiki_exact_organization	wiki characters.json#/promised_blood	authority-component-normalization	authority-verified	1.00	wiki_exact_organization		二木市的最终决战终于揭幕。＠Union因地理不利，试图以人数优势弥补；PROMISED BLOOD却钻Kimochi规则的空子，连人数差也成功推翻。Union阵营被分割，各自陷入战斗与危机。在无数思念碰撞的战场上，青的思想逐渐染上深沉黑暗。Union与时女一族试图重新会合，却连这一点也落入结菜的圈套，被彻底包围。＠随后，PROMISED BLOOD的总攻向彩羽等人袭来。	direct-current-after-image	stable-key				runtime_changed_after_pass15	authority-verified
P18-00757	magica/js/libs/sectionList.json	/201/outline	102804	outline	二木市开战当天，十七夜为了保护伙伴留守神滨，灯花等人则调查围绕魔法少女出现的异常现象。灯花得知，父亲也在为向社会公开魔法少女的存在做准备。与此同时，市长选举导致东西关系恶化，十七夜、御魂与月咲等人的心中都蒙上阴影。＠另一边，雫在新月馆等待战场联络，Promised Blood别动队突然现身袭击。美冬与日乃等人成功将其击退。收到消息后，雫为了不再让任何人的未来被夺走，立即赶往战场。	二木市开战当天，十七夜为了保护伙伴留守神滨，灯花等人则调查围绕魔法少女出现的异常现象。灯花得知，父亲也在为向社会公开魔法少女的存在做准备。与此同时，市长选举导致东西关系恶化，十七夜、御魂与月咲等人的心中都蒙上阴影。＠另一边，雫在新月馆等待战场联络，PROMISED BLOOD别动队突然现身袭击。美冬与日乃等人成功将其击退。收到消息后，雫为了不再让任何人的未来被夺走，立即赶往战场。	wiki_exact_organization	wiki characters.json#/promised_blood	authority-component-normalization	authority-verified	1.00	wiki_exact_organization		二木市开战当天，十七夜为了保护伙伴留守神滨，灯花等人则调查围绕魔法少女出现的异常现象。灯花得知，父亲也在为向社会公开魔法少女的存在做准备。与此同时，市长选举导致东西关系恶化，十七夜、御魂与月咲等人的心中都蒙上阴影。＠另一边，雫在新月馆等待战场联络，PROMISED BLOOD别动队突然现身袭击。美冬与日乃等人成功将其击退。收到消息后，雫为了不再让任何人的未来被夺走，立即赶往战场。	direct-current-after-image	stable-key				runtime_changed_after_pass15	authority-verified
P18-00758	magica/js/libs/sectionList.json	/202/message	102805	message	哎呀哎呀……约定之血＠还真是下定了决心呢。	哎呀哎呀……PROMISED BLOOD＠还真是下定了决心呢。	wiki_exact_organization	wiki characters.json#/promised_blood	authority-component-normalization	authority-verified	1.00	wiki_exact_organization		哎呀哎呀……PROMISED BLOOD＠还真是下定了决心呢。	direct-current-after-image	stable-key				runtime_changed_after_pass15	authority-verified
P18-00759	magica/js/libs/sectionList.json	/202/outline	102805	outline	Promised Blood发动总攻，彩羽等人看似全军覆没，却因雫及时介入而脱险，并绕到敌人背后给予重创。＠胜负似乎已经分晓，结菜却借用四颗Kimochi之石，以压倒性暴力逐一击败彩羽等人。战况再次逆转之际，结菜得知咲夜在战斗中死亡，失去对力量的控制，开始不分敌我地攻击所有人。为了救她，彩羽独自上前。两人的精神彼此干涉，理解了对方的过去与思念。结菜终于停止暴走，承认彩羽的决意与心意皆为真实，并把未来托付给她。二木市之战就此落幕。	PROMISED BLOOD发动总攻，彩羽等人看似全军覆没，却因雫及时介入而脱险，并绕到敌人背后给予重创。＠胜负似乎已经分晓，结菜却借用四颗Kimochi之石，以压倒性暴力逐一击败彩羽等人。战况再次逆转之际，结菜得知咲夜在战斗中死亡，失去对力量的控制，开始不分敌我地攻击所有人。为了救她，彩羽独自上前。两人的精神彼此干涉，理解了对方的过去与思念。结菜终于停止暴走，承认彩羽的决意与心意皆为真实，并把未来托付给她。二木市之战就此落幕。	wiki_exact_organization	wiki characters.json#/promised_blood	authority-component-normalization	authority-verified	1.00	wiki_exact_organization		PROMISED BLOOD发动总攻，彩羽等人看似全军覆没，却因雫及时介入而脱险，并绕到敌人背后给予重创。＠胜负似乎已经分晓，结菜却借用四颗Kimochi之石，以压倒性暴力逐一击败彩羽等人。战况再次逆转之际，结菜得知咲夜在战斗中死亡，失去对力量的控制，开始不分敌我地攻击所有人。为了救她，彩羽独自上前。两人的精神彼此干涉，理解了对方的过去与思念。结菜终于停止暴走，承认彩羽的决意与心意皆为真实，并把未来托付给她。二木市之战就此落幕。	direct-current-after-image	stable-key				runtime_changed_after_pass15	authority-verified
P18-00760	magica/js/libs/sectionList.json	/205/charaName	102903	charaName	环伊吕波	环彩羽	official_cn_character_name	official dump authority.json#/charaList.json/1001/name	authority-component-normalization	authority-verified	1.00	official_cn_character_name		环彩羽	direct-current-after-image	stable-key				runtime_pass18_outside_pass15	authority-verified
P18-00761	magica/js/libs/sectionList.json	/214/title	102912	title	约定之血篇 第1话	PROMISED BLOOD篇 第1话	wiki_exact_organization	wiki characters.json#/promised_blood	authority-component-normalization	authority-verified	1.00	wiki_exact_organization		PROMISED BLOOD篇 第1话	direct-current-after-image	stable-key				runtime_changed_after_pass15	authority-verified
P18-00762	magica/js/libs/sectionList.json	/215/title	102913	title	约定之血篇 第2话	PROMISED BLOOD篇 第2话	wiki_exact_organization	wiki characters.json#/promised_blood	authority-component-normalization	authority-verified	1.00	wiki_exact_organization		PROMISED BLOOD篇 第2话	direct-current-after-image	stable-key				runtime_changed_after_pass15	authority-verified
P18-00763	magica/js/libs/sectionList.json	/216/title	102914	title	约定之血篇 第3话	PROMISED BLOOD篇 第3话	wiki_exact_organization	wiki characters.json#/promised_blood	authority-component-normalization	authority-verified	1.00	wiki_exact_organization		PROMISED BLOOD篇 第3话	direct-current-after-image	stable-key				runtime_changed_after_pass15	authority-verified
P18-00764	magica/js/libs/sectionList.json	/217/title	102915	title	约定之血篇 第4话	PROMISED BLOOD篇 第4话	wiki_exact_organization	wiki characters.json#/promised_blood	authority-component-normalization	authority-verified	1.00	wiki_exact_organization		PROMISED BLOOD篇 第4话	direct-current-after-image	stable-key				runtime_changed_after_pass15	authority-verified
P18-00765	magica/js/libs/sectionList.json	/218/title	102916	title	约定之血篇 第5话	PROMISED BLOOD篇 第5话	wiki_exact_organization	wiki characters.json#/promised_blood	authority-component-normalization	authority-verified	1.00	wiki_exact_organization		PROMISED BLOOD篇 第5话	direct-current-after-image	stable-key				runtime_changed_after_pass15	authority-verified
P18-00766	magica/js/libs/sectionList.json	/219/charaName	102917	charaName	环伊吕波	环彩羽	official_cn_character_name	official dump authority.json#/charaList.json/1001/name	authority-component-normalization	authority-verified	1.00	official_cn_character_name		环彩羽	direct-current-after-image	stable-key				runtime_pass18_outside_pass15	authority-verified
P18-00767	magica/js/libs/sectionList.json	/219/title	102917	title	约定之血篇 第6话	PROMISED BLOOD篇 第6话	wiki_exact_organization	wiki characters.json#/promised_blood	authority-component-normalization	authority-verified	1.00	wiki_exact_organization		PROMISED BLOOD篇 第6话	direct-current-after-image	stable-key				runtime_changed_after_pass15	authority-verified
P18-00768	magica/js/libs/sectionList.json	/220/title	102918	title	约定之血篇 第7话	PROMISED BLOOD篇 第7话	wiki_exact_organization	wiki characters.json#/promised_blood	authority-component-normalization	authority-verified	1.00	wiki_exact_organization		PROMISED BLOOD篇 第7话	direct-current-after-image	stable-key				runtime_changed_after_pass15	authority-verified
P18-00769	magica/js/libs/sectionList.json	/221/title	102919	title	约定之血篇 第8话	PROMISED BLOOD篇 第8话	wiki_exact_organization	wiki characters.json#/promised_blood	authority-component-normalization	authority-verified	1.00	wiki_exact_organization		PROMISED BLOOD篇 第8话	direct-current-after-image	stable-key				runtime_changed_after_pass15	authority-verified
P18-00770	magica/js/libs/sectionList.json	/222/title	102920	title	约定之血篇 第9话	PROMISED BLOOD篇 第9话	wiki_exact_organization	wiki characters.json#/promised_blood	authority-component-normalization	authority-verified	1.00	wiki_exact_organization		PROMISED BLOOD篇 第9话	direct-current-after-image	stable-key				runtime_changed_after_pass15	authority-verified
P18-00771	magica/js/libs/sectionList.json	/223/title	102921	title	约定之血篇 第10话	PROMISED BLOOD篇 第10话	wiki_exact_organization	wiki characters.json#/promised_blood	authority-component-normalization	authority-verified	1.00	wiki_exact_organization		PROMISED BLOOD篇 第10话	direct-current-after-image	stable-key				runtime_changed_after_pass15	authority-verified
P18-00772	magica/js/libs/sectionList.json	/243/outline	102941	outline	Union与Promised Blood准备携手，却因过去的摩擦而在各自内部出现分歧。最终，Union一侧由结菜出面，Promised Blood一侧由彩羽表达心意，暂时平息了争议。＠为了查清旭旧伤的真相，静香等人前往她的故乡汤国市。在那里亲眼见到知晓魔法少女的普通人所怀抱的恶意后，静香下定了某种决心。＠那由他则从重逢的父亲口中听见“公开魔法少女的存在会通向绝望”的假说。她准备前往汤国市深入了解时，却同时收到灯花消息：向世人传播魔法少女的方法已经完成。	Union与PROMISED BLOOD准备携手，却因过去的摩擦而在各自内部出现分歧。最终，Union一侧由结菜出面，PROMISED BLOOD一侧由彩羽表达心意，暂时平息了争议。＠为了查清旭旧伤的真相，静香等人前往她的故乡汤国市。在那里亲眼见到知晓魔法少女的普通人所怀抱的恶意后，静香下定了某种决心。＠那由他则从重逢的父亲口中听见“公开魔法少女的存在会通向绝望”的假说。她准备前往汤国市深入了解时，却同时收到灯花消息：向世人传播魔法少女的方法已经完成。	wiki_exact_organization	wiki characters.json#/promised_blood	authority-component-normalization	authority-verified	1.00	wiki_exact_organization		Union与PROMISED BLOOD准备携手，却因过去的摩擦而在各自内部出现分歧。最终，Union一侧由结菜出面，PROMISED BLOOD一侧由彩羽表达心意，暂时平息了争议。＠为了查清旭旧伤的真相，静香等人前往她的故乡汤国市。在那里亲眼见到知晓魔法少女的普通人所怀抱的恶意后，静香下定了某种决心。＠那由他则从重逢的父亲口中听见“公开魔法少女的存在会通向绝望”的假说。她准备前往汤国市深入了解时，却同时收到灯花消息：向世人传播魔法少女的方法已经完成。	direct-current-after-image	stable-key				runtime_changed_after_pass15	authority-verified
P18-00773	magica/js/libs/sectionList.json	/243/title	102941	title	新玛吉斯篇 第1话	Neo-Magius篇 第1话	wiki_exact_organization	wiki characters.json#/neo_magius	authority-component-normalization	authority-verified	1.00	wiki_exact_organization		Neo-Magius篇 第1话	direct-current-after-image	stable-key				runtime_changed_after_pass15	authority-verified
P18-00774	magica/js/libs/sectionList.json	/244/outline	102942	outline	Union与Promised Blood准备携手，却因过去的摩擦而在各自内部出现分歧。最终，Union一侧由结菜出面，Promised Blood一侧由彩羽表达心意，暂时平息了争议。＠为了查清旭旧伤的真相，静香等人前往她的故乡汤国市。在那里亲眼见到知晓魔法少女的普通人所怀抱的恶意后，静香下定了某种决心。＠那由他则从重逢的父亲口中听见“公开魔法少女的存在会通向绝望”的假说。她准备前往汤国市深入了解时，却同时收到灯花消息：向世人传播魔法少女的方法已经完成。	Union与PROMISED BLOOD准备携手，却因过去的摩擦而在各自内部出现分歧。最终，Union一侧由结菜出面，PROMISED BLOOD一侧由彩羽表达心意，暂时平息了争议。＠为了查清旭旧伤的真相，静香等人前往她的故乡汤国市。在那里亲眼见到知晓魔法少女的普通人所怀抱的恶意后，静香下定了某种决心。＠那由他则从重逢的父亲口中听见“公开魔法少女的存在会通向绝望”的假说。她准备前往汤国市深入了解时，却同时收到灯花消息：向世人传播魔法少女的方法已经完成。	wiki_exact_organization	wiki characters.json#/promised_blood	authority-component-normalization	authority-verified	1.00	wiki_exact_organization		Union与PROMISED BLOOD准备携手，却因过去的摩擦而在各自内部出现分歧。最终，Union一侧由结菜出面，PROMISED BLOOD一侧由彩羽表达心意，暂时平息了争议。＠为了查清旭旧伤的真相，静香等人前往她的故乡汤国市。在那里亲眼见到知晓魔法少女的普通人所怀抱的恶意后，静香下定了某种决心。＠那由他则从重逢的父亲口中听见“公开魔法少女的存在会通向绝望”的假说。她准备前往汤国市深入了解时，却同时收到灯花消息：向世人传播魔法少女的方法已经完成。	direct-current-after-image	stable-key				runtime_changed_after_pass15	authority-verified
P18-00775	magica/js/libs/sectionList.json	/244/title	102942	title	新玛吉斯篇 第2话	Neo-Magius篇 第2话	wiki_exact_organization	wiki characters.json#/neo_magius	authority-component-normalization	authority-verified	1.00	wiki_exact_organization		Neo-Magius篇 第2话	direct-current-after-image	stable-key				runtime_changed_after_pass15	authority-verified
P18-00776	magica/js/libs/sectionList.json	/245/outline	102943	outline	Union与Promised Blood准备携手，却因过去的摩擦而在各自内部出现分歧。最终，Union一侧由结菜出面，Promised Blood一侧由彩羽表达心意，暂时平息了争议。＠为了查清旭旧伤的真相，静香等人前往她的故乡汤国市。在那里亲眼见到知晓魔法少女的普通人所怀抱的恶意后，静香下定了某种决心。＠那由他则从重逢的父亲口中听见“公开魔法少女的存在会通向绝望”的假说。她准备前往汤国市深入了解时，却同时收到灯花消息：向世人传播魔法少女的方法已经完成。	Union与PROMISED BLOOD准备携手，却因过去的摩擦而在各自内部出现分歧。最终，Union一侧由结菜出面，PROMISED BLOOD一侧由彩羽表达心意，暂时平息了争议。＠为了查清旭旧伤的真相，静香等人前往她的故乡汤国市。在那里亲眼见到知晓魔法少女的普通人所怀抱的恶意后，静香下定了某种决心。＠那由他则从重逢的父亲口中听见“公开魔法少女的存在会通向绝望”的假说。她准备前往汤国市深入了解时，却同时收到灯花消息：向世人传播魔法少女的方法已经完成。	wiki_exact_organization	wiki characters.json#/promised_blood	authority-component-normalization	authority-verified	1.00	wiki_exact_organization		Union与PROMISED BLOOD准备携手，却因过去的摩擦而在各自内部出现分歧。最终，Union一侧由结菜出面，PROMISED BLOOD一侧由彩羽表达心意，暂时平息了争议。＠为了查清旭旧伤的真相，静香等人前往她的故乡汤国市。在那里亲眼见到知晓魔法少女的普通人所怀抱的恶意后，静香下定了某种决心。＠那由他则从重逢的父亲口中听见“公开魔法少女的存在会通向绝望”的假说。她准备前往汤国市深入了解时，却同时收到灯花消息：向世人传播魔法少女的方法已经完成。	direct-current-after-image	stable-key				runtime_changed_after_pass15	authority-verified
P18-00777	magica/js/libs/sectionList.json	/245/title	102943	title	新玛吉斯篇 第3话	Neo-Magius篇 第3话	wiki_exact_organization	wiki characters.json#/neo_magius	authority-component-normalization	authority-verified	1.00	wiki_exact_organization		Neo-Magius篇 第3话	direct-current-after-image	stable-key				runtime_changed_after_pass15	authority-verified
P18-00778	magica/js/libs/sectionList.json	/246/outline	102944	outline	Union与Promised Blood准备携手，却因过去的摩擦而在各自内部出现分歧。最终，Union一侧由结菜出面，Promised Blood一侧由彩羽表达心意，暂时平息了争议。＠为了查清旭旧伤的真相，静香等人前往她的故乡汤国市。在那里亲眼见到知晓魔法少女的普通人所怀抱的恶意后，静香下定了某种决心。＠那由他则从重逢的父亲口中听见“公开魔法少女的存在会通向绝望”的假说。她准备前往汤国市深入了解时，却同时收到灯花消息：向世人传播魔法少女的方法已经完成。	Union与PROMISED BLOOD准备携手，却因过去的摩擦而在各自内部出现分歧。最终，Union一侧由结菜出面，PROMISED BLOOD一侧由彩羽表达心意，暂时平息了争议。＠为了查清旭旧伤的真相，静香等人前往她的故乡汤国市。在那里亲眼见到知晓魔法少女的普通人所怀抱的恶意后，静香下定了某种决心。＠那由他则从重逢的父亲口中听见“公开魔法少女的存在会通向绝望”的假说。她准备前往汤国市深入了解时，却同时收到灯花消息：向世人传播魔法少女的方法已经完成。	wiki_exact_organization	wiki characters.json#/promised_blood	authority-component-normalization	authority-verified	1.00	wiki_exact_organization		Union与PROMISED BLOOD准备携手，却因过去的摩擦而在各自内部出现分歧。最终，Union一侧由结菜出面，PROMISED BLOOD一侧由彩羽表达心意，暂时平息了争议。＠为了查清旭旧伤的真相，静香等人前往她的故乡汤国市。在那里亲眼见到知晓魔法少女的普通人所怀抱的恶意后，静香下定了某种决心。＠那由他则从重逢的父亲口中听见“公开魔法少女的存在会通向绝望”的假说。她准备前往汤国市深入了解时，却同时收到灯花消息：向世人传播魔法少女的方法已经完成。	direct-current-after-image	stable-key				runtime_changed_after_pass15	authority-verified
P18-00779	magica/js/libs/sectionList.json	/247/outline	102945	outline	Union与Promised Blood准备携手，却因过去的摩擦而在各自内部出现分歧。最终，Union一侧由结菜出面，Promised Blood一侧由彩羽表达心意，暂时平息了争议。＠为了查清旭旧伤的真相，静香等人前往她的故乡汤国市。在那里亲眼见到知晓魔法少女的普通人所怀抱的恶意后，静香下定了某种决心。＠那由他则从重逢的父亲口中听见“公开魔法少女的存在会通向绝望”的假说。她准备前往汤国市深入了解时，却同时收到灯花消息：向世人传播魔法少女的方法已经完成。	Union与PROMISED BLOOD准备携手，却因过去的摩擦而在各自内部出现分歧。最终，Union一侧由结菜出面，PROMISED BLOOD一侧由彩羽表达心意，暂时平息了争议。＠为了查清旭旧伤的真相，静香等人前往她的故乡汤国市。在那里亲眼见到知晓魔法少女的普通人所怀抱的恶意后，静香下定了某种决心。＠那由他则从重逢的父亲口中听见“公开魔法少女的存在会通向绝望”的假说。她准备前往汤国市深入了解时，却同时收到灯花消息：向世人传播魔法少女的方法已经完成。	wiki_exact_organization	wiki characters.json#/promised_blood	authority-component-normalization	authority-verified	1.00	wiki_exact_organization		Union与PROMISED BLOOD准备携手，却因过去的摩擦而在各自内部出现分歧。最终，Union一侧由结菜出面，PROMISED BLOOD一侧由彩羽表达心意，暂时平息了争议。＠为了查清旭旧伤的真相，静香等人前往她的故乡汤国市。在那里亲眼见到知晓魔法少女的普通人所怀抱的恶意后，静香下定了某种决心。＠那由他则从重逢的父亲口中听见“公开魔法少女的存在会通向绝望”的假说。她准备前往汤国市深入了解时，却同时收到灯花消息：向世人传播魔法少女的方法已经完成。	direct-current-after-image	stable-key				runtime_changed_after_pass15	authority-verified
P18-00780	magica/js/libs/sectionList.json	/248/outline	102946	outline	Union与Promised Blood准备携手，却因过去的摩擦而在各自内部出现分歧。最终，Union一侧由结菜出面，Promised Blood一侧由彩羽表达心意，暂时平息了争议。＠为了查清旭旧伤的真相，静香等人前往她的故乡汤国市。在那里亲眼见到知晓魔法少女的普通人所怀抱的恶意后，静香下定了某种决心。＠那由他则从重逢的父亲口中听见“公开魔法少女的存在会通向绝望”的假说。她准备前往汤国市深入了解时，却同时收到灯花消息：向世人传播魔法少女的方法已经完成。	Union与PROMISED BLOOD准备携手，却因过去的摩擦而在各自内部出现分歧。最终，Union一侧由结菜出面，PROMISED BLOOD一侧由彩羽表达心意，暂时平息了争议。＠为了查清旭旧伤的真相，静香等人前往她的故乡汤国市。在那里亲眼见到知晓魔法少女的普通人所怀抱的恶意后，静香下定了某种决心。＠那由他则从重逢的父亲口中听见“公开魔法少女的存在会通向绝望”的假说。她准备前往汤国市深入了解时，却同时收到灯花消息：向世人传播魔法少女的方法已经完成。	wiki_exact_organization	wiki characters.json#/promised_blood	authority-component-normalization	authority-verified	1.00	wiki_exact_organization		Union与PROMISED BLOOD准备携手，却因过去的摩擦而在各自内部出现分歧。最终，Union一侧由结菜出面，PROMISED BLOOD一侧由彩羽表达心意，暂时平息了争议。＠为了查清旭旧伤的真相，静香等人前往她的故乡汤国市。在那里亲眼见到知晓魔法少女的普通人所怀抱的恶意后，静香下定了某种决心。＠那由他则从重逢的父亲口中听见“公开魔法少女的存在会通向绝望”的假说。她准备前往汤国市深入了解时，却同时收到灯花消息：向世人传播魔法少女的方法已经完成。	direct-current-after-image	stable-key				runtime_changed_after_pass15	authority-verified
P18-00781	magica/js/libs/sectionList.json	/249/outline	102947	outline	Union与Promised Blood准备携手，却因过去的摩擦而在各自内部出现分歧。最终，Union一侧由结菜出面，Promised Blood一侧由彩羽表达心意，暂时平息了争议。＠为了查清旭旧伤的真相，静香等人前往她的故乡汤国市。在那里亲眼见到知晓魔法少女的普通人所怀抱的恶意后，静香下定了某种决心。＠那由他则从重逢的父亲口中听见“公开魔法少女的存在会通向绝望”的假说。她准备前往汤国市深入了解时，却同时收到灯花消息：向世人传播魔法少女的方法已经完成。	Union与PROMISED BLOOD准备携手，却因过去的摩擦而在各自内部出现分歧。最终，Union一侧由结菜出面，PROMISED BLOOD一侧由彩羽表达心意，暂时平息了争议。＠为了查清旭旧伤的真相，静香等人前往她的故乡汤国市。在那里亲眼见到知晓魔法少女的普通人所怀抱的恶意后，静香下定了某种决心。＠那由他则从重逢的父亲口中听见“公开魔法少女的存在会通向绝望”的假说。她准备前往汤国市深入了解时，却同时收到灯花消息：向世人传播魔法少女的方法已经完成。	wiki_exact_organization	wiki characters.json#/promised_blood	authority-component-normalization	authority-verified	1.00	wiki_exact_organization		Union与PROMISED BLOOD准备携手，却因过去的摩擦而在各自内部出现分歧。最终，Union一侧由结菜出面，PROMISED BLOOD一侧由彩羽表达心意，暂时平息了争议。＠为了查清旭旧伤的真相，静香等人前往她的故乡汤国市。在那里亲眼见到知晓魔法少女的普通人所怀抱的恶意后，静香下定了某种决心。＠那由他则从重逢的父亲口中听见“公开魔法少女的存在会通向绝望”的假说。她准备前往汤国市深入了解时，却同时收到灯花消息：向世人传播魔法少女的方法已经完成。	direct-current-after-image	stable-key				runtime_changed_after_pass15	authority-verified
P18-00782	magica/js/libs/sectionList.json	/250/outline	102948	outline	Union与Promised Blood准备携手，却因过去的摩擦而在各自内部出现分歧。最终，Union一侧由结菜出面，Promised Blood一侧由彩羽表达心意，暂时平息了争议。＠为了查清旭旧伤的真相，静香等人前往她的故乡汤国市。在那里亲眼见到知晓魔法少女的普通人所怀抱的恶意后，静香下定了某种决心。＠那由他则从重逢的父亲口中听见“公开魔法少女的存在会通向绝望”的假说。她准备前往汤国市深入了解时，却同时收到灯花消息：向世人传播魔法少女的方法已经完成。	Union与PROMISED BLOOD准备携手，却因过去的摩擦而在各自内部出现分歧。最终，Union一侧由结菜出面，PROMISED BLOOD一侧由彩羽表达心意，暂时平息了争议。＠为了查清旭旧伤的真相，静香等人前往她的故乡汤国市。在那里亲眼见到知晓魔法少女的普通人所怀抱的恶意后，静香下定了某种决心。＠那由他则从重逢的父亲口中听见“公开魔法少女的存在会通向绝望”的假说。她准备前往汤国市深入了解时，却同时收到灯花消息：向世人传播魔法少女的方法已经完成。	wiki_exact_organization	wiki characters.json#/promised_blood	authority-component-normalization	authority-verified	1.00	wiki_exact_organization		Union与PROMISED BLOOD准备携手，却因过去的摩擦而在各自内部出现分歧。最终，Union一侧由结菜出面，PROMISED BLOOD一侧由彩羽表达心意，暂时平息了争议。＠为了查清旭旧伤的真相，静香等人前往她的故乡汤国市。在那里亲眼见到知晓魔法少女的普通人所怀抱的恶意后，静香下定了某种决心。＠那由他则从重逢的父亲口中听见“公开魔法少女的存在会通向绝望”的假说。她准备前往汤国市深入了解时，却同时收到灯花消息：向世人传播魔法少女的方法已经完成。	direct-current-after-image	stable-key				runtime_changed_after_pass15	authority-verified
P18-00783	magica/js/libs/sectionList.json	/251/outline	102949	outline	Union与Promised Blood准备携手，却因过去的摩擦而在各自内部出现分歧。最终，Union一侧由结菜出面，Promised Blood一侧由彩羽表达心意，暂时平息了争议。＠为了查清旭旧伤的真相，静香等人前往她的故乡汤国市。在那里亲眼见到知晓魔法少女的普通人所怀抱的恶意后，静香下定了某种决心。＠那由他则从重逢的父亲口中听见“公开魔法少女的存在会通向绝望”的假说。她准备前往汤国市深入了解时，却同时收到灯花消息：向世人传播魔法少女的方法已经完成。	Union与PROMISED BLOOD准备携手，却因过去的摩擦而在各自内部出现分歧。最终，Union一侧由结菜出面，PROMISED BLOOD一侧由彩羽表达心意，暂时平息了争议。＠为了查清旭旧伤的真相，静香等人前往她的故乡汤国市。在那里亲眼见到知晓魔法少女的普通人所怀抱的恶意后，静香下定了某种决心。＠那由他则从重逢的父亲口中听见“公开魔法少女的存在会通向绝望”的假说。她准备前往汤国市深入了解时，却同时收到灯花消息：向世人传播魔法少女的方法已经完成。	wiki_exact_organization	wiki characters.json#/promised_blood	authority-component-normalization	authority-verified	1.00	wiki_exact_organization		Union与PROMISED BLOOD准备携手，却因过去的摩擦而在各自内部出现分歧。最终，Union一侧由结菜出面，PROMISED BLOOD一侧由彩羽表达心意，暂时平息了争议。＠为了查清旭旧伤的真相，静香等人前往她的故乡汤国市。在那里亲眼见到知晓魔法少女的普通人所怀抱的恶意后，静香下定了某种决心。＠那由他则从重逢的父亲口中听见“公开魔法少女的存在会通向绝望”的假说。她准备前往汤国市深入了解时，却同时收到灯花消息：向世人传播魔法少女的方法已经完成。	direct-current-after-image	stable-key				runtime_changed_after_pass15	authority-verified
P18-00784	magica/js/libs/sectionList.json	/252/outline	102950	outline	在彩羽他们联手之前，暗地里已经有了动作。第一个是新玛吉斯。她们伪装蓝家姬奈之死，积蓄力量。莎夏害怕姬奈的计划会造成很多人的牺牲，让人在自己还是执行计划的天平上进行权衡。但是，姬奈选择了不停止。＠第二个是御魂和十七夜。在东西关系恶化的情况下，看到御影被西边的人欺负。至今为止忍耐了很多不讲理的两人，终于迎来了极限。＠第三个可能。花凛讲述了阿莉娜恢复记忆的故事，以及只留下隐藏记忆的意识的魔法少女濑奈命的故事。她渴望着毁灭。	在彩羽他们联手之前，暗地里已经有了动作。第一个是Neo-Magius。她们伪装蓝家姬奈之死，积蓄力量。莎夏害怕姬奈的计划会造成很多人的牺牲，让人在自己还是执行计划的天平上进行权衡。但是，姬奈选择了不停止。＠第二个是御魂和十七夜。在东西关系恶化的情况下，看到御影被西边的人欺负。至今为止忍耐了很多不讲理的两人，终于迎来了极限。＠第三个可能。花凛讲述了阿莉娜恢复记忆的故事，以及只留下隐藏记忆的意识的魔法少女濑奈命的故事。她渴望着毁灭。	wiki_exact_organization	wiki characters.json#/neo_magius	authority-component-normalization	authority-verified	1.00	wiki_exact_organization		在彩羽他们联手之前，暗地里已经有了动作。第一个是Neo-Magius。她们伪装蓝家姬奈之死，积蓄力量。莎夏害怕姬奈的计划会造成很多人的牺牲，让人在自己还是执行计划的天平上进行权衡。但是，姬奈选择了不停止。＠第二个是御魂和十七夜。在东西关系恶化的情况下，看到御影被西边的人欺负。至今为止忍耐了很多不讲理的两人，终于迎来了极限。＠第三个可能。花凛讲述了阿莉娜恢复记忆的故事，以及只留下隐藏记忆的意识的魔法少女濑奈命的故事。她渴望着毁灭。	direct-current-after-image	stable-key				runtime_pass18_outside_pass15	authority-verified
P18-00785	magica/js/libs/sectionList.json	/253/outline	102951	outline	在彩羽他们联手之前，暗地里已经有了动作。第一个是新玛吉斯。她们伪装蓝家姬奈之死，积蓄力量。莎夏害怕姬奈的计划会造成很多人的牺牲，让人在自己还是执行计划的天平上进行权衡。但是，姬奈选择了不停止。＠第二个是御魂和十七夜。在东西关系恶化的情况下，看到御影被西边的人欺负。至今为止忍耐了很多不讲理的两人，终于迎来了极限。＠第三个可能。花凛讲述了阿莉娜恢复记忆的故事，以及只留下隐藏记忆的意识的魔法少女濑奈命的故事。她渴望着毁灭。	在彩羽他们联手之前，暗地里已经有了动作。第一个是Neo-Magius。她们伪装蓝家姬奈之死，积蓄力量。莎夏害怕姬奈的计划会造成很多人的牺牲，让人在自己还是执行计划的天平上进行权衡。但是，姬奈选择了不停止。＠第二个是御魂和十七夜。在东西关系恶化的情况下，看到御影被西边的人欺负。至今为止忍耐了很多不讲理的两人，终于迎来了极限。＠第三个可能。花凛讲述了阿莉娜恢复记忆的故事，以及只留下隐藏记忆的意识的魔法少女濑奈命的故事。她渴望着毁灭。	wiki_exact_organization	wiki characters.json#/neo_magius	authority-component-normalization	authority-verified	1.00	wiki_exact_organization		在彩羽他们联手之前，暗地里已经有了动作。第一个是Neo-Magius。她们伪装蓝家姬奈之死，积蓄力量。莎夏害怕姬奈的计划会造成很多人的牺牲，让人在自己还是执行计划的天平上进行权衡。但是，姬奈选择了不停止。＠第二个是御魂和十七夜。在东西关系恶化的情况下，看到御影被西边的人欺负。至今为止忍耐了很多不讲理的两人，终于迎来了极限。＠第三个可能。花凛讲述了阿莉娜恢复记忆的故事，以及只留下隐藏记忆的意识的魔法少女濑奈命的故事。她渴望着毁灭。	direct-current-after-image	stable-key				runtime_pass18_outside_pass15	authority-verified
P18-00786	magica/js/libs/sectionList.json	/254/outline	102952	outline	在彩羽他们联手之前，暗地里已经有了动作。第一个是新玛吉斯。她们伪装蓝家姬奈之死，积蓄力量。莎夏害怕姬奈的计划会造成很多人的牺牲，让人在自己还是执行计划的天平上进行权衡。但是，姬奈选择了不停止。＠第二个是御魂和十七夜。在东西关系恶化的情况下，看到御影被西边的人欺负。至今为止忍耐了很多不讲理的两人，终于迎来了极限。＠第三个可能。花凛讲述了阿莉娜恢复记忆的故事，以及只留下隐藏记忆的意识的魔法少女濑奈命的故事。她渴望着毁灭。	在彩羽他们联手之前，暗地里已经有了动作。第一个是Neo-Magius。她们伪装蓝家姬奈之死，积蓄力量。莎夏害怕姬奈的计划会造成很多人的牺牲，让人在自己还是执行计划的天平上进行权衡。但是，姬奈选择了不停止。＠第二个是御魂和十七夜。在东西关系恶化的情况下，看到御影被西边的人欺负。至今为止忍耐了很多不讲理的两人，终于迎来了极限。＠第三个可能。花凛讲述了阿莉娜恢复记忆的故事，以及只留下隐藏记忆的意识的魔法少女濑奈命的故事。她渴望着毁灭。	wiki_exact_organization	wiki characters.json#/neo_magius	authority-component-normalization	authority-verified	1.00	wiki_exact_organization		在彩羽他们联手之前，暗地里已经有了动作。第一个是Neo-Magius。她们伪装蓝家姬奈之死，积蓄力量。莎夏害怕姬奈的计划会造成很多人的牺牲，让人在自己还是执行计划的天平上进行权衡。但是，姬奈选择了不停止。＠第二个是御魂和十七夜。在东西关系恶化的情况下，看到御影被西边的人欺负。至今为止忍耐了很多不讲理的两人，终于迎来了极限。＠第三个可能。花凛讲述了阿莉娜恢复记忆的故事，以及只留下隐藏记忆的意识的魔法少女濑奈命的故事。她渴望着毁灭。	direct-current-after-image	stable-key				runtime_pass18_outside_pass15	authority-verified
P18-00787	magica/js/libs/sectionList.json	/255/outline	102953	outline	在彩羽他们联手之前，暗地里已经有了动作。第一个是新玛吉斯。她们伪装蓝家姬奈之死，积蓄力量。莎夏害怕姬奈的计划会造成很多人的牺牲，让人在自己还是执行计划的天平上进行权衡。但是，姬奈选择了不停止。＠第二个是御魂和十七夜。在东西关系恶化的情况下，看到御影被西边的人欺负。至今为止忍耐了很多不讲理的两人，终于迎来了极限。＠第三个可能。花凛讲述了阿莉娜恢复记忆的故事，以及只留下隐藏记忆的意识的魔法少女濑奈命的故事。她渴望着毁灭。	在彩羽他们联手之前，暗地里已经有了动作。第一个是Neo-Magius。她们伪装蓝家姬奈之死，积蓄力量。莎夏害怕姬奈的计划会造成很多人的牺牲，让人在自己还是执行计划的天平上进行权衡。但是，姬奈选择了不停止。＠第二个是御魂和十七夜。在东西关系恶化的情况下，看到御影被西边的人欺负。至今为止忍耐了很多不讲理的两人，终于迎来了极限。＠第三个可能。花凛讲述了阿莉娜恢复记忆的故事，以及只留下隐藏记忆的意识的魔法少女濑奈命的故事。她渴望着毁灭。	wiki_exact_organization	wiki characters.json#/neo_magius	authority-component-normalization	authority-verified	1.00	wiki_exact_organization		在彩羽他们联手之前，暗地里已经有了动作。第一个是Neo-Magius。她们伪装蓝家姬奈之死，积蓄力量。莎夏害怕姬奈的计划会造成很多人的牺牲，让人在自己还是执行计划的天平上进行权衡。但是，姬奈选择了不停止。＠第二个是御魂和十七夜。在东西关系恶化的情况下，看到御影被西边的人欺负。至今为止忍耐了很多不讲理的两人，终于迎来了极限。＠第三个可能。花凛讲述了阿莉娜恢复记忆的故事，以及只留下隐藏记忆的意识的魔法少女濑奈命的故事。她渴望着毁灭。	direct-current-after-image	stable-key				runtime_pass18_outside_pass15	authority-verified
P18-00788	magica/js/libs/sectionList.json	/256/charaName	102954	charaName	环伊吕波	环彩羽	official_cn_character_name	official dump authority.json#/charaList.json/1001/name	authority-component-normalization	authority-verified	1.00	official_cn_character_name		环彩羽	direct-current-after-image	stable-key				runtime_pass18_outside_pass15	authority-verified
P18-00789	magica/js/libs/sectionList.json	/256/outline	102954	outline	在彩羽他们联手之前，暗地里已经有了动作。第一个是新玛吉斯。她们伪装蓝家姬奈之死，积蓄力量。莎夏害怕姬奈的计划会造成很多人的牺牲，让人在自己还是执行计划的天平上进行权衡。但是，姬奈选择了不停止。＠第二个是御魂和十七夜。在东西关系恶化的情况下，看到御影被西边的人欺负。至今为止忍耐了很多不讲理的两人，终于迎来了极限。＠第三个可能。花凛讲述了阿莉娜恢复记忆的故事，以及只留下隐藏记忆的意识的魔法少女濑奈命的故事。她渴望着毁灭。	在彩羽他们联手之前，暗地里已经有了动作。第一个是Neo-Magius。她们伪装蓝家姬奈之死，积蓄力量。莎夏害怕姬奈的计划会造成很多人的牺牲，让人在自己还是执行计划的天平上进行权衡。但是，姬奈选择了不停止。＠第二个是御魂和十七夜。在东西关系恶化的情况下，看到御影被西边的人欺负。至今为止忍耐了很多不讲理的两人，终于迎来了极限。＠第三个可能。花凛讲述了阿莉娜恢复记忆的故事，以及只留下隐藏记忆的意识的魔法少女濑奈命的故事。她渴望着毁灭。	wiki_exact_organization	wiki characters.json#/neo_magius	authority-component-normalization	authority-verified	1.00	wiki_exact_organization		在彩羽他们联手之前，暗地里已经有了动作。第一个是Neo-Magius。她们伪装蓝家姬奈之死，积蓄力量。莎夏害怕姬奈的计划会造成很多人的牺牲，让人在自己还是执行计划的天平上进行权衡。但是，姬奈选择了不停止。＠第二个是御魂和十七夜。在东西关系恶化的情况下，看到御影被西边的人欺负。至今为止忍耐了很多不讲理的两人，终于迎来了极限。＠第三个可能。花凛讲述了阿莉娜恢复记忆的故事，以及只留下隐藏记忆的意识的魔法少女濑奈命的故事。她渴望着毁灭。	direct-current-after-image	stable-key				runtime_pass18_outside_pass15	authority-verified
P18-00790	magica/js/libs/sectionList.json	/257/outline	102955	outline	在彩羽他们联手之前，暗地里已经有了动作。第一个是新玛吉斯。她们伪装蓝家姬奈之死，积蓄力量。莎夏害怕姬奈的计划会造成很多人的牺牲，让人在自己还是执行计划的天平上进行权衡。但是，姬奈选择了不停止。＠第二个是御魂和十七夜。在东西关系恶化的情况下，看到御影被西边的人欺负。至今为止忍耐了很多不讲理的两人，终于迎来了极限。＠第三个可能。花凛讲述了阿莉娜恢复记忆的故事，以及只留下隐藏记忆的意识的魔法少女濑奈命的故事。她渴望着毁灭。	在彩羽他们联手之前，暗地里已经有了动作。第一个是Neo-Magius。她们伪装蓝家姬奈之死，积蓄力量。莎夏害怕姬奈的计划会造成很多人的牺牲，让人在自己还是执行计划的天平上进行权衡。但是，姬奈选择了不停止。＠第二个是御魂和十七夜。在东西关系恶化的情况下，看到御影被西边的人欺负。至今为止忍耐了很多不讲理的两人，终于迎来了极限。＠第三个可能。花凛讲述了阿莉娜恢复记忆的故事，以及只留下隐藏记忆的意识的魔法少女濑奈命的故事。她渴望着毁灭。	wiki_exact_organization	wiki characters.json#/neo_magius	authority-component-normalization	authority-verified	1.00	wiki_exact_organization		在彩羽他们联手之前，暗地里已经有了动作。第一个是Neo-Magius。她们伪装蓝家姬奈之死，积蓄力量。莎夏害怕姬奈的计划会造成很多人的牺牲，让人在自己还是执行计划的天平上进行权衡。但是，姬奈选择了不停止。＠第二个是御魂和十七夜。在东西关系恶化的情况下，看到御影被西边的人欺负。至今为止忍耐了很多不讲理的两人，终于迎来了极限。＠第三个可能。花凛讲述了阿莉娜恢复记忆的故事，以及只留下隐藏记忆的意识的魔法少女濑奈命的故事。她渴望着毁灭。	direct-current-after-image	stable-key				runtime_pass18_outside_pass15	authority-verified
P18-00791	magica/js/libs/sectionList.json	/258/charaName	102956	charaName	环伊吕波	环彩羽	official_cn_character_name	official dump authority.json#/charaList.json/1001/name	authority-component-normalization	authority-verified	1.00	official_cn_character_name		环彩羽	direct-current-after-image	stable-key				runtime_pass18_outside_pass15	authority-verified
P18-00792	magica/js/libs/sectionList.json	/258/outline	102956	outline	在彩羽他们联手之前，暗地里已经有了动作。第一个是新玛吉斯。她们伪装蓝家姬奈之死，积蓄力量。莎夏害怕姬奈的计划会造成很多人的牺牲，让人在自己还是执行计划的天平上进行权衡。但是，姬奈选择了不停止。＠第二个是御魂和十七夜。在东西关系恶化的情况下，看到御影被西边的人欺负。至今为止忍耐了很多不讲理的两人，终于迎来了极限。＠第三个可能。花凛讲述了阿莉娜恢复记忆的故事，以及只留下隐藏记忆的意识的魔法少女濑奈命的故事。她渴望着毁灭。	在彩羽他们联手之前，暗地里已经有了动作。第一个是Neo-Magius。她们伪装蓝家姬奈之死，积蓄力量。莎夏害怕姬奈的计划会造成很多人的牺牲，让人在自己还是执行计划的天平上进行权衡。但是，姬奈选择了不停止。＠第二个是御魂和十七夜。在东西关系恶化的情况下，看到御影被西边的人欺负。至今为止忍耐了很多不讲理的两人，终于迎来了极限。＠第三个可能。花凛讲述了阿莉娜恢复记忆的故事，以及只留下隐藏记忆的意识的魔法少女濑奈命的故事。她渴望着毁灭。	wiki_exact_organization	wiki characters.json#/neo_magius	authority-component-normalization	authority-verified	1.00	wiki_exact_organization		在彩羽他们联手之前，暗地里已经有了动作。第一个是Neo-Magius。她们伪装蓝家姬奈之死，积蓄力量。莎夏害怕姬奈的计划会造成很多人的牺牲，让人在自己还是执行计划的天平上进行权衡。但是，姬奈选择了不停止。＠第二个是御魂和十七夜。在东西关系恶化的情况下，看到御影被西边的人欺负。至今为止忍耐了很多不讲理的两人，终于迎来了极限。＠第三个可能。花凛讲述了阿莉娜恢复记忆的故事，以及只留下隐藏记忆的意识的魔法少女濑奈命的故事。她渴望着毁灭。	direct-current-after-image	stable-key				runtime_pass18_outside_pass15	authority-verified
P18-00793	magica/js/libs/sectionList.json	/259/outline	102957	outline	在彩羽他们联手之前，暗地里已经有了动作。第一个是新玛吉斯。她们伪装蓝家姬奈之死，积蓄力量。莎夏害怕姬奈的计划会造成很多人的牺牲，让人在自己还是执行计划的天平上进行权衡。但是，姬奈选择了不停止。＠第二个是御魂和十七夜。在东西关系恶化的情况下，看到御影被西边的人欺负。至今为止忍耐了很多不讲理的两人，终于迎来了极限。＠第三个可能。花凛讲述了阿莉娜恢复记忆的故事，以及只留下隐藏记忆的意识的魔法少女濑奈命的故事。她渴望着毁灭。	在彩羽他们联手之前，暗地里已经有了动作。第一个是Neo-Magius。她们伪装蓝家姬奈之死，积蓄力量。莎夏害怕姬奈的计划会造成很多人的牺牲，让人在自己还是执行计划的天平上进行权衡。但是，姬奈选择了不停止。＠第二个是御魂和十七夜。在东西关系恶化的情况下，看到御影被西边的人欺负。至今为止忍耐了很多不讲理的两人，终于迎来了极限。＠第三个可能。花凛讲述了阿莉娜恢复记忆的故事，以及只留下隐藏记忆的意识的魔法少女濑奈命的故事。她渴望着毁灭。	wiki_exact_organization	wiki characters.json#/neo_magius	authority-component-normalization	authority-verified	1.00	wiki_exact_organization		在彩羽他们联手之前，暗地里已经有了动作。第一个是Neo-Magius。她们伪装蓝家姬奈之死，积蓄力量。莎夏害怕姬奈的计划会造成很多人的牺牲，让人在自己还是执行计划的天平上进行权衡。但是，姬奈选择了不停止。＠第二个是御魂和十七夜。在东西关系恶化的情况下，看到御影被西边的人欺负。至今为止忍耐了很多不讲理的两人，终于迎来了极限。＠第三个可能。花凛讲述了阿莉娜恢复记忆的故事，以及只留下隐藏记忆的意识的魔法少女濑奈命的故事。她渴望着毁灭。	direct-current-after-image	stable-key				runtime_pass18_outside_pass15	authority-verified
P18-00794	magica/js/libs/sectionList.json	/260/outline	102958	outline	在彩羽他们联手之前，暗地里已经有了动作。第一个是新玛吉斯。她们伪装蓝家姬奈之死，积蓄力量。莎夏害怕姬奈的计划会造成很多人的牺牲，让人在自己还是执行计划的天平上进行权衡。但是，姬奈选择了不停止。＠第二个是御魂和十七夜。在东西关系恶化的情况下，看到御影被西边的人欺负。至今为止忍耐了很多不讲理的两人，终于迎来了极限。＠第三个可能。花凛讲述了阿莉娜恢复记忆的故事，以及只留下隐藏记忆的意识的魔法少女濑奈命的故事。她渴望着毁灭。	在彩羽他们联手之前，暗地里已经有了动作。第一个是Neo-Magius。她们伪装蓝家姬奈之死，积蓄力量。莎夏害怕姬奈的计划会造成很多人的牺牲，让人在自己还是执行计划的天平上进行权衡。但是，姬奈选择了不停止。＠第二个是御魂和十七夜。在东西关系恶化的情况下，看到御影被西边的人欺负。至今为止忍耐了很多不讲理的两人，终于迎来了极限。＠第三个可能。花凛讲述了阿莉娜恢复记忆的故事，以及只留下隐藏记忆的意识的魔法少女濑奈命的故事。她渴望着毁灭。	wiki_exact_organization	wiki characters.json#/neo_magius	authority-component-normalization	authority-verified	1.00	wiki_exact_organization		在彩羽他们联手之前，暗地里已经有了动作。第一个是Neo-Magius。她们伪装蓝家姬奈之死，积蓄力量。莎夏害怕姬奈的计划会造成很多人的牺牲，让人在自己还是执行计划的天平上进行权衡。但是，姬奈选择了不停止。＠第二个是御魂和十七夜。在东西关系恶化的情况下，看到御影被西边的人欺负。至今为止忍耐了很多不讲理的两人，终于迎来了极限。＠第三个可能。花凛讲述了阿莉娜恢复记忆的故事，以及只留下隐藏记忆的意识的魔法少女濑奈命的故事。她渴望着毁灭。	direct-current-after-image	stable-key				runtime_pass18_outside_pass15	authority-verified
P18-00795	magica/js/libs/sectionList.json	/261/charaName	102959	charaName	环伊吕波	环彩羽	official_cn_character_name	official dump authority.json#/charaList.json/1001/name	authority-component-normalization	authority-verified	1.00	official_cn_character_name		环彩羽	direct-current-after-image	stable-key				runtime_pass18_outside_pass15	authority-verified
P18-00796	magica/js/libs/sectionList.json	/261/outline	102959	outline	在彩羽他们联手之前，暗地里已经有了动作。第一个是新玛吉斯。她们伪装蓝家姬奈之死，积蓄力量。莎夏害怕姬奈的计划会造成很多人的牺牲，让人在自己还是执行计划的天平上进行权衡。但是，姬奈选择了不停止。＠第二个是御魂和十七夜。在东西关系恶化的情况下，看到御影被西边的人欺负。至今为止忍耐了很多不讲理的两人，终于迎来了极限。＠第三个可能。花凛讲述了阿莉娜恢复记忆的故事，以及只留下隐藏记忆的意识的魔法少女濑奈命的故事。她渴望着毁灭。	在彩羽他们联手之前，暗地里已经有了动作。第一个是Neo-Magius。她们伪装蓝家姬奈之死，积蓄力量。莎夏害怕姬奈的计划会造成很多人的牺牲，让人在自己还是执行计划的天平上进行权衡。但是，姬奈选择了不停止。＠第二个是御魂和十七夜。在东西关系恶化的情况下，看到御影被西边的人欺负。至今为止忍耐了很多不讲理的两人，终于迎来了极限。＠第三个可能。花凛讲述了阿莉娜恢复记忆的故事，以及只留下隐藏记忆的意识的魔法少女濑奈命的故事。她渴望着毁灭。	wiki_exact_organization	wiki characters.json#/neo_magius	authority-component-normalization	authority-verified	1.00	wiki_exact_organization		在彩羽他们联手之前，暗地里已经有了动作。第一个是Neo-Magius。她们伪装蓝家姬奈之死，积蓄力量。莎夏害怕姬奈的计划会造成很多人的牺牲，让人在自己还是执行计划的天平上进行权衡。但是，姬奈选择了不停止。＠第二个是御魂和十七夜。在东西关系恶化的情况下，看到御影被西边的人欺负。至今为止忍耐了很多不讲理的两人，终于迎来了极限。＠第三个可能。花凛讲述了阿莉娜恢复记忆的故事，以及只留下隐藏记忆的意识的魔法少女濑奈命的故事。她渴望着毁灭。	direct-current-after-image	stable-key				runtime_pass18_outside_pass15	authority-verified
P18-00797	magica/js/libs/sectionList.json	/262/outline	102960	outline	在彩羽他们联手之前，暗地里已经有了动作。第一个是新玛吉斯。她们伪装蓝家姬奈之死，积蓄力量。莎夏害怕姬奈的计划会造成很多人的牺牲，让人在自己还是执行计划的天平上进行权衡。但是，姬奈选择了不停止。＠第二个是御魂和十七夜。在东西关系恶化的情况下，看到御影被西边的人欺负。至今为止忍耐了很多不讲理的两人，终于迎来了极限。＠第三个可能。花凛讲述了阿莉娜恢复记忆的故事，以及只留下隐藏记忆的意识的魔法少女濑奈命的故事。她渴望着毁灭。	在彩羽他们联手之前，暗地里已经有了动作。第一个是Neo-Magius。她们伪装蓝家姬奈之死，积蓄力量。莎夏害怕姬奈的计划会造成很多人的牺牲，让人在自己还是执行计划的天平上进行权衡。但是，姬奈选择了不停止。＠第二个是御魂和十七夜。在东西关系恶化的情况下，看到御影被西边的人欺负。至今为止忍耐了很多不讲理的两人，终于迎来了极限。＠第三个可能。花凛讲述了阿莉娜恢复记忆的故事，以及只留下隐藏记忆的意识的魔法少女濑奈命的故事。她渴望着毁灭。	wiki_exact_organization	wiki characters.json#/neo_magius	authority-component-normalization	authority-verified	1.00	wiki_exact_organization		在彩羽他们联手之前，暗地里已经有了动作。第一个是Neo-Magius。她们伪装蓝家姬奈之死，积蓄力量。莎夏害怕姬奈的计划会造成很多人的牺牲，让人在自己还是执行计划的天平上进行权衡。但是，姬奈选择了不停止。＠第二个是御魂和十七夜。在东西关系恶化的情况下，看到御影被西边的人欺负。至今为止忍耐了很多不讲理的两人，终于迎来了极限。＠第三个可能。花凛讲述了阿莉娜恢复记忆的故事，以及只留下隐藏记忆的意识的魔法少女濑奈命的故事。她渴望着毁灭。	direct-current-after-image	stable-key				runtime_pass18_outside_pass15	authority-verified
P18-00798	magica/js/libs/sectionList.json	/263/charaName	103001	charaName	环伊吕波	环彩羽	official_cn_character_name	official dump authority.json#/charaList.json/1001/name	authority-component-normalization	authority-verified	1.00	official_cn_character_name		环彩羽	direct-current-after-image	stable-key				runtime_pass18_outside_pass15	authority-verified
P18-00799	magica/js/libs/sectionList.json	/264/outline	103002	outline	彩羽等人商讨应对Neo-Magius与自动净化系统消失的方法，却因无法判断敌方下一步行动，只能决定各自提前准备。＠姬奈等人为达成目的，开始策划夺取电波望远镜。为准备行动，向她们提供Promised Blood情报的人发来联络，姬奈郑重迎接来者——提供情报的正是月咲。月咲为了自己所描绘的、与月夜共同生活的未来，选择与Neo-Magius合作。＠各方思念交错时，千春寄给静香一本绘本；静香却不假思索地予以否定，千春的心意未能传达。	彩羽等人商讨应对Neo-Magius与自动净化系统消失的方法，却因无法判断敌方下一步行动，只能决定各自提前准备。＠姬奈等人为达成目的，开始策划夺取电波望远镜。为准备行动，向她们提供PROMISED BLOOD情报的人发来联络，姬奈郑重迎接来者——提供情报的正是月咲。月咲为了自己所描绘的、与月夜共同生活的未来，选择与Neo-Magius合作。＠各方思念交错时，千春寄给静香一本绘本；静香却不假思索地予以否定，千春的心意未能传达。	wiki_exact_organization	wiki characters.json#/promised_blood	authority-component-normalization	authority-verified	1.00	wiki_exact_organization		彩羽等人商讨应对Neo-Magius与自动净化系统消失的方法，却因无法判断敌方下一步行动，只能决定各自提前准备。＠姬奈等人为达成目的，开始策划夺取电波望远镜。为准备行动，向她们提供PROMISED BLOOD情报的人发来联络，姬奈郑重迎接来者——提供情报的正是月咲。月咲为了自己所描绘的、与月夜共同生活的未来，选择与Neo-Magius合作。＠各方思念交错时，千春寄给静香一本绘本；静香却不假思索地予以否定，千春的心意未能传达。	direct-current-after-image	stable-key				runtime_changed_after_pass15	authority-verified
P18-00800	magica/js/libs/sectionList.json	/270/message	103103	message	这样……多少能让＠Neo Magius的行动……	这样……多少能让＠Neo-Magius的行动……	wiki_exact_organization	wiki characters.json#/neo_magius	authority-component-normalization	authority-verified	1.00	wiki_exact_organization		这样……多少能让＠Neo-Magius的行动……	direct-current-after-image	stable-key				runtime_changed_after_pass15	authority-verified
P18-00801	magica/js/libs/sectionList.json	/273/charaName	103201	charaName	环伊吕波	环彩羽	official_cn_character_name	official dump authority.json#/charaList.json/1001/name	authority-component-normalization	authority-verified	1.00	official_cn_character_name		环彩羽	direct-current-after-image	stable-key				runtime_pass18_outside_pass15	authority-verified
P18-00802	magica/js/libs/sectionList.json	/283/charaName	103306	charaName	∞伊吕波	∞彩羽	official_cn_character_name	official dump authority.json#/charaList.json/1001/name	authority-component-normalization	authority-verified	1.00	official_cn_character_name		∞彩羽	direct-current-after-image	stable-key				runtime_pass18_outside_pass15	authority-verified
P18-00803	magica/js/libs/sectionList.json	/285/outline	103402	outline	“自动净化系统没有正常运作……？”＠察觉异样的笼目前往万年樱之传闻，遇见八千代。随后，音梦从樱子交给她们的书中以传闻姿态现身，说明异常真相。＠系统不稳定，是因为彩羽前去收集过去魔法少女的记录，结果“自己的概念发生崩坏，正在逐渐消失”。＠笼目与八千代得知后把消息传向各方。曾与彩羽有过联系的各集团魔法少女聚集，带着用于收集“彩羽概念”的“灵魂容器”，穿过连接各时代的“镜子”展开回收。	“自动净化系统没有正常运作……？”＠察觉异样的笼目前往万年樱的传闻，遇见八千代。随后，音梦从樱子交给她们的书中以传闻姿态现身，说明异常真相。＠系统不稳定，是因为彩羽前去收集过去魔法少女的记录，结果“自己的概念发生崩坏，正在逐渐消失”。＠笼目与八千代得知后把消息传向各方。曾与彩羽有过联系的各集团魔法少女聚集，带着用于收集“彩羽概念”的“灵魂容器”，穿过连接各时代的“镜子”展开回收。	official_cn_character_name	official dump authority.json#/charaList.json/3043/name	authority-component-normalization	authority-verified	1.00	official_cn_character_name		“自动净化系统没有正常运作……？”＠察觉异样的笼目前往万年樱的传闻，遇见八千代。随后，音梦从樱子交给她们的书中以传闻姿态现身，说明异常真相。＠系统不稳定，是因为彩羽前去收集过去魔法少女的记录，结果“自己的概念发生崩坏，正在逐渐消失”。＠笼目与八千代得知后把消息传向各方。曾与彩羽有过联系的各集团魔法少女聚集，带着用于收集“彩羽概念”的“灵魂容器”，穿过连接各时代的“镜子”展开回收。	direct-current-after-image	stable-key				runtime_changed_after_pass15	authority-verified
P18-00804	magica/js/libs/sectionList.json	/286/outline	103403	outline	八千代与菲莉希亚留在现代，为倒下的彩羽供给魔力；从小阿尔处听见消息的魔法少女也陆续聚集到万年樱之传闻。＠众人想利用“摧毁镜子即可重置对过去的篡改”这一机制，却担心会影响彩羽灵魂，始终无法实行。＠八千代准备提出自己的方案，但维持彩羽所需魔力过于庞大，她反而先倒下。众人因情况恶化而动摇时，Puella Care赶到，决定协助维持彩羽的存在。	八千代与菲莉希亚留在现代，为倒下的彩羽供给魔力；从小阿尔处听见消息的魔法少女也陆续聚集到万年樱的传闻。＠众人想利用“摧毁镜子即可重置对过去的篡改”这一机制，却担心会影响彩羽灵魂，始终无法实行。＠八千代准备提出自己的方案，但维持彩羽所需魔力过于庞大，她反而先倒下。众人因情况恶化而动摇时，Puella Care赶到，决定协助维持彩羽的存在。	official_cn_character_name	official dump authority.json#/charaList.json/3043/name	authority-component-normalization	authority-verified	1.00	official_cn_character_name		八千代与菲莉希亚留在现代，为倒下的彩羽供给魔力；从小阿尔处听见消息的魔法少女也陆续聚集到万年樱的传闻。＠众人想利用“摧毁镜子即可重置对过去的篡改”这一机制，却担心会影响彩羽灵魂，始终无法实行。＠八千代准备提出自己的方案，但维持彩羽所需魔力过于庞大，她反而先倒下。众人因情况恶化而动摇时，Puella Care赶到，决定协助维持彩羽的存在。	direct-current-after-image	stable-key				runtime_changed_after_pass15	authority-verified
P18-00805	magica/js/libs/sectionList.json	/288/outline	103405	outline	众人为获得悲叹之种出发寻找魔女，笼目却觉得自己没有能够拼上性命发挥作用的地方，独自叹息。＠樱子带回“濑奈御琴”的书后，笼目运用自己“收集信息的力量”，调查御琴是否背叛彩羽。＠她却触怒记录中的御琴，被困进书中。＠在那里，笼目得知御琴非但没有背叛，反而一直协助彩羽；同时还发现，一只未被察觉的魔女正潜伏在万年樱之传闻中。	众人为获得悲叹之种出发寻找魔女，笼目却觉得自己没有能够拼上性命发挥作用的地方，独自叹息。＠樱子带回“濑奈御琴”的书后，笼目运用自己“收集信息的力量”，调查御琴是否背叛彩羽。＠她却触怒记录中的御琴，被困进书中。＠在那里，笼目得知御琴非但没有背叛，反而一直协助彩羽；同时还发现，一只未被察觉的魔女正潜伏在万年樱的传闻中。	official_cn_character_name	official dump authority.json#/charaList.json/3043/name	authority-component-normalization	authority-verified	1.00	official_cn_character_name		众人为获得悲叹之种出发寻找魔女，笼目却觉得自己没有能够拼上性命发挥作用的地方，独自叹息。＠樱子带回“濑奈御琴”的书后，笼目运用自己“收集信息的力量”，调查御琴是否背叛彩羽。＠她却触怒记录中的御琴，被困进书中。＠在那里，笼目得知御琴非但没有背叛，反而一直协助彩羽；同时还发现，一只未被察觉的魔女正潜伏在万年樱的传闻中。	direct-current-after-image	stable-key				runtime_changed_after_pass15	authority-verified
P18-00806	magica/js/libs/sectionList.json	/289/outline	103406	outline	八千代等人为寻找彩羽概念，来到曾与镜之魔女战斗的大东区湖泊，但灵魂容器没有反应，八千代只是一味后悔，认为当时若由自己牺牲便好了。＠回到万年樱之传闻后，笼目告知有魔女入侵，众人立即前往讨伐。＠对方实际是使魔，打倒后灵魂容器却回收到彩羽概念。由此判明，使魔正在夺取彩羽概念；而用于调整的魔力团块又使八千代等人难以察觉它们。	八千代等人为寻找彩羽概念，来到曾与镜之魔女战斗的大东区湖泊，但灵魂容器没有反应，八千代只是一味后悔，认为当时若由自己牺牲便好了。＠回到万年樱的传闻后，笼目告知有魔女入侵，众人立即前往讨伐。＠对方实际是使魔，打倒后灵魂容器却回收到彩羽概念。由此判明，使魔正在夺取彩羽概念；而用于调整的魔力团块又使八千代等人难以察觉它们。	official_cn_character_name	official dump authority.json#/charaList.json/3043/name	authority-component-normalization	authority-verified	1.00	official_cn_character_name		八千代等人为寻找彩羽概念，来到曾与镜之魔女战斗的大东区湖泊，但灵魂容器没有反应，八千代只是一味后悔，认为当时若由自己牺牲便好了。＠回到万年樱的传闻后，笼目告知有魔女入侵，众人立即前往讨伐。＠对方实际是使魔，打倒后灵魂容器却回收到彩羽概念。由此判明，使魔正在夺取彩羽概念；而用于调整的魔力团块又使八千代等人难以察觉它们。	direct-current-after-image	stable-key				runtime_changed_after_pass15	authority-verified
P18-00807	magica/js/libs/sectionList.json	/369/outline	207101	outline	结束导致神滨陷入大灾害的魔女之战、玛吉斯之翼也消失后，神滨魔法少女成立了互助组织“神滨Magia Union”。＠大量魔法少女加入其中，但也有一部分人因各自理由暂不参加，与组织保持一定距离。＠来自神滨市外的魔法少女突然露出獠牙，让这些旁观者也不得不作出选择。	结束导致神滨陷入大灾害的魔女之战、玛吉斯之翼也消失后，神滨魔法少女成立了互助组织“神滨魔法联盟”。＠大量魔法少女加入其中，但也有一部分人因各自理由暂不参加，与组织保持一定距离。＠来自神滨市外的魔法少女突然露出獠牙，让这些旁观者也不得不作出选择。	wiki_exact_organization	wiki characters.json#/神滨魔法联盟	authority-component-normalization	authority-verified	1.00	wiki_exact_organization		结束导致神滨陷入大灾害的魔女之战、玛吉斯之翼也消失后，神滨魔法少女成立了互助组织“神滨魔法联盟”。＠大量魔法少女加入其中，但也有一部分人因各自理由暂不参加，与组织保持一定距离。＠来自神滨市外的魔法少女突然露出獠牙，让这些旁观者也不得不作出选择。	direct-current-after-image	stable-key				runtime_changed_after_pass15	authority-verified
P18-00808	magica/js/libs/sectionList.json	/370/charaName	207102	charaName	常盘七夏	常盘七香	official_cn_character_name	official dump authority.json#/charaList.json/3014/name	authority-component-normalization	authority-verified	1.00	official_cn_character_name		常盘七香	direct-current-after-image	stable-key				runtime_pass18_outside_pass15	authority-verified
P18-00809	magica/js/libs/sectionList.json	/370/outline	207102	outline	木叶、叶月与菖蒲突然遭陌生魔法少女袭击。她们击败精准瞄准灵魂宝石的袭击者后，对方留下“绝对不会原谅神滨的魔法少女”便离去。叶月产生不祥预感，为收集情报而接触同样没有加入神滨Magia Union的七七香。＠与此同时，菖蒲、花子以及其他未加入Union的魔法少女，也正各自面对心中的烦恼。	木叶、叶月与菖蒲突然遭陌生魔法少女袭击。她们击败精准瞄准灵魂宝石的袭击者后，对方留下“绝对不会原谅神滨的魔法少女”便离去。叶月产生不祥预感，为收集情报而接触同样没有加入神滨魔法联盟的七七香。＠与此同时，菖蒲、花子以及其他未加入Union的魔法少女，也正各自面对心中的烦恼。	wiki_exact_organization	wiki characters.json#/神滨魔法联盟	authority-component-normalization	authority-verified	1.00	wiki_exact_organization		木叶、叶月与菖蒲突然遭陌生魔法少女袭击。她们击败精准瞄准灵魂宝石的袭击者后，对方留下“绝对不会原谅神滨的魔法少女”便离去。叶月产生不祥预感，为收集情报而接触同样没有加入神滨魔法联盟的七七香。＠与此同时，菖蒲、花子以及其他未加入Union的魔法少女，也正各自面对心中的烦恼。	direct-current-after-image	stable-key				runtime_changed_after_pass15	authority-verified
P18-00810	magica/js/libs/sectionList.json	/371/outline	207103	outline	没有加入神滨Magia Union的魔法少女们也意识到，平静已经被打破。既然不能再像和平时期那样应对，她们便通过与伙伴交谈，亲自决定自己应当做什么、想要做什么。另一方面，一直坚持“不以团队形式加入Union”的七七香，也因这场事态决定改变自己的处事方式……	没有加入神滨魔法联盟的魔法少女们也意识到，平静已经被打破。既然不能再像和平时期那样应对，她们便通过与伙伴交谈，亲自决定自己应当做什么、想要做什么。另一方面，一直坚持“不以团队形式加入Union”的七七香，也因这场事态决定改变自己的处事方式……	wiki_exact_organization	wiki characters.json#/神滨魔法联盟	authority-component-normalization	authority-verified	1.00	wiki_exact_organization		没有加入神滨魔法联盟的魔法少女们也意识到，平静已经被打破。既然不能再像和平时期那样应对，她们便通过与伙伴交谈，亲自决定自己应当做什么、想要做什么。另一方面，一直坚持“不以团队形式加入Union”的七七香，也因这场事态决定改变自己的处事方式……	direct-current-after-image	stable-key				runtime_changed_after_pass15	authority-verified
P18-00811	magica/js/libs/sectionList.json	/372/outline	207201	outline	原本没有加入神滨Magia Union的魔法少女们，各自作出不同选择。＠菖蒲与木叶、叶月商量后认为，即使不正式加入，也想在Union遇到困难时伸出援手；明则主动承担起团队与Union之间的桥梁；美雨希望从内部观察Union，抢先掌握情报。唯独花子还无法立刻给出答案，只能告诉自己，必须认真找到真正能够做到的事。	原本没有加入神滨魔法联盟的魔法少女们，各自作出不同选择。＠菖蒲与木叶、叶月商量后认为，即使不正式加入，也想在Union遇到困难时伸出援手；明则主动承担起团队与Union之间的桥梁；美雨希望从内部观察Union，抢先掌握情报。唯独花子还无法立刻给出答案，只能告诉自己，必须认真找到真正能够做到的事。	wiki_exact_organization	wiki characters.json#/神滨魔法联盟	authority-component-normalization	authority-verified	1.00	wiki_exact_organization		原本没有加入神滨魔法联盟的魔法少女们，各自作出不同选择。＠菖蒲与木叶、叶月商量后认为，即使不正式加入，也想在Union遇到困难时伸出援手；明则主动承担起团队与Union之间的桥梁；美雨希望从内部观察Union，抢先掌握情报。唯独花子还无法立刻给出答案，只能告诉自己，必须认真找到真正能够做到的事。	direct-current-after-image	stable-key				runtime_changed_after_pass15	authority-verified
P18-00812	magica/js/libs/sectionList.json	/373/outline	207202	outline	Neo-Magius事实上瓦解后，时雨与育梦加入了神滨Magia Union，却始终无法决定应当以怎样的方式立足。＠这时，两人听见“东区魔法少女正在与Promised Blood联手”的传言。如果属实，东区与西区是否会再次对立？怀着不安，时雨与育梦决定前去拜访十七夜。	Neo-Magius事实上瓦解后，时雨与育梦加入了神滨魔法联盟，却始终无法决定应当以怎样的方式立足。＠这时，两人听见“东区魔法少女正在与PROMISED BLOOD联手”的传言。如果属实，东区与西区是否会再次对立？怀着不安，时雨与育梦决定前去拜访十七夜。	wiki_exact_organization	wiki characters.json#/神滨魔法联盟; wiki characters.json#/promised_blood	authority-component-normalization	authority-verified	1.00	wiki_exact_organization		Neo-Magius事实上瓦解后，时雨与育梦加入了神滨魔法联盟，却始终无法决定应当以怎样的方式立足。＠这时，两人听见“东区魔法少女正在与PROMISED BLOOD联手”的传言。如果属实，东区与西区是否会再次对立？怀着不安，时雨与育梦决定前去拜访十七夜。	direct-current-after-image	stable-key				runtime_changed_after_pass15	authority-verified
P18-00813	magica/js/libs/sectionList.json	/374/outline	207203	outline	在十七夜引导下，时雨与育梦来到东区魔法少女身边。尽管两人过去不告而别、投奔玛吉斯之翼，东区众人仍温暖地欢迎她们回来。＠十七夜希望两人“作为神滨Magia Union成员，与大家好好相处”，但时雨与育梦因自责以及仍未舍弃的“魔法少女至上主义”而无法接受。看见她们的状态，十七夜召集了所有东区魔法少女。	在十七夜引导下，时雨与育梦来到东区魔法少女身边。尽管两人过去不告而别、投奔玛吉斯之翼，东区众人仍温暖地欢迎她们回来。＠十七夜希望两人“作为神滨魔法联盟成员，与大家好好相处”，但时雨与育梦因自责以及仍未舍弃的“魔法少女至上主义”而无法接受。看见她们的状态，十七夜召集了所有东区魔法少女。	wiki_exact_organization	wiki characters.json#/神滨魔法联盟	authority-component-normalization	authority-verified	1.00	wiki_exact_organization		在十七夜引导下，时雨与育梦来到东区魔法少女身边。尽管两人过去不告而别、投奔玛吉斯之翼，东区众人仍温暖地欢迎她们回来。＠十七夜希望两人“作为神滨魔法联盟成员，与大家好好相处”，但时雨与育梦因自责以及仍未舍弃的“魔法少女至上主义”而无法接受。看见她们的状态，十七夜召集了所有东区魔法少女。	direct-current-after-image	stable-key				runtime_changed_after_pass15	authority-verified
P18-00814	magica/js/libs/sectionList.json	/375/outline	207301	outline	时雨与育梦仍无法放下对“魔法少女至上主义”的执着。她们受邀参加东区魔法少女举办的“欢迎回来会”，却感到十分不自在。可面对众人毫无保留的温柔接纳，两人的心逐渐软化。最终，她们决定一边留在神滨Magia Union，一边寻找赞同自己理念的魔法少女，尝试重建Neo-Magius。	时雨与育梦仍无法放下对“魔法少女至上主义”的执着。她们受邀参加东区魔法少女举办的“欢迎回来会”，却感到十分不自在。可面对众人毫无保留的温柔接纳，两人的心逐渐软化。最终，她们决定一边留在神滨魔法联盟，一边寻找赞同自己理念的魔法少女，尝试重建Neo-Magius。	wiki_exact_organization	wiki characters.json#/神滨魔法联盟	authority-component-normalization	authority-verified	1.00	wiki_exact_organization		时雨与育梦仍无法放下对“魔法少女至上主义”的执着。她们受邀参加东区魔法少女举办的“欢迎回来会”，却感到十分不自在。可面对众人毫无保留的温柔接纳，两人的心逐渐软化。最终，她们决定一边留在神滨魔法联盟，一边寻找赞同自己理念的魔法少女，尝试重建Neo-Magius。	direct-current-after-image	stable-key				runtime_changed_after_pass15	authority-verified
P18-00815	magica/js/libs/sectionList.json	/376/outline	207302	outline	Promised Blood曾策划杀死环彩羽。＠计划失败后，咲夜遭到追责。她解释，自己“不希望结菜变成能够轻易杀死已经了解其为人的对象”，却因此激怒树里。数日后，三姐妹向咲夜等成员下达新命令：调查侵入二木的神滨魔法少女目的，并将其处置。＠结菜从树里那里听取报告后，派光负责监视咲夜。	PROMISED BLOOD曾策划杀死环彩羽。＠计划失败后，咲夜遭到追责。她解释，自己“不希望结菜变成能够轻易杀死已经了解其为人的对象”，却因此激怒树里。数日后，三姐妹向咲夜等成员下达新命令：调查侵入二木的神滨魔法少女目的，并将其处置。＠结菜从树里那里听取报告后，派光负责监视咲夜。	wiki_exact_organization	wiki characters.json#/promised_blood	authority-component-normalization	authority-verified	1.00	wiki_exact_organization		PROMISED BLOOD曾策划杀死环彩羽。＠计划失败后，咲夜遭到追责。她解释，自己“不希望结菜变成能够轻易杀死已经了解其为人的对象”，却因此激怒树里。数日后，三姐妹向咲夜等成员下达新命令：调查侵入二木的神滨魔法少女目的，并将其处置。＠结菜从树里那里听取报告后，派光负责监视咲夜。	direct-current-after-image	stable-key				runtime_changed_after_pass15	authority-verified
P18-00816	magica/js/libs/sectionList.json	/377/outline	207303	outline	咲夜追踪潜入二木的沙优希等人。她们只是为了参加二木的偶像活动，可咲夜仍必须把她们当作警示加以处决，却遭同属Promised Blood的成员阻拦。＠那名成员明知这是背叛二木的行为，却因身为粉丝而无法杀死沙优希。咲夜从她身上看见过去的自己与结菜，情急之下帮助沙优希等人逃离二木。	咲夜追踪潜入二木的沙优希等人。她们只是为了参加二木的偶像活动，可咲夜仍必须把她们当作警示加以处决，却遭同属PROMISED BLOOD的成员阻拦。＠那名成员明知这是背叛二木的行为，却因身为粉丝而无法杀死沙优希。咲夜从她身上看见过去的自己与结菜，情急之下帮助沙优希等人逃离二木。	wiki_exact_organization	wiki characters.json#/promised_blood	authority-component-normalization	authority-verified	1.00	wiki_exact_organization		咲夜追踪潜入二木的沙优希等人。她们只是为了参加二木的偶像活动，可咲夜仍必须把她们当作警示加以处决，却遭同属PROMISED BLOOD的成员阻拦。＠那名成员明知这是背叛二木的行为，却因身为粉丝而无法杀死沙优希。咲夜从她身上看见过去的自己与结菜，情急之下帮助沙优希等人逃离二木。	direct-current-after-image	stable-key				runtime_changed_after_pass15	authority-verified
P18-00817	magica/js/libs/sectionList.json	/378/outline	207401	outline	为了对放走神滨魔法少女一事负责，咲夜来到Promised Blood的地下墓地。她表示有心意想传达给结菜，结菜便向她提出决斗。＠咲夜最终惜败，却得到结菜允许她“自言自语”，于是把自己的话全部说出。相信心意已经传达的咲夜，在心中发誓，将一直陪伴在结菜身边。	为了对放走神滨魔法少女一事负责，咲夜来到PROMISED BLOOD的地下墓地。她表示有心意想传达给结菜，结菜便向她提出决斗。＠咲夜最终惜败，却得到结菜允许她“自言自语”，于是把自己的话全部说出。相信心意已经传达的咲夜，在心中发誓，将一直陪伴在结菜身边。	wiki_exact_organization	wiki characters.json#/promised_blood	authority-component-normalization	authority-verified	1.00	wiki_exact_organization		为了对放走神滨魔法少女一事负责，咲夜来到PROMISED BLOOD的地下墓地。她表示有心意想传达给结菜，结菜便向她提出决斗。＠咲夜最终惜败，却得到结菜允许她“自言自语”，于是把自己的话全部说出。相信心意已经传达的咲夜，在心中发誓，将一直陪伴在结菜身边。	direct-current-after-image	stable-key				runtime_changed_after_pass15	authority-verified
P18-00818	magica/js/libs/sectionList.json	/380/outline	207403	outline	两人调查途中来到咨询所，遇见衣美里、明日香与纱纱罗。三人起初保持警戒，但得知夜鹤曾帮助雫后，便向她们讲述昨天与Promised Blood的冲突，以及Kimochi筛选参战者的情况。两人把情报报告给莉薇娅，夜鹤却还有另一件在意的事——她亲手端出的咖啡，被客人剩下了。	两人调查途中来到咨询所，遇见衣美里、明日香与纱纱罗。三人起初保持警戒，但得知夜鹤曾帮助雫后，便向她们讲述昨天与PROMISED BLOOD的冲突，以及Kimochi筛选参战者的情况。两人把情报报告给莉薇娅，夜鹤却还有另一件在意的事——她亲手端出的咖啡，被客人剩下了。	wiki_exact_organization	wiki characters.json#/promised_blood	authority-component-normalization	authority-verified	1.00	wiki_exact_organization		两人调查途中来到咨询所，遇见衣美里、明日香与纱纱罗。三人起初保持警戒，但得知夜鹤曾帮助雫后，便向她们讲述昨天与PROMISED BLOOD的冲突，以及Kimochi筛选参战者的情况。两人把情报报告给莉薇娅，夜鹤却还有另一件在意的事——她亲手端出的咖啡，被客人剩下了。	direct-current-after-image	stable-key				runtime_changed_after_pass15	authority-verified
P18-00819	magica/js/libs/sectionList.json	/381/outline	207404	outline	得知令与雫之间的关系后，夜鹤与月出里更加担心雫。她们来到咖啡店附近，在公园看见正在释放Doppel的雫，以及守在一旁的绫香。＠从两人的状态中，她们明白自己什么也做不了，只能不作干涉，默默离开公园。	得知令与雫之间的关系后，夜鹤与月出里更加担心雫。她们来到咖啡店附近，在公园看见正在释放魔女化身的雫，以及守在一旁的绫香。＠从两人的状态中，她们明白自己什么也做不了，只能不作干涉，默默离开公园。	official_cn_game_term	official dump authority.json doppelList + skill shortDescription	authority-component-normalization	authority-verified	1.00	official_cn_game_term		得知令与雫之间的关系后，夜鹤与月出里更加担心雫。她们来到咖啡店附近，在公园看见正在释放魔女化身的雫，以及守在一旁的绫香。＠从两人的状态中，她们明白自己什么也做不了，只能不作干涉，默默离开公园。	direct-current-after-image	stable-key				runtime_changed_after_pass15	authority-verified
P18-00820	magica/js/libs/sectionList.json	/383/outline	207502	outline	Neo-Magius主张“特殊的魔法少女理应受到崇拜”；时女一族则把拥有守护人们之刃的巫视作特殊存在。姬奈说两者“十分相似”，千春认为这是在暗示“时女一族也在俯视他人”，因此十分愤怒。＠静香过去从未想过自己会“看不起”别人。她既震惊于外界对时女一族的印象，也想找出成因与解决办法。＠可她需要族外视角，却无法求助刚刚解除合作的神滨Magia Union。独自苦恼时，夏希出现在她面前，以“朋友”的身份听她倾诉。	Neo-Magius主张“特殊的魔法少女理应受到崇拜”；时女一族则把拥有守护人们之刃的巫视作特殊存在。姬奈说两者“十分相似”，千春认为这是在暗示“时女一族也在俯视他人”，因此十分愤怒。＠静香过去从未想过自己会“看不起”别人。她既震惊于外界对时女一族的印象，也想找出成因与解决办法。＠可她需要族外视角，却无法求助刚刚解除合作的神滨魔法联盟。独自苦恼时，夏希出现在她面前，以“朋友”的身份听她倾诉。	wiki_exact_organization	wiki characters.json#/神滨魔法联盟	authority-component-normalization	authority-verified	1.00	wiki_exact_organization		Neo-Magius主张“特殊的魔法少女理应受到崇拜”；时女一族则把拥有守护人们之刃的巫视作特殊存在。姬奈说两者“十分相似”，千春认为这是在暗示“时女一族也在俯视他人”，因此十分愤怒。＠静香过去从未想过自己会“看不起”别人。她既震惊于外界对时女一族的印象，也想找出成因与解决办法。＠可她需要族外视角，却无法求助刚刚解除合作的神滨魔法联盟。独自苦恼时，夏希出现在她面前，以“朋友”的身份听她倾诉。	direct-current-after-image	stable-key				runtime_changed_after_pass15	authority-verified
P18-00821	magica/js/libs/sectionList.json	/390/charaName	207702	charaName	常盘七夏	常盘七香	official_cn_character_name	official dump authority.json#/charaList.json/3014/name	authority-component-normalization	authority-verified	1.00	official_cn_character_name		常盘七香	direct-current-after-image	stable-key				runtime_pass18_outside_pass15	authority-verified
P18-00822	magica/js/libs/sectionList.json	/390/outline	207702	outline	姬奈潜伏于宝崎市，不能让其他集团魔法少女知道自己仍然活着。为了下一项作战，她不断练习固有魔法“合成”，目标是把别人的固有魔法合成到物体之中。＠然而临近行动，她依然接连失败。姬奈察觉神滨Magia Union与Promised Blood的决战即将到来，决定接受灿的特训；可“合成”仍没能成功，她只好暂时转换心情，去帮忙处理公民馆工作。	姬奈潜伏于宝崎市，不能让其他集团魔法少女知道自己仍然活着。为了下一项作战，她不断练习固有魔法“合成”，目标是把别人的固有魔法合成到物体之中。＠然而临近行动，她依然接连失败。姬奈察觉神滨魔法联盟与PROMISED BLOOD的决战即将到来，决定接受灿的特训；可“合成”仍没能成功，她只好暂时转换心情，去帮忙处理公民馆工作。	wiki_exact_organization	wiki characters.json#/神滨魔法联盟; wiki characters.json#/promised_blood	authority-component-normalization	authority-verified	1.00	wiki_exact_organization		姬奈潜伏于宝崎市，不能让其他集团魔法少女知道自己仍然活着。为了下一项作战，她不断练习固有魔法“合成”，目标是把别人的固有魔法合成到物体之中。＠然而临近行动，她依然接连失败。姬奈察觉神滨魔法联盟与PROMISED BLOOD的决战即将到来，决定接受灿的特训；可“合成”仍没能成功，她只好暂时转换心情，去帮忙处理公民馆工作。	direct-current-after-image	stable-key				runtime_changed_after_pass15	authority-verified
P18-00823	magica/js/libs/sectionList.json	/403/outline	208102	outline	姬奈以激进魔法少女至上主义发动的暴走，被彩羽等人的联合行动压制。结果，全部Kimochi之石集齐，从丘比手中夺回自动净化系统的方法也得到确认，各阵营争斗暂时平息，魔法少女们获得一段短暂安宁。笼目利用这个时机，准备采访魔法少女们如今的生活。＠首先接受采访的是Promised Blood的结菜。她们把过去留在心中，仍为了创造“光明未来”而向前。结菜表示，她们自身已经出现变化；而同样的变化，也发生在笼目身上……	姬奈以激进魔法少女至上主义发动的暴走，被彩羽等人的联合行动压制。结果，全部Kimochi之石集齐，从丘比手中夺回自动净化系统的方法也得到确认，各阵营争斗暂时平息，魔法少女们获得一段短暂安宁。笼目利用这个时机，准备采访魔法少女们如今的生活。＠首先接受采访的是PROMISED BLOOD的结菜。她们把过去留在心中，仍为了创造“光明未来”而向前。结菜表示，她们自身已经出现变化；而同样的变化，也发生在笼目身上……	wiki_exact_organization	wiki characters.json#/promised_blood	authority-component-normalization	authority-verified	1.00	wiki_exact_organization		姬奈以激进魔法少女至上主义发动的暴走，被彩羽等人的联合行动压制。结果，全部Kimochi之石集齐，从丘比手中夺回自动净化系统的方法也得到确认，各阵营争斗暂时平息，魔法少女们获得一段短暂安宁。笼目利用这个时机，准备采访魔法少女们如今的生活。＠首先接受采访的是PROMISED BLOOD的结菜。她们把过去留在心中，仍为了创造“光明未来”而向前。结菜表示，她们自身已经出现变化；而同样的变化，也发生在笼目身上……	direct-current-after-image	stable-key				runtime_changed_after_pass15	authority-verified
P18-00824	magica/js/libs/sectionList.json	/485/title	310204	title	笼目的 Doppel	笼目的魔女化身	official_cn_game_term	official dump authority.json doppelList + skill shortDescription	authority-component-normalization	authority-verified	1.00	official_cn_game_term		笼目的魔女化身	direct-current-after-image	stable-key				runtime_changed_after_pass15	authority-verified
P18-00825	magica/js/libs/sectionList.json	/489/title	310214	title	结菜的 Doppel	结菜的魔女化身	official_cn_game_term	official dump authority.json doppelList + skill shortDescription	authority-component-normalization	authority-verified	1.00	official_cn_game_term		结菜的魔女化身	direct-current-after-image	stable-key				runtime_changed_after_pass15	authority-verified
P18-00826	magica/js/libs/sectionList.json	/493/title	310224	title	光的 Doppel	光的魔女化身	official_cn_game_term	official dump authority.json doppelList + skill shortDescription	authority-component-normalization	authority-verified	1.00	official_cn_game_term		光的魔女化身	direct-current-after-image	stable-key				runtime_changed_after_pass15	authority-verified
P18-00827	magica/js/libs/sectionList.json	/497/title	310234	title	青的 Doppel	青的魔女化身	official_cn_game_term	official dump authority.json doppelList + skill shortDescription	authority-component-normalization	authority-verified	1.00	official_cn_game_term		青的魔女化身	direct-current-after-image	stable-key				runtime_changed_after_pass15	authority-verified
P18-00828	magica/js/libs/sectionList.json	/501/title	310244	title	树里的 Doppel	树里的魔女化身	official_cn_game_term	official dump authority.json doppelList + skill shortDescription	authority-component-normalization	authority-verified	1.00	official_cn_game_term		树里的魔女化身	direct-current-after-image	stable-key				runtime_changed_after_pass15	authority-verified
P18-00829	magica/js/libs/sectionList.json	/505/title	310254	title	静香的 Doppel	静香的魔女化身	official_cn_game_term	official dump authority.json doppelList + skill shortDescription	authority-component-normalization	authority-verified	1.00	official_cn_game_term		静香的魔女化身	direct-current-after-image	stable-key				runtime_changed_after_pass15	authority-verified
P18-00830	magica/js/libs/sectionList.json	/513/title	310274	title	沙奈的 Doppel	土岐沙绪的魔女化身	official-same-character-or-wiki;official_cn_game_term	same record charaName=土岐沙绪; Wiki characters.json exact character name; official dump authority.json doppelList + skill shortDescription	authority-adoption;authority-component-normalization	authority-verified	1.00	P0_authority_exact;official_cn_game_term		土岐沙绪的魔女化身	direct-current-after-image	stable-key				runtime_changed_after_pass15	authority-verified
P18-00831	magica/js/libs/sectionList.json	/517/title	310284	title	姬奈的 Doppel	姬奈的魔女化身	official_cn_game_term	official dump authority.json doppelList + skill shortDescription	authority-component-normalization	authority-verified	1.00	official_cn_game_term		姬奈的魔女化身	direct-current-after-image	stable-key				runtime_changed_after_pass15	authority-verified
P18-00832	magica/js/libs/sectionList.json	/521/title	310294	title	时雨的 Doppel	时雨的魔女化身	official_cn_game_term	official dump authority.json doppelList + skill shortDescription	authority-component-normalization	authority-verified	1.00	official_cn_game_term		时雨的魔女化身	direct-current-after-image	stable-key				runtime_changed_after_pass15	authority-verified
P18-00833	magica/js/libs/sectionList.json	/525/title	310304	title	育梦的 Doppel	育梦的魔女化身	official_cn_game_term	official dump authority.json doppelList + skill shortDescription	authority-component-normalization	authority-verified	1.00	official_cn_game_term		育梦的魔女化身	direct-current-after-image	stable-key				runtime_changed_after_pass15	authority-verified
P18-00834	magica/js/libs/sectionList.json	/529/title	310314	title	灿的 Doppel	灿的魔女化身	official_cn_game_term	official dump authority.json doppelList + skill shortDescription	authority-component-normalization	authority-verified	1.00	official_cn_game_term		灿的魔女化身	direct-current-after-image	stable-key				runtime_changed_after_pass15	authority-verified
P18-00835	magica/js/libs/sectionList.json	/533/title	310324	title	美由利的 Doppel	美由利的魔女化身	official_cn_game_term	official dump authority.json doppelList + skill shortDescription	authority-component-normalization	authority-verified	1.00	official_cn_game_term		美由利的魔女化身	direct-current-after-image	stable-key				runtime_changed_after_pass15	authority-verified
P18-00836	magica/js/libs/sectionList.json	/537/title	310334	title	拉比的 Doppel	拉比的魔女化身	official_cn_game_term	official dump authority.json doppelList + skill shortDescription	authority-component-normalization	authority-verified	1.00	official_cn_game_term		拉比的魔女化身	direct-current-after-image	stable-key				runtime_changed_after_pass15	authority-verified
P18-00837	magica/js/libs/sectionList.json	/541/title	310344	title	旭的 Doppel	旭的魔女化身	official_cn_game_term	official dump authority.json doppelList + skill shortDescription	authority-component-normalization	authority-verified	1.00	official_cn_game_term		旭的魔女化身	direct-current-after-image	stable-key				runtime_changed_after_pass15	authority-verified
P18-00838	magica/js/libs/sectionList.json	/545/title	310354	title	亚历山德拉的 Doppel	亚历山德拉的魔女化身	official_cn_game_term	official dump authority.json doppelList + skill shortDescription	authority-component-normalization	authority-verified	1.00	official_cn_game_term		亚历山德拉的魔女化身	direct-current-after-image	stable-key				runtime_changed_after_pass15	authority-verified
P18-00839	magica/js/libs/sectionList.json	/549/title	310364	title	丽良的 Doppel	有爱丽的魔女化身	official-same-character-or-wiki;official_cn_game_term	same record charaName=有爱丽; Wiki characters.json exact character name; official dump authority.json doppelList + skill shortDescription	authority-adoption;authority-component-normalization	authority-verified	1.00	P0_authority_exact;official_cn_game_term		有爱丽的魔女化身	direct-current-after-image	stable-key				runtime_changed_after_pass15	authority-verified
P18-00840	magica/js/libs/sectionList.json	/553/title	310374	title	那由他的 Doppel	那由他的魔女化身	official_cn_game_term	official dump authority.json doppelList + skill shortDescription	authority-component-normalization	authority-verified	1.00	official_cn_game_term		那由他的魔女化身	direct-current-after-image	stable-key				runtime_changed_after_pass15	authority-verified
P18-00841	magica/js/libs/sectionList.json	/557/title	310384	title	御影的 Doppel	御影的魔女化身	official_cn_game_term	official dump authority.json doppelList + skill shortDescription	authority-component-normalization	authority-verified	1.00	official_cn_game_term		御影的魔女化身	direct-current-after-image	stable-key				runtime_changed_after_pass15	authority-verified
P18-00842	magica/js/libs/sectionList.json	/561/title	310394	title	月出里的 Doppel	月出里的魔女化身	official_cn_game_term	official dump authority.json doppelList + skill shortDescription	authority-component-normalization	authority-verified	1.00	official_cn_game_term		月出里的魔女化身	direct-current-after-image	stable-key				runtime_changed_after_pass15	authority-verified
P18-00843	magica/js/libs/sectionList.json	/565/title	310404	title	约鹤的 Doppel	篠目夜鹤的魔女化身	official-same-character-or-wiki;official_cn_game_term	same record charaName=篠目夜鹤; Wiki characters.json exact character name; official dump authority.json doppelList + skill shortDescription	authority-adoption;authority-component-normalization	authority-verified	1.00	P0_authority_exact;official_cn_game_term		篠目夜鹤的魔女化身	direct-current-after-image	stable-key				runtime_changed_after_pass15	authority-verified
P18-00844	magica/js/libs/sectionList.json	/569/title	310414	title	莉维娅的 Doppel	莉薇娅·梅黛洛斯的魔女化身	official-same-character-or-wiki;official_cn_game_term	same record charaName=莉薇娅·梅黛洛斯; Wiki characters.json exact character name; official dump authority.json doppelList + skill shortDescription	authority-adoption;authority-component-normalization	authority-verified	1.00	P0_authority_exact;official_cn_game_term		莉薇娅·梅黛洛斯的魔女化身	direct-current-after-image	stable-key				runtime_changed_after_pass15	authority-verified
P18-00845	magica/js/libs/sectionList.json	/577/title	310434	title	黑江的 Doppel	黑江的魔女化身	official_cn_game_term	official dump authority.json doppelList + skill shortDescription	authority-component-normalization	authority-verified	1.00	official_cn_game_term		黑江的魔女化身	direct-current-after-image	stable-key				runtime_changed_after_pass15	authority-verified
P18-00846	magica/js/libs/sectionList.json	/581/title	310444	title	御琴的 Doppel	濑奈命的魔女化身	official-same-character-or-wiki;official_cn_game_term	same record charaName=濑奈命; Wiki characters.json exact character name; official dump authority.json doppelList + skill shortDescription	authority-adoption;authority-component-normalization	authority-verified	1.00	P0_authority_exact;official_cn_game_term		濑奈命的魔女化身	direct-current-after-image	stable-key				runtime_changed_after_pass15	authority-verified
P18-00847	magica/js/libs/sectionList.json	/585/title	310454	title	露的 Doppel	露的魔女化身	official_cn_game_term	official dump authority.json doppelList + skill shortDescription	authority-component-normalization	authority-verified	1.00	official_cn_game_term		露的魔女化身	direct-current-after-image	stable-key				runtime_changed_after_pass15	authority-verified
P18-00848	magica/js/libs/sectionList.json	/589/title	310464	title	千鹤的 Doppel	千鹤的魔女化身	official_cn_game_term	official dump authority.json doppelList + skill shortDescription	authority-component-normalization	authority-verified	1.00	official_cn_game_term		千鹤的魔女化身	direct-current-after-image	stable-key				runtime_changed_after_pass15	authority-verified
P18-00849	magica/js/libs/sectionList.json	/596/title	310484	title	埃博妮的 Doppel	埃博妮的魔女化身	official_cn_game_term	official dump authority.json doppelList + skill shortDescription	authority-component-normalization	authority-verified	1.00	official_cn_game_term		埃博妮的魔女化身	direct-current-after-image	stable-key				runtime_changed_after_pass15	authority-verified
P18-00850	magica/js/libs/sectionList.json	/600/title	310494	title	奥尔加的 Doppel	奥尔加的魔女化身	official_cn_game_term	official dump authority.json doppelList + skill shortDescription	authority-component-normalization	authority-verified	1.00	official_cn_game_term		奥尔加的魔女化身	direct-current-after-image	stable-key				runtime_changed_after_pass15	authority-verified
P18-00851	magica/js/libs/sectionList.json	/604/title	310504	title	冈希尔德的 Doppel	冈希尔德的魔女化身	official_cn_game_term	official dump authority.json doppelList + skill shortDescription	authority-component-normalization	authority-verified	1.00	official_cn_game_term		冈希尔德的魔女化身	direct-current-after-image	stable-key				runtime_changed_after_pass15	authority-verified
P18-00852	magica/js/libs/sectionList.json	/608/title	310514	title	赫露迦的 Doppel	赫露迦的魔女化身	official_cn_game_term	official dump authority.json doppelList + skill shortDescription	authority-component-normalization	authority-verified	1.00	official_cn_game_term		赫露迦的魔女化身	direct-current-after-image	stable-key				runtime_changed_after_pass15	authority-verified
P18-00853	magica/js/libs/sectionList.json	/612/title	310524	title	台与的 Doppel	台与的魔女化身	official_cn_game_term	official dump authority.json doppelList + skill shortDescription	authority-component-normalization	authority-verified	1.00	official_cn_game_term		台与的魔女化身	direct-current-after-image	stable-key				runtime_changed_after_pass15	authority-verified
P18-00854	magica/js/libs/sectionList.json	/616/title	310534	title	阿玛琉莉丝的 Doppel	阿玛琉莉丝的魔女化身	official_cn_game_term	official dump authority.json doppelList + skill shortDescription	authority-component-normalization	authority-verified	1.00	official_cn_game_term		阿玛琉莉丝的魔女化身	direct-current-after-image	stable-key				runtime_changed_after_pass15	authority-verified
P18-00855	magica/js/libs/sectionList.json	/632/charaName	311044	charaName	谣莎奈	传闻莎奈	official_cn_term_component	official dump authority.json uses 传闻 terminology; Wiki exact variant context	authority-component-normalization	authority-verified	1.00	official_cn_term_component		传闻莎奈	direct-current-after-image	stable-key				runtime_pass18_outside_pass15	authority-verified
P18-00856	magica/js/libs/sectionList.json	/636/title	311054	title	菲莉希亚的 Doppel	小菲莉希亚的魔女化身	official_cn_game_term;official_or_wiki+root_context	official dump authority.json doppelList + skill shortDescription; same record charaName/original Japanese + official/Wiki exact character	authority-component-normalization;root-personal-human-context	authority-verified	1.00	official_cn_game_term;root_context_exact		小菲莉希亚的魔女化身	direct-current-after-image	stable-key				runtime_changed_after_pass15	authority-verified
P18-00857	magica/js/libs/sectionList.json	/640/title	311064	title	美冬的 Doppel	美冬的魔女化身	official_cn_game_term	official dump authority.json doppelList + skill shortDescription	authority-component-normalization	authority-verified	1.00	official_cn_game_term		美冬的魔女化身	direct-current-after-image	stable-key				runtime_changed_after_pass15	authority-verified
P18-00858	magica/js/libs/sectionList.json	/652/title	311094	title	玲奈的 Doppel	玲奈的魔女化身	official_cn_game_term	official dump authority.json doppelList + skill shortDescription	authority-component-normalization	authority-verified	1.00	official_cn_game_term		玲奈的魔女化身	direct-current-after-image	stable-key				runtime_changed_after_pass15	authority-verified
P18-00859	magica/js/libs/sectionList.json	/656/title	311104	title	桃子的 Doppel	桃子的魔女化身	official_cn_game_term	official dump authority.json doppelList + skill shortDescription	authority-component-normalization	authority-verified	1.00	official_cn_game_term		桃子的魔女化身	direct-current-after-image	stable-key				runtime_changed_after_pass15	authority-verified
P18-00860	magica/js/libs/sectionList.json	/664/title	311134	title	明日香的 Doppel	明日香的魔女化身	official_cn_game_term	official dump authority.json doppelList + skill shortDescription	authority-component-normalization	authority-verified	1.00	official_cn_game_term		明日香的魔女化身	direct-current-after-image	stable-key				runtime_changed_after_pass15	authority-verified
P18-00861	magica/js/libs/sectionList.json	/668/title	311164	title	十七夜的 Doppel	十七夜的魔女化身	official_cn_game_term	official dump authority.json doppelList + skill shortDescription	authority-component-normalization	authority-verified	1.00	official_cn_game_term		十七夜的魔女化身	direct-current-after-image	stable-key				runtime_changed_after_pass15	authority-verified
P18-00862	magica/js/libs/sectionList.json	/688/title	311254	title	静香的 Doppel	静香的魔女化身	official_cn_game_term	official dump authority.json doppelList + skill shortDescription	authority-component-normalization	authority-verified	1.00	official_cn_game_term		静香的魔女化身	direct-current-after-image	stable-key				runtime_changed_after_pass15	authority-verified
P18-00863	magica/js/libs/sectionList.json	/692/title	311334	title	拉比的 Doppel	拉比的魔女化身	official_cn_game_term	official dump authority.json doppelList + skill shortDescription	authority-component-normalization	authority-verified	1.00	official_cn_game_term		拉比的魔女化身	direct-current-after-image	stable-key				runtime_changed_after_pass15	authority-verified
P18-00864	magica/js/libs/sectionList.json	/700/title	311394	title	月出里的 Doppel	月出里的魔女化身	official_cn_game_term	official dump authority.json doppelList + skill shortDescription	authority-component-normalization	authority-verified	1.00	official_cn_game_term		月出里的魔女化身	direct-current-after-image	stable-key				runtime_changed_after_pass15	authority-verified
P18-00865	magica/js/libs/sectionList.json	/704/title	311434	title	黑江的 Doppel	黑江的魔女化身	official_cn_game_term	official dump authority.json doppelList + skill shortDescription	authority-component-normalization	authority-verified	1.00	official_cn_game_term		黑江的魔女化身	direct-current-after-image	stable-key				runtime_changed_after_pass15	authority-verified
P18-00866	magica/js/libs/sectionList.json	/708/title	311444	title	传闻御琴的 Doppel	谣命的魔女化身	official-same-character-or-wiki;official_cn_game_term	same record charaName=谣命; Wiki characters.json exact character name; official dump authority.json doppelList + skill shortDescription	authority-adoption;authority-component-normalization	authority-verified	1.00	P0_authority_exact;official_cn_game_term		谣命的魔女化身	direct-current-after-image	stable-key				runtime_changed_after_pass15	authority-verified
P18-00867	magica/js/libs/sectionList.json	/716/title	312024	title	八千代的 Doppel	八千代的魔女化身	official_cn_game_term	official dump authority.json doppelList + skill shortDescription	authority-component-normalization	authority-verified	1.00	official_cn_game_term		八千代的魔女化身	direct-current-after-image	stable-key				runtime_changed_after_pass15	authority-verified
P18-00868	magica/js/libs/sectionList.json	/732/title	312164	title	十七夜的 Doppel	十七夜的魔女化身	official_cn_game_term	official dump authority.json doppelList + skill shortDescription	authority-component-normalization	authority-verified	1.00	official_cn_game_term		十七夜的魔女化身	direct-current-after-image	stable-key				runtime_changed_after_pass15	authority-verified
P18-00869	magica/js/libs/sectionList.json	/736/title	312174	title	御魂的 Doppel	御魂的魔女化身	official_cn_game_term	official dump authority.json doppelList + skill shortDescription	authority-component-normalization	authority-verified	1.00	official_cn_game_term		御魂的魔女化身	direct-current-after-image	stable-key				runtime_changed_after_pass15	authority-verified
P18-00870	magica/js/libs/sectionList.json	/744/title	313024	title	八千代的 Doppel	八千代的魔女化身	official_cn_game_term	official dump authority.json doppelList + skill shortDescription	authority-component-normalization	authority-verified	1.00	official_cn_game_term		八千代的魔女化身	direct-current-after-image	stable-key				runtime_changed_after_pass15	authority-verified
P18-00871	magica/js/libs/sectionList.json	/748/charaName	313034	charaName	谣鹤乃	传闻鹤乃	official_cn_character_name	official dump authority.json official character component	authority-component-normalization	authority-verified	1.00	official_cn_character_name		传闻鹤乃	direct-current-after-image	stable-key				runtime_pass18_outside_pass15	authority-verified
P18-00872	magica/js/libs/sectionList.json	/754/charaName	314012	charaName	环伊吕波	环彩羽	official_cn_character_name	official dump authority.json#/charaList.json/1001/name	authority-component-normalization	authority-verified	1.00	official_cn_character_name		环彩羽	direct-current-after-image	stable-key				runtime_pass18_outside_pass15	authority-verified
P18-00873	magica/js/libs/sectionList.json	/755/charaName	314013	charaName	环伊吕波	环彩羽	official_cn_character_name	official dump authority.json#/charaList.json/1001/name	authority-component-normalization	authority-verified	1.00	official_cn_character_name		环彩羽	direct-current-after-image	stable-key				runtime_pass18_outside_pass15	authority-verified
P18-00874	magica/js/libs/sectionList.json	/756/charaName	314014	charaName	环伊吕波	环彩羽	official_cn_character_name	official dump authority.json#/charaList.json/1001/name	authority-component-normalization	authority-verified	1.00	official_cn_character_name		环彩羽	direct-current-after-image	stable-key				runtime_pass18_outside_pass15	authority-verified
P18-00875	magica/js/libs/sectionList.json	/760/title	314024	title	八千代的 Doppel	八千代的魔女化身	official_cn_game_term	official dump authority.json doppelList + skill shortDescription	authority-component-normalization	authority-verified	1.00	official_cn_game_term		八千代的魔女化身	direct-current-after-image	stable-key				runtime_changed_after_pass15	authority-verified
P18-00876	magica/js/libs/sectionList.json	/761/charaName	315011	charaName	环伊吕波	环彩羽	official_cn_character_name	official dump authority.json#/charaList.json/1001/name	authority-component-normalization	authority-verified	1.00	official_cn_character_name		环彩羽	direct-current-after-image	stable-key				runtime_pass18_outside_pass15	authority-verified
P18-00877	magica/js/libs/sectionList.json	/762/charaName	315012	charaName	环伊吕波	环彩羽	official_cn_character_name	official dump authority.json#/charaList.json/1001/name	authority-component-normalization	authority-verified	1.00	official_cn_character_name		环彩羽	direct-current-after-image	stable-key				runtime_pass18_outside_pass15	authority-verified
P18-00878	magica/js/libs/sectionList.json	/763/charaName	315013	charaName	环伊吕波	环彩羽	official_cn_character_name	official dump authority.json#/charaList.json/1001/name	authority-component-normalization	authority-verified	1.00	official_cn_character_name		环彩羽	direct-current-after-image	stable-key				runtime_pass18_outside_pass15	authority-verified
P18-00879	magica/js/libs/sectionList.json	/764/charaName	315014	charaName	环伊吕波	环彩羽	official_cn_character_name	official dump authority.json#/charaList.json/1001/name	authority-component-normalization	authority-verified	1.00	official_cn_character_name		环彩羽	direct-current-after-image	stable-key				runtime_pass18_outside_pass15	authority-verified
P18-00880	magica/js/libs/sectionList.json	/764/title	315014	title	彩羽的 Doppel	彩羽的魔女化身	official_cn_game_term	official dump authority.json doppelList + skill shortDescription	authority-component-normalization	authority-verified	1.00	official_cn_game_term		彩羽的魔女化身	direct-current-after-image	stable-key				runtime_changed_after_pass15	authority-verified
P18-00881	magica/js/libs/sectionList.json	/768/title	315024	title	八千代的 Doppel	八千代的魔女化身	official_cn_game_term	official dump authority.json doppelList + skill shortDescription	authority-component-normalization	authority-verified	1.00	official_cn_game_term		八千代的魔女化身	direct-current-after-image	stable-key				runtime_changed_after_pass15	authority-verified
P18-00882	magica/js/libs/sectionList.json	/769/charaName	316011	charaName	环伊吕波	环彩羽	official_cn_character_name	official dump authority.json#/charaList.json/1001/name	authority-component-normalization	authority-verified	1.00	official_cn_character_name		环彩羽	direct-current-after-image	stable-key				runtime_pass18_outside_pass15	authority-verified
P18-00883	magica/js/libs/sectionList.json	/770/charaName	316012	charaName	环伊吕波	环彩羽	official_cn_character_name	official dump authority.json#/charaList.json/1001/name	authority-component-normalization	authority-verified	1.00	official_cn_character_name		环彩羽	direct-current-after-image	stable-key				runtime_pass18_outside_pass15	authority-verified
P18-00884	magica/js/libs/sectionList.json	/771/charaName	316013	charaName	环伊吕波	环彩羽	official_cn_character_name	official dump authority.json#/charaList.json/1001/name	authority-component-normalization	authority-verified	1.00	official_cn_character_name		环彩羽	direct-current-after-image	stable-key				runtime_pass18_outside_pass15	authority-verified
P18-00885	magica/js/libs/sectionList.json	/772/charaName	316014	charaName	∞伊吕波	∞彩羽	official_cn_character_name	official dump authority.json#/charaList.json/1001/name	authority-component-normalization	authority-verified	1.00	official_cn_character_name		∞彩羽	direct-current-after-image	stable-key				runtime_pass18_outside_pass15	authority-verified
P18-00886	magica/js/libs/sectionList.json	/772/title	316014	title	∞彩羽的 Doppel	∞彩羽的魔女化身	official_cn_game_term	official dump authority.json doppelList + skill shortDescription	authority-component-normalization	authority-verified	1.00	official_cn_game_term		∞彩羽的魔女化身	direct-current-after-image	stable-key				runtime_changed_after_pass15	authority-verified
P18-00887	magica/js/libs/sectionList.json	/773/charaName	317011	charaName	无限大小伊吕波	无限大小彩羽	official_cn_character_name	official dump authority.json#/charaList.json/1001/name	authority-component-normalization	authority-verified	1.00	official_cn_character_name		无限大小彩羽	direct-current-after-image	stable-key				runtime_pass18_outside_pass15	authority-verified
P18-00888	magica/js/libs/sectionList.json	/774/charaName	317012	charaName	无限大小伊吕波	无限大小彩羽	official_cn_character_name	official dump authority.json#/charaList.json/1001/name	authority-component-normalization	authority-verified	1.00	official_cn_character_name		无限大小彩羽	direct-current-after-image	stable-key				runtime_pass18_outside_pass15	authority-verified
P18-00889	magica/js/libs/sectionList.json	/775/charaName	317013	charaName	无限大小伊吕波	无限大小彩羽	official_cn_character_name	official dump authority.json#/charaList.json/1001/name	authority-component-normalization	authority-verified	1.00	official_cn_character_name		无限大小彩羽	direct-current-after-image	stable-key				runtime_pass18_outside_pass15	authority-verified
P18-00890	magica/js/libs/sectionList.json	/776/charaName	317014	charaName	无限大小伊吕波	无限大小彩羽	official_cn_character_name	official dump authority.json#/charaList.json/1001/name	authority-component-normalization	authority-verified	1.00	official_cn_character_name		无限大小彩羽	direct-current-after-image	stable-key				runtime_pass18_outside_pass15	authority-verified
P18-00891	magica/js/libs/sectionList.json	/778/charaName	318012	charaName	环伊吕波	环彩羽	official_cn_character_name	official dump authority.json#/charaList.json/1001/name	authority-component-normalization	authority-verified	1.00	official_cn_character_name		环彩羽	direct-current-after-image	stable-key				runtime_pass18_outside_pass15	authority-verified
P18-00892	magica/js/libs/sectionList.json	/779/charaName	318013	charaName	环伊吕波	环彩羽	official_cn_character_name	official dump authority.json#/charaList.json/1001/name	authority-component-normalization	authority-verified	1.00	official_cn_character_name		环彩羽	direct-current-after-image	stable-key				runtime_pass18_outside_pass15	authority-verified
P18-00893	magica/js/libs/sectionList.json	/829/charaName	321041	charaName	环伊吕波	环彩羽	official_cn_character_name	official dump authority.json#/charaList.json/1001/name	authority-component-normalization	authority-verified	1.00	official_cn_character_name		环彩羽	direct-current-after-image	stable-key				runtime_pass18_outside_pass15	authority-verified
P18-00894	magica/js/libs/sectionList.json	/831/charaName	321043	charaName	环伊吕波	环彩羽	official_cn_character_name	official dump authority.json#/charaList.json/1001/name	authority-component-normalization	authority-verified	1.00	official_cn_character_name		环彩羽	direct-current-after-image	stable-key				runtime_pass18_outside_pass15	authority-verified
P18-00895	magica/js/libs/sectionList.json	/840/title	321064	title	小圆的 Doppel	小圆的魔女化身	official_cn_game_term	official dump authority.json doppelList + skill shortDescription	authority-component-normalization	authority-verified	1.00	official_cn_game_term		小圆的魔女化身	direct-current-after-image	stable-key				runtime_changed_after_pass15	authority-verified
P18-00896	magica/js/libs/sectionList.json	/841/charaName	321071	charaName	小伊吕波	小彩羽	official_cn_character_name	official dump authority.json#/charaList.json/1001/name	authority-component-normalization	authority-verified	1.00	official_cn_character_name		小彩羽	direct-current-after-image	stable-key				runtime_pass18_outside_pass15	authority-verified
P18-00897	magica/js/libs/sectionList.json	/843/charaName	321073	charaName	小伊吕波	小彩羽	official_cn_character_name	official dump authority.json#/charaList.json/1001/name	authority-component-normalization	authority-verified	1.00	official_cn_character_name		小彩羽	direct-current-after-image	stable-key				runtime_pass18_outside_pass15	authority-verified
P18-00898	magica/js/libs/sectionList.json	/856/title	322034	title	小焰的 Doppel	小焰的魔女化身	official_cn_game_term	official dump authority.json doppelList + skill shortDescription	authority-component-normalization	authority-verified	1.00	official_cn_game_term		小焰的魔女化身	direct-current-after-image	stable-key				runtime_changed_after_pass15	authority-verified
P18-00899	magica/js/libs/sectionList.json	/868/title	324004	title	沙耶香的 Doppel	沙耶香的魔女化身	official_cn_game_term	official dump authority.json doppelList + skill shortDescription	authority-component-normalization	authority-verified	1.00	official_cn_game_term		沙耶香的魔女化身	direct-current-after-image	stable-key				runtime_changed_after_pass15	authority-verified
P18-00900	magica/js/libs/sectionList.json	/872/title	324014	title	沙耶香的 Doppel	沙耶香的魔女化身	official_cn_game_term	official dump authority.json doppelList + skill shortDescription	authority-component-normalization	authority-verified	1.00	official_cn_game_term		沙耶香的魔女化身	direct-current-after-image	stable-key				runtime_changed_after_pass15	authority-verified
P18-00901	magica/js/libs/sectionList.json	/884/title	325014	title	麻美的 Doppel	麻美的魔女化身	official_cn_game_term	official dump authority.json doppelList + skill shortDescription	authority-component-normalization	authority-verified	1.00	official_cn_game_term		麻美的魔女化身	direct-current-after-image	stable-key				runtime_changed_after_pass15	authority-verified
P18-00902	magica/js/libs/sectionList.json	/908/title	327004	title	渚的 Doppel	渚的魔女化身	official_cn_game_term	official dump authority.json doppelList + skill shortDescription	authority-component-normalization	authority-verified	1.00	official_cn_game_term		渚的魔女化身	direct-current-after-image	stable-key				runtime_changed_after_pass15	authority-verified
P18-00903	magica/js/libs/sectionList.json	/912/title	327014	title	渚的 Doppel	渚的魔女化身	official_cn_game_term	official dump authority.json doppelList + skill shortDescription	authority-component-normalization	authority-verified	1.00	official_cn_game_term		渚的魔女化身	direct-current-after-image	stable-key				runtime_changed_after_pass15	authority-verified
P18-00904	magica/js/libs/sectionList.json	/916/title	330014	title	加乃子的 Doppel	矢宵鹿乃子的魔女化身	official-same-character-or-wiki;official_cn_game_term	same record charaName=矢宵鹿乃子; Wiki characters.json exact character name; official dump authority.json doppelList + skill shortDescription	authority-adoption;authority-component-normalization	authority-verified	1.00	P0_authority_exact;official_cn_game_term		矢宵鹿乃子的魔女化身	direct-current-after-image	stable-key				runtime_changed_after_pass15	authority-verified
P18-00905	magica/js/libs/sectionList.json	/920/title	330024	title	夏希的 Doppel	夏希的魔女化身	official_cn_game_term	official dump authority.json doppelList + skill shortDescription	authority-component-normalization	authority-verified	1.00	official_cn_game_term		夏希的魔女化身	direct-current-after-image	stable-key				runtime_changed_after_pass15	authority-verified
P18-00906	magica/js/libs/sectionList.json	/928/title	330044	title	纱纱罗的 Doppel	纱纱罗的魔女化身	official_cn_game_term	official dump authority.json doppelList + skill shortDescription	authority-component-normalization	authority-verified	1.00	official_cn_game_term		纱纱罗的魔女化身	direct-current-after-image	stable-key				runtime_changed_after_pass15	authority-verified
P18-00907	magica/js/libs/sectionList.json	/936/title	330064	title	衣美里的 Doppel	衣美里的魔女化身	official_cn_game_term	official dump authority.json doppelList + skill shortDescription	authority-component-normalization	authority-verified	1.00	official_cn_game_term		衣美里的魔女化身	direct-current-after-image	stable-key				runtime_changed_after_pass15	authority-verified
P18-00908	magica/js/libs/sectionList.json	/940/title	330074	title	雫的 Doppel	雫的魔女化身	official_cn_game_term	official dump authority.json doppelList + skill shortDescription	authority-component-normalization	authority-verified	1.00	official_cn_game_term		雫的魔女化身	direct-current-after-image	stable-key				runtime_changed_after_pass15	authority-verified
P18-00909	magica/js/libs/sectionList.json	/944/title	330084	title	明的 Doppel	志伸晶的魔女化身	official-same-character-or-wiki;official_cn_game_term	same record charaName=志伸晶; Wiki characters.json exact character name; official dump authority.json doppelList + skill shortDescription	authority-adoption;authority-component-normalization	authority-verified	1.00	P0_authority_exact;official_cn_game_term		志伸晶的魔女化身	direct-current-after-image	stable-key				runtime_changed_after_pass15	authority-verified
P18-00910	magica/js/libs/sectionList.json	/948/title	330094	title	真奈香的 Doppel	胡桃爱香的魔女化身	official-same-character-or-wiki;official_cn_game_term	same record charaName=胡桃爱香; Wiki characters.json exact character name; official dump authority.json doppelList + skill shortDescription	authority-adoption;authority-component-normalization	authority-verified	1.00	P0_authority_exact;official_cn_game_term		胡桃爱香的魔女化身	direct-current-after-image	stable-key				runtime_changed_after_pass15	authority-verified
P18-00911	magica/js/libs/sectionList.json	/952/title	330104	title	莉爱的 Doppel	莉爱的魔女化身	official_cn_game_term	official dump authority.json doppelList + skill shortDescription	authority-component-normalization	authority-verified	1.00	official_cn_game_term		莉爱的魔女化身	direct-current-after-image	stable-key				runtime_changed_after_pass15	authority-verified
P18-00912	magica/js/libs/sectionList.json	/960/title	330124	title	美雨的 Doppel	美雨的魔女化身	official_cn_game_term	official dump authority.json doppelList + skill shortDescription	authority-component-normalization	authority-verified	1.00	official_cn_game_term		美雨的魔女化身	direct-current-after-image	stable-key				runtime_changed_after_pass15	authority-verified
P18-00913	magica/js/libs/sectionList.json	/964/title	330134	title	丽良的 Doppel	丽良的魔女化身	official_cn_game_term	official dump authority.json doppelList + skill shortDescription	authority-component-normalization	authority-verified	1.00	official_cn_game_term		丽良的魔女化身	direct-current-after-image	stable-key				runtime_changed_after_pass15	authority-verified
P18-00914	magica/js/libs/sectionList.json	/968/title	330144	title	清佳的 Doppel	清佳的魔女化身	official_cn_game_term	official dump authority.json doppelList + skill shortDescription	authority-component-normalization	authority-verified	1.00	official_cn_game_term		清佳的魔女化身	direct-current-after-image	stable-key				runtime_changed_after_pass15	authority-verified
P18-00915	magica/js/libs/sectionList.json	/980/title	330174	title	雪香的 Doppel	七濑幸佳的魔女化身	official-same-character-or-wiki;official_cn_game_term	same record charaName=七濑幸佳; Wiki characters.json exact character name; official dump authority.json doppelList + skill shortDescription	authority-adoption;authority-component-normalization	authority-verified	1.00	P0_authority_exact;official_cn_game_term		七濑幸佳的魔女化身	direct-current-after-image	stable-key				runtime_changed_after_pass15	authority-verified
P18-00916	magica/js/libs/sectionList.json	/988/charaName	330194	charaName	毬子彩花	毬子亚弥华	official_cn_character_name	official dump authority.json#/charaList.json/3013/name	authority-component-normalization	authority-verified	1.00	official_cn_character_name		毬子亚弥华	direct-current-after-image	stable-key				runtime_pass18_outside_pass15	authority-verified
P18-00917	magica/js/libs/sectionList.json	/988/title	330194	title	彩花的 Doppel	彩花的魔女化身	official_cn_game_term	official dump authority.json doppelList + skill shortDescription	authority-component-normalization	authority-verified	1.00	official_cn_game_term		彩花的魔女化身	direct-current-after-image	stable-key				runtime_changed_after_pass15	authority-verified
P18-00918	magica/js/libs/sectionList.json	/999/title	330224	title	满的 Doppel	满的魔女化身	official_cn_game_term	official dump authority.json doppelList + skill shortDescription	authority-component-normalization	authority-verified	1.00	official_cn_game_term		满的魔女化身	direct-current-after-image	stable-key				runtime_changed_after_pass15	authority-verified
P18-00919	magica/js/libs/shopItemList.json	/365/description	10799	description	用于科尔博魔力解放的道具	用于可鲁波魔力解放的道具	official-same-character-or-wiki	official authority charaList same character where present; Wiki characters.json exact name/title	authority-adoption	authority-verified	1.00	P0_authority_exact		用于可鲁波魔力解放的道具	direct-current-after-image	stable-key				runtime_changed_after_pass15	authority-verified
P18-00920	magica/js/libs/shopItemList.json	/510/name	17996	name	由良蛍	由良萤	official-same-character-or-wiki	official authority charaList same character where present; Wiki characters.json exact name/title	authority-adoption	authority-verified	1.00	P0_authority_exact		由良萤	direct-current-after-image	stable-key				runtime_pass18_outside_pass15	authority-verified
P18-00921	magica/js/libs/shopItemList.json	/517/name	18813	name	【期间限定】佐仓杏子 Doppelver.	【期间限定】佐仓杏子 魔女化身ver.	official_cn_game_term	official dump authority.json doppelList + skill shortDescription	authority-component-normalization	authority-verified	1.00	official_cn_game_term		【期间限定】佐仓杏子 魔女化身ver.	direct-current-after-image	stable-key				runtime_pass18_outside_pass15	authority-verified
P18-00922	magica/js/libs/shopItemList.json	/539/name	21968	name	【期间限定】黑江 水着ver.	【期间限定】黑江 泳装ver.	official-same-character-or-wiki	official authority charaList same character where present; Wiki characters.json exact name/title	authority-adoption	authority-verified	1.00	P0_authority_exact		【期间限定】黑江 泳装ver.	direct-current-after-image	stable-key				runtime_pass18_outside_pass15	authority-verified
P18-00923	magica/js/libs/shopItemList.json	/647/description	29258	description	用于究极小圆精神强化的道具	用于圆神精神强化的道具	official_or_wiki+root_context	same record charaName/original Japanese + official/Wiki exact character	root-personal-human-context	authority-verified	1.00	root_context_exact		用于圆神精神强化的道具	direct-current-after-image	stable-key				runtime_changed_after_pass15	authority-verified
P18-00924	magica/js/libs/shopItemList.json	/669/name	30697	name	【期间限定】传闻命	【期间限定】谣命	wiki_exact_character_name	wiki characters.json#/谣命	authority-component-normalization	authority-verified	1.00	wiki_exact_character_name		【期间限定】谣命	direct-current-after-image	stable-key				runtime_changed_after_pass15	authority-verified
P18-00925	magica/js/libs/shopItemList.json	/833/name	33310	name	天音姉妹 水着ver.	天音姐妹 泳装ver.	official-same-character-or-wiki	official authority charaList same character where present; Wiki characters.json exact name/title	authority-adoption	authority-verified	1.00	P0_authority_exact		天音姐妹 泳装ver.	direct-current-after-image	stable-key				runtime_pass18_outside_pass15	authority-verified
P18-00926	magica/js/libs/shopItemList.json	/834/name	33311	name	佐仓杏子 水着ver.	佐仓杏子 泳装ver.	official-same-character-or-wiki	official authority charaList same character where present; Wiki characters.json exact name/title	authority-adoption	authority-verified	1.00	P0_authority_exact		佐仓杏子 泳装ver.	direct-current-after-image	stable-key				runtime_pass18_outside_pass15	authority-verified
P18-00927	magica/js/libs/shopItemList.json	/840/name	33317	name	黑江 水着ver.	黑江 泳装ver.	official-same-character-or-wiki	official authority charaList same character where present; Wiki characters.json exact name/title	authority-adoption	authority-verified	1.00	P0_authority_exact		黑江 泳装ver.	direct-current-after-image	stable-key				runtime_pass18_outside_pass15	authority-verified
P18-00928	magica/js/libs/shopItemList.json	/867/name	33344	name	天音姉妹 水着ver.	天音姐妹 泳装ver.	official-same-character-or-wiki	official authority charaList same character where present; Wiki characters.json exact name/title	authority-adoption	authority-verified	1.00	P0_authority_exact		天音姐妹 泳装ver.	direct-current-after-image	stable-key				runtime_pass18_outside_pass15	authority-verified
P18-00929	magica/js/libs/shopItemList.json	/868/name	33345	name	佐仓杏子 水着ver.	佐仓杏子 泳装ver.	official-same-character-or-wiki	official authority charaList same character where present; Wiki characters.json exact name/title	authority-adoption	authority-verified	1.00	P0_authority_exact		佐仓杏子 泳装ver.	direct-current-after-image	stable-key				runtime_pass18_outside_pass15	authority-verified
P18-00930	magica/js/libs/shopItemList.json	/884/name	33361	name	黑江 水着ver.	黑江 泳装ver.	official-same-character-or-wiki	official authority charaList same character where present; Wiki characters.json exact name/title	authority-adoption	authority-verified	1.00	P0_authority_exact		黑江 泳装ver.	direct-current-after-image	stable-key				runtime_pass18_outside_pass15	authority-verified
P18-00931	magica/js/libs/shopItemList.json	/904/name	33539	name	万年樱之谣	万年樱的传闻	official_cn_character_name	official dump authority.json#/charaList.json/3043/name	authority-component-normalization	authority-verified	1.00	official_cn_character_name		万年樱的传闻	direct-current-after-image	stable-key				runtime_pass18_outside_pass15	authority-verified
P18-00932	magica/js/libs/shopItemList.json	/905/name	33540	name	小伊吕波	小彩羽	official_cn_character_name	official dump authority.json#/charaList.json/1001/name	authority-component-normalization	authority-verified	1.00	official_cn_character_name		小彩羽	direct-current-after-image	stable-key				runtime_pass18_outside_pass15	authority-verified
P18-00933	magica/js/libs/shopItemList.json	/906/name	33541	name	天音姉妹 水着ver.	天音姐妹 泳装ver.	official-same-character-or-wiki	official authority charaList same character where present; Wiki characters.json exact name/title	authority-adoption	authority-verified	1.00	P0_authority_exact		天音姐妹 泳装ver.	direct-current-after-image	stable-key				runtime_pass18_outside_pass15	authority-verified
P18-00934	magica/js/libs/shopItemList.json	/908/name	33543	name	佐仓杏子 水着ver.	佐仓杏子 泳装ver.	official-same-character-or-wiki	official authority charaList same character where present; Wiki characters.json exact name/title	authority-adoption	authority-verified	1.00	P0_authority_exact		佐仓杏子 泳装ver.	direct-current-after-image	stable-key				runtime_pass18_outside_pass15	authority-verified
P18-00935	magica/js/libs/shopItemList.json	/925/name	33560	name	谣莎奈	传闻莎奈	official_cn_term_component	official dump authority.json uses 传闻 terminology; Wiki exact variant context	authority-component-normalization	authority-verified	1.00	official_cn_term_component		传闻莎奈	direct-current-after-image	stable-key				runtime_pass18_outside_pass15	authority-verified
P18-00936	magica/js/libs/shopItemList.json	/940/name	33575	name	佐仓杏子 Doppelver.	佐仓杏子 魔女化身ver.	official_cn_game_term	official dump authority.json doppelList + skill shortDescription	authority-component-normalization	authority-verified	1.00	official_cn_game_term		佐仓杏子 魔女化身ver.	direct-current-after-image	stable-key				runtime_pass18_outside_pass15	authority-verified
P18-00937	magica/js/libs/shopItemList.json	/949/name	33584	name	黑江 水着ver.	黑江 泳装ver.	official-same-character-or-wiki	official authority charaList same character where present; Wiki characters.json exact name/title	authority-adoption	authority-verified	1.00	P0_authority_exact		黑江 泳装ver.	direct-current-after-image	stable-key				runtime_pass18_outside_pass15	authority-verified
P18-00938	magica/js/libs/shopItemList.json	/962/name	33597	name	无限大小伊吕波	无限大小彩羽	official_cn_character_name	official dump authority.json#/charaList.json/1001/name	authority-component-normalization	authority-verified	1.00	official_cn_character_name		无限大小彩羽	direct-current-after-image	stable-key				runtime_pass18_outside_pass15	authority-verified
P18-00939	magica/js/regularEvent/groupBattle/view/BossPageView.js	literal:name-label	line12	name	"name:""伊吕波·八千代"""	"name:""彩羽·八千代"""	official_cn_character_name	official dump authority.json uses 彩羽; runtime charaList same variant=彩羽·八千代	authority-component-normalization	authority-verified	1.00	official_cn_character_name	visible static label only; no identifier/CSS changes	"name:""彩羽·八千代"""	direct-current-after-image	static-literal				static_pass18_authority_correction	authority-verified
