file	stable_key	field	japanese_original	pass15_cn	current_cn	authority_tier	authority_source	resolution
cardMagiaMap.json	90595	shortDescription	对全体敌人造成伤害[Ⅰ] & DEBUFF・状态异常3次无效 & HP自动回复 & 状态异常耐性UP(全体/∞) & 幸存(全体/3T)	对敌方全体造成伤害[Ⅰ] & Debuff・异常状态3次无效 & HP自动回复 & 异常状态耐性提升(我方全体/∞) & 幸存(我方全体/3T)	对敌方全体造成伤害[Ⅰ] & 减益・异常状态3次无效 & HP自动回复 & 异常状态耐性提升(我方全体/∞) & 幸存(我方全体/3T)			changed_unclassified
charaMessageList.json	1040|1	message	"旅する調整屋の一人、篠目ヨヅルです。先生
に誘われて調整屋となりました。魔法少女
としてはあまりに非力で、生きる力のなか
った私に先生は生きる道を示してくれまし
た。調整屋としての経験は、まだまだ浅い
ですが、誇りをもってあなたのソウルジェ
ムをお預かりします"	我是旅行调整屋之一，篠目约鹤。\n受老师邀请，我成为了调整屋。\n作为魔法少女，我实在太过弱小，\n甚至没有活下去的力量，\n是老师为我指明了生存之路。\n虽然我作为调整屋还缺乏经验，\n但我会怀着自豪，替您保管灵魂宝石。	"我是旅行调整屋之一，篠目夜鹤。
受老师邀请，我成为了调整屋。
作为魔法少女，我实在太过弱小，
甚至没有活下去的力量，
是老师为我指明了生存之路。
虽然我作为调整屋还缺乏经验，
但我会怀着自豪，替您保管灵魂宝石。"	1_official_cn_dump_component	A:\magireco_cn_dump_20221010_decrypted_json\authority\authority.json#/cardList.json/10404/cardName	higher_authority_applied
charaMessageList.json	1040|2	message	"こんにちは、篠目ヨヅルと申します。中央区
で調整屋を営んでおります。来店された暁
には、おいしいスイーツでおもてなしさせ
てください"	您好，我叫篠目约鹤，\n在中央区经营调整屋。\n您光临时，\n请允许我用美味甜点款待您。	"您好，我叫篠目夜鹤，
在中央区经营调整屋。
您光临时，
请允许我用美味甜点款待您。"	1_official_cn_dump_component	A:\magireco_cn_dump_20221010_decrypted_json\authority\authority.json#/cardList.json/10404/cardName	higher_authority_applied
charaMessageList.json	1040|14	message	"大変喜ばしいですが…これで満足してはいけ
ませんね"	这确实非常值得高兴…\n…但不能就此满足。	"这确实非常值得高兴…
…但不能就此满足。"			linebreak_serialization_normalized
charaMessageList.json	1040|16	message	"先生に出会った時の私は、すべてを諦め、死
すら受け入れたところでした。先生は私に
、生きる手段と意義を与えてくれました"	遇见老师时，我已经放弃了一切，\n甚至接受了死亡。\n是老师给予了我活下去的方法与意义。	"遇见老师时，我已经放弃了一切，
甚至接受了死亡。
是老师给予了我活下去的方法与意义。"			linebreak_serialization_normalized
charaMessageList.json	1040|17	message	"先生から誘いを受け、神浜で活動することに
しました。神浜に興味があったとか、特に
そういうことはありません。誘われたから
来ました"	受到老师邀请后，\n我决定在神滨活动。\n并不是因为我对神滨特别感兴趣，\n只是因为老师邀请了我，所以我来了。	"受到老师邀请后，
我决定在神滨活动。
并不是因为我对神滨特别感兴趣，
只是因为老师邀请了我，所以我来了。"			linebreak_serialization_normalized
charaMessageList.json	1040|18	message	"先生は私を利用しているだけなのかもしれま
せん。でも、それでいいのです。それを受
け入れて、私は先生のために尽力します"	老师或许只是在利用我。\n但那样也没关系。我接受这一点，\n并会为了老师竭尽全力。	"老师或许只是在利用我。
但那样也没关系。我接受这一点，
并会为了老师竭尽全力。"			linebreak_serialization_normalized
charaMessageList.json	1040|21	message	"今まで限界だと思っていた力に、まだ上があ
ったのですね。この誤算はすごくうれしい
です。私はまだ、死ぬわけにはいきません
ので。"	我曾以为已经到达极限的力量，\n原来还有更高的境界。\n这个误算让我非常高兴。\n毕竟我还不能死。	"我曾以为已经到达极限的力量，
原来还有更高的境界。
这个误算让我非常高兴。
毕竟我还不能死。"			linebreak_serialization_normalized
charaMessageList.json	1040|22	message	"…また、力を得てしまいました…。嬉しいと
思う反面、怖いという想いもあります。な
ぜなら私は…力に溺れてしまった人間なの
で…。ですが、もう絶対に溺れません。私
はもう孤独ではないので"	……我又获得了力量……。\n我感到高兴，却也有些恐惧。\n因为我……曾经是一个沉溺于力量的人…\n…。但我绝不会再次沉溺。\n我已经不再孤独了。	"……我又获得了力量……。
我感到高兴，却也有些恐惧。
因为我……曾经是一个沉溺于力量的人…
…。但我绝不会再次沉溺。
我已经不再孤独了。"			linebreak_serialization_normalized
charaMessageList.json	1040|23	message	"死ぬわけにはいかないと強く生きてきました
が、かといって将来の目標があるわけでも
ないのです。でも、私は私の存在意義のた
めに、日々精進していきます。なのでグリ
ーフシードはぜひ、ピュエラケアへ！"	我一直怀着“绝不能死”的念头坚强地活着，\n却也没有明确的未来目标。不过，\n为了证明我存在的意义，我会每天努力精进。\n所以拿到悲叹之种后，\n请务必来 Puella Care！	"我一直怀着“绝不能死”的念头坚强地活着，
却也没有明确的未来目标。不过，
为了证明我存在的意义，我会每天努力精进。
所以拿到悲叹之种后，
请务必来 Puella Care！"			linebreak_serialization_normalized
charaMessageList.json	1040|24	message	"今日も来てくれたのですね。さ、こちらへど
うぞ。部屋の温度は快適でしょうか？ご要
望があればなんなりと申し付けください"	今天也来看我了呢。来，\n请到这边。房间温度还舒适吗？\n若有任何要求，请尽管吩咐。	"今天也来看我了呢。来，
请到这边。房间温度还舒适吗？
若有任何要求，请尽管吩咐。"			linebreak_serialization_normalized
charaMessageList.json	1040|25	message	"ちょうど朝食の支度を終えたところです。せ
っかくなので温かいうちにいかがですか？
いいオレンジジュースも仕入れたんですよ"	我刚准备好早餐。\n难得有这个机会，要趁热来一点吗？\n我还进了一批很不错的橙汁。	"我刚准备好早餐。
难得有这个机会，要趁热来一点吗？
我还进了一批很不错的橙汁。"			linebreak_serialization_normalized
charaMessageList.json	1040|26	message	"お腹、空きましたよね。ふふ、私もです。…
ダイエット中でしたか。十分おキレイだと
思いますが、サラダバーのあるお店を探し
ましょう"	肚子饿了吧？呵呵，我也是。\n……原来您正在减肥吗？\n我觉得您已经足够漂亮了，\n不过我们还是找一家有沙拉吧的店吧。	"肚子饿了吧？呵呵，我也是。
……原来您正在减肥吗？
我觉得您已经足够漂亮了，
不过我们还是找一家有沙拉吧的店吧。"			linebreak_serialization_normalized
charaMessageList.json	1040|27	message	"幼い頃はこの時間、習い事で休む間もなかっ
たですね。ピアノに水泳に絵画にダンスに
…。結構、教養もあるんですよ"	小时候的这个时间，我总被各种课程占满，\n连休息都没有。钢琴、游泳、绘画、\n舞蹈……我其实也颇有教养哦。	"小时候的这个时间，我总被各种课程占满，
连休息都没有。钢琴、游泳、绘画、
舞蹈……我其实也颇有教养哦。"			linebreak_serialization_normalized
charaMessageList.json	1040|28	message	"こんばんは。そろそろお休みのお時間ですか
？お休みする前、最後のひとときを共にす
ごせて、大変光栄です。疲れは存分に癒し
ましょう"	晚上好。差不多该休息了吗？\n能在您睡前陪您度过最后一段时光，\n我深感荣幸。\n请好好消除疲劳吧。	"晚上好。差不多该休息了吗？
能在您睡前陪您度过最后一段时光，
我深感荣幸。
请好好消除疲劳吧。"			linebreak_serialization_normalized
charaMessageList.json	1040|29	message	"今日は珍しく忙しいですね…。おっと、ダメ
ですね。笑顔笑顔。調整する私に元気がな
ければ、きっと魔法少女も不安です。そう
メモにもあります"	今天少见地忙碌呢……哎呀，\n这可不行。要保持笑容。\n负责调整的我若没有精神，\n魔法少女一定也会不安。备忘录上也是这么写的。	"今天少见地忙碌呢……哎呀，
这可不行。要保持笑容。
负责调整的我若没有精神，
魔法少女一定也会不安。备忘录上也是这么写的。"			linebreak_serialization_normalized
charaMessageList.json	1040|30	message	"魔女がたくさん発生したようですね。頑張っ
てください。グリーフシードを手に入れた
ら、ぜひ我々調整屋まで！"	似乎出现了许多魔女。\n请加油。拿到悲叹之种后，\n请务必送到我们调整屋来！	"似乎出现了许多魔女。
请加油。拿到悲叹之种后，
请务必送到我们调整屋来！"			linebreak_serialization_normalized
charaMessageList.json	1040|31	message	"果てなしのミラーズ…。私がいた地域には、
こんな現象は起きていなかった。神浜には
不思議なことが多いですね"	无尽镜层……我过去所在的地\n区从未发生过这种现象。\n神滨真是有许多不可思议的事。	"无尽镜层……我过去所在的地
区从未发生过这种现象。
神滨真是有许多不可思议的事。"			linebreak_serialization_normalized
charaMessageList.json	1040|32	message	"おお…！お客様がこんなに…。え？違う？…
これからこの人数で戦う…？そうですか。
では死んでしまわれる前に、ぜひ調整を！"	哦……！竟然有这么多客人……。咦？不是？\n……接下来要由这些人一起战斗……？我明白了。\n那么在各位丧命之前，请务必先来调整！	"哦……！竟然有这么多客人……。咦？不是？
……接下来要由这些人一起战斗……？我明白了。
那么在各位丧命之前，请务必先来调整！"			linebreak_serialization_normalized
charaMessageList.json	1040|33	message	"私はいつでも中立ですよ。ええ、中立は中立
。決して踏み込むこともありません。…幻
滅しましたか？"	我无论何时都会保持中立。\n是的，中立就是中立。\n我绝不会越界干涉。……您失望了吗？	"我无论何时都会保持中立。
是的，中立就是中立。
我绝不会越界干涉。……您失望了吗？"			linebreak_serialization_normalized
charaMessageList.json	1040|34	message	"消えろ！この虫ケラ!!…ふぅ、まさか車内
にあんな大きなハエが入ってくるとは…。
野外で調整する際の、最大の欠点ですね"	消失吧！你这只臭虫！！……呼，\n没想到车里竟会飞进这么大的苍蝇。\n这就是在户外进行调整时最大的缺点。	"消失吧！你这只臭虫！！……呼，
没想到车里竟会飞进这么大的苍蝇。
这就是在户外进行调整时最大的缺点。"			linebreak_serialization_normalized
charaMessageList.json	1040|35	message	"いい映画でしたね…ええっ!?どうされたの
ですか!?…今の映画で…？なるほど、優
しい人は今の映画で涙を流すのですね…。
メモします"	真是一部好电影……咦！？\n您怎么了！？……因为刚才的电影？\n原来如此，温柔的人会为那\n种电影流泪啊……我记下了。	"真是一部好电影……咦！？
您怎么了！？……因为刚才的电影？
原来如此，温柔的人会为那
种电影流泪啊……我记下了。"			linebreak_serialization_normalized
charaMessageList.json	1040|36	message	"魔法少女になるとわかりにくいですが、実は
元々の身体能力も結構高いのですよ。ほら
、ここの筋肉、どうですか？触ってもいい
ですよ"	成为魔法少女后不容易看出来，\n其实我原本的身体能力也相当不错。\n看，这里的肌肉怎么样？\n可以摸摸看。	"成为魔法少女后不容易看出来，
其实我原本的身体能力也相当不错。
看，这里的肌肉怎么样？
可以摸摸看。"			linebreak_serialization_normalized
charaMessageList.json	1040|37	message	"スー…、スー…。…おっと、失礼。居眠りを
してしまいました。…え？ふふ、私だって
睡眠は取りますよ。…あの、人間ですよ？"	呼……呼……。……失礼了，\n我不小心睡着了。……咦？呵呵，\n我当然也需要睡觉。……那个，我也是人类哦？	"呼……呼……。……失礼了，
我不小心睡着了。……咦？呵呵，
我当然也需要睡觉。……那个，我也是人类哦？"			linebreak_serialization_normalized
charaMessageList.json	1040|38	message	"みたまさんは…姉弟子にあたるのでしょうか
。あまり面識はありませんが。調整屋は服
を脱がすという風評被害を作られた方です
ね"	御魂小姐……算是我的师姐吗？\n虽然我们并不熟。\n她就是让“调整屋会脱掉客人衣服”\n这种风评流传开来的人吧。	"御魂小姐……算是我的师姐吗？
虽然我们并不熟。
她就是让“调整屋会脱掉客人衣服”
这种风评流传开来的人吧。"			linebreak_serialization_normalized
charaMessageList.json	1040|39	message	"月出里は本当に元気ですよね。あと、とても
おしゃべりです。…いやいや、本当におし
ゃべりなんですよ"	月出里真的很有精神。\n而且非常健谈。……\n不不，她真的非常健谈。	"月出里真的很有精神。
而且非常健谈。……
不不，她真的非常健谈。"			linebreak_serialization_normalized
charaMessageList.json	1040|40	message	"先生は…、お店に立つ時はしっかりしてるの
ですが、裏では結構だらしなくて…。脱い
だストッキングを放置するのは控えていた
だきたいですね"	老师……站在店里时很可靠，\n私下却相当散漫……\n。希望她不要再把脱下\n来的丝袜随手乱放。	"老师……站在店里时很可靠，
私下却相当散漫……
。希望她不要再把脱下
来的丝袜随手乱放。"			linebreak_serialization_normalized
charaMessageList.json	1040|41	message	"息を吸って…大きく、味わうように吸って…
。吐いて…。力を抜いて…。私にゆっくり
、身を任せて…。…お疲れ様でした。調整
終わりです"	吸气……深深地、细细体会着吸气…\n…。然后呼气……放松身体…\n…慢慢把自己交给我……。\n……辛苦了，调整结束。	"吸气……深深地、细细体会着吸气…
…。然后呼气……放松身体…
…慢慢把自己交给我……。
……辛苦了，调整结束。"			linebreak_serialization_normalized
charaMessageList.json	1040|77	message	"マギア・レコード　魔法少女まどか☆マギカ
外伝"	魔法纪录　魔\n法少女小圆外传	"魔法纪录　魔
法少女小圆外传"			linebreak_serialization_normalized
charaMessageList.json	3021|1	message	"プロミストブラッドの一員、鈴鹿さくやだよ
。神浜の学校には最近転校してきたんだ。
あー、転校の理由は言えないんだけど、や
ましいことはないよ！…君、神浜の魔法少
女、だよね？穏便に済ませたいって思って
るなら、私に深く関わらない方がいいかも
よ"	我是约定之血的一员，\n铃鹿咲夜。最近刚转学到神滨的学校。\n啊，转学的原因不能说，\n不过我可没做什么亏心事！\n……你是神滨的魔法少女，\n对吧？若想和平收场，\n最好别和我牵扯太深。	"我是PROMISED BLOOD的一员，
铃鹿咲夜。最近刚转学到神滨的学校。
啊，转学的原因不能说，
不过我可没做什么亏心事！
……你是神滨的魔法少女，
对吧？若想和平收场，
最好别和我牵扯太深。"			changed_unclassified
charaMessageList.json	3021|2	message	"初めまして！私、鈴鹿さくや！さくやって呼
んでよ。…あーゴメン、馴れ馴れしかった
かな？迷惑かけないようにするから、とに
かくよろしくね！"	初次见面！我是铃鹿咲夜，\n叫我咲夜就好。……啊，抱歉，\n是不是太自来熟了？\n我会尽量不给你添麻烦，总之请多关照！	"初次见面！我是铃鹿咲夜，
叫我咲夜就好。……啊，抱歉，
是不是太自来熟了？
我会尽量不给你添麻烦，总之请多关照！"			linebreak_serialization_normalized
charaMessageList.json	3021|13	message	"ふぅ、やっとウォーミングアップ完了ってト
コかな。まだまだ鍛えるよ！"	呼，热身总算结束了。\n接下来还要继续锻炼！	"呼，热身总算结束了。
接下来还要继续锻炼！"			linebreak_serialization_normalized
charaMessageList.json	3021|14	message	"おっし！今日の練習メニュー完了！あとは追
加で何をやろっかな～！"	好！今天的训练计划完成！\n接下来再加练点什么呢～！	"好！今天的训练计划完成！
接下来再加练点什么呢～！"			linebreak_serialization_normalized
charaMessageList.json	3021|15	message	"陸上の思い出は色々あるけど、あの大会のこ
とは忘れられないな…。"	田径方面有很多回忆，\n但那场比赛我永远忘不了……	"田径方面有很多回忆，
但那场比赛我永远忘不了……"			linebreak_serialization_normalized
charaMessageList.json	3021|16	message	"樹里やらんかとは、同じチームになってから
少し気まずい時もあったけど、今は同じ目
的のためにうまく連携して動けてるよ"	和树里、兰华刚成为同一队时，\n偶尔也会很尴尬。不过现在为了共同目标，\n我们已经能配合得很好了。	"和树里、兰华刚成为同一队时，
偶尔也会很尴尬。不过现在为了共同目标，
我们已经能配合得很好了。"			linebreak_serialization_normalized
charaMessageList.json	3021|17	message	"アオはただのゲーマーじゃないよ。ゲームだ
けじゃなく、リアルでも頭が切れてて必ず
勝てる作戦を考えてくれるし、すごく頼り
になるんだ！"	青可不只是个游戏宅。\n她不仅擅长游戏，\n现实中也很聪明，\n总能想出必胜作战，特别可靠！	"青可不只是个游戏宅。
她不仅擅长游戏，
现实中也很聪明，
总能想出必胜作战，特别可靠！"			linebreak_serialization_normalized
charaMessageList.json	3021|18	message	"結菜…前は、怒りで我を忘れるような子じゃ
なかったのに…。でも、優しいところは変
わってない。いつか、元の結菜に戻るよね
…？"	结菜……以前明明不是会被愤怒\n冲昏头脑的人……。\n不过她温柔的一面并没有改变。\n总有一天，她会变回原来的结菜吧……？	"结菜……以前明明不是会被愤怒
冲昏头脑的人……。
不过她温柔的一面并没有改变。
总有一天，她会变回原来的结菜吧……？"			linebreak_serialization_normalized
charaMessageList.json	3021|19	message	"おっ!?今、わかっちゃったかも！あれだ、
ゾーンに入るってやつだ！"	哦！？我好像突然明白了！\n就是那个吧，所谓“进入状态”！	"哦！？我好像突然明白了！
就是那个吧，所谓“进入状态”！"			linebreak_serialization_normalized
charaMessageList.json	3021|20	message	"うー…んっ、気持ちいーい！体に力がみなぎ
ってきたよ！"	唔——嗯，太舒服了！\n力量正在从身体里不断涌出来！	"唔——嗯，太舒服了！
力量正在从身体里不断涌出来！"			linebreak_serialization_normalized
charaMessageList.json	3021|21	message	"魔女もグリーフシードもなかった頃の二木に
比べれば、今はずっとマシだよ。三姉妹に
ついていけば必ず救われるって、希望を持
てるからね！"	和既没有魔女也没有悲叹之种的二木相比，\n现在已经好太多了。\n因为我们能够抱着希望，\n相信跟随三姐妹就一定会获救！	"和既没有魔女也没有悲叹之种的二木相比，
现在已经好太多了。
因为我们能够抱着希望，
相信跟随三姐妹就一定会获救！"			linebreak_serialization_normalized
charaMessageList.json	3021|22	message	"チームの今後のことは、結菜たち三姉妹が決
めることだから、私は私にできることをす
るよ。…まぁ、結菜をサポートするぐらい
しかできないけど、必要としてくれる限り
、私は結菜と共に居続けるよ"	队伍今后的方向由结菜她们三姐妹决定，\n我只要做好自己能做的事。\n……虽然我大概只能支援结菜，\n但只要她还需要我，\n我就会一直陪在她身边。	"队伍今后的方向由结菜她们三姐妹决定，
我只要做好自己能做的事。
……虽然我大概只能支援结菜，
但只要她还需要我，
我就会一直陪在她身边。"			linebreak_serialization_normalized
charaMessageList.json	3021|23	message	"魔法少女同士で争うなんて、できるならした
くないよ。だけど、結菜やひかるや…仲間
たちを傷つけるヤツが居る限り、私は戦う
しかないんだ。たとえ私が敵う相手じゃな
くても…完全燃焼するまで止まらない…！"	魔法少女彼此争斗，若能避免，\n我当然不愿意。可是，只要还有人伤害结菜、\n光……以及其他伙伴，我就只能战斗。\n哪怕对手并非我能战胜……\n在彻底燃尽之前，我也不会停下！	"魔法少女彼此争斗，若能避免，
我当然不愿意。可是，只要还有人伤害结菜、
光……以及其他伙伴，我就只能战斗。
哪怕对手并非我能战胜……
在彻底燃尽之前，我也不会停下！"			linebreak_serialization_normalized
charaMessageList.json	3021|24	message	"おーっす！今日はどの部位を鍛える？OK、
ハムストリングね！筋トレは精神力も鍛え
てくれるからね、魔法少女にも効果あるか
もしれないよ！"	哟！今天要练哪个部位？\n好，腘绳肌对吧！\n力量训练还能锻炼意志力，\n说不定对魔法少女也有效哦！	"哟！今天要练哪个部位？
好，腘绳肌对吧！
力量训练还能锻炼意志力，
说不定对魔法少女也有效哦！"			linebreak_serialization_normalized
charaMessageList.json	3021|25	message	"おはよー！私はジョギングに行くとこだけど
、もちろん一緒に来るよね!?運動してか
ら食べる朝ご飯って、最っ高だもんね！"	早上好！我正要去慢跑，\n你当然也会一起来吧！？\n运动过后吃的早餐可是最棒的！	"早上好！我正要去慢跑，
你当然也会一起来吧！？
运动过后吃的早餐可是最棒的！"			linebreak_serialization_normalized
charaMessageList.json	3021|26	message	"くぅぅ…お腹空いたぁ～。…よしっ、早弁し
ちゃおっとー。…えっ、フツーするよね？
育ち盛りの女子なら、みんなやってるよね
!?"	呜……肚子好饿～。……\n好，提前吃午饭吧。……\n咦，这很普通吧？\n正值发育期的女生都会这么做吧！？	"呜……肚子好饿～。……
好，提前吃午饭吧。……
咦，这很普通吧？
正值发育期的女生都会这么做吧！？"			linebreak_serialization_normalized
charaMessageList.json	3021|27	message	"あ、部活の時間だ！よーし、今日も気合入れ
て、いっちょ激走しちゃいますかー！…っ
てダメダメ！目立たないようにしないと…"	啊，到社团活动时间了！好，\n今天也鼓足干劲，痛快地狂奔一场吧！\n……不行不行！得注意别太显眼……	"啊，到社团活动时间了！好，
今天也鼓足干劲，痛快地狂奔一场吧！
……不行不行！得注意别太显眼……"			linebreak_serialization_normalized
charaMessageList.json	3021|28	message	"さて、寝よーう！強くなるためには、睡眠も
重要な要素だからね。あっ!?宿題…やっ
てない…けど！明日の私が頑張るはず！よ
し、寝よーう！"	好，睡觉！想变强，\n睡眠也是重要因素。啊！？\n作业……还没做……不过！\n明天的我一定会努力！好，睡觉！	"好，睡觉！想变强，
睡眠也是重要因素。啊！？
作业……还没做……不过！
明天的我一定会努力！好，睡觉！"			linebreak_serialization_normalized
charaMessageList.json	3021|29	message	"最近は体を鍛える女子が増えてるらしいよ！
ようやく時代が私に追いついて…ハッ！追
いつかれたらダメだよね！ぶっちぎりで突
き放さなきゃ！"	听说最近锻炼身体的女生变多了！\n时代终于追上我了……\n等等！被追上可不行，\n必须把她们远远甩开！	"听说最近锻炼身体的女生变多了！
时代终于追上我了……
等等！被追上可不行，
必须把她们远远甩开！"			linebreak_serialization_normalized
charaMessageList.json	3021|30	message	"さーて、活動、活動…。あ、もちろん、魔女
退治のことだよ！それ以外の意味なんてあ
るわけないし！んじゃ、パトロールにしゅ
っぱーつ！"	好，该活动了……。\n啊，当然是指讨伐魔女！\n怎么可能还有别的意思！\n那么，出发巡逻！	"好，该活动了……。
啊，当然是指讨伐魔女！
怎么可能还有别的意思！
那么，出发巡逻！"			linebreak_serialization_normalized
charaMessageList.json	3021|31	message	"「果てなしのミラーズ」で私のコピーに会っ
たら、一度はスピード勝負してみたいな。
「最大の敵は自分」って言うしね！"	如果在无尽镜层遇见我的复制体，\n我想至少比一次速度。\n不是常说“最大的敌人是自己”吗！	"如果在无尽镜层遇见我的复制体，
我想至少比一次速度。
不是常说“最大的敌人是自己”吗！"			linebreak_serialization_normalized
charaMessageList.json	3021|32	message	"何度やっても、チーム戦は緊張するね。私の
ヘマでみんなをピンチに巻き込むわけには
いかないし。…ふぅ、気を引き締めていこ
う！"	无论经历多少次，\n团队战还是会紧张。\n不能因为我的失误让大家陷入危机。\n……呼，打起精神上吧！	"无论经历多少次，
团队战还是会紧张。
不能因为我的失误让大家陷入危机。
……呼，打起精神上吧！"			linebreak_serialization_normalized
charaMessageList.json	3021|33	message	"大丈夫、やればできる！今は不安でも、自信
なんてあとからついてくる！いけるいける
！頑張れ頑張れ！ゴールはもうすぐそこだ
ー！"	没问题，只要做就一定能做到！\n就算现在不安，\n自信之后自然会跟上！没问题没问题！\n加油加油！终点就在前方！	"没问题，只要做就一定能做到！
就算现在不安，
自信之后自然会跟上！没问题没问题！
加油加油！终点就在前方！"			linebreak_serialization_normalized
charaMessageList.json	3021|34	message	"そろそろ引っ越しバイトに応募しようと思っ
てるんだよね！家族には転校したいってワ
ガママ聞いてもらったし、少しでも恩を返
さなきゃ！"	我正打算去应聘搬家兼职！\n家里已经迁就我转学\n的任性要求了，\n我也得尽量报答他们！	"我正打算去应聘搬家兼职！
家里已经迁就我转学
的任性要求了，
我也得尽量报答他们！"			linebreak_serialization_normalized
charaMessageList.json	3021|35	message	"はぁ…大丈夫かなぁ…実家のスニーカーコレ
クション。いや、そりゃあ心配だよ！私が
目を離すと、お母さんが勝手に履こうとす
るしさ！"	唉……不知道家里的球\n鞋收藏还好吗。\n那当然会担心啊！只要我没盯着，\n妈妈就会擅自拿来穿！	"唉……不知道家里的球
鞋收藏还好吗。
那当然会担心啊！只要我没盯着，
妈妈就会擅自拿来穿！"			linebreak_serialization_normalized
charaMessageList.json	3021|36	message	"ぬ、ぐぅぅ…食べたいぃっ…イヤ！我慢我慢
…！ラーメンは太る…ラーメンは筋肉にな
らない…けどラーメンはウマい…あぁ！食
べたいッ！"	呜、唔……好想吃……不行，\n要忍住！拉面会长胖……\n拉面不能变成肌肉……\n但拉面真的很好吃……啊！好想吃！	"呜、唔……好想吃……不行，
要忍住！拉面会长胖……
拉面不能变成肌肉……
但拉面真的很好吃……啊！好想吃！"			linebreak_serialization_normalized
charaMessageList.json	3021|37	message	"ああ、もう！なんでこうも、「臨機応変」と
か「柔軟」って言葉が似合わないかなー！
らんかみたいにうまくやりたいのに…"	真是的！为什么“随机应变”“灵活”\n这些词就这么不适合我啊！\n我明明也想像兰华一样处理得游刃有余……	"真是的！为什么“随机应变”“灵活”
这些词就这么不适合我啊！
我明明也想像兰华一样处理得游刃有余……"			linebreak_serialization_normalized
charaMessageList.json	3021|38	message	"あー…やれやれ…。次女は人使いが荒いなー
。まぁ、頼まれ事の難易度が高いほど、私
も燃えてくるんだけどさ！"	唉……真拿她没办法。\n二姐使唤人也太不客气了。\n不过委托越困难，我反而越有干劲！	"唉……真拿她没办法。
二姐使唤人也太不客气了。
不过委托越困难，我反而越有干劲！"			linebreak_serialization_normalized
charaMessageList.json	3021|39	message	"たまに…怖い夢を見るんだ。昔の友だちが、
追いかけて来る夢…。私が…、…いや、何
でもないよ…何でもない…"	有时……我会做很可怕的梦。\n梦见从前的朋友追着我……是我…\n…不，没什么……真的没什么……	"有时……我会做很可怕的梦。
梦见从前的朋友追着我……是我…
…不，没什么……真的没什么……"			linebreak_serialization_normalized
charaMessageList.json	3021|40	message	"れ、恋愛なんて私全然わからないよ！昔好き
な人は居たけど「好き！」って告白したら
速攻断られて玉砕したっていうかああもう
何言ってんの私!?"	恋、恋爱什么的我完全不懂！\n以前倒是有喜欢的人，\n可我一告白就立刻被拒绝，\n惨败而归——啊啊，我到底在说什么！？	"恋、恋爱什么的我完全不懂！
以前倒是有喜欢的人，
可我一告白就立刻被拒绝，
惨败而归——啊啊，我到底在说什么！？"			linebreak_serialization_normalized
charaMessageList.json	3021|41	message	"…998、999、1000！はぁぁ、終わ
ったー…！筋トレのこの達成感が好きなん
だよね～！さーて、腹筋さんは～…うん、
見事な仕上がりだよ！"	……998、999、1000！\n呼——结束了！\n我就是喜欢练完后的成就感！那么，\n腹肌怎么样……嗯，练得真漂亮！	"……998、999、1000！
呼——结束了！
我就是喜欢练完后的成就感！那么，
腹肌怎么样……嗯，练得真漂亮！"			linebreak_serialization_normalized
charaMessageList.json	3021|77	message	"マギア・レコード　魔法少女まどか☆マギカ
外伝"	魔法纪录　魔\n法少女小圆外传	"魔法纪录　魔
法少女小圆外传"			linebreak_serialization_normalized
charaMessageList.json	3056|1	message	"僕の名は水樹塁。数千年前の異世界大戦を勝
利に導いた伝説の覇王の生まれ変わりなん
だ。おっと、僕は“奴ら”から呪いを受け
ている。だから僕に触るのはやめるんだ。
君の存在を「なかった」ことにされたくな
ければね。“奴ら”、この世界でも元気に
してるようだね"	我的名字是水树垒，\n是数千年前引领异世界大战走向\n胜利的传说霸王转世。等等，\n我受到“那些家伙”的诅咒，\n所以不要碰我。除非你想让自己的\n存在变成“从未存在过”。\n看来“那些家伙”在这个世界也活跃得很。	"我的名字是水树垒，
是数千年前引领异世界大战走向
胜利的传说霸王转世。等等，
我受到“那些家伙”的诅咒，
所以不要碰我。除非你想让自己的
存在变成“从未存在过”。
看来“那些家伙”在这个世界也活跃得很。"			linebreak_serialization_normalized
charaMessageList.json	3056|2	message	"僕は水樹塁。またの名をフォートレス・ザ・
ウィザード。深淵の多次元世界より舞い降
りし混沌の覇王…。フフ、完ぺ…わぁ!?
い、いたの…？"	我是水树垒，别名 Fortress\n the Wizard——自深渊多\n维世界降临的混沌霸王……呵呵，完美…\n…哇！？你、你什么时候来的……？	"我是水树垒，别名 Fortress
 the Wizard——自深渊多
维世界降临的混沌霸王……呵呵，完美…
…哇！？你、你什么时候来的……？"			linebreak_serialization_normalized
charaMessageList.json	3056|14	message	"パーフェクト・フォートレス・ザ・ウィザー
ドだ！"	我就是 Perfect Fort\nress the Wizard！	"我就是 Perfect Fort
ress the Wizard！"			linebreak_serialization_normalized
charaMessageList.json	3056|16	message	"好きなゲームはね…同人ゲームの…「終約聖
書」シリーズだよ…。どこがいいのかって
プレゼンは苦手だけど…とにかく真九位院
先生は神！"	我喜欢的游戏……\n是同人游戏《终约圣书》系列。\n要我介绍它哪里好，我不太擅长…\n…总之真九位院老师就是神！	"我喜欢的游戏……
是同人游戏《终约圣书》系列。
要我介绍它哪里好，我不太擅长…
…总之真九位院老师就是神！"			linebreak_serialization_normalized
charaMessageList.json	3056|17	message	"中二病になったのは…確かに「終約聖書」の
せいだけど…で、でも出会ったことに後悔
はないよ…。だって、あれから毎日、楽し
いし…"	我变成中二病……\n确实是受《终约圣书》影响……\n但、但是我一点也不后悔与它相遇。\n因为从那以后，每一天都很开心……	"我变成中二病……
确实是受《终约圣书》影响……
但、但是我一点也不后悔与它相遇。
因为从那以后，每一天都很开心……"			linebreak_serialization_normalized
charaMessageList.json	3056|18	message	"みんな「終約聖書」のこと中二中二って叩く
けど…、すごいじゃん…。あんな設定、普
通は思いつかないよ…。私が、レビュー書
かないと…！"	大家总拿“中二”攻击《终约圣书》…\n…但它明明很厉害。\n普通人根本想不出那种设定…\n…必须由我来写评论……！	"大家总拿“中二”攻击《终约圣书》…
…但它明明很厉害。
普通人根本想不出那种设定…
…必须由我来写评论……！"			linebreak_serialization_normalized
charaMessageList.json	3056|19	message	"ふっふっふっ…！遂に来たぞ！カタストロフ
ィの幕開けだ！"	呵呵呵……终于来临了！\n大灾变的序幕！	"呵呵呵……终于来临了！
大灾变的序幕！"			linebreak_serialization_normalized
charaMessageList.json	3056|20	message	"まだまだ僕は強くなれる！こんなところで終
わらない！"	我还能变得更强！\n绝不会在这里结束！	"我还能变得更强！
绝不会在这里结束！"			linebreak_serialization_normalized
charaMessageList.json	3056|21	message	"みんな、僕から離れろ！…これが僕の真の姿
…！もう誰も、僕を止められない…！そう
、この、僕自身にもだ…！"	大家都离我远一点！……\n这就是我的真正姿态……！\n已经没有任何人能阻止我……没错，就连我自己也不能！	"大家都离我远一点！……
这就是我的真正姿态……！
已经没有任何人能阻止我……没错，就连我自己也不能！"			linebreak_serialization_normalized
charaMessageList.json	3056|22	message	"天門眼に映る世界が、またひとつ鮮明になっ
た。これでより、人の死を視ることができ
る。くっくっく…！なんてすばらしい力な
んだ。死神の呪いを受けたこの僕にこそふ
さわしい"	天门眼中映出的世界又清晰了一分。\n这样我就能更清楚地看见人的死亡。\n呵呵呵……\n多么美妙的力量，\n正适合身负死神诅咒的我。	"天门眼中映出的世界又清晰了一分。
这样我就能更清楚地看见人的死亡。
呵呵呵……
多么美妙的力量，
正适合身负死神诅咒的我。"			linebreak_serialization_normalized
charaMessageList.json	3056|23	message	"無敵の僕…フォートレス・ザ・ウィザードは
、今日も地獄の鎌と共に混沌の旋律を奏で
る…。そして救うのさ。このクソったれな
世界とそこに生きる金色の仲間たち…そし
て僕…、いや、光塁のことをね"	无敌的我——Fortress t\nhe Wizard，\n今天也会与地狱镰刀一同奏响混沌旋律。\n然后拯救这个混账世界、生活其中的金色伙伴们…\n…还有我自己。不，是光垒。	"无敌的我——Fortress t
he Wizard，
今天也会与地狱镰刀一同奏响混沌旋律。
然后拯救这个混账世界、生活其中的金色伙伴们…
…还有我自己。不，是光垒。"			linebreak_serialization_normalized
charaMessageList.json	3056|24	message	"私に会いに来た…？ありがとう。でも、別に
私は、ひとりが寂しいってわけじゃないか
ら、無理して構わなくていいよ"	你是来看我的……？\n谢谢。不过我并不是害怕独处，\n你不用勉强陪我。	"你是来看我的……？
谢谢。不过我并不是害怕独处，
你不用勉强陪我。"			linebreak_serialization_normalized
charaMessageList.json	3056|25	message	"ふむ…。闇が終わったか…。この錆びついた
肉体には、やはり甘石とミノタウロスの血
を注いだ漆黒の聖水に限る"	嗯……黑夜结束了吗……。\n对这具锈蚀的肉体来说，果然还是注入甜\n石与弥诺陶洛斯之血的漆黑圣水最合适。	"嗯……黑夜结束了吗……。
对这具锈蚀的肉体来说，果然还是注入甜
石与弥诺陶洛斯之血的漆黑圣水最合适。"			linebreak_serialization_normalized
charaMessageList.json	3056|26	message	"原罪を背負った悲しき人類に許されたひと時
の安寧…。闇夜に向けて魂の洗練をするの
もまた、孤独な破壊神の使命…"	背负原罪的悲哀人类获准享受的片刻安宁…\n…为暗夜淬炼灵魂，\n也是孤独破坏神的使命……	"背负原罪的悲哀人类获准享受的片刻安宁…
…为暗夜淬炼灵魂，
也是孤独破坏神的使命……"			linebreak_serialization_normalized
charaMessageList.json	3056|27	message	"僕はね…夜が苦手なんだ…。夜はね、虚無な
んだ。虚無への誘いは、世界の停滞さ…。
だから僕は、光を逃がさない"	我……不擅长夜晚。夜晚就是虚无，\n虚无的诱惑会让世界停滞。\n所以我绝不会放走光明。	"我……不擅长夜晚。夜晚就是虚无，
虚无的诱惑会让世界停滞。
所以我绝不会放走光明。"			linebreak_serialization_normalized
charaMessageList.json	3056|28	message	"まずい…！天門眼の力が封じ込まれていく…
！なんという妖力だ…！このままでは、世
界の連続性が途絶えて…！"	糟了……天门眼的力量正在被封印！\n好强的妖力……！这样下去，\n世界的连续性就会被截断……！	"糟了……天门眼的力量正在被封印！
好强的妖力……！这样下去，
世界的连续性就会被截断……！"			linebreak_serialization_normalized
charaMessageList.json	3056|29	message	"ほう…、あの男の暗殺か。“奴ら”との戦争
も辞さないということだね。目をつむるだ
けで、新世界へのカウントダウンが聞こえ
るよ"	哦……要暗杀那个男人吗？\n看来你们不惜与“那些家伙”\n开战。只要闭上眼睛，\n我就能听见新世界的倒计时。	"哦……要暗杀那个男人吗？
看来你们不惜与“那些家伙”
开战。只要闭上眼睛，
我就能听见新世界的倒计时。"			linebreak_serialization_normalized
charaMessageList.json	3056|30	message	"フフ、現れたな。地獄よりの使者、魔女め…
。数多の魂を見送ったこの左眼の力、今こ
そ解放する時…！"	呵呵，你终于出现了，\n来自地狱的使者——魔女。送别过无数灵魂的这只左眼，\n如今正是解放力量之时……！	"呵呵，你终于出现了，
来自地狱的使者——魔女。送别过无数灵魂的这只左眼，
如今正是解放力量之时……！"			linebreak_serialization_normalized
charaMessageList.json	3056|31	message	"あれが果てなしのミラーズか。生意気にも、
僕の分身までいるようだな…。だが、この
世にフォートレス・ザ・ウィザードはひと
りで十分…！"	那就是无尽镜层吗？\n竟然狂妄到连我的分身都有……\n不过世上只需要一个 Fortr\ness the Wizard！	"那就是无尽镜层吗？
竟然狂妄到连我的分身都有……
不过世上只需要一个 Fortr
ess the Wizard！"			linebreak_serialization_normalized
charaMessageList.json	3056|32	message	"くっくっく…！素晴らしい光景だ…！いいぞ
…！争え…！もっと争え…！見込みのある
者は僕の同志にしてやる！"	呵呵呵……多么壮观的景象！很好…\n…争斗吧……更加激烈地争斗吧！\n有潜力的人，我会准许你成为同志！	"呵呵呵……多么壮观的景象！很好…
…争斗吧……更加激烈地争斗吧！
有潜力的人，我会准许你成为同志！"			linebreak_serialization_normalized
charaMessageList.json	3056|33	message	"…あ、ごめん…。ちょっと考えごとをしてて
。…何を考えてたかなんて聞かない方がい
いよ…。本当に、つまらないことだから"	……啊，抱歉。我刚才在想事情。\n……你还是别问我在想什么了，\n真的只是无聊透顶的事。	"……啊，抱歉。我刚才在想事情。
……你还是别问我在想什么了，
真的只是无聊透顶的事。"			linebreak_serialization_normalized
charaMessageList.json	3056|34	message	"え…、今度の大型連休の予定…？ごめん…。
毎年その日は、どうしても外せない用事が
あって…。その日にしか会えない人がいる
の"	咦……下次长假的安排？\n抱歉，每年那一天我都有绝\n不能推掉的事。因为有一个人，\n只有那天才能见到。	"咦……下次长假的安排？
抱歉，每年那一天我都有绝
不能推掉的事。因为有一个人，
只有那天才能见到。"			linebreak_serialization_normalized
charaMessageList.json	3056|35	message	"似顔絵のモデル…？私が…？うん、わかった
。じっとしてるだけでいいの？ポーズは…
、必要ないよね"	肖像画模特……要我来？\n好，我知道了。只要一动不动就行？\n不、不需要摆姿势吧。	"肖像画模特……要我来？
好，我知道了。只要一动不动就行？
不、不需要摆姿势吧。"			linebreak_serialization_normalized
charaMessageList.json	3056|36	message	"その漢字は、順番にたかなし、しののめ、わ
たぬきって読むの。えーと、漢字は得意と
いうわけじゃないけれど、たまたまわかっ
て…。"	那些汉字依次读作“高梨”\n“东云”和“四月一日”\n。呃，我也不是特别擅长汉字，\n只是刚好知道……	"那些汉字依次读作“高梨”
“东云”和“四月一日”
。呃，我也不是特别擅长汉字，
只是刚好知道……"			linebreak_serialization_normalized
charaMessageList.json	3056|37	message	"ムリぃ…。しんどい…。なんだよ…この裏ル
ート…。…っはぁ、ズル過ぎるぅ…。この
クソデカ感情、どう抑えりゃいいの…"	不行了……好难受……这条隐藏路线什么鬼…\n…哈，太作弊了……\n这么巨大又沉重的感情，到底要怎么压住……	"不行了……好难受……这条隐藏路线什么鬼…
…哈，太作弊了……
这么巨大又沉重的感情，到底要怎么压住……"			linebreak_serialization_normalized
charaMessageList.json	3056|38	message	"うぅ…、ぐすっ…。お母さん…勝手に部屋に
…入った…。あれを…見られたぁ…。もう
終わりだよぉ…。うぅ…"	呜……呜呜……妈妈……\n擅自进了房间……被她看见那个了…\n…全完了……呜呜……	"呜……呜呜……妈妈……
擅自进了房间……被她看见那个了…
…全完了……呜呜……"			linebreak_serialization_normalized
charaMessageList.json	3056|39	message	"私…ずっとぼっちだったけど…、せいらちゃ
んは私の話をちゃんと聞いてくれた…。こ
んなつたないのに…仲良くしてくれて…あ
りがとうだよ…"	我……一直都是一个人，\n可圣罗愿意认真听我说话。\n明明我说得这么笨拙……\n还愿意和我做朋友……谢谢你……	"我……一直都是一个人，
可圣罗愿意认真听我说话。
明明我说得这么笨拙……
还愿意和我做朋友……谢谢你……"			linebreak_serialization_normalized
charaMessageList.json	3056|40	message	"闇塁は…私の理想なのかな…。あんな風に強
くてカッコいい言葉で自分の気持ちを表現
して…。恥ずかしいけど、憧れる…"	暗垒……是我的理想吗？她那样强大，\n又能用帅气的话表达自己的心情…\n…虽然很羞耻，但我很憧憬……	"暗垒……是我的理想吗？她那样强大，
又能用帅气的话表达自己的心情…
…虽然很羞耻，但我很憧憬……"			linebreak_serialization_normalized
charaMessageList.json	3056|41	message	"にゃんにゃんにゃ～ん。はは、お前は本当に
いい子だね～。…うん、ネコになら普通に
喋れる。この調子で頑張れば…！"	喵喵喵～。哈哈，你真是乖孩子。\n……嗯，面对猫我能正常说话。\n只要保持这个状态努力下去……！	"喵喵喵～。哈哈，你真是乖孩子。
……嗯，面对猫我能正常说话。
只要保持这个状态努力下去……！"			linebreak_serialization_normalized
charaMessageList.json	3056|77	message	"マギア・レコード　魔法少女まどか☆マギカ
外伝"	魔法纪录　魔\n法少女小圆外传	"魔法纪录　魔
法少女小圆外传"			linebreak_serialization_normalized
charaMessageList.json	3058|1	message	"あたしの名前は南津 涼子！神浜近郊に住む
、時女一族の末裔だ！つっても、自分が時
女って知ったのは最近なんだけどな！まあ
期間は関係ねぇ。あたしが時女で、その時
女が日の本の為に戦うってんなら、協力し
ない手はねえよな！さあ、待ってろよ、神
浜!!"	我叫南津凉子！住在神滨近郊，\n是时女一族的后裔！\n虽说我也是最近才知道自己属于时女一族。\n不过时间长短无所谓。\n既然我是时女一族，\n而时女一族又要为日本而战，\n那我当然不能袖手旁观！神滨，给我等着！！	"我叫南津凉子！住在神滨近郊，
是时女一族的后裔！
虽说我也是最近才知道自己属于时女一族。
不过时间长短无所谓。
既然我是时女一族，
而时女一族又要为日本而战，
那我当然不能袖手旁观！神滨，给我等着！！"			linebreak_serialization_normalized
charaMessageList.json	3058|2	message	"あたしは南津 涼子！寺育ちの魔法少女だ！
毎日修行して、心身を鍛えてる！…は？い
やカツラじゃねぇよ。地毛だよ。僧侶じゃ
ねェよ"	我是南津凉子，寺院长大的魔法少女！\n每天都修行，锻炼身心！…\n…哈？这不是假发，是天生的。\n还有，我不是和尚。	"我是南津凉子，寺院长大的魔法少女！
每天都修行，锻炼身心！…
…哈？这不是假发，是天生的。
还有，我不是和尚。"			linebreak_serialization_normalized
charaMessageList.json	3058|13	message	"修行の成果だ！今日は肉食うぞ！肉！え、ま
た修行…？"	这是修行的成果！今天要吃肉！\n吃肉！咦，还要继续修行……？	"这是修行的成果！今天要吃肉！
吃肉！咦，还要继续修行……？"			linebreak_serialization_normalized
charaMessageList.json	3058|14	message	"じーちゃんや時女のみんな、そして生きとし
生けるもん全てに感謝だ"	感谢爷爷、时女的大家，\n以及世上一切有情众生。	"感谢爷爷、时女的大家，
以及世上一切有情众生。"			linebreak_serialization_normalized
charaMessageList.json	3058|15	message	"金に目がくらむような奴ァ、修行が足りてね
ェんだ"	会被金钱蒙蔽双眼的家伙，\n修行还远远不够。	"会被金钱蒙蔽双眼的家伙，
修行还远远不够。"			linebreak_serialization_normalized
charaMessageList.json	3058|16	message	"あたしは真っ直ぐなことが大好きだ！曲がっ
た奴がいたら、敵も味方も関係ねぇ。全員
矯正してやる！…おっと押し付けはいけね
ェな"	我最喜欢坦率正直！\n要是遇到心术不正的家伙，不管敌我，\n我都会全部纠正！……哎呀，\n不能把自己的想法强加给别人。	"我最喜欢坦率正直！
要是遇到心术不正的家伙，不管敌我，
我都会全部纠正！……哎呀，
不能把自己的想法强加给别人。"			linebreak_serialization_normalized
charaMessageList.json	3058|17	message	"両親があたしに残したのはこの体と魂だけだ
った。体を失った今、己の魂のままに生き
ることが、両親の生きた証になるんだと思
う。"	父母留给我的只有这副身体和灵魂。\n如今身体已经失去，我想，\n遵从自己的灵魂活下去，\n就是父母曾活过的证明。	"父母留给我的只有这副身体和灵魂。
如今身体已经失去，我想，
遵从自己的灵魂活下去，
就是父母曾活过的证明。"			linebreak_serialization_normalized
charaMessageList.json	3058|18	message	"あたしゃ嘘が苦手だ。特に自分につく嘘が一
番苦手だ。ということですまん！ろくな理
由も方便もねェけど、あたしは全力でお節
介を焼く！"	我不擅长说谎，尤其不擅长欺骗自己。\n所以抱歉！我既没有冠冕堂皇的理由，\n也不会找借口，\n但我就是要全力多管闲事！	"我不擅长说谎，尤其不擅长欺骗自己。
所以抱歉！我既没有冠冕堂皇的理由，
也不会找借口，
但我就是要全力多管闲事！"			linebreak_serialization_normalized
charaMessageList.json	3058|19	message	"これはいわゆる必殺技なのか？なら、技名叫
ぶ練習しねぇとな！"	这就是所谓的必杀技吗？\n那得练习喊招式名才行！	"这就是所谓的必杀技吗？
那得练习喊招式名才行！"			linebreak_serialization_normalized
charaMessageList.json	3058|20	message	"これでもっと人が救える。ああ、そのために
強くなったんだから！"	这样就能救下更多人。\n没错，我正是为此才变强！	"这样就能救下更多人。
没错，我正是为此才变强！"			linebreak_serialization_normalized
charaMessageList.json	3058|21	message	"力が悪いんじゃねェ。力を得て傲慢になるか
穏やかになるか、それは本人の心持ち次第
だ！あたしは絶対に、力には溺れねぇぞ！"	力量本身并没有错。得到力量后变得傲慢，\n还是保持平和，全看本人如何自处！\n我绝不会沉溺于力量！	"力量本身并没有错。得到力量后变得傲慢，
还是保持平和，全看本人如何自处！
我绝不会沉溺于力量！"			linebreak_serialization_normalized
charaMessageList.json	3058|22	message	"不思議だ…。妙に落ち着いてる。力を得るっ
てのは…、悟るってのは…、こういうこと
なんだな。ただ漠然と魔女と戦ってた頃は
、こんな風になンなかった。時女のみんな
にあたしも影響受けてンだな"	真不可思议……内心格外平静。\n获得力量……开悟……\n原来就是这种感觉。以前只是漫无目\n的地讨伐魔女时，从未有过这种心境。\n看来我也受到了时女大家的影响。	"真不可思议……内心格外平静。
获得力量……开悟……
原来就是这种感觉。以前只是漫无目
的地讨伐魔女时，从未有过这种心境。
看来我也受到了时女大家的影响。"			linebreak_serialization_normalized
charaMessageList.json	3058|23	message	"この世はすっかり奈落のようになっちまった
のかもしれない。でも、全て人間が起こし
たことだから、人間が解決できる。あたし
は諦めない。ここで倒れたら、とーちゃん
かーちゃんに合わせる顔がねェ"	这个世界或许已经彻底变成地狱，\n但既然一切都是人类造成的，\n人类就一定能解决。\n我不会放弃。要是在这里倒下，\n我就没脸去见爸爸妈妈了。	"这个世界或许已经彻底变成地狱，
但既然一切都是人类造成的，
人类就一定能解决。
我不会放弃。要是在这里倒下，
我就没脸去见爸爸妈妈了。"			linebreak_serialization_normalized
charaMessageList.json	3058|24	message	"おう、待ちくたびれたぞ！お前さんのこと考
えながら座禅してたから、警策で叩かれま
くったんだぞ！お前さんは煩悩じゃねェよ
な！"	哦，你可让我等累了！\n我一边想着你一边坐禅，\n结果被警策抽了好几次！\n你应该不是我的烦恼吧！	"哦，你可让我等累了！
我一边想着你一边坐禅，
结果被警策抽了好几次！
你应该不是我的烦恼吧！"			linebreak_serialization_normalized
charaMessageList.json	3058|25	message	"おはようさん！ずいぶん早起きじゃねえか！
あたしは今、寺の掃除が終わったところだ
。掃除も作務って言って、立派な修行なん
だぞ！"	早上好！起得真早啊！\n我刚打扫完寺院。\n打扫也叫“作务”，\n是堂堂正正的修行！	"早上好！起得真早啊！
我刚打扫完寺院。
打扫也叫“作务”，
是堂堂正正的修行！"			linebreak_serialization_normalized
charaMessageList.json	3058|26	message	"腹減った！メシ―！いただきます！ごちそう
さま！…ちょっとはしたなかったか…？た
はは、恥ずかしいねェ。でも…ガマンでき
ねェんだ！"	饿死了！饭——！我开动了！\n多谢款待！……\n是不是有点不够端庄？哈哈，\n真不好意思。不过……我忍不住啊！	"饿死了！饭——！我开动了！
多谢款待！……
是不是有点不够端庄？哈哈，
真不好意思。不过……我忍不住啊！"			linebreak_serialization_normalized
charaMessageList.json	3058|27	message	"この時間、住職はお通夜に出かけてあたしは
留守番なんだ。じーちゃんの浄安寺でも今
の水徳寺でも同じ。…なんか命について考
えちまうな"	这个时间住持会去参加守灵，\n我负责看家。无论在爷爷的净安寺，\n还是现在的水德寺都一样。\n……总会让人思考生命啊。	"这个时间住持会去参加守灵，
我负责看家。无论在爷爷的净安寺，
还是现在的水德寺都一样。
……总会让人思考生命啊。"			linebreak_serialization_normalized
charaMessageList.json	3058|28	message	"今日も終わりだな！全力で生き抜いた、楽し
い１日だったぞ！明日はもっと楽しく生き
るために、今から全力で…寝るぞーーーー
!!"	今天也结束了！全力活下来，\n真是愉快的一天！\n为了明天活得更开心，\n现在就要全力……睡觉——！！	"今天也结束了！全力活下来，
真是愉快的一天！
为了明天活得更开心，
现在就要全力……睡觉——！！"			linebreak_serialization_normalized
charaMessageList.json	3058|29	message	"なーっはっは！観念しろ！この学校の風紀を
乱す奴ァ、あたしが成敗してやる！…は？
あたしは風紀委員じゃねェぞ？これはただ
の独善だ！"	哇哈哈！认命吧！\n敢扰乱这所学校风纪的家伙，\n全由我来制裁！……哈？\n我又不是风纪委员。这只是我的独断专行！	"哇哈哈！认命吧！
敢扰乱这所学校风纪的家伙，
全由我来制裁！……哈？
我又不是风纪委员。这只是我的独断专行！"			linebreak_serialization_normalized
charaMessageList.json	3058|30	message	"魔女のあの禍々しさ、どれだけの穢れを抱え
たらあんなンになっちまうんだろうな。…
待ってろ！今、楽にしてやる！…魔女だっ
て救うんだ！"	魔女那副不祥的模样，\n究竟要背负多少污秽才会变成那样…\n…。等着！我这就让你解脱！\n……就连魔女也要拯救！	"魔女那副不祥的模样，
究竟要背负多少污秽才会变成那样…
…。等着！我这就让你解脱！
……就连魔女也要拯救！"			linebreak_serialization_normalized
charaMessageList.json	3058|31	message	"あたしそっくりだなー。仏教には「自己に克
つ者こそ最上の勝利者」なんて言葉がある
が…。いや、これはそういうことじゃねぇ
な"	和我一模一样啊。\n佛教里有句话，\n“战胜自己的人才是最伟大的胜者”\n……不，这不是一回事。	"和我一模一样啊。
佛教里有句话，
“战胜自己的人才是最伟大的胜者”
……不，这不是一回事。"			linebreak_serialization_normalized
charaMessageList.json	3058|32	message	"うひゃー。すげー数の魔法少女だな。…みん
な可愛らしい格好だから…なんか拝みたく
なってくるな。三十三間堂に来た気分だ"	哇，好多魔法少女。……\n大家都穿得这么可爱……\n让我忍不住想参拜了。就像来到三十三间堂一样。	"哇，好多魔法少女。……
大家都穿得这么可爱……
让我忍不住想参拜了。就像来到三十三间堂一样。"			linebreak_serialization_normalized
charaMessageList.json	3058|33	message	"あたしは小さい頃に両親が死んでよ、それで
じーちゃんの浄安寺に引き取られたんだ。
こんなあたしでも最初は泣いてばっかだっ
たらしいな"	我小时候父母就去世了，\n后来被爷爷接到净安寺。\n听说就连我最\n初也总是在哭。	"我小时候父母就去世了，
后来被爷爷接到净安寺。
听说就连我最
初也总是在哭。"			linebreak_serialization_normalized
charaMessageList.json	3058|34	message	"泣いてばっかだったあたしだけど、じーちゃ
んの説法とか厳しすぎる修行のせいで泣い
てる暇がなくなったんだ。…感謝しねぇと
な"	以前的我虽然总爱哭，\n但听爷爷讲经、\n接受严格得过头的修行后，\n连哭的空闲都没有了。……得感谢他啊。	"以前的我虽然总爱哭，
但听爷爷讲经、
接受严格得过头的修行后，
连哭的空闲都没有了。……得感谢他啊。"			linebreak_serialization_normalized
charaMessageList.json	3058|35	message	"今、世話になってるのは参京区の水徳寺って
寺だ。時女一族なんだってな。あの爺さん
も…魔法少女になれたりするのか…？"	现在照顾我的是参京区的水德寺。\n听说那里也是时女一族的寺庙。\n那个老爷子……也能成为魔法少女吗……？	"现在照顾我的是参京区的水德寺。
听说那里也是时女一族的寺庙。
那个老爷子……也能成为魔法少女吗……？"			linebreak_serialization_normalized
charaMessageList.json	3058|36	message	"マギアユニオンもプロミストブラッドも、み
んな信念があって衝突してるってのはわか
ってる。でも、話し合いで解決する希望は
捨てたくねぇ"	我明白魔法联盟和约定之血\n都有各自信念，所以才会冲突。\n但我还是不想放弃通过\n对话解决问题的希望。	"我明白魔法联盟和PROMISED BLOOD
都有各自信念，所以才会冲突。
但我还是不想放弃通过
对话解决问题的希望。"			changed_unclassified
charaMessageList.json	3058|37	message	"ちはるは本当に名探偵だよ。テレビが全然点
かなくて困ってたら、あたしが持ってンの
はエアコンのリモコンだって気づいたんだ
。すげぇよ"	千春真是名侦探。\n电视怎么都打不开时，\n她一下就发现我拿的是空调遥控器。\n太厉害了。	"千春真是名侦探。
电视怎么都打不开时，
她一下就发现我拿的是空调遥控器。
太厉害了。"			linebreak_serialization_normalized
charaMessageList.json	3058|38	message	"すなお？あいつはそんな怖い奴じゃねぇぞ。
辛い選択を迫られて生きてきたが、根はと
っても優しい普通の子だ。…お菓子も好き
だし。"	沙奈？她可没那么可怕。\n虽然一路被迫作出艰难选择，\n但本性是个非常温柔的普通女孩。\n……也喜欢点心。	"沙奈？她可没那么可怕。
虽然一路被迫作出艰难选择，
但本性是个非常温柔的普通女孩。
……也喜欢点心。"			linebreak_serialization_normalized
charaMessageList.json	3058|39	message	"静香はおもしれ―奴だよな。…でもよ、それ
で侮っちゃあいけねぇよ。アイツはやる奴
だ。何を？そんなのは知らねェ。でもやる
んだ。"	静香真是个有趣的家伙。\n不过可不能因此小看她。\n那家伙一定能做出大事。做什么？\n我也不知道，但她就是能做到。	"静香真是个有趣的家伙。
不过可不能因此小看她。
那家伙一定能做出大事。做什么？
我也不知道，但她就是能做到。"			linebreak_serialization_normalized
charaMessageList.json	3058|40	message	"どうして悪ってのはどこに行っても、どれだ
け時間が経っても消えないんだろうな。…
それならいっそ、あたしは阿修羅になって
…"	为什么恶无论走到哪里、\n经过多久都不会消失呢。\n……既然如此，\n不如让我化作阿修罗……	"为什么恶无论走到哪里、
经过多久都不会消失呢。
……既然如此，
不如让我化作阿修罗……"			linebreak_serialization_normalized
charaMessageList.json	3058|41	message	"お前さん、意外といい体してんなー。触って
いいか？…では。うん…。うん。ああ…。
おほっ。…。触りすぎたな。ありがとうご
ざいます。"	你这身体意外地不错嘛。\n能摸一下吗？……那我不客气了。\n嗯……嗯，哦……哇。……\n摸得太久了。谢谢配合。	"你这身体意外地不错嘛。
能摸一下吗？……那我不客气了。
嗯……嗯，哦……哇。……
摸得太久了。谢谢配合。"			linebreak_serialization_normalized
charaMessageList.json	3058|77	message	"マギア・レコード　魔法少女まどか☆マギカ
外伝"	魔法纪录　魔\n法少女小圆外传	"魔法纪录　魔
法少女小圆外传"			linebreak_serialization_normalized
itemList.json	EVENT_DAILYTOWER_1086_EXCHANGE_2	shortDescription	「バレンタイン交換チケット」の交換用アイテム	「情人节交換券」的兑换道具	在「情人节兑换券」中用于兑换的道具	1_official_cn_dump_same_record	A:\magireco_cn_dump_20221010_decrypted_json\authority\authority.json#/itemList.json/EVENT_DAILYTOWER_1086_EXCHANGE_2/description	higher_authority_applied
itemList.json	EVENT_DAILYTOWER_1124_EXCHANGE_2	shortDescription	「バレンタイン交換チケット」の交換用アイテム	「情人节交換券」的兑换道具	在「情人节兑换券」中用于兑换的道具	1_official_cn_dump_same_record	A:\magireco_cn_dump_20221010_decrypted_json\authority\authority.json#/itemList.json/EVENT_DAILYTOWER_1086_EXCHANGE_2/description	higher_authority_applied
itemList.json	EVENT_DAILYTOWER_1124_EXCHANGE_2	description	「バレンタイン交換チケット」の交換用アイテム	「情人节交換券」的兑换道具	在「情人节兑换券」中用于兑换的道具	1_official_cn_dump_same_record	A:\magireco_cn_dump_20221010_decrypted_json\authority\authority.json#/itemList.json/EVENT_DAILYTOWER_1086_EXCHANGE_2/description	higher_authority_applied
itemList.json	EVENT_DAILYTOWER_1125_EXCHANGE_2	shortDescription	「バレンタイン交換チケット」の交換用アイテム	「情人节交換券」的兑换道具	在「情人节兑换券」中用于兑换的道具	1_official_cn_dump_same_record	A:\magireco_cn_dump_20221010_decrypted_json\authority\authority.json#/itemList.json/EVENT_DAILYTOWER_1086_EXCHANGE_2/description	higher_authority_applied
itemList.json	EVENT_DAILYTOWER_1125_EXCHANGE_2	description	「バレンタイン交換チケット」の交換用アイテム	「情人节交換券」的兑换道具	在「情人节兑换券」中用于兑换的道具	1_official_cn_dump_same_record	A:\magireco_cn_dump_20221010_decrypted_json\authority\authority.json#/itemList.json/EVENT_DAILYTOWER_1086_EXCHANGE_2/description	higher_authority_applied
itemList.json	EVENT_DAILYTOWER_1130_STICKER_104100	parameter	130,リヴィア・メディロス	130,莉薇娅·梅德洛斯	130,莉薇娅·梅黛洛斯	official+wiki	magica/i18n_audit/release_v26_authority/pass18_authority_corrections.tsv#P18-00535	pass18_authority_applied
itemList.json	EVENT_DAILYTOWER_1130_STICKER_350200	parameter	121,万年桜のウワサ(水着ver.)	121,万年樱之传闻（泳装ver.）	121,万年樱的传闻（泳装ver.）	official_cn_character_name	magica/i18n_audit/release_v26_authority/pass18_authority_corrections.tsv#P18-00547	pass18_authority_applied
itemList.json	EVENT_DAILYTOWER_1130_STICKER_402500	parameter	101,コルボー	101,科尔博	101,可鲁波	official+wiki	magica/i18n_audit/release_v26_authority/pass18_authority_corrections.tsv#P18-00548	pass18_authority_applied
itemList.json	EVENT_DAILYTOWER_1130_STICKER_402600	parameter	100,エリザ	100,伊莉莎	100,爱丽莎	official+wiki	magica/i18n_audit/release_v26_authority/pass18_authority_corrections.tsv#P18-00549	pass18_authority_applied
itemList.json	EVENT_DAILYTOWER_1154_EXCHANGE_1	shortDescription	「時女拾遺物語」の交換用アイテム	「时女拾遺物語」的兑换道具	「时女拾遗物语」的兑换道具	2_wiki_component	C:\Users\proje\Documents\Codex\2026-08-06\https-github-com-hiiraginemu-magireco-wiki-3\work\wiki_authority\magireco-wiki-data\data\pages_index.json#/590/title	higher_authority_applied
itemList.json	EVENT_DAILYTOWER_1154_EXCHANGE_1	description	「時女拾遺物語」の交換用アイテム	「时女拾遺物語」的兑换道具	「时女拾遗物语」的兑换道具	2_wiki_component	C:\Users\proje\Documents\Codex\2026-08-06\https-github-com-hiiraginemu-magireco-wiki-3\work\wiki_authority\magireco-wiki-data\data\pages_index.json#/590/title	higher_authority_applied
itemList.json	EVENT_DAILYTOWER_1154_EXCHANGE_2	shortDescription	「時女拾遺物語」の交換用アイテム	「时女拾遺物語」的兑换道具	「时女拾遗物语」的兑换道具	2_wiki_component	C:\Users\proje\Documents\Codex\2026-08-06\https-github-com-hiiraginemu-magireco-wiki-3\work\wiki_authority\magireco-wiki-data\data\pages_index.json#/590/title	higher_authority_applied
itemList.json	EVENT_DAILYTOWER_1154_EXCHANGE_2	description	「時女拾遺物語」の交換用アイテム	「时女拾遺物語」的兑换道具	「时女拾遗物语」的兑换道具	2_wiki_component	C:\Users\proje\Documents\Codex\2026-08-06\https-github-com-hiiraginemu-magireco-wiki-3\work\wiki_authority\magireco-wiki-data\data\pages_index.json#/590/title	higher_authority_applied
itemList.json	EVENT_DAILYTOWER_1161_STICKER_260200	name	ドッペル杏子	Doppel杏子	魔女化身杏子	official_cn_game_term	magica/i18n_audit/release_v26_authority/pass18_authority_corrections.tsv#P18-00552	pass18_authority_applied
itemList.json	EVENT_DAILYTOWER_1161_STICKER_260200	parameter	172,佐倉 杏子(ドッペルver.)	172,佐仓杏子（Doppelver.）	172,佐仓杏子（魔女化身ver.）	official_cn_game_term	magica/i18n_audit/release_v26_authority/pass18_authority_corrections.tsv#P18-00553	pass18_authority_applied
itemList.json	EVENT_DAILYTOWER_1161_STICKER_402400	parameter	165,ミヌゥ	165,米努	165,米诺	wiki	magica/i18n_audit/release_v26_authority/pass18_authority_corrections.tsv#P18-00556	pass18_authority_applied
itemList.json	EVENT_DAILYTOWER_1161_STICKER_402900	parameter	175,ペレネル	175,佩雷内尔	175,佩尔内勒	wiki	magica/i18n_audit/release_v26_authority/pass18_authority_corrections.tsv#P18-00557	pass18_authority_applied
itemList.json	EVENT_DAILYTOWER_1189_STICKER_104700	parameter	202,くろ	202,黑	202,小黑	wiki	magica/i18n_audit/release_v26_authority/pass18_authority_corrections.tsv#P18-00558	pass18_authority_applied
itemList.json	EVENT_DAILYTOWER_1212_EXCHANGE_1	shortDescription	「神浜時空運動会」の交換用アイテム	「神滨时空運動会」的兑换道具	「神滨时空运动会」的兑换道具	2_wiki_component	C:\Users\proje\Documents\Codex\2026-08-06\https-github-com-hiiraginemu-magireco-wiki-3\work\wiki_authority\magireco-wiki-data\data\pages_index.json#/796/title;/6678/headings/27/text	higher_authority_applied
itemList.json	EVENT_DAILYTOWER_1212_EXCHANGE_1	description	「神浜時空運動会」の交換用アイテム	「神滨时空運動会」的兑换道具	「神滨时空运动会」的兑换道具	2_wiki_component	C:\Users\proje\Documents\Codex\2026-08-06\https-github-com-hiiraginemu-magireco-wiki-3\work\wiki_authority\magireco-wiki-data\data\pages_index.json#/796/title;/6678/headings/27/text	higher_authority_applied
itemList.json	EVENT_DAILYTOWER_1212_STICKER_105100	parameter	206,ヘルカ	206,赫尔卡	206,赫露迦	第二权威：Wiki	magireco-wiki-data@42641f87818b/data/characters.json:15087-15152	higher_authority_applied
itemList.json	EVENT_DAILYTOWER_1212_STICKER_105200	parameter	208,トヨ	208,丰	208,台与	第二权威：Wiki	magireco-wiki-data@42641f87818b/data/characters.json:4169-4212	higher_authority_applied
itemList.json	EVENT_DAILYTOWER_1212_STICKER_105300	parameter	210,アマリュリス	210,阿玛莉莉丝	210,阿玛琉莉丝	第二权威：Wiki	magireco-wiki-data@42641f87818b/data/characters.json:15670-15719	higher_authority_applied
itemList.json	EVENT_DAILYTOWER_1212_STICKER_114400	parameter	221,ウワサのみこと	221,传闻命	221,谣命	wiki_exact_character_name	magica/i18n_audit/release_v26_authority/pass18_authority_corrections.tsv#P18-00567	pass18_authority_applied
itemList.json	EVENT_DAILYTOWER_1212_STICKER_390100	parameter	226,ユゥ	226,悠	226,夕	wiki	magica/i18n_audit/release_v26_authority/pass18_authority_corrections.tsv#P18-00576	pass18_authority_applied
itemList.json	EVENT_DAILYTOWER_1212_STICKER_390200	parameter	227,シィ	227,希	227,椎	wiki	magica/i18n_audit/release_v26_authority/pass18_authority_corrections.tsv#P18-00577	pass18_authority_applied
itemList.json	EVENT_DAILYTOWER_1218_EXCHANGE_2	shortDescription	専用ショップで水着衣装と交換できるチケット	可兑换専用在商店泳装衣装的券	可在商店兑换泳装服装的专用券		人工逐项字形、语义与同族字段核对	manual_verified_without_higher_authority
itemList.json	EVENT_DAILYTOWER_1218_EXCHANGE_2	description	専用ショップで水着衣装と交換できるチケット	可兑换専用在商店泳装衣装的券	可在商店兑换泳装服装的专用券		人工逐项字形、语义与同族字段核对	manual_verified_without_higher_authority
itemList.json	GACHA_FREEBIE_343_MEDAL	shortDescription	調整屋コイン	調整屋硬币	调整专家币	1_official_cn_dump_same_record	A:\magireco_cn_dump_20221010_decrypted_json\authority\authority.json#/itemList.json/GACHA_FREEBIE_343_MEDAL/name	higher_authority_applied
itemList.json	GACHA_FREEBIE_346_MEDAL	shortDescription	調整屋コイン	調整屋硬币	调整专家币	1_official_cn_dump_same_record	A:\magireco_cn_dump_20221010_decrypted_json\authority\authority.json#/itemList.json/GACHA_FREEBIE_343_MEDAL/name	higher_authority_applied
itemList.json	GACHA_FREEBIE_350_MEDAL	shortDescription	調整屋コイン	調整屋硬币	调整专家币	1_official_cn_dump_same_record	A:\magireco_cn_dump_20221010_decrypted_json\authority\authority.json#/itemList.json/GACHA_FREEBIE_343_MEDAL/name	higher_authority_applied
itemList.json	GACHA_FREEBIE_358_MEDAL	shortDescription	調整屋コイン	調整屋硬币	调整专家币	1_official_cn_dump_same_record	A:\magireco_cn_dump_20221010_decrypted_json\authority\authority.json#/itemList.json/GACHA_FREEBIE_343_MEDAL/name	higher_authority_applied
itemList.json	GACHA_FREEBIE_361_MEDAL	shortDescription	調整屋コイン	調整屋硬币	调整专家币	1_official_cn_dump_same_record	A:\magireco_cn_dump_20221010_decrypted_json\authority\authority.json#/itemList.json/GACHA_FREEBIE_343_MEDAL/name	higher_authority_applied
itemList.json	GACHA_FREEBIE_365_MEDAL	shortDescription	調整屋コイン	調整屋硬币	调整专家币	1_official_cn_dump_same_record	A:\magireco_cn_dump_20221010_decrypted_json\authority\authority.json#/itemList.json/GACHA_FREEBIE_343_MEDAL/name	higher_authority_applied
itemList.json	GACHA_FREEBIE_370_MEDAL	shortDescription	調整屋コイン	調整屋硬币	调整专家币	1_official_cn_dump_same_record	A:\magireco_cn_dump_20221010_decrypted_json\authority\authority.json#/itemList.json/GACHA_FREEBIE_343_MEDAL/name	higher_authority_applied
itemList.json	GACHA_FREEBIE_373_MEDAL	shortDescription	調整屋コイン	調整屋硬币	调整专家币	1_official_cn_dump_same_record	A:\magireco_cn_dump_20221010_decrypted_json\authority\authority.json#/itemList.json/GACHA_FREEBIE_343_MEDAL/name	higher_authority_applied
itemList.json	GACHA_FREEBIE_376_MEDAL	shortDescription	調整屋コイン	調整屋硬币	调整专家币	1_official_cn_dump_same_record	A:\magireco_cn_dump_20221010_decrypted_json\authority\authority.json#/itemList.json/GACHA_FREEBIE_343_MEDAL/name	higher_authority_applied
itemList.json	GACHA_FREEBIE_390_MEDAL	shortDescription	調整屋コイン	調整屋硬币	调整专家币	1_official_cn_dump_same_record	A:\magireco_cn_dump_20221010_decrypted_json\authority\authority.json#/itemList.json/GACHA_FREEBIE_343_MEDAL/name	higher_authority_applied
itemList.json	GACHA_FREEBIE_396_MEDAL	shortDescription	調整屋コイン	調整屋硬币	调整专家币	1_official_cn_dump_same_record	A:\magireco_cn_dump_20221010_decrypted_json\authority\authority.json#/itemList.json/GACHA_FREEBIE_343_MEDAL/name	higher_authority_applied
itemList.json	GACHA_FREEBIE_406_MEDAL	shortDescription	調整屋コイン	調整屋硬币	调整专家币	1_official_cn_dump_same_record	A:\magireco_cn_dump_20221010_decrypted_json\authority\authority.json#/itemList.json/GACHA_FREEBIE_343_MEDAL/name	higher_authority_applied
itemList.json	GACHA_FREEBIE_414_MEDAL	shortDescription	調整屋コイン	調整屋硬币	调整专家币	1_official_cn_dump_same_record	A:\magireco_cn_dump_20221010_decrypted_json\authority\authority.json#/itemList.json/GACHA_FREEBIE_343_MEDAL/name	higher_authority_applied
itemList.json	GACHA_FREEBIE_419_MEDAL	shortDescription	調整屋コイン	調整屋硬币	调整专家币	1_official_cn_dump_same_record	A:\magireco_cn_dump_20221010_decrypted_json\authority\authority.json#/itemList.json/GACHA_FREEBIE_343_MEDAL/name	higher_authority_applied
itemList.json	GACHA_FREEBIE_429_MEDAL	shortDescription	調整屋コイン	調整屋硬币	调整专家币	1_official_cn_dump_same_record	A:\magireco_cn_dump_20221010_decrypted_json\authority\authority.json#/itemList.json/GACHA_FREEBIE_343_MEDAL/name	higher_authority_applied
itemList.json	GACHA_FREEBIE_MEDAL_BLACK_1009	name	調整屋コイン	調整屋硬币	调整专家币	1_official_cn_dump_same_record	A:\magireco_cn_dump_20221010_decrypted_json\authority\authority.json#/itemList.json/GACHA_FREEBIE_343_MEDAL/name	higher_authority_applied
itemList.json	GACHA_FREEBIE_MEDAL_BLACK_1009	shortDescription	調整屋コイン	調整屋硬币	调整专家币	1_official_cn_dump_same_record	A:\magireco_cn_dump_20221010_decrypted_json\authority\authority.json#/itemList.json/GACHA_FREEBIE_343_MEDAL/name	higher_authority_applied
itemList.json	GACHA_FREEBIE_MEDAL_BLACK_1009	description	「調整屋コイン」の交換用アイテム	「调整屋硬币」的兑换道具	在「调整专家币」中用于兑换的道具	1_official_cn_dump_same_record	A:\magireco_cn_dump_20221010_decrypted_json\authority\authority.json#/itemList.json/GACHA_FREEBIE_343_MEDAL	higher_authority_applied
itemList.json	GACHA_FREEBIE_MEDAL_BLACK_1062	name	調整屋コイン	調整屋硬币	调整专家币	1_official_cn_dump_same_record	A:\magireco_cn_dump_20221010_decrypted_json\authority\authority.json#/itemList.json/GACHA_FREEBIE_343_MEDAL/name	higher_authority_applied
itemList.json	GACHA_FREEBIE_MEDAL_BLACK_1062	shortDescription	調整屋コイン	調整屋硬币	调整专家币	1_official_cn_dump_same_record	A:\magireco_cn_dump_20221010_decrypted_json\authority\authority.json#/itemList.json/GACHA_FREEBIE_343_MEDAL/name	higher_authority_applied
itemList.json	GACHA_FREEBIE_MEDAL_BLACK_1062	description	「調整屋コイン」の交換用アイテム	「调整屋硬币」的兑换道具	在「调整专家币」中用于兑换的道具	1_official_cn_dump_same_record	A:\magireco_cn_dump_20221010_decrypted_json\authority\authority.json#/itemList.json/GACHA_FREEBIE_343_MEDAL	higher_authority_applied
itemList.json	GACHA_FREEBIE_MEDAL_BLACK_1123	name	調整屋コイン	調整屋硬币	调整专家币	1_official_cn_dump_same_record	A:\magireco_cn_dump_20221010_decrypted_json\authority\authority.json#/itemList.json/GACHA_FREEBIE_343_MEDAL/name	higher_authority_applied
itemList.json	GACHA_FREEBIE_MEDAL_BLACK_1123	shortDescription	調整屋コイン	調整屋硬币	调整专家币	1_official_cn_dump_same_record	A:\magireco_cn_dump_20221010_decrypted_json\authority\authority.json#/itemList.json/GACHA_FREEBIE_343_MEDAL/name	higher_authority_applied
itemList.json	GACHA_FREEBIE_MEDAL_BLACK_1123	description	「調整屋コイン」の交換用アイテム	「调整屋硬币」的兑换道具	在「调整专家币」中用于兑换的道具	1_official_cn_dump_same_record	A:\magireco_cn_dump_20221010_decrypted_json\authority\authority.json#/itemList.json/GACHA_FREEBIE_343_MEDAL	higher_authority_applied
itemList.json	GACHA_FREEBIE_MEDAL_BLACK_1257	name	調整屋コイン	調整屋硬币	调整专家币	1_official_cn_dump_same_record	A:\magireco_cn_dump_20221010_decrypted_json\authority\authority.json#/itemList.json/GACHA_FREEBIE_343_MEDAL/name	higher_authority_applied
itemList.json	GACHA_FREEBIE_MEDAL_BLACK_1257	shortDescription	調整屋コイン	調整屋硬币	调整专家币	1_official_cn_dump_same_record	A:\magireco_cn_dump_20221010_decrypted_json\authority\authority.json#/itemList.json/GACHA_FREEBIE_343_MEDAL/name	higher_authority_applied
itemList.json	GACHA_FREEBIE_MEDAL_BLACK_1257	description	「調整屋コイン」の交換用アイテム	「调整屋硬币」的兑换道具	在「调整专家币」中用于兑换的道具	1_official_cn_dump_same_record	A:\magireco_cn_dump_20221010_decrypted_json\authority\authority.json#/itemList.json/GACHA_FREEBIE_343_MEDAL	higher_authority_applied
itemList.json	GACHA_FREEBIE_MEDAL_BLACK_1349	name	調整屋コイン	調整屋硬币	调整专家币	1_official_cn_dump_same_record	A:\magireco_cn_dump_20221010_decrypted_json\authority\authority.json#/itemList.json/GACHA_FREEBIE_343_MEDAL/name	higher_authority_applied
itemList.json	GACHA_FREEBIE_MEDAL_BLACK_1349	shortDescription	調整屋コイン	調整屋硬币	调整专家币	1_official_cn_dump_same_record	A:\magireco_cn_dump_20221010_decrypted_json\authority\authority.json#/itemList.json/GACHA_FREEBIE_343_MEDAL/name	higher_authority_applied
itemList.json	GACHA_FREEBIE_MEDAL_BLACK_1349	description	「調整屋コイン」の交換用アイテム	「调整屋硬币」的兑换道具	在「调整专家币」中用于兑换的道具	1_official_cn_dump_same_record	A:\magireco_cn_dump_20221010_decrypted_json\authority\authority.json#/itemList.json/GACHA_FREEBIE_343_MEDAL	higher_authority_applied
itemList.json	GACHA_FREEBIE_MEDAL_BLACK_1500	name	調整屋コイン	調整屋硬币	调整专家币	1_official_cn_dump_same_record	A:\magireco_cn_dump_20221010_decrypted_json\authority\authority.json#/itemList.json/GACHA_FREEBIE_343_MEDAL/name	higher_authority_applied
itemList.json	GACHA_FREEBIE_MEDAL_BLACK_1500	shortDescription	調整屋コイン	調整屋硬币	调整专家币	1_official_cn_dump_same_record	A:\magireco_cn_dump_20221010_decrypted_json\authority\authority.json#/itemList.json/GACHA_FREEBIE_343_MEDAL/name	higher_authority_applied
itemList.json	GACHA_FREEBIE_MEDAL_BLACK_1500	description	「調整屋コイン」の交換用アイテム	「调整屋硬币」的兑换道具	在「调整专家币」中用于兑换的道具	1_official_cn_dump_same_record	A:\magireco_cn_dump_20221010_decrypted_json\authority\authority.json#/itemList.json/GACHA_FREEBIE_343_MEDAL	higher_authority_applied
itemList.json	GACHA_FREEBIE_MEDAL_BLACK_1593	name	調整屋コイン	調整屋硬币	调整专家币	1_official_cn_dump_same_record	A:\magireco_cn_dump_20221010_decrypted_json\authority\authority.json#/itemList.json/GACHA_FREEBIE_343_MEDAL/name	higher_authority_applied
itemList.json	GACHA_FREEBIE_MEDAL_BLACK_1593	shortDescription	調整屋コイン	調整屋硬币	调整专家币	1_official_cn_dump_same_record	A:\magireco_cn_dump_20221010_decrypted_json\authority\authority.json#/itemList.json/GACHA_FREEBIE_343_MEDAL/name	higher_authority_applied
itemList.json	GACHA_FREEBIE_MEDAL_BLACK_1593	description	「調整屋コイン」の交換用アイテム	「调整屋硬币」的兑换道具	在「调整专家币」中用于兑换的道具	1_official_cn_dump_same_record	A:\magireco_cn_dump_20221010_decrypted_json\authority\authority.json#/itemList.json/GACHA_FREEBIE_343_MEDAL	higher_authority_applied
itemList.json	GACHA_FREEBIE_MEDAL_BLACK_1647	name	調整屋コイン	調整屋硬币	调整专家币	1_official_cn_dump_same_record	A:\magireco_cn_dump_20221010_decrypted_json\authority\authority.json#/itemList.json/GACHA_FREEBIE_343_MEDAL/name	higher_authority_applied
itemList.json	GACHA_FREEBIE_MEDAL_BLACK_1647	shortDescription	調整屋コイン	調整屋硬币	调整专家币	1_official_cn_dump_same_record	A:\magireco_cn_dump_20221010_decrypted_json\authority\authority.json#/itemList.json/GACHA_FREEBIE_343_MEDAL/name	higher_authority_applied
itemList.json	GACHA_FREEBIE_MEDAL_BLACK_1647	description	「調整屋コイン」の交換用アイテム	「调整屋硬币」的兑换道具	在「调整专家币」中用于兑换的道具	1_official_cn_dump_same_record	A:\magireco_cn_dump_20221010_decrypted_json\authority\authority.json#/itemList.json/GACHA_FREEBIE_343_MEDAL	higher_authority_applied
itemList.json	GACHA_FREEBIE_MEDAL_BLACK_1964	name	調整屋コイン	調整屋硬币	调整专家币	1_official_cn_dump_same_record	A:\magireco_cn_dump_20221010_decrypted_json\authority\authority.json#/itemList.json/GACHA_FREEBIE_343_MEDAL/name	higher_authority_applied
itemList.json	GACHA_FREEBIE_MEDAL_BLACK_1964	shortDescription	調整屋コイン	調整屋硬币	调整专家币	1_official_cn_dump_same_record	A:\magireco_cn_dump_20221010_decrypted_json\authority\authority.json#/itemList.json/GACHA_FREEBIE_343_MEDAL/name	higher_authority_applied
itemList.json	GACHA_FREEBIE_MEDAL_BLACK_1964	description	「調整屋コイン」の交換用アイテム	「调整屋硬币」的兑换道具	在「调整专家币」中用于兑换的道具	1_official_cn_dump_same_record	A:\magireco_cn_dump_20221010_decrypted_json\authority\authority.json#/itemList.json/GACHA_FREEBIE_343_MEDAL	higher_authority_applied
itemList.json	GACHA_FREEBIE_MEDAL_BLACK_442	shortDescription	調整屋コイン	調整屋硬币	调整专家币	1_official_cn_dump_same_record	A:\magireco_cn_dump_20221010_decrypted_json\authority\authority.json#/itemList.json/GACHA_FREEBIE_343_MEDAL/name	higher_authority_applied
itemList.json	GACHA_FREEBIE_MEDAL_BLACK_477	shortDescription	調整屋コイン	調整屋硬币	调整专家币	1_official_cn_dump_same_record	A:\magireco_cn_dump_20221010_decrypted_json\authority\authority.json#/itemList.json/GACHA_FREEBIE_343_MEDAL/name	higher_authority_applied
itemList.json	GACHA_FREEBIE_MEDAL_BLACK_511	name	調整屋コイン	調整屋硬币	调整专家币	1_official_cn_dump_same_record	A:\magireco_cn_dump_20221010_decrypted_json\authority\authority.json#/itemList.json/GACHA_FREEBIE_343_MEDAL/name	higher_authority_applied
itemList.json	GACHA_FREEBIE_MEDAL_BLACK_511	shortDescription	調整屋コイン	調整屋硬币	调整专家币	1_official_cn_dump_same_record	A:\magireco_cn_dump_20221010_decrypted_json\authority\authority.json#/itemList.json/GACHA_FREEBIE_343_MEDAL/name	higher_authority_applied
itemList.json	GACHA_FREEBIE_MEDAL_BLACK_511	description	「調整屋コイン」の交換用アイテム	「调整屋硬币」的兑换道具	在「调整专家币」中用于兑换的道具	1_official_cn_dump_same_record	A:\magireco_cn_dump_20221010_decrypted_json\authority\authority.json#/itemList.json/GACHA_FREEBIE_343_MEDAL	higher_authority_applied
itemList.json	GACHA_FREEBIE_MEDAL_BLACK_542	name	調整屋コイン	調整屋硬币	调整专家币	1_official_cn_dump_same_record	A:\magireco_cn_dump_20221010_decrypted_json\authority\authority.json#/itemList.json/GACHA_FREEBIE_343_MEDAL/name	higher_authority_applied
itemList.json	GACHA_FREEBIE_MEDAL_BLACK_542	shortDescription	調整屋コイン	調整屋硬币	调整专家币	1_official_cn_dump_same_record	A:\magireco_cn_dump_20221010_decrypted_json\authority\authority.json#/itemList.json/GACHA_FREEBIE_343_MEDAL/name	higher_authority_applied
itemList.json	GACHA_FREEBIE_MEDAL_BLACK_542	description	「調整屋コイン」の交換用アイテム	「调整屋硬币」的兑换道具	在「调整专家币」中用于兑换的道具	1_official_cn_dump_same_record	A:\magireco_cn_dump_20221010_decrypted_json\authority\authority.json#/itemList.json/GACHA_FREEBIE_343_MEDAL	higher_authority_applied
itemList.json	GACHA_FREEBIE_MEDAL_BLACK_558	name	調整屋コイン	調整屋硬币	调整专家币	1_official_cn_dump_same_record	A:\magireco_cn_dump_20221010_decrypted_json\authority\authority.json#/itemList.json/GACHA_FREEBIE_343_MEDAL/name	higher_authority_applied
itemList.json	GACHA_FREEBIE_MEDAL_BLACK_558	shortDescription	調整屋コイン	調整屋硬币	调整专家币	1_official_cn_dump_same_record	A:\magireco_cn_dump_20221010_decrypted_json\authority\authority.json#/itemList.json/GACHA_FREEBIE_343_MEDAL/name	higher_authority_applied
itemList.json	GACHA_FREEBIE_MEDAL_BLACK_558	description	「調整屋コイン」の交換用アイテム	「调整屋硬币」的兑换道具	在「调整专家币」中用于兑换的道具	1_official_cn_dump_same_record	A:\magireco_cn_dump_20221010_decrypted_json\authority\authority.json#/itemList.json/GACHA_FREEBIE_343_MEDAL	higher_authority_applied
itemList.json	GACHA_FREEBIE_MEDAL_BLACK_642	name	調整屋コイン	調整屋硬币	调整专家币	1_official_cn_dump_same_record	A:\magireco_cn_dump_20221010_decrypted_json\authority\authority.json#/itemList.json/GACHA_FREEBIE_343_MEDAL/name	higher_authority_applied
itemList.json	GACHA_FREEBIE_MEDAL_BLACK_642	shortDescription	調整屋コイン	調整屋硬币	调整专家币	1_official_cn_dump_same_record	A:\magireco_cn_dump_20221010_decrypted_json\authority\authority.json#/itemList.json/GACHA_FREEBIE_343_MEDAL/name	higher_authority_applied
itemList.json	GACHA_FREEBIE_MEDAL_BLACK_642	description	「調整屋コイン」の交換用アイテム	「调整屋硬币」的兑换道具	在「调整专家币」中用于兑换的道具	1_official_cn_dump_same_record	A:\magireco_cn_dump_20221010_decrypted_json\authority\authority.json#/itemList.json/GACHA_FREEBIE_343_MEDAL	higher_authority_applied
itemList.json	GACHA_FREEBIE_MEDAL_BLACK_681	name	調整屋コイン	調整屋硬币	调整专家币	1_official_cn_dump_same_record	A:\magireco_cn_dump_20221010_decrypted_json\authority\authority.json#/itemList.json/GACHA_FREEBIE_343_MEDAL/name	higher_authority_applied
itemList.json	GACHA_FREEBIE_MEDAL_BLACK_681	shortDescription	調整屋コイン	調整屋硬币	调整专家币	1_official_cn_dump_same_record	A:\magireco_cn_dump_20221010_decrypted_json\authority\authority.json#/itemList.json/GACHA_FREEBIE_343_MEDAL/name	higher_authority_applied
itemList.json	GACHA_FREEBIE_MEDAL_BLACK_681	description	「調整屋コイン」の交換用アイテム	「调整屋硬币」的兑换道具	在「调整专家币」中用于兑换的道具	1_official_cn_dump_same_record	A:\magireco_cn_dump_20221010_decrypted_json\authority\authority.json#/itemList.json/GACHA_FREEBIE_343_MEDAL	higher_authority_applied
itemList.json	GACHA_FREEBIE_MEDAL_BLACK_711	name	調整屋コイン	調整屋硬币	调整专家币	1_official_cn_dump_same_record	A:\magireco_cn_dump_20221010_decrypted_json\authority\authority.json#/itemList.json/GACHA_FREEBIE_343_MEDAL/name	higher_authority_applied
itemList.json	GACHA_FREEBIE_MEDAL_BLACK_711	shortDescription	調整屋コイン	調整屋硬币	调整专家币	1_official_cn_dump_same_record	A:\magireco_cn_dump_20221010_decrypted_json\authority\authority.json#/itemList.json/GACHA_FREEBIE_343_MEDAL/name	higher_authority_applied
itemList.json	GACHA_FREEBIE_MEDAL_BLACK_711	description	「調整屋コイン」の交換用アイテム	「调整屋硬币」的兑换道具	在「调整专家币」中用于兑换的道具	1_official_cn_dump_same_record	A:\magireco_cn_dump_20221010_decrypted_json\authority\authority.json#/itemList.json/GACHA_FREEBIE_343_MEDAL	higher_authority_applied
itemList.json	GACHA_FREEBIE_MEDAL_BLACK_769	name	調整屋コイン	調整屋硬币	调整专家币	1_official_cn_dump_same_record	A:\magireco_cn_dump_20221010_decrypted_json\authority\authority.json#/itemList.json/GACHA_FREEBIE_343_MEDAL/name	higher_authority_applied
itemList.json	GACHA_FREEBIE_MEDAL_BLACK_769	shortDescription	調整屋コイン	調整屋硬币	调整专家币	1_official_cn_dump_same_record	A:\magireco_cn_dump_20221010_decrypted_json\authority\authority.json#/itemList.json/GACHA_FREEBIE_343_MEDAL/name	higher_authority_applied
itemList.json	GACHA_FREEBIE_MEDAL_BLACK_769	description	「調整屋コイン」の交換用アイテム	「调整屋硬币」的兑换道具	在「调整专家币」中用于兑换的道具	1_official_cn_dump_same_record	A:\magireco_cn_dump_20221010_decrypted_json\authority\authority.json#/itemList.json/GACHA_FREEBIE_343_MEDAL	higher_authority_applied
itemList.json	GACHA_FREEBIE_MEDAL_BLACK_791	name	調整屋コイン	調整屋硬币	调整专家币	1_official_cn_dump_same_record	A:\magireco_cn_dump_20221010_decrypted_json\authority\authority.json#/itemList.json/GACHA_FREEBIE_343_MEDAL/name	higher_authority_applied
itemList.json	GACHA_FREEBIE_MEDAL_BLACK_791	shortDescription	調整屋コイン	調整屋硬币	调整专家币	1_official_cn_dump_same_record	A:\magireco_cn_dump_20221010_decrypted_json\authority\authority.json#/itemList.json/GACHA_FREEBIE_343_MEDAL/name	higher_authority_applied
itemList.json	GACHA_FREEBIE_MEDAL_BLACK_791	description	「調整屋コイン」の交換用アイテム	「调整屋硬币」的兑换道具	在「调整专家币」中用于兑换的道具	1_official_cn_dump_same_record	A:\magireco_cn_dump_20221010_decrypted_json\authority\authority.json#/itemList.json/GACHA_FREEBIE_343_MEDAL	higher_authority_applied
itemList.json	GACHA_FREEBIE_MEDAL_BLACK_863	name	調整屋コイン	調整屋硬币	调整专家币	1_official_cn_dump_same_record	A:\magireco_cn_dump_20221010_decrypted_json\authority\authority.json#/itemList.json/GACHA_FREEBIE_343_MEDAL/name	higher_authority_applied
itemList.json	GACHA_FREEBIE_MEDAL_BLACK_863	shortDescription	調整屋コイン	調整屋硬币	调整专家币	1_official_cn_dump_same_record	A:\magireco_cn_dump_20221010_decrypted_json\authority\authority.json#/itemList.json/GACHA_FREEBIE_343_MEDAL/name	higher_authority_applied
itemList.json	GACHA_FREEBIE_MEDAL_BLACK_863	description	「調整屋コイン」の交換用アイテム	「调整屋硬币」的兑换道具	在「调整专家币」中用于兑换的道具	1_official_cn_dump_same_record	A:\magireco_cn_dump_20221010_decrypted_json\authority\authority.json#/itemList.json/GACHA_FREEBIE_343_MEDAL	higher_authority_applied
itemList.json	GACHA_FREEBIE_MEDAL_BLACK_909	name	調整屋コイン	調整屋硬币	调整专家币	1_official_cn_dump_same_record	A:\magireco_cn_dump_20221010_decrypted_json\authority\authority.json#/itemList.json/GACHA_FREEBIE_343_MEDAL/name	higher_authority_applied
itemList.json	GACHA_FREEBIE_MEDAL_BLACK_909	shortDescription	調整屋コイン	調整屋硬币	调整专家币	1_official_cn_dump_same_record	A:\magireco_cn_dump_20221010_decrypted_json\authority\authority.json#/itemList.json/GACHA_FREEBIE_343_MEDAL/name	higher_authority_applied
itemList.json	GACHA_FREEBIE_MEDAL_BLACK_909	description	「調整屋コイン」の交換用アイテム	「调整屋硬币」的兑换道具	在「调整专家币」中用于兑换的道具	1_official_cn_dump_same_record	A:\magireco_cn_dump_20221010_decrypted_json\authority\authority.json#/itemList.json/GACHA_FREEBIE_343_MEDAL	higher_authority_applied
itemList.json	GACHA_FREEBIE_MEDAL_BLUE_1023	name	調整屋コイン	調整屋硬币	调整专家币	1_official_cn_dump_same_record	A:\magireco_cn_dump_20221010_decrypted_json\authority\authority.json#/itemList.json/GACHA_FREEBIE_343_MEDAL/name	higher_authority_applied
itemList.json	GACHA_FREEBIE_MEDAL_BLUE_1023	shortDescription	調整屋コイン	調整屋硬币	调整专家币	1_official_cn_dump_same_record	A:\magireco_cn_dump_20221010_decrypted_json\authority\authority.json#/itemList.json/GACHA_FREEBIE_343_MEDAL/name	higher_authority_applied
itemList.json	GACHA_FREEBIE_MEDAL_BLUE_1023	description	「調整屋コイン」の交換用アイテム	「调整屋硬币」的兑换道具	在「调整专家币」中用于兑换的道具	1_official_cn_dump_same_record	A:\magireco_cn_dump_20221010_decrypted_json\authority\authority.json#/itemList.json/GACHA_FREEBIE_343_MEDAL	higher_authority_applied
itemList.json	GACHA_FREEBIE_MEDAL_BLUE_1071	name	調整屋コイン	調整屋硬币	调整专家币	1_official_cn_dump_same_record	A:\magireco_cn_dump_20221010_decrypted_json\authority\authority.json#/itemList.json/GACHA_FREEBIE_343_MEDAL/name	higher_authority_applied
itemList.json	GACHA_FREEBIE_MEDAL_BLUE_1071	shortDescription	調整屋コイン	調整屋硬币	调整专家币	1_official_cn_dump_same_record	A:\magireco_cn_dump_20221010_decrypted_json\authority\authority.json#/itemList.json/GACHA_FREEBIE_343_MEDAL/name	higher_authority_applied
itemList.json	GACHA_FREEBIE_MEDAL_BLUE_1071	description	「調整屋コイン」の交換用アイテム	「调整屋硬币」的兑换道具	在「调整专家币」中用于兑换的道具	1_official_cn_dump_same_record	A:\magireco_cn_dump_20221010_decrypted_json\authority\authority.json#/itemList.json/GACHA_FREEBIE_343_MEDAL	higher_authority_applied
itemList.json	GACHA_FREEBIE_MEDAL_BLUE_1303	name	調整屋コイン	調整屋硬币	调整专家币	1_official_cn_dump_same_record	A:\magireco_cn_dump_20221010_decrypted_json\authority\authority.json#/itemList.json/GACHA_FREEBIE_343_MEDAL/name	higher_authority_applied
itemList.json	GACHA_FREEBIE_MEDAL_BLUE_1303	shortDescription	調整屋コイン	調整屋硬币	调整专家币	1_official_cn_dump_same_record	A:\magireco_cn_dump_20221010_decrypted_json\authority\authority.json#/itemList.json/GACHA_FREEBIE_343_MEDAL/name	higher_authority_applied
itemList.json	GACHA_FREEBIE_MEDAL_BLUE_1303	description	「調整屋コイン」の交換用アイテム	「调整屋硬币」的兑换道具	在「调整专家币」中用于兑换的道具	1_official_cn_dump_same_record	A:\magireco_cn_dump_20221010_decrypted_json\authority\authority.json#/itemList.json/GACHA_FREEBIE_343_MEDAL	higher_authority_applied
itemList.json	GACHA_FREEBIE_MEDAL_BLUE_1400	name	調整屋コイン	調整屋硬币	调整专家币	1_official_cn_dump_same_record	A:\magireco_cn_dump_20221010_decrypted_json\authority\authority.json#/itemList.json/GACHA_FREEBIE_343_MEDAL/name	higher_authority_applied
itemList.json	GACHA_FREEBIE_MEDAL_BLUE_1400	shortDescription	調整屋コイン	調整屋硬币	调整专家币	1_official_cn_dump_same_record	A:\magireco_cn_dump_20221010_decrypted_json\authority\authority.json#/itemList.json/GACHA_FREEBIE_343_MEDAL/name	higher_authority_applied
itemList.json	GACHA_FREEBIE_MEDAL_BLUE_1400	description	「調整屋コイン」の交換用アイテム	「调整屋硬币」的兑换道具	在「调整专家币」中用于兑换的道具	1_official_cn_dump_same_record	A:\magireco_cn_dump_20221010_decrypted_json\authority\authority.json#/itemList.json/GACHA_FREEBIE_343_MEDAL	higher_authority_applied
itemList.json	GACHA_FREEBIE_MEDAL_BLUE_1530	name	調整屋コイン	調整屋硬币	调整专家币	1_official_cn_dump_same_record	A:\magireco_cn_dump_20221010_decrypted_json\authority\authority.json#/itemList.json/GACHA_FREEBIE_343_MEDAL/name	higher_authority_applied
itemList.json	GACHA_FREEBIE_MEDAL_BLUE_1530	shortDescription	調整屋コイン	調整屋硬币	调整专家币	1_official_cn_dump_same_record	A:\magireco_cn_dump_20221010_decrypted_json\authority\authority.json#/itemList.json/GACHA_FREEBIE_343_MEDAL/name	higher_authority_applied
itemList.json	GACHA_FREEBIE_MEDAL_BLUE_1530	description	「調整屋コイン」の交換用アイテム	「调整屋硬币」的兑换道具	在「调整专家币」中用于兑换的道具	1_official_cn_dump_same_record	A:\magireco_cn_dump_20221010_decrypted_json\authority\authority.json#/itemList.json/GACHA_FREEBIE_343_MEDAL	higher_authority_applied
itemList.json	GACHA_FREEBIE_MEDAL_BLUE_1679	name	調整屋コイン	調整屋硬币	调整专家币	1_official_cn_dump_same_record	A:\magireco_cn_dump_20221010_decrypted_json\authority\authority.json#/itemList.json/GACHA_FREEBIE_343_MEDAL/name	higher_authority_applied
itemList.json	GACHA_FREEBIE_MEDAL_BLUE_1679	shortDescription	調整屋コイン	調整屋硬币	调整专家币	1_official_cn_dump_same_record	A:\magireco_cn_dump_20221010_decrypted_json\authority\authority.json#/itemList.json/GACHA_FREEBIE_343_MEDAL/name	higher_authority_applied
itemList.json	GACHA_FREEBIE_MEDAL_BLUE_1679	description	「調整屋コイン」の交換用アイテム	「调整屋硬币」的兑换道具	在「调整专家币」中用于兑换的道具	1_official_cn_dump_same_record	A:\magireco_cn_dump_20221010_decrypted_json\authority\authority.json#/itemList.json/GACHA_FREEBIE_343_MEDAL	higher_authority_applied
itemList.json	GACHA_FREEBIE_MEDAL_BLUE_524	name	調整屋コイン	調整屋硬币	调整专家币	1_official_cn_dump_same_record	A:\magireco_cn_dump_20221010_decrypted_json\authority\authority.json#/itemList.json/GACHA_FREEBIE_343_MEDAL/name	higher_authority_applied
itemList.json	GACHA_FREEBIE_MEDAL_BLUE_524	shortDescription	調整屋コイン	調整屋硬币	调整专家币	1_official_cn_dump_same_record	A:\magireco_cn_dump_20221010_decrypted_json\authority\authority.json#/itemList.json/GACHA_FREEBIE_343_MEDAL/name	higher_authority_applied
itemList.json	GACHA_FREEBIE_MEDAL_BLUE_524	description	「調整屋コイン」の交換用アイテム	「调整屋硬币」的兑换道具	在「调整专家币」中用于兑换的道具	1_official_cn_dump_same_record	A:\magireco_cn_dump_20221010_decrypted_json\authority\authority.json#/itemList.json/GACHA_FREEBIE_343_MEDAL	higher_authority_applied
itemList.json	GACHA_FREEBIE_MEDAL_BLUE_554	name	調整屋コイン	調整屋硬币	调整专家币	1_official_cn_dump_same_record	A:\magireco_cn_dump_20221010_decrypted_json\authority\authority.json#/itemList.json/GACHA_FREEBIE_343_MEDAL/name	higher_authority_applied
itemList.json	GACHA_FREEBIE_MEDAL_BLUE_554	shortDescription	調整屋コイン	調整屋硬币	调整专家币	1_official_cn_dump_same_record	A:\magireco_cn_dump_20221010_decrypted_json\authority\authority.json#/itemList.json/GACHA_FREEBIE_343_MEDAL/name	higher_authority_applied
itemList.json	GACHA_FREEBIE_MEDAL_BLUE_554	description	「調整屋コイン」の交換用アイテム	「调整屋硬币」的兑换道具	在「调整专家币」中用于兑换的道具	1_official_cn_dump_same_record	A:\magireco_cn_dump_20221010_decrypted_json\authority\authority.json#/itemList.json/GACHA_FREEBIE_343_MEDAL	higher_authority_applied
itemList.json	GACHA_FREEBIE_MEDAL_BLUE_632	name	調整屋コイン	調整屋硬币	调整专家币	1_official_cn_dump_same_record	A:\magireco_cn_dump_20221010_decrypted_json\authority\authority.json#/itemList.json/GACHA_FREEBIE_343_MEDAL/name	higher_authority_applied
itemList.json	GACHA_FREEBIE_MEDAL_BLUE_632	shortDescription	調整屋コイン	調整屋硬币	调整专家币	1_official_cn_dump_same_record	A:\magireco_cn_dump_20221010_decrypted_json\authority\authority.json#/itemList.json/GACHA_FREEBIE_343_MEDAL/name	higher_authority_applied
itemList.json	GACHA_FREEBIE_MEDAL_BLUE_632	description	「調整屋コイン」の交換用アイテム	「调整屋硬币」的兑换道具	在「调整专家币」中用于兑换的道具	1_official_cn_dump_same_record	A:\magireco_cn_dump_20221010_decrypted_json\authority\authority.json#/itemList.json/GACHA_FREEBIE_343_MEDAL	higher_authority_applied
itemList.json	GACHA_FREEBIE_MEDAL_BLUE_731	name	調整屋コイン	調整屋硬币	调整专家币	1_official_cn_dump_same_record	A:\magireco_cn_dump_20221010_decrypted_json\authority\authority.json#/itemList.json/GACHA_FREEBIE_343_MEDAL/name	higher_authority_applied
itemList.json	GACHA_FREEBIE_MEDAL_BLUE_731	shortDescription	調整屋コイン	調整屋硬币	调整专家币	1_official_cn_dump_same_record	A:\magireco_cn_dump_20221010_decrypted_json\authority\authority.json#/itemList.json/GACHA_FREEBIE_343_MEDAL/name	higher_authority_applied
itemList.json	GACHA_FREEBIE_MEDAL_BLUE_731	description	「調整屋コイン」の交換用アイテム	「调整屋硬币」的兑换道具	在「调整专家币」中用于兑换的道具	1_official_cn_dump_same_record	A:\magireco_cn_dump_20221010_decrypted_json\authority\authority.json#/itemList.json/GACHA_FREEBIE_343_MEDAL	higher_authority_applied
itemList.json	GACHA_FREEBIE_MEDAL_BLUE_883	name	調整屋コイン	調整屋硬币	调整专家币	1_official_cn_dump_same_record	A:\magireco_cn_dump_20221010_decrypted_json\authority\authority.json#/itemList.json/GACHA_FREEBIE_343_MEDAL/name	higher_authority_applied
itemList.json	GACHA_FREEBIE_MEDAL_BLUE_883	shortDescription	調整屋コイン	調整屋硬币	调整专家币	1_official_cn_dump_same_record	A:\magireco_cn_dump_20221010_decrypted_json\authority\authority.json#/itemList.json/GACHA_FREEBIE_343_MEDAL/name	higher_authority_applied
itemList.json	GACHA_FREEBIE_MEDAL_BLUE_883	description	「調整屋コイン」の交換用アイテム	「调整屋硬币」的兑换道具	在「调整专家币」中用于兑换的道具	1_official_cn_dump_same_record	A:\magireco_cn_dump_20221010_decrypted_json\authority\authority.json#/itemList.json/GACHA_FREEBIE_343_MEDAL	higher_authority_applied
itemList.json	GACHA_FREEBIE_MEDAL_BLUE_944	name	調整屋コイン	調整屋硬币	调整专家币	1_official_cn_dump_same_record	A:\magireco_cn_dump_20221010_decrypted_json\authority\authority.json#/itemList.json/GACHA_FREEBIE_343_MEDAL/name	higher_authority_applied
itemList.json	GACHA_FREEBIE_MEDAL_BLUE_944	shortDescription	調整屋コイン	調整屋硬币	调整专家币	1_official_cn_dump_same_record	A:\magireco_cn_dump_20221010_decrypted_json\authority\authority.json#/itemList.json/GACHA_FREEBIE_343_MEDAL/name	higher_authority_applied
itemList.json	GACHA_FREEBIE_MEDAL_BLUE_944	description	「調整屋コイン」の交換用アイテム	「调整屋硬币」的兑换道具	在「调整专家币」中用于兑换的道具	1_official_cn_dump_same_record	A:\magireco_cn_dump_20221010_decrypted_json\authority\authority.json#/itemList.json/GACHA_FREEBIE_343_MEDAL	higher_authority_applied
itemList.json	GACHA_FREEBIE_MEDAL_BROWN_1041	name	調整屋コイン	調整屋硬币	调整专家币	1_official_cn_dump_same_record	A:\magireco_cn_dump_20221010_decrypted_json\authority\authority.json#/itemList.json/GACHA_FREEBIE_343_MEDAL/name	higher_authority_applied
itemList.json	GACHA_FREEBIE_MEDAL_BROWN_1041	shortDescription	調整屋コイン	調整屋硬币	调整专家币	1_official_cn_dump_same_record	A:\magireco_cn_dump_20221010_decrypted_json\authority\authority.json#/itemList.json/GACHA_FREEBIE_343_MEDAL/name	higher_authority_applied
itemList.json	GACHA_FREEBIE_MEDAL_BROWN_1041	description	「調整屋コイン」の交換用アイテム	「调整屋硬币」的兑换道具	在「调整专家币」中用于兑换的道具	1_official_cn_dump_same_record	A:\magireco_cn_dump_20221010_decrypted_json\authority\authority.json#/itemList.json/GACHA_FREEBIE_343_MEDAL	higher_authority_applied
itemList.json	GACHA_FREEBIE_MEDAL_BROWN_1101	name	調整屋コイン	調整屋硬币	调整专家币	1_official_cn_dump_same_record	A:\magireco_cn_dump_20221010_decrypted_json\authority\authority.json#/itemList.json/GACHA_FREEBIE_343_MEDAL/name	higher_authority_applied
itemList.json	GACHA_FREEBIE_MEDAL_BROWN_1101	shortDescription	調整屋コイン	調整屋硬币	调整专家币	1_official_cn_dump_same_record	A:\magireco_cn_dump_20221010_decrypted_json\authority\authority.json#/itemList.json/GACHA_FREEBIE_343_MEDAL/name	higher_authority_applied
itemList.json	GACHA_FREEBIE_MEDAL_BROWN_1101	description	「調整屋コイン」の交換用アイテム	「调整屋硬币」的兑换道具	在「调整专家币」中用于兑换的道具	1_official_cn_dump_same_record	A:\magireco_cn_dump_20221010_decrypted_json\authority\authority.json#/itemList.json/GACHA_FREEBIE_343_MEDAL	higher_authority_applied
itemList.json	GACHA_FREEBIE_MEDAL_BROWN_1156	name	調整屋コイン	調整屋硬币	调整专家币	1_official_cn_dump_same_record	A:\magireco_cn_dump_20221010_decrypted_json\authority\authority.json#/itemList.json/GACHA_FREEBIE_343_MEDAL/name	higher_authority_applied
itemList.json	GACHA_FREEBIE_MEDAL_BROWN_1156	shortDescription	調整屋コイン	調整屋硬币	调整专家币	1_official_cn_dump_same_record	A:\magireco_cn_dump_20221010_decrypted_json\authority\authority.json#/itemList.json/GACHA_FREEBIE_343_MEDAL/name	higher_authority_applied
itemList.json	GACHA_FREEBIE_MEDAL_BROWN_1156	description	「調整屋コイン」の交換用アイテム	「调整屋硬币」的兑换道具	在「调整专家币」中用于兑换的道具	1_official_cn_dump_same_record	A:\magireco_cn_dump_20221010_decrypted_json\authority\authority.json#/itemList.json/GACHA_FREEBIE_343_MEDAL	higher_authority_applied
itemList.json	GACHA_FREEBIE_MEDAL_BROWN_1300	name	調整屋コイン	調整屋硬币	调整专家币	1_official_cn_dump_same_record	A:\magireco_cn_dump_20221010_decrypted_json\authority\authority.json#/itemList.json/GACHA_FREEBIE_343_MEDAL/name	higher_authority_applied
itemList.json	GACHA_FREEBIE_MEDAL_BROWN_1300	shortDescription	調整屋コイン	調整屋硬币	调整专家币	1_official_cn_dump_same_record	A:\magireco_cn_dump_20221010_decrypted_json\authority\authority.json#/itemList.json/GACHA_FREEBIE_343_MEDAL/name	higher_authority_applied
itemList.json	GACHA_FREEBIE_MEDAL_BROWN_1300	description	「調整屋コイン」の交換用アイテム	「调整屋硬币」的兑换道具	在「调整专家币」中用于兑换的道具	1_official_cn_dump_same_record	A:\magireco_cn_dump_20221010_decrypted_json\authority\authority.json#/itemList.json/GACHA_FREEBIE_343_MEDAL	higher_authority_applied
itemList.json	GACHA_FREEBIE_MEDAL_BROWN_1357	name	調整屋コイン	調整屋硬币	调整专家币	1_official_cn_dump_same_record	A:\magireco_cn_dump_20221010_decrypted_json\authority\authority.json#/itemList.json/GACHA_FREEBIE_343_MEDAL/name	higher_authority_applied
itemList.json	GACHA_FREEBIE_MEDAL_BROWN_1357	shortDescription	調整屋コイン	調整屋硬币	调整专家币	1_official_cn_dump_same_record	A:\magireco_cn_dump_20221010_decrypted_json\authority\authority.json#/itemList.json/GACHA_FREEBIE_343_MEDAL/name	higher_authority_applied
itemList.json	GACHA_FREEBIE_MEDAL_BROWN_1357	description	「調整屋コイン」の交換用アイテム	「调整屋硬币」的兑换道具	在「调整专家币」中用于兑换的道具	1_official_cn_dump_same_record	A:\magireco_cn_dump_20221010_decrypted_json\authority\authority.json#/itemList.json/GACHA_FREEBIE_343_MEDAL	higher_authority_applied
itemList.json	GACHA_FREEBIE_MEDAL_BROWN_1436	name	調整屋コイン	調整屋硬币	调整专家币	1_official_cn_dump_same_record	A:\magireco_cn_dump_20221010_decrypted_json\authority\authority.json#/itemList.json/GACHA_FREEBIE_343_MEDAL/name	higher_authority_applied
itemList.json	GACHA_FREEBIE_MEDAL_BROWN_1436	shortDescription	調整屋コイン	調整屋硬币	调整专家币	1_official_cn_dump_same_record	A:\magireco_cn_dump_20221010_decrypted_json\authority\authority.json#/itemList.json/GACHA_FREEBIE_343_MEDAL/name	higher_authority_applied
itemList.json	GACHA_FREEBIE_MEDAL_BROWN_1436	description	「調整屋コイン」の交換用アイテム	「调整屋硬币」的兑换道具	在「调整专家币」中用于兑换的道具	1_official_cn_dump_same_record	A:\magireco_cn_dump_20221010_decrypted_json\authority\authority.json#/itemList.json/GACHA_FREEBIE_343_MEDAL	higher_authority_applied
itemList.json	GACHA_FREEBIE_MEDAL_BROWN_1510	name	調整屋コイン	調整屋硬币	调整专家币	1_official_cn_dump_same_record	A:\magireco_cn_dump_20221010_decrypted_json\authority\authority.json#/itemList.json/GACHA_FREEBIE_343_MEDAL/name	higher_authority_applied
itemList.json	GACHA_FREEBIE_MEDAL_BROWN_1510	shortDescription	調整屋コイン	調整屋硬币	调整专家币	1_official_cn_dump_same_record	A:\magireco_cn_dump_20221010_decrypted_json\authority\authority.json#/itemList.json/GACHA_FREEBIE_343_MEDAL/name	higher_authority_applied
itemList.json	GACHA_FREEBIE_MEDAL_BROWN_1510	description	「調整屋コイン」の交換用アイテム	「调整屋硬币」的兑换道具	在「调整专家币」中用于兑换的道具	1_official_cn_dump_same_record	A:\magireco_cn_dump_20221010_decrypted_json\authority\authority.json#/itemList.json/GACHA_FREEBIE_343_MEDAL	higher_authority_applied
itemList.json	GACHA_FREEBIE_MEDAL_BROWN_1572	name	調整屋コイン	調整屋硬币	调整专家币	1_official_cn_dump_same_record	A:\magireco_cn_dump_20221010_decrypted_json\authority\authority.json#/itemList.json/GACHA_FREEBIE_343_MEDAL/name	higher_authority_applied
itemList.json	GACHA_FREEBIE_MEDAL_BROWN_1572	shortDescription	調整屋コイン	調整屋硬币	调整专家币	1_official_cn_dump_same_record	A:\magireco_cn_dump_20221010_decrypted_json\authority\authority.json#/itemList.json/GACHA_FREEBIE_343_MEDAL/name	higher_authority_applied
itemList.json	GACHA_FREEBIE_MEDAL_BROWN_1572	description	「調整屋コイン」の交換用アイテム	「调整屋硬币」的兑换道具	在「调整专家币」中用于兑换的道具	1_official_cn_dump_same_record	A:\magireco_cn_dump_20221010_decrypted_json\authority\authority.json#/itemList.json/GACHA_FREEBIE_343_MEDAL	higher_authority_applied
itemList.json	GACHA_FREEBIE_MEDAL_BROWN_1614	name	調整屋コイン	調整屋硬币	调整专家币	1_official_cn_dump_same_record	A:\magireco_cn_dump_20221010_decrypted_json\authority\authority.json#/itemList.json/GACHA_FREEBIE_343_MEDAL/name	higher_authority_applied
itemList.json	GACHA_FREEBIE_MEDAL_BROWN_1614	shortDescription	調整屋コイン	調整屋硬币	调整专家币	1_official_cn_dump_same_record	A:\magireco_cn_dump_20221010_decrypted_json\authority\authority.json#/itemList.json/GACHA_FREEBIE_343_MEDAL/name	higher_authority_applied
itemList.json	GACHA_FREEBIE_MEDAL_BROWN_1614	description	「調整屋コイン」の交換用アイテム	「调整屋硬币」的兑换道具	在「调整专家币」中用于兑换的道具	1_official_cn_dump_same_record	A:\magireco_cn_dump_20221010_decrypted_json\authority\authority.json#/itemList.json/GACHA_FREEBIE_343_MEDAL	higher_authority_applied
itemList.json	GACHA_FREEBIE_MEDAL_BROWN_1836	name	調整屋コイン	調整屋硬币	调整专家币	1_official_cn_dump_same_record	A:\magireco_cn_dump_20221010_decrypted_json\authority\authority.json#/itemList.json/GACHA_FREEBIE_343_MEDAL/name	higher_authority_applied
itemList.json	GACHA_FREEBIE_MEDAL_BROWN_1836	shortDescription	調整屋コイン	調整屋硬币	调整专家币	1_official_cn_dump_same_record	A:\magireco_cn_dump_20221010_decrypted_json\authority\authority.json#/itemList.json/GACHA_FREEBIE_343_MEDAL/name	higher_authority_applied
itemList.json	GACHA_FREEBIE_MEDAL_BROWN_1836	description	「調整屋コイン」の交換用アイテム	「调整屋硬币」的兑换道具	在「调整专家币」中用于兑换的道具	1_official_cn_dump_same_record	A:\magireco_cn_dump_20221010_decrypted_json\authority\authority.json#/itemList.json/GACHA_FREEBIE_343_MEDAL	higher_authority_applied
itemList.json	GACHA_FREEBIE_MEDAL_BROWN_1901	name	調整屋コイン	調整屋硬币	调整专家币	1_official_cn_dump_same_record	A:\magireco_cn_dump_20221010_decrypted_json\authority\authority.json#/itemList.json/GACHA_FREEBIE_343_MEDAL/name	higher_authority_applied
itemList.json	GACHA_FREEBIE_MEDAL_BROWN_1901	shortDescription	調整屋コイン	調整屋硬币	调整专家币	1_official_cn_dump_same_record	A:\magireco_cn_dump_20221010_decrypted_json\authority\authority.json#/itemList.json/GACHA_FREEBIE_343_MEDAL/name	higher_authority_applied
itemList.json	GACHA_FREEBIE_MEDAL_BROWN_1901	description	「調整屋コイン」の交換用アイテム	「调整屋硬币」的兑换道具	在「调整专家币」中用于兑换的道具	1_official_cn_dump_same_record	A:\magireco_cn_dump_20221010_decrypted_json\authority\authority.json#/itemList.json/GACHA_FREEBIE_343_MEDAL	higher_authority_applied
itemList.json	GACHA_FREEBIE_MEDAL_BROWN_539	name	調整屋コイン	調整屋硬币	调整专家币	1_official_cn_dump_same_record	A:\magireco_cn_dump_20221010_decrypted_json\authority\authority.json#/itemList.json/GACHA_FREEBIE_343_MEDAL/name	higher_authority_applied
itemList.json	GACHA_FREEBIE_MEDAL_BROWN_539	shortDescription	調整屋コイン	調整屋硬币	调整专家币	1_official_cn_dump_same_record	A:\magireco_cn_dump_20221010_decrypted_json\authority\authority.json#/itemList.json/GACHA_FREEBIE_343_MEDAL/name	higher_authority_applied
itemList.json	GACHA_FREEBIE_MEDAL_BROWN_539	description	「調整屋コイン」の交換用アイテム	「调整屋硬币」的兑换道具	在「调整专家币」中用于兑换的道具	1_official_cn_dump_same_record	A:\magireco_cn_dump_20221010_decrypted_json\authority\authority.json#/itemList.json/GACHA_FREEBIE_343_MEDAL	higher_authority_applied
itemList.json	GACHA_FREEBIE_MEDAL_BROWN_619	name	調整屋コイン	調整屋硬币	调整专家币	1_official_cn_dump_same_record	A:\magireco_cn_dump_20221010_decrypted_json\authority\authority.json#/itemList.json/GACHA_FREEBIE_343_MEDAL/name	higher_authority_applied
itemList.json	GACHA_FREEBIE_MEDAL_BROWN_619	shortDescription	調整屋コイン	調整屋硬币	调整专家币	1_official_cn_dump_same_record	A:\magireco_cn_dump_20221010_decrypted_json\authority\authority.json#/itemList.json/GACHA_FREEBIE_343_MEDAL/name	higher_authority_applied
itemList.json	GACHA_FREEBIE_MEDAL_BROWN_619	description	「調整屋コイン」の交換用アイテム	「调整屋硬币」的兑换道具	在「调整专家币」中用于兑换的道具	1_official_cn_dump_same_record	A:\magireco_cn_dump_20221010_decrypted_json\authority\authority.json#/itemList.json/GACHA_FREEBIE_343_MEDAL	higher_authority_applied
itemList.json	GACHA_FREEBIE_MEDAL_BROWN_661	name	調整屋コイン	調整屋硬币	调整专家币	1_official_cn_dump_same_record	A:\magireco_cn_dump_20221010_decrypted_json\authority\authority.json#/itemList.json/GACHA_FREEBIE_343_MEDAL/name	higher_authority_applied
itemList.json	GACHA_FREEBIE_MEDAL_BROWN_661	shortDescription	調整屋コイン	調整屋硬币	调整专家币	1_official_cn_dump_same_record	A:\magireco_cn_dump_20221010_decrypted_json\authority\authority.json#/itemList.json/GACHA_FREEBIE_343_MEDAL/name	higher_authority_applied
itemList.json	GACHA_FREEBIE_MEDAL_BROWN_661	description	「調整屋コイン」の交換用アイテム	「调整屋硬币」的兑换道具	在「调整专家币」中用于兑换的道具	1_official_cn_dump_same_record	A:\magireco_cn_dump_20221010_decrypted_json\authority\authority.json#/itemList.json/GACHA_FREEBIE_343_MEDAL	higher_authority_applied
itemList.json	GACHA_FREEBIE_MEDAL_BROWN_696	name	調整屋コイン	調整屋硬币	调整专家币	1_official_cn_dump_same_record	A:\magireco_cn_dump_20221010_decrypted_json\authority\authority.json#/itemList.json/GACHA_FREEBIE_343_MEDAL/name	higher_authority_applied
itemList.json	GACHA_FREEBIE_MEDAL_BROWN_696	shortDescription	調整屋コイン	調整屋硬币	调整专家币	1_official_cn_dump_same_record	A:\magireco_cn_dump_20221010_decrypted_json\authority\authority.json#/itemList.json/GACHA_FREEBIE_343_MEDAL/name	higher_authority_applied
itemList.json	GACHA_FREEBIE_MEDAL_BROWN_696	description	「調整屋コイン」の交換用アイテム	「调整屋硬币」的兑换道具	在「调整专家币」中用于兑换的道具	1_official_cn_dump_same_record	A:\magireco_cn_dump_20221010_decrypted_json\authority\authority.json#/itemList.json/GACHA_FREEBIE_343_MEDAL	higher_authority_applied
itemList.json	GACHA_FREEBIE_MEDAL_BROWN_756	name	調整屋コイン	調整屋硬币	调整专家币	1_official_cn_dump_same_record	A:\magireco_cn_dump_20221010_decrypted_json\authority\authority.json#/itemList.json/GACHA_FREEBIE_343_MEDAL/name	higher_authority_applied
itemList.json	GACHA_FREEBIE_MEDAL_BROWN_756	shortDescription	調整屋コイン	調整屋硬币	调整专家币	1_official_cn_dump_same_record	A:\magireco_cn_dump_20221010_decrypted_json\authority\authority.json#/itemList.json/GACHA_FREEBIE_343_MEDAL/name	higher_authority_applied
itemList.json	GACHA_FREEBIE_MEDAL_BROWN_756	description	「調整屋コイン」の交換用アイテム	「调整屋硬币」的兑换道具	在「调整专家币」中用于兑换的道具	1_official_cn_dump_same_record	A:\magireco_cn_dump_20221010_decrypted_json\authority\authority.json#/itemList.json/GACHA_FREEBIE_343_MEDAL	higher_authority_applied
itemList.json	GACHA_FREEBIE_MEDAL_BROWN_830	name	調整屋コイン	調整屋硬币	调整专家币	1_official_cn_dump_same_record	A:\magireco_cn_dump_20221010_decrypted_json\authority\authority.json#/itemList.json/GACHA_FREEBIE_343_MEDAL/name	higher_authority_applied
itemList.json	GACHA_FREEBIE_MEDAL_BROWN_830	shortDescription	調整屋コイン	調整屋硬币	调整专家币	1_official_cn_dump_same_record	A:\magireco_cn_dump_20221010_decrypted_json\authority\authority.json#/itemList.json/GACHA_FREEBIE_343_MEDAL/name	higher_authority_applied
itemList.json	GACHA_FREEBIE_MEDAL_BROWN_830	description	「調整屋コイン」の交換用アイテム	「调整屋硬币」的兑换道具	在「调整专家币」中用于兑换的道具	1_official_cn_dump_same_record	A:\magireco_cn_dump_20221010_decrypted_json\authority\authority.json#/itemList.json/GACHA_FREEBIE_343_MEDAL	higher_authority_applied
itemList.json	GACHA_FREEBIE_MEDAL_BROWN_870	name	調整屋コイン	調整屋硬币	调整专家币	1_official_cn_dump_same_record	A:\magireco_cn_dump_20221010_decrypted_json\authority\authority.json#/itemList.json/GACHA_FREEBIE_343_MEDAL/name	higher_authority_applied
itemList.json	GACHA_FREEBIE_MEDAL_BROWN_870	shortDescription	調整屋コイン	調整屋硬币	调整专家币	1_official_cn_dump_same_record	A:\magireco_cn_dump_20221010_decrypted_json\authority\authority.json#/itemList.json/GACHA_FREEBIE_343_MEDAL/name	higher_authority_applied
itemList.json	GACHA_FREEBIE_MEDAL_BROWN_870	description	「調整屋コイン」の交換用アイテム	「调整屋硬币」的兑换道具	在「调整专家币」中用于兑换的道具	1_official_cn_dump_same_record	A:\magireco_cn_dump_20221010_decrypted_json\authority\authority.json#/itemList.json/GACHA_FREEBIE_343_MEDAL	higher_authority_applied
itemList.json	GACHA_FREEBIE_MEDAL_BROWN_940	name	調整屋コイン	調整屋硬币	调整专家币	1_official_cn_dump_same_record	A:\magireco_cn_dump_20221010_decrypted_json\authority\authority.json#/itemList.json/GACHA_FREEBIE_343_MEDAL/name	higher_authority_applied
itemList.json	GACHA_FREEBIE_MEDAL_BROWN_940	shortDescription	調整屋コイン	調整屋硬币	调整专家币	1_official_cn_dump_same_record	A:\magireco_cn_dump_20221010_decrypted_json\authority\authority.json#/itemList.json/GACHA_FREEBIE_343_MEDAL/name	higher_authority_applied
itemList.json	GACHA_FREEBIE_MEDAL_BROWN_940	description	「調整屋コイン」の交換用アイテム	「调整屋硬币」的兑换道具	在「调整专家币」中用于兑换的道具	1_official_cn_dump_same_record	A:\magireco_cn_dump_20221010_decrypted_json\authority\authority.json#/itemList.json/GACHA_FREEBIE_343_MEDAL	higher_authority_applied
itemList.json	GACHA_FREEBIE_MEDAL_DEEPBLUE_1148	name	調整屋コイン	調整屋硬币	调整专家币	1_official_cn_dump_same_record	A:\magireco_cn_dump_20221010_decrypted_json\authority\authority.json#/itemList.json/GACHA_FREEBIE_343_MEDAL/name	higher_authority_applied
itemList.json	GACHA_FREEBIE_MEDAL_DEEPBLUE_1148	shortDescription	調整屋コイン	調整屋硬币	调整专家币	1_official_cn_dump_same_record	A:\magireco_cn_dump_20221010_decrypted_json\authority\authority.json#/itemList.json/GACHA_FREEBIE_343_MEDAL/name	higher_authority_applied
itemList.json	GACHA_FREEBIE_MEDAL_DEEPBLUE_1148	description	「調整屋コイン」の交換用アイテム	「调整屋硬币」的兑换道具	在「调整专家币」中用于兑换的道具	1_official_cn_dump_same_record	A:\magireco_cn_dump_20221010_decrypted_json\authority\authority.json#/itemList.json/GACHA_FREEBIE_343_MEDAL	higher_authority_applied
itemList.json	GACHA_FREEBIE_MEDAL_DEEPBLUE_1182	name	調整屋コイン	調整屋硬币	调整专家币	1_official_cn_dump_same_record	A:\magireco_cn_dump_20221010_decrypted_json\authority\authority.json#/itemList.json/GACHA_FREEBIE_343_MEDAL/name	higher_authority_applied
itemList.json	GACHA_FREEBIE_MEDAL_DEEPBLUE_1182	shortDescription	調整屋コイン	調整屋硬币	调整专家币	1_official_cn_dump_same_record	A:\magireco_cn_dump_20221010_decrypted_json\authority\authority.json#/itemList.json/GACHA_FREEBIE_343_MEDAL/name	higher_authority_applied
itemList.json	GACHA_FREEBIE_MEDAL_DEEPBLUE_1182	description	「調整屋コイン」の交換用アイテム	「调整屋硬币」的兑换道具	在「调整专家币」中用于兑换的道具	1_official_cn_dump_same_record	A:\magireco_cn_dump_20221010_decrypted_json\authority\authority.json#/itemList.json/GACHA_FREEBIE_343_MEDAL	higher_authority_applied
itemList.json	GACHA_FREEBIE_MEDAL_DEEPBLUE_1341	name	調整屋コイン	調整屋硬币	调整专家币	1_official_cn_dump_same_record	A:\magireco_cn_dump_20221010_decrypted_json\authority\authority.json#/itemList.json/GACHA_FREEBIE_343_MEDAL/name	higher_authority_applied
itemList.json	GACHA_FREEBIE_MEDAL_DEEPBLUE_1341	shortDescription	調整屋コイン	調整屋硬币	调整专家币	1_official_cn_dump_same_record	A:\magireco_cn_dump_20221010_decrypted_json\authority\authority.json#/itemList.json/GACHA_FREEBIE_343_MEDAL/name	higher_authority_applied
itemList.json	GACHA_FREEBIE_MEDAL_DEEPBLUE_1341	description	「調整屋コイン」の交換用アイテム	「调整屋硬币」的兑换道具	在「调整专家币」中用于兑换的道具	1_official_cn_dump_same_record	A:\magireco_cn_dump_20221010_decrypted_json\authority\authority.json#/itemList.json/GACHA_FREEBIE_343_MEDAL	higher_authority_applied
itemList.json	GACHA_FREEBIE_MEDAL_DEEPBLUE_1583	name	調整屋コイン	調整屋硬币	调整专家币	1_official_cn_dump_same_record	A:\magireco_cn_dump_20221010_decrypted_json\authority\authority.json#/itemList.json/GACHA_FREEBIE_343_MEDAL/name	higher_authority_applied
itemList.json	GACHA_FREEBIE_MEDAL_DEEPBLUE_1583	shortDescription	調整屋コイン	調整屋硬币	调整专家币	1_official_cn_dump_same_record	A:\magireco_cn_dump_20221010_decrypted_json\authority\authority.json#/itemList.json/GACHA_FREEBIE_343_MEDAL/name	higher_authority_applied
itemList.json	GACHA_FREEBIE_MEDAL_DEEPBLUE_1583	description	「調整屋コイン」の交換用アイテム	「调整屋硬币」的兑换道具	在「调整专家币」中用于兑换的道具	1_official_cn_dump_same_record	A:\magireco_cn_dump_20221010_decrypted_json\authority\authority.json#/itemList.json/GACHA_FREEBIE_343_MEDAL	higher_authority_applied
itemList.json	GACHA_FREEBIE_MEDAL_DEEPBLUE_1623	name	調整屋コイン	調整屋硬币	调整专家币	1_official_cn_dump_same_record	A:\magireco_cn_dump_20221010_decrypted_json\authority\authority.json#/itemList.json/GACHA_FREEBIE_343_MEDAL/name	higher_authority_applied
itemList.json	GACHA_FREEBIE_MEDAL_DEEPBLUE_1623	shortDescription	調整屋コイン	調整屋硬币	调整专家币	1_official_cn_dump_same_record	A:\magireco_cn_dump_20221010_decrypted_json\authority\authority.json#/itemList.json/GACHA_FREEBIE_343_MEDAL/name	higher_authority_applied
itemList.json	GACHA_FREEBIE_MEDAL_DEEPBLUE_1623	description	「調整屋コイン」の交換用アイテム	「调整屋硬币」的兑换道具	在「调整专家币」中用于兑换的道具	1_official_cn_dump_same_record	A:\magireco_cn_dump_20221010_decrypted_json\authority\authority.json#/itemList.json/GACHA_FREEBIE_343_MEDAL	higher_authority_applied
itemList.json	GACHA_FREEBIE_MEDAL_DEEPBLUE_1690	name	調整屋コイン	調整屋硬币	调整专家币	1_official_cn_dump_same_record	A:\magireco_cn_dump_20221010_decrypted_json\authority\authority.json#/itemList.json/GACHA_FREEBIE_343_MEDAL/name	higher_authority_applied
itemList.json	GACHA_FREEBIE_MEDAL_DEEPBLUE_1690	shortDescription	調整屋コイン	調整屋硬币	调整专家币	1_official_cn_dump_same_record	A:\magireco_cn_dump_20221010_decrypted_json\authority\authority.json#/itemList.json/GACHA_FREEBIE_343_MEDAL/name	higher_authority_applied
itemList.json	GACHA_FREEBIE_MEDAL_DEEPBLUE_1690	description	「調整屋コイン」の交換用アイテム	「调整屋硬币」的兑换道具	在「调整专家币」中用于兑换的道具	1_official_cn_dump_same_record	A:\magireco_cn_dump_20221010_decrypted_json\authority\authority.json#/itemList.json/GACHA_FREEBIE_343_MEDAL	higher_authority_applied
itemList.json	GACHA_FREEBIE_MEDAL_DEEPBLUE_2009	name	調整屋コイン	調整屋硬币	调整专家币	1_official_cn_dump_same_record	A:\magireco_cn_dump_20221010_decrypted_json\authority\authority.json#/itemList.json/GACHA_FREEBIE_343_MEDAL/name	higher_authority_applied
itemList.json	GACHA_FREEBIE_MEDAL_DEEPBLUE_2009	shortDescription	調整屋コイン	調整屋硬币	调整专家币	1_official_cn_dump_same_record	A:\magireco_cn_dump_20221010_decrypted_json\authority\authority.json#/itemList.json/GACHA_FREEBIE_343_MEDAL/name	higher_authority_applied
itemList.json	GACHA_FREEBIE_MEDAL_DEEPBLUE_2009	description	「調整屋コイン」の交換用アイテム	「调整屋硬币」的兑换道具	在「调整专家币」中用于兑换的道具	1_official_cn_dump_same_record	A:\magireco_cn_dump_20221010_decrypted_json\authority\authority.json#/itemList.json/GACHA_FREEBIE_343_MEDAL	higher_authority_applied
itemList.json	GACHA_FREEBIE_MEDAL_DEEPBLUE_469	shortDescription	調整屋コイン	調整屋硬币	调整专家币	1_official_cn_dump_same_record	A:\magireco_cn_dump_20221010_decrypted_json\authority\authority.json#/itemList.json/GACHA_FREEBIE_343_MEDAL/name	higher_authority_applied
itemList.json	GACHA_FREEBIE_MEDAL_DEEPBLUE_570	name	調整屋コイン	調整屋硬币	调整专家币	1_official_cn_dump_same_record	A:\magireco_cn_dump_20221010_decrypted_json\authority\authority.json#/itemList.json/GACHA_FREEBIE_343_MEDAL/name	higher_authority_applied
itemList.json	GACHA_FREEBIE_MEDAL_DEEPBLUE_570	shortDescription	調整屋コイン	調整屋硬币	调整专家币	1_official_cn_dump_same_record	A:\magireco_cn_dump_20221010_decrypted_json\authority\authority.json#/itemList.json/GACHA_FREEBIE_343_MEDAL/name	higher_authority_applied
itemList.json	GACHA_FREEBIE_MEDAL_DEEPBLUE_570	description	「調整屋コイン」の交換用アイテム	「调整屋硬币」的兑换道具	在「调整专家币」中用于兑换的道具	1_official_cn_dump_same_record	A:\magireco_cn_dump_20221010_decrypted_json\authority\authority.json#/itemList.json/GACHA_FREEBIE_343_MEDAL	higher_authority_applied
itemList.json	GACHA_FREEBIE_MEDAL_DEEPBLUE_699	name	調整屋コイン	調整屋硬币	调整专家币	1_official_cn_dump_same_record	A:\magireco_cn_dump_20221010_decrypted_json\authority\authority.json#/itemList.json/GACHA_FREEBIE_343_MEDAL/name	higher_authority_applied
itemList.json	GACHA_FREEBIE_MEDAL_DEEPBLUE_699	shortDescription	調整屋コイン	調整屋硬币	调整专家币	1_official_cn_dump_same_record	A:\magireco_cn_dump_20221010_decrypted_json\authority\authority.json#/itemList.json/GACHA_FREEBIE_343_MEDAL/name	higher_authority_applied
itemList.json	GACHA_FREEBIE_MEDAL_DEEPBLUE_699	description	「調整屋コイン」の交換用アイテム	「调整屋硬币」的兑换道具	在「调整专家币」中用于兑换的道具	1_official_cn_dump_same_record	A:\magireco_cn_dump_20221010_decrypted_json\authority\authority.json#/itemList.json/GACHA_FREEBIE_343_MEDAL	higher_authority_applied
itemList.json	GACHA_FREEBIE_MEDAL_DEEPBLUE_757	name	調整屋コイン	調整屋硬币	调整专家币	1_official_cn_dump_same_record	A:\magireco_cn_dump_20221010_decrypted_json\authority\authority.json#/itemList.json/GACHA_FREEBIE_343_MEDAL/name	higher_authority_applied
itemList.json	GACHA_FREEBIE_MEDAL_DEEPBLUE_757	shortDescription	調整屋コイン	調整屋硬币	调整专家币	1_official_cn_dump_same_record	A:\magireco_cn_dump_20221010_decrypted_json\authority\authority.json#/itemList.json/GACHA_FREEBIE_343_MEDAL/name	higher_authority_applied
itemList.json	GACHA_FREEBIE_MEDAL_DEEPBLUE_757	description	「調整屋コイン」の交換用アイテム	「调整屋硬币」的兑换道具	在「调整专家币」中用于兑换的道具	1_official_cn_dump_same_record	A:\magireco_cn_dump_20221010_decrypted_json\authority\authority.json#/itemList.json/GACHA_FREEBIE_343_MEDAL	higher_authority_applied
itemList.json	GACHA_FREEBIE_MEDAL_DEEPBLUE_799	name	調整屋コイン	調整屋硬币	调整专家币	1_official_cn_dump_same_record	A:\magireco_cn_dump_20221010_decrypted_json\authority\authority.json#/itemList.json/GACHA_FREEBIE_343_MEDAL/name	higher_authority_applied
itemList.json	GACHA_FREEBIE_MEDAL_DEEPBLUE_799	shortDescription	調整屋コイン	調整屋硬币	调整专家币	1_official_cn_dump_same_record	A:\magireco_cn_dump_20221010_decrypted_json\authority\authority.json#/itemList.json/GACHA_FREEBIE_343_MEDAL/name	higher_authority_applied
itemList.json	GACHA_FREEBIE_MEDAL_DEEPBLUE_799	description	「調整屋コイン」の交換用アイテム	「调整屋硬币」的兑换道具	在「调整专家币」中用于兑换的道具	1_official_cn_dump_same_record	A:\magireco_cn_dump_20221010_decrypted_json\authority\authority.json#/itemList.json/GACHA_FREEBIE_343_MEDAL	higher_authority_applied
itemList.json	GACHA_FREEBIE_MEDAL_DEEPBLUE_834	name	調整屋コイン	調整屋硬币	调整专家币	1_official_cn_dump_same_record	A:\magireco_cn_dump_20221010_decrypted_json\authority\authority.json#/itemList.json/GACHA_FREEBIE_343_MEDAL/name	higher_authority_applied
itemList.json	GACHA_FREEBIE_MEDAL_DEEPBLUE_834	shortDescription	調整屋コイン	調整屋硬币	调整专家币	1_official_cn_dump_same_record	A:\magireco_cn_dump_20221010_decrypted_json\authority\authority.json#/itemList.json/GACHA_FREEBIE_343_MEDAL/name	higher_authority_applied
itemList.json	GACHA_FREEBIE_MEDAL_DEEPBLUE_834	description	「調整屋コイン」の交換用アイテム	「调整屋硬币」的兑换道具	在「调整专家币」中用于兑换的道具	1_official_cn_dump_same_record	A:\magireco_cn_dump_20221010_decrypted_json\authority\authority.json#/itemList.json/GACHA_FREEBIE_343_MEDAL	higher_authority_applied
itemList.json	GACHA_FREEBIE_MEDAL_DEEPBLUE_918	name	調整屋コイン	調整屋硬币	调整专家币	1_official_cn_dump_same_record	A:\magireco_cn_dump_20221010_decrypted_json\authority\authority.json#/itemList.json/GACHA_FREEBIE_343_MEDAL/name	higher_authority_applied
itemList.json	GACHA_FREEBIE_MEDAL_DEEPBLUE_918	shortDescription	調整屋コイン	調整屋硬币	调整专家币	1_official_cn_dump_same_record	A:\magireco_cn_dump_20221010_decrypted_json\authority\authority.json#/itemList.json/GACHA_FREEBIE_343_MEDAL/name	higher_authority_applied
itemList.json	GACHA_FREEBIE_MEDAL_DEEPBLUE_918	description	「調整屋コイン」の交換用アイテム	「调整屋硬币」的兑换道具	在「调整专家币」中用于兑换的道具	1_official_cn_dump_same_record	A:\magireco_cn_dump_20221010_decrypted_json\authority\authority.json#/itemList.json/GACHA_FREEBIE_343_MEDAL	higher_authority_applied
itemList.json	GACHA_FREEBIE_MEDAL_DEEPBLUE_981	name	調整屋コイン	調整屋硬币	调整专家币	1_official_cn_dump_same_record	A:\magireco_cn_dump_20221010_decrypted_json\authority\authority.json#/itemList.json/GACHA_FREEBIE_343_MEDAL/name	higher_authority_applied
itemList.json	GACHA_FREEBIE_MEDAL_DEEPBLUE_981	shortDescription	調整屋コイン	調整屋硬币	调整专家币	1_official_cn_dump_same_record	A:\magireco_cn_dump_20221010_decrypted_json\authority\authority.json#/itemList.json/GACHA_FREEBIE_343_MEDAL/name	higher_authority_applied
itemList.json	GACHA_FREEBIE_MEDAL_DEEPBLUE_981	description	「調整屋コイン」の交換用アイテム	「调整屋硬币」的兑换道具	在「调整专家币」中用于兑换的道具	1_official_cn_dump_same_record	A:\magireco_cn_dump_20221010_decrypted_json\authority\authority.json#/itemList.json/GACHA_FREEBIE_343_MEDAL	higher_authority_applied
itemList.json	GACHA_FREEBIE_MEDAL_GREEN_1022	name	調整屋コイン	調整屋硬币	调整专家币	1_official_cn_dump_same_record	A:\magireco_cn_dump_20221010_decrypted_json\authority\authority.json#/itemList.json/GACHA_FREEBIE_343_MEDAL/name	higher_authority_applied
itemList.json	GACHA_FREEBIE_MEDAL_GREEN_1022	shortDescription	調整屋コイン	調整屋硬币	调整专家币	1_official_cn_dump_same_record	A:\magireco_cn_dump_20221010_decrypted_json\authority\authority.json#/itemList.json/GACHA_FREEBIE_343_MEDAL/name	higher_authority_applied
itemList.json	GACHA_FREEBIE_MEDAL_GREEN_1022	description	「調整屋コイン」の交換用アイテム	「调整屋硬币」的兑换道具	在「调整专家币」中用于兑换的道具	1_official_cn_dump_same_record	A:\magireco_cn_dump_20221010_decrypted_json\authority\authority.json#/itemList.json/GACHA_FREEBIE_343_MEDAL	higher_authority_applied
itemList.json	GACHA_FREEBIE_MEDAL_GREEN_1100	name	調整屋コイン	調整屋硬币	调整专家币	1_official_cn_dump_same_record	A:\magireco_cn_dump_20221010_decrypted_json\authority\authority.json#/itemList.json/GACHA_FREEBIE_343_MEDAL/name	higher_authority_applied
itemList.json	GACHA_FREEBIE_MEDAL_GREEN_1100	shortDescription	調整屋コイン	調整屋硬币	调整专家币	1_official_cn_dump_same_record	A:\magireco_cn_dump_20221010_decrypted_json\authority\authority.json#/itemList.json/GACHA_FREEBIE_343_MEDAL/name	higher_authority_applied
itemList.json	GACHA_FREEBIE_MEDAL_GREEN_1100	description	「調整屋コイン」の交換用アイテム	「调整屋硬币」的兑换道具	在「调整专家币」中用于兑换的道具	1_official_cn_dump_same_record	A:\magireco_cn_dump_20221010_decrypted_json\authority\authority.json#/itemList.json/GACHA_FREEBIE_343_MEDAL	higher_authority_applied
itemList.json	GACHA_FREEBIE_MEDAL_GREEN_1172	name	調整屋コイン	調整屋硬币	调整专家币	1_official_cn_dump_same_record	A:\magireco_cn_dump_20221010_decrypted_json\authority\authority.json#/itemList.json/GACHA_FREEBIE_343_MEDAL/name	higher_authority_applied
itemList.json	GACHA_FREEBIE_MEDAL_GREEN_1172	shortDescription	調整屋コイン	調整屋硬币	调整专家币	1_official_cn_dump_same_record	A:\magireco_cn_dump_20221010_decrypted_json\authority\authority.json#/itemList.json/GACHA_FREEBIE_343_MEDAL/name	higher_authority_applied
itemList.json	GACHA_FREEBIE_MEDAL_GREEN_1172	description	「調整屋コイン」の交換用アイテム	「调整屋硬币」的兑换道具	在「调整专家币」中用于兑换的道具	1_official_cn_dump_same_record	A:\magireco_cn_dump_20221010_decrypted_json\authority\authority.json#/itemList.json/GACHA_FREEBIE_343_MEDAL	higher_authority_applied
itemList.json	GACHA_FREEBIE_MEDAL_GREEN_1426	name	調整屋コイン	調整屋硬币	调整专家币	1_official_cn_dump_same_record	A:\magireco_cn_dump_20221010_decrypted_json\authority\authority.json#/itemList.json/GACHA_FREEBIE_343_MEDAL/name	higher_authority_applied
itemList.json	GACHA_FREEBIE_MEDAL_GREEN_1426	shortDescription	調整屋コイン	調整屋硬币	调整专家币	1_official_cn_dump_same_record	A:\magireco_cn_dump_20221010_decrypted_json\authority\authority.json#/itemList.json/GACHA_FREEBIE_343_MEDAL/name	higher_authority_applied
itemList.json	GACHA_FREEBIE_MEDAL_GREEN_1426	description	「調整屋コイン」の交換用アイテム	「调整屋硬币」的兑换道具	在「调整专家币」中用于兑换的道具	1_official_cn_dump_same_record	A:\magireco_cn_dump_20221010_decrypted_json\authority\authority.json#/itemList.json/GACHA_FREEBIE_343_MEDAL	higher_authority_applied
itemList.json	GACHA_FREEBIE_MEDAL_GREEN_1520	name	調整屋コイン	調整屋硬币	调整专家币	1_official_cn_dump_same_record	A:\magireco_cn_dump_20221010_decrypted_json\authority\authority.json#/itemList.json/GACHA_FREEBIE_343_MEDAL/name	higher_authority_applied
itemList.json	GACHA_FREEBIE_MEDAL_GREEN_1520	shortDescription	調整屋コイン	調整屋硬币	调整专家币	1_official_cn_dump_same_record	A:\magireco_cn_dump_20221010_decrypted_json\authority\authority.json#/itemList.json/GACHA_FREEBIE_343_MEDAL/name	higher_authority_applied
itemList.json	GACHA_FREEBIE_MEDAL_GREEN_1520	description	「調整屋コイン」の交換用アイテム	「调整屋硬币」的兑换道具	在「调整专家币」中用于兑换的道具	1_official_cn_dump_same_record	A:\magireco_cn_dump_20221010_decrypted_json\authority\authority.json#/itemList.json/GACHA_FREEBIE_343_MEDAL	higher_authority_applied
itemList.json	GACHA_FREEBIE_MEDAL_GREEN_1698	name	調整屋コイン	調整屋硬币	调整专家币	1_official_cn_dump_same_record	A:\magireco_cn_dump_20221010_decrypted_json\authority\authority.json#/itemList.json/GACHA_FREEBIE_343_MEDAL/name	higher_authority_applied
itemList.json	GACHA_FREEBIE_MEDAL_GREEN_1698	shortDescription	調整屋コイン	調整屋硬币	调整专家币	1_official_cn_dump_same_record	A:\magireco_cn_dump_20221010_decrypted_json\authority\authority.json#/itemList.json/GACHA_FREEBIE_343_MEDAL/name	higher_authority_applied
itemList.json	GACHA_FREEBIE_MEDAL_GREEN_1698	description	「調整屋コイン」の交換用アイテム	「调整屋硬币」的兑换道具	在「调整专家币」中用于兑换的道具	1_official_cn_dump_same_record	A:\magireco_cn_dump_20221010_decrypted_json\authority\authority.json#/itemList.json/GACHA_FREEBIE_343_MEDAL	higher_authority_applied
itemList.json	GACHA_FREEBIE_MEDAL_GREEN_1870	name	調整屋コイン	調整屋硬币	调整专家币	1_official_cn_dump_same_record	A:\magireco_cn_dump_20221010_decrypted_json\authority\authority.json#/itemList.json/GACHA_FREEBIE_343_MEDAL/name	higher_authority_applied
itemList.json	GACHA_FREEBIE_MEDAL_GREEN_1870	shortDescription	調整屋コイン	調整屋硬币	调整专家币	1_official_cn_dump_same_record	A:\magireco_cn_dump_20221010_decrypted_json\authority\authority.json#/itemList.json/GACHA_FREEBIE_343_MEDAL/name	higher_authority_applied
itemList.json	GACHA_FREEBIE_MEDAL_GREEN_1870	description	「調整屋コイン」の交換用アイテム	「调整屋硬币」的兑换道具	在「调整专家币」中用于兑换的道具	1_official_cn_dump_same_record	A:\magireco_cn_dump_20221010_decrypted_json\authority\authority.json#/itemList.json/GACHA_FREEBIE_343_MEDAL	higher_authority_applied
itemList.json	GACHA_FREEBIE_MEDAL_GREEN_581	name	調整屋コイン	調整屋硬币	调整专家币	1_official_cn_dump_same_record	A:\magireco_cn_dump_20221010_decrypted_json\authority\authority.json#/itemList.json/GACHA_FREEBIE_343_MEDAL/name	higher_authority_applied
itemList.json	GACHA_FREEBIE_MEDAL_GREEN_581	shortDescription	調整屋コイン	調整屋硬币	调整专家币	1_official_cn_dump_same_record	A:\magireco_cn_dump_20221010_decrypted_json\authority\authority.json#/itemList.json/GACHA_FREEBIE_343_MEDAL/name	higher_authority_applied
itemList.json	GACHA_FREEBIE_MEDAL_GREEN_581	description	「調整屋コイン」の交換用アイテム	「调整屋硬币」的兑换道具	在「调整专家币」中用于兑换的道具	1_official_cn_dump_same_record	A:\magireco_cn_dump_20221010_decrypted_json\authority\authority.json#/itemList.json/GACHA_FREEBIE_343_MEDAL	higher_authority_applied
itemList.json	GACHA_FREEBIE_MEDAL_GREEN_673	name	調整屋コイン	調整屋硬币	调整专家币	1_official_cn_dump_same_record	A:\magireco_cn_dump_20221010_decrypted_json\authority\authority.json#/itemList.json/GACHA_FREEBIE_343_MEDAL/name	higher_authority_applied
itemList.json	GACHA_FREEBIE_MEDAL_GREEN_673	shortDescription	調整屋コイン	調整屋硬币	调整专家币	1_official_cn_dump_same_record	A:\magireco_cn_dump_20221010_decrypted_json\authority\authority.json#/itemList.json/GACHA_FREEBIE_343_MEDAL/name	higher_authority_applied
itemList.json	GACHA_FREEBIE_MEDAL_GREEN_673	description	「調整屋コイン」の交換用アイテム	「调整屋硬币」的兑换道具	在「调整专家币」中用于兑换的道具	1_official_cn_dump_same_record	A:\magireco_cn_dump_20221010_decrypted_json\authority\authority.json#/itemList.json/GACHA_FREEBIE_343_MEDAL	higher_authority_applied
itemList.json	GACHA_FREEBIE_MEDAL_GREEN_702	name	調整屋コイン	調整屋硬币	调整专家币	1_official_cn_dump_same_record	A:\magireco_cn_dump_20221010_decrypted_json\authority\authority.json#/itemList.json/GACHA_FREEBIE_343_MEDAL/name	higher_authority_applied
itemList.json	GACHA_FREEBIE_MEDAL_GREEN_702	shortDescription	調整屋コイン	調整屋硬币	调整专家币	1_official_cn_dump_same_record	A:\magireco_cn_dump_20221010_decrypted_json\authority\authority.json#/itemList.json/GACHA_FREEBIE_343_MEDAL/name	higher_authority_applied
itemList.json	GACHA_FREEBIE_MEDAL_GREEN_702	description	「調整屋コイン」の交換用アイテム	「调整屋硬币」的兑换道具	在「调整专家币」中用于兑换的道具	1_official_cn_dump_same_record	A:\magireco_cn_dump_20221010_decrypted_json\authority\authority.json#/itemList.json/GACHA_FREEBIE_343_MEDAL	higher_authority_applied
itemList.json	GACHA_FREEBIE_MEDAL_GREEN_808	name	調整屋コイン	調整屋硬币	调整专家币	1_official_cn_dump_same_record	A:\magireco_cn_dump_20221010_decrypted_json\authority\authority.json#/itemList.json/GACHA_FREEBIE_343_MEDAL/name	higher_authority_applied
itemList.json	GACHA_FREEBIE_MEDAL_GREEN_808	shortDescription	調整屋コイン	調整屋硬币	调整专家币	1_official_cn_dump_same_record	A:\magireco_cn_dump_20221010_decrypted_json\authority\authority.json#/itemList.json/GACHA_FREEBIE_343_MEDAL/name	higher_authority_applied
itemList.json	GACHA_FREEBIE_MEDAL_GREEN_808	description	「調整屋コイン」の交換用アイテム	「调整屋硬币」的兑换道具	在「调整专家币」中用于兑换的道具	1_official_cn_dump_same_record	A:\magireco_cn_dump_20221010_decrypted_json\authority\authority.json#/itemList.json/GACHA_FREEBIE_343_MEDAL	higher_authority_applied
itemList.json	GACHA_FREEBIE_MEDAL_GREEN_859	name	調整屋コイン	調整屋硬币	调整专家币	1_official_cn_dump_same_record	A:\magireco_cn_dump_20221010_decrypted_json\authority\authority.json#/itemList.json/GACHA_FREEBIE_343_MEDAL/name	higher_authority_applied
itemList.json	GACHA_FREEBIE_MEDAL_GREEN_859	shortDescription	調整屋コイン	調整屋硬币	调整专家币	1_official_cn_dump_same_record	A:\magireco_cn_dump_20221010_decrypted_json\authority\authority.json#/itemList.json/GACHA_FREEBIE_343_MEDAL/name	higher_authority_applied
itemList.json	GACHA_FREEBIE_MEDAL_GREEN_859	description	「調整屋コイン」の交換用アイテム	「调整屋硬币」的兑换道具	在「调整专家币」中用于兑换的道具	1_official_cn_dump_same_record	A:\magireco_cn_dump_20221010_decrypted_json\authority\authority.json#/itemList.json/GACHA_FREEBIE_343_MEDAL	higher_authority_applied
itemList.json	GACHA_FREEBIE_MEDAL_LIGHTBLUE_1033	name	調整屋コイン	調整屋硬币	调整专家币	1_official_cn_dump_same_record	A:\magireco_cn_dump_20221010_decrypted_json\authority\authority.json#/itemList.json/GACHA_FREEBIE_343_MEDAL/name	higher_authority_applied
itemList.json	GACHA_FREEBIE_MEDAL_LIGHTBLUE_1033	shortDescription	調整屋コイン	調整屋硬币	调整专家币	1_official_cn_dump_same_record	A:\magireco_cn_dump_20221010_decrypted_json\authority\authority.json#/itemList.json/GACHA_FREEBIE_343_MEDAL/name	higher_authority_applied
itemList.json	GACHA_FREEBIE_MEDAL_LIGHTBLUE_1033	description	「調整屋コイン」の交換用アイテム	「调整屋硬币」的兑换道具	在「调整专家币」中用于兑换的道具	1_official_cn_dump_same_record	A:\magireco_cn_dump_20221010_decrypted_json\authority\authority.json#/itemList.json/GACHA_FREEBIE_343_MEDAL	higher_authority_applied
itemList.json	GACHA_FREEBIE_MEDAL_LIGHTBLUE_1115	name	調整屋コイン	調整屋硬币	调整专家币	1_official_cn_dump_same_record	A:\magireco_cn_dump_20221010_decrypted_json\authority\authority.json#/itemList.json/GACHA_FREEBIE_343_MEDAL/name	higher_authority_applied
itemList.json	GACHA_FREEBIE_MEDAL_LIGHTBLUE_1115	shortDescription	調整屋コイン	調整屋硬币	调整专家币	1_official_cn_dump_same_record	A:\magireco_cn_dump_20221010_decrypted_json\authority\authority.json#/itemList.json/GACHA_FREEBIE_343_MEDAL/name	higher_authority_applied
itemList.json	GACHA_FREEBIE_MEDAL_LIGHTBLUE_1115	description	「調整屋コイン」の交換用アイテム	「调整屋硬币」的兑换道具	在「调整专家币」中用于兑换的道具	1_official_cn_dump_same_record	A:\magireco_cn_dump_20221010_decrypted_json\authority\authority.json#/itemList.json/GACHA_FREEBIE_343_MEDAL	higher_authority_applied
itemList.json	GACHA_FREEBIE_MEDAL_LIGHTBLUE_1216	name	調整屋コイン	調整屋硬币	调整专家币	1_official_cn_dump_same_record	A:\magireco_cn_dump_20221010_decrypted_json\authority\authority.json#/itemList.json/GACHA_FREEBIE_343_MEDAL/name	higher_authority_applied
itemList.json	GACHA_FREEBIE_MEDAL_LIGHTBLUE_1216	shortDescription	調整屋コイン	調整屋硬币	调整专家币	1_official_cn_dump_same_record	A:\magireco_cn_dump_20221010_decrypted_json\authority\authority.json#/itemList.json/GACHA_FREEBIE_343_MEDAL/name	higher_authority_applied
itemList.json	GACHA_FREEBIE_MEDAL_LIGHTBLUE_1216	description	「調整屋コイン」の交換用アイテム	「调整屋硬币」的兑换道具	在「调整专家币」中用于兑换的道具	1_official_cn_dump_same_record	A:\magireco_cn_dump_20221010_decrypted_json\authority\authority.json#/itemList.json/GACHA_FREEBIE_343_MEDAL	higher_authority_applied
itemList.json	GACHA_FREEBIE_MEDAL_LIGHTBLUE_1323	name	調整屋コイン	調整屋硬币	调整专家币	1_official_cn_dump_same_record	A:\magireco_cn_dump_20221010_decrypted_json\authority\authority.json#/itemList.json/GACHA_FREEBIE_343_MEDAL/name	higher_authority_applied
itemList.json	GACHA_FREEBIE_MEDAL_LIGHTBLUE_1323	shortDescription	調整屋コイン	調整屋硬币	调整专家币	1_official_cn_dump_same_record	A:\magireco_cn_dump_20221010_decrypted_json\authority\authority.json#/itemList.json/GACHA_FREEBIE_343_MEDAL/name	higher_authority_applied
itemList.json	GACHA_FREEBIE_MEDAL_LIGHTBLUE_1323	description	「調整屋コイン」の交換用アイテム	「调整屋硬币」的兑换道具	在「调整专家币」中用于兑换的道具	1_official_cn_dump_same_record	A:\magireco_cn_dump_20221010_decrypted_json\authority\authority.json#/itemList.json/GACHA_FREEBIE_343_MEDAL	higher_authority_applied
itemList.json	GACHA_FREEBIE_MEDAL_LIGHTBLUE_1396	name	調整屋コイン	調整屋硬币	调整专家币	1_official_cn_dump_same_record	A:\magireco_cn_dump_20221010_decrypted_json\authority\authority.json#/itemList.json/GACHA_FREEBIE_343_MEDAL/name	higher_authority_applied
itemList.json	GACHA_FREEBIE_MEDAL_LIGHTBLUE_1396	shortDescription	調整屋コイン	調整屋硬币	调整专家币	1_official_cn_dump_same_record	A:\magireco_cn_dump_20221010_decrypted_json\authority\authority.json#/itemList.json/GACHA_FREEBIE_343_MEDAL/name	higher_authority_applied
itemList.json	GACHA_FREEBIE_MEDAL_LIGHTBLUE_1396	description	「調整屋コイン」の交換用アイテム	「调整屋硬币」的兑换道具	在「调整专家币」中用于兑换的道具	1_official_cn_dump_same_record	A:\magireco_cn_dump_20221010_decrypted_json\authority\authority.json#/itemList.json/GACHA_FREEBIE_343_MEDAL	higher_authority_applied
itemList.json	GACHA_FREEBIE_MEDAL_LIGHTBLUE_1570	name	調整屋コイン	調整屋硬币	调整专家币	1_official_cn_dump_same_record	A:\magireco_cn_dump_20221010_decrypted_json\authority\authority.json#/itemList.json/GACHA_FREEBIE_343_MEDAL/name	higher_authority_applied
itemList.json	GACHA_FREEBIE_MEDAL_LIGHTBLUE_1570	shortDescription	調整屋コイン	調整屋硬币	调整专家币	1_official_cn_dump_same_record	A:\magireco_cn_dump_20221010_decrypted_json\authority\authority.json#/itemList.json/GACHA_FREEBIE_343_MEDAL/name	higher_authority_applied
itemList.json	GACHA_FREEBIE_MEDAL_LIGHTBLUE_1570	description	「調整屋コイン」の交換用アイテム	「调整屋硬币」的兑换道具	在「调整专家币」中用于兑换的道具	1_official_cn_dump_same_record	A:\magireco_cn_dump_20221010_decrypted_json\authority\authority.json#/itemList.json/GACHA_FREEBIE_343_MEDAL	higher_authority_applied
itemList.json	GACHA_FREEBIE_MEDAL_LIGHTBLUE_1744	name	調整屋コイン	調整屋硬币	调整专家币	1_official_cn_dump_same_record	A:\magireco_cn_dump_20221010_decrypted_json\authority\authority.json#/itemList.json/GACHA_FREEBIE_343_MEDAL/name	higher_authority_applied
itemList.json	GACHA_FREEBIE_MEDAL_LIGHTBLUE_1744	shortDescription	調整屋コイン	調整屋硬币	调整专家币	1_official_cn_dump_same_record	A:\magireco_cn_dump_20221010_decrypted_json\authority\authority.json#/itemList.json/GACHA_FREEBIE_343_MEDAL/name	higher_authority_applied
itemList.json	GACHA_FREEBIE_MEDAL_LIGHTBLUE_1744	description	「調整屋コイン」の交換用アイテム	「调整屋硬币」的兑换道具	在「调整专家币」中用于兑换的道具	1_official_cn_dump_same_record	A:\magireco_cn_dump_20221010_decrypted_json\authority\authority.json#/itemList.json/GACHA_FREEBIE_343_MEDAL	higher_authority_applied
itemList.json	GACHA_FREEBIE_MEDAL_LIGHTBLUE_1803	name	調整屋コイン	調整屋硬币	调整专家币	1_official_cn_dump_same_record	A:\magireco_cn_dump_20221010_decrypted_json\authority\authority.json#/itemList.json/GACHA_FREEBIE_343_MEDAL/name	higher_authority_applied
itemList.json	GACHA_FREEBIE_MEDAL_LIGHTBLUE_1803	shortDescription	調整屋コイン	調整屋硬币	调整专家币	1_official_cn_dump_same_record	A:\magireco_cn_dump_20221010_decrypted_json\authority\authority.json#/itemList.json/GACHA_FREEBIE_343_MEDAL/name	higher_authority_applied
itemList.json	GACHA_FREEBIE_MEDAL_LIGHTBLUE_1803	description	「調整屋コイン」の交換用アイテム	「调整屋硬币」的兑换道具	在「调整专家币」中用于兑换的道具	1_official_cn_dump_same_record	A:\magireco_cn_dump_20221010_decrypted_json\authority\authority.json#/itemList.json/GACHA_FREEBIE_343_MEDAL	higher_authority_applied
itemList.json	GACHA_FREEBIE_MEDAL_LIGHTBLUE_465	shortDescription	調整屋コイン	調整屋硬币	调整专家币	1_official_cn_dump_same_record	A:\magireco_cn_dump_20221010_decrypted_json\authority\authority.json#/itemList.json/GACHA_FREEBIE_343_MEDAL/name	higher_authority_applied
itemList.json	GACHA_FREEBIE_MEDAL_LIGHTBLUE_516	name	調整屋コイン	調整屋硬币	调整专家币	1_official_cn_dump_same_record	A:\magireco_cn_dump_20221010_decrypted_json\authority\authority.json#/itemList.json/GACHA_FREEBIE_343_MEDAL/name	higher_authority_applied
itemList.json	GACHA_FREEBIE_MEDAL_LIGHTBLUE_516	shortDescription	調整屋コイン	調整屋硬币	调整专家币	1_official_cn_dump_same_record	A:\magireco_cn_dump_20221010_decrypted_json\authority\authority.json#/itemList.json/GACHA_FREEBIE_343_MEDAL/name	higher_authority_applied
itemList.json	GACHA_FREEBIE_MEDAL_LIGHTBLUE_516	description	「調整屋コイン」の交換用アイテム	「调整屋硬币」的兑换道具	在「调整专家币」中用于兑换的道具	1_official_cn_dump_same_record	A:\magireco_cn_dump_20221010_decrypted_json\authority\authority.json#/itemList.json/GACHA_FREEBIE_343_MEDAL	higher_authority_applied
itemList.json	GACHA_FREEBIE_MEDAL_LIGHTBLUE_550	name	調整屋コイン	調整屋硬币	调整专家币	1_official_cn_dump_same_record	A:\magireco_cn_dump_20221010_decrypted_json\authority\authority.json#/itemList.json/GACHA_FREEBIE_343_MEDAL/name	higher_authority_applied
itemList.json	GACHA_FREEBIE_MEDAL_LIGHTBLUE_550	shortDescription	調整屋コイン	調整屋硬币	调整专家币	1_official_cn_dump_same_record	A:\magireco_cn_dump_20221010_decrypted_json\authority\authority.json#/itemList.json/GACHA_FREEBIE_343_MEDAL/name	higher_authority_applied
itemList.json	GACHA_FREEBIE_MEDAL_LIGHTBLUE_550	description	「調整屋コイン」の交換用アイテム	「调整屋硬币」的兑换道具	在「调整专家币」中用于兑换的道具	1_official_cn_dump_same_record	A:\magireco_cn_dump_20221010_decrypted_json\authority\authority.json#/itemList.json/GACHA_FREEBIE_343_MEDAL	higher_authority_applied
itemList.json	GACHA_FREEBIE_MEDAL_LIGHTBLUE_622	name	調整屋コイン	調整屋硬币	调整专家币	1_official_cn_dump_same_record	A:\magireco_cn_dump_20221010_decrypted_json\authority\authority.json#/itemList.json/GACHA_FREEBIE_343_MEDAL/name	higher_authority_applied
itemList.json	GACHA_FREEBIE_MEDAL_LIGHTBLUE_622	shortDescription	調整屋コイン	調整屋硬币	调整专家币	1_official_cn_dump_same_record	A:\magireco_cn_dump_20221010_decrypted_json\authority\authority.json#/itemList.json/GACHA_FREEBIE_343_MEDAL/name	higher_authority_applied
itemList.json	GACHA_FREEBIE_MEDAL_LIGHTBLUE_622	description	「調整屋コイン」の交換用アイテム	「调整屋硬币」的兑换道具	在「调整专家币」中用于兑换的道具	1_official_cn_dump_same_record	A:\magireco_cn_dump_20221010_decrypted_json\authority\authority.json#/itemList.json/GACHA_FREEBIE_343_MEDAL	higher_authority_applied
itemList.json	GACHA_FREEBIE_MEDAL_LIGHTBLUE_724	name	調整屋コイン	調整屋硬币	调整专家币	1_official_cn_dump_same_record	A:\magireco_cn_dump_20221010_decrypted_json\authority\authority.json#/itemList.json/GACHA_FREEBIE_343_MEDAL/name	higher_authority_applied
itemList.json	GACHA_FREEBIE_MEDAL_LIGHTBLUE_724	shortDescription	調整屋コイン	調整屋硬币	调整专家币	1_official_cn_dump_same_record	A:\magireco_cn_dump_20221010_decrypted_json\authority\authority.json#/itemList.json/GACHA_FREEBIE_343_MEDAL/name	higher_authority_applied
itemList.json	GACHA_FREEBIE_MEDAL_LIGHTBLUE_724	description	「調整屋コイン」の交換用アイテム	「调整屋硬币」的兑换道具	在「调整专家币」中用于兑换的道具	1_official_cn_dump_same_record	A:\magireco_cn_dump_20221010_decrypted_json\authority\authority.json#/itemList.json/GACHA_FREEBIE_343_MEDAL	higher_authority_applied
itemList.json	GACHA_FREEBIE_MEDAL_LIGHTBLUE_774	name	調整屋コイン	調整屋硬币	调整专家币	1_official_cn_dump_same_record	A:\magireco_cn_dump_20221010_decrypted_json\authority\authority.json#/itemList.json/GACHA_FREEBIE_343_MEDAL/name	higher_authority_applied
itemList.json	GACHA_FREEBIE_MEDAL_LIGHTBLUE_774	shortDescription	調整屋コイン	調整屋硬币	调整专家币	1_official_cn_dump_same_record	A:\magireco_cn_dump_20221010_decrypted_json\authority\authority.json#/itemList.json/GACHA_FREEBIE_343_MEDAL/name	higher_authority_applied
itemList.json	GACHA_FREEBIE_MEDAL_LIGHTBLUE_774	description	「調整屋コイン」の交換用アイテム	「调整屋硬币」的兑换道具	在「调整专家币」中用于兑换的道具	1_official_cn_dump_same_record	A:\magireco_cn_dump_20221010_decrypted_json\authority\authority.json#/itemList.json/GACHA_FREEBIE_343_MEDAL	higher_authority_applied
itemList.json	GACHA_FREEBIE_MEDAL_LIGHTBLUE_813	name	調整屋コイン	調整屋硬币	调整专家币	1_official_cn_dump_same_record	A:\magireco_cn_dump_20221010_decrypted_json\authority\authority.json#/itemList.json/GACHA_FREEBIE_343_MEDAL/name	higher_authority_applied
itemList.json	GACHA_FREEBIE_MEDAL_LIGHTBLUE_813	shortDescription	調整屋コイン	調整屋硬币	调整专家币	1_official_cn_dump_same_record	A:\magireco_cn_dump_20221010_decrypted_json\authority\authority.json#/itemList.json/GACHA_FREEBIE_343_MEDAL/name	higher_authority_applied
itemList.json	GACHA_FREEBIE_MEDAL_LIGHTBLUE_813	description	「調整屋コイン」の交換用アイテム	「调整屋硬币」的兑换道具	在「调整专家币」中用于兑换的道具	1_official_cn_dump_same_record	A:\magireco_cn_dump_20221010_decrypted_json\authority\authority.json#/itemList.json/GACHA_FREEBIE_343_MEDAL	higher_authority_applied
itemList.json	GACHA_FREEBIE_MEDAL_LIGHTBLUE_855	name	調整屋コイン	調整屋硬币	调整专家币	1_official_cn_dump_same_record	A:\magireco_cn_dump_20221010_decrypted_json\authority\authority.json#/itemList.json/GACHA_FREEBIE_343_MEDAL/name	higher_authority_applied
itemList.json	GACHA_FREEBIE_MEDAL_LIGHTBLUE_855	shortDescription	調整屋コイン	調整屋硬币	调整专家币	1_official_cn_dump_same_record	A:\magireco_cn_dump_20221010_decrypted_json\authority\authority.json#/itemList.json/GACHA_FREEBIE_343_MEDAL/name	higher_authority_applied
itemList.json	GACHA_FREEBIE_MEDAL_LIGHTBLUE_855	description	「調整屋コイン」の交換用アイテム	「调整屋硬币」的兑换道具	在「调整专家币」中用于兑换的道具	1_official_cn_dump_same_record	A:\magireco_cn_dump_20221010_decrypted_json\authority\authority.json#/itemList.json/GACHA_FREEBIE_343_MEDAL	higher_authority_applied
itemList.json	GACHA_FREEBIE_MEDAL_LIGHTBLUE_917	name	調整屋コイン	調整屋硬币	调整专家币	1_official_cn_dump_same_record	A:\magireco_cn_dump_20221010_decrypted_json\authority\authority.json#/itemList.json/GACHA_FREEBIE_343_MEDAL/name	higher_authority_applied
itemList.json	GACHA_FREEBIE_MEDAL_LIGHTBLUE_917	shortDescription	調整屋コイン	調整屋硬币	调整专家币	1_official_cn_dump_same_record	A:\magireco_cn_dump_20221010_decrypted_json\authority\authority.json#/itemList.json/GACHA_FREEBIE_343_MEDAL/name	higher_authority_applied
itemList.json	GACHA_FREEBIE_MEDAL_LIGHTBLUE_917	description	「調整屋コイン」の交換用アイテム	「调整屋硬币」的兑换道具	在「调整专家币」中用于兑换的道具	1_official_cn_dump_same_record	A:\magireco_cn_dump_20221010_decrypted_json\authority\authority.json#/itemList.json/GACHA_FREEBIE_343_MEDAL	higher_authority_applied
itemList.json	GACHA_FREEBIE_MEDAL_LIGHTBLUE_966	name	調整屋コイン	調整屋硬币	调整专家币	1_official_cn_dump_same_record	A:\magireco_cn_dump_20221010_decrypted_json\authority\authority.json#/itemList.json/GACHA_FREEBIE_343_MEDAL/name	higher_authority_applied
itemList.json	GACHA_FREEBIE_MEDAL_LIGHTBLUE_966	shortDescription	調整屋コイン	調整屋硬币	调整专家币	1_official_cn_dump_same_record	A:\magireco_cn_dump_20221010_decrypted_json\authority\authority.json#/itemList.json/GACHA_FREEBIE_343_MEDAL/name	higher_authority_applied
itemList.json	GACHA_FREEBIE_MEDAL_LIGHTBLUE_966	description	「調整屋コイン」の交換用アイテム	「调整屋硬币」的兑换道具	在「调整专家币」中用于兑换的道具	1_official_cn_dump_same_record	A:\magireco_cn_dump_20221010_decrypted_json\authority\authority.json#/itemList.json/GACHA_FREEBIE_343_MEDAL	higher_authority_applied
itemList.json	GACHA_FREEBIE_MEDAL_LIGHTGREEN_1043	name	調整屋コイン	調整屋硬币	调整专家币	1_official_cn_dump_same_record	A:\magireco_cn_dump_20221010_decrypted_json\authority\authority.json#/itemList.json/GACHA_FREEBIE_343_MEDAL/name	higher_authority_applied
itemList.json	GACHA_FREEBIE_MEDAL_LIGHTGREEN_1043	shortDescription	調整屋コイン	調整屋硬币	调整专家币	1_official_cn_dump_same_record	A:\magireco_cn_dump_20221010_decrypted_json\authority\authority.json#/itemList.json/GACHA_FREEBIE_343_MEDAL/name	higher_authority_applied
itemList.json	GACHA_FREEBIE_MEDAL_LIGHTGREEN_1043	description	「調整屋コイン」の交換用アイテム	「调整屋硬币」的兑换道具	在「调整专家币」中用于兑换的道具	1_official_cn_dump_same_record	A:\magireco_cn_dump_20221010_decrypted_json\authority\authority.json#/itemList.json/GACHA_FREEBIE_343_MEDAL	higher_authority_applied
itemList.json	GACHA_FREEBIE_MEDAL_LIGHTGREEN_1222	name	調整屋コイン	調整屋硬币	调整专家币	1_official_cn_dump_same_record	A:\magireco_cn_dump_20221010_decrypted_json\authority\authority.json#/itemList.json/GACHA_FREEBIE_343_MEDAL/name	higher_authority_applied
itemList.json	GACHA_FREEBIE_MEDAL_LIGHTGREEN_1222	shortDescription	調整屋コイン	調整屋硬币	调整专家币	1_official_cn_dump_same_record	A:\magireco_cn_dump_20221010_decrypted_json\authority\authority.json#/itemList.json/GACHA_FREEBIE_343_MEDAL/name	higher_authority_applied
itemList.json	GACHA_FREEBIE_MEDAL_LIGHTGREEN_1222	description	「調整屋コイン」の交換用アイテム	「调整屋硬币」的兑换道具	在「调整专家币」中用于兑换的道具	1_official_cn_dump_same_record	A:\magireco_cn_dump_20221010_decrypted_json\authority\authority.json#/itemList.json/GACHA_FREEBIE_343_MEDAL	higher_authority_applied
itemList.json	GACHA_FREEBIE_MEDAL_LIGHTGREEN_1358	name	調整屋コイン	調整屋硬币	调整专家币	1_official_cn_dump_same_record	A:\magireco_cn_dump_20221010_decrypted_json\authority\authority.json#/itemList.json/GACHA_FREEBIE_343_MEDAL/name	higher_authority_applied
itemList.json	GACHA_FREEBIE_MEDAL_LIGHTGREEN_1358	shortDescription	調整屋コイン	調整屋硬币	调整专家币	1_official_cn_dump_same_record	A:\magireco_cn_dump_20221010_decrypted_json\authority\authority.json#/itemList.json/GACHA_FREEBIE_343_MEDAL/name	higher_authority_applied
itemList.json	GACHA_FREEBIE_MEDAL_LIGHTGREEN_1358	description	「調整屋コイン」の交換用アイテム	「调整屋硬币」的兑换道具	在「调整专家币」中用于兑换的道具	1_official_cn_dump_same_record	A:\magireco_cn_dump_20221010_decrypted_json\authority\authority.json#/itemList.json/GACHA_FREEBIE_343_MEDAL	higher_authority_applied
itemList.json	GACHA_FREEBIE_MEDAL_LIGHTGREEN_1496	name	調整屋コイン	調整屋硬币	调整专家币	1_official_cn_dump_same_record	A:\magireco_cn_dump_20221010_decrypted_json\authority\authority.json#/itemList.json/GACHA_FREEBIE_343_MEDAL/name	higher_authority_applied
itemList.json	GACHA_FREEBIE_MEDAL_LIGHTGREEN_1496	shortDescription	調整屋コイン	調整屋硬币	调整专家币	1_official_cn_dump_same_record	A:\magireco_cn_dump_20221010_decrypted_json\authority\authority.json#/itemList.json/GACHA_FREEBIE_343_MEDAL/name	higher_authority_applied
itemList.json	GACHA_FREEBIE_MEDAL_LIGHTGREEN_1496	description	「調整屋コイン」の交換用アイテム	「调整屋硬币」的兑换道具	在「调整专家币」中用于兑换的道具	1_official_cn_dump_same_record	A:\magireco_cn_dump_20221010_decrypted_json\authority\authority.json#/itemList.json/GACHA_FREEBIE_343_MEDAL	higher_authority_applied
itemList.json	GACHA_FREEBIE_MEDAL_LIGHTGREEN_1569	name	調整屋コイン	調整屋硬币	调整专家币	1_official_cn_dump_same_record	A:\magireco_cn_dump_20221010_decrypted_json\authority\authority.json#/itemList.json/GACHA_FREEBIE_343_MEDAL/name	higher_authority_applied
itemList.json	GACHA_FREEBIE_MEDAL_LIGHTGREEN_1569	shortDescription	調整屋コイン	調整屋硬币	调整专家币	1_official_cn_dump_same_record	A:\magireco_cn_dump_20221010_decrypted_json\authority\authority.json#/itemList.json/GACHA_FREEBIE_343_MEDAL/name	higher_authority_applied
itemList.json	GACHA_FREEBIE_MEDAL_LIGHTGREEN_1569	description	「調整屋コイン」の交換用アイテム	「调整屋硬币」的兑换道具	在「调整专家币」中用于兑换的道具	1_official_cn_dump_same_record	A:\magireco_cn_dump_20221010_decrypted_json\authority\authority.json#/itemList.json/GACHA_FREEBIE_343_MEDAL	higher_authority_applied
itemList.json	GACHA_FREEBIE_MEDAL_LIGHTGREEN_1667	name	調整屋コイン	調整屋硬币	调整专家币	1_official_cn_dump_same_record	A:\magireco_cn_dump_20221010_decrypted_json\authority\authority.json#/itemList.json/GACHA_FREEBIE_343_MEDAL/name	higher_authority_applied
itemList.json	GACHA_FREEBIE_MEDAL_LIGHTGREEN_1667	shortDescription	調整屋コイン	調整屋硬币	调整专家币	1_official_cn_dump_same_record	A:\magireco_cn_dump_20221010_decrypted_json\authority\authority.json#/itemList.json/GACHA_FREEBIE_343_MEDAL/name	higher_authority_applied
itemList.json	GACHA_FREEBIE_MEDAL_LIGHTGREEN_1667	description	「調整屋コイン」の交換用アイテム	「调整屋硬币」的兑换道具	在「调整专家币」中用于兑换的道具	1_official_cn_dump_same_record	A:\magireco_cn_dump_20221010_decrypted_json\authority\authority.json#/itemList.json/GACHA_FREEBIE_343_MEDAL	higher_authority_applied
itemList.json	GACHA_FREEBIE_MEDAL_LIGHTGREEN_1689	name	調整屋コイン	調整屋硬币	调整专家币	1_official_cn_dump_same_record	A:\magireco_cn_dump_20221010_decrypted_json\authority\authority.json#/itemList.json/GACHA_FREEBIE_343_MEDAL/name	higher_authority_applied
itemList.json	GACHA_FREEBIE_MEDAL_LIGHTGREEN_1689	shortDescription	調整屋コイン	調整屋硬币	调整专家币	1_official_cn_dump_same_record	A:\magireco_cn_dump_20221010_decrypted_json\authority\authority.json#/itemList.json/GACHA_FREEBIE_343_MEDAL/name	higher_authority_applied
itemList.json	GACHA_FREEBIE_MEDAL_LIGHTGREEN_1689	description	「調整屋コイン」の交換用アイテム	「调整屋硬币」的兑换道具	在「调整专家币」中用于兑换的道具	1_official_cn_dump_same_record	A:\magireco_cn_dump_20221010_decrypted_json\authority\authority.json#/itemList.json/GACHA_FREEBIE_343_MEDAL	higher_authority_applied
itemList.json	GACHA_FREEBIE_MEDAL_LIGHTGREEN_1941	name	調整屋コイン	調整屋硬币	调整专家币	1_official_cn_dump_same_record	A:\magireco_cn_dump_20221010_decrypted_json\authority\authority.json#/itemList.json/GACHA_FREEBIE_343_MEDAL/name	higher_authority_applied
itemList.json	GACHA_FREEBIE_MEDAL_LIGHTGREEN_1941	shortDescription	調整屋コイン	調整屋硬币	调整专家币	1_official_cn_dump_same_record	A:\magireco_cn_dump_20221010_decrypted_json\authority\authority.json#/itemList.json/GACHA_FREEBIE_343_MEDAL/name	higher_authority_applied
itemList.json	GACHA_FREEBIE_MEDAL_LIGHTGREEN_1941	description	「調整屋コイン」の交換用アイテム	「调整屋硬币」的兑换道具	在「调整专家币」中用于兑换的道具	1_official_cn_dump_same_record	A:\magireco_cn_dump_20221010_decrypted_json\authority\authority.json#/itemList.json/GACHA_FREEBIE_343_MEDAL	higher_authority_applied
itemList.json	GACHA_FREEBIE_MEDAL_LIGHTGREEN_2052	name	調整屋コイン	調整屋硬币	调整专家币	1_official_cn_dump_same_record	A:\magireco_cn_dump_20221010_decrypted_json\authority\authority.json#/itemList.json/GACHA_FREEBIE_343_MEDAL/name	higher_authority_applied
itemList.json	GACHA_FREEBIE_MEDAL_LIGHTGREEN_2052	shortDescription	調整屋コイン	調整屋硬币	调整专家币	1_official_cn_dump_same_record	A:\magireco_cn_dump_20221010_decrypted_json\authority\authority.json#/itemList.json/GACHA_FREEBIE_343_MEDAL/name	higher_authority_applied
itemList.json	GACHA_FREEBIE_MEDAL_LIGHTGREEN_2052	description	「調整屋コイン」の交換用アイテム	「调整屋硬币」的兑换道具	在「调整专家币」中用于兑换的道具	1_official_cn_dump_same_record	A:\magireco_cn_dump_20221010_decrypted_json\authority\authority.json#/itemList.json/GACHA_FREEBIE_343_MEDAL	higher_authority_applied
itemList.json	GACHA_FREEBIE_MEDAL_LIGHTGREEN_449	shortDescription	調整屋コイン	調整屋硬币	调整专家币	1_official_cn_dump_same_record	A:\magireco_cn_dump_20221010_decrypted_json\authority\authority.json#/itemList.json/GACHA_FREEBIE_343_MEDAL/name	higher_authority_applied
itemList.json	GACHA_FREEBIE_MEDAL_LIGHTGREEN_489	shortDescription	調整屋コイン	調整屋硬币	调整专家币	1_official_cn_dump_same_record	A:\magireco_cn_dump_20221010_decrypted_json\authority\authority.json#/itemList.json/GACHA_FREEBIE_343_MEDAL/name	higher_authority_applied
itemList.json	GACHA_FREEBIE_MEDAL_LIGHTGREEN_566	name	調整屋コイン	調整屋硬币	调整专家币	1_official_cn_dump_same_record	A:\magireco_cn_dump_20221010_decrypted_json\authority\authority.json#/itemList.json/GACHA_FREEBIE_343_MEDAL/name	higher_authority_applied
itemList.json	GACHA_FREEBIE_MEDAL_LIGHTGREEN_566	shortDescription	調整屋コイン	調整屋硬币	调整专家币	1_official_cn_dump_same_record	A:\magireco_cn_dump_20221010_decrypted_json\authority\authority.json#/itemList.json/GACHA_FREEBIE_343_MEDAL/name	higher_authority_applied
itemList.json	GACHA_FREEBIE_MEDAL_LIGHTGREEN_566	description	「調整屋コイン」の交換用アイテム	「调整屋硬币」的兑换道具	在「调整专家币」中用于兑换的道具	1_official_cn_dump_same_record	A:\magireco_cn_dump_20221010_decrypted_json\authority\authority.json#/itemList.json/GACHA_FREEBIE_343_MEDAL	higher_authority_applied
itemList.json	GACHA_FREEBIE_MEDAL_LIGHTGREEN_608	name	調整屋コイン	調整屋硬币	调整专家币	1_official_cn_dump_same_record	A:\magireco_cn_dump_20221010_decrypted_json\authority\authority.json#/itemList.json/GACHA_FREEBIE_343_MEDAL/name	higher_authority_applied
itemList.json	GACHA_FREEBIE_MEDAL_LIGHTGREEN_608	shortDescription	調整屋コイン	調整屋硬币	调整专家币	1_official_cn_dump_same_record	A:\magireco_cn_dump_20221010_decrypted_json\authority\authority.json#/itemList.json/GACHA_FREEBIE_343_MEDAL/name	higher_authority_applied
itemList.json	GACHA_FREEBIE_MEDAL_LIGHTGREEN_608	description	「調整屋コイン」の交換用アイテム	「调整屋硬币」的兑换道具	在「调整专家币」中用于兑换的道具	1_official_cn_dump_same_record	A:\magireco_cn_dump_20221010_decrypted_json\authority\authority.json#/itemList.json/GACHA_FREEBIE_343_MEDAL	higher_authority_applied
itemList.json	GACHA_FREEBIE_MEDAL_LIGHTGREEN_665	name	調整屋コイン	調整屋硬币	调整专家币	1_official_cn_dump_same_record	A:\magireco_cn_dump_20221010_decrypted_json\authority\authority.json#/itemList.json/GACHA_FREEBIE_343_MEDAL/name	higher_authority_applied
itemList.json	GACHA_FREEBIE_MEDAL_LIGHTGREEN_665	shortDescription	調整屋コイン	調整屋硬币	调整专家币	1_official_cn_dump_same_record	A:\magireco_cn_dump_20221010_decrypted_json\authority\authority.json#/itemList.json/GACHA_FREEBIE_343_MEDAL/name	higher_authority_applied
itemList.json	GACHA_FREEBIE_MEDAL_LIGHTGREEN_665	description	「調整屋コイン」の交換用アイテム	「调整屋硬币」的兑换道具	在「调整专家币」中用于兑换的道具	1_official_cn_dump_same_record	A:\magireco_cn_dump_20221010_decrypted_json\authority\authority.json#/itemList.json/GACHA_FREEBIE_343_MEDAL	higher_authority_applied
itemList.json	GACHA_FREEBIE_MEDAL_LIGHTGREEN_705	name	調整屋コイン	調整屋硬币	调整专家币	1_official_cn_dump_same_record	A:\magireco_cn_dump_20221010_decrypted_json\authority\authority.json#/itemList.json/GACHA_FREEBIE_343_MEDAL/name	higher_authority_applied
itemList.json	GACHA_FREEBIE_MEDAL_LIGHTGREEN_705	shortDescription	調整屋コイン	調整屋硬币	调整专家币	1_official_cn_dump_same_record	A:\magireco_cn_dump_20221010_decrypted_json\authority\authority.json#/itemList.json/GACHA_FREEBIE_343_MEDAL/name	higher_authority_applied
itemList.json	GACHA_FREEBIE_MEDAL_LIGHTGREEN_705	description	「調整屋コイン」の交換用アイテム	「调整屋硬币」的兑换道具	在「调整专家币」中用于兑换的道具	1_official_cn_dump_same_record	A:\magireco_cn_dump_20221010_decrypted_json\authority\authority.json#/itemList.json/GACHA_FREEBIE_343_MEDAL	higher_authority_applied
itemList.json	GACHA_FREEBIE_MEDAL_LIGHTGREEN_786	name	調整屋コイン	調整屋硬币	调整专家币	1_official_cn_dump_same_record	A:\magireco_cn_dump_20221010_decrypted_json\authority\authority.json#/itemList.json/GACHA_FREEBIE_343_MEDAL/name	higher_authority_applied
itemList.json	GACHA_FREEBIE_MEDAL_LIGHTGREEN_786	shortDescription	調整屋コイン	調整屋硬币	调整专家币	1_official_cn_dump_same_record	A:\magireco_cn_dump_20221010_decrypted_json\authority\authority.json#/itemList.json/GACHA_FREEBIE_343_MEDAL/name	higher_authority_applied
itemList.json	GACHA_FREEBIE_MEDAL_LIGHTGREEN_786	description	「調整屋コイン」の交換用アイテム	「调整屋硬币」的兑换道具	在「调整专家币」中用于兑换的道具	1_official_cn_dump_same_record	A:\magireco_cn_dump_20221010_decrypted_json\authority\authority.json#/itemList.json/GACHA_FREEBIE_343_MEDAL	higher_authority_applied
itemList.json	GACHA_FREEBIE_MEDAL_LIGHTGREEN_825	name	調整屋コイン	調整屋硬币	调整专家币	1_official_cn_dump_same_record	A:\magireco_cn_dump_20221010_decrypted_json\authority\authority.json#/itemList.json/GACHA_FREEBIE_343_MEDAL/name	higher_authority_applied
itemList.json	GACHA_FREEBIE_MEDAL_LIGHTGREEN_825	shortDescription	調整屋コイン	調整屋硬币	调整专家币	1_official_cn_dump_same_record	A:\magireco_cn_dump_20221010_decrypted_json\authority\authority.json#/itemList.json/GACHA_FREEBIE_343_MEDAL/name	higher_authority_applied
itemList.json	GACHA_FREEBIE_MEDAL_LIGHTGREEN_825	description	「調整屋コイン」の交換用アイテム	「调整屋硬币」的兑换道具	在「调整专家币」中用于兑换的道具	1_official_cn_dump_same_record	A:\magireco_cn_dump_20221010_decrypted_json\authority\authority.json#/itemList.json/GACHA_FREEBIE_343_MEDAL	higher_authority_applied
itemList.json	GACHA_FREEBIE_MEDAL_LIGHTGREEN_880	name	調整屋コイン	調整屋硬币	调整专家币	1_official_cn_dump_same_record	A:\magireco_cn_dump_20221010_decrypted_json\authority\authority.json#/itemList.json/GACHA_FREEBIE_343_MEDAL/name	higher_authority_applied
itemList.json	GACHA_FREEBIE_MEDAL_LIGHTGREEN_880	shortDescription	調整屋コイン	調整屋硬币	调整专家币	1_official_cn_dump_same_record	A:\magireco_cn_dump_20221010_decrypted_json\authority\authority.json#/itemList.json/GACHA_FREEBIE_343_MEDAL/name	higher_authority_applied
itemList.json	GACHA_FREEBIE_MEDAL_LIGHTGREEN_880	description	「調整屋コイン」の交換用アイテム	「调整屋硬币」的兑换道具	在「调整专家币」中用于兑换的道具	1_official_cn_dump_same_record	A:\magireco_cn_dump_20221010_decrypted_json\authority\authority.json#/itemList.json/GACHA_FREEBIE_343_MEDAL	higher_authority_applied
itemList.json	GACHA_FREEBIE_MEDAL_LIGHTGREEN_958	name	調整屋コイン	調整屋硬币	调整专家币	1_official_cn_dump_same_record	A:\magireco_cn_dump_20221010_decrypted_json\authority\authority.json#/itemList.json/GACHA_FREEBIE_343_MEDAL/name	higher_authority_applied
itemList.json	GACHA_FREEBIE_MEDAL_LIGHTGREEN_958	shortDescription	調整屋コイン	調整屋硬币	调整专家币	1_official_cn_dump_same_record	A:\magireco_cn_dump_20221010_decrypted_json\authority\authority.json#/itemList.json/GACHA_FREEBIE_343_MEDAL/name	higher_authority_applied
itemList.json	GACHA_FREEBIE_MEDAL_LIGHTGREEN_958	description	「調整屋コイン」の交換用アイテム	「调整屋硬币」的兑换道具	在「调整专家币」中用于兑换的道具	1_official_cn_dump_same_record	A:\magireco_cn_dump_20221010_decrypted_json\authority\authority.json#/itemList.json/GACHA_FREEBIE_343_MEDAL	higher_authority_applied
itemList.json	GACHA_FREEBIE_MEDAL_ORANGE_1108	name	調整屋コイン	調整屋硬币	调整专家币	1_official_cn_dump_same_record	A:\magireco_cn_dump_20221010_decrypted_json\authority\authority.json#/itemList.json/GACHA_FREEBIE_343_MEDAL/name	higher_authority_applied
itemList.json	GACHA_FREEBIE_MEDAL_ORANGE_1108	shortDescription	調整屋コイン	調整屋硬币	调整专家币	1_official_cn_dump_same_record	A:\magireco_cn_dump_20221010_decrypted_json\authority\authority.json#/itemList.json/GACHA_FREEBIE_343_MEDAL/name	higher_authority_applied
itemList.json	GACHA_FREEBIE_MEDAL_ORANGE_1108	description	「調整屋コイン」の交換用アイテム	「调整屋硬币」的兑换道具	在「调整专家币」中用于兑换的道具	1_official_cn_dump_same_record	A:\magireco_cn_dump_20221010_decrypted_json\authority\authority.json#/itemList.json/GACHA_FREEBIE_343_MEDAL	higher_authority_applied
itemList.json	GACHA_FREEBIE_MEDAL_ORANGE_1264	name	調整屋コイン	調整屋硬币	调整专家币	1_official_cn_dump_same_record	A:\magireco_cn_dump_20221010_decrypted_json\authority\authority.json#/itemList.json/GACHA_FREEBIE_343_MEDAL/name	higher_authority_applied
itemList.json	GACHA_FREEBIE_MEDAL_ORANGE_1264	shortDescription	調整屋コイン	調整屋硬币	调整专家币	1_official_cn_dump_same_record	A:\magireco_cn_dump_20221010_decrypted_json\authority\authority.json#/itemList.json/GACHA_FREEBIE_343_MEDAL/name	higher_authority_applied
itemList.json	GACHA_FREEBIE_MEDAL_ORANGE_1264	description	「調整屋コイン」の交換用アイテム	「调整屋硬币」的兑换道具	在「调整专家币」中用于兑换的道具	1_official_cn_dump_same_record	A:\magireco_cn_dump_20221010_decrypted_json\authority\authority.json#/itemList.json/GACHA_FREEBIE_343_MEDAL	higher_authority_applied
itemList.json	GACHA_FREEBIE_MEDAL_ORANGE_1369	name	調整屋コイン	調整屋硬币	调整专家币	1_official_cn_dump_same_record	A:\magireco_cn_dump_20221010_decrypted_json\authority\authority.json#/itemList.json/GACHA_FREEBIE_343_MEDAL/name	higher_authority_applied
itemList.json	GACHA_FREEBIE_MEDAL_ORANGE_1369	shortDescription	調整屋コイン	調整屋硬币	调整专家币	1_official_cn_dump_same_record	A:\magireco_cn_dump_20221010_decrypted_json\authority\authority.json#/itemList.json/GACHA_FREEBIE_343_MEDAL/name	higher_authority_applied
itemList.json	GACHA_FREEBIE_MEDAL_ORANGE_1369	description	「調整屋コイン」の交換用アイテム	「调整屋硬币」的兑换道具	在「调整专家币」中用于兑换的道具	1_official_cn_dump_same_record	A:\magireco_cn_dump_20221010_decrypted_json\authority\authority.json#/itemList.json/GACHA_FREEBIE_343_MEDAL	higher_authority_applied
itemList.json	GACHA_FREEBIE_MEDAL_ORANGE_1437	name	調整屋コイン	調整屋硬币	调整专家币	1_official_cn_dump_same_record	A:\magireco_cn_dump_20221010_decrypted_json\authority\authority.json#/itemList.json/GACHA_FREEBIE_343_MEDAL/name	higher_authority_applied
itemList.json	GACHA_FREEBIE_MEDAL_ORANGE_1437	shortDescription	調整屋コイン	調整屋硬币	调整专家币	1_official_cn_dump_same_record	A:\magireco_cn_dump_20221010_decrypted_json\authority\authority.json#/itemList.json/GACHA_FREEBIE_343_MEDAL/name	higher_authority_applied
itemList.json	GACHA_FREEBIE_MEDAL_ORANGE_1437	description	「調整屋コイン」の交換用アイテム	「调整屋硬币」的兑换道具	在「调整专家币」中用于兑换的道具	1_official_cn_dump_same_record	A:\magireco_cn_dump_20221010_decrypted_json\authority\authority.json#/itemList.json/GACHA_FREEBIE_343_MEDAL	higher_authority_applied
itemList.json	GACHA_FREEBIE_MEDAL_ORANGE_1571	name	調整屋コイン	調整屋硬币	调整专家币	1_official_cn_dump_same_record	A:\magireco_cn_dump_20221010_decrypted_json\authority\authority.json#/itemList.json/GACHA_FREEBIE_343_MEDAL/name	higher_authority_applied
itemList.json	GACHA_FREEBIE_MEDAL_ORANGE_1571	shortDescription	調整屋コイン	調整屋硬币	调整专家币	1_official_cn_dump_same_record	A:\magireco_cn_dump_20221010_decrypted_json\authority\authority.json#/itemList.json/GACHA_FREEBIE_343_MEDAL/name	higher_authority_applied
itemList.json	GACHA_FREEBIE_MEDAL_ORANGE_1571	description	「調整屋コイン」の交換用アイテム	「调整屋硬币」的兑换道具	在「调整专家币」中用于兑换的道具	1_official_cn_dump_same_record	A:\magireco_cn_dump_20221010_decrypted_json\authority\authority.json#/itemList.json/GACHA_FREEBIE_343_MEDAL	higher_authority_applied
itemList.json	GACHA_FREEBIE_MEDAL_ORANGE_1615	name	調整屋コイン	調整屋硬币	调整专家币	1_official_cn_dump_same_record	A:\magireco_cn_dump_20221010_decrypted_json\authority\authority.json#/itemList.json/GACHA_FREEBIE_343_MEDAL/name	higher_authority_applied
itemList.json	GACHA_FREEBIE_MEDAL_ORANGE_1615	shortDescription	調整屋コイン	調整屋硬币	调整专家币	1_official_cn_dump_same_record	A:\magireco_cn_dump_20221010_decrypted_json\authority\authority.json#/itemList.json/GACHA_FREEBIE_343_MEDAL/name	higher_authority_applied
itemList.json	GACHA_FREEBIE_MEDAL_ORANGE_1615	description	「調整屋コイン」の交換用アイテム	「调整屋硬币」的兑换道具	在「调整专家币」中用于兑换的道具	1_official_cn_dump_same_record	A:\magireco_cn_dump_20221010_decrypted_json\authority\authority.json#/itemList.json/GACHA_FREEBIE_343_MEDAL	higher_authority_applied
itemList.json	GACHA_FREEBIE_MEDAL_ORANGE_1752	name	調整屋コイン	調整屋硬币	调整专家币	1_official_cn_dump_same_record	A:\magireco_cn_dump_20221010_decrypted_json\authority\authority.json#/itemList.json/GACHA_FREEBIE_343_MEDAL/name	higher_authority_applied
itemList.json	GACHA_FREEBIE_MEDAL_ORANGE_1752	shortDescription	調整屋コイン	調整屋硬币	调整专家币	1_official_cn_dump_same_record	A:\magireco_cn_dump_20221010_decrypted_json\authority\authority.json#/itemList.json/GACHA_FREEBIE_343_MEDAL/name	higher_authority_applied
itemList.json	GACHA_FREEBIE_MEDAL_ORANGE_1752	description	「調整屋コイン」の交換用アイテム	「调整屋硬币」的兑换道具	在「调整专家币」中用于兑换的道具	1_official_cn_dump_same_record	A:\magireco_cn_dump_20221010_decrypted_json\authority\authority.json#/itemList.json/GACHA_FREEBIE_343_MEDAL	higher_authority_applied
itemList.json	GACHA_FREEBIE_MEDAL_ORANGE_483	shortDescription	調整屋コイン	調整屋硬币	调整专家币	1_official_cn_dump_same_record	A:\magireco_cn_dump_20221010_decrypted_json\authority\authority.json#/itemList.json/GACHA_FREEBIE_343_MEDAL/name	higher_authority_applied
itemList.json	GACHA_FREEBIE_MEDAL_ORANGE_615	name	調整屋コイン	調整屋硬币	调整专家币	1_official_cn_dump_same_record	A:\magireco_cn_dump_20221010_decrypted_json\authority\authority.json#/itemList.json/GACHA_FREEBIE_343_MEDAL/name	higher_authority_applied
itemList.json	GACHA_FREEBIE_MEDAL_ORANGE_615	shortDescription	調整屋コイン	調整屋硬币	调整专家币	1_official_cn_dump_same_record	A:\magireco_cn_dump_20221010_decrypted_json\authority\authority.json#/itemList.json/GACHA_FREEBIE_343_MEDAL/name	higher_authority_applied
itemList.json	GACHA_FREEBIE_MEDAL_ORANGE_615	description	「調整屋コイン」の交換用アイテム	「调整屋硬币」的兑换道具	在「调整专家币」中用于兑换的道具	1_official_cn_dump_same_record	A:\magireco_cn_dump_20221010_decrypted_json\authority\authority.json#/itemList.json/GACHA_FREEBIE_343_MEDAL	higher_authority_applied
itemList.json	GACHA_FREEBIE_MEDAL_ORANGE_755	name	調整屋コイン	調整屋硬币	调整专家币	1_official_cn_dump_same_record	A:\magireco_cn_dump_20221010_decrypted_json\authority\authority.json#/itemList.json/GACHA_FREEBIE_343_MEDAL/name	higher_authority_applied
itemList.json	GACHA_FREEBIE_MEDAL_ORANGE_755	shortDescription	調整屋コイン	調整屋硬币	调整专家币	1_official_cn_dump_same_record	A:\magireco_cn_dump_20221010_decrypted_json\authority\authority.json#/itemList.json/GACHA_FREEBIE_343_MEDAL/name	higher_authority_applied
itemList.json	GACHA_FREEBIE_MEDAL_ORANGE_755	description	「調整屋コイン」の交換用アイテム	「调整屋硬币」的兑换道具	在「调整专家币」中用于兑换的道具	1_official_cn_dump_same_record	A:\magireco_cn_dump_20221010_decrypted_json\authority\authority.json#/itemList.json/GACHA_FREEBIE_343_MEDAL	higher_authority_applied
itemList.json	GACHA_FREEBIE_MEDAL_ORANGE_804	name	調整屋コイン	調整屋硬币	调整专家币	1_official_cn_dump_same_record	A:\magireco_cn_dump_20221010_decrypted_json\authority\authority.json#/itemList.json/GACHA_FREEBIE_343_MEDAL/name	higher_authority_applied
itemList.json	GACHA_FREEBIE_MEDAL_ORANGE_804	shortDescription	調整屋コイン	調整屋硬币	调整专家币	1_official_cn_dump_same_record	A:\magireco_cn_dump_20221010_decrypted_json\authority\authority.json#/itemList.json/GACHA_FREEBIE_343_MEDAL/name	higher_authority_applied
itemList.json	GACHA_FREEBIE_MEDAL_ORANGE_804	description	「調整屋コイン」の交換用アイテム	「调整屋硬币」的兑换道具	在「调整专家币」中用于兑换的道具	1_official_cn_dump_same_record	A:\magireco_cn_dump_20221010_decrypted_json\authority\authority.json#/itemList.json/GACHA_FREEBIE_343_MEDAL	higher_authority_applied
itemList.json	GACHA_FREEBIE_MEDAL_ORANGE_819	name	調整屋コイン	調整屋硬币	调整专家币	1_official_cn_dump_same_record	A:\magireco_cn_dump_20221010_decrypted_json\authority\authority.json#/itemList.json/GACHA_FREEBIE_343_MEDAL/name	higher_authority_applied
itemList.json	GACHA_FREEBIE_MEDAL_ORANGE_819	shortDescription	調整屋コイン	調整屋硬币	调整专家币	1_official_cn_dump_same_record	A:\magireco_cn_dump_20221010_decrypted_json\authority\authority.json#/itemList.json/GACHA_FREEBIE_343_MEDAL/name	higher_authority_applied
itemList.json	GACHA_FREEBIE_MEDAL_ORANGE_819	description	「調整屋コイン」の交換用アイテム	「调整屋硬币」的兑换道具	在「调整专家币」中用于兑换的道具	1_official_cn_dump_same_record	A:\magireco_cn_dump_20221010_decrypted_json\authority\authority.json#/itemList.json/GACHA_FREEBIE_343_MEDAL	higher_authority_applied
itemList.json	GACHA_FREEBIE_MEDAL_ORANGE_868	name	調整屋コイン	調整屋硬币	调整专家币	1_official_cn_dump_same_record	A:\magireco_cn_dump_20221010_decrypted_json\authority\authority.json#/itemList.json/GACHA_FREEBIE_343_MEDAL/name	higher_authority_applied
itemList.json	GACHA_FREEBIE_MEDAL_ORANGE_868	shortDescription	調整屋コイン	調整屋硬币	调整专家币	1_official_cn_dump_same_record	A:\magireco_cn_dump_20221010_decrypted_json\authority\authority.json#/itemList.json/GACHA_FREEBIE_343_MEDAL/name	higher_authority_applied
itemList.json	GACHA_FREEBIE_MEDAL_ORANGE_868	description	「調整屋コイン」の交換用アイテム	「调整屋硬币」的兑换道具	在「调整专家币」中用于兑换的道具	1_official_cn_dump_same_record	A:\magireco_cn_dump_20221010_decrypted_json\authority\authority.json#/itemList.json/GACHA_FREEBIE_343_MEDAL	higher_authority_applied
itemList.json	GACHA_FREEBIE_MEDAL_ORANGE_924	name	調整屋コイン	調整屋硬币	调整专家币	1_official_cn_dump_same_record	A:\magireco_cn_dump_20221010_decrypted_json\authority\authority.json#/itemList.json/GACHA_FREEBIE_343_MEDAL/name	higher_authority_applied
itemList.json	GACHA_FREEBIE_MEDAL_ORANGE_924	shortDescription	調整屋コイン	調整屋硬币	调整专家币	1_official_cn_dump_same_record	A:\magireco_cn_dump_20221010_decrypted_json\authority\authority.json#/itemList.json/GACHA_FREEBIE_343_MEDAL/name	higher_authority_applied
itemList.json	GACHA_FREEBIE_MEDAL_ORANGE_924	description	「調整屋コイン」の交換用アイテム	「调整屋硬币」的兑换道具	在「调整专家币」中用于兑换的道具	1_official_cn_dump_same_record	A:\magireco_cn_dump_20221010_decrypted_json\authority\authority.json#/itemList.json/GACHA_FREEBIE_343_MEDAL	higher_authority_applied
itemList.json	GACHA_FREEBIE_MEDAL_ORANGE_991	name	調整屋コイン	調整屋硬币	调整专家币	1_official_cn_dump_same_record	A:\magireco_cn_dump_20221010_decrypted_json\authority\authority.json#/itemList.json/GACHA_FREEBIE_343_MEDAL/name	higher_authority_applied
itemList.json	GACHA_FREEBIE_MEDAL_ORANGE_991	shortDescription	調整屋コイン	調整屋硬币	调整专家币	1_official_cn_dump_same_record	A:\magireco_cn_dump_20221010_decrypted_json\authority\authority.json#/itemList.json/GACHA_FREEBIE_343_MEDAL/name	higher_authority_applied
itemList.json	GACHA_FREEBIE_MEDAL_ORANGE_991	description	「調整屋コイン」の交換用アイテム	「调整屋硬币」的兑换道具	在「调整专家币」中用于兑换的道具	1_official_cn_dump_same_record	A:\magireco_cn_dump_20221010_decrypted_json\authority\authority.json#/itemList.json/GACHA_FREEBIE_343_MEDAL	higher_authority_applied
itemList.json	GACHA_FREEBIE_MEDAL_PINK_1053	name	調整屋コイン	調整屋硬币	调整专家币	1_official_cn_dump_same_record	A:\magireco_cn_dump_20221010_decrypted_json\authority\authority.json#/itemList.json/GACHA_FREEBIE_343_MEDAL/name	higher_authority_applied
itemList.json	GACHA_FREEBIE_MEDAL_PINK_1053	shortDescription	調整屋コイン	調整屋硬币	调整专家币	1_official_cn_dump_same_record	A:\magireco_cn_dump_20221010_decrypted_json\authority\authority.json#/itemList.json/GACHA_FREEBIE_343_MEDAL/name	higher_authority_applied
itemList.json	GACHA_FREEBIE_MEDAL_PINK_1053	description	「調整屋コイン」の交換用アイテム	「调整屋硬币」的兑换道具	在「调整专家币」中用于兑换的道具	1_official_cn_dump_same_record	A:\magireco_cn_dump_20221010_decrypted_json\authority\authority.json#/itemList.json/GACHA_FREEBIE_343_MEDAL	higher_authority_applied
itemList.json	GACHA_FREEBIE_MEDAL_PINK_1107	name	調整屋コイン	調整屋硬币	调整专家币	1_official_cn_dump_same_record	A:\magireco_cn_dump_20221010_decrypted_json\authority\authority.json#/itemList.json/GACHA_FREEBIE_343_MEDAL/name	higher_authority_applied
itemList.json	GACHA_FREEBIE_MEDAL_PINK_1107	shortDescription	調整屋コイン	調整屋硬币	调整专家币	1_official_cn_dump_same_record	A:\magireco_cn_dump_20221010_decrypted_json\authority\authority.json#/itemList.json/GACHA_FREEBIE_343_MEDAL/name	higher_authority_applied
itemList.json	GACHA_FREEBIE_MEDAL_PINK_1107	description	「調整屋コイン」の交換用アイテム	「调整屋硬币」的兑换道具	在「调整专家币」中用于兑换的道具	1_official_cn_dump_same_record	A:\magireco_cn_dump_20221010_decrypted_json\authority\authority.json#/itemList.json/GACHA_FREEBIE_343_MEDAL	higher_authority_applied
itemList.json	GACHA_FREEBIE_MEDAL_PINK_1159	name	調整屋コイン	調整屋硬币	调整专家币	1_official_cn_dump_same_record	A:\magireco_cn_dump_20221010_decrypted_json\authority\authority.json#/itemList.json/GACHA_FREEBIE_343_MEDAL/name	higher_authority_applied
itemList.json	GACHA_FREEBIE_MEDAL_PINK_1159	shortDescription	調整屋コイン	調整屋硬币	调整专家币	1_official_cn_dump_same_record	A:\magireco_cn_dump_20221010_decrypted_json\authority\authority.json#/itemList.json/GACHA_FREEBIE_343_MEDAL/name	higher_authority_applied
itemList.json	GACHA_FREEBIE_MEDAL_PINK_1159	description	「調整屋コイン」の交換用アイテム	「调整屋硬币」的兑换道具	在「调整专家币」中用于兑换的道具	1_official_cn_dump_same_record	A:\magireco_cn_dump_20221010_decrypted_json\authority\authority.json#/itemList.json/GACHA_FREEBIE_343_MEDAL	higher_authority_applied
itemList.json	GACHA_FREEBIE_MEDAL_PINK_1337	name	調整屋コイン	調整屋硬币	调整专家币	1_official_cn_dump_same_record	A:\magireco_cn_dump_20221010_decrypted_json\authority\authority.json#/itemList.json/GACHA_FREEBIE_343_MEDAL/name	higher_authority_applied
itemList.json	GACHA_FREEBIE_MEDAL_PINK_1337	shortDescription	調整屋コイン	調整屋硬币	调整专家币	1_official_cn_dump_same_record	A:\magireco_cn_dump_20221010_decrypted_json\authority\authority.json#/itemList.json/GACHA_FREEBIE_343_MEDAL/name	higher_authority_applied
itemList.json	GACHA_FREEBIE_MEDAL_PINK_1337	description	「調整屋コイン」の交換用アイテム	「调整屋硬币」的兑换道具	在「调整专家币」中用于兑换的道具	1_official_cn_dump_same_record	A:\magireco_cn_dump_20221010_decrypted_json\authority\authority.json#/itemList.json/GACHA_FREEBIE_343_MEDAL	higher_authority_applied
itemList.json	GACHA_FREEBIE_MEDAL_PINK_1418	name	調整屋コイン	調整屋硬币	调整专家币	1_official_cn_dump_same_record	A:\magireco_cn_dump_20221010_decrypted_json\authority\authority.json#/itemList.json/GACHA_FREEBIE_343_MEDAL/name	higher_authority_applied
itemList.json	GACHA_FREEBIE_MEDAL_PINK_1418	shortDescription	調整屋コイン	調整屋硬币	调整专家币	1_official_cn_dump_same_record	A:\magireco_cn_dump_20221010_decrypted_json\authority\authority.json#/itemList.json/GACHA_FREEBIE_343_MEDAL/name	higher_authority_applied
itemList.json	GACHA_FREEBIE_MEDAL_PINK_1418	description	「調整屋コイン」の交換用アイテム	「调整屋硬币」的兑换道具	在「调整专家币」中用于兑换的道具	1_official_cn_dump_same_record	A:\magireco_cn_dump_20221010_decrypted_json\authority\authority.json#/itemList.json/GACHA_FREEBIE_343_MEDAL	higher_authority_applied
itemList.json	GACHA_FREEBIE_MEDAL_PINK_1486	name	調整屋コイン	調整屋硬币	调整专家币	1_official_cn_dump_same_record	A:\magireco_cn_dump_20221010_decrypted_json\authority\authority.json#/itemList.json/GACHA_FREEBIE_343_MEDAL/name	higher_authority_applied
itemList.json	GACHA_FREEBIE_MEDAL_PINK_1486	shortDescription	調整屋コイン	調整屋硬币	调整专家币	1_official_cn_dump_same_record	A:\magireco_cn_dump_20221010_decrypted_json\authority\authority.json#/itemList.json/GACHA_FREEBIE_343_MEDAL/name	higher_authority_applied
itemList.json	GACHA_FREEBIE_MEDAL_PINK_1486	description	「調整屋コイン」の交換用アイテム	「调整屋硬币」的兑换道具	在「调整专家币」中用于兑换的道具	1_official_cn_dump_same_record	A:\magireco_cn_dump_20221010_decrypted_json\authority\authority.json#/itemList.json/GACHA_FREEBIE_343_MEDAL	higher_authority_applied
itemList.json	GACHA_FREEBIE_MEDAL_PINK_1554	name	調整屋コイン	調整屋硬币	调整专家币	1_official_cn_dump_same_record	A:\magireco_cn_dump_20221010_decrypted_json\authority\authority.json#/itemList.json/GACHA_FREEBIE_343_MEDAL/name	higher_authority_applied
itemList.json	GACHA_FREEBIE_MEDAL_PINK_1554	shortDescription	調整屋コイン	調整屋硬币	调整专家币	1_official_cn_dump_same_record	A:\magireco_cn_dump_20221010_decrypted_json\authority\authority.json#/itemList.json/GACHA_FREEBIE_343_MEDAL/name	higher_authority_applied
itemList.json	GACHA_FREEBIE_MEDAL_PINK_1554	description	「調整屋コイン」の交換用アイテム	「调整屋硬币」的兑换道具	在「调整专家币」中用于兑换的道具	1_official_cn_dump_same_record	A:\magireco_cn_dump_20221010_decrypted_json\authority\authority.json#/itemList.json/GACHA_FREEBIE_343_MEDAL	higher_authority_applied
itemList.json	GACHA_FREEBIE_MEDAL_PINK_1602	name	調整屋コイン	調整屋硬币	调整专家币	1_official_cn_dump_same_record	A:\magireco_cn_dump_20221010_decrypted_json\authority\authority.json#/itemList.json/GACHA_FREEBIE_343_MEDAL/name	higher_authority_applied
itemList.json	GACHA_FREEBIE_MEDAL_PINK_1602	shortDescription	調整屋コイン	調整屋硬币	调整专家币	1_official_cn_dump_same_record	A:\magireco_cn_dump_20221010_decrypted_json\authority\authority.json#/itemList.json/GACHA_FREEBIE_343_MEDAL/name	higher_authority_applied
itemList.json	GACHA_FREEBIE_MEDAL_PINK_1602	description	「調整屋コイン」の交換用アイテム	「调整屋硬币」的兑换道具	在「调整专家币」中用于兑换的道具	1_official_cn_dump_same_record	A:\magireco_cn_dump_20221010_decrypted_json\authority\authority.json#/itemList.json/GACHA_FREEBIE_343_MEDAL	higher_authority_applied
itemList.json	GACHA_FREEBIE_MEDAL_PINK_1665	name	調整屋コイン	調整屋硬币	调整专家币	1_official_cn_dump_same_record	A:\magireco_cn_dump_20221010_decrypted_json\authority\authority.json#/itemList.json/GACHA_FREEBIE_343_MEDAL/name	higher_authority_applied
itemList.json	GACHA_FREEBIE_MEDAL_PINK_1665	shortDescription	調整屋コイン	調整屋硬币	调整专家币	1_official_cn_dump_same_record	A:\magireco_cn_dump_20221010_decrypted_json\authority\authority.json#/itemList.json/GACHA_FREEBIE_343_MEDAL/name	higher_authority_applied
itemList.json	GACHA_FREEBIE_MEDAL_PINK_1665	description	「調整屋コイン」の交換用アイテム	「调整屋硬币」的兑换道具	在「调整专家币」中用于兑换的道具	1_official_cn_dump_same_record	A:\magireco_cn_dump_20221010_decrypted_json\authority\authority.json#/itemList.json/GACHA_FREEBIE_343_MEDAL	higher_authority_applied
itemList.json	GACHA_FREEBIE_MEDAL_PINK_1873	name	調整屋コイン	調整屋硬币	调整专家币	1_official_cn_dump_same_record	A:\magireco_cn_dump_20221010_decrypted_json\authority\authority.json#/itemList.json/GACHA_FREEBIE_343_MEDAL/name	higher_authority_applied
itemList.json	GACHA_FREEBIE_MEDAL_PINK_1873	shortDescription	調整屋コイン	調整屋硬币	调整专家币	1_official_cn_dump_same_record	A:\magireco_cn_dump_20221010_decrypted_json\authority\authority.json#/itemList.json/GACHA_FREEBIE_343_MEDAL/name	higher_authority_applied
itemList.json	GACHA_FREEBIE_MEDAL_PINK_1873	description	「調整屋コイン」の交換用アイテム	「调整屋硬币」的兑换道具	在「调整专家币」中用于兑换的道具	1_official_cn_dump_same_record	A:\magireco_cn_dump_20221010_decrypted_json\authority\authority.json#/itemList.json/GACHA_FREEBIE_343_MEDAL	higher_authority_applied
itemList.json	GACHA_FREEBIE_MEDAL_PINK_1955	name	調整屋コイン	調整屋硬币	调整专家币	1_official_cn_dump_same_record	A:\magireco_cn_dump_20221010_decrypted_json\authority\authority.json#/itemList.json/GACHA_FREEBIE_343_MEDAL/name	higher_authority_applied
itemList.json	GACHA_FREEBIE_MEDAL_PINK_1955	shortDescription	調整屋コイン	調整屋硬币	调整专家币	1_official_cn_dump_same_record	A:\magireco_cn_dump_20221010_decrypted_json\authority\authority.json#/itemList.json/GACHA_FREEBIE_343_MEDAL/name	higher_authority_applied
itemList.json	GACHA_FREEBIE_MEDAL_PINK_1955	description	「調整屋コイン」の交換用アイテム	「调整屋硬币」的兑换道具	在「调整专家币」中用于兑换的道具	1_official_cn_dump_same_record	A:\magireco_cn_dump_20221010_decrypted_json\authority\authority.json#/itemList.json/GACHA_FREEBIE_343_MEDAL	higher_authority_applied
itemList.json	GACHA_FREEBIE_MEDAL_PINK_2001	name	調整屋コイン	調整屋硬币	调整专家币	1_official_cn_dump_same_record	A:\magireco_cn_dump_20221010_decrypted_json\authority\authority.json#/itemList.json/GACHA_FREEBIE_343_MEDAL/name	higher_authority_applied
itemList.json	GACHA_FREEBIE_MEDAL_PINK_2001	shortDescription	調整屋コイン	調整屋硬币	调整专家币	1_official_cn_dump_same_record	A:\magireco_cn_dump_20221010_decrypted_json\authority\authority.json#/itemList.json/GACHA_FREEBIE_343_MEDAL/name	higher_authority_applied
itemList.json	GACHA_FREEBIE_MEDAL_PINK_2001	description	「調整屋コイン」の交換用アイテム	「调整屋硬币」的兑换道具	在「调整专家币」中用于兑换的道具	1_official_cn_dump_same_record	A:\magireco_cn_dump_20221010_decrypted_json\authority\authority.json#/itemList.json/GACHA_FREEBIE_343_MEDAL	higher_authority_applied
itemList.json	GACHA_FREEBIE_MEDAL_PINK_458	shortDescription	調整屋コイン	調整屋硬币	调整专家币	1_official_cn_dump_same_record	A:\magireco_cn_dump_20221010_decrypted_json\authority\authority.json#/itemList.json/GACHA_FREEBIE_343_MEDAL/name	higher_authority_applied
itemList.json	GACHA_FREEBIE_MEDAL_PINK_504	name	調整屋コイン	調整屋硬币	调整专家币	1_official_cn_dump_same_record	A:\magireco_cn_dump_20221010_decrypted_json\authority\authority.json#/itemList.json/GACHA_FREEBIE_343_MEDAL/name	higher_authority_applied
itemList.json	GACHA_FREEBIE_MEDAL_PINK_504	shortDescription	調整屋コイン	調整屋硬币	调整专家币	1_official_cn_dump_same_record	A:\magireco_cn_dump_20221010_decrypted_json\authority\authority.json#/itemList.json/GACHA_FREEBIE_343_MEDAL/name	higher_authority_applied
itemList.json	GACHA_FREEBIE_MEDAL_PINK_504	description	「調整屋コイン」の交換用アイテム	「调整屋硬币」的兑换道具	在「调整专家币」中用于兑换的道具	1_official_cn_dump_same_record	A:\magireco_cn_dump_20221010_decrypted_json\authority\authority.json#/itemList.json/GACHA_FREEBIE_343_MEDAL	higher_authority_applied
itemList.json	GACHA_FREEBIE_MEDAL_PINK_528	name	調整屋コイン	調整屋硬币	调整专家币	1_official_cn_dump_same_record	A:\magireco_cn_dump_20221010_decrypted_json\authority\authority.json#/itemList.json/GACHA_FREEBIE_343_MEDAL/name	higher_authority_applied
itemList.json	GACHA_FREEBIE_MEDAL_PINK_528	shortDescription	調整屋コイン	調整屋硬币	调整专家币	1_official_cn_dump_same_record	A:\magireco_cn_dump_20221010_decrypted_json\authority\authority.json#/itemList.json/GACHA_FREEBIE_343_MEDAL/name	higher_authority_applied
itemList.json	GACHA_FREEBIE_MEDAL_PINK_528	description	「調整屋コイン」の交換用アイテム	「调整屋硬币」的兑换道具	在「调整专家币」中用于兑换的道具	1_official_cn_dump_same_record	A:\magireco_cn_dump_20221010_decrypted_json\authority\authority.json#/itemList.json/GACHA_FREEBIE_343_MEDAL	higher_authority_applied
itemList.json	GACHA_FREEBIE_MEDAL_PINK_593	name	調整屋コイン	調整屋硬币	调整专家币	1_official_cn_dump_same_record	A:\magireco_cn_dump_20221010_decrypted_json\authority\authority.json#/itemList.json/GACHA_FREEBIE_343_MEDAL/name	higher_authority_applied
itemList.json	GACHA_FREEBIE_MEDAL_PINK_593	shortDescription	調整屋コイン	調整屋硬币	调整专家币	1_official_cn_dump_same_record	A:\magireco_cn_dump_20221010_decrypted_json\authority\authority.json#/itemList.json/GACHA_FREEBIE_343_MEDAL/name	higher_authority_applied
itemList.json	GACHA_FREEBIE_MEDAL_PINK_593	description	「調整屋コイン」の交換用アイテム	「调整屋硬币」的兑换道具	在「调整专家币」中用于兑换的道具	1_official_cn_dump_same_record	A:\magireco_cn_dump_20221010_decrypted_json\authority\authority.json#/itemList.json/GACHA_FREEBIE_343_MEDAL	higher_authority_applied
itemList.json	GACHA_FREEBIE_MEDAL_PINK_638	name	調整屋コイン	調整屋硬币	调整专家币	1_official_cn_dump_same_record	A:\magireco_cn_dump_20221010_decrypted_json\authority\authority.json#/itemList.json/GACHA_FREEBIE_343_MEDAL/name	higher_authority_applied
itemList.json	GACHA_FREEBIE_MEDAL_PINK_638	shortDescription	調整屋コイン	調整屋硬币	调整专家币	1_official_cn_dump_same_record	A:\magireco_cn_dump_20221010_decrypted_json\authority\authority.json#/itemList.json/GACHA_FREEBIE_343_MEDAL/name	higher_authority_applied
itemList.json	GACHA_FREEBIE_MEDAL_PINK_638	description	「調整屋コイン」の交換用アイテム	「调整屋硬币」的兑换道具	在「调整专家币」中用于兑换的道具	1_official_cn_dump_same_record	A:\magireco_cn_dump_20221010_decrypted_json\authority\authority.json#/itemList.json/GACHA_FREEBIE_343_MEDAL	higher_authority_applied
itemList.json	GACHA_FREEBIE_MEDAL_PINK_657	name	調整屋コイン	調整屋硬币	调整专家币	1_official_cn_dump_same_record	A:\magireco_cn_dump_20221010_decrypted_json\authority\authority.json#/itemList.json/GACHA_FREEBIE_343_MEDAL/name	higher_authority_applied
itemList.json	GACHA_FREEBIE_MEDAL_PINK_657	shortDescription	調整屋コイン	調整屋硬币	调整专家币	1_official_cn_dump_same_record	A:\magireco_cn_dump_20221010_decrypted_json\authority\authority.json#/itemList.json/GACHA_FREEBIE_343_MEDAL/name	higher_authority_applied
itemList.json	GACHA_FREEBIE_MEDAL_PINK_657	description	「調整屋コイン」の交換用アイテム	「调整屋硬币」的兑换道具	在「调整专家币」中用于兑换的道具	1_official_cn_dump_same_record	A:\magireco_cn_dump_20221010_decrypted_json\authority\authority.json#/itemList.json/GACHA_FREEBIE_343_MEDAL	higher_authority_applied
itemList.json	GACHA_FREEBIE_MEDAL_PINK_753	name	調整屋コイン	調整屋硬币	调整专家币	1_official_cn_dump_same_record	A:\magireco_cn_dump_20221010_decrypted_json\authority\authority.json#/itemList.json/GACHA_FREEBIE_343_MEDAL/name	higher_authority_applied
itemList.json	GACHA_FREEBIE_MEDAL_PINK_753	shortDescription	調整屋コイン	調整屋硬币	调整专家币	1_official_cn_dump_same_record	A:\magireco_cn_dump_20221010_decrypted_json\authority\authority.json#/itemList.json/GACHA_FREEBIE_343_MEDAL/name	higher_authority_applied
itemList.json	GACHA_FREEBIE_MEDAL_PINK_753	description	「調整屋コイン」の交換用アイテム	「调整屋硬币」的兑换道具	在「调整专家币」中用于兑换的道具	1_official_cn_dump_same_record	A:\magireco_cn_dump_20221010_decrypted_json\authority\authority.json#/itemList.json/GACHA_FREEBIE_343_MEDAL	higher_authority_applied
itemList.json	GACHA_FREEBIE_MEDAL_PINK_844	name	調整屋コイン	調整屋硬币	调整专家币	1_official_cn_dump_same_record	A:\magireco_cn_dump_20221010_decrypted_json\authority\authority.json#/itemList.json/GACHA_FREEBIE_343_MEDAL/name	higher_authority_applied
itemList.json	GACHA_FREEBIE_MEDAL_PINK_844	shortDescription	調整屋コイン	調整屋硬币	调整专家币	1_official_cn_dump_same_record	A:\magireco_cn_dump_20221010_decrypted_json\authority\authority.json#/itemList.json/GACHA_FREEBIE_343_MEDAL/name	higher_authority_applied
itemList.json	GACHA_FREEBIE_MEDAL_PINK_844	description	「調整屋コイン」の交換用アイテム	「调整屋硬币」的兑换道具	在「调整专家币」中用于兑换的道具	1_official_cn_dump_same_record	A:\magireco_cn_dump_20221010_decrypted_json\authority\authority.json#/itemList.json/GACHA_FREEBIE_343_MEDAL	higher_authority_applied
itemList.json	GACHA_FREEBIE_MEDAL_PINK_896	name	調整屋コイン	調整屋硬币	调整专家币	1_official_cn_dump_same_record	A:\magireco_cn_dump_20221010_decrypted_json\authority\authority.json#/itemList.json/GACHA_FREEBIE_343_MEDAL/name	higher_authority_applied
itemList.json	GACHA_FREEBIE_MEDAL_PINK_896	shortDescription	調整屋コイン	調整屋硬币	调整专家币	1_official_cn_dump_same_record	A:\magireco_cn_dump_20221010_decrypted_json\authority\authority.json#/itemList.json/GACHA_FREEBIE_343_MEDAL/name	higher_authority_applied
itemList.json	GACHA_FREEBIE_MEDAL_PINK_896	description	「調整屋コイン」の交換用アイテム	「调整屋硬币」的兑换道具	在「调整专家币」中用于兑换的道具	1_official_cn_dump_same_record	A:\magireco_cn_dump_20221010_decrypted_json\authority\authority.json#/itemList.json/GACHA_FREEBIE_343_MEDAL	higher_authority_applied
itemList.json	GACHA_FREEBIE_MEDAL_PINK_987	name	調整屋コイン	調整屋硬币	调整专家币	1_official_cn_dump_same_record	A:\magireco_cn_dump_20221010_decrypted_json\authority\authority.json#/itemList.json/GACHA_FREEBIE_343_MEDAL/name	higher_authority_applied
itemList.json	GACHA_FREEBIE_MEDAL_PINK_987	shortDescription	調整屋コイン	調整屋硬币	调整专家币	1_official_cn_dump_same_record	A:\magireco_cn_dump_20221010_decrypted_json\authority\authority.json#/itemList.json/GACHA_FREEBIE_343_MEDAL/name	higher_authority_applied
itemList.json	GACHA_FREEBIE_MEDAL_PINK_987	description	「調整屋コイン」の交換用アイテム	「调整屋硬币」的兑换道具	在「调整专家币」中用于兑换的道具	1_official_cn_dump_same_record	A:\magireco_cn_dump_20221010_decrypted_json\authority\authority.json#/itemList.json/GACHA_FREEBIE_343_MEDAL	higher_authority_applied
itemList.json	GACHA_FREEBIE_MEDAL_PURPLE_1001	name	調整屋コイン	調整屋硬币	调整专家币	1_official_cn_dump_same_record	A:\magireco_cn_dump_20221010_decrypted_json\authority\authority.json#/itemList.json/GACHA_FREEBIE_343_MEDAL/name	higher_authority_applied
itemList.json	GACHA_FREEBIE_MEDAL_PURPLE_1001	shortDescription	調整屋コイン	調整屋硬币	调整专家币	1_official_cn_dump_same_record	A:\magireco_cn_dump_20221010_decrypted_json\authority\authority.json#/itemList.json/GACHA_FREEBIE_343_MEDAL/name	higher_authority_applied
itemList.json	GACHA_FREEBIE_MEDAL_PURPLE_1001	description	「調整屋コイン」の交換用アイテム	「调整屋硬币」的兑换道具	在「调整专家币」中用于兑换的道具	1_official_cn_dump_same_record	A:\magireco_cn_dump_20221010_decrypted_json\authority\authority.json#/itemList.json/GACHA_FREEBIE_343_MEDAL	higher_authority_applied
itemList.json	GACHA_FREEBIE_MEDAL_PURPLE_1086	name	調整屋コイン	調整屋硬币	调整专家币	1_official_cn_dump_same_record	A:\magireco_cn_dump_20221010_decrypted_json\authority\authority.json#/itemList.json/GACHA_FREEBIE_343_MEDAL/name	higher_authority_applied
itemList.json	GACHA_FREEBIE_MEDAL_PURPLE_1086	shortDescription	調整屋コイン	調整屋硬币	调整专家币	1_official_cn_dump_same_record	A:\magireco_cn_dump_20221010_decrypted_json\authority\authority.json#/itemList.json/GACHA_FREEBIE_343_MEDAL/name	higher_authority_applied
itemList.json	GACHA_FREEBIE_MEDAL_PURPLE_1086	description	「調整屋コイン」の交換用アイテム	「调整屋硬币」的兑换道具	在「调整专家币」中用于兑换的道具	1_official_cn_dump_same_record	A:\magireco_cn_dump_20221010_decrypted_json\authority\authority.json#/itemList.json/GACHA_FREEBIE_343_MEDAL	higher_authority_applied
itemList.json	GACHA_FREEBIE_MEDAL_PURPLE_1131	name	調整屋コイン	調整屋硬币	调整专家币	1_official_cn_dump_same_record	A:\magireco_cn_dump_20221010_decrypted_json\authority\authority.json#/itemList.json/GACHA_FREEBIE_343_MEDAL/name	higher_authority_applied
itemList.json	GACHA_FREEBIE_MEDAL_PURPLE_1131	shortDescription	調整屋コイン	調整屋硬币	调整专家币	1_official_cn_dump_same_record	A:\magireco_cn_dump_20221010_decrypted_json\authority\authority.json#/itemList.json/GACHA_FREEBIE_343_MEDAL/name	higher_authority_applied
itemList.json	GACHA_FREEBIE_MEDAL_PURPLE_1131	description	「調整屋コイン」の交換用アイテム	「调整屋硬币」的兑换道具	在「调整专家币」中用于兑换的道具	1_official_cn_dump_same_record	A:\magireco_cn_dump_20221010_decrypted_json\authority\authority.json#/itemList.json/GACHA_FREEBIE_343_MEDAL	higher_authority_applied
itemList.json	GACHA_FREEBIE_MEDAL_PURPLE_1192	name	調整屋コイン	調整屋硬币	调整专家币	1_official_cn_dump_same_record	A:\magireco_cn_dump_20221010_decrypted_json\authority\authority.json#/itemList.json/GACHA_FREEBIE_343_MEDAL/name	higher_authority_applied
itemList.json	GACHA_FREEBIE_MEDAL_PURPLE_1192	shortDescription	調整屋コイン	調整屋硬币	调整专家币	1_official_cn_dump_same_record	A:\magireco_cn_dump_20221010_decrypted_json\authority\authority.json#/itemList.json/GACHA_FREEBIE_343_MEDAL/name	higher_authority_applied
itemList.json	GACHA_FREEBIE_MEDAL_PURPLE_1192	description	「調整屋コイン」の交換用アイテム	「调整屋硬币」的兑换道具	在「调整专家币」中用于兑换的道具	1_official_cn_dump_same_record	A:\magireco_cn_dump_20221010_decrypted_json\authority\authority.json#/itemList.json/GACHA_FREEBIE_343_MEDAL	higher_authority_applied
itemList.json	GACHA_FREEBIE_MEDAL_PURPLE_1317	name	調整屋コイン	調整屋硬币	调整专家币	1_official_cn_dump_same_record	A:\magireco_cn_dump_20221010_decrypted_json\authority\authority.json#/itemList.json/GACHA_FREEBIE_343_MEDAL/name	higher_authority_applied
itemList.json	GACHA_FREEBIE_MEDAL_PURPLE_1317	shortDescription	調整屋コイン	調整屋硬币	调整专家币	1_official_cn_dump_same_record	A:\magireco_cn_dump_20221010_decrypted_json\authority\authority.json#/itemList.json/GACHA_FREEBIE_343_MEDAL/name	higher_authority_applied
itemList.json	GACHA_FREEBIE_MEDAL_PURPLE_1317	description	「調整屋コイン」の交換用アイテム	「调整屋硬币」的兑换道具	在「调整专家币」中用于兑换的道具	1_official_cn_dump_same_record	A:\magireco_cn_dump_20221010_decrypted_json\authority\authority.json#/itemList.json/GACHA_FREEBIE_343_MEDAL	higher_authority_applied
itemList.json	GACHA_FREEBIE_MEDAL_PURPLE_1372	name	調整屋コイン	調整屋硬币	调整专家币	1_official_cn_dump_same_record	A:\magireco_cn_dump_20221010_decrypted_json\authority\authority.json#/itemList.json/GACHA_FREEBIE_343_MEDAL/name	higher_authority_applied
itemList.json	GACHA_FREEBIE_MEDAL_PURPLE_1372	shortDescription	調整屋コイン	調整屋硬币	调整专家币	1_official_cn_dump_same_record	A:\magireco_cn_dump_20221010_decrypted_json\authority\authority.json#/itemList.json/GACHA_FREEBIE_343_MEDAL/name	higher_authority_applied
itemList.json	GACHA_FREEBIE_MEDAL_PURPLE_1372	description	「調整屋コイン」の交換用アイテム	「调整屋硬币」的兑换道具	在「调整专家币」中用于兑换的道具	1_official_cn_dump_same_record	A:\magireco_cn_dump_20221010_decrypted_json\authority\authority.json#/itemList.json/GACHA_FREEBIE_343_MEDAL	higher_authority_applied
itemList.json	GACHA_FREEBIE_MEDAL_PURPLE_1540	name	調整屋コイン	調整屋硬币	调整专家币	1_official_cn_dump_same_record	A:\magireco_cn_dump_20221010_decrypted_json\authority\authority.json#/itemList.json/GACHA_FREEBIE_343_MEDAL/name	higher_authority_applied
itemList.json	GACHA_FREEBIE_MEDAL_PURPLE_1540	shortDescription	調整屋コイン	調整屋硬币	调整专家币	1_official_cn_dump_same_record	A:\magireco_cn_dump_20221010_decrypted_json\authority\authority.json#/itemList.json/GACHA_FREEBIE_343_MEDAL/name	higher_authority_applied
itemList.json	GACHA_FREEBIE_MEDAL_PURPLE_1540	description	「調整屋コイン」の交換用アイテム	「调整屋硬币」的兑换道具	在「调整专家币」中用于兑换的道具	1_official_cn_dump_same_record	A:\magireco_cn_dump_20221010_decrypted_json\authority\authority.json#/itemList.json/GACHA_FREEBIE_343_MEDAL	higher_authority_applied
itemList.json	GACHA_FREEBIE_MEDAL_PURPLE_1611	name	調整屋コイン	調整屋硬币	调整专家币	1_official_cn_dump_same_record	A:\magireco_cn_dump_20221010_decrypted_json\authority\authority.json#/itemList.json/GACHA_FREEBIE_343_MEDAL/name	higher_authority_applied
itemList.json	GACHA_FREEBIE_MEDAL_PURPLE_1611	shortDescription	調整屋コイン	調整屋硬币	调整专家币	1_official_cn_dump_same_record	A:\magireco_cn_dump_20221010_decrypted_json\authority\authority.json#/itemList.json/GACHA_FREEBIE_343_MEDAL/name	higher_authority_applied
itemList.json	GACHA_FREEBIE_MEDAL_PURPLE_1611	description	「調整屋コイン」の交換用アイテム	「调整屋硬币」的兑换道具	在「调整专家币」中用于兑换的道具	1_official_cn_dump_same_record	A:\magireco_cn_dump_20221010_decrypted_json\authority\authority.json#/itemList.json/GACHA_FREEBIE_343_MEDAL	higher_authority_applied
itemList.json	GACHA_FREEBIE_MEDAL_PURPLE_1847	name	調整屋コイン	調整屋硬币	调整专家币	1_official_cn_dump_same_record	A:\magireco_cn_dump_20221010_decrypted_json\authority\authority.json#/itemList.json/GACHA_FREEBIE_343_MEDAL/name	higher_authority_applied
itemList.json	GACHA_FREEBIE_MEDAL_PURPLE_1847	shortDescription	調整屋コイン	調整屋硬币	调整专家币	1_official_cn_dump_same_record	A:\magireco_cn_dump_20221010_decrypted_json\authority\authority.json#/itemList.json/GACHA_FREEBIE_343_MEDAL/name	higher_authority_applied
itemList.json	GACHA_FREEBIE_MEDAL_PURPLE_1847	description	「調整屋コイン」の交換用アイテム	「调整屋硬币」的兑换道具	在「调整专家币」中用于兑换的道具	1_official_cn_dump_same_record	A:\magireco_cn_dump_20221010_decrypted_json\authority\authority.json#/itemList.json/GACHA_FREEBIE_343_MEDAL	higher_authority_applied
itemList.json	GACHA_FREEBIE_MEDAL_PURPLE_1918	name	調整屋コイン	調整屋硬币	调整专家币	1_official_cn_dump_same_record	A:\magireco_cn_dump_20221010_decrypted_json\authority\authority.json#/itemList.json/GACHA_FREEBIE_343_MEDAL/name	higher_authority_applied
itemList.json	GACHA_FREEBIE_MEDAL_PURPLE_1918	shortDescription	調整屋コイン	調整屋硬币	调整专家币	1_official_cn_dump_same_record	A:\magireco_cn_dump_20221010_decrypted_json\authority\authority.json#/itemList.json/GACHA_FREEBIE_343_MEDAL/name	higher_authority_applied
itemList.json	GACHA_FREEBIE_MEDAL_PURPLE_1918	description	「調整屋コイン」の交換用アイテム	「调整屋硬币」的兑换道具	在「调整专家币」中用于兑换的道具	1_official_cn_dump_same_record	A:\magireco_cn_dump_20221010_decrypted_json\authority\authority.json#/itemList.json/GACHA_FREEBIE_343_MEDAL	higher_authority_applied
itemList.json	GACHA_FREEBIE_MEDAL_PURPLE_1973	name	調整屋コイン	調整屋硬币	调整专家币	1_official_cn_dump_same_record	A:\magireco_cn_dump_20221010_decrypted_json\authority\authority.json#/itemList.json/GACHA_FREEBIE_343_MEDAL/name	higher_authority_applied
itemList.json	GACHA_FREEBIE_MEDAL_PURPLE_1973	shortDescription	調整屋コイン	調整屋硬币	调整专家币	1_official_cn_dump_same_record	A:\magireco_cn_dump_20221010_decrypted_json\authority\authority.json#/itemList.json/GACHA_FREEBIE_343_MEDAL/name	higher_authority_applied
itemList.json	GACHA_FREEBIE_MEDAL_PURPLE_1973	description	「調整屋コイン」の交換用アイテム	「调整屋硬币」的兑换道具	在「调整专家币」中用于兑换的道具	1_official_cn_dump_same_record	A:\magireco_cn_dump_20221010_decrypted_json\authority\authority.json#/itemList.json/GACHA_FREEBIE_343_MEDAL	higher_authority_applied
itemList.json	GACHA_FREEBIE_MEDAL_PURPLE_455	shortDescription	調整屋コイン	調整屋硬币	调整专家币	1_official_cn_dump_same_record	A:\magireco_cn_dump_20221010_decrypted_json\authority\authority.json#/itemList.json/GACHA_FREEBIE_343_MEDAL/name	higher_authority_applied
itemList.json	GACHA_FREEBIE_MEDAL_PURPLE_507	name	調整屋コイン	調整屋硬币	调整专家币	1_official_cn_dump_same_record	A:\magireco_cn_dump_20221010_decrypted_json\authority\authority.json#/itemList.json/GACHA_FREEBIE_343_MEDAL/name	higher_authority_applied
itemList.json	GACHA_FREEBIE_MEDAL_PURPLE_507	shortDescription	調整屋コイン	調整屋硬币	调整专家币	1_official_cn_dump_same_record	A:\magireco_cn_dump_20221010_decrypted_json\authority\authority.json#/itemList.json/GACHA_FREEBIE_343_MEDAL/name	higher_authority_applied
itemList.json	GACHA_FREEBIE_MEDAL_PURPLE_507	description	「調整屋コイン」の交換用アイテム	「调整屋硬币」的兑换道具	在「调整专家币」中用于兑换的道具	1_official_cn_dump_same_record	A:\magireco_cn_dump_20221010_decrypted_json\authority\authority.json#/itemList.json/GACHA_FREEBIE_343_MEDAL	higher_authority_applied
itemList.json	GACHA_FREEBIE_MEDAL_PURPLE_532	name	調整屋コイン	調整屋硬币	调整专家币	1_official_cn_dump_same_record	A:\magireco_cn_dump_20221010_decrypted_json\authority\authority.json#/itemList.json/GACHA_FREEBIE_343_MEDAL/name	higher_authority_applied
itemList.json	GACHA_FREEBIE_MEDAL_PURPLE_532	shortDescription	調整屋コイン	調整屋硬币	调整专家币	1_official_cn_dump_same_record	A:\magireco_cn_dump_20221010_decrypted_json\authority\authority.json#/itemList.json/GACHA_FREEBIE_343_MEDAL/name	higher_authority_applied
itemList.json	GACHA_FREEBIE_MEDAL_PURPLE_532	description	「調整屋コイン」の交換用アイテム	「调整屋硬币」的兑换道具	在「调整专家币」中用于兑换的道具	1_official_cn_dump_same_record	A:\magireco_cn_dump_20221010_decrypted_json\authority\authority.json#/itemList.json/GACHA_FREEBIE_343_MEDAL	higher_authority_applied
itemList.json	GACHA_FREEBIE_MEDAL_PURPLE_574	name	調整屋コイン	調整屋硬币	调整专家币	1_official_cn_dump_same_record	A:\magireco_cn_dump_20221010_decrypted_json\authority\authority.json#/itemList.json/GACHA_FREEBIE_343_MEDAL/name	higher_authority_applied
itemList.json	GACHA_FREEBIE_MEDAL_PURPLE_574	shortDescription	調整屋コイン	調整屋硬币	调整专家币	1_official_cn_dump_same_record	A:\magireco_cn_dump_20221010_decrypted_json\authority\authority.json#/itemList.json/GACHA_FREEBIE_343_MEDAL/name	higher_authority_applied
itemList.json	GACHA_FREEBIE_MEDAL_PURPLE_574	description	「調整屋コイン」の交換用アイテム	「调整屋硬币」的兑换道具	在「调整专家币」中用于兑换的道具	1_official_cn_dump_same_record	A:\magireco_cn_dump_20221010_decrypted_json\authority\authority.json#/itemList.json/GACHA_FREEBIE_343_MEDAL	higher_authority_applied
itemList.json	GACHA_FREEBIE_MEDAL_PURPLE_606	name	調整屋コイン	調整屋硬币	调整专家币	1_official_cn_dump_same_record	A:\magireco_cn_dump_20221010_decrypted_json\authority\authority.json#/itemList.json/GACHA_FREEBIE_343_MEDAL/name	higher_authority_applied
itemList.json	GACHA_FREEBIE_MEDAL_PURPLE_606	shortDescription	調整屋コイン	調整屋硬币	调整专家币	1_official_cn_dump_same_record	A:\magireco_cn_dump_20221010_decrypted_json\authority\authority.json#/itemList.json/GACHA_FREEBIE_343_MEDAL/name	higher_authority_applied
itemList.json	GACHA_FREEBIE_MEDAL_PURPLE_606	description	「調整屋コイン」の交換用アイテム	「调整屋硬币」的兑换道具	在「调整专家币」中用于兑换的道具	1_official_cn_dump_same_record	A:\magireco_cn_dump_20221010_decrypted_json\authority\authority.json#/itemList.json/GACHA_FREEBIE_343_MEDAL	higher_authority_applied
itemList.json	GACHA_FREEBIE_MEDAL_PURPLE_628	name	調整屋コイン	調整屋硬币	调整专家币	1_official_cn_dump_same_record	A:\magireco_cn_dump_20221010_decrypted_json\authority\authority.json#/itemList.json/GACHA_FREEBIE_343_MEDAL/name	higher_authority_applied
itemList.json	GACHA_FREEBIE_MEDAL_PURPLE_628	shortDescription	調整屋コイン	調整屋硬币	调整专家币	1_official_cn_dump_same_record	A:\magireco_cn_dump_20221010_decrypted_json\authority\authority.json#/itemList.json/GACHA_FREEBIE_343_MEDAL/name	higher_authority_applied
itemList.json	GACHA_FREEBIE_MEDAL_PURPLE_628	description	「調整屋コイン」の交換用アイテム	「调整屋硬币」的兑换道具	在「调整专家币」中用于兑换的道具	1_official_cn_dump_same_record	A:\magireco_cn_dump_20221010_decrypted_json\authority\authority.json#/itemList.json/GACHA_FREEBIE_343_MEDAL	higher_authority_applied
itemList.json	GACHA_FREEBIE_MEDAL_PURPLE_691	name	調整屋コイン	調整屋硬币	调整专家币	1_official_cn_dump_same_record	A:\magireco_cn_dump_20221010_decrypted_json\authority\authority.json#/itemList.json/GACHA_FREEBIE_343_MEDAL/name	higher_authority_applied
itemList.json	GACHA_FREEBIE_MEDAL_PURPLE_691	shortDescription	調整屋コイン	調整屋硬币	调整专家币	1_official_cn_dump_same_record	A:\magireco_cn_dump_20221010_decrypted_json\authority\authority.json#/itemList.json/GACHA_FREEBIE_343_MEDAL/name	higher_authority_applied
itemList.json	GACHA_FREEBIE_MEDAL_PURPLE_691	description	「調整屋コイン」の交換用アイテム	「调整屋硬币」的兑换道具	在「调整专家币」中用于兑换的道具	1_official_cn_dump_same_record	A:\magireco_cn_dump_20221010_decrypted_json\authority\authority.json#/itemList.json/GACHA_FREEBIE_343_MEDAL	higher_authority_applied
itemList.json	GACHA_FREEBIE_MEDAL_PURPLE_749	name	調整屋コイン	調整屋硬币	调整专家币	1_official_cn_dump_same_record	A:\magireco_cn_dump_20221010_decrypted_json\authority\authority.json#/itemList.json/GACHA_FREEBIE_343_MEDAL/name	higher_authority_applied
itemList.json	GACHA_FREEBIE_MEDAL_PURPLE_749	shortDescription	調整屋コイン	調整屋硬币	调整专家币	1_official_cn_dump_same_record	A:\magireco_cn_dump_20221010_decrypted_json\authority\authority.json#/itemList.json/GACHA_FREEBIE_343_MEDAL/name	higher_authority_applied
itemList.json	GACHA_FREEBIE_MEDAL_PURPLE_749	description	「調整屋コイン」の交換用アイテム	「调整屋硬币」的兑换道具	在「调整专家币」中用于兑换的道具	1_official_cn_dump_same_record	A:\magireco_cn_dump_20221010_decrypted_json\authority\authority.json#/itemList.json/GACHA_FREEBIE_343_MEDAL	higher_authority_applied
itemList.json	GACHA_FREEBIE_MEDAL_PURPLE_795	name	調整屋コイン	調整屋硬币	调整专家币	1_official_cn_dump_same_record	A:\magireco_cn_dump_20221010_decrypted_json\authority\authority.json#/itemList.json/GACHA_FREEBIE_343_MEDAL/name	higher_authority_applied
itemList.json	GACHA_FREEBIE_MEDAL_PURPLE_795	shortDescription	調整屋コイン	調整屋硬币	调整专家币	1_official_cn_dump_same_record	A:\magireco_cn_dump_20221010_decrypted_json\authority\authority.json#/itemList.json/GACHA_FREEBIE_343_MEDAL/name	higher_authority_applied
itemList.json	GACHA_FREEBIE_MEDAL_PURPLE_795	description	「調整屋コイン」の交換用アイテム	「调整屋硬币」的兑换道具	在「调整专家币」中用于兑换的道具	1_official_cn_dump_same_record	A:\magireco_cn_dump_20221010_decrypted_json\authority\authority.json#/itemList.json/GACHA_FREEBIE_343_MEDAL	higher_authority_applied
itemList.json	GACHA_FREEBIE_MEDAL_PURPLE_892	name	調整屋コイン	調整屋硬币	调整专家币	1_official_cn_dump_same_record	A:\magireco_cn_dump_20221010_decrypted_json\authority\authority.json#/itemList.json/GACHA_FREEBIE_343_MEDAL/name	higher_authority_applied
itemList.json	GACHA_FREEBIE_MEDAL_PURPLE_892	shortDescription	調整屋コイン	調整屋硬币	调整专家币	1_official_cn_dump_same_record	A:\magireco_cn_dump_20221010_decrypted_json\authority\authority.json#/itemList.json/GACHA_FREEBIE_343_MEDAL/name	higher_authority_applied
itemList.json	GACHA_FREEBIE_MEDAL_PURPLE_892	description	「調整屋コイン」の交換用アイテム	「调整屋硬币」的兑换道具	在「调整专家币」中用于兑换的道具	1_official_cn_dump_same_record	A:\magireco_cn_dump_20221010_decrypted_json\authority\authority.json#/itemList.json/GACHA_FREEBIE_343_MEDAL	higher_authority_applied
itemList.json	GACHA_FREEBIE_MEDAL_RED_1054	name	調整屋コイン	調整屋硬币	调整专家币	1_official_cn_dump_same_record	A:\magireco_cn_dump_20221010_decrypted_json\authority\authority.json#/itemList.json/GACHA_FREEBIE_343_MEDAL/name	higher_authority_applied
itemList.json	GACHA_FREEBIE_MEDAL_RED_1054	shortDescription	調整屋コイン	調整屋硬币	调整专家币	1_official_cn_dump_same_record	A:\magireco_cn_dump_20221010_decrypted_json\authority\authority.json#/itemList.json/GACHA_FREEBIE_343_MEDAL/name	higher_authority_applied
itemList.json	GACHA_FREEBIE_MEDAL_RED_1054	description	「調整屋コイン」の交換用アイテム	「调整屋硬币」的兑换道具	在「调整专家币」中用于兑换的道具	1_official_cn_dump_same_record	A:\magireco_cn_dump_20221010_decrypted_json\authority\authority.json#/itemList.json/GACHA_FREEBIE_343_MEDAL	higher_authority_applied
itemList.json	GACHA_FREEBIE_MEDAL_RED_1133	name	調整屋コイン	調整屋硬币	调整专家币	1_official_cn_dump_same_record	A:\magireco_cn_dump_20221010_decrypted_json\authority\authority.json#/itemList.json/GACHA_FREEBIE_343_MEDAL/name	higher_authority_applied
itemList.json	GACHA_FREEBIE_MEDAL_RED_1133	shortDescription	調整屋コイン	調整屋硬币	调整专家币	1_official_cn_dump_same_record	A:\magireco_cn_dump_20221010_decrypted_json\authority\authority.json#/itemList.json/GACHA_FREEBIE_343_MEDAL/name	higher_authority_applied
itemList.json	GACHA_FREEBIE_MEDAL_RED_1133	description	「調整屋コイン」の交換用アイテム	「调整屋硬币」的兑换道具	在「调整专家币」中用于兑换的道具	1_official_cn_dump_same_record	A:\magireco_cn_dump_20221010_decrypted_json\authority\authority.json#/itemList.json/GACHA_FREEBIE_343_MEDAL	higher_authority_applied
itemList.json	GACHA_FREEBIE_MEDAL_RED_1186	name	調整屋コイン	調整屋硬币	调整专家币	1_official_cn_dump_same_record	A:\magireco_cn_dump_20221010_decrypted_json\authority\authority.json#/itemList.json/GACHA_FREEBIE_343_MEDAL/name	higher_authority_applied
itemList.json	GACHA_FREEBIE_MEDAL_RED_1186	shortDescription	調整屋コイン	調整屋硬币	调整专家币	1_official_cn_dump_same_record	A:\magireco_cn_dump_20221010_decrypted_json\authority\authority.json#/itemList.json/GACHA_FREEBIE_343_MEDAL/name	higher_authority_applied
itemList.json	GACHA_FREEBIE_MEDAL_RED_1186	description	「調整屋コイン」の交換用アイテム	「调整屋硬币」的兑换道具	在「调整专家币」中用于兑换的道具	1_official_cn_dump_same_record	A:\magireco_cn_dump_20221010_decrypted_json\authority\authority.json#/itemList.json/GACHA_FREEBIE_343_MEDAL	higher_authority_applied
itemList.json	GACHA_FREEBIE_MEDAL_RED_1309	name	調整屋コイン	調整屋硬币	调整专家币	1_official_cn_dump_same_record	A:\magireco_cn_dump_20221010_decrypted_json\authority\authority.json#/itemList.json/GACHA_FREEBIE_343_MEDAL/name	higher_authority_applied
itemList.json	GACHA_FREEBIE_MEDAL_RED_1309	shortDescription	調整屋コイン	調整屋硬币	调整专家币	1_official_cn_dump_same_record	A:\magireco_cn_dump_20221010_decrypted_json\authority\authority.json#/itemList.json/GACHA_FREEBIE_343_MEDAL/name	higher_authority_applied
itemList.json	GACHA_FREEBIE_MEDAL_RED_1309	description	「調整屋コイン」の交換用アイテム	「调整屋硬币」的兑换道具	在「调整专家币」中用于兑换的道具	1_official_cn_dump_same_record	A:\magireco_cn_dump_20221010_decrypted_json\authority\authority.json#/itemList.json/GACHA_FREEBIE_343_MEDAL	higher_authority_applied
itemList.json	GACHA_FREEBIE_MEDAL_RED_1408	name	調整屋コイン	調整屋硬币	调整专家币	1_official_cn_dump_same_record	A:\magireco_cn_dump_20221010_decrypted_json\authority\authority.json#/itemList.json/GACHA_FREEBIE_343_MEDAL/name	higher_authority_applied
itemList.json	GACHA_FREEBIE_MEDAL_RED_1408	shortDescription	調整屋コイン	調整屋硬币	调整专家币	1_official_cn_dump_same_record	A:\magireco_cn_dump_20221010_decrypted_json\authority\authority.json#/itemList.json/GACHA_FREEBIE_343_MEDAL/name	higher_authority_applied
itemList.json	GACHA_FREEBIE_MEDAL_RED_1408	description	「調整屋コイン」の交換用アイテム	「调整屋硬币」的兑换道具	在「调整专家币」中用于兑换的道具	1_official_cn_dump_same_record	A:\magireco_cn_dump_20221010_decrypted_json\authority\authority.json#/itemList.json/GACHA_FREEBIE_343_MEDAL	higher_authority_applied
itemList.json	GACHA_FREEBIE_MEDAL_RED_1575	name	調整屋コイン	調整屋硬币	调整专家币	1_official_cn_dump_same_record	A:\magireco_cn_dump_20221010_decrypted_json\authority\authority.json#/itemList.json/GACHA_FREEBIE_343_MEDAL/name	higher_authority_applied
itemList.json	GACHA_FREEBIE_MEDAL_RED_1575	shortDescription	調整屋コイン	調整屋硬币	调整专家币	1_official_cn_dump_same_record	A:\magireco_cn_dump_20221010_decrypted_json\authority\authority.json#/itemList.json/GACHA_FREEBIE_343_MEDAL/name	higher_authority_applied
itemList.json	GACHA_FREEBIE_MEDAL_RED_1575	description	「調整屋コイン」の交換用アイテム	「调整屋硬币」的兑换道具	在「调整专家币」中用于兑换的道具	1_official_cn_dump_same_record	A:\magireco_cn_dump_20221010_decrypted_json\authority\authority.json#/itemList.json/GACHA_FREEBIE_343_MEDAL	higher_authority_applied
itemList.json	GACHA_FREEBIE_MEDAL_RED_1656	name	調整屋コイン	調整屋硬币	调整专家币	1_official_cn_dump_same_record	A:\magireco_cn_dump_20221010_decrypted_json\authority\authority.json#/itemList.json/GACHA_FREEBIE_343_MEDAL/name	higher_authority_applied
itemList.json	GACHA_FREEBIE_MEDAL_RED_1656	shortDescription	調整屋コイン	調整屋硬币	调整专家币	1_official_cn_dump_same_record	A:\magireco_cn_dump_20221010_decrypted_json\authority\authority.json#/itemList.json/GACHA_FREEBIE_343_MEDAL/name	higher_authority_applied
itemList.json	GACHA_FREEBIE_MEDAL_RED_1656	description	「調整屋コイン」の交換用アイテム	「调整屋硬币」的兑换道具	在「调整专家币」中用于兑换的道具	1_official_cn_dump_same_record	A:\magireco_cn_dump_20221010_decrypted_json\authority\authority.json#/itemList.json/GACHA_FREEBIE_343_MEDAL	higher_authority_applied
itemList.json	GACHA_FREEBIE_MEDAL_RED_1838	name	調整屋コイン	調整屋硬币	调整专家币	1_official_cn_dump_same_record	A:\magireco_cn_dump_20221010_decrypted_json\authority\authority.json#/itemList.json/GACHA_FREEBIE_343_MEDAL/name	higher_authority_applied
itemList.json	GACHA_FREEBIE_MEDAL_RED_1838	shortDescription	調整屋コイン	調整屋硬币	调整专家币	1_official_cn_dump_same_record	A:\magireco_cn_dump_20221010_decrypted_json\authority\authority.json#/itemList.json/GACHA_FREEBIE_343_MEDAL/name	higher_authority_applied
itemList.json	GACHA_FREEBIE_MEDAL_RED_1838	description	「調整屋コイン」の交換用アイテム	「调整屋硬币」的兑换道具	在「调整专家币」中用于兑换的道具	1_official_cn_dump_same_record	A:\magireco_cn_dump_20221010_decrypted_json\authority\authority.json#/itemList.json/GACHA_FREEBIE_343_MEDAL	higher_authority_applied
itemList.json	GACHA_FREEBIE_MEDAL_RED_499	name	調整屋コイン	調整屋硬币	调整专家币	1_official_cn_dump_same_record	A:\magireco_cn_dump_20221010_decrypted_json\authority\authority.json#/itemList.json/GACHA_FREEBIE_343_MEDAL/name	higher_authority_applied
itemList.json	GACHA_FREEBIE_MEDAL_RED_499	shortDescription	調整屋コイン	調整屋硬币	调整专家币	1_official_cn_dump_same_record	A:\magireco_cn_dump_20221010_decrypted_json\authority\authority.json#/itemList.json/GACHA_FREEBIE_343_MEDAL/name	higher_authority_applied
itemList.json	GACHA_FREEBIE_MEDAL_RED_499	description	「調整屋コイン」の交換用アイテム	「调整屋硬币」的兑换道具	在「调整专家币」中用于兑换的道具	1_official_cn_dump_same_record	A:\magireco_cn_dump_20221010_decrypted_json\authority\authority.json#/itemList.json/GACHA_FREEBIE_343_MEDAL	higher_authority_applied
itemList.json	GACHA_FREEBIE_MEDAL_RED_545	name	調整屋コイン	調整屋硬币	调整专家币	1_official_cn_dump_same_record	A:\magireco_cn_dump_20221010_decrypted_json\authority\authority.json#/itemList.json/GACHA_FREEBIE_343_MEDAL/name	higher_authority_applied
itemList.json	GACHA_FREEBIE_MEDAL_RED_545	shortDescription	調整屋コイン	調整屋硬币	调整专家币	1_official_cn_dump_same_record	A:\magireco_cn_dump_20221010_decrypted_json\authority\authority.json#/itemList.json/GACHA_FREEBIE_343_MEDAL/name	higher_authority_applied
itemList.json	GACHA_FREEBIE_MEDAL_RED_545	description	「調整屋コイン」の交換用アイテム	「调整屋硬币」的兑换道具	在「调整专家币」中用于兑换的道具	1_official_cn_dump_same_record	A:\magireco_cn_dump_20221010_decrypted_json\authority\authority.json#/itemList.json/GACHA_FREEBIE_343_MEDAL	higher_authority_applied
itemList.json	GACHA_FREEBIE_MEDAL_RED_577	name	調整屋コイン	調整屋硬币	调整专家币	1_official_cn_dump_same_record	A:\magireco_cn_dump_20221010_decrypted_json\authority\authority.json#/itemList.json/GACHA_FREEBIE_343_MEDAL/name	higher_authority_applied
itemList.json	GACHA_FREEBIE_MEDAL_RED_577	shortDescription	調整屋コイン	調整屋硬币	调整专家币	1_official_cn_dump_same_record	A:\magireco_cn_dump_20221010_decrypted_json\authority\authority.json#/itemList.json/GACHA_FREEBIE_343_MEDAL/name	higher_authority_applied
itemList.json	GACHA_FREEBIE_MEDAL_RED_577	description	「調整屋コイン」の交換用アイテム	「调整屋硬币」的兑换道具	在「调整专家币」中用于兑换的道具	1_official_cn_dump_same_record	A:\magireco_cn_dump_20221010_decrypted_json\authority\authority.json#/itemList.json/GACHA_FREEBIE_343_MEDAL	higher_authority_applied
itemList.json	GACHA_FREEBIE_MEDAL_RED_611	name	調整屋コイン	調整屋硬币	调整专家币	1_official_cn_dump_same_record	A:\magireco_cn_dump_20221010_decrypted_json\authority\authority.json#/itemList.json/GACHA_FREEBIE_343_MEDAL/name	higher_authority_applied
itemList.json	GACHA_FREEBIE_MEDAL_RED_611	shortDescription	調整屋コイン	調整屋硬币	调整专家币	1_official_cn_dump_same_record	A:\magireco_cn_dump_20221010_decrypted_json\authority\authority.json#/itemList.json/GACHA_FREEBIE_343_MEDAL/name	higher_authority_applied
itemList.json	GACHA_FREEBIE_MEDAL_RED_611	description	「調整屋コイン」の交換用アイテム	「调整屋硬币」的兑换道具	在「调整专家币」中用于兑换的道具	1_official_cn_dump_same_record	A:\magireco_cn_dump_20221010_decrypted_json\authority\authority.json#/itemList.json/GACHA_FREEBIE_343_MEDAL	higher_authority_applied
itemList.json	GACHA_FREEBIE_MEDAL_RED_647	name	調整屋コイン	調整屋硬币	调整专家币	1_official_cn_dump_same_record	A:\magireco_cn_dump_20221010_decrypted_json\authority\authority.json#/itemList.json/GACHA_FREEBIE_343_MEDAL/name	higher_authority_applied
itemList.json	GACHA_FREEBIE_MEDAL_RED_647	shortDescription	調整屋コイン	調整屋硬币	调整专家币	1_official_cn_dump_same_record	A:\magireco_cn_dump_20221010_decrypted_json\authority\authority.json#/itemList.json/GACHA_FREEBIE_343_MEDAL/name	higher_authority_applied
itemList.json	GACHA_FREEBIE_MEDAL_RED_647	description	「調整屋コイン」の交換用アイテム	「调整屋硬币」的兑换道具	在「调整专家币」中用于兑换的道具	1_official_cn_dump_same_record	A:\magireco_cn_dump_20221010_decrypted_json\authority\authority.json#/itemList.json/GACHA_FREEBIE_343_MEDAL	higher_authority_applied
itemList.json	GACHA_FREEBIE_MEDAL_RED_669	name	調整屋コイン	調整屋硬币	调整专家币	1_official_cn_dump_same_record	A:\magireco_cn_dump_20221010_decrypted_json\authority\authority.json#/itemList.json/GACHA_FREEBIE_343_MEDAL/name	higher_authority_applied
itemList.json	GACHA_FREEBIE_MEDAL_RED_669	shortDescription	調整屋コイン	調整屋硬币	调整专家币	1_official_cn_dump_same_record	A:\magireco_cn_dump_20221010_decrypted_json\authority\authority.json#/itemList.json/GACHA_FREEBIE_343_MEDAL/name	higher_authority_applied
itemList.json	GACHA_FREEBIE_MEDAL_RED_669	description	「調整屋コイン」の交換用アイテム	「调整屋硬币」的兑换道具	在「调整专家币」中用于兑换的道具	1_official_cn_dump_same_record	A:\magireco_cn_dump_20221010_decrypted_json\authority\authority.json#/itemList.json/GACHA_FREEBIE_343_MEDAL	higher_authority_applied
itemList.json	GACHA_FREEBIE_MEDAL_RED_687	name	調整屋コイン	調整屋硬币	调整专家币	1_official_cn_dump_same_record	A:\magireco_cn_dump_20221010_decrypted_json\authority\authority.json#/itemList.json/GACHA_FREEBIE_343_MEDAL/name	higher_authority_applied
itemList.json	GACHA_FREEBIE_MEDAL_RED_687	shortDescription	調整屋コイン	調整屋硬币	调整专家币	1_official_cn_dump_same_record	A:\magireco_cn_dump_20221010_decrypted_json\authority\authority.json#/itemList.json/GACHA_FREEBIE_343_MEDAL/name	higher_authority_applied
itemList.json	GACHA_FREEBIE_MEDAL_RED_687	description	「調整屋コイン」の交換用アイテム	「调整屋硬币」的兑换道具	在「调整专家币」中用于兑换的道具	1_official_cn_dump_same_record	A:\magireco_cn_dump_20221010_decrypted_json\authority\authority.json#/itemList.json/GACHA_FREEBIE_343_MEDAL	higher_authority_applied
itemList.json	GACHA_FREEBIE_MEDAL_RED_739	name	調整屋コイン	調整屋硬币	调整专家币	1_official_cn_dump_same_record	A:\magireco_cn_dump_20221010_decrypted_json\authority\authority.json#/itemList.json/GACHA_FREEBIE_343_MEDAL/name	higher_authority_applied
itemList.json	GACHA_FREEBIE_MEDAL_RED_739	shortDescription	調整屋コイン	調整屋硬币	调整专家币	1_official_cn_dump_same_record	A:\magireco_cn_dump_20221010_decrypted_json\authority\authority.json#/itemList.json/GACHA_FREEBIE_343_MEDAL/name	higher_authority_applied
itemList.json	GACHA_FREEBIE_MEDAL_RED_739	description	「調整屋コイン」の交換用アイテム	「调整屋硬币」的兑换道具	在「调整专家币」中用于兑换的道具	1_official_cn_dump_same_record	A:\magireco_cn_dump_20221010_decrypted_json\authority\authority.json#/itemList.json/GACHA_FREEBIE_343_MEDAL	higher_authority_applied
itemList.json	GACHA_FREEBIE_MEDAL_RED_779	name	調整屋コイン	調整屋硬币	调整专家币	1_official_cn_dump_same_record	A:\magireco_cn_dump_20221010_decrypted_json\authority\authority.json#/itemList.json/GACHA_FREEBIE_343_MEDAL/name	higher_authority_applied
itemList.json	GACHA_FREEBIE_MEDAL_RED_779	shortDescription	調整屋コイン	調整屋硬币	调整专家币	1_official_cn_dump_same_record	A:\magireco_cn_dump_20221010_decrypted_json\authority\authority.json#/itemList.json/GACHA_FREEBIE_343_MEDAL/name	higher_authority_applied
itemList.json	GACHA_FREEBIE_MEDAL_RED_779	description	「調整屋コイン」の交換用アイテム	「调整屋硬币」的兑换道具	在「调整专家币」中用于兑换的道具	1_official_cn_dump_same_record	A:\magireco_cn_dump_20221010_decrypted_json\authority\authority.json#/itemList.json/GACHA_FREEBIE_343_MEDAL	higher_authority_applied
itemList.json	GACHA_FREEBIE_MEDAL_RED_876	name	調整屋コイン	調整屋硬币	调整专家币	1_official_cn_dump_same_record	A:\magireco_cn_dump_20221010_decrypted_json\authority\authority.json#/itemList.json/GACHA_FREEBIE_343_MEDAL/name	higher_authority_applied
itemList.json	GACHA_FREEBIE_MEDAL_RED_876	shortDescription	調整屋コイン	調整屋硬币	调整专家币	1_official_cn_dump_same_record	A:\magireco_cn_dump_20221010_decrypted_json\authority\authority.json#/itemList.json/GACHA_FREEBIE_343_MEDAL/name	higher_authority_applied
itemList.json	GACHA_FREEBIE_MEDAL_RED_876	description	「調整屋コイン」の交換用アイテム	「调整屋硬币」的兑换道具	在「调整专家币」中用于兑换的道具	1_official_cn_dump_same_record	A:\magireco_cn_dump_20221010_decrypted_json\authority\authority.json#/itemList.json/GACHA_FREEBIE_343_MEDAL	higher_authority_applied
itemList.json	GACHA_FREEBIE_MEDAL_YELLOW_1079	name	調整屋コイン	調整屋硬币	调整专家币	1_official_cn_dump_same_record	A:\magireco_cn_dump_20221010_decrypted_json\authority\authority.json#/itemList.json/GACHA_FREEBIE_343_MEDAL/name	higher_authority_applied
itemList.json	GACHA_FREEBIE_MEDAL_YELLOW_1079	shortDescription	調整屋コイン	調整屋硬币	调整专家币	1_official_cn_dump_same_record	A:\magireco_cn_dump_20221010_decrypted_json\authority\authority.json#/itemList.json/GACHA_FREEBIE_343_MEDAL/name	higher_authority_applied
itemList.json	GACHA_FREEBIE_MEDAL_YELLOW_1079	description	「調整屋コイン」の交換用アイテム	「调整屋硬币」的兑换道具	在「调整专家币」中用于兑换的道具	1_official_cn_dump_same_record	A:\magireco_cn_dump_20221010_decrypted_json\authority\authority.json#/itemList.json/GACHA_FREEBIE_343_MEDAL	higher_authority_applied
itemList.json	GACHA_FREEBIE_MEDAL_YELLOW_1237	name	調整屋コイン	調整屋硬币	调整专家币	1_official_cn_dump_same_record	A:\magireco_cn_dump_20221010_decrypted_json\authority\authority.json#/itemList.json/GACHA_FREEBIE_343_MEDAL/name	higher_authority_applied
itemList.json	GACHA_FREEBIE_MEDAL_YELLOW_1237	shortDescription	調整屋コイン	調整屋硬币	调整专家币	1_official_cn_dump_same_record	A:\magireco_cn_dump_20221010_decrypted_json\authority\authority.json#/itemList.json/GACHA_FREEBIE_343_MEDAL/name	higher_authority_applied
itemList.json	GACHA_FREEBIE_MEDAL_YELLOW_1237	description	「調整屋コイン」の交換用アイテム	「调整屋硬币」的兑换道具	在「调整专家币」中用于兑换的道具	1_official_cn_dump_same_record	A:\magireco_cn_dump_20221010_decrypted_json\authority\authority.json#/itemList.json/GACHA_FREEBIE_343_MEDAL	higher_authority_applied
itemList.json	GACHA_FREEBIE_MEDAL_YELLOW_1386	name	調整屋コイン	調整屋硬币	调整专家币	1_official_cn_dump_same_record	A:\magireco_cn_dump_20221010_decrypted_json\authority\authority.json#/itemList.json/GACHA_FREEBIE_343_MEDAL/name	higher_authority_applied
itemList.json	GACHA_FREEBIE_MEDAL_YELLOW_1386	shortDescription	調整屋コイン	調整屋硬币	调整专家币	1_official_cn_dump_same_record	A:\magireco_cn_dump_20221010_decrypted_json\authority\authority.json#/itemList.json/GACHA_FREEBIE_343_MEDAL/name	higher_authority_applied
itemList.json	GACHA_FREEBIE_MEDAL_YELLOW_1386	description	「調整屋コイン」の交換用アイテム	「调整屋硬币」的兑换道具	在「调整专家币」中用于兑换的道具	1_official_cn_dump_same_record	A:\magireco_cn_dump_20221010_decrypted_json\authority\authority.json#/itemList.json/GACHA_FREEBIE_343_MEDAL	higher_authority_applied
itemList.json	GACHA_FREEBIE_MEDAL_YELLOW_1474	name	調整屋コイン	調整屋硬币	调整专家币	1_official_cn_dump_same_record	A:\magireco_cn_dump_20221010_decrypted_json\authority\authority.json#/itemList.json/GACHA_FREEBIE_343_MEDAL/name	higher_authority_applied
itemList.json	GACHA_FREEBIE_MEDAL_YELLOW_1474	shortDescription	調整屋コイン	調整屋硬币	调整专家币	1_official_cn_dump_same_record	A:\magireco_cn_dump_20221010_decrypted_json\authority\authority.json#/itemList.json/GACHA_FREEBIE_343_MEDAL/name	higher_authority_applied
itemList.json	GACHA_FREEBIE_MEDAL_YELLOW_1474	description	「調整屋コイン」の交換用アイテム	「调整屋硬币」的兑换道具	在「调整专家币」中用于兑换的道具	1_official_cn_dump_same_record	A:\magireco_cn_dump_20221010_decrypted_json\authority\authority.json#/itemList.json/GACHA_FREEBIE_343_MEDAL	higher_authority_applied
itemList.json	GACHA_FREEBIE_MEDAL_YELLOW_1585	name	調整屋コイン	調整屋硬币	调整专家币	1_official_cn_dump_same_record	A:\magireco_cn_dump_20221010_decrypted_json\authority\authority.json#/itemList.json/GACHA_FREEBIE_343_MEDAL/name	higher_authority_applied
itemList.json	GACHA_FREEBIE_MEDAL_YELLOW_1585	shortDescription	調整屋コイン	調整屋硬币	调整专家币	1_official_cn_dump_same_record	A:\magireco_cn_dump_20221010_decrypted_json\authority\authority.json#/itemList.json/GACHA_FREEBIE_343_MEDAL/name	higher_authority_applied
itemList.json	GACHA_FREEBIE_MEDAL_YELLOW_1585	description	「調整屋コイン」の交換用アイテム	「调整屋硬币」的兑换道具	在「调整专家币」中用于兑换的道具	1_official_cn_dump_same_record	A:\magireco_cn_dump_20221010_decrypted_json\authority\authority.json#/itemList.json/GACHA_FREEBIE_343_MEDAL	higher_authority_applied
itemList.json	GACHA_FREEBIE_MEDAL_YELLOW_1794	name	調整屋コイン	調整屋硬币	调整专家币	1_official_cn_dump_same_record	A:\magireco_cn_dump_20221010_decrypted_json\authority\authority.json#/itemList.json/GACHA_FREEBIE_343_MEDAL/name	higher_authority_applied
itemList.json	GACHA_FREEBIE_MEDAL_YELLOW_1794	shortDescription	調整屋コイン	調整屋硬币	调整专家币	1_official_cn_dump_same_record	A:\magireco_cn_dump_20221010_decrypted_json\authority\authority.json#/itemList.json/GACHA_FREEBIE_343_MEDAL/name	higher_authority_applied
itemList.json	GACHA_FREEBIE_MEDAL_YELLOW_1794	description	「調整屋コイン」の交換用アイテム	「调整屋硬币」的兑换道具	在「调整专家币」中用于兑换的道具	1_official_cn_dump_same_record	A:\magireco_cn_dump_20221010_decrypted_json\authority\authority.json#/itemList.json/GACHA_FREEBIE_343_MEDAL	higher_authority_applied
itemList.json	GACHA_FREEBIE_MEDAL_YELLOW_1889	name	調整屋コイン	調整屋硬币	调整专家币	1_official_cn_dump_same_record	A:\magireco_cn_dump_20221010_decrypted_json\authority\authority.json#/itemList.json/GACHA_FREEBIE_343_MEDAL/name	higher_authority_applied
itemList.json	GACHA_FREEBIE_MEDAL_YELLOW_1889	shortDescription	調整屋コイン	調整屋硬币	调整专家币	1_official_cn_dump_same_record	A:\magireco_cn_dump_20221010_decrypted_json\authority\authority.json#/itemList.json/GACHA_FREEBIE_343_MEDAL/name	higher_authority_applied
itemList.json	GACHA_FREEBIE_MEDAL_YELLOW_1889	description	「調整屋コイン」の交換用アイテム	「调整屋硬币」的兑换道具	在「调整专家币」中用于兑换的道具	1_official_cn_dump_same_record	A:\magireco_cn_dump_20221010_decrypted_json\authority\authority.json#/itemList.json/GACHA_FREEBIE_343_MEDAL	higher_authority_applied
itemList.json	GACHA_FREEBIE_MEDAL_YELLOW_2018	name	調整屋コイン	調整屋硬币	调整专家币	1_official_cn_dump_same_record	A:\magireco_cn_dump_20221010_decrypted_json\authority\authority.json#/itemList.json/GACHA_FREEBIE_343_MEDAL/name	higher_authority_applied
itemList.json	GACHA_FREEBIE_MEDAL_YELLOW_2018	shortDescription	調整屋コイン	調整屋硬币	调整专家币	1_official_cn_dump_same_record	A:\magireco_cn_dump_20221010_decrypted_json\authority\authority.json#/itemList.json/GACHA_FREEBIE_343_MEDAL/name	higher_authority_applied
itemList.json	GACHA_FREEBIE_MEDAL_YELLOW_2018	description	「調整屋コイン」の交換用アイテム	「调整屋硬币」的兑换道具	在「调整专家币」中用于兑换的道具	1_official_cn_dump_same_record	A:\magireco_cn_dump_20221010_decrypted_json\authority\authority.json#/itemList.json/GACHA_FREEBIE_343_MEDAL	higher_authority_applied
itemList.json	GACHA_FREEBIE_MEDAL_YELLOW_473	shortDescription	調整屋コイン	調整屋硬币	调整专家币	1_official_cn_dump_same_record	A:\magireco_cn_dump_20221010_decrypted_json\authority\authority.json#/itemList.json/GACHA_FREEBIE_343_MEDAL/name	higher_authority_applied
itemList.json	GACHA_FREEBIE_MEDAL_YELLOW_495	name	調整屋コイン	調整屋硬币	调整专家币	1_official_cn_dump_same_record	A:\magireco_cn_dump_20221010_decrypted_json\authority\authority.json#/itemList.json/GACHA_FREEBIE_343_MEDAL/name	higher_authority_applied
itemList.json	GACHA_FREEBIE_MEDAL_YELLOW_495	shortDescription	調整屋コイン	調整屋硬币	调整专家币	1_official_cn_dump_same_record	A:\magireco_cn_dump_20221010_decrypted_json\authority\authority.json#/itemList.json/GACHA_FREEBIE_343_MEDAL/name	higher_authority_applied
itemList.json	GACHA_FREEBIE_MEDAL_YELLOW_495	description	「調整屋コイン」の交換用アイテム	「调整屋硬币」的兑换道具	在「调整专家币」中用于兑换的道具	1_official_cn_dump_same_record	A:\magireco_cn_dump_20221010_decrypted_json\authority\authority.json#/itemList.json/GACHA_FREEBIE_343_MEDAL	higher_authority_applied
itemList.json	GACHA_FREEBIE_MEDAL_YELLOW_520	name	調整屋コイン	調整屋硬币	调整专家币	1_official_cn_dump_same_record	A:\magireco_cn_dump_20221010_decrypted_json\authority\authority.json#/itemList.json/GACHA_FREEBIE_343_MEDAL/name	higher_authority_applied
itemList.json	GACHA_FREEBIE_MEDAL_YELLOW_520	shortDescription	調整屋コイン	調整屋硬币	调整专家币	1_official_cn_dump_same_record	A:\magireco_cn_dump_20221010_decrypted_json\authority\authority.json#/itemList.json/GACHA_FREEBIE_343_MEDAL/name	higher_authority_applied
itemList.json	GACHA_FREEBIE_MEDAL_YELLOW_520	description	「調整屋コイン」の交換用アイテム	「调整屋硬币」的兑换道具	在「调整专家币」中用于兑换的道具	1_official_cn_dump_same_record	A:\magireco_cn_dump_20221010_decrypted_json\authority\authority.json#/itemList.json/GACHA_FREEBIE_343_MEDAL	higher_authority_applied
itemList.json	GACHA_FREEBIE_MEDAL_YELLOW_561	name	調整屋コイン	調整屋硬币	调整专家币	1_official_cn_dump_same_record	A:\magireco_cn_dump_20221010_decrypted_json\authority\authority.json#/itemList.json/GACHA_FREEBIE_343_MEDAL/name	higher_authority_applied
itemList.json	GACHA_FREEBIE_MEDAL_YELLOW_561	shortDescription	調整屋コイン	調整屋硬币	调整专家币	1_official_cn_dump_same_record	A:\magireco_cn_dump_20221010_decrypted_json\authority\authority.json#/itemList.json/GACHA_FREEBIE_343_MEDAL/name	higher_authority_applied
itemList.json	GACHA_FREEBIE_MEDAL_YELLOW_561	description	「調整屋コイン」の交換用アイテム	「调整屋硬币」的兑换道具	在「调整专家币」中用于兑换的道具	1_official_cn_dump_same_record	A:\magireco_cn_dump_20221010_decrypted_json\authority\authority.json#/itemList.json/GACHA_FREEBIE_343_MEDAL	higher_authority_applied
itemList.json	GACHA_FREEBIE_MEDAL_YELLOW_588	name	調整屋コイン	調整屋硬币	调整专家币	1_official_cn_dump_same_record	A:\magireco_cn_dump_20221010_decrypted_json\authority\authority.json#/itemList.json/GACHA_FREEBIE_343_MEDAL/name	higher_authority_applied
itemList.json	GACHA_FREEBIE_MEDAL_YELLOW_588	shortDescription	調整屋コイン	調整屋硬币	调整专家币	1_official_cn_dump_same_record	A:\magireco_cn_dump_20221010_decrypted_json\authority\authority.json#/itemList.json/GACHA_FREEBIE_343_MEDAL/name	higher_authority_applied
itemList.json	GACHA_FREEBIE_MEDAL_YELLOW_588	description	「調整屋コイン」の交換用アイテム	「调整屋硬币」的兑换道具	在「调整专家币」中用于兑换的道具	1_official_cn_dump_same_record	A:\magireco_cn_dump_20221010_decrypted_json\authority\authority.json#/itemList.json/GACHA_FREEBIE_343_MEDAL	higher_authority_applied
itemList.json	GACHA_FREEBIE_MEDAL_YELLOW_650	name	調整屋コイン	調整屋硬币	调整专家币	1_official_cn_dump_same_record	A:\magireco_cn_dump_20221010_decrypted_json\authority\authority.json#/itemList.json/GACHA_FREEBIE_343_MEDAL/name	higher_authority_applied
itemList.json	GACHA_FREEBIE_MEDAL_YELLOW_650	shortDescription	調整屋コイン	調整屋硬币	调整专家币	1_official_cn_dump_same_record	A:\magireco_cn_dump_20221010_decrypted_json\authority\authority.json#/itemList.json/GACHA_FREEBIE_343_MEDAL/name	higher_authority_applied
itemList.json	GACHA_FREEBIE_MEDAL_YELLOW_650	description	「調整屋コイン」の交換用アイテム	「调整屋硬币」的兑换道具	在「调整专家币」中用于兑换的道具	1_official_cn_dump_same_record	A:\magireco_cn_dump_20221010_decrypted_json\authority\authority.json#/itemList.json/GACHA_FREEBIE_343_MEDAL	higher_authority_applied
itemList.json	GACHA_FREEBIE_MEDAL_YELLOW_675	name	調整屋コイン	調整屋硬币	调整专家币	1_official_cn_dump_same_record	A:\magireco_cn_dump_20221010_decrypted_json\authority\authority.json#/itemList.json/GACHA_FREEBIE_343_MEDAL/name	higher_authority_applied
itemList.json	GACHA_FREEBIE_MEDAL_YELLOW_675	shortDescription	調整屋コイン	調整屋硬币	调整专家币	1_official_cn_dump_same_record	A:\magireco_cn_dump_20221010_decrypted_json\authority\authority.json#/itemList.json/GACHA_FREEBIE_343_MEDAL/name	higher_authority_applied
itemList.json	GACHA_FREEBIE_MEDAL_YELLOW_675	description	「調整屋コイン」の交換用アイテム	「调整屋硬币」的兑换道具	在「调整专家币」中用于兑换的道具	1_official_cn_dump_same_record	A:\magireco_cn_dump_20221010_decrypted_json\authority\authority.json#/itemList.json/GACHA_FREEBIE_343_MEDAL	higher_authority_applied
itemList.json	GACHA_FREEBIE_MEDAL_YELLOW_747	name	調整屋コイン	調整屋硬币	调整专家币	1_official_cn_dump_same_record	A:\magireco_cn_dump_20221010_decrypted_json\authority\authority.json#/itemList.json/GACHA_FREEBIE_343_MEDAL/name	higher_authority_applied
itemList.json	GACHA_FREEBIE_MEDAL_YELLOW_747	shortDescription	調整屋コイン	調整屋硬币	调整专家币	1_official_cn_dump_same_record	A:\magireco_cn_dump_20221010_decrypted_json\authority\authority.json#/itemList.json/GACHA_FREEBIE_343_MEDAL/name	higher_authority_applied
itemList.json	GACHA_FREEBIE_MEDAL_YELLOW_747	description	「調整屋コイン」の交換用アイテム	「调整屋硬币」的兑换道具	在「调整专家币」中用于兑换的道具	1_official_cn_dump_same_record	A:\magireco_cn_dump_20221010_decrypted_json\authority\authority.json#/itemList.json/GACHA_FREEBIE_343_MEDAL	higher_authority_applied
itemList.json	GACHA_FREEBIE_MEDAL_YELLOW_838	name	調整屋コイン	調整屋硬币	调整专家币	1_official_cn_dump_same_record	A:\magireco_cn_dump_20221010_decrypted_json\authority\authority.json#/itemList.json/GACHA_FREEBIE_343_MEDAL/name	higher_authority_applied
itemList.json	GACHA_FREEBIE_MEDAL_YELLOW_838	shortDescription	調整屋コイン	調整屋硬币	调整专家币	1_official_cn_dump_same_record	A:\magireco_cn_dump_20221010_decrypted_json\authority\authority.json#/itemList.json/GACHA_FREEBIE_343_MEDAL/name	higher_authority_applied
itemList.json	GACHA_FREEBIE_MEDAL_YELLOW_838	description	「調整屋コイン」の交換用アイテム	「调整屋硬币」的兑换道具	在「调整专家币」中用于兑换的道具	1_official_cn_dump_same_record	A:\magireco_cn_dump_20221010_decrypted_json\authority\authority.json#/itemList.json/GACHA_FREEBIE_343_MEDAL	higher_authority_applied
itemList.json	GACHA_FREEBIE_MEDAL_YELLOW_934	name	調整屋コイン	調整屋硬币	调整专家币	1_official_cn_dump_same_record	A:\magireco_cn_dump_20221010_decrypted_json\authority\authority.json#/itemList.json/GACHA_FREEBIE_343_MEDAL/name	higher_authority_applied
itemList.json	GACHA_FREEBIE_MEDAL_YELLOW_934	shortDescription	調整屋コイン	調整屋硬币	调整专家币	1_official_cn_dump_same_record	A:\magireco_cn_dump_20221010_decrypted_json\authority\authority.json#/itemList.json/GACHA_FREEBIE_343_MEDAL/name	higher_authority_applied
itemList.json	GACHA_FREEBIE_MEDAL_YELLOW_934	description	「調整屋コイン」の交換用アイテム	「调整屋硬币」的兑换道具	在「调整专家币」中用于兑换的道具	1_official_cn_dump_same_record	A:\magireco_cn_dump_20221010_decrypted_json\authority\authority.json#/itemList.json/GACHA_FREEBIE_343_MEDAL	higher_authority_applied
itemList.json	HOME_EV_1119_20641	description	「Angels on the Road」のホーム用背景です。	主页背景「Angels on the Road」。	主页背景「道路上的天使」。			changed_unclassified
itemList.json	HOME_EV_1120_18111	description	「Christmas String」のホーム用背景です。	主页背景「Christmas String」。	主页背景「指尖相连的那一天」。			changed_unclassified
itemList.json	HOME_EV_1123_21751	description	「Memorable Flower」のホーム用背景です。	主页背景「Memorable Flower」。	主页背景「难忘之花」。			changed_unclassified
itemList.json	HOME_EV_1125_20661	description	「Bittersweet AI Memory」のホーム用背景です。	主页背景「Bittersweet AI Memory」。	主页背景「苦乐参半的AI回忆」。			changed_unclassified
itemList.json	HOME_EV_1131_20191	description	「見滝原中学校 屋上」のホーム用背景です。	主页背景「见滝原中学校 屋上」。	主页背景「见泷原中学 屋顶」。	official-cn-component;official_component+wiki_component+new_human	magica/i18n_audit/release_v26_authority/pass18_authority_corrections.tsv#P18-00521	pass18_root_personal_translation
itemList.json	HOME_EV_1131_20201	description	「見滝原中学校 教室」のホーム用背景です。	主页背景「见滝原中学校 教室」。	主页背景「见泷原中学 教室」。	official-cn-component;official_component+wiki_component+new_human	magica/i18n_audit/release_v26_authority/pass18_authority_corrections.tsv#P18-00524	pass18_root_personal_translation
itemList.json	HOME_EV_1131_20211	description	「見滝原中学校 校舎」のホーム用背景です。	主页背景「见滝原中学校 校舎」。	主页背景「见泷原中学 校舍」。	official-cn-component;official_component+wiki_component+new_human	magica/i18n_audit/release_v26_authority/pass18_authority_corrections.tsv#P18-00527	pass18_root_personal_translation
itemList.json	HOME_EV_1131_23051	description	「見滝原市 通学路」のホーム用背景です。	主页背景「见滝原市 通学路」。	主页背景「见泷原市 上学路」。	official-cn-component;official_component+wiki_component+new_human	magica/i18n_audit/release_v26_authority/pass18_authority_corrections.tsv#P18-00530	pass18_root_personal_translation
itemList.json	HOME_EV_1144_19272	description	「Only Dreamers」のホーム用背景です。	主页背景「Only Dreamers」。	主页背景「唯有逐梦者①」。			changed_unclassified
itemList.json	HOME_EV_1144_20711	description	「Only Dreamers」のホーム用背景です。	主页背景「Only Dreamers」。	主页背景「唯有逐梦者②」。			changed_unclassified
itemList.json	HOME_EV_1147_31101	description	「The Cuddly Despairs」のホーム用背景です。	主页背景「The Cuddly Despairs」。	主页背景「毛茸茸的绝望」。			changed_unclassified
itemList.json	HOME_EV_1154_50083	description	「時女拾遺物語」のホーム用背景です。	主页背景「时女拾遺物語」。	主页背景「时女拾遗物语」。	2_wiki_component	C:\Users\proje\Documents\Codex\2026-08-06\https-github-com-hiiraginemu-magireco-wiki-3\work\wiki_authority\magireco-wiki-data\data\pages_index.json#/590/title	higher_authority_applied
itemList.json	HOME_EV_1160_21814	description	「Little Bird's Star」のホーム用背景です。	主页背景「Little Bird's Star」。	主页背景「小鸟之星」。			changed_unclassified
itemList.json	HOME_EV_1165_31131	description	「My Only Salvation」のホーム用背景です。	主页背景「My Only Salvation」。	主页背景「我唯一的救赎」。			changed_unclassified
itemList.json	HOME_EV_1170_20831	description	「七色夏模様」のホーム用背景です。	主页背景「七色夏模様」。	主页背景「七彩夏日绘」。	2_wiki_explicit_pair	C:\Users\proje\Documents\Codex\2026-08-06\https-github-com-hiiraginemu-magireco-wiki-3\work\wiki_authority\magireco-wiki-data\data\archive\articles.jsonl.gz#jsonl:1888:/title;jsonl:1888:/wikitext/活动信息框/日文标题	higher_authority_applied
itemList.json	HOME_EV_1201_31181	description	「Agent Magica」のホーム用背景です。	主页背景「Agent Magica」。	主页背景「魔法特工」。			changed_unclassified
itemList.json	HOME_EV_1212_31201	description	「神浜大運動会」のホーム用背景です。	主页背景「神滨大運動会」。	主页背景「神滨大运动会」。	2_wiki_component	C:\Users\proje\Documents\Codex\2026-08-06\https-github-com-hiiraginemu-magireco-wiki-3\work\wiki_authority\magireco-wiki-data\data\pages_index.json#/796/title;/6678/headings/27/text	higher_authority_applied
itemList.json	HOME_EV_1215_21932	description	「Last Bird's Hope」のホーム用背景です。	主页背景「Last Bird's Hope」。	主页背景「小鸟最后的希望」。			changed_unclassified
itemList.json	SELECTABLE_CHARA_TICKET_3	name	謹賀新年★4魔法少女交換チケット	謹賀新年★4魔法少女兑换券	谨贺新年★4魔法少女兑换券	2_wiki_component	C:\Users\proje\Documents\Codex\2026-08-06\https-github-com-hiiraginemu-magireco-wiki-3\work\wiki_authority\magireco-wiki-data\data\memoria.json#/兎にも角にも謹賀新年/name_ja;/兎にも角にも謹賀新年/name_zh	higher_authority_applied
itemList.json	SELECTABLE_CHARA_TICKET_3	shortDescription	謹賀新年★4魔法少女交換チケット	謹賀新年★4魔法少女兑换券	谨贺新年★4魔法少女兑换券	2_wiki_component	C:\Users\proje\Documents\Codex\2026-08-06\https-github-com-hiiraginemu-magireco-wiki-3\work\wiki_authority\magireco-wiki-data\data\memoria.json#/兎にも角にも謹賀新年/name_ja;/兎にも角にも謹賀新年/name_zh	higher_authority_applied
itemList.json	SELECTABLE_CHARA_TICKET_6	name	謹賀新年★4魔法少女交換チケット	謹賀新年★4魔法少女兑换券	谨贺新年★4魔法少女兑换券	2_wiki_component	C:\Users\proje\Documents\Codex\2026-08-06\https-github-com-hiiraginemu-magireco-wiki-3\work\wiki_authority\magireco-wiki-data\data\memoria.json#/兎にも角にも謹賀新年/name_ja;/兎にも角にも謹賀新年/name_zh	higher_authority_applied
itemList.json	SELECTABLE_CHARA_TICKET_6	shortDescription	謹賀新年★4魔法少女交換チケット	謹賀新年★4魔法少女兑换券	谨贺新年★4魔法少女兑换券	2_wiki_component	C:\Users\proje\Documents\Codex\2026-08-06\https-github-com-hiiraginemu-magireco-wiki-3\work\wiki_authority\magireco-wiki-data\data\memoria.json#/兎にも角にも謹賀新年/name_ja;/兎にも角にも謹賀新年/name_zh	higher_authority_applied
itemList.json	SELECTABLE_CHARA_TICKET_8	name	謹賀新年★4魔法少女交換チケット	謹賀新年★4魔法少女兑换券	谨贺新年★4魔法少女兑换券	2_wiki_component	C:\Users\proje\Documents\Codex\2026-08-06\https-github-com-hiiraginemu-magireco-wiki-3\work\wiki_authority\magireco-wiki-data\data\memoria.json#/兎にも角にも謹賀新年/name_ja;/兎にも角にも謹賀新年/name_zh	higher_authority_applied
itemList.json	SELECTABLE_CHARA_TICKET_8	shortDescription	謹賀新年★4魔法少女交換チケット	謹賀新年★4魔法少女兑换券	谨贺新年★4魔法少女兑换券	2_wiki_component	C:\Users\proje\Documents\Codex\2026-08-06\https-github-com-hiiraginemu-magireco-wiki-3\work\wiki_authority\magireco-wiki-data\data\memoria.json#/兎にも角にも謹賀新年/name_ja;/兎にも角にも謹賀新年/name_zh	higher_authority_applied
itemList.json	SELECTABLE_SPECIAL_TICKET_37	name	アルティメットまどかSPチケット	终极小圆SP券	圆神SP券	official_cn_character_name	magica/i18n_audit/release_v26_authority/pass18_authority_corrections.tsv#P18-00533	pass18_authority_applied
itemList.json	SELECTABLE_SPECIAL_TICKET_37	shortDescription	アルティメットまどかSPチケット	终极小圆SP券	圆神SP券	official_cn_character_name	magica/i18n_audit/release_v26_authority/pass18_authority_corrections.tsv#P18-00534	pass18_authority_applied
itemList.json	SPECIAL_ANNIVERSARY_GACHA10_1110_TICKET	description	アニバーサリー★4魔法少女1体確定10連ガチャを1回だけ利用することができるチケット	可使用1次周年纪念★4魔法少女1体必得10連扭蛋的券	可使用1次周年纪念★4魔法少女1体必得10连扭蛋的券	1_official_cn_dump_component	A:\magireco_cn_dump_20221010_decrypted_json\authority\authority.json#/itemList.json/GACHA10_TICKET/name;/itemList.json/GACHA10_TICKET/shortDescription	higher_authority_applied
itemList.json	SPECIAL_GACHA_494_TICKET	shortDescription	第2部登場★4魔法少女確定ガチャチケット	第2部登場★4魔法少女必得扭蛋券	第2部登场★4保底魔法少女扭蛋券	1_official_cn_dump_same_record	A:\magireco_cn_dump_20221010_decrypted_json\authority\authority.json#/itemList.json/SPECIAL_GACHA_494_TICKET/description	higher_authority_applied
live2dList.json	1031|01	description	宝崎市立光塚中等教育学校の制服	宝崎市立光塚中等教育学校校服	宝崎市立光冢中等教育学校校服	2_wiki_component	C:\Users\proje\Documents\Codex\2026-08-06\https-github-com-hiiraginemu-magireco-wiki-3\work\wiki_authority\magireco-wiki-data\data\characters.json#/神乐灿/infobox/出身地;/游狩美由利/infobox/出身地	higher_authority_applied
live2dList.json	1032|01	description	宝崎市立光塚中等教育学校の制服	宝崎市立光塚中等教育学校校服	宝崎市立光冢中等教育学校校服	2_wiki_component	C:\Users\proje\Documents\Codex\2026-08-06\https-github-com-hiiraginemu-magireco-wiki-3\work\wiki_authority\magireco-wiki-data\data\characters.json#/神乐灿/infobox/出身地;/游狩美由利/infobox/出身地	higher_authority_applied
pieceList.json	1356	pieceName	スタンバイ・レディ	Standby Ready	准备就绪			changed_unclassified
pieceList.json	1961	pieceName	ネクスト☆アクター	Next☆Actor	下一位☆演员			changed_unclassified
pieceSkillMap.json	142700	shortDescription	バフ解除(敵単/アビリティは解除不可)	解除Buff(敌方单体/能力效果无法解除)	解除增益(敌方单体/能力效果无法解除)			changed_unclassified
pieceSkillMap.json	142701	shortDescription	バフ解除(敵単/アビリティは解除不可)	解除Buff(敌方单体/能力效果无法解除)	解除增益(敌方单体/能力效果无法解除)			changed_unclassified
pieceSkillMap.json	150900	shortDescription	デバフ解除 & 攻撃力UP[Ⅳ](自/3T)	解除Debuff & 攻击力提升[Ⅳ](自身/3T)	解除减益 & 攻击力提升[Ⅳ](自身/3T)			changed_unclassified
pieceSkillMap.json	150901	shortDescription	デバフ解除 & 攻撃力UP[Ⅴ](自/3T)	解除Debuff & 攻击力提升[Ⅴ](自身/3T)	解除减益 & 攻击力提升[Ⅴ](自身/3T)			changed_unclassified
pieceSkillMap.json	151600	name	イグノアデバフ[Ⅲ]	Debuff无效[Ⅲ]	减益无效[Ⅲ]			changed_unclassified
pieceSkillMap.json	151601	name	イグノアデバフ[Ⅲ]	Debuff无效[Ⅲ]	减益无效[Ⅲ]			changed_unclassified
pieceSkillMap.json	155100	name	アンチ・デバフ	Debuff免疫	减益免疫			changed_unclassified
pieceSkillMap.json	155101	name	アンチ・デバフ	Debuff免疫	减益免疫			changed_unclassified
pieceSkillMap.json	156900	shortDescription	ダメージアップ状態[Ⅷ] & デバフ効果を2回無効(自/1T)	伤害提升状态[Ⅷ] & 2次Debuff无效(自身/1T)	伤害提升状态[Ⅷ] & 2次减益无效(自身/1T)			changed_unclassified
pieceSkillMap.json	156901	shortDescription	ダメージアップ状態[Ⅸ] & デバフ効果を2回無効(自/1T)	伤害提升状态[Ⅸ] & 2次Debuff无效(自身/1T)	伤害提升状态[Ⅸ] & 2次减益无效(自身/1T)			changed_unclassified
pieceSkillMap.json	167300	name	ドッペル・アップ[Ⅴ]	Doppel提升[Ⅴ]	魔女化身提升[Ⅴ]	official_cn_game_term	magica/i18n_audit/release_v26_authority/pass18_authority_corrections.tsv#P18-00613	pass18_authority_applied
pieceSkillMap.json	167301	name	ドッペル・アップ[Ⅶ]	Doppel提升[Ⅶ]	魔女化身提升[Ⅶ]	official_cn_game_term	magica/i18n_audit/release_v26_authority/pass18_authority_corrections.tsv#P18-00615	pass18_authority_applied
pieceSkillMap.json	170900	name	ドッペル・アップ[Ⅸ]	Doppel提升[Ⅸ]	魔女化身提升[Ⅸ]	official_cn_game_term	magica/i18n_audit/release_v26_authority/pass18_authority_corrections.tsv#P18-00617	pass18_authority_applied
pieceSkillMap.json	170901	name	ドッペル・アップ[Ⅸ]	Doppel提升[Ⅸ]	魔女化身提升[Ⅸ]	official_cn_game_term	magica/i18n_audit/release_v26_authority/pass18_authority_corrections.tsv#P18-00619	pass18_authority_applied
pieceSkillMap.json	176100	shortDescription	ドッペルダメージUP[Ⅴ] & ダメージアップ状態[Ⅱ]	Doppel伤害提升[Ⅴ] & 伤害提升状态[Ⅱ]	魔女化身伤害提升[Ⅴ] & 伤害提升状态[Ⅱ]	official_cn_game_term	magica/i18n_audit/release_v26_authority/pass18_authority_corrections.tsv#P18-00621	pass18_authority_applied
pieceSkillMap.json	176101	shortDescription	ドッペルダメージUP[Ⅵ] & ダメージアップ状態[Ⅲ]	Doppel伤害提升[Ⅵ] & 伤害提升状态[Ⅲ]	魔女化身伤害提升[Ⅵ] & 伤害提升状态[Ⅲ]	official_cn_game_term	magica/i18n_audit/release_v26_authority/pass18_authority_corrections.tsv#P18-00622	pass18_authority_applied
pieceSkillMap.json	183800	name	ドッペル・アップ[Ⅴ]	Doppel提升[Ⅴ]	魔女化身提升[Ⅴ]	official_cn_game_term	magica/i18n_audit/release_v26_authority/pass18_authority_corrections.tsv#P18-00623	pass18_authority_applied
pieceSkillMap.json	183801	name	ドッペル・アップ[Ⅶ]	Doppel提升[Ⅶ]	魔女化身提升[Ⅶ]	official_cn_game_term	magica/i18n_audit/release_v26_authority/pass18_authority_corrections.tsv#P18-00625	pass18_authority_applied
pieceSkillMap.json	184100	name	ドッペル・アップ[Ⅸ]	Doppel提升[Ⅸ]	魔女化身提升[Ⅸ]	official_cn_game_term	magica/i18n_audit/release_v26_authority/pass18_authority_corrections.tsv#P18-00627	pass18_authority_applied
pieceSkillMap.json	184101	name	ドッペル・アップ[Ⅸ]	Doppel提升[Ⅸ]	魔女化身提升[Ⅸ]	official_cn_game_term	magica/i18n_audit/release_v26_authority/pass18_authority_corrections.tsv#P18-00629	pass18_authority_applied
pieceSkillMap.json	185300	name	Aドッペル・アップ[Ⅵ]	A·Doppel提升[Ⅵ]	A·魔女化身提升[Ⅵ]	official_cn_game_term	magica/i18n_audit/release_v26_authority/pass18_authority_corrections.tsv#P18-00631	pass18_authority_applied
pieceSkillMap.json	185300	shortDescription	マギアダメージUP[Ⅵ] & ドッペルダメージUP[Ⅵ] & 水属性攻撃力UP[Ⅹ](自/1T)	Magia伤害提升[Ⅵ] & Doppel伤害提升[Ⅵ] & 水属性攻击力提升[Ⅹ](自身/1T)	Magia伤害提升[Ⅵ] & 魔女化身伤害提升[Ⅵ] & 水属性攻击力提升[Ⅹ](自身/1T)	official_cn_game_term	magica/i18n_audit/release_v26_authority/pass18_authority_corrections.tsv#P18-00632	pass18_authority_applied
pieceSkillMap.json	185301	name	Aドッペル・アップ[Ⅶ]	A·Doppel提升[Ⅶ]	A·魔女化身提升[Ⅶ]	official_cn_game_term	magica/i18n_audit/release_v26_authority/pass18_authority_corrections.tsv#P18-00633	pass18_authority_applied
pieceSkillMap.json	185301	shortDescription	マギアダメージUP[Ⅶ] & ドッペルダメージUP[Ⅶ] & 水属性攻撃力UP[XI](自/1T)	Magia伤害提升[Ⅶ] & Doppel伤害提升[Ⅶ] & 水属性攻击力提升[XI](自身/1T)	Magia伤害提升[Ⅶ] & 魔女化身伤害提升[Ⅶ] & 水属性攻击力提升[XI](自身/1T)	official_cn_game_term	magica/i18n_audit/release_v26_authority/pass18_authority_corrections.tsv#P18-00634	pass18_authority_applied
pieceSkillMap.json	187100	name	Dドッペル・アップ[Ⅵ]	D·Doppel提升[Ⅵ]	D·魔女化身提升[Ⅵ]	official_cn_game_term	magica/i18n_audit/release_v26_authority/pass18_authority_corrections.tsv#P18-00635	pass18_authority_applied
pieceSkillMap.json	187100	shortDescription	マギアダメージUP[Ⅵ] & ドッペルダメージUP[Ⅵ] & 闇属性攻撃力UP[Ⅹ](自/1T)	Magia伤害提升[Ⅵ] & Doppel伤害提升[Ⅵ] & 暗属性攻击力提升[Ⅹ](自身/1T)	Magia伤害提升[Ⅵ] & 魔女化身伤害提升[Ⅵ] & 暗属性攻击力提升[Ⅹ](自身/1T)	official_cn_game_term	magica/i18n_audit/release_v26_authority/pass18_authority_corrections.tsv#P18-00636	pass18_authority_applied
pieceSkillMap.json	187101	name	Dドッペル・アップ[Ⅶ]	D·Doppel提升[Ⅶ]	D·魔女化身提升[Ⅶ]	official_cn_game_term	magica/i18n_audit/release_v26_authority/pass18_authority_corrections.tsv#P18-00637	pass18_authority_applied
pieceSkillMap.json	187101	shortDescription	マギアダメージUP[Ⅶ] & ドッペルダメージUP[Ⅶ] & 闇属性攻撃力UP[XI](自/1T)	Magia伤害提升[Ⅶ] & Doppel伤害提升[Ⅶ] & 暗属性攻击力提升[XI](自身/1T)	Magia伤害提升[Ⅶ] & 魔女化身伤害提升[Ⅶ] & 暗属性攻击力提升[XI](自身/1T)	official_cn_game_term	magica/i18n_audit/release_v26_authority/pass18_authority_corrections.tsv#P18-00638	pass18_authority_applied
pieceSkillMap.json	188200	shortDescription	ダメージアップ状態[Ⅸ] & ドッペルダメージUP[Ⅱ](自/1T)	伤害提升状态[Ⅸ] & Doppel伤害提升[Ⅱ](自身/1T)	伤害提升状态[Ⅸ] & 魔女化身伤害提升[Ⅱ](自身/1T)	official_cn_game_term	magica/i18n_audit/release_v26_authority/pass18_authority_corrections.tsv#P18-00639	pass18_authority_applied
pieceSkillMap.json	188201	shortDescription	ダメージアップ状態[Ⅹ] & ドッペルダメージUP[Ⅲ](自/1T)	伤害提升状态[Ⅹ] & Doppel伤害提升[Ⅲ](自身/1T)	伤害提升状态[Ⅹ] & 魔女化身伤害提升[Ⅲ](自身/1T)	official_cn_game_term	magica/i18n_audit/release_v26_authority/pass18_authority_corrections.tsv#P18-00640	pass18_authority_applied
pieceSkillMap.json	189600	name	Tドッペル・アップ[Ⅵ]	T·Doppel提升[Ⅵ]	T·魔女化身提升[Ⅵ]	official_cn_game_term	magica/i18n_audit/release_v26_authority/pass18_authority_corrections.tsv#P18-00641	pass18_authority_applied
pieceSkillMap.json	189600	shortDescription	マギアダメージUP[Ⅵ] & ドッペルダメージUP[Ⅵ] & 木属性攻撃力UP[Ⅹ](自/1T)	Magia伤害提升[Ⅵ] & Doppel伤害提升[Ⅵ] & 木属性攻击力提升[Ⅹ](自身/1T)	Magia伤害提升[Ⅵ] & 魔女化身伤害提升[Ⅵ] & 木属性攻击力提升[Ⅹ](自身/1T)	official_cn_game_term	magica/i18n_audit/release_v26_authority/pass18_authority_corrections.tsv#P18-00642	pass18_authority_applied
pieceSkillMap.json	189601	name	Tドッペル・アップ[Ⅶ]	T·Doppel提升[Ⅶ]	T·魔女化身提升[Ⅶ]	official_cn_game_term	magica/i18n_audit/release_v26_authority/pass18_authority_corrections.tsv#P18-00643	pass18_authority_applied
pieceSkillMap.json	189601	shortDescription	マギアダメージUP[Ⅶ] & ドッペルダメージUP[Ⅶ] & 木属性攻撃力UP[XI](自/1T)	Magia伤害提升[Ⅶ] & Doppel伤害提升[Ⅶ] & 木属性攻击力提升[XI](自身/1T)	Magia伤害提升[Ⅶ] & 魔女化身伤害提升[Ⅶ] & 木属性攻击力提升[XI](自身/1T)	official_cn_game_term	magica/i18n_audit/release_v26_authority/pass18_authority_corrections.tsv#P18-00644	pass18_authority_applied
pieceSkillMap.json	191100	name	Lドッペル・アップ[Ⅵ]	L·Doppel提升[Ⅵ]	L·魔女化身提升[Ⅵ]	official_cn_game_term	magica/i18n_audit/release_v26_authority/pass18_authority_corrections.tsv#P18-00645	pass18_authority_applied
pieceSkillMap.json	191100	shortDescription	マギアダメージUP[Ⅵ] & ドッペルダメージUP[Ⅵ] & 光属性攻撃力UP[Ⅹ](自/1T)	Magia伤害提升[Ⅵ] & Doppel伤害提升[Ⅵ] & 光属性攻击力提升[Ⅹ](自身/1T)	Magia伤害提升[Ⅵ] & 魔女化身伤害提升[Ⅵ] & 光属性攻击力提升[Ⅹ](自身/1T)	official_cn_game_term	magica/i18n_audit/release_v26_authority/pass18_authority_corrections.tsv#P18-00646	pass18_authority_applied
pieceSkillMap.json	191101	name	Lドッペル・アップ[Ⅶ]	L·Doppel提升[Ⅶ]	L·魔女化身提升[Ⅶ]	official_cn_game_term	magica/i18n_audit/release_v26_authority/pass18_authority_corrections.tsv#P18-00647	pass18_authority_applied
pieceSkillMap.json	191101	shortDescription	マギアダメージUP[Ⅶ] & ドッペルダメージUP[Ⅶ] & 光属性攻撃力UP[XI](自/1T)	Magia伤害提升[Ⅶ] & Doppel伤害提升[Ⅶ] & 光属性攻击力提升[XI](自身/1T)	Magia伤害提升[Ⅶ] & 魔女化身伤害提升[Ⅶ] & 光属性攻击力提升[XI](自身/1T)	official_cn_game_term	magica/i18n_audit/release_v26_authority/pass18_authority_corrections.tsv#P18-00648	pass18_authority_applied
pieceSkillMap.json	196500	shortDescription	バフ解除(敵単/アビリティは解除不可)	解除Buff(敌方单体/能力效果无法解除)	解除增益(敌方单体/能力效果无法解除)			changed_unclassified
pieceSkillMap.json	196501	shortDescription	バフ解除(敵単/アビリティは解除不可)	解除Buff(敌方单体/能力效果无法解除)	解除增益(敌方单体/能力效果无法解除)			changed_unclassified
pieceSkillMap.json	196800	name	イグノアデバフ・サークル[Ⅰ]	Debuff无效光环[Ⅰ]	减益无效光环[Ⅰ]			changed_unclassified
pieceSkillMap.json	196801	name	イグノアデバフ・サークル[Ⅰ]	Debuff无效光环[Ⅰ]	减益无效光环[Ⅰ]			changed_unclassified
pieceSkillMap.json	198100	name	Fドッペル・アップ[Ⅵ]	F·Doppel提升[Ⅵ]	F·魔女化身提升[Ⅵ]	official_cn_game_term	magica/i18n_audit/release_v26_authority/pass18_authority_corrections.tsv#P18-00649	pass18_authority_applied
pieceSkillMap.json	198101	name	Fドッペル・アップ[Ⅶ]	F·Doppel提升[Ⅶ]	F·魔女化身提升[Ⅶ]	official_cn_game_term	magica/i18n_audit/release_v26_authority/pass18_authority_corrections.tsv#P18-00651	pass18_authority_applied
pieceSkillMap.json	198200	name	アンチ・デバフ	Debuff免疫	减益免疫			changed_unclassified
pieceSkillMap.json	198201	name	アンチ・デバフ	Debuff免疫	减益免疫			changed_unclassified
pieceSkillMap.json	202300	shortDescription	ドッペルダメージUP[Ⅷ] & マギアダメージUP[Ⅶ](自/1T)	Doppel伤害提升[Ⅷ] & Magia伤害提升[Ⅶ](自身/1T)	魔女化身伤害提升[Ⅷ] & Magia伤害提升[Ⅶ](自身/1T)	official_cn_game_term	magica/i18n_audit/release_v26_authority/pass18_authority_corrections.tsv#P18-00654	pass18_authority_applied
pieceSkillMap.json	202301	shortDescription	ドッペルダメージUP[Ⅸ] & マギアダメージUP[Ⅷ](自/1T)	Doppel伤害提升[Ⅸ] & Magia伤害提升[Ⅷ](自身/1T)	魔女化身伤害提升[Ⅸ] & Magia伤害提升[Ⅷ](自身/1T)	official_cn_game_term	magica/i18n_audit/release_v26_authority/pass18_authority_corrections.tsv#P18-00656	pass18_authority_applied
pieceSkillMap.json	203200	name	Tドッペル・アップ[Ⅷ]	T·Doppel提升[Ⅷ]	T·魔女化身提升[Ⅷ]	official_cn_game_term	magica/i18n_audit/release_v26_authority/pass18_authority_corrections.tsv#P18-00659	pass18_authority_applied
pieceSkillMap.json	203201	name	Tドッペル・アップ[Ⅷ]	T·Doppel提升[Ⅷ]	T·魔女化身提升[Ⅷ]	official_cn_game_term	magica/i18n_audit/release_v26_authority/pass18_authority_corrections.tsv#P18-00661	pass18_authority_applied
sectionList.json	102202	outline	神浜マギアユニオンの中心人物として、色々と懸念のあることを考えているいろは。もっぱらの悩みは自分の腕についた“ブレスレット”のことだった。＠ところが謎の魔法少女の魔力反応があったことを切っ掛けに状況は変わっていく。＠ブレスレットを手に入れた場所に戻って来ると謎の魔法少女に襲われるいろはたち。相手は何人も魔法少女を引き連れたグループで、筆頭にいた少女は“紅晴結菜”と“煌里ひかる”と名乗って去って行った。＠一方その頃、神浜には他の魔法少女たちも続々と神浜に集まっていた。	身为神滨Magia Union的核心人物，彩羽一直思考着种种令人担忧的问题，其中最困扰她的，是戴在手腕上的“手环”。＠然而，一名神秘魔法少女的魔力反应，让局势开始变化。＠彩羽等人回到获得手环的地方，却遭到神秘魔法少女袭击。对方率领着多名魔法少女，为首的两人自称“红晴结菜”与“煌里光”，随后离去。＠与此同时，更多来自其他地区的魔法少女也陆续聚集到神滨。	身为神滨魔法联盟的核心人物，彩羽一直思考着种种令人担忧的问题，其中最困扰她的，是戴在手腕上的“手环”。＠然而，一名神秘魔法少女的魔力反应，让局势开始变化。＠彩羽等人回到获得手环的地方，却遭到神秘魔法少女袭击。对方率领着多名魔法少女，为首的两人自称“红晴结菜”与“煌里光”，随后离去。＠与此同时，更多来自其他地区的魔法少女也陆续聚集到神滨。	wiki_exact_organization	magica/i18n_audit/release_v26_authority/pass18_authority_corrections.tsv#P18-00728	pass18_authority_applied
sectionList.json	102203	outline	二木市の魔法少女“プロミストブラッド”と衝突してから暫く。いろはとやちよはブレスレットの謎を解くために灯花たちが居る電波望遠鏡に向かい、ういたちは田舎から出てきた“時女静香”“広江ちはる”“土岐すなお”と共に、彼女たちが人混みを克服できるように神浜を案内していた。＠その中でういたちは、静香たちが“時女一族”という魔法少女のであることを知り、新たに発見した謎の敵を共に撃破する。一方のいろはたちも、灯花の分析の結果、ブレスレットについた石の正体に近付いていた。＠ところがその時、“魔法少女至上主義”に傾倒する魔法少女と、二木市の結菜とひかるが電波望遠鏡に迫っていた。	与二木市的魔法少女团体“Promised Blood”发生冲突后过了一段时间。彩羽与八千代为了查明手环之谜，前往灯花等人所在的电波望远镜；忧则与从乡下来到神滨的时女静香、广江千春、土岐沙绪一起行动，带她们游览神滨，帮助她们适应拥挤人群。＠过程中，忧等人得知静香她们属于名为“时女一族”的魔法少女集团，并共同击败了新发现的神秘敌人。另一边，经过灯花分析，彩羽她们也逐渐接近手环宝石的真相。＠可就在此时，信奉“魔法少女至上主义”的魔法少女，以及来自二木市的结菜与光，正逼近电波望远镜。	与二木市的魔法少女团体“PROMISED BLOOD”发生冲突后过了一段时间。彩羽与八千代为了查明手环之谜，前往灯花等人所在的电波望远镜；忧则与从乡下来到神滨的时女静香、广江千春、土岐沙绪一起行动，带她们游览神滨，帮助她们适应拥挤人群。＠过程中，忧等人得知静香她们属于名为“时女一族”的魔法少女集团，并共同击败了新发现的神秘敌人。另一边，经过灯花分析，彩羽她们也逐渐接近手环宝石的真相。＠可就在此时，信奉“魔法少女至上主义”的魔法少女，以及来自二木市的结菜与光，正逼近电波望远镜。	wiki_exact_organization	magica/i18n_audit/release_v26_authority/pass18_authority_corrections.tsv#P18-00729	pass18_authority_applied
sectionList.json	102204	outline	ブレスレットを調べるため、電波望遠鏡を訪れていたいろはとやちよ。そこに現れたのは、魔法少女至上主義を信奉する“ネオマギウス”の“宮尾時雨“と“安積はぐむ”。ふたりは灯花とねむを浚おうとしたが、結菜を含むプロミストブラッドが現れ、鶴乃たちも時女一族を連れて現れた。＠大混戦の中、各グループが自動浄化システムを手に入れるために、強いエネルギーを求める理由を聞いたいろは。＠自分たちにとっても、自動浄化システムを世界に広げるために必要だと知ると、情報の出所であるキュゥべえに、みんなで話を聞くことを提案した。＠一方その頃、かりんは敵を前に窮地に立っていた。	彩羽与八千代为了调查手环来到电波望远镜。出现在她们面前的，是信奉魔法少女至上主义的“Neo-Magius”成员宫尾时雨与安积育梦。两人试图掳走灯花与音梦，Promised Blood的结菜等人却随即现身，鹤乃她们也带着时女一族赶到。＠在混战中，彩羽听见各集团为了获得自动净化系统，都需要寻找强大能量的理由。＠当她得知自己的阵营若想把自动净化系统推广至全世界，同样需要这股能量，便提议众人一起向情报来源丘比询问真相。＠与此同时，香春正独自面对敌人，陷入危机。	彩羽与八千代为了调查手环来到电波望远镜。出现在她们面前的，是信奉魔法少女至上主义的“Neo-Magius”成员宫尾时雨与安积育梦。两人试图掳走灯花与音梦，PROMISED BLOOD的结菜等人却随即现身，鹤乃她们也带着时女一族赶到。＠在混战中，彩羽听见各集团为了获得自动净化系统，都需要寻找强大能量的理由。＠当她得知自己的阵营若想把自动净化系统推广至全世界，同样需要这股能量，便提议众人一起向情报来源丘比询问真相。＠与此同时，香春正独自面对敌人，陷入危机。	wiki_exact_organization	magica/i18n_audit/release_v26_authority/pass18_authority_corrections.tsv#P18-00730	pass18_authority_applied
sectionList.json	102301	outline	電波望遠鏡に入ったいろはたちが知ったのは、エネルギーを保有する石の正体がイブの欠片であるという事実。そして自動浄化システムを巡る争いでエネルギーを得るというキュゥべえの実験に付き合わされているということだった。＠その後、家路につく中でかごめには“魔法少女の話を広げるためのウワサ”が憑いているという真実を聞かされるいろはたち。すると目の前に“リヴィア・メディロス”“篠目ヨヅル”“佐和月出里”という調整屋の３人が現れた。＠一方プロミストブラッドに襲われたかりんは、仲間の助けが来るものの、自らが前に出て重傷を負ってしまう。相手は“大庭樹里”と“笠音アオ”と名乗って去って行った。	进入电波望远镜后，彩羽等人得知了真相：蕴含能量的宝石其实是夏娃的碎片，而众人为了自动净化系统展开争夺，也只是被迫参与丘比“通过竞争产生能量”的实验。＠回家途中，她们又从笼目口中得知，她身上附着着一个“为了传播魔法少女故事而诞生的传闻”。这时，三名调整师——莉薇娅·梅黛洛斯、篠目夜鹤、佐和月出里——出现在众人面前。＠另一边，遭Promised Blood袭击的香春虽然等到了伙伴支援，却因主动上前而身负重伤。袭击者自称大庭树里与笠音青，随后离去。	进入电波望远镜后，彩羽等人得知了真相：蕴含能量的宝石其实是夏娃的碎片，而众人为了自动净化系统展开争夺，也只是被迫参与丘比“通过竞争产生能量”的实验。＠回家途中，她们又从笼目口中得知，她身上附着着一个“为了传播魔法少女故事而诞生的传闻”。这时，三名调整师——莉薇娅·梅黛洛斯、篠目夜鹤、佐和月出里——出现在众人面前。＠另一边，遭PROMISED BLOOD袭击的香春虽然等到了伙伴支援，却因主动上前而身负重伤。袭击者自称大庭树里与笠音青，随后离去。	wiki_exact_organization	magica/i18n_audit/release_v26_authority/pass18_authority_corrections.tsv#P18-00731	pass18_authority_applied
sectionList.json	102302	outline	自動浄化システムを手に入れるため、キモチの石を求める魔法少女たち。キモチの所在を探るため、いろはたちは遊ぶフリをしながら、大まかな位置をういに纏めて貰っていた。＠対してプロミストブラッドのアオとひかるは、いろはたちを追いながらキモチが居る北養区のモーモーファームに辿り着いた。だがそれは、いろはたちの罠。窮地に追いやられたアオとひかるだったが、結菜と樹里の助けがあって、その場を後にする。＠神浜の土地に詳しい者が欲しくなる結菜。樹里はそれを叶えられる人物に目星を付けると、ネオマギウスの時雨とはぐむに接触し、強制的に手伝わせることにした。	为了获得自动净化系统，魔法少女们开始寻找“Kimochi之石”。为了查明Kimochi的位置，彩羽等人假装游玩，请忧整理出大致分布。＠Promised Blood的青与光在追踪彩羽等人时，抵达北养区的哞哞牧场，却发现这其实是彩羽等人布下的陷阱。两人一度陷入绝境，最后在结菜与树里的帮助下成功撤离。＠结菜意识到自己需要一名熟悉神滨地理的协助者。树里锁定了能够胜任的人选，接触Neo-Magius的时雨与育梦，强迫她们加入行动。	为了获得自动净化系统，魔法少女们开始寻找“Kimochi之石”。为了查明Kimochi的位置，彩羽等人假装游玩，请忧整理出大致分布。＠PROMISED BLOOD的青与光在追踪彩羽等人时，抵达北养区的哞哞牧场，却发现这其实是彩羽等人布下的陷阱。两人一度陷入绝境，最后在结菜与树里的帮助下成功撤离。＠结菜意识到自己需要一名熟悉神滨地理的协助者。树里锁定了能够胜任的人选，接触Neo-Magius的时雨与育梦，强迫她们加入行动。	wiki_exact_organization	magica/i18n_audit/release_v26_authority/pass18_authority_corrections.tsv#P18-00733	pass18_authority_applied
sectionList.json	102303	outline	北養の山奥でキモチの結界の位置を、概ね特定したいろはたち神浜マギアユニオン。翌日に詳しい調査を行うはずだったが、外から大量の魔法少女が来た反応があり、少数で対応することになった。＠ところが、全てはプロミストブラッドの結菜の策略。大量の魔法少女の反応は偽物だった。さらに、追いかけていたユニオンのメンバーは、実行犯のひかるを追い詰めるものの調整屋がいる中立地帯で手が出せず、山に入ったいろはたちもプロミストブラッドに追われて逃げることになった。＠キモチの場所を陣取られ、協力者である静香が重傷を負う中で帰路につくいろはたち。それでも希望は残っていた。	神滨Magia Union在北养深山中基本确定了Kimochi结界的位置。本应于次日展开详细调查，却突然探测到大量外来魔法少女进入神滨，只得分出少数人手应对。＠然而一切都是结菜的计谋，那些大量魔法少女的反应全是伪造。追击执行者光的Union成员虽然将她逼入绝境，却因进入调整师所在的中立区而无法出手；进入山区的彩羽等人也遭Promised Blood追击，只能撤退。＠Kimochi所在地被敌人占据，协助者静香又身负重伤，彩羽等人只能踏上归途。即便如此，她们仍保留着一线希望。	神滨魔法联盟在北养深山中基本确定了Kimochi结界的位置。本应于次日展开详细调查，却突然探测到大量外来魔法少女进入神滨，只得分出少数人手应对。＠然而一切都是结菜的计谋，那些大量魔法少女的反应全是伪造。追击执行者光的Union成员虽然将她逼入绝境，却因进入调整师所在的中立区而无法出手；进入山区的彩羽等人也遭PROMISED BLOOD追击，只能撤退。＠Kimochi所在地被敌人占据，协助者静香又身负重伤，彩羽等人只能踏上归途。即便如此，她们仍保留着一线希望。	wiki_exact_organization	magica/i18n_audit/release_v26_authority/pass18_authority_corrections.tsv#P18-00734	pass18_authority_applied
sectionList.json	102304	outline	プロミストブラッドにキモチの周辺を陣取られたユニオン。＠ところが、みふゆの作戦により、キモチの結界を見つけることを条件に、決着を結界内まで引っ張ることに成功した。＠増援を送り合って均衡を保つ両グループ。結菜が大量の仲間を連れて現れ、静香たち時女一族がそれを押さえに現れると、両者とも結界内に入っていった。＠その後、混迷する中でキモチに打撃を与えた静香。ところが、最後にフェリシアがトドメを刺したことで彼女の腕にキモチの石がはまったブレスレットが付いてしまった。＠その後、石を手に入れて喜ぶユニオンと時女一族だったが、環ういがプロミストブラッドにさらわれてしまった。	Union失去了Kimochi周边的控制权。＠美冬提出作战方案，以找出Kimochi结界为条件，成功把双方决战拖到结界内部。＠两大集团不断派出增援，维持着势均力敌的局面。结菜率领大量伙伴出现，静香等时女一族也赶来阻挡，双方最终一同进入结界。＠混战中，静香成功重创Kimochi；但最后由菲莉希亚完成致命一击，因此镶有Kimochi之石的手环出现在了她手腕上。＠Union与时女一族正为获得宝石而欣喜，环忧却遭Promised Blood掳走。	Union失去了Kimochi周边的控制权。＠美冬提出作战方案，以找出Kimochi结界为条件，成功把双方决战拖到结界内部。＠两大集团不断派出增援，维持着势均力敌的局面。结菜率领大量伙伴出现，静香等时女一族也赶来阻挡，双方最终一同进入结界。＠混战中，静香成功重创Kimochi；但最后由菲莉希亚完成致命一击，因此镶有Kimochi之石的手环出现在了她手腕上。＠Union与时女一族正为获得宝石而欣喜，环忧却遭PROMISED BLOOD掳走。	wiki_exact_organization	magica/i18n_audit/release_v26_authority/pass18_authority_corrections.tsv#P18-00735	pass18_authority_applied
sectionList.json	102401	outline	プロミストブラッドにういをさらわれたユニオン。その一方で、神浜に来た“里見那由他”は偶然出会った“八雲みかげ”と共に、父で民俗学者の“里見太助”を捜していた。＠ところが、勘違いが引き金で起きた負の連鎖の影響で、ふたりはプロミストブラッドに襲撃されたあと、さなやすなおに助けてもらい、調整屋に行くことになった。＠そこでの出会いが切っ掛けで、那由他は父が静香、やちよ、かごめの３人と出会っていたことを知る。また、話の中でやちよたちも、那由他が灯花の従姉妹であり、みかげがみたまの妹であることを知った。	忧被Promised Blood掳走后，Union开始采取行动。另一方面，来到神滨的里见那由他与偶然相遇的八云御影，一起寻找失踪的父亲、民俗学者里见太助。＠由于误会引发的恶性连锁，两人遭Promised Blood袭击，随后被莎奈与沙绪救下，并来到调整屋。＠借由这场相遇，那由他得知父亲曾与静香、八千代、笼目三人接触；八千代等人也从谈话中得知，那由他是灯花的堂姐妹，而御影则是御魂的妹妹。	忧被PROMISED BLOOD掳走后，Union开始采取行动。另一方面，来到神滨的里见那由他与偶然相遇的八云御影，一起寻找失踪的父亲、民俗学者里见太助。＠由于误会引发的恶性连锁，两人遭PROMISED BLOOD袭击，随后被莎奈与沙绪救下，并来到调整屋。＠借由这场相遇，那由他得知父亲曾与静香、八千代、笼目三人接触；八千代等人也从谈话中得知，那由他是灯花的堂姐妹，而御影则是御魂的妹妹。	wiki_exact_organization	magica/i18n_audit/release_v26_authority/pass18_authority_corrections.tsv#P18-00736	pass18_authority_applied
sectionList.json	102402	outline	ういを助けるために動き出したユニオン。神浜の東側にプロミストブラッドの拠点があると予想すると、相手に発信器を相手に取り付けて場所を特定しようとした。ところが相手は北へと進んで神浜から出ると、発信器の反応が消えてしまう。調べると、そこにはミラーズの魔力反応が残っていた。＠一方のういはキモチの場所が記された地図と、自分の居場所を記した暗号文をいろはたちに届けようとしていた。だが、結菜たちに躍らされて失敗。地図だけはプロミストブラッドの手に渡ってしまった。それでも、暗号文はみかづき荘に届き、解読したいろはたちはういを救出するために“二木市”へ向かうことにした。	Union为了救出忧开始行动。她们推测Promised Blood的据点位于神滨东部，计划把发信器装到对方身上以确定地点。然而目标一路向北离开神滨，发信器信号也随之消失；调查后发现，现场残留着镜层的魔力反应。＠忧则尝试把标有Kimochi位置的地图，以及写有自己所在地的密码信传给彩羽等人，却遭结菜等人利用而失败，地图落入Promised Blood手中。所幸密码信仍送达三日月庄，彩羽等人成功解读后，为救出忧而前往“二木市”。	Union为了救出忧开始行动。她们推测PROMISED BLOOD的据点位于神滨东部，计划把发信器装到对方身上以确定地点。然而目标一路向北离开神滨，发信器信号也随之消失；调查后发现，现场残留着镜层的魔力反应。＠忧则尝试把标有Kimochi位置的地图，以及写有自己所在地的密码信传给彩羽等人，却遭结菜等人利用而失败，地图落入PROMISED BLOOD手中。所幸密码信仍送达三日月庄，彩羽等人成功解读后，为救出忧而前往“二木市”。	wiki_exact_organization	magica/i18n_audit/release_v26_authority/pass18_authority_corrections.tsv#P18-00737	pass18_authority_applied
sectionList.json	102405	outline	朝を迎えたいろはを待ち受けていたのは結菜たちプロミストブラッドだった。連れて行かれたのは二木のカタコンベと呼ばれる、魔法少女たちが眠っている地下墓地。そこでいろはは、ういが死んだと聞かされて魔女になりかけてしまう。＠しかし、いろはは持っていたキモチに支えられる。さらに、やちよたちがういを連れて現れると、魔女化の危機を回避することになった。＠命からがらういを連れて二木市を後にするいろはたち。そこにキュゥべえが現れると、神浜にあるキモチの石は残り２つだと言う。その話は争いに関わる他の魔法少女たちも、聞いていた。	清晨等待彩羽的，是结菜等Promised Blood成员。她被带到二木的地下墓地“卡塔康贝”，那里安葬着逝去的魔法少女。结菜告诉她忧已经死亡，彩羽因此险些化为魔女。＠但彩羽受到自己持有的Kimochi支撑；随后八千代等人带着忧现身，终于让她脱离魔女化危机。＠众人带着忧死里逃生，离开二木市。丘比随即出现，告知神滨只剩最后两颗Kimochi之石；参与争斗的其他魔法少女，也同时听见了这番话。	清晨等待彩羽的，是结菜等PROMISED BLOOD成员。她被带到二木的地下墓地“卡塔康贝”，那里安葬着逝去的魔法少女。结菜告诉她忧已经死亡，彩羽因此险些化为魔女。＠但彩羽受到自己持有的Kimochi支撑；随后八千代等人带着忧现身，终于让她脱离魔女化危机。＠众人带着忧死里逃生，离开二木市。丘比随即出现，告知神滨只剩最后两颗Kimochi之石；参与争斗的其他魔法少女，也同时听见了这番话。	wiki_exact_organization	magica/i18n_audit/release_v26_authority/pass18_authority_corrections.tsv#P18-00739	pass18_authority_applied
sectionList.json	102502	outline	ういを奪還したいろはたち。その中で結菜が持つ仲間への強い優しさを感じ取ったいろはは、互いに被害を出さないために手を取り合う、最後の賭けに出た。＠話を聞いた結菜は、キモチを巡ってプロミストブラッドと時女一族が膠着している状況を動かすことを条件に、何が提案できるのか話を聞くと言う。＠しかし後日、代理として来たひかるとさくやに良い提案ができなかったいろは。ところが灯花とねむはソウルジェムを差し出すと、自分たちの死を提案した。＠その一方でプロミストブラッドの急所を見つけられそうだと言う令は、単独で行動をしていた。	彩羽等人成功夺回忧。感受到结菜对伙伴深切的温柔后，彩羽决定进行最后一次赌博——为了避免双方继续出现牺牲，尝试与她携手。＠结菜表示，只要彩羽能打破Promised Blood与时女一族围绕Kimochi形成的僵局，她就愿意听取对方的提案。＠然而几天后，彩羽面对作为代理前来的光与咲夜，始终无法提出有说服力的方案。灯花与音梦于是交出灵魂宝石，提出以自己的死亡作为交换。＠与此同时，自称可能找到Promised Blood致命弱点的令，正独自展开行动。	彩羽等人成功夺回忧。感受到结菜对伙伴深切的温柔后，彩羽决定进行最后一次赌博——为了避免双方继续出现牺牲，尝试与她携手。＠结菜表示，只要彩羽能打破PROMISED BLOOD与时女一族围绕Kimochi形成的僵局，她就愿意听取对方的提案。＠然而几天后，彩羽面对作为代理前来的光与咲夜，始终无法提出有说服力的方案。灯花与音梦于是交出灵魂宝石，提出以自己的死亡作为交换。＠与此同时，自称可能找到PROMISED BLOOD致命弱点的令，正独自展开行动。	wiki_exact_organization	magica/i18n_audit/release_v26_authority/pass18_authority_corrections.tsv#P18-00742	pass18_authority_applied
sectionList.json	102503	outline	いろはたちが交渉をする一方で、ういはプロミストブラッドと時女一族がキモチを巡って膠着している状況を解決した。＠結界はアイが居たウワサ空間。ホログラム相手に攻撃できず苦戦するが、一緒にいたさながアイと過ごした日々を思い出し、友だちになることでキモチへの道が開かれた。＠そして、現れた恐怖を司るキモチを相手に勝ったのは時女一族。ちはるがキモチの石を手に入れた。＠しかし同時に判明したのはいろはたちの交渉決裂。プロミストブラッドが神浜監獄へ向かうと、そこでひなのたち南の魔法少女がピンチだと知ったさなたちも向かい始める。＠続こうとする時女一族を制したのは、ネオマギウスだった。	彩羽等人进行谈判期间，忧解决了Promised Blood与时女一族围绕Kimochi僵持不下的问题。＠结界位于爱曾存在的传闻空间。众人无法攻击全息影像而陷入苦战，但同行的莎奈回想起与爱共同度过的日子，以成为朋友的方式打开了通往Kimochi的道路。＠最终，战胜掌管恐惧的Kimochi的是时女一族，千春获得了Kimochi之石。＠然而同一时间，彩羽等人的谈判已经破裂。Promised Blood前往神滨监狱，莎奈等人得知日乃和南区魔法少女陷入危机，也随即赶往那里。＠试图跟上的时女一族，却遭Neo-Magius拦下。	彩羽等人进行谈判期间，忧解决了PROMISED BLOOD与时女一族围绕Kimochi僵持不下的问题。＠结界位于爱曾存在的传闻空间。众人无法攻击全息影像而陷入苦战，但同行的莎奈回想起与爱共同度过的日子，以成为朋友的方式打开了通往Kimochi的道路。＠最终，战胜掌管恐惧的Kimochi的是时女一族，千春获得了Kimochi之石。＠然而同一时间，彩羽等人的谈判已经破裂。PROMISED BLOOD前往神滨监狱，莎奈等人得知日乃和南区魔法少女陷入危机，也随即赶往那里。＠试图跟上的时女一族，却遭Neo-Magius拦下。	wiki_exact_organization	magica/i18n_audit/release_v26_authority/pass18_authority_corrections.tsv#P18-00743	pass18_authority_applied
sectionList.json	102504	outline	プロミストブラッドとの交渉が決裂したいろはたちユニオン。その原因を溯ると８日前が始まりだった。＠令は果てなしのミラーズを介して、プロミストブラッドがショートカットして神浜に来ている話を聞くと、交渉が決裂した時を考えて動き出した。＠その中でアリナと出会い、彼女もミラーズを探っていることを知ると、令は誘いに乗って共に神浜監獄へと向かう。それを止めに入ったひなのたちも諦めて付いて行った。＠その結果、令たちは神浜監獄でアオに遭遇。結菜たちにユニオンが裏で動いていたと思われてしまい、交渉決裂の原因となった。さらにプロミストブラッドにとって急所となる情報を手に入れた令は、アオと刺し違えて倒れてしまった。	彩羽等人与Promised Blood的谈判破裂，而起因要追溯到八天前。＠令通过无尽镜层得知，Promised Blood正在利用捷径往返神滨，便为谈判可能破裂的情况提前展开调查。＠她在过程中遇见阿莉娜，得知对方也在探索镜层，于是接受邀请，一同前往神滨监狱；试图阻止的日乃等人最终也只能跟随。＠令等人在监狱遇见青，使结菜等人误以为Union暗中策划行动，成为谈判破裂的导火索。令还掌握了Promised Blood的致命情报，最终与青同归于尽，倒在现场。	彩羽等人与PROMISED BLOOD的谈判破裂，而起因要追溯到八天前。＠令通过无尽镜层得知，PROMISED BLOOD正在利用捷径往返神滨，便为谈判可能破裂的情况提前展开调查。＠她在过程中遇见阿莉娜，得知对方也在探索镜层，于是接受邀请，一同前往神滨监狱；试图阻止的日乃等人最终也只能跟随。＠令等人在监狱遇见青，使结菜等人误以为Union暗中策划行动，成为谈判破裂的导火索。令还掌握了PROMISED BLOOD的致命情报，最终与青同归于尽，倒在现场。	wiki_exact_organization	magica/i18n_audit/release_v26_authority/pass18_authority_corrections.tsv#P18-00744	pass18_authority_applied
sectionList.json	102505	outline	アオと刺し違えた令の死が確認されると、郁美の悲しみに惹かれて最後のキモチが現れる。皆が苦戦する中、いろはは自分が保有するキモチ（サファイア）から力を借りて致命傷を与えると、続く郁美がトドメを刺して８つの石が揃った。＠石の奪い合いが始まる前に、プロミストブラッドがユニオンの魔法少女を纏めて殺そうとするが失敗する。それはキモチが奪い合いに参加できる魔法少女を選抜したからだった。＠その後、家に居ることを危険だと判断したみかづき荘の面々は、灯花の導きで避難先となるシェルターに向かった。＠一方の時女一族は手に入れた石をネオマギウスに奪われ、ちはるは腕を落とされる程の重傷を負っていた。	令与青同归于尽、死亡得到确认后，最后一只Kimochi被郁美的悲伤吸引而现身。众人陷入苦战，彩羽借用自己持有的蓝宝石Kimochi之力给予致命伤，随后郁美完成最后一击，八颗宝石终于全部集齐。＠争夺宝石开始前，Promised Blood试图一次性杀死Union的魔法少女，却宣告失败，因为Kimochi已经筛选出有资格参与争夺的人选。＠三日月庄众人判断继续留在家中十分危险，在灯花引导下前往避难所。＠另一边，时女一族刚获得的宝石被Neo-Magius夺走，千春也遭受几乎失去手臂的重伤。	令与青同归于尽、死亡得到确认后，最后一只Kimochi被郁美的悲伤吸引而现身。众人陷入苦战，彩羽借用自己持有的蓝宝石Kimochi之力给予致命伤，随后郁美完成最后一击，八颗宝石终于全部集齐。＠争夺宝石开始前，PROMISED BLOOD试图一次性杀死Union的魔法少女，却宣告失败，因为Kimochi已经筛选出有资格参与争夺的人选。＠三日月庄众人判断继续留在家中十分危险，在灯花引导下前往避难所。＠另一边，时女一族刚获得的宝石被Neo-Magius夺走，千春也遭受几乎失去手臂的重伤。	wiki_exact_organization	magica/i18n_audit/release_v26_authority/pass18_authority_corrections.tsv#P18-00745	pass18_authority_applied
sectionList.json	102601	outline	ユニオンとプロミストブラッド、時女一族とネオマギウスの衝突があったその一方で、那由他は行方をくらました父の足取りを追っていた。＠父の行方を探る鍵は母にあると考えた那由他は、母の連絡先を知る灯花の父に電話をするも課題を与えられる。＠その課題を通して自身の行っていることを改めて見つめ直した那由他は母と会うことを許され、ついに対面。互いの気持ちを伝え合い、父の足跡に関する資料を受け取った。＠父の捜索に光明が刺したと思ったのもつかの間、当の父から手紙が届く。その内容は魔法少女を救うことを諦めるというものだった。	Union与Promised Blood、时女一族与Neo-Magius发生冲突的同时，那由他仍在追查失踪父亲的足迹。＠她认为母亲是寻找父亲的关键，便致电知道母亲联系方式的灯花之父，却被交付了一项课题。＠通过这项课题，那由他重新审视自己的行动，终于获得与母亲见面的许可。两人坦诚交换心意后，母亲把有关父亲行踪的资料交给了她。＠就在搜寻似乎出现曙光时，父亲本人寄来一封信，内容却是他决定放弃拯救魔法少女。	Union与PROMISED BLOOD、时女一族与Neo-Magius发生冲突的同时，那由他仍在追查失踪父亲的足迹。＠她认为母亲是寻找父亲的关键，便致电知道母亲联系方式的灯花之父，却被交付了一项课题。＠通过这项课题，那由他重新审视自己的行动，终于获得与母亲见面的许可。两人坦诚交换心意后，母亲把有关父亲行踪的资料交给了她。＠就在搜寻似乎出现曙光时，父亲本人寄来一封信，内容却是他决定放弃拯救魔法少女。	wiki_exact_organization	magica/i18n_audit/release_v26_authority/pass18_authority_corrections.tsv#P18-00746	pass18_authority_applied
sectionList.json	102603	outline	プロミストブラッドに対して攻めあぐねているいろはたちは、状況打破の切っ掛けを得るために大学図書館へ向かった。＠一方、灯花は那由他に魔法少女を広める計画の協力を打診。＠さらにひなのたちが用意した令のスマホのロックを外すと、神浜監獄の地下の写真を発見する。＠それは、いろはが大学図書館で見つけた図面と合わせることで二木市へのショートカットを攻略する糸口になった。＠そんな中、度重なるネオマギウスからの勧誘に困惑していた時女一族は、拠点である水徳寺にひめなたちの侵入を許すと、すなおとちかを奪われてしまう。	面对Promised Blood迟迟无法打开局面的彩羽等人，为寻找突破口前往大学图书馆。＠另一方面，灯花邀请那由他协助向世人传播魔法少女的计划。＠日乃等人解锁令留下的手机后，发现了神滨监狱地下的照片。＠与彩羽在大学图书馆找到的设计图结合，成为攻略通往二木市捷径的线索。＠与此同时，因Neo-Magius屡次邀请而困惑的时女一族，让姬奈等人侵入据点水德寺，沙绪与知花被对方掳走。	面对PROMISED BLOOD迟迟无法打开局面的彩羽等人，为寻找突破口前往大学图书馆。＠另一方面，灯花邀请那由他协助向世人传播魔法少女的计划。＠日乃等人解锁令留下的手机后，发现了神滨监狱地下的照片。＠与彩羽在大学图书馆找到的设计图结合，成为攻略通往二木市捷径的线索。＠与此同时，因Neo-Magius屡次邀请而困惑的时女一族，让姬奈等人侵入据点水德寺，沙绪与知花被对方掳走。	wiki_exact_organization	magica/i18n_audit/release_v26_authority/pass18_authority_corrections.tsv#P18-00747	pass18_authority_applied
sectionList.json	102604	outline	監獄地下で起きるユニオンとプロミストブラッドとの衝突。ユニオンの魔法少女たちの目標ははショートカットがあると思われる最深部まで鶴乃を送り出すことだった。＠図面と写真により作戦は順調に進むかと思われたが、窮地に追いやられた揚げ句、郁美とアオが接触。精神の乱れたアオはキモチに体を支配されると暴れ出した。＠両グループの協力によりアオを抑え込んだがユニオンの作戦は失敗。さらに二木と神浜を結ぶショートカットへのルートはひとつではないと判明した。＠一方、灯花とねむによってウワサを強化してもらったかごめは、リィとの対話の末に風の伝道師のウワサを完成させた。	Union与Promised Blood在监狱地下交战。Union魔法少女的目标，是把鹤乃护送到疑似存在捷径的最深处。＠作战原本凭借图纸与照片顺利推进，却最终被逼入绝境；郁美与青发生接触，精神失控的青遭Kimochi支配身体，开始暴走。＠双方合作压制了青，但Union的行动仍以失败告终；同时还发现，连接二木与神滨的捷径路线并不只有一条。＠另一边，笼目让灯花与音梦强化了传闻，并在与小丽对话后，完成了“风之传道师的传闻”。	Union与PROMISED BLOOD在监狱地下交战。Union魔法少女的目标，是把鹤乃护送到疑似存在捷径的最深处。＠作战原本凭借图纸与照片顺利推进，却最终被逼入绝境；郁美与青发生接触，精神失控的青遭Kimochi支配身体，开始暴走。＠双方合作压制了青，但Union的行动仍以失败告终；同时还发现，连接二木与神滨的捷径路线并不只有一条。＠另一边，笼目让灯花与音梦强化了传闻，并在与小丽对话后，完成了“风之传道师的传闻”。	wiki_exact_organization	magica/i18n_audit/release_v26_authority/pass18_authority_corrections.tsv#P18-00748	pass18_authority_applied
sectionList.json	102605	outline	神浜市民会館ではすなおとちかがネオマギウスの集会に参加していた。潜入のため理念に賛同したフリをしていたふたりだったが、静香への連絡時にその嘘が露見してしまう。＠その後、会館に着く静香たちだったが、すでにホールではひめなの演説とみつねのドッペルによる認識の改竄で時女一族の洗脳が行われていた。崩壊を始める時女一族に対して、静香は壇上に立ち、時女一心流の力で仲間の目を覚まさせる。＠形成が逆転し戦いは泥沼になると思われた矢先、旭の放った弾丸がひめなのソウルジェムを撃ち抜く。死亡したと思われたひめなだったが、それもまた作戦の内だった。	沙绪与知花参加了Neo-Magius在神滨市民会馆举行的集会。两人为潜入而假装赞同其理念，却在联络静香时暴露了谎言。＠静香等人赶到会馆时，姬奈已经通过演说与三寻的Doppel篡改认知，对时女一族实施洗脑。面对开始瓦解的族人，静香登上讲台，以时女一心流的力量唤醒伙伴。＠局势逆转、战斗眼看将陷入泥潭之际，旭射出的子弹击穿了姬奈的灵魂宝石。众人以为姬奈已经死亡，然而这一切同样在她的计划之中。	沙绪与知花参加了Neo-Magius在神滨市民会馆举行的集会。两人为潜入而假装赞同其理念，却在联络静香时暴露了谎言。＠静香等人赶到会馆时，姬奈已经通过演说与三寻的魔女化身篡改认知，对时女一族实施洗脑。面对开始瓦解的族人，静香登上讲台，以时女一心流的力量唤醒伙伴。＠局势逆转、战斗眼看将陷入泥潭之际，旭射出的子弹击穿了姬奈的灵魂宝石。众人以为姬奈已经死亡，然而这一切同样在她的计划之中。	official_cn_game_term	magica/i18n_audit/release_v26_authority/pass18_authority_corrections.tsv#P18-00749	pass18_authority_applied
sectionList.json	102702	outline	神浜監獄での戦いのあと廃地下鉄の存在を知ったユニオンは、プロミストブラッドが使う神浜と二木を繋ぐショートカットの位置をほぼ特定した。その後“らんか”から情報提供と、その裏付けにより廃地下鉄に攻め込んだが、相手の計略によって撤退することになり、十七夜も負傷してしまった。＠この時ユニオンは、西が東を陥れているという噂を払拭するために、両陣営からキモチに選ばれていない魔法少女を連れてきていた。だが今回の一件で逆効果となり、東の魔法少女たちに不信感を植え付ける結果になってしまった。＠同時に神浜で行われた市長選でも東西の関係に亀裂を入れるような不穏な気配が漂っていた。	神滨监狱之战后，Union得知废弃地铁的存在，基本锁定了Promised Blood用于连接神滨与二木的捷径位置。她们依据兰华提供的情报及证据攻入废弃地铁，却因敌方计策被迫撤退，十七夜也身负重伤。＠为了消除“西区正在陷害东区”的传言，Union还从两边阵营带来了未被Kimochi选中的魔法少女作证。然而这次行动反而产生负面效果，加深了东区魔法少女的不信任。＠与此同时，神滨市长选举中也弥漫着进一步撕裂东西关系的不祥气息。	神滨监狱之战后，Union得知废弃地铁的存在，基本锁定了PROMISED BLOOD用于连接神滨与二木的捷径位置。她们依据兰华提供的情报及证据攻入废弃地铁，却因敌方计策被迫撤退，十七夜也身负重伤。＠为了消除“西区正在陷害东区”的传言，Union还从两边阵营带来了未被Kimochi选中的魔法少女作证。然而这次行动反而产生负面效果，加深了东区魔法少女的不信任。＠与此同时，神滨市长选举中也弥漫着进一步撕裂东西关系的不祥气息。	wiki_exact_organization	magica/i18n_audit/release_v26_authority/pass18_authority_corrections.tsv#P18-00750	pass18_authority_applied
sectionList.json	102703	outline	神浜と二木を繋ぐショートカット。その正体である株分けのミラーズをプロミストブラッドが移動させないうちに、ユニオンは新たなルートからの侵入と、ターミナルにある鏡の破壊を軸にして、再び攻めようとしていた。＠ところが、レナはかつて友人だったらんかにダマされた影響で心を磨耗させ、フェリシアも親を殺した夢を見た影響で“かこ”や“あやめ”に心配されるほど、ボロボロになっており、大事をとって作戦の決行は明け方になった。＠一方、夢の中でミラーズを探索していたアリナは次の階層を見つけると、自分の中に居るのがもうひとりの自分ではなく、赤の他人であることに気付いた。	连接神滨与二木的捷径，本质上是一面分株镜层。为了赶在Promised Blood转移它之前，Union计划从新路线入侵，并摧毁终端内的镜子，再次发动进攻。＠然而，丽奈因遭昔日好友兰华欺骗而身心疲惫；菲莉希亚也受到“自己杀死父母”的梦境影响，状态糟糕到连花子与菖蒲都十分担忧，因此作战推迟到黎明。＠另一边，阿莉娜在梦中探索镜层时找到下一层，并察觉存在于自己体内的并非另一个自己，而是一个完全陌生的人。	连接神滨与二木的捷径，本质上是一面分株镜层。为了赶在PROMISED BLOOD转移它之前，Union计划从新路线入侵，并摧毁终端内的镜子，再次发动进攻。＠然而，丽奈因遭昔日好友兰华欺骗而身心疲惫；菲莉希亚也受到“自己杀死父母”的梦境影响，状态糟糕到连花子与菖蒲都十分担忧，因此作战推迟到黎明。＠另一边，阿莉娜在梦中探索镜层时找到下一层，并察觉存在于自己体内的并非另一个自己，而是一个完全陌生的人。	wiki_exact_organization	magica/i18n_audit/release_v26_authority/pass18_authority_corrections.tsv#P18-00751	pass18_authority_applied
sectionList.json	102704	outline	明け方の作戦決行の前。家を去ったフェリシアを追いかけるいろはたち。ドッペルを出したフェリシアは、親を殺したという記憶の真偽を確認するために実家に向かうと、焼け焦げた部屋を見て真実だと確信した。＠追いついたいろはたちは、自暴自棄になってキモチに体を渡そうとするフェリシアの心に入って説得した。だが、彼女の心から両親に憎まれているという思いは消えなかった。＠刹那、現れたのはフェリシアの両親の亡霊。両親から憎んでいないことや自身の名前の意味を教えてもらうと、フェリシアは生きることを決めた。その亡霊を遣わせたのは時女一族の旭の力で、彼女を呼んで来たのは、かことあやめだった。	黎明作战开始前，彩羽等人追赶离家出走的菲莉希亚。菲莉希亚释放Doppel，为确认“自己杀死父母”的记忆真假而返回旧家；看到烧焦的房间后，她确信那是真的。＠赶到的彩羽等人进入她的内心，劝阻自暴自弃、准备把身体交给Kimochi的菲莉希亚，但她依然无法摆脱“父母憎恨自己”的想法。＠这时，菲莉希亚父母的亡灵现身，告诉她从未憎恨她，也解释了名字的含义。菲莉希亚终于决定活下去。亡灵由时女一族旭的力量召来，而把旭带来的正是花子与菖蒲。	黎明作战开始前，彩羽等人追赶离家出走的菲莉希亚。菲莉希亚释放魔女化身，为确认“自己杀死父母”的记忆真假而返回旧家；看到烧焦的房间后，她确信那是真的。＠赶到的彩羽等人进入她的内心，劝阻自暴自弃、准备把身体交给Kimochi的菲莉希亚，但她依然无法摆脱“父母憎恨自己”的想法。＠这时，菲莉希亚父母的亡灵现身，告诉她从未憎恨她，也解释了名字的含义。菲莉希亚终于决定活下去。亡灵由时女一族旭的力量召来，而把旭带来的正是花子与菖蒲。	official_cn_game_term	magica/i18n_audit/release_v26_authority/pass18_authority_corrections.tsv#P18-00752	pass18_authority_applied
sectionList.json	102705	outline	みかづき荘のメンバーが不在のまま開始した神浜と二木を結ぶショートカットを破壊する作戦。それはフェリシアを揺さぶり、十七夜を討ち、神浜の東西を分断しようとするプロミストブラッドの謀略によって混迷を極めた。＠だが、遅れたみかづき荘の助けによって十七夜は救われ、みふゆたちがターミナルからももこたちを助けたことで事無きを得る。しかし、株分けのミラーズの魔女を倒すことと引き換えに、郁美が令の遺志と共に散ってしまった。＠ショートカットを失い追い詰められたプロミストブラッド。だが、郁美のキモチの石を手にして４つが集まった。そこで判明したのは、キモチの魔女に戻りたいという真意だった。	摧毁神滨与二木捷径的作战，在三日月庄成员缺席的情况下开始。Promised Blood试图动摇菲莉希亚、击倒十七夜，并分裂神滨东西两区，令战局陷入极度混乱。＠但迟到的三日月庄成员救下十七夜，美冬等人也从终端救出桃子等人，危机暂时解除。代价却是郁美为了击败分株镜层魔女，带着令的遗志一同消逝。＠失去捷径后，Promised Blood被逼入绝境，却取得郁美的Kimochi之石，凑齐四颗。众人也由此得知，Kimochi真正的愿望是重新合为魔女。	摧毁神滨与二木捷径的作战，在三日月庄成员缺席的情况下开始。PROMISED BLOOD试图动摇菲莉希亚、击倒十七夜，并分裂神滨东西两区，令战局陷入极度混乱。＠但迟到的三日月庄成员救下十七夜，美冬等人也从终端救出桃子等人，危机暂时解除。代价却是郁美为了击败分株镜层魔女，带着令的遗志一同消逝。＠失去捷径后，PROMISED BLOOD被逼入绝境，却取得郁美的Kimochi之石，凑齐四颗。众人也由此得知，Kimochi真正的愿望是重新合为魔女。	wiki_exact_organization	magica/i18n_audit/release_v26_authority/pass18_authority_corrections.tsv#P18-00753	pass18_authority_applied
sectionList.json	102801	outline	いろはたちがプロミストブラッドとの争いを繰り広げていた傍らで、かごめはみたまと共にいた。市長選挙を機に東西の関係が良くなることを願うみたまだったが、選挙での不正報道が続き、神浜市に不穏な空気が漂うのを感じ取る。＠また那由他は、父と再会の約束をするが、当日、伯父が父を監禁していると取れる会話を聞き、ラビからも嘘の情報を伝えられると、伯父や灯花に対して疑心暗鬼に陥る。＠一方、みたまは新市長と院長の密談を盗聴。そこで投石事件は西側の謀略だと知り絶望する。いくつもの想いが複雑に絡み合う中、いろはは全ての魔法少女を救いたいという想いを改めて確認して、戦いの中における自分の在り方を決めた。	彩羽等人与Promised Blood交战期间，笼目一直与御魂同行。御魂原本希望市长选举能改善东西关系，却因选举舞弊报道不断出现，察觉神滨正被不祥气氛笼罩。＠那由他则与父亲约定重逢，却在当天听见疑似伯父监禁父亲的对话，又收到拉比提供的虚假情报，开始怀疑伯父与灯花。＠御魂偷听新市长与院长的密谈，得知投石事件其实是西区策划，因而陷入绝望。在无数思念复杂交织之际，彩羽再次确认自己想拯救所有魔法少女，并决定自己在这场战争中的立场。	彩羽等人与PROMISED BLOOD交战期间，笼目一直与御魂同行。御魂原本希望市长选举能改善东西关系，却因选举舞弊报道不断出现，察觉神滨正被不祥气氛笼罩。＠那由他则与父亲约定重逢，却在当天听见疑似伯父监禁父亲的对话，又收到拉比提供的虚假情报，开始怀疑伯父与灯花。＠御魂偷听新市长与院长的密谈，得知投石事件其实是西区策划，因而陷入绝望。在无数思念复杂交织之际，彩羽再次确认自己想拯救所有魔法少女，并决定自己在这场战争中的立场。	wiki_exact_organization	magica/i18n_audit/release_v26_authority/pass18_authority_corrections.tsv#P18-00754	pass18_authority_applied
sectionList.json	102802	outline	追い詰められたプロミストブラッドは短期決戦に望みをかけ、最後の戦場を二木市にするべく策を巡らす。＠一方、ユニオン側では、いろはが仲間たちに敵味方関係なく全ての希望を守る決意を告白し、受け入れられる。また、神浜市での短期決戦を想定し、時女一族へ協力を取り付けるなど守りを固めていた。しかしプロミストブラッドのキモチの石を盾にした策略により二木市に行かざるを得ない状況に陥る。＠そして両陣営だけでなく戦いに参加しない者、両陣営以外の者たちも各々の想いを交錯させる中、ユニオン・時女一族とプロミストブラッドとの最終決戦が二木市で始まろうとしていた。	被逼入绝境的Promised Blood把希望押在速战速决上，制定计策，要把最终战场设在二木市。＠Union方面，彩羽向伙伴坦白自己决心守护所有希望、不分敌我，并获得众人接受。她们还预想决战可能发生在神滨，争取时女一族协助，强化防御；但Promised Blood以Kimochi之石作筹码，迫使她们不得不前往二木市。＠随着参战者、旁观者以及其他阵营的各自思念相互交错，Union与时女一族对Promised Blood的最终决战即将在二木市打响。	被逼入绝境的PROMISED BLOOD把希望押在速战速决上，制定计策，要把最终战场设在二木市。＠Union方面，彩羽向伙伴坦白自己决心守护所有希望、不分敌我，并获得众人接受。她们还预想决战可能发生在神滨，争取时女一族协助，强化防御；但PROMISED BLOOD以Kimochi之石作筹码，迫使她们不得不前往二木市。＠随着参战者、旁观者以及其他阵营的各自思念相互交错，Union与时女一族对PROMISED BLOOD的最终决战即将在二木市打响。	wiki_exact_organization	magica/i18n_audit/release_v26_authority/pass18_authority_corrections.tsv#P18-00755	pass18_authority_applied
sectionList.json	102803	outline	二木市でついに最終決戦の火蓋が切られた。＠地理的には不利なので大人数で有利を取ろうとするユニオン側。しかしプロミストブラッドはキモチが定めたルールの穴を突いて人数差までも覆す。さらには仲間と分断され、それぞれが交戦する中、窮地に追い込まれるユニオン陣営。様々な想いがぶつかり合う戦場で、アオは深く暗い考えに染まっていく。何とか合流を図ろうとするユニオンと時女一族だったが、それさえも結菜の策略の内で囲まれてしまう。＠そこへプロミストブラッドの総攻撃がいろはたちを襲った。	二木市的最终决战终于揭幕。＠Union因地理不利，试图以人数优势弥补；Promised Blood却钻Kimochi规则的空子，连人数差也成功推翻。Union阵营被分割，各自陷入战斗与危机。在无数思念碰撞的战场上，青的思想逐渐染上深沉黑暗。Union与时女一族试图重新会合，却连这一点也落入结菜的圈套，被彻底包围。＠随后，Promised Blood的总攻向彩羽等人袭来。	二木市的最终决战终于揭幕。＠Union因地理不利，试图以人数优势弥补；PROMISED BLOOD却钻Kimochi规则的空子，连人数差也成功推翻。Union阵营被分割，各自陷入战斗与危机。在无数思念碰撞的战场上，青的思想逐渐染上深沉黑暗。Union与时女一族试图重新会合，却连这一点也落入结菜的圈套，被彻底包围。＠随后，PROMISED BLOOD的总攻向彩羽等人袭来。	wiki_exact_organization	magica/i18n_audit/release_v26_authority/pass18_authority_corrections.tsv#P18-00756	pass18_authority_applied
sectionList.json	102804	outline	二木市での戦いが始まる日。十七夜は仲間を守るため神浜市に残り、灯花たちは魔法少女を取り巻く不思議な現象について調べていた。その中で灯花は、父も魔法少女を世間に広める準備を整えていることを知った。その裏では、選挙による東西の関係悪化を受けて、十七夜やみたまをはじめ月咲たちに暗い影を落としていた。＠一方、二木市での開戦後クレセントハウスにて連絡を待っていた雫を狙って、プロミストブラッドの別動隊が現れる。それをみふゆやひなのが撃退する。連絡が入ると同時に雫はもう誰かの未来を奪わせないために戦場へと赴いた。	二木市开战当天，十七夜为了保护伙伴留守神滨，灯花等人则调查围绕魔法少女出现的异常现象。灯花得知，父亲也在为向社会公开魔法少女的存在做准备。与此同时，市长选举导致东西关系恶化，十七夜、御魂与月咲等人的心中都蒙上阴影。＠另一边，雫在新月馆等待战场联络，Promised Blood别动队突然现身袭击。美冬与日乃等人成功将其击退。收到消息后，雫为了不再让任何人的未来被夺走，立即赶往战场。	二木市开战当天，十七夜为了保护伙伴留守神滨，灯花等人则调查围绕魔法少女出现的异常现象。灯花得知，父亲也在为向社会公开魔法少女的存在做准备。与此同时，市长选举导致东西关系恶化，十七夜、御魂与月咲等人的心中都蒙上阴影。＠另一边，雫在新月馆等待战场联络，PROMISED BLOOD别动队突然现身袭击。美冬与日乃等人成功将其击退。收到消息后，雫为了不再让任何人的未来被夺走，立即赶往战场。	wiki_exact_organization	magica/i18n_audit/release_v26_authority/pass18_authority_corrections.tsv#P18-00757	pass18_authority_applied
sectionList.json	102805	message	あらあら…プロミストブラッドも＠思い切りましたね	哎呀哎呀……约定之血＠还真是下定了决心呢。	哎呀哎呀……PROMISED BLOOD＠还真是下定了决心呢。	wiki_exact_organization	magica/i18n_audit/release_v26_authority/pass18_authority_corrections.tsv#P18-00758	pass18_authority_applied
sectionList.json	102805	outline	プロミストブラッドの総攻撃によりいろはたちは全滅したかに見えた。しかし割って入った雫の力により難を逃れ、さらにはプロミストブラッドの背後を取り大打撃を与える。＠勝負がついたかに見えたが、結菜は４つのキモチの石から力を借り圧倒的な暴力でいろはたちを倒していく。再び形勢が逆転したかに思えたが、戦闘の最中さくやが命を散らしたことを知り、結菜は力の制御を失う。敵味方関係なく襲う結菜を助けるべくいろはは単身立ち向かう。互いの精神に干渉しそれぞれの過去と想いを知るふたり。なんとか暴走を止めた結菜は、いろはの決意も想いも本物だと受け入れると、未来を託すことで二木市で起きた戦いは決着をみた。	Promised Blood发动总攻，彩羽等人看似全军覆没，却因雫及时介入而脱险，并绕到敌人背后给予重创。＠胜负似乎已经分晓，结菜却借用四颗Kimochi之石，以压倒性暴力逐一击败彩羽等人。战况再次逆转之际，结菜得知咲夜在战斗中死亡，失去对力量的控制，开始不分敌我地攻击所有人。为了救她，彩羽独自上前。两人的精神彼此干涉，理解了对方的过去与思念。结菜终于停止暴走，承认彩羽的决意与心意皆为真实，并把未来托付给她。二木市之战就此落幕。	PROMISED BLOOD发动总攻，彩羽等人看似全军覆没，却因雫及时介入而脱险，并绕到敌人背后给予重创。＠胜负似乎已经分晓，结菜却借用四颗Kimochi之石，以压倒性暴力逐一击败彩羽等人。战况再次逆转之际，结菜得知咲夜在战斗中死亡，失去对力量的控制，开始不分敌我地攻击所有人。为了救她，彩羽独自上前。两人的精神彼此干涉，理解了对方的过去与思念。结菜终于停止暴走，承认彩羽的决意与心意皆为真实，并把未来托付给她。二木市之战就此落幕。	wiki_exact_organization	magica/i18n_audit/release_v26_authority/pass18_authority_corrections.tsv#P18-00759	pass18_authority_applied
sectionList.json	102912	title	プロミストブラッド編 1話	约定之血篇 第1话	PROMISED BLOOD篇 第1话	wiki_exact_organization	magica/i18n_audit/release_v26_authority/pass18_authority_corrections.tsv#P18-00761	pass18_authority_applied
sectionList.json	102913	title	プロミストブラッド編 2話	约定之血篇 第2话	PROMISED BLOOD篇 第2话	wiki_exact_organization	magica/i18n_audit/release_v26_authority/pass18_authority_corrections.tsv#P18-00762	pass18_authority_applied
sectionList.json	102914	title	プロミストブラッド編 3話	约定之血篇 第3话	PROMISED BLOOD篇 第3话	wiki_exact_organization	magica/i18n_audit/release_v26_authority/pass18_authority_corrections.tsv#P18-00763	pass18_authority_applied
sectionList.json	102915	title	プロミストブラッド編 4話	约定之血篇 第4话	PROMISED BLOOD篇 第4话	wiki_exact_organization	magica/i18n_audit/release_v26_authority/pass18_authority_corrections.tsv#P18-00764	pass18_authority_applied
sectionList.json	102916	title	プロミストブラッド編 5話	约定之血篇 第5话	PROMISED BLOOD篇 第5话	wiki_exact_organization	magica/i18n_audit/release_v26_authority/pass18_authority_corrections.tsv#P18-00765	pass18_authority_applied
sectionList.json	102917	title	プロミストブラッド編 6話	约定之血篇 第6话	PROMISED BLOOD篇 第6话	wiki_exact_organization	magica/i18n_audit/release_v26_authority/pass18_authority_corrections.tsv#P18-00767	pass18_authority_applied
sectionList.json	102918	title	プロミストブラッド編 7話	约定之血篇 第7话	PROMISED BLOOD篇 第7话	wiki_exact_organization	magica/i18n_audit/release_v26_authority/pass18_authority_corrections.tsv#P18-00768	pass18_authority_applied
sectionList.json	102919	title	プロミストブラッド編 8話	约定之血篇 第8话	PROMISED BLOOD篇 第8话	wiki_exact_organization	magica/i18n_audit/release_v26_authority/pass18_authority_corrections.tsv#P18-00769	pass18_authority_applied
sectionList.json	102920	title	プロミストブラッド編 9話	约定之血篇 第9话	PROMISED BLOOD篇 第9话	wiki_exact_organization	magica/i18n_audit/release_v26_authority/pass18_authority_corrections.tsv#P18-00770	pass18_authority_applied
sectionList.json	102921	title	プロミストブラッド編 10話	约定之血篇 第10话	PROMISED BLOOD篇 第10话	wiki_exact_organization	magica/i18n_audit/release_v26_authority/pass18_authority_corrections.tsv#P18-00771	pass18_authority_applied
sectionList.json	102941	title	ネオマギウス編 1話	新玛吉斯篇 第1话	Neo-Magius篇 第1话	wiki_exact_organization	magica/i18n_audit/release_v26_authority/pass18_authority_corrections.tsv#P18-00773	pass18_authority_applied
sectionList.json	102941	outline	ユニオン側とプロミストブラッドが手を結ぼうとする中、今までの軋轢が原因で、両陣営共に内部では意見が割れていた。しかしユニオン側は結菜が、プロミストブラッド側はいろはが想いを伝えることで、一旦の収束をみる。＠一方、旭の古傷の真相を探るべく、彼女の故郷である湯国市に向かった静香たち。そこで魔法少女を知る一般人からの悪意を知ると、静香はある想いを固めることにした。＠その頃、那由他は再会した父から、魔法少女の存在を広めることが絶望に繋がるという仮説を伝えられる。そして、仮説を深く知るために湯国市へ向かおうとするが、同時に灯花から魔法少女を世間に広める方法が完成したと連絡が届いた。	Union与Promised Blood准备携手，却因过去的摩擦而在各自内部出现分歧。最终，Union一侧由结菜出面，Promised Blood一侧由彩羽表达心意，暂时平息了争议。＠为了查清旭旧伤的真相，静香等人前往她的故乡汤国市。在那里亲眼见到知晓魔法少女的普通人所怀抱的恶意后，静香下定了某种决心。＠那由他则从重逢的父亲口中听见“公开魔法少女的存在会通向绝望”的假说。她准备前往汤国市深入了解时，却同时收到灯花消息：向世人传播魔法少女的方法已经完成。	Union与PROMISED BLOOD准备携手，却因过去的摩擦而在各自内部出现分歧。最终，Union一侧由结菜出面，PROMISED BLOOD一侧由彩羽表达心意，暂时平息了争议。＠为了查清旭旧伤的真相，静香等人前往她的故乡汤国市。在那里亲眼见到知晓魔法少女的普通人所怀抱的恶意后，静香下定了某种决心。＠那由他则从重逢的父亲口中听见“公开魔法少女的存在会通向绝望”的假说。她准备前往汤国市深入了解时，却同时收到灯花消息：向世人传播魔法少女的方法已经完成。	wiki_exact_organization	magica/i18n_audit/release_v26_authority/pass18_authority_corrections.tsv#P18-00772	pass18_authority_applied
sectionList.json	102942	title	ネオマギウス編 2話	新玛吉斯篇 第2话	Neo-Magius篇 第2话	wiki_exact_organization	magica/i18n_audit/release_v26_authority/pass18_authority_corrections.tsv#P18-00775	pass18_authority_applied
sectionList.json	102942	outline	ユニオン側とプロミストブラッドが手を結ぼうとする中、今までの軋轢が原因で、両陣営共に内部では意見が割れていた。しかしユニオン側は結菜が、プロミストブラッド側はいろはが想いを伝えることで、一旦の収束をみる。＠一方、旭の古傷の真相を探るべく、彼女の故郷である湯国市に向かった静香たち。そこで魔法少女を知る一般人からの悪意を知ると、静香はある想いを固めることにした。＠その頃、那由他は再会した父から、魔法少女の存在を広めることが絶望に繋がるという仮説を伝えられる。そして、仮説を深く知るために湯国市へ向かおうとするが、同時に灯花から魔法少女を世間に広める方法が完成したと連絡が届いた。	Union与Promised Blood准备携手，却因过去的摩擦而在各自内部出现分歧。最终，Union一侧由结菜出面，Promised Blood一侧由彩羽表达心意，暂时平息了争议。＠为了查清旭旧伤的真相，静香等人前往她的故乡汤国市。在那里亲眼见到知晓魔法少女的普通人所怀抱的恶意后，静香下定了某种决心。＠那由他则从重逢的父亲口中听见“公开魔法少女的存在会通向绝望”的假说。她准备前往汤国市深入了解时，却同时收到灯花消息：向世人传播魔法少女的方法已经完成。	Union与PROMISED BLOOD准备携手，却因过去的摩擦而在各自内部出现分歧。最终，Union一侧由结菜出面，PROMISED BLOOD一侧由彩羽表达心意，暂时平息了争议。＠为了查清旭旧伤的真相，静香等人前往她的故乡汤国市。在那里亲眼见到知晓魔法少女的普通人所怀抱的恶意后，静香下定了某种决心。＠那由他则从重逢的父亲口中听见“公开魔法少女的存在会通向绝望”的假说。她准备前往汤国市深入了解时，却同时收到灯花消息：向世人传播魔法少女的方法已经完成。	wiki_exact_organization	magica/i18n_audit/release_v26_authority/pass18_authority_corrections.tsv#P18-00774	pass18_authority_applied
sectionList.json	102943	title	ネオマギウス編 3話	新玛吉斯篇 第3话	Neo-Magius篇 第3话	wiki_exact_organization	magica/i18n_audit/release_v26_authority/pass18_authority_corrections.tsv#P18-00777	pass18_authority_applied
sectionList.json	102943	outline	ユニオン側とプロミストブラッドが手を結ぼうとする中、今までの軋轢が原因で、両陣営共に内部では意見が割れていた。しかしユニオン側は結菜が、プロミストブラッド側はいろはが想いを伝えることで、一旦の収束をみる。＠一方、旭の古傷の真相を探るべく、彼女の故郷である湯国市に向かった静香たち。そこで魔法少女を知る一般人からの悪意を知ると、静香はある想いを固めることにした。＠その頃、那由他は再会した父から、魔法少女の存在を広めることが絶望に繋がるという仮説を伝えられる。そして、仮説を深く知るために湯国市へ向かおうとするが、同時に灯花から魔法少女を世間に広める方法が完成したと連絡が届いた。	Union与Promised Blood准备携手，却因过去的摩擦而在各自内部出现分歧。最终，Union一侧由结菜出面，Promised Blood一侧由彩羽表达心意，暂时平息了争议。＠为了查清旭旧伤的真相，静香等人前往她的故乡汤国市。在那里亲眼见到知晓魔法少女的普通人所怀抱的恶意后，静香下定了某种决心。＠那由他则从重逢的父亲口中听见“公开魔法少女的存在会通向绝望”的假说。她准备前往汤国市深入了解时，却同时收到灯花消息：向世人传播魔法少女的方法已经完成。	Union与PROMISED BLOOD准备携手，却因过去的摩擦而在各自内部出现分歧。最终，Union一侧由结菜出面，PROMISED BLOOD一侧由彩羽表达心意，暂时平息了争议。＠为了查清旭旧伤的真相，静香等人前往她的故乡汤国市。在那里亲眼见到知晓魔法少女的普通人所怀抱的恶意后，静香下定了某种决心。＠那由他则从重逢的父亲口中听见“公开魔法少女的存在会通向绝望”的假说。她准备前往汤国市深入了解时，却同时收到灯花消息：向世人传播魔法少女的方法已经完成。	wiki_exact_organization	magica/i18n_audit/release_v26_authority/pass18_authority_corrections.tsv#P18-00776	pass18_authority_applied
sectionList.json	102944	outline	ユニオン側とプロミストブラッドが手を結ぼうとする中、今までの軋轢が原因で、両陣営共に内部では意見が割れていた。しかしユニオン側は結菜が、プロミストブラッド側はいろはが想いを伝えることで、一旦の収束をみる。＠一方、旭の古傷の真相を探るべく、彼女の故郷である湯国市に向かった静香たち。そこで魔法少女を知る一般人からの悪意を知ると、静香はある想いを固めることにした。＠その頃、那由他は再会した父から、魔法少女の存在を広めることが絶望に繋がるという仮説を伝えられる。そして、仮説を深く知るために湯国市へ向かおうとするが、同時に灯花から魔法少女を世間に広める方法が完成したと連絡が届いた。	Union与Promised Blood准备携手，却因过去的摩擦而在各自内部出现分歧。最终，Union一侧由结菜出面，Promised Blood一侧由彩羽表达心意，暂时平息了争议。＠为了查清旭旧伤的真相，静香等人前往她的故乡汤国市。在那里亲眼见到知晓魔法少女的普通人所怀抱的恶意后，静香下定了某种决心。＠那由他则从重逢的父亲口中听见“公开魔法少女的存在会通向绝望”的假说。她准备前往汤国市深入了解时，却同时收到灯花消息：向世人传播魔法少女的方法已经完成。	Union与PROMISED BLOOD准备携手，却因过去的摩擦而在各自内部出现分歧。最终，Union一侧由结菜出面，PROMISED BLOOD一侧由彩羽表达心意，暂时平息了争议。＠为了查清旭旧伤的真相，静香等人前往她的故乡汤国市。在那里亲眼见到知晓魔法少女的普通人所怀抱的恶意后，静香下定了某种决心。＠那由他则从重逢的父亲口中听见“公开魔法少女的存在会通向绝望”的假说。她准备前往汤国市深入了解时，却同时收到灯花消息：向世人传播魔法少女的方法已经完成。	wiki_exact_organization	magica/i18n_audit/release_v26_authority/pass18_authority_corrections.tsv#P18-00778	pass18_authority_applied
sectionList.json	102945	outline	ユニオン側とプロミストブラッドが手を結ぼうとする中、今までの軋轢が原因で、両陣営共に内部では意見が割れていた。しかしユニオン側は結菜が、プロミストブラッド側はいろはが想いを伝えることで、一旦の収束をみる。＠一方、旭の古傷の真相を探るべく、彼女の故郷である湯国市に向かった静香たち。そこで魔法少女を知る一般人からの悪意を知ると、静香はある想いを固めることにした。＠その頃、那由他は再会した父から、魔法少女の存在を広めることが絶望に繋がるという仮説を伝えられる。そして、仮説を深く知るために湯国市へ向かおうとするが、同時に灯花から魔法少女を世間に広める方法が完成したと連絡が届いた。	Union与Promised Blood准备携手，却因过去的摩擦而在各自内部出现分歧。最终，Union一侧由结菜出面，Promised Blood一侧由彩羽表达心意，暂时平息了争议。＠为了查清旭旧伤的真相，静香等人前往她的故乡汤国市。在那里亲眼见到知晓魔法少女的普通人所怀抱的恶意后，静香下定了某种决心。＠那由他则从重逢的父亲口中听见“公开魔法少女的存在会通向绝望”的假说。她准备前往汤国市深入了解时，却同时收到灯花消息：向世人传播魔法少女的方法已经完成。	Union与PROMISED BLOOD准备携手，却因过去的摩擦而在各自内部出现分歧。最终，Union一侧由结菜出面，PROMISED BLOOD一侧由彩羽表达心意，暂时平息了争议。＠为了查清旭旧伤的真相，静香等人前往她的故乡汤国市。在那里亲眼见到知晓魔法少女的普通人所怀抱的恶意后，静香下定了某种决心。＠那由他则从重逢的父亲口中听见“公开魔法少女的存在会通向绝望”的假说。她准备前往汤国市深入了解时，却同时收到灯花消息：向世人传播魔法少女的方法已经完成。	wiki_exact_organization	magica/i18n_audit/release_v26_authority/pass18_authority_corrections.tsv#P18-00779	pass18_authority_applied
sectionList.json	102946	outline	ユニオン側とプロミストブラッドが手を結ぼうとする中、今までの軋轢が原因で、両陣営共に内部では意見が割れていた。しかしユニオン側は結菜が、プロミストブラッド側はいろはが想いを伝えることで、一旦の収束をみる。＠一方、旭の古傷の真相を探るべく、彼女の故郷である湯国市に向かった静香たち。そこで魔法少女を知る一般人からの悪意を知ると、静香はある想いを固めることにした。＠その頃、那由他は再会した父から、魔法少女の存在を広めることが絶望に繋がるという仮説を伝えられる。そして、仮説を深く知るために湯国市へ向かおうとするが、同時に灯花から魔法少女を世間に広める方法が完成したと連絡が届いた。	Union与Promised Blood准备携手，却因过去的摩擦而在各自内部出现分歧。最终，Union一侧由结菜出面，Promised Blood一侧由彩羽表达心意，暂时平息了争议。＠为了查清旭旧伤的真相，静香等人前往她的故乡汤国市。在那里亲眼见到知晓魔法少女的普通人所怀抱的恶意后，静香下定了某种决心。＠那由他则从重逢的父亲口中听见“公开魔法少女的存在会通向绝望”的假说。她准备前往汤国市深入了解时，却同时收到灯花消息：向世人传播魔法少女的方法已经完成。	Union与PROMISED BLOOD准备携手，却因过去的摩擦而在各自内部出现分歧。最终，Union一侧由结菜出面，PROMISED BLOOD一侧由彩羽表达心意，暂时平息了争议。＠为了查清旭旧伤的真相，静香等人前往她的故乡汤国市。在那里亲眼见到知晓魔法少女的普通人所怀抱的恶意后，静香下定了某种决心。＠那由他则从重逢的父亲口中听见“公开魔法少女的存在会通向绝望”的假说。她准备前往汤国市深入了解时，却同时收到灯花消息：向世人传播魔法少女的方法已经完成。	wiki_exact_organization	magica/i18n_audit/release_v26_authority/pass18_authority_corrections.tsv#P18-00780	pass18_authority_applied
sectionList.json	102947	outline	ユニオン側とプロミストブラッドが手を結ぼうとする中、今までの軋轢が原因で、両陣営共に内部では意見が割れていた。しかしユニオン側は結菜が、プロミストブラッド側はいろはが想いを伝えることで、一旦の収束をみる。＠一方、旭の古傷の真相を探るべく、彼女の故郷である湯国市に向かった静香たち。そこで魔法少女を知る一般人からの悪意を知ると、静香はある想いを固めることにした。＠その頃、那由他は再会した父から、魔法少女の存在を広めることが絶望に繋がるという仮説を伝えられる。そして、仮説を深く知るために湯国市へ向かおうとするが、同時に灯花から魔法少女を世間に広める方法が完成したと連絡が届いた。	Union与Promised Blood准备携手，却因过去的摩擦而在各自内部出现分歧。最终，Union一侧由结菜出面，Promised Blood一侧由彩羽表达心意，暂时平息了争议。＠为了查清旭旧伤的真相，静香等人前往她的故乡汤国市。在那里亲眼见到知晓魔法少女的普通人所怀抱的恶意后，静香下定了某种决心。＠那由他则从重逢的父亲口中听见“公开魔法少女的存在会通向绝望”的假说。她准备前往汤国市深入了解时，却同时收到灯花消息：向世人传播魔法少女的方法已经完成。	Union与PROMISED BLOOD准备携手，却因过去的摩擦而在各自内部出现分歧。最终，Union一侧由结菜出面，PROMISED BLOOD一侧由彩羽表达心意，暂时平息了争议。＠为了查清旭旧伤的真相，静香等人前往她的故乡汤国市。在那里亲眼见到知晓魔法少女的普通人所怀抱的恶意后，静香下定了某种决心。＠那由他则从重逢的父亲口中听见“公开魔法少女的存在会通向绝望”的假说。她准备前往汤国市深入了解时，却同时收到灯花消息：向世人传播魔法少女的方法已经完成。	wiki_exact_organization	magica/i18n_audit/release_v26_authority/pass18_authority_corrections.tsv#P18-00781	pass18_authority_applied
sectionList.json	102948	outline	ユニオン側とプロミストブラッドが手を結ぼうとする中、今までの軋轢が原因で、両陣営共に内部では意見が割れていた。しかしユニオン側は結菜が、プロミストブラッド側はいろはが想いを伝えることで、一旦の収束をみる。＠一方、旭の古傷の真相を探るべく、彼女の故郷である湯国市に向かった静香たち。そこで魔法少女を知る一般人からの悪意を知ると、静香はある想いを固めることにした。＠その頃、那由他は再会した父から、魔法少女の存在を広めることが絶望に繋がるという仮説を伝えられる。そして、仮説を深く知るために湯国市へ向かおうとするが、同時に灯花から魔法少女を世間に広める方法が完成したと連絡が届いた。	Union与Promised Blood准备携手，却因过去的摩擦而在各自内部出现分歧。最终，Union一侧由结菜出面，Promised Blood一侧由彩羽表达心意，暂时平息了争议。＠为了查清旭旧伤的真相，静香等人前往她的故乡汤国市。在那里亲眼见到知晓魔法少女的普通人所怀抱的恶意后，静香下定了某种决心。＠那由他则从重逢的父亲口中听见“公开魔法少女的存在会通向绝望”的假说。她准备前往汤国市深入了解时，却同时收到灯花消息：向世人传播魔法少女的方法已经完成。	Union与PROMISED BLOOD准备携手，却因过去的摩擦而在各自内部出现分歧。最终，Union一侧由结菜出面，PROMISED BLOOD一侧由彩羽表达心意，暂时平息了争议。＠为了查清旭旧伤的真相，静香等人前往她的故乡汤国市。在那里亲眼见到知晓魔法少女的普通人所怀抱的恶意后，静香下定了某种决心。＠那由他则从重逢的父亲口中听见“公开魔法少女的存在会通向绝望”的假说。她准备前往汤国市深入了解时，却同时收到灯花消息：向世人传播魔法少女的方法已经完成。	wiki_exact_organization	magica/i18n_audit/release_v26_authority/pass18_authority_corrections.tsv#P18-00782	pass18_authority_applied
sectionList.json	102949	outline	ユニオン側とプロミストブラッドが手を結ぼうとする中、今までの軋轢が原因で、両陣営共に内部では意見が割れていた。しかしユニオン側は結菜が、プロミストブラッド側はいろはが想いを伝えることで、一旦の収束をみる。＠一方、旭の古傷の真相を探るべく、彼女の故郷である湯国市に向かった静香たち。そこで魔法少女を知る一般人からの悪意を知ると、静香はある想いを固めることにした。＠その頃、那由他は再会した父から、魔法少女の存在を広めることが絶望に繋がるという仮説を伝えられる。そして、仮説を深く知るために湯国市へ向かおうとするが、同時に灯花から魔法少女を世間に広める方法が完成したと連絡が届いた。	Union与Promised Blood准备携手，却因过去的摩擦而在各自内部出现分歧。最终，Union一侧由结菜出面，Promised Blood一侧由彩羽表达心意，暂时平息了争议。＠为了查清旭旧伤的真相，静香等人前往她的故乡汤国市。在那里亲眼见到知晓魔法少女的普通人所怀抱的恶意后，静香下定了某种决心。＠那由他则从重逢的父亲口中听见“公开魔法少女的存在会通向绝望”的假说。她准备前往汤国市深入了解时，却同时收到灯花消息：向世人传播魔法少女的方法已经完成。	Union与PROMISED BLOOD准备携手，却因过去的摩擦而在各自内部出现分歧。最终，Union一侧由结菜出面，PROMISED BLOOD一侧由彩羽表达心意，暂时平息了争议。＠为了查清旭旧伤的真相，静香等人前往她的故乡汤国市。在那里亲眼见到知晓魔法少女的普通人所怀抱的恶意后，静香下定了某种决心。＠那由他则从重逢的父亲口中听见“公开魔法少女的存在会通向绝望”的假说。她准备前往汤国市深入了解时，却同时收到灯花消息：向世人传播魔法少女的方法已经完成。	wiki_exact_organization	magica/i18n_audit/release_v26_authority/pass18_authority_corrections.tsv#P18-00783	pass18_authority_applied
sectionList.json	103002	outline	ネオマギウスや自動浄化システムがなくなったことへの対策を話し合ういろはたちだが、出方がわからない以上各々で準備を進めるしかないという結論に落ち着く。＠一方、ひめなたちは目的遂行のため、電波望遠鏡を手に入れようと画策する。計画の下準備としてプロミストブラッドの情報を流す相手から連絡があり、ひめなは丁重に迎え入れる。その情報を流した人物は月咲だった。月咲は彼女が描く月夜との未来を想い、ネオマギウスと手を組むことを選ぶ。＠それぞれ想いが交差する中、静香の元にちはるから１冊の絵本が届く。しかし静香はそれを一蹴してしまい、ちはるの想いが伝わることはなかった。	彩羽等人商讨应对Neo-Magius与自动净化系统消失的方法，却因无法判断敌方下一步行动，只能决定各自提前准备。＠姬奈等人为达成目的，开始策划夺取电波望远镜。为准备行动，向她们提供Promised Blood情报的人发来联络，姬奈郑重迎接来者——提供情报的正是月咲。月咲为了自己所描绘的、与月夜共同生活的未来，选择与Neo-Magius合作。＠各方思念交错时，千春寄给静香一本绘本；静香却不假思索地予以否定，千春的心意未能传达。	彩羽等人商讨应对Neo-Magius与自动净化系统消失的方法，却因无法判断敌方下一步行动，只能决定各自提前准备。＠姬奈等人为达成目的，开始策划夺取电波望远镜。为准备行动，向她们提供PROMISED BLOOD情报的人发来联络，姬奈郑重迎接来者——提供情报的正是月咲。月咲为了自己所描绘的、与月夜共同生活的未来，选择与Neo-Magius合作。＠各方思念交错时，千春寄给静香一本绘本；静香却不假思索地予以否定，千春的心意未能传达。	wiki_exact_organization	magica/i18n_audit/release_v26_authority/pass18_authority_corrections.tsv#P18-00799	pass18_authority_applied
sectionList.json	103103	message	これで…少しは、＠ネオマギウスの動きが…	这样……多少能让＠Neo Magius的行动……	这样……多少能让＠Neo-Magius的行动……	wiki_exact_organization	magica/i18n_audit/release_v26_authority/pass18_authority_corrections.tsv#P18-00800	pass18_authority_applied
sectionList.json	103402	outline	「自動浄化システムが正常に動いてない…？」＠違和感を覚えたかごめは、万年桜のうわさに足を運ぶとやちよと遭遇。続けて桜子から受け取った本からウワサになったねむが現れると、彼女から異変に関する真相を聞いた。＠それは、自動浄化システムが不安定になったのは、いろはが過去の魔法少女の記録を集めに行った結果、“自身の概念を崩してしまって消えかかっている”ことが原因だということ。＠事態を知ったかごめとやちよは方々に情報を拡散。そして、かつていろはと関わった各グループの魔法少女たちが集うと、彼女たちは“いろはの概念”を集めるために“魂の器”を持ち、各時代に繋がる“鏡”を通って概念の回収に向かった。	“自动净化系统没有正常运作……？”＠察觉异样的笼目前往万年樱之传闻，遇见八千代。随后，音梦从樱子交给她们的书中以传闻姿态现身，说明异常真相。＠系统不稳定，是因为彩羽前去收集过去魔法少女的记录，结果“自己的概念发生崩坏，正在逐渐消失”。＠笼目与八千代得知后把消息传向各方。曾与彩羽有过联系的各集团魔法少女聚集，带着用于收集“彩羽概念”的“灵魂容器”，穿过连接各时代的“镜子”展开回收。	“自动净化系统没有正常运作……？”＠察觉异样的笼目前往万年樱的传闻，遇见八千代。随后，音梦从樱子交给她们的书中以传闻姿态现身，说明异常真相。＠系统不稳定，是因为彩羽前去收集过去魔法少女的记录，结果“自己的概念发生崩坏，正在逐渐消失”。＠笼目与八千代得知后把消息传向各方。曾与彩羽有过联系的各集团魔法少女聚集，带着用于收集“彩羽概念”的“灵魂容器”，穿过连接各时代的“镜子”展开回收。	official_cn_character_name	magica/i18n_audit/release_v26_authority/pass18_authority_corrections.tsv#P18-00803	pass18_authority_applied
sectionList.json	103403	outline	現代に残ったやちよとフェリシアが倒れたいろはに魔力を供給する中、アルちゃんから話を聞いた魔法少女たちが続々と万年桜のうわさに集まる。＠彼女たちは“鏡を破壊すれば過去の改ざんはリセットされる”という鏡の仕組みを利用しようとしたが、いろはの魂に影響がでる恐れがあり、実行には移せなかった。＠そこで、自身の考えを述べようとするやちよ。ところが、いろはの維持に必要な魔力が膨大で、こんどはやちよが倒れてしまう。事態の悪化に動揺が広がる中、現れたのはピュエラケア。彼女たちは、いろはを維持するために力を貸してくれることになった。	八千代与菲莉希亚留在现代，为倒下的彩羽供给魔力；从小阿尔处听见消息的魔法少女也陆续聚集到万年樱之传闻。＠众人想利用“摧毁镜子即可重置对过去的篡改”这一机制，却担心会影响彩羽灵魂，始终无法实行。＠八千代准备提出自己的方案，但维持彩羽所需魔力过于庞大，她反而先倒下。众人因情况恶化而动摇时，Puella Care赶到，决定协助维持彩羽的存在。	八千代与菲莉希亚留在现代，为倒下的彩羽供给魔力；从小阿尔处听见消息的魔法少女也陆续聚集到万年樱的传闻。＠众人想利用“摧毁镜子即可重置对过去的篡改”这一机制，却担心会影响彩羽灵魂，始终无法实行。＠八千代准备提出自己的方案，但维持彩羽所需魔力过于庞大，她反而先倒下。众人因情况恶化而动摇时，Puella Care赶到，决定协助维持彩羽的存在。	official_cn_character_name	magica/i18n_audit/release_v26_authority/pass18_authority_corrections.tsv#P18-00804	pass18_authority_applied
sectionList.json	103405	outline	みんなが、グリーフシードを手に入れるために魔女を捜しに行く中、体の張りどころのなく、嘆いているかごめ。＠ところが、桜子が“瀬奈みこと”の本を持って戻ってくると、かごめは自身の“情報を収集する力”を使って、みことがいろはを裏切っていないか内容を探ることになった。＠しかし、記録されたみことの逆鱗に触れたかごめは、本の中に捕われてしまう。＠そこで彼女が知ったのは、みことはいろはを裏切るどころか力を貸しているということ。そして、万年桜のうわさの中に、魔女が気づかずに存在しているということだった。	众人为获得悲叹之种出发寻找魔女，笼目却觉得自己没有能够拼上性命发挥作用的地方，独自叹息。＠樱子带回“濑奈御琴”的书后，笼目运用自己“收集信息的力量”，调查御琴是否背叛彩羽。＠她却触怒记录中的御琴，被困进书中。＠在那里，笼目得知御琴非但没有背叛，反而一直协助彩羽；同时还发现，一只未被察觉的魔女正潜伏在万年樱之传闻中。	众人为获得悲叹之种出发寻找魔女，笼目却觉得自己没有能够拼上性命发挥作用的地方，独自叹息。＠樱子带回“濑奈御琴”的书后，笼目运用自己“收集信息的力量”，调查御琴是否背叛彩羽。＠她却触怒记录中的御琴，被困进书中。＠在那里，笼目得知御琴非但没有背叛，反而一直协助彩羽；同时还发现，一只未被察觉的魔女正潜伏在万年樱的传闻中。	official_cn_character_name	magica/i18n_audit/release_v26_authority/pass18_authority_corrections.tsv#P18-00805	pass18_authority_applied
sectionList.json	103406	outline	やちよたちは、いろはの概念を見つけるために、鏡の魔女と戦った大東区の湖を訪れていた。だが、魂の器に反応はなく、やちよは自分が犠牲になればと悔やむだけだった。＠その後、万年桜のうわさに戻ったやちよたちは、かごめから魔女が侵入していると知らされると、急いで撃破に向かう。＠結果、相手は使い魔だったが、撃破すると魂の器にいろはの概念が戻る…。これらの事実から判明したのは、使い魔がいろはの概念を奪っていることと、調整に使う魔力の塊の影響で、その使い魔にやちよたちが気づきにくい状態になっているということだった。	八千代等人为寻找彩羽概念，来到曾与镜之魔女战斗的大东区湖泊，但灵魂容器没有反应，八千代只是一味后悔，认为当时若由自己牺牲便好了。＠回到万年樱之传闻后，笼目告知有魔女入侵，众人立即前往讨伐。＠对方实际是使魔，打倒后灵魂容器却回收到彩羽概念。由此判明，使魔正在夺取彩羽概念；而用于调整的魔力团块又使八千代等人难以察觉它们。	八千代等人为寻找彩羽概念，来到曾与镜之魔女战斗的大东区湖泊，但灵魂容器没有反应，八千代只是一味后悔，认为当时若由自己牺牲便好了。＠回到万年樱的传闻后，笼目告知有魔女入侵，众人立即前往讨伐。＠对方实际是使魔，打倒后灵魂容器却回收到彩羽概念。由此判明，使魔正在夺取彩羽概念；而用于调整的魔力团块又使八千代等人难以察觉它们。	official_cn_character_name	magica/i18n_audit/release_v26_authority/pass18_authority_corrections.tsv#P18-00806	pass18_authority_applied
sectionList.json	103802	message	ねえドルマ…戦いが終わったら＠バター茶をいっぱい飲みましょう	喂，多尔玛……等战斗结束以后，＠我们一起喝好多好多酥油茶吧。	喂，卓玛……等战斗结束以后，＠我们一起喝好多好多酥油茶吧。	第二权威：Wiki	magireco-wiki-data@42641f87818b/data/characters.json:15087-15152	higher_authority_applied
sectionList.json	104201	outline	『自分以外の時間が止まる』…“愛生まばゆ”は意図しない時間の停止に翻弄され始めた。以来、まばゆは瀕死だったネコ（エイミー）の回復、時間停止後の爆発、結界への侵入といった事象を経験しながら、時間停止の原因を探っていた。＠その後、時間停止中に動ける者を追ったまばゆは、クラスメイトの“巴マミ”を目撃。そこで“佐倉杏子”“暁美ほむら”“鹿目まどか”といった少女たちによる激しい戦いに巻き込まれると、魔女や魔法少女の存在を知るに至った。＠そして、まばゆは時間停止の原因を彼女たちに求めて再び結界の中に入ったが、その魔女の手下に殺されてしまった。	“除自己以外的时间全部停止”……爱生真昼开始被意外发动的时间停止玩弄。此后，她经历了治愈濒死猫咪艾米、时间停止后发生爆炸、进入结界等事件，一直寻找时间停止的原因。＠真昼追踪能够在静止时间中行动的人，目击同班同学巴麻美，并被卷入佐仓杏子、晓美焰、鹿目圆等少女的激烈战斗，由此得知魔女与魔法少女的存在。＠她再次进入结界，想从这些人身上寻找时间停止的原因，却遭魔女手下杀害。	“除自己以外的时间全部停止”……爱生眩开始被意外发动的时间停止玩弄。此后，她经历了治愈濒死猫咪艾米、时间停止后发生爆炸、进入结界等事件，一直寻找时间停止的原因。＠眩追踪能够在静止时间中行动的人，目击同班同学巴麻美，并被卷入佐仓杏子、晓美焰、鹿目圆等少女的激烈战斗，由此得知魔女与魔法少女的存在。＠她再次进入结界，想从这些人身上寻找时间停止的原因，却遭魔女手下杀害。	第二权威：Wiki	magireco-wiki-data@42641f87818b/data/characters.json:11109-11150	higher_authority_applied
sectionList.json	104202	outline	１ヶ月前に戻ったまばゆ。初対面のキュゥべえから知ったのは、自身が魔法少女で願いも覚えていないということや、光を操る魔法で光学迷彩などが使えること。＠その後、姿を隠しながらほむらたちに近づき、自身がほむらの時間停止と時間遡行に巻き込まれていると知ったまばゆ。魔法少女の真実を知るほむらがマミたちに認めてもらうために努力する姿や、魔法少女になったさやかが自身と周りを比較しながら真実に打ちのめされる姿を目撃する。＠そして、傍観者をやめようとするも、ワルプルギスの夜を倒せないと知ったまばゆは、次のループに未来を委ねた。	真昼回到一个月前。初次见面的丘比告诉她：她本来就是魔法少女，却完全不记得自己的愿望；她能够操纵光，也能使用光学迷彩。＠真昼隐藏身形接近焰等人，得知自己一直被卷入焰的时间停止与时间回溯。她目睹知晓魔法少女真相的焰努力争取麻美等人信任，也看见成为魔法少女的沙耶香不断与周围比较，最终被真相击垮。＠她想停止旁观，却得知众人仍无法打败魔女之夜，只能把未来托付给下一次轮回。	眩回到一个月前。初次见面的丘比告诉她：她本来就是魔法少女，却完全不记得自己的愿望；她能够操纵光，也能使用光学迷彩。＠眩隐藏身形接近焰等人，得知自己一直被卷入焰的时间停止与时间回溯。她目睹知晓魔法少女真相的焰努力争取麻美等人信任，也看见成为魔法少女的沙耶香不断与周围比较，最终被真相击垮。＠她想停止旁观，却得知众人仍无法打败魔女之夜，只能把未来托付给下一次轮回。	第二权威：Wiki	magireco-wiki-data@42641f87818b/data/characters.json:11109-11150	higher_authority_applied
sectionList.json	104203	outline	ほむらはまどかを救うために時間を繰り返している。真実を知ったまばゆは、ほむらの前に出ようとした。だが、変容したほむらがキュゥべえを消す様子を見るとためらってしまう。＠その後、キュゥべえが複数存在し、まどかが契約する危機が迫ると、まばゆは遂にほむらの前に姿を現して状況を伝える。だがそれは、覗きを告白し嫌悪されるのに等しい状況だった。＠それでもまばゆは、魔女に苦戦するまどかを助け、契約をしたまどかと距離を取ろうとするほむらを叱咤し、自身の魔法で未来を見ると、その未来をなぞってほむらを救い自分の命を失う。＠まどかを想うほむらを尊敬していたからこその行動だった。	焰为了拯救小圆不断重复时间。得知真相的真昼想主动出现在焰面前，却看见性情已经改变的焰消灭丘比，因而犹豫。＠后来，她得知丘比存在多个个体，小圆即将面临签约危机，终于现身告知焰情况；但这几乎等同于承认自己一直在偷窥，招致焰的厌恶。＠即便如此，真昼仍帮助苦战魔女的小圆，斥责想与已经签约的小圆保持距离的焰；又以自己的魔法看见未来，循着未来行动救下焰，最终失去生命。＠这一切，只因为她一直敬佩深爱小圆的焰。	焰为了拯救小圆不断重复时间。得知真相的眩想主动出现在焰面前，却看见性情已经改变的焰消灭丘比，因而犹豫。＠后来，她得知丘比存在多个个体，小圆即将面临签约危机，终于现身告知焰情况；但这几乎等同于承认自己一直在偷窥，招致焰的厌恶。＠即便如此，眩仍帮助苦战魔女的小圆，斥责想与已经签约的小圆保持距离的焰；又以自己的魔法看见未来，循着未来行动救下焰，最终失去生命。＠这一切，只因为她一直敬佩深爱小圆的焰。	第二权威：Wiki	magireco-wiki-data@42641f87818b/data/characters.json:11109-11150	higher_authority_applied
sectionList.json	104204	outline	ほむらの時間遡行によって生還したまばゆ。変えられない最善の未来を視る“未来予知”でほむらを支えるも、まどかはキュゥべえと契約をしてしまった。＠「あの魔女を、絶望から解き放って欲しい」という願いで生まれた“百江なぎさ”だったが、マミの死を知ると、自分がマミを殺したことを確信。加えて杏子を殺したことで罪悪感に苛まれていった。＠その過程で占い師の母との過去を思い出すまばゆ。さらに“記憶のフィルムを切り取る”力を思い出すと、それでなぎさの心を救い、皆でワルプルギスの夜との戦いに挑んだ。	焰通过时间回溯让真昼复活。真昼以能够看见“无法改变的最佳未来”的预知能力支援焰，小圆却仍与丘比签约。＠百江渚以“请把那只魔女从绝望中解放”为愿望诞生，但得知麻美死亡后，认定是自己杀了麻美；又因杀死杏子而深受罪恶感折磨。＠真昼在此过程中回想起与占卜师母亲的过去，也记起“剪除记忆胶片”的力量。她用这份力量拯救渚的内心，随后众人一同挑战魔女之夜。	焰通过时间回溯让眩复活。眩以能够看见“无法改变的最佳未来”的预知能力支援焰，小圆却仍与丘比签约。＠百江渚以“请把那只魔女从绝望中解放”为愿望诞生，但得知麻美死亡后，认定是自己杀了麻美；又因杀死杏子而深受罪恶感折磨。＠眩在此过程中回想起与占卜师母亲的过去，也记起“剪除记忆胶片”的力量。她用这份力量拯救渚的内心，随后众人一同挑战魔女之夜。	第二权威：Wiki	magireco-wiki-data@42641f87818b/data/characters.json:11109-11150	higher_authority_applied
sectionList.json	104205	outline	なぎさとは二度と会えない。それを理解した上で、ほむらはまどかが魔女と接触しないように動き、まばゆはまどかの契約を防ぐ鍵を探るために、さやかをレコンパンスのお手伝いとして迎えた。＠ところが、病院に度々見舞いに行っていたさやかが魔法少女になると、それに乗じてキュゥべえがまどかと接触。事態の悪化を懸念したほむらがさやかの前に出るものの警戒され、まばゆも魔法少女だと知られると不信を買ってしまった。＠以降、ワルプルギスの夜との戦いまでに溝は埋まらず、まばゆたちは、戦いの中で時を繰り返すことを決意した。	真昼与渚再也无法相见。明知如此，焰仍努力阻止小圆接触魔女；真昼则为了寻找阻止小圆签约的关键，邀请沙耶香到Recompense帮忙。＠经常去医院探望的沙耶香最终成为魔法少女，丘比趁机接触小圆。焰担心事态恶化而出现在沙耶香面前，却遭对方警戒；真昼的魔法少女身份暴露后，也失去信任。＠直到挑战魔女之夜前，双方隔阂仍未消除。真昼等人最终决定在战斗中重新启动时间轮回。	眩与渚再也无法相见。明知如此，焰仍努力阻止小圆接触魔女；眩则为了寻找阻止小圆签约的关键，邀请沙耶香到Recompense帮忙。＠经常去医院探望的沙耶香最终成为魔法少女，丘比趁机接触小圆。焰担心事态恶化而出现在沙耶香面前，却遭对方警戒；眩的魔法少女身份暴露后，也失去信任。＠直到挑战魔女之夜前，双方隔阂仍未消除。眩等人最终决定在战斗中重新启动时间轮回。	第二权威：Wiki	magireco-wiki-data@42641f87818b/data/characters.json:11109-11150	higher_authority_applied
sectionList.json	104206	outline	同じ時の中で起きる出来事のフローチャート。それを生かしつつまどかの契約を防ぐため、まばゆは再びさやかをレコンパンスのお手伝いに誘った。＠日々、お見舞いに行くさやかを尾けながら“恭介を治す”という彼女の願いや“恋心”へと迫っていくまばゆ。恭介に恋心を打ち明けるという仁美の告白に揺れるさやかと話す中で、彼女は自身の恋心に対して覚悟を決めていった。＠ところが、さやかは人間ではない自分に嘆くとソウルジェムを捨てて死んでしまい、まどかがさやかを救うために魔法少女になる。そして、ワルプルギスの夜へと挑んでいった。	真昼掌握着同一段时间中发生事件的流程图。为了利用这些信息阻止小圆签约，她再次邀请沙耶香到Recompense帮忙。＠真昼每天跟踪前往医院探望的沙耶香，逐渐接近她“治好恭介”的愿望与恋心。仁美宣布将向恭介告白，沙耶香因此动摇；与真昼交谈后，她终于决心面对自己的感情。＠然而沙耶香悲叹自己已非人类，扔掉灵魂宝石而死；小圆为了救她成为魔法少女，并走向魔女之夜。	眩掌握着同一段时间中发生事件的流程图。为了利用这些信息阻止小圆签约，她再次邀请沙耶香到Recompense帮忙。＠眩每天跟踪前往医院探望的沙耶香，逐渐接近她“治好恭介”的愿望与恋心。仁美宣布将向恭介告白，沙耶香因此动摇；与眩交谈后，她终于决心面对自己的感情。＠然而沙耶香悲叹自己已非人类，扔掉灵魂宝石而死；小圆为了救她成为魔法少女，并走向魔女之夜。	第二权威：Wiki	magireco-wiki-data@42641f87818b/data/characters.json:11109-11150	higher_authority_applied
sectionList.json	104207	outline	恭介のケガが治らないことは承知で、さやかに契約をさせないことを誓うまばゆ。信頼を勝ち取れる自信があった。＠まばゆは繰り返してきた経験や、知っているさやかの性分を利用して、契約を迷うさやかが契約しない方へと誘導する。＠ところが、キュゥべえによって自身が魔法少女であると知られると、憤慨したさやかは魔法少女になってしまう。＠友だち面でさやかを操った自分に嫌悪するまばゆだったが、ほむらに叱咤されると、さやかに自分の思いの丈をぶつけ、ワルプルギスの夜に挑むと散っていった。	真昼明知恭介的伤无法治愈，仍发誓绝不让沙耶香签约，并相信自己有能力赢得她的信任。＠她利用重复轮回积累的经验，以及对沙耶香性格的了解，引导犹豫不决的沙耶香选择不签约。＠丘比却揭露真昼也是魔法少女，愤怒的沙耶香随即签下契约。＠真昼厌恶自己装作朋友操控沙耶香，但受到焰斥责后，向沙耶香倾诉全部真心，随后挑战魔女之夜并战死。	眩明知恭介的伤无法治愈，仍发誓绝不让沙耶香签约，并相信自己有能力赢得她的信任。＠她利用重复轮回积累的经验，以及对沙耶香性格的了解，引导犹豫不决的沙耶香选择不签约。＠丘比却揭露眩也是魔法少女，愤怒的沙耶香随即签下契约。＠眩厌恶自己装作朋友操控沙耶香，但受到焰斥责后，向沙耶香倾诉全部真心，随后挑战魔女之夜并战死。	第二权威：Wiki	magireco-wiki-data@42641f87818b/data/characters.json:11109-11150	higher_authority_applied
sectionList.json	104208	outline	同じ時間を繰り返すことで、身近だった人たちとの心が離れていく実感をするまばゆ。＠彼女は恭介に八つ当たりされた記憶をカットすることで、さやかが魔法少女の契約を決めるトリガーを消し去り、まどかが契約する動機も削ることに成功した。＠ところが、ワルプルギスの夜との戦いの日…。ほむらの様子を見たまどかは魔法少女の契約を果たしてしまう。この時、彼女は既にキュゥべえのエネルギー回収ノルマを概ね達成できるだけの因果を背負っていた。	不断重复相同时间，让真昼感到自己与曾经亲近的人逐渐疏远。＠她剪掉恭介迁怒沙耶香的记忆，消除了促使沙耶香签约的触发点，也削弱了小圆签约的理由。＠然而魔女之夜来临当天，小圆看见焰的模样后，仍与丘比签约。此时，她身上已经累积了足够丘比完成大部分能量回收目标的庞大因果。	不断重复相同时间，让眩感到自己与曾经亲近的人逐渐疏远。＠她剪掉恭介迁怒沙耶香的记忆，消除了促使沙耶香签约的触发点，也削弱了小圆签约的理由。＠然而魔女之夜来临当天，小圆看见焰的模样后，仍与丘比签约。此时，她身上已经累积了足够丘比完成大部分能量回收目标的庞大因果。	第二权威：Wiki	magireco-wiki-data@42641f87818b/data/characters.json:11109-11150	higher_authority_applied
sectionList.json	104209	outline	まどかの契約回避には、ワルプルギスの夜を倒す必要がある。そのキーマンと言われたまばゆの未来視と、ほむらによる特訓が加わることで、ふたりは効率的に魔女を倒しながら、グリーフシードを最大限蓄えていった。＠しかし、それでもまだワルプルギスの夜を越えられない。＠この時、まばゆは自分がなんのために戦っているのか、折に触れて考え始めていた。	要避免小圆签约，就必须打倒魔女之夜。真昼被视作关键的未来视能力，再加上焰的训练，让两人能够高效讨伐魔女，尽可能储备悲叹之种。＠即便如此，她们仍无法跨越魔女之夜。＠这段时期，真昼开始不断思考：自己究竟是为了什么而战。	要避免小圆签约，就必须打倒魔女之夜。眩被视作关键的未来视能力，再加上焰的训练，让两人能够高效讨伐魔女，尽可能储备悲叹之种。＠即便如此，她们仍无法跨越魔女之夜。＠这段时期，眩开始不断思考：自己究竟是为了什么而战。	第二权威：Wiki	magireco-wiki-data@42641f87818b/data/characters.json:11109-11150	higher_authority_applied
sectionList.json	104210	outline	少しずつ戦えるようになってきたまばゆは、ほむらの提案でより多くのグリーフシードを得るために遠征を開始する。＠遠征先で魔女を倒すと現れたのは杏子。風見野のテリトリーを荒らされて怒る彼女はほむらに対して猛攻。まばゆはほむらを守ろうとして飛び出すと杏子の攻撃を受けて死んでしまった。	真昼逐渐具备战斗能力，在焰建议下，为获得更多悲叹之种开始远征。＠她们在远征地打倒魔女后遇见杏子。杏子因自己的风见野地盘遭侵入而愤怒，对焰发动猛攻。真昼为保护焰冲上前，被杏子攻击而死。	眩逐渐具备战斗能力，在焰建议下，为获得更多悲叹之种开始远征。＠她们在远征地打倒魔女后遇见杏子。杏子因自己的风见野地盘遭侵入而愤怒，对焰发动猛攻。眩为保护焰冲上前，被杏子攻击而死。	第二权威：Wiki	magireco-wiki-data@42641f87818b/data/characters.json:11109-11150	higher_authority_applied
sectionList.json	104211	outline	引き続きワルプルギスの夜を倒すためにグリーフシードを集めるまばゆとほむら。まばゆはひとりで魔女を倒せる力を身に付け、ほむらも杏子から逃げつつ効率的に動けるようになっていた。＠そうした中でまばゆは、自分が命掛けで魔女と戦う理由は、ほむらに憧れていたからだと結論付け、ワルプルギスの夜に挑む準備を進めていく。＠だが、再びまどかは魔法少女としてワルプルギスの夜を倒すと魔女になる。その魔女が成長した理由を理解したキュゥべえは、まばゆがまどかの代わりになれると言っていた。	真昼与焰继续为打倒魔女之夜收集悲叹之种。真昼已经能够独自讨伐魔女，焰也学会躲避杏子、提高行动效率。＠真昼最终认为，自己之所以赌命与魔女战斗，是因为一直憧憬焰，于是继续准备迎战魔女之夜。＠然而小圆再次以魔法少女之姿打倒魔女之夜，随后化为魔女。丘比理解这只魔女为何不断成长，并表示真昼也可能成为小圆的替代者。	眩与焰继续为打倒魔女之夜收集悲叹之种。眩已经能够独自讨伐魔女，焰也学会躲避杏子、提高行动效率。＠眩最终认为，自己之所以赌命与魔女战斗，是因为一直憧憬焰，于是继续准备迎战魔女之夜。＠然而小圆再次以魔法少女之姿打倒魔女之夜，随后化为魔女。丘比理解这只魔女为何不断成长，并表示眩也可能成为小圆的替代者。	第二权威：Wiki	magireco-wiki-data@42641f87818b/data/characters.json:11109-11150	higher_authority_applied
sectionList.json	104212	outline	マミを仲間にする提案をほむらに一蹴されたまばゆ。その後、魔女化を知ったマミの記憶を消そうとした彼女は、マミの中に知らない自分を見た。それはマミと共に戦いつつ、少女を魔法少女に勧誘して魔女にしていた罪の記憶だった。＠自分だけ記憶を消した事実に沈むまばゆを救ったのはまどか。彼女の願いで見えたのは、失われた１周目とみんなが救われる未来。１周目のまばゆはその救われる未来へ進むため、自分とキュゥべえから魔法少女の記憶を消していた。＠すべてを思い出したまばゆは、マミを救うために記憶を消してワルプルギスの夜に挑むと、最後のループへ挑む…。	真昼提议把麻美拉入伙伴，却遭焰一口拒绝。后来，她想删除麻美得知魔女化真相的记忆，却在麻美心中看见一个自己完全不认识的“真昼”——那是与麻美并肩战斗，同时招募少女成为魔法少女、最终让她们化作魔女的罪恶记忆。＠真昼因只有自己删除过记忆的事实陷入低谷，是小圆救了她。通过小圆的愿望，她看见失落的第一轮回，以及所有人都能获救的未来。第一轮回中的真昼为了走向那条未来，曾删除自己与丘比关于魔法少女的记忆。＠恢复全部记忆后，真昼为拯救麻美再次删除记忆，挑战魔女之夜，并迈向最后一次轮回……	眩提议把麻美拉入伙伴，却遭焰一口拒绝。后来，她想删除麻美得知魔女化真相的记忆，却在麻美心中看见一个自己完全不认识的“眩”——那是与麻美并肩战斗，同时招募少女成为魔法少女、最终让她们化作魔女的罪恶记忆。＠眩因只有自己删除过记忆的事实陷入低谷，是小圆救了她。通过小圆的愿望，她看见失落的第一轮回，以及所有人都能获救的未来。第一轮回中的眩为了走向那条未来，曾删除自己与丘比关于魔法少女的记忆。＠恢复全部记忆后，眩为拯救麻美再次删除记忆，挑战魔女之夜，并迈向最后一次轮回……	第二权威：Wiki	magireco-wiki-data@42641f87818b/data/characters.json:11109-11150	higher_authority_applied
sectionList.json	104213	outline	マミを仲間にする提案をほむらに一蹴されたまばゆ。その後、魔女化を知ったマミの記憶を消そうとした彼女は、マミの中に知らない自分を見た。それはマミと共に戦いつつ、少女を魔法少女に勧誘して魔女にしていた罪の記憶だった。＠自分だけ記憶を消した事実に沈むまばゆを救ったのはまどか。彼女の願いで見えたのは、失われた１周目とみんなが救われる未来。１周目のまばゆはその救われる未来へ進むため、自分とキュゥべえから魔法少女の記憶を消していた。＠すべてを思い出したまばゆは、マミを救うために記憶を消してワルプルギスの夜に挑むと、最後のループへ挑む…。	真昼提议把麻美拉入伙伴，却遭焰一口拒绝。后来，她想删除麻美得知魔女化真相的记忆，却在麻美心中看见一个自己完全不认识的“真昼”——那是与麻美并肩战斗，同时招募少女成为魔法少女、最终让她们化作魔女的罪恶记忆。＠真昼因只有自己删除过记忆的事实陷入低谷，是小圆救了她。通过小圆的愿望，她看见失落的第一轮回，以及所有人都能获救的未来。第一轮回中的真昼为了走向那条未来，曾删除自己与丘比关于魔法少女的记忆。＠恢复全部记忆后，真昼为拯救麻美再次删除记忆，挑战魔女之夜，并迈向最后一次轮回……	眩提议把麻美拉入伙伴，却遭焰一口拒绝。后来，她想删除麻美得知魔女化真相的记忆，却在麻美心中看见一个自己完全不认识的“眩”——那是与麻美并肩战斗，同时招募少女成为魔法少女、最终让她们化作魔女的罪恶记忆。＠眩因只有自己删除过记忆的事实陷入低谷，是小圆救了她。通过小圆的愿望，她看见失落的第一轮回，以及所有人都能获救的未来。第一轮回中的眩为了走向那条未来，曾删除自己与丘比关于魔法少女的记忆。＠恢复全部记忆后，眩为拯救麻美再次删除记忆，挑战魔女之夜，并迈向最后一次轮回……	第二权威：Wiki	magireco-wiki-data@42641f87818b/data/characters.json:11109-11150	higher_authority_applied
sectionList.json	104214	outline	マミを仲間にする提案をほむらに一蹴されたまばゆ。その後、魔女化を知ったマミの記憶を消そうとした彼女は、マミの中に知らない自分を見た。それはマミと共に戦いつつ、少女を魔法少女に勧誘して魔女にしていた罪の記憶だった。＠自分だけ記憶を消した事実に沈むまばゆを救ったのはまどか。彼女の願いで見えたのは、失われた１周目とみんなが救われる未来。１周目のまばゆはその救われる未来へ進むため、自分とキュゥべえから魔法少女の記憶を消していた。＠すべてを思い出したまばゆは、マミを救うために記憶を消してワルプルギスの夜に挑むと、最後のループへ挑む…。	真昼提议把麻美拉入伙伴，却遭焰一口拒绝。后来，她想删除麻美得知魔女化真相的记忆，却在麻美心中看见一个自己完全不认识的“真昼”——那是与麻美并肩战斗，同时招募少女成为魔法少女、最终让她们化作魔女的罪恶记忆。＠真昼因只有自己删除过记忆的事实陷入低谷，是小圆救了她。通过小圆的愿望，她看见失落的第一轮回，以及所有人都能获救的未来。第一轮回中的真昼为了走向那条未来，曾删除自己与丘比关于魔法少女的记忆。＠恢复全部记忆后，真昼为拯救麻美再次删除记忆，挑战魔女之夜，并迈向最后一次轮回……	眩提议把麻美拉入伙伴，却遭焰一口拒绝。后来，她想删除麻美得知魔女化真相的记忆，却在麻美心中看见一个自己完全不认识的“眩”——那是与麻美并肩战斗，同时招募少女成为魔法少女、最终让她们化作魔女的罪恶记忆。＠眩因只有自己删除过记忆的事实陷入低谷，是小圆救了她。通过小圆的愿望，她看见失落的第一轮回，以及所有人都能获救的未来。第一轮回中的眩为了走向那条未来，曾删除自己与丘比关于魔法少女的记忆。＠恢复全部记忆后，眩为拯救麻美再次删除记忆，挑战魔女之夜，并迈向最后一次轮回……	第二权威：Wiki	magireco-wiki-data@42641f87818b/data/characters.json:11109-11150	higher_authority_applied
sectionList.json	104216	outline	『自分以外の時間が止まる』…“愛生まばゆ”は意図しない時間の停止に翻弄され始めた。以来、まばゆは瀕死だったネコ（エイミー）の回復、時間停止後の爆発、結界への侵入といった事象を経験しながら、時間停止の原因を探っていた。＠その後、時間停止中に動ける者を追ったまばゆは、クラスメイトの“巴マミ”を目撃。そこで“佐倉杏子”“暁美ほむら”“鹿目まどか”といった少女たちによる激しい戦いに巻き込まれると、魔女や魔法少女の存在を知るに至った。＠そして、まばゆは時間停止の原因を彼女たちに求めて再び結界の中に入ったが、その魔女の手下に殺されてしまった。	“除自己以外的时间全部停止”……爱生真昼开始被意外发动的时间停止玩弄。此后，她经历了治愈濒死猫咪艾米、时间停止后发生爆炸、进入结界等事件，一直寻找时间停止的原因。＠真昼追踪能够在静止时间中行动的人，目击同班同学巴麻美，并被卷入佐仓杏子、晓美焰、鹿目圆等少女的激烈战斗，由此得知魔女与魔法少女的存在。＠她再次进入结界，想从这些人身上寻找时间停止的原因，却遭魔女手下杀害。	“除自己以外的时间全部停止”……爱生眩开始被意外发动的时间停止玩弄。此后，她经历了治愈濒死猫咪艾米、时间停止后发生爆炸、进入结界等事件，一直寻找时间停止的原因。＠眩追踪能够在静止时间中行动的人，目击同班同学巴麻美，并被卷入佐仓杏子、晓美焰、鹿目圆等少女的激烈战斗，由此得知魔女与魔法少女的存在。＠她再次进入结界，想从这些人身上寻找时间停止的原因，却遭魔女手下杀害。	第二权威：Wiki	magireco-wiki-data@42641f87818b/data/characters.json:11109-11150	higher_authority_applied
sectionList.json	104217	outline	マミを仲間にする提案をほむらに一蹴されたまばゆ。その後、魔女化を知ったマミの記憶を消そうとした彼女は、マミの中に知らない自分を見た。それはマミと共に戦いつつ、少女を魔法少女に勧誘して魔女にしていた罪の記憶だった。＠自分だけ記憶を消した事実に沈むまばゆを救ったのはまどか。彼女の願いで見えたのは、失われた１周目とみんなが救われる未来。１周目のまばゆはその救われる未来へ進むため、自分とキュゥべえから魔法少女の記憶を消していた。＠すべてを思い出したまばゆは、マミを救うために記憶を消してワルプルギスの夜に挑むと、最後のループへ挑む…。	真昼提议把麻美拉入伙伴，却遭焰一口拒绝。后来，她想删除麻美得知魔女化真相的记忆，却在麻美心中看见一个自己完全不认识的“真昼”——那是与麻美并肩战斗，同时招募少女成为魔法少女、最终让她们化作魔女的罪恶记忆。＠真昼因只有自己删除过记忆的事实陷入低谷，是小圆救了她。通过小圆的愿望，她看见失落的第一轮回，以及所有人都能获救的未来。第一轮回中的真昼为了走向那条未来，曾删除自己与丘比关于魔法少女的记忆。＠恢复全部记忆后，真昼为拯救麻美再次删除记忆，挑战魔女之夜，并迈向最后一次轮回……	眩提议把麻美拉入伙伴，却遭焰一口拒绝。后来，她想删除麻美得知魔女化真相的记忆，却在麻美心中看见一个自己完全不认识的“眩”——那是与麻美并肩战斗，同时招募少女成为魔法少女、最终让她们化作魔女的罪恶记忆。＠眩因只有自己删除过记忆的事实陷入低谷，是小圆救了她。通过小圆的愿望，她看见失落的第一轮回，以及所有人都能获救的未来。第一轮回中的眩为了走向那条未来，曾删除自己与丘比关于魔法少女的记忆。＠恢复全部记忆后，眩为拯救麻美再次删除记忆，挑战魔女之夜，并迈向最后一次轮回……	第二权威：Wiki	magireco-wiki-data@42641f87818b/data/characters.json:11109-11150	higher_authority_applied
sectionList.json	207101	outline	神浜市を大災害に巻き込んだ魔女との戦いを終え、マギウスの翼も無くなったあと、神浜市の魔法少女たちは“神浜マギアユニオン”という互助組織を結成していた。＠多くの魔法少女が参加する中、一部の魔法少女は、それぞれの理由から参加を見送り、グループからは一定の距離を保ってきた。＠ところが、神浜市外からやってきた魔法少女たちが牙を剥いたことで、彼女たちはひとつの決断を迫られることになる。	结束导致神滨陷入大灾害的魔女之战、玛吉斯之翼也消失后，神滨魔法少女成立了互助组织“神滨Magia Union”。＠大量魔法少女加入其中，但也有一部分人因各自理由暂不参加，与组织保持一定距离。＠来自神滨市外的魔法少女突然露出獠牙，让这些旁观者也不得不作出选择。	结束导致神滨陷入大灾害的魔女之战、玛吉斯之翼也消失后，神滨魔法少女成立了互助组织“神滨魔法联盟”。＠大量魔法少女加入其中，但也有一部分人因各自理由暂不参加，与组织保持一定距离。＠来自神滨市外的魔法少女突然露出獠牙，让这些旁观者也不得不作出选择。	wiki_exact_organization	magica/i18n_audit/release_v26_authority/pass18_authority_corrections.tsv#P18-00807	pass18_authority_applied
sectionList.json	207102	outline	見知らぬ魔法少女たちに突如襲われたこのは・葉月・あやめ。的確にソウルジェムを狙ってくる襲撃者たちを倒すと「神浜の魔法少女を絶対に許さない」と言い残しては去っていった。嫌な予感を得た葉月は、情報収集のため、彼女たちと同じく神浜マギアユニオンに所属していないななかと接触する。＠一方その頃、あやめやかこたち、神浜マギアユニオンに所属していない魔法少女たちも、それぞれに抱えた悩みと向き合おうとしていた	木叶、叶月与菖蒲突然遭陌生魔法少女袭击。她们击败精准瞄准灵魂宝石的袭击者后，对方留下“绝对不会原谅神滨的魔法少女”便离去。叶月产生不祥预感，为收集情报而接触同样没有加入神滨Magia Union的七七香。＠与此同时，菖蒲、花子以及其他未加入Union的魔法少女，也正各自面对心中的烦恼。	木叶、叶月与菖蒲突然遭陌生魔法少女袭击。她们击败精准瞄准灵魂宝石的袭击者后，对方留下“绝对不会原谅神滨的魔法少女”便离去。叶月产生不祥预感，为收集情报而接触同样没有加入神滨魔法联盟的七七香。＠与此同时，菖蒲、花子以及其他未加入Union的魔法少女，也正各自面对心中的烦恼。	wiki_exact_organization	magica/i18n_audit/release_v26_authority/pass18_authority_corrections.tsv#P18-00809	pass18_authority_applied
sectionList.json	207103	outline	平穏が破られたことを悟った神浜マギアユニオンに所属していない魔法少女たち。平穏だった頃と同じ対応ではいられないことを悟った彼女たちは、仲間と話したことで、自分がすべきこと・したいことを己の意思で決める。一方、神浜マギアユニオンに“チームとして所属しない”ことを貫いていたななかはこの事態を受けて対応を変える決意をしていた…	没有加入神滨Magia Union的魔法少女们也意识到，平静已经被打破。既然不能再像和平时期那样应对，她们便通过与伙伴交谈，亲自决定自己应当做什么、想要做什么。另一方面，一直坚持“不以团队形式加入Union”的七七香，也因这场事态决定改变自己的处事方式……	没有加入神滨魔法联盟的魔法少女们也意识到，平静已经被打破。既然不能再像和平时期那样应对，她们便通过与伙伴交谈，亲自决定自己应当做什么、想要做什么。另一方面，一直坚持“不以团队形式加入Union”的七七香，也因这场事态决定改变自己的处事方式……	wiki_exact_organization	magica/i18n_audit/release_v26_authority/pass18_authority_corrections.tsv#P18-00810	pass18_authority_applied
sectionList.json	207201	outline	神浜マギアユニオンに所属していなかった魔法少女たちは、それぞれ異なった選択をした。＠参加はしなくてもいいから困っているときには助けになりたいと考え、このはや葉月と話し合うあやめ。チームとして神浜マギアユニオンとの橋渡し役を買って出たあきら。神浜マギアユニオンを内部から観察し、いち早く情報をつかみたいと考える美雨。ひとり、すぐには答えを出せないかこは、自分にできることをちゃんと見つけなければと考えるのだった。	原本没有加入神滨Magia Union的魔法少女们，各自作出不同选择。＠菖蒲与木叶、叶月商量后认为，即使不正式加入，也想在Union遇到困难时伸出援手；明则主动承担起团队与Union之间的桥梁；美雨希望从内部观察Union，抢先掌握情报。唯独花子还无法立刻给出答案，只能告诉自己，必须认真找到真正能够做到的事。	原本没有加入神滨魔法联盟的魔法少女们，各自作出不同选择。＠菖蒲与木叶、叶月商量后认为，即使不正式加入，也想在Union遇到困难时伸出援手；明则主动承担起团队与Union之间的桥梁；美雨希望从内部观察Union，抢先掌握情报。唯独花子还无法立刻给出答案，只能告诉自己，必须认真找到真正能够做到的事。	wiki_exact_organization	magica/i18n_audit/release_v26_authority/pass18_authority_corrections.tsv#P18-00811	pass18_authority_applied
sectionList.json	207202	outline	ネオマギウスが事実上崩壊したのち、神浜マギアユニオンに参加することになった時雨とはぐむ。ふたりは神浜マギアユニオン内での身の振り方を決めあぐねていた。＠そんな折、ふたりは「東の魔法少女がプロミストブラッドと手を組んでいる」という噂を耳にする。これが事実なら、東と西の魔法少女が再び対立してしまうのではないか。時雨とはぐむは不安を抱き、十七夜のもとを訪ねることにした。	Neo-Magius事实上瓦解后，时雨与育梦加入了神滨Magia Union，却始终无法决定应当以怎样的方式立足。＠这时，两人听见“东区魔法少女正在与Promised Blood联手”的传言。如果属实，东区与西区是否会再次对立？怀着不安，时雨与育梦决定前去拜访十七夜。	Neo-Magius事实上瓦解后，时雨与育梦加入了神滨魔法联盟，却始终无法决定应当以怎样的方式立足。＠这时，两人听见“东区魔法少女正在与PROMISED BLOOD联手”的传言。如果属实，东区与西区是否会再次对立？怀着不安，时雨与育梦决定前去拜访十七夜。	wiki_exact_organization	magica/i18n_audit/release_v26_authority/pass18_authority_corrections.tsv#P18-00812	pass18_authority_applied
sectionList.json	207203	outline	十七夜の手引きで、東の魔法少女たちのもとを訪ねた時雨とはぐむ。黙ってマギウスの翼へ出奔した時雨とはぐむを、東の魔法少女たちは暖かく迎えいれた。＠「神浜マギアユニオンの一員として、仲良くしてほしい」という十七夜の言葉を、自責の念と“魔法少女至上主義”への思いから受け入れられない時雨とはぐむ。その様子をみた十七夜は、東の魔法少女たちを招集するのだった。	在十七夜引导下，时雨与育梦来到东区魔法少女身边。尽管两人过去不告而别、投奔玛吉斯之翼，东区众人仍温暖地欢迎她们回来。＠十七夜希望两人“作为神滨Magia Union成员，与大家好好相处”，但时雨与育梦因自责以及仍未舍弃的“魔法少女至上主义”而无法接受。看见她们的状态，十七夜召集了所有东区魔法少女。	在十七夜引导下，时雨与育梦来到东区魔法少女身边。尽管两人过去不告而别、投奔玛吉斯之翼，东区众人仍温暖地欢迎她们回来。＠十七夜希望两人“作为神滨魔法联盟成员，与大家好好相处”，但时雨与育梦因自责以及仍未舍弃的“魔法少女至上主义”而无法接受。看见她们的状态，十七夜召集了所有东区魔法少女。	wiki_exact_organization	magica/i18n_audit/release_v26_authority/pass18_authority_corrections.tsv#P18-00813	pass18_authority_applied
sectionList.json	207301	outline	“魔法少女至上主義”への思いを捨てられない時雨とはぐむは、東の魔法少女たちによる「お帰りなさい会」に招待されるが居心地の悪さを感じていた。ところが、自分たちを温かく迎え入れる東の魔法少女たちの優しさにほだされていくとふたりは神浜マギアユニオンに所属しつつ、自分たちに賛同してくれる魔法少女を捜すことで、ネオマギウスの再興を目指すことにした。	时雨与育梦仍无法放下对“魔法少女至上主义”的执着。她们受邀参加东区魔法少女举办的“欢迎回来会”，却感到十分不自在。可面对众人毫无保留的温柔接纳，两人的心逐渐软化。最终，她们决定一边留在神滨Magia Union，一边寻找赞同自己理念的魔法少女，尝试重建Neo-Magius。	时雨与育梦仍无法放下对“魔法少女至上主义”的执着。她们受邀参加东区魔法少女举办的“欢迎回来会”，却感到十分不自在。可面对众人毫无保留的温柔接纳，两人的心逐渐软化。最终，她们决定一边留在神滨魔法联盟，一边寻找赞同自己理念的魔法少女，尝试重建Neo-Magius。	wiki_exact_organization	magica/i18n_audit/release_v26_authority/pass18_authority_corrections.tsv#P18-00814	pass18_authority_applied
sectionList.json	207302	outline	プロミストブラッドが計画していた環いろはの殺害計画。＠その失敗の責任を追及されたさくやは、「結菜に、人となりを知る相手を簡単に殺せるようになってほしくなかった」と理由を話すが、樹里に激怒されてしまう。後日、さくやたちプロミストブラッドのメンバーに伝えられた三姉妹の指示は二木に侵入する神浜の魔法少女の目的調査と始末だった。＠一方、樹里から報告を受けた結菜は、さくやの監視役にひかるをつけていた。	Promised Blood曾策划杀死环彩羽。＠计划失败后，咲夜遭到追责。她解释，自己“不希望结菜变成能够轻易杀死已经了解其为人的对象”，却因此激怒树里。数日后，三姐妹向咲夜等成员下达新命令：调查侵入二木的神滨魔法少女目的，并将其处置。＠结菜从树里那里听取报告后，派光负责监视咲夜。	PROMISED BLOOD曾策划杀死环彩羽。＠计划失败后，咲夜遭到追责。她解释，自己“不希望结菜变成能够轻易杀死已经了解其为人的对象”，却因此激怒树里。数日后，三姐妹向咲夜等成员下达新命令：调查侵入二木的神滨魔法少女目的，并将其处置。＠结菜从树里那里听取报告后，派光负责监视咲夜。	wiki_exact_organization	magica/i18n_audit/release_v26_authority/pass18_authority_corrections.tsv#P18-00815	pass18_authority_applied
sectionList.json	207303	outline	二木に侵入する沙優希たちを追いかけるさくや。彼女たちの目的は二木のアイドルイベントに出演するためだったが、さくやは見せしめとして始末する必要があった。ところが同じプロミストブラッドのメンバーがそれを邪魔する。＠二木を裏切る行為だとしても、ファンとして沙優希を殺せない彼女に自分と昔の結菜を重ねたさくやは、とっさに沙優希たちを二木から逃がすのだった。	咲夜追踪潜入二木的沙优希等人。她们只是为了参加二木的偶像活动，可咲夜仍必须把她们当作警示加以处决，却遭同属Promised Blood的成员阻拦。＠那名成员明知这是背叛二木的行为，却因身为粉丝而无法杀死沙优希。咲夜从她身上看见过去的自己与结菜，情急之下帮助沙优希等人逃离二木。	咲夜追踪潜入二木的沙优希等人。她们只是为了参加二木的偶像活动，可咲夜仍必须把她们当作警示加以处决，却遭同属PROMISED BLOOD的成员阻拦。＠那名成员明知这是背叛二木的行为，却因身为粉丝而无法杀死沙优希。咲夜从她身上看见过去的自己与结菜，情急之下帮助沙优希等人逃离二木。	wiki_exact_organization	magica/i18n_audit/release_v26_authority/pass18_authority_corrections.tsv#P18-00816	pass18_authority_applied
sectionList.json	207401	outline	神浜の魔法少女を逃がした落とし前をつけるため、プロミストブラッドの地下墓地に来たさくや。結菜に届けたい想いがあると伝えると、決闘を申し込まれる。＠惜しくも敗れたさくやだったが、結菜から“独り言”の許可をもらい、自らの言葉を伝える。その言葉が届いたと信じるさくやは、心の中で結菜のそばに居続けることを誓った。	为了对放走神滨魔法少女一事负责，咲夜来到Promised Blood的地下墓地。她表示有心意想传达给结菜，结菜便向她提出决斗。＠咲夜最终惜败，却得到结菜允许她“自言自语”，于是把自己的话全部说出。相信心意已经传达的咲夜，在心中发誓，将一直陪伴在结菜身边。	为了对放走神滨魔法少女一事负责，咲夜来到PROMISED BLOOD的地下墓地。她表示有心意想传达给结菜，结菜便向她提出决斗。＠咲夜最终惜败，却得到结菜允许她“自言自语”，于是把自己的话全部说出。相信心意已经传达的咲夜，在心中发誓，将一直陪伴在结菜身边。	wiki_exact_organization	magica/i18n_audit/release_v26_authority/pass18_authority_corrections.tsv#P18-00817	pass18_authority_applied
sectionList.json	207403	outline	調査で立ち寄った相談所には衣美里と明日香とささらがいた。３人は警戒していたがヨヅルが雫を助けたことを知ると、昨日起きたプロミストブラッドとの衝突やキモチによる選抜について聞くことができた。その情報をリヴィアに報告するふたりだが、ヨヅルの気がかりは他にもあり、自ら出したコーヒーが残されてしまったことを伝えた。	两人调查途中来到咨询所，遇见衣美里、明日香与纱纱罗。三人起初保持警戒，但得知夜鹤曾帮助雫后，便向她们讲述昨天与Promised Blood的冲突，以及Kimochi筛选参战者的情况。两人把情报报告给莉薇娅，夜鹤却还有另一件在意的事——她亲手端出的咖啡，被客人剩下了。	两人调查途中来到咨询所，遇见衣美里、明日香与纱纱罗。三人起初保持警戒，但得知夜鹤曾帮助雫后，便向她们讲述昨天与PROMISED BLOOD的冲突，以及Kimochi筛选参战者的情况。两人把情报报告给莉薇娅，夜鹤却还有另一件在意的事——她亲手端出的咖啡，被客人剩下了。	wiki_exact_organization	magica/i18n_audit/release_v26_authority/pass18_authority_corrections.tsv#P18-00818	pass18_authority_applied
sectionList.json	207404	outline	令と雫の仲を知ったふたりは、改めて雫のことが心配となる。喫茶店へ向かうと、その近くの公園にはドッペルを吐き出す雫とそれを見守るあやかの姿があった。＠雫とあやかの様子から自分たちに何もできることがないと悟ったふたりは、何もせずに公園を後にした。	得知令与雫之间的关系后，夜鹤与月出里更加担心雫。她们来到咖啡店附近，在公园看见正在释放Doppel的雫，以及守在一旁的绫香。＠从两人的状态中，她们明白自己什么也做不了，只能不作干涉，默默离开公园。	得知令与雫之间的关系后，夜鹤与月出里更加担心雫。她们来到咖啡店附近，在公园看见正在释放魔女化身的雫，以及守在一旁的绫香。＠从两人的状态中，她们明白自己什么也做不了，只能不作干涉，默默离开公园。	official_cn_game_term	magica/i18n_audit/release_v26_authority/pass18_authority_corrections.tsv#P18-00819	pass18_authority_applied
sectionList.json	207502	outline	“特別である魔法少女は崇められるべき”と主張するネオマギウスと、“人々を守る刃たる力を持つ巫を特別視している”時女一族。両者が“似ている”とひめなに言われたちはるは、“時女一族も他者を見下している”ことを暗に示していると受け取って憤慨した。＠これまで、“見下す”という考えがなかった静香は、他者が持つ時女一族への印象に衝撃を受けると同時に、原因と解決策を見つけたいと考える。＠ところが、一族以外の視点から意見を貰いたくても、協力関係を解消したばかりの神浜マギアユニオンには頼れない。ひとり苦悩する静香の前に現れた夏希は、“友人”として静香の話を聞いてくれる。	Neo-Magius主张“特殊的魔法少女理应受到崇拜”；时女一族则把拥有守护人们之刃的巫视作特殊存在。姬奈说两者“十分相似”，千春认为这是在暗示“时女一族也在俯视他人”，因此十分愤怒。＠静香过去从未想过自己会“看不起”别人。她既震惊于外界对时女一族的印象，也想找出成因与解决办法。＠可她需要族外视角，却无法求助刚刚解除合作的神滨Magia Union。独自苦恼时，夏希出现在她面前，以“朋友”的身份听她倾诉。	Neo-Magius主张“特殊的魔法少女理应受到崇拜”；时女一族则把拥有守护人们之刃的巫视作特殊存在。姬奈说两者“十分相似”，千春认为这是在暗示“时女一族也在俯视他人”，因此十分愤怒。＠静香过去从未想过自己会“看不起”别人。她既震惊于外界对时女一族的印象，也想找出成因与解决办法。＠可她需要族外视角，却无法求助刚刚解除合作的神滨魔法联盟。独自苦恼时，夏希出现在她面前，以“朋友”的身份听她倾诉。	wiki_exact_organization	magica/i18n_audit/release_v26_authority/pass18_authority_corrections.tsv#P18-00820	pass18_authority_applied
sectionList.json	207702	outline	他のグループの魔法少女たちに生きていることがバレてはいけないと、宝崎市に潜伏するひめな。彼女は次の作戦のために“合成”の固有魔法を練習していた。その目的は物体に他人の固有魔法を合成させること。＠ところが、作戦決行を前に失敗ばかり。神浜マギアユニオンとプロミストブラッドの決着のときが近いのを悟ったひめなは、燦による特訓を受けることにした。だが、それでも合成の固有魔法は成功せず、一度気分転換に公民館の仕事を手伝うことに。	姬奈潜伏于宝崎市，不能让其他集团魔法少女知道自己仍然活着。为了下一项作战，她不断练习固有魔法“合成”，目标是把别人的固有魔法合成到物体之中。＠然而临近行动，她依然接连失败。姬奈察觉神滨Magia Union与Promised Blood的决战即将到来，决定接受灿的特训；可“合成”仍没能成功，她只好暂时转换心情，去帮忙处理公民馆工作。	姬奈潜伏于宝崎市，不能让其他集团魔法少女知道自己仍然活着。为了下一项作战，她不断练习固有魔法“合成”，目标是把别人的固有魔法合成到物体之中。＠然而临近行动，她依然接连失败。姬奈察觉神滨魔法联盟与PROMISED BLOOD的决战即将到来，决定接受灿的特训；可“合成”仍没能成功，她只好暂时转换心情，去帮忙处理公民馆工作。	wiki_exact_organization	magica/i18n_audit/release_v26_authority/pass18_authority_corrections.tsv#P18-00822	pass18_authority_applied
sectionList.json	208102	outline	過激な魔法少女至上主義を持ったひめなの暴走は、いろはたちの連帯によって鎮圧することができた。結果として、キモチの石はすべてそろい、キュゥべえから自動浄化システムを奪い返す方法も判明し、各勢力間での争いも落ち着き、魔法少女たちは一時の穏やかな時間を過ごしていた。このタイミングを利用して、かごめは魔法少女たちの今を取材しようと試みた。＠まず最初はプロミストブラッドの結菜。彼女たちは、過去を胸に抱えつつも、“明るい未来”を作るために前へ進もうとしていた。その証左として、自分たちには変化が起きていると結菜は語った。そして、それは同じくかごめにも…。	姬奈以激进魔法少女至上主义发动的暴走，被彩羽等人的联合行动压制。结果，全部Kimochi之石集齐，从丘比手中夺回自动净化系统的方法也得到确认，各阵营争斗暂时平息，魔法少女们获得一段短暂安宁。笼目利用这个时机，准备采访魔法少女们如今的生活。＠首先接受采访的是Promised Blood的结菜。她们把过去留在心中，仍为了创造“光明未来”而向前。结菜表示，她们自身已经出现变化；而同样的变化，也发生在笼目身上……	姬奈以激进魔法少女至上主义发动的暴走，被彩羽等人的联合行动压制。结果，全部Kimochi之石集齐，从丘比手中夺回自动净化系统的方法也得到确认，各阵营争斗暂时平息，魔法少女们获得一段短暂安宁。笼目利用这个时机，准备采访魔法少女们如今的生活。＠首先接受采访的是PROMISED BLOOD的结菜。她们把过去留在心中，仍为了创造“光明未来”而向前。结菜表示，她们自身已经出现变化；而同样的变化，也发生在笼目身上……	wiki_exact_organization	magica/i18n_audit/release_v26_authority/pass18_authority_corrections.tsv#P18-00823	pass18_authority_applied
sectionList.json	310204	title	かごめのドッペル	笼目的 Doppel	笼目的魔女化身	official_cn_game_term	magica/i18n_audit/release_v26_authority/pass18_authority_corrections.tsv#P18-00824	pass18_authority_applied
sectionList.json	310214	title	結菜のドッペル	结菜的 Doppel	结菜的魔女化身	official_cn_game_term	magica/i18n_audit/release_v26_authority/pass18_authority_corrections.tsv#P18-00825	pass18_authority_applied
sectionList.json	310224	title	ひかるのドッペル	光的 Doppel	光的魔女化身	official_cn_game_term	magica/i18n_audit/release_v26_authority/pass18_authority_corrections.tsv#P18-00826	pass18_authority_applied
sectionList.json	310234	title	アオのドッペル	青的 Doppel	青的魔女化身	official_cn_game_term	magica/i18n_audit/release_v26_authority/pass18_authority_corrections.tsv#P18-00827	pass18_authority_applied
sectionList.json	310244	title	樹里のドッペル	树里的 Doppel	树里的魔女化身	official_cn_game_term	magica/i18n_audit/release_v26_authority/pass18_authority_corrections.tsv#P18-00828	pass18_authority_applied
sectionList.json	310254	title	静香のドッペル	静香的 Doppel	静香的魔女化身	official_cn_game_term	magica/i18n_audit/release_v26_authority/pass18_authority_corrections.tsv#P18-00829	pass18_authority_applied
sectionList.json	310274	title	すなおのドッペル	沙奈的 Doppel	土岐沙绪的魔女化身	official-same-character-or-wiki;official_cn_game_term	magica/i18n_audit/release_v26_authority/pass18_authority_corrections.tsv#P18-00830	pass18_authority_applied
sectionList.json	310284	title	ひめなのドッペル	姬奈的 Doppel	姬奈的魔女化身	official_cn_game_term	magica/i18n_audit/release_v26_authority/pass18_authority_corrections.tsv#P18-00831	pass18_authority_applied
sectionList.json	310294	title	時雨のドッペル	时雨的 Doppel	时雨的魔女化身	official_cn_game_term	magica/i18n_audit/release_v26_authority/pass18_authority_corrections.tsv#P18-00832	pass18_authority_applied
sectionList.json	310304	title	はぐむのドッペル	育梦的 Doppel	育梦的魔女化身	official_cn_game_term	magica/i18n_audit/release_v26_authority/pass18_authority_corrections.tsv#P18-00833	pass18_authority_applied
sectionList.json	310314	title	燦のドッペル	灿的 Doppel	灿的魔女化身	official_cn_game_term	magica/i18n_audit/release_v26_authority/pass18_authority_corrections.tsv#P18-00834	pass18_authority_applied
sectionList.json	310324	title	ミユリのドッペル	美由利的 Doppel	美由利的魔女化身	official_cn_game_term	magica/i18n_audit/release_v26_authority/pass18_authority_corrections.tsv#P18-00835	pass18_authority_applied
sectionList.json	310334	title	ラビのドッペル	拉比的 Doppel	拉比的魔女化身	official_cn_game_term	magica/i18n_audit/release_v26_authority/pass18_authority_corrections.tsv#P18-00836	pass18_authority_applied
sectionList.json	310344	title	旭のドッペル	旭的 Doppel	旭的魔女化身	official_cn_game_term	magica/i18n_audit/release_v26_authority/pass18_authority_corrections.tsv#P18-00837	pass18_authority_applied
sectionList.json	310354	title	アレクサンドラのドッペル	亚历山德拉的 Doppel	亚历山德拉的魔女化身	official_cn_game_term	magica/i18n_audit/release_v26_authority/pass18_authority_corrections.tsv#P18-00838	pass18_authority_applied
sectionList.json	310364	title	うららのドッペル	丽良的 Doppel	有爱丽的魔女化身	official-same-character-or-wiki;official_cn_game_term	magica/i18n_audit/release_v26_authority/pass18_authority_corrections.tsv#P18-00839	pass18_authority_applied
sectionList.json	310374	title	那由他のドッペル	那由他的 Doppel	那由他的魔女化身	official_cn_game_term	magica/i18n_audit/release_v26_authority/pass18_authority_corrections.tsv#P18-00840	pass18_authority_applied
sectionList.json	310384	title	みかげのドッペル	御影的 Doppel	御影的魔女化身	official_cn_game_term	magica/i18n_audit/release_v26_authority/pass18_authority_corrections.tsv#P18-00841	pass18_authority_applied
sectionList.json	310394	title	月出里のドッペル	月出里的 Doppel	月出里的魔女化身	official_cn_game_term	magica/i18n_audit/release_v26_authority/pass18_authority_corrections.tsv#P18-00842	pass18_authority_applied
sectionList.json	310404	title	ヨヅルのドッペル	约鹤的 Doppel	篠目夜鹤的魔女化身	official-same-character-or-wiki;official_cn_game_term	magica/i18n_audit/release_v26_authority/pass18_authority_corrections.tsv#P18-00843	pass18_authority_applied
sectionList.json	310414	title	リヴィアのドッペル	莉维娅的 Doppel	莉薇娅·梅黛洛斯的魔女化身	official-same-character-or-wiki;official_cn_game_term	magica/i18n_audit/release_v26_authority/pass18_authority_corrections.tsv#P18-00844	pass18_authority_applied
sectionList.json	310424	title	Kyubertの試練	Kyubert 的试炼	小丘比的试炼			changed_unclassified
sectionList.json	310434	title	黒江のドッペル	黑江的 Doppel	黑江的魔女化身	official_cn_game_term	magica/i18n_audit/release_v26_authority/pass18_authority_corrections.tsv#P18-00845	pass18_authority_applied
sectionList.json	310444	title	みことのドッペル	御琴的 Doppel	濑奈命的魔女化身	official-same-character-or-wiki;official_cn_game_term	magica/i18n_audit/release_v26_authority/pass18_authority_corrections.tsv#P18-00846	pass18_authority_applied
sectionList.json	310454	title	露のドッペル	露的 Doppel	露的魔女化身	official_cn_game_term	magica/i18n_audit/release_v26_authority/pass18_authority_corrections.tsv#P18-00847	pass18_authority_applied
sectionList.json	310464	title	千鶴のドッペル	千鹤的 Doppel	千鹤的魔女化身	official_cn_game_term	magica/i18n_audit/release_v26_authority/pass18_authority_corrections.tsv#P18-00848	pass18_authority_applied
sectionList.json	310484	title	エボニーのドッペル	埃博妮的 Doppel	埃博妮的魔女化身	official_cn_game_term	magica/i18n_audit/release_v26_authority/pass18_authority_corrections.tsv#P18-00849	pass18_authority_applied
sectionList.json	310494	title	オルガのドッペル	奥尔加的 Doppel	奥尔加的魔女化身	official_cn_game_term	magica/i18n_audit/release_v26_authority/pass18_authority_corrections.tsv#P18-00850	pass18_authority_applied
sectionList.json	310504	title	ガンヒルトのドッペル	冈希尔德的 Doppel	冈希尔德的魔女化身	official_cn_game_term	magica/i18n_audit/release_v26_authority/pass18_authority_corrections.tsv#P18-00851	pass18_authority_applied
sectionList.json	310513	message	ドルマを守るためなら…＠私は…	只要是为了保护多尔玛……＠我就……	只要是为了保护卓玛……＠我就……	第二权威：Wiki	magireco-wiki-data@42641f87818b/data/characters.json:15087-15152	higher_authority_applied
sectionList.json	310514	title	ヘルカのドッペル	赫尔卡的 Doppel	赫露迦的魔女化身	official_cn_game_term	magica/i18n_audit/release_v26_authority/pass18_authority_corrections.tsv#P18-00852	pass18_authority_applied
sectionList.json	310524	title	トヨのドッペル	丰的 Doppel	台与的魔女化身	official_cn_game_term	magica/i18n_audit/release_v26_authority/pass18_authority_corrections.tsv#P18-00853	pass18_authority_applied
sectionList.json	310534	title	アマリュリスのドッペル	阿玛莉莉丝的 Doppel	阿玛琉莉丝的魔女化身	official_cn_game_term	magica/i18n_audit/release_v26_authority/pass18_authority_corrections.tsv#P18-00854	pass18_authority_applied
sectionList.json	311054	title	フェリシアちゃんのドッペル	菲莉希亚的 Doppel	小菲莉希亚的魔女化身	official_cn_game_term;official_or_wiki+root_context	magica/i18n_audit/release_v26_authority/pass18_authority_corrections.tsv#P18-00856	pass18_authority_applied
sectionList.json	311064	title	みふゆのドッペル	美冬的 Doppel	美冬的魔女化身	official_cn_game_term	magica/i18n_audit/release_v26_authority/pass18_authority_corrections.tsv#P18-00857	pass18_authority_applied
sectionList.json	311094	title	レナちゃんのドッペル	玲奈的 Doppel	玲奈的魔女化身	official_cn_game_term	magica/i18n_audit/release_v26_authority/pass18_authority_corrections.tsv#P18-00858	pass18_authority_applied
sectionList.json	311104	title	ももこのドッペル	桃子的 Doppel	桃子的魔女化身	official_cn_game_term	magica/i18n_audit/release_v26_authority/pass18_authority_corrections.tsv#P18-00859	pass18_authority_applied
sectionList.json	311134	title	明日香のドッペル	明日香的 Doppel	明日香的魔女化身	official_cn_game_term	magica/i18n_audit/release_v26_authority/pass18_authority_corrections.tsv#P18-00860	pass18_authority_applied
sectionList.json	311164	title	十七夜のドッペル	十七夜的 Doppel	十七夜的魔女化身	official_cn_game_term	magica/i18n_audit/release_v26_authority/pass18_authority_corrections.tsv#P18-00861	pass18_authority_applied
sectionList.json	311254	title	静香のドッペル	静香的 Doppel	静香的魔女化身	official_cn_game_term	magica/i18n_audit/release_v26_authority/pass18_authority_corrections.tsv#P18-00862	pass18_authority_applied
sectionList.json	311334	title	ラビのドッペル	拉比的 Doppel	拉比的魔女化身	official_cn_game_term	magica/i18n_audit/release_v26_authority/pass18_authority_corrections.tsv#P18-00863	pass18_authority_applied
sectionList.json	311394	title	月出里のドッペル	月出里的 Doppel	月出里的魔女化身	official_cn_game_term	magica/i18n_audit/release_v26_authority/pass18_authority_corrections.tsv#P18-00864	pass18_authority_applied
sectionList.json	311434	title	黒江のドッペル	黑江的 Doppel	黑江的魔女化身	official_cn_game_term	magica/i18n_audit/release_v26_authority/pass18_authority_corrections.tsv#P18-00865	pass18_authority_applied
sectionList.json	311444	title	ウワサのみことのドッペル	传闻御琴的 Doppel	谣命的魔女化身	official-same-character-or-wiki;official_cn_game_term	magica/i18n_audit/release_v26_authority/pass18_authority_corrections.tsv#P18-00866	pass18_authority_applied
sectionList.json	312024	title	やちよのドッペル	八千代的 Doppel	八千代的魔女化身	official_cn_game_term	magica/i18n_audit/release_v26_authority/pass18_authority_corrections.tsv#P18-00867	pass18_authority_applied
sectionList.json	312164	title	十七夜のドッペル	十七夜的 Doppel	十七夜的魔女化身	official_cn_game_term	magica/i18n_audit/release_v26_authority/pass18_authority_corrections.tsv#P18-00868	pass18_authority_applied
sectionList.json	312174	title	みたまのドッペル	御魂的 Doppel	御魂的魔女化身	official_cn_game_term	magica/i18n_audit/release_v26_authority/pass18_authority_corrections.tsv#P18-00869	pass18_authority_applied
sectionList.json	313024	title	やちよのドッペル	八千代的 Doppel	八千代的魔女化身	official_cn_game_term	magica/i18n_audit/release_v26_authority/pass18_authority_corrections.tsv#P18-00870	pass18_authority_applied
sectionList.json	314024	title	やちよのドッペル	八千代的 Doppel	八千代的魔女化身	official_cn_game_term	magica/i18n_audit/release_v26_authority/pass18_authority_corrections.tsv#P18-00875	pass18_authority_applied
sectionList.json	315014	title	いろはのドッペル	彩羽的 Doppel	彩羽的魔女化身	official_cn_game_term	magica/i18n_audit/release_v26_authority/pass18_authority_corrections.tsv#P18-00880	pass18_authority_applied
sectionList.json	315024	title	やちよのドッペル	八千代的 Doppel	八千代的魔女化身	official_cn_game_term	magica/i18n_audit/release_v26_authority/pass18_authority_corrections.tsv#P18-00881	pass18_authority_applied
sectionList.json	316014	title	∞いろはのドッペル	∞彩羽的 Doppel	∞彩羽的魔女化身	official_cn_game_term	magica/i18n_audit/release_v26_authority/pass18_authority_corrections.tsv#P18-00886	pass18_authority_applied
sectionList.json	320094	title	まばゆの試練	麻友的试炼	眩的试炼	第二权威：Wiki	magireco-wiki-data@42641f87818b/data/characters.json:11109-11150	higher_authority_applied
sectionList.json	321064	title	まどかのドッペル	小圆的 Doppel	小圆的魔女化身	official_cn_game_term	magica/i18n_audit/release_v26_authority/pass18_authority_corrections.tsv#P18-00895	pass18_authority_applied
sectionList.json	322034	title	ほむらのドッペル	小焰的 Doppel	小焰的魔女化身	official_cn_game_term	magica/i18n_audit/release_v26_authority/pass18_authority_corrections.tsv#P18-00898	pass18_authority_applied
sectionList.json	324004	title	さやかのドッペル	沙耶香的 Doppel	沙耶香的魔女化身	official_cn_game_term	magica/i18n_audit/release_v26_authority/pass18_authority_corrections.tsv#P18-00899	pass18_authority_applied
sectionList.json	324014	title	さやかのドッペル	沙耶香的 Doppel	沙耶香的魔女化身	official_cn_game_term	magica/i18n_audit/release_v26_authority/pass18_authority_corrections.tsv#P18-00900	pass18_authority_applied
sectionList.json	325014	title	マミのドッペル	麻美的 Doppel	麻美的魔女化身	official_cn_game_term	magica/i18n_audit/release_v26_authority/pass18_authority_corrections.tsv#P18-00901	pass18_authority_applied
sectionList.json	327004	title	なぎさのドッペル	渚的 Doppel	渚的魔女化身	official_cn_game_term	magica/i18n_audit/release_v26_authority/pass18_authority_corrections.tsv#P18-00902	pass18_authority_applied
sectionList.json	327014	title	なぎさのドッペル	渚的 Doppel	渚的魔女化身	official_cn_game_term	magica/i18n_audit/release_v26_authority/pass18_authority_corrections.tsv#P18-00903	pass18_authority_applied
sectionList.json	330014	title	かのこのドッペル	加乃子的 Doppel	矢宵鹿乃子的魔女化身	official-same-character-or-wiki;official_cn_game_term	magica/i18n_audit/release_v26_authority/pass18_authority_corrections.tsv#P18-00904	pass18_authority_applied
sectionList.json	330024	title	夏希のドッペル	夏希的 Doppel	夏希的魔女化身	official_cn_game_term	magica/i18n_audit/release_v26_authority/pass18_authority_corrections.tsv#P18-00905	pass18_authority_applied
sectionList.json	330044	title	ささらのドッペル	纱纱罗的 Doppel	纱纱罗的魔女化身	official_cn_game_term	magica/i18n_audit/release_v26_authority/pass18_authority_corrections.tsv#P18-00906	pass18_authority_applied
sectionList.json	330064	title	衣美里のドッペル	衣美里的 Doppel	衣美里的魔女化身	official_cn_game_term	magica/i18n_audit/release_v26_authority/pass18_authority_corrections.tsv#P18-00907	pass18_authority_applied
sectionList.json	330074	title	雫のドッペル	雫的 Doppel	雫的魔女化身	official_cn_game_term	magica/i18n_audit/release_v26_authority/pass18_authority_corrections.tsv#P18-00908	pass18_authority_applied
sectionList.json	330084	title	あきらのドッペル	明的 Doppel	志伸晶的魔女化身	official-same-character-or-wiki;official_cn_game_term	magica/i18n_audit/release_v26_authority/pass18_authority_corrections.tsv#P18-00909	pass18_authority_applied
sectionList.json	330094	title	まなかのドッペル	真奈香的 Doppel	胡桃爱香的魔女化身	official-same-character-or-wiki;official_cn_game_term	magica/i18n_audit/release_v26_authority/pass18_authority_corrections.tsv#P18-00910	pass18_authority_applied
sectionList.json	330104	title	莉愛のドッペル	莉爱的 Doppel	莉爱的魔女化身	official_cn_game_term	magica/i18n_audit/release_v26_authority/pass18_authority_corrections.tsv#P18-00911	pass18_authority_applied
sectionList.json	330124	title	美雨のドッペル	美雨的 Doppel	美雨的魔女化身	official_cn_game_term	magica/i18n_audit/release_v26_authority/pass18_authority_corrections.tsv#P18-00912	pass18_authority_applied
sectionList.json	330134	title	れいらのドッペル	丽良的 Doppel	丽良的魔女化身	official_cn_game_term	magica/i18n_audit/release_v26_authority/pass18_authority_corrections.tsv#P18-00913	pass18_authority_applied
sectionList.json	330144	title	せいかのドッペル	清佳的 Doppel	清佳的魔女化身	official_cn_game_term	magica/i18n_audit/release_v26_authority/pass18_authority_corrections.tsv#P18-00914	pass18_authority_applied
sectionList.json	330174	title	ゆきかのドッペル	雪香的 Doppel	七濑幸佳的魔女化身	official-same-character-or-wiki;official_cn_game_term	magica/i18n_audit/release_v26_authority/pass18_authority_corrections.tsv#P18-00915	pass18_authority_applied
sectionList.json	330194	title	あやかのドッペル	彩花的 Doppel	彩花的魔女化身	official_cn_game_term	magica/i18n_audit/release_v26_authority/pass18_authority_corrections.tsv#P18-00917	pass18_authority_applied
sectionList.json	330224	title	満のドッペル	满的 Doppel	满的魔女化身	official_cn_game_term	magica/i18n_audit/release_v26_authority/pass18_authority_corrections.tsv#P18-00918	pass18_authority_applied
sectionList.json	330234	title	あいみのドッペル	爱美的 Doppel	爱美的魔女化身	official_cn_game_term	magica/i18n_audit/release_v26_authority/pass18_authority_corrections.tsv#P18-00665	pass18_authority_applied
sectionList.json	330244	title	つむぎのドッペル	纺希的 Doppel	纺希的魔女化身	official_cn_game_term	magica/i18n_audit/release_v26_authority/pass18_authority_corrections.tsv#P18-00666	pass18_authority_applied
sectionList.json	330274	title	葉月のドッペル	叶月的 Doppel	叶月的魔女化身	official_cn_game_term	magica/i18n_audit/release_v26_authority/pass18_authority_corrections.tsv#P18-00667	pass18_authority_applied
sectionList.json	330284	title	あやめのドッペル	菖蒲的 Doppel	菖蒲的魔女化身	official_cn_game_term	magica/i18n_audit/release_v26_authority/pass18_authority_corrections.tsv#P18-00668	pass18_authority_applied
sectionList.json	330294	title	まさらのドッペル	真良的 Doppel	真良的魔女化身	official_cn_game_term	magica/i18n_audit/release_v26_authority/pass18_authority_corrections.tsv#P18-00669	pass18_authority_applied
sectionList.json	330304	title	このみのドッペル	木乃美的 Doppel	木乃美的魔女化身	official_cn_game_term	magica/i18n_audit/release_v26_authority/pass18_authority_corrections.tsv#P18-00670	pass18_authority_applied
sectionList.json	330314	title	梨花のドッペル	梨花的 Doppel	梨花的魔女化身	official_cn_game_term	magica/i18n_audit/release_v26_authority/pass18_authority_corrections.tsv#P18-00671	pass18_authority_applied
sectionList.json	330374	title	メルのドッペル	梅露的 Doppel	梅露的魔女化身	official_cn_game_term	magica/i18n_audit/release_v26_authority/pass18_authority_corrections.tsv#P18-00672	pass18_authority_applied
sectionList.json	330384	title	みくらのドッペル	美仓的 Doppel	美仓的魔女化身	official_cn_game_term	magica/i18n_audit/release_v26_authority/pass18_authority_corrections.tsv#P18-00673	pass18_authority_applied
sectionList.json	330464	title	令のドッペル	令的 Doppel	令的魔女化身	official_cn_game_term	magica/i18n_audit/release_v26_authority/pass18_authority_corrections.tsv#P18-00674	pass18_authority_applied
sectionList.json	330504	title	ゆうなのドッペル	优奈的 Doppel	优奈的魔女化身	official_cn_game_term	magica/i18n_audit/release_v26_authority/pass18_authority_corrections.tsv#P18-00678	pass18_authority_applied
sectionList.json	330514	title	潤のドッペル	润的 Doppel	润的魔女化身	official_cn_game_term	magica/i18n_audit/release_v26_authority/pass18_authority_corrections.tsv#P18-00679	pass18_authority_applied
sectionList.json	330524	title	アシュリーのドッペル	阿什莉的 Doppel	阿什莉的魔女化身	official_cn_game_term	magica/i18n_audit/release_v26_authority/pass18_authority_corrections.tsv#P18-00680	pass18_authority_applied
sectionList.json	330544	title	みつねのドッペル	蜜音的 Doppel	三轮光音的魔女化身	official-same-character-or-wiki;official_cn_game_term	magica/i18n_audit/release_v26_authority/pass18_authority_corrections.tsv#P18-00681	pass18_authority_applied
sectionList.json	330554	title	紗枝のドッペル	纱枝的 Doppel	纱枝的魔女化身	official_cn_game_term	magica/i18n_audit/release_v26_authority/pass18_authority_corrections.tsv#P18-00682	pass18_authority_applied
sectionList.json	330564	title	塁のドッペル	垒的 Doppel	垒的魔女化身	official_cn_game_term	magica/i18n_audit/release_v26_authority/pass18_authority_corrections.tsv#P18-00683	pass18_authority_applied
sectionList.json	330574	title	あかりのドッペル	明里的 Doppel	真井灯的魔女化身	official-same-character-or-wiki;official_cn_game_term	magica/i18n_audit/release_v26_authority/pass18_authority_corrections.tsv#P18-00684	pass18_authority_applied
sectionList.json	330584	title	涼子のドッペル	凉子的 Doppel	凉子的魔女化身	official_cn_game_term	magica/i18n_audit/release_v26_authority/pass18_authority_corrections.tsv#P18-00685	pass18_authority_applied
sectionList.json	330594	title	クシュのドッペル	库修的 Doppel	入名库什的魔女化身	official-same-character-or-wiki;official_cn_game_term	magica/i18n_audit/release_v26_authority/pass18_authority_corrections.tsv#P18-00686	pass18_authority_applied
sectionList.json	335024	title	万年桜のウワサの試練	万年樱之传闻的试炼	万年樱的传闻的试炼	official_cn_character_name	magica/i18n_audit/release_v26_authority/pass18_authority_corrections.tsv#P18-00691	pass18_authority_applied
sectionList.json	335034	title	このはと葉月のドッペル	木叶与叶月的 Doppel	木叶与叶月的魔女化身	official_cn_game_term	magica/i18n_audit/release_v26_authority/pass18_authority_corrections.tsv#P18-00692	pass18_authority_applied
sectionList.json	335054	title	れいらとせいかのドッペル	丽良与清佳的 Doppel	丽良与清佳的魔女化身	official_cn_game_term	magica/i18n_audit/release_v26_authority/pass18_authority_corrections.tsv#P18-00693	pass18_authority_applied
sectionList.json	339014	title	ユゥのドッペル	优的 Doppel	夕的魔女化身	official-same-character-or-wiki;official_cn_game_term	magica/i18n_audit/release_v26_authority/pass18_authority_corrections.tsv#P18-00694	pass18_authority_applied
sectionList.json	339022	message	ユゥだ……＠いつもと変わらない……ユゥだ……	是优……＠还是和平时一样的……优……	是夕……＠还是和平时一样的……夕……	official_or_wiki+root_context	magica/i18n_audit/release_v26_authority/pass18_authority_corrections.tsv#P18-00695	pass18_authority_applied
sectionList.json	339024	title	シィの試練	希的试炼	椎的试炼	official-same-character-or-wiki	magica/i18n_audit/release_v26_authority/pass18_authority_corrections.tsv#P18-00696	pass18_authority_applied
sectionList.json	340034	title	ゆまのドッペル	由真的 Doppel	千岁由麻的魔女化身	official-same-character-or-wiki;official_cn_game_term	magica/i18n_audit/release_v26_authority/pass18_authority_corrections.tsv#P18-00697	pass18_authority_applied
sectionList.json	340044	title	織莉子のドッペル	织莉子的 Doppel	织莉子的魔女化身	official_cn_game_term	magica/i18n_audit/release_v26_authority/pass18_authority_corrections.tsv#P18-00698	pass18_authority_applied
sectionList.json	340124	title	海香のドッペル	海香的 Doppel	海香的魔女化身	official_cn_game_term	magica/i18n_audit/release_v26_authority/pass18_authority_corrections.tsv#P18-00699	pass18_authority_applied
sectionList.json	340134	title	カオルのドッペル	薰的 Doppel	薰的魔女化身	official_cn_game_term	magica/i18n_audit/release_v26_authority/pass18_authority_corrections.tsv#P18-00700	pass18_authority_applied
sectionList.json	340144	title	昴かずみのドッペル	昴和美的 Doppel	昴和美的魔女化身	official_cn_game_term	magica/i18n_audit/release_v26_authority/pass18_authority_corrections.tsv#P18-00701	pass18_authority_applied
sectionList.json	340244	title	ミヌゥのドッペル	米努的 Doppel	米诺的魔女化身	official-same-character-or-wiki;official_cn_game_term	magica/i18n_audit/release_v26_authority/pass18_authority_corrections.tsv#P18-00702	pass18_authority_applied
sectionList.json	340254	title	コルボーのドッペル	科尔博的 Doppel	可鲁波的魔女化身	official-same-character-or-wiki;official_cn_game_term	magica/i18n_audit/release_v26_authority/pass18_authority_corrections.tsv#P18-00703	pass18_authority_applied
sectionList.json	340274	title	ラピヌのドッペル	拉皮努的 Doppel	拉皮努的魔女化身	official_cn_game_term	magica/i18n_audit/release_v26_authority/pass18_authority_corrections.tsv#P18-00704	pass18_authority_applied
sectionList.json	340294	title	ペレネルのドッペル	佩雷内尔的 Doppel	佩尔内勒的魔女化身	official-same-character-or-wiki;official_cn_game_term	magica/i18n_audit/release_v26_authority/pass18_authority_corrections.tsv#P18-00705	pass18_authority_applied
sectionList.json	340324	title	茉莉のドッペル	茉莉的 Doppel	茉莉的魔女化身	official_cn_game_term	magica/i18n_audit/release_v26_authority/pass18_authority_corrections.tsv#P18-00706	pass18_authority_applied
sectionList.json	340344	title	千里のドッペル	千里的 Doppel	千里的魔女化身	official_cn_game_term	magica/i18n_audit/release_v26_authority/pass18_authority_corrections.tsv#P18-00707	pass18_authority_applied
sectionList.json	340354	title	遥香のドッペル	遥香的 Doppel	遥香的魔女化身	official_cn_game_term	magica/i18n_audit/release_v26_authority/pass18_authority_corrections.tsv#P18-00708	pass18_authority_applied
sectionList.json	340364	title	椿のドッペル	椿的 Doppel	椿的魔女化身	official_cn_game_term	magica/i18n_audit/release_v26_authority/pass18_authority_corrections.tsv#P18-00709	pass18_authority_applied
sectionList.json	340414	title	ひたぎのドッペル	黑仪的 Doppel	黑仪的魔女化身	official_cn_game_term	magica/i18n_audit/release_v26_authority/pass18_authority_corrections.tsv#P18-00710	pass18_authority_applied
sectionList.json	340424	title	真宵のドッペル	真宵的 Doppel	真宵的魔女化身	official_cn_game_term	magica/i18n_audit/release_v26_authority/pass18_authority_corrections.tsv#P18-00711	pass18_authority_applied
sectionList.json	340434	title	駿河のドッペル	骏河的 Doppel	骏河的魔女化身	official_cn_game_term	magica/i18n_audit/release_v26_authority/pass18_authority_corrections.tsv#P18-00712	pass18_authority_applied
sectionList.json	340444	title	撫子のドッペル	抚子的 Doppel	抚子的魔女化身	official_cn_game_term	magica/i18n_audit/release_v26_authority/pass18_authority_corrections.tsv#P18-00713	pass18_authority_applied
sectionList.json	340454	title	翼のドッペル	翼的 Doppel	翼的魔女化身	official_cn_game_term	magica/i18n_audit/release_v26_authority/pass18_authority_corrections.tsv#P18-00714	pass18_authority_applied
sectionList.json	340464	title	忍のドッペル	忍的 Doppel	忍的魔女化身	official_cn_game_term	magica/i18n_audit/release_v26_authority/pass18_authority_corrections.tsv#P18-00715	pass18_authority_applied
sectionList.json	340512	title	スタンバイ・レディ	Standby Ready	准备就绪			changed_unclassified
sectionList.json	341224	title	イザボーのドッペル	伊莎贝拉的 Doppel	伊莎贝拉的魔女化身	official_cn_game_term	magica/i18n_audit/release_v26_authority/pass18_authority_corrections.tsv#P18-00716	pass18_authority_applied
sectionList.json	420131	title	篠目ヨヅルの「記憶」	篠目约鹤的“记忆”	篠目夜鹤的“记忆”	1_official_cn_dump_component	A:\magireco_cn_dump_20221010_decrypted_json\authority\authority.json#/cardList.json/10404/cardName	higher_authority_applied
shopItemList.json	10619	description	選べる限定★4確定ガチャチケットを含む特別セットです。※内容はお知らせをご確認ください	自选期间限定★4必得扭蛋券内含特別套装。※具体内容请查看公告	自选期间限定★4必得扭蛋券内含特别套装。※具体内容请查看公告	1_official_cn_dump_component	A:\magireco_cn_dump_20221010_decrypted_json\authority\authority.json#/shopItemList.json/8625/description	higher_authority_applied
shopItemList.json	10620	description	選べる★4メモリア交換チケットを含む特別セットです。※内容はお知らせをご確認ください	自选★4记忆结晶兑换券内含特別套装。※具体内容请查看公告	自选★4记忆结晶兑换券内含特别套装。※具体内容请查看公告	1_official_cn_dump_component	A:\magireco_cn_dump_20221010_decrypted_json\authority\authority.json#/shopItemList.json/8625/description	higher_authority_applied
shopItemList.json	10621	description	選べる★4確定ガチャチケットを含む特別セットです。※内容はお知らせをご確認ください	自选★4必得扭蛋券内含特別套装。※具体内容请查看公告	自选★4必得扭蛋券内含特别套装。※具体内容请查看公告	1_official_cn_dump_component	A:\magireco_cn_dump_20221010_decrypted_json\authority\authority.json#/shopItemList.json/8625/description	higher_authority_applied
shopItemList.json	10799	description	コルボーの魔力解放に使用するアイテム	用于科尔博魔力解放的道具	用于可鲁波魔力解放的道具	official-same-character-or-wiki	magica/i18n_audit/release_v26_authority/pass18_authority_corrections.tsv#P18-00919	pass18_authority_applied
shopItemList.json	11003	description	★4確定ガチャチケットを含む特別セットです。※内容はお知らせをご確認ください	★4必得扭蛋券内含特別套装。※具体内容请查看公告	★4必得扭蛋券内含特别套装。※具体内容请查看公告	1_official_cn_dump_component	A:\magireco_cn_dump_20221010_decrypted_json\authority\authority.json#/shopItemList.json/8625/description	higher_authority_applied
shopItemList.json	11402	description	交換チケットを含む特別セットです。詳細はボタンから確認できます。	兑换券内含特別套装。详情可通过按钮查看。	兑换券内含特别套装。详情可通过按钮查看。	1_official_cn_dump_component	A:\magireco_cn_dump_20221010_decrypted_json\authority\authority.json#/shopItemList.json/8625/description	higher_authority_applied
shopItemList.json	11914	description	魔法少女セレクション交換チケットを含む特別セットです。詳細はボタンから確認できます。	魔法少女精选兑换券内含特別套装。详情可通过按钮查看。	魔法少女精选兑换券内含特别套装。详情可通过按钮查看。	1_official_cn_dump_component	A:\magireco_cn_dump_20221010_decrypted_json\authority\authority.json#/shopItemList.json/8625/description	higher_authority_applied
shopItemList.json	11915	description	魔法少女セレクション交換チケットを含む特別セットです。詳細はボタンから確認できます。	魔法少女精选兑换券内含特別套装。详情可通过按钮查看。	魔法少女精选兑换券内含特别套装。详情可通过按钮查看。	1_official_cn_dump_component	A:\magireco_cn_dump_20221010_decrypted_json\authority\authority.json#/shopItemList.json/8625/description	higher_authority_applied
shopItemList.json	11937	description	1200日記念特別セットです。詳細はアイコンから確認できます。	1200日纪念特別套装。详情可点击图标查看。	1200日纪念特别套装。详情可点击图标查看。	1_official_cn_dump_component	A:\magireco_cn_dump_20221010_decrypted_json\authority\authority.json#/shopItemList.json/8625/description	higher_authority_applied
shopItemList.json	12086	description	交換チケットを含む特別セットです。詳細はアイコンから確認できます。	兑换券内含特別套装。详情可点击图标查看。	兑换券内含特别套装。详情可点击图标查看。	1_official_cn_dump_component	A:\magireco_cn_dump_20221010_decrypted_json\authority\authority.json#/shopItemList.json/8625/description	higher_authority_applied
shopItemList.json	12495	description	10連ガチャチケットを含む特別セットです。詳細はアイコンから確認できます。	10连扭蛋券内含特別套装。详情可点击图标查看。	10连扭蛋券内含特别套装。详情可点击图标查看。	1_official_cn_dump_component	A:\magireco_cn_dump_20221010_decrypted_json\authority\authority.json#/shopItemList.json/8625/description	higher_authority_applied
shopItemList.json	15560	description	10連ガチャチケットを含む特別セットです。詳細はアイコンから確認できます。	10连扭蛋券内含特別套装。详情可点击图标查看。	10连扭蛋券内含特别套装。详情可点击图标查看。	1_official_cn_dump_component	A:\magireco_cn_dump_20221010_decrypted_json\authority\authority.json#/shopItemList.json/8625/description	higher_authority_applied
shopItemList.json	15564	description	AP回復薬を含む特別セットです。詳細はアイコンから確認できます。	AP回复药内含特別套装。详情可点击图标查看。	AP回复药内含特别套装。详情可点击图标查看。	1_official_cn_dump_component	A:\magireco_cn_dump_20221010_decrypted_json\authority\authority.json#/shopItemList.json/8625/description	higher_authority_applied
shopItemList.json	15980	description	★4魔法少女確定ガチャチケットを含む特別セットです。詳細はアイコンから確認できます。	★4魔法少女必得扭蛋券内含特別套装。详情可点击图标查看。	★4魔法少女必得扭蛋券内含特别套装。详情可点击图标查看。	1_official_cn_dump_component	A:\magireco_cn_dump_20221010_decrypted_json\authority\authority.json#/shopItemList.json/8625/description	higher_authority_applied
shopItemList.json	16716	description	★4魔法少女確定ガチャチケットを含む特別セットです。詳細はアイコンから確認できます。	★4魔法少女必得扭蛋券内含特別套装。详情可点击图标查看。	★4魔法少女必得扭蛋券内含特别套装。详情可点击图标查看。	1_official_cn_dump_component	A:\magireco_cn_dump_20221010_decrypted_json\authority\authority.json#/shopItemList.json/8625/description	higher_authority_applied
shopItemList.json	17972	name	海香の覚醒書	海香的觉醒書	海香的觉醒书	1_official_cn_dump_exact	A:\magireco_cn_dump_20221010_decrypted_json\authority\authority.json#/giftList.json/602/name	higher_authority_applied
shopItemList.json	18067	description	★4魔法少女確定ガチャチケットを含む特別セットです。詳細はアイコンから確認できます。	★4魔法少女必得扭蛋券内含特別套装。详情可点击图标查看。	★4魔法少女必得扭蛋券内含特别套装。详情可点击图标查看。	1_official_cn_dump_component	A:\magireco_cn_dump_20221010_decrypted_json\authority\authority.json#/shopItemList.json/8625/description	higher_authority_applied
shopItemList.json	18380	description	1600日記念特別セットです。詳細はアイコンから確認できます。	1600日纪念特別套装。详情可点击图标查看。	1600日纪念特别套装。详情可点击图标查看。	1_official_cn_dump_component	A:\magireco_cn_dump_20221010_decrypted_json\authority\authority.json#/shopItemList.json/8625/description	higher_authority_applied
shopItemList.json	20043	description	1700日記念特別セットです。詳細はアイコンから確認できます。	1700日纪念特別套装。详情可点击图标查看。	1700日纪念特别套装。详情可点击图标查看。	1_official_cn_dump_component	A:\magireco_cn_dump_20221010_decrypted_json\authority\authority.json#/shopItemList.json/8625/description	higher_authority_applied
shopItemList.json	21769	description	1800日記念特別セットです。詳細はアイコンから確認できます。	1800日纪念特別套装。详情可点击图标查看。	1800日纪念特别套装。详情可点击图标查看。	1_official_cn_dump_component	A:\magireco_cn_dump_20221010_decrypted_json\authority\authority.json#/shopItemList.json/8625/description	higher_authority_applied
shopItemList.json	22134	description	★4魔法少女確定ガチャチケットを含む特別セットです。詳細はアイコンから確認できます。	★4魔法少女必得扭蛋券内含特別套装。详情可点击图标查看。	★4魔法少女必得扭蛋券内含特别套装。详情可点击图标查看。	1_official_cn_dump_component	A:\magireco_cn_dump_20221010_decrypted_json\authority\authority.json#/shopItemList.json/8625/description	higher_authority_applied
shopItemList.json	23638	description	1900日記念特別セットです。詳細はアイコンから確認できます。	1900日纪念特別套装。详情可点击图标查看。	1900日纪念特别套装。详情可点击图标查看。	1_official_cn_dump_component	A:\magireco_cn_dump_20221010_decrypted_json\authority\authority.json#/shopItemList.json/8625/description	higher_authority_applied
shopItemList.json	24647	description	★4魔法少女確定ガチャチケットを含む特別セットです。詳細はアイコンから確認できます。	★4魔法少女必得扭蛋券内含特別套装。详情可点击图标查看。	★4魔法少女必得扭蛋券内含特别套装。详情可点击图标查看。	1_official_cn_dump_component	A:\magireco_cn_dump_20221010_decrypted_json\authority\authority.json#/shopItemList.json/8625/description	higher_authority_applied
shopItemList.json	25382	description	2000日記念特別セットです。詳細はアイコンから確認できます。	2000日纪念特別套装。详情可点击图标查看。	2000日纪念特别套装。详情可点击图标查看。	1_official_cn_dump_component	A:\magireco_cn_dump_20221010_decrypted_json\authority\authority.json#/shopItemList.json/8625/description	higher_authority_applied
shopItemList.json	27569	description	2100日記念特別セットです。詳細はアイコンから確認できます。	2100日纪念特別套装。详情可点击图标查看。	2100日纪念特别套装。详情可点击图标查看。	1_official_cn_dump_component	A:\magireco_cn_dump_20221010_decrypted_json\authority\authority.json#/shopItemList.json/8625/description	higher_authority_applied
shopItemList.json	28596	description	★4魔法少女確定ガチャチケットを含む特別セットです。詳細はアイコンから確認できます。	★4魔法少女必得扭蛋券内含特別套装。详情可点击图标查看。	★4魔法少女必得扭蛋券内含特别套装。详情可点击图标查看。	1_official_cn_dump_component	A:\magireco_cn_dump_20221010_decrypted_json\authority\authority.json#/shopItemList.json/8625/description	higher_authority_applied
shopItemList.json	29258	description	アルティメットまどかの精神強化に使用するアイテム	用于究极小圆精神强化的道具	用于圆神精神强化的道具	official_or_wiki+root_context	magica/i18n_audit/release_v26_authority/pass18_authority_corrections.tsv#P18-00923	pass18_authority_applied
shopItemList.json	30695	description	2300日記念特別セットです。詳細はアイコンから確認できます。	2300日纪念特別套装。详情可点击图标查看。	2300日纪念特别套装。详情可点击图标查看。	1_official_cn_dump_component	A:\magireco_cn_dump_20221010_decrypted_json\authority\authority.json#/shopItemList.json/8625/description	higher_authority_applied
shopItemList.json	30697	name	【期間限定】ウワサのみこと	【期间限定】传闻命	【期间限定】谣命	wiki_exact_character_name	magica/i18n_audit/release_v26_authority/pass18_authority_corrections.tsv#P18-00924	pass18_authority_applied
shopItemList.json	31117	description	★4魔法少女確定ガチャチケットを含む特別セットです。詳細はアイコンから確認できます。	★4魔法少女必得扭蛋券内含特別套装。详情可点击图标查看。	★4魔法少女必得扭蛋券内含特别套装。详情可点击图标查看。	1_official_cn_dump_component	A:\magireco_cn_dump_20221010_decrypted_json\authority\authority.json#/shopItemList.json/8625/description	higher_authority_applied
shopItemList.json	31515	description	メモリア『引縄批根』(Lv最大/最大限界突破済)	记忆结晶「引縄批根」（等级已满/已达最大界限突破）	记忆结晶「引绳批根」（等级已满/已达最大界限突破）	2_wiki_component	C:\Users\proje\Documents\Codex\2026-08-06\https-github-com-hiiraginemu-magireco-wiki-3\work\wiki_authority\magireco-wiki-data\data\memoria.json#/引縄批根/name_ja;/引縄批根/name_zh	higher_authority_applied
shopItemList.json	32345	description	2400日記念特別セットです。詳細はアイコンから確認できます。	2400日纪念特別套装。详情可点击图标查看。	2400日纪念特别套装。详情可点击图标查看。	1_official_cn_dump_component	A:\magireco_cn_dump_20221010_decrypted_json\authority\authority.json#/shopItemList.json/8625/description	higher_authority_applied
shopItemList.json	33895	name	史乃沙優希の衣装【水着】	史乃沙優希的服装【泳装】	史乃沙优希的服装【泳装】	1_official_cn_dump_component	A:\magireco_cn_dump_20221010_decrypted_json\authority\authority.json#/charaList.json/3033/name	higher_authority_applied
