record_id	component	scope	file	stable_key_or_line	field	original_text	current_cn	suggested_cn	product_or_reference_location	source_tier	source_bucket	evidence_path_or_key	machine_translated	confidence	review_status	japanese_or_source_original	missing_original_reason	provenance_class	source_stage	source_batch	source_author	is_machine_translation	runtime_consumed	highest_authority_tier	highest_authority_match	authority_status	risk	issue_type	manual_review_status	evidence	notes
MT-15674	static_js_html_unverified	static_js_html	magica/js/test/Backdoor.js	line:581	visible_text_or_string	受取完了	领取完成	needs-review/root-translation-required	magica/js/test/Backdoor.js#line:581/visible_text_or_string	none_exact_found	unknown	magica/i18n_audit/release_v26_authority/manual_review_checklist.tsv;Pass16 peer rules, personally re-reviewed	unknown	low	pending	受取完了	source may be a pre-change Chinese/manual string, not always a Japanese original	static_manual_or_model_unverified	3_manual_static_review	pass16-static-manual-model-review	individual translator/reviewer not recorded per row	unknown_manual_or_model	true; packaged JS/HTML	none_exact_found		no_per_row_official_or_wiki_pair	medium	unverified_static_js_html_translation_or_review	pending	magica/i18n_audit/release_v26_authority/manual_review_checklist.tsv;Pass16 peer rules, personally re-reviewed	静态界面逐槽位审校；不得改变ID、class、链接或模板表达式
MT-15675	static_js_html_unverified	static_js_html	magica/js/test/Backdoor.js	line:656	visible_text_or_string	受取完了	领取完成	needs-review/root-translation-required	magica/js/test/Backdoor.js#line:656/visible_text_or_string	none_exact_found	unknown	magica/i18n_audit/release_v26_authority/manual_review_checklist.tsv;Pass16 peer rules, personally re-reviewed	unknown	low	pending	受取完了	source may be a pre-change Chinese/manual string, not always a Japanese original	static_manual_or_model_unverified	3_manual_static_review	pass16-static-manual-model-review	individual translator/reviewer not recorded per row	unknown_manual_or_model	true; packaged JS/HTML	none_exact_found		no_per_row_official_or_wiki_pair	medium	unverified_static_js_html_translation_or_review	pending	magica/i18n_audit/release_v26_authority/manual_review_checklist.tsv;Pass16 peer rules, personally re-reviewed	静态界面逐槽位审校；不得改变ID、class、链接或模板表达式
MT-15676	static_js_html_unverified	static_js_html	magica/js/test/Backdoor.js	line:716	visible_text_or_string	受取完了	领取完成	needs-review/root-translation-required	magica/js/test/Backdoor.js#line:716/visible_text_or_string	none_exact_found	unknown	magica/i18n_audit/release_v26_authority/manual_review_checklist.tsv;Pass16 peer rules, personally re-reviewed	unknown	low	pending	受取完了	source may be a pre-change Chinese/manual string, not always a Japanese original	static_manual_or_model_unverified	3_manual_static_review	pass16-static-manual-model-review	individual translator/reviewer not recorded per row	unknown_manual_or_model	true; packaged JS/HTML	none_exact_found		no_per_row_official_or_wiki_pair	medium	unverified_static_js_html_translation_or_review	pending	magica/i18n_audit/release_v26_authority/manual_review_checklist.tsv;Pass16 peer rules, personally re-reviewed	静态界面逐槽位审校；不得改变ID、class、链接或模板表达式
MT-15677	static_js_html_unverified	static_js_html	magica/js/test/BackdoorList.js	line:113	visible_text_or_string	"c = ""1 份散装 通关"""	"c = ""第一部一键通关"""	needs-review/root-translation-required	magica/js/test/BackdoorList.js#line:113/visible_text_or_string	none_exact_found	unknown	magica/i18n_audit/release_v26_authority/manual_review_checklist.tsv;manual	unknown	low	pending	"c = ""1 份散装 通关"""	source may be a pre-change Chinese/manual string, not always a Japanese original	static_manual_or_model_unverified	3_manual_static_review	pass16-static-manual-model-review	individual translator/reviewer not recorded per row	unknown_manual_or_model	true; packaged JS/HTML	none_exact_found		no_per_row_official_or_wiki_pair	medium	unverified_static_js_html_translation_or_review	pending	magica/i18n_audit/release_v26_authority/manual_review_checklist.tsv;manual	静态界面逐槽位审校；不得改变ID、class、链接或模板表达式
MT-15678	static_js_html_unverified	static_js_html	magica/js/test/BackdoorList.js	line:118	visible_text_or_string	要执行此操作，甲板 1 必须是单个 Iroha 甲板。<br>有需要。	要执行此操作，队伍１必须<br>设为「仅含环彩羽的单人队伍」。	needs-review/root-translation-required	magica/js/test/BackdoorList.js#line:118/visible_text_or_string	none_exact_found	unknown	magica/i18n_audit/release_v26_authority/manual_review_checklist.tsv;Pass16 peer rules, personally re-reviewed	unknown	low	pending	要执行此操作，甲板 1 必须是单个 Iroha 甲板。<br>有需要。	source may be a pre-change Chinese/manual string, not always a Japanese original	static_manual_or_model_unverified	3_manual_static_review	pass16-static-manual-model-review	individual translator/reviewer not recorded per row	unknown_manual_or_model	true; packaged JS/HTML	none_exact_found		no_per_row_official_or_wiki_pair	medium	unverified_static_js_html_translation_or_review	pending	magica/i18n_audit/release_v26_authority/manual_review_checklist.tsv;Pass16 peer rules, personally re-reviewed	静态界面逐槽位审校；不得改变ID、class、链接或模板表达式
MT-15679	static_js_html_unverified	static_js_html	magica/js/test/BackdoorList.js	line:146	visible_text_or_string	通关 直至第 2 部分第 11 章。	将第二部至第11章一键通关。	needs-review/root-translation-required	magica/js/test/BackdoorList.js#line:146/visible_text_or_string	none_exact_found	unknown	magica/i18n_audit/release_v26_authority/manual_review_checklist.tsv;Pass16 peer rules, personally re-reviewed	unknown	low	pending	通关 直至第 2 部分第 11 章。	source may be a pre-change Chinese/manual string, not always a Japanese original	static_manual_or_model_unverified	3_manual_static_review	pass16-static-manual-model-review	individual translator/reviewer not recorded per row	unknown_manual_or_model	true; packaged JS/HTML	none_exact_found		no_per_row_official_or_wiki_pair	medium	unverified_static_js_html_translation_or_review	pending	magica/i18n_audit/release_v26_authority/manual_review_checklist.tsv;Pass16 peer rules, personally re-reviewed	静态界面逐槽位审校；不得改变ID、class、链接或模板表达式
MT-15680	static_js_html_unverified	static_js_html	magica/js/test/BackdoorList.js	line:200	visible_text_or_string	已被注册。	已注册。	needs-review/root-translation-required	magica/js/test/BackdoorList.js#line:200/visible_text_or_string	none_exact_found	unknown	magica/i18n_audit/release_v26_authority/manual_review_checklist.tsv;Pass16 peer rules, personally re-reviewed	unknown	low	pending	已被注册。	source may be a pre-change Chinese/manual string, not always a Japanese original	static_manual_or_model_unverified	3_manual_static_review	pass16-static-manual-model-review	individual translator/reviewer not recorded per row	unknown_manual_or_model	true; packaged JS/HTML	none_exact_found		no_per_row_official_or_wiki_pair	medium	unverified_static_js_html_translation_or_review	pending	magica/i18n_audit/release_v26_authority/manual_review_checklist.tsv;Pass16 peer rules, personally re-reviewed	静态界面逐槽位审校；不得改变ID、class、链接或模板表达式
MT-15681	static_js_html_unverified	static_js_html	magica/js/test/BackdoorList.js	line:220	visible_text_or_string	TU999已注册。	已注册TU999。	needs-review/root-translation-required	magica/js/test/BackdoorList.js#line:220/visible_text_or_string	none_exact_found	unknown	magica/i18n_audit/release_v26_authority/manual_review_checklist.tsv;Pass16 peer rules, personally re-reviewed	unknown	low	pending	TU999已注册。	source may be a pre-change Chinese/manual string, not always a Japanese original	static_manual_or_model_unverified	3_manual_static_review	pass16-static-manual-model-review	individual translator/reviewer not recorded per row	unknown_manual_or_model	true; packaged JS/HTML	none_exact_found		no_per_row_official_or_wiki_pair	medium	unverified_static_js_html_translation_or_review	pending	magica/i18n_audit/release_v26_authority/manual_review_checklist.tsv;Pass16 peer rules, personally re-reviewed	静态界面逐槽位审校；不得改变ID、class、链接或模板表达式
MT-15682	static_js_html_unverified	static_js_html	magica/js/test/BackdoorList.js	line:282	visible_text_or_string	 ★试用测试★%0a https://twitter.com/	 ★测试推文★%0a https://twitter.com/	needs-review/root-translation-required	magica/js/test/BackdoorList.js#line:282/visible_text_or_string	none_exact_found	unknown	magica/i18n_audit/release_v26_authority/manual_review_checklist.tsv;Pass16 peer rules, personally re-reviewed	unknown	low	pending	 ★试用测试★%0a https://twitter.com/	source may be a pre-change Chinese/manual string, not always a Japanese original	static_manual_or_model_unverified	3_manual_static_review	pass16-static-manual-model-review	individual translator/reviewer not recorded per row	unknown_manual_or_model	true; packaged JS/HTML	none_exact_found		no_per_row_official_or_wiki_pair	medium	unverified_static_js_html_translation_or_review	pending	magica/i18n_audit/release_v26_authority/manual_review_checklist.tsv;Pass16 peer rules, personally re-reviewed	静态界面逐槽位审校；不得改变ID、class、链接或模板表达式
MT-15683	static_js_html_unverified	static_js_html	magica/js/test/BackdoorList.js	line:282	visible_text_or_string	/照片/1%0a★试听课★	/photo/1%0a★测试推文★	needs-review/root-translation-required	magica/js/test/BackdoorList.js#line:282/visible_text_or_string	none_exact_found	unknown	magica/i18n_audit/release_v26_authority/manual_review_checklist.tsv;Pass16 peer rules, personally re-reviewed	unknown	low	pending	/照片/1%0a★试听课★	source may be a pre-change Chinese/manual string, not always a Japanese original	static_manual_or_model_unverified	3_manual_static_review	pass16-static-manual-model-review	individual translator/reviewer not recorded per row	unknown_manual_or_model	true; packaged JS/HTML	none_exact_found		no_per_row_official_or_wiki_pair	medium	unverified_static_js_html_translation_or_review	pending	magica/i18n_audit/release_v26_authority/manual_review_checklist.tsv;Pass16 peer rules, personally re-reviewed	静态界面逐槽位审校；不得改变ID、class、链接或模板表达式
MT-15684	static_js_html_unverified	static_js_html	magica/js/test/BackdoorList.js	line:413	visible_text_or_string	"title: ""突破活动调试模式"""	"title: ""踏破活动调试模式"""	needs-review/root-translation-required	magica/js/test/BackdoorList.js#line:413/visible_text_or_string	none_exact_found	unknown	magica/i18n_audit/release_v26_authority/manual_review_checklist.tsv;manual	unknown	low	pending	"title: ""突破活动调试模式"""	source may be a pre-change Chinese/manual string, not always a Japanese original	static_manual_or_model_unverified	3_manual_static_review	pass16-static-manual-model-review	individual translator/reviewer not recorded per row	unknown_manual_or_model	true; packaged JS/HTML	none_exact_found		no_per_row_official_or_wiki_pair	medium	unverified_static_js_html_translation_or_review	pending	magica/i18n_audit/release_v26_authority/manual_review_checklist.tsv;manual	静态界面逐槽位审校；不得改变ID、class、链接或模板表达式
MT-15685	static_js_html_unverified	static_js_html	magica/js/test/BackdoorList.js	line:414	visible_text_or_string	剧情任务打开调试模式。<br>请重新启动应用程序以将其关闭。	已启用剧情关卡调试模式。<br>要关闭此模式，请重新启动应用。	needs-review/root-translation-required	magica/js/test/BackdoorList.js#line:414/visible_text_or_string	none_exact_found	unknown	magica/i18n_audit/release_v26_authority/manual_review_checklist.tsv;Pass16 peer rules, personally re-reviewed	unknown	low	pending	剧情任务打开调试模式。<br>请重新启动应用程序以将其关闭。	source may be a pre-change Chinese/manual string, not always a Japanese original	static_manual_or_model_unverified	3_manual_static_review	pass16-static-manual-model-review	individual translator/reviewer not recorded per row	unknown_manual_or_model	true; packaged JS/HTML	none_exact_found		no_per_row_official_or_wiki_pair	medium	unverified_static_js_html_translation_or_review	pending	magica/i18n_audit/release_v26_authority/manual_review_checklist.tsv;Pass16 peer rules, personally re-reviewed	静态界面逐槽位审校；不得改变ID、class、链接或模板表达式
MT-15686	static_js_html_unverified	static_js_html	magica/js/test/BackdoorList.js	line:423	visible_text_or_string	"title: ""突破活动调试模式"""	"title: ""踏破活动调试模式"""	needs-review/root-translation-required	magica/js/test/BackdoorList.js#line:423/visible_text_or_string	none_exact_found	unknown	magica/i18n_audit/release_v26_authority/manual_review_checklist.tsv;manual	unknown	low	pending	"title: ""突破活动调试模式"""	source may be a pre-change Chinese/manual string, not always a Japanese original	static_manual_or_model_unverified	3_manual_static_review	pass16-static-manual-model-review	individual translator/reviewer not recorded per row	unknown_manual_or_model	true; packaged JS/HTML	none_exact_found		no_per_row_official_or_wiki_pair	medium	unverified_static_js_html_translation_or_review	pending	magica/i18n_audit/release_v26_authority/manual_review_checklist.tsv;manual	静态界面逐槽位审校；不得改变ID、class、链接或模板表达式
MT-15687	static_js_html_unverified	static_js_html	magica/js/test/BackdoorList.js	line:424	visible_text_or_string	挑战任务打开调试模式。<br>请重新启动应用程序以将其关闭。	已启用挑战关卡调试模式。<br>要关闭此模式，请重新启动应用。	needs-review/root-translation-required	magica/js/test/BackdoorList.js#line:424/visible_text_or_string	none_exact_found	unknown	magica/i18n_audit/release_v26_authority/manual_review_checklist.tsv;Pass16 peer rules, personally re-reviewed	unknown	low	pending	挑战任务打开调试模式。<br>请重新启动应用程序以将其关闭。	source may be a pre-change Chinese/manual string, not always a Japanese original	static_manual_or_model_unverified	3_manual_static_review	pass16-static-manual-model-review	individual translator/reviewer not recorded per row	unknown_manual_or_model	true; packaged JS/HTML	none_exact_found		no_per_row_official_or_wiki_pair	medium	unverified_static_js_html_translation_or_review	pending	magica/i18n_audit/release_v26_authority/manual_review_checklist.tsv;Pass16 peer rules, personally re-reviewed	静态界面逐槽位审校；不得改变ID、class、链接或模板表达式
MT-15688	static_js_html_unverified	static_js_html	magica/js/test/BackdoorList.js	line:486	visible_text_or_string	地牢 1	地下城1	needs-review/root-translation-required	magica/js/test/BackdoorList.js#line:486/visible_text_or_string	none_exact_found	unknown	magica/i18n_audit/release_v26_authority/manual_review_checklist.tsv;Pass16 peer rules, personally re-reviewed	unknown	low	pending	地牢 1	source may be a pre-change Chinese/manual string, not always a Japanese original	static_manual_or_model_unverified	3_manual_static_review	pass16-static-manual-model-review	individual translator/reviewer not recorded per row	unknown_manual_or_model	true; packaged JS/HTML	none_exact_found		no_per_row_official_or_wiki_pair	medium	unverified_static_js_html_translation_or_review	pending	magica/i18n_audit/release_v26_authority/manual_review_checklist.tsv;Pass16 peer rules, personally re-reviewed	静态界面逐槽位审校；不得改变ID、class、链接或模板表达式
MT-15689	static_js_html_unverified	static_js_html	magica/js/test/BackdoorList.js	line:503	visible_text_or_string	地下城 活动 已过时。	当前不在地下城活动开放期间。	needs-review/root-translation-required	magica/js/test/BackdoorList.js#line:503/visible_text_or_string	none_exact_found	unknown	magica/i18n_audit/release_v26_authority/manual_review_checklist.tsv;Pass16 peer rules, personally re-reviewed	unknown	low	pending	地下城 活动 已过时。	source may be a pre-change Chinese/manual string, not always a Japanese original	static_manual_or_model_unverified	3_manual_static_review	pass16-static-manual-model-review	individual translator/reviewer not recorded per row	unknown_manual_or_model	true; packaged JS/HTML	none_exact_found		no_per_row_official_or_wiki_pair	medium	unverified_static_js_html_translation_or_review	pending	magica/i18n_audit/release_v26_authority/manual_review_checklist.tsv;Pass16 peer rules, personally re-reviewed	静态界面逐槽位审校；不得改变ID、class、链接或模板表达式
MT-15690	static_js_html_unverified	static_js_html	magica/js/test/BackdoorList.js	line:558	visible_text_or_string	锁定的product_id列表<br>	处于锁定状态的product_id列表<br>	needs-review/root-translation-required	magica/js/test/BackdoorList.js#line:558/visible_text_or_string	none_exact_found	unknown	magica/i18n_audit/release_v26_authority/manual_review_checklist.tsv;Pass16 peer rules, personally re-reviewed	unknown	low	pending	锁定的product_id列表<br>	source may be a pre-change Chinese/manual string, not always a Japanese original	static_manual_or_model_unverified	3_manual_static_review	pass16-static-manual-model-review	individual translator/reviewer not recorded per row	unknown_manual_or_model	true; packaged JS/HTML	none_exact_found		no_per_row_official_or_wiki_pair	medium	unverified_static_js_html_translation_or_review	pending	magica/i18n_audit/release_v26_authority/manual_review_checklist.tsv;Pass16 peer rules, personally re-reviewed	静态界面逐槽位审校；不得改变ID、class、链接或模板表达式
MT-15691	static_js_html_unverified	static_js_html	magica/js/test/BackdoorList.js	line:565	visible_text_or_string	"title: ""Magia 石材购买状态确认"""	"title: ""魔法石购买状态"""	needs-review/root-translation-required	magica/js/test/BackdoorList.js#line:565/visible_text_or_string	none_exact_found	unknown	magica/i18n_audit/release_v26_authority/manual_review_checklist.tsv;manual	unknown	low	pending	"title: ""Magia 石材购买状态确认"""	source may be a pre-change Chinese/manual string, not always a Japanese original	static_manual_or_model_unverified	3_manual_static_review	pass16-static-manual-model-review	individual translator/reviewer not recorded per row	unknown_manual_or_model	true; packaged JS/HTML	none_exact_found		no_per_row_official_or_wiki_pair	medium	unverified_static_js_html_translation_or_review	pending	magica/i18n_audit/release_v26_authority/manual_review_checklist.tsv;manual	静态界面逐槽位审校；不得改变ID、class、链接或模板表达式
MT-15692	static_js_html_unverified	static_js_html	magica/js/test/BackdoorList.js	line:64	visible_text_or_string	"title: ""回复 战斗博物馆重置"""	"title: ""重置战斗博物馆回复功能"""	needs-review/root-translation-required	magica/js/test/BackdoorList.js#line:64/visible_text_or_string	none_exact_found	unknown	magica/i18n_audit/release_v26_authority/manual_review_checklist.tsv;manual	unknown	low	pending	"title: ""回复 战斗博物馆重置"""	source may be a pre-change Chinese/manual string, not always a Japanese original	static_manual_or_model_unverified	3_manual_static_review	pass16-static-manual-model-review	individual translator/reviewer not recorded per row	unknown_manual_or_model	true; packaged JS/HTML	none_exact_found		no_per_row_official_or_wiki_pair	medium	unverified_static_js_html_translation_or_review	pending	magica/i18n_audit/release_v26_authority/manual_review_checklist.tsv;manual	静态界面逐槽位审校；不得改变ID、class、链接或模板表达式
MT-15693	static_js_html_unverified	static_js_html	magica/js/test/BackdoorList.js	line:65	visible_text_or_string	是否要重置战斗博物馆的回复功能？<br>eventId：<input id='inputEventId' class='commonFrame3' readonly='readonly' type='text' maxlength='4' value=''>	是否重置战斗博物馆的回复功能？<br>eventId：<input id='inputEventId' class='commonFrame3' readonly='readonly' type='text' maxlength='4' value=''>	needs-review/root-translation-required	magica/js/test/BackdoorList.js#line:65/visible_text_or_string	none_exact_found	unknown	magica/i18n_audit/release_v26_authority/manual_review_checklist.tsv;Pass16 peer rules, personally re-reviewed	unknown	low	pending	是否要重置战斗博物馆的回复功能？<br>eventId：<input id='inputEventId' class='commonFrame3' readonly='readonly' type='text' maxlength='4' value=''>	source may be a pre-change Chinese/manual string, not always a Japanese original	static_manual_or_model_unverified	3_manual_static_review	pass16-static-manual-model-review	individual translator/reviewer not recorded per row	unknown_manual_or_model	true; packaged JS/HTML	none_exact_found		no_per_row_official_or_wiki_pair	high	unverified_static_js_html_translation_or_review	pending	magica/i18n_audit/release_v26_authority/manual_review_checklist.tsv;Pass16 peer rules, personally re-reviewed	静态界面逐槽位审校；不得改变ID、class、链接或模板表达式
MT-15694	static_js_html_unverified	static_js_html	magica/js/test/BackdoorList.js	line:75	visible_text_or_string	"title: ""回复 战斗博物馆重置"""	"title: ""重置战斗博物馆回复功能"""	needs-review/root-translation-required	magica/js/test/BackdoorList.js#line:75/visible_text_or_string	none_exact_found	unknown	magica/i18n_audit/release_v26_authority/manual_review_checklist.tsv;manual	unknown	low	pending	"title: ""回复 战斗博物馆重置"""	source may be a pre-change Chinese/manual string, not always a Japanese original	static_manual_or_model_unverified	3_manual_static_review	pass16-static-manual-model-review	individual translator/reviewer not recorded per row	unknown_manual_or_model	true; packaged JS/HTML	none_exact_found		no_per_row_official_or_wiki_pair	medium	unverified_static_js_html_translation_or_review	pending	magica/i18n_audit/release_v26_authority/manual_review_checklist.tsv;manual	静态界面逐槽位审校；不得改变ID、class、链接或模板表达式
MT-15695	static_js_html_unverified	static_js_html	magica/js/test/BackdoorList.js	line:76	visible_text_or_string	战斗 博物馆的 回复 功能已重置	已重置战斗博物馆的回复功能	needs-review/root-translation-required	magica/js/test/BackdoorList.js#line:76/visible_text_or_string	none_exact_found	unknown	magica/i18n_audit/release_v26_authority/manual_review_checklist.tsv;Pass16 peer rules, personally re-reviewed	unknown	low	pending	战斗 博物馆的 回复 功能已重置	source may be a pre-change Chinese/manual string, not always a Japanese original	static_manual_or_model_unverified	3_manual_static_review	pass16-static-manual-model-review	individual translator/reviewer not recorded per row	unknown_manual_or_model	true; packaged JS/HTML	none_exact_found		no_per_row_official_or_wiki_pair	medium	unverified_static_js_html_translation_or_review	pending	magica/i18n_audit/release_v26_authority/manual_review_checklist.tsv;Pass16 peer rules, personally re-reviewed	静态界面逐槽位审校；不得改变ID、class、链接或模板表达式
MT-15696	static_js_html_unverified	static_js_html	magica/js/test/BackdoorList.js	line:98	visible_text_or_string	"title: ""完了"""	"title: ""完成"""	needs-review/root-translation-required	magica/js/test/BackdoorList.js#line:98/visible_text_or_string	none_exact_found	unknown	magica/i18n_audit/release_v26_authority/manual_review_checklist.tsv;manual	unknown	low	pending	"title: ""完了"""	source may be a pre-change Chinese/manual string, not always a Japanese original	static_manual_or_model_unverified	3_manual_static_review	pass16-static-manual-model-review	individual translator/reviewer not recorded per row	unknown_manual_or_model	true; packaged JS/HTML	none_exact_found		no_per_row_official_or_wiki_pair	medium	unverified_static_js_html_translation_or_review	pending	magica/i18n_audit/release_v26_authority/manual_review_checklist.tsv;manual	静态界面逐槽位审校；不得改变ID、class、链接或模板表达式
MT-15697	static_js_html_unverified	static_js_html	magica/js/test/BackdoorList.js	line:99	visible_text_or_string	用户 已在搜索服务器上注册。<br>过一会儿，你就可以搜索了。 （最多 15 分钟）	已在搜索服务器注册用户。<br>稍候即可搜索（最长需15分钟）。	needs-review/root-translation-required	magica/js/test/BackdoorList.js#line:99/visible_text_or_string	none_exact_found	unknown	magica/i18n_audit/release_v26_authority/manual_review_checklist.tsv;Pass16 peer rules, personally re-reviewed	unknown	low	pending	用户 已在搜索服务器上注册。<br>过一会儿，你就可以搜索了。 （最多 15 分钟）	source may be a pre-change Chinese/manual string, not always a Japanese original	static_manual_or_model_unverified	3_manual_static_review	pass16-static-manual-model-review	individual translator/reviewer not recorded per row	unknown_manual_or_model	true; packaged JS/HTML	none_exact_found		no_per_row_official_or_wiki_pair	medium	unverified_static_js_html_translation_or_review	pending	magica/i18n_audit/release_v26_authority/manual_review_checklist.tsv;Pass16 peer rules, personally re-reviewed	静态界面逐槽位审校；不得改变ID、class、链接或模板表达式
MT-15698	static_js_html_unverified	static_js_html	magica/js/test/BackdoorQuestList.js	line:198	visible_text_or_string	” 是 <span class='c_red'>	」还差 <span class='c_red'>	needs-review/root-translation-required	magica/js/test/BackdoorQuestList.js#line:198/visible_text_or_string	none_exact_found	unknown	magica/i18n_audit/release_v26_authority/manual_review_checklist.tsv;Pass16 peer rules, personally re-reviewed	unknown	low	pending	” 是 <span class='c_red'>	source may be a pre-change Chinese/manual string, not always a Japanese original	static_manual_or_model_unverified	3_manual_static_review	pass16-static-manual-model-review	individual translator/reviewer not recorded per row	unknown_manual_or_model	true; packaged JS/HTML	none_exact_found		no_per_row_official_or_wiki_pair	medium	unverified_static_js_html_translation_or_review	pending	magica/i18n_audit/release_v26_authority/manual_review_checklist.tsv;Pass16 peer rules, personally re-reviewed	静态界面逐槽位审校；不得改变ID、class、链接或模板表达式
MT-15699	static_js_html_unverified	static_js_html	magica/js/test/BackdoorQuestList.js	line:198	visible_text_or_string	缺少	</span> 个	needs-review/root-translation-required	magica/js/test/BackdoorQuestList.js#line:198/visible_text_or_string	none_exact_found	unknown	magica/i18n_audit/release_v26_authority/manual_review_checklist.tsv;Pass16 peer rules, personally re-reviewed	unknown	low	pending	缺少	source may be a pre-change Chinese/manual string, not always a Japanese original	static_manual_or_model_unverified	3_manual_static_review	pass16-static-manual-model-review	individual translator/reviewer not recorded per row	unknown_manual_or_model	true; packaged JS/HTML	none_exact_found		no_per_row_official_or_wiki_pair	medium	unverified_static_js_html_translation_or_review	pending	magica/i18n_audit/release_v26_authority/manual_review_checklist.tsv;Pass16 peer rules, personally re-reviewed	静态界面逐槽位审校；不得改变ID、class、链接或模板表达式
MT-15700	static_js_html_unverified	static_js_html	magica/js/test/BackdoorQuestList.js	line:69	visible_text_or_string	神滨战神版	神滨的战神子篇	needs-review/root-translation-required	magica/js/test/BackdoorQuestList.js#line:69/visible_text_or_string	none_exact_found	unknown	magica/i18n_audit/release_v26_authority/manual_review_checklist.tsv;Pass16 peer rules, personally re-reviewed	unknown	low	pending	神滨战神版	source may be a pre-change Chinese/manual string, not always a Japanese original	static_manual_or_model_unverified	3_manual_static_review	pass16-static-manual-model-review	individual translator/reviewer not recorded per row	unknown_manual_or_model	true; packaged JS/HTML	none_exact_found		no_per_row_official_or_wiki_pair	medium	unverified_static_js_html_translation_or_review	pending	magica/i18n_audit/release_v26_authority/manual_review_checklist.tsv;Pass16 peer rules, personally re-reviewed	静态界面逐槽位审校；不得改变ID、class、链接或模板表达式
MT-15701	static_js_html_unverified	static_js_html	magica/js/test/BackdoorQuestList.js	line:73	visible_text_or_string	亚历山大海市蜃楼	亚历山德里亚的蜃楼篇	needs-review/root-translation-required	magica/js/test/BackdoorQuestList.js#line:73/visible_text_or_string	none_exact_found	unknown	magica/i18n_audit/release_v26_authority/manual_review_checklist.tsv;Pass16 peer rules, personally re-reviewed	unknown	low	pending	亚历山大海市蜃楼	source may be a pre-change Chinese/manual string, not always a Japanese original	static_manual_or_model_unverified	3_manual_static_review	pass16-static-manual-model-review	individual translator/reviewer not recorded per row	unknown_manual_or_model	true; packaged JS/HTML	none_exact_found		no_per_row_official_or_wiki_pair	medium	unverified_static_js_html_translation_or_review	pending	magica/i18n_audit/release_v26_authority/manual_review_checklist.tsv;Pass16 peer rules, personally re-reviewed	静态界面逐槽位审校；不得改变ID、class、链接或模板表达式
MT-15702	static_js_html_unverified	static_js_html	magica/js/test/BackdoorQuestList.js	line:77	visible_text_or_string	维克的瓦尔基里版	维京的女武神篇	needs-review/root-translation-required	magica/js/test/BackdoorQuestList.js#line:77/visible_text_or_string	none_exact_found	unknown	magica/i18n_audit/release_v26_authority/manual_review_checklist.tsv;Pass16 peer rules, personally re-reviewed	unknown	low	pending	维克的瓦尔基里版	source may be a pre-change Chinese/manual string, not always a Japanese original	static_manual_or_model_unverified	3_manual_static_review	pass16-static-manual-model-review	individual translator/reviewer not recorded per row	unknown_manual_or_model	true; packaged JS/HTML	none_exact_found		no_per_row_official_or_wiki_pair	medium	unverified_static_js_html_translation_or_review	pending	magica/i18n_audit/release_v26_authority/manual_review_checklist.tsv;Pass16 peer rules, personally re-reviewed	静态界面逐槽位审校；不得改变ID、class、链接或模板表达式
MT-15703	static_js_html_unverified	static_js_html	magica/js/test/BackdoorQuestList.js	line:81	visible_text_or_string	藏罗刹版	藏地的罗刹女篇	needs-review/root-translation-required	magica/js/test/BackdoorQuestList.js#line:81/visible_text_or_string	none_exact_found	unknown	magica/i18n_audit/release_v26_authority/manual_review_checklist.tsv;Pass16 peer rules, personally re-reviewed	unknown	low	pending	藏罗刹版	source may be a pre-change Chinese/manual string, not always a Japanese original	static_manual_or_model_unverified	3_manual_static_review	pass16-static-manual-model-review	individual translator/reviewer not recorded per row	unknown_manual_or_model	true; packaged JS/HTML	none_exact_found		no_per_row_official_or_wiki_pair	medium	unverified_static_js_html_translation_or_review	pending	magica/i18n_audit/release_v26_authority/manual_review_checklist.tsv;Pass16 peer rules, personally re-reviewed	静态界面逐槽位审校；不得改变ID、class、链接或模板表达式
MT-15704	static_js_html_unverified	static_js_html	magica/js/test/BackdoorQuestList.js	line:85	visible_text_or_string	邪马台国的踪迹	邪马台国的后嗣篇	needs-review/root-translation-required	magica/js/test/BackdoorQuestList.js#line:85/visible_text_or_string	none_exact_found	unknown	magica/i18n_audit/release_v26_authority/manual_review_checklist.tsv;Pass16 peer rules, personally re-reviewed	unknown	low	pending	邪马台国的踪迹	source may be a pre-change Chinese/manual string, not always a Japanese original	static_manual_or_model_unverified	3_manual_static_review	pass16-static-manual-model-review	individual translator/reviewer not recorded per row	unknown_manual_or_model	true; packaged JS/HTML	none_exact_found		no_per_row_official_or_wiki_pair	medium	unverified_static_js_html_translation_or_review	pending	magica/i18n_audit/release_v26_authority/manual_review_checklist.tsv;Pass16 peer rules, personally re-reviewed	静态界面逐槽位审校；不得改变ID、class、链接或模板表达式
MT-15705	static_js_html_unverified	static_js_html	magica/js/test/BackdoorQuestList.js	line:90	visible_text_or_string	罗马和平之情人版	罗马治世的恋人篇	needs-review/root-translation-required	magica/js/test/BackdoorQuestList.js#line:90/visible_text_or_string	none_exact_found	unknown	magica/i18n_audit/release_v26_authority/manual_review_checklist.tsv;Pass16 peer rules, personally re-reviewed	unknown	low	pending	罗马和平之情人版	source may be a pre-change Chinese/manual string, not always a Japanese original	static_manual_or_model_unverified	3_manual_static_review	pass16-static-manual-model-review	individual translator/reviewer not recorded per row	unknown_manual_or_model	true; packaged JS/HTML	none_exact_found		no_per_row_official_or_wiki_pair	medium	unverified_static_js_html_translation_or_review	pending	magica/i18n_audit/release_v26_authority/manual_review_checklist.tsv;Pass16 peer rules, personally re-reviewed	静态界面逐槽位审校；不得改变ID、class、链接或模板表达式
MT-15706	static_js_html_unverified	static_js_html	magica/js/test/BackdoorQuestList.js	line:95	visible_text_or_string	"""話 Battle"""	"""话 战斗"""	needs-review/root-translation-required	magica/js/test/BackdoorQuestList.js#line:95/visible_text_or_string	none_exact_found	unknown	magica/i18n_audit/release_v26_authority/manual_review_checklist.tsv;manual	unknown	low	pending	"""話 Battle"""	source may be a pre-change Chinese/manual string, not always a Japanese original	static_manual_or_model_unverified	3_manual_static_review	pass16-static-manual-model-review	individual translator/reviewer not recorded per row	unknown_manual_or_model	true; packaged JS/HTML	none_exact_found		no_per_row_official_or_wiki_pair	medium	unverified_static_js_html_translation_or_review	pending	magica/i18n_audit/release_v26_authority/manual_review_checklist.tsv;manual	静态界面逐槽位审校；不得改变ID、class、链接或模板表达式
MT-15707	static_js_html_unverified	static_js_html	magica/js/test/NativeSandBox.js	line:124	visible_text_or_string	请在输入字段中输入 userQuestBattleResultId。	请在输入框中输入userQuestBattleResultId。	needs-review/root-translation-required	magica/js/test/NativeSandBox.js#line:124/visible_text_or_string	none_exact_found	unknown	magica/i18n_audit/release_v26_authority/manual_review_checklist.tsv;Pass16 peer rules, personally re-reviewed	unknown	low	pending	请在输入字段中输入 userQuestBattleResultId。	source may be a pre-change Chinese/manual string, not always a Japanese original	static_manual_or_model_unverified	3_manual_static_review	pass16-static-manual-model-review	individual translator/reviewer not recorded per row	unknown_manual_or_model	true; packaged JS/HTML	none_exact_found		no_per_row_official_or_wiki_pair	medium	unverified_static_js_html_translation_or_review	pending	magica/i18n_audit/release_v26_authority/manual_review_checklist.tsv;Pass16 peer rules, personally re-reviewed	静态界面逐槽位审校；不得改变ID、class、链接或模板表达式
MT-15708	static_js_html_unverified	static_js_html	magica/js/test/SoundTest.js	line:10	visible_text_or_string	"[""07"", ""自己紹介演出用②""]"	"[""07"", ""自我介绍演出用②""]"	needs-review/root-translation-required	magica/js/test/SoundTest.js#line:10/visible_text_or_string	none_exact_found	unknown	magica/i18n_audit/release_v26_authority/manual_review_checklist.tsv;Pass16 complete label-set review	unknown	low	pending	"[""07"", ""自己紹介演出用②""]"	source may be a pre-change Chinese/manual string, not always a Japanese original	static_manual_or_model_unverified	3_manual_static_review	pass16-static-manual-model-review	individual translator/reviewer not recorded per row	unknown_manual_or_model	true; packaged JS/HTML	none_exact_found		no_per_row_official_or_wiki_pair	high	unverified_static_js_html_translation_or_review	pending	magica/i18n_audit/release_v26_authority/manual_review_checklist.tsv;Pass16 complete label-set review	静态界面逐槽位审校；不得改变ID、class、链接或模板表达式
MT-15709	static_js_html_unverified	static_js_html	magica/js/test/SoundTest.js	line:11	visible_text_or_string	"[""08"", ""自己紹介演出用③""]"	"[""08"", ""自我介绍演出用③""]"	needs-review/root-translation-required	magica/js/test/SoundTest.js#line:11/visible_text_or_string	none_exact_found	unknown	magica/i18n_audit/release_v26_authority/manual_review_checklist.tsv;Pass16 complete label-set review	unknown	low	pending	"[""08"", ""自己紹介演出用③""]"	source may be a pre-change Chinese/manual string, not always a Japanese original	static_manual_or_model_unverified	3_manual_static_review	pass16-static-manual-model-review	individual translator/reviewer not recorded per row	unknown_manual_or_model	true; packaged JS/HTML	none_exact_found		no_per_row_official_or_wiki_pair	high	unverified_static_js_html_translation_or_review	pending	magica/i18n_audit/release_v26_authority/manual_review_checklist.tsv;Pass16 complete label-set review	静态界面逐槽位审校；不得改变ID、class、链接或模板表达式
MT-15710	static_js_html_unverified	static_js_html	magica/js/test/SoundTest.js	line:12	visible_text_or_string	"[""09"", ""自己紹介演出用④""]"	"[""09"", ""自我介绍演出用④""]"	needs-review/root-translation-required	magica/js/test/SoundTest.js#line:12/visible_text_or_string	none_exact_found	unknown	magica/i18n_audit/release_v26_authority/manual_review_checklist.tsv;Pass16 complete label-set review	unknown	low	pending	"[""09"", ""自己紹介演出用④""]"	source may be a pre-change Chinese/manual string, not always a Japanese original	static_manual_or_model_unverified	3_manual_static_review	pass16-static-manual-model-review	individual translator/reviewer not recorded per row	unknown_manual_or_model	true; packaged JS/HTML	none_exact_found		no_per_row_official_or_wiki_pair	high	unverified_static_js_html_translation_or_review	pending	magica/i18n_audit/release_v26_authority/manual_review_checklist.tsv;Pass16 complete label-set review	静态界面逐槽位审校；不得改变ID、class、链接或模板表达式
MT-15711	static_js_html_unverified	static_js_html	magica/js/test/SoundTest.js	line:13	visible_text_or_string	"[""10"", ""自己紹介演出用⑤""]"	"[""10"", ""自我介绍演出用⑤""]"	needs-review/root-translation-required	magica/js/test/SoundTest.js#line:13/visible_text_or_string	none_exact_found	unknown	magica/i18n_audit/release_v26_authority/manual_review_checklist.tsv;Pass16 complete label-set review	unknown	low	pending	"[""10"", ""自己紹介演出用⑤""]"	source may be a pre-change Chinese/manual string, not always a Japanese original	static_manual_or_model_unverified	3_manual_static_review	pass16-static-manual-model-review	individual translator/reviewer not recorded per row	unknown_manual_or_model	true; packaged JS/HTML	none_exact_found		no_per_row_official_or_wiki_pair	high	unverified_static_js_html_translation_or_review	pending	magica/i18n_audit/release_v26_authority/manual_review_checklist.tsv;Pass16 complete label-set review	静态界面逐槽位审校；不得改变ID、class、链接或模板表达式
MT-15712	static_js_html_unverified	static_js_html	magica/js/test/SoundTest.js	line:14	visible_text_or_string	"[""11"", ""自己紹介演出用⑥""]"	"[""11"", ""自我介绍演出用⑥""]"	needs-review/root-translation-required	magica/js/test/SoundTest.js#line:14/visible_text_or_string	none_exact_found	unknown	magica/i18n_audit/release_v26_authority/manual_review_checklist.tsv;Pass16 complete label-set review	unknown	low	pending	"[""11"", ""自己紹介演出用⑥""]"	source may be a pre-change Chinese/manual string, not always a Japanese original	static_manual_or_model_unverified	3_manual_static_review	pass16-static-manual-model-review	individual translator/reviewer not recorded per row	unknown_manual_or_model	true; packaged JS/HTML	none_exact_found		no_per_row_official_or_wiki_pair	high	unverified_static_js_html_translation_or_review	pending	magica/i18n_audit/release_v26_authority/manual_review_checklist.tsv;Pass16 complete label-set review	静态界面逐槽位审校；不得改变ID、class、链接或模板表达式
MT-15713	static_js_html_unverified	static_js_html	magica/js/test/SoundTest.js	line:15	visible_text_or_string	"[""12"", ""自己紹介演出用⑦""]"	"[""12"", ""自我介绍演出用⑦""]"	needs-review/root-translation-required	magica/js/test/SoundTest.js#line:15/visible_text_or_string	none_exact_found	unknown	magica/i18n_audit/release_v26_authority/manual_review_checklist.tsv;Pass16 complete label-set review	unknown	low	pending	"[""12"", ""自己紹介演出用⑦""]"	source may be a pre-change Chinese/manual string, not always a Japanese original	static_manual_or_model_unverified	3_manual_static_review	pass16-static-manual-model-review	individual translator/reviewer not recorded per row	unknown_manual_or_model	true; packaged JS/HTML	none_exact_found		no_per_row_official_or_wiki_pair	high	unverified_static_js_html_translation_or_review	pending	magica/i18n_audit/release_v26_authority/manual_review_checklist.tsv;Pass16 complete label-set review	静态界面逐槽位审校；不得改变ID、class、链接或模板表达式
MT-15714	static_js_html_unverified	static_js_html	magica/js/test/SoundTest.js	line:16	visible_text_or_string	"[""13"", ""强化""]"	"[""13"", ""强化完成""]"	needs-review/root-translation-required	magica/js/test/SoundTest.js#line:16/visible_text_or_string	none_exact_found	unknown	magica/i18n_audit/release_v26_authority/manual_review_checklist.tsv;Pass16 complete label-set review	unknown	low	pending	"[""13"", ""强化""]"	source may be a pre-change Chinese/manual string, not always a Japanese original	static_manual_or_model_unverified	3_manual_static_review	pass16-static-manual-model-review	individual translator/reviewer not recorded per row	unknown_manual_or_model	true; packaged JS/HTML	none_exact_found		no_per_row_official_or_wiki_pair	high	unverified_static_js_html_translation_or_review	pending	magica/i18n_audit/release_v26_authority/manual_review_checklist.tsv;Pass16 complete label-set review	静态界面逐槽位审校；不得改变ID、class、链接或模板表达式
MT-15715	static_js_html_unverified	static_js_html	magica/js/test/SoundTest.js	line:17	visible_text_or_string	"[""14"", ""強化MAX""]"	"[""14"", ""强化（等级已满时）""]"	needs-review/root-translation-required	magica/js/test/SoundTest.js#line:17/visible_text_or_string	none_exact_found	unknown	magica/i18n_audit/release_v26_authority/manual_review_checklist.tsv;Pass16 complete label-set review	unknown	low	pending	"[""14"", ""強化MAX""]"	source may be a pre-change Chinese/manual string, not always a Japanese original	static_manual_or_model_unverified	3_manual_static_review	pass16-static-manual-model-review	individual translator/reviewer not recorded per row	unknown_manual_or_model	true; packaged JS/HTML	none_exact_found		no_per_row_official_or_wiki_pair	high	unverified_static_js_html_translation_or_review	pending	magica/i18n_audit/release_v26_authority/manual_review_checklist.tsv;Pass16 complete label-set review	静态界面逐槽位审校；不得改变ID、class、链接或模板表达式
MT-15716	static_js_html_unverified	static_js_html	magica/js/test/SoundTest.js	line:18	visible_text_or_string	"[""15"", ""章节Lv 上升""]"	"[""15"", ""剧情等级提升""]"	needs-review/root-translation-required	magica/js/test/SoundTest.js#line:18/visible_text_or_string	none_exact_found	unknown	magica/i18n_audit/release_v26_authority/manual_review_checklist.tsv;Pass16 complete label-set review	unknown	low	pending	"[""15"", ""章节Lv 上升""]"	source may be a pre-change Chinese/manual string, not always a Japanese original	static_manual_or_model_unverified	3_manual_static_review	pass16-static-manual-model-review	individual translator/reviewer not recorded per row	unknown_manual_or_model	true; packaged JS/HTML	none_exact_found		no_per_row_official_or_wiki_pair	high	unverified_static_js_html_translation_or_review	pending	magica/i18n_audit/release_v26_authority/manual_review_checklist.tsv;Pass16 complete label-set review	静态界面逐槽位审校；不得改变ID、class、链接或模板表达式
MT-15717	static_js_html_unverified	static_js_html	magica/js/test/SoundTest.js	line:19	visible_text_or_string	"[""16"", ""魔力解放１回目""]"	"[""16"", ""魔力解放第1次""]"	needs-review/root-translation-required	magica/js/test/SoundTest.js#line:19/visible_text_or_string	none_exact_found	unknown	magica/i18n_audit/release_v26_authority/manual_review_checklist.tsv;Pass16 complete label-set review	unknown	low	pending	"[""16"", ""魔力解放１回目""]"	source may be a pre-change Chinese/manual string, not always a Japanese original	static_manual_or_model_unverified	3_manual_static_review	pass16-static-manual-model-review	individual translator/reviewer not recorded per row	unknown_manual_or_model	true; packaged JS/HTML	none_exact_found		no_per_row_official_or_wiki_pair	high	unverified_static_js_html_translation_or_review	pending	magica/i18n_audit/release_v26_authority/manual_review_checklist.tsv;Pass16 complete label-set review	静态界面逐槽位审校；不得改变ID、class、链接或模板表达式
MT-15718	static_js_html_unverified	static_js_html	magica/js/test/SoundTest.js	line:20	visible_text_or_string	"[""17"", ""魔力解放２回目""]"	"[""17"", ""魔力解放第2次""]"	needs-review/root-translation-required	magica/js/test/SoundTest.js#line:20/visible_text_or_string	none_exact_found	unknown	magica/i18n_audit/release_v26_authority/manual_review_checklist.tsv;Pass16 complete label-set review	unknown	low	pending	"[""17"", ""魔力解放２回目""]"	source may be a pre-change Chinese/manual string, not always a Japanese original	static_manual_or_model_unverified	3_manual_static_review	pass16-static-manual-model-review	individual translator/reviewer not recorded per row	unknown_manual_or_model	true; packaged JS/HTML	none_exact_found		no_per_row_official_or_wiki_pair	high	unverified_static_js_html_translation_or_review	pending	magica/i18n_audit/release_v26_authority/manual_review_checklist.tsv;Pass16 complete label-set review	静态界面逐槽位审校；不得改变ID、class、链接或模板表达式
MT-15719	static_js_html_unverified	static_js_html	magica/js/test/SoundTest.js	line:21	visible_text_or_string	"[""18"", ""魔力解放３回目""]"	"[""18"", ""魔力解放第3次""]"	needs-review/root-translation-required	magica/js/test/SoundTest.js#line:21/visible_text_or_string	none_exact_found	unknown	magica/i18n_audit/release_v26_authority/manual_review_checklist.tsv;Pass16 complete label-set review	unknown	low	pending	"[""18"", ""魔力解放３回目""]"	source may be a pre-change Chinese/manual string, not always a Japanese original	static_manual_or_model_unverified	3_manual_static_review	pass16-static-manual-model-review	individual translator/reviewer not recorded per row	unknown_manual_or_model	true; packaged JS/HTML	none_exact_found		no_per_row_official_or_wiki_pair	high	unverified_static_js_html_translation_or_review	pending	magica/i18n_audit/release_v26_authority/manual_review_checklist.tsv;Pass16 complete label-set review	静态界面逐槽位审校；不得改变ID、class、链接或模板表达式
MT-15720	static_js_html_unverified	static_js_html	magica/js/test/SoundTest.js	line:22	visible_text_or_string	"[""19"", ""MagiaLv 上升""]"	"[""19"", ""Magia等级提升""]"	needs-review/root-translation-required	magica/js/test/SoundTest.js#line:22/visible_text_or_string	none_exact_found	unknown	magica/i18n_audit/release_v26_authority/manual_review_checklist.tsv;Pass16 complete label-set review	unknown	low	pending	"[""19"", ""MagiaLv 上升""]"	source may be a pre-change Chinese/manual string, not always a Japanese original	static_manual_or_model_unverified	3_manual_static_review	pass16-static-manual-model-review	individual translator/reviewer not recorded per row	unknown_manual_or_model	true; packaged JS/HTML	none_exact_found		no_per_row_official_or_wiki_pair	high	unverified_static_js_html_translation_or_review	pending	magica/i18n_audit/release_v26_authority/manual_review_checklist.tsv;Pass16 complete label-set review	静态界面逐槽位审校；不得改变ID、class、链接或模板表达式
MT-15721	static_js_html_unverified	static_js_html	magica/js/test/SoundTest.js	line:23	visible_text_or_string	"[""20"", ""觉醒（稀有度上升）②""]"	"[""20"", ""觉醒（稀有度提升）②""]"	needs-review/root-translation-required	magica/js/test/SoundTest.js#line:23/visible_text_or_string	none_exact_found	unknown	magica/i18n_audit/release_v26_authority/manual_review_checklist.tsv;Pass16 complete label-set review	unknown	low	pending	"[""20"", ""觉醒（稀有度上升）②""]"	source may be a pre-change Chinese/manual string, not always a Japanese original	static_manual_or_model_unverified	3_manual_static_review	pass16-static-manual-model-review	individual translator/reviewer not recorded per row	unknown_manual_or_model	true; packaged JS/HTML	none_exact_found		no_per_row_official_or_wiki_pair	high	unverified_static_js_html_translation_or_review	pending	magica/i18n_audit/release_v26_authority/manual_review_checklist.tsv;Pass16 complete label-set review	静态界面逐槽位审校；不得改变ID、class、链接或模板表达式
MT-15722	static_js_html_unverified	static_js_html	magica/js/test/SoundTest.js	line:24	visible_text_or_string	"[""21"", ""觉醒（稀有度上升）③""]"	"[""21"", ""觉醒（稀有度提升）③""]"	needs-review/root-translation-required	magica/js/test/SoundTest.js#line:24/visible_text_or_string	none_exact_found	unknown	magica/i18n_audit/release_v26_authority/manual_review_checklist.tsv;Pass16 complete label-set review	unknown	low	pending	"[""21"", ""觉醒（稀有度上升）③""]"	source may be a pre-change Chinese/manual string, not always a Japanese original	static_manual_or_model_unverified	3_manual_static_review	pass16-static-manual-model-review	individual translator/reviewer not recorded per row	unknown_manual_or_model	true; packaged JS/HTML	none_exact_found		no_per_row_official_or_wiki_pair	high	unverified_static_js_html_translation_or_review	pending	magica/i18n_audit/release_v26_authority/manual_review_checklist.tsv;Pass16 complete label-set review	静态界面逐槽位审校；不得改变ID、class、链接或模板表达式
MT-15723	static_js_html_unverified	static_js_html	magica/js/test/SoundTest.js	line:25	visible_text_or_string	"[""22"", ""觉醒（稀有度上升）④""]"	"[""22"", ""觉醒（稀有度提升）④""]"	needs-review/root-translation-required	magica/js/test/SoundTest.js#line:25/visible_text_or_string	none_exact_found	unknown	magica/i18n_audit/release_v26_authority/manual_review_checklist.tsv;Pass16 complete label-set review	unknown	low	pending	"[""22"", ""觉醒（稀有度上升）④""]"	source may be a pre-change Chinese/manual string, not always a Japanese original	static_manual_or_model_unverified	3_manual_static_review	pass16-static-manual-model-review	individual translator/reviewer not recorded per row	unknown_manual_or_model	true; packaged JS/HTML	none_exact_found		no_per_row_official_or_wiki_pair	high	unverified_static_js_html_translation_or_review	pending	magica/i18n_audit/release_v26_authority/manual_review_checklist.tsv;Pass16 complete label-set review	静态界面逐槽位审校；不得改变ID、class、链接或模板表达式
MT-15724	static_js_html_unverified	static_js_html	magica/js/test/SoundTest.js	line:26	visible_text_or_string	"[""23"", ""觉醒（稀有度上升）⑤""]"	"[""23"", ""觉醒（稀有度提升）⑤""]"	needs-review/root-translation-required	magica/js/test/SoundTest.js#line:26/visible_text_or_string	none_exact_found	unknown	magica/i18n_audit/release_v26_authority/manual_review_checklist.tsv;Pass16 complete label-set review	unknown	low	pending	"[""23"", ""觉醒（稀有度上升）⑤""]"	source may be a pre-change Chinese/manual string, not always a Japanese original	static_manual_or_model_unverified	3_manual_static_review	pass16-static-manual-model-review	individual translator/reviewer not recorded per row	unknown_manual_or_model	true; packaged JS/HTML	none_exact_found		no_per_row_official_or_wiki_pair	high	unverified_static_js_html_translation_or_review	pending	magica/i18n_audit/release_v26_authority/manual_review_checklist.tsv;Pass16 complete label-set review	静态界面逐槽位审校；不得改变ID、class、链接或模板表达式
MT-15725	static_js_html_unverified	static_js_html	magica/js/test/SoundTest.js	line:27	visible_text_or_string	"[""24"", ""当天第一时间 登录""]"	"[""24"", ""每日首次登录时""]"	needs-review/root-translation-required	magica/js/test/SoundTest.js#line:27/visible_text_or_string	none_exact_found	unknown	magica/i18n_audit/release_v26_authority/manual_review_checklist.tsv;Pass16 complete label-set review	unknown	low	pending	"[""24"", ""当天第一时间 登录""]"	source may be a pre-change Chinese/manual string, not always a Japanese original	static_manual_or_model_unverified	3_manual_static_review	pass16-static-manual-model-review	individual translator/reviewer not recorded per row	unknown_manual_or_model	true; packaged JS/HTML	none_exact_found		no_per_row_official_or_wiki_pair	high	unverified_static_js_html_translation_or_review	pending	magica/i18n_audit/release_v26_authority/manual_review_checklist.tsv;Pass16 complete label-set review	静态界面逐槽位审校；不得改变ID、class、链接或模板表达式
MT-15726	static_js_html_unverified	static_js_html	magica/js/test/SoundTest.js	line:28	visible_text_or_string	"[""25"", ""時間変化①6-9時""]"	"[""25"", ""时间变化①（6～9时）""]"	needs-review/root-translation-required	magica/js/test/SoundTest.js#line:28/visible_text_or_string	none_exact_found	unknown	magica/i18n_audit/release_v26_authority/manual_review_checklist.tsv;Pass16 complete label-set review	unknown	low	pending	"[""25"", ""時間変化①6-9時""]"	source may be a pre-change Chinese/manual string, not always a Japanese original	static_manual_or_model_unverified	3_manual_static_review	pass16-static-manual-model-review	individual translator/reviewer not recorded per row	unknown_manual_or_model	true; packaged JS/HTML	none_exact_found		no_per_row_official_or_wiki_pair	high	unverified_static_js_html_translation_or_review	pending	magica/i18n_audit/release_v26_authority/manual_review_checklist.tsv;Pass16 complete label-set review	静态界面逐槽位审校；不得改变ID、class、链接或模板表达式
MT-15727	static_js_html_unverified	static_js_html	magica/js/test/SoundTest.js	line:29	visible_text_or_string	"[""26"", ""時間変化②11-13時""]"	"[""26"", ""时间变化②（11～13时）""]"	needs-review/root-translation-required	magica/js/test/SoundTest.js#line:29/visible_text_or_string	none_exact_found	unknown	magica/i18n_audit/release_v26_authority/manual_review_checklist.tsv;Pass16 complete label-set review	unknown	low	pending	"[""26"", ""時間変化②11-13時""]"	source may be a pre-change Chinese/manual string, not always a Japanese original	static_manual_or_model_unverified	3_manual_static_review	pass16-static-manual-model-review	individual translator/reviewer not recorded per row	unknown_manual_or_model	true; packaged JS/HTML	none_exact_found		no_per_row_official_or_wiki_pair	high	unverified_static_js_html_translation_or_review	pending	magica/i18n_audit/release_v26_authority/manual_review_checklist.tsv;Pass16 complete label-set review	静态界面逐槽位审校；不得改变ID、class、链接或模板表达式
MT-15728	static_js_html_unverified	static_js_html	magica/js/test/SoundTest.js	line:30	visible_text_or_string	"[""27"", ""時間変化③17-19時""]"	"[""27"", ""时间变化③（17～19时）""]"	needs-review/root-translation-required	magica/js/test/SoundTest.js#line:30/visible_text_or_string	none_exact_found	unknown	magica/i18n_audit/release_v26_authority/manual_review_checklist.tsv;Pass16 complete label-set review	unknown	low	pending	"[""27"", ""時間変化③17-19時""]"	source may be a pre-change Chinese/manual string, not always a Japanese original	static_manual_or_model_unverified	3_manual_static_review	pass16-static-manual-model-review	individual translator/reviewer not recorded per row	unknown_manual_or_model	true; packaged JS/HTML	none_exact_found		no_per_row_official_or_wiki_pair	high	unverified_static_js_html_translation_or_review	pending	magica/i18n_audit/release_v26_authority/manual_review_checklist.tsv;Pass16 complete label-set review	静态界面逐槽位审校；不得改变ID、class、链接或模板表达式
MT-15729	static_js_html_unverified	static_js_html	magica/js/test/SoundTest.js	line:31	visible_text_or_string	"[""28"", ""時間変化④22-24時""]"	"[""28"", ""时间变化④（22～24时）""]"	needs-review/root-translation-required	magica/js/test/SoundTest.js#line:31/visible_text_or_string	none_exact_found	unknown	magica/i18n_audit/release_v26_authority/manual_review_checklist.tsv;Pass16 complete label-set review	unknown	low	pending	"[""28"", ""時間変化④22-24時""]"	source may be a pre-change Chinese/manual string, not always a Japanese original	static_manual_or_model_unverified	3_manual_static_review	pass16-static-manual-model-review	individual translator/reviewer not recorded per row	unknown_manual_or_model	true; packaged JS/HTML	none_exact_found		no_per_row_official_or_wiki_pair	high	unverified_static_js_html_translation_or_review	pending	magica/i18n_audit/release_v26_authority/manual_review_checklist.tsv;Pass16 complete label-set review	静态界面逐槽位审校；不得改变ID、class、链接或模板表达式
MT-15730	static_js_html_unverified	static_js_html	magica/js/test/SoundTest.js	line:32	visible_text_or_string	"[""29"", ""時間変化⑤上記以外""]"	"[""29"", ""时间变化⑤（上述时段以外）""]"	needs-review/root-translation-required	magica/js/test/SoundTest.js#line:32/visible_text_or_string	none_exact_found	unknown	magica/i18n_audit/release_v26_authority/manual_review_checklist.tsv;Pass16 complete label-set review	unknown	low	pending	"[""29"", ""時間変化⑤上記以外""]"	source may be a pre-change Chinese/manual string, not always a Japanese original	static_manual_or_model_unverified	3_manual_static_review	pass16-static-manual-model-review	individual translator/reviewer not recorded per row	unknown_manual_or_model	true; packaged JS/HTML	none_exact_found		no_per_row_official_or_wiki_pair	high	unverified_static_js_html_translation_or_review	pending	magica/i18n_audit/release_v26_authority/manual_review_checklist.tsv;Pass16 complete label-set review	静态界面逐槽位审校；不得改变ID、class、链接或模板表达式
MT-15731	static_js_html_unverified	static_js_html	magica/js/test/SoundTest.js	line:36	visible_text_or_string	"[""33"", ""点击时的线条（默认①）""]"	"[""33"", ""点击时台词（默认①）""]"	needs-review/root-translation-required	magica/js/test/SoundTest.js#line:36/visible_text_or_string	none_exact_found	unknown	magica/i18n_audit/release_v26_authority/manual_review_checklist.tsv;Pass16 complete label-set review	unknown	low	pending	"[""33"", ""点击时的线条（默认①）""]"	source may be a pre-change Chinese/manual string, not always a Japanese original	static_manual_or_model_unverified	3_manual_static_review	pass16-static-manual-model-review	individual translator/reviewer not recorded per row	unknown_manual_or_model	true; packaged JS/HTML	none_exact_found		no_per_row_official_or_wiki_pair	high	unverified_static_js_html_translation_or_review	pending	magica/i18n_audit/release_v26_authority/manual_review_checklist.tsv;Pass16 complete label-set review	静态界面逐槽位审校；不得改变ID、class、链接或模板表达式
MT-15732	static_js_html_unverified	static_js_html	magica/js/test/SoundTest.js	line:37	visible_text_or_string	"[""34"", ""点击时的对话（默认②）""]"	"[""34"", ""点击时台词（默认②）""]"	needs-review/root-translation-required	magica/js/test/SoundTest.js#line:37/visible_text_or_string	none_exact_found	unknown	magica/i18n_audit/release_v26_authority/manual_review_checklist.tsv;Pass16 complete label-set review	unknown	low	pending	"[""34"", ""点击时的对话（默认②）""]"	source may be a pre-change Chinese/manual string, not always a Japanese original	static_manual_or_model_unverified	3_manual_static_review	pass16-static-manual-model-review	individual translator/reviewer not recorded per row	unknown_manual_or_model	true; packaged JS/HTML	none_exact_found		no_per_row_official_or_wiki_pair	high	unverified_static_js_html_translation_or_review	pending	magica/i18n_audit/release_v26_authority/manual_review_checklist.tsv;Pass16 complete label-set review	静态界面逐槽位审校；不得改变ID、class、链接或模板表达式
MT-15733	static_js_html_unverified	static_js_html	magica/js/test/SoundTest.js	line:38	visible_text_or_string	"[""35"", ""点击时的线条（默认 ③）""]"	"[""35"", ""点击时台词（默认③）""]"	needs-review/root-translation-required	magica/js/test/SoundTest.js#line:38/visible_text_or_string	none_exact_found	unknown	magica/i18n_audit/release_v26_authority/manual_review_checklist.tsv;Pass16 complete label-set review	unknown	low	pending	"[""35"", ""点击时的线条（默认 ③）""]"	source may be a pre-change Chinese/manual string, not always a Japanese original	static_manual_or_model_unverified	3_manual_static_review	pass16-static-manual-model-review	individual translator/reviewer not recorded per row	unknown_manual_or_model	true; packaged JS/HTML	none_exact_found		no_per_row_official_or_wiki_pair	high	unverified_static_js_html_translation_or_review	pending	magica/i18n_audit/release_v26_authority/manual_review_checklist.tsv;Pass16 complete label-set review	静态界面逐槽位审校；不得改变ID、class、链接或模板表达式
MT-15734	static_js_html_unverified	static_js_html	magica/js/test/SoundTest.js	line:39	visible_text_or_string	"[""36"", ""点击时的对话（默认 ④）""]"	"[""36"", ""点击时台词（默认④）""]"	needs-review/root-translation-required	magica/js/test/SoundTest.js#line:39/visible_text_or_string	none_exact_found	unknown	magica/i18n_audit/release_v26_authority/manual_review_checklist.tsv;Pass16 complete label-set review	unknown	low	pending	"[""36"", ""点击时的对话（默认 ④）""]"	source may be a pre-change Chinese/manual string, not always a Japanese original	static_manual_or_model_unverified	3_manual_static_review	pass16-static-manual-model-review	individual translator/reviewer not recorded per row	unknown_manual_or_model	true; packaged JS/HTML	none_exact_found		no_per_row_official_or_wiki_pair	high	unverified_static_js_html_translation_or_review	pending	magica/i18n_audit/release_v26_authority/manual_review_checklist.tsv;Pass16 complete label-set review	静态界面逐槽位审校；不得改变ID、class、链接或模板表达式
MT-15735	static_js_html_unverified	static_js_html	magica/js/test/SoundTest.js	line:4	visible_text_or_string	"[""01"", ""卡片详情中的自我介绍""]"	"[""01"", ""卡牌详情中的自我介绍""]"	needs-review/root-translation-required	magica/js/test/SoundTest.js#line:4/visible_text_or_string	none_exact_found	unknown	magica/i18n_audit/release_v26_authority/manual_review_checklist.tsv;Pass16 complete label-set review	unknown	low	pending	"[""01"", ""卡片详情中的自我介绍""]"	source may be a pre-change Chinese/manual string, not always a Japanese original	static_manual_or_model_unverified	3_manual_static_review	pass16-static-manual-model-review	individual translator/reviewer not recorded per row	unknown_manual_or_model	true; packaged JS/HTML	none_exact_found		no_per_row_official_or_wiki_pair	high	unverified_static_js_html_translation_or_review	pending	magica/i18n_audit/release_v26_authority/manual_review_checklist.tsv;Pass16 complete label-set review	静态界面逐槽位审校；不得改变ID、class、链接或模板表达式
MT-15736	static_js_html_unverified	static_js_html	magica/js/test/SoundTest.js	line:40	visible_text_or_string	"[""37"", ""点击时的线条 (章节Lv2)""]"	"[""37"", ""点击时台词（剧情等级2）""]"	needs-review/root-translation-required	magica/js/test/SoundTest.js#line:40/visible_text_or_string	none_exact_found	unknown	magica/i18n_audit/release_v26_authority/manual_review_checklist.tsv;Pass16 complete label-set review	unknown	low	pending	"[""37"", ""点击时的线条 (章节Lv2)""]"	source may be a pre-change Chinese/manual string, not always a Japanese original	static_manual_or_model_unverified	3_manual_static_review	pass16-static-manual-model-review	individual translator/reviewer not recorded per row	unknown_manual_or_model	true; packaged JS/HTML	none_exact_found		no_per_row_official_or_wiki_pair	high	unverified_static_js_html_translation_or_review	pending	magica/i18n_audit/release_v26_authority/manual_review_checklist.tsv;Pass16 complete label-set review	静态界面逐槽位审校；不得改变ID、class、链接或模板表达式
MT-15737	static_js_html_unverified	static_js_html	magica/js/test/SoundTest.js	line:41	visible_text_or_string	"[""38"", ""点击时的线条 (章节Lv3)""]"	"[""38"", ""点击时台词（剧情等级3）""]"	needs-review/root-translation-required	magica/js/test/SoundTest.js#line:41/visible_text_or_string	none_exact_found	unknown	magica/i18n_audit/release_v26_authority/manual_review_checklist.tsv;Pass16 complete label-set review	unknown	low	pending	"[""38"", ""点击时的线条 (章节Lv3)""]"	source may be a pre-change Chinese/manual string, not always a Japanese original	static_manual_or_model_unverified	3_manual_static_review	pass16-static-manual-model-review	individual translator/reviewer not recorded per row	unknown_manual_or_model	true; packaged JS/HTML	none_exact_found		no_per_row_official_or_wiki_pair	high	unverified_static_js_html_translation_or_review	pending	magica/i18n_audit/release_v26_authority/manual_review_checklist.tsv;Pass16 complete label-set review	静态界面逐槽位审校；不得改变ID、class、链接或模板表达式
MT-15738	static_js_html_unverified	static_js_html	magica/js/test/SoundTest.js	line:42	visible_text_or_string	"[""39"", ""点击时的线条 (章节Lv4)""]"	"[""39"", ""点击时台词（剧情等级4）""]"	needs-review/root-translation-required	magica/js/test/SoundTest.js#line:42/visible_text_or_string	none_exact_found	unknown	magica/i18n_audit/release_v26_authority/manual_review_checklist.tsv;Pass16 complete label-set review	unknown	low	pending	"[""39"", ""点击时的线条 (章节Lv4)""]"	source may be a pre-change Chinese/manual string, not always a Japanese original	static_manual_or_model_unverified	3_manual_static_review	pass16-static-manual-model-review	individual translator/reviewer not recorded per row	unknown_manual_or_model	true; packaged JS/HTML	none_exact_found		no_per_row_official_or_wiki_pair	high	unverified_static_js_html_translation_or_review	pending	magica/i18n_audit/release_v26_authority/manual_review_checklist.tsv;Pass16 complete label-set review	静态界面逐槽位审校；不得改变ID、class、链接或模板表达式
MT-15739	static_js_html_unverified	static_js_html	magica/js/test/SoundTest.js	line:43	visible_text_or_string	"[""40"", ""点击时的线条 (章节Lv5)""]"	"[""40"", ""点击时台词（剧情等级5）""]"	needs-review/root-translation-required	magica/js/test/SoundTest.js#line:43/visible_text_or_string	none_exact_found	unknown	magica/i18n_audit/release_v26_authority/manual_review_checklist.tsv;Pass16 complete label-set review	unknown	low	pending	"[""40"", ""点击时的线条 (章节Lv5)""]"	source may be a pre-change Chinese/manual string, not always a Japanese original	static_manual_or_model_unverified	3_manual_static_review	pass16-static-manual-model-review	individual translator/reviewer not recorded per row	unknown_manual_or_model	true; packaged JS/HTML	none_exact_found		no_per_row_official_or_wiki_pair	high	unverified_static_js_html_translation_or_review	pending	magica/i18n_audit/release_v26_authority/manual_review_checklist.tsv;Pass16 complete label-set review	静态界面逐槽位审校；不得改变ID、class、链接或模板表达式
MT-15740	static_js_html_unverified	static_js_html	magica/js/test/SoundTest.js	line:44	visible_text_or_string	"[""41"", ""点击时的线条（多次点击）""]"	"[""41"", ""点击时台词（多次点击）""]"	needs-review/root-translation-required	magica/js/test/SoundTest.js#line:44/visible_text_or_string	none_exact_found	unknown	magica/i18n_audit/release_v26_authority/manual_review_checklist.tsv;Pass16 complete label-set review	unknown	low	pending	"[""41"", ""点击时的线条（多次点击）""]"	source may be a pre-change Chinese/manual string, not always a Japanese original	static_manual_or_model_unverified	3_manual_static_review	pass16-static-manual-model-review	individual translator/reviewer not recorded per row	unknown_manual_or_model	true; packaged JS/HTML	none_exact_found		no_per_row_official_or_wiki_pair	high	unverified_static_js_html_translation_or_review	pending	magica/i18n_audit/release_v26_authority/manual_review_checklist.tsv;Pass16 complete label-set review	静态界面逐槽位审校；不得改变ID、class、链接或模板表达式
MT-15741	static_js_html_unverified	static_js_html	magica/js/test/SoundTest.js	line:45	visible_text_or_string	"[""42"", ""以战斗开头""]"	"[""42"", ""战斗开始时""]"	needs-review/root-translation-required	magica/js/test/SoundTest.js#line:45/visible_text_or_string	none_exact_found	unknown	magica/i18n_audit/release_v26_authority/manual_review_checklist.tsv;Pass16 complete label-set review	unknown	low	pending	"[""42"", ""以战斗开头""]"	source may be a pre-change Chinese/manual string, not always a Japanese original	static_manual_or_model_unverified	3_manual_static_review	pass16-static-manual-model-review	individual translator/reviewer not recorded per row	unknown_manual_or_model	true; packaged JS/HTML	none_exact_found		no_per_row_official_or_wiki_pair	high	unverified_static_js_html_translation_or_review	pending	magica/i18n_audit/release_v26_authority/manual_review_checklist.tsv;Pass16 complete label-set review	静态界面逐槽位审校；不得改变ID、class、链接或模板表达式
MT-15742	static_js_html_unverified	static_js_html	magica/js/test/SoundTest.js	line:46	visible_text_or_string	"[""43"", ""勝利①（★１、２、３）""]"	"[""43"", ""胜利①（★1、2、3）""]"	needs-review/root-translation-required	magica/js/test/SoundTest.js#line:46/visible_text_or_string	none_exact_found	unknown	magica/i18n_audit/release_v26_authority/manual_review_checklist.tsv;Pass16 complete label-set review	unknown	low	pending	"[""43"", ""勝利①（★１、２、３）""]"	source may be a pre-change Chinese/manual string, not always a Japanese original	static_manual_or_model_unverified	3_manual_static_review	pass16-static-manual-model-review	individual translator/reviewer not recorded per row	unknown_manual_or_model	true; packaged JS/HTML	none_exact_found		no_per_row_official_or_wiki_pair	high	unverified_static_js_html_translation_or_review	pending	magica/i18n_audit/release_v26_authority/manual_review_checklist.tsv;Pass16 complete label-set review	静态界面逐槽位审校；不得改变ID、class、链接或模板表达式
MT-15743	static_js_html_unverified	static_js_html	magica/js/test/SoundTest.js	line:47	visible_text_or_string	"[""44"", ""勝利②（★４）""]"	"[""44"", ""胜利②（★4）""]"	needs-review/root-translation-required	magica/js/test/SoundTest.js#line:47/visible_text_or_string	none_exact_found	unknown	magica/i18n_audit/release_v26_authority/manual_review_checklist.tsv;Pass16 complete label-set review	unknown	low	pending	"[""44"", ""勝利②（★４）""]"	source may be a pre-change Chinese/manual string, not always a Japanese original	static_manual_or_model_unverified	3_manual_static_review	pass16-static-manual-model-review	individual translator/reviewer not recorded per row	unknown_manual_or_model	true; packaged JS/HTML	none_exact_found		no_per_row_official_or_wiki_pair	high	unverified_static_js_html_translation_or_review	pending	magica/i18n_audit/release_v26_authority/manual_review_checklist.tsv;Pass16 complete label-set review	静态界面逐槽位审校；不得改变ID、class、链接或模板表达式
MT-15744	static_js_html_unverified	static_js_html	magica/js/test/SoundTest.js	line:48	visible_text_or_string	"[""45"", ""勝利③（★５）""]"	"[""45"", ""胜利③（★5）""]"	needs-review/root-translation-required	magica/js/test/SoundTest.js#line:48/visible_text_or_string	none_exact_found	unknown	magica/i18n_audit/release_v26_authority/manual_review_checklist.tsv;Pass16 complete label-set review	unknown	low	pending	"[""45"", ""勝利③（★５）""]"	source may be a pre-change Chinese/manual string, not always a Japanese original	static_manual_or_model_unverified	3_manual_static_review	pass16-static-manual-model-review	individual translator/reviewer not recorded per row	unknown_manual_or_model	true; packaged JS/HTML	none_exact_found		no_per_row_official_or_wiki_pair	high	unverified_static_js_html_translation_or_review	pending	magica/i18n_audit/release_v26_authority/manual_review_checklist.tsv;Pass16 complete label-set review	静态界面逐槽位审校；不得改变ID、class、链接或模板表达式
MT-15745	static_js_html_unverified	static_js_html	magica/js/test/SoundTest.js	line:49	visible_text_or_string	"[""46"", ""勝利④（★６）""]"	"[""46"", ""胜利④（★6）""]"	needs-review/root-translation-required	magica/js/test/SoundTest.js#line:49/visible_text_or_string	none_exact_found	unknown	magica/i18n_audit/release_v26_authority/manual_review_checklist.tsv;Pass16 complete label-set review	unknown	low	pending	"[""46"", ""勝利④（★６）""]"	source may be a pre-change Chinese/manual string, not always a Japanese original	static_manual_or_model_unverified	3_manual_static_review	pass16-static-manual-model-review	individual translator/reviewer not recorded per row	unknown_manual_or_model	true; packaged JS/HTML	none_exact_found		no_per_row_official_or_wiki_pair	high	unverified_static_js_html_translation_or_review	pending	magica/i18n_audit/release_v26_authority/manual_review_checklist.tsv;Pass16 complete label-set review	静态界面逐槽位审校；不得改变ID、class、链接或模板表达式
MT-15746	static_js_html_unverified	static_js_html	magica/js/test/SoundTest.js	line:5	visible_text_or_string	"[""02"", ""获取抽卡时""]"	"[""02"", ""扭蛋获取时""]"	needs-review/root-translation-required	magica/js/test/SoundTest.js#line:5/visible_text_or_string	none_exact_found	unknown	magica/i18n_audit/release_v26_authority/manual_review_checklist.tsv;Pass16 complete label-set review	unknown	low	pending	"[""02"", ""获取抽卡时""]"	source may be a pre-change Chinese/manual string, not always a Japanese original	static_manual_or_model_unverified	3_manual_static_review	pass16-static-manual-model-review	individual translator/reviewer not recorded per row	unknown_manual_or_model	true; packaged JS/HTML	none_exact_found		no_per_row_official_or_wiki_pair	high	unverified_static_js_html_translation_or_review	pending	magica/i18n_audit/release_v26_authority/manual_review_checklist.tsv;Pass16 complete label-set review	静态界面逐槽位审校；不得改变ID、class、链接或模板表达式
MT-15747	static_js_html_unverified	static_js_html	magica/js/test/SoundTest.js	line:50	visible_text_or_string	"[""47"", ""光盘组①""]"	"[""47"", ""行动盘选择①""]"	needs-review/root-translation-required	magica/js/test/SoundTest.js#line:50/visible_text_or_string	none_exact_found	unknown	magica/i18n_audit/release_v26_authority/manual_review_checklist.tsv;Pass16 complete label-set review	unknown	low	pending	"[""47"", ""光盘组①""]"	source may be a pre-change Chinese/manual string, not always a Japanese original	static_manual_or_model_unverified	3_manual_static_review	pass16-static-manual-model-review	individual translator/reviewer not recorded per row	unknown_manual_or_model	true; packaged JS/HTML	none_exact_found		no_per_row_official_or_wiki_pair	high	unverified_static_js_html_translation_or_review	pending	magica/i18n_audit/release_v26_authority/manual_review_checklist.tsv;Pass16 complete label-set review	静态界面逐槽位审校；不得改变ID、class、链接或模板表达式
MT-15748	static_js_html_unverified	static_js_html	magica/js/test/SoundTest.js	line:51	visible_text_or_string	"[""48"", ""光盘组②""]"	"[""48"", ""行动盘选择②""]"	needs-review/root-translation-required	magica/js/test/SoundTest.js#line:51/visible_text_or_string	none_exact_found	unknown	magica/i18n_audit/release_v26_authority/manual_review_checklist.tsv;Pass16 complete label-set review	unknown	low	pending	"[""48"", ""光盘组②""]"	source may be a pre-change Chinese/manual string, not always a Japanese original	static_manual_or_model_unverified	3_manual_static_review	pass16-static-manual-model-review	individual translator/reviewer not recorded per row	unknown_manual_or_model	true; packaged JS/HTML	none_exact_found		no_per_row_official_or_wiki_pair	high	unverified_static_js_html_translation_or_review	pending	magica/i18n_audit/release_v26_authority/manual_review_checklist.tsv;Pass16 complete label-set review	静态界面逐槽位审校；不得改变ID、class、链接或模板表达式
MT-15749	static_js_html_unverified	static_js_html	magica/js/test/SoundTest.js	line:52	visible_text_or_string	"[""49"", ""光盘组③""]"	"[""49"", ""行动盘选择③""]"	needs-review/root-translation-required	magica/js/test/SoundTest.js#line:52/visible_text_or_string	none_exact_found	unknown	magica/i18n_audit/release_v26_authority/manual_review_checklist.tsv;Pass16 complete label-set review	unknown	low	pending	"[""49"", ""光盘组③""]"	source may be a pre-change Chinese/manual string, not always a Japanese original	static_manual_or_model_unverified	3_manual_static_review	pass16-static-manual-model-review	individual translator/reviewer not recorded per row	unknown_manual_or_model	true; packaged JS/HTML	none_exact_found		no_per_row_official_or_wiki_pair	high	unverified_static_js_html_translation_or_review	pending	magica/i18n_audit/release_v26_authority/manual_review_checklist.tsv;Pass16 complete label-set review	静态界面逐槽位审校；不得改变ID、class、链接或模板表达式
MT-15750	static_js_html_unverified	static_js_html	magica/js/test/SoundTest.js	line:53	visible_text_or_string	"[""50"", ""光盘组 ④""]"	"[""50"", ""行动盘选择④""]"	needs-review/root-translation-required	magica/js/test/SoundTest.js#line:53/visible_text_or_string	none_exact_found	unknown	magica/i18n_audit/release_v26_authority/manual_review_checklist.tsv;Pass16 complete label-set review	unknown	low	pending	"[""50"", ""光盘组 ④""]"	source may be a pre-change Chinese/manual string, not always a Japanese original	static_manual_or_model_unverified	3_manual_static_review	pass16-static-manual-model-review	individual translator/reviewer not recorded per row	unknown_manual_or_model	true; packaged JS/HTML	none_exact_found		no_per_row_official_or_wiki_pair	high	unverified_static_js_html_translation_or_review	pending	magica/i18n_audit/release_v26_authority/manual_review_checklist.tsv;Pass16 complete label-set review	静态界面逐槽位审校；不得改变ID、class、链接或模板表达式
MT-15751	static_js_html_unverified	static_js_html	magica/js/test/SoundTest.js	line:54	visible_text_or_string	"[""51"", ""磁盘组（连携）""]"	"[""51"", ""行动盘选择（发起连携）""]"	needs-review/root-translation-required	magica/js/test/SoundTest.js#line:54/visible_text_or_string	none_exact_found	unknown	magica/i18n_audit/release_v26_authority/manual_review_checklist.tsv;Pass16 complete label-set review	unknown	low	pending	"[""51"", ""磁盘组（连携）""]"	source may be a pre-change Chinese/manual string, not always a Japanese original	static_manual_or_model_unverified	3_manual_static_review	pass16-static-manual-model-review	individual translator/reviewer not recorded per row	unknown_manual_or_model	true; packaged JS/HTML	none_exact_found		no_per_row_official_or_wiki_pair	high	unverified_static_js_html_translation_or_review	pending	magica/i18n_audit/release_v26_authority/manual_review_checklist.tsv;Pass16 complete label-set review	静态界面逐槽位审校；不得改变ID、class、链接或模板表达式
MT-15752	static_js_html_unverified	static_js_html	magica/js/test/SoundTest.js	line:55	visible_text_or_string	"[""52"", ""磁盘组（连携）""]"	"[""52"", ""行动盘选择（接受连携）""]"	needs-review/root-translation-required	magica/js/test/SoundTest.js#line:55/visible_text_or_string	none_exact_found	unknown	magica/i18n_audit/release_v26_authority/manual_review_checklist.tsv;Pass16 complete label-set review	unknown	low	pending	"[""52"", ""磁盘组（连携）""]"	source may be a pre-change Chinese/manual string, not always a Japanese original	static_manual_or_model_unverified	3_manual_static_review	pass16-static-manual-model-review	individual translator/reviewer not recorded per row	unknown_manual_or_model	true; packaged JS/HTML	none_exact_found		no_per_row_official_or_wiki_pair	high	unverified_static_js_html_translation_or_review	pending	magica/i18n_audit/release_v26_authority/manual_review_checklist.tsv;Pass16 complete label-set review	静态界面逐槽位审校；不得改变ID、class、链接或模板表达式
MT-15753	static_js_html_unverified	static_js_html	magica/js/test/SoundTest.js	line:56	visible_text_or_string	"[""53"", ""第一次攻击①（长线）""]"	"[""53"", ""第1次攻击时①（长台词）""]"	needs-review/root-translation-required	magica/js/test/SoundTest.js#line:56/visible_text_or_string	none_exact_found	unknown	magica/i18n_audit/release_v26_authority/manual_review_checklist.tsv;Pass16 complete label-set review	unknown	low	pending	"[""53"", ""第一次攻击①（长线）""]"	source may be a pre-change Chinese/manual string, not always a Japanese original	static_manual_or_model_unverified	3_manual_static_review	pass16-static-manual-model-review	individual translator/reviewer not recorded per row	unknown_manual_or_model	true; packaged JS/HTML	none_exact_found		no_per_row_official_or_wiki_pair	high	unverified_static_js_html_translation_or_review	pending	magica/i18n_audit/release_v26_authority/manual_review_checklist.tsv;Pass16 complete label-set review	静态界面逐槽位审校；不得改变ID、class、链接或模板表达式
MT-15754	static_js_html_unverified	static_js_html	magica/js/test/SoundTest.js	line:57	visible_text_or_string	"[""54"", ""第一次攻击②（长线）""]"	"[""54"", ""第1次攻击时②（长台词）""]"	needs-review/root-translation-required	magica/js/test/SoundTest.js#line:57/visible_text_or_string	none_exact_found	unknown	magica/i18n_audit/release_v26_authority/manual_review_checklist.tsv;Pass16 complete label-set review	unknown	low	pending	"[""54"", ""第一次攻击②（长线）""]"	source may be a pre-change Chinese/manual string, not always a Japanese original	static_manual_or_model_unverified	3_manual_static_review	pass16-static-manual-model-review	individual translator/reviewer not recorded per row	unknown_manual_or_model	true; packaged JS/HTML	none_exact_found		no_per_row_official_or_wiki_pair	high	unverified_static_js_html_translation_or_review	pending	magica/i18n_audit/release_v26_authority/manual_review_checklist.tsv;Pass16 complete label-set review	静态界面逐槽位审校；不得改变ID、class、链接或模板表达式
MT-15755	static_js_html_unverified	static_js_html	magica/js/test/SoundTest.js	line:58	visible_text_or_string	"[""55"", ""第一次攻击③（长线）""]"	"[""55"", ""第1次攻击时③（长台词）""]"	needs-review/root-translation-required	magica/js/test/SoundTest.js#line:58/visible_text_or_string	none_exact_found	unknown	magica/i18n_audit/release_v26_authority/manual_review_checklist.tsv;Pass16 complete label-set review	unknown	low	pending	"[""55"", ""第一次攻击③（长线）""]"	source may be a pre-change Chinese/manual string, not always a Japanese original	static_manual_or_model_unverified	3_manual_static_review	pass16-static-manual-model-review	individual translator/reviewer not recorded per row	unknown_manual_or_model	true; packaged JS/HTML	none_exact_found		no_per_row_official_or_wiki_pair	high	unverified_static_js_html_translation_or_review	pending	magica/i18n_audit/release_v26_authority/manual_review_checklist.tsv;Pass16 complete label-set review	静态界面逐槽位审校；不得改变ID、class、链接或模板表达式
MT-15756	static_js_html_unverified	static_js_html	magica/js/test/SoundTest.js	line:59	visible_text_or_string	"[""56"", ""2,3回目攻撃時①""]"	"[""56"", ""第2、3次攻击时①""]"	needs-review/root-translation-required	magica/js/test/SoundTest.js#line:59/visible_text_or_string	none_exact_found	unknown	magica/i18n_audit/release_v26_authority/manual_review_checklist.tsv;Pass16 complete label-set review	unknown	low	pending	"[""56"", ""2,3回目攻撃時①""]"	source may be a pre-change Chinese/manual string, not always a Japanese original	static_manual_or_model_unverified	3_manual_static_review	pass16-static-manual-model-review	individual translator/reviewer not recorded per row	unknown_manual_or_model	true; packaged JS/HTML	none_exact_found		no_per_row_official_or_wiki_pair	high	unverified_static_js_html_translation_or_review	pending	magica/i18n_audit/release_v26_authority/manual_review_checklist.tsv;Pass16 complete label-set review	静态界面逐槽位审校；不得改变ID、class、链接或模板表达式
MT-15757	static_js_html_unverified	static_js_html	magica/js/test/SoundTest.js	line:6	visible_text_or_string	"[""03"", ""第①节通关""]"	"[""03"", ""剧情第1话通关时""]"	needs-review/root-translation-required	magica/js/test/SoundTest.js#line:6/visible_text_or_string	none_exact_found	unknown	magica/i18n_audit/release_v26_authority/manual_review_checklist.tsv;Pass16 complete label-set review	unknown	low	pending	"[""03"", ""第①节通关""]"	source may be a pre-change Chinese/manual string, not always a Japanese original	static_manual_or_model_unverified	3_manual_static_review	pass16-static-manual-model-review	individual translator/reviewer not recorded per row	unknown_manual_or_model	true; packaged JS/HTML	none_exact_found		no_per_row_official_or_wiki_pair	high	unverified_static_js_html_translation_or_review	pending	magica/i18n_audit/release_v26_authority/manual_review_checklist.tsv;Pass16 complete label-set review	静态界面逐槽位审校；不得改变ID、class、链接或模板表达式
MT-15758	static_js_html_unverified	static_js_html	magica/js/test/SoundTest.js	line:60	visible_text_or_string	"[""57"", ""2,3回目攻撃時②""]"	"[""57"", ""第2、3次攻击时②""]"	needs-review/root-translation-required	magica/js/test/SoundTest.js#line:60/visible_text_or_string	none_exact_found	unknown	magica/i18n_audit/release_v26_authority/manual_review_checklist.tsv;Pass16 complete label-set review	unknown	low	pending	"[""57"", ""2,3回目攻撃時②""]"	source may be a pre-change Chinese/manual string, not always a Japanese original	static_manual_or_model_unverified	3_manual_static_review	pass16-static-manual-model-review	individual translator/reviewer not recorded per row	unknown_manual_or_model	true; packaged JS/HTML	none_exact_found		no_per_row_official_or_wiki_pair	high	unverified_static_js_html_translation_or_review	pending	magica/i18n_audit/release_v26_authority/manual_review_checklist.tsv;Pass16 complete label-set review	静态界面逐槽位审校；不得改变ID、class、链接或模板表达式
MT-15759	static_js_html_unverified	static_js_html	magica/js/test/SoundTest.js	line:61	visible_text_or_string	"[""58"", ""2,3回目攻撃時③""]"	"[""58"", ""第2、3次攻击时③""]"	needs-review/root-translation-required	magica/js/test/SoundTest.js#line:61/visible_text_or_string	none_exact_found	unknown	magica/i18n_audit/release_v26_authority/manual_review_checklist.tsv;Pass16 complete label-set review	unknown	low	pending	"[""58"", ""2,3回目攻撃時③""]"	source may be a pre-change Chinese/manual string, not always a Japanese original	static_manual_or_model_unverified	3_manual_static_review	pass16-static-manual-model-review	individual translator/reviewer not recorded per row	unknown_manual_or_model	true; packaged JS/HTML	none_exact_found		no_per_row_official_or_wiki_pair	high	unverified_static_js_html_translation_or_review	pending	magica/i18n_audit/release_v26_authority/manual_review_checklist.tsv;Pass16 complete label-set review	静态界面逐槽位审校；不得改变ID、class、链接或模板表达式
MT-15760	static_js_html_unverified	static_js_html	magica/js/test/SoundTest.js	line:62	visible_text_or_string	"[""59"", ""第二次攻击①（同角色）""]"	"[""59"", ""第2次攻击时①（同一角色）""]"	needs-review/root-translation-required	magica/js/test/SoundTest.js#line:62/visible_text_or_string	none_exact_found	unknown	magica/i18n_audit/release_v26_authority/manual_review_checklist.tsv;Pass16 complete label-set review	unknown	low	pending	"[""59"", ""第二次攻击①（同角色）""]"	source may be a pre-change Chinese/manual string, not always a Japanese original	static_manual_or_model_unverified	3_manual_static_review	pass16-static-manual-model-review	individual translator/reviewer not recorded per row	unknown_manual_or_model	true; packaged JS/HTML	none_exact_found		no_per_row_official_or_wiki_pair	high	unverified_static_js_html_translation_or_review	pending	magica/i18n_audit/release_v26_authority/manual_review_checklist.tsv;Pass16 complete label-set review	静态界面逐槽位审校；不得改变ID、class、链接或模板表达式
MT-15761	static_js_html_unverified	static_js_html	magica/js/test/SoundTest.js	line:63	visible_text_or_string	"[""60"", ""第二次攻击②（同角色）""]"	"[""60"", ""第2次攻击时②（同一角色）""]"	needs-review/root-translation-required	magica/js/test/SoundTest.js#line:63/visible_text_or_string	none_exact_found	unknown	magica/i18n_audit/release_v26_authority/manual_review_checklist.tsv;Pass16 complete label-set review	unknown	low	pending	"[""60"", ""第二次攻击②（同角色）""]"	source may be a pre-change Chinese/manual string, not always a Japanese original	static_manual_or_model_unverified	3_manual_static_review	pass16-static-manual-model-review	individual translator/reviewer not recorded per row	unknown_manual_or_model	true; packaged JS/HTML	none_exact_found		no_per_row_official_or_wiki_pair	high	unverified_static_js_html_translation_or_review	pending	magica/i18n_audit/release_v26_authority/manual_review_checklist.tsv;Pass16 complete label-set review	静态界面逐槽位审校；不得改变ID、class、链接或模板表达式
MT-15762	static_js_html_unverified	static_js_html	magica/js/test/SoundTest.js	line:64	visible_text_or_string	"[""61"", ""第三次攻击①（同角色）""]"	"[""61"", ""第3次攻击时①（同一角色）""]"	needs-review/root-translation-required	magica/js/test/SoundTest.js#line:64/visible_text_or_string	none_exact_found	unknown	magica/i18n_audit/release_v26_authority/manual_review_checklist.tsv;Pass16 complete label-set review	unknown	low	pending	"[""61"", ""第三次攻击①（同角色）""]"	source may be a pre-change Chinese/manual string, not always a Japanese original	static_manual_or_model_unverified	3_manual_static_review	pass16-static-manual-model-review	individual translator/reviewer not recorded per row	unknown_manual_or_model	true; packaged JS/HTML	none_exact_found		no_per_row_official_or_wiki_pair	high	unverified_static_js_html_translation_or_review	pending	magica/i18n_audit/release_v26_authority/manual_review_checklist.tsv;Pass16 complete label-set review	静态界面逐槽位审校；不得改变ID、class、链接或模板表达式
MT-15763	static_js_html_unverified	static_js_html	magica/js/test/SoundTest.js	line:65	visible_text_or_string	"[""62"", ""第三次攻击②（同角色）""]"	"[""62"", ""第3次攻击时②（同一角色）""]"	needs-review/root-translation-required	magica/js/test/SoundTest.js#line:65/visible_text_or_string	none_exact_found	unknown	magica/i18n_audit/release_v26_authority/manual_review_checklist.tsv;Pass16 complete label-set review	unknown	low	pending	"[""62"", ""第三次攻击②（同角色）""]"	source may be a pre-change Chinese/manual string, not always a Japanese original	static_manual_or_model_unverified	3_manual_static_review	pass16-static-manual-model-review	individual translator/reviewer not recorded per row	unknown_manual_or_model	true; packaged JS/HTML	none_exact_found		no_per_row_official_or_wiki_pair	high	unverified_static_js_html_translation_or_review	pending	magica/i18n_audit/release_v26_authority/manual_review_checklist.tsv;Pass16 complete label-set review	静态界面逐槽位审校；不得改变ID、class、链接或模板表达式
MT-15764	static_js_html_unverified	static_js_html	magica/js/test/SoundTest.js	line:66	visible_text_or_string	"[""63"", ""Magia 时间① (★1,2,3)""]"	"[""63"", ""发动Magia时①（★1、2、3）""]"	needs-review/root-translation-required	magica/js/test/SoundTest.js#line:66/visible_text_or_string	none_exact_found	unknown	magica/i18n_audit/release_v26_authority/manual_review_checklist.tsv;Pass16 complete label-set review	unknown	low	pending	"[""63"", ""Magia 时间① (★1,2,3)""]"	source may be a pre-change Chinese/manual string, not always a Japanese original	static_manual_or_model_unverified	3_manual_static_review	pass16-static-manual-model-review	individual translator/reviewer not recorded per row	unknown_manual_or_model	true; packaged JS/HTML	none_exact_found		no_per_row_official_or_wiki_pair	high	unverified_static_js_html_translation_or_review	pending	magica/i18n_audit/release_v26_authority/manual_review_checklist.tsv;Pass16 complete label-set review	静态界面逐槽位审校；不得改变ID、class、链接或模板表达式
MT-15765	static_js_html_unverified	static_js_html	magica/js/test/SoundTest.js	line:67	visible_text_or_string	"[""64"", ""Magia时间②（Magia★4）""]"	"[""64"", ""发动Magia时②（Magia★4）""]"	needs-review/root-translation-required	magica/js/test/SoundTest.js#line:67/visible_text_or_string	none_exact_found	unknown	magica/i18n_audit/release_v26_authority/manual_review_checklist.tsv;Pass16 complete label-set review	unknown	low	pending	"[""64"", ""Magia时间②（Magia★4）""]"	source may be a pre-change Chinese/manual string, not always a Japanese original	static_manual_or_model_unverified	3_manual_static_review	pass16-static-manual-model-review	individual translator/reviewer not recorded per row	unknown_manual_or_model	true; packaged JS/HTML	none_exact_found		no_per_row_official_or_wiki_pair	high	unverified_static_js_html_translation_or_review	pending	magica/i18n_audit/release_v26_authority/manual_review_checklist.tsv;Pass16 complete label-set review	静态界面逐槽位审校；不得改变ID、class、链接或模板表达式
MT-15766	static_js_html_unverified	static_js_html	magica/js/test/SoundTest.js	line:68	visible_text_or_string	"[""65"", ""Magia时间③（Magia★5）""]"	"[""65"", ""发动Magia时③（Magia★5）""]"	needs-review/root-translation-required	magica/js/test/SoundTest.js#line:68/visible_text_or_string	none_exact_found	unknown	magica/i18n_audit/release_v26_authority/manual_review_checklist.tsv;Pass16 complete label-set review	unknown	low	pending	"[""65"", ""Magia时间③（Magia★5）""]"	source may be a pre-change Chinese/manual string, not always a Japanese original	static_manual_or_model_unverified	3_manual_static_review	pass16-static-manual-model-review	individual translator/reviewer not recorded per row	unknown_manual_or_model	true; packaged JS/HTML	none_exact_found		no_per_row_official_or_wiki_pair	high	unverified_static_js_html_translation_or_review	pending	magica/i18n_audit/release_v26_authority/manual_review_checklist.tsv;Pass16 complete label-set review	静态界面逐槽位审校；不得改变ID、class、链接或模板表达式
MT-15767	static_js_html_unverified	static_js_html	magica/js/test/SoundTest.js	line:69	visible_text_or_string	"[""66"", ""Magia时间④（Magia★6）""]"	"[""66"", ""发动Magia时④（Magia★6）""]"	needs-review/root-translation-required	magica/js/test/SoundTest.js#line:69/visible_text_or_string	none_exact_found	unknown	magica/i18n_audit/release_v26_authority/manual_review_checklist.tsv;Pass16 complete label-set review	unknown	low	pending	"[""66"", ""Magia时间④（Magia★6）""]"	source may be a pre-change Chinese/manual string, not always a Japanese original	static_manual_or_model_unverified	3_manual_static_review	pass16-static-manual-model-review	individual translator/reviewer not recorded per row	unknown_manual_or_model	true; packaged JS/HTML	none_exact_found		no_per_row_official_or_wiki_pair	high	unverified_static_js_html_translation_or_review	pending	magica/i18n_audit/release_v26_authority/manual_review_checklist.tsv;Pass16 complete label-set review	静态界面逐槽位审校；不得改变ID、class、链接或模板表达式
MT-15768	static_js_html_unverified	static_js_html	magica/js/test/SoundTest.js	line:7	visible_text_or_string	"[""04"", ""第二节通关""]"	"[""04"", ""剧情第2话通关时""]"	needs-review/root-translation-required	magica/js/test/SoundTest.js#line:7/visible_text_or_string	none_exact_found	unknown	magica/i18n_audit/release_v26_authority/manual_review_checklist.tsv;Pass16 complete label-set review	unknown	low	pending	"[""04"", ""第二节通关""]"	source may be a pre-change Chinese/manual string, not always a Japanese original	static_manual_or_model_unverified	3_manual_static_review	pass16-static-manual-model-review	individual translator/reviewer not recorded per row	unknown_manual_or_model	true; packaged JS/HTML	none_exact_found		no_per_row_official_or_wiki_pair	high	unverified_static_js_html_translation_or_review	pending	magica/i18n_audit/release_v26_authority/manual_review_checklist.tsv;Pass16 complete label-set review	静态界面逐槽位审校；不得改变ID、class、链接或模板表达式
MT-15769	static_js_html_unverified	static_js_html	magica/js/test/SoundTest.js	line:70	visible_text_or_string	"[""67"", ""在 Doppel""]"	"[""67"", ""发动魔女化身时""]"	needs-review/root-translation-required	magica/js/test/SoundTest.js#line:70/visible_text_or_string	none_exact_found	unknown	magica/i18n_audit/release_v26_authority/manual_review_checklist.tsv;Pass16 complete label-set review	unknown	low	pending	"[""67"", ""在 Doppel""]"	source may be a pre-change Chinese/manual string, not always a Japanese original	static_manual_or_model_unverified	3_manual_static_review	pass16-static-manual-model-review	individual translator/reviewer not recorded per row	unknown_manual_or_model	true; packaged JS/HTML	none_exact_found		no_per_row_official_or_wiki_pair	high	unverified_static_js_html_translation_or_review	pending	magica/i18n_audit/release_v26_authority/manual_review_checklist.tsv;Pass16 complete label-set review	静态界面逐槽位审校；不得改变ID、class、链接或模板表达式
MT-15770	static_js_html_unverified	static_js_html	magica/js/test/SoundTest.js	line:71	visible_text_or_string	"[""68"", ""攻击时（连携）""]"	"[""68"", ""攻击时（发起连携）""]"	needs-review/root-translation-required	magica/js/test/SoundTest.js#line:71/visible_text_or_string	none_exact_found	unknown	magica/i18n_audit/release_v26_authority/manual_review_checklist.tsv;Pass16 complete label-set review	unknown	low	pending	"[""68"", ""攻击时（连携）""]"	source may be a pre-change Chinese/manual string, not always a Japanese original	static_manual_or_model_unverified	3_manual_static_review	pass16-static-manual-model-review	individual translator/reviewer not recorded per row	unknown_manual_or_model	true; packaged JS/HTML	none_exact_found		no_per_row_official_or_wiki_pair	high	unverified_static_js_html_translation_or_review	pending	magica/i18n_audit/release_v26_authority/manual_review_checklist.tsv;Pass16 complete label-set review	静态界面逐槽位审校；不得改变ID、class、链接或模板表达式
MT-15771	static_js_html_unverified	static_js_html	magica/js/test/SoundTest.js	line:72	visible_text_or_string	"[""69"", ""受到攻击时（连携）""]"	"[""69"", ""攻击时（接受连携）""]"	needs-review/root-translation-required	magica/js/test/SoundTest.js#line:72/visible_text_or_string	none_exact_found	unknown	magica/i18n_audit/release_v26_authority/manual_review_checklist.tsv;Pass16 complete label-set review	unknown	low	pending	"[""69"", ""受到攻击时（连携）""]"	source may be a pre-change Chinese/manual string, not always a Japanese original	static_manual_or_model_unverified	3_manual_static_review	pass16-static-manual-model-review	individual translator/reviewer not recorded per row	unknown_manual_or_model	true; packaged JS/HTML	none_exact_found		no_per_row_official_or_wiki_pair	high	unverified_static_js_html_translation_or_review	pending	magica/i18n_audit/release_v26_authority/manual_review_checklist.tsv;Pass16 complete label-set review	静态界面逐槽位审校；不得改变ID、class、链接或模板表达式
MT-15772	static_js_html_unverified	static_js_html	magica/js/test/SoundTest.js	line:76	visible_text_or_string	"[""73"", ""伤害（正常）""]"	"[""73"", ""受伤时（通常）""]"	needs-review/root-translation-required	magica/js/test/SoundTest.js#line:76/visible_text_or_string	none_exact_found	unknown	magica/i18n_audit/release_v26_authority/manual_review_checklist.tsv;Pass16 complete label-set review	unknown	low	pending	"[""73"", ""伤害（正常）""]"	source may be a pre-change Chinese/manual string, not always a Japanese original	static_manual_or_model_unverified	3_manual_static_review	pass16-static-manual-model-review	individual translator/reviewer not recorded per row	unknown_manual_or_model	true; packaged JS/HTML	none_exact_found		no_per_row_official_or_wiki_pair	high	unverified_static_js_html_translation_or_review	pending	magica/i18n_audit/release_v26_authority/manual_review_checklist.tsv;Pass16 complete label-set review	静态界面逐槽位审校；不得改变ID、class、链接或模板表达式
MT-15773	static_js_html_unverified	static_js_html	magica/js/test/SoundTest.js	line:77	visible_text_or_string	"[""74"", ""伤害（垂死）""]"	"[""74"", ""受伤时（濒死）""]"	needs-review/root-translation-required	magica/js/test/SoundTest.js#line:77/visible_text_or_string	none_exact_found	unknown	magica/i18n_audit/release_v26_authority/manual_review_checklist.tsv;Pass16 complete label-set review	unknown	low	pending	"[""74"", ""伤害（垂死）""]"	source may be a pre-change Chinese/manual string, not always a Japanese original	static_manual_or_model_unverified	3_manual_static_review	pass16-static-manual-model-review	individual translator/reviewer not recorded per row	unknown_manual_or_model	true; packaged JS/HTML	none_exact_found		no_per_row_official_or_wiki_pair	high	unverified_static_js_html_translation_or_review	pending	magica/i18n_audit/release_v26_authority/manual_review_checklist.tsv;Pass16 complete label-set review	静态界面逐槽位审校；不得改变ID、class、链接或模板表达式
MT-15774	static_js_html_unverified	static_js_html	magica/js/test/SoundTest.js	line:78	visible_text_or_string	"[""75"", ""戦闘不能""]"	"[""75"", ""战斗不能""]"	needs-review/root-translation-required	magica/js/test/SoundTest.js#line:78/visible_text_or_string	none_exact_found	unknown	magica/i18n_audit/release_v26_authority/manual_review_checklist.tsv;Pass16 complete label-set review	unknown	low	pending	"[""75"", ""戦闘不能""]"	source may be a pre-change Chinese/manual string, not always a Japanese original	static_manual_or_model_unverified	3_manual_static_review	pass16-static-manual-model-review	individual translator/reviewer not recorded per row	unknown_manual_or_model	true; packaged JS/HTML	none_exact_found		no_per_row_official_or_wiki_pair	high	unverified_static_js_html_translation_or_review	pending	magica/i18n_audit/release_v26_authority/manual_review_checklist.tsv;Pass16 complete label-set review	静态界面逐槽位审校；不得改变ID、class、链接或模板表达式
MT-15775	static_js_html_unverified	static_js_html	magica/js/test/SoundTest.js	line:8	visible_text_or_string	"[""05"", ""第三节通关""]"	"[""05"", ""剧情第3话通关时""]"	needs-review/root-translation-required	magica/js/test/SoundTest.js#line:8/visible_text_or_string	none_exact_found	unknown	magica/i18n_audit/release_v26_authority/manual_review_checklist.tsv;Pass16 complete label-set review	unknown	low	pending	"[""05"", ""第三节通关""]"	source may be a pre-change Chinese/manual string, not always a Japanese original	static_manual_or_model_unverified	3_manual_static_review	pass16-static-manual-model-review	individual translator/reviewer not recorded per row	unknown_manual_or_model	true; packaged JS/HTML	none_exact_found		no_per_row_official_or_wiki_pair	high	unverified_static_js_html_translation_or_review	pending	magica/i18n_audit/release_v26_authority/manual_review_checklist.tsv;Pass16 complete label-set review	静态界面逐槽位审校；不得改变ID、class、链接或模板表达式
MT-15776	static_js_html_unverified	static_js_html	magica/js/test/SoundTest.js	line:9	visible_text_or_string	"[""06"", ""自己紹介演出用①""]"	"[""06"", ""自我介绍演出用①""]"	needs-review/root-translation-required	magica/js/test/SoundTest.js#line:9/visible_text_or_string	none_exact_found	unknown	magica/i18n_audit/release_v26_authority/manual_review_checklist.tsv;Pass16 complete label-set review	unknown	low	pending	"[""06"", ""自己紹介演出用①""]"	source may be a pre-change Chinese/manual string, not always a Japanese original	static_manual_or_model_unverified	3_manual_static_review	pass16-static-manual-model-review	individual translator/reviewer not recorded per row	unknown_manual_or_model	true; packaged JS/HTML	none_exact_found		no_per_row_official_or_wiki_pair	high	unverified_static_js_html_translation_or_review	pending	magica/i18n_audit/release_v26_authority/manual_review_checklist.tsv;Pass16 complete label-set review	静态界面逐槽位审校；不得改变ID、class、链接或模板表达式
MT-15777	static_js_html_unverified	static_js_html	magica/js/view/memoria/PieceArchiveView.js	line:23	visible_text_or_string	所持枠	持有格	needs-review/root-translation-required	magica/js/view/memoria/PieceArchiveView.js#line:23/visible_text_or_string	none_exact_found	unknown	magica/i18n_audit/release_v26_authority/manual_review_checklist.tsv;Pass16 peer rules, personally re-reviewed	unknown	low	pending	所持枠	source may be a pre-change Chinese/manual string, not always a Japanese original	static_manual_or_model_unverified	3_manual_static_review	pass16-static-manual-model-review	individual translator/reviewer not recorded per row	unknown_manual_or_model	true; packaged JS/HTML	none_exact_found		no_per_row_official_or_wiki_pair	medium	unverified_static_js_html_translation_or_review	pending	magica/i18n_audit/release_v26_authority/manual_review_checklist.tsv;Pass16 peer rules, personally re-reviewed	静态界面逐槽位审校；不得改变ID、class、链接或模板表达式
MT-15778	static_js_html_unverified	static_js_html	magica/js/view/memoria/PieceArchiveView.js	line:23	visible_text_or_string	"""将所选记忆结晶""+d+""移至"	"""将所选记忆结晶从""+d+""移至"	needs-review/root-translation-required	magica/js/view/memoria/PieceArchiveView.js#line:23/visible_text_or_string	none_exact_found	unknown	magica/i18n_audit/release_v26_authority/manual_review_checklist.tsv;manual	unknown	low	pending	"""将所选记忆结晶""+d+""移至"	source may be a pre-change Chinese/manual string, not always a Japanese original	static_manual_or_model_unverified	3_manual_static_review	pass16-static-manual-model-review	individual translator/reviewer not recorded per row	unknown_manual_or_model	true; packaged JS/HTML	none_exact_found		no_per_row_official_or_wiki_pair	high	unverified_static_js_html_translation_or_review	pending	magica/i18n_audit/release_v26_authority/manual_review_checklist.tsv;manual	静态界面逐槽位审校；不得改变ID、class、链接或模板表达式
MT-15779	static_js_html_unverified	static_js_html	magica/js/view/memoria/PieceArchiveView.js	line:24	visible_text_or_string	送至保管库	移至保管库	needs-review/root-translation-required	magica/js/view/memoria/PieceArchiveView.js#line:24/visible_text_or_string	none_exact_found	unknown	magica/i18n_audit/release_v26_authority/manual_review_checklist.tsv;Pass16 peer rules, personally re-reviewed	unknown	low	pending	送至保管库	source may be a pre-change Chinese/manual string, not always a Japanese original	static_manual_or_model_unverified	3_manual_static_review	pass16-static-manual-model-review	individual translator/reviewer not recorded per row	unknown_manual_or_model	true; packaged JS/HTML	none_exact_found		no_per_row_official_or_wiki_pair	medium	unverified_static_js_html_translation_or_review	pending	magica/i18n_audit/release_v26_authority/manual_review_checklist.tsv;Pass16 peer rules, personally re-reviewed	静态界面逐槽位审校；不得改变ID、class、链接或模板表达式
MT-15780	static_js_html_unverified	static_js_html	magica/js/view/memoria/PieceArchiveView.js	line:24	visible_text_or_string	"""将所选记忆结晶""+d+""移至"	"""将所选记忆结晶从""+d+""移至"	needs-review/root-translation-required	magica/js/view/memoria/PieceArchiveView.js#line:24/visible_text_or_string	none_exact_found	unknown	magica/i18n_audit/release_v26_authority/manual_review_checklist.tsv;manual	unknown	low	pending	"""将所选记忆结晶""+d+""移至"	source may be a pre-change Chinese/manual string, not always a Japanese original	static_manual_or_model_unverified	3_manual_static_review	pass16-static-manual-model-review	individual translator/reviewer not recorded per row	unknown_manual_or_model	true; packaged JS/HTML	none_exact_found		no_per_row_official_or_wiki_pair	high	unverified_static_js_html_translation_or_review	pending	magica/i18n_audit/release_v26_authority/manual_review_checklist.tsv;manual	静态界面逐槽位审校；不得改变ID、class、链接或模板表达式
MT-15781	static_js_html_unverified	static_js_html	magica/js/view/memoria/PieceArchiveView.js	line:26	visible_text_or_string	"""将所选记忆结晶""+e+""已移至"	"""已将所选记忆结晶从""+e+""移至"	needs-review/root-translation-required	magica/js/view/memoria/PieceArchiveView.js#line:26/visible_text_or_string	none_exact_found	unknown	magica/i18n_audit/release_v26_authority/manual_review_checklist.tsv;manual	unknown	low	pending	"""将所选记忆结晶""+e+""已移至"	source may be a pre-change Chinese/manual string, not always a Japanese original	static_manual_or_model_unverified	3_manual_static_review	pass16-static-manual-model-review	individual translator/reviewer not recorded per row	unknown_manual_or_model	true; packaged JS/HTML	none_exact_found		no_per_row_official_or_wiki_pair	high	unverified_static_js_html_translation_or_review	pending	magica/i18n_audit/release_v26_authority/manual_review_checklist.tsv;manual	静态界面逐槽位审校；不得改变ID、class、链接或模板表达式
MT-15782	static_js_html_unverified	static_js_html	magica/js/view/memoria/PieceArchiveView.js	line:27	visible_text_or_string	送至一览	移至持有格	needs-review/root-translation-required	magica/js/view/memoria/PieceArchiveView.js#line:27/visible_text_or_string	none_exact_found	unknown	magica/i18n_audit/release_v26_authority/manual_review_checklist.tsv;Pass16 peer rules, personally re-reviewed	unknown	low	pending	送至一览	source may be a pre-change Chinese/manual string, not always a Japanese original	static_manual_or_model_unverified	3_manual_static_review	pass16-static-manual-model-review	individual translator/reviewer not recorded per row	unknown_manual_or_model	true; packaged JS/HTML	none_exact_found		no_per_row_official_or_wiki_pair	medium	unverified_static_js_html_translation_or_review	pending	magica/i18n_audit/release_v26_authority/manual_review_checklist.tsv;Pass16 peer rules, personally re-reviewed	静态界面逐槽位审校；不得改变ID、class、链接或模板表达式
MT-15783	static_js_html_unverified	static_js_html	magica/js/view/memoria/PieceArchiveView.js	line:28	visible_text_or_string	"""将所选记忆结晶""+d.name+""已移至"	"""已将所选记忆结晶从""+d.name+""移至"	needs-review/root-translation-required	magica/js/view/memoria/PieceArchiveView.js#line:28/visible_text_or_string	none_exact_found	unknown	magica/i18n_audit/release_v26_authority/manual_review_checklist.tsv;manual	unknown	low	pending	"""将所选记忆结晶""+d.name+""已移至"	source may be a pre-change Chinese/manual string, not always a Japanese original	static_manual_or_model_unverified	3_manual_static_review	pass16-static-manual-model-review	individual translator/reviewer not recorded per row	unknown_manual_or_model	true; packaged JS/HTML	none_exact_found		no_per_row_official_or_wiki_pair	high	unverified_static_js_html_translation_or_review	pending	magica/i18n_audit/release_v26_authority/manual_review_checklist.tsv;manual	静态界面逐槽位审校；不得改变ID、class、链接或模板表达式
MT-15784	static_js_html_unverified	static_js_html	magica/js/view/memoria/PieceArchiveView.js	line:31	visible_text_or_string	保管庫移動可能:	可移入保管库:	needs-review/root-translation-required	magica/js/view/memoria/PieceArchiveView.js#line:31/visible_text_or_string	none_exact_found	unknown	magica/i18n_audit/release_v26_authority/manual_review_checklist.tsv;Pass16 peer rules, personally re-reviewed	unknown	low	pending	保管庫移動可能:	source may be a pre-change Chinese/manual string, not always a Japanese original	static_manual_or_model_unverified	3_manual_static_review	pass16-static-manual-model-review	individual translator/reviewer not recorded per row	unknown_manual_or_model	true; packaged JS/HTML	none_exact_found		no_per_row_official_or_wiki_pair	medium	unverified_static_js_html_translation_or_review	pending	magica/i18n_audit/release_v26_authority/manual_review_checklist.tsv;Pass16 peer rules, personally re-reviewed	静态界面逐槽位审校；不得改变ID、class、链接或模板表达式
MT-15785	static_js_html_unverified	static_js_html	magica/js/view/memoria/PieceArchiveView.js	line:31	visible_text_or_string	所持枠移動可能:	可移入持有格:	needs-review/root-translation-required	magica/js/view/memoria/PieceArchiveView.js#line:31/visible_text_or_string	none_exact_found	unknown	magica/i18n_audit/release_v26_authority/manual_review_checklist.tsv;Pass16 peer rules, personally re-reviewed	unknown	low	pending	所持枠移動可能:	source may be a pre-change Chinese/manual string, not always a Japanese original	static_manual_or_model_unverified	3_manual_static_review	pass16-static-manual-model-review	individual translator/reviewer not recorded per row	unknown_manual_or_model	true; packaged JS/HTML	none_exact_found		no_per_row_official_or_wiki_pair	medium	unverified_static_js_html_translation_or_review	pending	magica/i18n_audit/release_v26_authority/manual_review_checklist.tsv;Pass16 peer rules, personally re-reviewed	静态界面逐槽位审校；不得改变ID、class、链接或模板表达式
MT-15786	static_js_html_unverified	static_js_html	magica/js/view/memoria/PieceArchiveView.js	line:34	visible_text_or_string	保管庫	保管库	needs-review/root-translation-required	magica/js/view/memoria/PieceArchiveView.js#line:34/visible_text_or_string	none_exact_found	unknown	magica/i18n_audit/release_v26_authority/manual_review_checklist.tsv;Pass16 peer rules, personally re-reviewed	unknown	low	pending	保管庫	source may be a pre-change Chinese/manual string, not always a Japanese original	static_manual_or_model_unverified	3_manual_static_review	pass16-static-manual-model-review	individual translator/reviewer not recorded per row	unknown_manual_or_model	true; packaged JS/HTML	none_exact_found		no_per_row_official_or_wiki_pair	medium	unverified_static_js_html_translation_or_review	pending	magica/i18n_audit/release_v26_authority/manual_review_checklist.tsv;Pass16 peer rules, personally re-reviewed	静态界面逐槽位审校；不得改变ID、class、链接或模板表达式
MT-15787	static_js_html_unverified	static_js_html	magica/js/view/memoria/PieceArchiveView.js	line:35	visible_text_or_string	保管庫	保管库	needs-review/root-translation-required	magica/js/view/memoria/PieceArchiveView.js#line:35/visible_text_or_string	none_exact_found	unknown	magica/i18n_audit/release_v26_authority/manual_review_checklist.tsv;Pass16 peer rules, personally re-reviewed	unknown	low	pending	保管庫	source may be a pre-change Chinese/manual string, not always a Japanese original	static_manual_or_model_unverified	3_manual_static_review	pass16-static-manual-model-review	individual translator/reviewer not recorded per row	unknown_manual_or_model	true; packaged JS/HTML	none_exact_found		no_per_row_official_or_wiki_pair	medium	unverified_static_js_html_translation_or_review	pending	magica/i18n_audit/release_v26_authority/manual_review_checklist.tsv;Pass16 peer rules, personally re-reviewed	静态界面逐槽位审校；不得改变ID、class、链接或模板表达式
MT-15788	static_js_html_unverified	static_js_html	magica/js/view/memoria/PieceArchiveView.js	line:9	visible_text_or_string	"""仓库"":""持有格"""	"""保管库"":""持有格"""	needs-review/root-translation-required	magica/js/view/memoria/PieceArchiveView.js#line:9/visible_text_or_string	none_exact_found	unknown	magica/i18n_audit/release_v26_authority/manual_review_checklist.tsv;manual	unknown	low	pending	"""仓库"":""持有格"""	source may be a pre-change Chinese/manual string, not always a Japanese original	static_manual_or_model_unverified	3_manual_static_review	pass16-static-manual-model-review	individual translator/reviewer not recorded per row	unknown_manual_or_model	true; packaged JS/HTML	none_exact_found		no_per_row_official_or_wiki_pair	high	unverified_static_js_html_translation_or_review	pending	magica/i18n_audit/release_v26_authority/manual_review_checklist.tsv;manual	静态界面逐槽位审校；不得改变ID、class、链接或模板表达式
MT-15789	static_js_html_unverified	static_js_html	magica/js/view/memoria/PieceArchiveView.js	line:9	visible_text_or_string	"""可移至保管库:"""	"""可移入保管库:"""	needs-review/root-translation-required	magica/js/view/memoria/PieceArchiveView.js#line:9/visible_text_or_string	none_exact_found	unknown	magica/i18n_audit/release_v26_authority/manual_review_checklist.tsv;manual	unknown	low	pending	"""可移至保管库:"""	source may be a pre-change Chinese/manual string, not always a Japanese original	static_manual_or_model_unverified	3_manual_static_review	pass16-static-manual-model-review	individual translator/reviewer not recorded per row	unknown_manual_or_model	true; packaged JS/HTML	none_exact_found		no_per_row_official_or_wiki_pair	medium	unverified_static_js_html_translation_or_review	pending	magica/i18n_audit/release_v26_authority/manual_review_checklist.tsv;manual	静态界面逐槽位审校；不得改变ID、class、链接或模板表达式
MT-15790	static_js_html_unverified	static_js_html	magica/js/view/memoria/PieceArchiveView.js	line:9	visible_text_or_string	"""持有栏可移动:"""	"""可移入持有格:"""	needs-review/root-translation-required	magica/js/view/memoria/PieceArchiveView.js#line:9/visible_text_or_string	none_exact_found	unknown	magica/i18n_audit/release_v26_authority/manual_review_checklist.tsv;manual	unknown	low	pending	"""持有栏可移动:"""	source may be a pre-change Chinese/manual string, not always a Japanese original	static_manual_or_model_unverified	3_manual_static_review	pass16-static-manual-model-review	individual translator/reviewer not recorded per row	unknown_manual_or_model	true; packaged JS/HTML	none_exact_found		no_per_row_official_or_wiki_pair	medium	unverified_static_js_html_translation_or_review	pending	magica/i18n_audit/release_v26_authority/manual_review_checklist.tsv;manual	静态界面逐槽位审校；不得改变ID、class、链接或模板表达式
MT-15791	static_js_html_unverified	static_js_html	magica/js/view/mission/MissionTopView.js	line:19	visible_text_or_string	"+""时间"""	"+""小时"""	needs-review/root-translation-required	magica/js/view/mission/MissionTopView.js#line:19/visible_text_or_string	none_exact_found	unknown	magica/i18n_audit/release_v26_authority/manual_review_checklist.tsv;manual	unknown	low	pending	"+""时间"""	source may be a pre-change Chinese/manual string, not always a Japanese original	static_manual_or_model_unverified	3_manual_static_review	pass16-static-manual-model-review	individual translator/reviewer not recorded per row	unknown_manual_or_model	true; packaged JS/HTML	none_exact_found		no_per_row_official_or_wiki_pair	high	unverified_static_js_html_translation_or_review	pending	magica/i18n_audit/release_v26_authority/manual_review_checklist.tsv;manual	静态界面逐槽位审校；不得改变ID、class、链接或模板表达式
MT-15792	static_js_html_unverified	static_js_html	magica/template/etc/LawPopup.html	line:1	visible_text_or_string	旧版中日混合且含<<span结构错误的法律文本	全中文法律信息与已修复span结构	needs-review/root-translation-required	magica/template/etc/LawPopup.html#line:1/visible_text_or_string	none_exact_found	unknown	magica/i18n_audit/release_v26_authority/manual_review_checklist.tsv;Pass16 full manual rewrite	unknown	low	pending	旧版中日混合且含<<span结构错误的法律文本	source may be a pre-change Chinese/manual string, not always a Japanese original	static_manual_or_model_unverified	3_manual_static_review	pass16-static-manual-model-review	individual translator/reviewer not recorded per row	unknown_manual_or_model	true; packaged JS/HTML	none_exact_found		no_per_row_official_or_wiki_pair	high	unverified_static_js_html_translation_or_review	pending	magica/i18n_audit/release_v26_authority/manual_review_checklist.tsv;Pass16 full manual rewrite	静态界面逐槽位审校；不得改变ID、class、链接或模板表达式
MT-15793	static_js_html_unverified	static_js_html	magica/template/event/raid/EventRaidCloseTop.html	line:17	visible_text_or_string	"data-mission-name=""個人撃破報酬"""	"data-mission-name=""个人击破报酬"""	needs-review/root-translation-required	magica/template/event/raid/EventRaidCloseTop.html#line:17/visible_text_or_string	none_exact_found	unknown	magica/i18n_audit/release_v26_authority/manual_review_checklist.tsv;manual	unknown	low	pending	"data-mission-name=""個人撃破報酬"""	source may be a pre-change Chinese/manual string, not always a Japanese original	static_manual_or_model_unverified	3_manual_static_review	pass16-static-manual-model-review	individual translator/reviewer not recorded per row	unknown_manual_or_model	true; packaged JS/HTML	none_exact_found		no_per_row_official_or_wiki_pair	medium	unverified_static_js_html_translation_or_review	pending	magica/i18n_audit/release_v26_authority/manual_review_checklist.tsv;manual	静态界面逐槽位审校；不得改变ID、class、链接或模板表达式
MT-15794	static_js_html_unverified	static_js_html	magica/template/event/raid/EventRaidCloseTop.html	line:21	visible_text_or_string	"data-mission-name=""全体撃破報酬"""	"data-mission-name=""全体击破报酬"""	needs-review/root-translation-required	magica/template/event/raid/EventRaidCloseTop.html#line:21/visible_text_or_string	none_exact_found	unknown	magica/i18n_audit/release_v26_authority/manual_review_checklist.tsv;manual	unknown	low	pending	"data-mission-name=""全体撃破報酬"""	source may be a pre-change Chinese/manual string, not always a Japanese original	static_manual_or_model_unverified	3_manual_static_review	pass16-static-manual-model-review	individual translator/reviewer not recorded per row	unknown_manual_or_model	true; packaged JS/HTML	none_exact_found		no_per_row_official_or_wiki_pair	medium	unverified_static_js_html_translation_or_review	pending	magica/i18n_audit/release_v26_authority/manual_review_checklist.tsv;manual	静态界面逐槽位审校；不得改变ID、class、链接或模板表达式
MT-15795	static_js_html_unverified	static_js_html	magica/template/event/raid/EventRaidTop.html	line:354	visible_text_or_string	"data-mission-name=""個人撃破報酬"""	"data-mission-name=""个人击破报酬"""	needs-review/root-translation-required	magica/template/event/raid/EventRaidTop.html#line:354/visible_text_or_string	none_exact_found	unknown	magica/i18n_audit/release_v26_authority/manual_review_checklist.tsv;manual	unknown	low	pending	"data-mission-name=""個人撃破報酬"""	source may be a pre-change Chinese/manual string, not always a Japanese original	static_manual_or_model_unverified	3_manual_static_review	pass16-static-manual-model-review	individual translator/reviewer not recorded per row	unknown_manual_or_model	true; packaged JS/HTML	none_exact_found		no_per_row_official_or_wiki_pair	medium	unverified_static_js_html_translation_or_review	pending	magica/i18n_audit/release_v26_authority/manual_review_checklist.tsv;manual	静态界面逐槽位审校；不得改变ID、class、链接或模板表达式
MT-15796	static_js_html_unverified	static_js_html	magica/template/event/raid/EventRaidTop.html	line:358	visible_text_or_string	"data-mission-name=""全体撃破報酬"""	"data-mission-name=""全体击破报酬"""	needs-review/root-translation-required	magica/template/event/raid/EventRaidTop.html#line:358/visible_text_or_string	none_exact_found	unknown	magica/i18n_audit/release_v26_authority/manual_review_checklist.tsv;manual	unknown	low	pending	"data-mission-name=""全体撃破報酬"""	source may be a pre-change Chinese/manual string, not always a Japanese original	static_manual_or_model_unverified	3_manual_static_review	pass16-static-manual-model-review	individual translator/reviewer not recorded per row	unknown_manual_or_model	true; packaged JS/HTML	none_exact_found		no_per_row_official_or_wiki_pair	medium	unverified_static_js_html_translation_or_review	pending	magica/i18n_audit/release_v26_authority/manual_review_checklist.tsv;manual	静态界面逐槽位审校；不得改变ID、class、链接或模板表达式
MT-15797	static_js_html_unverified	static_js_html	magica/template/purchase/PurchaseTemps.html	line:3	visible_text_or_string	"
	未成年の方は保護者の同意を得て下さい。"	"
	未成年人请先征得监护人同意。"	needs-review/root-translation-required	magica/template/purchase/PurchaseTemps.html#line:3/visible_text_or_string	none_exact_found	unknown	magica/i18n_audit/release_v26_authority/manual_review_checklist.tsv;Pass16 peer rules, personally re-reviewed	unknown	low	pending	"
	未成年の方は保護者の同意を得て下さい。"	source may be a pre-change Chinese/manual string, not always a Japanese original	static_manual_or_model_unverified	3_manual_static_review	pass16-static-manual-model-review	individual translator/reviewer not recorded per row	unknown_manual_or_model	true; packaged JS/HTML	none_exact_found		no_per_row_official_or_wiki_pair	medium	unverified_static_js_html_translation_or_review	pending	magica/i18n_audit/release_v26_authority/manual_review_checklist.tsv;Pass16 peer rules, personally re-reviewed	静态界面逐槽位审校；不得改变ID、class、链接或模板表达式
MT-15798	static_js_html_unverified	static_js_html	magica/template/regularEvent/groupBattle/RegularEventGroupBattleLog.html	line:5	visible_text_or_string	"data-mission-name=""個人"""	"data-mission-name=""个人"""	needs-review/root-translation-required	magica/template/regularEvent/groupBattle/RegularEventGroupBattleLog.html#line:5/visible_text_or_string	none_exact_found	unknown	magica/i18n_audit/release_v26_authority/manual_review_checklist.tsv;manual	unknown	low	pending	"data-mission-name=""個人"""	source may be a pre-change Chinese/manual string, not always a Japanese original	static_manual_or_model_unverified	3_manual_static_review	pass16-static-manual-model-review	individual translator/reviewer not recorded per row	unknown_manual_or_model	true; packaged JS/HTML	none_exact_found		no_per_row_official_or_wiki_pair	medium	unverified_static_js_html_translation_or_review	pending	magica/i18n_audit/release_v26_authority/manual_review_checklist.tsv;manual	静态界面逐槽位审校；不得改变ID、class、链接或模板表达式
MT-15799	static_js_html_unverified	static_js_html	magica/template/test/Backdoor.html	line:10	visible_text_or_string	方便的设置	便捷套装	needs-review/root-translation-required	magica/template/test/Backdoor.html#line:10/visible_text_or_string	none_exact_found	unknown	magica/i18n_audit/release_v26_authority/manual_review_checklist.tsv;Pass16 peer rules, personally re-reviewed	unknown	low	pending	方便的设置	source may be a pre-change Chinese/manual string, not always a Japanese original	static_manual_or_model_unverified	3_manual_static_review	pass16-static-manual-model-review	individual translator/reviewer not recorded per row	unknown_manual_or_model	true; packaged JS/HTML	none_exact_found		no_per_row_official_or_wiki_pair	medium	unverified_static_js_html_translation_or_review	pending	magica/i18n_audit/release_v26_authority/manual_review_checklist.tsv;Pass16 peer rules, personally re-reviewed	静态界面逐槽位审校；不得改变ID、class、链接或模板表达式
MT-15800	static_js_html_unverified	static_js_html	magica/template/test/Backdoor.html	line:107	visible_text_or_string	（所持数：	（持有数：	needs-review/root-translation-required	magica/template/test/Backdoor.html#line:107/visible_text_or_string	none_exact_found	unknown	magica/i18n_audit/release_v26_authority/manual_review_checklist.tsv;manual	unknown	low	pending	（所持数：	source may be a pre-change Chinese/manual string, not always a Japanese original	static_manual_or_model_unverified	3_manual_static_review	pass16-static-manual-model-review	individual translator/reviewer not recorded per row	unknown_manual_or_model	true; packaged JS/HTML	none_exact_found		no_per_row_official_or_wiki_pair	medium	unverified_static_js_html_translation_or_review	pending	magica/i18n_audit/release_v26_authority/manual_review_checklist.tsv;manual	静态界面逐槽位审校；不得改变ID、class、链接或模板表达式
MT-15801	static_js_html_unverified	static_js_html	magica/template/test/Backdoor.html	line:109	visible_text_or_string	>個数指定<	>指定数量<	needs-review/root-translation-required	magica/template/test/Backdoor.html#line:109/visible_text_or_string	none_exact_found	unknown	magica/i18n_audit/release_v26_authority/manual_review_checklist.tsv;manual	unknown	low	pending	>個数指定<	source may be a pre-change Chinese/manual string, not always a Japanese original	static_manual_or_model_unverified	3_manual_static_review	pass16-static-manual-model-review	individual translator/reviewer not recorded per row	unknown_manual_or_model	true; packaged JS/HTML	none_exact_found		no_per_row_official_or_wiki_pair	medium	unverified_static_js_html_translation_or_review	pending	magica/i18n_audit/release_v26_authority/manual_review_checklist.tsv;manual	静态界面逐槽位审校；不得改变ID、class、链接或模板表达式
MT-15802	static_js_html_unverified	static_js_html	magica/template/test/Backdoor.html	line:110	visible_text_or_string	受取り	领取	needs-review/root-translation-required	magica/template/test/Backdoor.html#line:110/visible_text_or_string	none_exact_found	unknown	magica/i18n_audit/release_v26_authority/manual_review_checklist.tsv;Pass16 peer rules, personally re-reviewed	unknown	low	pending	受取り	source may be a pre-change Chinese/manual string, not always a Japanese original	static_manual_or_model_unverified	3_manual_static_review	pass16-static-manual-model-review	individual translator/reviewer not recorded per row	unknown_manual_or_model	true; packaged JS/HTML	none_exact_found		no_per_row_official_or_wiki_pair	medium	unverified_static_js_html_translation_or_review	pending	magica/i18n_audit/release_v26_authority/manual_review_checklist.tsv;Pass16 peer rules, personally re-reviewed	静态界面逐槽位审校；不得改变ID、class、链接或模板表达式
MT-15803	static_js_html_unverified	static_js_html	magica/template/test/Backdoor.html	line:114	visible_text_or_string	受取り	领取	needs-review/root-translation-required	magica/template/test/Backdoor.html#line:114/visible_text_or_string	none_exact_found	unknown	magica/i18n_audit/release_v26_authority/manual_review_checklist.tsv;Pass16 peer rules, personally re-reviewed	unknown	low	pending	受取り	source may be a pre-change Chinese/manual string, not always a Japanese original	static_manual_or_model_unverified	3_manual_static_review	pass16-static-manual-model-review	individual translator/reviewer not recorded per row	unknown_manual_or_model	true; packaged JS/HTML	none_exact_found		no_per_row_official_or_wiki_pair	medium	unverified_static_js_html_translation_or_review	pending	magica/i18n_audit/release_v26_authority/manual_review_checklist.tsv;Pass16 peer rules, personally re-reviewed	静态界面逐槽位审校；不得改变ID、class、链接或模板表达式
MT-15804	static_js_html_unverified	static_js_html	magica/template/test/Backdoor.html	line:119	visible_text_or_string	受取り	领取	needs-review/root-translation-required	magica/template/test/Backdoor.html#line:119/visible_text_or_string	none_exact_found	unknown	magica/i18n_audit/release_v26_authority/manual_review_checklist.tsv;Pass16 peer rules, personally re-reviewed	unknown	low	pending	受取り	source may be a pre-change Chinese/manual string, not always a Japanese original	static_manual_or_model_unverified	3_manual_static_review	pass16-static-manual-model-review	individual translator/reviewer not recorded per row	unknown_manual_or_model	true; packaged JS/HTML	none_exact_found		no_per_row_official_or_wiki_pair	medium	unverified_static_js_html_translation_or_review	pending	magica/i18n_audit/release_v26_authority/manual_review_checklist.tsv;Pass16 peer rules, personally re-reviewed	静态界面逐槽位审校；不得改变ID、class、链接或模板表达式
MT-15805	static_js_html_unverified	static_js_html	magica/template/test/Backdoor.html	line:124	visible_text_or_string	受取り	领取	needs-review/root-translation-required	magica/template/test/Backdoor.html#line:124/visible_text_or_string	none_exact_found	unknown	magica/i18n_audit/release_v26_authority/manual_review_checklist.tsv;Pass16 peer rules, personally re-reviewed	unknown	low	pending	受取り	source may be a pre-change Chinese/manual string, not always a Japanese original	static_manual_or_model_unverified	3_manual_static_review	pass16-static-manual-model-review	individual translator/reviewer not recorded per row	unknown_manual_or_model	true; packaged JS/HTML	none_exact_found		no_per_row_official_or_wiki_pair	medium	unverified_static_js_html_translation_or_review	pending	magica/i18n_audit/release_v26_authority/manual_review_checklist.tsv;Pass16 peer rules, personally re-reviewed	静态界面逐槽位审校；不得改变ID、class、链接或模板表达式
MT-15806	static_js_html_unverified	static_js_html	magica/template/test/Backdoor.html	line:128	visible_text_or_string	请输入号码	请输入数量	needs-review/root-translation-required	magica/template/test/Backdoor.html#line:128/visible_text_or_string	none_exact_found	unknown	magica/i18n_audit/release_v26_authority/manual_review_checklist.tsv;Pass16 peer rules, personally re-reviewed	unknown	low	pending	请输入号码	source may be a pre-change Chinese/manual string, not always a Japanese original	static_manual_or_model_unverified	3_manual_static_review	pass16-static-manual-model-review	individual translator/reviewer not recorded per row	unknown_manual_or_model	true; packaged JS/HTML	none_exact_found		no_per_row_official_or_wiki_pair	medium	unverified_static_js_html_translation_or_review	pending	magica/i18n_audit/release_v26_authority/manual_review_checklist.tsv;Pass16 peer rules, personally re-reviewed	静态界面逐槽位审校；不得改变ID、class、链接或模板表达式
MT-15807	static_js_html_unverified	static_js_html	magica/template/test/Backdoor.html	line:130	visible_text_or_string	>1字削除<	>删除1个字符<	needs-review/root-translation-required	magica/template/test/Backdoor.html#line:130/visible_text_or_string	none_exact_found	unknown	magica/i18n_audit/release_v26_authority/manual_review_checklist.tsv;manual	unknown	low	pending	>1字削除<	source may be a pre-change Chinese/manual string, not always a Japanese original	static_manual_or_model_unverified	3_manual_static_review	pass16-static-manual-model-review	individual translator/reviewer not recorded per row	unknown_manual_or_model	true; packaged JS/HTML	none_exact_found		no_per_row_official_or_wiki_pair	medium	unverified_static_js_html_translation_or_review	pending	magica/i18n_audit/release_v26_authority/manual_review_checklist.tsv;manual	静态界面逐槽位审校；不得改变ID、class、链接或模板表达式
MT-15808	static_js_html_unverified	static_js_html	magica/template/test/Backdoor.html	line:18	visible_text_or_string	最下部	最下方	needs-review/root-translation-required	magica/template/test/Backdoor.html#line:18/visible_text_or_string	none_exact_found	unknown	magica/i18n_audit/release_v26_authority/manual_review_checklist.tsv;manual	unknown	low	pending	最下部	source may be a pre-change Chinese/manual string, not always a Japanese original	static_manual_or_model_unverified	3_manual_static_review	pass16-static-manual-model-review	individual translator/reviewer not recorded per row	unknown_manual_or_model	true; packaged JS/HTML	none_exact_found		no_per_row_official_or_wiki_pair	medium	unverified_static_js_html_translation_or_review	pending	magica/i18n_audit/release_v26_authority/manual_review_checklist.tsv;manual	静态界面逐槽位审校；不得改变ID、class、链接或模板表达式
MT-15809	static_js_html_unverified	static_js_html	magica/template/test/Backdoor.html	line:18	visible_text_or_string	最上部	最上方	needs-review/root-translation-required	magica/template/test/Backdoor.html#line:18/visible_text_or_string	none_exact_found	unknown	magica/i18n_audit/release_v26_authority/manual_review_checklist.tsv;manual	unknown	low	pending	最上部	source may be a pre-change Chinese/manual string, not always a Japanese original	static_manual_or_model_unverified	3_manual_static_review	pass16-static-manual-model-review	individual translator/reviewer not recorded per row	unknown_manual_or_model	true; packaged JS/HTML	none_exact_found		no_per_row_official_or_wiki_pair	medium	unverified_static_js_html_translation_or_review	pending	magica/i18n_audit/release_v26_authority/manual_review_checklist.tsv;manual	静态界面逐槽位审校；不得改变ID、class、链接或模板表达式
MT-15810	static_js_html_unverified	static_js_html	magica/template/test/Backdoor.html	line:22	visible_text_or_string	>検索<	>搜索<	needs-review/root-translation-required	magica/template/test/Backdoor.html#line:22/visible_text_or_string	none_exact_found	unknown	magica/i18n_audit/release_v26_authority/manual_review_checklist.tsv;manual	unknown	low	pending	>検索<	source may be a pre-change Chinese/manual string, not always a Japanese original	static_manual_or_model_unverified	3_manual_static_review	pass16-static-manual-model-review	individual translator/reviewer not recorded per row	unknown_manual_or_model	true; packaged JS/HTML	none_exact_found		no_per_row_official_or_wiki_pair	medium	unverified_static_js_html_translation_or_review	pending	magica/i18n_audit/release_v26_authority/manual_review_checklist.tsv;manual	静态界面逐槽位审校；不得改变ID、class、链接或模板表达式
MT-15811	static_js_html_unverified	static_js_html	magica/template/test/Backdoor.html	line:26	visible_text_or_string	>全表示<	>全部显示<	needs-review/root-translation-required	magica/template/test/Backdoor.html#line:26/visible_text_or_string	none_exact_found	unknown	magica/i18n_audit/release_v26_authority/manual_review_checklist.tsv;manual	unknown	low	pending	>全表示<	source may be a pre-change Chinese/manual string, not always a Japanese original	static_manual_or_model_unverified	3_manual_static_review	pass16-static-manual-model-review	individual translator/reviewer not recorded per row	unknown_manual_or_model	true; packaged JS/HTML	none_exact_found		no_per_row_official_or_wiki_pair	medium	unverified_static_js_html_translation_or_review	pending	magica/i18n_audit/release_v26_authority/manual_review_checklist.tsv;manual	静态界面逐槽位审校；不得改变ID、class、链接或模板表达式
MT-15812	static_js_html_unverified	static_js_html	magica/template/test/Backdoor.html	line:37	visible_text_or_string	全素材 × 100	全部素材 × 100	needs-review/root-translation-required	magica/template/test/Backdoor.html#line:37/visible_text_or_string	none_exact_found	unknown	magica/i18n_audit/release_v26_authority/manual_review_checklist.tsv;manual	unknown	low	pending	全素材 × 100	source may be a pre-change Chinese/manual string, not always a Japanese original	static_manual_or_model_unverified	3_manual_static_review	pass16-static-manual-model-review	individual translator/reviewer not recorded per row	unknown_manual_or_model	true; packaged JS/HTML	none_exact_found		no_per_row_official_or_wiki_pair	medium	unverified_static_js_html_translation_or_review	pending	magica/i18n_audit/release_v26_authority/manual_review_checklist.tsv;manual	静态界面逐槽位审校；不得改变ID、class、链接或模板表达式
MT-15813	static_js_html_unverified	static_js_html	magica/template/test/Backdoor.html	line:41	visible_text_or_string	精神強化素材 × 999	精神强化素材 × 999	needs-review/root-translation-required	magica/template/test/Backdoor.html#line:41/visible_text_or_string	none_exact_found	unknown	magica/i18n_audit/release_v26_authority/manual_review_checklist.tsv;Pass16 peer rules, personally re-reviewed	unknown	low	pending	精神強化素材 × 999	source may be a pre-change Chinese/manual string, not always a Japanese original	static_manual_or_model_unverified	3_manual_static_review	pass16-static-manual-model-review	individual translator/reviewer not recorded per row	unknown_manual_or_model	true; packaged JS/HTML	none_exact_found		no_per_row_official_or_wiki_pair	medium	unverified_static_js_html_translation_or_review	pending	magica/i18n_audit/release_v26_authority/manual_review_checklist.tsv;Pass16 peer rules, personally re-reviewed	静态界面逐槽位审校；不得改变ID、class、链接或模板表达式
MT-15814	static_js_html_unverified	static_js_html	magica/template/test/Backdoor.html	line:44	visible_text_or_string	>全表示<	>全部显示<	needs-review/root-translation-required	magica/template/test/Backdoor.html#line:44/visible_text_or_string	none_exact_found	unknown	magica/i18n_audit/release_v26_authority/manual_review_checklist.tsv;manual	unknown	low	pending	>全表示<	source may be a pre-change Chinese/manual string, not always a Japanese original	static_manual_or_model_unverified	3_manual_static_review	pass16-static-manual-model-review	individual translator/reviewer not recorded per row	unknown_manual_or_model	true; packaged JS/HTML	none_exact_found		no_per_row_official_or_wiki_pair	medium	unverified_static_js_html_translation_or_review	pending	magica/i18n_audit/release_v26_authority/manual_review_checklist.tsv;manual	静态界面逐槽位审校；不得改变ID、class、链接或模板表达式
MT-15815	static_js_html_unverified	static_js_html	magica/template/test/Backdoor.html	line:5	visible_text_or_string	抽卡	扭蛋	needs-review/root-translation-required	magica/template/test/Backdoor.html#line:5/visible_text_or_string	none_exact_found	unknown	magica/i18n_audit/release_v26_authority/manual_review_checklist.tsv;Pass16 peer rules, personally re-reviewed	unknown	low	pending	抽卡	source may be a pre-change Chinese/manual string, not always a Japanese original	static_manual_or_model_unverified	3_manual_static_review	pass16-static-manual-model-review	individual translator/reviewer not recorded per row	unknown_manual_or_model	true; packaged JS/HTML	none_exact_found		no_per_row_official_or_wiki_pair	medium	unverified_static_js_html_translation_or_review	pending	magica/i18n_audit/release_v26_authority/manual_review_checklist.tsv;Pass16 peer rules, personally re-reviewed	静态界面逐槽位审校；不得改变ID、class、链接或模板表达式
MT-15816	static_js_html_unverified	static_js_html	magica/template/test/Backdoor.html	line:60	visible_text_or_string	>全表示<	>全部显示<	needs-review/root-translation-required	magica/template/test/Backdoor.html#line:60/visible_text_or_string	none_exact_found	unknown	magica/i18n_audit/release_v26_authority/manual_review_checklist.tsv;manual	unknown	low	pending	>全表示<	source may be a pre-change Chinese/manual string, not always a Japanese original	static_manual_or_model_unverified	3_manual_static_review	pass16-static-manual-model-review	individual translator/reviewer not recorded per row	unknown_manual_or_model	true; packaged JS/HTML	none_exact_found		no_per_row_official_or_wiki_pair	medium	unverified_static_js_html_translation_or_review	pending	magica/i18n_audit/release_v26_authority/manual_review_checklist.tsv;manual	静态界面逐槽位审校；不得改变ID、class、链接或模板表达式
MT-15817	static_js_html_unverified	static_js_html	magica/template/test/Backdoor.html	line:64	visible_text_or_string	一切都可用	获得全部内容	needs-review/root-translation-required	magica/template/test/Backdoor.html#line:64/visible_text_or_string	none_exact_found	unknown	magica/i18n_audit/release_v26_authority/manual_review_checklist.tsv;Pass16 peer rules, personally re-reviewed	unknown	low	pending	一切都可用	source may be a pre-change Chinese/manual string, not always a Japanese original	static_manual_or_model_unverified	3_manual_static_review	pass16-static-manual-model-review	individual translator/reviewer not recorded per row	unknown_manual_or_model	true; packaged JS/HTML	none_exact_found		no_per_row_official_or_wiki_pair	medium	unverified_static_js_html_translation_or_review	pending	magica/i18n_audit/release_v26_authority/manual_review_checklist.tsv;Pass16 peer rules, personally re-reviewed	静态界面逐槽位审校；不得改变ID、class、链接或模板表达式
MT-15818	static_js_html_unverified	static_js_html	magica/template/test/Backdoor.html	line:68	visible_text_or_string	您可以获得除 记忆结晶 以外的任何内容	获得记忆结晶以外的全部内容	needs-review/root-translation-required	magica/template/test/Backdoor.html#line:68/visible_text_or_string	none_exact_found	unknown	magica/i18n_audit/release_v26_authority/manual_review_checklist.tsv;Pass16 peer rules, personally re-reviewed	unknown	low	pending	您可以获得除 记忆结晶 以外的任何内容	source may be a pre-change Chinese/manual string, not always a Japanese original	static_manual_or_model_unverified	3_manual_static_review	pass16-static-manual-model-review	individual translator/reviewer not recorded per row	unknown_manual_or_model	true; packaged JS/HTML	none_exact_found		no_per_row_official_or_wiki_pair	medium	unverified_static_js_html_translation_or_review	pending	magica/i18n_audit/release_v26_authority/manual_review_checklist.tsv;Pass16 peer rules, personally re-reviewed	静态界面逐槽位审校；不得改变ID、class、链接或模板表达式
MT-15819	static_js_html_unverified	static_js_html	magica/template/test/Backdoor.html	line:72	visible_text_or_string	强化道具 全套	全套强化道具	needs-review/root-translation-required	magica/template/test/Backdoor.html#line:72/visible_text_or_string	none_exact_found	unknown	magica/i18n_audit/release_v26_authority/manual_review_checklist.tsv;Pass16 peer rules, personally re-reviewed	unknown	low	pending	强化道具 全套	source may be a pre-change Chinese/manual string, not always a Japanese original	static_manual_or_model_unverified	3_manual_static_review	pass16-static-manual-model-review	individual translator/reviewer not recorded per row	unknown_manual_or_model	true; packaged JS/HTML	none_exact_found		no_per_row_official_or_wiki_pair	medium	unverified_static_js_html_translation_or_review	pending	magica/i18n_audit/release_v26_authority/manual_review_checklist.tsv;Pass16 peer rules, personally re-reviewed	静态界面逐槽位审校；不得改变ID、class、链接或模板表达式
MT-15820	static_js_html_unverified	static_js_html	magica/template/test/Backdoor.html	line:76	visible_text_or_string	获取所有贴纸	获得全部贴纸	needs-review/root-translation-required	magica/template/test/Backdoor.html#line:76/visible_text_or_string	none_exact_found	unknown	magica/i18n_audit/release_v26_authority/manual_review_checklist.tsv;Pass16 peer rules, personally re-reviewed	unknown	low	pending	获取所有贴纸	source may be a pre-change Chinese/manual string, not always a Japanese original	static_manual_or_model_unverified	3_manual_static_review	pass16-static-manual-model-review	individual translator/reviewer not recorded per row	unknown_manual_or_model	true; packaged JS/HTML	none_exact_found		no_per_row_official_or_wiki_pair	medium	unverified_static_js_html_translation_or_review	pending	magica/i18n_audit/release_v26_authority/manual_review_checklist.tsv;Pass16 peer rules, personally re-reviewed	静态界面逐槽位审校；不得改变ID、class、链接或模板表达式
MT-15821	static_js_html_unverified	static_js_html	magica/template/test/Backdoor.html	line:79	visible_text_or_string	*不包括背景和贴纸	※不含背景和贴纸	needs-review/root-translation-required	magica/template/test/Backdoor.html#line:79/visible_text_or_string	none_exact_found	unknown	magica/i18n_audit/release_v26_authority/manual_review_checklist.tsv;Pass16 peer rules, personally re-reviewed	unknown	low	pending	*不包括背景和贴纸	source may be a pre-change Chinese/manual string, not always a Japanese original	static_manual_or_model_unverified	3_manual_static_review	pass16-static-manual-model-review	individual translator/reviewer not recorded per row	unknown_manual_or_model	true; packaged JS/HTML	none_exact_found		no_per_row_official_or_wiki_pair	medium	unverified_static_js_html_translation_or_review	pending	magica/i18n_audit/release_v26_authority/manual_review_checklist.tsv;Pass16 peer rules, personally re-reviewed	静态界面逐槽位审校；不得改变ID、class、链接或模板表达式
MT-15822	static_js_html_unverified	static_js_html	magica/template/test/Backdoor.html	line:79	visible_text_or_string	活动<%= model.eventId %>的设置	活动<%= model.eventId %>套装	needs-review/root-translation-required	magica/template/test/Backdoor.html#line:79/visible_text_or_string	none_exact_found	unknown	magica/i18n_audit/release_v26_authority/manual_review_checklist.tsv;manual	unknown	low	pending	活动<%= model.eventId %>的设置	source may be a pre-change Chinese/manual string, not always a Japanese original	static_manual_or_model_unverified	3_manual_static_review	pass16-static-manual-model-review	individual translator/reviewer not recorded per row	unknown_manual_or_model	true; packaged JS/HTML	none_exact_found		no_per_row_official_or_wiki_pair	medium	unverified_static_js_html_translation_or_review	pending	magica/i18n_audit/release_v26_authority/manual_review_checklist.tsv;manual	静态界面逐槽位审校；不得改变ID、class、链接或模板表达式
MT-15823	static_js_html_unverified	static_js_html	magica/template/test/Backdoor.html	line:86	visible_text_or_string	>１字削除<	>删除1个字符<	needs-review/root-translation-required	magica/template/test/Backdoor.html#line:86/visible_text_or_string	none_exact_found	unknown	magica/i18n_audit/release_v26_authority/manual_review_checklist.tsv;manual	unknown	low	pending	>１字削除<	source may be a pre-change Chinese/manual string, not always a Japanese original	static_manual_or_model_unverified	3_manual_static_review	pass16-static-manual-model-review	individual translator/reviewer not recorded per row	unknown_manual_or_model	true; packaged JS/HTML	none_exact_found		no_per_row_official_or_wiki_pair	medium	unverified_static_js_html_translation_or_review	pending	magica/i18n_audit/release_v26_authority/manual_review_checklist.tsv;manual	静态界面逐槽位审校；不得改变ID、class、链接或模板表达式
MT-15824	static_js_html_unverified	static_js_html	magica/template/test/Backdoor.html	line:87	visible_text_or_string	>報酬付与<	>发放奖励<	needs-review/root-translation-required	magica/template/test/Backdoor.html#line:87/visible_text_or_string	none_exact_found	unknown	magica/i18n_audit/release_v26_authority/manual_review_checklist.tsv;manual	unknown	low	pending	>報酬付与<	source may be a pre-change Chinese/manual string, not always a Japanese original	static_manual_or_model_unverified	3_manual_static_review	pass16-static-manual-model-review	individual translator/reviewer not recorded per row	unknown_manual_or_model	true; packaged JS/HTML	none_exact_found		no_per_row_official_or_wiki_pair	medium	unverified_static_js_html_translation_or_review	pending	magica/i18n_audit/release_v26_authority/manual_review_checklist.tsv;manual	静态界面逐槽位审校；不得改变ID、class、链接或模板表达式
MT-15825	static_js_html_unverified	static_js_html	magica/template/test/Backdoor.html	line:91	visible_text_or_string	形成	魔法阵型	needs-review/root-translation-required	magica/template/test/Backdoor.html#line:91/visible_text_or_string	none_exact_found	unknown	magica/i18n_audit/release_v26_authority/manual_review_checklist.tsv;Pass16 peer rules, personally re-reviewed	unknown	low	pending	形成	source may be a pre-change Chinese/manual string, not always a Japanese original	static_manual_or_model_unverified	3_manual_static_review	pass16-static-manual-model-review	individual translator/reviewer not recorded per row	unknown_manual_or_model	true; packaged JS/HTML	none_exact_found		no_per_row_official_or_wiki_pair	medium	unverified_static_js_html_translation_or_review	pending	magica/i18n_audit/release_v26_authority/manual_review_checklist.tsv;Pass16 peer rules, personally re-reviewed	静态界面逐槽位审校；不得改变ID、class、链接或模板表达式
MT-15826	static_js_html_unverified	static_js_html	magica/template/test/BackdoorLive2d.html	line:10	visible_text_or_string	"data-voice=""02"">02：自我介绍（获取抽卡时）</div>"	"data-voice=""02"">02:自我介绍（扭蛋获取时）</div>"	needs-review/root-translation-required	magica/template/test/BackdoorLive2d.html#line:10/visible_text_or_string	none_exact_found	unknown	magica/i18n_audit/release_v26_authority/manual_review_checklist.tsv;Pass16 complete label-set review	unknown	low	pending	"data-voice=""02"">02：自我介绍（获取抽卡时）</div>"	source may be a pre-change Chinese/manual string, not always a Japanese original	static_manual_or_model_unverified	3_manual_static_review	pass16-static-manual-model-review	individual translator/reviewer not recorded per row	unknown_manual_or_model	true; packaged JS/HTML	none_exact_found		no_per_row_official_or_wiki_pair	high	unverified_static_js_html_translation_or_review	pending	magica/i18n_audit/release_v26_authority/manual_review_checklist.tsv;Pass16 complete label-set review	静态界面逐槽位审校；不得改变ID、class、链接或模板表达式
MT-15827	static_js_html_unverified	static_js_html	magica/template/test/BackdoorLive2d.html	line:14	visible_text_or_string	03:魔法少女剧情第一集通关	03:魔法少女剧情第1话通关	needs-review/root-translation-required	magica/template/test/BackdoorLive2d.html#line:14/visible_text_or_string	none_exact_found	unknown	magica/i18n_audit/release_v26_authority/manual_review_checklist.tsv;Pass16 peer rules, personally re-reviewed	unknown	low	pending	03:魔法少女剧情第一集通关	source may be a pre-change Chinese/manual string, not always a Japanese original	static_manual_or_model_unverified	3_manual_static_review	pass16-static-manual-model-review	individual translator/reviewer not recorded per row	unknown_manual_or_model	true; packaged JS/HTML	none_exact_found		no_per_row_official_or_wiki_pair	medium	unverified_static_js_html_translation_or_review	pending	magica/i18n_audit/release_v26_authority/manual_review_checklist.tsv;Pass16 peer rules, personally re-reviewed	静态界面逐槽位审校；不得改变ID、class、链接或模板表达式
MT-15828	static_js_html_unverified	static_js_html	magica/template/test/BackdoorLive2d.html	line:15	visible_text_or_string	04:魔法少女剧情E第2集通关	04:魔法少女剧情第2话通关	needs-review/root-translation-required	magica/template/test/BackdoorLive2d.html#line:15/visible_text_or_string	none_exact_found	unknown	magica/i18n_audit/release_v26_authority/manual_review_checklist.tsv;Pass16 peer rules, personally re-reviewed	unknown	low	pending	04:魔法少女剧情E第2集通关	source may be a pre-change Chinese/manual string, not always a Japanese original	static_manual_or_model_unverified	3_manual_static_review	pass16-static-manual-model-review	individual translator/reviewer not recorded per row	unknown_manual_or_model	true; packaged JS/HTML	none_exact_found		no_per_row_official_or_wiki_pair	medium	unverified_static_js_html_translation_or_review	pending	magica/i18n_audit/release_v26_authority/manual_review_checklist.tsv;Pass16 peer rules, personally re-reviewed	静态界面逐槽位审校；不得改变ID、class、链接或模板表达式
MT-15829	static_js_html_unverified	static_js_html	magica/template/test/BackdoorLive2d.html	line:16	visible_text_or_string	05:魔法少女剧情E第3集通关	05:魔法少女剧情第3话通关	needs-review/root-translation-required	magica/template/test/BackdoorLive2d.html#line:16/visible_text_or_string	none_exact_found	unknown	magica/i18n_audit/release_v26_authority/manual_review_checklist.tsv;Pass16 peer rules, personally re-reviewed	unknown	low	pending	05:魔法少女剧情E第3集通关	source may be a pre-change Chinese/manual string, not always a Japanese original	static_manual_or_model_unverified	3_manual_static_review	pass16-static-manual-model-review	individual translator/reviewer not recorded per row	unknown_manual_or_model	true; packaged JS/HTML	none_exact_found		no_per_row_official_or_wiki_pair	medium	unverified_static_js_html_translation_or_review	pending	magica/i18n_audit/release_v26_authority/manual_review_checklist.tsv;Pass16 peer rules, personally re-reviewed	静态界面逐槽位审校；不得改变ID、class、链接或模板表达式
MT-15830	static_js_html_unverified	static_js_html	magica/template/test/BackdoorLive2d.html	line:19	visible_text_or_string	>育成<	>养成<	needs-review/root-translation-required	magica/template/test/BackdoorLive2d.html#line:19/visible_text_or_string	none_exact_found	unknown	magica/i18n_audit/release_v26_authority/manual_review_checklist.tsv;manual	unknown	low	pending	>育成<	source may be a pre-change Chinese/manual string, not always a Japanese original	static_manual_or_model_unverified	3_manual_static_review	pass16-static-manual-model-review	individual translator/reviewer not recorded per row	unknown_manual_or_model	true; packaged JS/HTML	none_exact_found		no_per_row_official_or_wiki_pair	medium	unverified_static_js_html_translation_or_review	pending	magica/i18n_audit/release_v26_authority/manual_review_checklist.tsv;manual	静态界面逐槽位审校；不得改变ID、class、链接或模板表达式
MT-15831	static_js_html_unverified	static_js_html	magica/template/test/BackdoorLive2d.html	line:2	visible_text_or_string	角色列表显示	显示角色列表	needs-review/root-translation-required	magica/template/test/BackdoorLive2d.html#line:2/visible_text_or_string	none_exact_found	unknown	magica/i18n_audit/release_v26_authority/manual_review_checklist.tsv;Pass16 peer rules, personally re-reviewed	unknown	low	pending	角色列表显示	source may be a pre-change Chinese/manual string, not always a Japanese original	static_manual_or_model_unverified	3_manual_static_review	pass16-static-manual-model-review	individual translator/reviewer not recorded per row	unknown_manual_or_model	true; packaged JS/HTML	none_exact_found		no_per_row_official_or_wiki_pair	medium	unverified_static_js_html_translation_or_review	pending	magica/i18n_audit/release_v26_authority/manual_review_checklist.tsv;Pass16 peer rules, personally re-reviewed	静态界面逐槽位审校；不得改变ID、class、链接或模板表达式
MT-15832	static_js_html_unverified	static_js_html	magica/template/test/BackdoorLive2d.html	line:20	visible_text_or_string	13:強化完了	13:强化完成	needs-review/root-translation-required	magica/template/test/BackdoorLive2d.html#line:20/visible_text_or_string	none_exact_found	unknown	magica/i18n_audit/release_v26_authority/manual_review_checklist.tsv;Pass16 peer rules, personally re-reviewed	unknown	low	pending	13:強化完了	source may be a pre-change Chinese/manual string, not always a Japanese original	static_manual_or_model_unverified	3_manual_static_review	pass16-static-manual-model-review	individual translator/reviewer not recorded per row	unknown_manual_or_model	true; packaged JS/HTML	none_exact_found		no_per_row_official_or_wiki_pair	medium	unverified_static_js_html_translation_or_review	pending	magica/i18n_audit/release_v26_authority/manual_review_checklist.tsv;Pass16 peer rules, personally re-reviewed	静态界面逐槽位审校；不得改变ID、class、链接或模板表达式
MT-15833	static_js_html_unverified	static_js_html	magica/template/test/BackdoorLive2d.html	line:21	visible_text_or_string	14:強化(Lv最大時)	14:强化（Lv达到上限时）	needs-review/root-translation-required	magica/template/test/BackdoorLive2d.html#line:21/visible_text_or_string	none_exact_found	unknown	magica/i18n_audit/release_v26_authority/manual_review_checklist.tsv;Pass16 peer rules, personally re-reviewed	unknown	low	pending	14:強化(Lv最大時)	source may be a pre-change Chinese/manual string, not always a Japanese original	static_manual_or_model_unverified	3_manual_static_review	pass16-static-manual-model-review	individual translator/reviewer not recorded per row	unknown_manual_or_model	true; packaged JS/HTML	none_exact_found		no_per_row_official_or_wiki_pair	medium	unverified_static_js_html_translation_or_review	pending	magica/i18n_audit/release_v26_authority/manual_review_checklist.tsv;Pass16 peer rules, personally re-reviewed	静态界面逐槽位审校；不得改变ID、class、链接或模板表达式
MT-15834	static_js_html_unverified	static_js_html	magica/template/test/BackdoorLive2d.html	line:21	visible_text_or_string	"data-voice=""14"">14:强化（Lv达到上限时）</div>"	"data-voice=""14"">14:强化（等级已满时）</div>"	needs-review/root-translation-required	magica/template/test/BackdoorLive2d.html#line:21/visible_text_or_string	none_exact_found	unknown	magica/i18n_audit/release_v26_authority/manual_review_checklist.tsv;Pass16 complete label-set review	unknown	low	pending	"data-voice=""14"">14:强化（Lv达到上限时）</div>"	source may be a pre-change Chinese/manual string, not always a Japanese original	static_manual_or_model_unverified	3_manual_static_review	pass16-static-manual-model-review	individual translator/reviewer not recorded per row	unknown_manual_or_model	true; packaged JS/HTML	none_exact_found		no_per_row_official_or_wiki_pair	high	unverified_static_js_html_translation_or_review	pending	magica/i18n_audit/release_v26_authority/manual_review_checklist.tsv;Pass16 complete label-set review	静态界面逐槽位审校；不得改变ID、class、链接或模板表达式
MT-15835	static_js_html_unverified	static_js_html	magica/template/test/BackdoorLive2d.html	line:22	visible_text_or_string	"data-voice=""15"">15:章节Lv 上升</div>"	"data-voice=""15"">15:剧情等级提升</div>"	needs-review/root-translation-required	magica/template/test/BackdoorLive2d.html#line:22/visible_text_or_string	none_exact_found	unknown	magica/i18n_audit/release_v26_authority/manual_review_checklist.tsv;Pass16 complete label-set review	unknown	low	pending	"data-voice=""15"">15:章节Lv 上升</div>"	source may be a pre-change Chinese/manual string, not always a Japanese original	static_manual_or_model_unverified	3_manual_static_review	pass16-static-manual-model-review	individual translator/reviewer not recorded per row	unknown_manual_or_model	true; packaged JS/HTML	none_exact_found		no_per_row_official_or_wiki_pair	high	unverified_static_js_html_translation_or_review	pending	magica/i18n_audit/release_v26_authority/manual_review_checklist.tsv;Pass16 complete label-set review	静态界面逐槽位审校；不得改变ID、class、链接或模板表达式
MT-15836	static_js_html_unverified	static_js_html	magica/template/test/BackdoorLive2d.html	line:26	visible_text_or_string	"data-voice=""19"">19:MagiaLv 上升</div>"	"data-voice=""19"">19:Magia等级提升</div>"	needs-review/root-translation-required	magica/template/test/BackdoorLive2d.html#line:26/visible_text_or_string	none_exact_found	unknown	magica/i18n_audit/release_v26_authority/manual_review_checklist.tsv;Pass16 complete label-set review	unknown	low	pending	"data-voice=""19"">19:MagiaLv 上升</div>"	source may be a pre-change Chinese/manual string, not always a Japanese original	static_manual_or_model_unverified	3_manual_static_review	pass16-static-manual-model-review	individual translator/reviewer not recorded per row	unknown_manual_or_model	true; packaged JS/HTML	none_exact_found		no_per_row_official_or_wiki_pair	high	unverified_static_js_html_translation_or_review	pending	magica/i18n_audit/release_v26_authority/manual_review_checklist.tsv;Pass16 complete label-set review	静态界面逐槽位审校；不得改变ID、class、链接或模板表达式
MT-15837	static_js_html_unverified	static_js_html	magica/template/test/BackdoorLive2d.html	line:27	visible_text_or_string	20:魔法少女覚醒①	20:魔法少女觉醒①	needs-review/root-translation-required	magica/template/test/BackdoorLive2d.html#line:27/visible_text_or_string	none_exact_found	unknown	magica/i18n_audit/release_v26_authority/manual_review_checklist.tsv;Pass16 peer rules, personally re-reviewed	unknown	low	pending	20:魔法少女覚醒①	source may be a pre-change Chinese/manual string, not always a Japanese original	static_manual_or_model_unverified	3_manual_static_review	pass16-static-manual-model-review	individual translator/reviewer not recorded per row	unknown_manual_or_model	true; packaged JS/HTML	none_exact_found		no_per_row_official_or_wiki_pair	medium	unverified_static_js_html_translation_or_review	pending	magica/i18n_audit/release_v26_authority/manual_review_checklist.tsv;Pass16 peer rules, personally re-reviewed	静态界面逐槽位审校；不得改变ID、class、链接或模板表达式
MT-15838	static_js_html_unverified	static_js_html	magica/template/test/BackdoorLive2d.html	line:28	visible_text_or_string	21:魔法少女覚醒②	21:魔法少女觉醒②	needs-review/root-translation-required	magica/template/test/BackdoorLive2d.html#line:28/visible_text_or_string	none_exact_found	unknown	magica/i18n_audit/release_v26_authority/manual_review_checklist.tsv;Pass16 peer rules, personally re-reviewed	unknown	low	pending	21:魔法少女覚醒②	source may be a pre-change Chinese/manual string, not always a Japanese original	static_manual_or_model_unverified	3_manual_static_review	pass16-static-manual-model-review	individual translator/reviewer not recorded per row	unknown_manual_or_model	true; packaged JS/HTML	none_exact_found		no_per_row_official_or_wiki_pair	medium	unverified_static_js_html_translation_or_review	pending	magica/i18n_audit/release_v26_authority/manual_review_checklist.tsv;Pass16 peer rules, personally re-reviewed	静态界面逐槽位审校；不得改变ID、class、链接或模板表达式
MT-15839	static_js_html_unverified	static_js_html	magica/template/test/BackdoorLive2d.html	line:29	visible_text_or_string	22:魔法少女覚醒③	22:魔法少女觉醒③	needs-review/root-translation-required	magica/template/test/BackdoorLive2d.html#line:29/visible_text_or_string	none_exact_found	unknown	magica/i18n_audit/release_v26_authority/manual_review_checklist.tsv;Pass16 peer rules, personally re-reviewed	unknown	low	pending	22:魔法少女覚醒③	source may be a pre-change Chinese/manual string, not always a Japanese original	static_manual_or_model_unverified	3_manual_static_review	pass16-static-manual-model-review	individual translator/reviewer not recorded per row	unknown_manual_or_model	true; packaged JS/HTML	none_exact_found		no_per_row_official_or_wiki_pair	medium	unverified_static_js_html_translation_or_review	pending	magica/i18n_audit/release_v26_authority/manual_review_checklist.tsv;Pass16 peer rules, personally re-reviewed	静态界面逐槽位审校；不得改变ID、class、链接或模板表达式
MT-15840	static_js_html_unverified	static_js_html	magica/template/test/BackdoorLive2d.html	line:30	visible_text_or_string	23:魔法少女覚醒④	23:魔法少女觉醒④	needs-review/root-translation-required	magica/template/test/BackdoorLive2d.html#line:30/visible_text_or_string	none_exact_found	unknown	magica/i18n_audit/release_v26_authority/manual_review_checklist.tsv;Pass16 peer rules, personally re-reviewed	unknown	low	pending	23:魔法少女覚醒④	source may be a pre-change Chinese/manual string, not always a Japanese original	static_manual_or_model_unverified	3_manual_static_review	pass16-static-manual-model-review	individual translator/reviewer not recorded per row	unknown_manual_or_model	true; packaged JS/HTML	none_exact_found		no_per_row_official_or_wiki_pair	medium	unverified_static_js_html_translation_or_review	pending	magica/i18n_audit/release_v26_authority/manual_review_checklist.tsv;Pass16 peer rules, personally re-reviewed	静态界面逐槽位审校；不得改变ID、class、链接或模板表达式
MT-15841	static_js_html_unverified	static_js_html	magica/template/test/BackdoorLive2d.html	line:34	visible_text_or_string	24：登录①（第一次登录）	24:登录①（首次登录时）	needs-review/root-translation-required	magica/template/test/BackdoorLive2d.html#line:34/visible_text_or_string	none_exact_found	unknown	magica/i18n_audit/release_v26_authority/manual_review_checklist.tsv;Pass16 peer rules, personally re-reviewed	unknown	low	pending	24：登录①（第一次登录）	source may be a pre-change Chinese/manual string, not always a Japanese original	static_manual_or_model_unverified	3_manual_static_review	pass16-static-manual-model-review	individual translator/reviewer not recorded per row	unknown_manual_or_model	true; packaged JS/HTML	none_exact_found		no_per_row_official_or_wiki_pair	medium	unverified_static_js_html_translation_or_review	pending	magica/i18n_audit/release_v26_authority/manual_review_checklist.tsv;Pass16 peer rules, personally re-reviewed	静态界面逐槽位审校；不得改变ID、class、链接或模板表达式
MT-15842	static_js_html_unverified	static_js_html	magica/template/test/BackdoorLive2d.html	line:35	visible_text_or_string	25:登录②（上午）	25:登录②（早晨）	needs-review/root-translation-required	magica/template/test/BackdoorLive2d.html#line:35/visible_text_or_string	none_exact_found	unknown	magica/i18n_audit/release_v26_authority/manual_review_checklist.tsv;Pass16 peer rules, personally re-reviewed	unknown	low	pending	25:登录②（上午）	source may be a pre-change Chinese/manual string, not always a Japanese original	static_manual_or_model_unverified	3_manual_static_review	pass16-static-manual-model-review	individual translator/reviewer not recorded per row	unknown_manual_or_model	true; packaged JS/HTML	none_exact_found		no_per_row_official_or_wiki_pair	medium	unverified_static_js_html_translation_or_review	pending	magica/i18n_audit/release_v26_authority/manual_review_checklist.tsv;Pass16 peer rules, personally re-reviewed	静态界面逐槽位审校；不得改变ID、class、链接或模板表达式
MT-15843	static_js_html_unverified	static_js_html	magica/template/test/BackdoorLive2d.html	line:36	visible_text_or_string	26：登录③（午餐）	26:登录③（白天）	needs-review/root-translation-required	magica/template/test/BackdoorLive2d.html#line:36/visible_text_or_string	none_exact_found	unknown	magica/i18n_audit/release_v26_authority/manual_review_checklist.tsv;Pass16 peer rules, personally re-reviewed	unknown	low	pending	26：登录③（午餐）	source may be a pre-change Chinese/manual string, not always a Japanese original	static_manual_or_model_unverified	3_manual_static_review	pass16-static-manual-model-review	individual translator/reviewer not recorded per row	unknown_manual_or_model	true; packaged JS/HTML	none_exact_found		no_per_row_official_or_wiki_pair	medium	unverified_static_js_html_translation_or_review	pending	magica/i18n_audit/release_v26_authority/manual_review_checklist.tsv;Pass16 peer rules, personally re-reviewed	静态界面逐槽位审校；不得改变ID、class、链接或模板表达式
MT-15844	static_js_html_unverified	static_js_html	magica/template/test/BackdoorLive2d.html	line:37	visible_text_or_string	27：登录④（夜间）	27:登录④（夜晚）	needs-review/root-translation-required	magica/template/test/BackdoorLive2d.html#line:37/visible_text_or_string	none_exact_found	unknown	magica/i18n_audit/release_v26_authority/manual_review_checklist.tsv;Pass16 peer rules, personally re-reviewed	unknown	low	pending	27：登录④（夜间）	source may be a pre-change Chinese/manual string, not always a Japanese original	static_manual_or_model_unverified	3_manual_static_review	pass16-static-manual-model-review	individual translator/reviewer not recorded per row	unknown_manual_or_model	true; packaged JS/HTML	none_exact_found		no_per_row_official_or_wiki_pair	medium	unverified_static_js_html_translation_or_review	pending	magica/i18n_audit/release_v26_authority/manual_review_checklist.tsv;Pass16 peer rules, personally re-reviewed	静态界面逐槽位审校；不得改变ID、class、链接或模板表达式
MT-15845	static_js_html_unverified	static_js_html	magica/template/test/BackdoorLive2d.html	line:38	visible_text_or_string	28：登录⑤（深夜）	28:登录⑤（深夜）	needs-review/root-translation-required	magica/template/test/BackdoorLive2d.html#line:38/visible_text_or_string	none_exact_found	unknown	magica/i18n_audit/release_v26_authority/manual_review_checklist.tsv;Pass16 peer rules, personally re-reviewed	unknown	low	pending	28：登录⑤（深夜）	source may be a pre-change Chinese/manual string, not always a Japanese original	static_manual_or_model_unverified	3_manual_static_review	pass16-static-manual-model-review	individual translator/reviewer not recorded per row	unknown_manual_or_model	true; packaged JS/HTML	none_exact_found		no_per_row_official_or_wiki_pair	medium	unverified_static_js_html_translation_or_review	pending	magica/i18n_audit/release_v26_authority/manual_review_checklist.tsv;Pass16 peer rules, personally re-reviewed	静态界面逐槽位审校；不得改变ID、class、链接或模板表达式
MT-15846	static_js_html_unverified	static_js_html	magica/template/test/BackdoorLive2d.html	line:39	visible_text_or_string	29：登录⑥（其他）	29:登录⑥（其他）	needs-review/root-translation-required	magica/template/test/BackdoorLive2d.html#line:39/visible_text_or_string	none_exact_found	unknown	magica/i18n_audit/release_v26_authority/manual_review_checklist.tsv;Pass16 peer rules, personally re-reviewed	unknown	low	pending	29：登录⑥（其他）	source may be a pre-change Chinese/manual string, not always a Japanese original	static_manual_or_model_unverified	3_manual_static_review	pass16-static-manual-model-review	individual translator/reviewer not recorded per row	unknown_manual_or_model	true; packaged JS/HTML	none_exact_found		no_per_row_official_or_wiki_pair	medium	unverified_static_js_html_translation_or_review	pending	magica/i18n_audit/release_v26_authority/manual_review_checklist.tsv;Pass16 peer rules, personally re-reviewed	静态界面逐槽位审校；不得改变ID、class、链接或模板表达式
MT-15847	static_js_html_unverified	static_js_html	magica/template/test/BackdoorLive2d.html	line:40	visible_text_or_string	30：登录⑦（AP最大时）	30:登录⑦（AP满时）	needs-review/root-translation-required	magica/template/test/BackdoorLive2d.html#line:40/visible_text_or_string	none_exact_found	unknown	magica/i18n_audit/release_v26_authority/manual_review_checklist.tsv;Pass16 peer rules, personally re-reviewed	unknown	low	pending	30：登录⑦（AP最大时）	source may be a pre-change Chinese/manual string, not always a Japanese original	static_manual_or_model_unverified	3_manual_static_review	pass16-static-manual-model-review	individual translator/reviewer not recorded per row	unknown_manual_or_model	true; packaged JS/HTML	none_exact_found		no_per_row_official_or_wiki_pair	medium	unverified_static_js_html_translation_or_review	pending	magica/i18n_audit/release_v26_authority/manual_review_checklist.tsv;Pass16 peer rules, personally re-reviewed	静态界面逐槽位审校；不得改变ID、class、链接或模板表达式
MT-15848	static_js_html_unverified	static_js_html	magica/template/test/BackdoorLive2d.html	line:41	visible_text_or_string	31：登录⑧（最大BP时）	31:登录⑧（BP满时）	needs-review/root-translation-required	magica/template/test/BackdoorLive2d.html#line:41/visible_text_or_string	none_exact_found	unknown	magica/i18n_audit/release_v26_authority/manual_review_checklist.tsv;Pass16 peer rules, personally re-reviewed	unknown	low	pending	31：登录⑧（最大BP时）	source may be a pre-change Chinese/manual string, not always a Japanese original	static_manual_or_model_unverified	3_manual_static_review	pass16-static-manual-model-review	individual translator/reviewer not recorded per row	unknown_manual_or_model	true; packaged JS/HTML	none_exact_found		no_per_row_official_or_wiki_pair	medium	unverified_static_js_html_translation_or_review	pending	magica/i18n_audit/release_v26_authority/manual_review_checklist.tsv;Pass16 peer rules, personally re-reviewed	静态界面逐槽位审校；不得改变ID、class、链接或模板表达式
MT-15849	static_js_html_unverified	static_js_html	magica/template/test/BackdoorLive2d.html	line:42	visible_text_or_string	32:登录⑨(GVG)	32:登录⑨（GVG）	needs-review/root-translation-required	magica/template/test/BackdoorLive2d.html#line:42/visible_text_or_string	none_exact_found	unknown	magica/i18n_audit/release_v26_authority/manual_review_checklist.tsv;Pass16 peer rules, personally re-reviewed	unknown	low	pending	32:登录⑨(GVG)	source may be a pre-change Chinese/manual string, not always a Japanese original	static_manual_or_model_unverified	3_manual_static_review	pass16-static-manual-model-review	individual translator/reviewer not recorded per row	unknown_manual_or_model	true; packaged JS/HTML	none_exact_found		no_per_row_official_or_wiki_pair	medium	unverified_static_js_html_translation_or_review	pending	magica/i18n_audit/release_v26_authority/manual_review_checklist.tsv;Pass16 peer rules, personally re-reviewed	静态界面逐槽位审校；不得改变ID、class、链接或模板表达式
MT-15850	static_js_html_unverified	static_js_html	magica/template/test/BackdoorLive2d.html	line:42	visible_text_or_string	"data-voice=""32"">32:登录⑨（GVG）</div>"	"data-voice=""32"">32:登录⑨（GvG）</div>"	needs-review/root-translation-required	magica/template/test/BackdoorLive2d.html#line:42/visible_text_or_string	none_exact_found	unknown	magica/i18n_audit/release_v26_authority/manual_review_checklist.tsv;Pass16 complete label-set review	unknown	low	pending	"data-voice=""32"">32:登录⑨（GVG）</div>"	source may be a pre-change Chinese/manual string, not always a Japanese original	static_manual_or_model_unverified	3_manual_static_review	pass16-static-manual-model-review	individual translator/reviewer not recorded per row	unknown_manual_or_model	true; packaged JS/HTML	none_exact_found		no_per_row_official_or_wiki_pair	high	unverified_static_js_html_translation_or_review	pending	magica/i18n_audit/release_v26_authority/manual_review_checklist.tsv;Pass16 complete label-set review	静态界面逐槽位审校；不得改变ID、class、链接或模板表达式
MT-15851	static_js_html_unverified	static_js_html	magica/template/test/BackdoorLive2d.html	line:43	visible_text_or_string	33：魔法少女 水龙头①	33:点击魔法少女①	needs-review/root-translation-required	magica/template/test/BackdoorLive2d.html#line:43/visible_text_or_string	none_exact_found	unknown	magica/i18n_audit/release_v26_authority/manual_review_checklist.tsv;Pass16 peer rules, personally re-reviewed	unknown	low	pending	33：魔法少女 水龙头①	source may be a pre-change Chinese/manual string, not always a Japanese original	static_manual_or_model_unverified	3_manual_static_review	pass16-static-manual-model-review	individual translator/reviewer not recorded per row	unknown_manual_or_model	true; packaged JS/HTML	none_exact_found		no_per_row_official_or_wiki_pair	medium	unverified_static_js_html_translation_or_review	pending	magica/i18n_audit/release_v26_authority/manual_review_checklist.tsv;Pass16 peer rules, personally re-reviewed	静态界面逐槽位审校；不得改变ID、class、链接或模板表达式
MT-15852	static_js_html_unverified	static_js_html	magica/template/test/BackdoorLive2d.html	line:44	visible_text_or_string	34：魔法少女 抽头 ②	34:点击魔法少女②	needs-review/root-translation-required	magica/template/test/BackdoorLive2d.html#line:44/visible_text_or_string	none_exact_found	unknown	magica/i18n_audit/release_v26_authority/manual_review_checklist.tsv;Pass16 peer rules, personally re-reviewed	unknown	low	pending	34：魔法少女 抽头 ②	source may be a pre-change Chinese/manual string, not always a Japanese original	static_manual_or_model_unverified	3_manual_static_review	pass16-static-manual-model-review	individual translator/reviewer not recorded per row	unknown_manual_or_model	true; packaged JS/HTML	none_exact_found		no_per_row_official_or_wiki_pair	medium	unverified_static_js_html_translation_or_review	pending	magica/i18n_audit/release_v26_authority/manual_review_checklist.tsv;Pass16 peer rules, personally re-reviewed	静态界面逐槽位审校；不得改变ID、class、链接或模板表达式
MT-15853	static_js_html_unverified	static_js_html	magica/template/test/BackdoorLive2d.html	line:45	visible_text_or_string	35：魔法少女 轻击③	35:点击魔法少女③	needs-review/root-translation-required	magica/template/test/BackdoorLive2d.html#line:45/visible_text_or_string	none_exact_found	unknown	magica/i18n_audit/release_v26_authority/manual_review_checklist.tsv;Pass16 peer rules, personally re-reviewed	unknown	low	pending	35：魔法少女 轻击③	source may be a pre-change Chinese/manual string, not always a Japanese original	static_manual_or_model_unverified	3_manual_static_review	pass16-static-manual-model-review	individual translator/reviewer not recorded per row	unknown_manual_or_model	true; packaged JS/HTML	none_exact_found		no_per_row_official_or_wiki_pair	medium	unverified_static_js_html_translation_or_review	pending	magica/i18n_audit/release_v26_authority/manual_review_checklist.tsv;Pass16 peer rules, personally re-reviewed	静态界面逐槽位审校；不得改变ID、class、链接或模板表达式
MT-15854	static_js_html_unverified	static_js_html	magica/template/test/BackdoorLive2d.html	line:46	visible_text_or_string	36：魔法少女 轻击 ④	36:点击魔法少女④	needs-review/root-translation-required	magica/template/test/BackdoorLive2d.html#line:46/visible_text_or_string	none_exact_found	unknown	magica/i18n_audit/release_v26_authority/manual_review_checklist.tsv;Pass16 peer rules, personally re-reviewed	unknown	low	pending	36：魔法少女 轻击 ④	source may be a pre-change Chinese/manual string, not always a Japanese original	static_manual_or_model_unverified	3_manual_static_review	pass16-static-manual-model-review	individual translator/reviewer not recorded per row	unknown_manual_or_model	true; packaged JS/HTML	none_exact_found		no_per_row_official_or_wiki_pair	medium	unverified_static_js_html_translation_or_review	pending	magica/i18n_audit/release_v26_authority/manual_review_checklist.tsv;Pass16 peer rules, personally re-reviewed	静态界面逐槽位审校；不得改变ID、class、链接或模板表达式
MT-15855	static_js_html_unverified	static_js_html	magica/template/test/BackdoorLive2d.html	line:47	visible_text_or_string	37：魔法少女 轻击 ⑤	37:点击魔法少女⑤	needs-review/root-translation-required	magica/template/test/BackdoorLive2d.html#line:47/visible_text_or_string	none_exact_found	unknown	magica/i18n_audit/release_v26_authority/manual_review_checklist.tsv;Pass16 peer rules, personally re-reviewed	unknown	low	pending	37：魔法少女 轻击 ⑤	source may be a pre-change Chinese/manual string, not always a Japanese original	static_manual_or_model_unverified	3_manual_static_review	pass16-static-manual-model-review	individual translator/reviewer not recorded per row	unknown_manual_or_model	true; packaged JS/HTML	none_exact_found		no_per_row_official_or_wiki_pair	medium	unverified_static_js_html_translation_or_review	pending	magica/i18n_audit/release_v26_authority/manual_review_checklist.tsv;Pass16 peer rules, personally re-reviewed	静态界面逐槽位审校；不得改变ID、class、链接或模板表达式
MT-15856	static_js_html_unverified	static_js_html	magica/template/test/BackdoorLive2d.html	line:48	visible_text_or_string	38：魔法少女 轻击 ⑥	38:点击魔法少女⑥	needs-review/root-translation-required	magica/template/test/BackdoorLive2d.html#line:48/visible_text_or_string	none_exact_found	unknown	magica/i18n_audit/release_v26_authority/manual_review_checklist.tsv;Pass16 peer rules, personally re-reviewed	unknown	low	pending	38：魔法少女 轻击 ⑥	source may be a pre-change Chinese/manual string, not always a Japanese original	static_manual_or_model_unverified	3_manual_static_review	pass16-static-manual-model-review	individual translator/reviewer not recorded per row	unknown_manual_or_model	true; packaged JS/HTML	none_exact_found		no_per_row_official_or_wiki_pair	medium	unverified_static_js_html_translation_or_review	pending	magica/i18n_audit/release_v26_authority/manual_review_checklist.tsv;Pass16 peer rules, personally re-reviewed	静态界面逐槽位审校；不得改变ID、class、链接或模板表达式
MT-15857	static_js_html_unverified	static_js_html	magica/template/test/BackdoorLive2d.html	line:49	visible_text_or_string	39:魔法少女 轻击 ⑦	39:点击魔法少女⑦	needs-review/root-translation-required	magica/template/test/BackdoorLive2d.html#line:49/visible_text_or_string	none_exact_found	unknown	magica/i18n_audit/release_v26_authority/manual_review_checklist.tsv;Pass16 peer rules, personally re-reviewed	unknown	low	pending	39:魔法少女 轻击 ⑦	source may be a pre-change Chinese/manual string, not always a Japanese original	static_manual_or_model_unverified	3_manual_static_review	pass16-static-manual-model-review	individual translator/reviewer not recorded per row	unknown_manual_or_model	true; packaged JS/HTML	none_exact_found		no_per_row_official_or_wiki_pair	medium	unverified_static_js_html_translation_or_review	pending	magica/i18n_audit/release_v26_authority/manual_review_checklist.tsv;Pass16 peer rules, personally re-reviewed	静态界面逐槽位审校；不得改变ID、class、链接或模板表达式
MT-15858	static_js_html_unverified	static_js_html	magica/template/test/BackdoorLive2d.html	line:50	visible_text_or_string	40：魔法少女 轻击 ⑧	40:点击魔法少女⑧	needs-review/root-translation-required	magica/template/test/BackdoorLive2d.html#line:50/visible_text_or_string	none_exact_found	unknown	magica/i18n_audit/release_v26_authority/manual_review_checklist.tsv;Pass16 peer rules, personally re-reviewed	unknown	low	pending	40：魔法少女 轻击 ⑧	source may be a pre-change Chinese/manual string, not always a Japanese original	static_manual_or_model_unverified	3_manual_static_review	pass16-static-manual-model-review	individual translator/reviewer not recorded per row	unknown_manual_or_model	true; packaged JS/HTML	none_exact_found		no_per_row_official_or_wiki_pair	medium	unverified_static_js_html_translation_or_review	pending	magica/i18n_audit/release_v26_authority/manual_review_checklist.tsv;Pass16 peer rules, personally re-reviewed	静态界面逐槽位审校；不得改变ID、class、链接或模板表达式
MT-15859	static_js_html_unverified	static_js_html	magica/template/test/BackdoorLive2d.html	line:51	visible_text_or_string	41：魔法少女 丝锥 ⑨	41:点击魔法少女⑨	needs-review/root-translation-required	magica/template/test/BackdoorLive2d.html#line:51/visible_text_or_string	none_exact_found	unknown	magica/i18n_audit/release_v26_authority/manual_review_checklist.tsv;Pass16 peer rules, personally re-reviewed	unknown	low	pending	41：魔法少女 丝锥 ⑨	source may be a pre-change Chinese/manual string, not always a Japanese original	static_manual_or_model_unverified	3_manual_static_review	pass16-static-manual-model-review	individual translator/reviewer not recorded per row	unknown_manual_or_model	true; packaged JS/HTML	none_exact_found		no_per_row_official_or_wiki_pair	medium	unverified_static_js_html_translation_or_review	pending	magica/i18n_audit/release_v26_authority/manual_review_checklist.tsv;Pass16 peer rules, personally re-reviewed	静态界面逐槽位审校；不得改变ID、class、链接或模板表达式
MT-15860	static_js_html_unverified	static_js_html	magica/template/test/BackdoorLive2d.html	line:55	visible_text_or_string	42:任务 启动	42:关卡开始	needs-review/root-translation-required	magica/template/test/BackdoorLive2d.html#line:55/visible_text_or_string	none_exact_found	unknown	magica/i18n_audit/release_v26_authority/manual_review_checklist.tsv;Pass16 peer rules, personally re-reviewed	unknown	low	pending	42:任务 启动	source may be a pre-change Chinese/manual string, not always a Japanese original	static_manual_or_model_unverified	3_manual_static_review	pass16-static-manual-model-review	individual translator/reviewer not recorded per row	unknown_manual_or_model	true; packaged JS/HTML	none_exact_found		no_per_row_official_or_wiki_pair	medium	unverified_static_js_html_translation_or_review	pending	magica/i18n_audit/release_v26_authority/manual_review_checklist.tsv;Pass16 peer rules, personally re-reviewed	静态界面逐槽位审校；不得改变ID、class、链接或模板表达式
MT-15861	static_js_html_unverified	static_js_html	magica/template/test/BackdoorLive2d.html	line:56	visible_text_or_string	43：任务胜利①	43:关卡胜利①	needs-review/root-translation-required	magica/template/test/BackdoorLive2d.html#line:56/visible_text_or_string	none_exact_found	unknown	magica/i18n_audit/release_v26_authority/manual_review_checklist.tsv;Pass16 peer rules, personally re-reviewed	unknown	low	pending	43：任务胜利①	source may be a pre-change Chinese/manual string, not always a Japanese original	static_manual_or_model_unverified	3_manual_static_review	pass16-static-manual-model-review	individual translator/reviewer not recorded per row	unknown_manual_or_model	true; packaged JS/HTML	none_exact_found		no_per_row_official_or_wiki_pair	medium	unverified_static_js_html_translation_or_review	pending	magica/i18n_audit/release_v26_authority/manual_review_checklist.tsv;Pass16 peer rules, personally re-reviewed	静态界面逐槽位审校；不得改变ID、class、链接或模板表达式
MT-15862	static_js_html_unverified	static_js_html	magica/template/test/BackdoorLive2d.html	line:57	visible_text_or_string	44：任务 胜利②	44:关卡胜利②	needs-review/root-translation-required	magica/template/test/BackdoorLive2d.html#line:57/visible_text_or_string	none_exact_found	unknown	magica/i18n_audit/release_v26_authority/manual_review_checklist.tsv;Pass16 peer rules, personally re-reviewed	unknown	low	pending	44：任务 胜利②	source may be a pre-change Chinese/manual string, not always a Japanese original	static_manual_or_model_unverified	3_manual_static_review	pass16-static-manual-model-review	individual translator/reviewer not recorded per row	unknown_manual_or_model	true; packaged JS/HTML	none_exact_found		no_per_row_official_or_wiki_pair	medium	unverified_static_js_html_translation_or_review	pending	magica/i18n_audit/release_v26_authority/manual_review_checklist.tsv;Pass16 peer rules, personally re-reviewed	静态界面逐槽位审校；不得改变ID、class、链接或模板表达式
MT-15863	static_js_html_unverified	static_js_html	magica/template/test/BackdoorLive2d.html	line:58	visible_text_or_string	45：任务 胜利 ③	45:关卡胜利③	needs-review/root-translation-required	magica/template/test/BackdoorLive2d.html#line:58/visible_text_or_string	none_exact_found	unknown	magica/i18n_audit/release_v26_authority/manual_review_checklist.tsv;Pass16 peer rules, personally re-reviewed	unknown	low	pending	45：任务 胜利 ③	source may be a pre-change Chinese/manual string, not always a Japanese original	static_manual_or_model_unverified	3_manual_static_review	pass16-static-manual-model-review	individual translator/reviewer not recorded per row	unknown_manual_or_model	true; packaged JS/HTML	none_exact_found		no_per_row_official_or_wiki_pair	medium	unverified_static_js_html_translation_or_review	pending	magica/i18n_audit/release_v26_authority/manual_review_checklist.tsv;Pass16 peer rules, personally re-reviewed	静态界面逐槽位审校；不得改变ID、class、链接或模板表达式
MT-15864	static_js_html_unverified	static_js_html	magica/template/test/BackdoorLive2d.html	line:59	visible_text_or_string	46：任务 胜利 ④	46:关卡胜利④	needs-review/root-translation-required	magica/template/test/BackdoorLive2d.html#line:59/visible_text_or_string	none_exact_found	unknown	magica/i18n_audit/release_v26_authority/manual_review_checklist.tsv;Pass16 peer rules, personally re-reviewed	unknown	low	pending	46：任务 胜利 ④	source may be a pre-change Chinese/manual string, not always a Japanese original	static_manual_or_model_unverified	3_manual_static_review	pass16-static-manual-model-review	individual translator/reviewer not recorded per row	unknown_manual_or_model	true; packaged JS/HTML	none_exact_found		no_per_row_official_or_wiki_pair	medium	unverified_static_js_html_translation_or_review	pending	magica/i18n_audit/release_v26_authority/manual_review_checklist.tsv;Pass16 peer rules, personally re-reviewed	静态界面逐槽位审校；不得改变ID、class、链接或模板表达式
MT-15865	static_js_html_unverified	static_js_html	magica/template/test/BackdoorLive2d.html	line:63	visible_text_or_string	63：Magia激活①	63:发动Magia①	needs-review/root-translation-required	magica/template/test/BackdoorLive2d.html#line:63/visible_text_or_string	none_exact_found	unknown	magica/i18n_audit/release_v26_authority/manual_review_checklist.tsv;Pass16 peer rules, personally re-reviewed	unknown	low	pending	63：Magia激活①	source may be a pre-change Chinese/manual string, not always a Japanese original	static_manual_or_model_unverified	3_manual_static_review	pass16-static-manual-model-review	individual translator/reviewer not recorded per row	unknown_manual_or_model	true; packaged JS/HTML	none_exact_found		no_per_row_official_or_wiki_pair	medium	unverified_static_js_html_translation_or_review	pending	magica/i18n_audit/release_v26_authority/manual_review_checklist.tsv;Pass16 peer rules, personally re-reviewed	静态界面逐槽位审校；不得改变ID、class、链接或模板表达式
MT-15866	static_js_html_unverified	static_js_html	magica/template/test/BackdoorLive2d.html	line:64	visible_text_or_string	64：Magia激活②	64:发动Magia②	needs-review/root-translation-required	magica/template/test/BackdoorLive2d.html#line:64/visible_text_or_string	none_exact_found	unknown	magica/i18n_audit/release_v26_authority/manual_review_checklist.tsv;Pass16 peer rules, personally re-reviewed	unknown	low	pending	64：Magia激活②	source may be a pre-change Chinese/manual string, not always a Japanese original	static_manual_or_model_unverified	3_manual_static_review	pass16-static-manual-model-review	individual translator/reviewer not recorded per row	unknown_manual_or_model	true; packaged JS/HTML	none_exact_found		no_per_row_official_or_wiki_pair	medium	unverified_static_js_html_translation_or_review	pending	magica/i18n_audit/release_v26_authority/manual_review_checklist.tsv;Pass16 peer rules, personally re-reviewed	静态界面逐槽位审校；不得改变ID、class、链接或模板表达式
MT-15867	static_js_html_unverified	static_js_html	magica/template/test/BackdoorLive2d.html	line:65	visible_text_or_string	65：Magia激活③	65:发动Magia③	needs-review/root-translation-required	magica/template/test/BackdoorLive2d.html#line:65/visible_text_or_string	none_exact_found	unknown	magica/i18n_audit/release_v26_authority/manual_review_checklist.tsv;Pass16 peer rules, personally re-reviewed	unknown	low	pending	65：Magia激活③	source may be a pre-change Chinese/manual string, not always a Japanese original	static_manual_or_model_unverified	3_manual_static_review	pass16-static-manual-model-review	individual translator/reviewer not recorded per row	unknown_manual_or_model	true; packaged JS/HTML	none_exact_found		no_per_row_official_or_wiki_pair	medium	unverified_static_js_html_translation_or_review	pending	magica/i18n_audit/release_v26_authority/manual_review_checklist.tsv;Pass16 peer rules, personally re-reviewed	静态界面逐槽位审校；不得改变ID、class、链接或模板表达式
MT-15868	static_js_html_unverified	static_js_html	magica/template/test/BackdoorLive2d.html	line:66	visible_text_or_string	66:Magia 激活 ④	66:发动Magia④	needs-review/root-translation-required	magica/template/test/BackdoorLive2d.html#line:66/visible_text_or_string	none_exact_found	unknown	magica/i18n_audit/release_v26_authority/manual_review_checklist.tsv;Pass16 peer rules, personally re-reviewed	unknown	low	pending	66:Magia 激活 ④	source may be a pre-change Chinese/manual string, not always a Japanese original	static_manual_or_model_unverified	3_manual_static_review	pass16-static-manual-model-review	individual translator/reviewer not recorded per row	unknown_manual_or_model	true; packaged JS/HTML	none_exact_found		no_per_row_official_or_wiki_pair	medium	unverified_static_js_html_translation_or_review	pending	magica/i18n_audit/release_v26_authority/manual_review_checklist.tsv;Pass16 peer rules, personally re-reviewed	静态界面逐槽位审校；不得改变ID、class、链接或模板表达式
MT-15869	static_js_html_unverified	static_js_html	magica/template/test/BackdoorLive2d.html	line:9	visible_text_or_string	"data-voice=""01"">01:自己紹介</div>"	"data-voice=""01"">01:自我介绍</div>"	needs-review/root-translation-required	magica/template/test/BackdoorLive2d.html#line:9/visible_text_or_string	none_exact_found	unknown	magica/i18n_audit/release_v26_authority/manual_review_checklist.tsv;Pass16 complete label-set review	unknown	low	pending	"data-voice=""01"">01:自己紹介</div>"	source may be a pre-change Chinese/manual string, not always a Japanese original	static_manual_or_model_unverified	3_manual_static_review	pass16-static-manual-model-review	individual translator/reviewer not recorded per row	unknown_manual_or_model	true; packaged JS/HTML	none_exact_found		no_per_row_official_or_wiki_pair	high	unverified_static_js_html_translation_or_review	pending	magica/i18n_audit/release_v26_authority/manual_review_checklist.tsv;Pass16 complete label-set review	静态界面逐槽位审校；不得改变ID、class、链接或模板表达式
MT-15870	static_js_html_unverified	static_js_html	magica/template/test/BackdoorQuestBattle.html	line:12	visible_text_or_string	套牌选择	选择队伍	needs-review/root-translation-required	magica/template/test/BackdoorQuestBattle.html#line:12/visible_text_or_string	none_exact_found	unknown	magica/i18n_audit/release_v26_authority/manual_review_checklist.tsv;Pass16 peer rules, personally re-reviewed	unknown	low	pending	套牌选择	source may be a pre-change Chinese/manual string, not always a Japanese original	static_manual_or_model_unverified	3_manual_static_review	pass16-static-manual-model-review	individual translator/reviewer not recorded per row	unknown_manual_or_model	true; packaged JS/HTML	none_exact_found		no_per_row_official_or_wiki_pair	medium	unverified_static_js_html_translation_or_review	pending	magica/i18n_audit/release_v26_authority/manual_review_checklist.tsv;Pass16 peer rules, personally re-reviewed	静态界面逐槽位审校；不得改变ID、class、链接或模板表达式
MT-15871	static_js_html_unverified	static_js_html	magica/template/test/BackdoorQuestBattle.html	line:13	visible_text_or_string	甲板 编成	队伍编成	needs-review/root-translation-required	magica/template/test/BackdoorQuestBattle.html#line:13/visible_text_or_string	none_exact_found	unknown	magica/i18n_audit/release_v26_authority/manual_review_checklist.tsv;Pass16 peer rules, personally re-reviewed	unknown	low	pending	甲板 编成	source may be a pre-change Chinese/manual string, not always a Japanese original	static_manual_or_model_unverified	3_manual_static_review	pass16-static-manual-model-review	individual translator/reviewer not recorded per row	unknown_manual_or_model	true; packaged JS/HTML	none_exact_found		no_per_row_official_or_wiki_pair	medium	unverified_static_js_html_translation_or_review	pending	magica/i18n_audit/release_v26_authority/manual_review_checklist.tsv;Pass16 peer rules, personally re-reviewed	静态界面逐槽位审校；不得改变ID、class、链接或模板表达式
MT-15872	static_js_html_unverified	static_js_html	magica/template/test/BackdoorQuestBattle.html	line:20	visible_text_or_string	>1字削除<	>删除1个字符<	needs-review/root-translation-required	magica/template/test/BackdoorQuestBattle.html#line:20/visible_text_or_string	none_exact_found	unknown	magica/i18n_audit/release_v26_authority/manual_review_checklist.tsv;manual	unknown	low	pending	>1字削除<	source may be a pre-change Chinese/manual string, not always a Japanese original	static_manual_or_model_unverified	3_manual_static_review	pass16-static-manual-model-review	individual translator/reviewer not recorded per row	unknown_manual_or_model	true; packaged JS/HTML	none_exact_found		no_per_row_official_or_wiki_pair	medium	unverified_static_js_html_translation_or_review	pending	magica/i18n_audit/release_v26_authority/manual_review_checklist.tsv;manual	静态界面逐槽位审校；不得改变ID、class、链接或模板表达式
MT-15873	static_js_html_unverified	static_js_html	magica/template/test/BackdoorQuestBattle.html	line:28	visible_text_or_string	>入力<	>输入<	needs-review/root-translation-required	magica/template/test/BackdoorQuestBattle.html#line:28/visible_text_or_string	none_exact_found	unknown	magica/i18n_audit/release_v26_authority/manual_review_checklist.tsv;manual	unknown	low	pending	>入力<	source may be a pre-change Chinese/manual string, not always a Japanese original	static_manual_or_model_unverified	3_manual_static_review	pass16-static-manual-model-review	individual translator/reviewer not recorded per row	unknown_manual_or_model	true; packaged JS/HTML	none_exact_found		no_per_row_official_or_wiki_pair	medium	unverified_static_js_html_translation_or_review	pending	magica/i18n_audit/release_v26_authority/manual_review_checklist.tsv;manual	静态界面逐槽位审校；不得改变ID、class、链接或模板表达式
MT-15874	static_js_html_unverified	static_js_html	magica/template/test/BackdoorQuestBattle.html	line:3	visible_text_or_string	任务测试	关卡测试	needs-review/root-translation-required	magica/template/test/BackdoorQuestBattle.html#line:3/visible_text_or_string	none_exact_found	unknown	magica/i18n_audit/release_v26_authority/manual_review_checklist.tsv;Pass16 peer rules, personally re-reviewed	unknown	low	pending	任务测试	source may be a pre-change Chinese/manual string, not always a Japanese original	static_manual_or_model_unverified	3_manual_static_review	pass16-static-manual-model-review	individual translator/reviewer not recorded per row	unknown_manual_or_model	true; packaged JS/HTML	none_exact_found		no_per_row_official_or_wiki_pair	medium	unverified_static_js_html_translation_or_review	pending	magica/i18n_audit/release_v26_authority/manual_review_checklist.tsv;Pass16 peer rules, personally re-reviewed	静态界面逐槽位审校；不得改变ID、class、链接或模板表达式
MT-15875	static_js_html_unverified	static_js_html	magica/template/test/BackdoorQuestBattle.html	line:33	visible_text_or_string	※赤字は実行できなかったクエストです	※红字表示未能执行的关卡	needs-review/root-translation-required	magica/template/test/BackdoorQuestBattle.html#line:33/visible_text_or_string	none_exact_found	unknown	magica/i18n_audit/release_v26_authority/manual_review_checklist.tsv;Pass16 peer rules, personally re-reviewed	unknown	low	pending	※赤字は実行できなかったクエストです	source may be a pre-change Chinese/manual string, not always a Japanese original	static_manual_or_model_unverified	3_manual_static_review	pass16-static-manual-model-review	individual translator/reviewer not recorded per row	unknown_manual_or_model	true; packaged JS/HTML	none_exact_found		no_per_row_official_or_wiki_pair	medium	unverified_static_js_html_translation_or_review	pending	magica/i18n_audit/release_v26_authority/manual_review_checklist.tsv;Pass16 peer rules, personally re-reviewed	静态界面逐槽位审校；不得改变ID、class、链接或模板表达式
MT-15876	static_js_html_unverified	static_js_html	magica/template/test/BackdoorQuestBattle.html	line:4	visible_text_or_string	请输入任务ID	请输入questId	needs-review/root-translation-required	magica/template/test/BackdoorQuestBattle.html#line:4/visible_text_or_string	none_exact_found	unknown	magica/i18n_audit/release_v26_authority/manual_review_checklist.tsv;Pass16 peer rules, personally re-reviewed	unknown	low	pending	请输入任务ID	source may be a pre-change Chinese/manual string, not always a Japanese original	static_manual_or_model_unverified	3_manual_static_review	pass16-static-manual-model-review	individual translator/reviewer not recorded per row	unknown_manual_or_model	true; packaged JS/HTML	none_exact_found		no_per_row_official_or_wiki_pair	medium	unverified_static_js_html_translation_or_review	pending	magica/i18n_audit/release_v26_authority/manual_review_checklist.tsv;Pass16 peer rules, personally re-reviewed	静态界面逐槽位审校；不得改变ID、class、链接或模板表达式
MT-15877	static_js_html_unverified	static_js_html	magica/template/test/BackdoorQuestBattle.html	line:5	visible_text_or_string	任务启动	开始关卡	needs-review/root-translation-required	magica/template/test/BackdoorQuestBattle.html#line:5/visible_text_or_string	none_exact_found	unknown	magica/i18n_audit/release_v26_authority/manual_review_checklist.tsv;Pass16 peer rules, personally re-reviewed	unknown	low	pending	任务启动	source may be a pre-change Chinese/manual string, not always a Japanese original	static_manual_or_model_unverified	3_manual_static_review	pass16-static-manual-model-review	individual translator/reviewer not recorded per row	unknown_manual_or_model	true; packaged JS/HTML	none_exact_found		no_per_row_official_or_wiki_pair	medium	unverified_static_js_html_translation_or_review	pending	magica/i18n_audit/release_v26_authority/manual_review_checklist.tsv;Pass16 peer rules, personally re-reviewed	静态界面逐槽位审校；不得改变ID、class、链接或模板表达式
MT-15878	static_js_html_unverified	static_js_html	magica/template/test/BackdoorQuestBattle.html	line:6	visible_text_or_string	>貼付<	>粘贴<	needs-review/root-translation-required	magica/template/test/BackdoorQuestBattle.html#line:6/visible_text_or_string	none_exact_found	unknown	magica/i18n_audit/release_v26_authority/manual_review_checklist.tsv;manual	unknown	low	pending	>貼付<	source may be a pre-change Chinese/manual string, not always a Japanese original	static_manual_or_model_unverified	3_manual_static_review	pass16-static-manual-model-review	individual translator/reviewer not recorded per row	unknown_manual_or_model	true; packaged JS/HTML	none_exact_found		no_per_row_official_or_wiki_pair	medium	unverified_static_js_html_translation_or_review	pending	magica/i18n_audit/release_v26_authority/manual_review_checklist.tsv;manual	静态界面逐槽位审校；不得改变ID、class、链接或模板表达式
MT-15879	static_js_html_unverified	static_js_html	magica/template/test/BackdoorQuestBattle.html	line:7	visible_text_or_string	>履歴<	>历史记录<	needs-review/root-translation-required	magica/template/test/BackdoorQuestBattle.html#line:7/visible_text_or_string	none_exact_found	unknown	magica/i18n_audit/release_v26_authority/manual_review_checklist.tsv;manual	unknown	low	pending	>履歴<	source may be a pre-change Chinese/manual string, not always a Japanese original	static_manual_or_model_unverified	3_manual_static_review	pass16-static-manual-model-review	individual translator/reviewer not recorded per row	unknown_manual_or_model	true; packaged JS/HTML	none_exact_found		no_per_row_official_or_wiki_pair	medium	unverified_static_js_html_translation_or_review	pending	magica/i18n_audit/release_v26_authority/manual_review_checklist.tsv;manual	静态界面逐槽位审校；不得改变ID、class、链接或模板表达式
MT-15880	static_js_html_unverified	static_js_html	magica/template/test/BackdoorQuestBattle.html	line:9	visible_text_or_string	甲板信息	队伍信息	needs-review/root-translation-required	magica/template/test/BackdoorQuestBattle.html#line:9/visible_text_or_string	none_exact_found	unknown	magica/i18n_audit/release_v26_authority/manual_review_checklist.tsv;Pass16 peer rules, personally re-reviewed	unknown	low	pending	甲板信息	source may be a pre-change Chinese/manual string, not always a Japanese original	static_manual_or_model_unverified	3_manual_static_review	pass16-static-manual-model-review	individual translator/reviewer not recorded per row	unknown_manual_or_model	true; packaged JS/HTML	none_exact_found		no_per_row_official_or_wiki_pair	medium	unverified_static_js_html_translation_or_review	pending	magica/i18n_audit/release_v26_authority/manual_review_checklist.tsv;Pass16 peer rules, personally re-reviewed	静态界面逐槽位审校；不得改变ID、class、链接或模板表达式
MT-15881	static_js_html_unverified	static_js_html	magica/template/test/CameraTest.html	line:2	visible_text_or_string	L2D比例+	L2D缩放+	needs-review/root-translation-required	magica/template/test/CameraTest.html#line:2/visible_text_or_string	none_exact_found	unknown	magica/i18n_audit/release_v26_authority/manual_review_checklist.tsv;Pass16 peer rules, personally re-reviewed	unknown	low	pending	L2D比例+	source may be a pre-change Chinese/manual string, not always a Japanese original	static_manual_or_model_unverified	3_manual_static_review	pass16-static-manual-model-review	individual translator/reviewer not recorded per row	unknown_manual_or_model	true; packaged JS/HTML	none_exact_found		no_per_row_official_or_wiki_pair	medium	unverified_static_js_html_translation_or_review	pending	magica/i18n_audit/release_v26_authority/manual_review_checklist.tsv;Pass16 peer rules, personally re-reviewed	静态界面逐槽位审校；不得改变ID、class、链接或模板表达式
MT-15882	static_js_html_unverified	static_js_html	magica/template/test/CameraTest.html	line:3	visible_text_or_string	L2D 规模-	L2D缩放-	needs-review/root-translation-required	magica/template/test/CameraTest.html#line:3/visible_text_or_string	none_exact_found	unknown	magica/i18n_audit/release_v26_authority/manual_review_checklist.tsv;Pass16 peer rules, personally re-reviewed	unknown	low	pending	L2D 规模-	source may be a pre-change Chinese/manual string, not always a Japanese original	static_manual_or_model_unverified	3_manual_static_review	pass16-static-manual-model-review	individual translator/reviewer not recorded per row	unknown_manual_or_model	true; packaged JS/HTML	none_exact_found		no_per_row_official_or_wiki_pair	medium	unverified_static_js_html_translation_or_review	pending	magica/i18n_audit/release_v26_authority/manual_review_checklist.tsv;Pass16 peer rules, personally re-reviewed	静态界面逐槽位审校；不得改变ID、class、链接或模板表达式
MT-15883	static_js_html_unverified	static_js_html	magica/template/test/EffectTest.html	line:10	visible_text_or_string	输入文件名	请输入文件名	needs-review/root-translation-required	magica/template/test/EffectTest.html#line:10/visible_text_or_string	none_exact_found	unknown	magica/i18n_audit/release_v26_authority/manual_review_checklist.tsv;Pass16 peer rules, personally re-reviewed	unknown	low	pending	输入文件名	source may be a pre-change Chinese/manual string, not always a Japanese original	static_manual_or_model_unverified	3_manual_static_review	pass16-static-manual-model-review	individual translator/reviewer not recorded per row	unknown_manual_or_model	true; packaged JS/HTML	none_exact_found		no_per_row_official_or_wiki_pair	medium	unverified_static_js_html_translation_or_review	pending	magica/i18n_audit/release_v26_authority/manual_review_checklist.tsv;Pass16 peer rules, personally re-reviewed	静态界面逐槽位审校；不得改变ID、class、链接或模板表达式
MT-15884	static_js_html_unverified	static_js_html	magica/template/test/EffectTest.html	line:16	visible_text_or_string	>表示<	>显示<	needs-review/root-translation-required	magica/template/test/EffectTest.html#line:16/visible_text_or_string	none_exact_found	unknown	magica/i18n_audit/release_v26_authority/manual_review_checklist.tsv;manual	unknown	low	pending	>表示<	source may be a pre-change Chinese/manual string, not always a Japanese original	static_manual_or_model_unverified	3_manual_static_review	pass16-static-manual-model-review	individual translator/reviewer not recorded per row	unknown_manual_or_model	true; packaged JS/HTML	none_exact_found		no_per_row_official_or_wiki_pair	medium	unverified_static_js_html_translation_or_review	pending	magica/i18n_audit/release_v26_authority/manual_review_checklist.tsv;manual	静态界面逐槽位审校；不得改变ID、class、链接或模板表达式
MT-15885	static_js_html_unverified	static_js_html	magica/template/test/EffectTest.html	line:17	visible_text_or_string	>削除<	>删除<	needs-review/root-translation-required	magica/template/test/EffectTest.html#line:17/visible_text_or_string	none_exact_found	unknown	magica/i18n_audit/release_v26_authority/manual_review_checklist.tsv;manual	unknown	low	pending	>削除<	source may be a pre-change Chinese/manual string, not always a Japanese original	static_manual_or_model_unverified	3_manual_static_review	pass16-static-manual-model-review	individual translator/reviewer not recorded per row	unknown_manual_or_model	true; packaged JS/HTML	none_exact_found		no_per_row_official_or_wiki_pair	medium	unverified_static_js_html_translation_or_review	pending	magica/i18n_audit/release_v26_authority/manual_review_checklist.tsv;manual	静态界面逐槽位审校；不得改变ID、class、链接或模板表达式
MT-15886	static_js_html_unverified	static_js_html	magica/template/test/EffectTest.html	line:8	visible_text_or_string	效果测试	特效测试	needs-review/root-translation-required	magica/template/test/EffectTest.html#line:8/visible_text_or_string	none_exact_found	unknown	magica/i18n_audit/release_v26_authority/manual_review_checklist.tsv;Pass16 peer rules, personally re-reviewed	unknown	low	pending	效果测试	source may be a pre-change Chinese/manual string, not always a Japanese original	static_manual_or_model_unverified	3_manual_static_review	pass16-static-manual-model-review	individual translator/reviewer not recorded per row	unknown_manual_or_model	true; packaged JS/HTML	none_exact_found		no_per_row_official_or_wiki_pair	medium	unverified_static_js_html_translation_or_review	pending	magica/i18n_audit/release_v26_authority/manual_review_checklist.tsv;Pass16 peer rules, personally re-reviewed	静态界面逐槽位审校；不得改变ID、class、链接或模板表达式
MT-15887	static_js_html_unverified	static_js_html	magica/template/test/FriendSearch.html	line:17	visible_text_or_string	辅助单元 LV	支援角色Lv	needs-review/root-translation-required	magica/template/test/FriendSearch.html#line:17/visible_text_or_string	none_exact_found	unknown	magica/i18n_audit/release_v26_authority/manual_review_checklist.tsv;Pass16 peer rules, personally re-reviewed	unknown	low	pending	辅助单元 LV	source may be a pre-change Chinese/manual string, not always a Japanese original	static_manual_or_model_unverified	3_manual_static_review	pass16-static-manual-model-review	individual translator/reviewer not recorded per row	unknown_manual_or_model	true; packaged JS/HTML	none_exact_found		no_per_row_official_or_wiki_pair	medium	unverified_static_js_html_translation_or_review	pending	magica/i18n_audit/release_v26_authority/manual_review_checklist.tsv;Pass16 peer rules, personally re-reviewed	静态界面逐槽位审校；不得改变ID、class、链接或模板表达式
MT-15888	static_js_html_unverified	static_js_html	magica/template/test/FriendSearch.html	line:36	visible_text_or_string	辅助单位属性	支援角色属性	needs-review/root-translation-required	magica/template/test/FriendSearch.html#line:36/visible_text_or_string	none_exact_found	unknown	magica/i18n_audit/release_v26_authority/manual_review_checklist.tsv;Pass16 peer rules, personally re-reviewed	unknown	low	pending	辅助单位属性	source may be a pre-change Chinese/manual string, not always a Japanese original	static_manual_or_model_unverified	3_manual_static_review	pass16-static-manual-model-review	individual translator/reviewer not recorded per row	unknown_manual_or_model	true; packaged JS/HTML	none_exact_found		no_per_row_official_or_wiki_pair	medium	unverified_static_js_html_translation_or_review	pending	magica/i18n_audit/release_v26_authority/manual_review_checklist.tsv;Pass16 peer rules, personally re-reviewed	静态界面逐槽位审校；不得改变ID、class、链接或模板表达式
MT-15889	static_js_html_unverified	static_js_html	magica/template/test/FriendSearch.html	line:53	visible_text_or_string	>検索<	>搜索<	needs-review/root-translation-required	magica/template/test/FriendSearch.html#line:53/visible_text_or_string	none_exact_found	unknown	magica/i18n_audit/release_v26_authority/manual_review_checklist.tsv;manual	unknown	low	pending	>検索<	source may be a pre-change Chinese/manual string, not always a Japanese original	static_manual_or_model_unverified	3_manual_static_review	pass16-static-manual-model-review	individual translator/reviewer not recorded per row	unknown_manual_or_model	true; packaged JS/HTML	none_exact_found		no_per_row_official_or_wiki_pair	medium	unverified_static_js_html_translation_or_review	pending	magica/i18n_audit/release_v26_authority/manual_review_checklist.tsv;manual	静态界面逐槽位审校；不得改变ID、class、链接或模板表达式
MT-15890	static_js_html_unverified	static_js_html	magica/template/test/FriendSearch.html	line:59	visible_text_or_string	ユーザー名 : 	用户名：	needs-review/root-translation-required	magica/template/test/FriendSearch.html#line:59/visible_text_or_string	none_exact_found	unknown	magica/i18n_audit/release_v26_authority/manual_review_checklist.tsv;Pass16 peer rules, personally re-reviewed	unknown	low	pending	ユーザー名 : 	source may be a pre-change Chinese/manual string, not always a Japanese original	static_manual_or_model_unverified	3_manual_static_review	pass16-static-manual-model-review	individual translator/reviewer not recorded per row	unknown_manual_or_model	true; packaged JS/HTML	none_exact_found		no_per_row_official_or_wiki_pair	medium	unverified_static_js_html_translation_or_review	pending	magica/i18n_audit/release_v26_authority/manual_review_checklist.tsv;Pass16 peer rules, personally re-reviewed	静态界面逐槽位审校；不得改变ID、class、链接或模板表达式
MT-15891	static_js_html_unverified	static_js_html	magica/template/test/FriendSearch.html	line:61	visible_text_or_string	助っ人ユニットレベル : 	支援角色等级：	needs-review/root-translation-required	magica/template/test/FriendSearch.html#line:61/visible_text_or_string	none_exact_found	unknown	magica/i18n_audit/release_v26_authority/manual_review_checklist.tsv;Pass16 peer rules, personally re-reviewed	unknown	low	pending	助っ人ユニットレベル : 	source may be a pre-change Chinese/manual string, not always a Japanese original	static_manual_or_model_unverified	3_manual_static_review	pass16-static-manual-model-review	individual translator/reviewer not recorded per row	unknown_manual_or_model	true; packaged JS/HTML	none_exact_found		no_per_row_official_or_wiki_pair	medium	unverified_static_js_html_translation_or_review	pending	magica/i18n_audit/release_v26_authority/manual_review_checklist.tsv;Pass16 peer rules, personally re-reviewed	静态界面逐槽位审校；不得改变ID、class、链接或模板表达式
MT-15892	static_js_html_unverified	static_js_html	magica/template/test/FriendSearch.html	line:62	visible_text_or_string	助っ人ユニット属性 : 	支援角色属性：	needs-review/root-translation-required	magica/template/test/FriendSearch.html#line:62/visible_text_or_string	none_exact_found	unknown	magica/i18n_audit/release_v26_authority/manual_review_checklist.tsv;Pass16 peer rules, personally re-reviewed	unknown	low	pending	助っ人ユニット属性 : 	source may be a pre-change Chinese/manual string, not always a Japanese original	static_manual_or_model_unverified	3_manual_static_review	pass16-static-manual-model-review	individual translator/reviewer not recorded per row	unknown_manual_or_model	true; packaged JS/HTML	none_exact_found		no_per_row_official_or_wiki_pair	medium	unverified_static_js_html_translation_or_review	pending	magica/i18n_audit/release_v26_authority/manual_review_checklist.tsv;Pass16 peer rules, personally re-reviewed	静态界面逐槽位审校；不得改变ID、class、链接或模板表达式
MT-15893	static_js_html_unverified	static_js_html	magica/template/test/FriendSearch.html	line:63	visible_text_or_string	フレンドID : 	好友ID：	needs-review/root-translation-required	magica/template/test/FriendSearch.html#line:63/visible_text_or_string	none_exact_found	unknown	magica/i18n_audit/release_v26_authority/manual_review_checklist.tsv;Pass16 peer rules, personally re-reviewed	unknown	low	pending	フレンドID : 	source may be a pre-change Chinese/manual string, not always a Japanese original	static_manual_or_model_unverified	3_manual_static_review	pass16-static-manual-model-review	individual translator/reviewer not recorded per row	unknown_manual_or_model	true; packaged JS/HTML	none_exact_found		no_per_row_official_or_wiki_pair	medium	unverified_static_js_html_translation_or_review	pending	magica/i18n_audit/release_v26_authority/manual_review_checklist.tsv;Pass16 peer rules, personally re-reviewed	静态界面逐槽位审校；不得改变ID、class、链接或模板表达式
MT-15894	static_js_html_unverified	static_js_html	magica/template/test/FriendSearch.html	line:64	visible_text_or_string	最終ログイン時間 : 	最后登录时间：	needs-review/root-translation-required	magica/template/test/FriendSearch.html#line:64/visible_text_or_string	none_exact_found	unknown	magica/i18n_audit/release_v26_authority/manual_review_checklist.tsv;Pass16 peer rules, personally re-reviewed	unknown	low	pending	最終ログイン時間 : 	source may be a pre-change Chinese/manual string, not always a Japanese original	static_manual_or_model_unverified	3_manual_static_review	pass16-static-manual-model-review	individual translator/reviewer not recorded per row	unknown_manual_or_model	true; packaged JS/HTML	none_exact_found		no_per_row_official_or_wiki_pair	medium	unverified_static_js_html_translation_or_review	pending	magica/i18n_audit/release_v26_authority/manual_review_checklist.tsv;Pass16 peer rules, personally re-reviewed	静态界面逐槽位审校；不得改变ID、class、链接或模板表达式
MT-15895	static_js_html_unverified	static_js_html	magica/template/test/FriendSearch.html	line:65	visible_text_or_string	フォローする	关注	needs-review/root-translation-required	magica/template/test/FriendSearch.html#line:65/visible_text_or_string	none_exact_found	unknown	magica/i18n_audit/release_v26_authority/manual_review_checklist.tsv;Pass16 peer rules, personally re-reviewed	unknown	low	pending	フォローする	source may be a pre-change Chinese/manual string, not always a Japanese original	static_manual_or_model_unverified	3_manual_static_review	pass16-static-manual-model-review	individual translator/reviewer not recorded per row	unknown_manual_or_model	true; packaged JS/HTML	none_exact_found		no_per_row_official_or_wiki_pair	medium	unverified_static_js_html_translation_or_review	pending	magica/i18n_audit/release_v26_authority/manual_review_checklist.tsv;Pass16 peer rules, personally re-reviewed	静态界面逐槽位审校；不得改变ID、class、链接或模板表达式
MT-15896	static_js_html_unverified	static_js_html	magica/template/test/FriendSearch.html	line:65	visible_text_or_string	"<span class=""btn follow"">关注</p>"	"<span class=""btn follow"">关注</span>"	needs-review/root-translation-required	magica/template/test/FriendSearch.html#line:65/visible_text_or_string	none_exact_found	unknown	magica/i18n_audit/release_v26_authority/manual_review_checklist.tsv;manual	unknown	low	pending	"<span class=""btn follow"">关注</p>"	source may be a pre-change Chinese/manual string, not always a Japanese original	static_manual_or_model_unverified	3_manual_static_review	pass16-static-manual-model-review	individual translator/reviewer not recorded per row	unknown_manual_or_model	true; packaged JS/HTML	none_exact_found		no_per_row_official_or_wiki_pair	medium	unverified_static_js_html_translation_or_review	pending	magica/i18n_audit/release_v26_authority/manual_review_checklist.tsv;manual	静态界面逐槽位审校；不得改变ID、class、链接或模板表达式
MT-15897	static_js_html_unverified	static_js_html	magica/template/test/MailSendTest.html	line:5	visible_text_or_string	输入电子邮件地址	输入电子邮箱地址	needs-review/root-translation-required	magica/template/test/MailSendTest.html#line:5/visible_text_or_string	none_exact_found	unknown	magica/i18n_audit/release_v26_authority/manual_review_checklist.tsv;Pass16 peer rules, personally re-reviewed	unknown	low	pending	输入电子邮件地址	source may be a pre-change Chinese/manual string, not always a Japanese original	static_manual_or_model_unverified	3_manual_static_review	pass16-static-manual-model-review	individual translator/reviewer not recorded per row	unknown_manual_or_model	true; packaged JS/HTML	none_exact_found		no_per_row_official_or_wiki_pair	medium	unverified_static_js_html_translation_or_review	pending	magica/i18n_audit/release_v26_authority/manual_review_checklist.tsv;Pass16 peer rules, personally re-reviewed	静态界面逐槽位审校；不得改变ID、class、链接或模板表达式
MT-15898	static_js_html_unverified	static_js_html	magica/template/test/PresentListTest.html	line:13	visible_text_or_string	礼物-卡片(	礼物-卡牌(	needs-review/root-translation-required	magica/template/test/PresentListTest.html#line:13/visible_text_or_string	none_exact_found	unknown	magica/i18n_audit/release_v26_authority/manual_review_checklist.tsv;Pass16 peer rules, personally re-reviewed	unknown	low	pending	礼物-卡片(	source may be a pre-change Chinese/manual string, not always a Japanese original	static_manual_or_model_unverified	3_manual_static_review	pass16-static-manual-model-review	individual translator/reviewer not recorded per row	unknown_manual_or_model	true; packaged JS/HTML	none_exact_found		no_per_row_official_or_wiki_pair	medium	unverified_static_js_html_translation_or_review	pending	magica/i18n_audit/release_v26_authority/manual_review_checklist.tsv;Pass16 peer rules, personally re-reviewed	静态界面逐槽位审校；不得改变ID、class、链接或模板表达式
MT-15899	static_js_html_unverified	static_js_html	magica/template/test/PresentListTest.html	line:28	visible_text_or_string	×<%= model.quantity %\>枚	×<%= model.quantity %\>张	needs-review/root-translation-required	magica/template/test/PresentListTest.html#line:28/visible_text_or_string	none_exact_found	unknown	magica/i18n_audit/release_v26_authority/manual_review_checklist.tsv;manual	unknown	low	pending	×<%= model.quantity %\>枚	source may be a pre-change Chinese/manual string, not always a Japanese original	static_manual_or_model_unverified	3_manual_static_review	pass16-static-manual-model-review	individual translator/reviewer not recorded per row	unknown_manual_or_model	true; packaged JS/HTML	none_exact_found		no_per_row_official_or_wiki_pair	medium	unverified_static_js_html_translation_or_review	pending	magica/i18n_audit/release_v26_authority/manual_review_checklist.tsv;manual	静态界面逐槽位审校；不得改变ID、class、链接或模板表达式
MT-15900	static_js_html_unverified	static_js_html	magica/template/test/PresentListTest.html	line:37	visible_text_or_string	個別受取	单独领取	needs-review/root-translation-required	magica/template/test/PresentListTest.html#line:37/visible_text_or_string	none_exact_found	unknown	magica/i18n_audit/release_v26_authority/manual_review_checklist.tsv;Pass16 peer rules, personally re-reviewed	unknown	low	pending	個別受取	source may be a pre-change Chinese/manual string, not always a Japanese original	static_manual_or_model_unverified	3_manual_static_review	pass16-static-manual-model-review	individual translator/reviewer not recorded per row	unknown_manual_or_model	true; packaged JS/HTML	none_exact_found		no_per_row_official_or_wiki_pair	medium	unverified_static_js_html_translation_or_review	pending	magica/i18n_audit/release_v26_authority/manual_review_checklist.tsv;Pass16 peer rules, personally re-reviewed	静态界面逐槽位审校；不得改变ID、class、链接或模板表达式
MT-15901	static_js_html_unverified	static_js_html	magica/template/test/QuestStub.html	line:104	visible_text_or_string	剩余 HP [%] hpRate	剩余HP【%】hpRate	needs-review/root-translation-required	magica/template/test/QuestStub.html#line:104/visible_text_or_string	none_exact_found	unknown	magica/i18n_audit/release_v26_authority/manual_review_checklist.tsv;Pass16 peer rules, personally re-reviewed	unknown	low	pending	剩余 HP [%] hpRate	source may be a pre-change Chinese/manual string, not always a Japanese original	static_manual_or_model_unverified	3_manual_static_review	pass16-static-manual-model-review	individual translator/reviewer not recorded per row	unknown_manual_or_model	true; packaged JS/HTML	none_exact_found		no_per_row_official_or_wiki_pair	medium	unverified_static_js_html_translation_or_review	pending	magica/i18n_audit/release_v26_authority/manual_review_checklist.tsv;Pass16 peer rules, personally re-reviewed	静态界面逐槽位审校；不得改变ID、class、链接或模板表达式
MT-15902	static_js_html_unverified	static_js_html	magica/template/test/QuestStub.html	line:116	visible_text_or_string	最终 MP（平均）	结束时的MP（平均）	needs-review/root-translation-required	magica/template/test/QuestStub.html#line:116/visible_text_or_string	none_exact_found	unknown	magica/i18n_audit/release_v26_authority/manual_review_checklist.tsv;Pass16 peer rules, personally re-reviewed	unknown	low	pending	最终 MP（平均）	source may be a pre-change Chinese/manual string, not always a Japanese original	static_manual_or_model_unverified	3_manual_static_review	pass16-static-manual-model-review	individual translator/reviewer not recorded per row	unknown_manual_or_model	true; packaged JS/HTML	none_exact_found		no_per_row_official_or_wiki_pair	medium	unverified_static_js_html_translation_or_review	pending	magica/i18n_audit/release_v26_authority/manual_review_checklist.tsv;Pass16 peer rules, personally re-reviewed	静态界面逐槽位审校；不得改变ID、class、链接或模板表达式
MT-15903	static_js_html_unverified	static_js_html	magica/template/test/QuestStub.html	line:122	visible_text_or_string	停止卡ID	最后一击卡牌ID	needs-review/root-translation-required	magica/template/test/QuestStub.html#line:122/visible_text_or_string	none_exact_found	unknown	magica/i18n_audit/release_v26_authority/manual_review_checklist.tsv;Pass16 peer rules, personally re-reviewed	unknown	low	pending	停止卡ID	source may be a pre-change Chinese/manual string, not always a Japanese original	static_manual_or_model_unverified	3_manual_static_review	pass16-static-manual-model-review	individual translator/reviewer not recorded per row	unknown_manual_or_model	true; packaged JS/HTML	none_exact_found		no_per_row_official_or_wiki_pair	medium	unverified_static_js_html_translation_or_review	pending	magica/i18n_audit/release_v26_authority/manual_review_checklist.tsv;Pass16 peer rules, personally re-reviewed	静态界面逐槽位审校；不得改变ID、class、链接或模板表达式
MT-15904	static_js_html_unverified	static_js_html	magica/template/test/QuestStub.html	line:128	visible_text_or_string	剩余 HP hpRemain	剩余HP hpRemain	needs-review/root-translation-required	magica/template/test/QuestStub.html#line:128/visible_text_or_string	none_exact_found	unknown	magica/i18n_audit/release_v26_authority/manual_review_checklist.tsv;Pass16 peer rules, personally re-reviewed	unknown	low	pending	剩余 HP hpRemain	source may be a pre-change Chinese/manual string, not always a Japanese original	static_manual_or_model_unverified	3_manual_static_review	pass16-static-manual-model-review	individual translator/reviewer not recorded per row	unknown_manual_or_model	true; packaged JS/HTML	none_exact_found		no_per_row_official_or_wiki_pair	medium	unverified_static_js_html_translation_or_review	pending	magica/i18n_audit/release_v26_authority/manual_review_checklist.tsv;Pass16 peer rules, personally re-reviewed	静态界面逐槽位审校；不得改变ID、class、链接或模板表达式
MT-15905	static_js_html_unverified	static_js_html	magica/template/test/QuestStub.html	line:14	visible_text_or_string	继续次	续关次数	needs-review/root-translation-required	magica/template/test/QuestStub.html#line:14/visible_text_or_string	none_exact_found	unknown	magica/i18n_audit/release_v26_authority/manual_review_checklist.tsv;Pass16 peer rules, personally re-reviewed	unknown	low	pending	继续次	source may be a pre-change Chinese/manual string, not always a Japanese original	static_manual_or_model_unverified	3_manual_static_review	pass16-static-manual-model-review	individual translator/reviewer not recorded per row	unknown_manual_or_model	true; packaged JS/HTML	none_exact_found		no_per_row_official_or_wiki_pair	medium	unverified_static_js_html_translation_or_review	pending	magica/i18n_audit/release_v26_authority/manual_review_checklist.tsv;Pass16 peer rules, personally re-reviewed	静态界面逐槽位审校；不得改变ID、class、链接或模板表达式
MT-15906	static_js_html_unverified	static_js_html	magica/template/test/QuestStub.html	line:20	visible_text_or_string	通关TURN 号	通关回合数	needs-review/root-translation-required	magica/template/test/QuestStub.html#line:20/visible_text_or_string	none_exact_found	unknown	magica/i18n_audit/release_v26_authority/manual_review_checklist.tsv;Pass16 peer rules, personally re-reviewed	unknown	low	pending	通关TURN 号	source may be a pre-change Chinese/manual string, not always a Japanese original	static_manual_or_model_unverified	3_manual_static_review	pass16-static-manual-model-review	individual translator/reviewer not recorded per row	unknown_manual_or_model	true; packaged JS/HTML	none_exact_found		no_per_row_official_or_wiki_pair	medium	unverified_static_js_html_translation_or_review	pending	magica/i18n_audit/release_v26_authority/manual_review_checklist.tsv;Pass16 peer rules, personally re-reviewed	静态界面逐槽位审校；不得改变ID、class、链接或模板表达式
MT-15907	static_js_html_unverified	static_js_html	magica/template/test/QuestStub.html	line:26	visible_text_or_string	通关 时间（秒）	通关时间（秒）	needs-review/root-translation-required	magica/template/test/QuestStub.html#line:26/visible_text_or_string	none_exact_found	unknown	magica/i18n_audit/release_v26_authority/manual_review_checklist.tsv;Pass16 peer rules, personally re-reviewed	unknown	low	pending	通关 时间（秒）	source may be a pre-change Chinese/manual string, not always a Japanese original	static_manual_or_model_unverified	3_manual_static_review	pass16-static-manual-model-review	individual translator/reviewer not recorded per row	unknown_manual_or_model	true; packaged JS/HTML	none_exact_found		no_per_row_official_or_wiki_pair	medium	unverified_static_js_html_translation_or_review	pending	magica/i18n_audit/release_v26_authority/manual_review_checklist.tsv;Pass16 peer rules, personally re-reviewed	静态界面逐槽位审校；不得改变ID、class、链接或模板表达式
MT-15908	static_js_html_unverified	static_js_html	magica/template/test/QuestStub.html	line:32	visible_text_or_string	击败数量 敌方	击败敌人数量	needs-review/root-translation-required	magica/template/test/QuestStub.html#line:32/visible_text_or_string	none_exact_found	unknown	magica/i18n_audit/release_v26_authority/manual_review_checklist.tsv;Pass16 peer rules, personally re-reviewed	unknown	low	pending	击败数量 敌方	source may be a pre-change Chinese/manual string, not always a Japanese original	static_manual_or_model_unverified	3_manual_static_review	pass16-static-manual-model-review	individual translator/reviewer not recorded per row	unknown_manual_or_model	true; packaged JS/HTML	none_exact_found		no_per_row_official_or_wiki_pair	medium	unverified_static_js_html_translation_or_review	pending	magica/i18n_audit/release_v26_authority/manual_review_checklist.tsv;Pass16 peer rules, personally re-reviewed	静态界面逐槽位审校；不得改变ID、class、链接或模板表达式
MT-15909	static_js_html_unverified	static_js_html	magica/template/test/QuestStub.html	line:38	visible_text_or_string	给出的 伤害 总数	造成的总伤害	needs-review/root-translation-required	magica/template/test/QuestStub.html#line:38/visible_text_or_string	none_exact_found	unknown	magica/i18n_audit/release_v26_authority/manual_review_checklist.tsv;Pass16 peer rules, personally re-reviewed	unknown	low	pending	给出的 伤害 总数	source may be a pre-change Chinese/manual string, not always a Japanese original	static_manual_or_model_unverified	3_manual_static_review	pass16-static-manual-model-review	individual translator/reviewer not recorded per row	unknown_manual_or_model	true; packaged JS/HTML	none_exact_found		no_per_row_official_or_wiki_pair	medium	unverified_static_js_html_translation_or_review	pending	magica/i18n_audit/release_v26_authority/manual_review_checklist.tsv;Pass16 peer rules, personally re-reviewed	静态界面逐槽位审校；不得改变ID、class、链接或模板表达式
MT-15910	static_js_html_unverified	static_js_html	magica/template/test/QuestStub.html	line:44	visible_text_or_string	最大伤害数	最大伤害	needs-review/root-translation-required	magica/template/test/QuestStub.html#line:44/visible_text_or_string	none_exact_found	unknown	magica/i18n_audit/release_v26_authority/manual_review_checklist.tsv;Pass16 peer rules, personally re-reviewed	unknown	low	pending	最大伤害数	source may be a pre-change Chinese/manual string, not always a Japanese original	static_manual_or_model_unverified	3_manual_static_review	pass16-static-manual-model-review	individual translator/reviewer not recorded per row	unknown_manual_or_model	true; packaged JS/HTML	none_exact_found		no_per_row_official_or_wiki_pair	medium	unverified_static_js_html_translation_or_review	pending	magica/i18n_audit/release_v26_authority/manual_review_checklist.tsv;Pass16 peer rules, personally re-reviewed	静态界面逐槽位审校；不得改变ID、class、链接或模板表达式
MT-15911	static_js_html_unverified	static_js_html	magica/template/test/QuestStub.html	line:50	visible_text_or_string	Magia 使用次数	Magia使用次数	needs-review/root-translation-required	magica/template/test/QuestStub.html#line:50/visible_text_or_string	none_exact_found	unknown	magica/i18n_audit/release_v26_authority/manual_review_checklist.tsv;Pass16 peer rules, personally re-reviewed	unknown	low	pending	Magia 使用次数	source may be a pre-change Chinese/manual string, not always a Japanese original	static_manual_or_model_unverified	3_manual_static_review	pass16-static-manual-model-review	individual translator/reviewer not recorded per row	unknown_manual_or_model	true; packaged JS/HTML	none_exact_found		no_per_row_official_or_wiki_pair	medium	unverified_static_js_html_translation_or_review	pending	magica/i18n_audit/release_v26_authority/manual_review_checklist.tsv;Pass16 peer rules, personally re-reviewed	静态界面逐槽位审校；不得改变ID、class、链接或模板表达式
MT-15912	static_js_html_unverified	static_js_html	magica/template/test/QuestStub.html	line:56	visible_text_or_string	Doppel 使用次数	魔女化身使用次数	needs-review/root-translation-required	magica/template/test/QuestStub.html#line:56/visible_text_or_string	none_exact_found	unknown	magica/i18n_audit/release_v26_authority/manual_review_checklist.tsv;Pass16 peer rules, personally re-reviewed	unknown	low	pending	Doppel 使用次数	source may be a pre-change Chinese/manual string, not always a Japanese original	static_manual_or_model_unverified	3_manual_static_review	pass16-static-manual-model-review	individual translator/reviewer not recorded per row	unknown_manual_or_model	true; packaged JS/HTML	none_exact_found		no_per_row_official_or_wiki_pair	medium	unverified_static_js_html_translation_or_review	pending	magica/i18n_audit/release_v26_authority/manual_review_checklist.tsv;Pass16 peer rules, personally re-reviewed	静态界面逐槽位审校；不得改变ID、class、链接或模板表达式
MT-15913	static_js_html_unverified	static_js_html	magica/template/test/QuestStub.html	line:62	visible_text_or_string	戦闘不能回数	战斗不能次数	needs-review/root-translation-required	magica/template/test/QuestStub.html#line:62/visible_text_or_string	none_exact_found	unknown	magica/i18n_audit/release_v26_authority/manual_review_checklist.tsv;manual	unknown	low	pending	戦闘不能回数	source may be a pre-change Chinese/manual string, not always a Japanese original	static_manual_or_model_unverified	3_manual_static_review	pass16-static-manual-model-review	individual translator/reviewer not recorded per row	unknown_manual_or_model	true; packaged JS/HTML	none_exact_found		no_per_row_official_or_wiki_pair	medium	unverified_static_js_html_translation_or_review	pending	magica/i18n_audit/release_v26_authority/manual_review_checklist.tsv;manual	静态界面逐槽位审校；不得改变ID、class、链接或模板表达式
MT-15914	static_js_html_unverified	static_js_html	magica/template/test/QuestStub.html	line:68	visible_text_or_string	链数	连锁次数	needs-review/root-translation-required	magica/template/test/QuestStub.html#line:68/visible_text_or_string	none_exact_found	unknown	magica/i18n_audit/release_v26_authority/manual_review_checklist.tsv;Pass16 peer rules, personally re-reviewed	unknown	low	pending	链数	source may be a pre-change Chinese/manual string, not always a Japanese original	static_manual_or_model_unverified	3_manual_static_review	pass16-static-manual-model-review	individual translator/reviewer not recorded per row	unknown_manual_or_model	true; packaged JS/HTML	none_exact_found		no_per_row_official_or_wiki_pair	medium	unverified_static_js_html_translation_or_review	pending	magica/i18n_audit/release_v26_authority/manual_review_checklist.tsv;Pass16 peer rules, personally re-reviewed	静态界面逐槽位审校；不得改变ID、class、链接或模板表达式
MT-15915	static_js_html_unverified	static_js_html	magica/template/test/QuestStub.html	line:74	visible_text_or_string	技能 激活计数	技能发动次数	needs-review/root-translation-required	magica/template/test/QuestStub.html#line:74/visible_text_or_string	none_exact_found	unknown	magica/i18n_audit/release_v26_authority/manual_review_checklist.tsv;Pass16 peer rules, personally re-reviewed	unknown	low	pending	技能 激活计数	source may be a pre-change Chinese/manual string, not always a Japanese original	static_manual_or_model_unverified	3_manual_static_review	pass16-static-manual-model-review	individual translator/reviewer not recorded per row	unknown_manual_or_model	true; packaged JS/HTML	none_exact_found		no_per_row_official_or_wiki_pair	medium	unverified_static_js_html_translation_or_review	pending	magica/i18n_audit/release_v26_authority/manual_review_checklist.tsv;Pass16 peer rules, personally re-reviewed	静态界面逐槽位审校；不得改变ID、class、链接或模板表达式
MT-15916	static_js_html_unverified	static_js_html	magica/template/test/QuestStub.html	line:80	visible_text_or_string	连携 激活计数	连携发动次数	needs-review/root-translation-required	magica/template/test/QuestStub.html#line:80/visible_text_or_string	none_exact_found	unknown	magica/i18n_audit/release_v26_authority/manual_review_checklist.tsv;Pass16 peer rules, personally re-reviewed	unknown	low	pending	连携 激活计数	source may be a pre-change Chinese/manual string, not always a Japanese original	static_manual_or_model_unverified	3_manual_static_review	pass16-static-manual-model-review	individual translator/reviewer not recorded per row	unknown_manual_or_model	true; packaged JS/HTML	none_exact_found		no_per_row_official_or_wiki_pair	medium	unverified_static_js_html_translation_or_review	pending	magica/i18n_audit/release_v26_authority/manual_review_checklist.tsv;Pass16 peer rules, personally re-reviewed	静态界面逐槽位审校；不得改变ID、class、链接或模板表达式
MT-15917	static_js_html_unverified	static_js_html	magica/template/test/QuestStub.html	line:86	visible_text_or_string	AcceleD 选型号	Accele行动盘选择数	needs-review/root-translation-required	magica/template/test/QuestStub.html#line:86/visible_text_or_string	none_exact_found	unknown	magica/i18n_audit/release_v26_authority/manual_review_checklist.tsv;Pass16 peer rules, personally re-reviewed	unknown	low	pending	AcceleD 选型号	source may be a pre-change Chinese/manual string, not always a Japanese original	static_manual_or_model_unverified	3_manual_static_review	pass16-static-manual-model-review	individual translator/reviewer not recorded per row	unknown_manual_or_model	true; packaged JS/HTML	none_exact_found		no_per_row_official_or_wiki_pair	medium	unverified_static_js_html_translation_or_review	pending	magica/i18n_audit/release_v26_authority/manual_review_checklist.tsv;Pass16 peer rules, personally re-reviewed	静态界面逐槽位审校；不得改变ID、class、链接或模板表达式
MT-15918	static_js_html_unverified	static_js_html	magica/template/test/QuestStub.html	line:9	visible_text_or_string	战斗信息重写	改写战斗信息	needs-review/root-translation-required	magica/template/test/QuestStub.html#line:9/visible_text_or_string	none_exact_found	unknown	magica/i18n_audit/release_v26_authority/manual_review_checklist.tsv;Pass16 peer rules, personally re-reviewed	unknown	low	pending	战斗信息重写	source may be a pre-change Chinese/manual string, not always a Japanese original	static_manual_or_model_unverified	3_manual_static_review	pass16-static-manual-model-review	individual translator/reviewer not recorded per row	unknown_manual_or_model	true; packaged JS/HTML	none_exact_found		no_per_row_official_or_wiki_pair	medium	unverified_static_js_html_translation_or_review	pending	magica/i18n_audit/release_v26_authority/manual_review_checklist.tsv;Pass16 peer rules, personally re-reviewed	静态界面逐槽位审校；不得改变ID、class、链接或模板表达式
MT-15919	static_js_html_unverified	static_js_html	magica/template/test/QuestStub.html	line:92	visible_text_or_string	BlastD 选型号	Blast行动盘选择数	needs-review/root-translation-required	magica/template/test/QuestStub.html#line:92/visible_text_or_string	none_exact_found	unknown	magica/i18n_audit/release_v26_authority/manual_review_checklist.tsv;Pass16 peer rules, personally re-reviewed	unknown	low	pending	BlastD 选型号	source may be a pre-change Chinese/manual string, not always a Japanese original	static_manual_or_model_unverified	3_manual_static_review	pass16-static-manual-model-review	individual translator/reviewer not recorded per row	unknown_manual_or_model	true; packaged JS/HTML	none_exact_found		no_per_row_official_or_wiki_pair	medium	unverified_static_js_html_translation_or_review	pending	magica/i18n_audit/release_v26_authority/manual_review_checklist.tsv;Pass16 peer rules, personally re-reviewed	静态界面逐槽位审校；不得改变ID、class、链接或模板表达式
MT-15920	static_js_html_unverified	static_js_html	magica/template/test/QuestStub.html	line:98	visible_text_or_string	ChargeD 选型号	Charge行动盘选择数	needs-review/root-translation-required	magica/template/test/QuestStub.html#line:98/visible_text_or_string	none_exact_found	unknown	magica/i18n_audit/release_v26_authority/manual_review_checklist.tsv;Pass16 peer rules, personally re-reviewed	unknown	low	pending	ChargeD 选型号	source may be a pre-change Chinese/manual string, not always a Japanese original	static_manual_or_model_unverified	3_manual_static_review	pass16-static-manual-model-review	individual translator/reviewer not recorded per row	unknown_manual_or_model	true; packaged JS/HTML	none_exact_found		no_per_row_official_or_wiki_pair	medium	unverified_static_js_html_translation_or_review	pending	magica/i18n_audit/release_v26_authority/manual_review_checklist.tsv;Pass16 peer rules, personally re-reviewed	静态界面逐槽位审校；不得改变ID、class、链接或模板表达式
MT-15921	static_js_html_unverified	static_js_html	magica/template/test/SdCharaTest.html	line:11	visible_text_or_string	"placeholder=""输入index"""	"placeholder=""请输入index"""	needs-review/root-translation-required	magica/template/test/SdCharaTest.html#line:11/visible_text_or_string	none_exact_found	unknown	magica/i18n_audit/release_v26_authority/manual_review_checklist.tsv;manual	unknown	low	pending	"placeholder=""输入index"""	source may be a pre-change Chinese/manual string, not always a Japanese original	static_manual_or_model_unverified	3_manual_static_review	pass16-static-manual-model-review	individual translator/reviewer not recorded per row	unknown_manual_or_model	true; packaged JS/HTML	none_exact_found		no_per_row_official_or_wiki_pair	medium	unverified_static_js_html_translation_or_review	pending	magica/i18n_audit/release_v26_authority/manual_review_checklist.tsv;manual	静态界面逐槽位审校；不得改变ID、class、链接或模板表达式
MT-15922	static_js_html_unverified	static_js_html	magica/template/test/SdCharaTest.html	line:14	visible_text_or_string	"placeholder=""输入charaId"""	"placeholder=""请输入charaId"""	needs-review/root-translation-required	magica/template/test/SdCharaTest.html#line:14/visible_text_or_string	none_exact_found	unknown	magica/i18n_audit/release_v26_authority/manual_review_checklist.tsv;manual	unknown	low	pending	"placeholder=""输入charaId"""	source may be a pre-change Chinese/manual string, not always a Japanese original	static_manual_or_model_unverified	3_manual_static_review	pass16-static-manual-model-review	individual translator/reviewer not recorded per row	unknown_manual_or_model	true; packaged JS/HTML	none_exact_found		no_per_row_official_or_wiki_pair	medium	unverified_static_js_html_translation_or_review	pending	magica/i18n_audit/release_v26_authority/manual_review_checklist.tsv;manual	静态界面逐槽位审校；不得改变ID、class、链接或模板表达式
MT-15923	static_js_html_unverified	static_js_html	magica/template/test/SdCharaTest.html	line:17	visible_text_or_string	"placeholder=""输入Scale"""	"placeholder=""请输入Scale"""	needs-review/root-translation-required	magica/template/test/SdCharaTest.html#line:17/visible_text_or_string	none_exact_found	unknown	magica/i18n_audit/release_v26_authority/manual_review_checklist.tsv;manual	unknown	low	pending	"placeholder=""输入Scale"""	source may be a pre-change Chinese/manual string, not always a Japanese original	static_manual_or_model_unverified	3_manual_static_review	pass16-static-manual-model-review	individual translator/reviewer not recorded per row	unknown_manual_or_model	true; packaged JS/HTML	none_exact_found		no_per_row_official_or_wiki_pair	medium	unverified_static_js_html_translation_or_review	pending	magica/i18n_audit/release_v26_authority/manual_review_checklist.tsv;manual	静态界面逐槽位审校；不得改变ID、class、链接或模板表达式
MT-15924	static_js_html_unverified	static_js_html	magica/template/test/SdCharaTest.html	line:18	visible_text_or_string	"placeholder=""输入Fade"""	"placeholder=""请输入Fade"""	needs-review/root-translation-required	magica/template/test/SdCharaTest.html#line:18/visible_text_or_string	none_exact_found	unknown	magica/i18n_audit/release_v26_authority/manual_review_checklist.tsv;manual	unknown	low	pending	"placeholder=""输入Fade"""	source may be a pre-change Chinese/manual string, not always a Japanese original	static_manual_or_model_unverified	3_manual_static_review	pass16-static-manual-model-review	individual translator/reviewer not recorded per row	unknown_manual_or_model	true; packaged JS/HTML	none_exact_found		no_per_row_official_or_wiki_pair	medium	unverified_static_js_html_translation_or_review	pending	magica/i18n_audit/release_v26_authority/manual_review_checklist.tsv;manual	静态界面逐槽位审校；不得改变ID、class、链接或模板表达式
MT-15925	static_js_html_unverified	static_js_html	magica/template/test/SdCharaTest.html	line:26	visible_text_or_string	库存	暂存	needs-review/root-translation-required	magica/template/test/SdCharaTest.html#line:26/visible_text_or_string	none_exact_found	unknown	magica/i18n_audit/release_v26_authority/manual_review_checklist.tsv;Pass16 peer rules, personally re-reviewed	unknown	low	pending	库存	source may be a pre-change Chinese/manual string, not always a Japanese original	static_manual_or_model_unverified	3_manual_static_review	pass16-static-manual-model-review	individual translator/reviewer not recorded per row	unknown_manual_or_model	true; packaged JS/HTML	none_exact_found		no_per_row_official_or_wiki_pair	medium	unverified_static_js_html_translation_or_review	pending	magica/i18n_audit/release_v26_authority/manual_review_checklist.tsv;Pass16 peer rules, personally re-reviewed	静态界面逐槽位审校；不得改变ID、class、链接或模板表达式
MT-15926	static_js_html_unverified	static_js_html	magica/template/test/SdCharaTest.html	line:29	visible_text_or_string	显示库存	显示暂存角色	needs-review/root-translation-required	magica/template/test/SdCharaTest.html#line:29/visible_text_or_string	none_exact_found	unknown	magica/i18n_audit/release_v26_authority/manual_review_checklist.tsv;Pass16 peer rules, personally re-reviewed	unknown	low	pending	显示库存	source may be a pre-change Chinese/manual string, not always a Japanese original	static_manual_or_model_unverified	3_manual_static_review	pass16-static-manual-model-review	individual translator/reviewer not recorded per row	unknown_manual_or_model	true; packaged JS/HTML	none_exact_found		no_per_row_official_or_wiki_pair	medium	unverified_static_js_html_translation_or_review	pending	magica/i18n_audit/release_v26_authority/manual_review_checklist.tsv;Pass16 peer rules, personally re-reviewed	静态界面逐槽位审校；不得改变ID、class、链接或模板表达式
MT-15927	static_js_html_unverified	static_js_html	magica/template/test/SdCharaTest.html	line:30	visible_text_or_string	隐藏库存	隐藏暂存角色	needs-review/root-translation-required	magica/template/test/SdCharaTest.html#line:30/visible_text_or_string	none_exact_found	unknown	magica/i18n_audit/release_v26_authority/manual_review_checklist.tsv;Pass16 peer rules, personally re-reviewed	unknown	low	pending	隐藏库存	source may be a pre-change Chinese/manual string, not always a Japanese original	static_manual_or_model_unverified	3_manual_static_review	pass16-static-manual-model-review	individual translator/reviewer not recorded per row	unknown_manual_or_model	true; packaged JS/HTML	none_exact_found		no_per_row_official_or_wiki_pair	medium	unverified_static_js_html_translation_or_review	pending	magica/i18n_audit/release_v26_authority/manual_review_checklist.tsv;Pass16 peer rules, personally re-reviewed	静态界面逐槽位审校；不得改变ID、class、链接或模板表达式
MT-15928	static_js_html_unverified	static_js_html	magica/template/test/SdCharaTest.html	line:8	visible_text_or_string	>迷你角色显示<	>显示迷你角色<	needs-review/root-translation-required	magica/template/test/SdCharaTest.html#line:8/visible_text_or_string	none_exact_found	unknown	magica/i18n_audit/release_v26_authority/manual_review_checklist.tsv;manual	unknown	low	pending	>迷你角色显示<	source may be a pre-change Chinese/manual string, not always a Japanese original	static_manual_or_model_unverified	3_manual_static_review	pass16-static-manual-model-review	individual translator/reviewer not recorded per row	unknown_manual_or_model	true; packaged JS/HTML	none_exact_found		no_per_row_official_or_wiki_pair	medium	unverified_static_js_html_translation_or_review	pending	magica/i18n_audit/release_v26_authority/manual_review_checklist.tsv;manual	静态界面逐槽位审校；不得改变ID、class、链接或模板表达式
MT-15929	static_js_html_unverified	static_js_html	magica/template/test/SelectStoryTest.html	line:10	visible_text_or_string	ＩＤ 変更	修改ID	needs-review/root-translation-required	magica/template/test/SelectStoryTest.html#line:10/visible_text_or_string	none_exact_found	unknown	magica/i18n_audit/release_v26_authority/manual_review_checklist.tsv;Pass16 peer rules, personally re-reviewed	unknown	low	pending	ＩＤ 変更	source may be a pre-change Chinese/manual string, not always a Japanese original	static_manual_or_model_unverified	3_manual_static_review	pass16-static-manual-model-review	individual translator/reviewer not recorded per row	unknown_manual_or_model	true; packaged JS/HTML	none_exact_found		no_per_row_official_or_wiki_pair	medium	unverified_static_js_html_translation_or_review	pending	magica/i18n_audit/release_v26_authority/manual_review_checklist.tsv;Pass16 peer rules, personally re-reviewed	静态界面逐槽位审校；不得改变ID、class、链接或模板表达式
MT-15930	static_js_html_unverified	static_js_html	magica/template/test/SelectStoryTest.html	line:17	visible_text_or_string	連番 変更	修改序号	needs-review/root-translation-required	magica/template/test/SelectStoryTest.html#line:17/visible_text_or_string	none_exact_found	unknown	magica/i18n_audit/release_v26_authority/manual_review_checklist.tsv;Pass16 peer rules, personally re-reviewed	unknown	low	pending	連番 変更	source may be a pre-change Chinese/manual string, not always a Japanese original	static_manual_or_model_unverified	3_manual_static_review	pass16-static-manual-model-review	individual translator/reviewer not recorded per row	unknown_manual_or_model	true; packaged JS/HTML	none_exact_found		no_per_row_official_or_wiki_pair	medium	unverified_static_js_html_translation_or_review	pending	magica/i18n_audit/release_v26_authority/manual_review_checklist.tsv;Pass16 peer rules, personally re-reviewed	静态界面逐槽位审校；不得改变ID、class、链接或模板表达式
MT-15931	static_js_html_unverified	static_js_html	magica/template/test/SelectStoryTest.html	line:33	visible_text_or_string	>1字削除<	>删除1个字符<	needs-review/root-translation-required	magica/template/test/SelectStoryTest.html#line:33/visible_text_or_string	none_exact_found	unknown	magica/i18n_audit/release_v26_authority/manual_review_checklist.tsv;manual	unknown	low	pending	>1字削除<	source may be a pre-change Chinese/manual string, not always a Japanese original	static_manual_or_model_unverified	3_manual_static_review	pass16-static-manual-model-review	individual translator/reviewer not recorded per row	unknown_manual_or_model	true; packaged JS/HTML	none_exact_found		no_per_row_official_or_wiki_pair	medium	unverified_static_js_html_translation_or_review	pending	magica/i18n_audit/release_v26_authority/manual_review_checklist.tsv;manual	静态界面逐槽位审校；不得改变ID、class、链接或模板表达式
MT-15932	static_js_html_unverified	static_js_html	magica/template/test/SelectStoryTest.html	line:4	visible_text_or_string	请输入故事ID	请输入storyId	needs-review/root-translation-required	magica/template/test/SelectStoryTest.html#line:4/visible_text_or_string	none_exact_found	unknown	magica/i18n_audit/release_v26_authority/manual_review_checklist.tsv;Pass16 peer rules, personally re-reviewed	unknown	low	pending	请输入故事ID	source may be a pre-change Chinese/manual string, not always a Japanese original	static_manual_or_model_unverified	3_manual_static_review	pass16-static-manual-model-review	individual translator/reviewer not recorded per row	unknown_manual_or_model	true; packaged JS/HTML	none_exact_found		no_per_row_official_or_wiki_pair	medium	unverified_static_js_html_translation_or_review	pending	magica/i18n_audit/release_v26_authority/manual_review_checklist.tsv;Pass16 peer rules, personally re-reviewed	静态界面逐槽位审校；不得改变ID、class、链接或模板表达式
MT-15933	static_js_html_unverified	static_js_html	magica/template/test/SelectStoryTest.html	line:41	visible_text_or_string	>入力<	>输入<	needs-review/root-translation-required	magica/template/test/SelectStoryTest.html#line:41/visible_text_or_string	none_exact_found	unknown	magica/i18n_audit/release_v26_authority/manual_review_checklist.tsv;manual	unknown	low	pending	>入力<	source may be a pre-change Chinese/manual string, not always a Japanese original	static_manual_or_model_unverified	3_manual_static_review	pass16-static-manual-model-review	individual translator/reviewer not recorded per row	unknown_manual_or_model	true; packaged JS/HTML	none_exact_found		no_per_row_official_or_wiki_pair	medium	unverified_static_js_html_translation_or_review	pending	magica/i18n_audit/release_v26_authority/manual_review_checklist.tsv;manual	静态界面逐槽位审校；不得改变ID、class、链接或模板表达式
MT-15934	static_js_html_unverified	static_js_html	magica/template/test/SelectStoryTest.html	line:46	visible_text_or_string	>履歴削除<	>删除历史记录<	needs-review/root-translation-required	magica/template/test/SelectStoryTest.html#line:46/visible_text_or_string	none_exact_found	unknown	magica/i18n_audit/release_v26_authority/manual_review_checklist.tsv;manual	unknown	low	pending	>履歴削除<	source may be a pre-change Chinese/manual string, not always a Japanese original	static_manual_or_model_unverified	3_manual_static_review	pass16-static-manual-model-review	individual translator/reviewer not recorded per row	unknown_manual_or_model	true; packaged JS/HTML	none_exact_found		no_per_row_official_or_wiki_pair	medium	unverified_static_js_html_translation_or_review	pending	magica/i18n_audit/release_v26_authority/manual_review_checklist.tsv;manual	静态界面逐槽位审校；不得改变ID、class、链接或模板表达式
MT-15935	static_js_html_unverified	static_js_html	magica/template/test/SelectStoryTest.html	line:48	visible_text_or_string	※赤字は再生できなかったストーリーです	※红字表示无法播放的剧情	needs-review/root-translation-required	magica/template/test/SelectStoryTest.html#line:48/visible_text_or_string	none_exact_found	unknown	magica/i18n_audit/release_v26_authority/manual_review_checklist.tsv;Pass16 peer rules, personally re-reviewed	unknown	low	pending	※赤字は再生できなかったストーリーです	source may be a pre-change Chinese/manual string, not always a Japanese original	static_manual_or_model_unverified	3_manual_static_review	pass16-static-manual-model-review	individual translator/reviewer not recorded per row	unknown_manual_or_model	true; packaged JS/HTML	none_exact_found		no_per_row_official_or_wiki_pair	medium	unverified_static_js_html_translation_or_review	pending	magica/i18n_audit/release_v26_authority/manual_review_checklist.tsv;Pass16 peer rules, personally re-reviewed	静态界面逐槽位审校；不得改变ID、class、链接或模板表达式
MT-15936	static_js_html_unverified	static_js_html	magica/template/test/SelectStoryTest.html	line:6	visible_text_or_string	任务剧情播放	播放关卡剧情	needs-review/root-translation-required	magica/template/test/SelectStoryTest.html#line:6/visible_text_or_string	none_exact_found	unknown	magica/i18n_audit/release_v26_authority/manual_review_checklist.tsv;Pass16 peer rules, personally re-reviewed	unknown	low	pending	任务剧情播放	source may be a pre-change Chinese/manual string, not always a Japanese original	static_manual_or_model_unverified	3_manual_static_review	pass16-static-manual-model-review	individual translator/reviewer not recorded per row	unknown_manual_or_model	true; packaged JS/HTML	none_exact_found		no_per_row_official_or_wiki_pair	medium	unverified_static_js_html_translation_or_review	pending	magica/i18n_audit/release_v26_authority/manual_review_checklist.tsv;Pass16 peer rules, personally re-reviewed	静态界面逐槽位审校；不得改变ID、class、链接或模板表达式
MT-15937	static_js_html_unverified	static_js_html	magica/template/test/SelectStoryTest.html	line:7	visible_text_or_string	>貼付<	>粘贴<	needs-review/root-translation-required	magica/template/test/SelectStoryTest.html#line:7/visible_text_or_string	none_exact_found	unknown	magica/i18n_audit/release_v26_authority/manual_review_checklist.tsv;manual	unknown	low	pending	>貼付<	source may be a pre-change Chinese/manual string, not always a Japanese original	static_manual_or_model_unverified	3_manual_static_review	pass16-static-manual-model-review	individual translator/reviewer not recorded per row	unknown_manual_or_model	true; packaged JS/HTML	none_exact_found		no_per_row_official_or_wiki_pair	medium	unverified_static_js_html_translation_or_review	pending	magica/i18n_audit/release_v26_authority/manual_review_checklist.tsv;manual	静态界面逐槽位审校；不得改变ID、class、链接或模板表达式
MT-15938	static_js_html_unverified	static_js_html	magica/template/test/SelectStoryTest.html	line:8	visible_text_or_string	>履歴<	>历史记录<	needs-review/root-translation-required	magica/template/test/SelectStoryTest.html#line:8/visible_text_or_string	none_exact_found	unknown	magica/i18n_audit/release_v26_authority/manual_review_checklist.tsv;manual	unknown	low	pending	>履歴<	source may be a pre-change Chinese/manual string, not always a Japanese original	static_manual_or_model_unverified	3_manual_static_review	pass16-static-manual-model-review	individual translator/reviewer not recorded per row	unknown_manual_or_model	true; packaged JS/HTML	none_exact_found		no_per_row_official_or_wiki_pair	medium	unverified_static_js_html_translation_or_review	pending	magica/i18n_audit/release_v26_authority/manual_review_checklist.tsv;manual	静态界面逐槽位审校；不得改变ID、class、链接或模板表达式
MT-15939	static_js_html_unverified	static_js_html	magica/template/test/ShopReworkTest.html	line:2	visible_text_or_string	设计切换	切换设计	needs-review/root-translation-required	magica/template/test/ShopReworkTest.html#line:2/visible_text_or_string	none_exact_found	unknown	magica/i18n_audit/release_v26_authority/manual_review_checklist.tsv;Pass16 peer rules, personally re-reviewed	unknown	low	pending	设计切换	source may be a pre-change Chinese/manual string, not always a Japanese original	static_manual_or_model_unverified	3_manual_static_review	pass16-static-manual-model-review	individual translator/reviewer not recorded per row	unknown_manual_or_model	true; packaged JS/HTML	none_exact_found		no_per_row_official_or_wiki_pair	medium	unverified_static_js_html_translation_or_review	pending	magica/i18n_audit/release_v26_authority/manual_review_checklist.tsv;Pass16 peer rules, personally re-reviewed	静态界面逐槽位审校；不得改变ID、class、链接或模板表达式
MT-15940	static_js_html_unverified	static_js_html	magica/template/test/backdoorList.html	line:10	visible_text_or_string	PH全体 突袭	PH全体突袭	needs-review/root-translation-required	magica/template/test/backdoorList.html#line:10/visible_text_or_string	none_exact_found	unknown	magica/i18n_audit/release_v26_authority/manual_review_checklist.tsv;Pass16 peer rules, personally re-reviewed	unknown	low	pending	PH全体 突袭	source may be a pre-change Chinese/manual string, not always a Japanese original	static_manual_or_model_unverified	3_manual_static_review	pass16-static-manual-model-review	individual translator/reviewer not recorded per row	unknown_manual_or_model	true; packaged JS/HTML	none_exact_found		no_per_row_official_or_wiki_pair	medium	unverified_static_js_html_translation_or_review	pending	magica/i18n_audit/release_v26_authority/manual_review_checklist.tsv;Pass16 peer rules, personally re-reviewed	静态界面逐槽位审校；不得改变ID、class、链接或模板表达式
MT-15941	static_js_html_unverified	static_js_html	magica/template/test/backdoorList.html	line:11	visible_text_or_string	章节Lv 上升	剧情等级提升	needs-review/root-translation-required	magica/template/test/backdoorList.html#line:11/visible_text_or_string	none_exact_found	unknown	magica/i18n_audit/release_v26_authority/manual_review_checklist.tsv;manual	unknown	low	pending	章节Lv 上升	source may be a pre-change Chinese/manual string, not always a Japanese original	static_manual_or_model_unverified	3_manual_static_review	pass16-static-manual-model-review	individual translator/reviewer not recorded per row	unknown_manual_or_model	true; packaged JS/HTML	none_exact_found		no_per_row_official_or_wiki_pair	medium	unverified_static_js_html_translation_or_review	pending	magica/i18n_audit/release_v26_authority/manual_review_checklist.tsv;manual	静态界面逐槽位审校；不得改变ID、class、链接或模板表达式
MT-15942	static_js_html_unverified	static_js_html	magica/template/test/backdoorList.html	line:13	visible_text_or_string	Live2d测试	Live2D测试	needs-review/root-translation-required	magica/template/test/backdoorList.html#line:13/visible_text_or_string	none_exact_found	unknown	magica/i18n_audit/release_v26_authority/manual_review_checklist.tsv;Pass16 peer rules, personally re-reviewed	unknown	low	pending	Live2d测试	source may be a pre-change Chinese/manual string, not always a Japanese original	static_manual_or_model_unverified	3_manual_static_review	pass16-static-manual-model-review	individual translator/reviewer not recorded per row	unknown_manual_or_model	true; packaged JS/HTML	none_exact_found		no_per_row_official_or_wiki_pair	medium	unverified_static_js_html_translation_or_review	pending	magica/i18n_audit/release_v26_authority/manual_review_checklist.tsv;Pass16 peer rules, personally re-reviewed	静态界面逐槽位审校；不得改变ID、class、链接或模板表达式
MT-15943	static_js_html_unverified	static_js_html	magica/template/test/backdoorList.html	line:164	visible_text_or_string	完了（TU999）	完成（TU999）	needs-review/root-translation-required	magica/template/test/backdoorList.html#line:164/visible_text_or_string	none_exact_found	unknown	magica/i18n_audit/release_v26_authority/manual_review_checklist.tsv;manual	unknown	low	pending	完了（TU999）	source may be a pre-change Chinese/manual string, not always a Japanese original	static_manual_or_model_unverified	3_manual_static_review	pass16-static-manual-model-review	individual translator/reviewer not recorded per row	unknown_manual_or_model	true; packaged JS/HTML	none_exact_found		no_per_row_official_or_wiki_pair	medium	unverified_static_js_html_translation_or_review	pending	magica/i18n_audit/release_v26_authority/manual_review_checklist.tsv;manual	静态界面逐槽位审校；不得改变ID、class、链接或模板表达式
MT-15944	static_js_html_unverified	static_js_html	magica/template/test/backdoorList.html	line:165	visible_text_or_string	バトル①（TU010）	战斗①（TU010）	needs-review/root-translation-required	magica/template/test/backdoorList.html#line:165/visible_text_or_string	none_exact_found	unknown	magica/i18n_audit/release_v26_authority/manual_review_checklist.tsv;Pass16 peer rules, personally re-reviewed	unknown	low	pending	バトル①（TU010）	source may be a pre-change Chinese/manual string, not always a Japanese original	static_manual_or_model_unverified	3_manual_static_review	pass16-static-manual-model-review	individual translator/reviewer not recorded per row	unknown_manual_or_model	true; packaged JS/HTML	none_exact_found		no_per_row_official_or_wiki_pair	medium	unverified_static_js_html_translation_or_review	pending	magica/i18n_audit/release_v26_authority/manual_review_checklist.tsv;Pass16 peer rules, personally re-reviewed	静态界面逐槽位审校；不得改变ID、class、链接或模板表达式
MT-15945	static_js_html_unverified	static_js_html	magica/template/test/backdoorList.html	line:166	visible_text_or_string	バトル②（TU010）	战斗②（TU010）	needs-review/root-translation-required	magica/template/test/backdoorList.html#line:166/visible_text_or_string	none_exact_found	unknown	magica/i18n_audit/release_v26_authority/manual_review_checklist.tsv;Pass16 peer rules, personally re-reviewed	unknown	low	pending	バトル②（TU010）	source may be a pre-change Chinese/manual string, not always a Japanese original	static_manual_or_model_unverified	3_manual_static_review	pass16-static-manual-model-review	individual translator/reviewer not recorded per row	unknown_manual_or_model	true; packaged JS/HTML	none_exact_found		no_per_row_official_or_wiki_pair	medium	unverified_static_js_html_translation_or_review	pending	magica/i18n_audit/release_v26_authority/manual_review_checklist.tsv;Pass16 peer rules, personally re-reviewed	静态界面逐槽位审校；不得改变ID、class、链接或模板表达式
MT-15946	static_js_html_unverified	static_js_html	magica/template/test/backdoorList.html	line:167	visible_text_or_string	ガチャ（TU520）	扭蛋（TU520）	needs-review/root-translation-required	magica/template/test/backdoorList.html#line:167/visible_text_or_string	none_exact_found	unknown	magica/i18n_audit/release_v26_authority/manual_review_checklist.tsv;Pass16 peer rules, personally re-reviewed	unknown	low	pending	ガチャ（TU520）	source may be a pre-change Chinese/manual string, not always a Japanese original	static_manual_or_model_unverified	3_manual_static_review	pass16-static-manual-model-review	individual translator/reviewer not recorded per row	unknown_manual_or_model	true; packaged JS/HTML	none_exact_found		no_per_row_official_or_wiki_pair	medium	unverified_static_js_html_translation_or_review	pending	magica/i18n_audit/release_v26_authority/manual_review_checklist.tsv;Pass16 peer rules, personally re-reviewed	静态界面逐槽位审校；不得改变ID、class、链接或模板表达式
MT-15947	static_js_html_unverified	static_js_html	magica/template/test/backdoorList.html	line:168	visible_text_or_string	編成（TU550）	队伍编成（TU550）	needs-review/root-translation-required	magica/template/test/backdoorList.html#line:168/visible_text_or_string	none_exact_found	unknown	magica/i18n_audit/release_v26_authority/manual_review_checklist.tsv;Pass16 peer rules, personally re-reviewed	unknown	low	pending	編成（TU550）	source may be a pre-change Chinese/manual string, not always a Japanese original	static_manual_or_model_unverified	3_manual_static_review	pass16-static-manual-model-review	individual translator/reviewer not recorded per row	unknown_manual_or_model	true; packaged JS/HTML	none_exact_found		no_per_row_official_or_wiki_pair	medium	unverified_static_js_html_translation_or_review	pending	magica/i18n_audit/release_v26_authority/manual_review_checklist.tsv;Pass16 peer rules, personally re-reviewed	静态界面逐槽位审校；不得改变ID、class、链接或模板表达式
MT-15948	static_js_html_unverified	static_js_html	magica/template/test/backdoorList.html	line:18	visible_text_or_string	版本升级页面	版本更新页面	needs-review/root-translation-required	magica/template/test/backdoorList.html#line:18/visible_text_or_string	none_exact_found	unknown	magica/i18n_audit/release_v26_authority/manual_review_checklist.tsv;Pass16 peer rules, personally re-reviewed	unknown	low	pending	版本升级页面	source may be a pre-change Chinese/manual string, not always a Japanese original	static_manual_or_model_unverified	3_manual_static_review	pass16-static-manual-model-review	individual translator/reviewer not recorded per row	unknown_manual_or_model	true; packaged JS/HTML	none_exact_found		no_per_row_official_or_wiki_pair	medium	unverified_static_js_html_translation_or_review	pending	magica/i18n_audit/release_v26_authority/manual_review_checklist.tsv;Pass16 peer rules, personally re-reviewed	静态界面逐槽位审校；不得改变ID、class、链接或模板表达式
MT-15949	static_js_html_unverified	static_js_html	magica/template/test/backdoorList.html	line:19	visible_text_or_string	1 份散装 通关	第一部一键通关	needs-review/root-translation-required	magica/template/test/backdoorList.html#line:19/visible_text_or_string	none_exact_found	unknown	magica/i18n_audit/release_v26_authority/manual_review_checklist.tsv;manual	unknown	low	pending	1 份散装 通关	source may be a pre-change Chinese/manual string, not always a Japanese original	static_manual_or_model_unverified	3_manual_static_review	pass16-static-manual-model-review	individual translator/reviewer not recorded per row	unknown_manual_or_model	true; packaged JS/HTML	none_exact_found		no_per_row_official_or_wiki_pair	medium	unverified_static_js_html_translation_or_review	pending	magica/i18n_audit/release_v26_authority/manual_review_checklist.tsv;manual	静态界面逐槽位审校；不得改变ID、class、链接或模板表达式
MT-15950	static_js_html_unverified	static_js_html	magica/template/test/backdoorList.html	line:20	visible_text_or_string	第 2 部分 第 11 章 通关	一键通关第二部第11章	needs-review/root-translation-required	magica/template/test/backdoorList.html#line:20/visible_text_or_string	none_exact_found	unknown	magica/i18n_audit/release_v26_authority/manual_review_checklist.tsv;Pass16 peer rules, personally re-reviewed	unknown	low	pending	第 2 部分 第 11 章 通关	source may be a pre-change Chinese/manual string, not always a Japanese original	static_manual_or_model_unverified	3_manual_static_review	pass16-static-manual-model-review	individual translator/reviewer not recorded per row	unknown_manual_or_model	true; packaged JS/HTML	none_exact_found		no_per_row_official_or_wiki_pair	medium	unverified_static_js_html_translation_or_review	pending	magica/i18n_audit/release_v26_authority/manual_review_checklist.tsv;Pass16 peer rules, personally re-reviewed	静态界面逐槽位审校；不得改变ID、class、链接或模板表达式
MT-15951	static_js_html_unverified	static_js_html	magica/template/test/backdoorList.html	line:21	visible_text_or_string	任务调试	关卡调试	needs-review/root-translation-required	magica/template/test/backdoorList.html#line:21/visible_text_or_string	none_exact_found	unknown	magica/i18n_audit/release_v26_authority/manual_review_checklist.tsv;Pass16 peer rules, personally re-reviewed	unknown	low	pending	任务调试	source may be a pre-change Chinese/manual string, not always a Japanese original	static_manual_or_model_unverified	3_manual_static_review	pass16-static-manual-model-review	individual translator/reviewer not recorded per row	unknown_manual_or_model	true; packaged JS/HTML	none_exact_found		no_per_row_official_or_wiki_pair	medium	unverified_static_js_html_translation_or_review	pending	magica/i18n_audit/release_v26_authority/manual_review_checklist.tsv;Pass16 peer rules, personally re-reviewed	静态界面逐槽位审校；不得改变ID、class、链接或模板表达式
MT-15952	static_js_html_unverified	static_js_html	magica/template/test/backdoorList.html	line:22	visible_text_or_string	通用风格	通用样式	needs-review/root-translation-required	magica/template/test/backdoorList.html#line:22/visible_text_or_string	none_exact_found	unknown	magica/i18n_audit/release_v26_authority/manual_review_checklist.tsv;Pass16 peer rules, personally re-reviewed	unknown	low	pending	通用风格	source may be a pre-change Chinese/manual string, not always a Japanese original	static_manual_or_model_unverified	3_manual_static_review	pass16-static-manual-model-review	individual translator/reviewer not recorded per row	unknown_manual_or_model	true; packaged JS/HTML	none_exact_found		no_per_row_official_or_wiki_pair	medium	unverified_static_js_html_translation_or_review	pending	magica/i18n_audit/release_v26_authority/manual_review_checklist.tsv;Pass16 peer rules, personally re-reviewed	静态界面逐槽位审校；不得改变ID、class、链接或模板表达式
MT-15953	static_js_html_unverified	static_js_html	magica/template/test/backdoorList.html	line:23	visible_text_or_string	本地存储通关	清除localStorage	needs-review/root-translation-required	magica/template/test/backdoorList.html#line:23/visible_text_or_string	none_exact_found	unknown	magica/i18n_audit/release_v26_authority/manual_review_checklist.tsv;Pass16 peer rules, personally re-reviewed	unknown	low	pending	本地存储通关	source may be a pre-change Chinese/manual string, not always a Japanese original	static_manual_or_model_unverified	3_manual_static_review	pass16-static-manual-model-review	individual translator/reviewer not recorded per row	unknown_manual_or_model	true; packaged JS/HTML	none_exact_found		no_per_row_official_or_wiki_pair	medium	unverified_static_js_html_translation_or_review	pending	magica/i18n_audit/release_v26_authority/manual_review_checklist.tsv;Pass16 peer rules, personally re-reviewed	静态界面逐槽位审校；不得改变ID、class、链接或模板表达式
MT-15954	static_js_html_unverified	static_js_html	magica/template/test/backdoorList.html	line:25	visible_text_or_string	不断突破回复复位	重置常驻踏破回复功能	needs-review/root-translation-required	magica/template/test/backdoorList.html#line:25/visible_text_or_string	none_exact_found	unknown	magica/i18n_audit/release_v26_authority/manual_review_checklist.tsv;Pass16 peer rules, personally re-reviewed	unknown	low	pending	不断突破回复复位	source may be a pre-change Chinese/manual string, not always a Japanese original	static_manual_or_model_unverified	3_manual_static_review	pass16-static-manual-model-review	individual translator/reviewer not recorded per row	unknown_manual_or_model	true; packaged JS/HTML	none_exact_found		no_per_row_official_or_wiki_pair	medium	unverified_static_js_html_translation_or_review	pending	magica/i18n_audit/release_v26_authority/manual_review_checklist.tsv;Pass16 peer rules, personally re-reviewed	静态界面逐槽位审校；不得改变ID、class、链接或模板表达式
MT-15955	static_js_html_unverified	static_js_html	magica/template/test/backdoorList.html	line:28	visible_text_or_string	全新 商店 模拟	新版商店模拟页面	needs-review/root-translation-required	magica/template/test/backdoorList.html#line:28/visible_text_or_string	none_exact_found	unknown	magica/i18n_audit/release_v26_authority/manual_review_checklist.tsv;Pass16 peer rules, personally re-reviewed	unknown	low	pending	全新 商店 模拟	source may be a pre-change Chinese/manual string, not always a Japanese original	static_manual_or_model_unverified	3_manual_static_review	pass16-static-manual-model-review	individual translator/reviewer not recorded per row	unknown_manual_or_model	true; packaged JS/HTML	none_exact_found		no_per_row_official_or_wiki_pair	medium	unverified_static_js_html_translation_or_review	pending	magica/i18n_audit/release_v26_authority/manual_review_checklist.tsv;Pass16 peer rules, personally re-reviewed	静态界面逐槽位审校；不得改变ID、class、链接或模板表达式
MT-15956	static_js_html_unverified	static_js_html	magica/template/test/backdoorList.html	line:29	visible_text_or_string	称号変更POP	称号变更弹窗	needs-review/root-translation-required	magica/template/test/backdoorList.html#line:29/visible_text_or_string	none_exact_found	unknown	magica/i18n_audit/release_v26_authority/manual_review_checklist.tsv;Pass16 peer rules, personally re-reviewed	unknown	low	pending	称号変更POP	source may be a pre-change Chinese/manual string, not always a Japanese original	static_manual_or_model_unverified	3_manual_static_review	pass16-static-manual-model-review	individual translator/reviewer not recorded per row	unknown_manual_or_model	true; packaged JS/HTML	none_exact_found		no_per_row_official_or_wiki_pair	medium	unverified_static_js_html_translation_or_review	pending	magica/i18n_audit/release_v26_authority/manual_review_checklist.tsv;Pass16 peer rules, personally re-reviewed	静态界面逐槽位审校；不得改变ID、class、链接或模板表达式
MT-15957	static_js_html_unverified	static_js_html	magica/template/test/backdoorList.html	line:30	visible_text_or_string	无理 战斗 启动	开始理违战	needs-review/root-translation-required	magica/template/test/backdoorList.html#line:30/visible_text_or_string	none_exact_found	unknown	magica/i18n_audit/release_v26_authority/manual_review_checklist.tsv;Pass16 peer rules, personally re-reviewed	unknown	low	pending	无理 战斗 启动	source may be a pre-change Chinese/manual string, not always a Japanese original	static_manual_or_model_unverified	3_manual_static_review	pass16-static-manual-model-review	individual translator/reviewer not recorded per row	unknown_manual_or_model	true; packaged JS/HTML	none_exact_found		no_per_row_official_or_wiki_pair	medium	unverified_static_js_html_translation_or_review	pending	magica/i18n_audit/release_v26_authority/manual_review_checklist.tsv;Pass16 peer rules, personally re-reviewed	静态界面逐槽位审校；不得改变ID、class、链接或模板表达式
MT-15958	static_js_html_unverified	static_js_html	magica/template/test/backdoorList.html	line:31	visible_text_or_string	无理 战斗 再试一次	重试理违战	needs-review/root-translation-required	magica/template/test/backdoorList.html#line:31/visible_text_or_string	none_exact_found	unknown	magica/i18n_audit/release_v26_authority/manual_review_checklist.tsv;manual	unknown	low	pending	无理 战斗 再试一次	source may be a pre-change Chinese/manual string, not always a Japanese original	static_manual_or_model_unverified	3_manual_static_review	pass16-static-manual-model-review	individual translator/reviewer not recorded per row	unknown_manual_or_model	true; packaged JS/HTML	none_exact_found		no_per_row_official_or_wiki_pair	medium	unverified_static_js_html_translation_or_review	pending	magica/i18n_audit/release_v26_authority/manual_review_checklist.tsv;manual	静态界面逐槽位审校；不得改变ID、class、链接或模板表达式
MT-15959	static_js_html_unverified	static_js_html	magica/template/test/backdoorList.html	line:32	visible_text_or_string	MS購入状況確認	确认魔法石购买状态	needs-review/root-translation-required	magica/template/test/backdoorList.html#line:32/visible_text_or_string	none_exact_found	unknown	magica/i18n_audit/release_v26_authority/manual_review_checklist.tsv;Pass16 peer rules, personally re-reviewed	unknown	low	pending	MS購入状況確認	source may be a pre-change Chinese/manual string, not always a Japanese original	static_manual_or_model_unverified	3_manual_static_review	pass16-static-manual-model-review	individual translator/reviewer not recorded per row	unknown_manual_or_model	true; packaged JS/HTML	none_exact_found		no_per_row_official_or_wiki_pair	medium	unverified_static_js_html_translation_or_review	pending	magica/i18n_audit/release_v26_authority/manual_review_checklist.tsv;Pass16 peer rules, personally re-reviewed	静态界面逐槽位审校；不得改变ID、class、链接或模板表达式
MT-15960	static_js_html_unverified	static_js_html	magica/template/test/backdoorList.html	line:34	visible_text_or_string	财富CP	御神签活动	needs-review/root-translation-required	magica/template/test/backdoorList.html#line:34/visible_text_or_string	none_exact_found	unknown	magica/i18n_audit/release_v26_authority/manual_review_checklist.tsv;Pass16 peer rules, personally re-reviewed	unknown	low	pending	财富CP	source may be a pre-change Chinese/manual string, not always a Japanese original	static_manual_or_model_unverified	3_manual_static_review	pass16-static-manual-model-review	individual translator/reviewer not recorded per row	unknown_manual_or_model	true; packaged JS/HTML	none_exact_found		no_per_row_official_or_wiki_pair	medium	unverified_static_js_html_translation_or_review	pending	magica/i18n_audit/release_v26_authority/manual_review_checklist.tsv;Pass16 peer rules, personally re-reviewed	静态界面逐槽位审校；不得改变ID、class、链接或模板表达式
MT-15961	static_js_html_unverified	static_js_html	magica/template/test/backdoorList.html	line:36	visible_text_or_string	序言确认（来自ADV①）	序章确认（从ADV①开始）	needs-review/root-translation-required	magica/template/test/backdoorList.html#line:36/visible_text_or_string	none_exact_found	unknown	magica/i18n_audit/release_v26_authority/manual_review_checklist.tsv;Pass16 peer rules, personally re-reviewed	unknown	low	pending	序言确认（来自ADV①）	source may be a pre-change Chinese/manual string, not always a Japanese original	static_manual_or_model_unverified	3_manual_static_review	pass16-static-manual-model-review	individual translator/reviewer not recorded per row	unknown_manual_or_model	true; packaged JS/HTML	none_exact_found		no_per_row_official_or_wiki_pair	medium	unverified_static_js_html_translation_or_review	pending	magica/i18n_audit/release_v26_authority/manual_review_checklist.tsv;Pass16 peer rules, personally re-reviewed	静态界面逐槽位审校；不得改变ID、class、链接或模板表达式
MT-15962	static_js_html_unverified	static_js_html	magica/template/test/backdoorList.html	line:37	visible_text_or_string	序言确认（来自任务①）	序章确认（从关卡①开始）	needs-review/root-translation-required	magica/template/test/backdoorList.html#line:37/visible_text_or_string	none_exact_found	unknown	magica/i18n_audit/release_v26_authority/manual_review_checklist.tsv;Pass16 peer rules, personally re-reviewed	unknown	low	pending	序言确认（来自任务①）	source may be a pre-change Chinese/manual string, not always a Japanese original	static_manual_or_model_unverified	3_manual_static_review	pass16-static-manual-model-review	individual translator/reviewer not recorded per row	unknown_manual_or_model	true; packaged JS/HTML	none_exact_found		no_per_row_official_or_wiki_pair	medium	unverified_static_js_html_translation_or_review	pending	magica/i18n_audit/release_v26_authority/manual_review_checklist.tsv;Pass16 peer rules, personally re-reviewed	静态界面逐槽位审校；不得改变ID、class、链接或模板表达式
MT-15963	static_js_html_unverified	static_js_html	magica/template/test/backdoorList.html	line:38	visible_text_or_string	序言确认（来自ADV②）	序章确认（从ADV②开始）	needs-review/root-translation-required	magica/template/test/backdoorList.html#line:38/visible_text_or_string	none_exact_found	unknown	magica/i18n_audit/release_v26_authority/manual_review_checklist.tsv;Pass16 peer rules, personally re-reviewed	unknown	low	pending	序言确认（来自ADV②）	source may be a pre-change Chinese/manual string, not always a Japanese original	static_manual_or_model_unverified	3_manual_static_review	pass16-static-manual-model-review	individual translator/reviewer not recorded per row	unknown_manual_or_model	true; packaged JS/HTML	none_exact_found		no_per_row_official_or_wiki_pair	medium	unverified_static_js_html_translation_or_review	pending	magica/i18n_audit/release_v26_authority/manual_review_checklist.tsv;Pass16 peer rules, personally re-reviewed	静态界面逐槽位审校；不得改变ID、class、链接或模板表达式
MT-15964	static_js_html_unverified	static_js_html	magica/template/test/backdoorList.html	line:39	visible_text_or_string	序言确认（来自任务②）	序章确认（从关卡②开始）	needs-review/root-translation-required	magica/template/test/backdoorList.html#line:39/visible_text_or_string	none_exact_found	unknown	magica/i18n_audit/release_v26_authority/manual_review_checklist.tsv;Pass16 peer rules, personally re-reviewed	unknown	low	pending	序言确认（来自任务②）	source may be a pre-change Chinese/manual string, not always a Japanese original	static_manual_or_model_unverified	3_manual_static_review	pass16-static-manual-model-review	individual translator/reviewer not recorded per row	unknown_manual_or_model	true; packaged JS/HTML	none_exact_found		no_per_row_official_or_wiki_pair	medium	unverified_static_js_html_translation_or_review	pending	magica/i18n_audit/release_v26_authority/manual_review_checklist.tsv;Pass16 peer rules, personally re-reviewed	静态界面逐槽位审校；不得改变ID、class、链接或模板表达式
MT-15965	static_js_html_unverified	static_js_html	magica/template/test/backdoorList.html	line:4	visible_text_or_string	道具・礼品卡赋予	发放道具、礼物及卡牌	needs-review/root-translation-required	magica/template/test/backdoorList.html#line:4/visible_text_or_string	none_exact_found	unknown	magica/i18n_audit/release_v26_authority/manual_review_checklist.tsv;Pass16 peer rules, personally re-reviewed	unknown	low	pending	道具・礼品卡赋予	source may be a pre-change Chinese/manual string, not always a Japanese original	static_manual_or_model_unverified	3_manual_static_review	pass16-static-manual-model-review	individual translator/reviewer not recorded per row	unknown_manual_or_model	true; packaged JS/HTML	none_exact_found		no_per_row_official_or_wiki_pair	medium	unverified_static_js_html_translation_or_review	pending	magica/i18n_audit/release_v26_authority/manual_review_checklist.tsv;Pass16 peer rules, personally re-reviewed	静态界面逐槽位审校；不得改变ID、class、链接或模板表达式
MT-15966	static_js_html_unverified	static_js_html	magica/template/test/backdoorList.html	line:40	visible_text_or_string	序言确认（来自ADV③）	序章确认（从ADV③开始）	needs-review/root-translation-required	magica/template/test/backdoorList.html#line:40/visible_text_or_string	none_exact_found	unknown	magica/i18n_audit/release_v26_authority/manual_review_checklist.tsv;Pass16 peer rules, personally re-reviewed	unknown	low	pending	序言确认（来自ADV③）	source may be a pre-change Chinese/manual string, not always a Japanese original	static_manual_or_model_unverified	3_manual_static_review	pass16-static-manual-model-review	individual translator/reviewer not recorded per row	unknown_manual_or_model	true; packaged JS/HTML	none_exact_found		no_per_row_official_or_wiki_pair	medium	unverified_static_js_html_translation_or_review	pending	magica/i18n_audit/release_v26_authority/manual_review_checklist.tsv;Pass16 peer rules, personally re-reviewed	静态界面逐槽位审校；不得改变ID、class、链接或模板表达式
MT-15967	static_js_html_unverified	static_js_html	magica/template/test/backdoorList.html	line:41	visible_text_or_string	序言确认（来自任务③）	序章确认（从关卡③开始）	needs-review/root-translation-required	magica/template/test/backdoorList.html#line:41/visible_text_or_string	none_exact_found	unknown	magica/i18n_audit/release_v26_authority/manual_review_checklist.tsv;Pass16 peer rules, personally re-reviewed	unknown	low	pending	序言确认（来自任务③）	source may be a pre-change Chinese/manual string, not always a Japanese original	static_manual_or_model_unverified	3_manual_static_review	pass16-static-manual-model-review	individual translator/reviewer not recorded per row	unknown_manual_or_model	true; packaged JS/HTML	none_exact_found		no_per_row_official_or_wiki_pair	medium	unverified_static_js_html_translation_or_review	pending	magica/i18n_audit/release_v26_authority/manual_review_checklist.tsv;Pass16 peer rules, personally re-reviewed	静态界面逐槽位审校；不得改变ID、class、链接或模板表达式
MT-15968	static_js_html_unverified	static_js_html	magica/template/test/backdoorList.html	line:42	visible_text_or_string	序言确认（来自ADV④）	序章确认（从ADV④开始）	needs-review/root-translation-required	magica/template/test/backdoorList.html#line:42/visible_text_or_string	none_exact_found	unknown	magica/i18n_audit/release_v26_authority/manual_review_checklist.tsv;Pass16 peer rules, personally re-reviewed	unknown	low	pending	序言确认（来自ADV④）	source may be a pre-change Chinese/manual string, not always a Japanese original	static_manual_or_model_unverified	3_manual_static_review	pass16-static-manual-model-review	individual translator/reviewer not recorded per row	unknown_manual_or_model	true; packaged JS/HTML	none_exact_found		no_per_row_official_or_wiki_pair	medium	unverified_static_js_html_translation_or_review	pending	magica/i18n_audit/release_v26_authority/manual_review_checklist.tsv;Pass16 peer rules, personally re-reviewed	静态界面逐槽位审校；不得改变ID、class、链接或模板表达式
MT-15969	static_js_html_unverified	static_js_html	magica/template/test/backdoorList.html	line:5	visible_text_or_string	相撲TOP	相扑首页	needs-review/root-translation-required	magica/template/test/backdoorList.html#line:5/visible_text_or_string	none_exact_found	unknown	magica/i18n_audit/release_v26_authority/manual_review_checklist.tsv;manual	unknown	low	pending	相撲TOP	source may be a pre-change Chinese/manual string, not always a Japanese original	static_manual_or_model_unverified	3_manual_static_review	pass16-static-manual-model-review	individual translator/reviewer not recorded per row	unknown_manual_or_model	true; packaged JS/HTML	none_exact_found		no_per_row_official_or_wiki_pair	medium	unverified_static_js_html_translation_or_review	pending	magica/i18n_audit/release_v26_authority/manual_review_checklist.tsv;manual	静态界面逐槽位审校；不得改变ID、class、链接或模板表达式
MT-15970	static_js_html_unverified	static_js_html	magica/template/test/backdoorList.html	line:7	visible_text_or_string	魔女记忆结晶 兑换页面	魔女记忆结晶兑换页面	needs-review/root-translation-required	magica/template/test/backdoorList.html#line:7/visible_text_or_string	none_exact_found	unknown	magica/i18n_audit/release_v26_authority/manual_review_checklist.tsv;Pass16 peer rules, personally re-reviewed	unknown	low	pending	魔女记忆结晶 兑换页面	source may be a pre-change Chinese/manual string, not always a Japanese original	static_manual_or_model_unverified	3_manual_static_review	pass16-static-manual-model-review	individual translator/reviewer not recorded per row	unknown_manual_or_model	true; packaged JS/HTML	none_exact_found		no_per_row_official_or_wiki_pair	medium	unverified_static_js_html_translation_or_review	pending	magica/i18n_audit/release_v26_authority/manual_review_checklist.tsv;Pass16 peer rules, personally re-reviewed	静态界面逐槽位审校；不得改变ID、class、链接或模板表达式
MT-15971	static_js_html_unverified	static_js_html	magica/template/test/backdoorList.html	line:8	visible_text_or_string	盒子 抽卡	箱子扭蛋	needs-review/root-translation-required	magica/template/test/backdoorList.html#line:8/visible_text_or_string	none_exact_found	unknown	magica/i18n_audit/release_v26_authority/manual_review_checklist.tsv;Pass16 peer rules, personally re-reviewed	unknown	low	pending	盒子 抽卡	source may be a pre-change Chinese/manual string, not always a Japanese original	static_manual_or_model_unverified	3_manual_static_review	pass16-static-manual-model-review	individual translator/reviewer not recorded per row	unknown_manual_or_model	true; packaged JS/HTML	none_exact_found		no_per_row_official_or_wiki_pair	medium	unverified_static_js_html_translation_or_review	pending	magica/i18n_audit/release_v26_authority/manual_review_checklist.tsv;Pass16 peer rules, personally re-reviewed	静态界面逐槽位审校；不得改变ID、class、链接或模板表达式
MT-15972	static_js_html_unverified	static_js_html	magica/template/test/backdoorList.html	line:88	visible_text_or_string	エラーコードを入力。	输入错误代码。	needs-review/root-translation-required	magica/template/test/backdoorList.html#line:88/visible_text_or_string	none_exact_found	unknown	magica/i18n_audit/release_v26_authority/manual_review_checklist.tsv;manual	unknown	low	pending	エラーコードを入力。	source may be a pre-change Chinese/manual string, not always a Japanese original	static_manual_or_model_unverified	3_manual_static_review	pass16-static-manual-model-review	individual translator/reviewer not recorded per row	unknown_manual_or_model	true; packaged JS/HTML	none_exact_found		no_per_row_official_or_wiki_pair	medium	unverified_static_js_html_translation_or_review	pending	magica/i18n_audit/release_v26_authority/manual_review_checklist.tsv;manual	静态界面逐槽位审校；不得改变ID、class、链接或模板表达式
MT-15973	static_js_html_unverified	static_js_html	magica/template/test/backdoorList.html	line:9	visible_text_or_string	沃尔普尔 全体 突袭	魔女之夜全体突袭	needs-review/root-translation-required	magica/template/test/backdoorList.html#line:9/visible_text_or_string	none_exact_found	unknown	magica/i18n_audit/release_v26_authority/manual_review_checklist.tsv;Pass16 peer rules, personally re-reviewed	unknown	low	pending	沃尔普尔 全体 突袭	source may be a pre-change Chinese/manual string, not always a Japanese original	static_manual_or_model_unverified	3_manual_static_review	pass16-static-manual-model-review	individual translator/reviewer not recorded per row	unknown_manual_or_model	true; packaged JS/HTML	none_exact_found		no_per_row_official_or_wiki_pair	medium	unverified_static_js_html_translation_or_review	pending	magica/i18n_audit/release_v26_authority/manual_review_checklist.tsv;Pass16 peer rules, personally re-reviewed	静态界面逐槽位审校；不得改变ID、class、链接或模板表达式
MT-15974	static_js_html_unverified	static_js_html	magica/template/test/backdoorList.html	line:91	visible_text_or_string	ツイートリンクを入力。	输入推文链接。	needs-review/root-translation-required	magica/template/test/backdoorList.html#line:91/visible_text_or_string	none_exact_found	unknown	magica/i18n_audit/release_v26_authority/manual_review_checklist.tsv;manual	unknown	low	pending	ツイートリンクを入力。	source may be a pre-change Chinese/manual string, not always a Japanese original	static_manual_or_model_unverified	3_manual_static_review	pass16-static-manual-model-review	individual translator/reviewer not recorded per row	unknown_manual_or_model	true; packaged JS/HTML	none_exact_found		no_per_row_official_or_wiki_pair	medium	unverified_static_js_html_translation_or_review	pending	magica/i18n_audit/release_v26_authority/manual_review_checklist.tsv;manual	静态界面逐槽位审校；不得改变ID、class、链接或模板表达式
MT-15975	static_js_html_unverified	static_js_html	magica/template/top/TopPage.html	line:37	visible_text_or_string	利用規約	使用条款	needs-review/root-translation-required	magica/template/top/TopPage.html#line:37/visible_text_or_string	none_exact_found	unknown	magica/i18n_audit/release_v26_authority/manual_review_checklist.tsv;manual	unknown	low	pending	利用規約	source may be a pre-change Chinese/manual string, not always a Japanese original	static_manual_or_model_unverified	3_manual_static_review	pass16-static-manual-model-review	individual translator/reviewer not recorded per row	unknown_manual_or_model	true; packaged JS/HTML	none_exact_found		no_per_row_official_or_wiki_pair	high	unverified_static_js_html_translation_or_review	pending	magica/i18n_audit/release_v26_authority/manual_review_checklist.tsv;manual	静态界面逐槽位审校；不得改变ID、class、链接或模板表达式
MT-15976	static_pass18_authority_correction	static_js_html	magica/js/regularEvent/groupBattle/view/BossPageView.js	line12	name	"name:""伊吕波·八千代"""	"name:""彩羽·八千代"""	"name:""彩羽·八千代"""	magica/js/regularEvent/groupBattle/view/BossPageView.js#line12/name	official_cn_character_name	official	magica/i18n_audit/release_v26_authority/pass18_authority_corrections.tsv#P18-00939;official dump authority.json uses 彩羽; runtime charaList same variant=彩羽·八千代	false	1.00	authority-verified	"name:""伊吕波·八千代"""	Pass18 records the replaced visible text; a Japanese source field is not available in the pass15 residual universe	pass18_higher_authority_applied	official_cn_character_name	pass18-authority-corrections	official CN/Wiki authority adoption; no new model translation	false	true; packaged JS/HTML	official_cn_character_name	"name:""彩羽·八千代"""	pass18-authority-verified	medium	historical_lower_authority_replaced	authority-verified	magica/i18n_audit/release_v26_authority/pass18_authority_corrections.tsv#P18-00939;official dump authority.json uses 彩羽; runtime charaList same variant=彩羽·八千代	"pass18_before=name:""伊吕波·八千代"";method=authority-component-normalization;rules=official_cn_character_name;visible static label only; no identifier/CSS changes"
