script_id	story_ids	titles	reader_path	indexed	complete	completion_period	body_fields	current_cn_blob	jp_path	current_jp_blob	machine_output_pair_count	evidence_report	evidence_source_commit	published_change_versions	review_evidence
310282-1	"[""310282""]"	"[""第2话 相连的心灵 繋がるマインド""]"	magireco-translate-data-master/Scenarios_full/character_story/1028 - 蓝家姬奈（藍家 ひめな）/310282-1.json	True	True	after_20261001_takeover	61	2badd84137893afa7415dfb0b0956f34ddb6e7af	magireco-source-master/Scenarios_full/character_story/1028 - 蓝家姬奈（藍家 ひめな）/310282-1.json	9357f5b4725cbf1c4f9ccc7f7cacbe453e8756cb	48	manifests/story_quality_semantic_batch04_ai_only_20261001_evidence.json.gz	93305879d45862439647d346281814b7070fe1cd	[3316]	"{""path"":""magireco-translate-data-master/Scenarios_full/character_story/1028 - 蓝家姬奈（藍家 ひめな）/310282-1.json"",""cn_blob"":""2badd84137893afa7415dfb0b0956f34ddb6e7af"",""jp_path"":""magireco-source-master/Scenarios_full/character_story/1028 - 蓝家姬奈（藍家 ひめな）/310282-1.json"",""jp_blob"":""9357f5b4725cbf1c4f9ccc7f7cacbe453e8756cb"",""evidence"":{""batch"":""20261001-semantic-batch04-ai-only"",""source_commit"":""93305879d45862439647d346281814b7070fe1cd"",""report"":""manifests/story_quality_semantic_batch04_ai_only_20261001_evidence.json.gz"",""script_id"":""310282-1"",""full_fields"":61}}"
310282-2	"[""310282""]"	"[""第2话 相连的心灵 繋がるマインド""]"	magireco-translate-data-master/Scenarios_full/character_story/1028 - 蓝家姬奈（藍家 ひめな）/310282-2.json	True	True	after_20261001_takeover	73	51e9efe7ddb7e1020f28c9ffbbb632251116ef75	magireco-source-master/Scenarios_full/character_story/1028 - 蓝家姬奈（藍家 ひめな）/310282-2.json	36073286ce97b60b1b742cfe34305c313afba763	63	manifests/story_quality_semantic_batch04_ai_only_20261001_evidence.json.gz	93305879d45862439647d346281814b7070fe1cd	[3316]	"{""path"":""magireco-translate-data-master/Scenarios_full/character_story/1028 - 蓝家姬奈（藍家 ひめな）/310282-2.json"",""cn_blob"":""51e9efe7ddb7e1020f28c9ffbbb632251116ef75"",""jp_path"":""magireco-source-master/Scenarios_full/character_story/1028 - 蓝家姬奈（藍家 ひめな）/310282-2.json"",""jp_blob"":""36073286ce97b60b1b742cfe34305c313afba763"",""evidence"":{""batch"":""20261001-semantic-batch04-ai-only"",""source_commit"":""93305879d45862439647d346281814b7070fe1cd"",""report"":""manifests/story_quality_semantic_batch04_ai_only_20261001_evidence.json.gz"",""script_id"":""310282-2"",""full_fields"":73}}"
310282-3	"[""310282""]"	"[""第2话 相连的心灵 繋がるマインド""]"	magireco-translate-data-master/Scenarios_full/character_story/1028 - 蓝家姬奈（藍家 ひめな）/310282-3.json	True	True	after_20261001_takeover	69	8a36e15b2a5182ce27b5ec1980f92a0903cf3e67	magireco-source-master/Scenarios_full/character_story/1028 - 蓝家姬奈（藍家 ひめな）/310282-3.json	53cf745616dcc85343a7604d1ee222bde7ecd5f7	60	manifests/story_quality_semantic_batch04_ai_only_20261001_evidence.json.gz	93305879d45862439647d346281814b7070fe1cd	[3316]	"{""path"":""magireco-translate-data-master/Scenarios_full/character_story/1028 - 蓝家姬奈（藍家 ひめな）/310282-3.json"",""cn_blob"":""8a36e15b2a5182ce27b5ec1980f92a0903cf3e67"",""jp_path"":""magireco-source-master/Scenarios_full/character_story/1028 - 蓝家姬奈（藍家 ひめな）/310282-3.json"",""jp_blob"":""53cf745616dcc85343a7604d1ee222bde7ecd5f7"",""evidence"":{""batch"":""20261001-semantic-batch04-ai-only"",""source_commit"":""93305879d45862439647d346281814b7070fe1cd"",""report"":""manifests/story_quality_semantic_batch04_ai_only_20261001_evidence.json.gz"",""script_id"":""310282-3"",""full_fields"":69}}"
310282-4	"[""310282""]"	"[""第2话 相连的心灵 繋がるマインド""]"	magireco-translate-data-master/Scenarios_full/character_story/1028 - 蓝家姬奈（藍家 ひめな）/310282-4.json	True	True	after_20261001_takeover	42	1f15f017b0abc0083530906a6c09ca9620fe3226	magireco-source-master/Scenarios_full/character_story/1028 - 蓝家姬奈（藍家 ひめな）/310282-4.json	9c4b3f7ec23fae5da5642919e81e14b757e4d326	37	manifests/story_quality_semantic_batch04_ai_only_20261001_evidence.json.gz	93305879d45862439647d346281814b7070fe1cd	[3316]	"{""path"":""magireco-translate-data-master/Scenarios_full/character_story/1028 - 蓝家姬奈（藍家 ひめな）/310282-4.json"",""cn_blob"":""1f15f017b0abc0083530906a6c09ca9620fe3226"",""jp_path"":""magireco-source-master/Scenarios_full/character_story/1028 - 蓝家姬奈（藍家 ひめな）/310282-4.json"",""jp_blob"":""9c4b3f7ec23fae5da5642919e81e14b757e4d326"",""evidence"":{""batch"":""20261001-semantic-batch04-ai-only"",""source_commit"":""93305879d45862439647d346281814b7070fe1cd"",""report"":""manifests/story_quality_semantic_batch04_ai_only_20261001_evidence.json.gz"",""script_id"":""310282-4"",""full_fields"":42}}"
310283-1	"[""310283""]"	"[""第3话 别离开我,我的伙伴 離れないでマイメン""]"	magireco-translate-data-master/Scenarios_full/character_story/1028 - 蓝家姬奈（藍家 ひめな）/310283-1.json	True	True	after_20261001_takeover	58	11012e0c18610817ed84d3fdd5bc8000de438b80	magireco-source-master/Scenarios_full/character_story/1028 - 蓝家姬奈（藍家 ひめな）/310283-1.json	823162d017ee6e020831ac7733a32246b0f507fc	52	manifests/story_quality_semantic_batch04_ai_only_20261001_evidence.json.gz	93305879d45862439647d346281814b7070fe1cd	[3316]	"{""path"":""magireco-translate-data-master/Scenarios_full/character_story/1028 - 蓝家姬奈（藍家 ひめな）/310283-1.json"",""cn_blob"":""11012e0c18610817ed84d3fdd5bc8000de438b80"",""jp_path"":""magireco-source-master/Scenarios_full/character_story/1028 - 蓝家姬奈（藍家 ひめな）/310283-1.json"",""jp_blob"":""823162d017ee6e020831ac7733a32246b0f507fc"",""evidence"":{""batch"":""20261001-semantic-batch04-ai-only"",""source_commit"":""93305879d45862439647d346281814b7070fe1cd"",""report"":""manifests/story_quality_semantic_batch04_ai_only_20261001_evidence.json.gz"",""script_id"":""310283-1"",""full_fields"":58}}"
310283-2	"[""310283""]"	"[""第3话 别离开我,我的伙伴 離れないでマイメン""]"	magireco-translate-data-master/Scenarios_full/character_story/1028 - 蓝家姬奈（藍家 ひめな）/310283-2.json	True	True	after_20261001_takeover	68	ee88981253411639937bf0a6564fa6a63758a757	magireco-source-master/Scenarios_full/character_story/1028 - 蓝家姬奈（藍家 ひめな）/310283-2.json	c46805f9c8b0fe39fb9b99404bcb5ffe0d669a6f	56	manifests/story_quality_semantic_batch04_ai_only_20261001_evidence.json.gz	93305879d45862439647d346281814b7070fe1cd	[3316]	"{""path"":""magireco-translate-data-master/Scenarios_full/character_story/1028 - 蓝家姬奈（藍家 ひめな）/310283-2.json"",""cn_blob"":""ee88981253411639937bf0a6564fa6a63758a757"",""jp_path"":""magireco-source-master/Scenarios_full/character_story/1028 - 蓝家姬奈（藍家 ひめな）/310283-2.json"",""jp_blob"":""c46805f9c8b0fe39fb9b99404bcb5ffe0d669a6f"",""evidence"":{""batch"":""20261001-semantic-batch04-ai-only"",""source_commit"":""93305879d45862439647d346281814b7070fe1cd"",""report"":""manifests/story_quality_semantic_batch04_ai_only_20261001_evidence.json.gz"",""script_id"":""310283-2"",""full_fields"":68}}"
310283-3	"[""310283""]"	"[""第3话 别离开我,我的伙伴 離れないでマイメン""]"	magireco-translate-data-master/Scenarios_full/character_story/1028 - 蓝家姬奈（藍家 ひめな）/310283-3.json	True	True	after_20261001_takeover	35	e1f247287f5d8dd5ee29544cb4979bf130dee09a	magireco-source-master/Scenarios_full/character_story/1028 - 蓝家姬奈（藍家 ひめな）/310283-3.json	053c1358e98c23e4640e83d4355246e3b326b9dc	32	manifests/story_quality_semantic_batch04_ai_only_20261001_evidence.json.gz	93305879d45862439647d346281814b7070fe1cd	[3316]	"{""path"":""magireco-translate-data-master/Scenarios_full/character_story/1028 - 蓝家姬奈（藍家 ひめな）/310283-3.json"",""cn_blob"":""e1f247287f5d8dd5ee29544cb4979bf130dee09a"",""jp_path"":""magireco-source-master/Scenarios_full/character_story/1028 - 蓝家姬奈（藍家 ひめな）/310283-3.json"",""jp_blob"":""053c1358e98c23e4640e83d4355246e3b326b9dc"",""evidence"":{""batch"":""20261001-semantic-batch04-ai-only"",""source_commit"":""93305879d45862439647d346281814b7070fe1cd"",""report"":""manifests/story_quality_semantic_batch04_ai_only_20261001_evidence.json.gz"",""script_id"":""310283-3"",""full_fields"":35}}"
310283-4	"[""310283""]"	"[""第3话 别离开我,我的伙伴 離れないでマイメン""]"	magireco-translate-data-master/Scenarios_full/character_story/1028 - 蓝家姬奈（藍家 ひめな）/310283-4.json	True	True	after_20261001_takeover	71	5ac116f8d5bb9d7ef3ad154144b804521e478b9d	magireco-source-master/Scenarios_full/character_story/1028 - 蓝家姬奈（藍家 ひめな）/310283-4.json	938d4764d96853f8f9340b1c2934da8f5e9cbe2c	59	manifests/story_quality_semantic_batch04_ai_only_20261001_evidence.json.gz	93305879d45862439647d346281814b7070fe1cd	[3316]	"{""path"":""magireco-translate-data-master/Scenarios_full/character_story/1028 - 蓝家姬奈（藍家 ひめな）/310283-4.json"",""cn_blob"":""5ac116f8d5bb9d7ef3ad154144b804521e478b9d"",""jp_path"":""magireco-source-master/Scenarios_full/character_story/1028 - 蓝家姬奈（藍家 ひめな）/310283-4.json"",""jp_blob"":""938d4764d96853f8f9340b1c2934da8f5e9cbe2c"",""evidence"":{""batch"":""20261001-semantic-batch04-ai-only"",""source_commit"":""93305879d45862439647d346281814b7070fe1cd"",""report"":""manifests/story_quality_semantic_batch04_ai_only_20261001_evidence.json.gz"",""script_id"":""310283-4"",""full_fields"":71}}"
310311-1	"[""310311""]"	"[""第1话 察觉到神明之时 神様に気づいたとき""]"	magireco-translate-data-master/Scenarios_full/character_story/1031 - 神乐灿（神楽 燦）/310311-1.json	True	True	after_20261001_takeover	69	23846efc441b16e9f11bf48120ba1d8df7d5c7d1	magireco-source-master/Scenarios_full/character_story/1031 - 神乐灿（神楽 燦）/310311-1.json	79b37150d5d7212eab154dc0064f5ee76c4dc6cd	62	manifests/story_quality_semantic_batch04_ai_only_20261001_evidence.json.gz	93305879d45862439647d346281814b7070fe1cd	[3306,3316]	"{""path"":""magireco-translate-data-master/Scenarios_full/character_story/1031 - 神乐灿（神楽 燦）/310311-1.json"",""cn_blob"":""23846efc441b16e9f11bf48120ba1d8df7d5c7d1"",""jp_path"":""magireco-source-master/Scenarios_full/character_story/1031 - 神乐灿（神楽 燦）/310311-1.json"",""jp_blob"":""79b37150d5d7212eab154dc0064f5ee76c4dc6cd"",""evidence"":{""batch"":""20261001-semantic-batch04-ai-only"",""source_commit"":""93305879d45862439647d346281814b7070fe1cd"",""report"":""manifests/story_quality_semantic_batch04_ai_only_20261001_evidence.json.gz"",""script_id"":""310311-1"",""full_fields"":69}}"
310311-2	"[""310311""]"	"[""第1话 察觉到神明之时 神様に気づいたとき""]"	magireco-translate-data-master/Scenarios_full/character_story/1031 - 神乐灿（神楽 燦）/310311-2.json	True	True	after_20261001_takeover	62	35c084cabff3c23fb8a47942f1a8070d21e2b627	magireco-source-master/Scenarios_full/character_story/1031 - 神乐灿（神楽 燦）/310311-2.json	404e0d1673e16ad2c04e0ffdab2422608154fcb8	57	manifests/story_quality_semantic_batch04_ai_only_20261001_evidence.json.gz	93305879d45862439647d346281814b7070fe1cd	[3306,3316]	"{""path"":""magireco-translate-data-master/Scenarios_full/character_story/1031 - 神乐灿（神楽 燦）/310311-2.json"",""cn_blob"":""35c084cabff3c23fb8a47942f1a8070d21e2b627"",""jp_path"":""magireco-source-master/Scenarios_full/character_story/1031 - 神乐灿（神楽 燦）/310311-2.json"",""jp_blob"":""404e0d1673e16ad2c04e0ffdab2422608154fcb8"",""evidence"":{""batch"":""20261001-semantic-batch04-ai-only"",""source_commit"":""93305879d45862439647d346281814b7070fe1cd"",""report"":""manifests/story_quality_semantic_batch04_ai_only_20261001_evidence.json.gz"",""script_id"":""310311-2"",""full_fields"":62}}"
310311-3	"[""310311""]"	"[""第1话 察觉到神明之时 神様に気づいたとき""]"	magireco-translate-data-master/Scenarios_full/character_story/1031 - 神乐灿（神楽 燦）/310311-3.json	True	True	after_20261001_takeover	56	2b1ddb6c0063f556b4a760675e6d219512e6ab26	magireco-source-master/Scenarios_full/character_story/1031 - 神乐灿（神楽 燦）/310311-3.json	8367fae9502f981ab24cad9e5364348a0602c409	51	manifests/story_quality_semantic_batch04_ai_only_20261001_evidence.json.gz	93305879d45862439647d346281814b7070fe1cd	[3306,3316]	"{""path"":""magireco-translate-data-master/Scenarios_full/character_story/1031 - 神乐灿（神楽 燦）/310311-3.json"",""cn_blob"":""2b1ddb6c0063f556b4a760675e6d219512e6ab26"",""jp_path"":""magireco-source-master/Scenarios_full/character_story/1031 - 神乐灿（神楽 燦）/310311-3.json"",""jp_blob"":""8367fae9502f981ab24cad9e5364348a0602c409"",""evidence"":{""batch"":""20261001-semantic-batch04-ai-only"",""source_commit"":""93305879d45862439647d346281814b7070fe1cd"",""report"":""manifests/story_quality_semantic_batch04_ai_only_20261001_evidence.json.gz"",""script_id"":""310311-3"",""full_fields"":56}}"
310311-4	"[""310311""]"	"[""第1话 察觉到神明之时 神様に気づいたとき""]"	magireco-translate-data-master/Scenarios_full/character_story/1031 - 神乐灿（神楽 燦）/310311-4.json	True	True	after_20261001_takeover	60	e90e168d0240698d980289626dde62b01cf08bc0	magireco-source-master/Scenarios_full/character_story/1031 - 神乐灿（神楽 燦）/310311-4.json	808d70c677828e72adcade34614a88b657ac6a84	52	manifests/story_quality_semantic_batch04_ai_only_20261001_evidence.json.gz	93305879d45862439647d346281814b7070fe1cd	[3316]	"{""path"":""magireco-translate-data-master/Scenarios_full/character_story/1031 - 神乐灿（神楽 燦）/310311-4.json"",""cn_blob"":""e90e168d0240698d980289626dde62b01cf08bc0"",""jp_path"":""magireco-source-master/Scenarios_full/character_story/1031 - 神乐灿（神楽 燦）/310311-4.json"",""jp_blob"":""808d70c677828e72adcade34614a88b657ac6a84"",""evidence"":{""batch"":""20261001-semantic-batch04-ai-only"",""source_commit"":""93305879d45862439647d346281814b7070fe1cd"",""report"":""manifests/story_quality_semantic_batch04_ai_only_20261001_evidence.json.gz"",""script_id"":""310311-4"",""full_fields"":60}}"
310312-1	"[""310312""]"	"[""第2话 不再依赖奇迹 奇跡にはもう頼らない""]"	magireco-translate-data-master/Scenarios_full/character_story/1031 - 神乐灿（神楽 燦）/310312-1.json	True	True	after_20261001_takeover	63	4f6131e74605ee05799850f61db73517190959e0	magireco-source-master/Scenarios_full/character_story/1031 - 神乐灿（神楽 燦）/310312-1.json	071f11046a2756700593ee23f90bfe9160172edf	55	manifests/story_quality_semantic_batch04_ai_only_20261001_evidence.json.gz	93305879d45862439647d346281814b7070fe1cd	[3306,3316]	"{""path"":""magireco-translate-data-master/Scenarios_full/character_story/1031 - 神乐灿（神楽 燦）/310312-1.json"",""cn_blob"":""4f6131e74605ee05799850f61db73517190959e0"",""jp_path"":""magireco-source-master/Scenarios_full/character_story/1031 - 神乐灿（神楽 燦）/310312-1.json"",""jp_blob"":""071f11046a2756700593ee23f90bfe9160172edf"",""evidence"":{""batch"":""20261001-semantic-batch04-ai-only"",""source_commit"":""93305879d45862439647d346281814b7070fe1cd"",""report"":""manifests/story_quality_semantic_batch04_ai_only_20261001_evidence.json.gz"",""script_id"":""310312-1"",""full_fields"":63}}"
310312-2	"[""310312""]"	"[""第2话 不再依赖奇迹 奇跡にはもう頼らない""]"	magireco-translate-data-master/Scenarios_full/character_story/1031 - 神乐灿（神楽 燦）/310312-2.json	True	True	after_20261001_takeover	65	8e48a6e5f7465902de7db25e49dc371be57cacb7	magireco-source-master/Scenarios_full/character_story/1031 - 神乐灿（神楽 燦）/310312-2.json	2129742a6659c879b56f1fd14d216744a85761e0	61	manifests/story_quality_semantic_batch04_ai_only_20261001_evidence.json.gz	93305879d45862439647d346281814b7070fe1cd	[3316]	"{""path"":""magireco-translate-data-master/Scenarios_full/character_story/1031 - 神乐灿（神楽 燦）/310312-2.json"",""cn_blob"":""8e48a6e5f7465902de7db25e49dc371be57cacb7"",""jp_path"":""magireco-source-master/Scenarios_full/character_story/1031 - 神乐灿（神楽 燦）/310312-2.json"",""jp_blob"":""2129742a6659c879b56f1fd14d216744a85761e0"",""evidence"":{""batch"":""20261001-semantic-batch04-ai-only"",""source_commit"":""93305879d45862439647d346281814b7070fe1cd"",""report"":""manifests/story_quality_semantic_batch04_ai_only_20261001_evidence.json.gz"",""script_id"":""310312-2"",""full_fields"":65}}"
310312-3	"[""310312""]"	"[""第2话 不再依赖奇迹 奇跡にはもう頼らない""]"	magireco-translate-data-master/Scenarios_full/character_story/1031 - 神乐灿（神楽 燦）/310312-3.json	True	True	after_20261001_takeover	61	fa6c78394711213d447af7b98c62486ab2879154	magireco-source-master/Scenarios_full/character_story/1031 - 神乐灿（神楽 燦）/310312-3.json	fa0890fb647c37cce20a19b5e77b2af1c383eaee	46	manifests/story_quality_semantic_batch04_ai_only_20261001_evidence.json.gz	93305879d45862439647d346281814b7070fe1cd	[3316]	"{""path"":""magireco-translate-data-master/Scenarios_full/character_story/1031 - 神乐灿（神楽 燦）/310312-3.json"",""cn_blob"":""fa6c78394711213d447af7b98c62486ab2879154"",""jp_path"":""magireco-source-master/Scenarios_full/character_story/1031 - 神乐灿（神楽 燦）/310312-3.json"",""jp_blob"":""fa0890fb647c37cce20a19b5e77b2af1c383eaee"",""evidence"":{""batch"":""20261001-semantic-batch04-ai-only"",""source_commit"":""93305879d45862439647d346281814b7070fe1cd"",""report"":""manifests/story_quality_semantic_batch04_ai_only_20261001_evidence.json.gz"",""script_id"":""310312-3"",""full_fields"":61}}"
310312-4	"[""310312""]"	"[""第2话 不再依赖奇迹 奇跡にはもう頼らない""]"	magireco-translate-data-master/Scenarios_full/character_story/1031 - 神乐灿（神楽 燦）/310312-4.json	True	True	after_20261001_takeover	67	cb51a22efef98941db05ecc3eaadb82be8974cbd	magireco-source-master/Scenarios_full/character_story/1031 - 神乐灿（神楽 燦）/310312-4.json	728ad639ebf016027aa418569a6ed766bd9845a3	54	manifests/story_quality_semantic_batch04_ai_only_20261001_evidence.json.gz	93305879d45862439647d346281814b7070fe1cd	[]	"{""path"":""magireco-translate-data-master/Scenarios_full/character_story/1031 - 神乐灿（神楽 燦）/310312-4.json"",""cn_blob"":""cb51a22efef98941db05ecc3eaadb82be8974cbd"",""jp_path"":""magireco-source-master/Scenarios_full/character_story/1031 - 神乐灿（神楽 燦）/310312-4.json"",""jp_blob"":""728ad639ebf016027aa418569a6ed766bd9845a3"",""evidence"":{""batch"":""20261001-semantic-batch04-ai-only"",""source_commit"":""93305879d45862439647d346281814b7070fe1cd"",""report"":""manifests/story_quality_semantic_batch04_ai_only_20261001_evidence.json.gz"",""script_id"":""310312-4"",""full_fields"":67}}"
310313-1	"[""310313""]"	"[""第3话 即使失去一切 全てを失っても""]"	magireco-translate-data-master/Scenarios_full/character_story/1031 - 神乐灿（神楽 燦）/310313-1.json	True	True	after_20261001_takeover	65	2f1298ed986e251eb7721566b0e7390ef01e7ea4	magireco-source-master/Scenarios_full/character_story/1031 - 神乐灿（神楽 燦）/310313-1.json	8c76177358a6ac608921edbe9b065cff5fe07b2a	43	manifests/story_quality_semantic_batch04_ai_only_20261001_evidence.json.gz	93305879d45862439647d346281814b7070fe1cd	[3306,3316]	"{""path"":""magireco-translate-data-master/Scenarios_full/character_story/1031 - 神乐灿（神楽 燦）/310313-1.json"",""cn_blob"":""2f1298ed986e251eb7721566b0e7390ef01e7ea4"",""jp_path"":""magireco-source-master/Scenarios_full/character_story/1031 - 神乐灿（神楽 燦）/310313-1.json"",""jp_blob"":""8c76177358a6ac608921edbe9b065cff5fe07b2a"",""evidence"":{""batch"":""20261001-semantic-batch04-ai-only"",""source_commit"":""93305879d45862439647d346281814b7070fe1cd"",""report"":""manifests/story_quality_semantic_batch04_ai_only_20261001_evidence.json.gz"",""script_id"":""310313-1"",""full_fields"":65}}"
310313-2	"[""310313""]"	"[""第3话 即使失去一切 全てを失っても""]"	magireco-translate-data-master/Scenarios_full/character_story/1031 - 神乐灿（神楽 燦）/310313-2.json	True	True	after_20261001_takeover	45	cd2fa43137a536a3f88fd363101aeb90849f0067	magireco-source-master/Scenarios_full/character_story/1031 - 神乐灿（神楽 燦）/310313-2.json	7176d1c192de868aa6cc4aded01aaf2e2457af3a	36	manifests/story_quality_semantic_batch04_ai_only_20261001_evidence.json.gz	93305879d45862439647d346281814b7070fe1cd	[3316]	"{""path"":""magireco-translate-data-master/Scenarios_full/character_story/1031 - 神乐灿（神楽 燦）/310313-2.json"",""cn_blob"":""cd2fa43137a536a3f88fd363101aeb90849f0067"",""jp_path"":""magireco-source-master/Scenarios_full/character_story/1031 - 神乐灿（神楽 燦）/310313-2.json"",""jp_blob"":""7176d1c192de868aa6cc4aded01aaf2e2457af3a"",""evidence"":{""batch"":""20261001-semantic-batch04-ai-only"",""source_commit"":""93305879d45862439647d346281814b7070fe1cd"",""report"":""manifests/story_quality_semantic_batch04_ai_only_20261001_evidence.json.gz"",""script_id"":""310313-2"",""full_fields"":45}}"
310313-3	"[""310313""]"	"[""第3话 即使失去一切 全てを失っても""]"	magireco-translate-data-master/Scenarios_full/character_story/1031 - 神乐灿（神楽 燦）/310313-3.json	True	True	after_20261001_takeover	78	370ee6d4948c056cf215b19dc683db35362cb9fd	magireco-source-master/Scenarios_full/character_story/1031 - 神乐灿（神楽 燦）/310313-3.json	1130fe9088c5c701f55701212bc20965d45d0d8b	63	manifests/story_quality_semantic_batch04_ai_only_20261001_evidence.json.gz	93305879d45862439647d346281814b7070fe1cd	[3306,3316]	"{""path"":""magireco-translate-data-master/Scenarios_full/character_story/1031 - 神乐灿（神楽 燦）/310313-3.json"",""cn_blob"":""370ee6d4948c056cf215b19dc683db35362cb9fd"",""jp_path"":""magireco-source-master/Scenarios_full/character_story/1031 - 神乐灿（神楽 燦）/310313-3.json"",""jp_blob"":""1130fe9088c5c701f55701212bc20965d45d0d8b"",""evidence"":{""batch"":""20261001-semantic-batch04-ai-only"",""source_commit"":""93305879d45862439647d346281814b7070fe1cd"",""report"":""manifests/story_quality_semantic_batch04_ai_only_20261001_evidence.json.gz"",""script_id"":""310313-3"",""full_fields"":78}}"
310313-4	"[""310313""]"	"[""第3话 即使失去一切 全てを失っても""]"	magireco-translate-data-master/Scenarios_full/character_story/1031 - 神乐灿（神楽 燦）/310313-4.json	True	True	after_20261001_takeover	60	1275e685a0806b78e4bf7206d148b852f4688799	magireco-source-master/Scenarios_full/character_story/1031 - 神乐灿（神楽 燦）/310313-4.json	e25f6d23ca94d9fdc3b20e8dba0f37c5d229bd88	53	manifests/story_quality_semantic_batch04_ai_only_20261001_evidence.json.gz	93305879d45862439647d346281814b7070fe1cd	[3316]	"{""path"":""magireco-translate-data-master/Scenarios_full/character_story/1031 - 神乐灿（神楽 燦）/310313-4.json"",""cn_blob"":""1275e685a0806b78e4bf7206d148b852f4688799"",""jp_path"":""magireco-source-master/Scenarios_full/character_story/1031 - 神乐灿（神楽 燦）/310313-4.json"",""jp_blob"":""e25f6d23ca94d9fdc3b20e8dba0f37c5d229bd88"",""evidence"":{""batch"":""20261001-semantic-batch04-ai-only"",""source_commit"":""93305879d45862439647d346281814b7070fe1cd"",""report"":""manifests/story_quality_semantic_batch04_ai_only_20261001_evidence.json.gz"",""script_id"":""310313-4"",""full_fields"":60}}"
310321-1	"[""310321""]"	"[""第1话 美由与灿大人的相识 ミユと燦様の馴れ初め""]"	magireco-translate-data-master/Scenarios_full/character_story/1032 - 游狩美由利（遊狩 ミユリ）/310321-1.json	True	True	after_20261001_takeover	59	2f42abdaf20d9bed1f3baad778efc7399110a555	magireco-source-master/Scenarios_full/character_story/1032 - 游狩美由利（遊狩 ミユリ）/310321-1.json	03dbea753d2bed1e2a7b502c36fa2c8de41e05d5	52	manifests/story_quality_semantic_batch04_ai_only_20261001_evidence.json.gz	93305879d45862439647d346281814b7070fe1cd	[3316]	"{""path"":""magireco-translate-data-master/Scenarios_full/character_story/1032 - 游狩美由利（遊狩 ミユリ）/310321-1.json"",""cn_blob"":""2f42abdaf20d9bed1f3baad778efc7399110a555"",""jp_path"":""magireco-source-master/Scenarios_full/character_story/1032 - 游狩美由利（遊狩 ミユリ）/310321-1.json"",""jp_blob"":""03dbea753d2bed1e2a7b502c36fa2c8de41e05d5"",""evidence"":{""batch"":""20261001-semantic-batch04-ai-only"",""source_commit"":""93305879d45862439647d346281814b7070fe1cd"",""report"":""manifests/story_quality_semantic_batch04_ai_only_20261001_evidence.json.gz"",""script_id"":""310321-1"",""full_fields"":59}}"
310321-2	"[""310321""]"	"[""第1话 美由与灿大人的相识 ミユと燦様の馴れ初め""]"	magireco-translate-data-master/Scenarios_full/character_story/1032 - 游狩美由利（遊狩 ミユリ）/310321-2.json	True	True	after_20261001_takeover	50	f367571ac1d1069eee88e3982834879e9fbd781d	magireco-source-master/Scenarios_full/character_story/1032 - 游狩美由利（遊狩 ミユリ）/310321-2.json	50002ff2f28257598d1058731276a9a1307a6dfa	43	manifests/story_quality_semantic_batch04_ai_only_20261001_evidence.json.gz	93305879d45862439647d346281814b7070fe1cd	[]	"{""path"":""magireco-translate-data-master/Scenarios_full/character_story/1032 - 游狩美由利（遊狩 ミユリ）/310321-2.json"",""cn_blob"":""f367571ac1d1069eee88e3982834879e9fbd781d"",""jp_path"":""magireco-source-master/Scenarios_full/character_story/1032 - 游狩美由利（遊狩 ミユリ）/310321-2.json"",""jp_blob"":""50002ff2f28257598d1058731276a9a1307a6dfa"",""evidence"":{""batch"":""20261001-semantic-batch04-ai-only"",""source_commit"":""93305879d45862439647d346281814b7070fe1cd"",""report"":""manifests/story_quality_semantic_batch04_ai_only_20261001_evidence.json.gz"",""script_id"":""310321-2"",""full_fields"":50}}"
310321-3	"[""310321""]"	"[""第1话 美由与灿大人的相识 ミユと燦様の馴れ初め""]"	magireco-translate-data-master/Scenarios_full/character_story/1032 - 游狩美由利（遊狩 ミユリ）/310321-3.json	True	True	after_20261001_takeover	75	18499357aa9445e1f331ab08002365c63687e257	magireco-source-master/Scenarios_full/character_story/1032 - 游狩美由利（遊狩 ミユリ）/310321-3.json	1b8e9fafcab0ab453da19aa0219b5b9ba861d558	65	manifests/story_quality_semantic_batch04_ai_only_20261001_evidence.json.gz	93305879d45862439647d346281814b7070fe1cd	[3306,3316]	"{""path"":""magireco-translate-data-master/Scenarios_full/character_story/1032 - 游狩美由利（遊狩 ミユリ）/310321-3.json"",""cn_blob"":""18499357aa9445e1f331ab08002365c63687e257"",""jp_path"":""magireco-source-master/Scenarios_full/character_story/1032 - 游狩美由利（遊狩 ミユリ）/310321-3.json"",""jp_blob"":""1b8e9fafcab0ab453da19aa0219b5b9ba861d558"",""evidence"":{""batch"":""20261001-semantic-batch04-ai-only"",""source_commit"":""93305879d45862439647d346281814b7070fe1cd"",""report"":""manifests/story_quality_semantic_batch04_ai_only_20261001_evidence.json.gz"",""script_id"":""310321-3"",""full_fields"":75}}"
310321-4	"[""310321""]"	"[""第1话 美由与灿大人的相识 ミユと燦様の馴れ初め""]"	magireco-translate-data-master/Scenarios_full/character_story/1032 - 游狩美由利（遊狩 ミユリ）/310321-4.json	True	True	after_20261001_takeover	30	2f259c3ac2fe792f7d34d698044ee11a38c489a5	magireco-source-master/Scenarios_full/character_story/1032 - 游狩美由利（遊狩 ミユリ）/310321-4.json	4ff27d9b4fc0afd86d8a5bac9842b75c10baa340	29	manifests/story_quality_semantic_batch04_ai_only_20261001_evidence.json.gz	93305879d45862439647d346281814b7070fe1cd	[]	"{""path"":""magireco-translate-data-master/Scenarios_full/character_story/1032 - 游狩美由利（遊狩 ミユリ）/310321-4.json"",""cn_blob"":""2f259c3ac2fe792f7d34d698044ee11a38c489a5"",""jp_path"":""magireco-source-master/Scenarios_full/character_story/1032 - 游狩美由利（遊狩 ミユリ）/310321-4.json"",""jp_blob"":""4ff27d9b4fc0afd86d8a5bac9842b75c10baa340"",""evidence"":{""batch"":""20261001-semantic-batch04-ai-only"",""source_commit"":""93305879d45862439647d346281814b7070fe1cd"",""report"":""manifests/story_quality_semantic_batch04_ai_only_20261001_evidence.json.gz"",""script_id"":""310321-4"",""full_fields"":30}}"
310322-1	"[""310322""]"	"[""第2话 美由喜欢的东西 ミユの好きなもの""]"	magireco-translate-data-master/Scenarios_full/character_story/1032 - 游狩美由利（遊狩 ミユリ）/310322-1.json	True	True	after_20261001_takeover	42	aec8f22f37ea02d34d8718c2f7f532bdecceaa81	magireco-source-master/Scenarios_full/character_story/1032 - 游狩美由利（遊狩 ミユリ）/310322-1.json	a6f4f083b57918e783c6cf9326eb685dc6932bba	37	manifests/story_quality_semantic_batch04_ai_only_20261001_evidence.json.gz	93305879d45862439647d346281814b7070fe1cd	[]	"{""path"":""magireco-translate-data-master/Scenarios_full/character_story/1032 - 游狩美由利（遊狩 ミユリ）/310322-1.json"",""cn_blob"":""aec8f22f37ea02d34d8718c2f7f532bdecceaa81"",""jp_path"":""magireco-source-master/Scenarios_full/character_story/1032 - 游狩美由利（遊狩 ミユリ）/310322-1.json"",""jp_blob"":""a6f4f083b57918e783c6cf9326eb685dc6932bba"",""evidence"":{""batch"":""20261001-semantic-batch04-ai-only"",""source_commit"":""93305879d45862439647d346281814b7070fe1cd"",""report"":""manifests/story_quality_semantic_batch04_ai_only_20261001_evidence.json.gz"",""script_id"":""310322-1"",""full_fields"":42}}"
310322-2	"[""310322""]"	"[""第2话 美由喜欢的东西 ミユの好きなもの""]"	magireco-translate-data-master/Scenarios_full/character_story/1032 - 游狩美由利（遊狩 ミユリ）/310322-2.json	True	True	after_20261001_takeover	59	7304848a450eaadf51dde4ca28db6900d8bcc5e4	magireco-source-master/Scenarios_full/character_story/1032 - 游狩美由利（遊狩 ミユリ）/310322-2.json	48f24405690957c2619b3fe7332301331644f562	49	manifests/story_quality_semantic_batch04_ai_only_20261001_evidence.json.gz	93305879d45862439647d346281814b7070fe1cd	[3316]	"{""path"":""magireco-translate-data-master/Scenarios_full/character_story/1032 - 游狩美由利（遊狩 ミユリ）/310322-2.json"",""cn_blob"":""7304848a450eaadf51dde4ca28db6900d8bcc5e4"",""jp_path"":""magireco-source-master/Scenarios_full/character_story/1032 - 游狩美由利（遊狩 ミユリ）/310322-2.json"",""jp_blob"":""48f24405690957c2619b3fe7332301331644f562"",""evidence"":{""batch"":""20261001-semantic-batch04-ai-only"",""source_commit"":""93305879d45862439647d346281814b7070fe1cd"",""report"":""manifests/story_quality_semantic_batch04_ai_only_20261001_evidence.json.gz"",""script_id"":""310322-2"",""full_fields"":59}}"
310322-3	"[""310322""]"	"[""第2话 美由喜欢的东西 ミユの好きなもの""]"	magireco-translate-data-master/Scenarios_full/character_story/1032 - 游狩美由利（遊狩 ミユリ）/310322-3.json	True	True	after_20261001_takeover	61	f0ad1450f452028c884566fd17927b2da0695936	magireco-source-master/Scenarios_full/character_story/1032 - 游狩美由利（遊狩 ミユリ）/310322-3.json	bb9a2d9af002985d27ce4c30ecd3ac0143ba6884	51	manifests/story_quality_semantic_batch04_ai_only_20261001_evidence.json.gz	93305879d45862439647d346281814b7070fe1cd	[3316]	"{""path"":""magireco-translate-data-master/Scenarios_full/character_story/1032 - 游狩美由利（遊狩 ミユリ）/310322-3.json"",""cn_blob"":""f0ad1450f452028c884566fd17927b2da0695936"",""jp_path"":""magireco-source-master/Scenarios_full/character_story/1032 - 游狩美由利（遊狩 ミユリ）/310322-3.json"",""jp_blob"":""bb9a2d9af002985d27ce4c30ecd3ac0143ba6884"",""evidence"":{""batch"":""20261001-semantic-batch04-ai-only"",""source_commit"":""93305879d45862439647d346281814b7070fe1cd"",""report"":""manifests/story_quality_semantic_batch04_ai_only_20261001_evidence.json.gz"",""script_id"":""310322-3"",""full_fields"":61}}"
310322-4	"[""310322""]"	"[""第2话 美由喜欢的东西 ミユの好きなもの""]"	magireco-translate-data-master/Scenarios_full/character_story/1032 - 游狩美由利（遊狩 ミユリ）/310322-4.json	True	True	after_20261001_takeover	48	6c39cf044017910322439220d6e5edc665ee4aac	magireco-source-master/Scenarios_full/character_story/1032 - 游狩美由利（遊狩 ミユリ）/310322-4.json	49fdbb1af2e1ec5d11921618d99ffebc141c5963	44	manifests/story_quality_semantic_batch04_ai_only_20261001_evidence.json.gz	93305879d45862439647d346281814b7070fe1cd	[]	"{""path"":""magireco-translate-data-master/Scenarios_full/character_story/1032 - 游狩美由利（遊狩 ミユリ）/310322-4.json"",""cn_blob"":""6c39cf044017910322439220d6e5edc665ee4aac"",""jp_path"":""magireco-source-master/Scenarios_full/character_story/1032 - 游狩美由利（遊狩 ミユリ）/310322-4.json"",""jp_blob"":""49fdbb1af2e1ec5d11921618d99ffebc141c5963"",""evidence"":{""batch"":""20261001-semantic-batch04-ai-only"",""source_commit"":""93305879d45862439647d346281814b7070fe1cd"",""report"":""manifests/story_quality_semantic_batch04_ai_only_20261001_evidence.json.gz"",""script_id"":""310322-4"",""full_fields"":48}}"
310323-1	"[""310323""]"	"[""第3话 美由的神明 大人 ミユの神様""]"	magireco-translate-data-master/Scenarios_full/character_story/1032 - 游狩美由利（遊狩 ミユリ）/310323-1.json	True	True	after_20261001_takeover	72	c93542cbc7721e6e3c2f6332a8c809c7bbbfe18f	magireco-source-master/Scenarios_full/character_story/1032 - 游狩美由利（遊狩 ミユリ）/310323-1.json	9507bc190f228a19f0269918c5e984ab173731bd	64	manifests/story_quality_semantic_batch04_ai_only_20261001_evidence.json.gz	93305879d45862439647d346281814b7070fe1cd	[3316]	"{""path"":""magireco-translate-data-master/Scenarios_full/character_story/1032 - 游狩美由利（遊狩 ミユリ）/310323-1.json"",""cn_blob"":""c93542cbc7721e6e3c2f6332a8c809c7bbbfe18f"",""jp_path"":""magireco-source-master/Scenarios_full/character_story/1032 - 游狩美由利（遊狩 ミユリ）/310323-1.json"",""jp_blob"":""9507bc190f228a19f0269918c5e984ab173731bd"",""evidence"":{""batch"":""20261001-semantic-batch04-ai-only"",""source_commit"":""93305879d45862439647d346281814b7070fe1cd"",""report"":""manifests/story_quality_semantic_batch04_ai_only_20261001_evidence.json.gz"",""script_id"":""310323-1"",""full_fields"":72}}"
310323-2	"[""310323""]"	"[""第3话 美由的神明 大人 ミユの神様""]"	magireco-translate-data-master/Scenarios_full/character_story/1032 - 游狩美由利（遊狩 ミユリ）/310323-2.json	True	True	after_20261001_takeover	70	58ecc2df86edbb6d99746e8f15fa005d12db269f	magireco-source-master/Scenarios_full/character_story/1032 - 游狩美由利（遊狩 ミユリ）/310323-2.json	0175316c9d7986a5c3237461c306896fd95b5ac8	63	manifests/story_quality_semantic_batch04_ai_only_20261001_evidence.json.gz	93305879d45862439647d346281814b7070fe1cd	[3316]	"{""path"":""magireco-translate-data-master/Scenarios_full/character_story/1032 - 游狩美由利（遊狩 ミユリ）/310323-2.json"",""cn_blob"":""58ecc2df86edbb6d99746e8f15fa005d12db269f"",""jp_path"":""magireco-source-master/Scenarios_full/character_story/1032 - 游狩美由利（遊狩 ミユリ）/310323-2.json"",""jp_blob"":""0175316c9d7986a5c3237461c306896fd95b5ac8"",""evidence"":{""batch"":""20261001-semantic-batch04-ai-only"",""source_commit"":""93305879d45862439647d346281814b7070fe1cd"",""report"":""manifests/story_quality_semantic_batch04_ai_only_20261001_evidence.json.gz"",""script_id"":""310323-2"",""full_fields"":70}}"
310323-3	"[""310323""]"	"[""第3话 美由的神明 大人 ミユの神様""]"	magireco-translate-data-master/Scenarios_full/character_story/1032 - 游狩美由利（遊狩 ミユリ）/310323-3.json	True	True	after_20261001_takeover	84	d65787e30c50f04b80c23299186e871dcd06332b	magireco-source-master/Scenarios_full/character_story/1032 - 游狩美由利（遊狩 ミユリ）/310323-3.json	52e698491c86a021b878d273856d1ceb80b9552b	78	manifests/story_quality_semantic_batch04_ai_only_20261001_evidence.json.gz	93305879d45862439647d346281814b7070fe1cd	[3316]	"{""path"":""magireco-translate-data-master/Scenarios_full/character_story/1032 - 游狩美由利（遊狩 ミユリ）/310323-3.json"",""cn_blob"":""d65787e30c50f04b80c23299186e871dcd06332b"",""jp_path"":""magireco-source-master/Scenarios_full/character_story/1032 - 游狩美由利（遊狩 ミユリ）/310323-3.json"",""jp_blob"":""52e698491c86a021b878d273856d1ceb80b9552b"",""evidence"":{""batch"":""20261001-semantic-batch04-ai-only"",""source_commit"":""93305879d45862439647d346281814b7070fe1cd"",""report"":""manifests/story_quality_semantic_batch04_ai_only_20261001_evidence.json.gz"",""script_id"":""310323-3"",""full_fields"":84}}"
310323-4	"[""310323""]"	"[""第3话 美由的神明 大人 ミユの神様""]"	magireco-translate-data-master/Scenarios_full/character_story/1032 - 游狩美由利（遊狩 ミユリ）/310323-4.json	True	True	after_20261001_takeover	50	776237b2a829a074c1d35b5d80706b8749f2bfcb	magireco-source-master/Scenarios_full/character_story/1032 - 游狩美由利（遊狩 ミユリ）/310323-4.json	510097150253610cf01146177e4b22aadf063f93	44	manifests/story_quality_semantic_batch04_ai_only_20261001_evidence.json.gz	93305879d45862439647d346281814b7070fe1cd	[3316]	"{""path"":""magireco-translate-data-master/Scenarios_full/character_story/1032 - 游狩美由利（遊狩 ミユリ）/310323-4.json"",""cn_blob"":""776237b2a829a074c1d35b5d80706b8749f2bfcb"",""jp_path"":""magireco-source-master/Scenarios_full/character_story/1032 - 游狩美由利（遊狩 ミユリ）/310323-4.json"",""jp_blob"":""510097150253610cf01146177e4b22aadf063f93"",""evidence"":{""batch"":""20261001-semantic-batch04-ai-only"",""source_commit"":""93305879d45862439647d346281814b7070fe1cd"",""report"":""manifests/story_quality_semantic_batch04_ai_only_20261001_evidence.json.gz"",""script_id"":""310323-4"",""full_fields"":50}}"
310331-1	"[""310331""]"	"[""第1话 即使覆水无法收回 覆水盆に返らずとも""]"	magireco-translate-data-master/Scenarios_full/character_story/1033 - 冰室拉比（氷室 ラビ）/310331-1.json	True	True	after_20261001_takeover	72	3ffb55f1e4cca6970261473a49e3f2783355c0f9	magireco-source-master/Scenarios_full/character_story/1033 - 冰室拉比（氷室 ラビ）/310331-1.json	bdb4b6eed6084a7906e0c17d60a7ad3d066bdaaa	63	manifests/story_quality_semantic_batch04_ai_only_20261001_evidence.json.gz	93305879d45862439647d346281814b7070fe1cd	[3316]	"{""path"":""magireco-translate-data-master/Scenarios_full/character_story/1033 - 冰室拉比（氷室 ラビ）/310331-1.json"",""cn_blob"":""3ffb55f1e4cca6970261473a49e3f2783355c0f9"",""jp_path"":""magireco-source-master/Scenarios_full/character_story/1033 - 冰室拉比（氷室 ラビ）/310331-1.json"",""jp_blob"":""bdb4b6eed6084a7906e0c17d60a7ad3d066bdaaa"",""evidence"":{""batch"":""20261001-semantic-batch04-ai-only"",""source_commit"":""93305879d45862439647d346281814b7070fe1cd"",""report"":""manifests/story_quality_semantic_batch04_ai_only_20261001_evidence.json.gz"",""script_id"":""310331-1"",""full_fields"":72}}"
310331-2	"[""310331""]"	"[""第1话 即使覆水无法收回 覆水盆に返らずとも""]"	magireco-translate-data-master/Scenarios_full/character_story/1033 - 冰室拉比（氷室 ラビ）/310331-2.json	True	True	after_20261001_takeover	52	36429e84e084e15cd4cd005f08e1124e0c637559	magireco-source-master/Scenarios_full/character_story/1033 - 冰室拉比（氷室 ラビ）/310331-2.json	5c2316ca1d2fe62841fd9f624501b0545a811f2d	47	manifests/story_quality_semantic_batch04_ai_only_20261001_evidence.json.gz	93305879d45862439647d346281814b7070fe1cd	[3316]	"{""path"":""magireco-translate-data-master/Scenarios_full/character_story/1033 - 冰室拉比（氷室 ラビ）/310331-2.json"",""cn_blob"":""36429e84e084e15cd4cd005f08e1124e0c637559"",""jp_path"":""magireco-source-master/Scenarios_full/character_story/1033 - 冰室拉比（氷室 ラビ）/310331-2.json"",""jp_blob"":""5c2316ca1d2fe62841fd9f624501b0545a811f2d"",""evidence"":{""batch"":""20261001-semantic-batch04-ai-only"",""source_commit"":""93305879d45862439647d346281814b7070fe1cd"",""report"":""manifests/story_quality_semantic_batch04_ai_only_20261001_evidence.json.gz"",""script_id"":""310331-2"",""full_fields"":52}}"
310331-3	"[""310331""]"	"[""第1话 即使覆水无法收回 覆水盆に返らずとも""]"	magireco-translate-data-master/Scenarios_full/character_story/1033 - 冰室拉比（氷室 ラビ）/310331-3.json	True	True	after_20261001_takeover	38	295bd987adc2839597c3230cd541f70b08ffd81f	magireco-source-master/Scenarios_full/character_story/1033 - 冰室拉比（氷室 ラビ）/310331-3.json	144d5837c2ee2027f2e7cf48abc0209739bac310	32	manifests/story_quality_semantic_batch04_ai_only_20261001_evidence.json.gz	93305879d45862439647d346281814b7070fe1cd	[3316]	"{""path"":""magireco-translate-data-master/Scenarios_full/character_story/1033 - 冰室拉比（氷室 ラビ）/310331-3.json"",""cn_blob"":""295bd987adc2839597c3230cd541f70b08ffd81f"",""jp_path"":""magireco-source-master/Scenarios_full/character_story/1033 - 冰室拉比（氷室 ラビ）/310331-3.json"",""jp_blob"":""144d5837c2ee2027f2e7cf48abc0209739bac310"",""evidence"":{""batch"":""20261001-semantic-batch04-ai-only"",""source_commit"":""93305879d45862439647d346281814b7070fe1cd"",""report"":""manifests/story_quality_semantic_batch04_ai_only_20261001_evidence.json.gz"",""script_id"":""310331-3"",""full_fields"":38}}"
310331-4	"[""310331""]"	"[""第1话 即使覆水无法收回 覆水盆に返らずとも""]"	magireco-translate-data-master/Scenarios_full/character_story/1033 - 冰室拉比（氷室 ラビ）/310331-4.json	True	True	after_20261001_takeover	44	b7e60f5c88c057d7b5e729372994d438563b7b8a	magireco-source-master/Scenarios_full/character_story/1033 - 冰室拉比（氷室 ラビ）/310331-4.json	65798cd5f415e0512b827416d81ecbd1c153b405	39	manifests/story_quality_semantic_batch04_ai_only_20261001_evidence.json.gz	93305879d45862439647d346281814b7070fe1cd	[3316]	"{""path"":""magireco-translate-data-master/Scenarios_full/character_story/1033 - 冰室拉比（氷室 ラビ）/310331-4.json"",""cn_blob"":""b7e60f5c88c057d7b5e729372994d438563b7b8a"",""jp_path"":""magireco-source-master/Scenarios_full/character_story/1033 - 冰室拉比（氷室 ラビ）/310331-4.json"",""jp_blob"":""65798cd5f415e0512b827416d81ecbd1c153b405"",""evidence"":{""batch"":""20261001-semantic-batch04-ai-only"",""source_commit"":""93305879d45862439647d346281814b7070fe1cd"",""report"":""manifests/story_quality_semantic_batch04_ai_only_20261001_evidence.json.gz"",""script_id"":""310331-4"",""full_fields"":44}}"
310332-1	"[""310332""]"	"[""第2话 那是晴天霹雳 それは、青天の霹靂""]"	magireco-translate-data-master/Scenarios_full/character_story/1033 - 冰室拉比（氷室 ラビ）/310332-1.json	True	True	after_20261001_takeover	49	2ee0b0c721db76b6ed36ac833b751a61f22477b6	magireco-source-master/Scenarios_full/character_story/1033 - 冰室拉比（氷室 ラビ）/310332-1.json	f713a94be74faaf3a1b8919a36ca0715241664a6	43	manifests/story_quality_semantic_batch04_ai_only_20261001_evidence.json.gz	93305879d45862439647d346281814b7070fe1cd	[3316]	"{""path"":""magireco-translate-data-master/Scenarios_full/character_story/1033 - 冰室拉比（氷室 ラビ）/310332-1.json"",""cn_blob"":""2ee0b0c721db76b6ed36ac833b751a61f22477b6"",""jp_path"":""magireco-source-master/Scenarios_full/character_story/1033 - 冰室拉比（氷室 ラビ）/310332-1.json"",""jp_blob"":""f713a94be74faaf3a1b8919a36ca0715241664a6"",""evidence"":{""batch"":""20261001-semantic-batch04-ai-only"",""source_commit"":""93305879d45862439647d346281814b7070fe1cd"",""report"":""manifests/story_quality_semantic_batch04_ai_only_20261001_evidence.json.gz"",""script_id"":""310332-1"",""full_fields"":49}}"
310332-2	"[""310332""]"	"[""第2话 那是晴天霹雳 それは、青天の霹靂""]"	magireco-translate-data-master/Scenarios_full/character_story/1033 - 冰室拉比（氷室 ラビ）/310332-2.json	True	True	after_20261001_takeover	39	d37c643ed8e7f486f4a4047b4ce1424efca2c432	magireco-source-master/Scenarios_full/character_story/1033 - 冰室拉比（氷室 ラビ）/310332-2.json	243144ad1952f6c62602f49ced00854e74767d2a	31	manifests/story_quality_semantic_batch04_ai_only_20261001_evidence.json.gz	93305879d45862439647d346281814b7070fe1cd	[3316]	"{""path"":""magireco-translate-data-master/Scenarios_full/character_story/1033 - 冰室拉比（氷室 ラビ）/310332-2.json"",""cn_blob"":""d37c643ed8e7f486f4a4047b4ce1424efca2c432"",""jp_path"":""magireco-source-master/Scenarios_full/character_story/1033 - 冰室拉比（氷室 ラビ）/310332-2.json"",""jp_blob"":""243144ad1952f6c62602f49ced00854e74767d2a"",""evidence"":{""batch"":""20261001-semantic-batch04-ai-only"",""source_commit"":""93305879d45862439647d346281814b7070fe1cd"",""report"":""manifests/story_quality_semantic_batch04_ai_only_20261001_evidence.json.gz"",""script_id"":""310332-2"",""full_fields"":39}}"
310332-3	"[""310332""]"	"[""第2话 那是晴天霹雳 それは、青天の霹靂""]"	magireco-translate-data-master/Scenarios_full/character_story/1033 - 冰室拉比（氷室 ラビ）/310332-3.json	True	True	after_20261001_takeover	57	1a3fc4568c4be13c68486d45dd61dede9e06e6d1	magireco-source-master/Scenarios_full/character_story/1033 - 冰室拉比（氷室 ラビ）/310332-3.json	4d2b1c357dcebd9357f32e88dc633cf03956ea64	46	manifests/story_quality_semantic_batch04_ai_only_20261001_evidence.json.gz	93305879d45862439647d346281814b7070fe1cd	[3316]	"{""path"":""magireco-translate-data-master/Scenarios_full/character_story/1033 - 冰室拉比（氷室 ラビ）/310332-3.json"",""cn_blob"":""1a3fc4568c4be13c68486d45dd61dede9e06e6d1"",""jp_path"":""magireco-source-master/Scenarios_full/character_story/1033 - 冰室拉比（氷室 ラビ）/310332-3.json"",""jp_blob"":""4d2b1c357dcebd9357f32e88dc633cf03956ea64"",""evidence"":{""batch"":""20261001-semantic-batch04-ai-only"",""source_commit"":""93305879d45862439647d346281814b7070fe1cd"",""report"":""manifests/story_quality_semantic_batch04_ai_only_20261001_evidence.json.gz"",""script_id"":""310332-3"",""full_fields"":57}}"
310332-4	"[""310332""]"	"[""第2话 那是晴天霹雳 それは、青天の霹靂""]"	magireco-translate-data-master/Scenarios_full/character_story/1033 - 冰室拉比（氷室 ラビ）/310332-4.json	True	True	after_20261001_takeover	44	61a06fc027cdea018d2bdbfa108d2abeec1df53c	magireco-source-master/Scenarios_full/character_story/1033 - 冰室拉比（氷室 ラビ）/310332-4.json	de5406c09f7513cb23414047a2aabd424e225533	34	manifests/story_quality_semantic_batch04_ai_only_20261001_evidence.json.gz	93305879d45862439647d346281814b7070fe1cd	[3316]	"{""path"":""magireco-translate-data-master/Scenarios_full/character_story/1033 - 冰室拉比（氷室 ラビ）/310332-4.json"",""cn_blob"":""61a06fc027cdea018d2bdbfa108d2abeec1df53c"",""jp_path"":""magireco-source-master/Scenarios_full/character_story/1033 - 冰室拉比（氷室 ラビ）/310332-4.json"",""jp_blob"":""de5406c09f7513cb23414047a2aabd424e225533"",""evidence"":{""batch"":""20261001-semantic-batch04-ai-only"",""source_commit"":""93305879d45862439647d346281814b7070fe1cd"",""report"":""manifests/story_quality_semantic_batch04_ai_only_20261001_evidence.json.gz"",""script_id"":""310332-4"",""full_fields"":44}}"
310333-1	"[""310333""]"	"[""第3话 恍若庄周梦蝶 胡蝶之夢の如く""]"	magireco-translate-data-master/Scenarios_full/character_story/1033 - 冰室拉比（氷室 ラビ）/310333-1.json	True	True	after_20261001_takeover	53	239cbe60daaf3d93c82090240ed3368066767881	magireco-source-master/Scenarios_full/character_story/1033 - 冰室拉比（氷室 ラビ）/310333-1.json	0864ff2c9fc4f4d584623cf88b4192df5138e4a6	38	manifests/story_quality_semantic_batch04_ai_only_20261001_evidence.json.gz	93305879d45862439647d346281814b7070fe1cd	[3316]	"{""path"":""magireco-translate-data-master/Scenarios_full/character_story/1033 - 冰室拉比（氷室 ラビ）/310333-1.json"",""cn_blob"":""239cbe60daaf3d93c82090240ed3368066767881"",""jp_path"":""magireco-source-master/Scenarios_full/character_story/1033 - 冰室拉比（氷室 ラビ）/310333-1.json"",""jp_blob"":""0864ff2c9fc4f4d584623cf88b4192df5138e4a6"",""evidence"":{""batch"":""20261001-semantic-batch04-ai-only"",""source_commit"":""93305879d45862439647d346281814b7070fe1cd"",""report"":""manifests/story_quality_semantic_batch04_ai_only_20261001_evidence.json.gz"",""script_id"":""310333-1"",""full_fields"":53}}"
310333-2	"[""310333""]"	"[""第3话 恍若庄周梦蝶 胡蝶之夢の如く""]"	magireco-translate-data-master/Scenarios_full/character_story/1033 - 冰室拉比（氷室 ラビ）/310333-2.json	True	True	after_20261001_takeover	49	e14b57bd9f43fab53c85f3c13bbe5f1bb5e65c21	magireco-source-master/Scenarios_full/character_story/1033 - 冰室拉比（氷室 ラビ）/310333-2.json	f404da9fb3f367b3517d05ec375e97d173198fbe	42	manifests/story_quality_semantic_batch04_ai_only_20261001_evidence.json.gz	93305879d45862439647d346281814b7070fe1cd	[3316]	"{""path"":""magireco-translate-data-master/Scenarios_full/character_story/1033 - 冰室拉比（氷室 ラビ）/310333-2.json"",""cn_blob"":""e14b57bd9f43fab53c85f3c13bbe5f1bb5e65c21"",""jp_path"":""magireco-source-master/Scenarios_full/character_story/1033 - 冰室拉比（氷室 ラビ）/310333-2.json"",""jp_blob"":""f404da9fb3f367b3517d05ec375e97d173198fbe"",""evidence"":{""batch"":""20261001-semantic-batch04-ai-only"",""source_commit"":""93305879d45862439647d346281814b7070fe1cd"",""report"":""manifests/story_quality_semantic_batch04_ai_only_20261001_evidence.json.gz"",""script_id"":""310333-2"",""full_fields"":49}}"
310333-3	"[""310333""]"	"[""第3话 恍若庄周梦蝶 胡蝶之夢の如く""]"	magireco-translate-data-master/Scenarios_full/character_story/1033 - 冰室拉比（氷室 ラビ）/310333-3.json	True	True	after_20261001_takeover	41	98336fb1963f4fe208188849f1e2615636d8c2e4	magireco-source-master/Scenarios_full/character_story/1033 - 冰室拉比（氷室 ラビ）/310333-3.json	dbde23c5b016043742002ff54eea511f67f65627	38	manifests/story_quality_semantic_batch04_ai_only_20261001_evidence.json.gz	93305879d45862439647d346281814b7070fe1cd	[3316]	"{""path"":""magireco-translate-data-master/Scenarios_full/character_story/1033 - 冰室拉比（氷室 ラビ）/310333-3.json"",""cn_blob"":""98336fb1963f4fe208188849f1e2615636d8c2e4"",""jp_path"":""magireco-source-master/Scenarios_full/character_story/1033 - 冰室拉比（氷室 ラビ）/310333-3.json"",""jp_blob"":""dbde23c5b016043742002ff54eea511f67f65627"",""evidence"":{""batch"":""20261001-semantic-batch04-ai-only"",""source_commit"":""93305879d45862439647d346281814b7070fe1cd"",""report"":""manifests/story_quality_semantic_batch04_ai_only_20261001_evidence.json.gz"",""script_id"":""310333-3"",""full_fields"":41}}"
310333-4	"[""310333""]"	"[""第3话 恍若庄周梦蝶 胡蝶之夢の如く""]"	magireco-translate-data-master/Scenarios_full/character_story/1033 - 冰室拉比（氷室 ラビ）/310333-4.json	True	True	after_20261001_takeover	43	a84dbec1a444a06dc31842a890d378cb967bb442	magireco-source-master/Scenarios_full/character_story/1033 - 冰室拉比（氷室 ラビ）/310333-4.json	36821f819065f17dd0b27b30be474dc71604240d	36	manifests/story_quality_semantic_batch04_ai_only_20261001_evidence.json.gz	93305879d45862439647d346281814b7070fe1cd	[3316]	"{""path"":""magireco-translate-data-master/Scenarios_full/character_story/1033 - 冰室拉比（氷室 ラビ）/310333-4.json"",""cn_blob"":""a84dbec1a444a06dc31842a890d378cb967bb442"",""jp_path"":""magireco-source-master/Scenarios_full/character_story/1033 - 冰室拉比（氷室 ラビ）/310333-4.json"",""jp_blob"":""36821f819065f17dd0b27b30be474dc71604240d"",""evidence"":{""batch"":""20261001-semantic-batch04-ai-only"",""source_commit"":""93305879d45862439647d346281814b7070fe1cd"",""report"":""manifests/story_quality_semantic_batch04_ai_only_20261001_evidence.json.gz"",""script_id"":""310333-4"",""full_fields"":43}}"
310341-1	"[""310341""]"	"[""第1话 新人的真面目 新入りの素顔""]"	magireco-translate-data-master/Scenarios_full/character_story/1034 - 三浦旭（三浦 旭）/310341-1.json	True	True	after_20261001_takeover	54	72c4dbecee7fd5f8177a3f59dc86797ebcfe8964	magireco-source-master/Scenarios_full/character_story/1034 - 三浦旭（三浦 旭）/310341-1.json	bfcad43e04573dc99aa9b068770a4b8cbb533f30	44	manifests/story_quality_semantic_batch04_ai_only_20261001_evidence.json.gz	93305879d45862439647d346281814b7070fe1cd	[]	"{""path"":""magireco-translate-data-master/Scenarios_full/character_story/1034 - 三浦旭（三浦 旭）/310341-1.json"",""cn_blob"":""72c4dbecee7fd5f8177a3f59dc86797ebcfe8964"",""jp_path"":""magireco-source-master/Scenarios_full/character_story/1034 - 三浦旭（三浦 旭）/310341-1.json"",""jp_blob"":""bfcad43e04573dc99aa9b068770a4b8cbb533f30"",""evidence"":{""batch"":""20261001-semantic-batch04-ai-only"",""source_commit"":""93305879d45862439647d346281814b7070fe1cd"",""report"":""manifests/story_quality_semantic_batch04_ai_only_20261001_evidence.json.gz"",""script_id"":""310341-1"",""full_fields"":54}}"
310341-2	"[""310341""]"	"[""第1话 新人的真面目 新入りの素顔""]"	magireco-translate-data-master/Scenarios_full/character_story/1034 - 三浦旭（三浦 旭）/310341-2.json	True	True	after_20261001_takeover	46	d4219cb397da39be2f433c9070bd24e10181ecef	magireco-source-master/Scenarios_full/character_story/1034 - 三浦旭（三浦 旭）/310341-2.json	926c35704418d7cad2a2b505025b0c51ce1e1d96	43	manifests/story_quality_semantic_batch04_ai_only_20261001_evidence.json.gz	93305879d45862439647d346281814b7070fe1cd	[3316]	"{""path"":""magireco-translate-data-master/Scenarios_full/character_story/1034 - 三浦旭（三浦 旭）/310341-2.json"",""cn_blob"":""d4219cb397da39be2f433c9070bd24e10181ecef"",""jp_path"":""magireco-source-master/Scenarios_full/character_story/1034 - 三浦旭（三浦 旭）/310341-2.json"",""jp_blob"":""926c35704418d7cad2a2b505025b0c51ce1e1d96"",""evidence"":{""batch"":""20261001-semantic-batch04-ai-only"",""source_commit"":""93305879d45862439647d346281814b7070fe1cd"",""report"":""manifests/story_quality_semantic_batch04_ai_only_20261001_evidence.json.gz"",""script_id"":""310341-2"",""full_fields"":46}}"
310341-3	"[""310341""]"	"[""第1话 新人的真面目 新入りの素顔""]"	magireco-translate-data-master/Scenarios_full/character_story/1034 - 三浦旭（三浦 旭）/310341-3.json	True	True	after_20261001_takeover	58	5353bd57e8138ea760d6d794bceb6c262ebaa846	magireco-source-master/Scenarios_full/character_story/1034 - 三浦旭（三浦 旭）/310341-3.json	b27306eff3ab9de6af4b7b1e0c8402290d6b57b2	48	manifests/story_quality_semantic_batch04_ai_only_20261001_evidence.json.gz	93305879d45862439647d346281814b7070fe1cd	[3316]	"{""path"":""magireco-translate-data-master/Scenarios_full/character_story/1034 - 三浦旭（三浦 旭）/310341-3.json"",""cn_blob"":""5353bd57e8138ea760d6d794bceb6c262ebaa846"",""jp_path"":""magireco-source-master/Scenarios_full/character_story/1034 - 三浦旭（三浦 旭）/310341-3.json"",""jp_blob"":""b27306eff3ab9de6af4b7b1e0c8402290d6b57b2"",""evidence"":{""batch"":""20261001-semantic-batch04-ai-only"",""source_commit"":""93305879d45862439647d346281814b7070fe1cd"",""report"":""manifests/story_quality_semantic_batch04_ai_only_20261001_evidence.json.gz"",""script_id"":""310341-3"",""full_fields"":58}}"
310341-4	"[""310341""]"	"[""第1话 新人的真面目 新入りの素顔""]"	magireco-translate-data-master/Scenarios_full/character_story/1034 - 三浦旭（三浦 旭）/310341-4.json	True	True	after_20261001_takeover	50	9194446d3037955c7ab970b56823db1538ec0335	magireco-source-master/Scenarios_full/character_story/1034 - 三浦旭（三浦 旭）/310341-4.json	a6a9b84041b7282edff508f30f9db477e784d3c2	45	manifests/story_quality_semantic_batch04_ai_only_20261001_evidence.json.gz	93305879d45862439647d346281814b7070fe1cd	[]	"{""path"":""magireco-translate-data-master/Scenarios_full/character_story/1034 - 三浦旭（三浦 旭）/310341-4.json"",""cn_blob"":""9194446d3037955c7ab970b56823db1538ec0335"",""jp_path"":""magireco-source-master/Scenarios_full/character_story/1034 - 三浦旭（三浦 旭）/310341-4.json"",""jp_blob"":""a6a9b84041b7282edff508f30f9db477e784d3c2"",""evidence"":{""batch"":""20261001-semantic-batch04-ai-only"",""source_commit"":""93305879d45862439647d346281814b7070fe1cd"",""report"":""manifests/story_quality_semantic_batch04_ai_only_20261001_evidence.json.gz"",""script_id"":""310341-4"",""full_fields"":50}}"
310342-1	"[""310342""]"	"[""第2话 恶婆婆风波 オニババ騒動""]"	magireco-translate-data-master/Scenarios_full/character_story/1034 - 三浦旭（三浦 旭）/310342-1.json	True	True	after_20261001_takeover	83	a691cc2383b7e4f6d85fff2dd8fd1023b26f9e9e	magireco-source-master/Scenarios_full/character_story/1034 - 三浦旭（三浦 旭）/310342-1.json	a404fc5db1728dff2d63a8e6533d2a73994741cf	75	manifests/story_quality_semantic_batch04_ai_only_20261001_evidence.json.gz	93305879d45862439647d346281814b7070fe1cd	[3316]	"{""path"":""magireco-translate-data-master/Scenarios_full/character_story/1034 - 三浦旭（三浦 旭）/310342-1.json"",""cn_blob"":""a691cc2383b7e4f6d85fff2dd8fd1023b26f9e9e"",""jp_path"":""magireco-source-master/Scenarios_full/character_story/1034 - 三浦旭（三浦 旭）/310342-1.json"",""jp_blob"":""a404fc5db1728dff2d63a8e6533d2a73994741cf"",""evidence"":{""batch"":""20261001-semantic-batch04-ai-only"",""source_commit"":""93305879d45862439647d346281814b7070fe1cd"",""report"":""manifests/story_quality_semantic_batch04_ai_only_20261001_evidence.json.gz"",""script_id"":""310342-1"",""full_fields"":83}}"
310342-2	"[""310342""]"	"[""第2话 恶婆婆风波 オニババ騒動""]"	magireco-translate-data-master/Scenarios_full/character_story/1034 - 三浦旭（三浦 旭）/310342-2.json	True	True	after_20261001_takeover	49	4d9055f347b519de59d4e9bd2e04bedb923430b1	magireco-source-master/Scenarios_full/character_story/1034 - 三浦旭（三浦 旭）/310342-2.json	5a6bb80ef09fd66bba0ce6f5cfab2ea5e184b3a6	47	manifests/story_quality_semantic_batch04_ai_only_20261001_evidence.json.gz	93305879d45862439647d346281814b7070fe1cd	[]	"{""path"":""magireco-translate-data-master/Scenarios_full/character_story/1034 - 三浦旭（三浦 旭）/310342-2.json"",""cn_blob"":""4d9055f347b519de59d4e9bd2e04bedb923430b1"",""jp_path"":""magireco-source-master/Scenarios_full/character_story/1034 - 三浦旭（三浦 旭）/310342-2.json"",""jp_blob"":""5a6bb80ef09fd66bba0ce6f5cfab2ea5e184b3a6"",""evidence"":{""batch"":""20261001-semantic-batch04-ai-only"",""source_commit"":""93305879d45862439647d346281814b7070fe1cd"",""report"":""manifests/story_quality_semantic_batch04_ai_only_20261001_evidence.json.gz"",""script_id"":""310342-2"",""full_fields"":49}}"
310342-3	"[""310342""]"	"[""第2话 恶婆婆风波 オニババ騒動""]"	magireco-translate-data-master/Scenarios_full/character_story/1034 - 三浦旭（三浦 旭）/310342-3.json	True	True	after_20261001_takeover	49	6005fe8197d4532c0a51d486673db9bfabd19ff0	magireco-source-master/Scenarios_full/character_story/1034 - 三浦旭（三浦 旭）/310342-3.json	62a9e772f5aab6151c11d405c4fec4918878f594	45	manifests/story_quality_semantic_batch04_ai_only_20261001_evidence.json.gz	93305879d45862439647d346281814b7070fe1cd	[3316]	"{""path"":""magireco-translate-data-master/Scenarios_full/character_story/1034 - 三浦旭（三浦 旭）/310342-3.json"",""cn_blob"":""6005fe8197d4532c0a51d486673db9bfabd19ff0"",""jp_path"":""magireco-source-master/Scenarios_full/character_story/1034 - 三浦旭（三浦 旭）/310342-3.json"",""jp_blob"":""62a9e772f5aab6151c11d405c4fec4918878f594"",""evidence"":{""batch"":""20261001-semantic-batch04-ai-only"",""source_commit"":""93305879d45862439647d346281814b7070fe1cd"",""report"":""manifests/story_quality_semantic_batch04_ai_only_20261001_evidence.json.gz"",""script_id"":""310342-3"",""full_fields"":49}}"
310342-4	"[""310342""]"	"[""第2话 恶婆婆风波 オニババ騒動""]"	magireco-translate-data-master/Scenarios_full/character_story/1034 - 三浦旭（三浦 旭）/310342-4.json	True	True	after_20261001_takeover	63	57d6adca2ec1b52e4c015764965393de141697f9	magireco-source-master/Scenarios_full/character_story/1034 - 三浦旭（三浦 旭）/310342-4.json	42daefe5c73f8cf9dbe37f42dc6f576b2709f96a	56	manifests/story_quality_semantic_batch04_ai_only_20261001_evidence.json.gz	93305879d45862439647d346281814b7070fe1cd	[3316]	"{""path"":""magireco-translate-data-master/Scenarios_full/character_story/1034 - 三浦旭（三浦 旭）/310342-4.json"",""cn_blob"":""57d6adca2ec1b52e4c015764965393de141697f9"",""jp_path"":""magireco-source-master/Scenarios_full/character_story/1034 - 三浦旭（三浦 旭）/310342-4.json"",""jp_blob"":""42daefe5c73f8cf9dbe37f42dc6f576b2709f96a"",""evidence"":{""batch"":""20261001-semantic-batch04-ai-only"",""source_commit"":""93305879d45862439647d346281814b7070fe1cd"",""report"":""manifests/story_quality_semantic_batch04_ai_only_20261001_evidence.json.gz"",""script_id"":""310342-4"",""full_fields"":63}}"
310461-1	"[""310461""]"	"[""第1话 完成使命的义贼之女 使命を遂げし賊の娘""]"	magireco-translate-data-master/Scenarios_full/character_story/1046 - 千鹤（千鶴）/310461-1.json	True	True	after_20261001_takeover	46	cdc2182e9634e80f83987d72a0a7fc367d9a76c1	magireco-source-master/Scenarios_full/character_story/1046 - 千鹤（千鶴）/310461-1.json	ce451317a062e983022de753d90101a174083192	40	manifests/story_quality_semantic_batch05_ai_only_20261001_evidence.json.gz	f1955c691d7747fe1ead58af3fe6847c4c62525c	[3317]	"{""path"":""magireco-translate-data-master/Scenarios_full/character_story/1046 - 千鹤（千鶴）/310461-1.json"",""cn_blob"":""cdc2182e9634e80f83987d72a0a7fc367d9a76c1"",""jp_path"":""magireco-source-master/Scenarios_full/character_story/1046 - 千鹤（千鶴）/310461-1.json"",""jp_blob"":""ce451317a062e983022de753d90101a174083192"",""evidence"":{""batch"":""20261001-semantic-batch05-ai-only"",""source_commit"":""f1955c691d7747fe1ead58af3fe6847c4c62525c"",""report"":""manifests/story_quality_semantic_batch05_ai_only_20261001_evidence.json.gz"",""script_id"":""310461-1"",""full_fields"":46}}"
310461-2	"[""310461""]"	"[""第1话 完成使命的义贼之女 使命を遂げし賊の娘""]"	magireco-translate-data-master/Scenarios_full/character_story/1046 - 千鹤（千鶴）/310461-2.json	True	True	after_20261001_takeover	55	82ef0f6d5a65ace96d4cdaba97197e84adc644cc	magireco-source-master/Scenarios_full/character_story/1046 - 千鹤（千鶴）/310461-2.json	d8743676183a87f8849a2b7aff710a300cbc8a32	50	manifests/story_quality_semantic_batch05_ai_only_20261001_evidence.json.gz	f1955c691d7747fe1ead58af3fe6847c4c62525c	[3317]	"{""path"":""magireco-translate-data-master/Scenarios_full/character_story/1046 - 千鹤（千鶴）/310461-2.json"",""cn_blob"":""82ef0f6d5a65ace96d4cdaba97197e84adc644cc"",""jp_path"":""magireco-source-master/Scenarios_full/character_story/1046 - 千鹤（千鶴）/310461-2.json"",""jp_blob"":""d8743676183a87f8849a2b7aff710a300cbc8a32"",""evidence"":{""batch"":""20261001-semantic-batch05-ai-only"",""source_commit"":""f1955c691d7747fe1ead58af3fe6847c4c62525c"",""report"":""manifests/story_quality_semantic_batch05_ai_only_20261001_evidence.json.gz"",""script_id"":""310461-2"",""full_fields"":55}}"
310461-3	"[""310461""]"	"[""第1话 完成使命的义贼之女 使命を遂げし賊の娘""]"	magireco-translate-data-master/Scenarios_full/character_story/1046 - 千鹤（千鶴）/310461-3.json	True	True	after_20261001_takeover	54	888267d12232c64b1406c445ad3ddbb9ec6416d3	magireco-source-master/Scenarios_full/character_story/1046 - 千鹤（千鶴）/310461-3.json	350d962df1395ce3eb2003e55740e4adf8dd0c93	42	manifests/story_quality_semantic_batch05_ai_only_20261001_evidence.json.gz	f1955c691d7747fe1ead58af3fe6847c4c62525c	[3317]	"{""path"":""magireco-translate-data-master/Scenarios_full/character_story/1046 - 千鹤（千鶴）/310461-3.json"",""cn_blob"":""888267d12232c64b1406c445ad3ddbb9ec6416d3"",""jp_path"":""magireco-source-master/Scenarios_full/character_story/1046 - 千鹤（千鶴）/310461-3.json"",""jp_blob"":""350d962df1395ce3eb2003e55740e4adf8dd0c93"",""evidence"":{""batch"":""20261001-semantic-batch05-ai-only"",""source_commit"":""f1955c691d7747fe1ead58af3fe6847c4c62525c"",""report"":""manifests/story_quality_semantic_batch05_ai_only_20261001_evidence.json.gz"",""script_id"":""310461-3"",""full_fields"":54}}"
310461-4	"[""310461""]"	"[""第1话 完成使命的义贼之女 使命を遂げし賊の娘""]"	magireco-translate-data-master/Scenarios_full/character_story/1046 - 千鹤（千鶴）/310461-4.json	True	True	after_20261001_takeover	5	b4058ca67d5062ad37b8b86957bb63e2a3abf83f	magireco-source-master/Scenarios_full/character_story/1046 - 千鹤（千鶴）/310461-4.json	f77905534da4687e8e8830340d73877df4fb4ce7	4	manifests/story_quality_semantic_batch05_ai_only_20261001_evidence.json.gz	f1955c691d7747fe1ead58af3fe6847c4c62525c	[]	"{""path"":""magireco-translate-data-master/Scenarios_full/character_story/1046 - 千鹤（千鶴）/310461-4.json"",""cn_blob"":""b4058ca67d5062ad37b8b86957bb63e2a3abf83f"",""jp_path"":""magireco-source-master/Scenarios_full/character_story/1046 - 千鹤（千鶴）/310461-4.json"",""jp_blob"":""f77905534da4687e8e8830340d73877df4fb4ce7"",""evidence"":{""batch"":""20261001-semantic-batch05-ai-only"",""source_commit"":""f1955c691d7747fe1ead58af3fe6847c4c62525c"",""report"":""manifests/story_quality_semantic_batch05_ai_only_20261001_evidence.json.gz"",""script_id"":""310461-4"",""full_fields"":5}}"
310461-5	"[""310461""]"	"[""第1话 完成使命的义贼之女 使命を遂げし賊の娘""]"	magireco-translate-data-master/Scenarios_full/character_story/1046 - 千鹤（千鶴）/310461-5.json	True	True	after_20261001_takeover	23	cfa08408fb5d1fb6de4002c157a092d3051a72d0	magireco-source-master/Scenarios_full/character_story/1046 - 千鹤（千鶴）/310461-5.json	2870bb465b8a15f3b8a2ddc71a3cc375258cc1e6	21	manifests/story_quality_semantic_batch05_ai_only_20261001_evidence.json.gz	f1955c691d7747fe1ead58af3fe6847c4c62525c	[3317]	"{""path"":""magireco-translate-data-master/Scenarios_full/character_story/1046 - 千鹤（千鶴）/310461-5.json"",""cn_blob"":""cfa08408fb5d1fb6de4002c157a092d3051a72d0"",""jp_path"":""magireco-source-master/Scenarios_full/character_story/1046 - 千鹤（千鶴）/310461-5.json"",""jp_blob"":""2870bb465b8a15f3b8a2ddc71a3cc375258cc1e6"",""evidence"":{""batch"":""20261001-semantic-batch05-ai-only"",""source_commit"":""f1955c691d7747fe1ead58af3fe6847c4c62525c"",""report"":""manifests/story_quality_semantic_batch05_ai_only_20261001_evidence.json.gz"",""script_id"":""310461-5"",""full_fields"":23}}"
310462-1	"[""310462""]"	"[""第2话 窃取泰党技艺的女子 泰党の技を盗んだ女""]"	magireco-translate-data-master/Scenarios_full/character_story/1046 - 千鹤（千鶴）/310462-1.json	True	True	after_20261001_takeover	68	76fa20c308ea2d13a2de7a4823fd9111a9264d4f	magireco-source-master/Scenarios_full/character_story/1046 - 千鹤（千鶴）/310462-1.json	7bf4a9715147dd59915a864d29a7f6732b5a7a1d	57	manifests/story_quality_semantic_batch05_ai_only_20261001_evidence.json.gz	f1955c691d7747fe1ead58af3fe6847c4c62525c	[]	"{""path"":""magireco-translate-data-master/Scenarios_full/character_story/1046 - 千鹤（千鶴）/310462-1.json"",""cn_blob"":""76fa20c308ea2d13a2de7a4823fd9111a9264d4f"",""jp_path"":""magireco-source-master/Scenarios_full/character_story/1046 - 千鹤（千鶴）/310462-1.json"",""jp_blob"":""7bf4a9715147dd59915a864d29a7f6732b5a7a1d"",""evidence"":{""batch"":""20261001-semantic-batch05-ai-only"",""source_commit"":""f1955c691d7747fe1ead58af3fe6847c4c62525c"",""report"":""manifests/story_quality_semantic_batch05_ai_only_20261001_evidence.json.gz"",""script_id"":""310462-1"",""full_fields"":68}}"
310462-2	"[""310462""]"	"[""第2话 窃取泰党技艺的女子 泰党の技を盗んだ女""]"	magireco-translate-data-master/Scenarios_full/character_story/1046 - 千鹤（千鶴）/310462-2.json	True	True	after_20261001_takeover	45	dfb4daedbf90fea9245dc1b091e01625d855cb3c	magireco-source-master/Scenarios_full/character_story/1046 - 千鹤（千鶴）/310462-2.json	35788fdaf8ef79180d315512ebc8297cc29b7cc7	37	manifests/story_quality_semantic_batch05_ai_only_20261001_evidence.json.gz	f1955c691d7747fe1ead58af3fe6847c4c62525c	[3317]	"{""path"":""magireco-translate-data-master/Scenarios_full/character_story/1046 - 千鹤（千鶴）/310462-2.json"",""cn_blob"":""dfb4daedbf90fea9245dc1b091e01625d855cb3c"",""jp_path"":""magireco-source-master/Scenarios_full/character_story/1046 - 千鹤（千鶴）/310462-2.json"",""jp_blob"":""35788fdaf8ef79180d315512ebc8297cc29b7cc7"",""evidence"":{""batch"":""20261001-semantic-batch05-ai-only"",""source_commit"":""f1955c691d7747fe1ead58af3fe6847c4c62525c"",""report"":""manifests/story_quality_semantic_batch05_ai_only_20261001_evidence.json.gz"",""script_id"":""310462-2"",""full_fields"":45}}"
310462-3	"[""310462""]"	"[""第2话 窃取泰党技艺的女子 泰党の技を盗んだ女""]"	magireco-translate-data-master/Scenarios_full/character_story/1046 - 千鹤（千鶴）/310462-3.json	True	True	after_20261001_takeover	43	41499baf9ffcfdce7e13ac6d860eb1f6633abc22	magireco-source-master/Scenarios_full/character_story/1046 - 千鹤（千鶴）/310462-3.json	d76059d3612bb7b2f33767f670587a1f61c076f8	32	manifests/story_quality_semantic_batch05_ai_only_20261001_evidence.json.gz	f1955c691d7747fe1ead58af3fe6847c4c62525c	[3317]	"{""path"":""magireco-translate-data-master/Scenarios_full/character_story/1046 - 千鹤（千鶴）/310462-3.json"",""cn_blob"":""41499baf9ffcfdce7e13ac6d860eb1f6633abc22"",""jp_path"":""magireco-source-master/Scenarios_full/character_story/1046 - 千鹤（千鶴）/310462-3.json"",""jp_blob"":""d76059d3612bb7b2f33767f670587a1f61c076f8"",""evidence"":{""batch"":""20261001-semantic-batch05-ai-only"",""source_commit"":""f1955c691d7747fe1ead58af3fe6847c4c62525c"",""report"":""manifests/story_quality_semantic_batch05_ai_only_20261001_evidence.json.gz"",""script_id"":""310462-3"",""full_fields"":43}}"
310462-4	"[""310462""]"	"[""第2话 窃取泰党技艺的女子 泰党の技を盗んだ女""]"	magireco-translate-data-master/Scenarios_full/character_story/1046 - 千鹤（千鶴）/310462-4.json	True	True	after_20261001_takeover	44	46ffe8e8e4188748394149cd891465fedd147b42	magireco-source-master/Scenarios_full/character_story/1046 - 千鹤（千鶴）/310462-4.json	0b654b8f9833f97078660c6219cfd1ae8fc4650e	41	manifests/story_quality_semantic_batch05_ai_only_20261001_evidence.json.gz	f1955c691d7747fe1ead58af3fe6847c4c62525c	[3317]	"{""path"":""magireco-translate-data-master/Scenarios_full/character_story/1046 - 千鹤（千鶴）/310462-4.json"",""cn_blob"":""46ffe8e8e4188748394149cd891465fedd147b42"",""jp_path"":""magireco-source-master/Scenarios_full/character_story/1046 - 千鹤（千鶴）/310462-4.json"",""jp_blob"":""0b654b8f9833f97078660c6219cfd1ae8fc4650e"",""evidence"":{""batch"":""20261001-semantic-batch05-ai-only"",""source_commit"":""f1955c691d7747fe1ead58af3fe6847c4c62525c"",""report"":""manifests/story_quality_semantic_batch05_ai_only_20261001_evidence.json.gz"",""script_id"":""310462-4"",""full_fields"":44}}"
310463-1	"[""310463""]"	"[""第3话 好可怕、不要、做不到! 怖い、嫌だ、無理！""]"	magireco-translate-data-master/Scenarios_full/character_story/1046 - 千鹤（千鶴）/310463-1.json	True	True	after_20261001_takeover	53	96d12400cdd5ec6edb87819e8109a9d1cdff03d8	magireco-source-master/Scenarios_full/character_story/1046 - 千鹤（千鶴）/310463-1.json	69b648f6a96f9b70aece754daca611946718b128	46	manifests/story_quality_semantic_batch05_ai_only_20261001_evidence.json.gz	f1955c691d7747fe1ead58af3fe6847c4c62525c	[3317]	"{""path"":""magireco-translate-data-master/Scenarios_full/character_story/1046 - 千鹤（千鶴）/310463-1.json"",""cn_blob"":""96d12400cdd5ec6edb87819e8109a9d1cdff03d8"",""jp_path"":""magireco-source-master/Scenarios_full/character_story/1046 - 千鹤（千鶴）/310463-1.json"",""jp_blob"":""69b648f6a96f9b70aece754daca611946718b128"",""evidence"":{""batch"":""20261001-semantic-batch05-ai-only"",""source_commit"":""f1955c691d7747fe1ead58af3fe6847c4c62525c"",""report"":""manifests/story_quality_semantic_batch05_ai_only_20261001_evidence.json.gz"",""script_id"":""310463-1"",""full_fields"":53}}"
310463-2	"[""310463""]"	"[""第3话 好可怕、不要、做不到! 怖い、嫌だ、無理！""]"	magireco-translate-data-master/Scenarios_full/character_story/1046 - 千鹤（千鶴）/310463-2.json	True	True	after_20261001_takeover	59	c9cb9870b8e2417214b1a1bf0611959cc9ed861d	magireco-source-master/Scenarios_full/character_story/1046 - 千鹤（千鶴）/310463-2.json	ca8a9af2ab1afc048b1ddd6c1b4d8d91f8a1e5e8	44	manifests/story_quality_semantic_batch05_ai_only_20261001_evidence.json.gz	f1955c691d7747fe1ead58af3fe6847c4c62525c	[3317]	"{""path"":""magireco-translate-data-master/Scenarios_full/character_story/1046 - 千鹤（千鶴）/310463-2.json"",""cn_blob"":""c9cb9870b8e2417214b1a1bf0611959cc9ed861d"",""jp_path"":""magireco-source-master/Scenarios_full/character_story/1046 - 千鹤（千鶴）/310463-2.json"",""jp_blob"":""ca8a9af2ab1afc048b1ddd6c1b4d8d91f8a1e5e8"",""evidence"":{""batch"":""20261001-semantic-batch05-ai-only"",""source_commit"":""f1955c691d7747fe1ead58af3fe6847c4c62525c"",""report"":""manifests/story_quality_semantic_batch05_ai_only_20261001_evidence.json.gz"",""script_id"":""310463-2"",""full_fields"":59}}"
310463-3	"[""310463""]"	"[""第3话 好可怕、不要、做不到! 怖い、嫌だ、無理！""]"	magireco-translate-data-master/Scenarios_full/character_story/1046 - 千鹤（千鶴）/310463-3.json	True	True	after_20261001_takeover	40	28f9e717732dcb0af4b9fc9bb6d6638987a51e26	magireco-source-master/Scenarios_full/character_story/1046 - 千鹤（千鶴）/310463-3.json	6bcf201e707402290f72fb12b60a8f66d67f3bab	32	manifests/story_quality_semantic_batch05_ai_only_20261001_evidence.json.gz	f1955c691d7747fe1ead58af3fe6847c4c62525c	[3317]	"{""path"":""magireco-translate-data-master/Scenarios_full/character_story/1046 - 千鹤（千鶴）/310463-3.json"",""cn_blob"":""28f9e717732dcb0af4b9fc9bb6d6638987a51e26"",""jp_path"":""magireco-source-master/Scenarios_full/character_story/1046 - 千鹤（千鶴）/310463-3.json"",""jp_blob"":""6bcf201e707402290f72fb12b60a8f66d67f3bab"",""evidence"":{""batch"":""20261001-semantic-batch05-ai-only"",""source_commit"":""f1955c691d7747fe1ead58af3fe6847c4c62525c"",""report"":""manifests/story_quality_semantic_batch05_ai_only_20261001_evidence.json.gz"",""script_id"":""310463-3"",""full_fields"":40}}"
310463-4	"[""310463""]"	"[""第3话 好可怕、不要、做不到! 怖い、嫌だ、無理！""]"	magireco-translate-data-master/Scenarios_full/character_story/1046 - 千鹤（千鶴）/310463-4.json	True	True	after_20261001_takeover	71	56a92a1418e495b614e067cab48900d7547348be	magireco-source-master/Scenarios_full/character_story/1046 - 千鹤（千鶴）/310463-4.json	a0dff5db921483e8d0d23a3db17c6285bf4c3f61	57	manifests/story_quality_semantic_batch05_ai_only_20261001_evidence.json.gz	f1955c691d7747fe1ead58af3fe6847c4c62525c	[3317]	"{""path"":""magireco-translate-data-master/Scenarios_full/character_story/1046 - 千鹤（千鶴）/310463-4.json"",""cn_blob"":""56a92a1418e495b614e067cab48900d7547348be"",""jp_path"":""magireco-source-master/Scenarios_full/character_story/1046 - 千鹤（千鶴）/310463-4.json"",""jp_blob"":""a0dff5db921483e8d0d23a3db17c6285bf4c3f61"",""evidence"":{""batch"":""20261001-semantic-batch05-ai-only"",""source_commit"":""f1955c691d7747fe1ead58af3fe6847c4c62525c"",""report"":""manifests/story_quality_semantic_batch05_ai_only_20261001_evidence.json.gz"",""script_id"":""310463-4"",""full_fields"":71}}"
310471-1	"[""310471""]"	"[""第1话 因为已经决定独自活下去 ひとりで生きると決めたから""]"	magireco-translate-data-master/Scenarios_full/character_story/1047 - 小黑（くろ）/310471-1.json	True	True	after_20261001_takeover	70	ba9951bdaba8c3ff786936d1e7613ef1722b1c44	magireco-source-master/Scenarios_full/character_story/1047 - 小黑（くろ）/310471-1.json	2de6905ede62de916a78da566466c28c3d0a7f31	63	manifests/story_quality_semantic_batch05_ai_only_20261001_evidence.json.gz	f1955c691d7747fe1ead58af3fe6847c4c62525c	[3317]	"{""path"":""magireco-translate-data-master/Scenarios_full/character_story/1047 - 小黑（くろ）/310471-1.json"",""cn_blob"":""ba9951bdaba8c3ff786936d1e7613ef1722b1c44"",""jp_path"":""magireco-source-master/Scenarios_full/character_story/1047 - 小黑（くろ）/310471-1.json"",""jp_blob"":""2de6905ede62de916a78da566466c28c3d0a7f31"",""evidence"":{""batch"":""20261001-semantic-batch05-ai-only"",""source_commit"":""f1955c691d7747fe1ead58af3fe6847c4c62525c"",""report"":""manifests/story_quality_semantic_batch05_ai_only_20261001_evidence.json.gz"",""script_id"":""310471-1"",""full_fields"":70}}"
310471-2	"[""310471""]"	"[""第1话 因为已经决定独自活下去 ひとりで生きると決めたから""]"	magireco-translate-data-master/Scenarios_full/character_story/1047 - 小黑（くろ）/310471-2.json	True	True	after_20261001_takeover	75	f56c0d61e72ae97154f80b1980ccafd55506754e	magireco-source-master/Scenarios_full/character_story/1047 - 小黑（くろ）/310471-2.json	9e404cb0ea983c92bbaefebc39541bf658a84953	65	manifests/story_quality_semantic_batch05_ai_only_20261001_evidence.json.gz	f1955c691d7747fe1ead58af3fe6847c4c62525c	[3317]	"{""path"":""magireco-translate-data-master/Scenarios_full/character_story/1047 - 小黑（くろ）/310471-2.json"",""cn_blob"":""f56c0d61e72ae97154f80b1980ccafd55506754e"",""jp_path"":""magireco-source-master/Scenarios_full/character_story/1047 - 小黑（くろ）/310471-2.json"",""jp_blob"":""9e404cb0ea983c92bbaefebc39541bf658a84953"",""evidence"":{""batch"":""20261001-semantic-batch05-ai-only"",""source_commit"":""f1955c691d7747fe1ead58af3fe6847c4c62525c"",""report"":""manifests/story_quality_semantic_batch05_ai_only_20261001_evidence.json.gz"",""script_id"":""310471-2"",""full_fields"":75}}"
310471-3	"[""310471""]"	"[""第1话 因为已经决定独自活下去 ひとりで生きると決めたから""]"	magireco-translate-data-master/Scenarios_full/character_story/1047 - 小黑（くろ）/310471-3.json	True	True	after_20261001_takeover	56	1b64c91812599f5fbe2df8754e8eb5bfaecb13e4	magireco-source-master/Scenarios_full/character_story/1047 - 小黑（くろ）/310471-3.json	784a3a257272cf76e721d6b5ca36080dedddc983	51	manifests/story_quality_semantic_batch05_ai_only_20261001_evidence.json.gz	f1955c691d7747fe1ead58af3fe6847c4c62525c	[3317]	"{""path"":""magireco-translate-data-master/Scenarios_full/character_story/1047 - 小黑（くろ）/310471-3.json"",""cn_blob"":""1b64c91812599f5fbe2df8754e8eb5bfaecb13e4"",""jp_path"":""magireco-source-master/Scenarios_full/character_story/1047 - 小黑（くろ）/310471-3.json"",""jp_blob"":""784a3a257272cf76e721d6b5ca36080dedddc983"",""evidence"":{""batch"":""20261001-semantic-batch05-ai-only"",""source_commit"":""f1955c691d7747fe1ead58af3fe6847c4c62525c"",""report"":""manifests/story_quality_semantic_batch05_ai_only_20261001_evidence.json.gz"",""script_id"":""310471-3"",""full_fields"":56}}"
310471-4	"[""310471""]"	"[""第1话 因为已经决定独自活下去 ひとりで生きると決めたから""]"	magireco-translate-data-master/Scenarios_full/character_story/1047 - 小黑（くろ）/310471-4.json	True	True	after_20261001_takeover	49	f1d226dbf28da0cfe80c69a85bfd8888a1b5f4e7	magireco-source-master/Scenarios_full/character_story/1047 - 小黑（くろ）/310471-4.json	97d5e3130585ae1af94e02a6d4cc53b9cb38f70a	43	manifests/story_quality_semantic_batch05_ai_only_20261001_evidence.json.gz	f1955c691d7747fe1ead58af3fe6847c4c62525c	[]	"{""path"":""magireco-translate-data-master/Scenarios_full/character_story/1047 - 小黑（くろ）/310471-4.json"",""cn_blob"":""f1d226dbf28da0cfe80c69a85bfd8888a1b5f4e7"",""jp_path"":""magireco-source-master/Scenarios_full/character_story/1047 - 小黑（くろ）/310471-4.json"",""jp_blob"":""97d5e3130585ae1af94e02a6d4cc53b9cb38f70a"",""evidence"":{""batch"":""20261001-semantic-batch05-ai-only"",""source_commit"":""f1955c691d7747fe1ead58af3fe6847c4c62525c"",""report"":""manifests/story_quality_semantic_batch05_ai_only_20261001_evidence.json.gz"",""script_id"":""310471-4"",""full_fields"":49}}"
310472-1	"[""310472""]"	"[""第2话 由过去塑造的暧昧自我 過去が作った曖昧な私""]"	magireco-translate-data-master/Scenarios_full/character_story/1047 - 小黑（くろ）/310472-1.json	True	True	after_20261001_takeover	66	e5774840b4c09d6f4b8724fc23b6e6d2400b8cb2	magireco-source-master/Scenarios_full/character_story/1047 - 小黑（くろ）/310472-1.json	fac4da959556ab825367d14b7ec5b14b0c78b804	65	manifests/story_quality_semantic_batch05_ai_only_20261001_evidence.json.gz	f1955c691d7747fe1ead58af3fe6847c4c62525c	[]	"{""path"":""magireco-translate-data-master/Scenarios_full/character_story/1047 - 小黑（くろ）/310472-1.json"",""cn_blob"":""e5774840b4c09d6f4b8724fc23b6e6d2400b8cb2"",""jp_path"":""magireco-source-master/Scenarios_full/character_story/1047 - 小黑（くろ）/310472-1.json"",""jp_blob"":""fac4da959556ab825367d14b7ec5b14b0c78b804"",""evidence"":{""batch"":""20261001-semantic-batch05-ai-only"",""source_commit"":""f1955c691d7747fe1ead58af3fe6847c4c62525c"",""report"":""manifests/story_quality_semantic_batch05_ai_only_20261001_evidence.json.gz"",""script_id"":""310472-1"",""full_fields"":66}}"
310472-2	"[""310472""]"	"[""第2话 由过去塑造的暧昧自我 過去が作った曖昧な私""]"	magireco-translate-data-master/Scenarios_full/character_story/1047 - 小黑（くろ）/310472-2.json	True	True	after_20261001_takeover	47	6f54c864b48f9bbbb250d23070fdedf555ee42ee	magireco-source-master/Scenarios_full/character_story/1047 - 小黑（くろ）/310472-2.json	dac377f6c88e59bc1133fe7692629004a2f2fc29	43	manifests/story_quality_semantic_batch05_ai_only_20261001_evidence.json.gz	f1955c691d7747fe1ead58af3fe6847c4c62525c	[3317]	"{""path"":""magireco-translate-data-master/Scenarios_full/character_story/1047 - 小黑（くろ）/310472-2.json"",""cn_blob"":""6f54c864b48f9bbbb250d23070fdedf555ee42ee"",""jp_path"":""magireco-source-master/Scenarios_full/character_story/1047 - 小黑（くろ）/310472-2.json"",""jp_blob"":""dac377f6c88e59bc1133fe7692629004a2f2fc29"",""evidence"":{""batch"":""20261001-semantic-batch05-ai-only"",""source_commit"":""f1955c691d7747fe1ead58af3fe6847c4c62525c"",""report"":""manifests/story_quality_semantic_batch05_ai_only_20261001_evidence.json.gz"",""script_id"":""310472-2"",""full_fields"":47}}"
310472-3	"[""310472""]"	"[""第2话 由过去塑造的暧昧自我 過去が作った曖昧な私""]"	magireco-translate-data-master/Scenarios_full/character_story/1047 - 小黑（くろ）/310472-3.json	True	True	after_20261001_takeover	47	332e31ba14e6416108b8455e0d7bbb2dc2911f14	magireco-source-master/Scenarios_full/character_story/1047 - 小黑（くろ）/310472-3.json	45f3cb2f9da4dfb6de4352e650a31a7710215f62	43	manifests/story_quality_semantic_batch05_ai_only_20261001_evidence.json.gz	f1955c691d7747fe1ead58af3fe6847c4c62525c	[3317]	"{""path"":""magireco-translate-data-master/Scenarios_full/character_story/1047 - 小黑（くろ）/310472-3.json"",""cn_blob"":""332e31ba14e6416108b8455e0d7bbb2dc2911f14"",""jp_path"":""magireco-source-master/Scenarios_full/character_story/1047 - 小黑（くろ）/310472-3.json"",""jp_blob"":""45f3cb2f9da4dfb6de4352e650a31a7710215f62"",""evidence"":{""batch"":""20261001-semantic-batch05-ai-only"",""source_commit"":""f1955c691d7747fe1ead58af3fe6847c4c62525c"",""report"":""manifests/story_quality_semantic_batch05_ai_only_20261001_evidence.json.gz"",""script_id"":""310472-3"",""full_fields"":47}}"
310472-4	"[""310472""]"	"[""第2话 由过去塑造的暧昧自我 過去が作った曖昧な私""]"	magireco-translate-data-master/Scenarios_full/character_story/1047 - 小黑（くろ）/310472-4.json	True	True	after_20261001_takeover	24	5864fba5135390a5a4772e053927309edc8bbeec	magireco-source-master/Scenarios_full/character_story/1047 - 小黑（くろ）/310472-4.json	932410d40bdc0df1303515f900e842f44b930233	21	manifests/story_quality_semantic_batch05_ai_only_20261001_evidence.json.gz	f1955c691d7747fe1ead58af3fe6847c4c62525c	[]	"{""path"":""magireco-translate-data-master/Scenarios_full/character_story/1047 - 小黑（くろ）/310472-4.json"",""cn_blob"":""5864fba5135390a5a4772e053927309edc8bbeec"",""jp_path"":""magireco-source-master/Scenarios_full/character_story/1047 - 小黑（くろ）/310472-4.json"",""jp_blob"":""932410d40bdc0df1303515f900e842f44b930233"",""evidence"":{""batch"":""20261001-semantic-batch05-ai-only"",""source_commit"":""f1955c691d7747fe1ead58af3fe6847c4c62525c"",""report"":""manifests/story_quality_semantic_batch05_ai_only_20261001_evidence.json.gz"",""script_id"":""310472-4"",""full_fields"":24}}"
310473-1	"[""310473""]"	"[""第3话 有朝一日若能再会 いつかまた会えたなら""]"	magireco-translate-data-master/Scenarios_full/character_story/1047 - 小黑（くろ）/310473-1.json	True	True	after_20261001_takeover	38	92032bdd164f1edc94cfcd8c380a39cb9a5f20f4	magireco-source-master/Scenarios_full/character_story/1047 - 小黑（くろ）/310473-1.json	b3547d6ad98c00f0179f17ddf6db8d0be579d52f	34	manifests/story_quality_semantic_batch05_ai_only_20261001_evidence.json.gz	f1955c691d7747fe1ead58af3fe6847c4c62525c	[]	"{""path"":""magireco-translate-data-master/Scenarios_full/character_story/1047 - 小黑（くろ）/310473-1.json"",""cn_blob"":""92032bdd164f1edc94cfcd8c380a39cb9a5f20f4"",""jp_path"":""magireco-source-master/Scenarios_full/character_story/1047 - 小黑（くろ）/310473-1.json"",""jp_blob"":""b3547d6ad98c00f0179f17ddf6db8d0be579d52f"",""evidence"":{""batch"":""20261001-semantic-batch05-ai-only"",""source_commit"":""f1955c691d7747fe1ead58af3fe6847c4c62525c"",""report"":""manifests/story_quality_semantic_batch05_ai_only_20261001_evidence.json.gz"",""script_id"":""310473-1"",""full_fields"":38}}"
310473-2	"[""310473""]"	"[""第3话 有朝一日若能再会 いつかまた会えたなら""]"	magireco-translate-data-master/Scenarios_full/character_story/1047 - 小黑（くろ）/310473-2.json	True	True	after_20261001_takeover	61	6b06a3ff9540d211a39c0e000c39ab565e92ce1a	magireco-source-master/Scenarios_full/character_story/1047 - 小黑（くろ）/310473-2.json	69e515b195027b76b9d5286c2cb039e5269e1e84	52	manifests/story_quality_semantic_batch05_ai_only_20261001_evidence.json.gz	f1955c691d7747fe1ead58af3fe6847c4c62525c	[3317]	"{""path"":""magireco-translate-data-master/Scenarios_full/character_story/1047 - 小黑（くろ）/310473-2.json"",""cn_blob"":""6b06a3ff9540d211a39c0e000c39ab565e92ce1a"",""jp_path"":""magireco-source-master/Scenarios_full/character_story/1047 - 小黑（くろ）/310473-2.json"",""jp_blob"":""69e515b195027b76b9d5286c2cb039e5269e1e84"",""evidence"":{""batch"":""20261001-semantic-batch05-ai-only"",""source_commit"":""f1955c691d7747fe1ead58af3fe6847c4c62525c"",""report"":""manifests/story_quality_semantic_batch05_ai_only_20261001_evidence.json.gz"",""script_id"":""310473-2"",""full_fields"":61}}"
310473-3	"[""310473""]"	"[""第3话 有朝一日若能再会 いつかまた会えたなら""]"	magireco-translate-data-master/Scenarios_full/character_story/1047 - 小黑（くろ）/310473-3.json	True	True	after_20261001_takeover	54	e362adc0f3794e75917df4b9c1af276e76803cfb	magireco-source-master/Scenarios_full/character_story/1047 - 小黑（くろ）/310473-3.json	784632fd4ce5a1cec10cf859bd05ac6a54b33ece	47	manifests/story_quality_semantic_batch05_ai_only_20261001_evidence.json.gz	f1955c691d7747fe1ead58af3fe6847c4c62525c	[3317]	"{""path"":""magireco-translate-data-master/Scenarios_full/character_story/1047 - 小黑（くろ）/310473-3.json"",""cn_blob"":""e362adc0f3794e75917df4b9c1af276e76803cfb"",""jp_path"":""magireco-source-master/Scenarios_full/character_story/1047 - 小黑（くろ）/310473-3.json"",""jp_blob"":""784632fd4ce5a1cec10cf859bd05ac6a54b33ece"",""evidence"":{""batch"":""20261001-semantic-batch05-ai-only"",""source_commit"":""f1955c691d7747fe1ead58af3fe6847c4c62525c"",""report"":""manifests/story_quality_semantic_batch05_ai_only_20261001_evidence.json.gz"",""script_id"":""310473-3"",""full_fields"":54}}"
310473-4	"[""310473""]"	"[""第3话 有朝一日若能再会 いつかまた会えたなら""]"	magireco-translate-data-master/Scenarios_full/character_story/1047 - 小黑（くろ）/310473-4.json	True	True	after_20261001_takeover	69	aa247e457c28e5ccccd4fbf615702bb1586267fb	magireco-source-master/Scenarios_full/character_story/1047 - 小黑（くろ）/310473-4.json	ae57c64f858bae0d9359f6db7436c63a2c31a0e2	59	manifests/story_quality_semantic_batch05_ai_only_20261001_evidence.json.gz	f1955c691d7747fe1ead58af3fe6847c4c62525c	[3317]	"{""path"":""magireco-translate-data-master/Scenarios_full/character_story/1047 - 小黑（くろ）/310473-4.json"",""cn_blob"":""aa247e457c28e5ccccd4fbf615702bb1586267fb"",""jp_path"":""magireco-source-master/Scenarios_full/character_story/1047 - 小黑（くろ）/310473-4.json"",""jp_blob"":""ae57c64f858bae0d9359f6db7436c63a2c31a0e2"",""evidence"":{""batch"":""20261001-semantic-batch05-ai-only"",""source_commit"":""f1955c691d7747fe1ead58af3fe6847c4c62525c"",""report"":""manifests/story_quality_semantic_batch05_ai_only_20261001_evidence.json.gz"",""script_id"":""310473-4"",""full_fields"":69}}"
310481-1	"[""310481""]"	"[""第1话 被迫接受的命运 掴まされた運命""]"	magireco-translate-data-master/Scenarios_full/character_story/1048 - 埃博妮（エボニー）/310481-1.json	True	True	after_20261001_takeover	36	872e517cc7408146f41de833e0e033a06f3df08a	magireco-source-master/Scenarios_full/character_story/1048 - 埃博妮（エボニー）/310481-1.json	195e168444cfd4cccbfcfca8cb442786efc8eecc	33	manifests/story_quality_semantic_batch03_20261001_evidence.json.gz		[3315]	"{""path"":""magireco-translate-data-master/Scenarios_full/character_story/1048 - 埃博妮（エボニー）/310481-1.json"",""cn_blob"":""872e517cc7408146f41de833e0e033a06f3df08a"",""jp_path"":""magireco-source-master/Scenarios_full/character_story/1048 - 埃博妮（エボニー）/310481-1.json"",""jp_blob"":""195e168444cfd4cccbfcfca8cb442786efc8eecc"",""evidence"":{""status"":""full_review_3315"",""prior_evidence"":{""report"":""manifests/story_quality_semantic_batch03_20261001_evidence.json.gz"",""jp_blob"":""195e168444cfd4cccbfcfca8cb442786efc8eecc"",""body_fingerprint"":""9673a37e44987b384cb968f9ceb48d4fe6a65de31ed65f2d560da2b52da88427"",""source_CN_blob"":""227e49c0cdaadf127a05b8cc451f680f6ccf6c7d"",""reviewed_CN_fields"":36,""full_read"":true,""source_authorship_not_reclassified"":true},""body_fingerprint"":""9673a37e44987b384cb968f9ceb48d4fe6a65de31ed65f2d560da2b52da88427""}}"
310481-2	"[""310481""]"	"[""第1话 被迫接受的命运 掴まされた運命""]"	magireco-translate-data-master/Scenarios_full/character_story/1048 - 埃博妮（エボニー）/310481-2.json	True	True	after_20261001_takeover	62	470b4ee10903a1b1d8ed5ac6afd9c586d5b2edca	magireco-source-master/Scenarios_full/character_story/1048 - 埃博妮（エボニー）/310481-2.json	d65712d941e1d53f11b197a1d7ec67c3cff7aaba	58	manifests/story_quality_semantic_batch03_20261001_evidence.json.gz		[3315]	"{""path"":""magireco-translate-data-master/Scenarios_full/character_story/1048 - 埃博妮（エボニー）/310481-2.json"",""cn_blob"":""470b4ee10903a1b1d8ed5ac6afd9c586d5b2edca"",""jp_path"":""magireco-source-master/Scenarios_full/character_story/1048 - 埃博妮（エボニー）/310481-2.json"",""jp_blob"":""d65712d941e1d53f11b197a1d7ec67c3cff7aaba"",""evidence"":{""status"":""full_review_3315"",""prior_evidence"":{""report"":""manifests/story_quality_semantic_batch03_20261001_evidence.json.gz"",""jp_blob"":""d65712d941e1d53f11b197a1d7ec67c3cff7aaba"",""body_fingerprint"":""2638063df6ce4fe4d81d7c0fa25d053466f1097ade96534455343608f4f11bf9"",""source_CN_blob"":""b38f60bbd78216862bbc1a051deaadf2c4b0b2e7"",""reviewed_CN_fields"":62,""full_read"":true,""source_authorship_not_reclassified"":true},""body_fingerprint"":""2638063df6ce4fe4d81d7c0fa25d053466f1097ade96534455343608f4f11bf9""}}"
310481-3	"[""310481""]"	"[""第1话 被迫接受的命运 掴まされた運命""]"	magireco-translate-data-master/Scenarios_full/character_story/1048 - 埃博妮（エボニー）/310481-3.json	True	True	after_20261001_takeover	71	96e01bf6762d4991ab305ee092b7b58d55acd860	magireco-source-master/Scenarios_full/character_story/1048 - 埃博妮（エボニー）/310481-3.json	6de9b2ff7345ccebede631c467e580d337dc1114	51	manifests/story_quality_semantic_batch03_20261001_evidence.json.gz		[3315]	"{""path"":""magireco-translate-data-master/Scenarios_full/character_story/1048 - 埃博妮（エボニー）/310481-3.json"",""cn_blob"":""96e01bf6762d4991ab305ee092b7b58d55acd860"",""jp_path"":""magireco-source-master/Scenarios_full/character_story/1048 - 埃博妮（エボニー）/310481-3.json"",""jp_blob"":""6de9b2ff7345ccebede631c467e580d337dc1114"",""evidence"":{""status"":""full_review_3315"",""prior_evidence"":{""report"":""manifests/story_quality_semantic_batch03_20261001_evidence.json.gz"",""jp_blob"":""6de9b2ff7345ccebede631c467e580d337dc1114"",""body_fingerprint"":""724f1457b348b20e89f587018b4a7bdde51a1355cbfcf4912b3613e8894556d8"",""source_CN_blob"":""337606b31f4c0e4e3406fe371916fd93b5340019"",""reviewed_CN_fields"":71,""full_read"":true,""source_authorship_not_reclassified"":true},""body_fingerprint"":""724f1457b348b20e89f587018b4a7bdde51a1355cbfcf4912b3613e8894556d8""}}"
310481-4	"[""310481""]"	"[""第1话 被迫接受的命运 掴まされた運命""]"	magireco-translate-data-master/Scenarios_full/character_story/1048 - 埃博妮（エボニー）/310481-4.json	True	True	after_20261001_takeover	32	2b9dbb4d70c8bb1006c69b65e5ffa556955e0a68	magireco-source-master/Scenarios_full/character_story/1048 - 埃博妮（エボニー）/310481-4.json	896718d6d356dcb3ad5d4c583ef303f2d13084a1	26	manifests/story_quality_semantic_batch03_20261001_evidence.json.gz		[3315]	"{""path"":""magireco-translate-data-master/Scenarios_full/character_story/1048 - 埃博妮（エボニー）/310481-4.json"",""cn_blob"":""2b9dbb4d70c8bb1006c69b65e5ffa556955e0a68"",""jp_path"":""magireco-source-master/Scenarios_full/character_story/1048 - 埃博妮（エボニー）/310481-4.json"",""jp_blob"":""896718d6d356dcb3ad5d4c583ef303f2d13084a1"",""evidence"":{""status"":""full_review_3315"",""prior_evidence"":{""report"":""manifests/story_quality_semantic_batch03_20261001_evidence.json.gz"",""jp_blob"":""896718d6d356dcb3ad5d4c583ef303f2d13084a1"",""body_fingerprint"":""72b6c519bf5e440300773135cc0abeeecb3ead24fc8bede729f4196d39936ee4"",""source_CN_blob"":""3c6b0ec95ab75b91596966c1d0960f46345538ea"",""reviewed_CN_fields"":32,""full_read"":true,""source_authorship_not_reclassified"":true},""body_fingerprint"":""72b6c519bf5e440300773135cc0abeeecb3ead24fc8bede729f4196d39936ee4""}}"
310482-1	"[""310482""]"	"[""第2话 从阴影中窥视的面孔 陰から覗く顔""]"	magireco-translate-data-master/Scenarios_full/character_story/1048 - 埃博妮（エボニー）/310482-1.json	True	True	after_20261001_takeover	35	72ac671388552e356b0308dd8d21e2140f326bd3	magireco-source-master/Scenarios_full/character_story/1048 - 埃博妮（エボニー）/310482-1.json	fe0713826be7f46bbafe75fc45ea6656a1617c5e	27	manifests/story_quality_semantic_batch03_20261001_evidence.json.gz		[]	"{""path"":""magireco-translate-data-master/Scenarios_full/character_story/1048 - 埃博妮（エボニー）/310482-1.json"",""cn_blob"":""72ac671388552e356b0308dd8d21e2140f326bd3"",""jp_path"":""magireco-source-master/Scenarios_full/character_story/1048 - 埃博妮（エボニー）/310482-1.json"",""jp_blob"":""fe0713826be7f46bbafe75fc45ea6656a1617c5e"",""evidence"":{""status"":""full_review_3315"",""prior_evidence"":{""report"":""manifests/story_quality_semantic_batch03_20261001_evidence.json.gz"",""jp_blob"":""fe0713826be7f46bbafe75fc45ea6656a1617c5e"",""body_fingerprint"":""c0d4fdec3255e705b85cea86529facc4d3c069bef7f0007156b0df0dceb6386a"",""source_CN_blob"":""72ac671388552e356b0308dd8d21e2140f326bd3"",""reviewed_CN_fields"":35,""full_read"":true,""source_authorship_not_reclassified"":true},""body_fingerprint"":""c0d4fdec3255e705b85cea86529facc4d3c069bef7f0007156b0df0dceb6386a""}}"
310482-2	"[""310482""]"	"[""第2话 从阴影中窥视的面孔 陰から覗く顔""]"	magireco-translate-data-master/Scenarios_full/character_story/1048 - 埃博妮（エボニー）/310482-2.json	True	True	after_20261001_takeover	45	d2398b4f58731195f8788f27b92cba92a4351f74	magireco-source-master/Scenarios_full/character_story/1048 - 埃博妮（エボニー）/310482-2.json	bcd8b0ba0d700faf42e74399c4935d7a436064fb	41	manifests/story_quality_semantic_batch03_20261001_evidence.json.gz		[3315]	"{""path"":""magireco-translate-data-master/Scenarios_full/character_story/1048 - 埃博妮（エボニー）/310482-2.json"",""cn_blob"":""d2398b4f58731195f8788f27b92cba92a4351f74"",""jp_path"":""magireco-source-master/Scenarios_full/character_story/1048 - 埃博妮（エボニー）/310482-2.json"",""jp_blob"":""bcd8b0ba0d700faf42e74399c4935d7a436064fb"",""evidence"":{""status"":""full_review_3315"",""prior_evidence"":{""report"":""manifests/story_quality_semantic_batch03_20261001_evidence.json.gz"",""jp_blob"":""bcd8b0ba0d700faf42e74399c4935d7a436064fb"",""body_fingerprint"":""39e4b4f4bf00160840e94ea5613e8fb1a62ebb7e9cd52f75ebef7221451d0add"",""source_CN_blob"":""f6364981886bfe971220b8edbedead42885ea197"",""reviewed_CN_fields"":45,""full_read"":true,""source_authorship_not_reclassified"":true},""body_fingerprint"":""39e4b4f4bf00160840e94ea5613e8fb1a62ebb7e9cd52f75ebef7221451d0add""}}"
310482-3	"[""310482""]"	"[""第2话 从阴影中窥视的面孔 陰から覗く顔""]"	magireco-translate-data-master/Scenarios_full/character_story/1048 - 埃博妮（エボニー）/310482-3.json	True	True	after_20261001_takeover	43	229792564a4264118af6e21d3a5921ea7217a65d	magireco-source-master/Scenarios_full/character_story/1048 - 埃博妮（エボニー）/310482-3.json	f5e8f57783dba97cc19cf62568fa47e7ce285630	32	manifests/story_quality_semantic_batch03_20261001_evidence.json.gz		[3315]	"{""path"":""magireco-translate-data-master/Scenarios_full/character_story/1048 - 埃博妮（エボニー）/310482-3.json"",""cn_blob"":""229792564a4264118af6e21d3a5921ea7217a65d"",""jp_path"":""magireco-source-master/Scenarios_full/character_story/1048 - 埃博妮（エボニー）/310482-3.json"",""jp_blob"":""f5e8f57783dba97cc19cf62568fa47e7ce285630"",""evidence"":{""status"":""full_review_3315"",""prior_evidence"":{""report"":""manifests/story_quality_semantic_batch03_20261001_evidence.json.gz"",""jp_blob"":""f5e8f57783dba97cc19cf62568fa47e7ce285630"",""body_fingerprint"":""fd09e9e5beb2b5f9a2a7354ed523ba2bf45d77335353e8270953f9821c98700f"",""source_CN_blob"":""ee45195bfb416fa438efecd18a12de67778b3703"",""reviewed_CN_fields"":43,""full_read"":true,""source_authorship_not_reclassified"":true},""body_fingerprint"":""fd09e9e5beb2b5f9a2a7354ed523ba2bf45d77335353e8270953f9821c98700f""}}"
310482-4	"[""310482""]"	"[""第2话 从阴影中窥视的面孔 陰から覗く顔""]"	magireco-translate-data-master/Scenarios_full/character_story/1048 - 埃博妮（エボニー）/310482-4.json	True	True	after_20261001_takeover	42	b24e6a059f9ed07c832b001570ec42f2879cf0e2	magireco-source-master/Scenarios_full/character_story/1048 - 埃博妮（エボニー）/310482-4.json	1daa0fc1402380fa39a1b602cb10eeef07bf3e69	31	manifests/story_quality_semantic_batch03_20261001_evidence.json.gz		[3315]	"{""path"":""magireco-translate-data-master/Scenarios_full/character_story/1048 - 埃博妮（エボニー）/310482-4.json"",""cn_blob"":""b24e6a059f9ed07c832b001570ec42f2879cf0e2"",""jp_path"":""magireco-source-master/Scenarios_full/character_story/1048 - 埃博妮（エボニー）/310482-4.json"",""jp_blob"":""1daa0fc1402380fa39a1b602cb10eeef07bf3e69"",""evidence"":{""status"":""full_review_3315"",""prior_evidence"":{""report"":""manifests/story_quality_semantic_batch03_20261001_evidence.json.gz"",""jp_blob"":""1daa0fc1402380fa39a1b602cb10eeef07bf3e69"",""body_fingerprint"":""2be1ecd7ddee566d95de4a42c0dc82195e213f2d54cc88ab62165d6317a0ea58"",""source_CN_blob"":""1279fdb4469d1daea24d4fbb34c1368d9e45b93b"",""reviewed_CN_fields"":42,""full_read"":true,""source_authorship_not_reclassified"":true},""body_fingerprint"":""2be1ecd7ddee566d95de4a42c0dc82195e213f2d54cc88ab62165d6317a0ea58""}}"
310483-1	"[""310483""]"	"[""第3话 已无他路可选 他に道はなし""]"	magireco-translate-data-master/Scenarios_full/character_story/1048 - 埃博妮（エボニー）/310483-1.json	True	True	after_20261001_takeover	37	779596b1c8b7b8d2aced395075fc1c702212cacc	magireco-source-master/Scenarios_full/character_story/1048 - 埃博妮（エボニー）/310483-1.json	eeb39351f859891f76d1d55c5bb7bbe3b276ffcd	32	manifests/story_quality_semantic_batch03_20261001_evidence.json.gz		[3315]	"{""path"":""magireco-translate-data-master/Scenarios_full/character_story/1048 - 埃博妮（エボニー）/310483-1.json"",""cn_blob"":""779596b1c8b7b8d2aced395075fc1c702212cacc"",""jp_path"":""magireco-source-master/Scenarios_full/character_story/1048 - 埃博妮（エボニー）/310483-1.json"",""jp_blob"":""eeb39351f859891f76d1d55c5bb7bbe3b276ffcd"",""evidence"":{""status"":""full_review_3315"",""prior_evidence"":{""report"":""manifests/story_quality_semantic_batch03_20261001_evidence.json.gz"",""jp_blob"":""eeb39351f859891f76d1d55c5bb7bbe3b276ffcd"",""body_fingerprint"":""ad3695b2881bbdefac40a8d27727f22751e70eb98e8970c90eb8d42ab06b0b8f"",""source_CN_blob"":""75c55f524636bcf92e4ed21090dbb58baf38ebc6"",""reviewed_CN_fields"":37,""full_read"":true,""source_authorship_not_reclassified"":true},""body_fingerprint"":""ad3695b2881bbdefac40a8d27727f22751e70eb98e8970c90eb8d42ab06b0b8f""}}"
310483-2	"[""310483""]"	"[""第3话 已无他路可选 他に道はなし""]"	magireco-translate-data-master/Scenarios_full/character_story/1048 - 埃博妮（エボニー）/310483-2.json	True	True	after_20261001_takeover	70	88fc4d9e2fcae8ce08a5aceb4e34c8c2867efff8	magireco-source-master/Scenarios_full/character_story/1048 - 埃博妮（エボニー）/310483-2.json	ceeee302d1da88898ab8063c7deb793a84c2771a	53	manifests/story_quality_semantic_batch03_20261001_evidence.json.gz		[3315]	"{""path"":""magireco-translate-data-master/Scenarios_full/character_story/1048 - 埃博妮（エボニー）/310483-2.json"",""cn_blob"":""88fc4d9e2fcae8ce08a5aceb4e34c8c2867efff8"",""jp_path"":""magireco-source-master/Scenarios_full/character_story/1048 - 埃博妮（エボニー）/310483-2.json"",""jp_blob"":""ceeee302d1da88898ab8063c7deb793a84c2771a"",""evidence"":{""status"":""full_review_3315"",""prior_evidence"":{""report"":""manifests/story_quality_semantic_batch03_20261001_evidence.json.gz"",""jp_blob"":""ceeee302d1da88898ab8063c7deb793a84c2771a"",""body_fingerprint"":""9ffb5342e6faf7e771c1d9db08020e188200920fd21d610b38bb83ae9c66758f"",""source_CN_blob"":""9ca029027004113a9bac919b782f510913053404"",""reviewed_CN_fields"":70,""full_read"":true,""source_authorship_not_reclassified"":true},""body_fingerprint"":""9ffb5342e6faf7e771c1d9db08020e188200920fd21d610b38bb83ae9c66758f""}}"
310483-3	"[""310483""]"	"[""第3话 已无他路可选 他に道はなし""]"	magireco-translate-data-master/Scenarios_full/character_story/1048 - 埃博妮（エボニー）/310483-3.json	True	True	after_20261001_takeover	41	43247cc2515f8c2ff3a28f13794bf9053432b72a	magireco-source-master/Scenarios_full/character_story/1048 - 埃博妮（エボニー）/310483-3.json	da365b645348a1a3104442acb1b5027d6b3ca195	37	manifests/story_quality_semantic_batch03_20261001_evidence.json.gz		[3315]	"{""path"":""magireco-translate-data-master/Scenarios_full/character_story/1048 - 埃博妮（エボニー）/310483-3.json"",""cn_blob"":""43247cc2515f8c2ff3a28f13794bf9053432b72a"",""jp_path"":""magireco-source-master/Scenarios_full/character_story/1048 - 埃博妮（エボニー）/310483-3.json"",""jp_blob"":""da365b645348a1a3104442acb1b5027d6b3ca195"",""evidence"":{""status"":""full_review_3315"",""prior_evidence"":{""report"":""manifests/story_quality_semantic_batch03_20261001_evidence.json.gz"",""jp_blob"":""da365b645348a1a3104442acb1b5027d6b3ca195"",""body_fingerprint"":""43a548e861408363e38797c8f03cc44756ce4badb8552b088513c0d98a43b31b"",""source_CN_blob"":""0bf05c87df959e82190537c0c2b4656e2571a056"",""reviewed_CN_fields"":41,""full_read"":true,""source_authorship_not_reclassified"":true},""body_fingerprint"":""43a548e861408363e38797c8f03cc44756ce4badb8552b088513c0d98a43b31b""}}"
310483-4	"[""310483""]"	"[""第3话 已无他路可选 他に道はなし""]"	magireco-translate-data-master/Scenarios_full/character_story/1048 - 埃博妮（エボニー）/310483-4.json	True	True	after_20261001_takeover	55	0ada6b999f387eb4018de40696e452ed3cc1f81f	magireco-source-master/Scenarios_full/character_story/1048 - 埃博妮（エボニー）/310483-4.json	2a67137ac00af48e9f1d407adafad00fd9e7445d	42	manifests/story_quality_semantic_batch03_20261001_evidence.json.gz		[3315]	"{""path"":""magireco-translate-data-master/Scenarios_full/character_story/1048 - 埃博妮（エボニー）/310483-4.json"",""cn_blob"":""0ada6b999f387eb4018de40696e452ed3cc1f81f"",""jp_path"":""magireco-source-master/Scenarios_full/character_story/1048 - 埃博妮（エボニー）/310483-4.json"",""jp_blob"":""2a67137ac00af48e9f1d407adafad00fd9e7445d"",""evidence"":{""status"":""full_review_3315"",""prior_evidence"":{""report"":""manifests/story_quality_semantic_batch03_20261001_evidence.json.gz"",""jp_blob"":""2a67137ac00af48e9f1d407adafad00fd9e7445d"",""body_fingerprint"":""bb36639cffb26fcb47c9bbed5da8a288b37d0929f38ee5117451b3cbc2124ccf"",""source_CN_blob"":""2c3fd6633ea74d390562efce8a3846ee688de0f0"",""reviewed_CN_fields"":55,""full_read"":true,""source_authorship_not_reclassified"":true},""body_fingerprint"":""bb36639cffb26fcb47c9bbed5da8a288b37d0929f38ee5117451b3cbc2124ccf""}}"
310491-1	"[""310491""]"	"[""第1话 忍耐的岁月 耐える日々""]"	magireco-translate-data-master/Scenarios_full/character_story/1049 - 奥尔加（オルガ）/310491-1.json	True	True	after_20261001_takeover	40	5b456ba72d8496252b6c22760fa6382de3347900	magireco-source-master/Scenarios_full/character_story/1049 - 奥尔加（オルガ）/310491-1.json	e35a7e91e9f4bf0bbb4001e14aff8d0ee7389eef	37	manifests/story_quality_semantic_batch05_ai_only_20261001_evidence.json.gz	f1955c691d7747fe1ead58af3fe6847c4c62525c	[]	"{""path"":""magireco-translate-data-master/Scenarios_full/character_story/1049 - 奥尔加（オルガ）/310491-1.json"",""cn_blob"":""5b456ba72d8496252b6c22760fa6382de3347900"",""jp_path"":""magireco-source-master/Scenarios_full/character_story/1049 - 奥尔加（オルガ）/310491-1.json"",""jp_blob"":""e35a7e91e9f4bf0bbb4001e14aff8d0ee7389eef"",""evidence"":{""batch"":""20261001-semantic-batch05-ai-only"",""source_commit"":""f1955c691d7747fe1ead58af3fe6847c4c62525c"",""report"":""manifests/story_quality_semantic_batch05_ai_only_20261001_evidence.json.gz"",""script_id"":""310491-1"",""full_fields"":40}}"
310491-2	"[""310491""]"	"[""第1话 忍耐的岁月 耐える日々""]"	magireco-translate-data-master/Scenarios_full/character_story/1049 - 奥尔加（オルガ）/310491-2.json	True	True	after_20261001_takeover	47	fe69b12d32308534370a215894f36e1631e4d90a	magireco-source-master/Scenarios_full/character_story/1049 - 奥尔加（オルガ）/310491-2.json	8a791d7a53ce959a887d532beaa36853cce845b6	37	manifests/story_quality_semantic_batch05_ai_only_20261001_evidence.json.gz	f1955c691d7747fe1ead58af3fe6847c4c62525c	[]	"{""path"":""magireco-translate-data-master/Scenarios_full/character_story/1049 - 奥尔加（オルガ）/310491-2.json"",""cn_blob"":""fe69b12d32308534370a215894f36e1631e4d90a"",""jp_path"":""magireco-source-master/Scenarios_full/character_story/1049 - 奥尔加（オルガ）/310491-2.json"",""jp_blob"":""8a791d7a53ce959a887d532beaa36853cce845b6"",""evidence"":{""batch"":""20261001-semantic-batch05-ai-only"",""source_commit"":""f1955c691d7747fe1ead58af3fe6847c4c62525c"",""report"":""manifests/story_quality_semantic_batch05_ai_only_20261001_evidence.json.gz"",""script_id"":""310491-2"",""full_fields"":47}}"
310491-3	"[""310491""]"	"[""第1话 忍耐的岁月 耐える日々""]"	magireco-translate-data-master/Scenarios_full/character_story/1049 - 奥尔加（オルガ）/310491-3.json	True	True	after_20261001_takeover	32	357a75395ea2345d31a571cee6e269e702571204	magireco-source-master/Scenarios_full/character_story/1049 - 奥尔加（オルガ）/310491-3.json	79a73184059107af33477141a640f9c8edde6ff2	24	manifests/story_quality_semantic_batch05_ai_only_20261001_evidence.json.gz	f1955c691d7747fe1ead58af3fe6847c4c62525c	[]	"{""path"":""magireco-translate-data-master/Scenarios_full/character_story/1049 - 奥尔加（オルガ）/310491-3.json"",""cn_blob"":""357a75395ea2345d31a571cee6e269e702571204"",""jp_path"":""magireco-source-master/Scenarios_full/character_story/1049 - 奥尔加（オルガ）/310491-3.json"",""jp_blob"":""79a73184059107af33477141a640f9c8edde6ff2"",""evidence"":{""batch"":""20261001-semantic-batch05-ai-only"",""source_commit"":""f1955c691d7747fe1ead58af3fe6847c4c62525c"",""report"":""manifests/story_quality_semantic_batch05_ai_only_20261001_evidence.json.gz"",""script_id"":""310491-3"",""full_fields"":32}}"
310491-4	"[""310491""]"	"[""第1话 忍耐的岁月 耐える日々""]"	magireco-translate-data-master/Scenarios_full/character_story/1049 - 奥尔加（オルガ）/310491-4.json	True	True	after_20261001_takeover	32	f44d262c3ad8dd06fb2c95ce31c067b5246c06ad	magireco-source-master/Scenarios_full/character_story/1049 - 奥尔加（オルガ）/310491-4.json	9e76ada4ab47f52c809daecc7ff86d10beb961d4	21	manifests/story_quality_semantic_batch05_ai_only_20261001_evidence.json.gz	f1955c691d7747fe1ead58af3fe6847c4c62525c	[]	"{""path"":""magireco-translate-data-master/Scenarios_full/character_story/1049 - 奥尔加（オルガ）/310491-4.json"",""cn_blob"":""f44d262c3ad8dd06fb2c95ce31c067b5246c06ad"",""jp_path"":""magireco-source-master/Scenarios_full/character_story/1049 - 奥尔加（オルガ）/310491-4.json"",""jp_blob"":""9e76ada4ab47f52c809daecc7ff86d10beb961d4"",""evidence"":{""batch"":""20261001-semantic-batch05-ai-only"",""source_commit"":""f1955c691d7747fe1ead58af3fe6847c4c62525c"",""report"":""manifests/story_quality_semantic_batch05_ai_only_20261001_evidence.json.gz"",""script_id"":""310491-4"",""full_fields"":32}}"
310492-1	"[""310492""]"	"[""第2话 妹妹的机智 妹の機転""]"	magireco-translate-data-master/Scenarios_full/character_story/1049 - 奥尔加（オルガ）/310492-1.json	True	True	after_20261001_takeover	33	c6c691f14d9fd81a8693b1865284a84c927b6199	magireco-source-master/Scenarios_full/character_story/1049 - 奥尔加（オルガ）/310492-1.json	41283001b742cb72d69163e79e5913e89e074502	25	manifests/story_quality_semantic_batch05_ai_only_20261001_evidence.json.gz	f1955c691d7747fe1ead58af3fe6847c4c62525c	[3317]	"{""path"":""magireco-translate-data-master/Scenarios_full/character_story/1049 - 奥尔加（オルガ）/310492-1.json"",""cn_blob"":""c6c691f14d9fd81a8693b1865284a84c927b6199"",""jp_path"":""magireco-source-master/Scenarios_full/character_story/1049 - 奥尔加（オルガ）/310492-1.json"",""jp_blob"":""41283001b742cb72d69163e79e5913e89e074502"",""evidence"":{""batch"":""20261001-semantic-batch05-ai-only"",""source_commit"":""f1955c691d7747fe1ead58af3fe6847c4c62525c"",""report"":""manifests/story_quality_semantic_batch05_ai_only_20261001_evidence.json.gz"",""script_id"":""310492-1"",""full_fields"":33}}"
310492-2	"[""310492""]"	"[""第2话 妹妹的机智 妹の機転""]"	magireco-translate-data-master/Scenarios_full/character_story/1049 - 奥尔加（オルガ）/310492-2.json	True	True	after_20261001_takeover	35	1520028ef784c9f42e0f62a244784ebfe80dc3b0	magireco-source-master/Scenarios_full/character_story/1049 - 奥尔加（オルガ）/310492-2.json	54416121899489ddd0213c49e12a6b47a1a17206	28	manifests/story_quality_semantic_batch05_ai_only_20261001_evidence.json.gz	f1955c691d7747fe1ead58af3fe6847c4c62525c	[]	"{""path"":""magireco-translate-data-master/Scenarios_full/character_story/1049 - 奥尔加（オルガ）/310492-2.json"",""cn_blob"":""1520028ef784c9f42e0f62a244784ebfe80dc3b0"",""jp_path"":""magireco-source-master/Scenarios_full/character_story/1049 - 奥尔加（オルガ）/310492-2.json"",""jp_blob"":""54416121899489ddd0213c49e12a6b47a1a17206"",""evidence"":{""batch"":""20261001-semantic-batch05-ai-only"",""source_commit"":""f1955c691d7747fe1ead58af3fe6847c4c62525c"",""report"":""manifests/story_quality_semantic_batch05_ai_only_20261001_evidence.json.gz"",""script_id"":""310492-2"",""full_fields"":35}}"
310492-3	"[""310492""]"	"[""第2话 妹妹的机智 妹の機転""]"	magireco-translate-data-master/Scenarios_full/character_story/1049 - 奥尔加（オルガ）/310492-3.json	True	True	after_20261001_takeover	35	a34e5a70b13076dcfd5ed21ad58002478827995c	magireco-source-master/Scenarios_full/character_story/1049 - 奥尔加（オルガ）/310492-3.json	28d20eb333ff4e625192b630a53d193d7d180f44	31	manifests/story_quality_semantic_batch05_ai_only_20261001_evidence.json.gz	f1955c691d7747fe1ead58af3fe6847c4c62525c	[]	"{""path"":""magireco-translate-data-master/Scenarios_full/character_story/1049 - 奥尔加（オルガ）/310492-3.json"",""cn_blob"":""a34e5a70b13076dcfd5ed21ad58002478827995c"",""jp_path"":""magireco-source-master/Scenarios_full/character_story/1049 - 奥尔加（オルガ）/310492-3.json"",""jp_blob"":""28d20eb333ff4e625192b630a53d193d7d180f44"",""evidence"":{""batch"":""20261001-semantic-batch05-ai-only"",""source_commit"":""f1955c691d7747fe1ead58af3fe6847c4c62525c"",""report"":""manifests/story_quality_semantic_batch05_ai_only_20261001_evidence.json.gz"",""script_id"":""310492-3"",""full_fields"":35}}"
310492-4	"[""310492""]"	"[""第2话 妹妹的机智 妹の機転""]"	magireco-translate-data-master/Scenarios_full/character_story/1049 - 奥尔加（オルガ）/310492-4.json	True	True	after_20261001_takeover	30	11083255e97586c7e85f86b913e94da98462205c	magireco-source-master/Scenarios_full/character_story/1049 - 奥尔加（オルガ）/310492-4.json	bfe6cb59817e2e61efebe98411d8def4e6f081ff	23	manifests/story_quality_semantic_batch05_ai_only_20261001_evidence.json.gz	f1955c691d7747fe1ead58af3fe6847c4c62525c	[]	"{""path"":""magireco-translate-data-master/Scenarios_full/character_story/1049 - 奥尔加（オルガ）/310492-4.json"",""cn_blob"":""11083255e97586c7e85f86b913e94da98462205c"",""jp_path"":""magireco-source-master/Scenarios_full/character_story/1049 - 奥尔加（オルガ）/310492-4.json"",""jp_blob"":""bfe6cb59817e2e61efebe98411d8def4e6f081ff"",""evidence"":{""batch"":""20261001-semantic-batch05-ai-only"",""source_commit"":""f1955c691d7747fe1ead58af3fe6847c4c62525c"",""report"":""manifests/story_quality_semantic_batch05_ai_only_20261001_evidence.json.gz"",""script_id"":""310492-4"",""full_fields"":30}}"
310493-1	"[""310493""]"	"[""第3话 携手同行 手を携えて""]"	magireco-translate-data-master/Scenarios_full/character_story/1049 - 奥尔加（オルガ）/310493-1.json	True	True	after_20261001_takeover	42	43a6ab9102290143f1e6f54f0847f3fa96071263	magireco-source-master/Scenarios_full/character_story/1049 - 奥尔加（オルガ）/310493-1.json	10331304715b8c6568d9c140325dcfbd1a8b65ec	31	manifests/story_quality_semantic_batch05_ai_only_20261001_evidence.json.gz	f1955c691d7747fe1ead58af3fe6847c4c62525c	[3317]	"{""path"":""magireco-translate-data-master/Scenarios_full/character_story/1049 - 奥尔加（オルガ）/310493-1.json"",""cn_blob"":""43a6ab9102290143f1e6f54f0847f3fa96071263"",""jp_path"":""magireco-source-master/Scenarios_full/character_story/1049 - 奥尔加（オルガ）/310493-1.json"",""jp_blob"":""10331304715b8c6568d9c140325dcfbd1a8b65ec"",""evidence"":{""batch"":""20261001-semantic-batch05-ai-only"",""source_commit"":""f1955c691d7747fe1ead58af3fe6847c4c62525c"",""report"":""manifests/story_quality_semantic_batch05_ai_only_20261001_evidence.json.gz"",""script_id"":""310493-1"",""full_fields"":42}}"
310493-2	"[""310493""]"	"[""第3话 携手同行 手を携えて""]"	magireco-translate-data-master/Scenarios_full/character_story/1049 - 奥尔加（オルガ）/310493-2.json	True	True	after_20261001_takeover	49	4e01818fdf85dea5fbf78968e46fc42fdf392db7	magireco-source-master/Scenarios_full/character_story/1049 - 奥尔加（オルガ）/310493-2.json	711109344635cdae6f0801492432d20fefba82f6	37	manifests/story_quality_semantic_batch05_ai_only_20261001_evidence.json.gz	f1955c691d7747fe1ead58af3fe6847c4c62525c	[]	"{""path"":""magireco-translate-data-master/Scenarios_full/character_story/1049 - 奥尔加（オルガ）/310493-2.json"",""cn_blob"":""4e01818fdf85dea5fbf78968e46fc42fdf392db7"",""jp_path"":""magireco-source-master/Scenarios_full/character_story/1049 - 奥尔加（オルガ）/310493-2.json"",""jp_blob"":""711109344635cdae6f0801492432d20fefba82f6"",""evidence"":{""batch"":""20261001-semantic-batch05-ai-only"",""source_commit"":""f1955c691d7747fe1ead58af3fe6847c4c62525c"",""report"":""manifests/story_quality_semantic_batch05_ai_only_20261001_evidence.json.gz"",""script_id"":""310493-2"",""full_fields"":49}}"
310493-3	"[""310493""]"	"[""第3话 携手同行 手を携えて""]"	magireco-translate-data-master/Scenarios_full/character_story/1049 - 奥尔加（オルガ）/310493-3.json	True	True	after_20261001_takeover	48	bf197d7bbb69e11181ec9933b10f5a94d4c11dfc	magireco-source-master/Scenarios_full/character_story/1049 - 奥尔加（オルガ）/310493-3.json	082851e278bffb88988ab2fdf8eaa6952c05e326	30	manifests/story_quality_semantic_batch05_ai_only_20261001_evidence.json.gz	f1955c691d7747fe1ead58af3fe6847c4c62525c	[3317]	"{""path"":""magireco-translate-data-master/Scenarios_full/character_story/1049 - 奥尔加（オルガ）/310493-3.json"",""cn_blob"":""bf197d7bbb69e11181ec9933b10f5a94d4c11dfc"",""jp_path"":""magireco-source-master/Scenarios_full/character_story/1049 - 奥尔加（オルガ）/310493-3.json"",""jp_blob"":""082851e278bffb88988ab2fdf8eaa6952c05e326"",""evidence"":{""batch"":""20261001-semantic-batch05-ai-only"",""source_commit"":""f1955c691d7747fe1ead58af3fe6847c4c62525c"",""report"":""manifests/story_quality_semantic_batch05_ai_only_20261001_evidence.json.gz"",""script_id"":""310493-3"",""full_fields"":48}}"
310493-4	"[""310493""]"	"[""第3话 携手同行 手を携えて""]"	magireco-translate-data-master/Scenarios_full/character_story/1049 - 奥尔加（オルガ）/310493-4.json	True	True	after_20261001_takeover	27	e1ad78197f29bdf0cca83554e9b88d428eacb639	magireco-source-master/Scenarios_full/character_story/1049 - 奥尔加（オルガ）/310493-4.json	1492a8e125959f0aa94ba3d3a681f9c8de9b317a	17	manifests/story_quality_semantic_batch05_ai_only_20261001_evidence.json.gz	f1955c691d7747fe1ead58af3fe6847c4c62525c	[]	"{""path"":""magireco-translate-data-master/Scenarios_full/character_story/1049 - 奥尔加（オルガ）/310493-4.json"",""cn_blob"":""e1ad78197f29bdf0cca83554e9b88d428eacb639"",""jp_path"":""magireco-source-master/Scenarios_full/character_story/1049 - 奥尔加（オルガ）/310493-4.json"",""jp_blob"":""1492a8e125959f0aa94ba3d3a681f9c8de9b317a"",""evidence"":{""batch"":""20261001-semantic-batch05-ai-only"",""source_commit"":""f1955c691d7747fe1ead58af3fe6847c4c62525c"",""report"":""manifests/story_quality_semantic_batch05_ai_only_20261001_evidence.json.gz"",""script_id"":""310493-4"",""full_fields"":27}}"
310501-1	"[""310501""]"	"[""第1话 做着同一个梦 同じ夢を見る""]"	magireco-translate-data-master/Scenarios_full/character_story/1050 - 冈希尔德（ガンヒルト）/310501-1.json	True	True	after_20261001_takeover	49	6993eaede98e1614281bc4ed57f031be33952623	magireco-source-master/Scenarios_full/character_story/1050 - 冈希尔德（ガンヒルト）/310501-1.json	fe48d1f58cf1e51a8ba0d25db498f3751c2c4942	42	manifests/story_quality_semantic_batch05_ai_only_20261001_evidence.json.gz	f1955c691d7747fe1ead58af3fe6847c4c62525c	[]	"{""path"":""magireco-translate-data-master/Scenarios_full/character_story/1050 - 冈希尔德（ガンヒルト）/310501-1.json"",""cn_blob"":""6993eaede98e1614281bc4ed57f031be33952623"",""jp_path"":""magireco-source-master/Scenarios_full/character_story/1050 - 冈希尔德（ガンヒルト）/310501-1.json"",""jp_blob"":""fe48d1f58cf1e51a8ba0d25db498f3751c2c4942"",""evidence"":{""batch"":""20261001-semantic-batch05-ai-only"",""source_commit"":""f1955c691d7747fe1ead58af3fe6847c4c62525c"",""report"":""manifests/story_quality_semantic_batch05_ai_only_20261001_evidence.json.gz"",""script_id"":""310501-1"",""full_fields"":49}}"
310501-2	"[""310501""]"	"[""第1话 做着同一个梦 同じ夢を見る""]"	magireco-translate-data-master/Scenarios_full/character_story/1050 - 冈希尔德（ガンヒルト）/310501-2.json	True	True	after_20261001_takeover	40	84ba02660951cb8d9cb6f7a9e65d1716dfe8d2d3	magireco-source-master/Scenarios_full/character_story/1050 - 冈希尔德（ガンヒルト）/310501-2.json	6cd8da837e94d0a3f458612465067f9c5b0f4384	37	manifests/story_quality_semantic_batch05_ai_only_20261001_evidence.json.gz	f1955c691d7747fe1ead58af3fe6847c4c62525c	[]	"{""path"":""magireco-translate-data-master/Scenarios_full/character_story/1050 - 冈希尔德（ガンヒルト）/310501-2.json"",""cn_blob"":""84ba02660951cb8d9cb6f7a9e65d1716dfe8d2d3"",""jp_path"":""magireco-source-master/Scenarios_full/character_story/1050 - 冈希尔德（ガンヒルト）/310501-2.json"",""jp_blob"":""6cd8da837e94d0a3f458612465067f9c5b0f4384"",""evidence"":{""batch"":""20261001-semantic-batch05-ai-only"",""source_commit"":""f1955c691d7747fe1ead58af3fe6847c4c62525c"",""report"":""manifests/story_quality_semantic_batch05_ai_only_20261001_evidence.json.gz"",""script_id"":""310501-2"",""full_fields"":40}}"
310501-3	"[""310501""]"	"[""第1话 做着同一个梦 同じ夢を見る""]"	magireco-translate-data-master/Scenarios_full/character_story/1050 - 冈希尔德（ガンヒルト）/310501-3.json	True	True	after_20261001_takeover	40	3ae58f9792524433f094475a6feefa3085f621a6	magireco-source-master/Scenarios_full/character_story/1050 - 冈希尔德（ガンヒルト）/310501-3.json	395e9d3139f407916836b51edaeb07647324a592	18	manifests/story_quality_semantic_batch05_ai_only_20261001_evidence.json.gz	f1955c691d7747fe1ead58af3fe6847c4c62525c	[]	"{""path"":""magireco-translate-data-master/Scenarios_full/character_story/1050 - 冈希尔德（ガンヒルト）/310501-3.json"",""cn_blob"":""3ae58f9792524433f094475a6feefa3085f621a6"",""jp_path"":""magireco-source-master/Scenarios_full/character_story/1050 - 冈希尔德（ガンヒルト）/310501-3.json"",""jp_blob"":""395e9d3139f407916836b51edaeb07647324a592"",""evidence"":{""batch"":""20261001-semantic-batch05-ai-only"",""source_commit"":""f1955c691d7747fe1ead58af3fe6847c4c62525c"",""report"":""manifests/story_quality_semantic_batch05_ai_only_20261001_evidence.json.gz"",""script_id"":""310501-3"",""full_fields"":40}}"
310501-4	"[""310501""]"	"[""第1话 做着同一个梦 同じ夢を見る""]"	magireco-translate-data-master/Scenarios_full/character_story/1050 - 冈希尔德（ガンヒルト）/310501-4.json	True	True	after_20261001_takeover	21	223a28f0f297c5ca9074fb436663b54760ec5122	magireco-source-master/Scenarios_full/character_story/1050 - 冈希尔德（ガンヒルト）/310501-4.json	e9b0c5806d0249ed5209ccb80e793b5655f82ba4	18	manifests/story_quality_semantic_batch05_ai_only_20261001_evidence.json.gz	f1955c691d7747fe1ead58af3fe6847c4c62525c	[]	"{""path"":""magireco-translate-data-master/Scenarios_full/character_story/1050 - 冈希尔德（ガンヒルト）/310501-4.json"",""cn_blob"":""223a28f0f297c5ca9074fb436663b54760ec5122"",""jp_path"":""magireco-source-master/Scenarios_full/character_story/1050 - 冈希尔德（ガンヒルト）/310501-4.json"",""jp_blob"":""e9b0c5806d0249ed5209ccb80e793b5655f82ba4"",""evidence"":{""batch"":""20261001-semantic-batch05-ai-only"",""source_commit"":""f1955c691d7747fe1ead58af3fe6847c4c62525c"",""report"":""manifests/story_quality_semantic_batch05_ai_only_20261001_evidence.json.gz"",""script_id"":""310501-4"",""full_fields"":21}}"
310502-1	"[""310502""]"	"[""第2话 为了实现梦想 夢を叶えるために""]"	magireco-translate-data-master/Scenarios_full/character_story/1050 - 冈希尔德（ガンヒルト）/310502-1.json	True	True	after_20261001_takeover	36	28b18679467a8d9e7075eeae13fb3eaf8a19c4c5	magireco-source-master/Scenarios_full/character_story/1050 - 冈希尔德（ガンヒルト）/310502-1.json	35b857f444519d95a042dd7f1a68205a1b3e55e5	21	manifests/story_quality_semantic_batch05_ai_only_20261001_evidence.json.gz	f1955c691d7747fe1ead58af3fe6847c4c62525c	[]	"{""path"":""magireco-translate-data-master/Scenarios_full/character_story/1050 - 冈希尔德（ガンヒルト）/310502-1.json"",""cn_blob"":""28b18679467a8d9e7075eeae13fb3eaf8a19c4c5"",""jp_path"":""magireco-source-master/Scenarios_full/character_story/1050 - 冈希尔德（ガンヒルト）/310502-1.json"",""jp_blob"":""35b857f444519d95a042dd7f1a68205a1b3e55e5"",""evidence"":{""batch"":""20261001-semantic-batch05-ai-only"",""source_commit"":""f1955c691d7747fe1ead58af3fe6847c4c62525c"",""report"":""manifests/story_quality_semantic_batch05_ai_only_20261001_evidence.json.gz"",""script_id"":""310502-1"",""full_fields"":36}}"
310502-2	"[""310502""]"	"[""第2话 为了实现梦想 夢を叶えるために""]"	magireco-translate-data-master/Scenarios_full/character_story/1050 - 冈希尔德（ガンヒルト）/310502-2.json	True	True	after_20261001_takeover	51	7b97018419ea08390135896522b92eb852bc0638	magireco-source-master/Scenarios_full/character_story/1050 - 冈希尔德（ガンヒルト）/310502-2.json	166e40ff54243974ed39e182d7fa85e13d4d24a7	21	manifests/story_quality_semantic_batch05_ai_only_20261001_evidence.json.gz	f1955c691d7747fe1ead58af3fe6847c4c62525c	[3317]	"{""path"":""magireco-translate-data-master/Scenarios_full/character_story/1050 - 冈希尔德（ガンヒルト）/310502-2.json"",""cn_blob"":""7b97018419ea08390135896522b92eb852bc0638"",""jp_path"":""magireco-source-master/Scenarios_full/character_story/1050 - 冈希尔德（ガンヒルト）/310502-2.json"",""jp_blob"":""166e40ff54243974ed39e182d7fa85e13d4d24a7"",""evidence"":{""batch"":""20261001-semantic-batch05-ai-only"",""source_commit"":""f1955c691d7747fe1ead58af3fe6847c4c62525c"",""report"":""manifests/story_quality_semantic_batch05_ai_only_20261001_evidence.json.gz"",""script_id"":""310502-2"",""full_fields"":51}}"
310502-3	"[""310502""]"	"[""第2话 为了实现梦想 夢を叶えるために""]"	magireco-translate-data-master/Scenarios_full/character_story/1050 - 冈希尔德（ガンヒルト）/310502-3.json	True	True	after_20261001_takeover	26	b9a9aff49dfe8d45d7b2055517a164619e5a8f70	magireco-source-master/Scenarios_full/character_story/1050 - 冈希尔德（ガンヒルト）/310502-3.json	45271530d8062bb2708a029f529588aa00126e9d	14	manifests/story_quality_semantic_batch05_ai_only_20261001_evidence.json.gz	f1955c691d7747fe1ead58af3fe6847c4c62525c	[3317]	"{""path"":""magireco-translate-data-master/Scenarios_full/character_story/1050 - 冈希尔德（ガンヒルト）/310502-3.json"",""cn_blob"":""b9a9aff49dfe8d45d7b2055517a164619e5a8f70"",""jp_path"":""magireco-source-master/Scenarios_full/character_story/1050 - 冈希尔德（ガンヒルト）/310502-3.json"",""jp_blob"":""45271530d8062bb2708a029f529588aa00126e9d"",""evidence"":{""batch"":""20261001-semantic-batch05-ai-only"",""source_commit"":""f1955c691d7747fe1ead58af3fe6847c4c62525c"",""report"":""manifests/story_quality_semantic_batch05_ai_only_20261001_evidence.json.gz"",""script_id"":""310502-3"",""full_fields"":26}}"
310502-4	"[""310502""]"	"[""第2话 为了实现梦想 夢を叶えるために""]"	magireco-translate-data-master/Scenarios_full/character_story/1050 - 冈希尔德（ガンヒルト）/310502-4.json	True	True	after_20261001_takeover	49	e21bf8c43a02f4b19731dd07708f08a4147dc187	magireco-source-master/Scenarios_full/character_story/1050 - 冈希尔德（ガンヒルト）/310502-4.json	c1e90a15377010d7779f9dd46f280674292e8a71	40	manifests/story_quality_semantic_batch05_ai_only_20261001_evidence.json.gz	f1955c691d7747fe1ead58af3fe6847c4c62525c	[3317]	"{""path"":""magireco-translate-data-master/Scenarios_full/character_story/1050 - 冈希尔德（ガンヒルト）/310502-4.json"",""cn_blob"":""e21bf8c43a02f4b19731dd07708f08a4147dc187"",""jp_path"":""magireco-source-master/Scenarios_full/character_story/1050 - 冈希尔德（ガンヒルト）/310502-4.json"",""jp_blob"":""c1e90a15377010d7779f9dd46f280674292e8a71"",""evidence"":{""batch"":""20261001-semantic-batch05-ai-only"",""source_commit"":""f1955c691d7747fe1ead58af3fe6847c4c62525c"",""report"":""manifests/story_quality_semantic_batch05_ai_only_20261001_evidence.json.gz"",""script_id"":""310502-4"",""full_fields"":49}}"
310503-1	"[""310503""]"	"[""第3话 梦想的代价 夢の代償""]"	magireco-translate-data-master/Scenarios_full/character_story/1050 - 冈希尔德（ガンヒルト）/310503-1.json	True	True	after_20261001_takeover	38	d8c218ca03468cec8ebbb30a7142acdb706d8083	magireco-source-master/Scenarios_full/character_story/1050 - 冈希尔德（ガンヒルト）/310503-1.json	e782a2360b6babb22ea174adf3e9538df81c77de	35	manifests/story_quality_semantic_batch05_ai_only_20261001_evidence.json.gz	f1955c691d7747fe1ead58af3fe6847c4c62525c	[]	"{""path"":""magireco-translate-data-master/Scenarios_full/character_story/1050 - 冈希尔德（ガンヒルト）/310503-1.json"",""cn_blob"":""d8c218ca03468cec8ebbb30a7142acdb706d8083"",""jp_path"":""magireco-source-master/Scenarios_full/character_story/1050 - 冈希尔德（ガンヒルト）/310503-1.json"",""jp_blob"":""e782a2360b6babb22ea174adf3e9538df81c77de"",""evidence"":{""batch"":""20261001-semantic-batch05-ai-only"",""source_commit"":""f1955c691d7747fe1ead58af3fe6847c4c62525c"",""report"":""manifests/story_quality_semantic_batch05_ai_only_20261001_evidence.json.gz"",""script_id"":""310503-1"",""full_fields"":38}}"
310503-2	"[""310503""]"	"[""第3话 梦想的代价 夢の代償""]"	magireco-translate-data-master/Scenarios_full/character_story/1050 - 冈希尔德（ガンヒルト）/310503-2.json	True	True	after_20261001_takeover	34	d5f839b8e4b69216cb58fa905f9569717b00649b	magireco-source-master/Scenarios_full/character_story/1050 - 冈希尔德（ガンヒルト）/310503-2.json	a58264323a3c60668969d0cbbfde27766e3867ce	28	manifests/story_quality_semantic_batch05_ai_only_20261001_evidence.json.gz	f1955c691d7747fe1ead58af3fe6847c4c62525c	[3317]	"{""path"":""magireco-translate-data-master/Scenarios_full/character_story/1050 - 冈希尔德（ガンヒルト）/310503-2.json"",""cn_blob"":""d5f839b8e4b69216cb58fa905f9569717b00649b"",""jp_path"":""magireco-source-master/Scenarios_full/character_story/1050 - 冈希尔德（ガンヒルト）/310503-2.json"",""jp_blob"":""a58264323a3c60668969d0cbbfde27766e3867ce"",""evidence"":{""batch"":""20261001-semantic-batch05-ai-only"",""source_commit"":""f1955c691d7747fe1ead58af3fe6847c4c62525c"",""report"":""manifests/story_quality_semantic_batch05_ai_only_20261001_evidence.json.gz"",""script_id"":""310503-2"",""full_fields"":34}}"
310503-3	"[""310503""]"	"[""第3话 梦想的代价 夢の代償""]"	magireco-translate-data-master/Scenarios_full/character_story/1050 - 冈希尔德（ガンヒルト）/310503-3.json	True	True	after_20261001_takeover	30	d530a8fca2295fdd148e7b2073b5534e36ac358d	magireco-source-master/Scenarios_full/character_story/1050 - 冈希尔德（ガンヒルト）/310503-3.json	580ae7dd7b385ed2ba39c046c5e72a2c522bfd44	19	manifests/story_quality_semantic_batch05_ai_only_20261001_evidence.json.gz	f1955c691d7747fe1ead58af3fe6847c4c62525c	[3317]	"{""path"":""magireco-translate-data-master/Scenarios_full/character_story/1050 - 冈希尔德（ガンヒルト）/310503-3.json"",""cn_blob"":""d530a8fca2295fdd148e7b2073b5534e36ac358d"",""jp_path"":""magireco-source-master/Scenarios_full/character_story/1050 - 冈希尔德（ガンヒルト）/310503-3.json"",""jp_blob"":""580ae7dd7b385ed2ba39c046c5e72a2c522bfd44"",""evidence"":{""batch"":""20261001-semantic-batch05-ai-only"",""source_commit"":""f1955c691d7747fe1ead58af3fe6847c4c62525c"",""report"":""manifests/story_quality_semantic_batch05_ai_only_20261001_evidence.json.gz"",""script_id"":""310503-3"",""full_fields"":30}}"
310503-4	"[""310503""]"	"[""第3话 梦想的代价 夢の代償""]"	magireco-translate-data-master/Scenarios_full/character_story/1050 - 冈希尔德（ガンヒルト）/310503-4.json	True	True	after_20261001_takeover	35	72b0a8f745393fbbe65bf05071f93652984d99c0	magireco-source-master/Scenarios_full/character_story/1050 - 冈希尔德（ガンヒルト）/310503-4.json	aea1790fb00387dfc1e8fdbb166f6e6d3c8ca4ad	12	manifests/story_quality_semantic_batch05_ai_only_20261001_evidence.json.gz	f1955c691d7747fe1ead58af3fe6847c4c62525c	[]	"{""path"":""magireco-translate-data-master/Scenarios_full/character_story/1050 - 冈希尔德（ガンヒルト）/310503-4.json"",""cn_blob"":""72b0a8f745393fbbe65bf05071f93652984d99c0"",""jp_path"":""magireco-source-master/Scenarios_full/character_story/1050 - 冈希尔德（ガンヒルト）/310503-4.json"",""jp_blob"":""aea1790fb00387dfc1e8fdbb166f6e6d3c8ca4ad"",""evidence"":{""batch"":""20261001-semantic-batch05-ai-only"",""source_commit"":""f1955c691d7747fe1ead58af3fe6847c4c62525c"",""report"":""manifests/story_quality_semantic_batch05_ai_only_20261001_evidence.json.gz"",""script_id"":""310503-4"",""full_fields"":35}}"
310511-1	"[""310511""]"	"[""第1话 在修道院中 尼僧院にて""]"	magireco-translate-data-master/Scenarios_full/character_story/1051 - 赫露迦（ヘルカ）/310511-1.json	True	True	after_20261001_takeover	69	00a789d0619b36fb4d0b232464e9b53b93e7262c	magireco-source-master/Scenarios_full/character_story/1051 - 赫露迦（ヘルカ）/310511-1.json	ad3586eeba920841deea116b47944a8a96c79d6b	63	manifests/story_quality_semantic_batch05_ai_only_20261001_evidence.json.gz	f1955c691d7747fe1ead58af3fe6847c4c62525c	[]	"{""path"":""magireco-translate-data-master/Scenarios_full/character_story/1051 - 赫露迦（ヘルカ）/310511-1.json"",""cn_blob"":""00a789d0619b36fb4d0b232464e9b53b93e7262c"",""jp_path"":""magireco-source-master/Scenarios_full/character_story/1051 - 赫露迦（ヘルカ）/310511-1.json"",""jp_blob"":""ad3586eeba920841deea116b47944a8a96c79d6b"",""evidence"":{""batch"":""20261001-semantic-batch05-ai-only"",""source_commit"":""f1955c691d7747fe1ead58af3fe6847c4c62525c"",""report"":""manifests/story_quality_semantic_batch05_ai_only_20261001_evidence.json.gz"",""script_id"":""310511-1"",""full_fields"":69}}"
310511-2	"[""310511""]"	"[""第1话 在修道院中 尼僧院にて""]"	magireco-translate-data-master/Scenarios_full/character_story/1051 - 赫露迦（ヘルカ）/310511-2.json	True	True	after_20261001_takeover	74	b2238949c4ffd8a6a325cfbf45617afadcaf0647	magireco-source-master/Scenarios_full/character_story/1051 - 赫露迦（ヘルカ）/310511-2.json	edd816dc9374cdc0b3b2ac5ba1f88675824b6b89	61	manifests/story_quality_semantic_batch05_ai_only_20261001_evidence.json.gz	f1955c691d7747fe1ead58af3fe6847c4c62525c	[]	"{""path"":""magireco-translate-data-master/Scenarios_full/character_story/1051 - 赫露迦（ヘルカ）/310511-2.json"",""cn_blob"":""b2238949c4ffd8a6a325cfbf45617afadcaf0647"",""jp_path"":""magireco-source-master/Scenarios_full/character_story/1051 - 赫露迦（ヘルカ）/310511-2.json"",""jp_blob"":""edd816dc9374cdc0b3b2ac5ba1f88675824b6b89"",""evidence"":{""batch"":""20261001-semantic-batch05-ai-only"",""source_commit"":""f1955c691d7747fe1ead58af3fe6847c4c62525c"",""report"":""manifests/story_quality_semantic_batch05_ai_only_20261001_evidence.json.gz"",""script_id"":""310511-2"",""full_fields"":74}}"
310511-3	"[""310511""]"	"[""第1话 在修道院中 尼僧院にて""]"	magireco-translate-data-master/Scenarios_full/character_story/1051 - 赫露迦（ヘルカ）/310511-3.json	True	True	after_20261001_takeover	86	f5f6bf3c5dc8dcd15e436fbb45911e070cb2f732	magireco-source-master/Scenarios_full/character_story/1051 - 赫露迦（ヘルカ）/310511-3.json	67858675883df6bf104318f987c84886a301be51	79	manifests/story_quality_semantic_batch05_ai_only_20261001_evidence.json.gz	f1955c691d7747fe1ead58af3fe6847c4c62525c	[]	"{""path"":""magireco-translate-data-master/Scenarios_full/character_story/1051 - 赫露迦（ヘルカ）/310511-3.json"",""cn_blob"":""f5f6bf3c5dc8dcd15e436fbb45911e070cb2f732"",""jp_path"":""magireco-source-master/Scenarios_full/character_story/1051 - 赫露迦（ヘルカ）/310511-3.json"",""jp_blob"":""67858675883df6bf104318f987c84886a301be51"",""evidence"":{""batch"":""20261001-semantic-batch05-ai-only"",""source_commit"":""f1955c691d7747fe1ead58af3fe6847c4c62525c"",""report"":""manifests/story_quality_semantic_batch05_ai_only_20261001_evidence.json.gz"",""script_id"":""310511-3"",""full_fields"":86}}"
310511-4	"[""310511""]"	"[""第1话 在修道院中 尼僧院にて""]"	magireco-translate-data-master/Scenarios_full/character_story/1051 - 赫露迦（ヘルカ）/310511-4.json	True	True	after_20261001_takeover	73	aa6002f9c7f7a5af24164d8c80473c55f9b2d976	magireco-source-master/Scenarios_full/character_story/1051 - 赫露迦（ヘルカ）/310511-4.json	85b3b9f8df277d663298cecddb8f4abad64b0c96	64	manifests/story_quality_semantic_batch05_ai_only_20261001_evidence.json.gz	f1955c691d7747fe1ead58af3fe6847c4c62525c	[]	"{""path"":""magireco-translate-data-master/Scenarios_full/character_story/1051 - 赫露迦（ヘルカ）/310511-4.json"",""cn_blob"":""aa6002f9c7f7a5af24164d8c80473c55f9b2d976"",""jp_path"":""magireco-source-master/Scenarios_full/character_story/1051 - 赫露迦（ヘルカ）/310511-4.json"",""jp_blob"":""85b3b9f8df277d663298cecddb8f4abad64b0c96"",""evidence"":{""batch"":""20261001-semantic-batch05-ai-only"",""source_commit"":""f1955c691d7747fe1ead58af3fe6847c4c62525c"",""report"":""manifests/story_quality_semantic_batch05_ai_only_20261001_evidence.json.gz"",""script_id"":""310511-4"",""full_fields"":73}}"
310512-1	"[""310512""]"	"[""第2话 少女们的反抗 少女たちの反乱""]"	magireco-translate-data-master/Scenarios_full/character_story/1051 - 赫露迦（ヘルカ）/310512-1.json	True	True	after_20261001_takeover	91	2cdcb87d785cab347bddafcb6fc7c0c655123a43	magireco-source-master/Scenarios_full/character_story/1051 - 赫露迦（ヘルカ）/310512-1.json	e0604a6184f7ac55411da84128c556af5674c587	85	manifests/story_quality_semantic_batch05_ai_only_20261001_evidence.json.gz	f1955c691d7747fe1ead58af3fe6847c4c62525c	[3317]	"{""path"":""magireco-translate-data-master/Scenarios_full/character_story/1051 - 赫露迦（ヘルカ）/310512-1.json"",""cn_blob"":""2cdcb87d785cab347bddafcb6fc7c0c655123a43"",""jp_path"":""magireco-source-master/Scenarios_full/character_story/1051 - 赫露迦（ヘルカ）/310512-1.json"",""jp_blob"":""e0604a6184f7ac55411da84128c556af5674c587"",""evidence"":{""batch"":""20261001-semantic-batch05-ai-only"",""source_commit"":""f1955c691d7747fe1ead58af3fe6847c4c62525c"",""report"":""manifests/story_quality_semantic_batch05_ai_only_20261001_evidence.json.gz"",""script_id"":""310512-1"",""full_fields"":91}}"
310512-2	"[""310512""]"	"[""第2话 少女们的反抗 少女たちの反乱""]"	magireco-translate-data-master/Scenarios_full/character_story/1051 - 赫露迦（ヘルカ）/310512-2.json	True	True	after_20261001_takeover	52	4d15b50eff563ffaa5898e2cd31e8e569f325308	magireco-source-master/Scenarios_full/character_story/1051 - 赫露迦（ヘルカ）/310512-2.json	a79bbb1b52054bbda6b5ff203430c83b3a1f5185	42	manifests/story_quality_semantic_batch05_ai_only_20261001_evidence.json.gz	f1955c691d7747fe1ead58af3fe6847c4c62525c	[3317]	"{""path"":""magireco-translate-data-master/Scenarios_full/character_story/1051 - 赫露迦（ヘルカ）/310512-2.json"",""cn_blob"":""4d15b50eff563ffaa5898e2cd31e8e569f325308"",""jp_path"":""magireco-source-master/Scenarios_full/character_story/1051 - 赫露迦（ヘルカ）/310512-2.json"",""jp_blob"":""a79bbb1b52054bbda6b5ff203430c83b3a1f5185"",""evidence"":{""batch"":""20261001-semantic-batch05-ai-only"",""source_commit"":""f1955c691d7747fe1ead58af3fe6847c4c62525c"",""report"":""manifests/story_quality_semantic_batch05_ai_only_20261001_evidence.json.gz"",""script_id"":""310512-2"",""full_fields"":52}}"
310512-3	"[""310512""]"	"[""第2话 少女们的反抗 少女たちの反乱""]"	magireco-translate-data-master/Scenarios_full/character_story/1051 - 赫露迦（ヘルカ）/310512-3.json	True	True	after_20261001_takeover	69	9d0a137b065282e76d60879cba74e9a3ee85105a	magireco-source-master/Scenarios_full/character_story/1051 - 赫露迦（ヘルカ）/310512-3.json	a06a71174614a39e5d70f5a44088a36f0d489f99	59	manifests/story_quality_semantic_batch05_ai_only_20261001_evidence.json.gz	f1955c691d7747fe1ead58af3fe6847c4c62525c	[3317]	"{""path"":""magireco-translate-data-master/Scenarios_full/character_story/1051 - 赫露迦（ヘルカ）/310512-3.json"",""cn_blob"":""9d0a137b065282e76d60879cba74e9a3ee85105a"",""jp_path"":""magireco-source-master/Scenarios_full/character_story/1051 - 赫露迦（ヘルカ）/310512-3.json"",""jp_blob"":""a06a71174614a39e5d70f5a44088a36f0d489f99"",""evidence"":{""batch"":""20261001-semantic-batch05-ai-only"",""source_commit"":""f1955c691d7747fe1ead58af3fe6847c4c62525c"",""report"":""manifests/story_quality_semantic_batch05_ai_only_20261001_evidence.json.gz"",""script_id"":""310512-3"",""full_fields"":69}}"
310512-4	"[""310512""]"	"[""第2话 少女们的反抗 少女たちの反乱""]"	magireco-translate-data-master/Scenarios_full/character_story/1051 - 赫露迦（ヘルカ）/310512-4.json	True	True	after_20261001_takeover	75	5e47c1f826118a8748755219e5dc2a244b9ccd4b	magireco-source-master/Scenarios_full/character_story/1051 - 赫露迦（ヘルカ）/310512-4.json	afe4bd76a910fc3985983e5fd0205346f1f32b69	65	manifests/story_quality_semantic_batch05_ai_only_20261001_evidence.json.gz	f1955c691d7747fe1ead58af3fe6847c4c62525c	[3317]	"{""path"":""magireco-translate-data-master/Scenarios_full/character_story/1051 - 赫露迦（ヘルカ）/310512-4.json"",""cn_blob"":""5e47c1f826118a8748755219e5dc2a244b9ccd4b"",""jp_path"":""magireco-source-master/Scenarios_full/character_story/1051 - 赫露迦（ヘルカ）/310512-4.json"",""jp_blob"":""afe4bd76a910fc3985983e5fd0205346f1f32b69"",""evidence"":{""batch"":""20261001-semantic-batch05-ai-only"",""source_commit"":""f1955c691d7747fe1ead58af3fe6847c4c62525c"",""report"":""manifests/story_quality_semantic_batch05_ai_only_20261001_evidence.json.gz"",""script_id"":""310512-4"",""full_fields"":75}}"
310513-1	"[""310513""]"	"[""第3话 两人的牢笼 ふたりの檻""]"	magireco-translate-data-master/Scenarios_full/character_story/1051 - 赫露迦（ヘルカ）/310513-1.json	True	True	after_20261001_takeover	74	6ce355e6513ba4da08560686d2b7f071150c14c6	magireco-source-master/Scenarios_full/character_story/1051 - 赫露迦（ヘルカ）/310513-1.json	a4376f059dd62f5b8150b9d2be4e78be876a3d78	59	manifests/story_quality_semantic_batch05_ai_only_20261001_evidence.json.gz	f1955c691d7747fe1ead58af3fe6847c4c62525c	[3317]	"{""path"":""magireco-translate-data-master/Scenarios_full/character_story/1051 - 赫露迦（ヘルカ）/310513-1.json"",""cn_blob"":""6ce355e6513ba4da08560686d2b7f071150c14c6"",""jp_path"":""magireco-source-master/Scenarios_full/character_story/1051 - 赫露迦（ヘルカ）/310513-1.json"",""jp_blob"":""a4376f059dd62f5b8150b9d2be4e78be876a3d78"",""evidence"":{""batch"":""20261001-semantic-batch05-ai-only"",""source_commit"":""f1955c691d7747fe1ead58af3fe6847c4c62525c"",""report"":""manifests/story_quality_semantic_batch05_ai_only_20261001_evidence.json.gz"",""script_id"":""310513-1"",""full_fields"":74}}"
310513-2	"[""310513""]"	"[""第3话 两人的牢笼 ふたりの檻""]"	magireco-translate-data-master/Scenarios_full/character_story/1051 - 赫露迦（ヘルカ）/310513-2.json	True	True	after_20261001_takeover	80	db0d1c58e50fa0a5aee57c9a8532577150faab27	magireco-source-master/Scenarios_full/character_story/1051 - 赫露迦（ヘルカ）/310513-2.json	3dd5d094d6b09ddb4fd10bf735490cbed80cc598	75	manifests/story_quality_semantic_batch05_ai_only_20261001_evidence.json.gz	f1955c691d7747fe1ead58af3fe6847c4c62525c	[3317]	"{""path"":""magireco-translate-data-master/Scenarios_full/character_story/1051 - 赫露迦（ヘルカ）/310513-2.json"",""cn_blob"":""db0d1c58e50fa0a5aee57c9a8532577150faab27"",""jp_path"":""magireco-source-master/Scenarios_full/character_story/1051 - 赫露迦（ヘルカ）/310513-2.json"",""jp_blob"":""3dd5d094d6b09ddb4fd10bf735490cbed80cc598"",""evidence"":{""batch"":""20261001-semantic-batch05-ai-only"",""source_commit"":""f1955c691d7747fe1ead58af3fe6847c4c62525c"",""report"":""manifests/story_quality_semantic_batch05_ai_only_20261001_evidence.json.gz"",""script_id"":""310513-2"",""full_fields"":80}}"
310513-3	"[""310513""]"	"[""第3话 两人的牢笼 ふたりの檻""]"	magireco-translate-data-master/Scenarios_full/character_story/1051 - 赫露迦（ヘルカ）/310513-3.json	True	True	after_20261001_takeover	43	b035333d5830b12ffcd9c06ffbf29b53fe8efc51	magireco-source-master/Scenarios_full/character_story/1051 - 赫露迦（ヘルカ）/310513-3.json	e40370beed723d3ff5a2aa50065f836e5b08c4b4	36	manifests/story_quality_semantic_batch05_ai_only_20261001_evidence.json.gz	f1955c691d7747fe1ead58af3fe6847c4c62525c	[3307,3317]	"{""path"":""magireco-translate-data-master/Scenarios_full/character_story/1051 - 赫露迦（ヘルカ）/310513-3.json"",""cn_blob"":""b035333d5830b12ffcd9c06ffbf29b53fe8efc51"",""jp_path"":""magireco-source-master/Scenarios_full/character_story/1051 - 赫露迦（ヘルカ）/310513-3.json"",""jp_blob"":""e40370beed723d3ff5a2aa50065f836e5b08c4b4"",""evidence"":{""batch"":""20261001-semantic-batch05-ai-only"",""source_commit"":""f1955c691d7747fe1ead58af3fe6847c4c62525c"",""report"":""manifests/story_quality_semantic_batch05_ai_only_20261001_evidence.json.gz"",""script_id"":""310513-3"",""full_fields"":43}}"
310513-4	"[""310513""]"	"[""第3话 两人的牢笼 ふたりの檻""]"	magireco-translate-data-master/Scenarios_full/character_story/1051 - 赫露迦（ヘルカ）/310513-4.json	True	True	after_20261001_takeover	16	c4af81690dc9ac5e3e93454f15aa799ea4fe49d4	magireco-source-master/Scenarios_full/character_story/1051 - 赫露迦（ヘルカ）/310513-4.json	220fe6061361161ab9e25244a1b12451b6f8c2da	16	manifests/story_quality_semantic_batch05_ai_only_20261001_evidence.json.gz	f1955c691d7747fe1ead58af3fe6847c4c62525c	[3317]	"{""path"":""magireco-translate-data-master/Scenarios_full/character_story/1051 - 赫露迦（ヘルカ）/310513-4.json"",""cn_blob"":""c4af81690dc9ac5e3e93454f15aa799ea4fe49d4"",""jp_path"":""magireco-source-master/Scenarios_full/character_story/1051 - 赫露迦（ヘルカ）/310513-4.json"",""jp_blob"":""220fe6061361161ab9e25244a1b12451b6f8c2da"",""evidence"":{""batch"":""20261001-semantic-batch05-ai-only"",""source_commit"":""f1955c691d7747fe1ead58af3fe6847c4c62525c"",""report"":""manifests/story_quality_semantic_batch05_ai_only_20261001_evidence.json.gz"",""script_id"":""310513-4"",""full_fields"":16}}"
310521-1	"[""310521""]"	"[""第1话 滑溜溜的神秘生物 べろべろで不思議な生き物""]"	magireco-translate-data-master/Scenarios_full/character_story/1052 - 台与（トヨ）/310521-1.json	True	True	after_20261001_takeover	52	7b8268925179c395507435ad78e03c80df864b92	magireco-source-master/Scenarios_full/character_story/1052 - 台与（トヨ）/310521-1.json	65a75d984a1b9bb8880a0d8d2edbe76d5ab43d67	45	manifests/story_quality_semantic_batch05_ai_only_20261001_evidence.json.gz	f1955c691d7747fe1ead58af3fe6847c4c62525c	[]	"{""path"":""magireco-translate-data-master/Scenarios_full/character_story/1052 - 台与（トヨ）/310521-1.json"",""cn_blob"":""7b8268925179c395507435ad78e03c80df864b92"",""jp_path"":""magireco-source-master/Scenarios_full/character_story/1052 - 台与（トヨ）/310521-1.json"",""jp_blob"":""65a75d984a1b9bb8880a0d8d2edbe76d5ab43d67"",""evidence"":{""batch"":""20261001-semantic-batch05-ai-only"",""source_commit"":""f1955c691d7747fe1ead58af3fe6847c4c62525c"",""report"":""manifests/story_quality_semantic_batch05_ai_only_20261001_evidence.json.gz"",""script_id"":""310521-1"",""full_fields"":52}}"
310521-2	"[""310521""]"	"[""第1话 滑溜溜的神秘生物 べろべろで不思議な生き物""]"	magireco-translate-data-master/Scenarios_full/character_story/1052 - 台与（トヨ）/310521-2.json	True	True	after_20261001_takeover	83	2b0b2f1ef5e00f291dec858482968ebdcc68abb1	magireco-source-master/Scenarios_full/character_story/1052 - 台与（トヨ）/310521-2.json	2f1530ecb9a1d1233f864e8712880990e549a74f	72	manifests/story_quality_semantic_batch05_ai_only_20261001_evidence.json.gz	f1955c691d7747fe1ead58af3fe6847c4c62525c	[3317]	"{""path"":""magireco-translate-data-master/Scenarios_full/character_story/1052 - 台与（トヨ）/310521-2.json"",""cn_blob"":""2b0b2f1ef5e00f291dec858482968ebdcc68abb1"",""jp_path"":""magireco-source-master/Scenarios_full/character_story/1052 - 台与（トヨ）/310521-2.json"",""jp_blob"":""2f1530ecb9a1d1233f864e8712880990e549a74f"",""evidence"":{""batch"":""20261001-semantic-batch05-ai-only"",""source_commit"":""f1955c691d7747fe1ead58af3fe6847c4c62525c"",""report"":""manifests/story_quality_semantic_batch05_ai_only_20261001_evidence.json.gz"",""script_id"":""310521-2"",""full_fields"":83}}"
310521-3	"[""310521""]"	"[""第1话 滑溜溜的神秘生物 べろべろで不思議な生き物""]"	magireco-translate-data-master/Scenarios_full/character_story/1052 - 台与（トヨ）/310521-3.json	True	True	after_20261001_takeover	81	375bee8a85f60ea4071084c4e98426bc68ca96bf	magireco-source-master/Scenarios_full/character_story/1052 - 台与（トヨ）/310521-3.json	b8dcf1d9ec12612094fe2984e8672c2f824f1dba	64	manifests/story_quality_semantic_batch05_ai_only_20261001_evidence.json.gz	f1955c691d7747fe1ead58af3fe6847c4c62525c	[]	"{""path"":""magireco-translate-data-master/Scenarios_full/character_story/1052 - 台与（トヨ）/310521-3.json"",""cn_blob"":""375bee8a85f60ea4071084c4e98426bc68ca96bf"",""jp_path"":""magireco-source-master/Scenarios_full/character_story/1052 - 台与（トヨ）/310521-3.json"",""jp_blob"":""b8dcf1d9ec12612094fe2984e8672c2f824f1dba"",""evidence"":{""batch"":""20261001-semantic-batch05-ai-only"",""source_commit"":""f1955c691d7747fe1ead58af3fe6847c4c62525c"",""report"":""manifests/story_quality_semantic_batch05_ai_only_20261001_evidence.json.gz"",""script_id"":""310521-3"",""full_fields"":81}}"
310521-4	"[""310521""]"	"[""第1话 滑溜溜的神秘生物 べろべろで不思議な生き物""]"	magireco-translate-data-master/Scenarios_full/character_story/1052 - 台与（トヨ）/310521-4.json	True	True	after_20261001_takeover	92	181e6bc00935901659101ac88f64b887b1843700	magireco-source-master/Scenarios_full/character_story/1052 - 台与（トヨ）/310521-4.json	da7988bcb7652fba8c54a02b5832e461ecab3a2f	70	manifests/story_quality_semantic_batch05_ai_only_20261001_evidence.json.gz	f1955c691d7747fe1ead58af3fe6847c4c62525c	[3317]	"{""path"":""magireco-translate-data-master/Scenarios_full/character_story/1052 - 台与（トヨ）/310521-4.json"",""cn_blob"":""181e6bc00935901659101ac88f64b887b1843700"",""jp_path"":""magireco-source-master/Scenarios_full/character_story/1052 - 台与（トヨ）/310521-4.json"",""jp_blob"":""da7988bcb7652fba8c54a02b5832e461ecab3a2f"",""evidence"":{""batch"":""20261001-semantic-batch05-ai-only"",""source_commit"":""f1955c691d7747fe1ead58af3fe6847c4c62525c"",""report"":""manifests/story_quality_semantic_batch05_ai_only_20261001_evidence.json.gz"",""script_id"":""310521-4"",""full_fields"":92}}"
310522-1	"[""310522""]"	"[""第2话 聪明又亲密的搭档 賢くて仲良しの相棒""]"	magireco-translate-data-master/Scenarios_full/character_story/1052 - 台与（トヨ）/310522-1.json	True	True	after_20261001_takeover	73	1b6bc84c24e6377e49de450aa7bd56107ee66717	magireco-source-master/Scenarios_full/character_story/1052 - 台与（トヨ）/310522-1.json	89df90f48cfe60207e5915914b31119b21af0324	57	manifests/story_quality_semantic_batch05_ai_only_20261001_evidence.json.gz	f1955c691d7747fe1ead58af3fe6847c4c62525c	[3317]	"{""path"":""magireco-translate-data-master/Scenarios_full/character_story/1052 - 台与（トヨ）/310522-1.json"",""cn_blob"":""1b6bc84c24e6377e49de450aa7bd56107ee66717"",""jp_path"":""magireco-source-master/Scenarios_full/character_story/1052 - 台与（トヨ）/310522-1.json"",""jp_blob"":""89df90f48cfe60207e5915914b31119b21af0324"",""evidence"":{""batch"":""20261001-semantic-batch05-ai-only"",""source_commit"":""f1955c691d7747fe1ead58af3fe6847c4c62525c"",""report"":""manifests/story_quality_semantic_batch05_ai_only_20261001_evidence.json.gz"",""script_id"":""310522-1"",""full_fields"":73}}"
310522-2	"[""310522""]"	"[""第2话 聪明又亲密的搭档 賢くて仲良しの相棒""]"	magireco-translate-data-master/Scenarios_full/character_story/1052 - 台与（トヨ）/310522-2.json	True	True	after_20261001_takeover	56	228fd1641ad7385a6d6b3380728d4581686a53a4	magireco-source-master/Scenarios_full/character_story/1052 - 台与（トヨ）/310522-2.json	359da69f59efea2af69df4b920ed20e9f5a2337d	41	manifests/story_quality_semantic_batch05_ai_only_20261001_evidence.json.gz	f1955c691d7747fe1ead58af3fe6847c4c62525c	[]	"{""path"":""magireco-translate-data-master/Scenarios_full/character_story/1052 - 台与（トヨ）/310522-2.json"",""cn_blob"":""228fd1641ad7385a6d6b3380728d4581686a53a4"",""jp_path"":""magireco-source-master/Scenarios_full/character_story/1052 - 台与（トヨ）/310522-2.json"",""jp_blob"":""359da69f59efea2af69df4b920ed20e9f5a2337d"",""evidence"":{""batch"":""20261001-semantic-batch05-ai-only"",""source_commit"":""f1955c691d7747fe1ead58af3fe6847c4c62525c"",""report"":""manifests/story_quality_semantic_batch05_ai_only_20261001_evidence.json.gz"",""script_id"":""310522-2"",""full_fields"":56}}"
310522-3	"[""310522""]"	"[""第2话 聪明又亲密的搭档 賢くて仲良しの相棒""]"	magireco-translate-data-master/Scenarios_full/character_story/1052 - 台与（トヨ）/310522-3.json	True	True	after_20261001_takeover	115	8e539550e08c711a9a0b009a518047e72cd3d39a	magireco-source-master/Scenarios_full/character_story/1052 - 台与（トヨ）/310522-3.json	a1f7842565e40f78bcf9929013537c30a51618c0	96	manifests/story_quality_semantic_batch05_ai_only_20261001_evidence.json.gz	f1955c691d7747fe1ead58af3fe6847c4c62525c	[3317]	"{""path"":""magireco-translate-data-master/Scenarios_full/character_story/1052 - 台与（トヨ）/310522-3.json"",""cn_blob"":""8e539550e08c711a9a0b009a518047e72cd3d39a"",""jp_path"":""magireco-source-master/Scenarios_full/character_story/1052 - 台与（トヨ）/310522-3.json"",""jp_blob"":""a1f7842565e40f78bcf9929013537c30a51618c0"",""evidence"":{""batch"":""20261001-semantic-batch05-ai-only"",""source_commit"":""f1955c691d7747fe1ead58af3fe6847c4c62525c"",""report"":""manifests/story_quality_semantic_batch05_ai_only_20261001_evidence.json.gz"",""script_id"":""310522-3"",""full_fields"":115}}"
310522-4	"[""310522""]"	"[""第2话 聪明又亲密的搭档 賢くて仲良しの相棒""]"	magireco-translate-data-master/Scenarios_full/character_story/1052 - 台与（トヨ）/310522-4.json	True	True	after_20261001_takeover	42	f3d14ef9a8191ec15505e987ca35ea048f7d2c55	magireco-source-master/Scenarios_full/character_story/1052 - 台与（トヨ）/310522-4.json	f8fe3ab34f23786da5f7a518f116027763fd4f7b	28	manifests/story_quality_semantic_batch05_ai_only_20261001_evidence.json.gz	f1955c691d7747fe1ead58af3fe6847c4c62525c	[3317]	"{""path"":""magireco-translate-data-master/Scenarios_full/character_story/1052 - 台与（トヨ）/310522-4.json"",""cn_blob"":""f3d14ef9a8191ec15505e987ca35ea048f7d2c55"",""jp_path"":""magireco-source-master/Scenarios_full/character_story/1052 - 台与（トヨ）/310522-4.json"",""jp_blob"":""f8fe3ab34f23786da5f7a518f116027763fd4f7b"",""evidence"":{""batch"":""20261001-semantic-batch05-ai-only"",""source_commit"":""f1955c691d7747fe1ead58af3fe6847c4c62525c"",""report"":""manifests/story_quality_semantic_batch05_ai_only_20261001_evidence.json.gz"",""script_id"":""310522-4"",""full_fields"":42}}"
310523-1	"[""310523""]"	"[""第3话 仍会记得自己的存在 覚えていてくれる存在""]"	magireco-translate-data-master/Scenarios_full/character_story/1052 - 台与（トヨ）/310523-1.json	True	True	after_20261001_takeover	29	1b7a57028354d348a6fcdc6dc71a1226d0152f70	magireco-source-master/Scenarios_full/character_story/1052 - 台与（トヨ）/310523-1.json	23e3c65d2648b604e3a55db899b4fb3abaefa6c9	23	manifests/story_quality_semantic_batch05_ai_only_20261001_evidence.json.gz	f1955c691d7747fe1ead58af3fe6847c4c62525c	[3317]	"{""path"":""magireco-translate-data-master/Scenarios_full/character_story/1052 - 台与（トヨ）/310523-1.json"",""cn_blob"":""1b7a57028354d348a6fcdc6dc71a1226d0152f70"",""jp_path"":""magireco-source-master/Scenarios_full/character_story/1052 - 台与（トヨ）/310523-1.json"",""jp_blob"":""23e3c65d2648b604e3a55db899b4fb3abaefa6c9"",""evidence"":{""batch"":""20261001-semantic-batch05-ai-only"",""source_commit"":""f1955c691d7747fe1ead58af3fe6847c4c62525c"",""report"":""manifests/story_quality_semantic_batch05_ai_only_20261001_evidence.json.gz"",""script_id"":""310523-1"",""full_fields"":29}}"
310523-2	"[""310523""]"	"[""第3话 仍会记得自己的存在 覚えていてくれる存在""]"	magireco-translate-data-master/Scenarios_full/character_story/1052 - 台与（トヨ）/310523-2.json	True	True	after_20261001_takeover	82	d0d1dd488515934636773d13e054e10aa93677af	magireco-source-master/Scenarios_full/character_story/1052 - 台与（トヨ）/310523-2.json	803d018839ed8ae8044bc5a7d1f1abb204ad66ed	69	manifests/story_quality_semantic_batch05_ai_only_20261001_evidence.json.gz	f1955c691d7747fe1ead58af3fe6847c4c62525c	[3317]	"{""path"":""magireco-translate-data-master/Scenarios_full/character_story/1052 - 台与（トヨ）/310523-2.json"",""cn_blob"":""d0d1dd488515934636773d13e054e10aa93677af"",""jp_path"":""magireco-source-master/Scenarios_full/character_story/1052 - 台与（トヨ）/310523-2.json"",""jp_blob"":""803d018839ed8ae8044bc5a7d1f1abb204ad66ed"",""evidence"":{""batch"":""20261001-semantic-batch05-ai-only"",""source_commit"":""f1955c691d7747fe1ead58af3fe6847c4c62525c"",""report"":""manifests/story_quality_semantic_batch05_ai_only_20261001_evidence.json.gz"",""script_id"":""310523-2"",""full_fields"":82}}"
310523-3	"[""310523""]"	"[""第3话 仍会记得自己的存在 覚えていてくれる存在""]"	magireco-translate-data-master/Scenarios_full/character_story/1052 - 台与（トヨ）/310523-3.json	True	True	after_20261001_takeover	61	b95cb982bc0440408b4c984bea4be5b2f02f7246	magireco-source-master/Scenarios_full/character_story/1052 - 台与（トヨ）/310523-3.json	8407362d61e6f91cf1948f4c2a1956297547df81	55	manifests/story_quality_semantic_batch05_ai_only_20261001_evidence.json.gz	f1955c691d7747fe1ead58af3fe6847c4c62525c	[3317]	"{""path"":""magireco-translate-data-master/Scenarios_full/character_story/1052 - 台与（トヨ）/310523-3.json"",""cn_blob"":""b95cb982bc0440408b4c984bea4be5b2f02f7246"",""jp_path"":""magireco-source-master/Scenarios_full/character_story/1052 - 台与（トヨ）/310523-3.json"",""jp_blob"":""8407362d61e6f91cf1948f4c2a1956297547df81"",""evidence"":{""batch"":""20261001-semantic-batch05-ai-only"",""source_commit"":""f1955c691d7747fe1ead58af3fe6847c4c62525c"",""report"":""manifests/story_quality_semantic_batch05_ai_only_20261001_evidence.json.gz"",""script_id"":""310523-3"",""full_fields"":61}}"
310523-4	"[""310523""]"	"[""第3话 仍会记得自己的存在 覚えていてくれる存在""]"	magireco-translate-data-master/Scenarios_full/character_story/1052 - 台与（トヨ）/310523-4.json	True	True	after_20261001_takeover	42	1369c80341b3ebe2636c6df587dee522a1b51114	magireco-source-master/Scenarios_full/character_story/1052 - 台与（トヨ）/310523-4.json	f6c936d8389627437eb0c1433250780b8bf3c1d7	38	manifests/story_quality_semantic_batch05_ai_only_20261001_evidence.json.gz	f1955c691d7747fe1ead58af3fe6847c4c62525c	[3317]	"{""path"":""magireco-translate-data-master/Scenarios_full/character_story/1052 - 台与（トヨ）/310523-4.json"",""cn_blob"":""1369c80341b3ebe2636c6df587dee522a1b51114"",""jp_path"":""magireco-source-master/Scenarios_full/character_story/1052 - 台与（トヨ）/310523-4.json"",""jp_blob"":""f6c936d8389627437eb0c1433250780b8bf3c1d7"",""evidence"":{""batch"":""20261001-semantic-batch05-ai-only"",""source_commit"":""f1955c691d7747fe1ead58af3fe6847c4c62525c"",""report"":""manifests/story_quality_semantic_batch05_ai_only_20261001_evidence.json.gz"",""script_id"":""310523-4"",""full_fields"":42}}"
310531-1	"[""310531""]"	"[""第1话 少女理当精通游戏 乙女は遊戯をたしなむべし""]"	magireco-translate-data-master/Scenarios_full/character_story/1053 - 阿玛琉莉丝（アマリュリス）/310531-1.json	True	True	after_20261001_takeover	39	4f3a3d188ad87f3792d8541243fbe4734aafda02	magireco-source-master/Scenarios_full/character_story/1053 - 阿玛琉莉丝（アマリュリス）/310531-1.json	c00b7e8c518f2146183a913ca986352eacb5900f	33	manifests/story_quality_semantic_batch05_ai_only_20261001_evidence.json.gz	f1955c691d7747fe1ead58af3fe6847c4c62525c	[]	"{""path"":""magireco-translate-data-master/Scenarios_full/character_story/1053 - 阿玛琉莉丝（アマリュリス）/310531-1.json"",""cn_blob"":""4f3a3d188ad87f3792d8541243fbe4734aafda02"",""jp_path"":""magireco-source-master/Scenarios_full/character_story/1053 - 阿玛琉莉丝（アマリュリス）/310531-1.json"",""jp_blob"":""c00b7e8c518f2146183a913ca986352eacb5900f"",""evidence"":{""batch"":""20261001-semantic-batch05-ai-only"",""source_commit"":""f1955c691d7747fe1ead58af3fe6847c4c62525c"",""report"":""manifests/story_quality_semantic_batch05_ai_only_20261001_evidence.json.gz"",""script_id"":""310531-1"",""full_fields"":39}}"
310531-2	"[""310531""]"	"[""第1话 少女理当精通游戏 乙女は遊戯をたしなむべし""]"	magireco-translate-data-master/Scenarios_full/character_story/1053 - 阿玛琉莉丝（アマリュリス）/310531-2.json	True	True	after_20261001_takeover	79	8799b9361b6f6fb82176f9e4cc8dbf95cc7efea2	magireco-source-master/Scenarios_full/character_story/1053 - 阿玛琉莉丝（アマリュリス）/310531-2.json	44a65b60fcacd9eeb63f40bc4ddc7cc88a0cf337	70	manifests/story_quality_semantic_batch05_ai_only_20261001_evidence.json.gz	f1955c691d7747fe1ead58af3fe6847c4c62525c	[3317]	"{""path"":""magireco-translate-data-master/Scenarios_full/character_story/1053 - 阿玛琉莉丝（アマリュリス）/310531-2.json"",""cn_blob"":""8799b9361b6f6fb82176f9e4cc8dbf95cc7efea2"",""jp_path"":""magireco-source-master/Scenarios_full/character_story/1053 - 阿玛琉莉丝（アマリュリス）/310531-2.json"",""jp_blob"":""44a65b60fcacd9eeb63f40bc4ddc7cc88a0cf337"",""evidence"":{""batch"":""20261001-semantic-batch05-ai-only"",""source_commit"":""f1955c691d7747fe1ead58af3fe6847c4c62525c"",""report"":""manifests/story_quality_semantic_batch05_ai_only_20261001_evidence.json.gz"",""script_id"":""310531-2"",""full_fields"":79}}"
310531-3	"[""310531""]"	"[""第1话 少女理当精通游戏 乙女は遊戯をたしなむべし""]"	magireco-translate-data-master/Scenarios_full/character_story/1053 - 阿玛琉莉丝（アマリュリス）/310531-3.json	True	True	after_20261001_takeover	85	7e4705d041182030ec1a6ceffd1047bf25c19226	magireco-source-master/Scenarios_full/character_story/1053 - 阿玛琉莉丝（アマリュリス）/310531-3.json	c581d848cff9f5cdc5644caa9f7e44b923d157b9	80	manifests/story_quality_semantic_batch05_ai_only_20261001_evidence.json.gz	f1955c691d7747fe1ead58af3fe6847c4c62525c	[]	"{""path"":""magireco-translate-data-master/Scenarios_full/character_story/1053 - 阿玛琉莉丝（アマリュリス）/310531-3.json"",""cn_blob"":""7e4705d041182030ec1a6ceffd1047bf25c19226"",""jp_path"":""magireco-source-master/Scenarios_full/character_story/1053 - 阿玛琉莉丝（アマリュリス）/310531-3.json"",""jp_blob"":""c581d848cff9f5cdc5644caa9f7e44b923d157b9"",""evidence"":{""batch"":""20261001-semantic-batch05-ai-only"",""source_commit"":""f1955c691d7747fe1ead58af3fe6847c4c62525c"",""report"":""manifests/story_quality_semantic_batch05_ai_only_20261001_evidence.json.gz"",""script_id"":""310531-3"",""full_fields"":85}}"
310531-4	"[""310531""]"	"[""第1话 少女理当精通游戏 乙女は遊戯をたしなむべし""]"	magireco-translate-data-master/Scenarios_full/character_story/1053 - 阿玛琉莉丝（アマリュリス）/310531-4.json	True	True	after_20261001_takeover	75	8da969c5dda9f499d36eed45b0db22f9950a5200	magireco-source-master/Scenarios_full/character_story/1053 - 阿玛琉莉丝（アマリュリス）/310531-4.json	26f9c50bf5565d2a813bad1826215a2b408369fa	72	manifests/story_quality_semantic_batch05_ai_only_20261001_evidence.json.gz	f1955c691d7747fe1ead58af3fe6847c4c62525c	[3317]	"{""path"":""magireco-translate-data-master/Scenarios_full/character_story/1053 - 阿玛琉莉丝（アマリュリス）/310531-4.json"",""cn_blob"":""8da969c5dda9f499d36eed45b0db22f9950a5200"",""jp_path"":""magireco-source-master/Scenarios_full/character_story/1053 - 阿玛琉莉丝（アマリュリス）/310531-4.json"",""jp_blob"":""26f9c50bf5565d2a813bad1826215a2b408369fa"",""evidence"":{""batch"":""20261001-semantic-batch05-ai-only"",""source_commit"":""f1955c691d7747fe1ead58af3fe6847c4c62525c"",""report"":""manifests/story_quality_semantic_batch05_ai_only_20261001_evidence.json.gz"",""script_id"":""310531-4"",""full_fields"":75}}"
310532-1	"[""310532""]"	"[""第2话 熊熊燃起的恋火 燃えあがる恋の火種""]"	magireco-translate-data-master/Scenarios_full/character_story/1053 - 阿玛琉莉丝（アマリュリス）/310532-1.json	True	True	after_20261001_takeover	54	3784dbabfbf1647d8891cdc5b0888179ea4a9de4	magireco-source-master/Scenarios_full/character_story/1053 - 阿玛琉莉丝（アマリュリス）/310532-1.json	1eb881ec0f1bae91efeb6c9cf5c94d2d0fb783f2	50	manifests/story_quality_semantic_batch05_ai_only_20261001_evidence.json.gz	f1955c691d7747fe1ead58af3fe6847c4c62525c	[3317]	"{""path"":""magireco-translate-data-master/Scenarios_full/character_story/1053 - 阿玛琉莉丝（アマリュリス）/310532-1.json"",""cn_blob"":""3784dbabfbf1647d8891cdc5b0888179ea4a9de4"",""jp_path"":""magireco-source-master/Scenarios_full/character_story/1053 - 阿玛琉莉丝（アマリュリス）/310532-1.json"",""jp_blob"":""1eb881ec0f1bae91efeb6c9cf5c94d2d0fb783f2"",""evidence"":{""batch"":""20261001-semantic-batch05-ai-only"",""source_commit"":""f1955c691d7747fe1ead58af3fe6847c4c62525c"",""report"":""manifests/story_quality_semantic_batch05_ai_only_20261001_evidence.json.gz"",""script_id"":""310532-1"",""full_fields"":54}}"
310532-2	"[""310532""]"	"[""第2话 熊熊燃起的恋火 燃えあがる恋の火種""]"	magireco-translate-data-master/Scenarios_full/character_story/1053 - 阿玛琉莉丝（アマリュリス）/310532-2.json	True	True	after_20261001_takeover	28	34e40135939238c0b59dc256c3a5359363375773	magireco-source-master/Scenarios_full/character_story/1053 - 阿玛琉莉丝（アマリュリス）/310532-2.json	a876e9d06b7470e1f8e3a412cf6bce931ba87ca4	25	manifests/story_quality_semantic_batch05_ai_only_20261001_evidence.json.gz	f1955c691d7747fe1ead58af3fe6847c4c62525c	[3317]	"{""path"":""magireco-translate-data-master/Scenarios_full/character_story/1053 - 阿玛琉莉丝（アマリュリス）/310532-2.json"",""cn_blob"":""34e40135939238c0b59dc256c3a5359363375773"",""jp_path"":""magireco-source-master/Scenarios_full/character_story/1053 - 阿玛琉莉丝（アマリュリス）/310532-2.json"",""jp_blob"":""a876e9d06b7470e1f8e3a412cf6bce931ba87ca4"",""evidence"":{""batch"":""20261001-semantic-batch05-ai-only"",""source_commit"":""f1955c691d7747fe1ead58af3fe6847c4c62525c"",""report"":""manifests/story_quality_semantic_batch05_ai_only_20261001_evidence.json.gz"",""script_id"":""310532-2"",""full_fields"":28}}"
310532-3	"[""310532""]"	"[""第2话 熊熊燃起的恋火 燃えあがる恋の火種""]"	magireco-translate-data-master/Scenarios_full/character_story/1053 - 阿玛琉莉丝（アマリュリス）/310532-3.json	True	True	after_20261001_takeover	27	1b47aa903d52911a03465cc844184573068f26dc	magireco-source-master/Scenarios_full/character_story/1053 - 阿玛琉莉丝（アマリュリス）/310532-3.json	c2ae97534cd09b348126353e3162341a00a29f0b	24	manifests/story_quality_semantic_batch05_ai_only_20261001_evidence.json.gz	f1955c691d7747fe1ead58af3fe6847c4c62525c	[]	"{""path"":""magireco-translate-data-master/Scenarios_full/character_story/1053 - 阿玛琉莉丝（アマリュリス）/310532-3.json"",""cn_blob"":""1b47aa903d52911a03465cc844184573068f26dc"",""jp_path"":""magireco-source-master/Scenarios_full/character_story/1053 - 阿玛琉莉丝（アマリュリス）/310532-3.json"",""jp_blob"":""c2ae97534cd09b348126353e3162341a00a29f0b"",""evidence"":{""batch"":""20261001-semantic-batch05-ai-only"",""source_commit"":""f1955c691d7747fe1ead58af3fe6847c4c62525c"",""report"":""manifests/story_quality_semantic_batch05_ai_only_20261001_evidence.json.gz"",""script_id"":""310532-3"",""full_fields"":27}}"
310532-4	"[""310532""]"	"[""第2话 熊熊燃起的恋火 燃えあがる恋の火種""]"	magireco-translate-data-master/Scenarios_full/character_story/1053 - 阿玛琉莉丝（アマリュリス）/310532-4.json	True	True	after_20261001_takeover	60	631922d769abc4377bab779c67315d95a00b203c	magireco-source-master/Scenarios_full/character_story/1053 - 阿玛琉莉丝（アマリュリス）/310532-4.json	afd0658d0507bf89d0456361f8f345957937431c	53	manifests/story_quality_semantic_batch05_ai_only_20261001_evidence.json.gz	f1955c691d7747fe1ead58af3fe6847c4c62525c	[]	"{""path"":""magireco-translate-data-master/Scenarios_full/character_story/1053 - 阿玛琉莉丝（アマリュリス）/310532-4.json"",""cn_blob"":""631922d769abc4377bab779c67315d95a00b203c"",""jp_path"":""magireco-source-master/Scenarios_full/character_story/1053 - 阿玛琉莉丝（アマリュリス）/310532-4.json"",""jp_blob"":""afd0658d0507bf89d0456361f8f345957937431c"",""evidence"":{""batch"":""20261001-semantic-batch05-ai-only"",""source_commit"":""f1955c691d7747fe1ead58af3fe6847c4c62525c"",""report"":""manifests/story_quality_semantic_batch05_ai_only_20261001_evidence.json.gz"",""script_id"":""310532-4"",""full_fields"":60}}"
310533-1	"[""310533""]"	"[""第3话 恋爱即是战争 恋は戦争である""]"	magireco-translate-data-master/Scenarios_full/character_story/1053 - 阿玛琉莉丝（アマリュリス）/310533-1.json	True	True	after_20261001_takeover	27	1b84838b44c2f2483b4444149728ac739ba0eab0	magireco-source-master/Scenarios_full/character_story/1053 - 阿玛琉莉丝（アマリュリス）/310533-1.json	717934d5260d38d1e3967c2aa251d7e31d53726f	25	manifests/story_quality_semantic_batch05_ai_only_20261001_evidence.json.gz	f1955c691d7747fe1ead58af3fe6847c4c62525c	[3317]	"{""path"":""magireco-translate-data-master/Scenarios_full/character_story/1053 - 阿玛琉莉丝（アマリュリス）/310533-1.json"",""cn_blob"":""1b84838b44c2f2483b4444149728ac739ba0eab0"",""jp_path"":""magireco-source-master/Scenarios_full/character_story/1053 - 阿玛琉莉丝（アマリュリス）/310533-1.json"",""jp_blob"":""717934d5260d38d1e3967c2aa251d7e31d53726f"",""evidence"":{""batch"":""20261001-semantic-batch05-ai-only"",""source_commit"":""f1955c691d7747fe1ead58af3fe6847c4c62525c"",""report"":""manifests/story_quality_semantic_batch05_ai_only_20261001_evidence.json.gz"",""script_id"":""310533-1"",""full_fields"":27}}"
310533-2	"[""310533""]"	"[""第3话 恋爱即是战争 恋は戦争である""]"	magireco-translate-data-master/Scenarios_full/character_story/1053 - 阿玛琉莉丝（アマリュリス）/310533-2.json	True	True	after_20261001_takeover	35	57a4a00b603efcc895dfacd4d0da6cc27b721eb8	magireco-source-master/Scenarios_full/character_story/1053 - 阿玛琉莉丝（アマリュリス）/310533-2.json	b4eb06bdbc596705df03ce0dbe198b8c2a36ebda	32	manifests/story_quality_semantic_batch05_ai_only_20261001_evidence.json.gz	f1955c691d7747fe1ead58af3fe6847c4c62525c	[3307,3317]	"{""path"":""magireco-translate-data-master/Scenarios_full/character_story/1053 - 阿玛琉莉丝（アマリュリス）/310533-2.json"",""cn_blob"":""57a4a00b603efcc895dfacd4d0da6cc27b721eb8"",""jp_path"":""magireco-source-master/Scenarios_full/character_story/1053 - 阿玛琉莉丝（アマリュリス）/310533-2.json"",""jp_blob"":""b4eb06bdbc596705df03ce0dbe198b8c2a36ebda"",""evidence"":{""batch"":""20261001-semantic-batch05-ai-only"",""source_commit"":""f1955c691d7747fe1ead58af3fe6847c4c62525c"",""report"":""manifests/story_quality_semantic_batch05_ai_only_20261001_evidence.json.gz"",""script_id"":""310533-2"",""full_fields"":35}}"
310533-3	"[""310533""]"	"[""第3话 恋爱即是战争 恋は戦争である""]"	magireco-translate-data-master/Scenarios_full/character_story/1053 - 阿玛琉莉丝（アマリュリス）/310533-3.json	True	True	after_20261001_takeover	75	6362292488d915b152645f696b1833fbe3b29c2b	magireco-source-master/Scenarios_full/character_story/1053 - 阿玛琉莉丝（アマリュリス）/310533-3.json	25c5f6e134adc4e45829c5652ceb27edf06e0256	69	manifests/story_quality_semantic_batch05_ai_only_20261001_evidence.json.gz	f1955c691d7747fe1ead58af3fe6847c4c62525c	[3317]	"{""path"":""magireco-translate-data-master/Scenarios_full/character_story/1053 - 阿玛琉莉丝（アマリュリス）/310533-3.json"",""cn_blob"":""6362292488d915b152645f696b1833fbe3b29c2b"",""jp_path"":""magireco-source-master/Scenarios_full/character_story/1053 - 阿玛琉莉丝（アマリュリス）/310533-3.json"",""jp_blob"":""25c5f6e134adc4e45829c5652ceb27edf06e0256"",""evidence"":{""batch"":""20261001-semantic-batch05-ai-only"",""source_commit"":""f1955c691d7747fe1ead58af3fe6847c4c62525c"",""report"":""manifests/story_quality_semantic_batch05_ai_only_20261001_evidence.json.gz"",""script_id"":""310533-3"",""full_fields"":75}}"
310533-4	"[""310533""]"	"[""第3话 恋爱即是战争 恋は戦争である""]"	magireco-translate-data-master/Scenarios_full/character_story/1053 - 阿玛琉莉丝（アマリュリス）/310533-4.json	True	True	after_20261001_takeover	89	e806ecfd8397df1198721d3bf06d253e50a6f713	magireco-source-master/Scenarios_full/character_story/1053 - 阿玛琉莉丝（アマリュリス）/310533-4.json	1f5663d8699920ba883da9fe3460b82aefe89df5	78	manifests/story_quality_semantic_batch05_ai_only_20261001_evidence.json.gz	f1955c691d7747fe1ead58af3fe6847c4c62525c	[3317]	"{""path"":""magireco-translate-data-master/Scenarios_full/character_story/1053 - 阿玛琉莉丝（アマリュリス）/310533-4.json"",""cn_blob"":""e806ecfd8397df1198721d3bf06d253e50a6f713"",""jp_path"":""magireco-source-master/Scenarios_full/character_story/1053 - 阿玛琉莉丝（アマリュリス）/310533-4.json"",""jp_blob"":""1f5663d8699920ba883da9fe3460b82aefe89df5"",""evidence"":{""batch"":""20261001-semantic-batch05-ai-only"",""source_commit"":""f1955c691d7747fe1ead58af3fe6847c4c62525c"",""report"":""manifests/story_quality_semantic_batch05_ai_only_20261001_evidence.json.gz"",""script_id"":""310533-4"",""full_fields"":89}}"
311021-1	"[""311021""]"	"[""第1话 坦率的两人 真っ直ぐなふたり""]"	magireco-translate-data-master/Scenarios_full/character_story/1102 - 八千代·美冬（起始ver.）（やちよ・みふゆ（始まりver.））/311021-1.json	True	True	after_20261001_takeover	43	68d3db404f072de1ec63bbb9ca7dc41e5d03d55a	magireco-source-master/Scenarios_full/character_story/1102 - 八千代·美冬（起始ver.）（やちよ・みふゆ（始まりver.））/311021-1.json	72babcd4c712a2b1f91a8437ad800c8fe9ffaaf3	35	manifests/story_quality_semantic_batch05_ai_only_20261001_evidence.json.gz	f1955c691d7747fe1ead58af3fe6847c4c62525c	[]	"{""path"":""magireco-translate-data-master/Scenarios_full/character_story/1102 - 八千代·美冬（起始ver.）（やちよ・みふゆ（始まりver.））/311021-1.json"",""cn_blob"":""68d3db404f072de1ec63bbb9ca7dc41e5d03d55a"",""jp_path"":""magireco-source-master/Scenarios_full/character_story/1102 - 八千代·美冬（起始ver.）（やちよ・みふゆ（始まりver.））/311021-1.json"",""jp_blob"":""72babcd4c712a2b1f91a8437ad800c8fe9ffaaf3"",""evidence"":{""batch"":""20261001-semantic-batch05-ai-only"",""source_commit"":""f1955c691d7747fe1ead58af3fe6847c4c62525c"",""report"":""manifests/story_quality_semantic_batch05_ai_only_20261001_evidence.json.gz"",""script_id"":""311021-1"",""full_fields"":43}}"
311021-2	"[""311021""]"	"[""第1话 坦率的两人 真っ直ぐなふたり""]"	magireco-translate-data-master/Scenarios_full/character_story/1102 - 八千代·美冬（起始ver.）（やちよ・みふゆ（始まりver.））/311021-2.json	True	True	after_20261001_takeover	66	965cf360e5ec0ada631f89fc1cd9f53509defa25	magireco-source-master/Scenarios_full/character_story/1102 - 八千代·美冬（起始ver.）（やちよ・みふゆ（始まりver.））/311021-2.json	b502248d2a35a58e450457b52ed63da19640dc84	55	manifests/story_quality_semantic_batch05_ai_only_20261001_evidence.json.gz	f1955c691d7747fe1ead58af3fe6847c4c62525c	[]	"{""path"":""magireco-translate-data-master/Scenarios_full/character_story/1102 - 八千代·美冬（起始ver.）（やちよ・みふゆ（始まりver.））/311021-2.json"",""cn_blob"":""965cf360e5ec0ada631f89fc1cd9f53509defa25"",""jp_path"":""magireco-source-master/Scenarios_full/character_story/1102 - 八千代·美冬（起始ver.）（やちよ・みふゆ（始まりver.））/311021-2.json"",""jp_blob"":""b502248d2a35a58e450457b52ed63da19640dc84"",""evidence"":{""batch"":""20261001-semantic-batch05-ai-only"",""source_commit"":""f1955c691d7747fe1ead58af3fe6847c4c62525c"",""report"":""manifests/story_quality_semantic_batch05_ai_only_20261001_evidence.json.gz"",""script_id"":""311021-2"",""full_fields"":66}}"
311021-3	"[""311021""]"	"[""第1话 坦率的两人 真っ直ぐなふたり""]"	magireco-translate-data-master/Scenarios_full/character_story/1102 - 八千代·美冬（起始ver.）（やちよ・みふゆ（始まりver.））/311021-3.json	True	True	after_20261001_takeover	68	9970f74bd2572b0b818caaebf94a8dcbc392036b	magireco-source-master/Scenarios_full/character_story/1102 - 八千代·美冬（起始ver.）（やちよ・みふゆ（始まりver.））/311021-3.json	87e61b08325aca9dfccb842d5e8a96cec33ea8f9	55	manifests/story_quality_semantic_batch05_ai_only_20261001_evidence.json.gz	f1955c691d7747fe1ead58af3fe6847c4c62525c	[3317]	"{""path"":""magireco-translate-data-master/Scenarios_full/character_story/1102 - 八千代·美冬（起始ver.）（やちよ・みふゆ（始まりver.））/311021-3.json"",""cn_blob"":""9970f74bd2572b0b818caaebf94a8dcbc392036b"",""jp_path"":""magireco-source-master/Scenarios_full/character_story/1102 - 八千代·美冬（起始ver.）（やちよ・みふゆ（始まりver.））/311021-3.json"",""jp_blob"":""87e61b08325aca9dfccb842d5e8a96cec33ea8f9"",""evidence"":{""batch"":""20261001-semantic-batch05-ai-only"",""source_commit"":""f1955c691d7747fe1ead58af3fe6847c4c62525c"",""report"":""manifests/story_quality_semantic_batch05_ai_only_20261001_evidence.json.gz"",""script_id"":""311021-3"",""full_fields"":68}}"
311021-4	"[""311021""]"	"[""第1话 坦率的两人 真っ直ぐなふたり""]"	magireco-translate-data-master/Scenarios_full/character_story/1102 - 八千代·美冬（起始ver.）（やちよ・みふゆ（始まりver.））/311021-4.json	True	True	after_20261001_takeover	42	3e598d6d97d329c5ba9e9c4a261522f958f9b146	magireco-source-master/Scenarios_full/character_story/1102 - 八千代·美冬（起始ver.）（やちよ・みふゆ（始まりver.））/311021-4.json	6e4ea333b3ee8b91e9cb2546899e70270967caa2	33	manifests/story_quality_semantic_batch05_ai_only_20261001_evidence.json.gz	f1955c691d7747fe1ead58af3fe6847c4c62525c	[]	"{""path"":""magireco-translate-data-master/Scenarios_full/character_story/1102 - 八千代·美冬（起始ver.）（やちよ・みふゆ（始まりver.））/311021-4.json"",""cn_blob"":""3e598d6d97d329c5ba9e9c4a261522f958f9b146"",""jp_path"":""magireco-source-master/Scenarios_full/character_story/1102 - 八千代·美冬（起始ver.）（やちよ・みふゆ（始まりver.））/311021-4.json"",""jp_blob"":""6e4ea333b3ee8b91e9cb2546899e70270967caa2"",""evidence"":{""batch"":""20261001-semantic-batch05-ai-only"",""source_commit"":""f1955c691d7747fe1ead58af3fe6847c4c62525c"",""report"":""manifests/story_quality_semantic_batch05_ai_only_20261001_evidence.json.gz"",""script_id"":""311021-4"",""full_fields"":42}}"
311022-1	"[""311022""]"	"[""第2话 酸甜滋味的缘由 甘酸っぱさの理由""]"	magireco-translate-data-master/Scenarios_full/character_story/1102 - 八千代·美冬（起始ver.）（やちよ・みふゆ（始まりver.））/311022-1.json	True	True	after_20261001_takeover	62	3b79138863b8f89982b87dfd386eecb7ccf86022	magireco-source-master/Scenarios_full/character_story/1102 - 八千代·美冬（起始ver.）（やちよ・みふゆ（始まりver.））/311022-1.json	bd9a692e1d6bc715751ac8b10fdadafd0fe99086	50	manifests/story_quality_semantic_batch05_ai_only_20261001_evidence.json.gz	f1955c691d7747fe1ead58af3fe6847c4c62525c	[3317]	"{""path"":""magireco-translate-data-master/Scenarios_full/character_story/1102 - 八千代·美冬（起始ver.）（やちよ・みふゆ（始まりver.））/311022-1.json"",""cn_blob"":""3b79138863b8f89982b87dfd386eecb7ccf86022"",""jp_path"":""magireco-source-master/Scenarios_full/character_story/1102 - 八千代·美冬（起始ver.）（やちよ・みふゆ（始まりver.））/311022-1.json"",""jp_blob"":""bd9a692e1d6bc715751ac8b10fdadafd0fe99086"",""evidence"":{""batch"":""20261001-semantic-batch05-ai-only"",""source_commit"":""f1955c691d7747fe1ead58af3fe6847c4c62525c"",""report"":""manifests/story_quality_semantic_batch05_ai_only_20261001_evidence.json.gz"",""script_id"":""311022-1"",""full_fields"":62}}"
311022-2	"[""311022""]"	"[""第2话 酸甜滋味的缘由 甘酸っぱさの理由""]"	magireco-translate-data-master/Scenarios_full/character_story/1102 - 八千代·美冬（起始ver.）（やちよ・みふゆ（始まりver.））/311022-2.json	True	True	after_20261001_takeover	61	2b318a683be4477102dfe18a579964976d44d927	magireco-source-master/Scenarios_full/character_story/1102 - 八千代·美冬（起始ver.）（やちよ・みふゆ（始まりver.））/311022-2.json	08d80c232cd67a1c89d92020189fabf569aabfdb	47	manifests/story_quality_semantic_batch05_ai_only_20261001_evidence.json.gz	f1955c691d7747fe1ead58af3fe6847c4c62525c	[3317]	"{""path"":""magireco-translate-data-master/Scenarios_full/character_story/1102 - 八千代·美冬（起始ver.）（やちよ・みふゆ（始まりver.））/311022-2.json"",""cn_blob"":""2b318a683be4477102dfe18a579964976d44d927"",""jp_path"":""magireco-source-master/Scenarios_full/character_story/1102 - 八千代·美冬（起始ver.）（やちよ・みふゆ（始まりver.））/311022-2.json"",""jp_blob"":""08d80c232cd67a1c89d92020189fabf569aabfdb"",""evidence"":{""batch"":""20261001-semantic-batch05-ai-only"",""source_commit"":""f1955c691d7747fe1ead58af3fe6847c4c62525c"",""report"":""manifests/story_quality_semantic_batch05_ai_only_20261001_evidence.json.gz"",""script_id"":""311022-2"",""full_fields"":61}}"
311022-3	"[""311022""]"	"[""第2话 酸甜滋味的缘由 甘酸っぱさの理由""]"	magireco-translate-data-master/Scenarios_full/character_story/1102 - 八千代·美冬（起始ver.）（やちよ・みふゆ（始まりver.））/311022-3.json	True	True	after_20261001_takeover	49	db5db6256934dbdff91b46127f58fb39dacbf4ba	magireco-source-master/Scenarios_full/character_story/1102 - 八千代·美冬（起始ver.）（やちよ・みふゆ（始まりver.））/311022-3.json	268783ab33568860f5391024d2ef908f3330b495	42	manifests/story_quality_semantic_batch05_ai_only_20261001_evidence.json.gz	f1955c691d7747fe1ead58af3fe6847c4c62525c	[3317]	"{""path"":""magireco-translate-data-master/Scenarios_full/character_story/1102 - 八千代·美冬（起始ver.）（やちよ・みふゆ（始まりver.））/311022-3.json"",""cn_blob"":""db5db6256934dbdff91b46127f58fb39dacbf4ba"",""jp_path"":""magireco-source-master/Scenarios_full/character_story/1102 - 八千代·美冬（起始ver.）（やちよ・みふゆ（始まりver.））/311022-3.json"",""jp_blob"":""268783ab33568860f5391024d2ef908f3330b495"",""evidence"":{""batch"":""20261001-semantic-batch05-ai-only"",""source_commit"":""f1955c691d7747fe1ead58af3fe6847c4c62525c"",""report"":""manifests/story_quality_semantic_batch05_ai_only_20261001_evidence.json.gz"",""script_id"":""311022-3"",""full_fields"":49}}"
311022-4	"[""311022""]"	"[""第2话 酸甜滋味的缘由 甘酸っぱさの理由""]"	magireco-translate-data-master/Scenarios_full/character_story/1102 - 八千代·美冬（起始ver.）（やちよ・みふゆ（始まりver.））/311022-4.json	True	True	after_20261001_takeover	61	f39b7c8bc5eba3e6cfd0812ba603296075ac20f7	magireco-source-master/Scenarios_full/character_story/1102 - 八千代·美冬（起始ver.）（やちよ・みふゆ（始まりver.））/311022-4.json	14be9ce3924e7a0ce1dfa6da16f3667755c81f57	44	manifests/story_quality_semantic_batch05_ai_only_20261001_evidence.json.gz	f1955c691d7747fe1ead58af3fe6847c4c62525c	[3317]	"{""path"":""magireco-translate-data-master/Scenarios_full/character_story/1102 - 八千代·美冬（起始ver.）（やちよ・みふゆ（始まりver.））/311022-4.json"",""cn_blob"":""f39b7c8bc5eba3e6cfd0812ba603296075ac20f7"",""jp_path"":""magireco-source-master/Scenarios_full/character_story/1102 - 八千代·美冬（起始ver.）（やちよ・みふゆ（始まりver.））/311022-4.json"",""jp_blob"":""14be9ce3924e7a0ce1dfa6da16f3667755c81f57"",""evidence"":{""batch"":""20261001-semantic-batch05-ai-only"",""source_commit"":""f1955c691d7747fe1ead58af3fe6847c4c62525c"",""report"":""manifests/story_quality_semantic_batch05_ai_only_20261001_evidence.json.gz"",""script_id"":""311022-4"",""full_fields"":61}}"
311023-1	"[""311023""]"	"[""第3话 真心面对彼此 心から向き合って""]"	magireco-translate-data-master/Scenarios_full/character_story/1102 - 八千代·美冬（起始ver.）（やちよ・みふゆ（始まりver.））/311023-1.json	True	True	after_20261001_takeover	38	e2729b831bad3cd0f407f264fe39b02552965fcf	magireco-source-master/Scenarios_full/character_story/1102 - 八千代·美冬（起始ver.）（やちよ・みふゆ（始まりver.））/311023-1.json	a89051274ebafc79852b921dd1ac6f1c65019c05	24	manifests/story_quality_semantic_batch05_ai_only_20261001_evidence.json.gz	f1955c691d7747fe1ead58af3fe6847c4c62525c	[3317]	"{""path"":""magireco-translate-data-master/Scenarios_full/character_story/1102 - 八千代·美冬（起始ver.）（やちよ・みふゆ（始まりver.））/311023-1.json"",""cn_blob"":""e2729b831bad3cd0f407f264fe39b02552965fcf"",""jp_path"":""magireco-source-master/Scenarios_full/character_story/1102 - 八千代·美冬（起始ver.）（やちよ・みふゆ（始まりver.））/311023-1.json"",""jp_blob"":""a89051274ebafc79852b921dd1ac6f1c65019c05"",""evidence"":{""batch"":""20261001-semantic-batch05-ai-only"",""source_commit"":""f1955c691d7747fe1ead58af3fe6847c4c62525c"",""report"":""manifests/story_quality_semantic_batch05_ai_only_20261001_evidence.json.gz"",""script_id"":""311023-1"",""full_fields"":38}}"
311023-2	"[""311023""]"	"[""第3话 真心面对彼此 心から向き合って""]"	magireco-translate-data-master/Scenarios_full/character_story/1102 - 八千代·美冬（起始ver.）（やちよ・みふゆ（始まりver.））/311023-2.json	True	True	after_20261001_takeover	52	b0f18658b25527d6ba5ba3eca63bafa5385e2f33	magireco-source-master/Scenarios_full/character_story/1102 - 八千代·美冬（起始ver.）（やちよ・みふゆ（始まりver.））/311023-2.json	a9fd4433bef0fd46adc8628dc8b69b2d481f411e	37	manifests/story_quality_semantic_batch05_ai_only_20261001_evidence.json.gz	f1955c691d7747fe1ead58af3fe6847c4c62525c	[3317]	"{""path"":""magireco-translate-data-master/Scenarios_full/character_story/1102 - 八千代·美冬（起始ver.）（やちよ・みふゆ（始まりver.））/311023-2.json"",""cn_blob"":""b0f18658b25527d6ba5ba3eca63bafa5385e2f33"",""jp_path"":""magireco-source-master/Scenarios_full/character_story/1102 - 八千代·美冬（起始ver.）（やちよ・みふゆ（始まりver.））/311023-2.json"",""jp_blob"":""a9fd4433bef0fd46adc8628dc8b69b2d481f411e"",""evidence"":{""batch"":""20261001-semantic-batch05-ai-only"",""source_commit"":""f1955c691d7747fe1ead58af3fe6847c4c62525c"",""report"":""manifests/story_quality_semantic_batch05_ai_only_20261001_evidence.json.gz"",""script_id"":""311023-2"",""full_fields"":52}}"
311023-3	"[""311023""]"	"[""第3话 真心面对彼此 心から向き合って""]"	magireco-translate-data-master/Scenarios_full/character_story/1102 - 八千代·美冬（起始ver.）（やちよ・みふゆ（始まりver.））/311023-3.json	True	True	after_20261001_takeover	75	affe421a3cd79ff53334ebbe275cd5508e7272f9	magireco-source-master/Scenarios_full/character_story/1102 - 八千代·美冬（起始ver.）（やちよ・みふゆ（始まりver.））/311023-3.json	cd5e6774ab4c83f60effcc46cbcdba2cac79b15d	54	manifests/story_quality_semantic_batch05_ai_only_20261001_evidence.json.gz	f1955c691d7747fe1ead58af3fe6847c4c62525c	[3317]	"{""path"":""magireco-translate-data-master/Scenarios_full/character_story/1102 - 八千代·美冬（起始ver.）（やちよ・みふゆ（始まりver.））/311023-3.json"",""cn_blob"":""affe421a3cd79ff53334ebbe275cd5508e7272f9"",""jp_path"":""magireco-source-master/Scenarios_full/character_story/1102 - 八千代·美冬（起始ver.）（やちよ・みふゆ（始まりver.））/311023-3.json"",""jp_blob"":""cd5e6774ab4c83f60effcc46cbcdba2cac79b15d"",""evidence"":{""batch"":""20261001-semantic-batch05-ai-only"",""source_commit"":""f1955c691d7747fe1ead58af3fe6847c4c62525c"",""report"":""manifests/story_quality_semantic_batch05_ai_only_20261001_evidence.json.gz"",""script_id"":""311023-3"",""full_fields"":75}}"
311023-4	"[""311023""]"	"[""第3话 真心面对彼此 心から向き合って""]"	magireco-translate-data-master/Scenarios_full/character_story/1102 - 八千代·美冬（起始ver.）（やちよ・みふゆ（始まりver.））/311023-4.json	True	True	after_20261001_takeover	63	241d5f04442df346b86e1bcd047b26a23a9853c3	magireco-source-master/Scenarios_full/character_story/1102 - 八千代·美冬（起始ver.）（やちよ・みふゆ（始まりver.））/311023-4.json	2ef39abd7fc28bb4262d2e2389fc486166625101	47	manifests/story_quality_semantic_batch05_ai_only_20261001_evidence.json.gz	f1955c691d7747fe1ead58af3fe6847c4c62525c	[3317]	"{""path"":""magireco-translate-data-master/Scenarios_full/character_story/1102 - 八千代·美冬（起始ver.）（やちよ・みふゆ（始まりver.））/311023-4.json"",""cn_blob"":""241d5f04442df346b86e1bcd047b26a23a9853c3"",""jp_path"":""magireco-source-master/Scenarios_full/character_story/1102 - 八千代·美冬（起始ver.）（やちよ・みふゆ（始まりver.））/311023-4.json"",""jp_blob"":""2ef39abd7fc28bb4262d2e2389fc486166625101"",""evidence"":{""batch"":""20261001-semantic-batch05-ai-only"",""source_commit"":""f1955c691d7747fe1ead58af3fe6847c4c62525c"",""report"":""manifests/story_quality_semantic_batch05_ai_only_20261001_evidence.json.gz"",""script_id"":""311023-4"",""full_fields"":63}}"
311041-1	"[""311041""]"	"[""第1话 梦想的理由 ゆめの理由""]"	magireco-translate-data-master/Scenarios_full/character_story/1104 - 谣莎奈（ウワサのさな）/311041-1.json	True	True	after_20261001_takeover	55	0e83acd0bc7f7388e70af5fd7cf324b1841720e2	magireco-source-master/Scenarios_full/character_story/1104 - 谣莎奈（ウワサのさな）/311041-1.json	bcccfb1f3ee710392784ae0f5604952e1e2a1872	41	manifests/story_quality_semantic_batch03_20261001_evidence.json.gz		[3315]	"{""path"":""magireco-translate-data-master/Scenarios_full/character_story/1104 - 谣莎奈（ウワサのさな）/311041-1.json"",""cn_blob"":""0e83acd0bc7f7388e70af5fd7cf324b1841720e2"",""jp_path"":""magireco-source-master/Scenarios_full/character_story/1104 - 谣莎奈（ウワサのさな）/311041-1.json"",""jp_blob"":""bcccfb1f3ee710392784ae0f5604952e1e2a1872"",""evidence"":{""status"":""full_review_3315"",""prior_evidence"":{""report"":""manifests/story_quality_semantic_batch03_20261001_evidence.json.gz"",""jp_blob"":""bcccfb1f3ee710392784ae0f5604952e1e2a1872"",""body_fingerprint"":""bf5689e6f86198c1d91c603750754b8eddb7e887dc875c50c9adbb392d4e8ee7"",""source_CN_blob"":""a25fee7d8e2d304332724fce3c9df0de7d45588a"",""reviewed_CN_fields"":55,""full_read"":true,""source_authorship_not_reclassified"":true},""body_fingerprint"":""bf5689e6f86198c1d91c603750754b8eddb7e887dc875c50c9adbb392d4e8ee7""}}"
311041-2	"[""311041""]"	"[""第1话 梦想的理由 ゆめの理由""]"	magireco-translate-data-master/Scenarios_full/character_story/1104 - 谣莎奈（ウワサのさな）/311041-2.json	True	True	after_20261001_takeover	67	8e6c84256cc21d05e95a4d33313b2a4194ca990c	magireco-source-master/Scenarios_full/character_story/1104 - 谣莎奈（ウワサのさな）/311041-2.json	761c5032c564785c88db6f73c46297f1b2ba4270	55	manifests/story_quality_semantic_batch03_20261001_evidence.json.gz		[3315]	"{""path"":""magireco-translate-data-master/Scenarios_full/character_story/1104 - 谣莎奈（ウワサのさな）/311041-2.json"",""cn_blob"":""8e6c84256cc21d05e95a4d33313b2a4194ca990c"",""jp_path"":""magireco-source-master/Scenarios_full/character_story/1104 - 谣莎奈（ウワサのさな）/311041-2.json"",""jp_blob"":""761c5032c564785c88db6f73c46297f1b2ba4270"",""evidence"":{""status"":""full_review_3315"",""prior_evidence"":{""report"":""manifests/story_quality_semantic_batch03_20261001_evidence.json.gz"",""jp_blob"":""761c5032c564785c88db6f73c46297f1b2ba4270"",""body_fingerprint"":""a53ea8263e4aedee57ccde7efcf44dbe8cfcb095a4a0cbb00866baa22793b86b"",""source_CN_blob"":""25143a725ee0c7fea58520f90e3f8fd0d38d4ad0"",""reviewed_CN_fields"":67,""full_read"":true,""source_authorship_not_reclassified"":true},""body_fingerprint"":""a53ea8263e4aedee57ccde7efcf44dbe8cfcb095a4a0cbb00866baa22793b86b""}}"
311041-3	"[""311041""]"	"[""第1话 梦想的理由 ゆめの理由""]"	magireco-translate-data-master/Scenarios_full/character_story/1104 - 谣莎奈（ウワサのさな）/311041-3.json	True	True	after_20261001_takeover	69	0a8150ce34aa99b589d15e9927fa46c9019524d9	magireco-source-master/Scenarios_full/character_story/1104 - 谣莎奈（ウワサのさな）/311041-3.json	cc34a58895f4fcfd790651745b1a55c9d10aa665	56	manifests/story_quality_semantic_batch03_20261001_evidence.json.gz		[3315]	"{""path"":""magireco-translate-data-master/Scenarios_full/character_story/1104 - 谣莎奈（ウワサのさな）/311041-3.json"",""cn_blob"":""0a8150ce34aa99b589d15e9927fa46c9019524d9"",""jp_path"":""magireco-source-master/Scenarios_full/character_story/1104 - 谣莎奈（ウワサのさな）/311041-3.json"",""jp_blob"":""cc34a58895f4fcfd790651745b1a55c9d10aa665"",""evidence"":{""status"":""full_review_3315"",""prior_evidence"":{""report"":""manifests/story_quality_semantic_batch03_20261001_evidence.json.gz"",""jp_blob"":""cc34a58895f4fcfd790651745b1a55c9d10aa665"",""body_fingerprint"":""af1e802baa02b84a204106f571bfae99ecae30a7f8ed38c4de7e5bc165a92667"",""source_CN_blob"":""876306098a2e9466327b496696321edf408b8457"",""reviewed_CN_fields"":69,""full_read"":true,""source_authorship_not_reclassified"":true},""body_fingerprint"":""af1e802baa02b84a204106f571bfae99ecae30a7f8ed38c4de7e5bc165a92667""}}"
311041-4	"[""311041""]"	"[""第1话 梦想的理由 ゆめの理由""]"	magireco-translate-data-master/Scenarios_full/character_story/1104 - 谣莎奈（ウワサのさな）/311041-4.json	True	True	after_20261001_takeover	34	8aac8ec08d199b96cd0a6f227ce41dc3f588aead	magireco-source-master/Scenarios_full/character_story/1104 - 谣莎奈（ウワサのさな）/311041-4.json	b789180d58b97468f0dc51686c05067aa4a5237b	29	manifests/story_quality_semantic_batch03_20261001_evidence.json.gz		[3315]	"{""path"":""magireco-translate-data-master/Scenarios_full/character_story/1104 - 谣莎奈（ウワサのさな）/311041-4.json"",""cn_blob"":""8aac8ec08d199b96cd0a6f227ce41dc3f588aead"",""jp_path"":""magireco-source-master/Scenarios_full/character_story/1104 - 谣莎奈（ウワサのさな）/311041-4.json"",""jp_blob"":""b789180d58b97468f0dc51686c05067aa4a5237b"",""evidence"":{""status"":""full_review_3315"",""prior_evidence"":{""report"":""manifests/story_quality_semantic_batch03_20261001_evidence.json.gz"",""jp_blob"":""b789180d58b97468f0dc51686c05067aa4a5237b"",""body_fingerprint"":""d9b02eb67173173a61854c0e85897dd9bb29f3954d90f5841a6e53c0031c2365"",""source_CN_blob"":""8cb02d82d127346715235d95f9c54d2f8dac2768"",""reviewed_CN_fields"":34,""full_read"":true,""source_authorship_not_reclassified"":true},""body_fingerprint"":""d9b02eb67173173a61854c0e85897dd9bb29f3954d90f5841a6e53c0031c2365""}}"
311042-1	"[""311042""]"	"[""第2话 想要留下的故事 のこしたい物語""]"	magireco-translate-data-master/Scenarios_full/character_story/1104 - 谣莎奈（ウワサのさな）/311042-1.json	True	True	after_20261001_takeover	63	919f6482085eaeed15a0b9a2ca77f3ea60c3a804	magireco-source-master/Scenarios_full/character_story/1104 - 谣莎奈（ウワサのさな）/311042-1.json	18790e5fad7154191cebf773baf15c19267cf67f	54	manifests/story_quality_semantic_batch03_20261001_evidence.json.gz		[3315]	"{""path"":""magireco-translate-data-master/Scenarios_full/character_story/1104 - 谣莎奈（ウワサのさな）/311042-1.json"",""cn_blob"":""919f6482085eaeed15a0b9a2ca77f3ea60c3a804"",""jp_path"":""magireco-source-master/Scenarios_full/character_story/1104 - 谣莎奈（ウワサのさな）/311042-1.json"",""jp_blob"":""18790e5fad7154191cebf773baf15c19267cf67f"",""evidence"":{""status"":""full_review_3315"",""prior_evidence"":{""report"":""manifests/story_quality_semantic_batch03_20261001_evidence.json.gz"",""jp_blob"":""18790e5fad7154191cebf773baf15c19267cf67f"",""body_fingerprint"":""33c3c0f54012bf274298885d3ced0d8cc3b4e72a7f428ae8b5d4e5971465c89b"",""source_CN_blob"":""ab49fe5af11545d443f6706270f4e935d77d89fd"",""reviewed_CN_fields"":63,""full_read"":true,""source_authorship_not_reclassified"":true},""body_fingerprint"":""33c3c0f54012bf274298885d3ced0d8cc3b4e72a7f428ae8b5d4e5971465c89b""}}"
311042-2	"[""311042""]"	"[""第2话 想要留下的故事 のこしたい物語""]"	magireco-translate-data-master/Scenarios_full/character_story/1104 - 谣莎奈（ウワサのさな）/311042-2.json	True	True	after_20261001_takeover	55	75c4f5e800e9365c9d5672b775e32ddff3b48459	magireco-source-master/Scenarios_full/character_story/1104 - 谣莎奈（ウワサのさな）/311042-2.json	c954d6ae39f388fce2a53091c8bde705af4693f2	49	manifests/story_quality_semantic_batch03_20261001_evidence.json.gz		[3315]	"{""path"":""magireco-translate-data-master/Scenarios_full/character_story/1104 - 谣莎奈（ウワサのさな）/311042-2.json"",""cn_blob"":""75c4f5e800e9365c9d5672b775e32ddff3b48459"",""jp_path"":""magireco-source-master/Scenarios_full/character_story/1104 - 谣莎奈（ウワサのさな）/311042-2.json"",""jp_blob"":""c954d6ae39f388fce2a53091c8bde705af4693f2"",""evidence"":{""status"":""full_review_3315"",""prior_evidence"":{""report"":""manifests/story_quality_semantic_batch03_20261001_evidence.json.gz"",""jp_blob"":""c954d6ae39f388fce2a53091c8bde705af4693f2"",""body_fingerprint"":""5bda4d5fee8d373562b149d7e11078b297f798d368c40d8e89ae4621f95fb073"",""source_CN_blob"":""1122af8a1315e7e9164d492395d337c3ae6cf4e7"",""reviewed_CN_fields"":55,""full_read"":true,""source_authorship_not_reclassified"":true},""body_fingerprint"":""5bda4d5fee8d373562b149d7e11078b297f798d368c40d8e89ae4621f95fb073""}}"
311042-3	"[""311042""]"	"[""第2话 想要留下的故事 のこしたい物語""]"	magireco-translate-data-master/Scenarios_full/character_story/1104 - 谣莎奈（ウワサのさな）/311042-3.json	True	True	after_20261001_takeover	53	d28a58545cb2554bae4983671abdfdb6d717810d	magireco-source-master/Scenarios_full/character_story/1104 - 谣莎奈（ウワサのさな）/311042-3.json	39d3d73bb33857316a3ea7a5101c46ac1a635545	44	manifests/story_quality_semantic_batch03_20261001_evidence.json.gz		[3315]	"{""path"":""magireco-translate-data-master/Scenarios_full/character_story/1104 - 谣莎奈（ウワサのさな）/311042-3.json"",""cn_blob"":""d28a58545cb2554bae4983671abdfdb6d717810d"",""jp_path"":""magireco-source-master/Scenarios_full/character_story/1104 - 谣莎奈（ウワサのさな）/311042-3.json"",""jp_blob"":""39d3d73bb33857316a3ea7a5101c46ac1a635545"",""evidence"":{""status"":""full_review_3315"",""prior_evidence"":{""report"":""manifests/story_quality_semantic_batch03_20261001_evidence.json.gz"",""jp_blob"":""39d3d73bb33857316a3ea7a5101c46ac1a635545"",""body_fingerprint"":""55cda20818bdc4d07e72953bd1108a0a35297dc75f15ff819a0dd02ceed8f67c"",""source_CN_blob"":""72dcb469e5f9f6f08ce446c7ecdacb4b660b8bde"",""reviewed_CN_fields"":53,""full_read"":true,""source_authorship_not_reclassified"":true},""body_fingerprint"":""55cda20818bdc4d07e72953bd1108a0a35297dc75f15ff819a0dd02ceed8f67c""}}"
311042-4	"[""311042""]"	"[""第2话 想要留下的故事 のこしたい物語""]"	magireco-translate-data-master/Scenarios_full/character_story/1104 - 谣莎奈（ウワサのさな）/311042-4.json	True	True	after_20261001_takeover	58	1f05100b6127299501eaec7879a9922b8e6f1909	magireco-source-master/Scenarios_full/character_story/1104 - 谣莎奈（ウワサのさな）/311042-4.json	505b626425fc1c8d09ac2bcaa9c48eafff7bb3e2	47	manifests/story_quality_semantic_batch03_20261001_evidence.json.gz		[3315]	"{""path"":""magireco-translate-data-master/Scenarios_full/character_story/1104 - 谣莎奈（ウワサのさな）/311042-4.json"",""cn_blob"":""1f05100b6127299501eaec7879a9922b8e6f1909"",""jp_path"":""magireco-source-master/Scenarios_full/character_story/1104 - 谣莎奈（ウワサのさな）/311042-4.json"",""jp_blob"":""505b626425fc1c8d09ac2bcaa9c48eafff7bb3e2"",""evidence"":{""status"":""full_review_3315"",""prior_evidence"":{""report"":""manifests/story_quality_semantic_batch03_20261001_evidence.json.gz"",""jp_blob"":""505b626425fc1c8d09ac2bcaa9c48eafff7bb3e2"",""body_fingerprint"":""95a45d84a9a0b782d04d954b783c81068651667e2cffb91f7e9b6f8938df1864"",""source_CN_blob"":""053000f25c93501328ee30179da1704487ea73d5"",""reviewed_CN_fields"":58,""full_read"":true,""source_authorship_not_reclassified"":true},""body_fingerprint"":""95a45d84a9a0b782d04d954b783c81068651667e2cffb91f7e9b6f8938df1864""}}"
311043-1	"[""311043""]"	"[""第3话 传达这份思念 想いをつたえて""]"	magireco-translate-data-master/Scenarios_full/character_story/1104 - 谣莎奈（ウワサのさな）/311043-1.json	True	True	after_20261001_takeover	72	2b122145bab0f0ab6e6f68ad01c5c0e8a87945e3	magireco-source-master/Scenarios_full/character_story/1104 - 谣莎奈（ウワサのさな）/311043-1.json	5bb9e281a34ba13078f3ad83b8e46c1b76c4fdcf	60	manifests/story_quality_semantic_batch03_20261001_evidence.json.gz		[3315]	"{""path"":""magireco-translate-data-master/Scenarios_full/character_story/1104 - 谣莎奈（ウワサのさな）/311043-1.json"",""cn_blob"":""2b122145bab0f0ab6e6f68ad01c5c0e8a87945e3"",""jp_path"":""magireco-source-master/Scenarios_full/character_story/1104 - 谣莎奈（ウワサのさな）/311043-1.json"",""jp_blob"":""5bb9e281a34ba13078f3ad83b8e46c1b76c4fdcf"",""evidence"":{""status"":""full_review_3315"",""prior_evidence"":{""report"":""manifests/story_quality_semantic_batch03_20261001_evidence.json.gz"",""jp_blob"":""5bb9e281a34ba13078f3ad83b8e46c1b76c4fdcf"",""body_fingerprint"":""25a1d840199bb1e1b4601d3a5e6e3d1c1b36f75a9001a4001de5347ed79a2a3b"",""source_CN_blob"":""7a77ea1be868a8d29192deb1bc36c93cc9c820d2"",""reviewed_CN_fields"":72,""full_read"":true,""source_authorship_not_reclassified"":true},""body_fingerprint"":""25a1d840199bb1e1b4601d3a5e6e3d1c1b36f75a9001a4001de5347ed79a2a3b""}}"
311043-2	"[""311043""]"	"[""第3话 传达这份思念 想いをつたえて""]"	magireco-translate-data-master/Scenarios_full/character_story/1104 - 谣莎奈（ウワサのさな）/311043-2.json	True	True	after_20261001_takeover	41	8b9a33349a8d178036082c92545b25db8b9cbef3	magireco-source-master/Scenarios_full/character_story/1104 - 谣莎奈（ウワサのさな）/311043-2.json	196057a5a97c42d0bc963cb5183f0092319b48b7	30	manifests/story_quality_semantic_batch03_20261001_evidence.json.gz		[3315]	"{""path"":""magireco-translate-data-master/Scenarios_full/character_story/1104 - 谣莎奈（ウワサのさな）/311043-2.json"",""cn_blob"":""8b9a33349a8d178036082c92545b25db8b9cbef3"",""jp_path"":""magireco-source-master/Scenarios_full/character_story/1104 - 谣莎奈（ウワサのさな）/311043-2.json"",""jp_blob"":""196057a5a97c42d0bc963cb5183f0092319b48b7"",""evidence"":{""status"":""full_review_3315"",""prior_evidence"":{""report"":""manifests/story_quality_semantic_batch03_20261001_evidence.json.gz"",""jp_blob"":""196057a5a97c42d0bc963cb5183f0092319b48b7"",""body_fingerprint"":""0f8daeea0b41db33dc1e46ae896cde987a1e0e4e744d92a5eaa82231ed55592e"",""source_CN_blob"":""6582025437f30cda1c0e6c3d831dc5c549841c6d"",""reviewed_CN_fields"":41,""full_read"":true,""source_authorship_not_reclassified"":true},""body_fingerprint"":""0f8daeea0b41db33dc1e46ae896cde987a1e0e4e744d92a5eaa82231ed55592e""}}"
311043-3	"[""311043""]"	"[""第3话 传达这份思念 想いをつたえて""]"	magireco-translate-data-master/Scenarios_full/character_story/1104 - 谣莎奈（ウワサのさな）/311043-3.json	True	True	after_20261001_takeover	81	359fe18956f63b906ce3460b795b0aaba0ee328c	magireco-source-master/Scenarios_full/character_story/1104 - 谣莎奈（ウワサのさな）/311043-3.json	08f880c521690891a82567d02f3439de18c4e291	61	manifests/story_quality_semantic_batch03_20261001_evidence.json.gz		[3315]	"{""path"":""magireco-translate-data-master/Scenarios_full/character_story/1104 - 谣莎奈（ウワサのさな）/311043-3.json"",""cn_blob"":""359fe18956f63b906ce3460b795b0aaba0ee328c"",""jp_path"":""magireco-source-master/Scenarios_full/character_story/1104 - 谣莎奈（ウワサのさな）/311043-3.json"",""jp_blob"":""08f880c521690891a82567d02f3439de18c4e291"",""evidence"":{""status"":""full_review_3315"",""prior_evidence"":{""report"":""manifests/story_quality_semantic_batch03_20261001_evidence.json.gz"",""jp_blob"":""08f880c521690891a82567d02f3439de18c4e291"",""body_fingerprint"":""dff53e3711618a84e0b31dcb647ed35384a0e438995444f7f49d67d46479a390"",""source_CN_blob"":""a44f7ded724fa6113dd67f2ecfa6816f673176ae"",""reviewed_CN_fields"":81,""full_read"":true,""source_authorship_not_reclassified"":true},""body_fingerprint"":""dff53e3711618a84e0b31dcb647ed35384a0e438995444f7f49d67d46479a390""}}"
311043-4	"[""311043""]"	"[""第3话 传达这份思念 想いをつたえて""]"	magireco-translate-data-master/Scenarios_full/character_story/1104 - 谣莎奈（ウワサのさな）/311043-4.json	True	True	after_20261001_takeover	60	5d055349bf1c852ecdc744ccb95ea09a8d708241	magireco-source-master/Scenarios_full/character_story/1104 - 谣莎奈（ウワサのさな）/311043-4.json	5a3cd7a9ef123b3be9de2e2e9c290e98838f004b	47	manifests/story_quality_semantic_batch03_20261001_evidence.json.gz		[3315]	"{""path"":""magireco-translate-data-master/Scenarios_full/character_story/1104 - 谣莎奈（ウワサのさな）/311043-4.json"",""cn_blob"":""5d055349bf1c852ecdc744ccb95ea09a8d708241"",""jp_path"":""magireco-source-master/Scenarios_full/character_story/1104 - 谣莎奈（ウワサのさな）/311043-4.json"",""jp_blob"":""5a3cd7a9ef123b3be9de2e2e9c290e98838f004b"",""evidence"":{""status"":""full_review_3315"",""prior_evidence"":{""report"":""manifests/story_quality_semantic_batch03_20261001_evidence.json.gz"",""jp_blob"":""5a3cd7a9ef123b3be9de2e2e9c290e98838f004b"",""body_fingerprint"":""b8e838e5a318c9abc46763db5f13bbd1b071d1aa0381b2dec26fec102dec0d7e"",""source_CN_blob"":""2eb5132faf835505a80339916f466b3c9a3b1ee6"",""reviewed_CN_fields"":60,""full_read"":true,""source_authorship_not_reclassified"":true},""body_fingerprint"":""b8e838e5a318c9abc46763db5f13bbd1b071d1aa0381b2dec26fec102dec0d7e""}}"
311061-1	"[""311061""]"	"[""第1话 梦想是变身女主角! 夢は変身ヒロイン！""]"	magireco-translate-data-master/Scenarios_full/character_story/1106 - 梓美冬（童话ver.）（梓 みふゆ（おとぎ話ver.））/311061-1.json	True	True	after_20261001_takeover	47	b782e08a51337e49f19c77e3f04fa4b1210c34b0	magireco-source-master/Scenarios_full/character_story/1106 - 梓美冬（童话ver.）（梓 みふゆ（おとぎ話ver.））/311061-1.json	303c82a7d6fca62dcd3a7d6358c8d3e94dfbea7a	42	manifests/story_quality_semantic_batch03_20261001_evidence.json.gz		[3315]	"{""path"":""magireco-translate-data-master/Scenarios_full/character_story/1106 - 梓美冬（童话ver.）（梓 みふゆ（おとぎ話ver.））/311061-1.json"",""cn_blob"":""b782e08a51337e49f19c77e3f04fa4b1210c34b0"",""jp_path"":""magireco-source-master/Scenarios_full/character_story/1106 - 梓美冬（童话ver.）（梓 みふゆ（おとぎ話ver.））/311061-1.json"",""jp_blob"":""303c82a7d6fca62dcd3a7d6358c8d3e94dfbea7a"",""evidence"":{""status"":""full_review_3315"",""prior_evidence"":{""report"":""manifests/story_quality_semantic_batch03_20261001_evidence.json.gz"",""jp_blob"":""303c82a7d6fca62dcd3a7d6358c8d3e94dfbea7a"",""body_fingerprint"":""d9dc003877f200765ea8a0ccbf1bb0a910c8361979487e76dbf919fba2473d77"",""source_CN_blob"":""659f54c309853af61d0032ba109673fc362c9ecf"",""reviewed_CN_fields"":47,""full_read"":true,""source_authorship_not_reclassified"":true},""body_fingerprint"":""d9dc003877f200765ea8a0ccbf1bb0a910c8361979487e76dbf919fba2473d77""}}"
311061-2	"[""311061""]"	"[""第1话 梦想是变身女主角! 夢は変身ヒロイン！""]"	magireco-translate-data-master/Scenarios_full/character_story/1106 - 梓美冬（童话ver.）（梓 みふゆ（おとぎ話ver.））/311061-2.json	True	True	after_20261001_takeover	37	68ea780597fb20cb12c9fe36b69fc73052b1ee37	magireco-source-master/Scenarios_full/character_story/1106 - 梓美冬（童话ver.）（梓 みふゆ（おとぎ話ver.））/311061-2.json	84c75cfb4f5e09a1e3b47435e38cd39c8af5b4ce	34	manifests/story_quality_semantic_batch03_20261001_evidence.json.gz		[3315]	"{""path"":""magireco-translate-data-master/Scenarios_full/character_story/1106 - 梓美冬（童话ver.）（梓 みふゆ（おとぎ話ver.））/311061-2.json"",""cn_blob"":""68ea780597fb20cb12c9fe36b69fc73052b1ee37"",""jp_path"":""magireco-source-master/Scenarios_full/character_story/1106 - 梓美冬（童话ver.）（梓 みふゆ（おとぎ話ver.））/311061-2.json"",""jp_blob"":""84c75cfb4f5e09a1e3b47435e38cd39c8af5b4ce"",""evidence"":{""status"":""full_review_3315"",""prior_evidence"":{""report"":""manifests/story_quality_semantic_batch03_20261001_evidence.json.gz"",""jp_blob"":""84c75cfb4f5e09a1e3b47435e38cd39c8af5b4ce"",""body_fingerprint"":""b124b88f7157b28b83da07bab2dc2f8db83679e76b5ded0d3ca017f15f606270"",""source_CN_blob"":""dcebeccebfa0a3cd20b3144fdd37499f84cf371b"",""reviewed_CN_fields"":37,""full_read"":true,""source_authorship_not_reclassified"":true},""body_fingerprint"":""b124b88f7157b28b83da07bab2dc2f8db83679e76b5ded0d3ca017f15f606270""}}"
311061-3	"[""311061""]"	"[""第1话 梦想是变身女主角! 夢は変身ヒロイン！""]"	magireco-translate-data-master/Scenarios_full/character_story/1106 - 梓美冬（童话ver.）（梓 みふゆ（おとぎ話ver.））/311061-3.json	True	True	after_20261001_takeover	55	7fef0ef09f331e78dac56745c86ed25c81882c7c	magireco-source-master/Scenarios_full/character_story/1106 - 梓美冬（童话ver.）（梓 みふゆ（おとぎ話ver.））/311061-3.json	9b6c46fa4076d6d8ed1dd61f3acef835533d526c	37	manifests/story_quality_semantic_batch03_20261001_evidence.json.gz		[3315]	"{""path"":""magireco-translate-data-master/Scenarios_full/character_story/1106 - 梓美冬（童话ver.）（梓 みふゆ（おとぎ話ver.））/311061-3.json"",""cn_blob"":""7fef0ef09f331e78dac56745c86ed25c81882c7c"",""jp_path"":""magireco-source-master/Scenarios_full/character_story/1106 - 梓美冬（童话ver.）（梓 みふゆ（おとぎ話ver.））/311061-3.json"",""jp_blob"":""9b6c46fa4076d6d8ed1dd61f3acef835533d526c"",""evidence"":{""status"":""full_review_3315"",""prior_evidence"":{""report"":""manifests/story_quality_semantic_batch03_20261001_evidence.json.gz"",""jp_blob"":""9b6c46fa4076d6d8ed1dd61f3acef835533d526c"",""body_fingerprint"":""cb267cca2f78c8f5fc44e5aa4c5c8845a4be747939226a6cbe7200684437efce"",""source_CN_blob"":""754dff425fd54398815935024bf48b184e768bc0"",""reviewed_CN_fields"":55,""full_read"":true,""source_authorship_not_reclassified"":true},""body_fingerprint"":""cb267cca2f78c8f5fc44e5aa4c5c8845a4be747939226a6cbe7200684437efce""}}"
311061-4	"[""311061""]"	"[""第1话 梦想是变身女主角! 夢は変身ヒロイン！""]"	magireco-translate-data-master/Scenarios_full/character_story/1106 - 梓美冬（童话ver.）（梓 みふゆ（おとぎ話ver.））/311061-4.json	True	True	after_20261001_takeover	60	3e04ea6d7966e10a4a71c63201d08f01e67f288c	magireco-source-master/Scenarios_full/character_story/1106 - 梓美冬（童话ver.）（梓 みふゆ（おとぎ話ver.））/311061-4.json	57d698be7f175d85d76fe10c718d174c8ed66ed5	53	manifests/story_quality_semantic_batch03_20261001_evidence.json.gz		[3315]	"{""path"":""magireco-translate-data-master/Scenarios_full/character_story/1106 - 梓美冬（童话ver.）（梓 みふゆ（おとぎ話ver.））/311061-4.json"",""cn_blob"":""3e04ea6d7966e10a4a71c63201d08f01e67f288c"",""jp_path"":""magireco-source-master/Scenarios_full/character_story/1106 - 梓美冬（童话ver.）（梓 みふゆ（おとぎ話ver.））/311061-4.json"",""jp_blob"":""57d698be7f175d85d76fe10c718d174c8ed66ed5"",""evidence"":{""status"":""full_review_3315"",""prior_evidence"":{""report"":""manifests/story_quality_semantic_batch03_20261001_evidence.json.gz"",""jp_blob"":""57d698be7f175d85d76fe10c718d174c8ed66ed5"",""body_fingerprint"":""bb239885d7b3a7e9c1f8d7d868690abbce1bfcdf669f91da1a4a9ea343fdcd4e"",""source_CN_blob"":""5c519352502e9676ea6d29c1b6fb1be599e20355"",""reviewed_CN_fields"":60,""full_read"":true,""source_authorship_not_reclassified"":true},""body_fingerprint"":""bb239885d7b3a7e9c1f8d7d868690abbce1bfcdf669f91da1a4a9ea343fdcd4e""}}"
311062-1	"[""311062""]"	"[""第2话 只做梦的时间已经结束 夢を見るだけの時間は終わり""]"	magireco-translate-data-master/Scenarios_full/character_story/1106 - 梓美冬（童话ver.）（梓 みふゆ（おとぎ話ver.））/311062-1.json	True	True	after_20261001_takeover	44	cc1d15f0afa5ec8804c5764e20a508efc002500a	magireco-source-master/Scenarios_full/character_story/1106 - 梓美冬（童话ver.）（梓 みふゆ（おとぎ話ver.））/311062-1.json	c704d2e1cb425bb5ff831721c4be3b1cdf3ba8c3	39	manifests/story_quality_semantic_batch03_20261001_evidence.json.gz		[3315]	"{""path"":""magireco-translate-data-master/Scenarios_full/character_story/1106 - 梓美冬（童话ver.）（梓 みふゆ（おとぎ話ver.））/311062-1.json"",""cn_blob"":""cc1d15f0afa5ec8804c5764e20a508efc002500a"",""jp_path"":""magireco-source-master/Scenarios_full/character_story/1106 - 梓美冬（童话ver.）（梓 みふゆ（おとぎ話ver.））/311062-1.json"",""jp_blob"":""c704d2e1cb425bb5ff831721c4be3b1cdf3ba8c3"",""evidence"":{""status"":""full_review_3315"",""prior_evidence"":{""report"":""manifests/story_quality_semantic_batch03_20261001_evidence.json.gz"",""jp_blob"":""c704d2e1cb425bb5ff831721c4be3b1cdf3ba8c3"",""body_fingerprint"":""28c082b19e89a9285eab740fb4c7380d8b36baf88c68ec5c4d272dda5b7c4b11"",""source_CN_blob"":""e7009a96cf1c88e00c798e193b18c687603f8bc7"",""reviewed_CN_fields"":44,""full_read"":true,""source_authorship_not_reclassified"":true},""body_fingerprint"":""28c082b19e89a9285eab740fb4c7380d8b36baf88c68ec5c4d272dda5b7c4b11""}}"
311062-2	"[""311062""]"	"[""第2话 只做梦的时间已经结束 夢を見るだけの時間は終わり""]"	magireco-translate-data-master/Scenarios_full/character_story/1106 - 梓美冬（童话ver.）（梓 みふゆ（おとぎ話ver.））/311062-2.json	True	True	after_20261001_takeover	59	b2b711bc657db866a873fb21320c372059744404	magireco-source-master/Scenarios_full/character_story/1106 - 梓美冬（童话ver.）（梓 みふゆ（おとぎ話ver.））/311062-2.json	f4727d98ccf2d061a68f6d5b6ad0eae60e915594	56	manifests/story_quality_semantic_batch03_20261001_evidence.json.gz		[3315]	"{""path"":""magireco-translate-data-master/Scenarios_full/character_story/1106 - 梓美冬（童话ver.）（梓 みふゆ（おとぎ話ver.））/311062-2.json"",""cn_blob"":""b2b711bc657db866a873fb21320c372059744404"",""jp_path"":""magireco-source-master/Scenarios_full/character_story/1106 - 梓美冬（童话ver.）（梓 みふゆ（おとぎ話ver.））/311062-2.json"",""jp_blob"":""f4727d98ccf2d061a68f6d5b6ad0eae60e915594"",""evidence"":{""status"":""full_review_3315"",""prior_evidence"":{""report"":""manifests/story_quality_semantic_batch03_20261001_evidence.json.gz"",""jp_blob"":""f4727d98ccf2d061a68f6d5b6ad0eae60e915594"",""body_fingerprint"":""283e31867e48ff4ea5a319edf4e7d4e8afc76fd44a110282c2e51dad7eb8cef4"",""source_CN_blob"":""52e4647f373e08ef075b0d80d172a1ccaa2f9326"",""reviewed_CN_fields"":59,""full_read"":true,""source_authorship_not_reclassified"":true},""body_fingerprint"":""283e31867e48ff4ea5a319edf4e7d4e8afc76fd44a110282c2e51dad7eb8cef4""}}"
311062-3	"[""311062""]"	"[""第2话 只做梦的时间已经结束 夢を見るだけの時間は終わり""]"	magireco-translate-data-master/Scenarios_full/character_story/1106 - 梓美冬（童话ver.）（梓 みふゆ（おとぎ話ver.））/311062-3.json	True	True	after_20261001_takeover	36	37d3445e1512f3dd063342f080c8c2774d64f014	magireco-source-master/Scenarios_full/character_story/1106 - 梓美冬（童话ver.）（梓 みふゆ（おとぎ話ver.））/311062-3.json	9da790d9c8a52b493c250b78b2dfcbfded4483d3	34	manifests/story_quality_semantic_batch03_20261001_evidence.json.gz		[3315]	"{""path"":""magireco-translate-data-master/Scenarios_full/character_story/1106 - 梓美冬（童话ver.）（梓 みふゆ（おとぎ話ver.））/311062-3.json"",""cn_blob"":""37d3445e1512f3dd063342f080c8c2774d64f014"",""jp_path"":""magireco-source-master/Scenarios_full/character_story/1106 - 梓美冬（童话ver.）（梓 みふゆ（おとぎ話ver.））/311062-3.json"",""jp_blob"":""9da790d9c8a52b493c250b78b2dfcbfded4483d3"",""evidence"":{""status"":""full_review_3315"",""prior_evidence"":{""report"":""manifests/story_quality_semantic_batch03_20261001_evidence.json.gz"",""jp_blob"":""9da790d9c8a52b493c250b78b2dfcbfded4483d3"",""body_fingerprint"":""18eee22e66dd529df217c9593aac97fba4577edd4026947a5a23fc68f0323acc"",""source_CN_blob"":""e9991394b4e0c17d4a348b3e6c0afa3c100ab5f0"",""reviewed_CN_fields"":36,""full_read"":true,""source_authorship_not_reclassified"":true},""body_fingerprint"":""18eee22e66dd529df217c9593aac97fba4577edd4026947a5a23fc68f0323acc""}}"
311062-4	"[""311062""]"	"[""第2话 只做梦的时间已经结束 夢を見るだけの時間は終わり""]"	magireco-translate-data-master/Scenarios_full/character_story/1106 - 梓美冬（童话ver.）（梓 みふゆ（おとぎ話ver.））/311062-4.json	True	True	after_20261001_takeover	37	d0da569aad0b0ef744a85950a91eb689a855a6cd	magireco-source-master/Scenarios_full/character_story/1106 - 梓美冬（童话ver.）（梓 みふゆ（おとぎ話ver.））/311062-4.json	b1ef8e8bf0c30a2308fc15ea356289cdf72904ce	33	manifests/story_quality_semantic_batch03_20261001_evidence.json.gz		[3315]	"{""path"":""magireco-translate-data-master/Scenarios_full/character_story/1106 - 梓美冬（童话ver.）（梓 みふゆ（おとぎ話ver.））/311062-4.json"",""cn_blob"":""d0da569aad0b0ef744a85950a91eb689a855a6cd"",""jp_path"":""magireco-source-master/Scenarios_full/character_story/1106 - 梓美冬（童话ver.）（梓 みふゆ（おとぎ話ver.））/311062-4.json"",""jp_blob"":""b1ef8e8bf0c30a2308fc15ea356289cdf72904ce"",""evidence"":{""status"":""full_review_3315"",""prior_evidence"":{""report"":""manifests/story_quality_semantic_batch03_20261001_evidence.json.gz"",""jp_blob"":""b1ef8e8bf0c30a2308fc15ea356289cdf72904ce"",""body_fingerprint"":""1bf030cc0bd08f082f9384a6ce89ac17eca911a10473b2b3656eee2cfcd93dd9"",""source_CN_blob"":""3adebcad12b4fbb4f6cf57606d817cf6ebcf60cc"",""reviewed_CN_fields"":37,""full_read"":true,""source_authorship_not_reclassified"":true},""body_fingerprint"":""1bf030cc0bd08f082f9384a6ce89ac17eca911a10473b2b3656eee2cfcd93dd9""}}"
311063-1	"[""311063""]"	"[""第3话 不舍弃梦想与理想 夢も理想も失わず""]"	magireco-translate-data-master/Scenarios_full/character_story/1106 - 梓美冬（童话ver.）（梓 みふゆ（おとぎ話ver.））/311063-1.json	True	True	after_20261001_takeover	49	a76bfcbfc87fd11fcea3abbf80e3ed6512774dde	magireco-source-master/Scenarios_full/character_story/1106 - 梓美冬（童话ver.）（梓 みふゆ（おとぎ話ver.））/311063-1.json	212ac4eabc3450c23a1b88208acd4c899b100a56	46	manifests/story_quality_semantic_batch03_20261001_evidence.json.gz		[3315]	"{""path"":""magireco-translate-data-master/Scenarios_full/character_story/1106 - 梓美冬（童话ver.）（梓 みふゆ（おとぎ話ver.））/311063-1.json"",""cn_blob"":""a76bfcbfc87fd11fcea3abbf80e3ed6512774dde"",""jp_path"":""magireco-source-master/Scenarios_full/character_story/1106 - 梓美冬（童话ver.）（梓 みふゆ（おとぎ話ver.））/311063-1.json"",""jp_blob"":""212ac4eabc3450c23a1b88208acd4c899b100a56"",""evidence"":{""status"":""full_review_3315"",""prior_evidence"":{""report"":""manifests/story_quality_semantic_batch03_20261001_evidence.json.gz"",""jp_blob"":""212ac4eabc3450c23a1b88208acd4c899b100a56"",""body_fingerprint"":""4417fded69b7f5cfc67e73206118ecbb285f008a092ff178248df936b392291c"",""source_CN_blob"":""7fa4f1920d5366711bc274ff200df1ae3691a605"",""reviewed_CN_fields"":49,""full_read"":true,""source_authorship_not_reclassified"":true},""body_fingerprint"":""4417fded69b7f5cfc67e73206118ecbb285f008a092ff178248df936b392291c""}}"
311063-2	"[""311063""]"	"[""第3话 不舍弃梦想与理想 夢も理想も失わず""]"	magireco-translate-data-master/Scenarios_full/character_story/1106 - 梓美冬（童话ver.）（梓 みふゆ（おとぎ話ver.））/311063-2.json	True	True	after_20261001_takeover	30	ee314d36cd6ed3fe1a703fd85cf61f51df878bfe	magireco-source-master/Scenarios_full/character_story/1106 - 梓美冬（童话ver.）（梓 みふゆ（おとぎ話ver.））/311063-2.json	3785c41716a33dcff5ebd8c6cd335271ec833bd1	27	manifests/story_quality_semantic_batch03_20261001_evidence.json.gz		[3315]	"{""path"":""magireco-translate-data-master/Scenarios_full/character_story/1106 - 梓美冬（童话ver.）（梓 みふゆ（おとぎ話ver.））/311063-2.json"",""cn_blob"":""ee314d36cd6ed3fe1a703fd85cf61f51df878bfe"",""jp_path"":""magireco-source-master/Scenarios_full/character_story/1106 - 梓美冬（童话ver.）（梓 みふゆ（おとぎ話ver.））/311063-2.json"",""jp_blob"":""3785c41716a33dcff5ebd8c6cd335271ec833bd1"",""evidence"":{""status"":""full_review_3315"",""prior_evidence"":{""report"":""manifests/story_quality_semantic_batch03_20261001_evidence.json.gz"",""jp_blob"":""3785c41716a33dcff5ebd8c6cd335271ec833bd1"",""body_fingerprint"":""66ebcca7b4da92d8dd43901906bf46c2ec14ca4c64033dbffae6b16978e8033f"",""source_CN_blob"":""c071b76d4042698031e42a65077524364b440c1e"",""reviewed_CN_fields"":30,""full_read"":true,""source_authorship_not_reclassified"":true},""body_fingerprint"":""66ebcca7b4da92d8dd43901906bf46c2ec14ca4c64033dbffae6b16978e8033f""}}"
311063-3	"[""311063""]"	"[""第3话 不舍弃梦想与理想 夢も理想も失わず""]"	magireco-translate-data-master/Scenarios_full/character_story/1106 - 梓美冬（童话ver.）（梓 みふゆ（おとぎ話ver.））/311063-3.json	True	True	after_20261001_takeover	48	7baf1e0d487295cfc728e5fc539324a917d4126d	magireco-source-master/Scenarios_full/character_story/1106 - 梓美冬（童话ver.）（梓 みふゆ（おとぎ話ver.））/311063-3.json	bd351403154a287f8fd101ff6e3d3eae826206b1	43	manifests/story_quality_semantic_batch03_20261001_evidence.json.gz		[3315]	"{""path"":""magireco-translate-data-master/Scenarios_full/character_story/1106 - 梓美冬（童话ver.）（梓 みふゆ（おとぎ話ver.））/311063-3.json"",""cn_blob"":""7baf1e0d487295cfc728e5fc539324a917d4126d"",""jp_path"":""magireco-source-master/Scenarios_full/character_story/1106 - 梓美冬（童话ver.）（梓 みふゆ（おとぎ話ver.））/311063-3.json"",""jp_blob"":""bd351403154a287f8fd101ff6e3d3eae826206b1"",""evidence"":{""status"":""full_review_3315"",""prior_evidence"":{""report"":""manifests/story_quality_semantic_batch03_20261001_evidence.json.gz"",""jp_blob"":""bd351403154a287f8fd101ff6e3d3eae826206b1"",""body_fingerprint"":""81781c94331730ab0844f91aa2aae95887b5880d5136a65d1d8124bcebd7257c"",""source_CN_blob"":""34db93d31913457759b86b6824b6cdc98a63803c"",""reviewed_CN_fields"":48,""full_read"":true,""source_authorship_not_reclassified"":true},""body_fingerprint"":""81781c94331730ab0844f91aa2aae95887b5880d5136a65d1d8124bcebd7257c""}}"
311063-4	"[""311063""]"	"[""第3话 不舍弃梦想与理想 夢も理想も失わず""]"	magireco-translate-data-master/Scenarios_full/character_story/1106 - 梓美冬（童话ver.）（梓 みふゆ（おとぎ話ver.））/311063-4.json	True	True	after_20261001_takeover	48	df188c90f5d7e18e59d25783cf85ab44867991b3	magireco-source-master/Scenarios_full/character_story/1106 - 梓美冬（童话ver.）（梓 みふゆ（おとぎ話ver.））/311063-4.json	cde595f444aee5c10291deee1b44ef766c2f8404	37	manifests/story_quality_semantic_batch03_20261001_evidence.json.gz		[3315]	"{""path"":""magireco-translate-data-master/Scenarios_full/character_story/1106 - 梓美冬（童话ver.）（梓 みふゆ（おとぎ話ver.））/311063-4.json"",""cn_blob"":""df188c90f5d7e18e59d25783cf85ab44867991b3"",""jp_path"":""magireco-source-master/Scenarios_full/character_story/1106 - 梓美冬（童话ver.）（梓 みふゆ（おとぎ話ver.））/311063-4.json"",""jp_blob"":""cde595f444aee5c10291deee1b44ef766c2f8404"",""evidence"":{""status"":""full_review_3315"",""prior_evidence"":{""report"":""manifests/story_quality_semantic_batch03_20261001_evidence.json.gz"",""jp_blob"":""cde595f444aee5c10291deee1b44ef766c2f8404"",""body_fingerprint"":""997a7e34e3303a3dcee9b2a77754bdfef745c7347a7ba14d37b8d00c1e355325"",""source_CN_blob"":""c9815ec92e148de26c633f3b48e5ea7aa0c56c64"",""reviewed_CN_fields"":48,""full_read"":true,""source_authorship_not_reclassified"":true},""body_fingerprint"":""997a7e34e3303a3dcee9b2a77754bdfef745c7347a7ba14d37b8d00c1e355325""}}"
311071-1	"[""311071""]"	"[""第1话 明明想独自占有 独り占めしたいのに""]"	magireco-translate-data-master/Scenarios_full/character_story/1107 - 灯花·音梦（圣夜ver.）（灯花・ねむ（聖夜ver.））/311071-1.json	True	True	after_20261001_takeover	64	002f793bb0d967564a7cee4139602acc158d0a0c	magireco-source-master/Scenarios_full/character_story/1107 - 灯花·音梦（圣夜ver.）（灯花・ねむ（聖夜ver.））/311071-1.json	d0732949a394f3cee10092d4025a39a14f18b489	55	manifests/story_quality_semantic_batch06_ai_only_20261002_evidence.json.gz	0d04f7adc9db140a1f7fac1183c5d346353b7899	[3318]	"{""path"":""magireco-translate-data-master/Scenarios_full/character_story/1107 - 灯花·音梦（圣夜ver.）（灯花・ねむ（聖夜ver.））/311071-1.json"",""cn_blob"":""002f793bb0d967564a7cee4139602acc158d0a0c"",""jp_path"":""magireco-source-master/Scenarios_full/character_story/1107 - 灯花·音梦（圣夜ver.）（灯花・ねむ（聖夜ver.））/311071-1.json"",""jp_blob"":""d0732949a394f3cee10092d4025a39a14f18b489"",""evidence"":{""batch"":""20261002-semantic-batch06-ai-only"",""source_commit"":""0d04f7adc9db140a1f7fac1183c5d346353b7899"",""report"":""manifests/story_quality_semantic_batch06_ai_only_20261002_evidence.json.gz"",""script_id"":""311071-1"",""full_fields"":64}}"
311071-2	"[""311071""]"	"[""第1话 明明想独自占有 独り占めしたいのに""]"	magireco-translate-data-master/Scenarios_full/character_story/1107 - 灯花·音梦（圣夜ver.）（灯花・ねむ（聖夜ver.））/311071-2.json	True	True	after_20261001_takeover	55	1a77e8ca47d3efe3636e18f39d9c0d893a39251e	magireco-source-master/Scenarios_full/character_story/1107 - 灯花·音梦（圣夜ver.）（灯花・ねむ（聖夜ver.））/311071-2.json	192faa881cc2b4edc19f2aeaaa2675587f7c5048	41	manifests/story_quality_semantic_batch06_ai_only_20261002_evidence.json.gz	0d04f7adc9db140a1f7fac1183c5d346353b7899	[3318]	"{""path"":""magireco-translate-data-master/Scenarios_full/character_story/1107 - 灯花·音梦（圣夜ver.）（灯花・ねむ（聖夜ver.））/311071-2.json"",""cn_blob"":""1a77e8ca47d3efe3636e18f39d9c0d893a39251e"",""jp_path"":""magireco-source-master/Scenarios_full/character_story/1107 - 灯花·音梦（圣夜ver.）（灯花・ねむ（聖夜ver.））/311071-2.json"",""jp_blob"":""192faa881cc2b4edc19f2aeaaa2675587f7c5048"",""evidence"":{""batch"":""20261002-semantic-batch06-ai-only"",""source_commit"":""0d04f7adc9db140a1f7fac1183c5d346353b7899"",""report"":""manifests/story_quality_semantic_batch06_ai_only_20261002_evidence.json.gz"",""script_id"":""311071-2"",""full_fields"":55}}"
311071-3	"[""311071""]"	"[""第1话 明明想独自占有 独り占めしたいのに""]"	magireco-translate-data-master/Scenarios_full/character_story/1107 - 灯花·音梦（圣夜ver.）（灯花・ねむ（聖夜ver.））/311071-3.json	True	True	after_20261001_takeover	52	e4b7ac6ad4b30cc20b64225db8ced324e93e0fa2	magireco-source-master/Scenarios_full/character_story/1107 - 灯花·音梦（圣夜ver.）（灯花・ねむ（聖夜ver.））/311071-3.json	33375adf29b2761c61983ad339dd5b4381a8e20f	40	manifests/story_quality_semantic_batch06_ai_only_20261002_evidence.json.gz	0d04f7adc9db140a1f7fac1183c5d346353b7899	[3318]	"{""path"":""magireco-translate-data-master/Scenarios_full/character_story/1107 - 灯花·音梦（圣夜ver.）（灯花・ねむ（聖夜ver.））/311071-3.json"",""cn_blob"":""e4b7ac6ad4b30cc20b64225db8ced324e93e0fa2"",""jp_path"":""magireco-source-master/Scenarios_full/character_story/1107 - 灯花·音梦（圣夜ver.）（灯花・ねむ（聖夜ver.））/311071-3.json"",""jp_blob"":""33375adf29b2761c61983ad339dd5b4381a8e20f"",""evidence"":{""batch"":""20261002-semantic-batch06-ai-only"",""source_commit"":""0d04f7adc9db140a1f7fac1183c5d346353b7899"",""report"":""manifests/story_quality_semantic_batch06_ai_only_20261002_evidence.json.gz"",""script_id"":""311071-3"",""full_fields"":52}}"
311071-4	"[""311071""]"	"[""第1话 明明想独自占有 独り占めしたいのに""]"	magireco-translate-data-master/Scenarios_full/character_story/1107 - 灯花·音梦（圣夜ver.）（灯花・ねむ（聖夜ver.））/311071-4.json	True	True	after_20261001_takeover	52	a2f31a70d908fdeb4a9f7308066dd72fa78481d3	magireco-source-master/Scenarios_full/character_story/1107 - 灯花·音梦（圣夜ver.）（灯花・ねむ（聖夜ver.））/311071-4.json	b77c808bff5b2dc32202ad032ebb67cddad2ace2	39	manifests/story_quality_semantic_batch06_ai_only_20261002_evidence.json.gz	0d04f7adc9db140a1f7fac1183c5d346353b7899	[3318]	"{""path"":""magireco-translate-data-master/Scenarios_full/character_story/1107 - 灯花·音梦（圣夜ver.）（灯花・ねむ（聖夜ver.））/311071-4.json"",""cn_blob"":""a2f31a70d908fdeb4a9f7308066dd72fa78481d3"",""jp_path"":""magireco-source-master/Scenarios_full/character_story/1107 - 灯花·音梦（圣夜ver.）（灯花・ねむ（聖夜ver.））/311071-4.json"",""jp_blob"":""b77c808bff5b2dc32202ad032ebb67cddad2ace2"",""evidence"":{""batch"":""20261002-semantic-batch06-ai-only"",""source_commit"":""0d04f7adc9db140a1f7fac1183c5d346353b7899"",""report"":""manifests/story_quality_semantic_batch06_ai_only_20261002_evidence.json.gz"",""script_id"":""311071-4"",""full_fields"":52}}"
311072-1	"[""311072""]"	"[""第2话 初次萌生的感情 初めての感情""]"	magireco-translate-data-master/Scenarios_full/character_story/1107 - 灯花·音梦（圣夜ver.）（灯花・ねむ（聖夜ver.））/311072-1.json	True	True	after_20261001_takeover	62	6efaf65d80f9f91e84f13e261c6872d55f9ac230	magireco-source-master/Scenarios_full/character_story/1107 - 灯花·音梦（圣夜ver.）（灯花・ねむ（聖夜ver.））/311072-1.json	af6c8d77ebc5e4a160eb61149a310a4b9c8fee5f	49	manifests/story_quality_semantic_batch06_ai_only_20261002_evidence.json.gz	0d04f7adc9db140a1f7fac1183c5d346353b7899	[3318]	"{""path"":""magireco-translate-data-master/Scenarios_full/character_story/1107 - 灯花·音梦（圣夜ver.）（灯花・ねむ（聖夜ver.））/311072-1.json"",""cn_blob"":""6efaf65d80f9f91e84f13e261c6872d55f9ac230"",""jp_path"":""magireco-source-master/Scenarios_full/character_story/1107 - 灯花·音梦（圣夜ver.）（灯花・ねむ（聖夜ver.））/311072-1.json"",""jp_blob"":""af6c8d77ebc5e4a160eb61149a310a4b9c8fee5f"",""evidence"":{""batch"":""20261002-semantic-batch06-ai-only"",""source_commit"":""0d04f7adc9db140a1f7fac1183c5d346353b7899"",""report"":""manifests/story_quality_semantic_batch06_ai_only_20261002_evidence.json.gz"",""script_id"":""311072-1"",""full_fields"":62}}"
311072-2	"[""311072""]"	"[""第2话 初次萌生的感情 初めての感情""]"	magireco-translate-data-master/Scenarios_full/character_story/1107 - 灯花·音梦（圣夜ver.）（灯花・ねむ（聖夜ver.））/311072-2.json	True	True	after_20261001_takeover	51	b2fd78cfcd02ef78e35ebc11cb05e9d2180650b3	magireco-source-master/Scenarios_full/character_story/1107 - 灯花·音梦（圣夜ver.）（灯花・ねむ（聖夜ver.））/311072-2.json	13c1dcd6e6440c59adec906ad97f889ab4554f60	41	manifests/story_quality_semantic_batch06_ai_only_20261002_evidence.json.gz	0d04f7adc9db140a1f7fac1183c5d346353b7899	[3318]	"{""path"":""magireco-translate-data-master/Scenarios_full/character_story/1107 - 灯花·音梦（圣夜ver.）（灯花・ねむ（聖夜ver.））/311072-2.json"",""cn_blob"":""b2fd78cfcd02ef78e35ebc11cb05e9d2180650b3"",""jp_path"":""magireco-source-master/Scenarios_full/character_story/1107 - 灯花·音梦（圣夜ver.）（灯花・ねむ（聖夜ver.））/311072-2.json"",""jp_blob"":""13c1dcd6e6440c59adec906ad97f889ab4554f60"",""evidence"":{""batch"":""20261002-semantic-batch06-ai-only"",""source_commit"":""0d04f7adc9db140a1f7fac1183c5d346353b7899"",""report"":""manifests/story_quality_semantic_batch06_ai_only_20261002_evidence.json.gz"",""script_id"":""311072-2"",""full_fields"":51}}"
311072-3	"[""311072""]"	"[""第2话 初次萌生的感情 初めての感情""]"	magireco-translate-data-master/Scenarios_full/character_story/1107 - 灯花·音梦（圣夜ver.）（灯花・ねむ（聖夜ver.））/311072-3.json	True	True	after_20261001_takeover	55	4ad9ff2649dc4d5b80e66d6a0c290b7e5a9a1308	magireco-source-master/Scenarios_full/character_story/1107 - 灯花·音梦（圣夜ver.）（灯花・ねむ（聖夜ver.））/311072-3.json	aaaada31e3d036a55219cb7064403bdebe7cfbc4	45	manifests/story_quality_semantic_batch06_ai_only_20261002_evidence.json.gz	0d04f7adc9db140a1f7fac1183c5d346353b7899	[3318]	"{""path"":""magireco-translate-data-master/Scenarios_full/character_story/1107 - 灯花·音梦（圣夜ver.）（灯花・ねむ（聖夜ver.））/311072-3.json"",""cn_blob"":""4ad9ff2649dc4d5b80e66d6a0c290b7e5a9a1308"",""jp_path"":""magireco-source-master/Scenarios_full/character_story/1107 - 灯花·音梦（圣夜ver.）（灯花・ねむ（聖夜ver.））/311072-3.json"",""jp_blob"":""aaaada31e3d036a55219cb7064403bdebe7cfbc4"",""evidence"":{""batch"":""20261002-semantic-batch06-ai-only"",""source_commit"":""0d04f7adc9db140a1f7fac1183c5d346353b7899"",""report"":""manifests/story_quality_semantic_batch06_ai_only_20261002_evidence.json.gz"",""script_id"":""311072-3"",""full_fields"":55}}"
311072-4	"[""311072""]"	"[""第2话 初次萌生的感情 初めての感情""]"	magireco-translate-data-master/Scenarios_full/character_story/1107 - 灯花·音梦（圣夜ver.）（灯花・ねむ（聖夜ver.））/311072-4.json	True	True	after_20261001_takeover	49	7a2d3df5290e28b32ddd4ada795c6d81029b48fc	magireco-source-master/Scenarios_full/character_story/1107 - 灯花·音梦（圣夜ver.）（灯花・ねむ（聖夜ver.））/311072-4.json	71221f85cc6e6c998a0b611f2ea314b84a46b5f1	37	manifests/story_quality_semantic_batch06_ai_only_20261002_evidence.json.gz	0d04f7adc9db140a1f7fac1183c5d346353b7899	[3318]	"{""path"":""magireco-translate-data-master/Scenarios_full/character_story/1107 - 灯花·音梦（圣夜ver.）（灯花・ねむ（聖夜ver.））/311072-4.json"",""cn_blob"":""7a2d3df5290e28b32ddd4ada795c6d81029b48fc"",""jp_path"":""magireco-source-master/Scenarios_full/character_story/1107 - 灯花·音梦（圣夜ver.）（灯花・ねむ（聖夜ver.））/311072-4.json"",""jp_blob"":""71221f85cc6e6c998a0b611f2ea314b84a46b5f1"",""evidence"":{""batch"":""20261002-semantic-batch06-ai-only"",""source_commit"":""0d04f7adc9db140a1f7fac1183c5d346353b7899"",""report"":""manifests/story_quality_semantic_batch06_ai_only_20261002_evidence.json.gz"",""script_id"":""311072-4"",""full_fields"":49}}"
311073-1	"[""311073""]"	"[""第3话 发自内心的礼物 心からの贈り物""]"	magireco-translate-data-master/Scenarios_full/character_story/1107 - 灯花·音梦（圣夜ver.）（灯花・ねむ（聖夜ver.））/311073-1.json	True	True	after_20261001_takeover	66	a8076ebc6a73943787967622879c57d65131c28a	magireco-source-master/Scenarios_full/character_story/1107 - 灯花·音梦（圣夜ver.）（灯花・ねむ（聖夜ver.））/311073-1.json	40339cee8a2a083965e4ef2f236242602494728a	52	manifests/story_quality_semantic_batch06_ai_only_20261002_evidence.json.gz	0d04f7adc9db140a1f7fac1183c5d346353b7899	[3318]	"{""path"":""magireco-translate-data-master/Scenarios_full/character_story/1107 - 灯花·音梦（圣夜ver.）（灯花・ねむ（聖夜ver.））/311073-1.json"",""cn_blob"":""a8076ebc6a73943787967622879c57d65131c28a"",""jp_path"":""magireco-source-master/Scenarios_full/character_story/1107 - 灯花·音梦（圣夜ver.）（灯花・ねむ（聖夜ver.））/311073-1.json"",""jp_blob"":""40339cee8a2a083965e4ef2f236242602494728a"",""evidence"":{""batch"":""20261002-semantic-batch06-ai-only"",""source_commit"":""0d04f7adc9db140a1f7fac1183c5d346353b7899"",""report"":""manifests/story_quality_semantic_batch06_ai_only_20261002_evidence.json.gz"",""script_id"":""311073-1"",""full_fields"":66}}"
311073-2	"[""311073""]"	"[""第3话 发自内心的礼物 心からの贈り物""]"	magireco-translate-data-master/Scenarios_full/character_story/1107 - 灯花·音梦（圣夜ver.）（灯花・ねむ（聖夜ver.））/311073-2.json	True	True	after_20261001_takeover	76	3365e42203cfca105b754395161993b5dcece4f4	magireco-source-master/Scenarios_full/character_story/1107 - 灯花·音梦（圣夜ver.）（灯花・ねむ（聖夜ver.））/311073-2.json	4c28b7a30e9293f3d8e78f3a21a2d389229cc154	56	manifests/story_quality_semantic_batch06_ai_only_20261002_evidence.json.gz	0d04f7adc9db140a1f7fac1183c5d346353b7899	[3318]	"{""path"":""magireco-translate-data-master/Scenarios_full/character_story/1107 - 灯花·音梦（圣夜ver.）（灯花・ねむ（聖夜ver.））/311073-2.json"",""cn_blob"":""3365e42203cfca105b754395161993b5dcece4f4"",""jp_path"":""magireco-source-master/Scenarios_full/character_story/1107 - 灯花·音梦（圣夜ver.）（灯花・ねむ（聖夜ver.））/311073-2.json"",""jp_blob"":""4c28b7a30e9293f3d8e78f3a21a2d389229cc154"",""evidence"":{""batch"":""20261002-semantic-batch06-ai-only"",""source_commit"":""0d04f7adc9db140a1f7fac1183c5d346353b7899"",""report"":""manifests/story_quality_semantic_batch06_ai_only_20261002_evidence.json.gz"",""script_id"":""311073-2"",""full_fields"":76}}"
311073-3	"[""311073""]"	"[""第3话 发自内心的礼物 心からの贈り物""]"	magireco-translate-data-master/Scenarios_full/character_story/1107 - 灯花·音梦（圣夜ver.）（灯花・ねむ（聖夜ver.））/311073-3.json	True	True	after_20261001_takeover	81	c6d48baed31393006ab7c45b4d806cf2163ee7ee	magireco-source-master/Scenarios_full/character_story/1107 - 灯花·音梦（圣夜ver.）（灯花・ねむ（聖夜ver.））/311073-3.json	14342b21bc72aa16fbcff9d81eb96af8c920e984	71	manifests/story_quality_semantic_batch06_ai_only_20261002_evidence.json.gz	0d04f7adc9db140a1f7fac1183c5d346353b7899	[3318]	"{""path"":""magireco-translate-data-master/Scenarios_full/character_story/1107 - 灯花·音梦（圣夜ver.）（灯花・ねむ（聖夜ver.））/311073-3.json"",""cn_blob"":""c6d48baed31393006ab7c45b4d806cf2163ee7ee"",""jp_path"":""magireco-source-master/Scenarios_full/character_story/1107 - 灯花·音梦（圣夜ver.）（灯花・ねむ（聖夜ver.））/311073-3.json"",""jp_blob"":""14342b21bc72aa16fbcff9d81eb96af8c920e984"",""evidence"":{""batch"":""20261002-semantic-batch06-ai-only"",""source_commit"":""0d04f7adc9db140a1f7fac1183c5d346353b7899"",""report"":""manifests/story_quality_semantic_batch06_ai_only_20261002_evidence.json.gz"",""script_id"":""311073-3"",""full_fields"":81}}"
311073-4	"[""311073""]"	"[""第3话 发自内心的礼物 心からの贈り物""]"	magireco-translate-data-master/Scenarios_full/character_story/1107 - 灯花·音梦（圣夜ver.）（灯花・ねむ（聖夜ver.））/311073-4.json	True	True	after_20261001_takeover	66	7d654b9e47fc54f0bafafab214cb8d0f2ea9dcf1	magireco-source-master/Scenarios_full/character_story/1107 - 灯花·音梦（圣夜ver.）（灯花・ねむ（聖夜ver.））/311073-4.json	60ad5050a136ff3c1491c43a413a673c6d45c7c3	56	manifests/story_quality_semantic_batch06_ai_only_20261002_evidence.json.gz	0d04f7adc9db140a1f7fac1183c5d346353b7899	[3318]	"{""path"":""magireco-translate-data-master/Scenarios_full/character_story/1107 - 灯花·音梦（圣夜ver.）（灯花・ねむ（聖夜ver.））/311073-4.json"",""cn_blob"":""7d654b9e47fc54f0bafafab214cb8d0f2ea9dcf1"",""jp_path"":""magireco-source-master/Scenarios_full/character_story/1107 - 灯花·音梦（圣夜ver.）（灯花・ねむ（聖夜ver.））/311073-4.json"",""jp_blob"":""60ad5050a136ff3c1491c43a413a673c6d45c7c3"",""evidence"":{""batch"":""20261002-semantic-batch06-ai-only"",""source_commit"":""0d04f7adc9db140a1f7fac1183c5d346353b7899"",""report"":""manifests/story_quality_semantic_batch06_ai_only_20261002_evidence.json.gz"",""script_id"":""311073-4"",""full_fields"":66}}"
311101-1	"[""311101""]"	"[""第1话 本应忘却的感情 忘れたはずの感情""]"	magireco-translate-data-master/Scenarios_full/character_story/1110 - 十咎桃子（修女ver.）（十咎 ももこ（シスターver.））/311101-1.json	True	True	after_20261001_takeover	39	bbe24f4afc5156558f4ccbcdd04beffd1022c863	magireco-source-master/Scenarios_full/character_story/1110 - 十咎桃子（修女ver.）（十咎 ももこ（シスターver.））/311101-1.json	9a4f5f2633c864d561592966456da244845d65df	34	manifests/story_quality_semantic_batch06_ai_only_20261002_evidence.json.gz	0d04f7adc9db140a1f7fac1183c5d346353b7899	[3318]	"{""path"":""magireco-translate-data-master/Scenarios_full/character_story/1110 - 十咎桃子（修女ver.）（十咎 ももこ（シスターver.））/311101-1.json"",""cn_blob"":""bbe24f4afc5156558f4ccbcdd04beffd1022c863"",""jp_path"":""magireco-source-master/Scenarios_full/character_story/1110 - 十咎桃子（修女ver.）（十咎 ももこ（シスターver.））/311101-1.json"",""jp_blob"":""9a4f5f2633c864d561592966456da244845d65df"",""evidence"":{""batch"":""20261002-semantic-batch06-ai-only"",""source_commit"":""0d04f7adc9db140a1f7fac1183c5d346353b7899"",""report"":""manifests/story_quality_semantic_batch06_ai_only_20261002_evidence.json.gz"",""script_id"":""311101-1"",""full_fields"":39}}"
311101-2	"[""311101""]"	"[""第1话 本应忘却的感情 忘れたはずの感情""]"	magireco-translate-data-master/Scenarios_full/character_story/1110 - 十咎桃子（修女ver.）（十咎 ももこ（シスターver.））/311101-2.json	True	True	after_20261001_takeover	39	acdb13c0981e0a16423afe93ee58927e23f382cb	magireco-source-master/Scenarios_full/character_story/1110 - 十咎桃子（修女ver.）（十咎 ももこ（シスターver.））/311101-2.json	4f30eef6c915a167e0baf9078f6d35a12679c4eb	29	manifests/story_quality_semantic_batch06_ai_only_20261002_evidence.json.gz	0d04f7adc9db140a1f7fac1183c5d346353b7899	[3318]	"{""path"":""magireco-translate-data-master/Scenarios_full/character_story/1110 - 十咎桃子（修女ver.）（十咎 ももこ（シスターver.））/311101-2.json"",""cn_blob"":""acdb13c0981e0a16423afe93ee58927e23f382cb"",""jp_path"":""magireco-source-master/Scenarios_full/character_story/1110 - 十咎桃子（修女ver.）（十咎 ももこ（シスターver.））/311101-2.json"",""jp_blob"":""4f30eef6c915a167e0baf9078f6d35a12679c4eb"",""evidence"":{""batch"":""20261002-semantic-batch06-ai-only"",""source_commit"":""0d04f7adc9db140a1f7fac1183c5d346353b7899"",""report"":""manifests/story_quality_semantic_batch06_ai_only_20261002_evidence.json.gz"",""script_id"":""311101-2"",""full_fields"":39}}"
311101-3	"[""311101""]"	"[""第1话 本应忘却的感情 忘れたはずの感情""]"	magireco-translate-data-master/Scenarios_full/character_story/1110 - 十咎桃子（修女ver.）（十咎 ももこ（シスターver.））/311101-3.json	True	True	after_20261001_takeover	46	656421106dcd49a71d031075ecc9b35fa4ef766f	magireco-source-master/Scenarios_full/character_story/1110 - 十咎桃子（修女ver.）（十咎 ももこ（シスターver.））/311101-3.json	25ceda03e2ee934cedb5480667b21d4034f2b33e	44	manifests/story_quality_semantic_batch06_ai_only_20261002_evidence.json.gz	0d04f7adc9db140a1f7fac1183c5d346353b7899	[3318]	"{""path"":""magireco-translate-data-master/Scenarios_full/character_story/1110 - 十咎桃子（修女ver.）（十咎 ももこ（シスターver.））/311101-3.json"",""cn_blob"":""656421106dcd49a71d031075ecc9b35fa4ef766f"",""jp_path"":""magireco-source-master/Scenarios_full/character_story/1110 - 十咎桃子（修女ver.）（十咎 ももこ（シスターver.））/311101-3.json"",""jp_blob"":""25ceda03e2ee934cedb5480667b21d4034f2b33e"",""evidence"":{""batch"":""20261002-semantic-batch06-ai-only"",""source_commit"":""0d04f7adc9db140a1f7fac1183c5d346353b7899"",""report"":""manifests/story_quality_semantic_batch06_ai_only_20261002_evidence.json.gz"",""script_id"":""311101-3"",""full_fields"":46}}"
311101-4	"[""311101""]"	"[""第1话 本应忘却的感情 忘れたはずの感情""]"	magireco-translate-data-master/Scenarios_full/character_story/1110 - 十咎桃子（修女ver.）（十咎 ももこ（シスターver.））/311101-4.json	True	True	after_20261001_takeover	47	9f09b6887c088e87def81d4da540910be8eedb61	magireco-source-master/Scenarios_full/character_story/1110 - 十咎桃子（修女ver.）（十咎 ももこ（シスターver.））/311101-4.json	95a74bd6d8752373a375981d177479806f9bc61c	38	manifests/story_quality_semantic_batch06_ai_only_20261002_evidence.json.gz	0d04f7adc9db140a1f7fac1183c5d346353b7899	[3318]	"{""path"":""magireco-translate-data-master/Scenarios_full/character_story/1110 - 十咎桃子（修女ver.）（十咎 ももこ（シスターver.））/311101-4.json"",""cn_blob"":""9f09b6887c088e87def81d4da540910be8eedb61"",""jp_path"":""magireco-source-master/Scenarios_full/character_story/1110 - 十咎桃子（修女ver.）（十咎 ももこ（シスターver.））/311101-4.json"",""jp_blob"":""95a74bd6d8752373a375981d177479806f9bc61c"",""evidence"":{""batch"":""20261002-semantic-batch06-ai-only"",""source_commit"":""0d04f7adc9db140a1f7fac1183c5d346353b7899"",""report"":""manifests/story_quality_semantic_batch06_ai_only_20261002_evidence.json.gz"",""script_id"":""311101-4"",""full_fields"":47}}"
311102-1	"[""311102""]"	"[""第2话 本应斩断的留恋 断ち切ったはずの未練""]"	magireco-translate-data-master/Scenarios_full/character_story/1110 - 十咎桃子（修女ver.）（十咎 ももこ（シスターver.））/311102-1.json	True	True	after_20261001_takeover	32	9e145ca23b3f9e13bdf1cf1a4825a52824d23cd6	magireco-source-master/Scenarios_full/character_story/1110 - 十咎桃子（修女ver.）（十咎 ももこ（シスターver.））/311102-1.json	d4f4379cbfa7102dd07742eb585786fa59087d03	27	manifests/story_quality_semantic_batch06_ai_only_20261002_evidence.json.gz	0d04f7adc9db140a1f7fac1183c5d346353b7899	[3318]	"{""path"":""magireco-translate-data-master/Scenarios_full/character_story/1110 - 十咎桃子（修女ver.）（十咎 ももこ（シスターver.））/311102-1.json"",""cn_blob"":""9e145ca23b3f9e13bdf1cf1a4825a52824d23cd6"",""jp_path"":""magireco-source-master/Scenarios_full/character_story/1110 - 十咎桃子（修女ver.）（十咎 ももこ（シスターver.））/311102-1.json"",""jp_blob"":""d4f4379cbfa7102dd07742eb585786fa59087d03"",""evidence"":{""batch"":""20261002-semantic-batch06-ai-only"",""source_commit"":""0d04f7adc9db140a1f7fac1183c5d346353b7899"",""report"":""manifests/story_quality_semantic_batch06_ai_only_20261002_evidence.json.gz"",""script_id"":""311102-1"",""full_fields"":32}}"
311102-2	"[""311102""]"	"[""第2话 本应斩断的留恋 断ち切ったはずの未練""]"	magireco-translate-data-master/Scenarios_full/character_story/1110 - 十咎桃子（修女ver.）（十咎 ももこ（シスターver.））/311102-2.json	True	True	after_20261001_takeover	35	bd956ef84807444d9ba96494c2708c2957e42368	magireco-source-master/Scenarios_full/character_story/1110 - 十咎桃子（修女ver.）（十咎 ももこ（シスターver.））/311102-2.json	173623d12f068ef961f9e3d0c884c869b60e81de	30	manifests/story_quality_semantic_batch06_ai_only_20261002_evidence.json.gz	0d04f7adc9db140a1f7fac1183c5d346353b7899	[3318]	"{""path"":""magireco-translate-data-master/Scenarios_full/character_story/1110 - 十咎桃子（修女ver.）（十咎 ももこ（シスターver.））/311102-2.json"",""cn_blob"":""bd956ef84807444d9ba96494c2708c2957e42368"",""jp_path"":""magireco-source-master/Scenarios_full/character_story/1110 - 十咎桃子（修女ver.）（十咎 ももこ（シスターver.））/311102-2.json"",""jp_blob"":""173623d12f068ef961f9e3d0c884c869b60e81de"",""evidence"":{""batch"":""20261002-semantic-batch06-ai-only"",""source_commit"":""0d04f7adc9db140a1f7fac1183c5d346353b7899"",""report"":""manifests/story_quality_semantic_batch06_ai_only_20261002_evidence.json.gz"",""script_id"":""311102-2"",""full_fields"":35}}"
311102-3	"[""311102""]"	"[""第2话 本应斩断的留恋 断ち切ったはずの未練""]"	magireco-translate-data-master/Scenarios_full/character_story/1110 - 十咎桃子（修女ver.）（十咎 ももこ（シスターver.））/311102-3.json	True	True	after_20261001_takeover	29	15dfec3920c48dbbfd06b7170c3316a8849de0ad	magireco-source-master/Scenarios_full/character_story/1110 - 十咎桃子（修女ver.）（十咎 ももこ（シスターver.））/311102-3.json	7b3501369bfc7716b02ec3a78e89814dff0cb01f	23	manifests/story_quality_semantic_batch06_ai_only_20261002_evidence.json.gz	0d04f7adc9db140a1f7fac1183c5d346353b7899	[3318]	"{""path"":""magireco-translate-data-master/Scenarios_full/character_story/1110 - 十咎桃子（修女ver.）（十咎 ももこ（シスターver.））/311102-3.json"",""cn_blob"":""15dfec3920c48dbbfd06b7170c3316a8849de0ad"",""jp_path"":""magireco-source-master/Scenarios_full/character_story/1110 - 十咎桃子（修女ver.）（十咎 ももこ（シスターver.））/311102-3.json"",""jp_blob"":""7b3501369bfc7716b02ec3a78e89814dff0cb01f"",""evidence"":{""batch"":""20261002-semantic-batch06-ai-only"",""source_commit"":""0d04f7adc9db140a1f7fac1183c5d346353b7899"",""report"":""manifests/story_quality_semantic_batch06_ai_only_20261002_evidence.json.gz"",""script_id"":""311102-3"",""full_fields"":29}}"
311102-4	"[""311102""]"	"[""第2话 本应斩断的留恋 断ち切ったはずの未練""]"	magireco-translate-data-master/Scenarios_full/character_story/1110 - 十咎桃子（修女ver.）（十咎 ももこ（シスターver.））/311102-4.json	True	True	after_20261001_takeover	69	1ea6e21e500d7a67f502858b15bd60b632dda339	magireco-source-master/Scenarios_full/character_story/1110 - 十咎桃子（修女ver.）（十咎 ももこ（シスターver.））/311102-4.json	a5a544efed3fa6b955150b0f9afcd70cc0aaa5a4	58	manifests/story_quality_semantic_batch06_ai_only_20261002_evidence.json.gz	0d04f7adc9db140a1f7fac1183c5d346353b7899	[3318]	"{""path"":""magireco-translate-data-master/Scenarios_full/character_story/1110 - 十咎桃子（修女ver.）（十咎 ももこ（シスターver.））/311102-4.json"",""cn_blob"":""1ea6e21e500d7a67f502858b15bd60b632dda339"",""jp_path"":""magireco-source-master/Scenarios_full/character_story/1110 - 十咎桃子（修女ver.）（十咎 ももこ（シスターver.））/311102-4.json"",""jp_blob"":""a5a544efed3fa6b955150b0f9afcd70cc0aaa5a4"",""evidence"":{""batch"":""20261002-semantic-batch06-ai-only"",""source_commit"":""0d04f7adc9db140a1f7fac1183c5d346353b7899"",""report"":""manifests/story_quality_semantic_batch06_ai_only_20261002_evidence.json.gz"",""script_id"":""311102-4"",""full_fields"":69}}"
311103-1	"[""311103""]"	"[""第3话 本应选择的幸福 選んだはずの幸福""]"	magireco-translate-data-master/Scenarios_full/character_story/1110 - 十咎桃子（修女ver.）（十咎 ももこ（シスターver.））/311103-1.json	True	True	after_20261001_takeover	35	746d63a8fb0bf753e4512fbdca94a3524aad8e01	magireco-source-master/Scenarios_full/character_story/1110 - 十咎桃子（修女ver.）（十咎 ももこ（シスターver.））/311103-1.json	981ffa5697a1b236c048c808736decf305cebd44	29	manifests/story_quality_semantic_batch06_ai_only_20261002_evidence.json.gz	0d04f7adc9db140a1f7fac1183c5d346353b7899	[3318]	"{""path"":""magireco-translate-data-master/Scenarios_full/character_story/1110 - 十咎桃子（修女ver.）（十咎 ももこ（シスターver.））/311103-1.json"",""cn_blob"":""746d63a8fb0bf753e4512fbdca94a3524aad8e01"",""jp_path"":""magireco-source-master/Scenarios_full/character_story/1110 - 十咎桃子（修女ver.）（十咎 ももこ（シスターver.））/311103-1.json"",""jp_blob"":""981ffa5697a1b236c048c808736decf305cebd44"",""evidence"":{""batch"":""20261002-semantic-batch06-ai-only"",""source_commit"":""0d04f7adc9db140a1f7fac1183c5d346353b7899"",""report"":""manifests/story_quality_semantic_batch06_ai_only_20261002_evidence.json.gz"",""script_id"":""311103-1"",""full_fields"":35}}"
311103-2	"[""311103""]"	"[""第3话 本应选择的幸福 選んだはずの幸福""]"	magireco-translate-data-master/Scenarios_full/character_story/1110 - 十咎桃子（修女ver.）（十咎 ももこ（シスターver.））/311103-2.json	True	True	after_20261001_takeover	57	a32fc9ca95877243b6ba6fa4303c5d47565e21a4	magireco-source-master/Scenarios_full/character_story/1110 - 十咎桃子（修女ver.）（十咎 ももこ（シスターver.））/311103-2.json	d1085e08235cdc640ddd90e4cdb002c237adda6a	51	manifests/story_quality_semantic_batch06_ai_only_20261002_evidence.json.gz	0d04f7adc9db140a1f7fac1183c5d346353b7899	[3318]	"{""path"":""magireco-translate-data-master/Scenarios_full/character_story/1110 - 十咎桃子（修女ver.）（十咎 ももこ（シスターver.））/311103-2.json"",""cn_blob"":""a32fc9ca95877243b6ba6fa4303c5d47565e21a4"",""jp_path"":""magireco-source-master/Scenarios_full/character_story/1110 - 十咎桃子（修女ver.）（十咎 ももこ（シスターver.））/311103-2.json"",""jp_blob"":""d1085e08235cdc640ddd90e4cdb002c237adda6a"",""evidence"":{""batch"":""20261002-semantic-batch06-ai-only"",""source_commit"":""0d04f7adc9db140a1f7fac1183c5d346353b7899"",""report"":""manifests/story_quality_semantic_batch06_ai_only_20261002_evidence.json.gz"",""script_id"":""311103-2"",""full_fields"":57}}"
311103-3	"[""311103""]"	"[""第3话 本应选择的幸福 選んだはずの幸福""]"	magireco-translate-data-master/Scenarios_full/character_story/1110 - 十咎桃子（修女ver.）（十咎 ももこ（シスターver.））/311103-3.json	True	True	after_20261001_takeover	38	3e0b4f6812b827fda7bcc3084b37d4c4f5b907fa	magireco-source-master/Scenarios_full/character_story/1110 - 十咎桃子（修女ver.）（十咎 ももこ（シスターver.））/311103-3.json	630955c0bb6252b94c777fa036802bc834a34200	29	manifests/story_quality_semantic_batch06_ai_only_20261002_evidence.json.gz	0d04f7adc9db140a1f7fac1183c5d346353b7899	[3318]	"{""path"":""magireco-translate-data-master/Scenarios_full/character_story/1110 - 十咎桃子（修女ver.）（十咎 ももこ（シスターver.））/311103-3.json"",""cn_blob"":""3e0b4f6812b827fda7bcc3084b37d4c4f5b907fa"",""jp_path"":""magireco-source-master/Scenarios_full/character_story/1110 - 十咎桃子（修女ver.）（十咎 ももこ（シスターver.））/311103-3.json"",""jp_blob"":""630955c0bb6252b94c777fa036802bc834a34200"",""evidence"":{""batch"":""20261002-semantic-batch06-ai-only"",""source_commit"":""0d04f7adc9db140a1f7fac1183c5d346353b7899"",""report"":""manifests/story_quality_semantic_batch06_ai_only_20261002_evidence.json.gz"",""script_id"":""311103-3"",""full_fields"":38}}"
311103-4	"[""311103""]"	"[""第3话 本应选择的幸福 選んだはずの幸福""]"	magireco-translate-data-master/Scenarios_full/character_story/1110 - 十咎桃子（修女ver.）（十咎 ももこ（シスターver.））/311103-4.json	True	True	after_20261001_takeover	45	68fed382bdd5ed45bb71cf19ae302417223996c9	magireco-source-master/Scenarios_full/character_story/1110 - 十咎桃子（修女ver.）（十咎 ももこ（シスターver.））/311103-4.json	ab6fc4fde36f62061bcfc0e49c3fb95e52e35ac8	36	manifests/story_quality_semantic_batch06_ai_only_20261002_evidence.json.gz	0d04f7adc9db140a1f7fac1183c5d346353b7899	[3318]	"{""path"":""magireco-translate-data-master/Scenarios_full/character_story/1110 - 十咎桃子（修女ver.）（十咎 ももこ（シスターver.））/311103-4.json"",""cn_blob"":""68fed382bdd5ed45bb71cf19ae302417223996c9"",""jp_path"":""magireco-source-master/Scenarios_full/character_story/1110 - 十咎桃子（修女ver.）（十咎 ももこ（シスターver.））/311103-4.json"",""jp_blob"":""ab6fc4fde36f62061bcfc0e49c3fb95e52e35ac8"",""evidence"":{""batch"":""20261002-semantic-batch06-ai-only"",""source_commit"":""0d04f7adc9db140a1f7fac1183c5d346353b7899"",""report"":""manifests/story_quality_semantic_batch06_ai_only_20261002_evidence.json.gz"",""script_id"":""311103-4"",""full_fields"":45}}"
311121-1	"[""311121""]"	"[""第1话 什么才叫万圣节气氛 ハロウィン感とは何か""]"	magireco-translate-data-master/Scenarios_full/character_story/1112 - 花凛·阿莉娜（万圣ver.）（かりん・アリナ（ハロウィンver.））/311121-1.json	True	True	after_20261001_takeover	43	89a4c1d49f9fe2f2406e40f726907e889cee78b9	magireco-source-master/Scenarios_full/character_story/1112 - 花凛·阿莉娜（万圣ver.）（かりん・アリナ（ハロウィンver.））/311121-1.json	8962fbcf24c86c946b4f950af0c7105ddd0132eb	29	manifests/story_quality_semantic_batch06_ai_only_20261002_evidence.json.gz	0d04f7adc9db140a1f7fac1183c5d346353b7899	[3318]	"{""path"":""magireco-translate-data-master/Scenarios_full/character_story/1112 - 花凛·阿莉娜（万圣ver.）（かりん・アリナ（ハロウィンver.））/311121-1.json"",""cn_blob"":""89a4c1d49f9fe2f2406e40f726907e889cee78b9"",""jp_path"":""magireco-source-master/Scenarios_full/character_story/1112 - 花凛·阿莉娜（万圣ver.）（かりん・アリナ（ハロウィンver.））/311121-1.json"",""jp_blob"":""8962fbcf24c86c946b4f950af0c7105ddd0132eb"",""evidence"":{""batch"":""20261002-semantic-batch06-ai-only"",""source_commit"":""0d04f7adc9db140a1f7fac1183c5d346353b7899"",""report"":""manifests/story_quality_semantic_batch06_ai_only_20261002_evidence.json.gz"",""script_id"":""311121-1"",""full_fields"":43}}"
311121-2	"[""311121""]"	"[""第1话 什么才叫万圣节气氛 ハロウィン感とは何か""]"	magireco-translate-data-master/Scenarios_full/character_story/1112 - 花凛·阿莉娜（万圣ver.）（かりん・アリナ（ハロウィンver.））/311121-2.json	True	True	after_20261001_takeover	59	0f9d0a21946f2c30a623c31b300d0ed556a761c5	magireco-source-master/Scenarios_full/character_story/1112 - 花凛·阿莉娜（万圣ver.）（かりん・アリナ（ハロウィンver.））/311121-2.json	1c18c438c688e57e6af3a6c1ead7888da7222225	51	manifests/story_quality_semantic_batch06_ai_only_20261002_evidence.json.gz	0d04f7adc9db140a1f7fac1183c5d346353b7899	[3318]	"{""path"":""magireco-translate-data-master/Scenarios_full/character_story/1112 - 花凛·阿莉娜（万圣ver.）（かりん・アリナ（ハロウィンver.））/311121-2.json"",""cn_blob"":""0f9d0a21946f2c30a623c31b300d0ed556a761c5"",""jp_path"":""magireco-source-master/Scenarios_full/character_story/1112 - 花凛·阿莉娜（万圣ver.）（かりん・アリナ（ハロウィンver.））/311121-2.json"",""jp_blob"":""1c18c438c688e57e6af3a6c1ead7888da7222225"",""evidence"":{""batch"":""20261002-semantic-batch06-ai-only"",""source_commit"":""0d04f7adc9db140a1f7fac1183c5d346353b7899"",""report"":""manifests/story_quality_semantic_batch06_ai_only_20261002_evidence.json.gz"",""script_id"":""311121-2"",""full_fields"":59}}"
311121-3	"[""311121""]"	"[""第1话 什么才叫万圣节气氛 ハロウィン感とは何か""]"	magireco-translate-data-master/Scenarios_full/character_story/1112 - 花凛·阿莉娜（万圣ver.）（かりん・アリナ（ハロウィンver.））/311121-3.json	True	True	after_20261001_takeover	54	3711df09ddf32445e6c01de453172c82c60c94a5	magireco-source-master/Scenarios_full/character_story/1112 - 花凛·阿莉娜（万圣ver.）（かりん・アリナ（ハロウィンver.））/311121-3.json	768c103b89f9d489d2460ad9e72225f0a4f2d792	44	manifests/story_quality_semantic_batch06_ai_only_20261002_evidence.json.gz	0d04f7adc9db140a1f7fac1183c5d346353b7899	[3318]	"{""path"":""magireco-translate-data-master/Scenarios_full/character_story/1112 - 花凛·阿莉娜（万圣ver.）（かりん・アリナ（ハロウィンver.））/311121-3.json"",""cn_blob"":""3711df09ddf32445e6c01de453172c82c60c94a5"",""jp_path"":""magireco-source-master/Scenarios_full/character_story/1112 - 花凛·阿莉娜（万圣ver.）（かりん・アリナ（ハロウィンver.））/311121-3.json"",""jp_blob"":""768c103b89f9d489d2460ad9e72225f0a4f2d792"",""evidence"":{""batch"":""20261002-semantic-batch06-ai-only"",""source_commit"":""0d04f7adc9db140a1f7fac1183c5d346353b7899"",""report"":""manifests/story_quality_semantic_batch06_ai_only_20261002_evidence.json.gz"",""script_id"":""311121-3"",""full_fields"":54}}"
311121-4	"[""311121""]"	"[""第1话 什么才叫万圣节气氛 ハロウィン感とは何か""]"	magireco-translate-data-master/Scenarios_full/character_story/1112 - 花凛·阿莉娜（万圣ver.）（かりん・アリナ（ハロウィンver.））/311121-4.json	True	True	after_20261001_takeover	64	93983c38f80036141559c77bc474d3054fb34487	magireco-source-master/Scenarios_full/character_story/1112 - 花凛·阿莉娜（万圣ver.）（かりん・アリナ（ハロウィンver.））/311121-4.json	3422f0ab4d51a092723f8b751d2f5440c0d58cdb	57	manifests/story_quality_semantic_batch06_ai_only_20261002_evidence.json.gz	0d04f7adc9db140a1f7fac1183c5d346353b7899	[3318]	"{""path"":""magireco-translate-data-master/Scenarios_full/character_story/1112 - 花凛·阿莉娜（万圣ver.）（かりん・アリナ（ハロウィンver.））/311121-4.json"",""cn_blob"":""93983c38f80036141559c77bc474d3054fb34487"",""jp_path"":""magireco-source-master/Scenarios_full/character_story/1112 - 花凛·阿莉娜（万圣ver.）（かりん・アリナ（ハロウィンver.））/311121-4.json"",""jp_blob"":""3422f0ab4d51a092723f8b751d2f5440c0d58cdb"",""evidence"":{""batch"":""20261002-semantic-batch06-ai-only"",""source_commit"":""0d04f7adc9db140a1f7fac1183c5d346353b7899"",""report"":""manifests/story_quality_semantic_batch06_ai_only_20261002_evidence.json.gz"",""script_id"":""311121-4"",""full_fields"":64}}"
311122-1	"[""311122""]"	"[""第2话 迷失方向的自我认同 迷走するアイデンティティ""]"	magireco-translate-data-master/Scenarios_full/character_story/1112 - 花凛·阿莉娜（万圣ver.）（かりん・アリナ（ハロウィンver.））/311122-1.json	True	True	after_20261001_takeover	63	81468c8120bbbbef8f25e1f5f65cca998d5e9eae	magireco-source-master/Scenarios_full/character_story/1112 - 花凛·阿莉娜（万圣ver.）（かりん・アリナ（ハロウィンver.））/311122-1.json	60822ec793a3593f60a3e932e916cccfce783d4e	56	manifests/story_quality_semantic_batch06_ai_only_20261002_evidence.json.gz	0d04f7adc9db140a1f7fac1183c5d346353b7899	[3318]	"{""path"":""magireco-translate-data-master/Scenarios_full/character_story/1112 - 花凛·阿莉娜（万圣ver.）（かりん・アリナ（ハロウィンver.））/311122-1.json"",""cn_blob"":""81468c8120bbbbef8f25e1f5f65cca998d5e9eae"",""jp_path"":""magireco-source-master/Scenarios_full/character_story/1112 - 花凛·阿莉娜（万圣ver.）（かりん・アリナ（ハロウィンver.））/311122-1.json"",""jp_blob"":""60822ec793a3593f60a3e932e916cccfce783d4e"",""evidence"":{""batch"":""20261002-semantic-batch06-ai-only"",""source_commit"":""0d04f7adc9db140a1f7fac1183c5d346353b7899"",""report"":""manifests/story_quality_semantic_batch06_ai_only_20261002_evidence.json.gz"",""script_id"":""311122-1"",""full_fields"":63}}"
311122-2	"[""311122""]"	"[""第2话 迷失方向的自我认同 迷走するアイデンティティ""]"	magireco-translate-data-master/Scenarios_full/character_story/1112 - 花凛·阿莉娜（万圣ver.）（かりん・アリナ（ハロウィンver.））/311122-2.json	True	True	after_20261001_takeover	60	79444a2a9982f6cf68a0a642acc41b78937dad48	magireco-source-master/Scenarios_full/character_story/1112 - 花凛·阿莉娜（万圣ver.）（かりん・アリナ（ハロウィンver.））/311122-2.json	a001da9b5ee9111b34767674a2b1c1ff8dc15b15	53	manifests/story_quality_semantic_batch06_ai_only_20261002_evidence.json.gz	0d04f7adc9db140a1f7fac1183c5d346353b7899	[3318]	"{""path"":""magireco-translate-data-master/Scenarios_full/character_story/1112 - 花凛·阿莉娜（万圣ver.）（かりん・アリナ（ハロウィンver.））/311122-2.json"",""cn_blob"":""79444a2a9982f6cf68a0a642acc41b78937dad48"",""jp_path"":""magireco-source-master/Scenarios_full/character_story/1112 - 花凛·阿莉娜（万圣ver.）（かりん・アリナ（ハロウィンver.））/311122-2.json"",""jp_blob"":""a001da9b5ee9111b34767674a2b1c1ff8dc15b15"",""evidence"":{""batch"":""20261002-semantic-batch06-ai-only"",""source_commit"":""0d04f7adc9db140a1f7fac1183c5d346353b7899"",""report"":""manifests/story_quality_semantic_batch06_ai_only_20261002_evidence.json.gz"",""script_id"":""311122-2"",""full_fields"":60}}"
311122-3	"[""311122""]"	"[""第2话 迷失方向的自我认同 迷走するアイデンティティ""]"	magireco-translate-data-master/Scenarios_full/character_story/1112 - 花凛·阿莉娜（万圣ver.）（かりん・アリナ（ハロウィンver.））/311122-3.json	True	True	after_20261001_takeover	95	c4a9296c408ffcb87cd504847788fb13c2d01cd8	magireco-source-master/Scenarios_full/character_story/1112 - 花凛·阿莉娜（万圣ver.）（かりん・アリナ（ハロウィンver.））/311122-3.json	9b024085a0b3332a438049986cd310037980b48b	84	manifests/story_quality_semantic_batch06_ai_only_20261002_evidence.json.gz	0d04f7adc9db140a1f7fac1183c5d346353b7899	[3318]	"{""path"":""magireco-translate-data-master/Scenarios_full/character_story/1112 - 花凛·阿莉娜（万圣ver.）（かりん・アリナ（ハロウィンver.））/311122-3.json"",""cn_blob"":""c4a9296c408ffcb87cd504847788fb13c2d01cd8"",""jp_path"":""magireco-source-master/Scenarios_full/character_story/1112 - 花凛·阿莉娜（万圣ver.）（かりん・アリナ（ハロウィンver.））/311122-3.json"",""jp_blob"":""9b024085a0b3332a438049986cd310037980b48b"",""evidence"":{""batch"":""20261002-semantic-batch06-ai-only"",""source_commit"":""0d04f7adc9db140a1f7fac1183c5d346353b7899"",""report"":""manifests/story_quality_semantic_batch06_ai_only_20261002_evidence.json.gz"",""script_id"":""311122-3"",""full_fields"":95}}"
311122-4	"[""311122""]"	"[""第2话 迷失方向的自我认同 迷走するアイデンティティ""]"	magireco-translate-data-master/Scenarios_full/character_story/1112 - 花凛·阿莉娜（万圣ver.）（かりん・アリナ（ハロウィンver.））/311122-4.json	True	True	after_20261001_takeover	75	b54bd56004bf35ce088fcd3c9bfea7f2695f36fc	magireco-source-master/Scenarios_full/character_story/1112 - 花凛·阿莉娜（万圣ver.）（かりん・アリナ（ハロウィンver.））/311122-4.json	23542a5daafb444aa24bfd07d69699b927b9352f	64	manifests/story_quality_semantic_batch06_ai_only_20261002_evidence.json.gz	0d04f7adc9db140a1f7fac1183c5d346353b7899	[3318]	"{""path"":""magireco-translate-data-master/Scenarios_full/character_story/1112 - 花凛·阿莉娜（万圣ver.）（かりん・アリナ（ハロウィンver.））/311122-4.json"",""cn_blob"":""b54bd56004bf35ce088fcd3c9bfea7f2695f36fc"",""jp_path"":""magireco-source-master/Scenarios_full/character_story/1112 - 花凛·阿莉娜（万圣ver.）（かりん・アリナ（ハロウィンver.））/311122-4.json"",""jp_blob"":""23542a5daafb444aa24bfd07d69699b927b9352f"",""evidence"":{""batch"":""20261002-semantic-batch06-ai-only"",""source_commit"":""0d04f7adc9db140a1f7fac1183c5d346353b7899"",""report"":""manifests/story_quality_semantic_batch06_ai_only_20261002_evidence.json.gz"",""script_id"":""311122-4"",""full_fields"":75}}"
311123-1	"[""311123""]"	"[""第3话 王与侍从之间的距离 王と従者のディスタンス""]"	magireco-translate-data-master/Scenarios_full/character_story/1112 - 花凛·阿莉娜（万圣ver.）（かりん・アリナ（ハロウィンver.））/311123-1.json	True	True	after_20261001_takeover	62	68e9b60bac2b01f42b7ab4791a3cc5c1f4fc7039	magireco-source-master/Scenarios_full/character_story/1112 - 花凛·阿莉娜（万圣ver.）（かりん・アリナ（ハロウィンver.））/311123-1.json	4ec7809bcfb19ec8e6930bd884f888bdd045346a	54	manifests/story_quality_semantic_batch06_ai_only_20261002_evidence.json.gz	0d04f7adc9db140a1f7fac1183c5d346353b7899	[3318]	"{""path"":""magireco-translate-data-master/Scenarios_full/character_story/1112 - 花凛·阿莉娜（万圣ver.）（かりん・アリナ（ハロウィンver.））/311123-1.json"",""cn_blob"":""68e9b60bac2b01f42b7ab4791a3cc5c1f4fc7039"",""jp_path"":""magireco-source-master/Scenarios_full/character_story/1112 - 花凛·阿莉娜（万圣ver.）（かりん・アリナ（ハロウィンver.））/311123-1.json"",""jp_blob"":""4ec7809bcfb19ec8e6930bd884f888bdd045346a"",""evidence"":{""batch"":""20261002-semantic-batch06-ai-only"",""source_commit"":""0d04f7adc9db140a1f7fac1183c5d346353b7899"",""report"":""manifests/story_quality_semantic_batch06_ai_only_20261002_evidence.json.gz"",""script_id"":""311123-1"",""full_fields"":62}}"
311123-2	"[""311123""]"	"[""第3话 王与侍从之间的距离 王と従者のディスタンス""]"	magireco-translate-data-master/Scenarios_full/character_story/1112 - 花凛·阿莉娜（万圣ver.）（かりん・アリナ（ハロウィンver.））/311123-2.json	True	True	after_20261001_takeover	54	ca11073a3d5949682d683068dfda60c82d0e39a2	magireco-source-master/Scenarios_full/character_story/1112 - 花凛·阿莉娜（万圣ver.）（かりん・アリナ（ハロウィンver.））/311123-2.json	9ad0b13d4563b498660a421b868a56c659742991	37	manifests/story_quality_semantic_batch06_ai_only_20261002_evidence.json.gz	0d04f7adc9db140a1f7fac1183c5d346353b7899	[3318]	"{""path"":""magireco-translate-data-master/Scenarios_full/character_story/1112 - 花凛·阿莉娜（万圣ver.）（かりん・アリナ（ハロウィンver.））/311123-2.json"",""cn_blob"":""ca11073a3d5949682d683068dfda60c82d0e39a2"",""jp_path"":""magireco-source-master/Scenarios_full/character_story/1112 - 花凛·阿莉娜（万圣ver.）（かりん・アリナ（ハロウィンver.））/311123-2.json"",""jp_blob"":""9ad0b13d4563b498660a421b868a56c659742991"",""evidence"":{""batch"":""20261002-semantic-batch06-ai-only"",""source_commit"":""0d04f7adc9db140a1f7fac1183c5d346353b7899"",""report"":""manifests/story_quality_semantic_batch06_ai_only_20261002_evidence.json.gz"",""script_id"":""311123-2"",""full_fields"":54}}"
311123-3	"[""311123""]"	"[""第3话 王与侍从之间的距离 王と従者のディスタンス""]"	magireco-translate-data-master/Scenarios_full/character_story/1112 - 花凛·阿莉娜（万圣ver.）（かりん・アリナ（ハロウィンver.））/311123-3.json	True	True	after_20261001_takeover	71	b60591fab41b1b3658998e1ed6552bf01da4f6b0	magireco-source-master/Scenarios_full/character_story/1112 - 花凛·阿莉娜（万圣ver.）（かりん・アリナ（ハロウィンver.））/311123-3.json	29285c0cf2cc095e369c7d4cdc7314b15f118b68	31	manifests/story_quality_semantic_batch06_ai_only_20261002_evidence.json.gz	0d04f7adc9db140a1f7fac1183c5d346353b7899	[3318]	"{""path"":""magireco-translate-data-master/Scenarios_full/character_story/1112 - 花凛·阿莉娜（万圣ver.）（かりん・アリナ（ハロウィンver.））/311123-3.json"",""cn_blob"":""b60591fab41b1b3658998e1ed6552bf01da4f6b0"",""jp_path"":""magireco-source-master/Scenarios_full/character_story/1112 - 花凛·阿莉娜（万圣ver.）（かりん・アリナ（ハロウィンver.））/311123-3.json"",""jp_blob"":""29285c0cf2cc095e369c7d4cdc7314b15f118b68"",""evidence"":{""batch"":""20261002-semantic-batch06-ai-only"",""source_commit"":""0d04f7adc9db140a1f7fac1183c5d346353b7899"",""report"":""manifests/story_quality_semantic_batch06_ai_only_20261002_evidence.json.gz"",""script_id"":""311123-3"",""full_fields"":71}}"
311123-4	"[""311123""]"	"[""第3话 王与侍从之间的距离 王と従者のディスタンス""]"	magireco-translate-data-master/Scenarios_full/character_story/1112 - 花凛·阿莉娜（万圣ver.）（かりん・アリナ（ハロウィンver.））/311123-4.json	True	True	after_20261001_takeover	84	8fc0b1be6d4e9653501e316e10ed3cb279d202d3	magireco-source-master/Scenarios_full/character_story/1112 - 花凛·阿莉娜（万圣ver.）（かりん・アリナ（ハロウィンver.））/311123-4.json	4e391551a31215a0fc9eef2d49a0dff60c018dfa	70	manifests/story_quality_semantic_batch06_ai_only_20261002_evidence.json.gz	0d04f7adc9db140a1f7fac1183c5d346353b7899	[3318]	"{""path"":""magireco-translate-data-master/Scenarios_full/character_story/1112 - 花凛·阿莉娜（万圣ver.）（かりん・アリナ（ハロウィンver.））/311123-4.json"",""cn_blob"":""8fc0b1be6d4e9653501e316e10ed3cb279d202d3"",""jp_path"":""magireco-source-master/Scenarios_full/character_story/1112 - 花凛·阿莉娜（万圣ver.）（かりん・アリナ（ハロウィンver.））/311123-4.json"",""jp_blob"":""4e391551a31215a0fc9eef2d49a0dff60c018dfa"",""evidence"":{""batch"":""20261002-semantic-batch06-ai-only"",""source_commit"":""0d04f7adc9db140a1f7fac1183c5d346353b7899"",""report"":""manifests/story_quality_semantic_batch06_ai_only_20261002_evidence.json.gz"",""script_id"":""311123-4"",""full_fields"":84}}"
311131-1	"[""311131""]"	"[""第1话 用压岁钱洗刷污名 汚名返上はお年玉で""]"	magireco-translate-data-master/Scenarios_full/character_story/1113 - 龙城明日香（新春龙神ver.）（竜城 明日香（新春龍神ver.））/311131-1.json	True	True	after_20261001_takeover	49	f4111adeb7b3f7bde7dae5dfa6bd410190f34477	magireco-source-master/Scenarios_full/character_story/1113 - 龙城明日香（新春龙神ver.）（竜城 明日香（新春龍神ver.））/311131-1.json	b88c430ae8b01a66b7cae748d507aaf1916088cf	46	manifests/story_quality_semantic_batch06_ai_only_20261002_evidence.json.gz	0d04f7adc9db140a1f7fac1183c5d346353b7899	[3318]	"{""path"":""magireco-translate-data-master/Scenarios_full/character_story/1113 - 龙城明日香（新春龙神ver.）（竜城 明日香（新春龍神ver.））/311131-1.json"",""cn_blob"":""f4111adeb7b3f7bde7dae5dfa6bd410190f34477"",""jp_path"":""magireco-source-master/Scenarios_full/character_story/1113 - 龙城明日香（新春龙神ver.）（竜城 明日香（新春龍神ver.））/311131-1.json"",""jp_blob"":""b88c430ae8b01a66b7cae748d507aaf1916088cf"",""evidence"":{""batch"":""20261002-semantic-batch06-ai-only"",""source_commit"":""0d04f7adc9db140a1f7fac1183c5d346353b7899"",""report"":""manifests/story_quality_semantic_batch06_ai_only_20261002_evidence.json.gz"",""script_id"":""311131-1"",""full_fields"":49}}"
311131-2	"[""311131""]"	"[""第1话 用压岁钱洗刷污名 汚名返上はお年玉で""]"	magireco-translate-data-master/Scenarios_full/character_story/1113 - 龙城明日香（新春龙神ver.）（竜城 明日香（新春龍神ver.））/311131-2.json	True	True	after_20261001_takeover	63	49701fafbdda35e23aef7487fe1983fbf152d3d6	magireco-source-master/Scenarios_full/character_story/1113 - 龙城明日香（新春龙神ver.）（竜城 明日香（新春龍神ver.））/311131-2.json	c2dfb1d66b580ff358793e024dfff634413bb56e	54	manifests/story_quality_semantic_batch06_ai_only_20261002_evidence.json.gz	0d04f7adc9db140a1f7fac1183c5d346353b7899	[3318]	"{""path"":""magireco-translate-data-master/Scenarios_full/character_story/1113 - 龙城明日香（新春龙神ver.）（竜城 明日香（新春龍神ver.））/311131-2.json"",""cn_blob"":""49701fafbdda35e23aef7487fe1983fbf152d3d6"",""jp_path"":""magireco-source-master/Scenarios_full/character_story/1113 - 龙城明日香（新春龙神ver.）（竜城 明日香（新春龍神ver.））/311131-2.json"",""jp_blob"":""c2dfb1d66b580ff358793e024dfff634413bb56e"",""evidence"":{""batch"":""20261002-semantic-batch06-ai-only"",""source_commit"":""0d04f7adc9db140a1f7fac1183c5d346353b7899"",""report"":""manifests/story_quality_semantic_batch06_ai_only_20261002_evidence.json.gz"",""script_id"":""311131-2"",""full_fields"":63}}"
311131-3	"[""311131""]"	"[""第1话 用压岁钱洗刷污名 汚名返上はお年玉で""]"	magireco-translate-data-master/Scenarios_full/character_story/1113 - 龙城明日香（新春龙神ver.）（竜城 明日香（新春龍神ver.））/311131-3.json	True	True	after_20261001_takeover	73	2620939b6aa14ac4514d1081fb2ff1fc0f4b3f19	magireco-source-master/Scenarios_full/character_story/1113 - 龙城明日香（新春龙神ver.）（竜城 明日香（新春龍神ver.））/311131-3.json	9f3b46ddc8b92ad53aeb8f16bb4c81b1eb900de0	65	manifests/story_quality_semantic_batch06_ai_only_20261002_evidence.json.gz	0d04f7adc9db140a1f7fac1183c5d346353b7899	[3318]	"{""path"":""magireco-translate-data-master/Scenarios_full/character_story/1113 - 龙城明日香（新春龙神ver.）（竜城 明日香（新春龍神ver.））/311131-3.json"",""cn_blob"":""2620939b6aa14ac4514d1081fb2ff1fc0f4b3f19"",""jp_path"":""magireco-source-master/Scenarios_full/character_story/1113 - 龙城明日香（新春龙神ver.）（竜城 明日香（新春龍神ver.））/311131-3.json"",""jp_blob"":""9f3b46ddc8b92ad53aeb8f16bb4c81b1eb900de0"",""evidence"":{""batch"":""20261002-semantic-batch06-ai-only"",""source_commit"":""0d04f7adc9db140a1f7fac1183c5d346353b7899"",""report"":""manifests/story_quality_semantic_batch06_ai_only_20261002_evidence.json.gz"",""script_id"":""311131-3"",""full_fields"":73}}"
311131-4	"[""311131""]"	"[""第1话 用压岁钱洗刷污名 汚名返上はお年玉で""]"	magireco-translate-data-master/Scenarios_full/character_story/1113 - 龙城明日香（新春龙神ver.）（竜城 明日香（新春龍神ver.））/311131-4.json	True	True	after_20261001_takeover	29	c8f4dd359b062f7848157c396445955ae9ead6ed	magireco-source-master/Scenarios_full/character_story/1113 - 龙城明日香（新春龙神ver.）（竜城 明日香（新春龍神ver.））/311131-4.json	5e3ce09f065f9aa1d4ca3e0321f1d50a610a1f38	26	manifests/story_quality_semantic_batch06_ai_only_20261002_evidence.json.gz	0d04f7adc9db140a1f7fac1183c5d346353b7899	[3318]	"{""path"":""magireco-translate-data-master/Scenarios_full/character_story/1113 - 龙城明日香（新春龙神ver.）（竜城 明日香（新春龍神ver.））/311131-4.json"",""cn_blob"":""c8f4dd359b062f7848157c396445955ae9ead6ed"",""jp_path"":""magireco-source-master/Scenarios_full/character_story/1113 - 龙城明日香（新春龙神ver.）（竜城 明日香（新春龍神ver.））/311131-4.json"",""jp_blob"":""5e3ce09f065f9aa1d4ca3e0321f1d50a610a1f38"",""evidence"":{""batch"":""20261002-semantic-batch06-ai-only"",""source_commit"":""0d04f7adc9db140a1f7fac1183c5d346353b7899"",""report"":""manifests/story_quality_semantic_batch06_ai_only_20261002_evidence.json.gz"",""script_id"":""311131-4"",""full_fields"":29}}"
311132-1	"[""311132""]"	"[""第2话 电光石火却徒劳无功 電光石火の空回り""]"	magireco-translate-data-master/Scenarios_full/character_story/1113 - 龙城明日香（新春龙神ver.）（竜城 明日香（新春龍神ver.））/311132-1.json	True	True	after_20261001_takeover	52	0619a9d291d278fc5b24600485bf846db0a9e995	magireco-source-master/Scenarios_full/character_story/1113 - 龙城明日香（新春龙神ver.）（竜城 明日香（新春龍神ver.））/311132-1.json	f4a9fc3c43fd1f71c783ef292b8f3c9df83ff0c7	46	manifests/story_quality_semantic_batch06_ai_only_20261002_evidence.json.gz	0d04f7adc9db140a1f7fac1183c5d346353b7899	[3318]	"{""path"":""magireco-translate-data-master/Scenarios_full/character_story/1113 - 龙城明日香（新春龙神ver.）（竜城 明日香（新春龍神ver.））/311132-1.json"",""cn_blob"":""0619a9d291d278fc5b24600485bf846db0a9e995"",""jp_path"":""magireco-source-master/Scenarios_full/character_story/1113 - 龙城明日香（新春龙神ver.）（竜城 明日香（新春龍神ver.））/311132-1.json"",""jp_blob"":""f4a9fc3c43fd1f71c783ef292b8f3c9df83ff0c7"",""evidence"":{""batch"":""20261002-semantic-batch06-ai-only"",""source_commit"":""0d04f7adc9db140a1f7fac1183c5d346353b7899"",""report"":""manifests/story_quality_semantic_batch06_ai_only_20261002_evidence.json.gz"",""script_id"":""311132-1"",""full_fields"":52}}"
311132-2	"[""311132""]"	"[""第2话 电光石火却徒劳无功 電光石火の空回り""]"	magireco-translate-data-master/Scenarios_full/character_story/1113 - 龙城明日香（新春龙神ver.）（竜城 明日香（新春龍神ver.））/311132-2.json	True	True	after_20261001_takeover	65	638c36d5cd62d5880ad3c2b2c08b60c4c5ea67d7	magireco-source-master/Scenarios_full/character_story/1113 - 龙城明日香（新春龙神ver.）（竜城 明日香（新春龍神ver.））/311132-2.json	23c723f283c49546faa90c97c3180ab1e6069329	56	manifests/story_quality_semantic_batch06_ai_only_20261002_evidence.json.gz	0d04f7adc9db140a1f7fac1183c5d346353b7899	[3318]	"{""path"":""magireco-translate-data-master/Scenarios_full/character_story/1113 - 龙城明日香（新春龙神ver.）（竜城 明日香（新春龍神ver.））/311132-2.json"",""cn_blob"":""638c36d5cd62d5880ad3c2b2c08b60c4c5ea67d7"",""jp_path"":""magireco-source-master/Scenarios_full/character_story/1113 - 龙城明日香（新春龙神ver.）（竜城 明日香（新春龍神ver.））/311132-2.json"",""jp_blob"":""23c723f283c49546faa90c97c3180ab1e6069329"",""evidence"":{""batch"":""20261002-semantic-batch06-ai-only"",""source_commit"":""0d04f7adc9db140a1f7fac1183c5d346353b7899"",""report"":""manifests/story_quality_semantic_batch06_ai_only_20261002_evidence.json.gz"",""script_id"":""311132-2"",""full_fields"":65}}"
311132-3	"[""311132""]"	"[""第2话 电光石火却徒劳无功 電光石火の空回り""]"	magireco-translate-data-master/Scenarios_full/character_story/1113 - 龙城明日香（新春龙神ver.）（竜城 明日香（新春龍神ver.））/311132-3.json	True	True	after_20261001_takeover	58	0fc7d6392128b5956871cb4d588a6904fce649cd	magireco-source-master/Scenarios_full/character_story/1113 - 龙城明日香（新春龙神ver.）（竜城 明日香（新春龍神ver.））/311132-3.json	f9e0a8aa907d366480f5e7a01f1e99f690e3dfc0	49	manifests/story_quality_semantic_batch06_ai_only_20261002_evidence.json.gz	0d04f7adc9db140a1f7fac1183c5d346353b7899	[3318]	"{""path"":""magireco-translate-data-master/Scenarios_full/character_story/1113 - 龙城明日香（新春龙神ver.）（竜城 明日香（新春龍神ver.））/311132-3.json"",""cn_blob"":""0fc7d6392128b5956871cb4d588a6904fce649cd"",""jp_path"":""magireco-source-master/Scenarios_full/character_story/1113 - 龙城明日香（新春龙神ver.）（竜城 明日香（新春龍神ver.））/311132-3.json"",""jp_blob"":""f9e0a8aa907d366480f5e7a01f1e99f690e3dfc0"",""evidence"":{""batch"":""20261002-semantic-batch06-ai-only"",""source_commit"":""0d04f7adc9db140a1f7fac1183c5d346353b7899"",""report"":""manifests/story_quality_semantic_batch06_ai_only_20261002_evidence.json.gz"",""script_id"":""311132-3"",""full_fields"":58}}"
311132-4	"[""311132""]"	"[""第2话 电光石火却徒劳无功 電光石火の空回り""]"	magireco-translate-data-master/Scenarios_full/character_story/1113 - 龙城明日香（新春龙神ver.）（竜城 明日香（新春龍神ver.））/311132-4.json	True	True	after_20261001_takeover	41	34b8fdabe49e3d209b309f4495465ef265c39922	magireco-source-master/Scenarios_full/character_story/1113 - 龙城明日香（新春龙神ver.）（竜城 明日香（新春龍神ver.））/311132-4.json	cd0a18f84d88cfee1d62c6e73b702328dd6c9961	37	manifests/story_quality_semantic_batch06_ai_only_20261002_evidence.json.gz	0d04f7adc9db140a1f7fac1183c5d346353b7899	[3318]	"{""path"":""magireco-translate-data-master/Scenarios_full/character_story/1113 - 龙城明日香（新春龙神ver.）（竜城 明日香（新春龍神ver.））/311132-4.json"",""cn_blob"":""34b8fdabe49e3d209b309f4495465ef265c39922"",""jp_path"":""magireco-source-master/Scenarios_full/character_story/1113 - 龙城明日香（新春龙神ver.）（竜城 明日香（新春龍神ver.））/311132-4.json"",""jp_blob"":""cd0a18f84d88cfee1d62c6e73b702328dd6c9961"",""evidence"":{""batch"":""20261002-semantic-batch06-ai-only"",""source_commit"":""0d04f7adc9db140a1f7fac1183c5d346353b7899"",""report"":""manifests/story_quality_semantic_batch06_ai_only_20261002_evidence.json.gz"",""script_id"":""311132-4"",""full_fields"":41}}"
311133-1	"[""311133""]"	"[""第3话 画龙却一再缺少点睛 画竜点睛を欠きまくる""]"	magireco-translate-data-master/Scenarios_full/character_story/1113 - 龙城明日香（新春龙神ver.）（竜城 明日香（新春龍神ver.））/311133-1.json	True	True	after_20261001_takeover	55	3351a1b30cc514e1c728b6b525f6880aec723f69	magireco-source-master/Scenarios_full/character_story/1113 - 龙城明日香（新春龙神ver.）（竜城 明日香（新春龍神ver.））/311133-1.json	b0041474e3ed04f6eb066373e99d76bc49252e3c	45	manifests/story_quality_semantic_batch06_ai_only_20261002_evidence.json.gz	0d04f7adc9db140a1f7fac1183c5d346353b7899	[3318]	"{""path"":""magireco-translate-data-master/Scenarios_full/character_story/1113 - 龙城明日香（新春龙神ver.）（竜城 明日香（新春龍神ver.））/311133-1.json"",""cn_blob"":""3351a1b30cc514e1c728b6b525f6880aec723f69"",""jp_path"":""magireco-source-master/Scenarios_full/character_story/1113 - 龙城明日香（新春龙神ver.）（竜城 明日香（新春龍神ver.））/311133-1.json"",""jp_blob"":""b0041474e3ed04f6eb066373e99d76bc49252e3c"",""evidence"":{""batch"":""20261002-semantic-batch06-ai-only"",""source_commit"":""0d04f7adc9db140a1f7fac1183c5d346353b7899"",""report"":""manifests/story_quality_semantic_batch06_ai_only_20261002_evidence.json.gz"",""script_id"":""311133-1"",""full_fields"":55}}"
311133-2	"[""311133""]"	"[""第3话 画龙却一再缺少点睛 画竜点睛を欠きまくる""]"	magireco-translate-data-master/Scenarios_full/character_story/1113 - 龙城明日香（新春龙神ver.）（竜城 明日香（新春龍神ver.））/311133-2.json	True	True	after_20261001_takeover	82	182ca089c167e4b30b647f48da59fde1bbd907de	magireco-source-master/Scenarios_full/character_story/1113 - 龙城明日香（新春龙神ver.）（竜城 明日香（新春龍神ver.））/311133-2.json	a0205c10d913f206370ef327a4c10c36cd98d881	70	manifests/story_quality_semantic_batch06_ai_only_20261002_evidence.json.gz	0d04f7adc9db140a1f7fac1183c5d346353b7899	[3318]	"{""path"":""magireco-translate-data-master/Scenarios_full/character_story/1113 - 龙城明日香（新春龙神ver.）（竜城 明日香（新春龍神ver.））/311133-2.json"",""cn_blob"":""182ca089c167e4b30b647f48da59fde1bbd907de"",""jp_path"":""magireco-source-master/Scenarios_full/character_story/1113 - 龙城明日香（新春龙神ver.）（竜城 明日香（新春龍神ver.））/311133-2.json"",""jp_blob"":""a0205c10d913f206370ef327a4c10c36cd98d881"",""evidence"":{""batch"":""20261002-semantic-batch06-ai-only"",""source_commit"":""0d04f7adc9db140a1f7fac1183c5d346353b7899"",""report"":""manifests/story_quality_semantic_batch06_ai_only_20261002_evidence.json.gz"",""script_id"":""311133-2"",""full_fields"":82}}"
311133-3	"[""311133""]"	"[""第3话 画龙却一再缺少点睛 画竜点睛を欠きまくる""]"	magireco-translate-data-master/Scenarios_full/character_story/1113 - 龙城明日香（新春龙神ver.）（竜城 明日香（新春龍神ver.））/311133-3.json	True	True	after_20261001_takeover	92	d26bdeebd898bdf0818bc1e7ead7a8a55086a975	magireco-source-master/Scenarios_full/character_story/1113 - 龙城明日香（新春龙神ver.）（竜城 明日香（新春龍神ver.））/311133-3.json	62307099b931a5f95d1baa99dec058a1e588a12e	83	manifests/story_quality_semantic_batch06_ai_only_20261002_evidence.json.gz	0d04f7adc9db140a1f7fac1183c5d346353b7899	[3318]	"{""path"":""magireco-translate-data-master/Scenarios_full/character_story/1113 - 龙城明日香（新春龙神ver.）（竜城 明日香（新春龍神ver.））/311133-3.json"",""cn_blob"":""d26bdeebd898bdf0818bc1e7ead7a8a55086a975"",""jp_path"":""magireco-source-master/Scenarios_full/character_story/1113 - 龙城明日香（新春龙神ver.）（竜城 明日香（新春龍神ver.））/311133-3.json"",""jp_blob"":""62307099b931a5f95d1baa99dec058a1e588a12e"",""evidence"":{""batch"":""20261002-semantic-batch06-ai-only"",""source_commit"":""0d04f7adc9db140a1f7fac1183c5d346353b7899"",""report"":""manifests/story_quality_semantic_batch06_ai_only_20261002_evidence.json.gz"",""script_id"":""311133-3"",""full_fields"":92}}"
311133-4	"[""311133""]"	"[""第3话 画龙却一再缺少点睛 画竜点睛を欠きまくる""]"	magireco-translate-data-master/Scenarios_full/character_story/1113 - 龙城明日香（新春龙神ver.）（竜城 明日香（新春龍神ver.））/311133-4.json	True	True	after_20261001_takeover	56	f1005132c6d42b4b6cf210d9532499b9562570fb	magireco-source-master/Scenarios_full/character_story/1113 - 龙城明日香（新春龙神ver.）（竜城 明日香（新春龍神ver.））/311133-4.json	b15d605a5af5d356a5ac8b49476f0b87a8c38ceb	48	manifests/story_quality_semantic_batch06_ai_only_20261002_evidence.json.gz	0d04f7adc9db140a1f7fac1183c5d346353b7899	[3318]	"{""path"":""magireco-translate-data-master/Scenarios_full/character_story/1113 - 龙城明日香（新春龙神ver.）（竜城 明日香（新春龍神ver.））/311133-4.json"",""cn_blob"":""f1005132c6d42b4b6cf210d9532499b9562570fb"",""jp_path"":""magireco-source-master/Scenarios_full/character_story/1113 - 龙城明日香（新春龙神ver.）（竜城 明日香（新春龍神ver.））/311133-4.json"",""jp_blob"":""b15d605a5af5d356a5ac8b49476f0b87a8c38ceb"",""evidence"":{""batch"":""20261002-semantic-batch06-ai-only"",""source_commit"":""0d04f7adc9db140a1f7fac1183c5d346353b7899"",""report"":""manifests/story_quality_semantic_batch06_ai_only_20261002_evidence.json.gz"",""script_id"":""311133-4"",""full_fields"":56}}"
311161-1	"[""311161""]"	"[""第1话 吸血鬼的违和感 吸血鬼の違和感""]"	magireco-translate-data-master/Scenarios_full/character_story/1116 - 和泉十七夜（吸血鬼ver.）（和泉 十七夜（ヴァンパイアver.））/311161-1.json	True	True	after_20261001_takeover	54	113e5509e003356eadfc5547f6c51f73459ecc3c	magireco-source-master/Scenarios_full/character_story/1116 - 和泉十七夜（吸血鬼ver.）（和泉 十七夜（ヴァンパイアver.））/311161-1.json	cdcc8de120a62ed0c6f335ac5d8824874f9407d7	50	manifests/story_quality_semantic_batch06_ai_only_20261002_evidence.json.gz	0d04f7adc9db140a1f7fac1183c5d346353b7899	[3318]	"{""path"":""magireco-translate-data-master/Scenarios_full/character_story/1116 - 和泉十七夜（吸血鬼ver.）（和泉 十七夜（ヴァンパイアver.））/311161-1.json"",""cn_blob"":""113e5509e003356eadfc5547f6c51f73459ecc3c"",""jp_path"":""magireco-source-master/Scenarios_full/character_story/1116 - 和泉十七夜（吸血鬼ver.）（和泉 十七夜（ヴァンパイアver.））/311161-1.json"",""jp_blob"":""cdcc8de120a62ed0c6f335ac5d8824874f9407d7"",""evidence"":{""batch"":""20261002-semantic-batch06-ai-only"",""source_commit"":""0d04f7adc9db140a1f7fac1183c5d346353b7899"",""report"":""manifests/story_quality_semantic_batch06_ai_only_20261002_evidence.json.gz"",""script_id"":""311161-1"",""full_fields"":54}}"
311161-2	"[""311161""]"	"[""第1话 吸血鬼的违和感 吸血鬼の違和感""]"	magireco-translate-data-master/Scenarios_full/character_story/1116 - 和泉十七夜（吸血鬼ver.）（和泉 十七夜（ヴァンパイアver.））/311161-2.json	True	True	after_20261001_takeover	56	211763e5ef2102d999ee200fe1942c971c0a660a	magireco-source-master/Scenarios_full/character_story/1116 - 和泉十七夜（吸血鬼ver.）（和泉 十七夜（ヴァンパイアver.））/311161-2.json	28e367486d5c4d2bc8c9223d9cc6c05ef51764b6	50	manifests/story_quality_semantic_batch06_ai_only_20261002_evidence.json.gz	0d04f7adc9db140a1f7fac1183c5d346353b7899	[3318]	"{""path"":""magireco-translate-data-master/Scenarios_full/character_story/1116 - 和泉十七夜（吸血鬼ver.）（和泉 十七夜（ヴァンパイアver.））/311161-2.json"",""cn_blob"":""211763e5ef2102d999ee200fe1942c971c0a660a"",""jp_path"":""magireco-source-master/Scenarios_full/character_story/1116 - 和泉十七夜（吸血鬼ver.）（和泉 十七夜（ヴァンパイアver.））/311161-2.json"",""jp_blob"":""28e367486d5c4d2bc8c9223d9cc6c05ef51764b6"",""evidence"":{""batch"":""20261002-semantic-batch06-ai-only"",""source_commit"":""0d04f7adc9db140a1f7fac1183c5d346353b7899"",""report"":""manifests/story_quality_semantic_batch06_ai_only_20261002_evidence.json.gz"",""script_id"":""311161-2"",""full_fields"":56}}"
311161-3	"[""311161""]"	"[""第1话 吸血鬼的违和感 吸血鬼の違和感""]"	magireco-translate-data-master/Scenarios_full/character_story/1116 - 和泉十七夜（吸血鬼ver.）（和泉 十七夜（ヴァンパイアver.））/311161-3.json	True	True	after_20261001_takeover	32	76c35fe21024f75e5e09ba5feada9f773c95b3d8	magireco-source-master/Scenarios_full/character_story/1116 - 和泉十七夜（吸血鬼ver.）（和泉 十七夜（ヴァンパイアver.））/311161-3.json	2c6099c0c579f48bccbe5d3376521682f59acc4a	30	manifests/story_quality_semantic_batch06_ai_only_20261002_evidence.json.gz	0d04f7adc9db140a1f7fac1183c5d346353b7899	[3318]	"{""path"":""magireco-translate-data-master/Scenarios_full/character_story/1116 - 和泉十七夜（吸血鬼ver.）（和泉 十七夜（ヴァンパイアver.））/311161-3.json"",""cn_blob"":""76c35fe21024f75e5e09ba5feada9f773c95b3d8"",""jp_path"":""magireco-source-master/Scenarios_full/character_story/1116 - 和泉十七夜（吸血鬼ver.）（和泉 十七夜（ヴァンパイアver.））/311161-3.json"",""jp_blob"":""2c6099c0c579f48bccbe5d3376521682f59acc4a"",""evidence"":{""batch"":""20261002-semantic-batch06-ai-only"",""source_commit"":""0d04f7adc9db140a1f7fac1183c5d346353b7899"",""report"":""manifests/story_quality_semantic_batch06_ai_only_20261002_evidence.json.gz"",""script_id"":""311161-3"",""full_fields"":32}}"
311161-4	"[""311161""]"	"[""第1话 吸血鬼的违和感 吸血鬼の違和感""]"	magireco-translate-data-master/Scenarios_full/character_story/1116 - 和泉十七夜（吸血鬼ver.）（和泉 十七夜（ヴァンパイアver.））/311161-4.json	True	True	after_20261001_takeover	37	181f0b0b90f03901179986cf04ea9b6c4e870f36	magireco-source-master/Scenarios_full/character_story/1116 - 和泉十七夜（吸血鬼ver.）（和泉 十七夜（ヴァンパイアver.））/311161-4.json	c229944713c7a1a55cb77c1266801613935f29f8	34	manifests/story_quality_semantic_batch06_ai_only_20261002_evidence.json.gz	0d04f7adc9db140a1f7fac1183c5d346353b7899	[3318]	"{""path"":""magireco-translate-data-master/Scenarios_full/character_story/1116 - 和泉十七夜（吸血鬼ver.）（和泉 十七夜（ヴァンパイアver.））/311161-4.json"",""cn_blob"":""181f0b0b90f03901179986cf04ea9b6c4e870f36"",""jp_path"":""magireco-source-master/Scenarios_full/character_story/1116 - 和泉十七夜（吸血鬼ver.）（和泉 十七夜（ヴァンパイアver.））/311161-4.json"",""jp_blob"":""c229944713c7a1a55cb77c1266801613935f29f8"",""evidence"":{""batch"":""20261002-semantic-batch06-ai-only"",""source_commit"":""0d04f7adc9db140a1f7fac1183c5d346353b7899"",""report"":""manifests/story_quality_semantic_batch06_ai_only_20261002_evidence.json.gz"",""script_id"":""311161-4"",""full_fields"":37}}"
311162-1	"[""311162""]"	"[""第2话 奔跑的吸血鬼女仆 走るメイド吸血鬼""]"	magireco-translate-data-master/Scenarios_full/character_story/1116 - 和泉十七夜（吸血鬼ver.）（和泉 十七夜（ヴァンパイアver.））/311162-1.json	True	True	after_20261001_takeover	36	7c29724bfcad3abe2e5c4ab2aa5881735b4c4c4f	magireco-source-master/Scenarios_full/character_story/1116 - 和泉十七夜（吸血鬼ver.）（和泉 十七夜（ヴァンパイアver.））/311162-1.json	31052b1f3f49c986a8430812a785d81b7a940fd9	30	manifests/story_quality_semantic_batch06_ai_only_20261002_evidence.json.gz	0d04f7adc9db140a1f7fac1183c5d346353b7899	[3318]	"{""path"":""magireco-translate-data-master/Scenarios_full/character_story/1116 - 和泉十七夜（吸血鬼ver.）（和泉 十七夜（ヴァンパイアver.））/311162-1.json"",""cn_blob"":""7c29724bfcad3abe2e5c4ab2aa5881735b4c4c4f"",""jp_path"":""magireco-source-master/Scenarios_full/character_story/1116 - 和泉十七夜（吸血鬼ver.）（和泉 十七夜（ヴァンパイアver.））/311162-1.json"",""jp_blob"":""31052b1f3f49c986a8430812a785d81b7a940fd9"",""evidence"":{""batch"":""20261002-semantic-batch06-ai-only"",""source_commit"":""0d04f7adc9db140a1f7fac1183c5d346353b7899"",""report"":""manifests/story_quality_semantic_batch06_ai_only_20261002_evidence.json.gz"",""script_id"":""311162-1"",""full_fields"":36}}"
311162-2	"[""311162""]"	"[""第2话 奔跑的吸血鬼女仆 走るメイド吸血鬼""]"	magireco-translate-data-master/Scenarios_full/character_story/1116 - 和泉十七夜（吸血鬼ver.）（和泉 十七夜（ヴァンパイアver.））/311162-2.json	True	True	after_20261001_takeover	63	80e0f1b4a6480f6ee1724f06e1a6e8e579db603e	magireco-source-master/Scenarios_full/character_story/1116 - 和泉十七夜（吸血鬼ver.）（和泉 十七夜（ヴァンパイアver.））/311162-2.json	940658d7ce4c96fc80792c60e43e8845685285ee	51	manifests/story_quality_semantic_batch06_ai_only_20261002_evidence.json.gz	0d04f7adc9db140a1f7fac1183c5d346353b7899	[3318]	"{""path"":""magireco-translate-data-master/Scenarios_full/character_story/1116 - 和泉十七夜（吸血鬼ver.）（和泉 十七夜（ヴァンパイアver.））/311162-2.json"",""cn_blob"":""80e0f1b4a6480f6ee1724f06e1a6e8e579db603e"",""jp_path"":""magireco-source-master/Scenarios_full/character_story/1116 - 和泉十七夜（吸血鬼ver.）（和泉 十七夜（ヴァンパイアver.））/311162-2.json"",""jp_blob"":""940658d7ce4c96fc80792c60e43e8845685285ee"",""evidence"":{""batch"":""20261002-semantic-batch06-ai-only"",""source_commit"":""0d04f7adc9db140a1f7fac1183c5d346353b7899"",""report"":""manifests/story_quality_semantic_batch06_ai_only_20261002_evidence.json.gz"",""script_id"":""311162-2"",""full_fields"":63}}"
311162-3	"[""311162""]"	"[""第2话 奔跑的吸血鬼女仆 走るメイド吸血鬼""]"	magireco-translate-data-master/Scenarios_full/character_story/1116 - 和泉十七夜（吸血鬼ver.）（和泉 十七夜（ヴァンパイアver.））/311162-3.json	True	True	after_20261001_takeover	63	9cb01c6225347ad12ff1032a9c19f46397863529	magireco-source-master/Scenarios_full/character_story/1116 - 和泉十七夜（吸血鬼ver.）（和泉 十七夜（ヴァンパイアver.））/311162-3.json	46157662de34d26c29e7ee1eb2deeb5bbda6f430	49	manifests/story_quality_semantic_batch06_ai_only_20261002_evidence.json.gz	0d04f7adc9db140a1f7fac1183c5d346353b7899	[3318]	"{""path"":""magireco-translate-data-master/Scenarios_full/character_story/1116 - 和泉十七夜（吸血鬼ver.）（和泉 十七夜（ヴァンパイアver.））/311162-3.json"",""cn_blob"":""9cb01c6225347ad12ff1032a9c19f46397863529"",""jp_path"":""magireco-source-master/Scenarios_full/character_story/1116 - 和泉十七夜（吸血鬼ver.）（和泉 十七夜（ヴァンパイアver.））/311162-3.json"",""jp_blob"":""46157662de34d26c29e7ee1eb2deeb5bbda6f430"",""evidence"":{""batch"":""20261002-semantic-batch06-ai-only"",""source_commit"":""0d04f7adc9db140a1f7fac1183c5d346353b7899"",""report"":""manifests/story_quality_semantic_batch06_ai_only_20261002_evidence.json.gz"",""script_id"":""311162-3"",""full_fields"":63}}"
311162-4	"[""311162""]"	"[""第2话 奔跑的吸血鬼女仆 走るメイド吸血鬼""]"	magireco-translate-data-master/Scenarios_full/character_story/1116 - 和泉十七夜（吸血鬼ver.）（和泉 十七夜（ヴァンパイアver.））/311162-4.json	True	True	after_20261001_takeover	57	4c007975c739e836d67b5d4bacc4f887efb8eaf4	magireco-source-master/Scenarios_full/character_story/1116 - 和泉十七夜（吸血鬼ver.）（和泉 十七夜（ヴァンパイアver.））/311162-4.json	2154651f80c0ecca2083f5751d5a329b569ea6ac	47	manifests/story_quality_semantic_batch06_ai_only_20261002_evidence.json.gz	0d04f7adc9db140a1f7fac1183c5d346353b7899	[3318]	"{""path"":""magireco-translate-data-master/Scenarios_full/character_story/1116 - 和泉十七夜（吸血鬼ver.）（和泉 十七夜（ヴァンパイアver.））/311162-4.json"",""cn_blob"":""4c007975c739e836d67b5d4bacc4f887efb8eaf4"",""jp_path"":""magireco-source-master/Scenarios_full/character_story/1116 - 和泉十七夜（吸血鬼ver.）（和泉 十七夜（ヴァンパイアver.））/311162-4.json"",""jp_blob"":""2154651f80c0ecca2083f5751d5a329b569ea6ac"",""evidence"":{""batch"":""20261002-semantic-batch06-ai-only"",""source_commit"":""0d04f7adc9db140a1f7fac1183c5d346353b7899"",""report"":""manifests/story_quality_semantic_batch06_ai_only_20261002_evidence.json.gz"",""script_id"":""311162-4"",""full_fields"":57}}"
311163-1	"[""311163""]"	"[""第3话 十七夜的答案 十七夜の答え""]"	magireco-translate-data-master/Scenarios_full/character_story/1116 - 和泉十七夜（吸血鬼ver.）（和泉 十七夜（ヴァンパイアver.））/311163-1.json	True	True	after_20261001_takeover	50	b11739866b851554f7f2cf491a447f4b6c91569e	magireco-source-master/Scenarios_full/character_story/1116 - 和泉十七夜（吸血鬼ver.）（和泉 十七夜（ヴァンパイアver.））/311163-1.json	30b6c06661076982ab18fe902fc7f2ca3d2dd9ea	45	manifests/story_quality_semantic_batch06_ai_only_20261002_evidence.json.gz	0d04f7adc9db140a1f7fac1183c5d346353b7899	[3318]	"{""path"":""magireco-translate-data-master/Scenarios_full/character_story/1116 - 和泉十七夜（吸血鬼ver.）（和泉 十七夜（ヴァンパイアver.））/311163-1.json"",""cn_blob"":""b11739866b851554f7f2cf491a447f4b6c91569e"",""jp_path"":""magireco-source-master/Scenarios_full/character_story/1116 - 和泉十七夜（吸血鬼ver.）（和泉 十七夜（ヴァンパイアver.））/311163-1.json"",""jp_blob"":""30b6c06661076982ab18fe902fc7f2ca3d2dd9ea"",""evidence"":{""batch"":""20261002-semantic-batch06-ai-only"",""source_commit"":""0d04f7adc9db140a1f7fac1183c5d346353b7899"",""report"":""manifests/story_quality_semantic_batch06_ai_only_20261002_evidence.json.gz"",""script_id"":""311163-1"",""full_fields"":50}}"
311163-2	"[""311163""]"	"[""第3话 十七夜的答案 十七夜の答え""]"	magireco-translate-data-master/Scenarios_full/character_story/1116 - 和泉十七夜（吸血鬼ver.）（和泉 十七夜（ヴァンパイアver.））/311163-2.json	True	True	after_20261001_takeover	58	21639629ee418feee5e315fcc74c8111be5e85b7	magireco-source-master/Scenarios_full/character_story/1116 - 和泉十七夜（吸血鬼ver.）（和泉 十七夜（ヴァンパイアver.））/311163-2.json	bcd2ebe46f5ef87a1eb11df52a39c38425fadcf8	51	manifests/story_quality_semantic_batch06_ai_only_20261002_evidence.json.gz	0d04f7adc9db140a1f7fac1183c5d346353b7899	[3318]	"{""path"":""magireco-translate-data-master/Scenarios_full/character_story/1116 - 和泉十七夜（吸血鬼ver.）（和泉 十七夜（ヴァンパイアver.））/311163-2.json"",""cn_blob"":""21639629ee418feee5e315fcc74c8111be5e85b7"",""jp_path"":""magireco-source-master/Scenarios_full/character_story/1116 - 和泉十七夜（吸血鬼ver.）（和泉 十七夜（ヴァンパイアver.））/311163-2.json"",""jp_blob"":""bcd2ebe46f5ef87a1eb11df52a39c38425fadcf8"",""evidence"":{""batch"":""20261002-semantic-batch06-ai-only"",""source_commit"":""0d04f7adc9db140a1f7fac1183c5d346353b7899"",""report"":""manifests/story_quality_semantic_batch06_ai_only_20261002_evidence.json.gz"",""script_id"":""311163-2"",""full_fields"":58}}"
311163-3	"[""311163""]"	"[""第3话 十七夜的答案 十七夜の答え""]"	magireco-translate-data-master/Scenarios_full/character_story/1116 - 和泉十七夜（吸血鬼ver.）（和泉 十七夜（ヴァンパイアver.））/311163-3.json	True	True	after_20261001_takeover	62	99ac874827e68bf59f68d01ecb39ad09805cf9d0	magireco-source-master/Scenarios_full/character_story/1116 - 和泉十七夜（吸血鬼ver.）（和泉 十七夜（ヴァンパイアver.））/311163-3.json	750e8dc229f98ac429182f11793ac875f23ed1c3	57	manifests/story_quality_semantic_batch06_ai_only_20261002_evidence.json.gz	0d04f7adc9db140a1f7fac1183c5d346353b7899	[3318]	"{""path"":""magireco-translate-data-master/Scenarios_full/character_story/1116 - 和泉十七夜（吸血鬼ver.）（和泉 十七夜（ヴァンパイアver.））/311163-3.json"",""cn_blob"":""99ac874827e68bf59f68d01ecb39ad09805cf9d0"",""jp_path"":""magireco-source-master/Scenarios_full/character_story/1116 - 和泉十七夜（吸血鬼ver.）（和泉 十七夜（ヴァンパイアver.））/311163-3.json"",""jp_blob"":""750e8dc229f98ac429182f11793ac875f23ed1c3"",""evidence"":{""batch"":""20261002-semantic-batch06-ai-only"",""source_commit"":""0d04f7adc9db140a1f7fac1183c5d346353b7899"",""report"":""manifests/story_quality_semantic_batch06_ai_only_20261002_evidence.json.gz"",""script_id"":""311163-3"",""full_fields"":62}}"
311163-4	"[""311163""]"	"[""第3话 十七夜的答案 十七夜の答え""]"	magireco-translate-data-master/Scenarios_full/character_story/1116 - 和泉十七夜（吸血鬼ver.）（和泉 十七夜（ヴァンパイアver.））/311163-4.json	True	True	after_20261001_takeover	88	e282d61c8f822b7d6ee98c14e5f8216eb4938b12	magireco-source-master/Scenarios_full/character_story/1116 - 和泉十七夜（吸血鬼ver.）（和泉 十七夜（ヴァンパイアver.））/311163-4.json	9b2743f54f6bad59c57452bd951fe91822e754ef	80	manifests/story_quality_semantic_batch06_ai_only_20261002_evidence.json.gz	0d04f7adc9db140a1f7fac1183c5d346353b7899	[3318]	"{""path"":""magireco-translate-data-master/Scenarios_full/character_story/1116 - 和泉十七夜（吸血鬼ver.）（和泉 十七夜（ヴァンパイアver.））/311163-4.json"",""cn_blob"":""e282d61c8f822b7d6ee98c14e5f8216eb4938b12"",""jp_path"":""magireco-source-master/Scenarios_full/character_story/1116 - 和泉十七夜（吸血鬼ver.）（和泉 十七夜（ヴァンパイアver.））/311163-4.json"",""jp_blob"":""9b2743f54f6bad59c57452bd951fe91822e754ef"",""evidence"":{""batch"":""20261002-semantic-batch06-ai-only"",""source_commit"":""0d04f7adc9db140a1f7fac1183c5d346353b7899"",""report"":""manifests/story_quality_semantic_batch06_ai_only_20261002_evidence.json.gz"",""script_id"":""311163-4"",""full_fields"":88}}"
340241-1	"[""340241""]"	"[""第1话 与母亲的回忆 母との思い出""]"	magireco-translate-data-master/Scenarios_full/character_story/4024 - 米诺（ミヌゥ）/340241-1.json	True	True	after_20261001_takeover	31	9e96fb664a096e74d1224e667028726c0c5a34eb	magireco-source-master/Scenarios_full/character_story/4024 - 米诺（ミヌゥ）/340241-1.json	f51a751ac4cfca2d6acd272e515b7b2281d34a66	28	manifests/story_quality_semantic_batch06_ai_only_20261002_evidence.json.gz	0d04f7adc9db140a1f7fac1183c5d346353b7899	[3318]	"{""path"":""magireco-translate-data-master/Scenarios_full/character_story/4024 - 米诺（ミヌゥ）/340241-1.json"",""cn_blob"":""9e96fb664a096e74d1224e667028726c0c5a34eb"",""jp_path"":""magireco-source-master/Scenarios_full/character_story/4024 - 米诺（ミヌゥ）/340241-1.json"",""jp_blob"":""f51a751ac4cfca2d6acd272e515b7b2281d34a66"",""evidence"":{""batch"":""20261002-semantic-batch06-ai-only"",""source_commit"":""0d04f7adc9db140a1f7fac1183c5d346353b7899"",""report"":""manifests/story_quality_semantic_batch06_ai_only_20261002_evidence.json.gz"",""script_id"":""340241-1"",""full_fields"":31}}"
340241-2	"[""340241""]"	"[""第1话 与母亲的回忆 母との思い出""]"	magireco-translate-data-master/Scenarios_full/character_story/4024 - 米诺（ミヌゥ）/340241-2.json	True	True	after_20261001_takeover	46	fe582b0f9a73ef346d53d7e36e968b4b68abec9f	magireco-source-master/Scenarios_full/character_story/4024 - 米诺（ミヌゥ）/340241-2.json	b1e2103dcddf1d22e47379ca4114c8a6c937b35a	37	manifests/story_quality_semantic_batch06_ai_only_20261002_evidence.json.gz	0d04f7adc9db140a1f7fac1183c5d346353b7899	[3318]	"{""path"":""magireco-translate-data-master/Scenarios_full/character_story/4024 - 米诺（ミヌゥ）/340241-2.json"",""cn_blob"":""fe582b0f9a73ef346d53d7e36e968b4b68abec9f"",""jp_path"":""magireco-source-master/Scenarios_full/character_story/4024 - 米诺（ミヌゥ）/340241-2.json"",""jp_blob"":""b1e2103dcddf1d22e47379ca4114c8a6c937b35a"",""evidence"":{""batch"":""20261002-semantic-batch06-ai-only"",""source_commit"":""0d04f7adc9db140a1f7fac1183c5d346353b7899"",""report"":""manifests/story_quality_semantic_batch06_ai_only_20261002_evidence.json.gz"",""script_id"":""340241-2"",""full_fields"":46}}"
340241-3	"[""340241""]"	"[""第1话 与母亲的回忆 母との思い出""]"	magireco-translate-data-master/Scenarios_full/character_story/4024 - 米诺（ミヌゥ）/340241-3.json	True	True	after_20261001_takeover	38	508d0d1f4c5a82bbe9367407930949a83b1d80b4	magireco-source-master/Scenarios_full/character_story/4024 - 米诺（ミヌゥ）/340241-3.json	d99d59d61500ed8880deb0f9a724e8f79528e7ca	31	manifests/story_quality_semantic_batch06_ai_only_20261002_evidence.json.gz	0d04f7adc9db140a1f7fac1183c5d346353b7899	[3318]	"{""path"":""magireco-translate-data-master/Scenarios_full/character_story/4024 - 米诺（ミヌゥ）/340241-3.json"",""cn_blob"":""508d0d1f4c5a82bbe9367407930949a83b1d80b4"",""jp_path"":""magireco-source-master/Scenarios_full/character_story/4024 - 米诺（ミヌゥ）/340241-3.json"",""jp_blob"":""d99d59d61500ed8880deb0f9a724e8f79528e7ca"",""evidence"":{""batch"":""20261002-semantic-batch06-ai-only"",""source_commit"":""0d04f7adc9db140a1f7fac1183c5d346353b7899"",""report"":""manifests/story_quality_semantic_batch06_ai_only_20261002_evidence.json.gz"",""script_id"":""340241-3"",""full_fields"":38}}"
340241-4	"[""340241""]"	"[""第1话 与母亲的回忆 母との思い出""]"	magireco-translate-data-master/Scenarios_full/character_story/4024 - 米诺（ミヌゥ）/340241-4.json	True	True	after_20261001_takeover	36	24cfb14efc0d4599128949417a792cfdca5f2782	magireco-source-master/Scenarios_full/character_story/4024 - 米诺（ミヌゥ）/340241-4.json	ef71e563f5d0d2aae3018def8acfe8769afb28e6	35	manifests/story_quality_semantic_batch06_ai_only_20261002_evidence.json.gz	0d04f7adc9db140a1f7fac1183c5d346353b7899	[3318]	"{""path"":""magireco-translate-data-master/Scenarios_full/character_story/4024 - 米诺（ミヌゥ）/340241-4.json"",""cn_blob"":""24cfb14efc0d4599128949417a792cfdca5f2782"",""jp_path"":""magireco-source-master/Scenarios_full/character_story/4024 - 米诺（ミヌゥ）/340241-4.json"",""jp_blob"":""ef71e563f5d0d2aae3018def8acfe8769afb28e6"",""evidence"":{""batch"":""20261002-semantic-batch06-ai-only"",""source_commit"":""0d04f7adc9db140a1f7fac1183c5d346353b7899"",""report"":""manifests/story_quality_semantic_batch06_ai_only_20261002_evidence.json.gz"",""script_id"":""340241-4"",""full_fields"":36}}"
340242-1	"[""340242""]"	"[""第2话 献给母亲的愿望 母に捧げる願い""]"	magireco-translate-data-master/Scenarios_full/character_story/4024 - 米诺（ミヌゥ）/340242-1.json	True	True	after_20261001_takeover	24	9dd1168b7c6bb8c11641617945deb43e4020942f	magireco-source-master/Scenarios_full/character_story/4024 - 米诺（ミヌゥ）/340242-1.json	de790caa8fdb35a2055f9bd50fa6c0f8fff8c459	21	manifests/story_quality_semantic_batch06_ai_only_20261002_evidence.json.gz	0d04f7adc9db140a1f7fac1183c5d346353b7899	[3318]	"{""path"":""magireco-translate-data-master/Scenarios_full/character_story/4024 - 米诺（ミヌゥ）/340242-1.json"",""cn_blob"":""9dd1168b7c6bb8c11641617945deb43e4020942f"",""jp_path"":""magireco-source-master/Scenarios_full/character_story/4024 - 米诺（ミヌゥ）/340242-1.json"",""jp_blob"":""de790caa8fdb35a2055f9bd50fa6c0f8fff8c459"",""evidence"":{""batch"":""20261002-semantic-batch06-ai-only"",""source_commit"":""0d04f7adc9db140a1f7fac1183c5d346353b7899"",""report"":""manifests/story_quality_semantic_batch06_ai_only_20261002_evidence.json.gz"",""script_id"":""340242-1"",""full_fields"":24}}"
340242-2	"[""340242""]"	"[""第2话 献给母亲的愿望 母に捧げる願い""]"	magireco-translate-data-master/Scenarios_full/character_story/4024 - 米诺（ミヌゥ）/340242-2.json	True	True	after_20261001_takeover	45	b47763550be3097b4f298c4dc0c2266a4362ee20	magireco-source-master/Scenarios_full/character_story/4024 - 米诺（ミヌゥ）/340242-2.json	438b19b5041241db20b8a1e92dca2b27fbd0470b	41	manifests/story_quality_semantic_batch06_ai_only_20261002_evidence.json.gz	0d04f7adc9db140a1f7fac1183c5d346353b7899	[3318]	"{""path"":""magireco-translate-data-master/Scenarios_full/character_story/4024 - 米诺（ミヌゥ）/340242-2.json"",""cn_blob"":""b47763550be3097b4f298c4dc0c2266a4362ee20"",""jp_path"":""magireco-source-master/Scenarios_full/character_story/4024 - 米诺（ミヌゥ）/340242-2.json"",""jp_blob"":""438b19b5041241db20b8a1e92dca2b27fbd0470b"",""evidence"":{""batch"":""20261002-semantic-batch06-ai-only"",""source_commit"":""0d04f7adc9db140a1f7fac1183c5d346353b7899"",""report"":""manifests/story_quality_semantic_batch06_ai_only_20261002_evidence.json.gz"",""script_id"":""340242-2"",""full_fields"":45}}"
340242-3	"[""340242""]"	"[""第2话 献给母亲的愿望 母に捧げる願い""]"	magireco-translate-data-master/Scenarios_full/character_story/4024 - 米诺（ミヌゥ）/340242-3.json	True	True	after_20261001_takeover	46	87408b876a30175fe6fffd1e915a0c761c52a7b3	magireco-source-master/Scenarios_full/character_story/4024 - 米诺（ミヌゥ）/340242-3.json	00f2b7465db8e7a3aa7c0976c0c370460e6cba54	36	manifests/story_quality_semantic_batch06_ai_only_20261002_evidence.json.gz	0d04f7adc9db140a1f7fac1183c5d346353b7899	[3318]	"{""path"":""magireco-translate-data-master/Scenarios_full/character_story/4024 - 米诺（ミヌゥ）/340242-3.json"",""cn_blob"":""87408b876a30175fe6fffd1e915a0c761c52a7b3"",""jp_path"":""magireco-source-master/Scenarios_full/character_story/4024 - 米诺（ミヌゥ）/340242-3.json"",""jp_blob"":""00f2b7465db8e7a3aa7c0976c0c370460e6cba54"",""evidence"":{""batch"":""20261002-semantic-batch06-ai-only"",""source_commit"":""0d04f7adc9db140a1f7fac1183c5d346353b7899"",""report"":""manifests/story_quality_semantic_batch06_ai_only_20261002_evidence.json.gz"",""script_id"":""340242-3"",""full_fields"":46}}"
340242-4	"[""340242""]"	"[""第2话 献给母亲的愿望 母に捧げる願い""]"	magireco-translate-data-master/Scenarios_full/character_story/4024 - 米诺（ミヌゥ）/340242-4.json	True	True	after_20261001_takeover	32	261d1ac523ad6986a597ff433e9e481e126daa80	magireco-source-master/Scenarios_full/character_story/4024 - 米诺（ミヌゥ）/340242-4.json	62871488c36d9c045fac614ba0c376da20fd0467	28	manifests/story_quality_semantic_batch06_ai_only_20261002_evidence.json.gz	0d04f7adc9db140a1f7fac1183c5d346353b7899	[3318]	"{""path"":""magireco-translate-data-master/Scenarios_full/character_story/4024 - 米诺（ミヌゥ）/340242-4.json"",""cn_blob"":""261d1ac523ad6986a597ff433e9e481e126daa80"",""jp_path"":""magireco-source-master/Scenarios_full/character_story/4024 - 米诺（ミヌゥ）/340242-4.json"",""jp_blob"":""62871488c36d9c045fac614ba0c376da20fd0467"",""evidence"":{""batch"":""20261002-semantic-batch06-ai-only"",""source_commit"":""0d04f7adc9db140a1f7fac1183c5d346353b7899"",""report"":""manifests/story_quality_semantic_batch06_ai_only_20261002_evidence.json.gz"",""script_id"":""340242-4"",""full_fields"":32}}"
340243-1	"[""340243""]"	"[""第3话 一切都是为了母亲 すべては母のために""]"	magireco-translate-data-master/Scenarios_full/character_story/4024 - 米诺（ミヌゥ）/340243-1.json	True	True	after_20261001_takeover	30	042482b4c7fb098e5b8b874f75db798e49c942c7	magireco-source-master/Scenarios_full/character_story/4024 - 米诺（ミヌゥ）/340243-1.json	fc8f1440b613fe8c7f4f9fb941c4ebdcf5c97be1	20	manifests/story_quality_semantic_batch06_ai_only_20261002_evidence.json.gz	0d04f7adc9db140a1f7fac1183c5d346353b7899	[3318]	"{""path"":""magireco-translate-data-master/Scenarios_full/character_story/4024 - 米诺（ミヌゥ）/340243-1.json"",""cn_blob"":""042482b4c7fb098e5b8b874f75db798e49c942c7"",""jp_path"":""magireco-source-master/Scenarios_full/character_story/4024 - 米诺（ミヌゥ）/340243-1.json"",""jp_blob"":""fc8f1440b613fe8c7f4f9fb941c4ebdcf5c97be1"",""evidence"":{""batch"":""20261002-semantic-batch06-ai-only"",""source_commit"":""0d04f7adc9db140a1f7fac1183c5d346353b7899"",""report"":""manifests/story_quality_semantic_batch06_ai_only_20261002_evidence.json.gz"",""script_id"":""340243-1"",""full_fields"":30}}"
340243-2	"[""340243""]"	"[""第3话 一切都是为了母亲 すべては母のために""]"	magireco-translate-data-master/Scenarios_full/character_story/4024 - 米诺（ミヌゥ）/340243-2.json	True	True	after_20261001_takeover	28	68088cdc65d6e3b19511c21edce9199b69f14743	magireco-source-master/Scenarios_full/character_story/4024 - 米诺（ミヌゥ）/340243-2.json	f53d08282c4e468c0c5248c987b4a0eec9f1f3ea	25	manifests/story_quality_semantic_batch06_ai_only_20261002_evidence.json.gz	0d04f7adc9db140a1f7fac1183c5d346353b7899	[3318]	"{""path"":""magireco-translate-data-master/Scenarios_full/character_story/4024 - 米诺（ミヌゥ）/340243-2.json"",""cn_blob"":""68088cdc65d6e3b19511c21edce9199b69f14743"",""jp_path"":""magireco-source-master/Scenarios_full/character_story/4024 - 米诺（ミヌゥ）/340243-2.json"",""jp_blob"":""f53d08282c4e468c0c5248c987b4a0eec9f1f3ea"",""evidence"":{""batch"":""20261002-semantic-batch06-ai-only"",""source_commit"":""0d04f7adc9db140a1f7fac1183c5d346353b7899"",""report"":""manifests/story_quality_semantic_batch06_ai_only_20261002_evidence.json.gz"",""script_id"":""340243-2"",""full_fields"":28}}"
340243-3	"[""340243""]"	"[""第3话 一切都是为了母亲 すべては母のために""]"	magireco-translate-data-master/Scenarios_full/character_story/4024 - 米诺（ミヌゥ）/340243-3.json	True	True	after_20261001_takeover	24	20081fb8131b14ee14527cc580b8bf66c7e462d4	magireco-source-master/Scenarios_full/character_story/4024 - 米诺（ミヌゥ）/340243-3.json	f70f5adc76e2549b2967e7f5743fca0e8a46fe20	16	manifests/story_quality_semantic_batch06_ai_only_20261002_evidence.json.gz	0d04f7adc9db140a1f7fac1183c5d346353b7899	[3318]	"{""path"":""magireco-translate-data-master/Scenarios_full/character_story/4024 - 米诺（ミヌゥ）/340243-3.json"",""cn_blob"":""20081fb8131b14ee14527cc580b8bf66c7e462d4"",""jp_path"":""magireco-source-master/Scenarios_full/character_story/4024 - 米诺（ミヌゥ）/340243-3.json"",""jp_blob"":""f70f5adc76e2549b2967e7f5743fca0e8a46fe20"",""evidence"":{""batch"":""20261002-semantic-batch06-ai-only"",""source_commit"":""0d04f7adc9db140a1f7fac1183c5d346353b7899"",""report"":""manifests/story_quality_semantic_batch06_ai_only_20261002_evidence.json.gz"",""script_id"":""340243-3"",""full_fields"":24}}"
340243-4	"[""340243""]"	"[""第3话 一切都是为了母亲 すべては母のために""]"	magireco-translate-data-master/Scenarios_full/character_story/4024 - 米诺（ミヌゥ）/340243-4.json	True	True	after_20261001_takeover	47	b7546870633b72d8b3785360b9a0133b4b5a3a08	magireco-source-master/Scenarios_full/character_story/4024 - 米诺（ミヌゥ）/340243-4.json	f99dccc311060a809b014f13e0d2c37cc7a047be	23	manifests/story_quality_semantic_batch06_ai_only_20261002_evidence.json.gz	0d04f7adc9db140a1f7fac1183c5d346353b7899	[3318]	"{""path"":""magireco-translate-data-master/Scenarios_full/character_story/4024 - 米诺（ミヌゥ）/340243-4.json"",""cn_blob"":""b7546870633b72d8b3785360b9a0133b4b5a3a08"",""jp_path"":""magireco-source-master/Scenarios_full/character_story/4024 - 米诺（ミヌゥ）/340243-4.json"",""jp_blob"":""f99dccc311060a809b014f13e0d2c37cc7a047be"",""evidence"":{""batch"":""20261002-semantic-batch06-ai-only"",""source_commit"":""0d04f7adc9db140a1f7fac1183c5d346353b7899"",""report"":""manifests/story_quality_semantic_batch06_ai_only_20261002_evidence.json.gz"",""script_id"":""340243-4"",""full_fields"":47}}"
340271-1	"[""340271""]"	"[""第1话 姐妹的约定 姉妹の約束""]"	magireco-translate-data-master/Scenarios_full/character_story/4027 - 拉皮努（ラピヌ）/340271-1.json	True	True	after_20261001_takeover	40	c6f21aa8777adc67462ab9e2b4c60cefe0d3e27a	magireco-source-master/Scenarios_full/character_story/4027 - 拉皮努（ラピヌ）/340271-1.json	e92ff01d044ef7b923dd68543470115d2a8549c2	34	manifests/story_quality_semantic_batch07_ai_only_20261002_evidence.json.gz	4c2eb16d22aae5bab05937a9a0a4821b9f6f0227	[3319]	"{""path"":""magireco-translate-data-master/Scenarios_full/character_story/4027 - 拉皮努（ラピヌ）/340271-1.json"",""cn_blob"":""c6f21aa8777adc67462ab9e2b4c60cefe0d3e27a"",""jp_path"":""magireco-source-master/Scenarios_full/character_story/4027 - 拉皮努（ラピヌ）/340271-1.json"",""jp_blob"":""e92ff01d044ef7b923dd68543470115d2a8549c2"",""evidence"":{""batch"":""20261002-semantic-batch07-ai-only"",""source_commit"":""4c2eb16d22aae5bab05937a9a0a4821b9f6f0227"",""report"":""manifests/story_quality_semantic_batch07_ai_only_20261002_evidence.json.gz"",""script_id"":""340271-1"",""full_fields"":40}}"
340271-2	"[""340271""]"	"[""第1话 姐妹的约定 姉妹の約束""]"	magireco-translate-data-master/Scenarios_full/character_story/4027 - 拉皮努（ラピヌ）/340271-2.json	True	True	after_20261001_takeover	40	c12930e8880d0d8d21b32c2442590ea58488d763	magireco-source-master/Scenarios_full/character_story/4027 - 拉皮努（ラピヌ）/340271-2.json	44c1a09caabd79c04731a7defe9815f0c48b3c7c	34	manifests/story_quality_semantic_batch07_ai_only_20261002_evidence.json.gz	4c2eb16d22aae5bab05937a9a0a4821b9f6f0227	[3319]	"{""path"":""magireco-translate-data-master/Scenarios_full/character_story/4027 - 拉皮努（ラピヌ）/340271-2.json"",""cn_blob"":""c12930e8880d0d8d21b32c2442590ea58488d763"",""jp_path"":""magireco-source-master/Scenarios_full/character_story/4027 - 拉皮努（ラピヌ）/340271-2.json"",""jp_blob"":""44c1a09caabd79c04731a7defe9815f0c48b3c7c"",""evidence"":{""batch"":""20261002-semantic-batch07-ai-only"",""source_commit"":""4c2eb16d22aae5bab05937a9a0a4821b9f6f0227"",""report"":""manifests/story_quality_semantic_batch07_ai_only_20261002_evidence.json.gz"",""script_id"":""340271-2"",""full_fields"":40}}"
340271-3	"[""340271""]"	"[""第1话 姐妹的约定 姉妹の約束""]"	magireco-translate-data-master/Scenarios_full/character_story/4027 - 拉皮努（ラピヌ）/340271-3.json	True	True	after_20261001_takeover	45	02e6196b0221037df185592b634c077853dbf360	magireco-source-master/Scenarios_full/character_story/4027 - 拉皮努（ラピヌ）/340271-3.json	4d5fbf16ead735395f053e56d5d955cb439e22d1	38	manifests/story_quality_semantic_batch07_ai_only_20261002_evidence.json.gz	4c2eb16d22aae5bab05937a9a0a4821b9f6f0227	[3319]	"{""path"":""magireco-translate-data-master/Scenarios_full/character_story/4027 - 拉皮努（ラピヌ）/340271-3.json"",""cn_blob"":""02e6196b0221037df185592b634c077853dbf360"",""jp_path"":""magireco-source-master/Scenarios_full/character_story/4027 - 拉皮努（ラピヌ）/340271-3.json"",""jp_blob"":""4d5fbf16ead735395f053e56d5d955cb439e22d1"",""evidence"":{""batch"":""20261002-semantic-batch07-ai-only"",""source_commit"":""4c2eb16d22aae5bab05937a9a0a4821b9f6f0227"",""report"":""manifests/story_quality_semantic_batch07_ai_only_20261002_evidence.json.gz"",""script_id"":""340271-3"",""full_fields"":45}}"
340271-4	"[""340271""]"	"[""第1话 姐妹的约定 姉妹の約束""]"	magireco-translate-data-master/Scenarios_full/character_story/4027 - 拉皮努（ラピヌ）/340271-4.json	True	True	after_20261001_takeover	37	d047737c254445f9fd145a1f958965c7ab6a377a	magireco-source-master/Scenarios_full/character_story/4027 - 拉皮努（ラピヌ）/340271-4.json	680db3ef1c1ac1bc344974bfe18ee2aea1cf2712	32	manifests/story_quality_semantic_batch07_ai_only_20261002_evidence.json.gz	4c2eb16d22aae5bab05937a9a0a4821b9f6f0227	[3319]	"{""path"":""magireco-translate-data-master/Scenarios_full/character_story/4027 - 拉皮努（ラピヌ）/340271-4.json"",""cn_blob"":""d047737c254445f9fd145a1f958965c7ab6a377a"",""jp_path"":""magireco-source-master/Scenarios_full/character_story/4027 - 拉皮努（ラピヌ）/340271-4.json"",""jp_blob"":""680db3ef1c1ac1bc344974bfe18ee2aea1cf2712"",""evidence"":{""batch"":""20261002-semantic-batch07-ai-only"",""source_commit"":""4c2eb16d22aae5bab05937a9a0a4821b9f6f0227"",""report"":""manifests/story_quality_semantic_batch07_ai_only_20261002_evidence.json.gz"",""script_id"":""340271-4"",""full_fields"":37}}"
340272-1	"[""340272""]"	"[""第2话 疑惑苏醒 疑惑のめざめ""]"	magireco-translate-data-master/Scenarios_full/character_story/4027 - 拉皮努（ラピヌ）/340272-1.json	True	True	after_20261001_takeover	30	424249f497a3c8c51b6af5383bee98ee2d89dc1a	magireco-source-master/Scenarios_full/character_story/4027 - 拉皮努（ラピヌ）/340272-1.json	d2d4d99a6744c656ad08b348b2557e23570b0567	28	manifests/story_quality_semantic_batch07_ai_only_20261002_evidence.json.gz	4c2eb16d22aae5bab05937a9a0a4821b9f6f0227	[3319]	"{""path"":""magireco-translate-data-master/Scenarios_full/character_story/4027 - 拉皮努（ラピヌ）/340272-1.json"",""cn_blob"":""424249f497a3c8c51b6af5383bee98ee2d89dc1a"",""jp_path"":""magireco-source-master/Scenarios_full/character_story/4027 - 拉皮努（ラピヌ）/340272-1.json"",""jp_blob"":""d2d4d99a6744c656ad08b348b2557e23570b0567"",""evidence"":{""batch"":""20261002-semantic-batch07-ai-only"",""source_commit"":""4c2eb16d22aae5bab05937a9a0a4821b9f6f0227"",""report"":""manifests/story_quality_semantic_batch07_ai_only_20261002_evidence.json.gz"",""script_id"":""340272-1"",""full_fields"":30}}"
340272-2	"[""340272""]"	"[""第2话 疑惑苏醒 疑惑のめざめ""]"	magireco-translate-data-master/Scenarios_full/character_story/4027 - 拉皮努（ラピヌ）/340272-2.json	True	True	after_20261001_takeover	29	6cc4ee0d40d42170236f98bfad7f20901dc798db	magireco-source-master/Scenarios_full/character_story/4027 - 拉皮努（ラピヌ）/340272-2.json	0297906ccb70cbd6a9a0b91df7680bbd275b9c61	24	manifests/story_quality_semantic_batch07_ai_only_20261002_evidence.json.gz	4c2eb16d22aae5bab05937a9a0a4821b9f6f0227	[3319]	"{""path"":""magireco-translate-data-master/Scenarios_full/character_story/4027 - 拉皮努（ラピヌ）/340272-2.json"",""cn_blob"":""6cc4ee0d40d42170236f98bfad7f20901dc798db"",""jp_path"":""magireco-source-master/Scenarios_full/character_story/4027 - 拉皮努（ラピヌ）/340272-2.json"",""jp_blob"":""0297906ccb70cbd6a9a0b91df7680bbd275b9c61"",""evidence"":{""batch"":""20261002-semantic-batch07-ai-only"",""source_commit"":""4c2eb16d22aae5bab05937a9a0a4821b9f6f0227"",""report"":""manifests/story_quality_semantic_batch07_ai_only_20261002_evidence.json.gz"",""script_id"":""340272-2"",""full_fields"":29}}"
340272-3	"[""340272""]"	"[""第2话 疑惑苏醒 疑惑のめざめ""]"	magireco-translate-data-master/Scenarios_full/character_story/4027 - 拉皮努（ラピヌ）/340272-3.json	True	True	after_20261001_takeover	51	f99a623183985a4864d9e782a57072f9e89276b3	magireco-source-master/Scenarios_full/character_story/4027 - 拉皮努（ラピヌ）/340272-3.json	17f449d6c9b7e2a69fed6f51d4e806ba1d2b94c2	39	manifests/story_quality_semantic_batch07_ai_only_20261002_evidence.json.gz	4c2eb16d22aae5bab05937a9a0a4821b9f6f0227	[3319]	"{""path"":""magireco-translate-data-master/Scenarios_full/character_story/4027 - 拉皮努（ラピヌ）/340272-3.json"",""cn_blob"":""f99a623183985a4864d9e782a57072f9e89276b3"",""jp_path"":""magireco-source-master/Scenarios_full/character_story/4027 - 拉皮努（ラピヌ）/340272-3.json"",""jp_blob"":""17f449d6c9b7e2a69fed6f51d4e806ba1d2b94c2"",""evidence"":{""batch"":""20261002-semantic-batch07-ai-only"",""source_commit"":""4c2eb16d22aae5bab05937a9a0a4821b9f6f0227"",""report"":""manifests/story_quality_semantic_batch07_ai_only_20261002_evidence.json.gz"",""script_id"":""340272-3"",""full_fields"":51}}"
340272-4	"[""340272""]"	"[""第2话 疑惑苏醒 疑惑のめざめ""]"	magireco-translate-data-master/Scenarios_full/character_story/4027 - 拉皮努（ラピヌ）/340272-4.json	True	True	after_20261001_takeover	56	47209138bfb04407641e3d67b87afcdd332ab1a8	magireco-source-master/Scenarios_full/character_story/4027 - 拉皮努（ラピヌ）/340272-4.json	9882f44e19348413e84a733de46670d2a07c6693	48	manifests/story_quality_semantic_batch07_ai_only_20261002_evidence.json.gz	4c2eb16d22aae5bab05937a9a0a4821b9f6f0227	[3319]	"{""path"":""magireco-translate-data-master/Scenarios_full/character_story/4027 - 拉皮努（ラピヌ）/340272-4.json"",""cn_blob"":""47209138bfb04407641e3d67b87afcdd332ab1a8"",""jp_path"":""magireco-source-master/Scenarios_full/character_story/4027 - 拉皮努（ラピヌ）/340272-4.json"",""jp_blob"":""9882f44e19348413e84a733de46670d2a07c6693"",""evidence"":{""batch"":""20261002-semantic-batch07-ai-only"",""source_commit"":""4c2eb16d22aae5bab05937a9a0a4821b9f6f0227"",""report"":""manifests/story_quality_semantic_batch07_ai_only_20261002_evidence.json.gz"",""script_id"":""340272-4"",""full_fields"":56}}"
340273-1	"[""340273""]"	"[""第3话 破灭的未来形态 ついえた未来の形""]"	magireco-translate-data-master/Scenarios_full/character_story/4027 - 拉皮努（ラピヌ）/340273-1.json	True	True	after_20261001_takeover	34	38b573cdd93b1207772314942321e5074812cc02	magireco-source-master/Scenarios_full/character_story/4027 - 拉皮努（ラピヌ）/340273-1.json	5ac34616ddb1edf2342b45a0789edb411c8d4972	26	manifests/story_quality_semantic_batch07_ai_only_20261002_evidence.json.gz	4c2eb16d22aae5bab05937a9a0a4821b9f6f0227	[3319]	"{""path"":""magireco-translate-data-master/Scenarios_full/character_story/4027 - 拉皮努（ラピヌ）/340273-1.json"",""cn_blob"":""38b573cdd93b1207772314942321e5074812cc02"",""jp_path"":""magireco-source-master/Scenarios_full/character_story/4027 - 拉皮努（ラピヌ）/340273-1.json"",""jp_blob"":""5ac34616ddb1edf2342b45a0789edb411c8d4972"",""evidence"":{""batch"":""20261002-semantic-batch07-ai-only"",""source_commit"":""4c2eb16d22aae5bab05937a9a0a4821b9f6f0227"",""report"":""manifests/story_quality_semantic_batch07_ai_only_20261002_evidence.json.gz"",""script_id"":""340273-1"",""full_fields"":34}}"
340273-2	"[""340273""]"	"[""第3话 破灭的未来形态 ついえた未来の形""]"	magireco-translate-data-master/Scenarios_full/character_story/4027 - 拉皮努（ラピヌ）/340273-2.json	True	True	after_20261001_takeover	77	d7c81cdba40fab0f08b34d5de7ae84007b085aca	magireco-source-master/Scenarios_full/character_story/4027 - 拉皮努（ラピヌ）/340273-2.json	513de5f09060fd6f01b8dc61fcd05ff5ba05f65f	68	manifests/story_quality_semantic_batch07_ai_only_20261002_evidence.json.gz	4c2eb16d22aae5bab05937a9a0a4821b9f6f0227	[3319]	"{""path"":""magireco-translate-data-master/Scenarios_full/character_story/4027 - 拉皮努（ラピヌ）/340273-2.json"",""cn_blob"":""d7c81cdba40fab0f08b34d5de7ae84007b085aca"",""jp_path"":""magireco-source-master/Scenarios_full/character_story/4027 - 拉皮努（ラピヌ）/340273-2.json"",""jp_blob"":""513de5f09060fd6f01b8dc61fcd05ff5ba05f65f"",""evidence"":{""batch"":""20261002-semantic-batch07-ai-only"",""source_commit"":""4c2eb16d22aae5bab05937a9a0a4821b9f6f0227"",""report"":""manifests/story_quality_semantic_batch07_ai_only_20261002_evidence.json.gz"",""script_id"":""340273-2"",""full_fields"":77}}"
340273-3	"[""340273""]"	"[""第3话 破灭的未来形态 ついえた未来の形""]"	magireco-translate-data-master/Scenarios_full/character_story/4027 - 拉皮努（ラピヌ）/340273-3.json	True	True	after_20261001_takeover	60	e0730876bf089de1a2d9836e64df4ad179dd468f	magireco-source-master/Scenarios_full/character_story/4027 - 拉皮努（ラピヌ）/340273-3.json	15804b4bce0a7587cf7f8a9857af567b8e4f9695	56	manifests/story_quality_semantic_batch07_ai_only_20261002_evidence.json.gz	4c2eb16d22aae5bab05937a9a0a4821b9f6f0227	[3319]	"{""path"":""magireco-translate-data-master/Scenarios_full/character_story/4027 - 拉皮努（ラピヌ）/340273-3.json"",""cn_blob"":""e0730876bf089de1a2d9836e64df4ad179dd468f"",""jp_path"":""magireco-source-master/Scenarios_full/character_story/4027 - 拉皮努（ラピヌ）/340273-3.json"",""jp_blob"":""15804b4bce0a7587cf7f8a9857af567b8e4f9695"",""evidence"":{""batch"":""20261002-semantic-batch07-ai-only"",""source_commit"":""4c2eb16d22aae5bab05937a9a0a4821b9f6f0227"",""report"":""manifests/story_quality_semantic_batch07_ai_only_20261002_evidence.json.gz"",""script_id"":""340273-3"",""full_fields"":60}}"
340273-4	"[""340273""]"	"[""第3话 破灭的未来形态 ついえた未来の形""]"	magireco-translate-data-master/Scenarios_full/character_story/4027 - 拉皮努（ラピヌ）/340273-4.json	True	True	after_20261001_takeover	30	a78441fb25904d14638148bd722c32b8eb8a6122	magireco-source-master/Scenarios_full/character_story/4027 - 拉皮努（ラピヌ）/340273-4.json	845d8645d3bf29a1d6786ba21e52107d1768483d	27	manifests/story_quality_semantic_batch07_ai_only_20261002_evidence.json.gz	4c2eb16d22aae5bab05937a9a0a4821b9f6f0227	[3319]	"{""path"":""magireco-translate-data-master/Scenarios_full/character_story/4027 - 拉皮努（ラピヌ）/340273-4.json"",""cn_blob"":""a78441fb25904d14638148bd722c32b8eb8a6122"",""jp_path"":""magireco-source-master/Scenarios_full/character_story/4027 - 拉皮努（ラピヌ）/340273-4.json"",""jp_blob"":""845d8645d3bf29a1d6786ba21e52107d1768483d"",""evidence"":{""batch"":""20261002-semantic-batch07-ai-only"",""source_commit"":""4c2eb16d22aae5bab05937a9a0a4821b9f6f0227"",""report"":""manifests/story_quality_semantic_batch07_ai_only_20261002_evidence.json.gz"",""script_id"":""340273-4"",""full_fields"":30}}"
340281-1	"[""340281""]"	"[""第1话 “少女”所见之梦 “乙女”の見た夢""]"	magireco-translate-data-master/Scenarios_full/character_story/4028 - 塔鲁特（ver.Final）（タルト（ver.Final））/340281-1.json	True	True	after_20261001_takeover	49	adfed9ee81587a0c4f29d763aca5a5392aead935	magireco-source-master/Scenarios_full/character_story/4028 - 塔鲁特（ver.Final）（タルト（ver.Final））/340281-1.json	7cb5fbf1050364905dc0c1cebdf3188f2e3e9d6f	43	manifests/story_quality_semantic_batch07_ai_only_20261002_evidence.json.gz	4c2eb16d22aae5bab05937a9a0a4821b9f6f0227	[3319]	"{""path"":""magireco-translate-data-master/Scenarios_full/character_story/4028 - 塔鲁特（ver.Final）（タルト（ver.Final））/340281-1.json"",""cn_blob"":""adfed9ee81587a0c4f29d763aca5a5392aead935"",""jp_path"":""magireco-source-master/Scenarios_full/character_story/4028 - 塔鲁特（ver.Final）（タルト（ver.Final））/340281-1.json"",""jp_blob"":""7cb5fbf1050364905dc0c1cebdf3188f2e3e9d6f"",""evidence"":{""batch"":""20261002-semantic-batch07-ai-only"",""source_commit"":""4c2eb16d22aae5bab05937a9a0a4821b9f6f0227"",""report"":""manifests/story_quality_semantic_batch07_ai_only_20261002_evidence.json.gz"",""script_id"":""340281-1"",""full_fields"":49}}"
340281-2	"[""340281""]"	"[""第1话 “少女”所见之梦 “乙女”の見た夢""]"	magireco-translate-data-master/Scenarios_full/character_story/4028 - 塔鲁特（ver.Final）（タルト（ver.Final））/340281-2.json	True	True	after_20261001_takeover	51	9d7a6a928ed0a42ddd94aa548352a8b52a046c37	magireco-source-master/Scenarios_full/character_story/4028 - 塔鲁特（ver.Final）（タルト（ver.Final））/340281-2.json	0581305e27ad49811ace4615feaa30ff0986cdc0	43	manifests/story_quality_semantic_batch07_ai_only_20261002_evidence.json.gz	4c2eb16d22aae5bab05937a9a0a4821b9f6f0227	[3319]	"{""path"":""magireco-translate-data-master/Scenarios_full/character_story/4028 - 塔鲁特（ver.Final）（タルト（ver.Final））/340281-2.json"",""cn_blob"":""9d7a6a928ed0a42ddd94aa548352a8b52a046c37"",""jp_path"":""magireco-source-master/Scenarios_full/character_story/4028 - 塔鲁特（ver.Final）（タルト（ver.Final））/340281-2.json"",""jp_blob"":""0581305e27ad49811ace4615feaa30ff0986cdc0"",""evidence"":{""batch"":""20261002-semantic-batch07-ai-only"",""source_commit"":""4c2eb16d22aae5bab05937a9a0a4821b9f6f0227"",""report"":""manifests/story_quality_semantic_batch07_ai_only_20261002_evidence.json.gz"",""script_id"":""340281-2"",""full_fields"":51}}"
340281-3	"[""340281""]"	"[""第1话 “少女”所见之梦 “乙女”の見た夢""]"	magireco-translate-data-master/Scenarios_full/character_story/4028 - 塔鲁特（ver.Final）（タルト（ver.Final））/340281-3.json	True	True	after_20261001_takeover	47	7ddf21adb0b8fe78564f0874d3bce9f623a93a48	magireco-source-master/Scenarios_full/character_story/4028 - 塔鲁特（ver.Final）（タルト（ver.Final））/340281-3.json	0dd86bdc83076e3c9fd8ca49868cde40f9dd0c7e	39	manifests/story_quality_semantic_batch07_ai_only_20261002_evidence.json.gz	4c2eb16d22aae5bab05937a9a0a4821b9f6f0227	[3319]	"{""path"":""magireco-translate-data-master/Scenarios_full/character_story/4028 - 塔鲁特（ver.Final）（タルト（ver.Final））/340281-3.json"",""cn_blob"":""7ddf21adb0b8fe78564f0874d3bce9f623a93a48"",""jp_path"":""magireco-source-master/Scenarios_full/character_story/4028 - 塔鲁特（ver.Final）（タルト（ver.Final））/340281-3.json"",""jp_blob"":""0dd86bdc83076e3c9fd8ca49868cde40f9dd0c7e"",""evidence"":{""batch"":""20261002-semantic-batch07-ai-only"",""source_commit"":""4c2eb16d22aae5bab05937a9a0a4821b9f6f0227"",""report"":""manifests/story_quality_semantic_batch07_ai_only_20261002_evidence.json.gz"",""script_id"":""340281-3"",""full_fields"":47}}"
340281-4	"[""340281""]"	"[""第1话 “少女”所见之梦 “乙女”の見た夢""]"	magireco-translate-data-master/Scenarios_full/character_story/4028 - 塔鲁特（ver.Final）（タルト（ver.Final））/340281-4.json	True	True	after_20261001_takeover	47	d94f92f2a98e5d3b89c9715d1567f4b19d071aeb	magireco-source-master/Scenarios_full/character_story/4028 - 塔鲁特（ver.Final）（タルト（ver.Final））/340281-4.json	79ef234b94e7436914c741d5bde5aa8c777e78a5	34	manifests/story_quality_semantic_batch07_ai_only_20261002_evidence.json.gz	4c2eb16d22aae5bab05937a9a0a4821b9f6f0227	[3319]	"{""path"":""magireco-translate-data-master/Scenarios_full/character_story/4028 - 塔鲁特（ver.Final）（タルト（ver.Final））/340281-4.json"",""cn_blob"":""d94f92f2a98e5d3b89c9715d1567f4b19d071aeb"",""jp_path"":""magireco-source-master/Scenarios_full/character_story/4028 - 塔鲁特（ver.Final）（タルト（ver.Final））/340281-4.json"",""jp_blob"":""79ef234b94e7436914c741d5bde5aa8c777e78a5"",""evidence"":{""batch"":""20261002-semantic-batch07-ai-only"",""source_commit"":""4c2eb16d22aae5bab05937a9a0a4821b9f6f0227"",""report"":""manifests/story_quality_semantic_batch07_ai_only_20261002_evidence.json.gz"",""script_id"":""340281-4"",""full_fields"":47}}"
340282-1	"[""340282""]"	"[""第2话 虚假与救赎 いつわりと救い""]"	magireco-translate-data-master/Scenarios_full/character_story/4028 - 塔鲁特（ver.Final）（タルト（ver.Final））/340282-1.json	True	True	after_20261001_takeover	66	1cd49707a559a7e4dfe38a88755c19a8e56441c4	magireco-source-master/Scenarios_full/character_story/4028 - 塔鲁特（ver.Final）（タルト（ver.Final））/340282-1.json	b11906f3e06cd573abc51280064adbe50994e803	57	manifests/story_quality_semantic_batch07_ai_only_20261002_evidence.json.gz	4c2eb16d22aae5bab05937a9a0a4821b9f6f0227	[3319]	"{""path"":""magireco-translate-data-master/Scenarios_full/character_story/4028 - 塔鲁特（ver.Final）（タルト（ver.Final））/340282-1.json"",""cn_blob"":""1cd49707a559a7e4dfe38a88755c19a8e56441c4"",""jp_path"":""magireco-source-master/Scenarios_full/character_story/4028 - 塔鲁特（ver.Final）（タルト（ver.Final））/340282-1.json"",""jp_blob"":""b11906f3e06cd573abc51280064adbe50994e803"",""evidence"":{""batch"":""20261002-semantic-batch07-ai-only"",""source_commit"":""4c2eb16d22aae5bab05937a9a0a4821b9f6f0227"",""report"":""manifests/story_quality_semantic_batch07_ai_only_20261002_evidence.json.gz"",""script_id"":""340282-1"",""full_fields"":66}}"
340282-2	"[""340282""]"	"[""第2话 虚假与救赎 いつわりと救い""]"	magireco-translate-data-master/Scenarios_full/character_story/4028 - 塔鲁特（ver.Final）（タルト（ver.Final））/340282-2.json	True	True	after_20261001_takeover	32	227b4c0c50d994348767ecff0abe461be41f13ee	magireco-source-master/Scenarios_full/character_story/4028 - 塔鲁特（ver.Final）（タルト（ver.Final））/340282-2.json	c629eb6f5ed06799b4f429bf6608c38f124bf354	25	manifests/story_quality_semantic_batch07_ai_only_20261002_evidence.json.gz	4c2eb16d22aae5bab05937a9a0a4821b9f6f0227	[3319]	"{""path"":""magireco-translate-data-master/Scenarios_full/character_story/4028 - 塔鲁特（ver.Final）（タルト（ver.Final））/340282-2.json"",""cn_blob"":""227b4c0c50d994348767ecff0abe461be41f13ee"",""jp_path"":""magireco-source-master/Scenarios_full/character_story/4028 - 塔鲁特（ver.Final）（タルト（ver.Final））/340282-2.json"",""jp_blob"":""c629eb6f5ed06799b4f429bf6608c38f124bf354"",""evidence"":{""batch"":""20261002-semantic-batch07-ai-only"",""source_commit"":""4c2eb16d22aae5bab05937a9a0a4821b9f6f0227"",""report"":""manifests/story_quality_semantic_batch07_ai_only_20261002_evidence.json.gz"",""script_id"":""340282-2"",""full_fields"":32}}"
340282-3	"[""340282""]"	"[""第2话 虚假与救赎 いつわりと救い""]"	magireco-translate-data-master/Scenarios_full/character_story/4028 - 塔鲁特（ver.Final）（タルト（ver.Final））/340282-3.json	True	True	after_20261001_takeover	44	353d87b20a0ce3424c416a3f95a7ab9a41cb5646	magireco-source-master/Scenarios_full/character_story/4028 - 塔鲁特（ver.Final）（タルト（ver.Final））/340282-3.json	931ced07b3265d4e0d62a489949cee3a0b03a938	38	manifests/story_quality_semantic_batch07_ai_only_20261002_evidence.json.gz	4c2eb16d22aae5bab05937a9a0a4821b9f6f0227	[3319]	"{""path"":""magireco-translate-data-master/Scenarios_full/character_story/4028 - 塔鲁特（ver.Final）（タルト（ver.Final））/340282-3.json"",""cn_blob"":""353d87b20a0ce3424c416a3f95a7ab9a41cb5646"",""jp_path"":""magireco-source-master/Scenarios_full/character_story/4028 - 塔鲁特（ver.Final）（タルト（ver.Final））/340282-3.json"",""jp_blob"":""931ced07b3265d4e0d62a489949cee3a0b03a938"",""evidence"":{""batch"":""20261002-semantic-batch07-ai-only"",""source_commit"":""4c2eb16d22aae5bab05937a9a0a4821b9f6f0227"",""report"":""manifests/story_quality_semantic_batch07_ai_only_20261002_evidence.json.gz"",""script_id"":""340282-3"",""full_fields"":44}}"
340282-4	"[""340282""]"	"[""第2话 虚假与救赎 いつわりと救い""]"	magireco-translate-data-master/Scenarios_full/character_story/4028 - 塔鲁特（ver.Final）（タルト（ver.Final））/340282-4.json	True	True	after_20261001_takeover	56	c3e7c99a51dbc1fe10e32e37610b2ef2549248ac	magireco-source-master/Scenarios_full/character_story/4028 - 塔鲁特（ver.Final）（タルト（ver.Final））/340282-4.json	81825abf6669c23cd48596e8c0838aaf20d2a81e	48	manifests/story_quality_semantic_batch07_ai_only_20261002_evidence.json.gz	4c2eb16d22aae5bab05937a9a0a4821b9f6f0227	[3319]	"{""path"":""magireco-translate-data-master/Scenarios_full/character_story/4028 - 塔鲁特（ver.Final）（タルト（ver.Final））/340282-4.json"",""cn_blob"":""c3e7c99a51dbc1fe10e32e37610b2ef2549248ac"",""jp_path"":""magireco-source-master/Scenarios_full/character_story/4028 - 塔鲁特（ver.Final）（タルト（ver.Final））/340282-4.json"",""jp_blob"":""81825abf6669c23cd48596e8c0838aaf20d2a81e"",""evidence"":{""batch"":""20261002-semantic-batch07-ai-only"",""source_commit"":""4c2eb16d22aae5bab05937a9a0a4821b9f6f0227"",""report"":""manifests/story_quality_semantic_batch07_ai_only_20261002_evidence.json.gz"",""script_id"":""340282-4"",""full_fields"":56}}"
340283-1	"[""340283""]"	"[""第3话 被传承之物 受け継がれるもの""]"	magireco-translate-data-master/Scenarios_full/character_story/4028 - 塔鲁特（ver.Final）（タルト（ver.Final））/340283-1.json	True	True	after_20261001_takeover	32	b167eafaad6d7442e152d160542255458708561f	magireco-source-master/Scenarios_full/character_story/4028 - 塔鲁特（ver.Final）（タルト（ver.Final））/340283-1.json	49e78d52304ad49d1f8cc9ed2f3bef840ed9e6f9	21	manifests/story_quality_semantic_batch07_ai_only_20261002_evidence.json.gz	4c2eb16d22aae5bab05937a9a0a4821b9f6f0227	[3319]	"{""path"":""magireco-translate-data-master/Scenarios_full/character_story/4028 - 塔鲁特（ver.Final）（タルト（ver.Final））/340283-1.json"",""cn_blob"":""b167eafaad6d7442e152d160542255458708561f"",""jp_path"":""magireco-source-master/Scenarios_full/character_story/4028 - 塔鲁特（ver.Final）（タルト（ver.Final））/340283-1.json"",""jp_blob"":""49e78d52304ad49d1f8cc9ed2f3bef840ed9e6f9"",""evidence"":{""batch"":""20261002-semantic-batch07-ai-only"",""source_commit"":""4c2eb16d22aae5bab05937a9a0a4821b9f6f0227"",""report"":""manifests/story_quality_semantic_batch07_ai_only_20261002_evidence.json.gz"",""script_id"":""340283-1"",""full_fields"":32}}"
340283-2	"[""340283""]"	"[""第3话 被传承之物 受け継がれるもの""]"	magireco-translate-data-master/Scenarios_full/character_story/4028 - 塔鲁特（ver.Final）（タルト（ver.Final））/340283-2.json	True	True	after_20261001_takeover	52	0eb314972316625ff71aa59fd031f9c222451564	magireco-source-master/Scenarios_full/character_story/4028 - 塔鲁特（ver.Final）（タルト（ver.Final））/340283-2.json	128160afb6019f973c6f213c83c268253c409c35	45	manifests/story_quality_semantic_batch07_ai_only_20261002_evidence.json.gz	4c2eb16d22aae5bab05937a9a0a4821b9f6f0227	[3319]	"{""path"":""magireco-translate-data-master/Scenarios_full/character_story/4028 - 塔鲁特（ver.Final）（タルト（ver.Final））/340283-2.json"",""cn_blob"":""0eb314972316625ff71aa59fd031f9c222451564"",""jp_path"":""magireco-source-master/Scenarios_full/character_story/4028 - 塔鲁特（ver.Final）（タルト（ver.Final））/340283-2.json"",""jp_blob"":""128160afb6019f973c6f213c83c268253c409c35"",""evidence"":{""batch"":""20261002-semantic-batch07-ai-only"",""source_commit"":""4c2eb16d22aae5bab05937a9a0a4821b9f6f0227"",""report"":""manifests/story_quality_semantic_batch07_ai_only_20261002_evidence.json.gz"",""script_id"":""340283-2"",""full_fields"":52}}"
340283-3	"[""340283""]"	"[""第3话 被传承之物 受け継がれるもの""]"	magireco-translate-data-master/Scenarios_full/character_story/4028 - 塔鲁特（ver.Final）（タルト（ver.Final））/340283-3.json	True	True	after_20261001_takeover	54	950bb84d300f4ccf469c41f2d44a717004a9af80	magireco-source-master/Scenarios_full/character_story/4028 - 塔鲁特（ver.Final）（タルト（ver.Final））/340283-3.json	d31240c36d12e098cacc2cc5044170732bba4d2c	49	manifests/story_quality_semantic_batch07_ai_only_20261002_evidence.json.gz	4c2eb16d22aae5bab05937a9a0a4821b9f6f0227	[3319]	"{""path"":""magireco-translate-data-master/Scenarios_full/character_story/4028 - 塔鲁特（ver.Final）（タルト（ver.Final））/340283-3.json"",""cn_blob"":""950bb84d300f4ccf469c41f2d44a717004a9af80"",""jp_path"":""magireco-source-master/Scenarios_full/character_story/4028 - 塔鲁特（ver.Final）（タルト（ver.Final））/340283-3.json"",""jp_blob"":""d31240c36d12e098cacc2cc5044170732bba4d2c"",""evidence"":{""batch"":""20261002-semantic-batch07-ai-only"",""source_commit"":""4c2eb16d22aae5bab05937a9a0a4821b9f6f0227"",""report"":""manifests/story_quality_semantic_batch07_ai_only_20261002_evidence.json.gz"",""script_id"":""340283-3"",""full_fields"":54}}"
340283-4	"[""340283""]"	"[""第3话 被传承之物 受け継がれるもの""]"	magireco-translate-data-master/Scenarios_full/character_story/4028 - 塔鲁特（ver.Final）（タルト（ver.Final））/340283-4.json	True	True	after_20261001_takeover	25	f1ce7cf36d1203740854a1642c7792bc4ada3673	magireco-source-master/Scenarios_full/character_story/4028 - 塔鲁特（ver.Final）（タルト（ver.Final））/340283-4.json	3d8691e84f27d8f3350c255c6621e60b4c71890c	20	manifests/story_quality_semantic_batch07_ai_only_20261002_evidence.json.gz	4c2eb16d22aae5bab05937a9a0a4821b9f6f0227	[3319]	"{""path"":""magireco-translate-data-master/Scenarios_full/character_story/4028 - 塔鲁特（ver.Final）（タルト（ver.Final））/340283-4.json"",""cn_blob"":""f1ce7cf36d1203740854a1642c7792bc4ada3673"",""jp_path"":""magireco-source-master/Scenarios_full/character_story/4028 - 塔鲁特（ver.Final）（タルト（ver.Final））/340283-4.json"",""jp_blob"":""3d8691e84f27d8f3350c255c6621e60b4c71890c"",""evidence"":{""batch"":""20261002-semantic-batch07-ai-only"",""source_commit"":""4c2eb16d22aae5bab05937a9a0a4821b9f6f0227"",""report"":""manifests/story_quality_semantic_batch07_ai_only_20261002_evidence.json.gz"",""script_id"":""340283-4"",""full_fields"":25}}"
340291-1	"[""340291""]"	"[""第1话 千金小姐的私人委托 令嬢の私的な依頼""]"	magireco-translate-data-master/Scenarios_full/character_story/4029 - 佩尔内勒（ペレネル）/340291-1.json	True	True	after_20261001_takeover	34	132ebbccc468d23f9c29337d822429d0aa55835e	magireco-source-master/Scenarios_full/character_story/4029 - 佩尔内勒（ペレネル）/340291-1.json	26df3e4b5aabf667e51547db943a03bb4e47073a	32	manifests/story_quality_semantic_batch07_ai_only_20261002_evidence.json.gz	4c2eb16d22aae5bab05937a9a0a4821b9f6f0227	[3319]	"{""path"":""magireco-translate-data-master/Scenarios_full/character_story/4029 - 佩尔内勒（ペレネル）/340291-1.json"",""cn_blob"":""132ebbccc468d23f9c29337d822429d0aa55835e"",""jp_path"":""magireco-source-master/Scenarios_full/character_story/4029 - 佩尔内勒（ペレネル）/340291-1.json"",""jp_blob"":""26df3e4b5aabf667e51547db943a03bb4e47073a"",""evidence"":{""batch"":""20261002-semantic-batch07-ai-only"",""source_commit"":""4c2eb16d22aae5bab05937a9a0a4821b9f6f0227"",""report"":""manifests/story_quality_semantic_batch07_ai_only_20261002_evidence.json.gz"",""script_id"":""340291-1"",""full_fields"":34}}"
340291-2	"[""340291""]"	"[""第1话 千金小姐的私人委托 令嬢の私的な依頼""]"	magireco-translate-data-master/Scenarios_full/character_story/4029 - 佩尔内勒（ペレネル）/340291-2.json	True	True	after_20261001_takeover	56	1ef10d7f89255b94c88ac3a0497658134c89b8d7	magireco-source-master/Scenarios_full/character_story/4029 - 佩尔内勒（ペレネル）/340291-2.json	d57290e42721c56914e6e1aba7529cde4e341683	48	manifests/story_quality_semantic_batch07_ai_only_20261002_evidence.json.gz	4c2eb16d22aae5bab05937a9a0a4821b9f6f0227	[3319]	"{""path"":""magireco-translate-data-master/Scenarios_full/character_story/4029 - 佩尔内勒（ペレネル）/340291-2.json"",""cn_blob"":""1ef10d7f89255b94c88ac3a0497658134c89b8d7"",""jp_path"":""magireco-source-master/Scenarios_full/character_story/4029 - 佩尔内勒（ペレネル）/340291-2.json"",""jp_blob"":""d57290e42721c56914e6e1aba7529cde4e341683"",""evidence"":{""batch"":""20261002-semantic-batch07-ai-only"",""source_commit"":""4c2eb16d22aae5bab05937a9a0a4821b9f6f0227"",""report"":""manifests/story_quality_semantic_batch07_ai_only_20261002_evidence.json.gz"",""script_id"":""340291-2"",""full_fields"":56}}"
340291-3	"[""340291""]"	"[""第1话 千金小姐的私人委托 令嬢の私的な依頼""]"	magireco-translate-data-master/Scenarios_full/character_story/4029 - 佩尔内勒（ペレネル）/340291-3.json	True	True	after_20261001_takeover	56	d9193b4ccd173b18dc5475ea8c08509eb806d35f	magireco-source-master/Scenarios_full/character_story/4029 - 佩尔内勒（ペレネル）/340291-3.json	c3cf7ead9e13dced85602907dea9a607b1bcb7c4	51	manifests/story_quality_semantic_batch07_ai_only_20261002_evidence.json.gz	4c2eb16d22aae5bab05937a9a0a4821b9f6f0227	[3319]	"{""path"":""magireco-translate-data-master/Scenarios_full/character_story/4029 - 佩尔内勒（ペレネル）/340291-3.json"",""cn_blob"":""d9193b4ccd173b18dc5475ea8c08509eb806d35f"",""jp_path"":""magireco-source-master/Scenarios_full/character_story/4029 - 佩尔内勒（ペレネル）/340291-3.json"",""jp_blob"":""c3cf7ead9e13dced85602907dea9a607b1bcb7c4"",""evidence"":{""batch"":""20261002-semantic-batch07-ai-only"",""source_commit"":""4c2eb16d22aae5bab05937a9a0a4821b9f6f0227"",""report"":""manifests/story_quality_semantic_batch07_ai_only_20261002_evidence.json.gz"",""script_id"":""340291-3"",""full_fields"":56}}"
340291-4	"[""340291""]"	"[""第1话 千金小姐的私人委托 令嬢の私的な依頼""]"	magireco-translate-data-master/Scenarios_full/character_story/4029 - 佩尔内勒（ペレネル）/340291-4.json	True	True	after_20261001_takeover	77	dd6602aa3a308a6db2e0b015e9943a433514a0d5	magireco-source-master/Scenarios_full/character_story/4029 - 佩尔内勒（ペレネル）/340291-4.json	69c58c0402541053e56c53c456e7426aeaeacd6e	70	manifests/story_quality_semantic_batch07_ai_only_20261002_evidence.json.gz	4c2eb16d22aae5bab05937a9a0a4821b9f6f0227	[3319]	"{""path"":""magireco-translate-data-master/Scenarios_full/character_story/4029 - 佩尔内勒（ペレネル）/340291-4.json"",""cn_blob"":""dd6602aa3a308a6db2e0b015e9943a433514a0d5"",""jp_path"":""magireco-source-master/Scenarios_full/character_story/4029 - 佩尔内勒（ペレネル）/340291-4.json"",""jp_blob"":""69c58c0402541053e56c53c456e7426aeaeacd6e"",""evidence"":{""batch"":""20261002-semantic-batch07-ai-only"",""source_commit"":""4c2eb16d22aae5bab05937a9a0a4821b9f6f0227"",""report"":""manifests/story_quality_semantic_batch07_ai_only_20261002_evidence.json.gz"",""script_id"":""340291-4"",""full_fields"":77}}"
340292-1	"[""340292""]"	"[""第2话 某项实验记录 とある実験の記録""]"	magireco-translate-data-master/Scenarios_full/character_story/4029 - 佩尔内勒（ペレネル）/340292-1.json	True	True	after_20261001_takeover	48	08fc6b98be69c1d2b35307496a39bd0bef2502bb	magireco-source-master/Scenarios_full/character_story/4029 - 佩尔内勒（ペレネル）/340292-1.json	5e78688107ce71f196926dc710765175617e6e3c	45	manifests/story_quality_semantic_batch07_ai_only_20261002_evidence.json.gz	4c2eb16d22aae5bab05937a9a0a4821b9f6f0227	[3319]	"{""path"":""magireco-translate-data-master/Scenarios_full/character_story/4029 - 佩尔内勒（ペレネル）/340292-1.json"",""cn_blob"":""08fc6b98be69c1d2b35307496a39bd0bef2502bb"",""jp_path"":""magireco-source-master/Scenarios_full/character_story/4029 - 佩尔内勒（ペレネル）/340292-1.json"",""jp_blob"":""5e78688107ce71f196926dc710765175617e6e3c"",""evidence"":{""batch"":""20261002-semantic-batch07-ai-only"",""source_commit"":""4c2eb16d22aae5bab05937a9a0a4821b9f6f0227"",""report"":""manifests/story_quality_semantic_batch07_ai_only_20261002_evidence.json.gz"",""script_id"":""340292-1"",""full_fields"":48}}"
340292-2	"[""340292""]"	"[""第2话 某项实验记录 とある実験の記録""]"	magireco-translate-data-master/Scenarios_full/character_story/4029 - 佩尔内勒（ペレネル）/340292-2.json	True	True	after_20261001_takeover	45	0163fd6655c6b0487bee947398f89168c9879f63	magireco-source-master/Scenarios_full/character_story/4029 - 佩尔内勒（ペレネル）/340292-2.json	400b608a744892047d34f89dcdaf84eaf8f9a7db	41	manifests/story_quality_semantic_batch07_ai_only_20261002_evidence.json.gz	4c2eb16d22aae5bab05937a9a0a4821b9f6f0227	[3319]	"{""path"":""magireco-translate-data-master/Scenarios_full/character_story/4029 - 佩尔内勒（ペレネル）/340292-2.json"",""cn_blob"":""0163fd6655c6b0487bee947398f89168c9879f63"",""jp_path"":""magireco-source-master/Scenarios_full/character_story/4029 - 佩尔内勒（ペレネル）/340292-2.json"",""jp_blob"":""400b608a744892047d34f89dcdaf84eaf8f9a7db"",""evidence"":{""batch"":""20261002-semantic-batch07-ai-only"",""source_commit"":""4c2eb16d22aae5bab05937a9a0a4821b9f6f0227"",""report"":""manifests/story_quality_semantic_batch07_ai_only_20261002_evidence.json.gz"",""script_id"":""340292-2"",""full_fields"":45}}"
340292-3	"[""340292""]"	"[""第2话 某项实验记录 とある実験の記録""]"	magireco-translate-data-master/Scenarios_full/character_story/4029 - 佩尔内勒（ペレネル）/340292-3.json	True	True	after_20261001_takeover	73	f4d2a6b386b009452320e35685c30eba1360c7a1	magireco-source-master/Scenarios_full/character_story/4029 - 佩尔内勒（ペレネル）/340292-3.json	0bcb18874ac80513daddd1ebe229db16eb6d04c8	62	manifests/story_quality_semantic_batch07_ai_only_20261002_evidence.json.gz	4c2eb16d22aae5bab05937a9a0a4821b9f6f0227	[3319]	"{""path"":""magireco-translate-data-master/Scenarios_full/character_story/4029 - 佩尔内勒（ペレネル）/340292-3.json"",""cn_blob"":""f4d2a6b386b009452320e35685c30eba1360c7a1"",""jp_path"":""magireco-source-master/Scenarios_full/character_story/4029 - 佩尔内勒（ペレネル）/340292-3.json"",""jp_blob"":""0bcb18874ac80513daddd1ebe229db16eb6d04c8"",""evidence"":{""batch"":""20261002-semantic-batch07-ai-only"",""source_commit"":""4c2eb16d22aae5bab05937a9a0a4821b9f6f0227"",""report"":""manifests/story_quality_semantic_batch07_ai_only_20261002_evidence.json.gz"",""script_id"":""340292-3"",""full_fields"":73}}"
340292-4	"[""340292""]"	"[""第2话 某项实验记录 とある実験の記録""]"	magireco-translate-data-master/Scenarios_full/character_story/4029 - 佩尔内勒（ペレネル）/340292-4.json	True	True	after_20261001_takeover	73	4deeed7c3957746306071b361e8c9de66148a10d	magireco-source-master/Scenarios_full/character_story/4029 - 佩尔内勒（ペレネル）/340292-4.json	dc0d51d1843ffa87e2de397fc47dddef5cc2e9ab	69	manifests/story_quality_semantic_batch07_ai_only_20261002_evidence.json.gz	4c2eb16d22aae5bab05937a9a0a4821b9f6f0227	[3319]	"{""path"":""magireco-translate-data-master/Scenarios_full/character_story/4029 - 佩尔内勒（ペレネル）/340292-4.json"",""cn_blob"":""4deeed7c3957746306071b361e8c9de66148a10d"",""jp_path"":""magireco-source-master/Scenarios_full/character_story/4029 - 佩尔内勒（ペレネル）/340292-4.json"",""jp_blob"":""dc0d51d1843ffa87e2de397fc47dddef5cc2e9ab"",""evidence"":{""batch"":""20261002-semantic-batch07-ai-only"",""source_commit"":""4c2eb16d22aae5bab05937a9a0a4821b9f6f0227"",""report"":""manifests/story_quality_semantic_batch07_ai_only_20261002_evidence.json.gz"",""script_id"":""340292-4"",""full_fields"":73}}"
340293-1	"[""340293""]"	"[""第3话 心之所在 心の在り処""]"	magireco-translate-data-master/Scenarios_full/character_story/4029 - 佩尔内勒（ペレネル）/340293-1.json	True	True	after_20261001_takeover	28	04fd77480d55d3d35c196c49adb1fa91006e3b48	magireco-source-master/Scenarios_full/character_story/4029 - 佩尔内勒（ペレネル）/340293-1.json	d2396495b80f46f6a61758c239e251919665a334	24	manifests/story_quality_semantic_batch07_ai_only_20261002_evidence.json.gz	4c2eb16d22aae5bab05937a9a0a4821b9f6f0227	[3319]	"{""path"":""magireco-translate-data-master/Scenarios_full/character_story/4029 - 佩尔内勒（ペレネル）/340293-1.json"",""cn_blob"":""04fd77480d55d3d35c196c49adb1fa91006e3b48"",""jp_path"":""magireco-source-master/Scenarios_full/character_story/4029 - 佩尔内勒（ペレネル）/340293-1.json"",""jp_blob"":""d2396495b80f46f6a61758c239e251919665a334"",""evidence"":{""batch"":""20261002-semantic-batch07-ai-only"",""source_commit"":""4c2eb16d22aae5bab05937a9a0a4821b9f6f0227"",""report"":""manifests/story_quality_semantic_batch07_ai_only_20261002_evidence.json.gz"",""script_id"":""340293-1"",""full_fields"":28}}"
340293-2	"[""340293""]"	"[""第3话 心之所在 心の在り処""]"	magireco-translate-data-master/Scenarios_full/character_story/4029 - 佩尔内勒（ペレネル）/340293-2.json	True	True	after_20261001_takeover	30	e827b73a2c51896ef2223b171cddfaa8000e7d9a	magireco-source-master/Scenarios_full/character_story/4029 - 佩尔内勒（ペレネル）/340293-2.json	543cf42855262220ad4396651bd1851825584388	20	manifests/story_quality_semantic_batch07_ai_only_20261002_evidence.json.gz	4c2eb16d22aae5bab05937a9a0a4821b9f6f0227	[3319]	"{""path"":""magireco-translate-data-master/Scenarios_full/character_story/4029 - 佩尔内勒（ペレネル）/340293-2.json"",""cn_blob"":""e827b73a2c51896ef2223b171cddfaa8000e7d9a"",""jp_path"":""magireco-source-master/Scenarios_full/character_story/4029 - 佩尔内勒（ペレネル）/340293-2.json"",""jp_blob"":""543cf42855262220ad4396651bd1851825584388"",""evidence"":{""batch"":""20261002-semantic-batch07-ai-only"",""source_commit"":""4c2eb16d22aae5bab05937a9a0a4821b9f6f0227"",""report"":""manifests/story_quality_semantic_batch07_ai_only_20261002_evidence.json.gz"",""script_id"":""340293-2"",""full_fields"":30}}"
340293-3	"[""340293""]"	"[""第3话 心之所在 心の在り処""]"	magireco-translate-data-master/Scenarios_full/character_story/4029 - 佩尔内勒（ペレネル）/340293-3.json	True	True	after_20261001_takeover	36	0308bcf6c58108acd4ef560760c42649ab1f766b	magireco-source-master/Scenarios_full/character_story/4029 - 佩尔内勒（ペレネル）/340293-3.json	26f99851414a0f841fb7095dbe1e1910dea7898f	28	manifests/story_quality_semantic_batch07_ai_only_20261002_evidence.json.gz	4c2eb16d22aae5bab05937a9a0a4821b9f6f0227	[3319]	"{""path"":""magireco-translate-data-master/Scenarios_full/character_story/4029 - 佩尔内勒（ペレネル）/340293-3.json"",""cn_blob"":""0308bcf6c58108acd4ef560760c42649ab1f766b"",""jp_path"":""magireco-source-master/Scenarios_full/character_story/4029 - 佩尔内勒（ペレネル）/340293-3.json"",""jp_blob"":""26f99851414a0f841fb7095dbe1e1910dea7898f"",""evidence"":{""batch"":""20261002-semantic-batch07-ai-only"",""source_commit"":""4c2eb16d22aae5bab05937a9a0a4821b9f6f0227"",""report"":""manifests/story_quality_semantic_batch07_ai_only_20261002_evidence.json.gz"",""script_id"":""340293-3"",""full_fields"":36}}"
340293-4	"[""340293""]"	"[""第3话 心之所在 心の在り処""]"	magireco-translate-data-master/Scenarios_full/character_story/4029 - 佩尔内勒（ペレネル）/340293-4.json	True	True	after_20261001_takeover	48	2da8c92812ff999ed4db34ebaa1e4f48579b56b2	magireco-source-master/Scenarios_full/character_story/4029 - 佩尔内勒（ペレネル）/340293-4.json	54503c1675c5a8f6927fa42be73d480d9ce54ed5	33	manifests/story_quality_semantic_batch07_ai_only_20261002_evidence.json.gz	4c2eb16d22aae5bab05937a9a0a4821b9f6f0227	[3319]	"{""path"":""magireco-translate-data-master/Scenarios_full/character_story/4029 - 佩尔内勒（ペレネル）/340293-4.json"",""cn_blob"":""2da8c92812ff999ed4db34ebaa1e4f48579b56b2"",""jp_path"":""magireco-source-master/Scenarios_full/character_story/4029 - 佩尔内勒（ペレネル）/340293-4.json"",""jp_blob"":""54503c1675c5a8f6927fa42be73d480d9ce54ed5"",""evidence"":{""batch"":""20261002-semantic-batch07-ai-only"",""source_commit"":""4c2eb16d22aae5bab05937a9a0a4821b9f6f0227"",""report"":""manifests/story_quality_semantic_batch07_ai_only_20261002_evidence.json.gz"",""script_id"":""340293-4"",""full_fields"":48}}"
340361-1	"[""340361""]"	"[""第1话 不断累积的亲爱 親愛を重ねて""]"	magireco-translate-data-master/Scenarios_full/character_story/4036 - 美琴椿（美琴 椿）/340361-1.json	True	True	after_20261001_takeover	51	b6fb9861f471a672e12a4f00495117a41c6956a4	magireco-source-master/Scenarios_full/character_story/4036 - 美琴椿（美琴 椿）/340361-1.json	31acd28222e4be50775e7d35a728dff561303a6e	35	manifests/story_quality_semantic_batch07_ai_only_20261002_evidence.json.gz	4c2eb16d22aae5bab05937a9a0a4821b9f6f0227	[3319]	"{""path"":""magireco-translate-data-master/Scenarios_full/character_story/4036 - 美琴椿（美琴 椿）/340361-1.json"",""cn_blob"":""b6fb9861f471a672e12a4f00495117a41c6956a4"",""jp_path"":""magireco-source-master/Scenarios_full/character_story/4036 - 美琴椿（美琴 椿）/340361-1.json"",""jp_blob"":""31acd28222e4be50775e7d35a728dff561303a6e"",""evidence"":{""batch"":""20261002-semantic-batch07-ai-only"",""source_commit"":""4c2eb16d22aae5bab05937a9a0a4821b9f6f0227"",""report"":""manifests/story_quality_semantic_batch07_ai_only_20261002_evidence.json.gz"",""script_id"":""340361-1"",""full_fields"":51}}"
340361-2	"[""340361""]"	"[""第1话 不断累积的亲爱 親愛を重ねて""]"	magireco-translate-data-master/Scenarios_full/character_story/4036 - 美琴椿（美琴 椿）/340361-2.json	True	True	after_20261001_takeover	68	cae4ba45a5eb85380d9a56d04762ddd6ee3e00ed	magireco-source-master/Scenarios_full/character_story/4036 - 美琴椿（美琴 椿）/340361-2.json	b4bc6fa2508bb1992833f1762eba4b4e6d635b18	58	manifests/story_quality_semantic_batch07_ai_only_20261002_evidence.json.gz	4c2eb16d22aae5bab05937a9a0a4821b9f6f0227	[3319]	"{""path"":""magireco-translate-data-master/Scenarios_full/character_story/4036 - 美琴椿（美琴 椿）/340361-2.json"",""cn_blob"":""cae4ba45a5eb85380d9a56d04762ddd6ee3e00ed"",""jp_path"":""magireco-source-master/Scenarios_full/character_story/4036 - 美琴椿（美琴 椿）/340361-2.json"",""jp_blob"":""b4bc6fa2508bb1992833f1762eba4b4e6d635b18"",""evidence"":{""batch"":""20261002-semantic-batch07-ai-only"",""source_commit"":""4c2eb16d22aae5bab05937a9a0a4821b9f6f0227"",""report"":""manifests/story_quality_semantic_batch07_ai_only_20261002_evidence.json.gz"",""script_id"":""340361-2"",""full_fields"":68}}"
340361-3	"[""340361""]"	"[""第1话 不断累积的亲爱 親愛を重ねて""]"	magireco-translate-data-master/Scenarios_full/character_story/4036 - 美琴椿（美琴 椿）/340361-3.json	True	True	after_20261001_takeover	37	266be16b88448946d7768233f3567d6bd99e729f	magireco-source-master/Scenarios_full/character_story/4036 - 美琴椿（美琴 椿）/340361-3.json	71aa95ee082f90d6785a244cc81e090fe2f436f9	28	manifests/story_quality_semantic_batch07_ai_only_20261002_evidence.json.gz	4c2eb16d22aae5bab05937a9a0a4821b9f6f0227	[3319]	"{""path"":""magireco-translate-data-master/Scenarios_full/character_story/4036 - 美琴椿（美琴 椿）/340361-3.json"",""cn_blob"":""266be16b88448946d7768233f3567d6bd99e729f"",""jp_path"":""magireco-source-master/Scenarios_full/character_story/4036 - 美琴椿（美琴 椿）/340361-3.json"",""jp_blob"":""71aa95ee082f90d6785a244cc81e090fe2f436f9"",""evidence"":{""batch"":""20261002-semantic-batch07-ai-only"",""source_commit"":""4c2eb16d22aae5bab05937a9a0a4821b9f6f0227"",""report"":""manifests/story_quality_semantic_batch07_ai_only_20261002_evidence.json.gz"",""script_id"":""340361-3"",""full_fields"":37}}"
340361-4	"[""340361""]"	"[""第1话 不断累积的亲爱 親愛を重ねて""]"	magireco-translate-data-master/Scenarios_full/character_story/4036 - 美琴椿（美琴 椿）/340361-4.json	True	True	after_20261001_takeover	46	54a86e6733c41571766097343fbc050df9283e0c	magireco-source-master/Scenarios_full/character_story/4036 - 美琴椿（美琴 椿）/340361-4.json	2570726684c6044c8757ab95074e751ab99c4f92	30	manifests/story_quality_semantic_batch07_ai_only_20261002_evidence.json.gz	4c2eb16d22aae5bab05937a9a0a4821b9f6f0227	[3319]	"{""path"":""magireco-translate-data-master/Scenarios_full/character_story/4036 - 美琴椿（美琴 椿）/340361-4.json"",""cn_blob"":""54a86e6733c41571766097343fbc050df9283e0c"",""jp_path"":""magireco-source-master/Scenarios_full/character_story/4036 - 美琴椿（美琴 椿）/340361-4.json"",""jp_blob"":""2570726684c6044c8757ab95074e751ab99c4f92"",""evidence"":{""batch"":""20261002-semantic-batch07-ai-only"",""source_commit"":""4c2eb16d22aae5bab05937a9a0a4821b9f6f0227"",""report"":""manifests/story_quality_semantic_batch07_ai_only_20261002_evidence.json.gz"",""script_id"":""340361-4"",""full_fields"":46}}"
340362-1	"[""340362""]"	"[""第2话 不断累积的青春 青春を重ねて""]"	magireco-translate-data-master/Scenarios_full/character_story/4036 - 美琴椿（美琴 椿）/340362-1.json	True	True	after_20261001_takeover	40	fc87982fcca889c6aaf3f77fadebf195b45a1bec	magireco-source-master/Scenarios_full/character_story/4036 - 美琴椿（美琴 椿）/340362-1.json	e81eb2a281956db464a8b2e3bd92b0b1287fc20e	34	manifests/story_quality_semantic_batch07_ai_only_20261002_evidence.json.gz	4c2eb16d22aae5bab05937a9a0a4821b9f6f0227	[3319]	"{""path"":""magireco-translate-data-master/Scenarios_full/character_story/4036 - 美琴椿（美琴 椿）/340362-1.json"",""cn_blob"":""fc87982fcca889c6aaf3f77fadebf195b45a1bec"",""jp_path"":""magireco-source-master/Scenarios_full/character_story/4036 - 美琴椿（美琴 椿）/340362-1.json"",""jp_blob"":""e81eb2a281956db464a8b2e3bd92b0b1287fc20e"",""evidence"":{""batch"":""20261002-semantic-batch07-ai-only"",""source_commit"":""4c2eb16d22aae5bab05937a9a0a4821b9f6f0227"",""report"":""manifests/story_quality_semantic_batch07_ai_only_20261002_evidence.json.gz"",""script_id"":""340362-1"",""full_fields"":40}}"
340362-2	"[""340362""]"	"[""第2话 不断累积的青春 青春を重ねて""]"	magireco-translate-data-master/Scenarios_full/character_story/4036 - 美琴椿（美琴 椿）/340362-2.json	True	True	after_20261001_takeover	51	5ff10b75ff848449294b5a067080ed72640f61f0	magireco-source-master/Scenarios_full/character_story/4036 - 美琴椿（美琴 椿）/340362-2.json	997489f1e645a894a05a589dc4d811e264ed57ae	43	manifests/story_quality_semantic_batch07_ai_only_20261002_evidence.json.gz	4c2eb16d22aae5bab05937a9a0a4821b9f6f0227	[3319]	"{""path"":""magireco-translate-data-master/Scenarios_full/character_story/4036 - 美琴椿（美琴 椿）/340362-2.json"",""cn_blob"":""5ff10b75ff848449294b5a067080ed72640f61f0"",""jp_path"":""magireco-source-master/Scenarios_full/character_story/4036 - 美琴椿（美琴 椿）/340362-2.json"",""jp_blob"":""997489f1e645a894a05a589dc4d811e264ed57ae"",""evidence"":{""batch"":""20261002-semantic-batch07-ai-only"",""source_commit"":""4c2eb16d22aae5bab05937a9a0a4821b9f6f0227"",""report"":""manifests/story_quality_semantic_batch07_ai_only_20261002_evidence.json.gz"",""script_id"":""340362-2"",""full_fields"":51}}"
340362-3	"[""340362""]"	"[""第2话 不断累积的青春 青春を重ねて""]"	magireco-translate-data-master/Scenarios_full/character_story/4036 - 美琴椿（美琴 椿）/340362-3.json	True	True	after_20261001_takeover	61	83d8192950525fefeadab2d7220aee185df5a837	magireco-source-master/Scenarios_full/character_story/4036 - 美琴椿（美琴 椿）/340362-3.json	aae874432b7e4c40145bc3d2e1a1aafb0f5ae0a7	49	manifests/story_quality_semantic_batch07_ai_only_20261002_evidence.json.gz	4c2eb16d22aae5bab05937a9a0a4821b9f6f0227	[3319]	"{""path"":""magireco-translate-data-master/Scenarios_full/character_story/4036 - 美琴椿（美琴 椿）/340362-3.json"",""cn_blob"":""83d8192950525fefeadab2d7220aee185df5a837"",""jp_path"":""magireco-source-master/Scenarios_full/character_story/4036 - 美琴椿（美琴 椿）/340362-3.json"",""jp_blob"":""aae874432b7e4c40145bc3d2e1a1aafb0f5ae0a7"",""evidence"":{""batch"":""20261002-semantic-batch07-ai-only"",""source_commit"":""4c2eb16d22aae5bab05937a9a0a4821b9f6f0227"",""report"":""manifests/story_quality_semantic_batch07_ai_only_20261002_evidence.json.gz"",""script_id"":""340362-3"",""full_fields"":61}}"
340362-4	"[""340362""]"	"[""第2话 不断累积的青春 青春を重ねて""]"	magireco-translate-data-master/Scenarios_full/character_story/4036 - 美琴椿（美琴 椿）/340362-4.json	True	True	after_20261001_takeover	46	f250fbd5db0caff470d85cdba11f321a0e187fcf	magireco-source-master/Scenarios_full/character_story/4036 - 美琴椿（美琴 椿）/340362-4.json	e6f96856dda0db6650b04d5ee67f561018d33220	39	manifests/story_quality_semantic_batch07_ai_only_20261002_evidence.json.gz	4c2eb16d22aae5bab05937a9a0a4821b9f6f0227	[3319]	"{""path"":""magireco-translate-data-master/Scenarios_full/character_story/4036 - 美琴椿（美琴 椿）/340362-4.json"",""cn_blob"":""f250fbd5db0caff470d85cdba11f321a0e187fcf"",""jp_path"":""magireco-source-master/Scenarios_full/character_story/4036 - 美琴椿（美琴 椿）/340362-4.json"",""jp_blob"":""e6f96856dda0db6650b04d5ee67f561018d33220"",""evidence"":{""batch"":""20261002-semantic-batch07-ai-only"",""source_commit"":""4c2eb16d22aae5bab05937a9a0a4821b9f6f0227"",""report"":""manifests/story_quality_semantic_batch07_ai_only_20261002_evidence.json.gz"",""script_id"":""340362-4"",""full_fields"":46}}"
340363-1	"[""340363""]"	"[""第3话 不再累积后悔 後悔は重ねず""]"	magireco-translate-data-master/Scenarios_full/character_story/4036 - 美琴椿（美琴 椿）/340363-1.json	True	True	after_20261001_takeover	56	0350e2fb09f1795a3c94031aab57470dd3a8895a	magireco-source-master/Scenarios_full/character_story/4036 - 美琴椿（美琴 椿）/340363-1.json	f297d45979f8b9e4dc3adbc265151403483cd678	51	manifests/story_quality_semantic_batch07_ai_only_20261002_evidence.json.gz	4c2eb16d22aae5bab05937a9a0a4821b9f6f0227	[3319]	"{""path"":""magireco-translate-data-master/Scenarios_full/character_story/4036 - 美琴椿（美琴 椿）/340363-1.json"",""cn_blob"":""0350e2fb09f1795a3c94031aab57470dd3a8895a"",""jp_path"":""magireco-source-master/Scenarios_full/character_story/4036 - 美琴椿（美琴 椿）/340363-1.json"",""jp_blob"":""f297d45979f8b9e4dc3adbc265151403483cd678"",""evidence"":{""batch"":""20261002-semantic-batch07-ai-only"",""source_commit"":""4c2eb16d22aae5bab05937a9a0a4821b9f6f0227"",""report"":""manifests/story_quality_semantic_batch07_ai_only_20261002_evidence.json.gz"",""script_id"":""340363-1"",""full_fields"":56}}"
340363-2	"[""340363""]"	"[""第3话 不再累积后悔 後悔は重ねず""]"	magireco-translate-data-master/Scenarios_full/character_story/4036 - 美琴椿（美琴 椿）/340363-2.json	True	True	after_20261001_takeover	59	23248650eeeec0e2084875b98cb59857b8d51983	magireco-source-master/Scenarios_full/character_story/4036 - 美琴椿（美琴 椿）/340363-2.json	f3d00e1e94038c66f54badf6c0be523173554eb7	50	manifests/story_quality_semantic_batch07_ai_only_20261002_evidence.json.gz	4c2eb16d22aae5bab05937a9a0a4821b9f6f0227	[3319]	"{""path"":""magireco-translate-data-master/Scenarios_full/character_story/4036 - 美琴椿（美琴 椿）/340363-2.json"",""cn_blob"":""23248650eeeec0e2084875b98cb59857b8d51983"",""jp_path"":""magireco-source-master/Scenarios_full/character_story/4036 - 美琴椿（美琴 椿）/340363-2.json"",""jp_blob"":""f3d00e1e94038c66f54badf6c0be523173554eb7"",""evidence"":{""batch"":""20261002-semantic-batch07-ai-only"",""source_commit"":""4c2eb16d22aae5bab05937a9a0a4821b9f6f0227"",""report"":""manifests/story_quality_semantic_batch07_ai_only_20261002_evidence.json.gz"",""script_id"":""340363-2"",""full_fields"":59}}"
340363-3	"[""340363""]"	"[""第3话 不再累积后悔 後悔は重ねず""]"	magireco-translate-data-master/Scenarios_full/character_story/4036 - 美琴椿（美琴 椿）/340363-3.json	True	True	after_20261001_takeover	78	3b721779537dae8619c840af2df8dcab11fc363d	magireco-source-master/Scenarios_full/character_story/4036 - 美琴椿（美琴 椿）/340363-3.json	1f01dfb4f6ba67e1c3b85eb18c41628498efbb26	67	manifests/story_quality_semantic_batch07_ai_only_20261002_evidence.json.gz	4c2eb16d22aae5bab05937a9a0a4821b9f6f0227	[3319]	"{""path"":""magireco-translate-data-master/Scenarios_full/character_story/4036 - 美琴椿（美琴 椿）/340363-3.json"",""cn_blob"":""3b721779537dae8619c840af2df8dcab11fc363d"",""jp_path"":""magireco-source-master/Scenarios_full/character_story/4036 - 美琴椿（美琴 椿）/340363-3.json"",""jp_blob"":""1f01dfb4f6ba67e1c3b85eb18c41628498efbb26"",""evidence"":{""batch"":""20261002-semantic-batch07-ai-only"",""source_commit"":""4c2eb16d22aae5bab05937a9a0a4821b9f6f0227"",""report"":""manifests/story_quality_semantic_batch07_ai_only_20261002_evidence.json.gz"",""script_id"":""340363-3"",""full_fields"":78}}"
340363-4	"[""340363""]"	"[""第3话 不再累积后悔 後悔は重ねず""]"	magireco-translate-data-master/Scenarios_full/character_story/4036 - 美琴椿（美琴 椿）/340363-4.json	True	True	after_20261001_takeover	25	00f3f8e8c493c7259714fbcbfb29dd5f8e7a9f46	magireco-source-master/Scenarios_full/character_story/4036 - 美琴椿（美琴 椿）/340363-4.json	e34010feb57e2912b6882d7c62e5ccea1cc2b6a8	23	manifests/story_quality_semantic_batch07_ai_only_20261002_evidence.json.gz	4c2eb16d22aae5bab05937a9a0a4821b9f6f0227	[3319]	"{""path"":""magireco-translate-data-master/Scenarios_full/character_story/4036 - 美琴椿（美琴 椿）/340363-4.json"",""cn_blob"":""00f3f8e8c493c7259714fbcbfb29dd5f8e7a9f46"",""jp_path"":""magireco-source-master/Scenarios_full/character_story/4036 - 美琴椿（美琴 椿）/340363-4.json"",""jp_blob"":""e34010feb57e2912b6882d7c62e5ccea1cc2b6a8"",""evidence"":{""batch"":""20261002-semantic-batch07-ai-only"",""source_commit"":""4c2eb16d22aae5bab05937a9a0a4821b9f6f0227"",""report"":""manifests/story_quality_semantic_batch07_ai_only_20261002_evidence.json.gz"",""script_id"":""340363-4"",""full_fields"":25}}"
340611-1	"[""340611""]"	"[""第1话 物以类聚。 Like attracts like.""]"	magireco-translate-data-master/Scenarios_full/character_story/4061 - 锦木千束（錦木 千束）/340611-1.json	True	True	after_20261001_takeover	74	4c6413eb910beea8cb0dfcd6c80a399c65be3528	magireco-source-master/Scenarios_full/character_story/4061 - 锦木千束（錦木 千束）/340611-1.json	147afa9224e6e4a8e3236e1c2e82dbb0acc4e51d	69	manifests/story_quality_semantic_batch07_ai_only_20261002_evidence.json.gz	4c2eb16d22aae5bab05937a9a0a4821b9f6f0227	[3319]	"{""path"":""magireco-translate-data-master/Scenarios_full/character_story/4061 - 锦木千束（錦木 千束）/340611-1.json"",""cn_blob"":""4c6413eb910beea8cb0dfcd6c80a399c65be3528"",""jp_path"":""magireco-source-master/Scenarios_full/character_story/4061 - 锦木千束（錦木 千束）/340611-1.json"",""jp_blob"":""147afa9224e6e4a8e3236e1c2e82dbb0acc4e51d"",""evidence"":{""batch"":""20261002-semantic-batch07-ai-only"",""source_commit"":""4c2eb16d22aae5bab05937a9a0a4821b9f6f0227"",""report"":""manifests/story_quality_semantic_batch07_ai_only_20261002_evidence.json.gz"",""script_id"":""340611-1"",""full_fields"":74}}"
340611-2	"[""340611""]"	"[""第1话 物以类聚。 Like attracts like.""]"	magireco-translate-data-master/Scenarios_full/character_story/4061 - 锦木千束（錦木 千束）/340611-2.json	True	True	after_20261001_takeover	87	9db624dd3cce5ab5e90cb98634aba2139bfb2bc7	magireco-source-master/Scenarios_full/character_story/4061 - 锦木千束（錦木 千束）/340611-2.json	df9dae20bd8f36c7032c6fe77389de456946bd55	81	manifests/story_quality_semantic_batch07_ai_only_20261002_evidence.json.gz	4c2eb16d22aae5bab05937a9a0a4821b9f6f0227	[3319]	"{""path"":""magireco-translate-data-master/Scenarios_full/character_story/4061 - 锦木千束（錦木 千束）/340611-2.json"",""cn_blob"":""9db624dd3cce5ab5e90cb98634aba2139bfb2bc7"",""jp_path"":""magireco-source-master/Scenarios_full/character_story/4061 - 锦木千束（錦木 千束）/340611-2.json"",""jp_blob"":""df9dae20bd8f36c7032c6fe77389de456946bd55"",""evidence"":{""batch"":""20261002-semantic-batch07-ai-only"",""source_commit"":""4c2eb16d22aae5bab05937a9a0a4821b9f6f0227"",""report"":""manifests/story_quality_semantic_batch07_ai_only_20261002_evidence.json.gz"",""script_id"":""340611-2"",""full_fields"":87}}"
340611-3	"[""340611""]"	"[""第1话 物以类聚。 Like attracts like.""]"	magireco-translate-data-master/Scenarios_full/character_story/4061 - 锦木千束（錦木 千束）/340611-3.json	True	True	after_20261001_takeover	66	c7196b8b770437bc7a8f0958756acb32465388e4	magireco-source-master/Scenarios_full/character_story/4061 - 锦木千束（錦木 千束）/340611-3.json	4dd40484de8171dbfb723d505e0a63722c8cbd3a	62	manifests/story_quality_semantic_batch07_ai_only_20261002_evidence.json.gz	4c2eb16d22aae5bab05937a9a0a4821b9f6f0227	[3319]	"{""path"":""magireco-translate-data-master/Scenarios_full/character_story/4061 - 锦木千束（錦木 千束）/340611-3.json"",""cn_blob"":""c7196b8b770437bc7a8f0958756acb32465388e4"",""jp_path"":""magireco-source-master/Scenarios_full/character_story/4061 - 锦木千束（錦木 千束）/340611-3.json"",""jp_blob"":""4dd40484de8171dbfb723d505e0a63722c8cbd3a"",""evidence"":{""batch"":""20261002-semantic-batch07-ai-only"",""source_commit"":""4c2eb16d22aae5bab05937a9a0a4821b9f6f0227"",""report"":""manifests/story_quality_semantic_batch07_ai_only_20261002_evidence.json.gz"",""script_id"":""340611-3"",""full_fields"":66}}"
340611-4	"[""340611""]"	"[""第1话 物以类聚。 Like attracts like.""]"	magireco-translate-data-master/Scenarios_full/character_story/4061 - 锦木千束（錦木 千束）/340611-4.json	True	True	after_20261001_takeover	33	8419ba63a1bd80e2534895c66b6f06788ea2d2c7	magireco-source-master/Scenarios_full/character_story/4061 - 锦木千束（錦木 千束）/340611-4.json	7631bfa844c32ff2767895382cfcddd116b8c657	28	manifests/story_quality_semantic_batch07_ai_only_20261002_evidence.json.gz	4c2eb16d22aae5bab05937a9a0a4821b9f6f0227	[3319]	"{""path"":""magireco-translate-data-master/Scenarios_full/character_story/4061 - 锦木千束（錦木 千束）/340611-4.json"",""cn_blob"":""8419ba63a1bd80e2534895c66b6f06788ea2d2c7"",""jp_path"":""magireco-source-master/Scenarios_full/character_story/4061 - 锦木千束（錦木 千束）/340611-4.json"",""jp_blob"":""7631bfa844c32ff2767895382cfcddd116b8c657"",""evidence"":{""batch"":""20261002-semantic-batch07-ai-only"",""source_commit"":""4c2eb16d22aae5bab05937a9a0a4821b9f6f0227"",""report"":""manifests/story_quality_semantic_batch07_ai_only_20261002_evidence.json.gz"",""script_id"":""340611-4"",""full_fields"":33}}"
340612-1	"[""340612""]"	"[""第2话 把握当下。 Seize the day.""]"	magireco-translate-data-master/Scenarios_full/character_story/4061 - 锦木千束（錦木 千束）/340612-1.json	True	True	after_20261001_takeover	65	77bd28d8ff2032ed16c8b6c97a1a4eec9570cfcb	magireco-source-master/Scenarios_full/character_story/4061 - 锦木千束（錦木 千束）/340612-1.json	e6174ca9e01984689c0ddf65ee70e302b1cc4cff	62	manifests/story_quality_semantic_batch07_ai_only_20261002_evidence.json.gz	4c2eb16d22aae5bab05937a9a0a4821b9f6f0227	[3319]	"{""path"":""magireco-translate-data-master/Scenarios_full/character_story/4061 - 锦木千束（錦木 千束）/340612-1.json"",""cn_blob"":""77bd28d8ff2032ed16c8b6c97a1a4eec9570cfcb"",""jp_path"":""magireco-source-master/Scenarios_full/character_story/4061 - 锦木千束（錦木 千束）/340612-1.json"",""jp_blob"":""e6174ca9e01984689c0ddf65ee70e302b1cc4cff"",""evidence"":{""batch"":""20261002-semantic-batch07-ai-only"",""source_commit"":""4c2eb16d22aae5bab05937a9a0a4821b9f6f0227"",""report"":""manifests/story_quality_semantic_batch07_ai_only_20261002_evidence.json.gz"",""script_id"":""340612-1"",""full_fields"":65}}"
340612-2	"[""340612""]"	"[""第2话 把握当下。 Seize the day.""]"	magireco-translate-data-master/Scenarios_full/character_story/4061 - 锦木千束（錦木 千束）/340612-2.json	True	True	after_20261001_takeover	50	595292b79deca302626d511b39493c9312501eb8	magireco-source-master/Scenarios_full/character_story/4061 - 锦木千束（錦木 千束）/340612-2.json	f9893d334544d023144a6dc3ff05ceec60566cce	46	manifests/story_quality_semantic_batch07_ai_only_20261002_evidence.json.gz	4c2eb16d22aae5bab05937a9a0a4821b9f6f0227	[3319]	"{""path"":""magireco-translate-data-master/Scenarios_full/character_story/4061 - 锦木千束（錦木 千束）/340612-2.json"",""cn_blob"":""595292b79deca302626d511b39493c9312501eb8"",""jp_path"":""magireco-source-master/Scenarios_full/character_story/4061 - 锦木千束（錦木 千束）/340612-2.json"",""jp_blob"":""f9893d334544d023144a6dc3ff05ceec60566cce"",""evidence"":{""batch"":""20261002-semantic-batch07-ai-only"",""source_commit"":""4c2eb16d22aae5bab05937a9a0a4821b9f6f0227"",""report"":""manifests/story_quality_semantic_batch07_ai_only_20261002_evidence.json.gz"",""script_id"":""340612-2"",""full_fields"":50}}"
340612-3	"[""340612""]"	"[""第2话 把握当下。 Seize the day.""]"	magireco-translate-data-master/Scenarios_full/character_story/4061 - 锦木千束（錦木 千束）/340612-3.json	True	True	after_20261001_takeover	91	453a7c85309addadab83c0b25bd94242d9111999	magireco-source-master/Scenarios_full/character_story/4061 - 锦木千束（錦木 千束）/340612-3.json	9ee20d0500c0f1a2bc987f5032c7fc98cc7588ed	86	manifests/story_quality_semantic_batch07_ai_only_20261002_evidence.json.gz	4c2eb16d22aae5bab05937a9a0a4821b9f6f0227	[3319]	"{""path"":""magireco-translate-data-master/Scenarios_full/character_story/4061 - 锦木千束（錦木 千束）/340612-3.json"",""cn_blob"":""453a7c85309addadab83c0b25bd94242d9111999"",""jp_path"":""magireco-source-master/Scenarios_full/character_story/4061 - 锦木千束（錦木 千束）/340612-3.json"",""jp_blob"":""9ee20d0500c0f1a2bc987f5032c7fc98cc7588ed"",""evidence"":{""batch"":""20261002-semantic-batch07-ai-only"",""source_commit"":""4c2eb16d22aae5bab05937a9a0a4821b9f6f0227"",""report"":""manifests/story_quality_semantic_batch07_ai_only_20261002_evidence.json.gz"",""script_id"":""340612-3"",""full_fields"":91}}"
340612-4	"[""340612""]"	"[""第2话 把握当下。 Seize the day.""]"	magireco-translate-data-master/Scenarios_full/character_story/4061 - 锦木千束（錦木 千束）/340612-4.json	True	True	after_20261001_takeover	72	d652a15efd59dcbe887c17960d46a70bdfd2901c	magireco-source-master/Scenarios_full/character_story/4061 - 锦木千束（錦木 千束）/340612-4.json	e7612b6a81c60dd0ff1c6a205d537a079fce8a61	68	manifests/story_quality_semantic_batch07_ai_only_20261002_evidence.json.gz	4c2eb16d22aae5bab05937a9a0a4821b9f6f0227	[3319]	"{""path"":""magireco-translate-data-master/Scenarios_full/character_story/4061 - 锦木千束（錦木 千束）/340612-4.json"",""cn_blob"":""d652a15efd59dcbe887c17960d46a70bdfd2901c"",""jp_path"":""magireco-source-master/Scenarios_full/character_story/4061 - 锦木千束（錦木 千束）/340612-4.json"",""jp_blob"":""e7612b6a81c60dd0ff1c6a205d537a079fce8a61"",""evidence"":{""batch"":""20261002-semantic-batch07-ai-only"",""source_commit"":""4c2eb16d22aae5bab05937a9a0a4821b9f6f0227"",""report"":""manifests/story_quality_semantic_batch07_ai_only_20261002_evidence.json.gz"",""script_id"":""340612-4"",""full_fields"":72}}"
340613-1	"[""340613""]"	"[""第3话 人生苦短。 Life is short.""]"	magireco-translate-data-master/Scenarios_full/character_story/4061 - 锦木千束（錦木 千束）/340613-1.json	True	True	after_20261001_takeover	91	2d450015d955b07d25dffd5846f8b49141dbacc2	magireco-source-master/Scenarios_full/character_story/4061 - 锦木千束（錦木 千束）/340613-1.json	5daefb1c5ba968981d4cb3ae5e328cdfa4126d69	88	manifests/story_quality_semantic_batch07_ai_only_20261002_evidence.json.gz	4c2eb16d22aae5bab05937a9a0a4821b9f6f0227	[3319]	"{""path"":""magireco-translate-data-master/Scenarios_full/character_story/4061 - 锦木千束（錦木 千束）/340613-1.json"",""cn_blob"":""2d450015d955b07d25dffd5846f8b49141dbacc2"",""jp_path"":""magireco-source-master/Scenarios_full/character_story/4061 - 锦木千束（錦木 千束）/340613-1.json"",""jp_blob"":""5daefb1c5ba968981d4cb3ae5e328cdfa4126d69"",""evidence"":{""batch"":""20261002-semantic-batch07-ai-only"",""source_commit"":""4c2eb16d22aae5bab05937a9a0a4821b9f6f0227"",""report"":""manifests/story_quality_semantic_batch07_ai_only_20261002_evidence.json.gz"",""script_id"":""340613-1"",""full_fields"":91}}"
340613-2	"[""340613""]"	"[""第3话 人生苦短。 Life is short.""]"	magireco-translate-data-master/Scenarios_full/character_story/4061 - 锦木千束（錦木 千束）/340613-2.json	True	True	after_20261001_takeover	77	67b6c6ec73237a7141712dfcbe0f0e03fc0b1d8c	magireco-source-master/Scenarios_full/character_story/4061 - 锦木千束（錦木 千束）/340613-2.json	3544d9c9f3287e8456608977c3f5b0111f837038	69	manifests/story_quality_semantic_batch07_ai_only_20261002_evidence.json.gz	4c2eb16d22aae5bab05937a9a0a4821b9f6f0227	[3319]	"{""path"":""magireco-translate-data-master/Scenarios_full/character_story/4061 - 锦木千束（錦木 千束）/340613-2.json"",""cn_blob"":""67b6c6ec73237a7141712dfcbe0f0e03fc0b1d8c"",""jp_path"":""magireco-source-master/Scenarios_full/character_story/4061 - 锦木千束（錦木 千束）/340613-2.json"",""jp_blob"":""3544d9c9f3287e8456608977c3f5b0111f837038"",""evidence"":{""batch"":""20261002-semantic-batch07-ai-only"",""source_commit"":""4c2eb16d22aae5bab05937a9a0a4821b9f6f0227"",""report"":""manifests/story_quality_semantic_batch07_ai_only_20261002_evidence.json.gz"",""script_id"":""340613-2"",""full_fields"":77}}"
340613-3	"[""340613""]"	"[""第3话 人生苦短。 Life is short.""]"	magireco-translate-data-master/Scenarios_full/character_story/4061 - 锦木千束（錦木 千束）/340613-3.json	True	True	after_20261001_takeover	42	3ae0b8827d85206bb46b457f1cb9889885737c40	magireco-source-master/Scenarios_full/character_story/4061 - 锦木千束（錦木 千束）/340613-3.json	bb2542962f1e314845a5f680f81da603c2ce2b9a	39	manifests/story_quality_semantic_batch07_ai_only_20261002_evidence.json.gz	4c2eb16d22aae5bab05937a9a0a4821b9f6f0227	[3319]	"{""path"":""magireco-translate-data-master/Scenarios_full/character_story/4061 - 锦木千束（錦木 千束）/340613-3.json"",""cn_blob"":""3ae0b8827d85206bb46b457f1cb9889885737c40"",""jp_path"":""magireco-source-master/Scenarios_full/character_story/4061 - 锦木千束（錦木 千束）/340613-3.json"",""jp_blob"":""bb2542962f1e314845a5f680f81da603c2ce2b9a"",""evidence"":{""batch"":""20261002-semantic-batch07-ai-only"",""source_commit"":""4c2eb16d22aae5bab05937a9a0a4821b9f6f0227"",""report"":""manifests/story_quality_semantic_batch07_ai_only_20261002_evidence.json.gz"",""script_id"":""340613-3"",""full_fields"":42}}"
340613-4	"[""340613""]"	"[""第3话 人生苦短。 Life is short.""]"	magireco-translate-data-master/Scenarios_full/character_story/4061 - 锦木千束（錦木 千束）/340613-4.json	True	True	after_20261001_takeover	59	4194c734e8e192a566582ae126d9611cf1fd4cd7	magireco-source-master/Scenarios_full/character_story/4061 - 锦木千束（錦木 千束）/340613-4.json	e9a1dde6ad23f2e31fed324c19d33c20d64e30c3	56	manifests/story_quality_semantic_batch07_ai_only_20261002_evidence.json.gz	4c2eb16d22aae5bab05937a9a0a4821b9f6f0227	[3319]	"{""path"":""magireco-translate-data-master/Scenarios_full/character_story/4061 - 锦木千束（錦木 千束）/340613-4.json"",""cn_blob"":""4194c734e8e192a566582ae126d9611cf1fd4cd7"",""jp_path"":""magireco-source-master/Scenarios_full/character_story/4061 - 锦木千束（錦木 千束）/340613-4.json"",""jp_blob"":""e9a1dde6ad23f2e31fed324c19d33c20d64e30c3"",""evidence"":{""batch"":""20261002-semantic-batch07-ai-only"",""source_commit"":""4c2eb16d22aae5bab05937a9a0a4821b9f6f0227"",""report"":""manifests/story_quality_semantic_batch07_ai_only_20261002_evidence.json.gz"",""script_id"":""340613-4"",""full_fields"":59}}"
340621-1	"[""340621""]"	"[""第1话 继续前行。 Just keep going.""]"	magireco-translate-data-master/Scenarios_full/character_story/4062 - 井之上泷奈（井ノ上 たきな）/340621-1.json	True	True	after_20261001_takeover	73	036b4dec7b036599aae7f86fa5dfedc39aedbd4a	magireco-source-master/Scenarios_full/character_story/4062 - 井之上泷奈（井ノ上 たきな）/340621-1.json	627b1a149824fa43b119892f7bc23219668f474b	69	manifests/story_quality_semantic_batch07_ai_only_20261002_evidence.json.gz	4c2eb16d22aae5bab05937a9a0a4821b9f6f0227	[3319]	"{""path"":""magireco-translate-data-master/Scenarios_full/character_story/4062 - 井之上泷奈（井ノ上 たきな）/340621-1.json"",""cn_blob"":""036b4dec7b036599aae7f86fa5dfedc39aedbd4a"",""jp_path"":""magireco-source-master/Scenarios_full/character_story/4062 - 井之上泷奈（井ノ上 たきな）/340621-1.json"",""jp_blob"":""627b1a149824fa43b119892f7bc23219668f474b"",""evidence"":{""batch"":""20261002-semantic-batch07-ai-only"",""source_commit"":""4c2eb16d22aae5bab05937a9a0a4821b9f6f0227"",""report"":""manifests/story_quality_semantic_batch07_ai_only_20261002_evidence.json.gz"",""script_id"":""340621-1"",""full_fields"":73}}"
340621-2	"[""340621""]"	"[""第1话 继续前行。 Just keep going.""]"	magireco-translate-data-master/Scenarios_full/character_story/4062 - 井之上泷奈（井ノ上 たきな）/340621-2.json	True	True	after_20261001_takeover	70	4b279331e4451a3fb34cb3095d3513d6be2018a9	magireco-source-master/Scenarios_full/character_story/4062 - 井之上泷奈（井ノ上 たきな）/340621-2.json	1b55373c970cc75d18812e7e7743e871bf850353	59	manifests/story_quality_semantic_batch07_ai_only_20261002_evidence.json.gz	4c2eb16d22aae5bab05937a9a0a4821b9f6f0227	[3319]	"{""path"":""magireco-translate-data-master/Scenarios_full/character_story/4062 - 井之上泷奈（井ノ上 たきな）/340621-2.json"",""cn_blob"":""4b279331e4451a3fb34cb3095d3513d6be2018a9"",""jp_path"":""magireco-source-master/Scenarios_full/character_story/4062 - 井之上泷奈（井ノ上 たきな）/340621-2.json"",""jp_blob"":""1b55373c970cc75d18812e7e7743e871bf850353"",""evidence"":{""batch"":""20261002-semantic-batch07-ai-only"",""source_commit"":""4c2eb16d22aae5bab05937a9a0a4821b9f6f0227"",""report"":""manifests/story_quality_semantic_batch07_ai_only_20261002_evidence.json.gz"",""script_id"":""340621-2"",""full_fields"":70}}"
340621-3	"[""340621""]"	"[""第1话 继续前行。 Just keep going.""]"	magireco-translate-data-master/Scenarios_full/character_story/4062 - 井之上泷奈（井ノ上 たきな）/340621-3.json	True	True	after_20261001_takeover	70	7b142b82ecf53594a22c36180c2505973762e2f3	magireco-source-master/Scenarios_full/character_story/4062 - 井之上泷奈（井ノ上 たきな）/340621-3.json	3c1a7330c7fba3175ccb051a85596f37a91dfaf2	65	manifests/story_quality_semantic_batch07_ai_only_20261002_evidence.json.gz	4c2eb16d22aae5bab05937a9a0a4821b9f6f0227	[3319]	"{""path"":""magireco-translate-data-master/Scenarios_full/character_story/4062 - 井之上泷奈（井ノ上 たきな）/340621-3.json"",""cn_blob"":""7b142b82ecf53594a22c36180c2505973762e2f3"",""jp_path"":""magireco-source-master/Scenarios_full/character_story/4062 - 井之上泷奈（井ノ上 たきな）/340621-3.json"",""jp_blob"":""3c1a7330c7fba3175ccb051a85596f37a91dfaf2"",""evidence"":{""batch"":""20261002-semantic-batch07-ai-only"",""source_commit"":""4c2eb16d22aae5bab05937a9a0a4821b9f6f0227"",""report"":""manifests/story_quality_semantic_batch07_ai_only_20261002_evidence.json.gz"",""script_id"":""340621-3"",""full_fields"":70}}"
340621-4	"[""340621""]"	"[""第1话 继续前行。 Just keep going.""]"	magireco-translate-data-master/Scenarios_full/character_story/4062 - 井之上泷奈（井ノ上 たきな）/340621-4.json	True	True	after_20261001_takeover	79	7c6af529954f50ea66b1f2509c027d79f8b181ab	magireco-source-master/Scenarios_full/character_story/4062 - 井之上泷奈（井ノ上 たきな）/340621-4.json	a10278d3f506ef849d78cbd40d2deb45b5a9e355	74	manifests/story_quality_semantic_batch07_ai_only_20261002_evidence.json.gz	4c2eb16d22aae5bab05937a9a0a4821b9f6f0227	[3319]	"{""path"":""magireco-translate-data-master/Scenarios_full/character_story/4062 - 井之上泷奈（井ノ上 たきな）/340621-4.json"",""cn_blob"":""7c6af529954f50ea66b1f2509c027d79f8b181ab"",""jp_path"":""magireco-source-master/Scenarios_full/character_story/4062 - 井之上泷奈（井ノ上 たきな）/340621-4.json"",""jp_blob"":""a10278d3f506ef849d78cbd40d2deb45b5a9e355"",""evidence"":{""batch"":""20261002-semantic-batch07-ai-only"",""source_commit"":""4c2eb16d22aae5bab05937a9a0a4821b9f6f0227"",""report"":""manifests/story_quality_semantic_batch07_ai_only_20261002_evidence.json.gz"",""script_id"":""340621-4"",""full_fields"":79}}"
340622-1	"[""340622""]"	"[""第2话 心怀善意,坦诚待人。 Be kind. Be honest.""]"	magireco-translate-data-master/Scenarios_full/character_story/4062 - 井之上泷奈（井ノ上 たきな）/340622-1.json	True	True	after_20261001_takeover	50	a5d7c61fa413296b52333f0aa908f2497b121116	magireco-source-master/Scenarios_full/character_story/4062 - 井之上泷奈（井ノ上 たきな）/340622-1.json	e7c1f63b781e5ea08b8dda172f48735fbb9d7587	46	manifests/story_quality_semantic_batch07_ai_only_20261002_evidence.json.gz	4c2eb16d22aae5bab05937a9a0a4821b9f6f0227	[3319]	"{""path"":""magireco-translate-data-master/Scenarios_full/character_story/4062 - 井之上泷奈（井ノ上 たきな）/340622-1.json"",""cn_blob"":""a5d7c61fa413296b52333f0aa908f2497b121116"",""jp_path"":""magireco-source-master/Scenarios_full/character_story/4062 - 井之上泷奈（井ノ上 たきな）/340622-1.json"",""jp_blob"":""e7c1f63b781e5ea08b8dda172f48735fbb9d7587"",""evidence"":{""batch"":""20261002-semantic-batch07-ai-only"",""source_commit"":""4c2eb16d22aae5bab05937a9a0a4821b9f6f0227"",""report"":""manifests/story_quality_semantic_batch07_ai_only_20261002_evidence.json.gz"",""script_id"":""340622-1"",""full_fields"":50}}"
340622-2	"[""340622""]"	"[""第2话 心怀善意,坦诚待人。 Be kind. Be honest.""]"	magireco-translate-data-master/Scenarios_full/character_story/4062 - 井之上泷奈（井ノ上 たきな）/340622-2.json	True	True	after_20261001_takeover	78	425e3c341e9ef4223d025c96cf686169b9fd274e	magireco-source-master/Scenarios_full/character_story/4062 - 井之上泷奈（井ノ上 たきな）/340622-2.json	90e032411e1103628115ac8569fa401996a52484	72	manifests/story_quality_semantic_batch07_ai_only_20261002_evidence.json.gz	4c2eb16d22aae5bab05937a9a0a4821b9f6f0227	[3319]	"{""path"":""magireco-translate-data-master/Scenarios_full/character_story/4062 - 井之上泷奈（井ノ上 たきな）/340622-2.json"",""cn_blob"":""425e3c341e9ef4223d025c96cf686169b9fd274e"",""jp_path"":""magireco-source-master/Scenarios_full/character_story/4062 - 井之上泷奈（井ノ上 たきな）/340622-2.json"",""jp_blob"":""90e032411e1103628115ac8569fa401996a52484"",""evidence"":{""batch"":""20261002-semantic-batch07-ai-only"",""source_commit"":""4c2eb16d22aae5bab05937a9a0a4821b9f6f0227"",""report"":""manifests/story_quality_semantic_batch07_ai_only_20261002_evidence.json.gz"",""script_id"":""340622-2"",""full_fields"":78}}"
340622-3	"[""340622""]"	"[""第2话 心怀善意,坦诚待人。 Be kind. Be honest.""]"	magireco-translate-data-master/Scenarios_full/character_story/4062 - 井之上泷奈（井ノ上 たきな）/340622-3.json	True	True	after_20261001_takeover	64	97b90ffb31cc20cef1d9aa32eb43e400fd8b7228	magireco-source-master/Scenarios_full/character_story/4062 - 井之上泷奈（井ノ上 たきな）/340622-3.json	f8e1e3c978dce90ff448a2b1c852ed4d0b28f685	56	manifests/story_quality_semantic_batch07_ai_only_20261002_evidence.json.gz	4c2eb16d22aae5bab05937a9a0a4821b9f6f0227	[3319]	"{""path"":""magireco-translate-data-master/Scenarios_full/character_story/4062 - 井之上泷奈（井ノ上 たきな）/340622-3.json"",""cn_blob"":""97b90ffb31cc20cef1d9aa32eb43e400fd8b7228"",""jp_path"":""magireco-source-master/Scenarios_full/character_story/4062 - 井之上泷奈（井ノ上 たきな）/340622-3.json"",""jp_blob"":""f8e1e3c978dce90ff448a2b1c852ed4d0b28f685"",""evidence"":{""batch"":""20261002-semantic-batch07-ai-only"",""source_commit"":""4c2eb16d22aae5bab05937a9a0a4821b9f6f0227"",""report"":""manifests/story_quality_semantic_batch07_ai_only_20261002_evidence.json.gz"",""script_id"":""340622-3"",""full_fields"":64}}"
340622-4	"[""340622""]"	"[""第2话 心怀善意,坦诚待人。 Be kind. Be honest.""]"	magireco-translate-data-master/Scenarios_full/character_story/4062 - 井之上泷奈（井ノ上 たきな）/340622-4.json	True	True	after_20261001_takeover	63	1a1f3c09167cfb44366694021d4d94ed357f7b04	magireco-source-master/Scenarios_full/character_story/4062 - 井之上泷奈（井ノ上 たきな）/340622-4.json	47669e120803e1ee40949b1230d7c86a42dfa417	54	manifests/story_quality_semantic_batch07_ai_only_20261002_evidence.json.gz	4c2eb16d22aae5bab05937a9a0a4821b9f6f0227	[3319]	"{""path"":""magireco-translate-data-master/Scenarios_full/character_story/4062 - 井之上泷奈（井ノ上 たきな）/340622-4.json"",""cn_blob"":""1a1f3c09167cfb44366694021d4d94ed357f7b04"",""jp_path"":""magireco-source-master/Scenarios_full/character_story/4062 - 井之上泷奈（井ノ上 たきな）/340622-4.json"",""jp_blob"":""47669e120803e1ee40949b1230d7c86a42dfa417"",""evidence"":{""batch"":""20261002-semantic-batch07-ai-only"",""source_commit"":""4c2eb16d22aae5bab05937a9a0a4821b9f6f0227"",""report"":""manifests/story_quality_semantic_batch07_ai_only_20261002_evidence.json.gz"",""script_id"":""340622-4"",""full_fields"":63}}"
340623-1	"[""340623""]"	"[""第3话 乐在其中。 Keep it fun.""]"	magireco-translate-data-master/Scenarios_full/character_story/4062 - 井之上泷奈（井ノ上 たきな）/340623-1.json	True	True	after_20261001_takeover	51	1d04f7a006fe800d0bb9dd310adbf33d3393d9aa	magireco-source-master/Scenarios_full/character_story/4062 - 井之上泷奈（井ノ上 たきな）/340623-1.json	0a93b5ef026a8656acd6207827fb61c10e47cab5	47	manifests/story_quality_semantic_batch07_ai_only_20261002_evidence.json.gz	4c2eb16d22aae5bab05937a9a0a4821b9f6f0227	[3319]	"{""path"":""magireco-translate-data-master/Scenarios_full/character_story/4062 - 井之上泷奈（井ノ上 たきな）/340623-1.json"",""cn_blob"":""1d04f7a006fe800d0bb9dd310adbf33d3393d9aa"",""jp_path"":""magireco-source-master/Scenarios_full/character_story/4062 - 井之上泷奈（井ノ上 たきな）/340623-1.json"",""jp_blob"":""0a93b5ef026a8656acd6207827fb61c10e47cab5"",""evidence"":{""batch"":""20261002-semantic-batch07-ai-only"",""source_commit"":""4c2eb16d22aae5bab05937a9a0a4821b9f6f0227"",""report"":""manifests/story_quality_semantic_batch07_ai_only_20261002_evidence.json.gz"",""script_id"":""340623-1"",""full_fields"":51}}"
340623-2	"[""340623""]"	"[""第3话 乐在其中。 Keep it fun.""]"	magireco-translate-data-master/Scenarios_full/character_story/4062 - 井之上泷奈（井ノ上 たきな）/340623-2.json	True	True	after_20261001_takeover	71	5e8928f094ee678c9d1dfbaecb3d66ab6b359b42	magireco-source-master/Scenarios_full/character_story/4062 - 井之上泷奈（井ノ上 たきな）/340623-2.json	5ad40e672f3b288562a77122137fa25d9cec57fd	65	manifests/story_quality_semantic_batch07_ai_only_20261002_evidence.json.gz	4c2eb16d22aae5bab05937a9a0a4821b9f6f0227	[3319]	"{""path"":""magireco-translate-data-master/Scenarios_full/character_story/4062 - 井之上泷奈（井ノ上 たきな）/340623-2.json"",""cn_blob"":""5e8928f094ee678c9d1dfbaecb3d66ab6b359b42"",""jp_path"":""magireco-source-master/Scenarios_full/character_story/4062 - 井之上泷奈（井ノ上 たきな）/340623-2.json"",""jp_blob"":""5ad40e672f3b288562a77122137fa25d9cec57fd"",""evidence"":{""batch"":""20261002-semantic-batch07-ai-only"",""source_commit"":""4c2eb16d22aae5bab05937a9a0a4821b9f6f0227"",""report"":""manifests/story_quality_semantic_batch07_ai_only_20261002_evidence.json.gz"",""script_id"":""340623-2"",""full_fields"":71}}"
340623-3	"[""340623""]"	"[""第3话 乐在其中。 Keep it fun.""]"	magireco-translate-data-master/Scenarios_full/character_story/4062 - 井之上泷奈（井ノ上 たきな）/340623-3.json	True	True	after_20261001_takeover	81	8926154e04974adbc02d738981be8dbf2aebb6bf	magireco-source-master/Scenarios_full/character_story/4062 - 井之上泷奈（井ノ上 たきな）/340623-3.json	662defe19c046bea45eac68d58b80855236c79f5	66	manifests/story_quality_semantic_batch07_ai_only_20261002_evidence.json.gz	4c2eb16d22aae5bab05937a9a0a4821b9f6f0227	[3319]	"{""path"":""magireco-translate-data-master/Scenarios_full/character_story/4062 - 井之上泷奈（井ノ上 たきな）/340623-3.json"",""cn_blob"":""8926154e04974adbc02d738981be8dbf2aebb6bf"",""jp_path"":""magireco-source-master/Scenarios_full/character_story/4062 - 井之上泷奈（井ノ上 たきな）/340623-3.json"",""jp_blob"":""662defe19c046bea45eac68d58b80855236c79f5"",""evidence"":{""batch"":""20261002-semantic-batch07-ai-only"",""source_commit"":""4c2eb16d22aae5bab05937a9a0a4821b9f6f0227"",""report"":""manifests/story_quality_semantic_batch07_ai_only_20261002_evidence.json.gz"",""script_id"":""340623-3"",""full_fields"":81}}"
340623-4	"[""340623""]"	"[""第3话 乐在其中。 Keep it fun.""]"	magireco-translate-data-master/Scenarios_full/character_story/4062 - 井之上泷奈（井ノ上 たきな）/340623-4.json	True	True	after_20261001_takeover	38	a5c1db264b9b0c3d7ab3a11438a4d1458b309025	magireco-source-master/Scenarios_full/character_story/4062 - 井之上泷奈（井ノ上 たきな）/340623-4.json	b363bff273cdc03478c27e965d2f43b59b3e9c1e	33	manifests/story_quality_semantic_batch07_ai_only_20261002_evidence.json.gz	4c2eb16d22aae5bab05937a9a0a4821b9f6f0227	[3319]	"{""path"":""magireco-translate-data-master/Scenarios_full/character_story/4062 - 井之上泷奈（井ノ上 たきな）/340623-4.json"",""cn_blob"":""a5c1db264b9b0c3d7ab3a11438a4d1458b309025"",""jp_path"":""magireco-source-master/Scenarios_full/character_story/4062 - 井之上泷奈（井ノ上 たきな）/340623-4.json"",""jp_blob"":""b363bff273cdc03478c27e965d2f43b59b3e9c1e"",""evidence"":{""batch"":""20261002-semantic-batch07-ai-only"",""source_commit"":""4c2eb16d22aae5bab05937a9a0a4821b9f6f0227"",""report"":""manifests/story_quality_semantic_batch07_ai_only_20261002_evidence.json.gz"",""script_id"":""340623-4"",""full_fields"":38}}"
341211-1	"[""341211""]"	"[""第1话 天使的笑容 天使の笑み""]"	magireco-translate-data-master/Scenarios_full/character_story/4121 - 伊莎贝拉（魔女ver.）（イザボー（魔女ver.））/341211-1.json	True	True	after_20261001_takeover	57	7c2d2b0dc00c76df0a11101f5e09775a684d3884	magireco-source-master/Scenarios_full/character_story/4121 - 伊莎贝拉（魔女ver.）（イザボー（魔女ver.））/341211-1.json	1dc34f9293ace7f66a46a313e70a29561160f4ad	52	manifests/story_quality_semantic_batch07_ai_only_20261002_evidence.json.gz	4c2eb16d22aae5bab05937a9a0a4821b9f6f0227	[3319]	"{""path"":""magireco-translate-data-master/Scenarios_full/character_story/4121 - 伊莎贝拉（魔女ver.）（イザボー（魔女ver.））/341211-1.json"",""cn_blob"":""7c2d2b0dc00c76df0a11101f5e09775a684d3884"",""jp_path"":""magireco-source-master/Scenarios_full/character_story/4121 - 伊莎贝拉（魔女ver.）（イザボー（魔女ver.））/341211-1.json"",""jp_blob"":""1dc34f9293ace7f66a46a313e70a29561160f4ad"",""evidence"":{""batch"":""20261002-semantic-batch07-ai-only"",""source_commit"":""4c2eb16d22aae5bab05937a9a0a4821b9f6f0227"",""report"":""manifests/story_quality_semantic_batch07_ai_only_20261002_evidence.json.gz"",""script_id"":""341211-1"",""full_fields"":57}}"
341211-2	"[""341211""]"	"[""第1话 天使的笑容 天使の笑み""]"	magireco-translate-data-master/Scenarios_full/character_story/4121 - 伊莎贝拉（魔女ver.）（イザボー（魔女ver.））/341211-2.json	True	True	after_20261001_takeover	45	f6fa24b4dcbde5760c4649a3b15a0099297e5593	magireco-source-master/Scenarios_full/character_story/4121 - 伊莎贝拉（魔女ver.）（イザボー（魔女ver.））/341211-2.json	99b6ccec9b896d91a5334e2f859b6f36139a6f41	40	manifests/story_quality_semantic_batch07_ai_only_20261002_evidence.json.gz	4c2eb16d22aae5bab05937a9a0a4821b9f6f0227	[3319]	"{""path"":""magireco-translate-data-master/Scenarios_full/character_story/4121 - 伊莎贝拉（魔女ver.）（イザボー（魔女ver.））/341211-2.json"",""cn_blob"":""f6fa24b4dcbde5760c4649a3b15a0099297e5593"",""jp_path"":""magireco-source-master/Scenarios_full/character_story/4121 - 伊莎贝拉（魔女ver.）（イザボー（魔女ver.））/341211-2.json"",""jp_blob"":""99b6ccec9b896d91a5334e2f859b6f36139a6f41"",""evidence"":{""batch"":""20261002-semantic-batch07-ai-only"",""source_commit"":""4c2eb16d22aae5bab05937a9a0a4821b9f6f0227"",""report"":""manifests/story_quality_semantic_batch07_ai_only_20261002_evidence.json.gz"",""script_id"":""341211-2"",""full_fields"":45}}"
341211-3	"[""341211""]"	"[""第1话 天使的笑容 天使の笑み""]"	magireco-translate-data-master/Scenarios_full/character_story/4121 - 伊莎贝拉（魔女ver.）（イザボー（魔女ver.））/341211-3.json	True	True	after_20261001_takeover	36	63d7193c44e79300603c323096dd64fbb90c30f4	magireco-source-master/Scenarios_full/character_story/4121 - 伊莎贝拉（魔女ver.）（イザボー（魔女ver.））/341211-3.json	c4865cbdcaeb22fda8c2b004d1e5c2c3c13adda4	27	manifests/story_quality_semantic_batch07_ai_only_20261002_evidence.json.gz	4c2eb16d22aae5bab05937a9a0a4821b9f6f0227	[3319]	"{""path"":""magireco-translate-data-master/Scenarios_full/character_story/4121 - 伊莎贝拉（魔女ver.）（イザボー（魔女ver.））/341211-3.json"",""cn_blob"":""63d7193c44e79300603c323096dd64fbb90c30f4"",""jp_path"":""magireco-source-master/Scenarios_full/character_story/4121 - 伊莎贝拉（魔女ver.）（イザボー（魔女ver.））/341211-3.json"",""jp_blob"":""c4865cbdcaeb22fda8c2b004d1e5c2c3c13adda4"",""evidence"":{""batch"":""20261002-semantic-batch07-ai-only"",""source_commit"":""4c2eb16d22aae5bab05937a9a0a4821b9f6f0227"",""report"":""manifests/story_quality_semantic_batch07_ai_only_20261002_evidence.json.gz"",""script_id"":""341211-3"",""full_fields"":36}}"
341211-4	"[""341211""]"	"[""第1话 天使的笑容 天使の笑み""]"	magireco-translate-data-master/Scenarios_full/character_story/4121 - 伊莎贝拉（魔女ver.）（イザボー（魔女ver.））/341211-4.json	True	True	after_20261001_takeover	54	2f96f6ec2626cbbeb760507c0c94755ffcd90a63	magireco-source-master/Scenarios_full/character_story/4121 - 伊莎贝拉（魔女ver.）（イザボー（魔女ver.））/341211-4.json	c36d80abef303112bdccfcbe6195d4c33a4b6d09	44	manifests/story_quality_semantic_batch07_ai_only_20261002_evidence.json.gz	4c2eb16d22aae5bab05937a9a0a4821b9f6f0227	[3319]	"{""path"":""magireco-translate-data-master/Scenarios_full/character_story/4121 - 伊莎贝拉（魔女ver.）（イザボー（魔女ver.））/341211-4.json"",""cn_blob"":""2f96f6ec2626cbbeb760507c0c94755ffcd90a63"",""jp_path"":""magireco-source-master/Scenarios_full/character_story/4121 - 伊莎贝拉（魔女ver.）（イザボー（魔女ver.））/341211-4.json"",""jp_blob"":""c36d80abef303112bdccfcbe6195d4c33a4b6d09"",""evidence"":{""batch"":""20261002-semantic-batch07-ai-only"",""source_commit"":""4c2eb16d22aae5bab05937a9a0a4821b9f6f0227"",""report"":""manifests/story_quality_semantic_batch07_ai_only_20261002_evidence.json.gz"",""script_id"":""341211-4"",""full_fields"":54}}"
341212-1	"[""341212""]"	"[""第2话 天使的愿望 天使の願い""]"	magireco-translate-data-master/Scenarios_full/character_story/4121 - 伊莎贝拉（魔女ver.）（イザボー（魔女ver.））/341212-1.json	True	True	after_20261001_takeover	60	b2a3377c492862cbd1c9ff152f747a3a65cd4245	magireco-source-master/Scenarios_full/character_story/4121 - 伊莎贝拉（魔女ver.）（イザボー（魔女ver.））/341212-1.json	df10ace60431ca800071742343aee310fb1f35c9	52	manifests/story_quality_semantic_batch07_ai_only_20261002_evidence.json.gz	4c2eb16d22aae5bab05937a9a0a4821b9f6f0227	[3319]	"{""path"":""magireco-translate-data-master/Scenarios_full/character_story/4121 - 伊莎贝拉（魔女ver.）（イザボー（魔女ver.））/341212-1.json"",""cn_blob"":""b2a3377c492862cbd1c9ff152f747a3a65cd4245"",""jp_path"":""magireco-source-master/Scenarios_full/character_story/4121 - 伊莎贝拉（魔女ver.）（イザボー（魔女ver.））/341212-1.json"",""jp_blob"":""df10ace60431ca800071742343aee310fb1f35c9"",""evidence"":{""batch"":""20261002-semantic-batch07-ai-only"",""source_commit"":""4c2eb16d22aae5bab05937a9a0a4821b9f6f0227"",""report"":""manifests/story_quality_semantic_batch07_ai_only_20261002_evidence.json.gz"",""script_id"":""341212-1"",""full_fields"":60}}"
341212-2	"[""341212""]"	"[""第2话 天使的愿望 天使の願い""]"	magireco-translate-data-master/Scenarios_full/character_story/4121 - 伊莎贝拉（魔女ver.）（イザボー（魔女ver.））/341212-2.json	True	True	after_20261001_takeover	35	efebb09bd3be10cc38e664db85260da026aeb6ed	magireco-source-master/Scenarios_full/character_story/4121 - 伊莎贝拉（魔女ver.）（イザボー（魔女ver.））/341212-2.json	7950b0036550b2fd26cca55054be450fa9456886	24	manifests/story_quality_semantic_batch07_ai_only_20261002_evidence.json.gz	4c2eb16d22aae5bab05937a9a0a4821b9f6f0227	[3319]	"{""path"":""magireco-translate-data-master/Scenarios_full/character_story/4121 - 伊莎贝拉（魔女ver.）（イザボー（魔女ver.））/341212-2.json"",""cn_blob"":""efebb09bd3be10cc38e664db85260da026aeb6ed"",""jp_path"":""magireco-source-master/Scenarios_full/character_story/4121 - 伊莎贝拉（魔女ver.）（イザボー（魔女ver.））/341212-2.json"",""jp_blob"":""7950b0036550b2fd26cca55054be450fa9456886"",""evidence"":{""batch"":""20261002-semantic-batch07-ai-only"",""source_commit"":""4c2eb16d22aae5bab05937a9a0a4821b9f6f0227"",""report"":""manifests/story_quality_semantic_batch07_ai_only_20261002_evidence.json.gz"",""script_id"":""341212-2"",""full_fields"":35}}"
341212-3	"[""341212""]"	"[""第2话 天使的愿望 天使の願い""]"	magireco-translate-data-master/Scenarios_full/character_story/4121 - 伊莎贝拉（魔女ver.）（イザボー（魔女ver.））/341212-3.json	True	True	after_20261001_takeover	56	055c57af025029732a464829e172914f2bfbecb8	magireco-source-master/Scenarios_full/character_story/4121 - 伊莎贝拉（魔女ver.）（イザボー（魔女ver.））/341212-3.json	55c435d288c84f7bc3f06005988f416b07cb8ecd	47	manifests/story_quality_semantic_batch07_ai_only_20261002_evidence.json.gz	4c2eb16d22aae5bab05937a9a0a4821b9f6f0227	[3319]	"{""path"":""magireco-translate-data-master/Scenarios_full/character_story/4121 - 伊莎贝拉（魔女ver.）（イザボー（魔女ver.））/341212-3.json"",""cn_blob"":""055c57af025029732a464829e172914f2bfbecb8"",""jp_path"":""magireco-source-master/Scenarios_full/character_story/4121 - 伊莎贝拉（魔女ver.）（イザボー（魔女ver.））/341212-3.json"",""jp_blob"":""55c435d288c84f7bc3f06005988f416b07cb8ecd"",""evidence"":{""batch"":""20261002-semantic-batch07-ai-only"",""source_commit"":""4c2eb16d22aae5bab05937a9a0a4821b9f6f0227"",""report"":""manifests/story_quality_semantic_batch07_ai_only_20261002_evidence.json.gz"",""script_id"":""341212-3"",""full_fields"":56}}"
341212-4	"[""341212""]"	"[""第2话 天使的愿望 天使の願い""]"	magireco-translate-data-master/Scenarios_full/character_story/4121 - 伊莎贝拉（魔女ver.）（イザボー（魔女ver.））/341212-4.json	True	True	after_20261001_takeover	75	69d1bcaf8cd4109ca4fc637386a8edbd2adedae5	magireco-source-master/Scenarios_full/character_story/4121 - 伊莎贝拉（魔女ver.）（イザボー（魔女ver.））/341212-4.json	0068879b27e334de21b58594eb3be4c683095682	67	manifests/story_quality_semantic_batch07_ai_only_20261002_evidence.json.gz	4c2eb16d22aae5bab05937a9a0a4821b9f6f0227	[3319]	"{""path"":""magireco-translate-data-master/Scenarios_full/character_story/4121 - 伊莎贝拉（魔女ver.）（イザボー（魔女ver.））/341212-4.json"",""cn_blob"":""69d1bcaf8cd4109ca4fc637386a8edbd2adedae5"",""jp_path"":""magireco-source-master/Scenarios_full/character_story/4121 - 伊莎贝拉（魔女ver.）（イザボー（魔女ver.））/341212-4.json"",""jp_blob"":""0068879b27e334de21b58594eb3be4c683095682"",""evidence"":{""batch"":""20261002-semantic-batch07-ai-only"",""source_commit"":""4c2eb16d22aae5bab05937a9a0a4821b9f6f0227"",""report"":""manifests/story_quality_semantic_batch07_ai_only_20261002_evidence.json.gz"",""script_id"":""341212-4"",""full_fields"":75}}"
341213-1	"[""341213""]"	"[""第3话 天使的误算 天使の誤算""]"	magireco-translate-data-master/Scenarios_full/character_story/4121 - 伊莎贝拉（魔女ver.）（イザボー（魔女ver.））/341213-1.json	True	True	after_20261001_takeover	38	0f2584d5e5ba6bf821480e7810adcb5f1756511c	magireco-source-master/Scenarios_full/character_story/4121 - 伊莎贝拉（魔女ver.）（イザボー（魔女ver.））/341213-1.json	6d95bc9b050ee098cf3ca217d681b1d756606a2c	36	manifests/story_quality_semantic_batch07_ai_only_20261002_evidence.json.gz	4c2eb16d22aae5bab05937a9a0a4821b9f6f0227	[3319]	"{""path"":""magireco-translate-data-master/Scenarios_full/character_story/4121 - 伊莎贝拉（魔女ver.）（イザボー（魔女ver.））/341213-1.json"",""cn_blob"":""0f2584d5e5ba6bf821480e7810adcb5f1756511c"",""jp_path"":""magireco-source-master/Scenarios_full/character_story/4121 - 伊莎贝拉（魔女ver.）（イザボー（魔女ver.））/341213-1.json"",""jp_blob"":""6d95bc9b050ee098cf3ca217d681b1d756606a2c"",""evidence"":{""batch"":""20261002-semantic-batch07-ai-only"",""source_commit"":""4c2eb16d22aae5bab05937a9a0a4821b9f6f0227"",""report"":""manifests/story_quality_semantic_batch07_ai_only_20261002_evidence.json.gz"",""script_id"":""341213-1"",""full_fields"":38}}"
341213-2	"[""341213""]"	"[""第3话 天使的误算 天使の誤算""]"	magireco-translate-data-master/Scenarios_full/character_story/4121 - 伊莎贝拉（魔女ver.）（イザボー（魔女ver.））/341213-2.json	True	True	after_20261001_takeover	52	23af7f7235d5e9aeed80a3ec123c49cc97b465cc	magireco-source-master/Scenarios_full/character_story/4121 - 伊莎贝拉（魔女ver.）（イザボー（魔女ver.））/341213-2.json	e95a2970d2a033a8587c4e10d90d2b67e1a8565b	42	manifests/story_quality_semantic_batch07_ai_only_20261002_evidence.json.gz	4c2eb16d22aae5bab05937a9a0a4821b9f6f0227	[3319]	"{""path"":""magireco-translate-data-master/Scenarios_full/character_story/4121 - 伊莎贝拉（魔女ver.）（イザボー（魔女ver.））/341213-2.json"",""cn_blob"":""23af7f7235d5e9aeed80a3ec123c49cc97b465cc"",""jp_path"":""magireco-source-master/Scenarios_full/character_story/4121 - 伊莎贝拉（魔女ver.）（イザボー（魔女ver.））/341213-2.json"",""jp_blob"":""e95a2970d2a033a8587c4e10d90d2b67e1a8565b"",""evidence"":{""batch"":""20261002-semantic-batch07-ai-only"",""source_commit"":""4c2eb16d22aae5bab05937a9a0a4821b9f6f0227"",""report"":""manifests/story_quality_semantic_batch07_ai_only_20261002_evidence.json.gz"",""script_id"":""341213-2"",""full_fields"":52}}"
341213-3	"[""341213""]"	"[""第3话 天使的误算 天使の誤算""]"	magireco-translate-data-master/Scenarios_full/character_story/4121 - 伊莎贝拉（魔女ver.）（イザボー（魔女ver.））/341213-3.json	True	True	after_20261001_takeover	34	f2f0c37399951ea461cc75ab4b20f970628c7501	magireco-source-master/Scenarios_full/character_story/4121 - 伊莎贝拉（魔女ver.）（イザボー（魔女ver.））/341213-3.json	7bfd605aecac1fa691c3a090984c2cc6d2e8ec46	28	manifests/story_quality_semantic_batch07_ai_only_20261002_evidence.json.gz	4c2eb16d22aae5bab05937a9a0a4821b9f6f0227	[3319]	"{""path"":""magireco-translate-data-master/Scenarios_full/character_story/4121 - 伊莎贝拉（魔女ver.）（イザボー（魔女ver.））/341213-3.json"",""cn_blob"":""f2f0c37399951ea461cc75ab4b20f970628c7501"",""jp_path"":""magireco-source-master/Scenarios_full/character_story/4121 - 伊莎贝拉（魔女ver.）（イザボー（魔女ver.））/341213-3.json"",""jp_blob"":""7bfd605aecac1fa691c3a090984c2cc6d2e8ec46"",""evidence"":{""batch"":""20261002-semantic-batch07-ai-only"",""source_commit"":""4c2eb16d22aae5bab05937a9a0a4821b9f6f0227"",""report"":""manifests/story_quality_semantic_batch07_ai_only_20261002_evidence.json.gz"",""script_id"":""341213-3"",""full_fields"":34}}"
341213-4	"[""341213""]"	"[""第3话 天使的误算 天使の誤算""]"	magireco-translate-data-master/Scenarios_full/character_story/4121 - 伊莎贝拉（魔女ver.）（イザボー（魔女ver.））/341213-4.json	True	True	after_20261001_takeover	46	a9be15597255fddbaa262b87ae6ebdfe2d5178f5	magireco-source-master/Scenarios_full/character_story/4121 - 伊莎贝拉（魔女ver.）（イザボー（魔女ver.））/341213-4.json	b296890cd4396c90b6a4d5ce59a10483359c1b40	42	manifests/story_quality_semantic_batch07_ai_only_20261002_evidence.json.gz	4c2eb16d22aae5bab05937a9a0a4821b9f6f0227	[3319]	"{""path"":""magireco-translate-data-master/Scenarios_full/character_story/4121 - 伊莎贝拉（魔女ver.）（イザボー（魔女ver.））/341213-4.json"",""cn_blob"":""a9be15597255fddbaa262b87ae6ebdfe2d5178f5"",""jp_path"":""magireco-source-master/Scenarios_full/character_story/4121 - 伊莎贝拉（魔女ver.）（イザボー（魔女ver.））/341213-4.json"",""jp_blob"":""b296890cd4396c90b6a4d5ce59a10483359c1b40"",""evidence"":{""batch"":""20261002-semantic-batch07-ai-only"",""source_commit"":""4c2eb16d22aae5bab05937a9a0a4821b9f6f0227"",""report"":""manifests/story_quality_semantic_batch07_ai_only_20261002_evidence.json.gz"",""script_id"":""341213-4"",""full_fields"":46}}"
341221-1	"[""341221""]"	"[""第1话 被安排好的复活 仕組まれた復活""]"	magireco-translate-data-master/Scenarios_full/character_story/4122 - 伊莎贝拉（イザボー）/341221-1.json	True	True	after_20261001_takeover	36	e691a638e0eff709fe9696f5514ef64fe31522e9	magireco-source-master/Scenarios_full/character_story/4122 - 伊莎贝拉（イザボー）/341221-1.json	7d0492ae7361b6a570662dcc161cfeba15def408	31	manifests/story_quality_semantic_batch07_ai_only_20261002_evidence.json.gz	4c2eb16d22aae5bab05937a9a0a4821b9f6f0227	[3319]	"{""path"":""magireco-translate-data-master/Scenarios_full/character_story/4122 - 伊莎贝拉（イザボー）/341221-1.json"",""cn_blob"":""e691a638e0eff709fe9696f5514ef64fe31522e9"",""jp_path"":""magireco-source-master/Scenarios_full/character_story/4122 - 伊莎贝拉（イザボー）/341221-1.json"",""jp_blob"":""7d0492ae7361b6a570662dcc161cfeba15def408"",""evidence"":{""batch"":""20261002-semantic-batch07-ai-only"",""source_commit"":""4c2eb16d22aae5bab05937a9a0a4821b9f6f0227"",""report"":""manifests/story_quality_semantic_batch07_ai_only_20261002_evidence.json.gz"",""script_id"":""341221-1"",""full_fields"":36}}"
341221-2	"[""341221""]"	"[""第1话 被安排好的复活 仕組まれた復活""]"	magireco-translate-data-master/Scenarios_full/character_story/4122 - 伊莎贝拉（イザボー）/341221-2.json	True	True	after_20261001_takeover	51	b629083713eb51d53c40b8de5f2e4d1639fa0dcf	magireco-source-master/Scenarios_full/character_story/4122 - 伊莎贝拉（イザボー）/341221-2.json	9d28d9e87a93701ce06a301744e9bd07b3eb2916	42	manifests/story_quality_semantic_batch07_ai_only_20261002_evidence.json.gz	4c2eb16d22aae5bab05937a9a0a4821b9f6f0227	[3319]	"{""path"":""magireco-translate-data-master/Scenarios_full/character_story/4122 - 伊莎贝拉（イザボー）/341221-2.json"",""cn_blob"":""b629083713eb51d53c40b8de5f2e4d1639fa0dcf"",""jp_path"":""magireco-source-master/Scenarios_full/character_story/4122 - 伊莎贝拉（イザボー）/341221-2.json"",""jp_blob"":""9d28d9e87a93701ce06a301744e9bd07b3eb2916"",""evidence"":{""batch"":""20261002-semantic-batch07-ai-only"",""source_commit"":""4c2eb16d22aae5bab05937a9a0a4821b9f6f0227"",""report"":""manifests/story_quality_semantic_batch07_ai_only_20261002_evidence.json.gz"",""script_id"":""341221-2"",""full_fields"":51}}"
341221-3	"[""341221""]"	"[""第1话 被安排好的复活 仕組まれた復活""]"	magireco-translate-data-master/Scenarios_full/character_story/4122 - 伊莎贝拉（イザボー）/341221-3.json	True	True	after_20261001_takeover	103	d574a6bf704316b0dfecf5a32da8ab39d4aff373	magireco-source-master/Scenarios_full/character_story/4122 - 伊莎贝拉（イザボー）/341221-3.json	0fc08f995ee186c5ef61f7e79d54d22a2e1b6797	92	manifests/story_quality_semantic_batch07_ai_only_20261002_evidence.json.gz	4c2eb16d22aae5bab05937a9a0a4821b9f6f0227	[3319]	"{""path"":""magireco-translate-data-master/Scenarios_full/character_story/4122 - 伊莎贝拉（イザボー）/341221-3.json"",""cn_blob"":""d574a6bf704316b0dfecf5a32da8ab39d4aff373"",""jp_path"":""magireco-source-master/Scenarios_full/character_story/4122 - 伊莎贝拉（イザボー）/341221-3.json"",""jp_blob"":""0fc08f995ee186c5ef61f7e79d54d22a2e1b6797"",""evidence"":{""batch"":""20261002-semantic-batch07-ai-only"",""source_commit"":""4c2eb16d22aae5bab05937a9a0a4821b9f6f0227"",""report"":""manifests/story_quality_semantic_batch07_ai_only_20261002_evidence.json.gz"",""script_id"":""341221-3"",""full_fields"":103}}"
341221-4	"[""341221""]"	"[""第1话 被安排好的复活 仕組まれた復活""]"	magireco-translate-data-master/Scenarios_full/character_story/4122 - 伊莎贝拉（イザボー）/341221-4.json	True	True	after_20261001_takeover	40	30527f2770bed100e00a09063ea22e171d50b40e	magireco-source-master/Scenarios_full/character_story/4122 - 伊莎贝拉（イザボー）/341221-4.json	bd8e693f5918ab2008d26a3fccf8ef3644ce2fa0	34	manifests/story_quality_semantic_batch07_ai_only_20261002_evidence.json.gz	4c2eb16d22aae5bab05937a9a0a4821b9f6f0227	[3319]	"{""path"":""magireco-translate-data-master/Scenarios_full/character_story/4122 - 伊莎贝拉（イザボー）/341221-4.json"",""cn_blob"":""30527f2770bed100e00a09063ea22e171d50b40e"",""jp_path"":""magireco-source-master/Scenarios_full/character_story/4122 - 伊莎贝拉（イザボー）/341221-4.json"",""jp_blob"":""bd8e693f5918ab2008d26a3fccf8ef3644ce2fa0"",""evidence"":{""batch"":""20261002-semantic-batch07-ai-only"",""source_commit"":""4c2eb16d22aae5bab05937a9a0a4821b9f6f0227"",""report"":""manifests/story_quality_semantic_batch07_ai_only_20261002_evidence.json.gz"",""script_id"":""341221-4"",""full_fields"":40}}"
341222-1	"[""341222""]"	"[""第2话 女王的棋盘游戏 女王の盤上遊戯""]"	magireco-translate-data-master/Scenarios_full/character_story/4122 - 伊莎贝拉（イザボー）/341222-1.json	True	True	after_20261001_takeover	35	99c0de37c56370b3e0ee79bf17997bd410e0254c	magireco-source-master/Scenarios_full/character_story/4122 - 伊莎贝拉（イザボー）/341222-1.json	4509d492d0ee69c6d306db0c99563b14ec32e3c1	28	manifests/story_quality_semantic_batch07_ai_only_20261002_evidence.json.gz	4c2eb16d22aae5bab05937a9a0a4821b9f6f0227	[3319]	"{""path"":""magireco-translate-data-master/Scenarios_full/character_story/4122 - 伊莎贝拉（イザボー）/341222-1.json"",""cn_blob"":""99c0de37c56370b3e0ee79bf17997bd410e0254c"",""jp_path"":""magireco-source-master/Scenarios_full/character_story/4122 - 伊莎贝拉（イザボー）/341222-1.json"",""jp_blob"":""4509d492d0ee69c6d306db0c99563b14ec32e3c1"",""evidence"":{""batch"":""20261002-semantic-batch07-ai-only"",""source_commit"":""4c2eb16d22aae5bab05937a9a0a4821b9f6f0227"",""report"":""manifests/story_quality_semantic_batch07_ai_only_20261002_evidence.json.gz"",""script_id"":""341222-1"",""full_fields"":35}}"
341222-2	"[""341222""]"	"[""第2话 女王的棋盘游戏 女王の盤上遊戯""]"	magireco-translate-data-master/Scenarios_full/character_story/4122 - 伊莎贝拉（イザボー）/341222-2.json	True	True	after_20261001_takeover	59	999583aa1f3d61897b241f877f8db9be99ca9a17	magireco-source-master/Scenarios_full/character_story/4122 - 伊莎贝拉（イザボー）/341222-2.json	738ce3da3f6e29b333048962746c1677092999cd	50	manifests/story_quality_semantic_batch07_ai_only_20261002_evidence.json.gz	4c2eb16d22aae5bab05937a9a0a4821b9f6f0227	[3319]	"{""path"":""magireco-translate-data-master/Scenarios_full/character_story/4122 - 伊莎贝拉（イザボー）/341222-2.json"",""cn_blob"":""999583aa1f3d61897b241f877f8db9be99ca9a17"",""jp_path"":""magireco-source-master/Scenarios_full/character_story/4122 - 伊莎贝拉（イザボー）/341222-2.json"",""jp_blob"":""738ce3da3f6e29b333048962746c1677092999cd"",""evidence"":{""batch"":""20261002-semantic-batch07-ai-only"",""source_commit"":""4c2eb16d22aae5bab05937a9a0a4821b9f6f0227"",""report"":""manifests/story_quality_semantic_batch07_ai_only_20261002_evidence.json.gz"",""script_id"":""341222-2"",""full_fields"":59}}"
341222-3	"[""341222""]"	"[""第2话 女王的棋盘游戏 女王の盤上遊戯""]"	magireco-translate-data-master/Scenarios_full/character_story/4122 - 伊莎贝拉（イザボー）/341222-3.json	True	True	after_20261001_takeover	67	c3c68b8518dc0b38b2ba6ac7aeda2e7444283b13	magireco-source-master/Scenarios_full/character_story/4122 - 伊莎贝拉（イザボー）/341222-3.json	05a9b97d5a15062f55d63fecac8b1704031c4484	59	manifests/story_quality_semantic_batch07_ai_only_20261002_evidence.json.gz	4c2eb16d22aae5bab05937a9a0a4821b9f6f0227	[3319]	"{""path"":""magireco-translate-data-master/Scenarios_full/character_story/4122 - 伊莎贝拉（イザボー）/341222-3.json"",""cn_blob"":""c3c68b8518dc0b38b2ba6ac7aeda2e7444283b13"",""jp_path"":""magireco-source-master/Scenarios_full/character_story/4122 - 伊莎贝拉（イザボー）/341222-3.json"",""jp_blob"":""05a9b97d5a15062f55d63fecac8b1704031c4484"",""evidence"":{""batch"":""20261002-semantic-batch07-ai-only"",""source_commit"":""4c2eb16d22aae5bab05937a9a0a4821b9f6f0227"",""report"":""manifests/story_quality_semantic_batch07_ai_only_20261002_evidence.json.gz"",""script_id"":""341222-3"",""full_fields"":67}}"
341222-4	"[""341222""]"	"[""第2话 女王的棋盘游戏 女王の盤上遊戯""]"	magireco-translate-data-master/Scenarios_full/character_story/4122 - 伊莎贝拉（イザボー）/341222-4.json	True	True	after_20261001_takeover	72	70cf85196464d9fc4f2dadce35a73491abc38a06	magireco-source-master/Scenarios_full/character_story/4122 - 伊莎贝拉（イザボー）/341222-4.json	ea00e306524302e448eaf83f6b9d77597d610169	52	manifests/story_quality_semantic_batch07_ai_only_20261002_evidence.json.gz	4c2eb16d22aae5bab05937a9a0a4821b9f6f0227	[3319]	"{""path"":""magireco-translate-data-master/Scenarios_full/character_story/4122 - 伊莎贝拉（イザボー）/341222-4.json"",""cn_blob"":""70cf85196464d9fc4f2dadce35a73491abc38a06"",""jp_path"":""magireco-source-master/Scenarios_full/character_story/4122 - 伊莎贝拉（イザボー）/341222-4.json"",""jp_blob"":""ea00e306524302e448eaf83f6b9d77597d610169"",""evidence"":{""batch"":""20261002-semantic-batch07-ai-only"",""source_commit"":""4c2eb16d22aae5bab05937a9a0a4821b9f6f0227"",""report"":""manifests/story_quality_semantic_batch07_ai_only_20261002_evidence.json.gz"",""script_id"":""341222-4"",""full_fields"":72}}"
341223-1	"[""341223""]"	"[""第3话 于是演员们齐聚 かくて役者は集う""]"	magireco-translate-data-master/Scenarios_full/character_story/4122 - 伊莎贝拉（イザボー）/341223-1.json	True	True	after_20261001_takeover	62	f6d85ae78b8f90fbd277497c02b4f365201aeb60	magireco-source-master/Scenarios_full/character_story/4122 - 伊莎贝拉（イザボー）/341223-1.json	1d3c2b5d37c1269ff73f1df82c9555d684a25334	53	manifests/story_quality_semantic_batch07_ai_only_20261002_evidence.json.gz	4c2eb16d22aae5bab05937a9a0a4821b9f6f0227	[3319]	"{""path"":""magireco-translate-data-master/Scenarios_full/character_story/4122 - 伊莎贝拉（イザボー）/341223-1.json"",""cn_blob"":""f6d85ae78b8f90fbd277497c02b4f365201aeb60"",""jp_path"":""magireco-source-master/Scenarios_full/character_story/4122 - 伊莎贝拉（イザボー）/341223-1.json"",""jp_blob"":""1d3c2b5d37c1269ff73f1df82c9555d684a25334"",""evidence"":{""batch"":""20261002-semantic-batch07-ai-only"",""source_commit"":""4c2eb16d22aae5bab05937a9a0a4821b9f6f0227"",""report"":""manifests/story_quality_semantic_batch07_ai_only_20261002_evidence.json.gz"",""script_id"":""341223-1"",""full_fields"":62}}"
341223-2	"[""341223""]"	"[""第3话 于是演员们齐聚 かくて役者は集う""]"	magireco-translate-data-master/Scenarios_full/character_story/4122 - 伊莎贝拉（イザボー）/341223-2.json	True	True	after_20261001_takeover	61	0fc199c4886af9ffa07784f8dfb4f72680095197	magireco-source-master/Scenarios_full/character_story/4122 - 伊莎贝拉（イザボー）/341223-2.json	bdb990706292f82bb3f9988422572182e4851a66	47	manifests/story_quality_semantic_batch07_ai_only_20261002_evidence.json.gz	4c2eb16d22aae5bab05937a9a0a4821b9f6f0227	[3319]	"{""path"":""magireco-translate-data-master/Scenarios_full/character_story/4122 - 伊莎贝拉（イザボー）/341223-2.json"",""cn_blob"":""0fc199c4886af9ffa07784f8dfb4f72680095197"",""jp_path"":""magireco-source-master/Scenarios_full/character_story/4122 - 伊莎贝拉（イザボー）/341223-2.json"",""jp_blob"":""bdb990706292f82bb3f9988422572182e4851a66"",""evidence"":{""batch"":""20261002-semantic-batch07-ai-only"",""source_commit"":""4c2eb16d22aae5bab05937a9a0a4821b9f6f0227"",""report"":""manifests/story_quality_semantic_batch07_ai_only_20261002_evidence.json.gz"",""script_id"":""341223-2"",""full_fields"":61}}"
341223-3	"[""341223""]"	"[""第3话 于是演员们齐聚 かくて役者は集う""]"	magireco-translate-data-master/Scenarios_full/character_story/4122 - 伊莎贝拉（イザボー）/341223-3.json	True	True	after_20261001_takeover	65	da2e575d02914a85676278ec659cf8559801698a	magireco-source-master/Scenarios_full/character_story/4122 - 伊莎贝拉（イザボー）/341223-3.json	174cbd95f8ac0435d5cafaca05fc80c092b12426	50	manifests/story_quality_semantic_batch07_ai_only_20261002_evidence.json.gz	4c2eb16d22aae5bab05937a9a0a4821b9f6f0227	[3319]	"{""path"":""magireco-translate-data-master/Scenarios_full/character_story/4122 - 伊莎贝拉（イザボー）/341223-3.json"",""cn_blob"":""da2e575d02914a85676278ec659cf8559801698a"",""jp_path"":""magireco-source-master/Scenarios_full/character_story/4122 - 伊莎贝拉（イザボー）/341223-3.json"",""jp_blob"":""174cbd95f8ac0435d5cafaca05fc80c092b12426"",""evidence"":{""batch"":""20261002-semantic-batch07-ai-only"",""source_commit"":""4c2eb16d22aae5bab05937a9a0a4821b9f6f0227"",""report"":""manifests/story_quality_semantic_batch07_ai_only_20261002_evidence.json.gz"",""script_id"":""341223-3"",""full_fields"":65}}"
341223-4	"[""341223""]"	"[""第3话 于是演员们齐聚 かくて役者は集う""]"	magireco-translate-data-master/Scenarios_full/character_story/4122 - 伊莎贝拉（イザボー）/341223-4.json	True	True	after_20261001_takeover	62	16272cc2052aa00a8efc5be81e19d54b9ce629be	magireco-source-master/Scenarios_full/character_story/4122 - 伊莎贝拉（イザボー）/341223-4.json	28bcd9317760458a329c3ba4f8ca8ee2e9e689fb	50	manifests/story_quality_semantic_batch07_ai_only_20261002_evidence.json.gz	4c2eb16d22aae5bab05937a9a0a4821b9f6f0227	[3319]	"{""path"":""magireco-translate-data-master/Scenarios_full/character_story/4122 - 伊莎贝拉（イザボー）/341223-4.json"",""cn_blob"":""16272cc2052aa00a8efc5be81e19d54b9ce629be"",""jp_path"":""magireco-source-master/Scenarios_full/character_story/4122 - 伊莎贝拉（イザボー）/341223-4.json"",""jp_blob"":""28bcd9317760458a329c3ba4f8ca8ee2e9e689fb"",""evidence"":{""batch"":""20261002-semantic-batch07-ai-only"",""source_commit"":""4c2eb16d22aae5bab05937a9a0a4821b9f6f0227"",""report"":""manifests/story_quality_semantic_batch07_ai_only_20261002_evidence.json.gz"",""script_id"":""341223-4"",""full_fields"":62}}"
710037-1	"[""710037""]"	"[""""]"	magireco-translate-data-master/Scenarios_full/costume_story/1003 - 由比鹤乃（由比 鶴乃）/710037-1.json	True	True	after_20261001_takeover	79	6b5e931b3a294e00970dc1e646fdb8eb223c184e	magireco-source-master/Scenarios_full/costume_story/1003 - 由比鹤乃（由比 鶴乃）/710037-1.json	4928cb40e2f9f8951ffe6a0ca8e09e7843f12b03	69	manifests/story_quality_semantic_batch03_20261001_evidence.json.gz		[3315]	"{""path"":""magireco-translate-data-master/Scenarios_full/costume_story/1003 - 由比鹤乃（由比 鶴乃）/710037-1.json"",""cn_blob"":""6b5e931b3a294e00970dc1e646fdb8eb223c184e"",""jp_path"":""magireco-source-master/Scenarios_full/costume_story/1003 - 由比鹤乃（由比 鶴乃）/710037-1.json"",""jp_blob"":""4928cb40e2f9f8951ffe6a0ca8e09e7843f12b03"",""evidence"":{""status"":""full_review_3315"",""prior_evidence"":{""report"":""manifests/story_quality_semantic_batch03_20261001_evidence.json.gz"",""jp_blob"":""4928cb40e2f9f8951ffe6a0ca8e09e7843f12b03"",""body_fingerprint"":""8a50fd16581171cd362358fc0c7c738de0fc3e0a9c57022672451b9cc1f50882"",""source_CN_blob"":""5b189d6ea18cc2c38e3669d5237f32a194946236"",""reviewed_CN_fields"":79,""full_read"":true,""source_authorship_not_reclassified"":true},""body_fingerprint"":""8a50fd16581171cd362358fc0c7c738de0fc3e0a9c57022672451b9cc1f50882""}}"
710251-1	"[""710251""]"	"[""情人节故事 2021 バレンタインストーリー2021""]"	magireco-translate-data-master/Scenarios_full/costume_story/1025 - 时女静香（時女 静香）/710251-1.json	True	True	before_20261001_takeover	47	1d498a0d867f29a52612ba1942804f5c961d735f	magireco-source-master/Scenarios_full/costume_story/1025 - 时女静香（時女 静香）/710251-1.json	f248d21795e8cebab5a2dd994134daf0a4a74253	38	manifests/story_quality_corpus_20260930_07.json.gz		[3303]	"{""path"":""magireco-translate-data-master/Scenarios_full/costume_story/1025 - 时女静香（時女 静香）/710251-1.json"",""cn_blob"":""1d498a0d867f29a52612ba1942804f5c961d735f"",""jp_path"":""magireco-source-master/Scenarios_full/costume_story/1025 - 时女静香（時女 静香）/710251-1.json"",""jp_blob"":""f248d21795e8cebab5a2dd994134daf0a4a74253"",""evidence"":{""status"":""prior_44_bound_full_reviews"",""prior_evidence"":{""body_fingerprint"":""4e49ed6bde579346a21b33826fd35187cf93fd180dba42eda2fbcf04fe10eced"",""jp_blob"":""f248d21795e8cebab5a2dd994134daf0a4a74253"",""report"":""manifests/story_quality_corpus_20260930_07.json.gz"",""kind"":""prior_44_bound_full_reviews""},""body_fingerprint"":""4e49ed6bde579346a21b33826fd35187cf93fd180dba42eda2fbcf04fe10eced""}}"
710251-2	"[""710251""]"	"[""情人节故事 2021 バレンタインストーリー2021""]"	magireco-translate-data-master/Scenarios_full/costume_story/1025 - 时女静香（時女 静香）/710251-2.json	True	True	before_20261001_takeover	76	b97ab1aba081b8f796f7c7b45d06fad8730d0bfd	magireco-source-master/Scenarios_full/costume_story/1025 - 时女静香（時女 静香）/710251-2.json	133269d7a7fb55c26abe2d1c5b109b2efda62e7f	57	manifests/story_quality_corpus_20260930_07.json.gz		[3303]	"{""path"":""magireco-translate-data-master/Scenarios_full/costume_story/1025 - 时女静香（時女 静香）/710251-2.json"",""cn_blob"":""b97ab1aba081b8f796f7c7b45d06fad8730d0bfd"",""jp_path"":""magireco-source-master/Scenarios_full/costume_story/1025 - 时女静香（時女 静香）/710251-2.json"",""jp_blob"":""133269d7a7fb55c26abe2d1c5b109b2efda62e7f"",""evidence"":{""status"":""prior_44_bound_full_reviews"",""prior_evidence"":{""body_fingerprint"":""806f33d2e8196b2209705c4a13ac1d53695e1b658a8915cd7f6199e2e5024f99"",""jp_blob"":""133269d7a7fb55c26abe2d1c5b109b2efda62e7f"",""report"":""manifests/story_quality_corpus_20260930_07.json.gz"",""kind"":""prior_44_bound_full_reviews""},""body_fingerprint"":""806f33d2e8196b2209705c4a13ac1d53695e1b658a8915cd7f6199e2e5024f99""}}"
710251-3	"[""710251""]"	"[""情人节故事 2021 バレンタインストーリー2021""]"	magireco-translate-data-master/Scenarios_full/costume_story/1025 - 时女静香（時女 静香）/710251-3.json	True	True	before_20261001_takeover	72	b97b058ee2a4e4a9058316fa805becb4f1426263	magireco-source-master/Scenarios_full/costume_story/1025 - 时女静香（時女 静香）/710251-3.json	f0d9e00dbd07241cdf3899d789758bedb4a6c999	53	manifests/story_quality_corpus_20260930_07.json.gz		[3303]	"{""path"":""magireco-translate-data-master/Scenarios_full/costume_story/1025 - 时女静香（時女 静香）/710251-3.json"",""cn_blob"":""b97b058ee2a4e4a9058316fa805becb4f1426263"",""jp_path"":""magireco-source-master/Scenarios_full/costume_story/1025 - 时女静香（時女 静香）/710251-3.json"",""jp_blob"":""f0d9e00dbd07241cdf3899d789758bedb4a6c999"",""evidence"":{""status"":""prior_44_bound_full_reviews"",""prior_evidence"":{""body_fingerprint"":""de6786111f80cba1784d3ef0ecbe34df23dfafc52664c9c1957f841050f50a55"",""jp_blob"":""f0d9e00dbd07241cdf3899d789758bedb4a6c999"",""report"":""manifests/story_quality_corpus_20260930_07.json.gz"",""kind"":""prior_44_bound_full_reviews""},""body_fingerprint"":""de6786111f80cba1784d3ef0ecbe34df23dfafc52664c9c1957f841050f50a55""}}"
710251-4	"[""710251""]"	"[""情人节故事 2021 バレンタインストーリー2021""]"	magireco-translate-data-master/Scenarios_full/costume_story/1025 - 时女静香（時女 静香）/710251-4.json	True	True	before_20261001_takeover	90	a1d464a93942e91ee5f75915394a68b33f2c868d	magireco-source-master/Scenarios_full/costume_story/1025 - 时女静香（時女 静香）/710251-4.json	d0e2d783181d6c9b651da19794d59541ce71b040	75	manifests/story_quality_corpus_20260930_07.json.gz		[3303]	"{""path"":""magireco-translate-data-master/Scenarios_full/costume_story/1025 - 时女静香（時女 静香）/710251-4.json"",""cn_blob"":""a1d464a93942e91ee5f75915394a68b33f2c868d"",""jp_path"":""magireco-source-master/Scenarios_full/costume_story/1025 - 时女静香（時女 静香）/710251-4.json"",""jp_blob"":""d0e2d783181d6c9b651da19794d59541ce71b040"",""evidence"":{""status"":""prior_44_bound_full_reviews"",""prior_evidence"":{""body_fingerprint"":""1b5ff77d186110f94ad34d671d2f251a54f230195b42715efc8607f9c6ba5216"",""jp_blob"":""d0e2d783181d6c9b651da19794d59541ce71b040"",""report"":""manifests/story_quality_corpus_20260930_07.json.gz"",""kind"":""prior_44_bound_full_reviews""},""body_fingerprint"":""1b5ff77d186110f94ad34d671d2f251a54f230195b42715efc8607f9c6ba5216""}}"
710251-5	"[""710251""]"	"[""情人节故事 2021 バレンタインストーリー2021""]"	magireco-translate-data-master/Scenarios_full/costume_story/1025 - 时女静香（時女 静香）/710251-5.json	True	True	before_20261001_takeover	67	25dbb2e4b30541aeb2fbeb639ee3e760e95cb7c0	magireco-source-master/Scenarios_full/costume_story/1025 - 时女静香（時女 静香）/710251-5.json	d88853a4a818ef7143b0bf9a4185c4022b415c8a	50	manifests/story_quality_corpus_20260930_07.json.gz		[3303]	"{""path"":""magireco-translate-data-master/Scenarios_full/costume_story/1025 - 时女静香（時女 静香）/710251-5.json"",""cn_blob"":""25dbb2e4b30541aeb2fbeb639ee3e760e95cb7c0"",""jp_path"":""magireco-source-master/Scenarios_full/costume_story/1025 - 时女静香（時女 静香）/710251-5.json"",""jp_blob"":""d88853a4a818ef7143b0bf9a4185c4022b415c8a"",""evidence"":{""status"":""prior_44_bound_full_reviews"",""prior_evidence"":{""body_fingerprint"":""6ae011aaaea42395191181f5f5e781a63d3cafe3cf1e5e2da88fd917fbfcf83c"",""jp_blob"":""d88853a4a818ef7143b0bf9a4185c4022b415c8a"",""report"":""manifests/story_quality_corpus_20260930_07.json.gz"",""kind"":""prior_44_bound_full_reviews""},""body_fingerprint"":""6ae011aaaea42395191181f5f5e781a63d3cafe3cf1e5e2da88fd917fbfcf83c""}}"
710251-6	"[""710251""]"	"[""情人节故事 2021 バレンタインストーリー2021""]"	magireco-translate-data-master/Scenarios_full/costume_story/1025 - 时女静香（時女 静香）/710251-6.json	True	True	before_20261001_takeover	91	d8763770e4df6bf82bbf17b7d3317a91dea8a943	magireco-source-master/Scenarios_full/costume_story/1025 - 时女静香（時女 静香）/710251-6.json	91184427b25cd190202e34b50e38d84d7bc0157d	79	manifests/story_quality_corpus_20260930_07.json.gz		[3303]	"{""path"":""magireco-translate-data-master/Scenarios_full/costume_story/1025 - 时女静香（時女 静香）/710251-6.json"",""cn_blob"":""d8763770e4df6bf82bbf17b7d3317a91dea8a943"",""jp_path"":""magireco-source-master/Scenarios_full/costume_story/1025 - 时女静香（時女 静香）/710251-6.json"",""jp_blob"":""91184427b25cd190202e34b50e38d84d7bc0157d"",""evidence"":{""status"":""prior_44_bound_full_reviews"",""prior_evidence"":{""body_fingerprint"":""7bcf15b74456ea027ba2ffb2c6426983a19c26a58890b9bb663a604949f69d44"",""jp_blob"":""91184427b25cd190202e34b50e38d84d7bc0157d"",""report"":""manifests/story_quality_corpus_20260930_07.json.gz"",""kind"":""prior_44_bound_full_reviews""},""body_fingerprint"":""7bcf15b74456ea027ba2ffb2c6426983a19c26a58890b9bb663a604949f69d44""}}"
710252-1	"[""710252""]"	"[""""]"	magireco-translate-data-master/Scenarios_full/costume_story/1025 - 时女静香（時女 静香）/710252-1.json	True	True	before_20261001_takeover	79	2206a6327175a1f49079e0d68ab100f12165240e	magireco-source-master/Scenarios_full/costume_story/1025 - 时女静香（時女 静香）/710252-1.json	abfd6256627094ccc16dc9b19be2d2e766841e2c	66	manifests/story_quality_corpus_20260930_07.json.gz		[3303]	"{""path"":""magireco-translate-data-master/Scenarios_full/costume_story/1025 - 时女静香（時女 静香）/710252-1.json"",""cn_blob"":""2206a6327175a1f49079e0d68ab100f12165240e"",""jp_path"":""magireco-source-master/Scenarios_full/costume_story/1025 - 时女静香（時女 静香）/710252-1.json"",""jp_blob"":""abfd6256627094ccc16dc9b19be2d2e766841e2c"",""evidence"":{""status"":""prior_44_bound_full_reviews"",""prior_evidence"":{""body_fingerprint"":""6bdb1bf594297c7c406d3c861abb66affaec40c4559410ee5573263ac2a6dfcb"",""jp_blob"":""abfd6256627094ccc16dc9b19be2d2e766841e2c"",""report"":""manifests/story_quality_corpus_20260930_07.json.gz"",""kind"":""prior_44_bound_full_reviews""},""body_fingerprint"":""6bdb1bf594297c7c406d3c861abb66affaec40c4559410ee5573263ac2a6dfcb""}}"
710253-1	"[""710253""]"	"[""""]"	magireco-translate-data-master/Scenarios_full/costume_story/1025 - 时女静香（時女 静香）/710253-1.json	True	True	before_20261001_takeover	82	fad1024d427a08ce8b1f075314a927040fb49c5c	magireco-source-master/Scenarios_full/costume_story/1025 - 时女静香（時女 静香）/710253-1.json	cd9293fcd354785cb6c38bd0b7ea638d914de44b	76	manifests/story_quality_corpus_20260930_07.json.gz		[3301]	"{""path"":""magireco-translate-data-master/Scenarios_full/costume_story/1025 - 时女静香（時女 静香）/710253-1.json"",""cn_blob"":""fad1024d427a08ce8b1f075314a927040fb49c5c"",""jp_path"":""magireco-source-master/Scenarios_full/costume_story/1025 - 时女静香（時女 静香）/710253-1.json"",""jp_blob"":""cd9293fcd354785cb6c38bd0b7ea638d914de44b"",""evidence"":{""status"":""prior_44_bound_full_reviews"",""prior_evidence"":{""body_fingerprint"":""b6c185a7ffa13050c13a58fd37c46d52724f3260c00bceda5308d4400598c767"",""jp_blob"":""cd9293fcd354785cb6c38bd0b7ea638d914de44b"",""report"":""manifests/story_quality_corpus_20260930_07.json.gz"",""kind"":""prior_44_bound_full_reviews""},""body_fingerprint"":""b6c185a7ffa13050c13a58fd37c46d52724f3260c00bceda5308d4400598c767""}}"
710261-1	"[""710261""]"	"[""""]"	magireco-translate-data-master/Scenarios_full/costume_story/1026 - 广江千春（広江 ちはる）/710261-1.json	True	True	before_20261001_takeover	86	16cd02c110751250273347829e1f5273d9c0f061	magireco-source-master/Scenarios_full/costume_story/1026 - 广江千春（広江 ちはる）/710261-1.json	101023966379fc3fd6be9cf44a1e230b30b78c28	77	manifests/story_quality_corpus_20260930_07.json.gz		[3304]	"{""path"":""magireco-translate-data-master/Scenarios_full/costume_story/1026 - 广江千春（広江 ちはる）/710261-1.json"",""cn_blob"":""16cd02c110751250273347829e1f5273d9c0f061"",""jp_path"":""magireco-source-master/Scenarios_full/costume_story/1026 - 广江千春（広江 ちはる）/710261-1.json"",""jp_blob"":""101023966379fc3fd6be9cf44a1e230b30b78c28"",""evidence"":{""status"":""prior_44_bound_full_reviews"",""prior_evidence"":{""body_fingerprint"":""cec0eb3711d3804eefe2b907966b30972571cbf5217d29870ca4073ae09f398c"",""jp_blob"":""101023966379fc3fd6be9cf44a1e230b30b78c28"",""report"":""manifests/story_quality_corpus_20260930_07.json.gz"",""kind"":""prior_44_bound_full_reviews""},""body_fingerprint"":""cec0eb3711d3804eefe2b907966b30972571cbf5217d29870ca4073ae09f398c""}}"
710262-1	"[""710262""]"	"[""""]"	magireco-translate-data-master/Scenarios_full/costume_story/1026 - 广江千春（広江 ちはる）/710262-1.json	True	True	before_20261001_takeover	73	65ced194060397eb68a0b72650cb037149b913a7	magireco-source-master/Scenarios_full/costume_story/1026 - 广江千春（広江 ちはる）/710262-1.json	65c49ec23f7a88457cf34b12670c7a240ee4cfe0	64	manifests/story_quality_corpus_20260930_07.json.gz		[3304]	"{""path"":""magireco-translate-data-master/Scenarios_full/costume_story/1026 - 广江千春（広江 ちはる）/710262-1.json"",""cn_blob"":""65ced194060397eb68a0b72650cb037149b913a7"",""jp_path"":""magireco-source-master/Scenarios_full/costume_story/1026 - 广江千春（広江 ちはる）/710262-1.json"",""jp_blob"":""65c49ec23f7a88457cf34b12670c7a240ee4cfe0"",""evidence"":{""status"":""prior_44_bound_full_reviews"",""prior_evidence"":{""body_fingerprint"":""1bee794b8c1fc58ae34171552cdf3b36e63a45a44c7bc493b5dee6b8d5b9133d"",""jp_blob"":""65c49ec23f7a88457cf34b12670c7a240ee4cfe0"",""report"":""manifests/story_quality_corpus_20260930_07.json.gz"",""kind"":""prior_44_bound_full_reviews""},""body_fingerprint"":""1bee794b8c1fc58ae34171552cdf3b36e63a45a44c7bc493b5dee6b8d5b9133d""}}"
710263-1	"[""710263""]"	"[""""]"	magireco-translate-data-master/Scenarios_full/costume_story/1026 - 广江千春（広江 ちはる）/710263-1.json	True	True	before_20261001_takeover	81	ad19c001cfb867eb63cb3c9b7b43802fe98d2ad6	magireco-source-master/Scenarios_full/costume_story/1026 - 广江千春（広江 ちはる）/710263-1.json	3cad636a8a9eb7280dab674e9a1a055d50573d0d	78	manifests/story_quality_corpus_20260930_07.json.gz		[3301]	"{""path"":""magireco-translate-data-master/Scenarios_full/costume_story/1026 - 广江千春（広江 ちはる）/710263-1.json"",""cn_blob"":""ad19c001cfb867eb63cb3c9b7b43802fe98d2ad6"",""jp_path"":""magireco-source-master/Scenarios_full/costume_story/1026 - 广江千春（広江 ちはる）/710263-1.json"",""jp_blob"":""3cad636a8a9eb7280dab674e9a1a055d50573d0d"",""evidence"":{""status"":""prior_44_bound_full_reviews"",""prior_evidence"":{""body_fingerprint"":""5fe4c1bbe6d29f42c43cf115f727d76182e3ef33774d0705ce6432ebc81a1c0c"",""jp_blob"":""3cad636a8a9eb7280dab674e9a1a055d50573d0d"",""report"":""manifests/story_quality_corpus_20260930_07.json.gz"",""kind"":""prior_44_bound_full_reviews""},""body_fingerprint"":""5fe4c1bbe6d29f42c43cf115f727d76182e3ef33774d0705ce6432ebc81a1c0c""}}"
710271-1	"[""710271""]"	"[""""]"	magireco-translate-data-master/Scenarios_full/costume_story/1027 - 土岐沙绪（土岐 すなお）/710271-1.json	True	True	before_20261001_takeover	90	e5136af8cae120a5deaf71c5a849a752aeb337e3	magireco-source-master/Scenarios_full/costume_story/1027 - 土岐沙绪（土岐 すなお）/710271-1.json	27448d755b4bc3d61104fc58324e08e2aa1a8abb	84	manifests/story_quality_corpus_20260930_07.json.gz		[3304]	"{""path"":""magireco-translate-data-master/Scenarios_full/costume_story/1027 - 土岐沙绪（土岐 すなお）/710271-1.json"",""cn_blob"":""e5136af8cae120a5deaf71c5a849a752aeb337e3"",""jp_path"":""magireco-source-master/Scenarios_full/costume_story/1027 - 土岐沙绪（土岐 すなお）/710271-1.json"",""jp_blob"":""27448d755b4bc3d61104fc58324e08e2aa1a8abb"",""evidence"":{""status"":""prior_44_bound_full_reviews"",""prior_evidence"":{""body_fingerprint"":""037d6f07f80f823041a97491f02eee6e7272db3e6ae33fc7615f1a91da164e7a"",""jp_blob"":""27448d755b4bc3d61104fc58324e08e2aa1a8abb"",""report"":""manifests/story_quality_corpus_20260930_07.json.gz"",""kind"":""prior_44_bound_full_reviews""},""body_fingerprint"":""037d6f07f80f823041a97491f02eee6e7272db3e6ae33fc7615f1a91da164e7a""}}"
710272-1	"[""710272""]"	"[""""]"	magireco-translate-data-master/Scenarios_full/costume_story/1027 - 土岐沙绪（土岐 すなお）/710272-1.json	True	True	before_20261001_takeover	74	0382eb0daa36f57fb81f09724e283f423fef81f6	magireco-source-master/Scenarios_full/costume_story/1027 - 土岐沙绪（土岐 すなお）/710272-1.json	2d7f7cfb2292340c3867cfd77f1c0dbfd73b894d	63	manifests/story_quality_corpus_20260930_07.json.gz		[3304]	"{""path"":""magireco-translate-data-master/Scenarios_full/costume_story/1027 - 土岐沙绪（土岐 すなお）/710272-1.json"",""cn_blob"":""0382eb0daa36f57fb81f09724e283f423fef81f6"",""jp_path"":""magireco-source-master/Scenarios_full/costume_story/1027 - 土岐沙绪（土岐 すなお）/710272-1.json"",""jp_blob"":""2d7f7cfb2292340c3867cfd77f1c0dbfd73b894d"",""evidence"":{""status"":""prior_44_bound_full_reviews"",""prior_evidence"":{""body_fingerprint"":""80a1540e94c185da5a55d2eb193fbd0fb3fbfc49b791db7dc785434bf93f97f3"",""jp_blob"":""2d7f7cfb2292340c3867cfd77f1c0dbfd73b894d"",""report"":""manifests/story_quality_corpus_20260930_07.json.gz"",""kind"":""prior_44_bound_full_reviews""},""body_fingerprint"":""80a1540e94c185da5a55d2eb193fbd0fb3fbfc49b791db7dc785434bf93f97f3""}}"
710273-1	"[""710273""]"	"[""""]"	magireco-translate-data-master/Scenarios_full/costume_story/1027 - 土岐沙绪（土岐 すなお）/710273-1.json	True	True	before_20261001_takeover	79	0e0d17342318e0ab11e92a397e8bde1e17a7d8c9	magireco-source-master/Scenarios_full/costume_story/1027 - 土岐沙绪（土岐 すなお）/710273-1.json	915b536380e32e456dce55693d1e07bd5ca5f2fe	73	manifests/story_quality_corpus_20260930_07.json.gz		[3301]	"{""path"":""magireco-translate-data-master/Scenarios_full/costume_story/1027 - 土岐沙绪（土岐 すなお）/710273-1.json"",""cn_blob"":""0e0d17342318e0ab11e92a397e8bde1e17a7d8c9"",""jp_path"":""magireco-source-master/Scenarios_full/costume_story/1027 - 土岐沙绪（土岐 すなお）/710273-1.json"",""jp_blob"":""915b536380e32e456dce55693d1e07bd5ca5f2fe"",""evidence"":{""status"":""prior_44_bound_full_reviews"",""prior_evidence"":{""body_fingerprint"":""938ff8d7e4dcf9d844bece901c187122874a74d332a3f4ab3a688439150f3736"",""jp_blob"":""915b536380e32e456dce55693d1e07bd5ca5f2fe"",""report"":""manifests/story_quality_corpus_20260930_07.json.gz"",""kind"":""prior_44_bound_full_reviews""},""body_fingerprint"":""938ff8d7e4dcf9d844bece901c187122874a74d332a3f4ab3a688439150f3736""}}"
710281-1	"[""710281""]"	"[""""]"	magireco-translate-data-master/Scenarios_full/costume_story/1028 - 蓝家姬奈（藍家 ひめな）/710281-1.json	True	True	before_20261001_takeover	68	dc91375943ea347153acf87dca41a599bd41c286	magireco-source-master/Scenarios_full/costume_story/1028 - 蓝家姬奈（藍家 ひめな）/710281-1.json	da2b380944b6b3462899ea5a830ce25d0b1cc681	59	manifests/story_quality_corpus_20260930_07.json.gz		[3307]	"{""path"":""magireco-translate-data-master/Scenarios_full/costume_story/1028 - 蓝家姬奈（藍家 ひめな）/710281-1.json"",""cn_blob"":""dc91375943ea347153acf87dca41a599bd41c286"",""jp_path"":""magireco-source-master/Scenarios_full/costume_story/1028 - 蓝家姬奈（藍家 ひめな）/710281-1.json"",""jp_blob"":""da2b380944b6b3462899ea5a830ce25d0b1cc681"",""evidence"":{""status"":""prior_44_bound_full_reviews"",""prior_evidence"":{""body_fingerprint"":""ef911e9ebee233389f2103d077d7787796b0010700d0f2cbdbe01ccb96436080"",""jp_blob"":""da2b380944b6b3462899ea5a830ce25d0b1cc681"",""report"":""manifests/story_quality_corpus_20260930_07.json.gz"",""kind"":""prior_44_bound_full_reviews""},""body_fingerprint"":""ef911e9ebee233389f2103d077d7787796b0010700d0f2cbdbe01ccb96436080""}}"
710291-1	"[""710291""]"	"[""""]"	magireco-translate-data-master/Scenarios_full/costume_story/1029 - 宫尾时雨（宮尾 時雨）/710291-1.json	True	True	before_20261001_takeover	85	b4067d416325f61ba0eed527cc0e1f09bae41515	magireco-source-master/Scenarios_full/costume_story/1029 - 宫尾时雨（宮尾 時雨）/710291-1.json	e7994f859abb18af16480bd1a4c867a6ffbb6046	68	manifests/story_quality_corpus_20260930_07.json.gz		[3307]	"{""path"":""magireco-translate-data-master/Scenarios_full/costume_story/1029 - 宫尾时雨（宮尾 時雨）/710291-1.json"",""cn_blob"":""b4067d416325f61ba0eed527cc0e1f09bae41515"",""jp_path"":""magireco-source-master/Scenarios_full/costume_story/1029 - 宫尾时雨（宮尾 時雨）/710291-1.json"",""jp_blob"":""e7994f859abb18af16480bd1a4c867a6ffbb6046"",""evidence"":{""status"":""prior_44_bound_full_reviews"",""prior_evidence"":{""body_fingerprint"":""11bb8a0e992e52f0835e3194e7c6ee3dbcf645b960460c4564d1cd71f8b4ca6a"",""jp_blob"":""e7994f859abb18af16480bd1a4c867a6ffbb6046"",""report"":""manifests/story_quality_corpus_20260930_07.json.gz"",""kind"":""prior_44_bound_full_reviews""},""body_fingerprint"":""11bb8a0e992e52f0835e3194e7c6ee3dbcf645b960460c4564d1cd71f8b4ca6a""}}"
710301-1	"[""710301""]"	"[""""]"	magireco-translate-data-master/Scenarios_full/costume_story/1030 - 安积育梦（安積 はぐむ）/710301-1.json	True	True	before_20261001_takeover	90	a68b4eddffc46a13fda3866a204042abf1d7076c	magireco-source-master/Scenarios_full/costume_story/1030 - 安积育梦（安積 はぐむ）/710301-1.json	b3cdeab66063535f719bf9841c1a4de62161be74	73	manifests/story_quality_corpus_20260930_07.json.gz		[3307]	"{""path"":""magireco-translate-data-master/Scenarios_full/costume_story/1030 - 安积育梦（安積 はぐむ）/710301-1.json"",""cn_blob"":""a68b4eddffc46a13fda3866a204042abf1d7076c"",""jp_path"":""magireco-source-master/Scenarios_full/costume_story/1030 - 安积育梦（安積 はぐむ）/710301-1.json"",""jp_blob"":""b3cdeab66063535f719bf9841c1a4de62161be74"",""evidence"":{""status"":""prior_44_bound_full_reviews"",""prior_evidence"":{""body_fingerprint"":""e42473e8b0d8b4f44c2e17e28c7ecab6305a8ef13f5bae27a50d2227e0fb886e"",""jp_blob"":""b3cdeab66063535f719bf9841c1a4de62161be74"",""report"":""manifests/story_quality_corpus_20260930_07.json.gz"",""kind"":""prior_44_bound_full_reviews""},""body_fingerprint"":""e42473e8b0d8b4f44c2e17e28c7ecab6305a8ef13f5bae27a50d2227e0fb886e""}}"
710321-1	"[""710321""]"	"[""""]"	magireco-translate-data-master/Scenarios_full/costume_story/1032 - 游狩美由利（遊狩 ミユリ）/710321-1.json	True	True	before_20261001_takeover	77	4f9a8d2ddc4683dfdf5ac48531086ea38c373d67	magireco-source-master/Scenarios_full/costume_story/1032 - 游狩美由利（遊狩 ミユリ）/710321-1.json	b48488dffd24b734abbfe900548b51182b5ab7ed	68	manifests/story_quality_corpus_20260930_07.json.gz		[3307]	"{""path"":""magireco-translate-data-master/Scenarios_full/costume_story/1032 - 游狩美由利（遊狩 ミユリ）/710321-1.json"",""cn_blob"":""4f9a8d2ddc4683dfdf5ac48531086ea38c373d67"",""jp_path"":""magireco-source-master/Scenarios_full/costume_story/1032 - 游狩美由利（遊狩 ミユリ）/710321-1.json"",""jp_blob"":""b48488dffd24b734abbfe900548b51182b5ab7ed"",""evidence"":{""status"":""prior_44_bound_full_reviews"",""prior_evidence"":{""body_fingerprint"":""9af5d463bfd274b1656fa4f381325881261edb4cfdc95fab97677b841fdc751a"",""jp_blob"":""b48488dffd24b734abbfe900548b51182b5ab7ed"",""report"":""manifests/story_quality_corpus_20260930_07.json.gz"",""kind"":""prior_44_bound_full_reviews""},""body_fingerprint"":""9af5d463bfd274b1656fa4f381325881261edb4cfdc95fab97677b841fdc751a""}}"
710331-1	"[""710331""]"	"[""""]"	magireco-translate-data-master/Scenarios_full/costume_story/1033 - 冰室拉比（氷室 ラビ）/710331-1.json	True	True	before_20261001_takeover	72	72fa7a4359c2e770d9fb50b7efe48bce1bb231dd	magireco-source-master/Scenarios_full/costume_story/1033 - 冰室拉比（氷室 ラビ）/710331-1.json	5f153f92e2d503ca95f53afa9bc6c994c854f030	67	manifests/story_quality_corpus_20260930_07.json.gz		[3305]	"{""path"":""magireco-translate-data-master/Scenarios_full/costume_story/1033 - 冰室拉比（氷室 ラビ）/710331-1.json"",""cn_blob"":""72fa7a4359c2e770d9fb50b7efe48bce1bb231dd"",""jp_path"":""magireco-source-master/Scenarios_full/costume_story/1033 - 冰室拉比（氷室 ラビ）/710331-1.json"",""jp_blob"":""5f153f92e2d503ca95f53afa9bc6c994c854f030"",""evidence"":{""status"":""prior_44_bound_full_reviews"",""prior_evidence"":{""body_fingerprint"":""9becbad5b0e4cf24b492aacd6e096e6b9114876be1d50de0e59f13a5d307d533"",""jp_blob"":""5f153f92e2d503ca95f53afa9bc6c994c854f030"",""report"":""manifests/story_quality_corpus_20260930_07.json.gz"",""kind"":""prior_44_bound_full_reviews""},""body_fingerprint"":""9becbad5b0e4cf24b492aacd6e096e6b9114876be1d50de0e59f13a5d307d533""}}"
710341-1	"[""710341""]"	"[""""]"	magireco-translate-data-master/Scenarios_full/costume_story/1034 - 三浦旭（三浦 旭）/710341-1.json	True	True	before_20261001_takeover	74	fb062579e0aada77f361372779fcd606c0e6eaff	magireco-source-master/Scenarios_full/costume_story/1034 - 三浦旭（三浦 旭）/710341-1.json	d47890b34ba1c04ccd32202089a7236dac87fade	65	manifests/story_quality_corpus_20260930_07.json.gz		[3301]	"{""path"":""magireco-translate-data-master/Scenarios_full/costume_story/1034 - 三浦旭（三浦 旭）/710341-1.json"",""cn_blob"":""fb062579e0aada77f361372779fcd606c0e6eaff"",""jp_path"":""magireco-source-master/Scenarios_full/costume_story/1034 - 三浦旭（三浦 旭）/710341-1.json"",""jp_blob"":""d47890b34ba1c04ccd32202089a7236dac87fade"",""evidence"":{""status"":""prior_44_bound_full_reviews"",""prior_evidence"":{""body_fingerprint"":""54ee462d87ec3d3737186a702965b8c10a06bef61fe62efa5e05c2978fd05ce0"",""jp_blob"":""d47890b34ba1c04ccd32202089a7236dac87fade"",""report"":""manifests/story_quality_corpus_20260930_07.json.gz"",""kind"":""prior_44_bound_full_reviews""},""body_fingerprint"":""54ee462d87ec3d3737186a702965b8c10a06bef61fe62efa5e05c2978fd05ce0""}}"
710361-1	"[""710361""]"	"[""""]"	magireco-translate-data-master/Scenarios_full/costume_story/1036 - 有爱丽（有愛 うらら）/710361-1.json	True	True	before_20261001_takeover	76	fbbe65ef2cc33ff803f07db8d9e0442102a0c6b0	magireco-source-master/Scenarios_full/costume_story/1036 - 有爱丽（有愛 うらら）/710361-1.json	e8e2a75fd5ef5d37a43549ffe9f485159fbb1a98	70	manifests/story_quality_corpus_20260930_07.json.gz		[3305]	"{""path"":""magireco-translate-data-master/Scenarios_full/costume_story/1036 - 有爱丽（有愛 うらら）/710361-1.json"",""cn_blob"":""fbbe65ef2cc33ff803f07db8d9e0442102a0c6b0"",""jp_path"":""magireco-source-master/Scenarios_full/costume_story/1036 - 有爱丽（有愛 うらら）/710361-1.json"",""jp_blob"":""e8e2a75fd5ef5d37a43549ffe9f485159fbb1a98"",""evidence"":{""status"":""prior_44_bound_full_reviews"",""prior_evidence"":{""body_fingerprint"":""2b28ccdc38628a980f9999635864d7f511cb25ec5dee1ef7fdc0065940681d60"",""jp_blob"":""e8e2a75fd5ef5d37a43549ffe9f485159fbb1a98"",""report"":""manifests/story_quality_corpus_20260930_07.json.gz"",""kind"":""prior_44_bound_full_reviews""},""body_fingerprint"":""2b28ccdc38628a980f9999635864d7f511cb25ec5dee1ef7fdc0065940681d60""}}"
710391-1	"[""710391""]"	"[""""]"	magireco-translate-data-master/Scenarios_full/costume_story/1039 - 佐和月出里（佐和 月出里）/710391-1.json	True	True	before_20261001_takeover	71	dfec2e7d3130a47d1706d588a42bf8f80c47c170	magireco-source-master/Scenarios_full/costume_story/1039 - 佐和月出里（佐和 月出里）/710391-1.json	383134b055c456b7ae958560fbf8d7436cf2c561	59	manifests/story_quality_corpus_20260930_07.json.gz		[3304]	"{""path"":""magireco-translate-data-master/Scenarios_full/costume_story/1039 - 佐和月出里（佐和 月出里）/710391-1.json"",""cn_blob"":""dfec2e7d3130a47d1706d588a42bf8f80c47c170"",""jp_path"":""magireco-source-master/Scenarios_full/costume_story/1039 - 佐和月出里（佐和 月出里）/710391-1.json"",""jp_blob"":""383134b055c456b7ae958560fbf8d7436cf2c561"",""evidence"":{""status"":""prior_44_bound_full_reviews"",""prior_evidence"":{""body_fingerprint"":""f5da9309d8e0b6103037e337f64792f5c6cf01aaba7290f9e689d9379c4c9fb4"",""jp_blob"":""383134b055c456b7ae958560fbf8d7436cf2c561"",""report"":""manifests/story_quality_corpus_20260930_07.json.gz"",""kind"":""prior_44_bound_full_reviews""},""body_fingerprint"":""f5da9309d8e0b6103037e337f64792f5c6cf01aaba7290f9e689d9379c4c9fb4""}}"
710401-1	"[""710401""]"	"[""""]"	magireco-translate-data-master/Scenarios_full/costume_story/1040 - 篠目夜鹤（篠目 ヨヅル）/710401-1.json	True	True	before_20261001_takeover	75	99b9070795f791fdf99a5fc0160a4b9d43ba3951	magireco-source-master/Scenarios_full/costume_story/1040 - 篠目夜鹤（篠目 ヨヅル）/710401-1.json	af27c0a5711082ab25187a10f58ac0a9e8b1b864	67	manifests/story_quality_corpus_20260930_07.json.gz		[3304]	"{""path"":""magireco-translate-data-master/Scenarios_full/costume_story/1040 - 篠目夜鹤（篠目 ヨヅル）/710401-1.json"",""cn_blob"":""99b9070795f791fdf99a5fc0160a4b9d43ba3951"",""jp_path"":""magireco-source-master/Scenarios_full/costume_story/1040 - 篠目夜鹤（篠目 ヨヅル）/710401-1.json"",""jp_blob"":""af27c0a5711082ab25187a10f58ac0a9e8b1b864"",""evidence"":{""status"":""prior_44_bound_full_reviews"",""prior_evidence"":{""body_fingerprint"":""e3aedd5af473c59c9235e6d16b7ec760bd5789e46bd9c3ddb310b26fbd9fbfd6"",""jp_blob"":""af27c0a5711082ab25187a10f58ac0a9e8b1b864"",""report"":""manifests/story_quality_corpus_20260930_07.json.gz"",""kind"":""prior_44_bound_full_reviews""},""body_fingerprint"":""e3aedd5af473c59c9235e6d16b7ec760bd5789e46bd9c3ddb310b26fbd9fbfd6""}}"
710402-1	"[""710402""]"	"[""""]"	magireco-translate-data-master/Scenarios_full/costume_story/1040 - 篠目夜鹤（篠目 ヨヅル）/710402-1.json	True	True	before_20261001_takeover	76	e220ccf357910d407cc5a33cd58e352271098c04	magireco-source-master/Scenarios_full/costume_story/1040 - 篠目夜鹤（篠目 ヨヅル）/710402-1.json	9b8c015038ef0696932715fa60943ed40c817d9d	67	manifests/story_quality_corpus_20260930_07.json.gz		[3304]	"{""path"":""magireco-translate-data-master/Scenarios_full/costume_story/1040 - 篠目夜鹤（篠目 ヨヅル）/710402-1.json"",""cn_blob"":""e220ccf357910d407cc5a33cd58e352271098c04"",""jp_path"":""magireco-source-master/Scenarios_full/costume_story/1040 - 篠目夜鹤（篠目 ヨヅル）/710402-1.json"",""jp_blob"":""9b8c015038ef0696932715fa60943ed40c817d9d"",""evidence"":{""status"":""prior_44_bound_full_reviews"",""prior_evidence"":{""body_fingerprint"":""9a3cae15c868f683414165d025a4cdf70b3cdf4e863a0e275bc8b87d6944e468"",""jp_blob"":""9b8c015038ef0696932715fa60943ed40c817d9d"",""report"":""manifests/story_quality_corpus_20260930_07.json.gz"",""kind"":""prior_44_bound_full_reviews""},""body_fingerprint"":""9a3cae15c868f683414165d025a4cdf70b3cdf4e863a0e275bc8b87d6944e468""}}"
720071-1	"[""720071""]"	"[""""]"	magireco-translate-data-master/Scenarios_full/costume_story/2007 - 百江渚（百江 なぎさ）/720071-1.json	True	True	after_20261001_takeover	70	d2d45c961960e633adaabadbccb0f898ba2ad011	magireco-source-master/Scenarios_full/costume_story/2007 - 百江渚（百江 なぎさ）/720071-1.json	0d3985701cd325c5508ee3cd692e9d0d2515aa5f	60	manifests/story_quality_semantic_batch03_20261001_evidence.json.gz		[3315]	"{""path"":""magireco-translate-data-master/Scenarios_full/costume_story/2007 - 百江渚（百江 なぎさ）/720071-1.json"",""cn_blob"":""d2d45c961960e633adaabadbccb0f898ba2ad011"",""jp_path"":""magireco-source-master/Scenarios_full/costume_story/2007 - 百江渚（百江 なぎさ）/720071-1.json"",""jp_blob"":""0d3985701cd325c5508ee3cd692e9d0d2515aa5f"",""evidence"":{""status"":""full_review_3315"",""prior_evidence"":{""report"":""manifests/story_quality_semantic_batch03_20261001_evidence.json.gz"",""jp_blob"":""0d3985701cd325c5508ee3cd692e9d0d2515aa5f"",""body_fingerprint"":""2459173640b413f0267eae88b73f5c33a24d0fc1bb461963637c4b7453596e2d"",""source_CN_blob"":""2e46779f08b7397b4731c8cf55fde45acfe13f9d"",""reviewed_CN_fields"":70,""full_read"":true,""source_authorship_not_reclassified"":true},""body_fingerprint"":""2459173640b413f0267eae88b73f5c33a24d0fc1bb461963637c4b7453596e2d""}}"
730011-1	"[""730011""]"	"[""""]"	magireco-translate-data-master/Scenarios_full/costume_story/3001 - 矢宵鹿乃子（矢宵 かのこ）/730011-1.json	True	True	before_20261001_takeover	74	f40469f9e5b50063692b80e75a7fb5366437a8a5	magireco-source-master/Scenarios_full/costume_story/3001 - 矢宵鹿乃子（矢宵 かのこ）/730011-1.json	f585c06a984e20b8b021a12b9d8d5b6531b5a767	63	manifests/story_quality_corpus_20260930_07.json.gz		[3308]	"{""path"":""magireco-translate-data-master/Scenarios_full/costume_story/3001 - 矢宵鹿乃子（矢宵 かのこ）/730011-1.json"",""cn_blob"":""f40469f9e5b50063692b80e75a7fb5366437a8a5"",""jp_path"":""magireco-source-master/Scenarios_full/costume_story/3001 - 矢宵鹿乃子（矢宵 かのこ）/730011-1.json"",""jp_blob"":""f585c06a984e20b8b021a12b9d8d5b6531b5a767"",""evidence"":{""status"":""prior_44_bound_full_reviews"",""prior_evidence"":{""body_fingerprint"":""f81e24878caa4a216ac1d7d6cf66b840baad2c847867d67abf62711790623644"",""jp_blob"":""f585c06a984e20b8b021a12b9d8d5b6531b5a767"",""report"":""manifests/story_quality_corpus_20260930_07.json.gz"",""kind"":""prior_44_bound_full_reviews""},""body_fingerprint"":""f81e24878caa4a216ac1d7d6cf66b840baad2c847867d67abf62711790623644""}}"
730151-1	"[""730151""]"	"[""""]"	magireco-translate-data-master/Scenarios_full/costume_story/3015 - 相野未都（相野 みと）/730151-1.json	True	True	before_20261001_takeover	75	b7b7562a05a1f638d00b8da2343ec3537caaf4fb	magireco-source-master/Scenarios_full/costume_story/3015 - 相野未都（相野 みと）/730151-1.json	66ef7f138124a997d09ec7c5fcecf1db0bb1b78f	62	manifests/story_quality_corpus_20260930_07.json.gz		[3308]	"{""path"":""magireco-translate-data-master/Scenarios_full/costume_story/3015 - 相野未都（相野 みと）/730151-1.json"",""cn_blob"":""b7b7562a05a1f638d00b8da2343ec3537caaf4fb"",""jp_path"":""magireco-source-master/Scenarios_full/costume_story/3015 - 相野未都（相野 みと）/730151-1.json"",""jp_blob"":""66ef7f138124a997d09ec7c5fcecf1db0bb1b78f"",""evidence"":{""status"":""prior_44_bound_full_reviews"",""prior_evidence"":{""body_fingerprint"":""c09327c23af5403de0376c9050b75b92c4f3ca94d9b54728b386eff16dbd2cdd"",""jp_blob"":""66ef7f138124a997d09ec7c5fcecf1db0bb1b78f"",""report"":""manifests/story_quality_corpus_20260930_07.json.gz"",""kind"":""prior_44_bound_full_reviews""},""body_fingerprint"":""c09327c23af5403de0376c9050b75b92c4f3ca94d9b54728b386eff16dbd2cdd""}}"
730401-1	"[""730401""]"	"[""情人节故事 2021 バレンタインストーリー2021""]"	magireco-translate-data-master/Scenarios_full/costume_story/3040 - 吉良手鞠（吉良 てまり）/730401-1.json	True	True	after_20261001_takeover	83	632b81583d82f31dac667bf1117c3e17e57bac7f	magireco-source-master/Scenarios_full/costume_story/3040 - 吉良手鞠（吉良 てまり）/730401-1.json	e597894f707b2a563a39931c1545d8905759316c	75	manifests/story_quality_semantic_batch03_20261001_evidence.json.gz		[3315]	"{""path"":""magireco-translate-data-master/Scenarios_full/costume_story/3040 - 吉良手鞠（吉良 てまり）/730401-1.json"",""cn_blob"":""632b81583d82f31dac667bf1117c3e17e57bac7f"",""jp_path"":""magireco-source-master/Scenarios_full/costume_story/3040 - 吉良手鞠（吉良 てまり）/730401-1.json"",""jp_blob"":""e597894f707b2a563a39931c1545d8905759316c"",""evidence"":{""status"":""full_review_3315"",""prior_evidence"":{""report"":""manifests/story_quality_semantic_batch03_20261001_evidence.json.gz"",""jp_blob"":""e597894f707b2a563a39931c1545d8905759316c"",""body_fingerprint"":""7f0176a37bb4ad6e037bfd794de322ca441473e4da3b057fd14ed7608524e4bd"",""source_CN_blob"":""eb38efceec56a893edf82223009eaade5b9ca371"",""reviewed_CN_fields"":83,""full_read"":true,""source_authorship_not_reclassified"":true},""body_fingerprint"":""7f0176a37bb4ad6e037bfd794de322ca441473e4da3b057fd14ed7608524e4bd""}}"
730401-2	"[""730401""]"	"[""情人节故事 2021 バレンタインストーリー2021""]"	magireco-translate-data-master/Scenarios_full/costume_story/3040 - 吉良手鞠（吉良 てまり）/730401-2.json	True	True	after_20261001_takeover	85	d7764287995cc5dad494617909060d295c9861cc	magireco-source-master/Scenarios_full/costume_story/3040 - 吉良手鞠（吉良 てまり）/730401-2.json	f9e70573857a98349a9cda24bd7544e2bdbb9a67	72	manifests/story_quality_semantic_batch03_20261001_evidence.json.gz		[3315]	"{""path"":""magireco-translate-data-master/Scenarios_full/costume_story/3040 - 吉良手鞠（吉良 てまり）/730401-2.json"",""cn_blob"":""d7764287995cc5dad494617909060d295c9861cc"",""jp_path"":""magireco-source-master/Scenarios_full/costume_story/3040 - 吉良手鞠（吉良 てまり）/730401-2.json"",""jp_blob"":""f9e70573857a98349a9cda24bd7544e2bdbb9a67"",""evidence"":{""status"":""full_review_3315"",""prior_evidence"":{""report"":""manifests/story_quality_semantic_batch03_20261001_evidence.json.gz"",""jp_blob"":""f9e70573857a98349a9cda24bd7544e2bdbb9a67"",""body_fingerprint"":""72c8a06c6e6c026cf20e21a4dbd345c52e69a9cb24bad401b42460f0f0b20872"",""source_CN_blob"":""74bcd75530a1c7df4a47173e73d176643f2c9b6b"",""reviewed_CN_fields"":85,""full_read"":true,""source_authorship_not_reclassified"":true},""body_fingerprint"":""72c8a06c6e6c026cf20e21a4dbd345c52e69a9cb24bad401b42460f0f0b20872""}}"
730441-1	"[""730441""]"	"[""""]"	magireco-translate-data-master/Scenarios_full/costume_story/3044 - 智珠兰华（智珠 らんか）/730441-1.json	True	True	before_20261001_takeover	68	5cfbdf4bce1dbcfc33a7ab9439a0b14a7dead97e	magireco-source-master/Scenarios_full/costume_story/3044 - 智珠兰华（智珠 らんか）/730441-1.json	2ccd239df0622b3f17b928eaf9eac79026e6e493	57	manifests/story_quality_corpus_20260930_07.json.gz		[3308]	"{""path"":""magireco-translate-data-master/Scenarios_full/costume_story/3044 - 智珠兰华（智珠 らんか）/730441-1.json"",""cn_blob"":""5cfbdf4bce1dbcfc33a7ab9439a0b14a7dead97e"",""jp_path"":""magireco-source-master/Scenarios_full/costume_story/3044 - 智珠兰华（智珠 らんか）/730441-1.json"",""jp_blob"":""2ccd239df0622b3f17b928eaf9eac79026e6e493"",""evidence"":{""status"":""prior_44_bound_full_reviews"",""prior_evidence"":{""body_fingerprint"":""584d8eb20e0dddd9707d028f5443866c4febb026d80c5545532fea00bfbabce1"",""jp_blob"":""2ccd239df0622b3f17b928eaf9eac79026e6e493"",""report"":""manifests/story_quality_corpus_20260930_07.json.gz"",""kind"":""prior_44_bound_full_reviews""},""body_fingerprint"":""584d8eb20e0dddd9707d028f5443866c4febb026d80c5545532fea00bfbabce1""}}"
730471-1	"[""730471""]"	"[""""]"	magireco-translate-data-master/Scenarios_full/costume_story/3047 - 青叶知花（青葉 ちか）/730471-1.json	True	True	before_20261001_takeover	85	c0cbc5e5a50c15dc20b9cdaf3a9756a388962b47	magireco-source-master/Scenarios_full/costume_story/3047 - 青叶知花（青葉 ちか）/730471-1.json	7a99f868274756cef2ebcb5dce3647d8e8033d59	79	manifests/story_quality_corpus_20260930_07.json.gz		[3305]	"{""path"":""magireco-translate-data-master/Scenarios_full/costume_story/3047 - 青叶知花（青葉 ちか）/730471-1.json"",""cn_blob"":""c0cbc5e5a50c15dc20b9cdaf3a9756a388962b47"",""jp_path"":""magireco-source-master/Scenarios_full/costume_story/3047 - 青叶知花（青葉 ちか）/730471-1.json"",""jp_blob"":""7a99f868274756cef2ebcb5dce3647d8e8033d59"",""evidence"":{""status"":""prior_44_bound_full_reviews"",""prior_evidence"":{""body_fingerprint"":""8a33226aac0a307cbd027a80195d97e8b6c850f3333bc041b488baea9bf0db71"",""jp_blob"":""7a99f868274756cef2ebcb5dce3647d8e8033d59"",""report"":""manifests/story_quality_corpus_20260930_07.json.gz"",""kind"":""prior_44_bound_full_reviews""},""body_fingerprint"":""8a33226aac0a307cbd027a80195d97e8b6c850f3333bc041b488baea9bf0db71""}}"
730581-1	"[""730581""]"	"[""""]"	magireco-translate-data-master/Scenarios_full/costume_story/3058 - 南津凉子（南津 涼子）/730581-1.json	True	True	before_20261001_takeover	79	ef1c5be929323593cf47be431cb0ad25c8ca1299	magireco-source-master/Scenarios_full/costume_story/3058 - 南津凉子（南津 涼子）/730581-1.json	95a0447fd355ffaab9d8445a7d869569fb63ee1d	73	manifests/story_quality_corpus_20260930_07.json.gz		[3305]	"{""path"":""magireco-translate-data-master/Scenarios_full/costume_story/3058 - 南津凉子（南津 涼子）/730581-1.json"",""cn_blob"":""ef1c5be929323593cf47be431cb0ad25c8ca1299"",""jp_path"":""magireco-source-master/Scenarios_full/costume_story/3058 - 南津凉子（南津 涼子）/730581-1.json"",""jp_blob"":""95a0447fd355ffaab9d8445a7d869569fb63ee1d"",""evidence"":{""status"":""prior_44_bound_full_reviews"",""prior_evidence"":{""body_fingerprint"":""54c3f46683c6cfab7a1a448a0954672241ae05f59aeaead3ea55abaf23716808"",""jp_blob"":""95a0447fd355ffaab9d8445a7d869569fb63ee1d"",""report"":""manifests/story_quality_corpus_20260930_07.json.gz"",""kind"":""prior_44_bound_full_reviews""},""body_fingerprint"":""54c3f46683c6cfab7a1a448a0954672241ae05f59aeaead3ea55abaf23716808""}}"
510010-10_9UlG8	"[""510010""]"	"[""""]"	magireco-translate-data-master/Scenarios_full/event_story/5100 - 空虚的心中绽放之花/510010-10_9UlG8.json	True	True	after_20261001_takeover	78	9c54212b9e3313bfc0b7e26e05d9da68a81eb9c6	magireco-source-master/Scenarios_full/event_story/5100 - 空虚的心中绽放之花/510010-10_9UlG8.json	d24b3f6378d2b489e0146e6d8b8e8727e4f8a123	72	manifests/story_quality_semantic_batch08_ai_only_20261002_evidence.json.gz	d5b1442cbba6889f9f917f41bcc9bfe3837ffe04	[3320]	"{""path"":""magireco-translate-data-master/Scenarios_full/event_story/5100 - 空虚的心中绽放之花/510010-10_9UlG8.json"",""cn_blob"":""9c54212b9e3313bfc0b7e26e05d9da68a81eb9c6"",""jp_path"":""magireco-source-master/Scenarios_full/event_story/5100 - 空虚的心中绽放之花/510010-10_9UlG8.json"",""jp_blob"":""d24b3f6378d2b489e0146e6d8b8e8727e4f8a123"",""evidence"":{""batch"":""20261002-semantic-batch08-ai-only"",""source_commit"":""d5b1442cbba6889f9f917f41bcc9bfe3837ffe04"",""report"":""manifests/story_quality_semantic_batch08_ai_only_20261002_evidence.json.gz"",""script_id"":""510010-10_9UlG8"",""full_fields"":78}}"
510010-1_9UlG8	"[""510010""]"	"[""""]"	magireco-translate-data-master/Scenarios_full/event_story/5100 - 空虚的心中绽放之花/510010-1_9UlG8.json	True	True	after_20261001_takeover	56	db5fe491748723eb601dc45ae858a9109639ec69	magireco-source-master/Scenarios_full/event_story/5100 - 空虚的心中绽放之花/510010-1_9UlG8.json	8e6cc1be10f26236686f7f1a4753b2c5afdbe30e	48	manifests/story_quality_semantic_batch08_ai_only_20261002_evidence.json.gz	d5b1442cbba6889f9f917f41bcc9bfe3837ffe04	[3320]	"{""path"":""magireco-translate-data-master/Scenarios_full/event_story/5100 - 空虚的心中绽放之花/510010-1_9UlG8.json"",""cn_blob"":""db5fe491748723eb601dc45ae858a9109639ec69"",""jp_path"":""magireco-source-master/Scenarios_full/event_story/5100 - 空虚的心中绽放之花/510010-1_9UlG8.json"",""jp_blob"":""8e6cc1be10f26236686f7f1a4753b2c5afdbe30e"",""evidence"":{""batch"":""20261002-semantic-batch08-ai-only"",""source_commit"":""d5b1442cbba6889f9f917f41bcc9bfe3837ffe04"",""report"":""manifests/story_quality_semantic_batch08_ai_only_20261002_evidence.json.gz"",""script_id"":""510010-1_9UlG8"",""full_fields"":56}}"
510010-2_9UlG8	"[""510010""]"	"[""""]"	magireco-translate-data-master/Scenarios_full/event_story/5100 - 空虚的心中绽放之花/510010-2_9UlG8.json	True	True	after_20261001_takeover	78	68fba2f1dd22b91beabb16842ee31145db2760a5	magireco-source-master/Scenarios_full/event_story/5100 - 空虚的心中绽放之花/510010-2_9UlG8.json	498bd80bab49892d6cd328602549c058d1572f52	67	manifests/story_quality_semantic_batch08_ai_only_20261002_evidence.json.gz	d5b1442cbba6889f9f917f41bcc9bfe3837ffe04	[3320]	"{""path"":""magireco-translate-data-master/Scenarios_full/event_story/5100 - 空虚的心中绽放之花/510010-2_9UlG8.json"",""cn_blob"":""68fba2f1dd22b91beabb16842ee31145db2760a5"",""jp_path"":""magireco-source-master/Scenarios_full/event_story/5100 - 空虚的心中绽放之花/510010-2_9UlG8.json"",""jp_blob"":""498bd80bab49892d6cd328602549c058d1572f52"",""evidence"":{""batch"":""20261002-semantic-batch08-ai-only"",""source_commit"":""d5b1442cbba6889f9f917f41bcc9bfe3837ffe04"",""report"":""manifests/story_quality_semantic_batch08_ai_only_20261002_evidence.json.gz"",""script_id"":""510010-2_9UlG8"",""full_fields"":78}}"
510010-3_9UlG8	"[""510010""]"	"[""""]"	magireco-translate-data-master/Scenarios_full/event_story/5100 - 空虚的心中绽放之花/510010-3_9UlG8.json	True	True	after_20261001_takeover	85	63c247b42311f193c386849a9b3bc20ad9d58361	magireco-source-master/Scenarios_full/event_story/5100 - 空虚的心中绽放之花/510010-3_9UlG8.json	df477c45c248af4a5ce38116c56ffc2da6fb7527	74	manifests/story_quality_semantic_batch08_ai_only_20261002_evidence.json.gz	d5b1442cbba6889f9f917f41bcc9bfe3837ffe04	[3320]	"{""path"":""magireco-translate-data-master/Scenarios_full/event_story/5100 - 空虚的心中绽放之花/510010-3_9UlG8.json"",""cn_blob"":""63c247b42311f193c386849a9b3bc20ad9d58361"",""jp_path"":""magireco-source-master/Scenarios_full/event_story/5100 - 空虚的心中绽放之花/510010-3_9UlG8.json"",""jp_blob"":""df477c45c248af4a5ce38116c56ffc2da6fb7527"",""evidence"":{""batch"":""20261002-semantic-batch08-ai-only"",""source_commit"":""d5b1442cbba6889f9f917f41bcc9bfe3837ffe04"",""report"":""manifests/story_quality_semantic_batch08_ai_only_20261002_evidence.json.gz"",""script_id"":""510010-3_9UlG8"",""full_fields"":85}}"
510010-4_9UlG8	"[""510010""]"	"[""""]"	magireco-translate-data-master/Scenarios_full/event_story/5100 - 空虚的心中绽放之花/510010-4_9UlG8.json	True	True	after_20261001_takeover	48	e87a2aaa6cc0f0f66c3de8d12c9d246e13534d95	magireco-source-master/Scenarios_full/event_story/5100 - 空虚的心中绽放之花/510010-4_9UlG8.json	039921df5cbfec4a13237b356a401db556ec1e4c	39	manifests/story_quality_semantic_batch08_ai_only_20261002_evidence.json.gz	d5b1442cbba6889f9f917f41bcc9bfe3837ffe04	[3320]	"{""path"":""magireco-translate-data-master/Scenarios_full/event_story/5100 - 空虚的心中绽放之花/510010-4_9UlG8.json"",""cn_blob"":""e87a2aaa6cc0f0f66c3de8d12c9d246e13534d95"",""jp_path"":""magireco-source-master/Scenarios_full/event_story/5100 - 空虚的心中绽放之花/510010-4_9UlG8.json"",""jp_blob"":""039921df5cbfec4a13237b356a401db556ec1e4c"",""evidence"":{""batch"":""20261002-semantic-batch08-ai-only"",""source_commit"":""d5b1442cbba6889f9f917f41bcc9bfe3837ffe04"",""report"":""manifests/story_quality_semantic_batch08_ai_only_20261002_evidence.json.gz"",""script_id"":""510010-4_9UlG8"",""full_fields"":48}}"
510010-5_9UlG8	"[""510010""]"	"[""""]"	magireco-translate-data-master/Scenarios_full/event_story/5100 - 空虚的心中绽放之花/510010-5_9UlG8.json	True	True	after_20261001_takeover	71	a3343d497c397b71c816045d798d04da5215a64a	magireco-source-master/Scenarios_full/event_story/5100 - 空虚的心中绽放之花/510010-5_9UlG8.json	05cf089c408d5e524f64b265acb5f4672be15e1a	63	manifests/story_quality_semantic_batch08_ai_only_20261002_evidence.json.gz	d5b1442cbba6889f9f917f41bcc9bfe3837ffe04	[3320]	"{""path"":""magireco-translate-data-master/Scenarios_full/event_story/5100 - 空虚的心中绽放之花/510010-5_9UlG8.json"",""cn_blob"":""a3343d497c397b71c816045d798d04da5215a64a"",""jp_path"":""magireco-source-master/Scenarios_full/event_story/5100 - 空虚的心中绽放之花/510010-5_9UlG8.json"",""jp_blob"":""05cf089c408d5e524f64b265acb5f4672be15e1a"",""evidence"":{""batch"":""20261002-semantic-batch08-ai-only"",""source_commit"":""d5b1442cbba6889f9f917f41bcc9bfe3837ffe04"",""report"":""manifests/story_quality_semantic_batch08_ai_only_20261002_evidence.json.gz"",""script_id"":""510010-5_9UlG8"",""full_fields"":71}}"
510010-6_9UlG8	"[""510010""]"	"[""""]"	magireco-translate-data-master/Scenarios_full/event_story/5100 - 空虚的心中绽放之花/510010-6_9UlG8.json	True	True	after_20261001_takeover	65	c102f5eab873e6af94f00c93557d3cb70ba9ca27	magireco-source-master/Scenarios_full/event_story/5100 - 空虚的心中绽放之花/510010-6_9UlG8.json	b5193d6a3596e4bb9b4873997f2e3ad034b8c9dc	57	manifests/story_quality_semantic_batch08_ai_only_20261002_evidence.json.gz	d5b1442cbba6889f9f917f41bcc9bfe3837ffe04	[3320]	"{""path"":""magireco-translate-data-master/Scenarios_full/event_story/5100 - 空虚的心中绽放之花/510010-6_9UlG8.json"",""cn_blob"":""c102f5eab873e6af94f00c93557d3cb70ba9ca27"",""jp_path"":""magireco-source-master/Scenarios_full/event_story/5100 - 空虚的心中绽放之花/510010-6_9UlG8.json"",""jp_blob"":""b5193d6a3596e4bb9b4873997f2e3ad034b8c9dc"",""evidence"":{""batch"":""20261002-semantic-batch08-ai-only"",""source_commit"":""d5b1442cbba6889f9f917f41bcc9bfe3837ffe04"",""report"":""manifests/story_quality_semantic_batch08_ai_only_20261002_evidence.json.gz"",""script_id"":""510010-6_9UlG8"",""full_fields"":65}}"
510010-7_9UlG8	"[""510010""]"	"[""""]"	magireco-translate-data-master/Scenarios_full/event_story/5100 - 空虚的心中绽放之花/510010-7_9UlG8.json	True	True	after_20261001_takeover	76	fb3e33cb785b38946771418185696c149d80bce9	magireco-source-master/Scenarios_full/event_story/5100 - 空虚的心中绽放之花/510010-7_9UlG8.json	47fb38bc13939c034e17ac49f4249f9859820bf4	63	manifests/story_quality_semantic_batch08_ai_only_20261002_evidence.json.gz	d5b1442cbba6889f9f917f41bcc9bfe3837ffe04	[3320]	"{""path"":""magireco-translate-data-master/Scenarios_full/event_story/5100 - 空虚的心中绽放之花/510010-7_9UlG8.json"",""cn_blob"":""fb3e33cb785b38946771418185696c149d80bce9"",""jp_path"":""magireco-source-master/Scenarios_full/event_story/5100 - 空虚的心中绽放之花/510010-7_9UlG8.json"",""jp_blob"":""47fb38bc13939c034e17ac49f4249f9859820bf4"",""evidence"":{""batch"":""20261002-semantic-batch08-ai-only"",""source_commit"":""d5b1442cbba6889f9f917f41bcc9bfe3837ffe04"",""report"":""manifests/story_quality_semantic_batch08_ai_only_20261002_evidence.json.gz"",""script_id"":""510010-7_9UlG8"",""full_fields"":76}}"
510010-8_9UlG8	"[""510010""]"	"[""""]"	magireco-translate-data-master/Scenarios_full/event_story/5100 - 空虚的心中绽放之花/510010-8_9UlG8.json	True	True	after_20261001_takeover	55	285e6a37289a54d802303849edfb54882fc280bc	magireco-source-master/Scenarios_full/event_story/5100 - 空虚的心中绽放之花/510010-8_9UlG8.json	e507e9ebb4d3466afc11f6ac359d2e352efbcf5f	46	manifests/story_quality_semantic_batch08_ai_only_20261002_evidence.json.gz	d5b1442cbba6889f9f917f41bcc9bfe3837ffe04	[3320]	"{""path"":""magireco-translate-data-master/Scenarios_full/event_story/5100 - 空虚的心中绽放之花/510010-8_9UlG8.json"",""cn_blob"":""285e6a37289a54d802303849edfb54882fc280bc"",""jp_path"":""magireco-source-master/Scenarios_full/event_story/5100 - 空虚的心中绽放之花/510010-8_9UlG8.json"",""jp_blob"":""e507e9ebb4d3466afc11f6ac359d2e352efbcf5f"",""evidence"":{""batch"":""20261002-semantic-batch08-ai-only"",""source_commit"":""d5b1442cbba6889f9f917f41bcc9bfe3837ffe04"",""report"":""manifests/story_quality_semantic_batch08_ai_only_20261002_evidence.json.gz"",""script_id"":""510010-8_9UlG8"",""full_fields"":55}}"
510010-9_9UlG8	"[""510010""]"	"[""""]"	magireco-translate-data-master/Scenarios_full/event_story/5100 - 空虚的心中绽放之花/510010-9_9UlG8.json	True	True	after_20261001_takeover	63	e382372223db256460b4e6b7850757eae432c35d	magireco-source-master/Scenarios_full/event_story/5100 - 空虚的心中绽放之花/510010-9_9UlG8.json	05cf82642d84fc97c3c80e6cb04b7b1482764aa0	51	manifests/story_quality_semantic_batch08_ai_only_20261002_evidence.json.gz	d5b1442cbba6889f9f917f41bcc9bfe3837ffe04	[3320]	"{""path"":""magireco-translate-data-master/Scenarios_full/event_story/5100 - 空虚的心中绽放之花/510010-9_9UlG8.json"",""cn_blob"":""e382372223db256460b4e6b7850757eae432c35d"",""jp_path"":""magireco-source-master/Scenarios_full/event_story/5100 - 空虚的心中绽放之花/510010-9_9UlG8.json"",""jp_blob"":""05cf82642d84fc97c3c80e6cb04b7b1482764aa0"",""evidence"":{""batch"":""20261002-semantic-batch08-ai-only"",""source_commit"":""d5b1442cbba6889f9f917f41bcc9bfe3837ffe04"",""report"":""manifests/story_quality_semantic_batch08_ai_only_20261002_evidence.json.gz"",""script_id"":""510010-9_9UlG8"",""full_fields"":63}}"
510020-10_U7gkv	"[""510020""]"	"[""""]"	magireco-translate-data-master/Scenarios_full/event_story/5100 - 空虚的心中绽放之花/510020-10_U7gkv.json	True	True	after_20261001_takeover	51	e447cf8ae86946c23b5a9946d9c8195db21305b1	magireco-source-master/Scenarios_full/event_story/5100 - 空虚的心中绽放之花/510020-10_U7gkv.json	0b49e7b5f5b4a3f3d6a22a8c445094eface919b2	40	manifests/story_quality_semantic_batch08_ai_only_20261002_evidence.json.gz	d5b1442cbba6889f9f917f41bcc9bfe3837ffe04	[3320]	"{""path"":""magireco-translate-data-master/Scenarios_full/event_story/5100 - 空虚的心中绽放之花/510020-10_U7gkv.json"",""cn_blob"":""e447cf8ae86946c23b5a9946d9c8195db21305b1"",""jp_path"":""magireco-source-master/Scenarios_full/event_story/5100 - 空虚的心中绽放之花/510020-10_U7gkv.json"",""jp_blob"":""0b49e7b5f5b4a3f3d6a22a8c445094eface919b2"",""evidence"":{""batch"":""20261002-semantic-batch08-ai-only"",""source_commit"":""d5b1442cbba6889f9f917f41bcc9bfe3837ffe04"",""report"":""manifests/story_quality_semantic_batch08_ai_only_20261002_evidence.json.gz"",""script_id"":""510020-10_U7gkv"",""full_fields"":51}}"
510020-1_U7gkv	"[""510020""]"	"[""""]"	magireco-translate-data-master/Scenarios_full/event_story/5100 - 空虚的心中绽放之花/510020-1_U7gkv.json	True	True	after_20261001_takeover	29	a3db9e17dd91044826304459c4a1f6948f818193	magireco-source-master/Scenarios_full/event_story/5100 - 空虚的心中绽放之花/510020-1_U7gkv.json	a3ce165996c37280446c95094cd07c94103e5e35	25	manifests/story_quality_semantic_batch08_ai_only_20261002_evidence.json.gz	d5b1442cbba6889f9f917f41bcc9bfe3837ffe04	[3320]	"{""path"":""magireco-translate-data-master/Scenarios_full/event_story/5100 - 空虚的心中绽放之花/510020-1_U7gkv.json"",""cn_blob"":""a3db9e17dd91044826304459c4a1f6948f818193"",""jp_path"":""magireco-source-master/Scenarios_full/event_story/5100 - 空虚的心中绽放之花/510020-1_U7gkv.json"",""jp_blob"":""a3ce165996c37280446c95094cd07c94103e5e35"",""evidence"":{""batch"":""20261002-semantic-batch08-ai-only"",""source_commit"":""d5b1442cbba6889f9f917f41bcc9bfe3837ffe04"",""report"":""manifests/story_quality_semantic_batch08_ai_only_20261002_evidence.json.gz"",""script_id"":""510020-1_U7gkv"",""full_fields"":29}}"
510020-2_U7gkv	"[""510020""]"	"[""""]"	magireco-translate-data-master/Scenarios_full/event_story/5100 - 空虚的心中绽放之花/510020-2_U7gkv.json	True	True	after_20261001_takeover	50	5324a75a93ac45b8a79a014cbc0fb5f634a417d0	magireco-source-master/Scenarios_full/event_story/5100 - 空虚的心中绽放之花/510020-2_U7gkv.json	6b20e37c5ff1972bd0d061a4abddfc74baaf3be8	46	manifests/story_quality_semantic_batch08_ai_only_20261002_evidence.json.gz	d5b1442cbba6889f9f917f41bcc9bfe3837ffe04	[3320]	"{""path"":""magireco-translate-data-master/Scenarios_full/event_story/5100 - 空虚的心中绽放之花/510020-2_U7gkv.json"",""cn_blob"":""5324a75a93ac45b8a79a014cbc0fb5f634a417d0"",""jp_path"":""magireco-source-master/Scenarios_full/event_story/5100 - 空虚的心中绽放之花/510020-2_U7gkv.json"",""jp_blob"":""6b20e37c5ff1972bd0d061a4abddfc74baaf3be8"",""evidence"":{""batch"":""20261002-semantic-batch08-ai-only"",""source_commit"":""d5b1442cbba6889f9f917f41bcc9bfe3837ffe04"",""report"":""manifests/story_quality_semantic_batch08_ai_only_20261002_evidence.json.gz"",""script_id"":""510020-2_U7gkv"",""full_fields"":50}}"
510020-3_U7gkv	"[""510020""]"	"[""""]"	magireco-translate-data-master/Scenarios_full/event_story/5100 - 空虚的心中绽放之花/510020-3_U7gkv.json	True	True	after_20261001_takeover	58	8feccc04f175ff05a54e7be5556d5afa8dc67e1e	magireco-source-master/Scenarios_full/event_story/5100 - 空虚的心中绽放之花/510020-3_U7gkv.json	0f53042c81506dd76f6a62632470457d98e30808	47	manifests/story_quality_semantic_batch08_ai_only_20261002_evidence.json.gz	d5b1442cbba6889f9f917f41bcc9bfe3837ffe04	[3320]	"{""path"":""magireco-translate-data-master/Scenarios_full/event_story/5100 - 空虚的心中绽放之花/510020-3_U7gkv.json"",""cn_blob"":""8feccc04f175ff05a54e7be5556d5afa8dc67e1e"",""jp_path"":""magireco-source-master/Scenarios_full/event_story/5100 - 空虚的心中绽放之花/510020-3_U7gkv.json"",""jp_blob"":""0f53042c81506dd76f6a62632470457d98e30808"",""evidence"":{""batch"":""20261002-semantic-batch08-ai-only"",""source_commit"":""d5b1442cbba6889f9f917f41bcc9bfe3837ffe04"",""report"":""manifests/story_quality_semantic_batch08_ai_only_20261002_evidence.json.gz"",""script_id"":""510020-3_U7gkv"",""full_fields"":58}}"
510020-4_U7gkv	"[""510020""]"	"[""""]"	magireco-translate-data-master/Scenarios_full/event_story/5100 - 空虚的心中绽放之花/510020-4_U7gkv.json	True	True	after_20261001_takeover	48	f1e2e83232d6609d81d0329438b5492606a9b622	magireco-source-master/Scenarios_full/event_story/5100 - 空虚的心中绽放之花/510020-4_U7gkv.json	65df76f95a34908e811f22dd23078107bb7f7b68	43	manifests/story_quality_semantic_batch08_ai_only_20261002_evidence.json.gz	d5b1442cbba6889f9f917f41bcc9bfe3837ffe04	[3320]	"{""path"":""magireco-translate-data-master/Scenarios_full/event_story/5100 - 空虚的心中绽放之花/510020-4_U7gkv.json"",""cn_blob"":""f1e2e83232d6609d81d0329438b5492606a9b622"",""jp_path"":""magireco-source-master/Scenarios_full/event_story/5100 - 空虚的心中绽放之花/510020-4_U7gkv.json"",""jp_blob"":""65df76f95a34908e811f22dd23078107bb7f7b68"",""evidence"":{""batch"":""20261002-semantic-batch08-ai-only"",""source_commit"":""d5b1442cbba6889f9f917f41bcc9bfe3837ffe04"",""report"":""manifests/story_quality_semantic_batch08_ai_only_20261002_evidence.json.gz"",""script_id"":""510020-4_U7gkv"",""full_fields"":48}}"
510020-5_U7gkv	"[""510020""]"	"[""""]"	magireco-translate-data-master/Scenarios_full/event_story/5100 - 空虚的心中绽放之花/510020-5_U7gkv.json	True	True	after_20261001_takeover	54	424a84635c9658641ef419e5db062f82aaee3c5d	magireco-source-master/Scenarios_full/event_story/5100 - 空虚的心中绽放之花/510020-5_U7gkv.json	3fe1d524e6d9961024bb002376fb7e306e56d281	50	manifests/story_quality_semantic_batch08_ai_only_20261002_evidence.json.gz	d5b1442cbba6889f9f917f41bcc9bfe3837ffe04	[3320]	"{""path"":""magireco-translate-data-master/Scenarios_full/event_story/5100 - 空虚的心中绽放之花/510020-5_U7gkv.json"",""cn_blob"":""424a84635c9658641ef419e5db062f82aaee3c5d"",""jp_path"":""magireco-source-master/Scenarios_full/event_story/5100 - 空虚的心中绽放之花/510020-5_U7gkv.json"",""jp_blob"":""3fe1d524e6d9961024bb002376fb7e306e56d281"",""evidence"":{""batch"":""20261002-semantic-batch08-ai-only"",""source_commit"":""d5b1442cbba6889f9f917f41bcc9bfe3837ffe04"",""report"":""manifests/story_quality_semantic_batch08_ai_only_20261002_evidence.json.gz"",""script_id"":""510020-5_U7gkv"",""full_fields"":54}}"
510020-6_U7gkv	"[""510020""]"	"[""""]"	magireco-translate-data-master/Scenarios_full/event_story/5100 - 空虚的心中绽放之花/510020-6_U7gkv.json	True	True	after_20261001_takeover	39	52bb0d1cf6d3b511300f9254ca5a39b77c113db9	magireco-source-master/Scenarios_full/event_story/5100 - 空虚的心中绽放之花/510020-6_U7gkv.json	dcf0600a212bcfbbe6a0b9c3e2166f619b959269	33	manifests/story_quality_semantic_batch08_ai_only_20261002_evidence.json.gz	d5b1442cbba6889f9f917f41bcc9bfe3837ffe04	[3320]	"{""path"":""magireco-translate-data-master/Scenarios_full/event_story/5100 - 空虚的心中绽放之花/510020-6_U7gkv.json"",""cn_blob"":""52bb0d1cf6d3b511300f9254ca5a39b77c113db9"",""jp_path"":""magireco-source-master/Scenarios_full/event_story/5100 - 空虚的心中绽放之花/510020-6_U7gkv.json"",""jp_blob"":""dcf0600a212bcfbbe6a0b9c3e2166f619b959269"",""evidence"":{""batch"":""20261002-semantic-batch08-ai-only"",""source_commit"":""d5b1442cbba6889f9f917f41bcc9bfe3837ffe04"",""report"":""manifests/story_quality_semantic_batch08_ai_only_20261002_evidence.json.gz"",""script_id"":""510020-6_U7gkv"",""full_fields"":39}}"
510020-7_U7gkv	"[""510020""]"	"[""""]"	magireco-translate-data-master/Scenarios_full/event_story/5100 - 空虚的心中绽放之花/510020-7_U7gkv.json	True	True	after_20261001_takeover	52	2ced84e8d8e99103f1698571e9e5a2036682364b	magireco-source-master/Scenarios_full/event_story/5100 - 空虚的心中绽放之花/510020-7_U7gkv.json	5b19794e3ac8b06c875fb9170a222192cb8c5e66	44	manifests/story_quality_semantic_batch08_ai_only_20261002_evidence.json.gz	d5b1442cbba6889f9f917f41bcc9bfe3837ffe04	[3320]	"{""path"":""magireco-translate-data-master/Scenarios_full/event_story/5100 - 空虚的心中绽放之花/510020-7_U7gkv.json"",""cn_blob"":""2ced84e8d8e99103f1698571e9e5a2036682364b"",""jp_path"":""magireco-source-master/Scenarios_full/event_story/5100 - 空虚的心中绽放之花/510020-7_U7gkv.json"",""jp_blob"":""5b19794e3ac8b06c875fb9170a222192cb8c5e66"",""evidence"":{""batch"":""20261002-semantic-batch08-ai-only"",""source_commit"":""d5b1442cbba6889f9f917f41bcc9bfe3837ffe04"",""report"":""manifests/story_quality_semantic_batch08_ai_only_20261002_evidence.json.gz"",""script_id"":""510020-7_U7gkv"",""full_fields"":52}}"
510020-8_U7gkv	"[""510020""]"	"[""""]"	magireco-translate-data-master/Scenarios_full/event_story/5100 - 空虚的心中绽放之花/510020-8_U7gkv.json	True	True	after_20261001_takeover	47	f8be19a12a4cc36db2b3b655fa0aac0b3f8658f2	magireco-source-master/Scenarios_full/event_story/5100 - 空虚的心中绽放之花/510020-8_U7gkv.json	e4661e3ddd9b2dc8882c91e907bfa00401fd66f9	44	manifests/story_quality_semantic_batch08_ai_only_20261002_evidence.json.gz	d5b1442cbba6889f9f917f41bcc9bfe3837ffe04	[3320]	"{""path"":""magireco-translate-data-master/Scenarios_full/event_story/5100 - 空虚的心中绽放之花/510020-8_U7gkv.json"",""cn_blob"":""f8be19a12a4cc36db2b3b655fa0aac0b3f8658f2"",""jp_path"":""magireco-source-master/Scenarios_full/event_story/5100 - 空虚的心中绽放之花/510020-8_U7gkv.json"",""jp_blob"":""e4661e3ddd9b2dc8882c91e907bfa00401fd66f9"",""evidence"":{""batch"":""20261002-semantic-batch08-ai-only"",""source_commit"":""d5b1442cbba6889f9f917f41bcc9bfe3837ffe04"",""report"":""manifests/story_quality_semantic_batch08_ai_only_20261002_evidence.json.gz"",""script_id"":""510020-8_U7gkv"",""full_fields"":47}}"
510020-9_U7gkv	"[""510020""]"	"[""""]"	magireco-translate-data-master/Scenarios_full/event_story/5100 - 空虚的心中绽放之花/510020-9_U7gkv.json	True	True	after_20261001_takeover	52	012027ceb04181624f6ebd3da0bcce7a01e677d9	magireco-source-master/Scenarios_full/event_story/5100 - 空虚的心中绽放之花/510020-9_U7gkv.json	0e6b0b2f521642845c576e28ccfabaf0ad633bec	44	manifests/story_quality_semantic_batch08_ai_only_20261002_evidence.json.gz	d5b1442cbba6889f9f917f41bcc9bfe3837ffe04	[3320]	"{""path"":""magireco-translate-data-master/Scenarios_full/event_story/5100 - 空虚的心中绽放之花/510020-9_U7gkv.json"",""cn_blob"":""012027ceb04181624f6ebd3da0bcce7a01e677d9"",""jp_path"":""magireco-source-master/Scenarios_full/event_story/5100 - 空虚的心中绽放之花/510020-9_U7gkv.json"",""jp_blob"":""0e6b0b2f521642845c576e28ccfabaf0ad633bec"",""evidence"":{""batch"":""20261002-semantic-batch08-ai-only"",""source_commit"":""d5b1442cbba6889f9f917f41bcc9bfe3837ffe04"",""report"":""manifests/story_quality_semantic_batch08_ai_only_20261002_evidence.json.gz"",""script_id"":""510020-9_U7gkv"",""full_fields"":52}}"
510201-0	"[""510201"",""510201-09""]"	"[""""]"	magireco-translate-data-master/Scenarios_full/event_story/5102 - 传说的终章，光辉的尽头～魔法少女贞德～/510201-0.json	True	True	after_20261001_takeover	52	f2b19215d3b9bd7e6213f90b79f7e4b46971e9ca	magireco-source-master/Scenarios_full/event_story/5102 - 传说的终章，光辉的尽头～魔法少女贞德～/510201-0.json	3009317402f4ec9c92971565ee9798e351ec6556	11	manifests/story_quality_semantic_batch08_ai_only_20261002_evidence.json.gz	d5b1442cbba6889f9f917f41bcc9bfe3837ffe04	[3320]	"{""path"":""magireco-translate-data-master/Scenarios_full/event_story/5102 - 传说的终章，光辉的尽头～魔法少女贞德～/510201-0.json"",""cn_blob"":""f2b19215d3b9bd7e6213f90b79f7e4b46971e9ca"",""jp_path"":""magireco-source-master/Scenarios_full/event_story/5102 - 传说的终章，光辉的尽头～魔法少女贞德～/510201-0.json"",""jp_blob"":""3009317402f4ec9c92971565ee9798e351ec6556"",""evidence"":{""batch"":""20261002-semantic-batch08-ai-only"",""source_commit"":""d5b1442cbba6889f9f917f41bcc9bfe3837ffe04"",""report"":""manifests/story_quality_semantic_batch08_ai_only_20261002_evidence.json.gz"",""script_id"":""510201-0"",""full_fields"":52}}"
510201-1_m4VmX	"[""510201"",""510201-09""]"	"[""""]"	magireco-translate-data-master/Scenarios_full/event_story/5102 - 传说的终章，光辉的尽头～魔法少女贞德～/510201-1_m4VmX.json	True	True	after_20261001_takeover	31	1e1c80afb6a3d7b6cd955899ba67f5f430b4f3d6	magireco-source-master/Scenarios_full/event_story/5102 - 传说的终章，光辉的尽头～魔法少女贞德～/510201-1_m4VmX.json	b5545fd9d72b1c53fa9e96c6bd881f78b5d36523	25	manifests/story_quality_semantic_batch08_ai_only_20261002_evidence.json.gz	d5b1442cbba6889f9f917f41bcc9bfe3837ffe04	[3320]	"{""path"":""magireco-translate-data-master/Scenarios_full/event_story/5102 - 传说的终章，光辉的尽头～魔法少女贞德～/510201-1_m4VmX.json"",""cn_blob"":""1e1c80afb6a3d7b6cd955899ba67f5f430b4f3d6"",""jp_path"":""magireco-source-master/Scenarios_full/event_story/5102 - 传说的终章，光辉的尽头～魔法少女贞德～/510201-1_m4VmX.json"",""jp_blob"":""b5545fd9d72b1c53fa9e96c6bd881f78b5d36523"",""evidence"":{""batch"":""20261002-semantic-batch08-ai-only"",""source_commit"":""d5b1442cbba6889f9f917f41bcc9bfe3837ffe04"",""report"":""manifests/story_quality_semantic_batch08_ai_only_20261002_evidence.json.gz"",""script_id"":""510201-1_m4VmX"",""full_fields"":31}}"
510201-2_m4VmX	"[""510201"",""510201-09""]"	"[""""]"	magireco-translate-data-master/Scenarios_full/event_story/5102 - 传说的终章，光辉的尽头～魔法少女贞德～/510201-2_m4VmX.json	True	True	after_20261001_takeover	27	aeae247676ea172da3d2ac718750680084f201b9	magireco-source-master/Scenarios_full/event_story/5102 - 传说的终章，光辉的尽头～魔法少女贞德～/510201-2_m4VmX.json	a24adfc78f9dce8b49bb028377947e58759e1ff4	20	manifests/story_quality_semantic_batch08_ai_only_20261002_evidence.json.gz	d5b1442cbba6889f9f917f41bcc9bfe3837ffe04	[3320]	"{""path"":""magireco-translate-data-master/Scenarios_full/event_story/5102 - 传说的终章，光辉的尽头～魔法少女贞德～/510201-2_m4VmX.json"",""cn_blob"":""aeae247676ea172da3d2ac718750680084f201b9"",""jp_path"":""magireco-source-master/Scenarios_full/event_story/5102 - 传说的终章，光辉的尽头～魔法少女贞德～/510201-2_m4VmX.json"",""jp_blob"":""a24adfc78f9dce8b49bb028377947e58759e1ff4"",""evidence"":{""batch"":""20261002-semantic-batch08-ai-only"",""source_commit"":""d5b1442cbba6889f9f917f41bcc9bfe3837ffe04"",""report"":""manifests/story_quality_semantic_batch08_ai_only_20261002_evidence.json.gz"",""script_id"":""510201-2_m4VmX"",""full_fields"":27}}"
510201-3_m4VmX	"[""510201"",""510201-09""]"	"[""""]"	magireco-translate-data-master/Scenarios_full/event_story/5102 - 传说的终章，光辉的尽头～魔法少女贞德～/510201-3_m4VmX.json	True	True	after_20261001_takeover	57	46565a9f65dee1481239f7b9d4f70db6d76a72f5	magireco-source-master/Scenarios_full/event_story/5102 - 传说的终章，光辉的尽头～魔法少女贞德～/510201-3_m4VmX.json	f5be40d504b416ecc69effa6c174e07e0e2f7668	28	manifests/story_quality_semantic_batch08_ai_only_20261002_evidence.json.gz	d5b1442cbba6889f9f917f41bcc9bfe3837ffe04	[3320]	"{""path"":""magireco-translate-data-master/Scenarios_full/event_story/5102 - 传说的终章，光辉的尽头～魔法少女贞德～/510201-3_m4VmX.json"",""cn_blob"":""46565a9f65dee1481239f7b9d4f70db6d76a72f5"",""jp_path"":""magireco-source-master/Scenarios_full/event_story/5102 - 传说的终章，光辉的尽头～魔法少女贞德～/510201-3_m4VmX.json"",""jp_blob"":""f5be40d504b416ecc69effa6c174e07e0e2f7668"",""evidence"":{""batch"":""20261002-semantic-batch08-ai-only"",""source_commit"":""d5b1442cbba6889f9f917f41bcc9bfe3837ffe04"",""report"":""manifests/story_quality_semantic_batch08_ai_only_20261002_evidence.json.gz"",""script_id"":""510201-3_m4VmX"",""full_fields"":57}}"
510201-4_m4VmX	"[""510201"",""510201-09""]"	"[""""]"	magireco-translate-data-master/Scenarios_full/event_story/5102 - 传说的终章，光辉的尽头～魔法少女贞德～/510201-4_m4VmX.json	True	True	after_20261001_takeover	77	6b59246da1a973340e273be5cde8368629b6eb3f	magireco-source-master/Scenarios_full/event_story/5102 - 传说的终章，光辉的尽头～魔法少女贞德～/510201-4_m4VmX.json	fe592d34d22eca2b45756d5b01d5be5e0300405d	46	manifests/story_quality_semantic_batch08_ai_only_20261002_evidence.json.gz	d5b1442cbba6889f9f917f41bcc9bfe3837ffe04	[3320]	"{""path"":""magireco-translate-data-master/Scenarios_full/event_story/5102 - 传说的终章，光辉的尽头～魔法少女贞德～/510201-4_m4VmX.json"",""cn_blob"":""6b59246da1a973340e273be5cde8368629b6eb3f"",""jp_path"":""magireco-source-master/Scenarios_full/event_story/5102 - 传说的终章，光辉的尽头～魔法少女贞德～/510201-4_m4VmX.json"",""jp_blob"":""fe592d34d22eca2b45756d5b01d5be5e0300405d"",""evidence"":{""batch"":""20261002-semantic-batch08-ai-only"",""source_commit"":""d5b1442cbba6889f9f917f41bcc9bfe3837ffe04"",""report"":""manifests/story_quality_semantic_batch08_ai_only_20261002_evidence.json.gz"",""script_id"":""510201-4_m4VmX"",""full_fields"":77}}"
510201-5_m4VmX	"[""510201"",""510201-09""]"	"[""""]"	magireco-translate-data-master/Scenarios_full/event_story/5102 - 传说的终章，光辉的尽头～魔法少女贞德～/510201-5_m4VmX.json	True	True	after_20261001_takeover	59	d055c3bdba5220491ee5b13be8af8e088836a1c6	magireco-source-master/Scenarios_full/event_story/5102 - 传说的终章，光辉的尽头～魔法少女贞德～/510201-5_m4VmX.json	0714bafeeeab272bea5c70c2108d11a31ee1f162	45	manifests/story_quality_semantic_batch08_ai_only_20261002_evidence.json.gz	d5b1442cbba6889f9f917f41bcc9bfe3837ffe04	[3320]	"{""path"":""magireco-translate-data-master/Scenarios_full/event_story/5102 - 传说的终章，光辉的尽头～魔法少女贞德～/510201-5_m4VmX.json"",""cn_blob"":""d055c3bdba5220491ee5b13be8af8e088836a1c6"",""jp_path"":""magireco-source-master/Scenarios_full/event_story/5102 - 传说的终章，光辉的尽头～魔法少女贞德～/510201-5_m4VmX.json"",""jp_blob"":""0714bafeeeab272bea5c70c2108d11a31ee1f162"",""evidence"":{""batch"":""20261002-semantic-batch08-ai-only"",""source_commit"":""d5b1442cbba6889f9f917f41bcc9bfe3837ffe04"",""report"":""manifests/story_quality_semantic_batch08_ai_only_20261002_evidence.json.gz"",""script_id"":""510201-5_m4VmX"",""full_fields"":59}}"
510202-1_m4VmX	"[""510201-09"",""510202""]"	"[""""]"	magireco-translate-data-master/Scenarios_full/event_story/5102 - 传说的终章，光辉的尽头～魔法少女贞德～/510202-1_m4VmX.json	True	True	after_20261001_takeover	30	00fa8e5331de7886b3289ed63e6a8448347782af	magireco-source-master/Scenarios_full/event_story/5102 - 传说的终章，光辉的尽头～魔法少女贞德～/510202-1_m4VmX.json	e1a458406036b30385ae29328c92053237e90d12	20	manifests/story_quality_semantic_batch08_ai_only_20261002_evidence.json.gz	d5b1442cbba6889f9f917f41bcc9bfe3837ffe04	[3320]	"{""path"":""magireco-translate-data-master/Scenarios_full/event_story/5102 - 传说的终章，光辉的尽头～魔法少女贞德～/510202-1_m4VmX.json"",""cn_blob"":""00fa8e5331de7886b3289ed63e6a8448347782af"",""jp_path"":""magireco-source-master/Scenarios_full/event_story/5102 - 传说的终章，光辉的尽头～魔法少女贞德～/510202-1_m4VmX.json"",""jp_blob"":""e1a458406036b30385ae29328c92053237e90d12"",""evidence"":{""batch"":""20261002-semantic-batch08-ai-only"",""source_commit"":""d5b1442cbba6889f9f917f41bcc9bfe3837ffe04"",""report"":""manifests/story_quality_semantic_batch08_ai_only_20261002_evidence.json.gz"",""script_id"":""510202-1_m4VmX"",""full_fields"":30}}"
510202-2_m4VmX	"[""510201-09"",""510202""]"	"[""""]"	magireco-translate-data-master/Scenarios_full/event_story/5102 - 传说的终章，光辉的尽头～魔法少女贞德～/510202-2_m4VmX.json	True	True	after_20261001_takeover	46	bb32456252c7b5008ca21ece2dc7638d99354e9c	magireco-source-master/Scenarios_full/event_story/5102 - 传说的终章，光辉的尽头～魔法少女贞德～/510202-2_m4VmX.json	30d3c22ee2c4c03002a1b420e769a930dc140ead	34	manifests/story_quality_semantic_batch08_ai_only_20261002_evidence.json.gz	d5b1442cbba6889f9f917f41bcc9bfe3837ffe04	[3320]	"{""path"":""magireco-translate-data-master/Scenarios_full/event_story/5102 - 传说的终章，光辉的尽头～魔法少女贞德～/510202-2_m4VmX.json"",""cn_blob"":""bb32456252c7b5008ca21ece2dc7638d99354e9c"",""jp_path"":""magireco-source-master/Scenarios_full/event_story/5102 - 传说的终章，光辉的尽头～魔法少女贞德～/510202-2_m4VmX.json"",""jp_blob"":""30d3c22ee2c4c03002a1b420e769a930dc140ead"",""evidence"":{""batch"":""20261002-semantic-batch08-ai-only"",""source_commit"":""d5b1442cbba6889f9f917f41bcc9bfe3837ffe04"",""report"":""manifests/story_quality_semantic_batch08_ai_only_20261002_evidence.json.gz"",""script_id"":""510202-2_m4VmX"",""full_fields"":46}}"
510202-3_m4VmX	"[""510201-09"",""510202""]"	"[""""]"	magireco-translate-data-master/Scenarios_full/event_story/5102 - 传说的终章，光辉的尽头～魔法少女贞德～/510202-3_m4VmX.json	True	True	after_20261001_takeover	53	9fd072c5887822e241364b6506557bf7f502e35c	magireco-source-master/Scenarios_full/event_story/5102 - 传说的终章，光辉的尽头～魔法少女贞德～/510202-3_m4VmX.json	3c6e693e4149682dcc343f97d516be91f971e5ed	5	manifests/story_quality_semantic_batch08_ai_only_20261002_evidence.json.gz	d5b1442cbba6889f9f917f41bcc9bfe3837ffe04	[3320]	"{""path"":""magireco-translate-data-master/Scenarios_full/event_story/5102 - 传说的终章，光辉的尽头～魔法少女贞德～/510202-3_m4VmX.json"",""cn_blob"":""9fd072c5887822e241364b6506557bf7f502e35c"",""jp_path"":""magireco-source-master/Scenarios_full/event_story/5102 - 传说的终章，光辉的尽头～魔法少女贞德～/510202-3_m4VmX.json"",""jp_blob"":""3c6e693e4149682dcc343f97d516be91f971e5ed"",""evidence"":{""batch"":""20261002-semantic-batch08-ai-only"",""source_commit"":""d5b1442cbba6889f9f917f41bcc9bfe3837ffe04"",""report"":""manifests/story_quality_semantic_batch08_ai_only_20261002_evidence.json.gz"",""script_id"":""510202-3_m4VmX"",""full_fields"":53}}"
510202-4_m4VmX	"[""510201-09"",""510202""]"	"[""""]"	magireco-translate-data-master/Scenarios_full/event_story/5102 - 传说的终章，光辉的尽头～魔法少女贞德～/510202-4_m4VmX.json	True	True	after_20261001_takeover	99	83a750b57e5f5242ad323cd4a1ea73b06e4f55f2	magireco-source-master/Scenarios_full/event_story/5102 - 传说的终章，光辉的尽头～魔法少女贞德～/510202-4_m4VmX.json	95093189a3205efeb8ae3fb494304ea44546392c	91	manifests/story_quality_semantic_batch08_ai_only_20261002_evidence.json.gz	d5b1442cbba6889f9f917f41bcc9bfe3837ffe04	[3320]	"{""path"":""magireco-translate-data-master/Scenarios_full/event_story/5102 - 传说的终章，光辉的尽头～魔法少女贞德～/510202-4_m4VmX.json"",""cn_blob"":""83a750b57e5f5242ad323cd4a1ea73b06e4f55f2"",""jp_path"":""magireco-source-master/Scenarios_full/event_story/5102 - 传说的终章，光辉的尽头～魔法少女贞德～/510202-4_m4VmX.json"",""jp_blob"":""95093189a3205efeb8ae3fb494304ea44546392c"",""evidence"":{""batch"":""20261002-semantic-batch08-ai-only"",""source_commit"":""d5b1442cbba6889f9f917f41bcc9bfe3837ffe04"",""report"":""manifests/story_quality_semantic_batch08_ai_only_20261002_evidence.json.gz"",""script_id"":""510202-4_m4VmX"",""full_fields"":99}}"
510203-1_m4VmX	"[""510201-09"",""510203""]"	"[""""]"	magireco-translate-data-master/Scenarios_full/event_story/5102 - 传说的终章，光辉的尽头～魔法少女贞德～/510203-1_m4VmX.json	True	True	after_20261001_takeover	32	74c90124793e3789640f935cb38e4345b48f8bc0	magireco-source-master/Scenarios_full/event_story/5102 - 传说的终章，光辉的尽头～魔法少女贞德～/510203-1_m4VmX.json	715ca8aafba7f74e1d05701d30a965c03134f1dc	26	manifests/story_quality_semantic_batch08_ai_only_20261002_evidence.json.gz	d5b1442cbba6889f9f917f41bcc9bfe3837ffe04	[3320]	"{""path"":""magireco-translate-data-master/Scenarios_full/event_story/5102 - 传说的终章，光辉的尽头～魔法少女贞德～/510203-1_m4VmX.json"",""cn_blob"":""74c90124793e3789640f935cb38e4345b48f8bc0"",""jp_path"":""magireco-source-master/Scenarios_full/event_story/5102 - 传说的终章，光辉的尽头～魔法少女贞德～/510203-1_m4VmX.json"",""jp_blob"":""715ca8aafba7f74e1d05701d30a965c03134f1dc"",""evidence"":{""batch"":""20261002-semantic-batch08-ai-only"",""source_commit"":""d5b1442cbba6889f9f917f41bcc9bfe3837ffe04"",""report"":""manifests/story_quality_semantic_batch08_ai_only_20261002_evidence.json.gz"",""script_id"":""510203-1_m4VmX"",""full_fields"":32}}"
510203-2_m4VmX	"[""510201-09"",""510203""]"	"[""""]"	magireco-translate-data-master/Scenarios_full/event_story/5102 - 传说的终章，光辉的尽头～魔法少女贞德～/510203-2_m4VmX.json	True	True	after_20261001_takeover	40	392d2b182beda8f685e9f62c39f9e287e68466ef	magireco-source-master/Scenarios_full/event_story/5102 - 传说的终章，光辉的尽头～魔法少女贞德～/510203-2_m4VmX.json	2d5e0a18b7977dd8469c662fb6ba4ac09bbc5dcc	27	manifests/story_quality_semantic_batch08_ai_only_20261002_evidence.json.gz	d5b1442cbba6889f9f917f41bcc9bfe3837ffe04	[3320]	"{""path"":""magireco-translate-data-master/Scenarios_full/event_story/5102 - 传说的终章，光辉的尽头～魔法少女贞德～/510203-2_m4VmX.json"",""cn_blob"":""392d2b182beda8f685e9f62c39f9e287e68466ef"",""jp_path"":""magireco-source-master/Scenarios_full/event_story/5102 - 传说的终章，光辉的尽头～魔法少女贞德～/510203-2_m4VmX.json"",""jp_blob"":""2d5e0a18b7977dd8469c662fb6ba4ac09bbc5dcc"",""evidence"":{""batch"":""20261002-semantic-batch08-ai-only"",""source_commit"":""d5b1442cbba6889f9f917f41bcc9bfe3837ffe04"",""report"":""manifests/story_quality_semantic_batch08_ai_only_20261002_evidence.json.gz"",""script_id"":""510203-2_m4VmX"",""full_fields"":40}}"
510203-3_m4VmX	"[""510201-09"",""510203""]"	"[""""]"	magireco-translate-data-master/Scenarios_full/event_story/5102 - 传说的终章，光辉的尽头～魔法少女贞德～/510203-3_m4VmX.json	True	True	after_20261001_takeover	17	5661bb84a346c5ffea78890956b081778b642d0a	magireco-source-master/Scenarios_full/event_story/5102 - 传说的终章，光辉的尽头～魔法少女贞德～/510203-3_m4VmX.json	6ad3cf365aefe942559b8d33b90b08cf7d84e78a	13	manifests/story_quality_semantic_batch08_ai_only_20261002_evidence.json.gz	d5b1442cbba6889f9f917f41bcc9bfe3837ffe04	[3320]	"{""path"":""magireco-translate-data-master/Scenarios_full/event_story/5102 - 传说的终章，光辉的尽头～魔法少女贞德～/510203-3_m4VmX.json"",""cn_blob"":""5661bb84a346c5ffea78890956b081778b642d0a"",""jp_path"":""magireco-source-master/Scenarios_full/event_story/5102 - 传说的终章，光辉的尽头～魔法少女贞德～/510203-3_m4VmX.json"",""jp_blob"":""6ad3cf365aefe942559b8d33b90b08cf7d84e78a"",""evidence"":{""batch"":""20261002-semantic-batch08-ai-only"",""source_commit"":""d5b1442cbba6889f9f917f41bcc9bfe3837ffe04"",""report"":""manifests/story_quality_semantic_batch08_ai_only_20261002_evidence.json.gz"",""script_id"":""510203-3_m4VmX"",""full_fields"":17}}"
510203-4_m4VmX	"[""510201-09"",""510203""]"	"[""""]"	magireco-translate-data-master/Scenarios_full/event_story/5102 - 传说的终章，光辉的尽头～魔法少女贞德～/510203-4_m4VmX.json	True	True	after_20261001_takeover	73	7bc886abf63aeafac996d7fd453424e1c10ff5de	magireco-source-master/Scenarios_full/event_story/5102 - 传说的终章，光辉的尽头～魔法少女贞德～/510203-4_m4VmX.json	559602fae17527b19f0ed199cd97ad976042684b	55	manifests/story_quality_semantic_batch08_ai_only_20261002_evidence.json.gz	d5b1442cbba6889f9f917f41bcc9bfe3837ffe04	[3320]	"{""path"":""magireco-translate-data-master/Scenarios_full/event_story/5102 - 传说的终章，光辉的尽头～魔法少女贞德～/510203-4_m4VmX.json"",""cn_blob"":""7bc886abf63aeafac996d7fd453424e1c10ff5de"",""jp_path"":""magireco-source-master/Scenarios_full/event_story/5102 - 传说的终章，光辉的尽头～魔法少女贞德～/510203-4_m4VmX.json"",""jp_blob"":""559602fae17527b19f0ed199cd97ad976042684b"",""evidence"":{""batch"":""20261002-semantic-batch08-ai-only"",""source_commit"":""d5b1442cbba6889f9f917f41bcc9bfe3837ffe04"",""report"":""manifests/story_quality_semantic_batch08_ai_only_20261002_evidence.json.gz"",""script_id"":""510203-4_m4VmX"",""full_fields"":73}}"
510203-5_m4VmX	"[""510201-09"",""510203""]"	"[""""]"	magireco-translate-data-master/Scenarios_full/event_story/5102 - 传说的终章，光辉的尽头～魔法少女贞德～/510203-5_m4VmX.json	True	True	after_20261001_takeover	51	5458d2fa35fb2ff039a0336aba519a67497266c5	magireco-source-master/Scenarios_full/event_story/5102 - 传说的终章，光辉的尽头～魔法少女贞德～/510203-5_m4VmX.json	b8d300c248cf1be17c59fe699f4f1a1a5879534c	40	manifests/story_quality_semantic_batch08_ai_only_20261002_evidence.json.gz	d5b1442cbba6889f9f917f41bcc9bfe3837ffe04	[3320]	"{""path"":""magireco-translate-data-master/Scenarios_full/event_story/5102 - 传说的终章，光辉的尽头～魔法少女贞德～/510203-5_m4VmX.json"",""cn_blob"":""5458d2fa35fb2ff039a0336aba519a67497266c5"",""jp_path"":""magireco-source-master/Scenarios_full/event_story/5102 - 传说的终章，光辉的尽头～魔法少女贞德～/510203-5_m4VmX.json"",""jp_blob"":""b8d300c248cf1be17c59fe699f4f1a1a5879534c"",""evidence"":{""batch"":""20261002-semantic-batch08-ai-only"",""source_commit"":""d5b1442cbba6889f9f917f41bcc9bfe3837ffe04"",""report"":""manifests/story_quality_semantic_batch08_ai_only_20261002_evidence.json.gz"",""script_id"":""510203-5_m4VmX"",""full_fields"":51}}"
510203-6_m4VmX	"[""510201-09"",""510203""]"	"[""""]"	magireco-translate-data-master/Scenarios_full/event_story/5102 - 传说的终章，光辉的尽头～魔法少女贞德～/510203-6_m4VmX.json	True	True	after_20261001_takeover	59	51ee7d8187a111abbab2161a7cd98435cdbd1881	magireco-source-master/Scenarios_full/event_story/5102 - 传说的终章，光辉的尽头～魔法少女贞德～/510203-6_m4VmX.json	5dafb9d7ed78441112f4f41343b6a78e1dbfd5cd	46	manifests/story_quality_semantic_batch08_ai_only_20261002_evidence.json.gz	d5b1442cbba6889f9f917f41bcc9bfe3837ffe04	[3320]	"{""path"":""magireco-translate-data-master/Scenarios_full/event_story/5102 - 传说的终章，光辉的尽头～魔法少女贞德～/510203-6_m4VmX.json"",""cn_blob"":""51ee7d8187a111abbab2161a7cd98435cdbd1881"",""jp_path"":""magireco-source-master/Scenarios_full/event_story/5102 - 传说的终章，光辉的尽头～魔法少女贞德～/510203-6_m4VmX.json"",""jp_blob"":""5dafb9d7ed78441112f4f41343b6a78e1dbfd5cd"",""evidence"":{""batch"":""20261002-semantic-batch08-ai-only"",""source_commit"":""d5b1442cbba6889f9f917f41bcc9bfe3837ffe04"",""report"":""manifests/story_quality_semantic_batch08_ai_only_20261002_evidence.json.gz"",""script_id"":""510203-6_m4VmX"",""full_fields"":59}}"
510204-1_m4VmX	"[""510201-09"",""510204""]"	"[""""]"	magireco-translate-data-master/Scenarios_full/event_story/5102 - 传说的终章，光辉的尽头～魔法少女贞德～/510204-1_m4VmX.json	True	True	after_20261001_takeover	42	945c7229a1657e7bc26cbffb3ee898a4d856819d	magireco-source-master/Scenarios_full/event_story/5102 - 传说的终章，光辉的尽头～魔法少女贞德～/510204-1_m4VmX.json	03d74a85fe1af6a6bc7098ed73e100d4330fd675	30	manifests/story_quality_semantic_batch08_ai_only_20261002_evidence.json.gz	d5b1442cbba6889f9f917f41bcc9bfe3837ffe04	[3320]	"{""path"":""magireco-translate-data-master/Scenarios_full/event_story/5102 - 传说的终章，光辉的尽头～魔法少女贞德～/510204-1_m4VmX.json"",""cn_blob"":""945c7229a1657e7bc26cbffb3ee898a4d856819d"",""jp_path"":""magireco-source-master/Scenarios_full/event_story/5102 - 传说的终章，光辉的尽头～魔法少女贞德～/510204-1_m4VmX.json"",""jp_blob"":""03d74a85fe1af6a6bc7098ed73e100d4330fd675"",""evidence"":{""batch"":""20261002-semantic-batch08-ai-only"",""source_commit"":""d5b1442cbba6889f9f917f41bcc9bfe3837ffe04"",""report"":""manifests/story_quality_semantic_batch08_ai_only_20261002_evidence.json.gz"",""script_id"":""510204-1_m4VmX"",""full_fields"":42}}"
510204-2_m4VmX	"[""510201-09"",""510204""]"	"[""""]"	magireco-translate-data-master/Scenarios_full/event_story/5102 - 传说的终章，光辉的尽头～魔法少女贞德～/510204-2_m4VmX.json	True	True	after_20261001_takeover	57	5d5a4225f4cbb21a36577f94cb321fef5e9572a2	magireco-source-master/Scenarios_full/event_story/5102 - 传说的终章，光辉的尽头～魔法少女贞德～/510204-2_m4VmX.json	0065bee9aa5df01749de2056e729ee55d8f05bae	45	manifests/story_quality_semantic_batch08_ai_only_20261002_evidence.json.gz	d5b1442cbba6889f9f917f41bcc9bfe3837ffe04	[3320]	"{""path"":""magireco-translate-data-master/Scenarios_full/event_story/5102 - 传说的终章，光辉的尽头～魔法少女贞德～/510204-2_m4VmX.json"",""cn_blob"":""5d5a4225f4cbb21a36577f94cb321fef5e9572a2"",""jp_path"":""magireco-source-master/Scenarios_full/event_story/5102 - 传说的终章，光辉的尽头～魔法少女贞德～/510204-2_m4VmX.json"",""jp_blob"":""0065bee9aa5df01749de2056e729ee55d8f05bae"",""evidence"":{""batch"":""20261002-semantic-batch08-ai-only"",""source_commit"":""d5b1442cbba6889f9f917f41bcc9bfe3837ffe04"",""report"":""manifests/story_quality_semantic_batch08_ai_only_20261002_evidence.json.gz"",""script_id"":""510204-2_m4VmX"",""full_fields"":57}}"
510204-3_m4VmX	"[""510201-09"",""510204""]"	"[""""]"	magireco-translate-data-master/Scenarios_full/event_story/5102 - 传说的终章，光辉的尽头～魔法少女贞德～/510204-3_m4VmX.json	True	True	after_20261001_takeover	90	8c906230e8c3dacdf3cdf63013fb6da4e517911f	magireco-source-master/Scenarios_full/event_story/5102 - 传说的终章，光辉的尽头～魔法少女贞德～/510204-3_m4VmX.json	556110a5a01b27d56db925e4569c7a783910416d	67	manifests/story_quality_semantic_batch08_ai_only_20261002_evidence.json.gz	d5b1442cbba6889f9f917f41bcc9bfe3837ffe04	[3320]	"{""path"":""magireco-translate-data-master/Scenarios_full/event_story/5102 - 传说的终章，光辉的尽头～魔法少女贞德～/510204-3_m4VmX.json"",""cn_blob"":""8c906230e8c3dacdf3cdf63013fb6da4e517911f"",""jp_path"":""magireco-source-master/Scenarios_full/event_story/5102 - 传说的终章，光辉的尽头～魔法少女贞德～/510204-3_m4VmX.json"",""jp_blob"":""556110a5a01b27d56db925e4569c7a783910416d"",""evidence"":{""batch"":""20261002-semantic-batch08-ai-only"",""source_commit"":""d5b1442cbba6889f9f917f41bcc9bfe3837ffe04"",""report"":""manifests/story_quality_semantic_batch08_ai_only_20261002_evidence.json.gz"",""script_id"":""510204-3_m4VmX"",""full_fields"":90}}"
510204-4_m4VmX	"[""510201-09"",""510204""]"	"[""""]"	magireco-translate-data-master/Scenarios_full/event_story/5102 - 传说的终章，光辉的尽头～魔法少女贞德～/510204-4_m4VmX.json	True	True	after_20261001_takeover	59	3c86d058b070e617b3ce5f87003e9c55f2742763	magireco-source-master/Scenarios_full/event_story/5102 - 传说的终章，光辉的尽头～魔法少女贞德～/510204-4_m4VmX.json	548e38b32021471e64d68a952f1bb4a9d98b41e7	51	manifests/story_quality_semantic_batch08_ai_only_20261002_evidence.json.gz	d5b1442cbba6889f9f917f41bcc9bfe3837ffe04	[3320]	"{""path"":""magireco-translate-data-master/Scenarios_full/event_story/5102 - 传说的终章，光辉的尽头～魔法少女贞德～/510204-4_m4VmX.json"",""cn_blob"":""3c86d058b070e617b3ce5f87003e9c55f2742763"",""jp_path"":""magireco-source-master/Scenarios_full/event_story/5102 - 传说的终章，光辉的尽头～魔法少女贞德～/510204-4_m4VmX.json"",""jp_blob"":""548e38b32021471e64d68a952f1bb4a9d98b41e7"",""evidence"":{""batch"":""20261002-semantic-batch08-ai-only"",""source_commit"":""d5b1442cbba6889f9f917f41bcc9bfe3837ffe04"",""report"":""manifests/story_quality_semantic_batch08_ai_only_20261002_evidence.json.gz"",""script_id"":""510204-4_m4VmX"",""full_fields"":59}}"
510204-5_m4VmX	"[""510201-09"",""510204""]"	"[""""]"	magireco-translate-data-master/Scenarios_full/event_story/5102 - 传说的终章，光辉的尽头～魔法少女贞德～/510204-5_m4VmX.json	True	True	after_20261001_takeover	48	a014e77b9b1f3e717db68b50a0e6a362b5992d7c	magireco-source-master/Scenarios_full/event_story/5102 - 传说的终章，光辉的尽头～魔法少女贞德～/510204-5_m4VmX.json	30089c1d50e1f02d0dffca2d6dcc4ece127f459a	43	manifests/story_quality_semantic_batch08_ai_only_20261002_evidence.json.gz	d5b1442cbba6889f9f917f41bcc9bfe3837ffe04	[3320]	"{""path"":""magireco-translate-data-master/Scenarios_full/event_story/5102 - 传说的终章，光辉的尽头～魔法少女贞德～/510204-5_m4VmX.json"",""cn_blob"":""a014e77b9b1f3e717db68b50a0e6a362b5992d7c"",""jp_path"":""magireco-source-master/Scenarios_full/event_story/5102 - 传说的终章，光辉的尽头～魔法少女贞德～/510204-5_m4VmX.json"",""jp_blob"":""30089c1d50e1f02d0dffca2d6dcc4ece127f459a"",""evidence"":{""batch"":""20261002-semantic-batch08-ai-only"",""source_commit"":""d5b1442cbba6889f9f917f41bcc9bfe3837ffe04"",""report"":""manifests/story_quality_semantic_batch08_ai_only_20261002_evidence.json.gz"",""script_id"":""510204-5_m4VmX"",""full_fields"":48}}"
510204-6_m4VmX	"[""510201-09"",""510204""]"	"[""""]"	magireco-translate-data-master/Scenarios_full/event_story/5102 - 传说的终章，光辉的尽头～魔法少女贞德～/510204-6_m4VmX.json	True	True	after_20261001_takeover	59	39ec714fae36a42fdf4d8a177b1b89da416d14b9	magireco-source-master/Scenarios_full/event_story/5102 - 传说的终章，光辉的尽头～魔法少女贞德～/510204-6_m4VmX.json	a62e9d7b6e391b102e1f670db6a725fb508cd318	53	manifests/story_quality_semantic_batch08_ai_only_20261002_evidence.json.gz	d5b1442cbba6889f9f917f41bcc9bfe3837ffe04	[3320]	"{""path"":""magireco-translate-data-master/Scenarios_full/event_story/5102 - 传说的终章，光辉的尽头～魔法少女贞德～/510204-6_m4VmX.json"",""cn_blob"":""39ec714fae36a42fdf4d8a177b1b89da416d14b9"",""jp_path"":""magireco-source-master/Scenarios_full/event_story/5102 - 传说的终章，光辉的尽头～魔法少女贞德～/510204-6_m4VmX.json"",""jp_blob"":""a62e9d7b6e391b102e1f670db6a725fb508cd318"",""evidence"":{""batch"":""20261002-semantic-batch08-ai-only"",""source_commit"":""d5b1442cbba6889f9f917f41bcc9bfe3837ffe04"",""report"":""manifests/story_quality_semantic_batch08_ai_only_20261002_evidence.json.gz"",""script_id"":""510204-6_m4VmX"",""full_fields"":59}}"
510204-7_m4VmX	"[""510201-09"",""510204""]"	"[""""]"	magireco-translate-data-master/Scenarios_full/event_story/5102 - 传说的终章，光辉的尽头～魔法少女贞德～/510204-7_m4VmX.json	True	True	after_20261001_takeover	84	c93ba0fcea672b6052cd1a088653f49e827f96f5	magireco-source-master/Scenarios_full/event_story/5102 - 传说的终章，光辉的尽头～魔法少女贞德～/510204-7_m4VmX.json	6c690c70ed51e5b6d5b327bfefb13e0181c66783	77	manifests/story_quality_semantic_batch08_ai_only_20261002_evidence.json.gz	d5b1442cbba6889f9f917f41bcc9bfe3837ffe04	[3320]	"{""path"":""magireco-translate-data-master/Scenarios_full/event_story/5102 - 传说的终章，光辉的尽头～魔法少女贞德～/510204-7_m4VmX.json"",""cn_blob"":""c93ba0fcea672b6052cd1a088653f49e827f96f5"",""jp_path"":""magireco-source-master/Scenarios_full/event_story/5102 - 传说的终章，光辉的尽头～魔法少女贞德～/510204-7_m4VmX.json"",""jp_blob"":""6c690c70ed51e5b6d5b327bfefb13e0181c66783"",""evidence"":{""batch"":""20261002-semantic-batch08-ai-only"",""source_commit"":""d5b1442cbba6889f9f917f41bcc9bfe3837ffe04"",""report"":""manifests/story_quality_semantic_batch08_ai_only_20261002_evidence.json.gz"",""script_id"":""510204-7_m4VmX"",""full_fields"":84}}"
510204-8_m4VmX	"[""510201-09"",""510204""]"	"[""""]"	magireco-translate-data-master/Scenarios_full/event_story/5102 - 传说的终章，光辉的尽头～魔法少女贞德～/510204-8_m4VmX.json	True	True	after_20261001_takeover	90	064a5b06cf5b88e367a0b68d47824d46894c922e	magireco-source-master/Scenarios_full/event_story/5102 - 传说的终章，光辉的尽头～魔法少女贞德～/510204-8_m4VmX.json	a2f35be345e2bcbf2c01658f9fe95eadbe3ae3dd	79	manifests/story_quality_semantic_batch08_ai_only_20261002_evidence.json.gz	d5b1442cbba6889f9f917f41bcc9bfe3837ffe04	[3320]	"{""path"":""magireco-translate-data-master/Scenarios_full/event_story/5102 - 传说的终章，光辉的尽头～魔法少女贞德～/510204-8_m4VmX.json"",""cn_blob"":""064a5b06cf5b88e367a0b68d47824d46894c922e"",""jp_path"":""magireco-source-master/Scenarios_full/event_story/5102 - 传说的终章，光辉的尽头～魔法少女贞德～/510204-8_m4VmX.json"",""jp_blob"":""a2f35be345e2bcbf2c01658f9fe95eadbe3ae3dd"",""evidence"":{""batch"":""20261002-semantic-batch08-ai-only"",""source_commit"":""d5b1442cbba6889f9f917f41bcc9bfe3837ffe04"",""report"":""manifests/story_quality_semantic_batch08_ai_only_20261002_evidence.json.gz"",""script_id"":""510204-8_m4VmX"",""full_fields"":90}}"
510205-1_m4VmX	"[""510201-09"",""510205""]"	"[""""]"	magireco-translate-data-master/Scenarios_full/event_story/5102 - 传说的终章，光辉的尽头～魔法少女贞德～/510205-1_m4VmX.json	True	True	after_20261001_takeover	52	06e7aafa9678c349bc165f315aa705e404f21201	magireco-source-master/Scenarios_full/event_story/5102 - 传说的终章，光辉的尽头～魔法少女贞德～/510205-1_m4VmX.json	67fd1aba9c7b1299a82d25febaffa7ba84d8227c	38	manifests/story_quality_semantic_batch08_ai_only_20261002_evidence.json.gz	d5b1442cbba6889f9f917f41bcc9bfe3837ffe04	[3320]	"{""path"":""magireco-translate-data-master/Scenarios_full/event_story/5102 - 传说的终章，光辉的尽头～魔法少女贞德～/510205-1_m4VmX.json"",""cn_blob"":""06e7aafa9678c349bc165f315aa705e404f21201"",""jp_path"":""magireco-source-master/Scenarios_full/event_story/5102 - 传说的终章，光辉的尽头～魔法少女贞德～/510205-1_m4VmX.json"",""jp_blob"":""67fd1aba9c7b1299a82d25febaffa7ba84d8227c"",""evidence"":{""batch"":""20261002-semantic-batch08-ai-only"",""source_commit"":""d5b1442cbba6889f9f917f41bcc9bfe3837ffe04"",""report"":""manifests/story_quality_semantic_batch08_ai_only_20261002_evidence.json.gz"",""script_id"":""510205-1_m4VmX"",""full_fields"":52}}"
510205-2_m4VmX	"[""510201-09"",""510205""]"	"[""""]"	magireco-translate-data-master/Scenarios_full/event_story/5102 - 传说的终章，光辉的尽头～魔法少女贞德～/510205-2_m4VmX.json	True	True	after_20261001_takeover	72	404cb167e089578a1f3ef2de85feff6bf1c97985	magireco-source-master/Scenarios_full/event_story/5102 - 传说的终章，光辉的尽头～魔法少女贞德～/510205-2_m4VmX.json	990491190735c9199b3ab023546816c9c8e8a3e9	57	manifests/story_quality_semantic_batch08_ai_only_20261002_evidence.json.gz	d5b1442cbba6889f9f917f41bcc9bfe3837ffe04	[3320]	"{""path"":""magireco-translate-data-master/Scenarios_full/event_story/5102 - 传说的终章，光辉的尽头～魔法少女贞德～/510205-2_m4VmX.json"",""cn_blob"":""404cb167e089578a1f3ef2de85feff6bf1c97985"",""jp_path"":""magireco-source-master/Scenarios_full/event_story/5102 - 传说的终章，光辉的尽头～魔法少女贞德～/510205-2_m4VmX.json"",""jp_blob"":""990491190735c9199b3ab023546816c9c8e8a3e9"",""evidence"":{""batch"":""20261002-semantic-batch08-ai-only"",""source_commit"":""d5b1442cbba6889f9f917f41bcc9bfe3837ffe04"",""report"":""manifests/story_quality_semantic_batch08_ai_only_20261002_evidence.json.gz"",""script_id"":""510205-2_m4VmX"",""full_fields"":72}}"
510206-1_m4VmX	"[""510201-09"",""510206""]"	"[""""]"	magireco-translate-data-master/Scenarios_full/event_story/5102 - 传说的终章，光辉的尽头～魔法少女贞德～/510206-1_m4VmX.json	True	True	after_20261001_takeover	62	657cf86dd8d8b476ef4520a5adb1b8359c587290	magireco-source-master/Scenarios_full/event_story/5102 - 传说的终章，光辉的尽头～魔法少女贞德～/510206-1_m4VmX.json	14a127474dba348e3629d78c1c10fdbfa2c4aa9e	50	manifests/story_quality_semantic_batch08_ai_only_20261002_evidence.json.gz	d5b1442cbba6889f9f917f41bcc9bfe3837ffe04	[3320]	"{""path"":""magireco-translate-data-master/Scenarios_full/event_story/5102 - 传说的终章，光辉的尽头～魔法少女贞德～/510206-1_m4VmX.json"",""cn_blob"":""657cf86dd8d8b476ef4520a5adb1b8359c587290"",""jp_path"":""magireco-source-master/Scenarios_full/event_story/5102 - 传说的终章，光辉的尽头～魔法少女贞德～/510206-1_m4VmX.json"",""jp_blob"":""14a127474dba348e3629d78c1c10fdbfa2c4aa9e"",""evidence"":{""batch"":""20261002-semantic-batch08-ai-only"",""source_commit"":""d5b1442cbba6889f9f917f41bcc9bfe3837ffe04"",""report"":""manifests/story_quality_semantic_batch08_ai_only_20261002_evidence.json.gz"",""script_id"":""510206-1_m4VmX"",""full_fields"":62}}"
510206-2_m4VmX	"[""510201-09"",""510206""]"	"[""""]"	magireco-translate-data-master/Scenarios_full/event_story/5102 - 传说的终章，光辉的尽头～魔法少女贞德～/510206-2_m4VmX.json	True	True	after_20261001_takeover	63	6ec859a8f27d2d4802c36488e162668b8d95af9c	magireco-source-master/Scenarios_full/event_story/5102 - 传说的终章，光辉的尽头～魔法少女贞德～/510206-2_m4VmX.json	718ff4f056f763ff997d8aab33abc7566450b85a	45	manifests/story_quality_semantic_batch08_ai_only_20261002_evidence.json.gz	d5b1442cbba6889f9f917f41bcc9bfe3837ffe04	[3320]	"{""path"":""magireco-translate-data-master/Scenarios_full/event_story/5102 - 传说的终章，光辉的尽头～魔法少女贞德～/510206-2_m4VmX.json"",""cn_blob"":""6ec859a8f27d2d4802c36488e162668b8d95af9c"",""jp_path"":""magireco-source-master/Scenarios_full/event_story/5102 - 传说的终章，光辉的尽头～魔法少女贞德～/510206-2_m4VmX.json"",""jp_blob"":""718ff4f056f763ff997d8aab33abc7566450b85a"",""evidence"":{""batch"":""20261002-semantic-batch08-ai-only"",""source_commit"":""d5b1442cbba6889f9f917f41bcc9bfe3837ffe04"",""report"":""manifests/story_quality_semantic_batch08_ai_only_20261002_evidence.json.gz"",""script_id"":""510206-2_m4VmX"",""full_fields"":63}}"
510207-1_m4VmX	"[""510201-09"",""510207""]"	"[""""]"	magireco-translate-data-master/Scenarios_full/event_story/5102 - 传说的终章，光辉的尽头～魔法少女贞德～/510207-1_m4VmX.json	True	True	after_20261001_takeover	40	8c251d6e62ba3528f003b1ab88ce3d160b02648d	magireco-source-master/Scenarios_full/event_story/5102 - 传说的终章，光辉的尽头～魔法少女贞德～/510207-1_m4VmX.json	d6ef573507e0f19c9a38c6cf6b09b88c5ff65493	30	manifests/story_quality_semantic_batch08_ai_only_20261002_evidence.json.gz	d5b1442cbba6889f9f917f41bcc9bfe3837ffe04	[3320]	"{""path"":""magireco-translate-data-master/Scenarios_full/event_story/5102 - 传说的终章，光辉的尽头～魔法少女贞德～/510207-1_m4VmX.json"",""cn_blob"":""8c251d6e62ba3528f003b1ab88ce3d160b02648d"",""jp_path"":""magireco-source-master/Scenarios_full/event_story/5102 - 传说的终章，光辉的尽头～魔法少女贞德～/510207-1_m4VmX.json"",""jp_blob"":""d6ef573507e0f19c9a38c6cf6b09b88c5ff65493"",""evidence"":{""batch"":""20261002-semantic-batch08-ai-only"",""source_commit"":""d5b1442cbba6889f9f917f41bcc9bfe3837ffe04"",""report"":""manifests/story_quality_semantic_batch08_ai_only_20261002_evidence.json.gz"",""script_id"":""510207-1_m4VmX"",""full_fields"":40}}"
510207-2_m4VmX	"[""510201-09"",""510207""]"	"[""""]"	magireco-translate-data-master/Scenarios_full/event_story/5102 - 传说的终章，光辉的尽头～魔法少女贞德～/510207-2_m4VmX.json	True	True	after_20261001_takeover	77	366ddab0b5c7e1e7a50462c4a93073e2bfd27979	magireco-source-master/Scenarios_full/event_story/5102 - 传说的终章，光辉的尽头～魔法少女贞德～/510207-2_m4VmX.json	2a3be71e3ae5dfdbd24d0ee29231edbf586da9c2	61	manifests/story_quality_semantic_batch08_ai_only_20261002_evidence.json.gz	d5b1442cbba6889f9f917f41bcc9bfe3837ffe04	[3320]	"{""path"":""magireco-translate-data-master/Scenarios_full/event_story/5102 - 传说的终章，光辉的尽头～魔法少女贞德～/510207-2_m4VmX.json"",""cn_blob"":""366ddab0b5c7e1e7a50462c4a93073e2bfd27979"",""jp_path"":""magireco-source-master/Scenarios_full/event_story/5102 - 传说的终章，光辉的尽头～魔法少女贞德～/510207-2_m4VmX.json"",""jp_blob"":""2a3be71e3ae5dfdbd24d0ee29231edbf586da9c2"",""evidence"":{""batch"":""20261002-semantic-batch08-ai-only"",""source_commit"":""d5b1442cbba6889f9f917f41bcc9bfe3837ffe04"",""report"":""manifests/story_quality_semantic_batch08_ai_only_20261002_evidence.json.gz"",""script_id"":""510207-2_m4VmX"",""full_fields"":77}}"
510207-3_m4VmX	"[""510201-09"",""510207""]"	"[""""]"	magireco-translate-data-master/Scenarios_full/event_story/5102 - 传说的终章，光辉的尽头～魔法少女贞德～/510207-3_m4VmX.json	True	True	after_20261001_takeover	44	30ef2f6b9c560cb38d3574d5a7ebe39374aa6768	magireco-source-master/Scenarios_full/event_story/5102 - 传说的终章，光辉的尽头～魔法少女贞德～/510207-3_m4VmX.json	1a02962c827106b17e9576072bb90d4790d8a64d	33	manifests/story_quality_semantic_batch08_ai_only_20261002_evidence.json.gz	d5b1442cbba6889f9f917f41bcc9bfe3837ffe04	[3320]	"{""path"":""magireco-translate-data-master/Scenarios_full/event_story/5102 - 传说的终章，光辉的尽头～魔法少女贞德～/510207-3_m4VmX.json"",""cn_blob"":""30ef2f6b9c560cb38d3574d5a7ebe39374aa6768"",""jp_path"":""magireco-source-master/Scenarios_full/event_story/5102 - 传说的终章，光辉的尽头～魔法少女贞德～/510207-3_m4VmX.json"",""jp_blob"":""1a02962c827106b17e9576072bb90d4790d8a64d"",""evidence"":{""batch"":""20261002-semantic-batch08-ai-only"",""source_commit"":""d5b1442cbba6889f9f917f41bcc9bfe3837ffe04"",""report"":""manifests/story_quality_semantic_batch08_ai_only_20261002_evidence.json.gz"",""script_id"":""510207-3_m4VmX"",""full_fields"":44}}"
510207-4_m4VmX	"[""510201-09"",""510207""]"	"[""""]"	magireco-translate-data-master/Scenarios_full/event_story/5102 - 传说的终章，光辉的尽头～魔法少女贞德～/510207-4_m4VmX.json	True	True	after_20261001_takeover	79	d1893d31ae21e99a9e6467b687634319be890e78	magireco-source-master/Scenarios_full/event_story/5102 - 传说的终章，光辉的尽头～魔法少女贞德～/510207-4_m4VmX.json	3ec10539ed1e0dcb072c025b77c529a8adf06a7c	61	manifests/story_quality_semantic_batch08_ai_only_20261002_evidence.json.gz	d5b1442cbba6889f9f917f41bcc9bfe3837ffe04	[3320]	"{""path"":""magireco-translate-data-master/Scenarios_full/event_story/5102 - 传说的终章，光辉的尽头～魔法少女贞德～/510207-4_m4VmX.json"",""cn_blob"":""d1893d31ae21e99a9e6467b687634319be890e78"",""jp_path"":""magireco-source-master/Scenarios_full/event_story/5102 - 传说的终章，光辉的尽头～魔法少女贞德～/510207-4_m4VmX.json"",""jp_blob"":""3ec10539ed1e0dcb072c025b77c529a8adf06a7c"",""evidence"":{""batch"":""20261002-semantic-batch08-ai-only"",""source_commit"":""d5b1442cbba6889f9f917f41bcc9bfe3837ffe04"",""report"":""manifests/story_quality_semantic_batch08_ai_only_20261002_evidence.json.gz"",""script_id"":""510207-4_m4VmX"",""full_fields"":79}}"
510207-5_m4VmX	"[""510201-09"",""510207""]"	"[""""]"	magireco-translate-data-master/Scenarios_full/event_story/5102 - 传说的终章，光辉的尽头～魔法少女贞德～/510207-5_m4VmX.json	True	True	after_20261001_takeover	62	ff55102f0e555ec2f5216c6ec2d90f258c33a550	magireco-source-master/Scenarios_full/event_story/5102 - 传说的终章，光辉的尽头～魔法少女贞德～/510207-5_m4VmX.json	8ff3e9a3d56f7c77ac67010f149a59b1a1e1e5d1	43	manifests/story_quality_semantic_batch08_ai_only_20261002_evidence.json.gz	d5b1442cbba6889f9f917f41bcc9bfe3837ffe04	[3320]	"{""path"":""magireco-translate-data-master/Scenarios_full/event_story/5102 - 传说的终章，光辉的尽头～魔法少女贞德～/510207-5_m4VmX.json"",""cn_blob"":""ff55102f0e555ec2f5216c6ec2d90f258c33a550"",""jp_path"":""magireco-source-master/Scenarios_full/event_story/5102 - 传说的终章，光辉的尽头～魔法少女贞德～/510207-5_m4VmX.json"",""jp_blob"":""8ff3e9a3d56f7c77ac67010f149a59b1a1e1e5d1"",""evidence"":{""batch"":""20261002-semantic-batch08-ai-only"",""source_commit"":""d5b1442cbba6889f9f917f41bcc9bfe3837ffe04"",""report"":""manifests/story_quality_semantic_batch08_ai_only_20261002_evidence.json.gz"",""script_id"":""510207-5_m4VmX"",""full_fields"":62}}"
510207-6_m4VmX	"[""510201-09"",""510207""]"	"[""""]"	magireco-translate-data-master/Scenarios_full/event_story/5102 - 传说的终章，光辉的尽头～魔法少女贞德～/510207-6_m4VmX.json	True	True	after_20261001_takeover	40	7db5d973c644ac4435db6f50445eac24b2734df2	magireco-source-master/Scenarios_full/event_story/5102 - 传说的终章，光辉的尽头～魔法少女贞德～/510207-6_m4VmX.json	094de7110fceacc57c033aeab408b961fd8788c6	34	manifests/story_quality_semantic_batch08_ai_only_20261002_evidence.json.gz	d5b1442cbba6889f9f917f41bcc9bfe3837ffe04	[3320]	"{""path"":""magireco-translate-data-master/Scenarios_full/event_story/5102 - 传说的终章，光辉的尽头～魔法少女贞德～/510207-6_m4VmX.json"",""cn_blob"":""7db5d973c644ac4435db6f50445eac24b2734df2"",""jp_path"":""magireco-source-master/Scenarios_full/event_story/5102 - 传说的终章，光辉的尽头～魔法少女贞德～/510207-6_m4VmX.json"",""jp_blob"":""094de7110fceacc57c033aeab408b961fd8788c6"",""evidence"":{""batch"":""20261002-semantic-batch08-ai-only"",""source_commit"":""d5b1442cbba6889f9f917f41bcc9bfe3837ffe04"",""report"":""manifests/story_quality_semantic_batch08_ai_only_20261002_evidence.json.gz"",""script_id"":""510207-6_m4VmX"",""full_fields"":40}}"
510208-1_kssXu	"[""510201-09"",""510208""]"	"[""""]"	magireco-translate-data-master/Scenarios_full/event_story/5102 - 传说的终章，光辉的尽头～魔法少女贞德～/510208-1_kssXu.json	True	True	after_20261001_takeover	57	cf6a3254d5bd09b4380b02a0df324eec5ce4a779	magireco-source-master/Scenarios_full/event_story/5102 - 传说的终章，光辉的尽头～魔法少女贞德～/510208-1_kssXu.json	ba8642493a69e05961023a9d7d3667e71e9ca71b	45	manifests/story_quality_semantic_batch08_ai_only_20261002_evidence.json.gz	d5b1442cbba6889f9f917f41bcc9bfe3837ffe04	[3320]	"{""path"":""magireco-translate-data-master/Scenarios_full/event_story/5102 - 传说的终章，光辉的尽头～魔法少女贞德～/510208-1_kssXu.json"",""cn_blob"":""cf6a3254d5bd09b4380b02a0df324eec5ce4a779"",""jp_path"":""magireco-source-master/Scenarios_full/event_story/5102 - 传说的终章，光辉的尽头～魔法少女贞德～/510208-1_kssXu.json"",""jp_blob"":""ba8642493a69e05961023a9d7d3667e71e9ca71b"",""evidence"":{""batch"":""20261002-semantic-batch08-ai-only"",""source_commit"":""d5b1442cbba6889f9f917f41bcc9bfe3837ffe04"",""report"":""manifests/story_quality_semantic_batch08_ai_only_20261002_evidence.json.gz"",""script_id"":""510208-1_kssXu"",""full_fields"":57}}"
510208-2_kssXu	"[""510201-09"",""510208""]"	"[""""]"	magireco-translate-data-master/Scenarios_full/event_story/5102 - 传说的终章，光辉的尽头～魔法少女贞德～/510208-2_kssXu.json	True	True	after_20261001_takeover	91	4b62d0ebb14f2ae7e9bb49e14ef68ebaeb5658cf	magireco-source-master/Scenarios_full/event_story/5102 - 传说的终章，光辉的尽头～魔法少女贞德～/510208-2_kssXu.json	1f5dac24af0a96041d439ad7852f242a862da2b1	68	manifests/story_quality_semantic_batch08_ai_only_20261002_evidence.json.gz	d5b1442cbba6889f9f917f41bcc9bfe3837ffe04	[3320]	"{""path"":""magireco-translate-data-master/Scenarios_full/event_story/5102 - 传说的终章，光辉的尽头～魔法少女贞德～/510208-2_kssXu.json"",""cn_blob"":""4b62d0ebb14f2ae7e9bb49e14ef68ebaeb5658cf"",""jp_path"":""magireco-source-master/Scenarios_full/event_story/5102 - 传说的终章，光辉的尽头～魔法少女贞德～/510208-2_kssXu.json"",""jp_blob"":""1f5dac24af0a96041d439ad7852f242a862da2b1"",""evidence"":{""batch"":""20261002-semantic-batch08-ai-only"",""source_commit"":""d5b1442cbba6889f9f917f41bcc9bfe3837ffe04"",""report"":""manifests/story_quality_semantic_batch08_ai_only_20261002_evidence.json.gz"",""script_id"":""510208-2_kssXu"",""full_fields"":91}}"
510208-3_kssXu	"[""510201-09"",""510208""]"	"[""""]"	magireco-translate-data-master/Scenarios_full/event_story/5102 - 传说的终章，光辉的尽头～魔法少女贞德～/510208-3_kssXu.json	True	True	after_20261001_takeover	69	2a47e4463016b458576802fef71c8bc3d39cb82d	magireco-source-master/Scenarios_full/event_story/5102 - 传说的终章，光辉的尽头～魔法少女贞德～/510208-3_kssXu.json	bb5f251956d468e89e3a27842e888debf046cc69	56	manifests/story_quality_semantic_batch08_ai_only_20261002_evidence.json.gz	d5b1442cbba6889f9f917f41bcc9bfe3837ffe04	[3320]	"{""path"":""magireco-translate-data-master/Scenarios_full/event_story/5102 - 传说的终章，光辉的尽头～魔法少女贞德～/510208-3_kssXu.json"",""cn_blob"":""2a47e4463016b458576802fef71c8bc3d39cb82d"",""jp_path"":""magireco-source-master/Scenarios_full/event_story/5102 - 传说的终章，光辉的尽头～魔法少女贞德～/510208-3_kssXu.json"",""jp_blob"":""bb5f251956d468e89e3a27842e888debf046cc69"",""evidence"":{""batch"":""20261002-semantic-batch08-ai-only"",""source_commit"":""d5b1442cbba6889f9f917f41bcc9bfe3837ffe04"",""report"":""manifests/story_quality_semantic_batch08_ai_only_20261002_evidence.json.gz"",""script_id"":""510208-3_kssXu"",""full_fields"":69}}"
510208-4_kssXu	"[""510201-09"",""510208""]"	"[""""]"	magireco-translate-data-master/Scenarios_full/event_story/5102 - 传说的终章，光辉的尽头～魔法少女贞德～/510208-4_kssXu.json	True	True	after_20261001_takeover	82	bd8c12253284fac2b69486800a56220807d09e2a	magireco-source-master/Scenarios_full/event_story/5102 - 传说的终章，光辉的尽头～魔法少女贞德～/510208-4_kssXu.json	f64b736bb8f30b190ed58502919997dd8a6b6005	66	manifests/story_quality_semantic_batch08_ai_only_20261002_evidence.json.gz	d5b1442cbba6889f9f917f41bcc9bfe3837ffe04	[3320]	"{""path"":""magireco-translate-data-master/Scenarios_full/event_story/5102 - 传说的终章，光辉的尽头～魔法少女贞德～/510208-4_kssXu.json"",""cn_blob"":""bd8c12253284fac2b69486800a56220807d09e2a"",""jp_path"":""magireco-source-master/Scenarios_full/event_story/5102 - 传说的终章，光辉的尽头～魔法少女贞德～/510208-4_kssXu.json"",""jp_blob"":""f64b736bb8f30b190ed58502919997dd8a6b6005"",""evidence"":{""batch"":""20261002-semantic-batch08-ai-only"",""source_commit"":""d5b1442cbba6889f9f917f41bcc9bfe3837ffe04"",""report"":""manifests/story_quality_semantic_batch08_ai_only_20261002_evidence.json.gz"",""script_id"":""510208-4_kssXu"",""full_fields"":82}}"
510208-5_kssXu	"[""510201-09"",""510208""]"	"[""""]"	magireco-translate-data-master/Scenarios_full/event_story/5102 - 传说的终章，光辉的尽头～魔法少女贞德～/510208-5_kssXu.json	True	True	after_20261001_takeover	58	3ad4f5fb9c813a5913882cb7580a55d0089a6999	magireco-source-master/Scenarios_full/event_story/5102 - 传说的终章，光辉的尽头～魔法少女贞德～/510208-5_kssXu.json	eb5fee7e13d2595e3605de372644a31e400ed20a	51	manifests/story_quality_semantic_batch08_ai_only_20261002_evidence.json.gz	d5b1442cbba6889f9f917f41bcc9bfe3837ffe04	[3320]	"{""path"":""magireco-translate-data-master/Scenarios_full/event_story/5102 - 传说的终章，光辉的尽头～魔法少女贞德～/510208-5_kssXu.json"",""cn_blob"":""3ad4f5fb9c813a5913882cb7580a55d0089a6999"",""jp_path"":""magireco-source-master/Scenarios_full/event_story/5102 - 传说的终章，光辉的尽头～魔法少女贞德～/510208-5_kssXu.json"",""jp_blob"":""eb5fee7e13d2595e3605de372644a31e400ed20a"",""evidence"":{""batch"":""20261002-semantic-batch08-ai-only"",""source_commit"":""d5b1442cbba6889f9f917f41bcc9bfe3837ffe04"",""report"":""manifests/story_quality_semantic_batch08_ai_only_20261002_evidence.json.gz"",""script_id"":""510208-5_kssXu"",""full_fields"":58}}"
510208-6_kssXu	"[""510201-09"",""510208""]"	"[""""]"	magireco-translate-data-master/Scenarios_full/event_story/5102 - 传说的终章，光辉的尽头～魔法少女贞德～/510208-6_kssXu.json	True	True	after_20261001_takeover	42	15ccdad7805cd450b595fc4b477ac1143c7297d0	magireco-source-master/Scenarios_full/event_story/5102 - 传说的终章，光辉的尽头～魔法少女贞德～/510208-6_kssXu.json	70abdd54cd48a2d609440334e95391b48728994f	34	manifests/story_quality_semantic_batch08_ai_only_20261002_evidence.json.gz	d5b1442cbba6889f9f917f41bcc9bfe3837ffe04	[3320]	"{""path"":""magireco-translate-data-master/Scenarios_full/event_story/5102 - 传说的终章，光辉的尽头～魔法少女贞德～/510208-6_kssXu.json"",""cn_blob"":""15ccdad7805cd450b595fc4b477ac1143c7297d0"",""jp_path"":""magireco-source-master/Scenarios_full/event_story/5102 - 传说的终章，光辉的尽头～魔法少女贞德～/510208-6_kssXu.json"",""jp_blob"":""70abdd54cd48a2d609440334e95391b48728994f"",""evidence"":{""batch"":""20261002-semantic-batch08-ai-only"",""source_commit"":""d5b1442cbba6889f9f917f41bcc9bfe3837ffe04"",""report"":""manifests/story_quality_semantic_batch08_ai_only_20261002_evidence.json.gz"",""script_id"":""510208-6_kssXu"",""full_fields"":42}}"
510209-1_kssXu	"[""510201-09"",""510209""]"	"[""""]"	magireco-translate-data-master/Scenarios_full/event_story/5102 - 传说的终章，光辉的尽头～魔法少女贞德～/510209-1_kssXu.json	True	True	after_20261001_takeover	69	8cc49ce9e08b3e056594a257819594fe1d8108a5	magireco-source-master/Scenarios_full/event_story/5102 - 传说的终章，光辉的尽头～魔法少女贞德～/510209-1_kssXu.json	b517286ee964072721054b7d44be173c93d2dd89	54	manifests/story_quality_semantic_batch08_ai_only_20261002_evidence.json.gz	d5b1442cbba6889f9f917f41bcc9bfe3837ffe04	[3320]	"{""path"":""magireco-translate-data-master/Scenarios_full/event_story/5102 - 传说的终章，光辉的尽头～魔法少女贞德～/510209-1_kssXu.json"",""cn_blob"":""8cc49ce9e08b3e056594a257819594fe1d8108a5"",""jp_path"":""magireco-source-master/Scenarios_full/event_story/5102 - 传说的终章，光辉的尽头～魔法少女贞德～/510209-1_kssXu.json"",""jp_blob"":""b517286ee964072721054b7d44be173c93d2dd89"",""evidence"":{""batch"":""20261002-semantic-batch08-ai-only"",""source_commit"":""d5b1442cbba6889f9f917f41bcc9bfe3837ffe04"",""report"":""manifests/story_quality_semantic_batch08_ai_only_20261002_evidence.json.gz"",""script_id"":""510209-1_kssXu"",""full_fields"":69}}"
510209-2_kssXu	"[""510201-09"",""510209""]"	"[""""]"	magireco-translate-data-master/Scenarios_full/event_story/5102 - 传说的终章，光辉的尽头～魔法少女贞德～/510209-2_kssXu.json	True	True	after_20261001_takeover	50	c78bfe3d51be9c3b9932eda1c88e39f5209df2d9	magireco-source-master/Scenarios_full/event_story/5102 - 传说的终章，光辉的尽头～魔法少女贞德～/510209-2_kssXu.json	b416ce752e46972f7711d3ebcb683e58878dfb8b	28	manifests/story_quality_semantic_batch08_ai_only_20261002_evidence.json.gz	d5b1442cbba6889f9f917f41bcc9bfe3837ffe04	[3320]	"{""path"":""magireco-translate-data-master/Scenarios_full/event_story/5102 - 传说的终章，光辉的尽头～魔法少女贞德～/510209-2_kssXu.json"",""cn_blob"":""c78bfe3d51be9c3b9932eda1c88e39f5209df2d9"",""jp_path"":""magireco-source-master/Scenarios_full/event_story/5102 - 传说的终章，光辉的尽头～魔法少女贞德～/510209-2_kssXu.json"",""jp_blob"":""b416ce752e46972f7711d3ebcb683e58878dfb8b"",""evidence"":{""batch"":""20261002-semantic-batch08-ai-only"",""source_commit"":""d5b1442cbba6889f9f917f41bcc9bfe3837ffe04"",""report"":""manifests/story_quality_semantic_batch08_ai_only_20261002_evidence.json.gz"",""script_id"":""510209-2_kssXu"",""full_fields"":50}}"
510209-3_kssXu	"[""510201-09"",""510209""]"	"[""""]"	magireco-translate-data-master/Scenarios_full/event_story/5102 - 传说的终章，光辉的尽头～魔法少女贞德～/510209-3_kssXu.json	True	True	after_20261001_takeover	49	b5c661003a80ff1eff1314c7946d1e4c3a0bc86f	magireco-source-master/Scenarios_full/event_story/5102 - 传说的终章，光辉的尽头～魔法少女贞德～/510209-3_kssXu.json	949125c5720c2d43580887515025482e044c60fb	6	manifests/story_quality_semantic_batch08_ai_only_20261002_evidence.json.gz	d5b1442cbba6889f9f917f41bcc9bfe3837ffe04	[3320]	"{""path"":""magireco-translate-data-master/Scenarios_full/event_story/5102 - 传说的终章，光辉的尽头～魔法少女贞德～/510209-3_kssXu.json"",""cn_blob"":""b5c661003a80ff1eff1314c7946d1e4c3a0bc86f"",""jp_path"":""magireco-source-master/Scenarios_full/event_story/5102 - 传说的终章，光辉的尽头～魔法少女贞德～/510209-3_kssXu.json"",""jp_blob"":""949125c5720c2d43580887515025482e044c60fb"",""evidence"":{""batch"":""20261002-semantic-batch08-ai-only"",""source_commit"":""d5b1442cbba6889f9f917f41bcc9bfe3837ffe04"",""report"":""manifests/story_quality_semantic_batch08_ai_only_20261002_evidence.json.gz"",""script_id"":""510209-3_kssXu"",""full_fields"":49}}"
510209-4_kssXu	"[""510201-09"",""510209""]"	"[""""]"	magireco-translate-data-master/Scenarios_full/event_story/5102 - 传说的终章，光辉的尽头～魔法少女贞德～/510209-4_kssXu.json	True	True	after_20261001_takeover	53	1f312f9832cc03289539fd2bfb28ed3d4e6631b0	magireco-source-master/Scenarios_full/event_story/5102 - 传说的终章，光辉的尽头～魔法少女贞德～/510209-4_kssXu.json	09b1f08d9e951daf8ff6febc8d3f0f73482f42b4	7	manifests/story_quality_semantic_batch08_ai_only_20261002_evidence.json.gz	d5b1442cbba6889f9f917f41bcc9bfe3837ffe04	[3320]	"{""path"":""magireco-translate-data-master/Scenarios_full/event_story/5102 - 传说的终章，光辉的尽头～魔法少女贞德～/510209-4_kssXu.json"",""cn_blob"":""1f312f9832cc03289539fd2bfb28ed3d4e6631b0"",""jp_path"":""magireco-source-master/Scenarios_full/event_story/5102 - 传说的终章，光辉的尽头～魔法少女贞德～/510209-4_kssXu.json"",""jp_blob"":""09b1f08d9e951daf8ff6febc8d3f0f73482f42b4"",""evidence"":{""batch"":""20261002-semantic-batch08-ai-only"",""source_commit"":""d5b1442cbba6889f9f917f41bcc9bfe3837ffe04"",""report"":""manifests/story_quality_semantic_batch08_ai_only_20261002_evidence.json.gz"",""script_id"":""510209-4_kssXu"",""full_fields"":53}}"
510209-5_kssXu	"[""510201-09"",""510209""]"	"[""""]"	magireco-translate-data-master/Scenarios_full/event_story/5102 - 传说的终章，光辉的尽头～魔法少女贞德～/510209-5_kssXu.json	True	True	after_20261001_takeover	37	5f040cd6eefafc601c76c5b709f5a3d020e202ea	magireco-source-master/Scenarios_full/event_story/5102 - 传说的终章，光辉的尽头～魔法少女贞德～/510209-5_kssXu.json	83b05c017766af6a6765f44c06b02ffcec55218e	23	manifests/story_quality_semantic_batch08_ai_only_20261002_evidence.json.gz	d5b1442cbba6889f9f917f41bcc9bfe3837ffe04	[3320]	"{""path"":""magireco-translate-data-master/Scenarios_full/event_story/5102 - 传说的终章，光辉的尽头～魔法少女贞德～/510209-5_kssXu.json"",""cn_blob"":""5f040cd6eefafc601c76c5b709f5a3d020e202ea"",""jp_path"":""magireco-source-master/Scenarios_full/event_story/5102 - 传说的终章，光辉的尽头～魔法少女贞德～/510209-5_kssXu.json"",""jp_blob"":""83b05c017766af6a6765f44c06b02ffcec55218e"",""evidence"":{""batch"":""20261002-semantic-batch08-ai-only"",""source_commit"":""d5b1442cbba6889f9f917f41bcc9bfe3837ffe04"",""report"":""manifests/story_quality_semantic_batch08_ai_only_20261002_evidence.json.gz"",""script_id"":""510209-5_kssXu"",""full_fields"":37}}"
510210-1_kssXu	"[""510210"",""510210-13""]"	"[""""]"	magireco-translate-data-master/Scenarios_full/event_story/5102 - 传说的终章，光辉的尽头～魔法少女贞德～/510210-1_kssXu.json	True	True	after_20261001_takeover	58	caf3f6c959c1ebc52c1bc9bf646144a68906c45e	magireco-source-master/Scenarios_full/event_story/5102 - 传说的终章，光辉的尽头～魔法少女贞德～/510210-1_kssXu.json	28875cf807988cab58936feafdeab01e7a1787bc	50	manifests/story_quality_semantic_batch08_ai_only_20261002_evidence.json.gz	d5b1442cbba6889f9f917f41bcc9bfe3837ffe04	[3320]	"{""path"":""magireco-translate-data-master/Scenarios_full/event_story/5102 - 传说的终章，光辉的尽头～魔法少女贞德～/510210-1_kssXu.json"",""cn_blob"":""caf3f6c959c1ebc52c1bc9bf646144a68906c45e"",""jp_path"":""magireco-source-master/Scenarios_full/event_story/5102 - 传说的终章，光辉的尽头～魔法少女贞德～/510210-1_kssXu.json"",""jp_blob"":""28875cf807988cab58936feafdeab01e7a1787bc"",""evidence"":{""batch"":""20261002-semantic-batch08-ai-only"",""source_commit"":""d5b1442cbba6889f9f917f41bcc9bfe3837ffe04"",""report"":""manifests/story_quality_semantic_batch08_ai_only_20261002_evidence.json.gz"",""script_id"":""510210-1_kssXu"",""full_fields"":58}}"
510210-2_kssXu	"[""510210"",""510210-13""]"	"[""""]"	magireco-translate-data-master/Scenarios_full/event_story/5102 - 传说的终章，光辉的尽头～魔法少女贞德～/510210-2_kssXu.json	True	True	after_20261001_takeover	54	ffb23c3f23a1f3314bd69bd4cfd3713a3fc0f015	magireco-source-master/Scenarios_full/event_story/5102 - 传说的终章，光辉的尽头～魔法少女贞德～/510210-2_kssXu.json	98a536bfc44f15cf55970972cae77f3f2da57a0a	40	manifests/story_quality_semantic_batch08_ai_only_20261002_evidence.json.gz	d5b1442cbba6889f9f917f41bcc9bfe3837ffe04	[3320]	"{""path"":""magireco-translate-data-master/Scenarios_full/event_story/5102 - 传说的终章，光辉的尽头～魔法少女贞德～/510210-2_kssXu.json"",""cn_blob"":""ffb23c3f23a1f3314bd69bd4cfd3713a3fc0f015"",""jp_path"":""magireco-source-master/Scenarios_full/event_story/5102 - 传说的终章，光辉的尽头～魔法少女贞德～/510210-2_kssXu.json"",""jp_blob"":""98a536bfc44f15cf55970972cae77f3f2da57a0a"",""evidence"":{""batch"":""20261002-semantic-batch08-ai-only"",""source_commit"":""d5b1442cbba6889f9f917f41bcc9bfe3837ffe04"",""report"":""manifests/story_quality_semantic_batch08_ai_only_20261002_evidence.json.gz"",""script_id"":""510210-2_kssXu"",""full_fields"":54}}"
510210-3_kssXu	"[""510210"",""510210-13""]"	"[""""]"	magireco-translate-data-master/Scenarios_full/event_story/5102 - 传说的终章，光辉的尽头～魔法少女贞德～/510210-3_kssXu.json	True	True	after_20261001_takeover	38	58c8d245990e3b2c17f0a67a77f5d1b29333e28d	magireco-source-master/Scenarios_full/event_story/5102 - 传说的终章，光辉的尽头～魔法少女贞德～/510210-3_kssXu.json	b90f13d5477d1554230c14785cc7e802e7cf38ca	20	manifests/story_quality_semantic_batch08_ai_only_20261002_evidence.json.gz	d5b1442cbba6889f9f917f41bcc9bfe3837ffe04	[3320]	"{""path"":""magireco-translate-data-master/Scenarios_full/event_story/5102 - 传说的终章，光辉的尽头～魔法少女贞德～/510210-3_kssXu.json"",""cn_blob"":""58c8d245990e3b2c17f0a67a77f5d1b29333e28d"",""jp_path"":""magireco-source-master/Scenarios_full/event_story/5102 - 传说的终章，光辉的尽头～魔法少女贞德～/510210-3_kssXu.json"",""jp_blob"":""b90f13d5477d1554230c14785cc7e802e7cf38ca"",""evidence"":{""batch"":""20261002-semantic-batch08-ai-only"",""source_commit"":""d5b1442cbba6889f9f917f41bcc9bfe3837ffe04"",""report"":""manifests/story_quality_semantic_batch08_ai_only_20261002_evidence.json.gz"",""script_id"":""510210-3_kssXu"",""full_fields"":38}}"
510210-4_kssXu	"[""510210"",""510210-13""]"	"[""""]"	magireco-translate-data-master/Scenarios_full/event_story/5102 - 传说的终章，光辉的尽头～魔法少女贞德～/510210-4_kssXu.json	True	True	after_20261001_takeover	51	712f47d3aea2d54838cd927e3cb7427d9bdd4c0f	magireco-source-master/Scenarios_full/event_story/5102 - 传说的终章，光辉的尽头～魔法少女贞德～/510210-4_kssXu.json	8b9d09a3b4ec93b19364ba868d7fe4ba93dcd88e	30	manifests/story_quality_semantic_batch08_ai_only_20261002_evidence.json.gz	d5b1442cbba6889f9f917f41bcc9bfe3837ffe04	[3320]	"{""path"":""magireco-translate-data-master/Scenarios_full/event_story/5102 - 传说的终章，光辉的尽头～魔法少女贞德～/510210-4_kssXu.json"",""cn_blob"":""712f47d3aea2d54838cd927e3cb7427d9bdd4c0f"",""jp_path"":""magireco-source-master/Scenarios_full/event_story/5102 - 传说的终章，光辉的尽头～魔法少女贞德～/510210-4_kssXu.json"",""jp_blob"":""8b9d09a3b4ec93b19364ba868d7fe4ba93dcd88e"",""evidence"":{""batch"":""20261002-semantic-batch08-ai-only"",""source_commit"":""d5b1442cbba6889f9f917f41bcc9bfe3837ffe04"",""report"":""manifests/story_quality_semantic_batch08_ai_only_20261002_evidence.json.gz"",""script_id"":""510210-4_kssXu"",""full_fields"":51}}"
510210-5_kssXu	"[""510210"",""510210-13""]"	"[""""]"	magireco-translate-data-master/Scenarios_full/event_story/5102 - 传说的终章，光辉的尽头～魔法少女贞德～/510210-5_kssXu.json	True	True	after_20261001_takeover	54	1a6c7d7a13e8ae1b653c00486133aad9b436cfce	magireco-source-master/Scenarios_full/event_story/5102 - 传说的终章，光辉的尽头～魔法少女贞德～/510210-5_kssXu.json	61dbca8b3a61bb814a21ac39a961fc6c6372e512	39	manifests/story_quality_semantic_batch08_ai_only_20261002_evidence.json.gz	d5b1442cbba6889f9f917f41bcc9bfe3837ffe04	[3320]	"{""path"":""magireco-translate-data-master/Scenarios_full/event_story/5102 - 传说的终章，光辉的尽头～魔法少女贞德～/510210-5_kssXu.json"",""cn_blob"":""1a6c7d7a13e8ae1b653c00486133aad9b436cfce"",""jp_path"":""magireco-source-master/Scenarios_full/event_story/5102 - 传说的终章，光辉的尽头～魔法少女贞德～/510210-5_kssXu.json"",""jp_blob"":""61dbca8b3a61bb814a21ac39a961fc6c6372e512"",""evidence"":{""batch"":""20261002-semantic-batch08-ai-only"",""source_commit"":""d5b1442cbba6889f9f917f41bcc9bfe3837ffe04"",""report"":""manifests/story_quality_semantic_batch08_ai_only_20261002_evidence.json.gz"",""script_id"":""510210-5_kssXu"",""full_fields"":54}}"
510211-1_kssXu	"[""510210-13"",""510211""]"	"[""""]"	magireco-translate-data-master/Scenarios_full/event_story/5102 - 传说的终章，光辉的尽头～魔法少女贞德～/510211-1_kssXu.json	True	True	after_20261001_takeover	73	489bda379f2653efb1c4ca090440a26576c9857c	magireco-source-master/Scenarios_full/event_story/5102 - 传说的终章，光辉的尽头～魔法少女贞德～/510211-1_kssXu.json	60367c9504ced8b0dbcdf3512cd9320cb0636f15	62	manifests/story_quality_semantic_batch08_ai_only_20261002_evidence.json.gz	d5b1442cbba6889f9f917f41bcc9bfe3837ffe04	[3320]	"{""path"":""magireco-translate-data-master/Scenarios_full/event_story/5102 - 传说的终章，光辉的尽头～魔法少女贞德～/510211-1_kssXu.json"",""cn_blob"":""489bda379f2653efb1c4ca090440a26576c9857c"",""jp_path"":""magireco-source-master/Scenarios_full/event_story/5102 - 传说的终章，光辉的尽头～魔法少女贞德～/510211-1_kssXu.json"",""jp_blob"":""60367c9504ced8b0dbcdf3512cd9320cb0636f15"",""evidence"":{""batch"":""20261002-semantic-batch08-ai-only"",""source_commit"":""d5b1442cbba6889f9f917f41bcc9bfe3837ffe04"",""report"":""manifests/story_quality_semantic_batch08_ai_only_20261002_evidence.json.gz"",""script_id"":""510211-1_kssXu"",""full_fields"":73}}"
510211-2_kssXu	"[""510210-13"",""510211""]"	"[""""]"	magireco-translate-data-master/Scenarios_full/event_story/5102 - 传说的终章，光辉的尽头～魔法少女贞德～/510211-2_kssXu.json	True	True	after_20261001_takeover	53	c36c798bcc6ac7a0b6591009a8c4c71624626164	magireco-source-master/Scenarios_full/event_story/5102 - 传说的终章，光辉的尽头～魔法少女贞德～/510211-2_kssXu.json	00781b1a416b7c6f38aa1cbdb7f690f4066ecd77	42	manifests/story_quality_semantic_batch08_ai_only_20261002_evidence.json.gz	d5b1442cbba6889f9f917f41bcc9bfe3837ffe04	[3320]	"{""path"":""magireco-translate-data-master/Scenarios_full/event_story/5102 - 传说的终章，光辉的尽头～魔法少女贞德～/510211-2_kssXu.json"",""cn_blob"":""c36c798bcc6ac7a0b6591009a8c4c71624626164"",""jp_path"":""magireco-source-master/Scenarios_full/event_story/5102 - 传说的终章，光辉的尽头～魔法少女贞德～/510211-2_kssXu.json"",""jp_blob"":""00781b1a416b7c6f38aa1cbdb7f690f4066ecd77"",""evidence"":{""batch"":""20261002-semantic-batch08-ai-only"",""source_commit"":""d5b1442cbba6889f9f917f41bcc9bfe3837ffe04"",""report"":""manifests/story_quality_semantic_batch08_ai_only_20261002_evidence.json.gz"",""script_id"":""510211-2_kssXu"",""full_fields"":53}}"
510211-3_kssXu	"[""510210-13"",""510211""]"	"[""""]"	magireco-translate-data-master/Scenarios_full/event_story/5102 - 传说的终章，光辉的尽头～魔法少女贞德～/510211-3_kssXu.json	True	True	after_20261001_takeover	52	5226b71f454031968e4397f70ab8bef69ce57fe7	magireco-source-master/Scenarios_full/event_story/5102 - 传说的终章，光辉的尽头～魔法少女贞德～/510211-3_kssXu.json	791f2c279d7c407b79d0422265a0315659551d90	37	manifests/story_quality_semantic_batch08_ai_only_20261002_evidence.json.gz	d5b1442cbba6889f9f917f41bcc9bfe3837ffe04	[3320]	"{""path"":""magireco-translate-data-master/Scenarios_full/event_story/5102 - 传说的终章，光辉的尽头～魔法少女贞德～/510211-3_kssXu.json"",""cn_blob"":""5226b71f454031968e4397f70ab8bef69ce57fe7"",""jp_path"":""magireco-source-master/Scenarios_full/event_story/5102 - 传说的终章，光辉的尽头～魔法少女贞德～/510211-3_kssXu.json"",""jp_blob"":""791f2c279d7c407b79d0422265a0315659551d90"",""evidence"":{""batch"":""20261002-semantic-batch08-ai-only"",""source_commit"":""d5b1442cbba6889f9f917f41bcc9bfe3837ffe04"",""report"":""manifests/story_quality_semantic_batch08_ai_only_20261002_evidence.json.gz"",""script_id"":""510211-3_kssXu"",""full_fields"":52}}"
510211-4_kssXu	"[""510210-13"",""510211""]"	"[""""]"	magireco-translate-data-master/Scenarios_full/event_story/5102 - 传说的终章，光辉的尽头～魔法少女贞德～/510211-4_kssXu.json	True	True	after_20261001_takeover	53	046c111074115b4071cc9633a22c5426d5a26b76	magireco-source-master/Scenarios_full/event_story/5102 - 传说的终章，光辉的尽头～魔法少女贞德～/510211-4_kssXu.json	a8b3205b4db2a5d68028474933d5e2f9e4bc4080	44	manifests/story_quality_semantic_batch08_ai_only_20261002_evidence.json.gz	d5b1442cbba6889f9f917f41bcc9bfe3837ffe04	[3320]	"{""path"":""magireco-translate-data-master/Scenarios_full/event_story/5102 - 传说的终章，光辉的尽头～魔法少女贞德～/510211-4_kssXu.json"",""cn_blob"":""046c111074115b4071cc9633a22c5426d5a26b76"",""jp_path"":""magireco-source-master/Scenarios_full/event_story/5102 - 传说的终章，光辉的尽头～魔法少女贞德～/510211-4_kssXu.json"",""jp_blob"":""a8b3205b4db2a5d68028474933d5e2f9e4bc4080"",""evidence"":{""batch"":""20261002-semantic-batch08-ai-only"",""source_commit"":""d5b1442cbba6889f9f917f41bcc9bfe3837ffe04"",""report"":""manifests/story_quality_semantic_batch08_ai_only_20261002_evidence.json.gz"",""script_id"":""510211-4_kssXu"",""full_fields"":53}}"
510211-5_kssXu	"[""510210-13"",""510211""]"	"[""""]"	magireco-translate-data-master/Scenarios_full/event_story/5102 - 传说的终章，光辉的尽头～魔法少女贞德～/510211-5_kssXu.json	True	True	after_20261001_takeover	42	de5bce08225b427bc06c17d1438541e3f20738da	magireco-source-master/Scenarios_full/event_story/5102 - 传说的终章，光辉的尽头～魔法少女贞德～/510211-5_kssXu.json	a3a9b6bb8b862cef547d90ca3ca072469bd259e3	39	manifests/story_quality_semantic_batch08_ai_only_20261002_evidence.json.gz	d5b1442cbba6889f9f917f41bcc9bfe3837ffe04	[3320]	"{""path"":""magireco-translate-data-master/Scenarios_full/event_story/5102 - 传说的终章，光辉的尽头～魔法少女贞德～/510211-5_kssXu.json"",""cn_blob"":""de5bce08225b427bc06c17d1438541e3f20738da"",""jp_path"":""magireco-source-master/Scenarios_full/event_story/5102 - 传说的终章，光辉的尽头～魔法少女贞德～/510211-5_kssXu.json"",""jp_blob"":""a3a9b6bb8b862cef547d90ca3ca072469bd259e3"",""evidence"":{""batch"":""20261002-semantic-batch08-ai-only"",""source_commit"":""d5b1442cbba6889f9f917f41bcc9bfe3837ffe04"",""report"":""manifests/story_quality_semantic_batch08_ai_only_20261002_evidence.json.gz"",""script_id"":""510211-5_kssXu"",""full_fields"":42}}"
510212-1_kssXu	"[""510210-13"",""510212""]"	"[""""]"	magireco-translate-data-master/Scenarios_full/event_story/5102 - 传说的终章，光辉的尽头～魔法少女贞德～/510212-1_kssXu.json	True	True	after_20261001_takeover	66	648e53f61a75ad313736f55883502adc1294a6ae	magireco-source-master/Scenarios_full/event_story/5102 - 传说的终章，光辉的尽头～魔法少女贞德～/510212-1_kssXu.json	1171fa88f45ba02e3d9bb9c52fd1a6b944b6d7e5	60	manifests/story_quality_semantic_batch08_ai_only_20261002_evidence.json.gz	d5b1442cbba6889f9f917f41bcc9bfe3837ffe04	[3320]	"{""path"":""magireco-translate-data-master/Scenarios_full/event_story/5102 - 传说的终章，光辉的尽头～魔法少女贞德～/510212-1_kssXu.json"",""cn_blob"":""648e53f61a75ad313736f55883502adc1294a6ae"",""jp_path"":""magireco-source-master/Scenarios_full/event_story/5102 - 传说的终章，光辉的尽头～魔法少女贞德～/510212-1_kssXu.json"",""jp_blob"":""1171fa88f45ba02e3d9bb9c52fd1a6b944b6d7e5"",""evidence"":{""batch"":""20261002-semantic-batch08-ai-only"",""source_commit"":""d5b1442cbba6889f9f917f41bcc9bfe3837ffe04"",""report"":""manifests/story_quality_semantic_batch08_ai_only_20261002_evidence.json.gz"",""script_id"":""510212-1_kssXu"",""full_fields"":66}}"
510212-2_kssXu	"[""510210-13"",""510212""]"	"[""""]"	magireco-translate-data-master/Scenarios_full/event_story/5102 - 传说的终章，光辉的尽头～魔法少女贞德～/510212-2_kssXu.json	True	True	after_20261001_takeover	62	8b506f39e995f242160a147fc890c21903c452a9	magireco-source-master/Scenarios_full/event_story/5102 - 传说的终章，光辉的尽头～魔法少女贞德～/510212-2_kssXu.json	4bc849189d7e29b367de31a01c334e8babf6f81f	45	manifests/story_quality_semantic_batch08_ai_only_20261002_evidence.json.gz	d5b1442cbba6889f9f917f41bcc9bfe3837ffe04	[3320]	"{""path"":""magireco-translate-data-master/Scenarios_full/event_story/5102 - 传说的终章，光辉的尽头～魔法少女贞德～/510212-2_kssXu.json"",""cn_blob"":""8b506f39e995f242160a147fc890c21903c452a9"",""jp_path"":""magireco-source-master/Scenarios_full/event_story/5102 - 传说的终章，光辉的尽头～魔法少女贞德～/510212-2_kssXu.json"",""jp_blob"":""4bc849189d7e29b367de31a01c334e8babf6f81f"",""evidence"":{""batch"":""20261002-semantic-batch08-ai-only"",""source_commit"":""d5b1442cbba6889f9f917f41bcc9bfe3837ffe04"",""report"":""manifests/story_quality_semantic_batch08_ai_only_20261002_evidence.json.gz"",""script_id"":""510212-2_kssXu"",""full_fields"":62}}"
510213-1_kssXu	"[""510210-13"",""510213""]"	"[""""]"	magireco-translate-data-master/Scenarios_full/event_story/5102 - 传说的终章，光辉的尽头～魔法少女贞德～/510213-1_kssXu.json	True	True	after_20261001_takeover	76	94fa3773ee477b0bc7e0146f7448698f75976757	magireco-source-master/Scenarios_full/event_story/5102 - 传说的终章，光辉的尽头～魔法少女贞德～/510213-1_kssXu.json	c188eae1ad3cf1fe975be5de881164968e5a9ab8	61	manifests/story_quality_semantic_batch08_ai_only_20261002_evidence.json.gz	d5b1442cbba6889f9f917f41bcc9bfe3837ffe04	[3320]	"{""path"":""magireco-translate-data-master/Scenarios_full/event_story/5102 - 传说的终章，光辉的尽头～魔法少女贞德～/510213-1_kssXu.json"",""cn_blob"":""94fa3773ee477b0bc7e0146f7448698f75976757"",""jp_path"":""magireco-source-master/Scenarios_full/event_story/5102 - 传说的终章，光辉的尽头～魔法少女贞德～/510213-1_kssXu.json"",""jp_blob"":""c188eae1ad3cf1fe975be5de881164968e5a9ab8"",""evidence"":{""batch"":""20261002-semantic-batch08-ai-only"",""source_commit"":""d5b1442cbba6889f9f917f41bcc9bfe3837ffe04"",""report"":""manifests/story_quality_semantic_batch08_ai_only_20261002_evidence.json.gz"",""script_id"":""510213-1_kssXu"",""full_fields"":76}}"
510213-2_kssXu	"[""510210-13"",""510213""]"	"[""""]"	magireco-translate-data-master/Scenarios_full/event_story/5102 - 传说的终章，光辉的尽头～魔法少女贞德～/510213-2_kssXu.json	True	True	after_20261001_takeover	65	1bfdc7f24199ed2945d280e8c929a51216ce2e4e	magireco-source-master/Scenarios_full/event_story/5102 - 传说的终章，光辉的尽头～魔法少女贞德～/510213-2_kssXu.json	11e792219c1db554fafbe76792a7d98fa8aa1e20	44	manifests/story_quality_semantic_batch08_ai_only_20261002_evidence.json.gz	d5b1442cbba6889f9f917f41bcc9bfe3837ffe04	[3320]	"{""path"":""magireco-translate-data-master/Scenarios_full/event_story/5102 - 传说的终章，光辉的尽头～魔法少女贞德～/510213-2_kssXu.json"",""cn_blob"":""1bfdc7f24199ed2945d280e8c929a51216ce2e4e"",""jp_path"":""magireco-source-master/Scenarios_full/event_story/5102 - 传说的终章，光辉的尽头～魔法少女贞德～/510213-2_kssXu.json"",""jp_blob"":""11e792219c1db554fafbe76792a7d98fa8aa1e20"",""evidence"":{""batch"":""20261002-semantic-batch08-ai-only"",""source_commit"":""d5b1442cbba6889f9f917f41bcc9bfe3837ffe04"",""report"":""manifests/story_quality_semantic_batch08_ai_only_20261002_evidence.json.gz"",""script_id"":""510213-2_kssXu"",""full_fields"":65}}"
510213-3_kssXu	"[""510210-13"",""510213""]"	"[""""]"	magireco-translate-data-master/Scenarios_full/event_story/5102 - 传说的终章，光辉的尽头～魔法少女贞德～/510213-3_kssXu.json	True	True	after_20261001_takeover	41	68c3e27a2320df96fb1881d1f0adf1d27fb2ecac	magireco-source-master/Scenarios_full/event_story/5102 - 传说的终章，光辉的尽头～魔法少女贞德～/510213-3_kssXu.json	4efb3d906e569180673ee0b2281bbb975b2ba18e	25	manifests/story_quality_semantic_batch08_ai_only_20261002_evidence.json.gz	d5b1442cbba6889f9f917f41bcc9bfe3837ffe04	[3320]	"{""path"":""magireco-translate-data-master/Scenarios_full/event_story/5102 - 传说的终章，光辉的尽头～魔法少女贞德～/510213-3_kssXu.json"",""cn_blob"":""68c3e27a2320df96fb1881d1f0adf1d27fb2ecac"",""jp_path"":""magireco-source-master/Scenarios_full/event_story/5102 - 传说的终章，光辉的尽头～魔法少女贞德～/510213-3_kssXu.json"",""jp_blob"":""4efb3d906e569180673ee0b2281bbb975b2ba18e"",""evidence"":{""batch"":""20261002-semantic-batch08-ai-only"",""source_commit"":""d5b1442cbba6889f9f917f41bcc9bfe3837ffe04"",""report"":""manifests/story_quality_semantic_batch08_ai_only_20261002_evidence.json.gz"",""script_id"":""510213-3_kssXu"",""full_fields"":41}}"
510213-4_kssXu	"[""510210-13"",""510213""]"	"[""""]"	magireco-translate-data-master/Scenarios_full/event_story/5102 - 传说的终章，光辉的尽头～魔法少女贞德～/510213-4_kssXu.json	True	True	after_20261001_takeover	22	bc17f9e7e55655b9a8a1c9ae534d04662bca54bd	magireco-source-master/Scenarios_full/event_story/5102 - 传说的终章，光辉的尽头～魔法少女贞德～/510213-4_kssXu.json	87f679708d28e31a9102a20e05278b2263c0728e	11	manifests/story_quality_semantic_batch08_ai_only_20261002_evidence.json.gz	d5b1442cbba6889f9f917f41bcc9bfe3837ffe04	[3320]	"{""path"":""magireco-translate-data-master/Scenarios_full/event_story/5102 - 传说的终章，光辉的尽头～魔法少女贞德～/510213-4_kssXu.json"",""cn_blob"":""bc17f9e7e55655b9a8a1c9ae534d04662bca54bd"",""jp_path"":""magireco-source-master/Scenarios_full/event_story/5102 - 传说的终章，光辉的尽头～魔法少女贞德～/510213-4_kssXu.json"",""jp_blob"":""87f679708d28e31a9102a20e05278b2263c0728e"",""evidence"":{""batch"":""20261002-semantic-batch08-ai-only"",""source_commit"":""d5b1442cbba6889f9f917f41bcc9bfe3837ffe04"",""report"":""manifests/story_quality_semantic_batch08_ai_only_20261002_evidence.json.gz"",""script_id"":""510213-4_kssXu"",""full_fields"":22}}"
510213-5_kssXu	"[""510210-13"",""510213""]"	"[""""]"	magireco-translate-data-master/Scenarios_full/event_story/5102 - 传说的终章，光辉的尽头～魔法少女贞德～/510213-5_kssXu.json	True	True	after_20261001_takeover	80	6fc11e1b2e9e882f078cd5325c1f803776f8959f	magireco-source-master/Scenarios_full/event_story/5102 - 传说的终章，光辉的尽头～魔法少女贞德～/510213-5_kssXu.json	c5d6496e1442fbf7259b99e054ad0819d1294004	49	manifests/story_quality_semantic_batch08_ai_only_20261002_evidence.json.gz	d5b1442cbba6889f9f917f41bcc9bfe3837ffe04	[3320]	"{""path"":""magireco-translate-data-master/Scenarios_full/event_story/5102 - 传说的终章，光辉的尽头～魔法少女贞德～/510213-5_kssXu.json"",""cn_blob"":""6fc11e1b2e9e882f078cd5325c1f803776f8959f"",""jp_path"":""magireco-source-master/Scenarios_full/event_story/5102 - 传说的终章，光辉的尽头～魔法少女贞德～/510213-5_kssXu.json"",""jp_blob"":""c5d6496e1442fbf7259b99e054ad0819d1294004"",""evidence"":{""batch"":""20261002-semantic-batch08-ai-only"",""source_commit"":""d5b1442cbba6889f9f917f41bcc9bfe3837ffe04"",""report"":""manifests/story_quality_semantic_batch08_ai_only_20261002_evidence.json.gz"",""script_id"":""510213-5_kssXu"",""full_fields"":80}}"
510301-1	"[""510301""]"	"[""""]"	magireco-translate-data-master/Scenarios_full/event_story/5103 - 御魂的特训 月出里篇/510301-1.json	True	True	after_20261001_takeover	41	630fcab188d10a0c0fb0aba9a804fe41b41ce7f7	magireco-source-master/Scenarios_full/event_story/5103 - 御魂的特训 月出里篇/510301-1.json	5b0a2631714b3a8d173498ae476289f1798e9adb	30	manifests/story_quality_semantic_batch09_ai_only_20261002_evidence.json.gz	20c748f726593711a2e29ad99d10f60f08a98db9	[3321]	"{""path"":""magireco-translate-data-master/Scenarios_full/event_story/5103 - 御魂的特训 月出里篇/510301-1.json"",""cn_blob"":""630fcab188d10a0c0fb0aba9a804fe41b41ce7f7"",""jp_path"":""magireco-source-master/Scenarios_full/event_story/5103 - 御魂的特训 月出里篇/510301-1.json"",""jp_blob"":""5b0a2631714b3a8d173498ae476289f1798e9adb"",""evidence"":{""batch"":""20261002-semantic-batch09-ai-only"",""source_commit"":""20c748f726593711a2e29ad99d10f60f08a98db9"",""report"":""manifests/story_quality_semantic_batch09_ai_only_20261002_evidence.json.gz"",""script_id"":""510301-1"",""full_fields"":41,""text_changed"":true}}"
510301-10	"[""510301""]"	"[""""]"	magireco-translate-data-master/Scenarios_full/event_story/5103 - 御魂的特训 月出里篇/510301-10.json	True	True	after_20261001_takeover	42	4a6e9266d7941dc5fad12278556c394d33a29d1c	magireco-source-master/Scenarios_full/event_story/5103 - 御魂的特训 月出里篇/510301-10.json	28eb8a241bee08f133e819f0dd35fcaf3c65b360	31	manifests/story_quality_semantic_batch09_ai_only_20261002_evidence.json.gz	20c748f726593711a2e29ad99d10f60f08a98db9	[3321]	"{""path"":""magireco-translate-data-master/Scenarios_full/event_story/5103 - 御魂的特训 月出里篇/510301-10.json"",""cn_blob"":""4a6e9266d7941dc5fad12278556c394d33a29d1c"",""jp_path"":""magireco-source-master/Scenarios_full/event_story/5103 - 御魂的特训 月出里篇/510301-10.json"",""jp_blob"":""28eb8a241bee08f133e819f0dd35fcaf3c65b360"",""evidence"":{""batch"":""20261002-semantic-batch09-ai-only"",""source_commit"":""20c748f726593711a2e29ad99d10f60f08a98db9"",""report"":""manifests/story_quality_semantic_batch09_ai_only_20261002_evidence.json.gz"",""script_id"":""510301-10"",""full_fields"":42,""text_changed"":true}}"
510301-2	"[""510301""]"	"[""""]"	magireco-translate-data-master/Scenarios_full/event_story/5103 - 御魂的特训 月出里篇/510301-2.json	True	True	after_20261001_takeover	47	d14264690136445af28b95b1a6c60ba1d5a69501	magireco-source-master/Scenarios_full/event_story/5103 - 御魂的特训 月出里篇/510301-2.json	25cdb23df711b2b8094ec842cf47ef9b43c34b68	38	manifests/story_quality_semantic_batch09_ai_only_20261002_evidence.json.gz	20c748f726593711a2e29ad99d10f60f08a98db9	[3321]	"{""path"":""magireco-translate-data-master/Scenarios_full/event_story/5103 - 御魂的特训 月出里篇/510301-2.json"",""cn_blob"":""d14264690136445af28b95b1a6c60ba1d5a69501"",""jp_path"":""magireco-source-master/Scenarios_full/event_story/5103 - 御魂的特训 月出里篇/510301-2.json"",""jp_blob"":""25cdb23df711b2b8094ec842cf47ef9b43c34b68"",""evidence"":{""batch"":""20261002-semantic-batch09-ai-only"",""source_commit"":""20c748f726593711a2e29ad99d10f60f08a98db9"",""report"":""manifests/story_quality_semantic_batch09_ai_only_20261002_evidence.json.gz"",""script_id"":""510301-2"",""full_fields"":47,""text_changed"":true}}"
510301-3	"[""510301""]"	"[""""]"	magireco-translate-data-master/Scenarios_full/event_story/5103 - 御魂的特训 月出里篇/510301-3.json	True	True	after_20261001_takeover	38	e1011f3217d2aa50175c81a2f53b2329d77d3deb	magireco-source-master/Scenarios_full/event_story/5103 - 御魂的特训 月出里篇/510301-3.json	467ddd98cbf48e59795767d9251c8912fa6e0ffb	32	manifests/story_quality_semantic_batch09_ai_only_20261002_evidence.json.gz	20c748f726593711a2e29ad99d10f60f08a98db9	[3321]	"{""path"":""magireco-translate-data-master/Scenarios_full/event_story/5103 - 御魂的特训 月出里篇/510301-3.json"",""cn_blob"":""e1011f3217d2aa50175c81a2f53b2329d77d3deb"",""jp_path"":""magireco-source-master/Scenarios_full/event_story/5103 - 御魂的特训 月出里篇/510301-3.json"",""jp_blob"":""467ddd98cbf48e59795767d9251c8912fa6e0ffb"",""evidence"":{""batch"":""20261002-semantic-batch09-ai-only"",""source_commit"":""20c748f726593711a2e29ad99d10f60f08a98db9"",""report"":""manifests/story_quality_semantic_batch09_ai_only_20261002_evidence.json.gz"",""script_id"":""510301-3"",""full_fields"":38,""text_changed"":true}}"
510301-4	"[""510301""]"	"[""""]"	magireco-translate-data-master/Scenarios_full/event_story/5103 - 御魂的特训 月出里篇/510301-4.json	True	True	after_20261001_takeover	69	8ff1d222a5122eb0e5acc985b13fbd6459f97cba	magireco-source-master/Scenarios_full/event_story/5103 - 御魂的特训 月出里篇/510301-4.json	bfba2852b65b992f7f4f4647bf55d8942fa28ef7	53	manifests/story_quality_semantic_batch09_ai_only_20261002_evidence.json.gz	20c748f726593711a2e29ad99d10f60f08a98db9	[3321]	"{""path"":""magireco-translate-data-master/Scenarios_full/event_story/5103 - 御魂的特训 月出里篇/510301-4.json"",""cn_blob"":""8ff1d222a5122eb0e5acc985b13fbd6459f97cba"",""jp_path"":""magireco-source-master/Scenarios_full/event_story/5103 - 御魂的特训 月出里篇/510301-4.json"",""jp_blob"":""bfba2852b65b992f7f4f4647bf55d8942fa28ef7"",""evidence"":{""batch"":""20261002-semantic-batch09-ai-only"",""source_commit"":""20c748f726593711a2e29ad99d10f60f08a98db9"",""report"":""manifests/story_quality_semantic_batch09_ai_only_20261002_evidence.json.gz"",""script_id"":""510301-4"",""full_fields"":69,""text_changed"":true}}"
510301-5	"[""510301""]"	"[""""]"	magireco-translate-data-master/Scenarios_full/event_story/5103 - 御魂的特训 月出里篇/510301-5.json	True	True	after_20261001_takeover	38	89f00de8c5e164055eefbd3b1d8b5df67f34b056	magireco-source-master/Scenarios_full/event_story/5103 - 御魂的特训 月出里篇/510301-5.json	cc6f5170015ce1515f80507da42db0d8419ba4d7	31	manifests/story_quality_semantic_batch09_ai_only_20261002_evidence.json.gz	20c748f726593711a2e29ad99d10f60f08a98db9	[3321]	"{""path"":""magireco-translate-data-master/Scenarios_full/event_story/5103 - 御魂的特训 月出里篇/510301-5.json"",""cn_blob"":""89f00de8c5e164055eefbd3b1d8b5df67f34b056"",""jp_path"":""magireco-source-master/Scenarios_full/event_story/5103 - 御魂的特训 月出里篇/510301-5.json"",""jp_blob"":""cc6f5170015ce1515f80507da42db0d8419ba4d7"",""evidence"":{""batch"":""20261002-semantic-batch09-ai-only"",""source_commit"":""20c748f726593711a2e29ad99d10f60f08a98db9"",""report"":""manifests/story_quality_semantic_batch09_ai_only_20261002_evidence.json.gz"",""script_id"":""510301-5"",""full_fields"":38,""text_changed"":true}}"
510301-6	"[""510301""]"	"[""""]"	magireco-translate-data-master/Scenarios_full/event_story/5103 - 御魂的特训 月出里篇/510301-6.json	True	True	after_20261001_takeover	55	95a434123b38afa006b24c7e8a7582dddef25114	magireco-source-master/Scenarios_full/event_story/5103 - 御魂的特训 月出里篇/510301-6.json	679dd93c5b088b2c725a103a83445ac0912ebd3a	38	manifests/story_quality_semantic_batch09_ai_only_20261002_evidence.json.gz	20c748f726593711a2e29ad99d10f60f08a98db9	[3321]	"{""path"":""magireco-translate-data-master/Scenarios_full/event_story/5103 - 御魂的特训 月出里篇/510301-6.json"",""cn_blob"":""95a434123b38afa006b24c7e8a7582dddef25114"",""jp_path"":""magireco-source-master/Scenarios_full/event_story/5103 - 御魂的特训 月出里篇/510301-6.json"",""jp_blob"":""679dd93c5b088b2c725a103a83445ac0912ebd3a"",""evidence"":{""batch"":""20261002-semantic-batch09-ai-only"",""source_commit"":""20c748f726593711a2e29ad99d10f60f08a98db9"",""report"":""manifests/story_quality_semantic_batch09_ai_only_20261002_evidence.json.gz"",""script_id"":""510301-6"",""full_fields"":55,""text_changed"":true}}"
510301-7	"[""510301""]"	"[""""]"	magireco-translate-data-master/Scenarios_full/event_story/5103 - 御魂的特训 月出里篇/510301-7.json	True	True	after_20261001_takeover	74	d9a16f01f75cb4b6bb9620bfb67982bfc549c7b8	magireco-source-master/Scenarios_full/event_story/5103 - 御魂的特训 月出里篇/510301-7.json	530f24fa41bfef1db879a78c9d0193c95843270c	61	manifests/story_quality_semantic_batch09_ai_only_20261002_evidence.json.gz	20c748f726593711a2e29ad99d10f60f08a98db9	[3321]	"{""path"":""magireco-translate-data-master/Scenarios_full/event_story/5103 - 御魂的特训 月出里篇/510301-7.json"",""cn_blob"":""d9a16f01f75cb4b6bb9620bfb67982bfc549c7b8"",""jp_path"":""magireco-source-master/Scenarios_full/event_story/5103 - 御魂的特训 月出里篇/510301-7.json"",""jp_blob"":""530f24fa41bfef1db879a78c9d0193c95843270c"",""evidence"":{""batch"":""20261002-semantic-batch09-ai-only"",""source_commit"":""20c748f726593711a2e29ad99d10f60f08a98db9"",""report"":""manifests/story_quality_semantic_batch09_ai_only_20261002_evidence.json.gz"",""script_id"":""510301-7"",""full_fields"":74,""text_changed"":true}}"
510301-8	"[""510301""]"	"[""""]"	magireco-translate-data-master/Scenarios_full/event_story/5103 - 御魂的特训 月出里篇/510301-8.json	True	True	after_20261001_takeover	35	aa5997786babb412df10dbb8c5232dd0e9dadfd1	magireco-source-master/Scenarios_full/event_story/5103 - 御魂的特训 月出里篇/510301-8.json	2492248c48f2d4f92c40e98491b28bf4d7596a0b	28	manifests/story_quality_semantic_batch09_ai_only_20261002_evidence.json.gz	20c748f726593711a2e29ad99d10f60f08a98db9	[3321]	"{""path"":""magireco-translate-data-master/Scenarios_full/event_story/5103 - 御魂的特训 月出里篇/510301-8.json"",""cn_blob"":""aa5997786babb412df10dbb8c5232dd0e9dadfd1"",""jp_path"":""magireco-source-master/Scenarios_full/event_story/5103 - 御魂的特训 月出里篇/510301-8.json"",""jp_blob"":""2492248c48f2d4f92c40e98491b28bf4d7596a0b"",""evidence"":{""batch"":""20261002-semantic-batch09-ai-only"",""source_commit"":""20c748f726593711a2e29ad99d10f60f08a98db9"",""report"":""manifests/story_quality_semantic_batch09_ai_only_20261002_evidence.json.gz"",""script_id"":""510301-8"",""full_fields"":35,""text_changed"":true}}"
510301-9	"[""510301""]"	"[""""]"	magireco-translate-data-master/Scenarios_full/event_story/5103 - 御魂的特训 月出里篇/510301-9.json	True	True	after_20261001_takeover	55	2304aaf399906342bf3b60b2d682737f7689c678	magireco-source-master/Scenarios_full/event_story/5103 - 御魂的特训 月出里篇/510301-9.json	a43d27824f9d90f737ecc10dccc3f2f881024134	43	manifests/story_quality_semantic_batch03_20261001_evidence.json.gz		[3315]	"{""path"":""magireco-translate-data-master/Scenarios_full/event_story/5103 - 御魂的特训 月出里篇/510301-9.json"",""cn_blob"":""2304aaf399906342bf3b60b2d682737f7689c678"",""jp_path"":""magireco-source-master/Scenarios_full/event_story/5103 - 御魂的特训 月出里篇/510301-9.json"",""jp_blob"":""a43d27824f9d90f737ecc10dccc3f2f881024134"",""evidence"":{""status"":""full_review_3315"",""prior_evidence"":{""report"":""manifests/story_quality_semantic_batch03_20261001_evidence.json.gz"",""jp_blob"":""a43d27824f9d90f737ecc10dccc3f2f881024134"",""body_fingerprint"":""24b8caed3f146af3c081262a2357b38d089edf13d6bb27defd19f6438218583a"",""source_CN_blob"":""08f487148d4a8fe35c2c66a3b8cba16477bfdf72"",""reviewed_CN_fields"":55,""full_read"":true,""source_authorship_not_reclassified"":true},""body_fingerprint"":""24b8caed3f146af3c081262a2357b38d089edf13d6bb27defd19f6438218583a""}}"
510510-10_Hemql	"[""510510""]"	"[""""]"	magireco-translate-data-master/Scenarios_full/event_story/5105 - Mixed Summer！～梦幻的最佳镜头～/510510-10_Hemql.json	True	True	after_20261001_takeover	83	75ee12ab3b5e1a1eed6f2594e17b25a63152987d	magireco-source-master/Scenarios_full/event_story/5105 - Mixed Summer！～梦幻的最佳镜头～/510510-10_Hemql.json	e4c7a5a3249d3dfe470eab8dde5522ec726b62f2	72	manifests/story_quality_semantic_batch09_ai_only_20261002_evidence.json.gz	20c748f726593711a2e29ad99d10f60f08a98db9	[3321]	"{""path"":""magireco-translate-data-master/Scenarios_full/event_story/5105 - Mixed Summer！～梦幻的最佳镜头～/510510-10_Hemql.json"",""cn_blob"":""75ee12ab3b5e1a1eed6f2594e17b25a63152987d"",""jp_path"":""magireco-source-master/Scenarios_full/event_story/5105 - Mixed Summer！～梦幻的最佳镜头～/510510-10_Hemql.json"",""jp_blob"":""e4c7a5a3249d3dfe470eab8dde5522ec726b62f2"",""evidence"":{""batch"":""20261002-semantic-batch09-ai-only"",""source_commit"":""20c748f726593711a2e29ad99d10f60f08a98db9"",""report"":""manifests/story_quality_semantic_batch09_ai_only_20261002_evidence.json.gz"",""script_id"":""510510-10_Hemql"",""full_fields"":83,""text_changed"":true}}"
510510-1_Hemql	"[""510510""]"	"[""""]"	magireco-translate-data-master/Scenarios_full/event_story/5105 - Mixed Summer！～梦幻的最佳镜头～/510510-1_Hemql.json	True	True	after_20261001_takeover	58	23b7ecdae10ba387868e76dfb387ecccf243d228	magireco-source-master/Scenarios_full/event_story/5105 - Mixed Summer！～梦幻的最佳镜头～/510510-1_Hemql.json	6e3edaa6194eb4b9001a5fadb9368d03e9f6b2f2	52	manifests/story_quality_semantic_batch09_ai_only_20261002_evidence.json.gz	20c748f726593711a2e29ad99d10f60f08a98db9	[3321]	"{""path"":""magireco-translate-data-master/Scenarios_full/event_story/5105 - Mixed Summer！～梦幻的最佳镜头～/510510-1_Hemql.json"",""cn_blob"":""23b7ecdae10ba387868e76dfb387ecccf243d228"",""jp_path"":""magireco-source-master/Scenarios_full/event_story/5105 - Mixed Summer！～梦幻的最佳镜头～/510510-1_Hemql.json"",""jp_blob"":""6e3edaa6194eb4b9001a5fadb9368d03e9f6b2f2"",""evidence"":{""batch"":""20261002-semantic-batch09-ai-only"",""source_commit"":""20c748f726593711a2e29ad99d10f60f08a98db9"",""report"":""manifests/story_quality_semantic_batch09_ai_only_20261002_evidence.json.gz"",""script_id"":""510510-1_Hemql"",""full_fields"":58,""text_changed"":true}}"
510510-2_Hemql	"[""510510""]"	"[""""]"	magireco-translate-data-master/Scenarios_full/event_story/5105 - Mixed Summer！～梦幻的最佳镜头～/510510-2_Hemql.json	True	True	after_20261001_takeover	74	61588bf57ab6b317681b96fe065c14b49defaacc	magireco-source-master/Scenarios_full/event_story/5105 - Mixed Summer！～梦幻的最佳镜头～/510510-2_Hemql.json	ff103224620e19930c5f08e04e447422239ddd39	64	manifests/story_quality_semantic_batch09_ai_only_20261002_evidence.json.gz	20c748f726593711a2e29ad99d10f60f08a98db9	[3321]	"{""path"":""magireco-translate-data-master/Scenarios_full/event_story/5105 - Mixed Summer！～梦幻的最佳镜头～/510510-2_Hemql.json"",""cn_blob"":""61588bf57ab6b317681b96fe065c14b49defaacc"",""jp_path"":""magireco-source-master/Scenarios_full/event_story/5105 - Mixed Summer！～梦幻的最佳镜头～/510510-2_Hemql.json"",""jp_blob"":""ff103224620e19930c5f08e04e447422239ddd39"",""evidence"":{""batch"":""20261002-semantic-batch09-ai-only"",""source_commit"":""20c748f726593711a2e29ad99d10f60f08a98db9"",""report"":""manifests/story_quality_semantic_batch09_ai_only_20261002_evidence.json.gz"",""script_id"":""510510-2_Hemql"",""full_fields"":74,""text_changed"":true}}"
510510-3_Hemql	"[""510510""]"	"[""""]"	magireco-translate-data-master/Scenarios_full/event_story/5105 - Mixed Summer！～梦幻的最佳镜头～/510510-3_Hemql.json	True	True	after_20261001_takeover	64	0e7fe27193356f330d8944f34215eb5902d05297	magireco-source-master/Scenarios_full/event_story/5105 - Mixed Summer！～梦幻的最佳镜头～/510510-3_Hemql.json	9dcab3644425f09e75121938d75d7ebac87f4998	58	manifests/story_quality_semantic_batch09_ai_only_20261002_evidence.json.gz	20c748f726593711a2e29ad99d10f60f08a98db9	[3321]	"{""path"":""magireco-translate-data-master/Scenarios_full/event_story/5105 - Mixed Summer！～梦幻的最佳镜头～/510510-3_Hemql.json"",""cn_blob"":""0e7fe27193356f330d8944f34215eb5902d05297"",""jp_path"":""magireco-source-master/Scenarios_full/event_story/5105 - Mixed Summer！～梦幻的最佳镜头～/510510-3_Hemql.json"",""jp_blob"":""9dcab3644425f09e75121938d75d7ebac87f4998"",""evidence"":{""batch"":""20261002-semantic-batch09-ai-only"",""source_commit"":""20c748f726593711a2e29ad99d10f60f08a98db9"",""report"":""manifests/story_quality_semantic_batch09_ai_only_20261002_evidence.json.gz"",""script_id"":""510510-3_Hemql"",""full_fields"":64,""text_changed"":true}}"
510510-4_Hemql	"[""510510""]"	"[""""]"	magireco-translate-data-master/Scenarios_full/event_story/5105 - Mixed Summer！～梦幻的最佳镜头～/510510-4_Hemql.json	True	True	after_20261001_takeover	64	0031c48c4fa7b432de93ece2f71530e73fb479a1	magireco-source-master/Scenarios_full/event_story/5105 - Mixed Summer！～梦幻的最佳镜头～/510510-4_Hemql.json	8ad0233f74d24fdff2783c6d76aff6e1f01a441b	58	manifests/story_quality_semantic_batch09_ai_only_20261002_evidence.json.gz	20c748f726593711a2e29ad99d10f60f08a98db9	[3321]	"{""path"":""magireco-translate-data-master/Scenarios_full/event_story/5105 - Mixed Summer！～梦幻的最佳镜头～/510510-4_Hemql.json"",""cn_blob"":""0031c48c4fa7b432de93ece2f71530e73fb479a1"",""jp_path"":""magireco-source-master/Scenarios_full/event_story/5105 - Mixed Summer！～梦幻的最佳镜头～/510510-4_Hemql.json"",""jp_blob"":""8ad0233f74d24fdff2783c6d76aff6e1f01a441b"",""evidence"":{""batch"":""20261002-semantic-batch09-ai-only"",""source_commit"":""20c748f726593711a2e29ad99d10f60f08a98db9"",""report"":""manifests/story_quality_semantic_batch09_ai_only_20261002_evidence.json.gz"",""script_id"":""510510-4_Hemql"",""full_fields"":64,""text_changed"":true}}"
510510-5_Hemql	"[""510510""]"	"[""""]"	magireco-translate-data-master/Scenarios_full/event_story/5105 - Mixed Summer！～梦幻的最佳镜头～/510510-5_Hemql.json	True	True	after_20261001_takeover	65	c87375ee897baeb3ccf2a6b4df6b13ebdba478c2	magireco-source-master/Scenarios_full/event_story/5105 - Mixed Summer！～梦幻的最佳镜头～/510510-5_Hemql.json	30a172c2f1d3e2506294dd5f19e8ee815c6a9710	57	manifests/story_quality_semantic_batch09_ai_only_20261002_evidence.json.gz	20c748f726593711a2e29ad99d10f60f08a98db9	[3321]	"{""path"":""magireco-translate-data-master/Scenarios_full/event_story/5105 - Mixed Summer！～梦幻的最佳镜头～/510510-5_Hemql.json"",""cn_blob"":""c87375ee897baeb3ccf2a6b4df6b13ebdba478c2"",""jp_path"":""magireco-source-master/Scenarios_full/event_story/5105 - Mixed Summer！～梦幻的最佳镜头～/510510-5_Hemql.json"",""jp_blob"":""30a172c2f1d3e2506294dd5f19e8ee815c6a9710"",""evidence"":{""batch"":""20261002-semantic-batch09-ai-only"",""source_commit"":""20c748f726593711a2e29ad99d10f60f08a98db9"",""report"":""manifests/story_quality_semantic_batch09_ai_only_20261002_evidence.json.gz"",""script_id"":""510510-5_Hemql"",""full_fields"":65,""text_changed"":true}}"
510510-6_Hemql	"[""510510""]"	"[""""]"	magireco-translate-data-master/Scenarios_full/event_story/5105 - Mixed Summer！～梦幻的最佳镜头～/510510-6_Hemql.json	True	True	after_20261001_takeover	62	89dc4a32fc4c70ce4786feef16783938a6d46178	magireco-source-master/Scenarios_full/event_story/5105 - Mixed Summer！～梦幻的最佳镜头～/510510-6_Hemql.json	7a65e35d1cde0465b2a36e7128a6f0a921333c8a	54	manifests/story_quality_semantic_batch09_ai_only_20261002_evidence.json.gz	20c748f726593711a2e29ad99d10f60f08a98db9	[3321]	"{""path"":""magireco-translate-data-master/Scenarios_full/event_story/5105 - Mixed Summer！～梦幻的最佳镜头～/510510-6_Hemql.json"",""cn_blob"":""89dc4a32fc4c70ce4786feef16783938a6d46178"",""jp_path"":""magireco-source-master/Scenarios_full/event_story/5105 - Mixed Summer！～梦幻的最佳镜头～/510510-6_Hemql.json"",""jp_blob"":""7a65e35d1cde0465b2a36e7128a6f0a921333c8a"",""evidence"":{""batch"":""20261002-semantic-batch09-ai-only"",""source_commit"":""20c748f726593711a2e29ad99d10f60f08a98db9"",""report"":""manifests/story_quality_semantic_batch09_ai_only_20261002_evidence.json.gz"",""script_id"":""510510-6_Hemql"",""full_fields"":62,""text_changed"":true}}"
510510-7_Hemql	"[""510510""]"	"[""""]"	magireco-translate-data-master/Scenarios_full/event_story/5105 - Mixed Summer！～梦幻的最佳镜头～/510510-7_Hemql.json	True	True	after_20261001_takeover	64	70e35fccff48b32ab397406b7186aa8b53a15492	magireco-source-master/Scenarios_full/event_story/5105 - Mixed Summer！～梦幻的最佳镜头～/510510-7_Hemql.json	c06f1dad6fa192d005c767994fb0ec4c673983e7	56	manifests/story_quality_semantic_batch09_ai_only_20261002_evidence.json.gz	20c748f726593711a2e29ad99d10f60f08a98db9	[3321]	"{""path"":""magireco-translate-data-master/Scenarios_full/event_story/5105 - Mixed Summer！～梦幻的最佳镜头～/510510-7_Hemql.json"",""cn_blob"":""70e35fccff48b32ab397406b7186aa8b53a15492"",""jp_path"":""magireco-source-master/Scenarios_full/event_story/5105 - Mixed Summer！～梦幻的最佳镜头～/510510-7_Hemql.json"",""jp_blob"":""c06f1dad6fa192d005c767994fb0ec4c673983e7"",""evidence"":{""batch"":""20261002-semantic-batch09-ai-only"",""source_commit"":""20c748f726593711a2e29ad99d10f60f08a98db9"",""report"":""manifests/story_quality_semantic_batch09_ai_only_20261002_evidence.json.gz"",""script_id"":""510510-7_Hemql"",""full_fields"":64,""text_changed"":true}}"
510510-8_Hemql	"[""510510""]"	"[""""]"	magireco-translate-data-master/Scenarios_full/event_story/5105 - Mixed Summer！～梦幻的最佳镜头～/510510-8_Hemql.json	True	True	after_20261001_takeover	70	268adb4fe4e167bf5353dbf1a48d0cc38c18c3fd	magireco-source-master/Scenarios_full/event_story/5105 - Mixed Summer！～梦幻的最佳镜头～/510510-8_Hemql.json	c8184e6d4a0e4f8dde2e0501c90c01b441df1bd9	61	manifests/story_quality_semantic_batch09_ai_only_20261002_evidence.json.gz	20c748f726593711a2e29ad99d10f60f08a98db9	[3321]	"{""path"":""magireco-translate-data-master/Scenarios_full/event_story/5105 - Mixed Summer！～梦幻的最佳镜头～/510510-8_Hemql.json"",""cn_blob"":""268adb4fe4e167bf5353dbf1a48d0cc38c18c3fd"",""jp_path"":""magireco-source-master/Scenarios_full/event_story/5105 - Mixed Summer！～梦幻的最佳镜头～/510510-8_Hemql.json"",""jp_blob"":""c8184e6d4a0e4f8dde2e0501c90c01b441df1bd9"",""evidence"":{""batch"":""20261002-semantic-batch09-ai-only"",""source_commit"":""20c748f726593711a2e29ad99d10f60f08a98db9"",""report"":""manifests/story_quality_semantic_batch09_ai_only_20261002_evidence.json.gz"",""script_id"":""510510-8_Hemql"",""full_fields"":70,""text_changed"":true}}"
510510-9_Hemql	"[""510510""]"	"[""""]"	magireco-translate-data-master/Scenarios_full/event_story/5105 - Mixed Summer！～梦幻的最佳镜头～/510510-9_Hemql.json	True	True	after_20261001_takeover	65	b0d512d47f8dcef093e280a9c917c5652b28587e	magireco-source-master/Scenarios_full/event_story/5105 - Mixed Summer！～梦幻的最佳镜头～/510510-9_Hemql.json	e4b6d64a19dd5c8cb3ce5a12d0934eb9a801fa13	54	manifests/story_quality_semantic_batch09_ai_only_20261002_evidence.json.gz	20c748f726593711a2e29ad99d10f60f08a98db9	[3321]	"{""path"":""magireco-translate-data-master/Scenarios_full/event_story/5105 - Mixed Summer！～梦幻的最佳镜头～/510510-9_Hemql.json"",""cn_blob"":""b0d512d47f8dcef093e280a9c917c5652b28587e"",""jp_path"":""magireco-source-master/Scenarios_full/event_story/5105 - Mixed Summer！～梦幻的最佳镜头～/510510-9_Hemql.json"",""jp_blob"":""e4b6d64a19dd5c8cb3ce5a12d0934eb9a801fa13"",""evidence"":{""batch"":""20261002-semantic-batch09-ai-only"",""source_commit"":""20c748f726593711a2e29ad99d10f60f08a98db9"",""report"":""manifests/story_quality_semantic_batch09_ai_only_20261002_evidence.json.gz"",""script_id"":""510510-9_Hemql"",""full_fields"":65,""text_changed"":true}}"
510520-10_5XtSr	"[""510520""]"	"[""""]"	magireco-translate-data-master/Scenarios_full/event_story/5105 - Mixed Summer！～梦幻的最佳镜头～/510520-10_5XtSr.json	True	True	after_20261001_takeover	84	311e9953f6324557b307cba6617c0bd287b76f34	magireco-source-master/Scenarios_full/event_story/5105 - Mixed Summer！～梦幻的最佳镜头～/510520-10_5XtSr.json	43929e84115457511b58ff1dc9d126f36893917e	72	manifests/story_quality_semantic_batch09_ai_only_20261002_evidence.json.gz	20c748f726593711a2e29ad99d10f60f08a98db9	[3321]	"{""path"":""magireco-translate-data-master/Scenarios_full/event_story/5105 - Mixed Summer！～梦幻的最佳镜头～/510520-10_5XtSr.json"",""cn_blob"":""311e9953f6324557b307cba6617c0bd287b76f34"",""jp_path"":""magireco-source-master/Scenarios_full/event_story/5105 - Mixed Summer！～梦幻的最佳镜头～/510520-10_5XtSr.json"",""jp_blob"":""43929e84115457511b58ff1dc9d126f36893917e"",""evidence"":{""batch"":""20261002-semantic-batch09-ai-only"",""source_commit"":""20c748f726593711a2e29ad99d10f60f08a98db9"",""report"":""manifests/story_quality_semantic_batch09_ai_only_20261002_evidence.json.gz"",""script_id"":""510520-10_5XtSr"",""full_fields"":84,""text_changed"":true}}"
510520-1_5XtSr	"[""510520""]"	"[""""]"	magireco-translate-data-master/Scenarios_full/event_story/5105 - Mixed Summer！～梦幻的最佳镜头～/510520-1_5XtSr.json	True	True	after_20261001_takeover	56	968080eb1e1cfcc0b80e17b3a4c02d8e7c235cc6	magireco-source-master/Scenarios_full/event_story/5105 - Mixed Summer！～梦幻的最佳镜头～/510520-1_5XtSr.json	5d03066811befe78d55ddc690a5732c130dd27fe	48	manifests/story_quality_semantic_batch09_ai_only_20261002_evidence.json.gz	20c748f726593711a2e29ad99d10f60f08a98db9	[3321]	"{""path"":""magireco-translate-data-master/Scenarios_full/event_story/5105 - Mixed Summer！～梦幻的最佳镜头～/510520-1_5XtSr.json"",""cn_blob"":""968080eb1e1cfcc0b80e17b3a4c02d8e7c235cc6"",""jp_path"":""magireco-source-master/Scenarios_full/event_story/5105 - Mixed Summer！～梦幻的最佳镜头～/510520-1_5XtSr.json"",""jp_blob"":""5d03066811befe78d55ddc690a5732c130dd27fe"",""evidence"":{""batch"":""20261002-semantic-batch09-ai-only"",""source_commit"":""20c748f726593711a2e29ad99d10f60f08a98db9"",""report"":""manifests/story_quality_semantic_batch09_ai_only_20261002_evidence.json.gz"",""script_id"":""510520-1_5XtSr"",""full_fields"":56,""text_changed"":true}}"
510520-2_5XtSr	"[""510520""]"	"[""""]"	magireco-translate-data-master/Scenarios_full/event_story/5105 - Mixed Summer！～梦幻的最佳镜头～/510520-2_5XtSr.json	True	True	after_20261001_takeover	45	5f71c29a4aa1f92744c46be27f71e0c9fb30a3ac	magireco-source-master/Scenarios_full/event_story/5105 - Mixed Summer！～梦幻的最佳镜头～/510520-2_5XtSr.json	6d7aee9709ade619e3694556fd5608833edc1452	38	manifests/story_quality_semantic_batch09_ai_only_20261002_evidence.json.gz	20c748f726593711a2e29ad99d10f60f08a98db9	[3321]	"{""path"":""magireco-translate-data-master/Scenarios_full/event_story/5105 - Mixed Summer！～梦幻的最佳镜头～/510520-2_5XtSr.json"",""cn_blob"":""5f71c29a4aa1f92744c46be27f71e0c9fb30a3ac"",""jp_path"":""magireco-source-master/Scenarios_full/event_story/5105 - Mixed Summer！～梦幻的最佳镜头～/510520-2_5XtSr.json"",""jp_blob"":""6d7aee9709ade619e3694556fd5608833edc1452"",""evidence"":{""batch"":""20261002-semantic-batch09-ai-only"",""source_commit"":""20c748f726593711a2e29ad99d10f60f08a98db9"",""report"":""manifests/story_quality_semantic_batch09_ai_only_20261002_evidence.json.gz"",""script_id"":""510520-2_5XtSr"",""full_fields"":45,""text_changed"":true}}"
510520-3_5XtSr	"[""510520""]"	"[""""]"	magireco-translate-data-master/Scenarios_full/event_story/5105 - Mixed Summer！～梦幻的最佳镜头～/510520-3_5XtSr.json	True	True	after_20261001_takeover	68	b58266b76a183d0b6338d98b9590a1d1145c572d	magireco-source-master/Scenarios_full/event_story/5105 - Mixed Summer！～梦幻的最佳镜头～/510520-3_5XtSr.json	fe727fcf3d2b1ebbaba670a2d3c93b0a98c6cf79	56	manifests/story_quality_semantic_batch09_ai_only_20261002_evidence.json.gz	20c748f726593711a2e29ad99d10f60f08a98db9	[3321]	"{""path"":""magireco-translate-data-master/Scenarios_full/event_story/5105 - Mixed Summer！～梦幻的最佳镜头～/510520-3_5XtSr.json"",""cn_blob"":""b58266b76a183d0b6338d98b9590a1d1145c572d"",""jp_path"":""magireco-source-master/Scenarios_full/event_story/5105 - Mixed Summer！～梦幻的最佳镜头～/510520-3_5XtSr.json"",""jp_blob"":""fe727fcf3d2b1ebbaba670a2d3c93b0a98c6cf79"",""evidence"":{""batch"":""20261002-semantic-batch09-ai-only"",""source_commit"":""20c748f726593711a2e29ad99d10f60f08a98db9"",""report"":""manifests/story_quality_semantic_batch09_ai_only_20261002_evidence.json.gz"",""script_id"":""510520-3_5XtSr"",""full_fields"":68,""text_changed"":true}}"
510520-4_5XtSr	"[""510520""]"	"[""""]"	magireco-translate-data-master/Scenarios_full/event_story/5105 - Mixed Summer！～梦幻的最佳镜头～/510520-4_5XtSr.json	True	True	after_20261001_takeover	64	371852ce5ede1a5ca2e05c9b06d256bf561cabf5	magireco-source-master/Scenarios_full/event_story/5105 - Mixed Summer！～梦幻的最佳镜头～/510520-4_5XtSr.json	cfe789f72c436ce43fd388275295950867159da5	52	manifests/story_quality_semantic_batch09_ai_only_20261002_evidence.json.gz	20c748f726593711a2e29ad99d10f60f08a98db9	[3321]	"{""path"":""magireco-translate-data-master/Scenarios_full/event_story/5105 - Mixed Summer！～梦幻的最佳镜头～/510520-4_5XtSr.json"",""cn_blob"":""371852ce5ede1a5ca2e05c9b06d256bf561cabf5"",""jp_path"":""magireco-source-master/Scenarios_full/event_story/5105 - Mixed Summer！～梦幻的最佳镜头～/510520-4_5XtSr.json"",""jp_blob"":""cfe789f72c436ce43fd388275295950867159da5"",""evidence"":{""batch"":""20261002-semantic-batch09-ai-only"",""source_commit"":""20c748f726593711a2e29ad99d10f60f08a98db9"",""report"":""manifests/story_quality_semantic_batch09_ai_only_20261002_evidence.json.gz"",""script_id"":""510520-4_5XtSr"",""full_fields"":64,""text_changed"":true}}"
510520-5_5XtSr	"[""510520""]"	"[""""]"	magireco-translate-data-master/Scenarios_full/event_story/5105 - Mixed Summer！～梦幻的最佳镜头～/510520-5_5XtSr.json	True	True	after_20261001_takeover	58	51634fc4b0485d3d4163b9c87bc9104df094f911	magireco-source-master/Scenarios_full/event_story/5105 - Mixed Summer！～梦幻的最佳镜头～/510520-5_5XtSr.json	a1298bdeeab00cd9278262e6d188de6f1096ef1c	50	manifests/story_quality_semantic_batch09_ai_only_20261002_evidence.json.gz	20c748f726593711a2e29ad99d10f60f08a98db9	[3321]	"{""path"":""magireco-translate-data-master/Scenarios_full/event_story/5105 - Mixed Summer！～梦幻的最佳镜头～/510520-5_5XtSr.json"",""cn_blob"":""51634fc4b0485d3d4163b9c87bc9104df094f911"",""jp_path"":""magireco-source-master/Scenarios_full/event_story/5105 - Mixed Summer！～梦幻的最佳镜头～/510520-5_5XtSr.json"",""jp_blob"":""a1298bdeeab00cd9278262e6d188de6f1096ef1c"",""evidence"":{""batch"":""20261002-semantic-batch09-ai-only"",""source_commit"":""20c748f726593711a2e29ad99d10f60f08a98db9"",""report"":""manifests/story_quality_semantic_batch09_ai_only_20261002_evidence.json.gz"",""script_id"":""510520-5_5XtSr"",""full_fields"":58,""text_changed"":true}}"
510520-6_5XtSr	"[""510520""]"	"[""""]"	magireco-translate-data-master/Scenarios_full/event_story/5105 - Mixed Summer！～梦幻的最佳镜头～/510520-6_5XtSr.json	True	True	after_20261001_takeover	43	85481a93527f57b8e211fe6f3689ce74e92f049e	magireco-source-master/Scenarios_full/event_story/5105 - Mixed Summer！～梦幻的最佳镜头～/510520-6_5XtSr.json	4ee08f1eb890a87492ba22b46c4e81d1bae7a870	38	manifests/story_quality_semantic_batch09_ai_only_20261002_evidence.json.gz	20c748f726593711a2e29ad99d10f60f08a98db9	[3321]	"{""path"":""magireco-translate-data-master/Scenarios_full/event_story/5105 - Mixed Summer！～梦幻的最佳镜头～/510520-6_5XtSr.json"",""cn_blob"":""85481a93527f57b8e211fe6f3689ce74e92f049e"",""jp_path"":""magireco-source-master/Scenarios_full/event_story/5105 - Mixed Summer！～梦幻的最佳镜头～/510520-6_5XtSr.json"",""jp_blob"":""4ee08f1eb890a87492ba22b46c4e81d1bae7a870"",""evidence"":{""batch"":""20261002-semantic-batch09-ai-only"",""source_commit"":""20c748f726593711a2e29ad99d10f60f08a98db9"",""report"":""manifests/story_quality_semantic_batch09_ai_only_20261002_evidence.json.gz"",""script_id"":""510520-6_5XtSr"",""full_fields"":43,""text_changed"":true}}"
510520-7_5XtSr	"[""510520""]"	"[""""]"	magireco-translate-data-master/Scenarios_full/event_story/5105 - Mixed Summer！～梦幻的最佳镜头～/510520-7_5XtSr.json	True	True	after_20261001_takeover	42	efe18a1fb328a74ca89292e3dc91e972163c38e0	magireco-source-master/Scenarios_full/event_story/5105 - Mixed Summer！～梦幻的最佳镜头～/510520-7_5XtSr.json	c26871bba4c8413a58d59480869a4fdb4dd9f237	35	manifests/story_quality_semantic_batch09_ai_only_20261002_evidence.json.gz	20c748f726593711a2e29ad99d10f60f08a98db9	[3321]	"{""path"":""magireco-translate-data-master/Scenarios_full/event_story/5105 - Mixed Summer！～梦幻的最佳镜头～/510520-7_5XtSr.json"",""cn_blob"":""efe18a1fb328a74ca89292e3dc91e972163c38e0"",""jp_path"":""magireco-source-master/Scenarios_full/event_story/5105 - Mixed Summer！～梦幻的最佳镜头～/510520-7_5XtSr.json"",""jp_blob"":""c26871bba4c8413a58d59480869a4fdb4dd9f237"",""evidence"":{""batch"":""20261002-semantic-batch09-ai-only"",""source_commit"":""20c748f726593711a2e29ad99d10f60f08a98db9"",""report"":""manifests/story_quality_semantic_batch09_ai_only_20261002_evidence.json.gz"",""script_id"":""510520-7_5XtSr"",""full_fields"":42,""text_changed"":true}}"
510520-8_5XtSr	"[""510520""]"	"[""""]"	magireco-translate-data-master/Scenarios_full/event_story/5105 - Mixed Summer！～梦幻的最佳镜头～/510520-8_5XtSr.json	True	True	after_20261001_takeover	85	ddb601dadf16904db84310a9f508f93b70146844	magireco-source-master/Scenarios_full/event_story/5105 - Mixed Summer！～梦幻的最佳镜头～/510520-8_5XtSr.json	b59bdfdf97cbd09be30ae6b184383df30cb0fbca	73	manifests/story_quality_semantic_batch09_ai_only_20261002_evidence.json.gz	20c748f726593711a2e29ad99d10f60f08a98db9	[3321]	"{""path"":""magireco-translate-data-master/Scenarios_full/event_story/5105 - Mixed Summer！～梦幻的最佳镜头～/510520-8_5XtSr.json"",""cn_blob"":""ddb601dadf16904db84310a9f508f93b70146844"",""jp_path"":""magireco-source-master/Scenarios_full/event_story/5105 - Mixed Summer！～梦幻的最佳镜头～/510520-8_5XtSr.json"",""jp_blob"":""b59bdfdf97cbd09be30ae6b184383df30cb0fbca"",""evidence"":{""batch"":""20261002-semantic-batch09-ai-only"",""source_commit"":""20c748f726593711a2e29ad99d10f60f08a98db9"",""report"":""manifests/story_quality_semantic_batch09_ai_only_20261002_evidence.json.gz"",""script_id"":""510520-8_5XtSr"",""full_fields"":85,""text_changed"":true}}"
510520-9_5XtSr	"[""510520""]"	"[""""]"	magireco-translate-data-master/Scenarios_full/event_story/5105 - Mixed Summer！～梦幻的最佳镜头～/510520-9_5XtSr.json	True	True	after_20261001_takeover	81	77374cf5414f5c485c51a27627f548d8c206118e	magireco-source-master/Scenarios_full/event_story/5105 - Mixed Summer！～梦幻的最佳镜头～/510520-9_5XtSr.json	b5abc1e6b40c618711764ba9d72cb77ec3aa60a5	69	manifests/story_quality_semantic_batch09_ai_only_20261002_evidence.json.gz	20c748f726593711a2e29ad99d10f60f08a98db9	[3321]	"{""path"":""magireco-translate-data-master/Scenarios_full/event_story/5105 - Mixed Summer！～梦幻的最佳镜头～/510520-9_5XtSr.json"",""cn_blob"":""77374cf5414f5c485c51a27627f548d8c206118e"",""jp_path"":""magireco-source-master/Scenarios_full/event_story/5105 - Mixed Summer！～梦幻的最佳镜头～/510520-9_5XtSr.json"",""jp_blob"":""b5abc1e6b40c618711764ba9d72cb77ec3aa60a5"",""evidence"":{""batch"":""20261002-semantic-batch09-ai-only"",""source_commit"":""20c748f726593711a2e29ad99d10f60f08a98db9"",""report"":""manifests/story_quality_semantic_batch09_ai_only_20261002_evidence.json.gz"",""script_id"":""510520-9_5XtSr"",""full_fields"":81,""text_changed"":true}}"
510601-0	"[""510601"",""510601-04""]"	"[""""]"	magireco-translate-data-master/Scenarios_full/event_story/5106 - Unknown Story～盛夏的魔法和明天的记忆～/510601-0.json	True	True	after_20261001_takeover	23	5f39ac13cc4df792d7431a7f4cdfacefb62d2f97	magireco-source-master/Scenarios_full/event_story/5106 - Unknown Story～盛夏的魔法和明天的记忆～/510601-0.json	7ce98516de64e5b1ce207aa3cb67b2cf9fe168e5	10	manifests/story_quality_semantic_batch09_ai_only_20261002_evidence.json.gz	20c748f726593711a2e29ad99d10f60f08a98db9	[3321]	"{""path"":""magireco-translate-data-master/Scenarios_full/event_story/5106 - Unknown Story～盛夏的魔法和明天的记忆～/510601-0.json"",""cn_blob"":""5f39ac13cc4df792d7431a7f4cdfacefb62d2f97"",""jp_path"":""magireco-source-master/Scenarios_full/event_story/5106 - Unknown Story～盛夏的魔法和明天的记忆～/510601-0.json"",""jp_blob"":""7ce98516de64e5b1ce207aa3cb67b2cf9fe168e5"",""evidence"":{""batch"":""20261002-semantic-batch09-ai-only"",""source_commit"":""20c748f726593711a2e29ad99d10f60f08a98db9"",""report"":""manifests/story_quality_semantic_batch09_ai_only_20261002_evidence.json.gz"",""script_id"":""510601-0"",""full_fields"":23,""text_changed"":true}}"
510601-1	"[""510601"",""510601-04""]"	"[""""]"	magireco-translate-data-master/Scenarios_full/event_story/5106 - Unknown Story～盛夏的魔法和明天的记忆～/510601-1.json	True	True	after_20261001_takeover	62	b69d4d3bf53403b666342c7f70a325c355c77220	magireco-source-master/Scenarios_full/event_story/5106 - Unknown Story～盛夏的魔法和明天的记忆～/510601-1.json	8772d98c249254025d40a6dd022a37738ffe637c	50	manifests/story_quality_semantic_batch09_ai_only_20261002_evidence.json.gz	20c748f726593711a2e29ad99d10f60f08a98db9	[3321]	"{""path"":""magireco-translate-data-master/Scenarios_full/event_story/5106 - Unknown Story～盛夏的魔法和明天的记忆～/510601-1.json"",""cn_blob"":""b69d4d3bf53403b666342c7f70a325c355c77220"",""jp_path"":""magireco-source-master/Scenarios_full/event_story/5106 - Unknown Story～盛夏的魔法和明天的记忆～/510601-1.json"",""jp_blob"":""8772d98c249254025d40a6dd022a37738ffe637c"",""evidence"":{""batch"":""20261002-semantic-batch09-ai-only"",""source_commit"":""20c748f726593711a2e29ad99d10f60f08a98db9"",""report"":""manifests/story_quality_semantic_batch09_ai_only_20261002_evidence.json.gz"",""script_id"":""510601-1"",""full_fields"":62,""text_changed"":true}}"
510601-2	"[""510601"",""510601-04""]"	"[""""]"	magireco-translate-data-master/Scenarios_full/event_story/5106 - Unknown Story～盛夏的魔法和明天的记忆～/510601-2.json	True	True	after_20261001_takeover	57	b01f351648ea2e58692a1aea97e7359aee0a335f	magireco-source-master/Scenarios_full/event_story/5106 - Unknown Story～盛夏的魔法和明天的记忆～/510601-2.json	39b92ac79f7103dd42c77fb986825a23e7a2494c	49	manifests/story_quality_semantic_batch09_ai_only_20261002_evidence.json.gz	20c748f726593711a2e29ad99d10f60f08a98db9	[3321]	"{""path"":""magireco-translate-data-master/Scenarios_full/event_story/5106 - Unknown Story～盛夏的魔法和明天的记忆～/510601-2.json"",""cn_blob"":""b01f351648ea2e58692a1aea97e7359aee0a335f"",""jp_path"":""magireco-source-master/Scenarios_full/event_story/5106 - Unknown Story～盛夏的魔法和明天的记忆～/510601-2.json"",""jp_blob"":""39b92ac79f7103dd42c77fb986825a23e7a2494c"",""evidence"":{""batch"":""20261002-semantic-batch09-ai-only"",""source_commit"":""20c748f726593711a2e29ad99d10f60f08a98db9"",""report"":""manifests/story_quality_semantic_batch09_ai_only_20261002_evidence.json.gz"",""script_id"":""510601-2"",""full_fields"":57,""text_changed"":true}}"
510601-3	"[""510601"",""510601-04""]"	"[""""]"	magireco-translate-data-master/Scenarios_full/event_story/5106 - Unknown Story～盛夏的魔法和明天的记忆～/510601-3.json	True	True	after_20261001_takeover	58	c708a6c16104f71c32bf942000fe6bc83e1b621e	magireco-source-master/Scenarios_full/event_story/5106 - Unknown Story～盛夏的魔法和明天的记忆～/510601-3.json	0ce57d90f7844eef1b361d53f6446f7dd3aa5f1d	48	manifests/story_quality_semantic_batch09_ai_only_20261002_evidence.json.gz	20c748f726593711a2e29ad99d10f60f08a98db9	[3321]	"{""path"":""magireco-translate-data-master/Scenarios_full/event_story/5106 - Unknown Story～盛夏的魔法和明天的记忆～/510601-3.json"",""cn_blob"":""c708a6c16104f71c32bf942000fe6bc83e1b621e"",""jp_path"":""magireco-source-master/Scenarios_full/event_story/5106 - Unknown Story～盛夏的魔法和明天的记忆～/510601-3.json"",""jp_blob"":""0ce57d90f7844eef1b361d53f6446f7dd3aa5f1d"",""evidence"":{""batch"":""20261002-semantic-batch09-ai-only"",""source_commit"":""20c748f726593711a2e29ad99d10f60f08a98db9"",""report"":""manifests/story_quality_semantic_batch09_ai_only_20261002_evidence.json.gz"",""script_id"":""510601-3"",""full_fields"":58,""text_changed"":true}}"
510601-4	"[""510601"",""510601-04""]"	"[""""]"	magireco-translate-data-master/Scenarios_full/event_story/5106 - Unknown Story～盛夏的魔法和明天的记忆～/510601-4.json	True	True	after_20261001_takeover	41	89a8e3825c7dfc7f421a7d3b6f52d47643fcd71c	magireco-source-master/Scenarios_full/event_story/5106 - Unknown Story～盛夏的魔法和明天的记忆～/510601-4.json	230a28404cdccb2a957901ea0969d138896b7a41	35	manifests/story_quality_semantic_batch09_ai_only_20261002_evidence.json.gz	20c748f726593711a2e29ad99d10f60f08a98db9	[3321]	"{""path"":""magireco-translate-data-master/Scenarios_full/event_story/5106 - Unknown Story～盛夏的魔法和明天的记忆～/510601-4.json"",""cn_blob"":""89a8e3825c7dfc7f421a7d3b6f52d47643fcd71c"",""jp_path"":""magireco-source-master/Scenarios_full/event_story/5106 - Unknown Story～盛夏的魔法和明天的记忆～/510601-4.json"",""jp_blob"":""230a28404cdccb2a957901ea0969d138896b7a41"",""evidence"":{""batch"":""20261002-semantic-batch09-ai-only"",""source_commit"":""20c748f726593711a2e29ad99d10f60f08a98db9"",""report"":""manifests/story_quality_semantic_batch09_ai_only_20261002_evidence.json.gz"",""script_id"":""510601-4"",""full_fields"":41,""text_changed"":true}}"
510601-5	"[""510601"",""510601-04""]"	"[""""]"	magireco-translate-data-master/Scenarios_full/event_story/5106 - Unknown Story～盛夏的魔法和明天的记忆～/510601-5.json	True	True	after_20261001_takeover	64	43adbe4bf6f6cdddcba410669ec6cb17014c0f71	magireco-source-master/Scenarios_full/event_story/5106 - Unknown Story～盛夏的魔法和明天的记忆～/510601-5.json	2eb3c619d226ba143441f289eec96a0b72edf23a	49	manifests/story_quality_semantic_batch09_ai_only_20261002_evidence.json.gz	20c748f726593711a2e29ad99d10f60f08a98db9	[3321]	"{""path"":""magireco-translate-data-master/Scenarios_full/event_story/5106 - Unknown Story～盛夏的魔法和明天的记忆～/510601-5.json"",""cn_blob"":""43adbe4bf6f6cdddcba410669ec6cb17014c0f71"",""jp_path"":""magireco-source-master/Scenarios_full/event_story/5106 - Unknown Story～盛夏的魔法和明天的记忆～/510601-5.json"",""jp_blob"":""2eb3c619d226ba143441f289eec96a0b72edf23a"",""evidence"":{""batch"":""20261002-semantic-batch09-ai-only"",""source_commit"":""20c748f726593711a2e29ad99d10f60f08a98db9"",""report"":""manifests/story_quality_semantic_batch09_ai_only_20261002_evidence.json.gz"",""script_id"":""510601-5"",""full_fields"":64,""text_changed"":true}}"
510602-1	"[""510601-04"",""510602""]"	"[""""]"	magireco-translate-data-master/Scenarios_full/event_story/5106 - Unknown Story～盛夏的魔法和明天的记忆～/510602-1.json	True	True	after_20261001_takeover	49	c4673a1d4ba4c2e1e9f919e970d71020c5473238	magireco-source-master/Scenarios_full/event_story/5106 - Unknown Story～盛夏的魔法和明天的记忆～/510602-1.json	19f3a31ed660a8637501242299323ec2b2f20bcf	37	manifests/story_quality_semantic_batch09_ai_only_20261002_evidence.json.gz	20c748f726593711a2e29ad99d10f60f08a98db9	[3321]	"{""path"":""magireco-translate-data-master/Scenarios_full/event_story/5106 - Unknown Story～盛夏的魔法和明天的记忆～/510602-1.json"",""cn_blob"":""c4673a1d4ba4c2e1e9f919e970d71020c5473238"",""jp_path"":""magireco-source-master/Scenarios_full/event_story/5106 - Unknown Story～盛夏的魔法和明天的记忆～/510602-1.json"",""jp_blob"":""19f3a31ed660a8637501242299323ec2b2f20bcf"",""evidence"":{""batch"":""20261002-semantic-batch09-ai-only"",""source_commit"":""20c748f726593711a2e29ad99d10f60f08a98db9"",""report"":""manifests/story_quality_semantic_batch09_ai_only_20261002_evidence.json.gz"",""script_id"":""510602-1"",""full_fields"":49,""text_changed"":true}}"
510602-2	"[""510601-04"",""510602""]"	"[""""]"	magireco-translate-data-master/Scenarios_full/event_story/5106 - Unknown Story～盛夏的魔法和明天的记忆～/510602-2.json	True	True	after_20261001_takeover	40	97a4bc3847fd4147ab366284ededd853b0d6fa5b	magireco-source-master/Scenarios_full/event_story/5106 - Unknown Story～盛夏的魔法和明天的记忆～/510602-2.json	ec9dc8c15e223724915de91a88b212ab7dcad1b3	31	manifests/story_quality_semantic_batch09_ai_only_20261002_evidence.json.gz	20c748f726593711a2e29ad99d10f60f08a98db9	[3321]	"{""path"":""magireco-translate-data-master/Scenarios_full/event_story/5106 - Unknown Story～盛夏的魔法和明天的记忆～/510602-2.json"",""cn_blob"":""97a4bc3847fd4147ab366284ededd853b0d6fa5b"",""jp_path"":""magireco-source-master/Scenarios_full/event_story/5106 - Unknown Story～盛夏的魔法和明天的记忆～/510602-2.json"",""jp_blob"":""ec9dc8c15e223724915de91a88b212ab7dcad1b3"",""evidence"":{""batch"":""20261002-semantic-batch09-ai-only"",""source_commit"":""20c748f726593711a2e29ad99d10f60f08a98db9"",""report"":""manifests/story_quality_semantic_batch09_ai_only_20261002_evidence.json.gz"",""script_id"":""510602-2"",""full_fields"":40,""text_changed"":true}}"
510602-3	"[""510601-04"",""510602""]"	"[""""]"	magireco-translate-data-master/Scenarios_full/event_story/5106 - Unknown Story～盛夏的魔法和明天的记忆～/510602-3.json	True	True	after_20261001_takeover	37	6a0e10796251c616536660c4e327ca9a52764e07	magireco-source-master/Scenarios_full/event_story/5106 - Unknown Story～盛夏的魔法和明天的记忆～/510602-3.json	5c4e22f84dd99d123178cd9572a0110ceb7214db	28	manifests/story_quality_semantic_batch09_ai_only_20261002_evidence.json.gz	20c748f726593711a2e29ad99d10f60f08a98db9	[3321]	"{""path"":""magireco-translate-data-master/Scenarios_full/event_story/5106 - Unknown Story～盛夏的魔法和明天的记忆～/510602-3.json"",""cn_blob"":""6a0e10796251c616536660c4e327ca9a52764e07"",""jp_path"":""magireco-source-master/Scenarios_full/event_story/5106 - Unknown Story～盛夏的魔法和明天的记忆～/510602-3.json"",""jp_blob"":""5c4e22f84dd99d123178cd9572a0110ceb7214db"",""evidence"":{""batch"":""20261002-semantic-batch09-ai-only"",""source_commit"":""20c748f726593711a2e29ad99d10f60f08a98db9"",""report"":""manifests/story_quality_semantic_batch09_ai_only_20261002_evidence.json.gz"",""script_id"":""510602-3"",""full_fields"":37,""text_changed"":true}}"
510602-4	"[""510601-04"",""510602""]"	"[""""]"	magireco-translate-data-master/Scenarios_full/event_story/5106 - Unknown Story～盛夏的魔法和明天的记忆～/510602-4.json	True	True	after_20261001_takeover	71	84e1d2d3a97b0f573c0d0e460388fcd617fcf99c	magireco-source-master/Scenarios_full/event_story/5106 - Unknown Story～盛夏的魔法和明天的记忆～/510602-4.json	1fb718d60d2c5cd611a130202eb146e7a27d80f7	56	manifests/story_quality_semantic_batch09_ai_only_20261002_evidence.json.gz	20c748f726593711a2e29ad99d10f60f08a98db9	[3321]	"{""path"":""magireco-translate-data-master/Scenarios_full/event_story/5106 - Unknown Story～盛夏的魔法和明天的记忆～/510602-4.json"",""cn_blob"":""84e1d2d3a97b0f573c0d0e460388fcd617fcf99c"",""jp_path"":""magireco-source-master/Scenarios_full/event_story/5106 - Unknown Story～盛夏的魔法和明天的记忆～/510602-4.json"",""jp_blob"":""1fb718d60d2c5cd611a130202eb146e7a27d80f7"",""evidence"":{""batch"":""20261002-semantic-batch09-ai-only"",""source_commit"":""20c748f726593711a2e29ad99d10f60f08a98db9"",""report"":""manifests/story_quality_semantic_batch09_ai_only_20261002_evidence.json.gz"",""script_id"":""510602-4"",""full_fields"":71,""text_changed"":true}}"
510602-5	"[""510601-04"",""510602""]"	"[""""]"	magireco-translate-data-master/Scenarios_full/event_story/5106 - Unknown Story～盛夏的魔法和明天的记忆～/510602-5.json	True	True	after_20261001_takeover	54	3f0c49d054240b3f395727b7ec9571759e6e8af8	magireco-source-master/Scenarios_full/event_story/5106 - Unknown Story～盛夏的魔法和明天的记忆～/510602-5.json	78dce87fb30dcb559c10fdd994484fca2c941adf	41	manifests/story_quality_semantic_batch09_ai_only_20261002_evidence.json.gz	20c748f726593711a2e29ad99d10f60f08a98db9	[3321]	"{""path"":""magireco-translate-data-master/Scenarios_full/event_story/5106 - Unknown Story～盛夏的魔法和明天的记忆～/510602-5.json"",""cn_blob"":""3f0c49d054240b3f395727b7ec9571759e6e8af8"",""jp_path"":""magireco-source-master/Scenarios_full/event_story/5106 - Unknown Story～盛夏的魔法和明天的记忆～/510602-5.json"",""jp_blob"":""78dce87fb30dcb559c10fdd994484fca2c941adf"",""evidence"":{""batch"":""20261002-semantic-batch09-ai-only"",""source_commit"":""20c748f726593711a2e29ad99d10f60f08a98db9"",""report"":""manifests/story_quality_semantic_batch09_ai_only_20261002_evidence.json.gz"",""script_id"":""510602-5"",""full_fields"":54,""text_changed"":true}}"
510603-1	"[""510601-04"",""510603""]"	"[""""]"	magireco-translate-data-master/Scenarios_full/event_story/5106 - Unknown Story～盛夏的魔法和明天的记忆～/510603-1.json	True	True	after_20261001_takeover	44	be0626bdd26a4d13fc43ee7d7907935c821e9cf8	magireco-source-master/Scenarios_full/event_story/5106 - Unknown Story～盛夏的魔法和明天的记忆～/510603-1.json	bf0d66d2d0e7ae073174ab946c2e2dec1b54925c	31	manifests/story_quality_semantic_batch09_ai_only_20261002_evidence.json.gz	20c748f726593711a2e29ad99d10f60f08a98db9	[3321]	"{""path"":""magireco-translate-data-master/Scenarios_full/event_story/5106 - Unknown Story～盛夏的魔法和明天的记忆～/510603-1.json"",""cn_blob"":""be0626bdd26a4d13fc43ee7d7907935c821e9cf8"",""jp_path"":""magireco-source-master/Scenarios_full/event_story/5106 - Unknown Story～盛夏的魔法和明天的记忆～/510603-1.json"",""jp_blob"":""bf0d66d2d0e7ae073174ab946c2e2dec1b54925c"",""evidence"":{""batch"":""20261002-semantic-batch09-ai-only"",""source_commit"":""20c748f726593711a2e29ad99d10f60f08a98db9"",""report"":""manifests/story_quality_semantic_batch09_ai_only_20261002_evidence.json.gz"",""script_id"":""510603-1"",""full_fields"":44,""text_changed"":true}}"
510603-2	"[""510601-04"",""510603""]"	"[""""]"	magireco-translate-data-master/Scenarios_full/event_story/5106 - Unknown Story～盛夏的魔法和明天的记忆～/510603-2.json	True	True	after_20261001_takeover	45	237fe9e2df5c8bbee57de2e8370a1ddc64ff67e6	magireco-source-master/Scenarios_full/event_story/5106 - Unknown Story～盛夏的魔法和明天的记忆～/510603-2.json	4e1623b9195cff8109c6347d5d56da1334608092	35	manifests/story_quality_semantic_batch09_ai_only_20261002_evidence.json.gz	20c748f726593711a2e29ad99d10f60f08a98db9	[3321]	"{""path"":""magireco-translate-data-master/Scenarios_full/event_story/5106 - Unknown Story～盛夏的魔法和明天的记忆～/510603-2.json"",""cn_blob"":""237fe9e2df5c8bbee57de2e8370a1ddc64ff67e6"",""jp_path"":""magireco-source-master/Scenarios_full/event_story/5106 - Unknown Story～盛夏的魔法和明天的记忆～/510603-2.json"",""jp_blob"":""4e1623b9195cff8109c6347d5d56da1334608092"",""evidence"":{""batch"":""20261002-semantic-batch09-ai-only"",""source_commit"":""20c748f726593711a2e29ad99d10f60f08a98db9"",""report"":""manifests/story_quality_semantic_batch09_ai_only_20261002_evidence.json.gz"",""script_id"":""510603-2"",""full_fields"":45,""text_changed"":true}}"
510603-3	"[""510601-04"",""510603""]"	"[""""]"	magireco-translate-data-master/Scenarios_full/event_story/5106 - Unknown Story～盛夏的魔法和明天的记忆～/510603-3.json	True	True	after_20261001_takeover	64	4037057818b82b4c3c87a26eef7d0adaed817565	magireco-source-master/Scenarios_full/event_story/5106 - Unknown Story～盛夏的魔法和明天的记忆～/510603-3.json	2c92c1cccfe5b32890a3d64b58bd1653fb10410c	52	manifests/story_quality_semantic_batch09_ai_only_20261002_evidence.json.gz	20c748f726593711a2e29ad99d10f60f08a98db9	[3321]	"{""path"":""magireco-translate-data-master/Scenarios_full/event_story/5106 - Unknown Story～盛夏的魔法和明天的记忆～/510603-3.json"",""cn_blob"":""4037057818b82b4c3c87a26eef7d0adaed817565"",""jp_path"":""magireco-source-master/Scenarios_full/event_story/5106 - Unknown Story～盛夏的魔法和明天的记忆～/510603-3.json"",""jp_blob"":""2c92c1cccfe5b32890a3d64b58bd1653fb10410c"",""evidence"":{""batch"":""20261002-semantic-batch09-ai-only"",""source_commit"":""20c748f726593711a2e29ad99d10f60f08a98db9"",""report"":""manifests/story_quality_semantic_batch09_ai_only_20261002_evidence.json.gz"",""script_id"":""510603-3"",""full_fields"":64,""text_changed"":true}}"
510603-4	"[""510601-04"",""510603""]"	"[""""]"	magireco-translate-data-master/Scenarios_full/event_story/5106 - Unknown Story～盛夏的魔法和明天的记忆～/510603-4.json	True	True	after_20261001_takeover	68	6418d9043403f856453ca2576dbca7a04f211986	magireco-source-master/Scenarios_full/event_story/5106 - Unknown Story～盛夏的魔法和明天的记忆～/510603-4.json	c5f1fbdc9af0e8d2b5a02b21fa0c7946ede4efec	54	manifests/story_quality_semantic_batch09_ai_only_20261002_evidence.json.gz	20c748f726593711a2e29ad99d10f60f08a98db9	[3321]	"{""path"":""magireco-translate-data-master/Scenarios_full/event_story/5106 - Unknown Story～盛夏的魔法和明天的记忆～/510603-4.json"",""cn_blob"":""6418d9043403f856453ca2576dbca7a04f211986"",""jp_path"":""magireco-source-master/Scenarios_full/event_story/5106 - Unknown Story～盛夏的魔法和明天的记忆～/510603-4.json"",""jp_blob"":""c5f1fbdc9af0e8d2b5a02b21fa0c7946ede4efec"",""evidence"":{""batch"":""20261002-semantic-batch09-ai-only"",""source_commit"":""20c748f726593711a2e29ad99d10f60f08a98db9"",""report"":""manifests/story_quality_semantic_batch09_ai_only_20261002_evidence.json.gz"",""script_id"":""510603-4"",""full_fields"":68,""text_changed"":true}}"
510603-5	"[""510601-04"",""510603""]"	"[""""]"	magireco-translate-data-master/Scenarios_full/event_story/5106 - Unknown Story～盛夏的魔法和明天的记忆～/510603-5.json	True	True	after_20261001_takeover	47	e5a8d561c9799b2764c12b8e091fa884a7c9f639	magireco-source-master/Scenarios_full/event_story/5106 - Unknown Story～盛夏的魔法和明天的记忆～/510603-5.json	e82756c53c0a0b3f3d607a5fdcbdc4967b62ca32	40	manifests/story_quality_semantic_batch09_ai_only_20261002_evidence.json.gz	20c748f726593711a2e29ad99d10f60f08a98db9	[3321]	"{""path"":""magireco-translate-data-master/Scenarios_full/event_story/5106 - Unknown Story～盛夏的魔法和明天的记忆～/510603-5.json"",""cn_blob"":""e5a8d561c9799b2764c12b8e091fa884a7c9f639"",""jp_path"":""magireco-source-master/Scenarios_full/event_story/5106 - Unknown Story～盛夏的魔法和明天的记忆～/510603-5.json"",""jp_blob"":""e82756c53c0a0b3f3d607a5fdcbdc4967b62ca32"",""evidence"":{""batch"":""20261002-semantic-batch09-ai-only"",""source_commit"":""20c748f726593711a2e29ad99d10f60f08a98db9"",""report"":""manifests/story_quality_semantic_batch09_ai_only_20261002_evidence.json.gz"",""script_id"":""510603-5"",""full_fields"":47,""text_changed"":true}}"
510604-1	"[""510601-04"",""510604""]"	"[""""]"	magireco-translate-data-master/Scenarios_full/event_story/5106 - Unknown Story～盛夏的魔法和明天的记忆～/510604-1.json	True	True	after_20261001_takeover	72	8d944b5249536fe35e8443d0599b2e8760c4bcae	magireco-source-master/Scenarios_full/event_story/5106 - Unknown Story～盛夏的魔法和明天的记忆～/510604-1.json	40d0b45bff9e44cb030bf5766c6bd8f1cfbe45ee	59	manifests/story_quality_semantic_batch09_ai_only_20261002_evidence.json.gz	20c748f726593711a2e29ad99d10f60f08a98db9	[3321]	"{""path"":""magireco-translate-data-master/Scenarios_full/event_story/5106 - Unknown Story～盛夏的魔法和明天的记忆～/510604-1.json"",""cn_blob"":""8d944b5249536fe35e8443d0599b2e8760c4bcae"",""jp_path"":""magireco-source-master/Scenarios_full/event_story/5106 - Unknown Story～盛夏的魔法和明天的记忆～/510604-1.json"",""jp_blob"":""40d0b45bff9e44cb030bf5766c6bd8f1cfbe45ee"",""evidence"":{""batch"":""20261002-semantic-batch09-ai-only"",""source_commit"":""20c748f726593711a2e29ad99d10f60f08a98db9"",""report"":""manifests/story_quality_semantic_batch09_ai_only_20261002_evidence.json.gz"",""script_id"":""510604-1"",""full_fields"":72,""text_changed"":true}}"
510604-2	"[""510601-04"",""510604""]"	"[""""]"	magireco-translate-data-master/Scenarios_full/event_story/5106 - Unknown Story～盛夏的魔法和明天的记忆～/510604-2.json	True	True	after_20261001_takeover	70	574bbe93ab34080cd8ab5bd1b60537e1a6bf0365	magireco-source-master/Scenarios_full/event_story/5106 - Unknown Story～盛夏的魔法和明天的记忆～/510604-2.json	891a3b717d8e27489a47dde9955a287e5c1b94fe	56	manifests/story_quality_semantic_batch09_ai_only_20261002_evidence.json.gz	20c748f726593711a2e29ad99d10f60f08a98db9	[3321]	"{""path"":""magireco-translate-data-master/Scenarios_full/event_story/5106 - Unknown Story～盛夏的魔法和明天的记忆～/510604-2.json"",""cn_blob"":""574bbe93ab34080cd8ab5bd1b60537e1a6bf0365"",""jp_path"":""magireco-source-master/Scenarios_full/event_story/5106 - Unknown Story～盛夏的魔法和明天的记忆～/510604-2.json"",""jp_blob"":""891a3b717d8e27489a47dde9955a287e5c1b94fe"",""evidence"":{""batch"":""20261002-semantic-batch09-ai-only"",""source_commit"":""20c748f726593711a2e29ad99d10f60f08a98db9"",""report"":""manifests/story_quality_semantic_batch09_ai_only_20261002_evidence.json.gz"",""script_id"":""510604-2"",""full_fields"":70,""text_changed"":true}}"
510604-3	"[""510601-04"",""510604""]"	"[""""]"	magireco-translate-data-master/Scenarios_full/event_story/5106 - Unknown Story～盛夏的魔法和明天的记忆～/510604-3.json	True	True	after_20261001_takeover	41	f498500def7e5d5002b46e1e13f9a38be649df3e	magireco-source-master/Scenarios_full/event_story/5106 - Unknown Story～盛夏的魔法和明天的记忆～/510604-3.json	2655d3b1129c967f5be300e9516f3b2247086e18	26	manifests/story_quality_semantic_batch09_ai_only_20261002_evidence.json.gz	20c748f726593711a2e29ad99d10f60f08a98db9	[3321]	"{""path"":""magireco-translate-data-master/Scenarios_full/event_story/5106 - Unknown Story～盛夏的魔法和明天的记忆～/510604-3.json"",""cn_blob"":""f498500def7e5d5002b46e1e13f9a38be649df3e"",""jp_path"":""magireco-source-master/Scenarios_full/event_story/5106 - Unknown Story～盛夏的魔法和明天的记忆～/510604-3.json"",""jp_blob"":""2655d3b1129c967f5be300e9516f3b2247086e18"",""evidence"":{""batch"":""20261002-semantic-batch09-ai-only"",""source_commit"":""20c748f726593711a2e29ad99d10f60f08a98db9"",""report"":""manifests/story_quality_semantic_batch09_ai_only_20261002_evidence.json.gz"",""script_id"":""510604-3"",""full_fields"":41,""text_changed"":true}}"
510604-4	"[""510601-04"",""510604""]"	"[""""]"	magireco-translate-data-master/Scenarios_full/event_story/5106 - Unknown Story～盛夏的魔法和明天的记忆～/510604-4.json	True	True	after_20261001_takeover	46	fc7db73f176eca4ea66da31045583a768227cbfa	magireco-source-master/Scenarios_full/event_story/5106 - Unknown Story～盛夏的魔法和明天的记忆～/510604-4.json	a8f83aaae207780c0b5cd649ebaf1d8ceca5b710	36	manifests/story_quality_semantic_batch09_ai_only_20261002_evidence.json.gz	20c748f726593711a2e29ad99d10f60f08a98db9	[3321]	"{""path"":""magireco-translate-data-master/Scenarios_full/event_story/5106 - Unknown Story～盛夏的魔法和明天的记忆～/510604-4.json"",""cn_blob"":""fc7db73f176eca4ea66da31045583a768227cbfa"",""jp_path"":""magireco-source-master/Scenarios_full/event_story/5106 - Unknown Story～盛夏的魔法和明天的记忆～/510604-4.json"",""jp_blob"":""a8f83aaae207780c0b5cd649ebaf1d8ceca5b710"",""evidence"":{""batch"":""20261002-semantic-batch09-ai-only"",""source_commit"":""20c748f726593711a2e29ad99d10f60f08a98db9"",""report"":""manifests/story_quality_semantic_batch09_ai_only_20261002_evidence.json.gz"",""script_id"":""510604-4"",""full_fields"":46,""text_changed"":true}}"
510604-5	"[""510601-04"",""510604""]"	"[""""]"	magireco-translate-data-master/Scenarios_full/event_story/5106 - Unknown Story～盛夏的魔法和明天的记忆～/510604-5.json	True	True	after_20261001_takeover	52	abe5f9cb517c3a798f4591bfe2b90ed1d341e5c5	magireco-source-master/Scenarios_full/event_story/5106 - Unknown Story～盛夏的魔法和明天的记忆～/510604-5.json	4868a9445f91a3af1b9ff06d40a3831e73293d1a	43	manifests/story_quality_semantic_batch09_ai_only_20261002_evidence.json.gz	20c748f726593711a2e29ad99d10f60f08a98db9	[3321]	"{""path"":""magireco-translate-data-master/Scenarios_full/event_story/5106 - Unknown Story～盛夏的魔法和明天的记忆～/510604-5.json"",""cn_blob"":""abe5f9cb517c3a798f4591bfe2b90ed1d341e5c5"",""jp_path"":""magireco-source-master/Scenarios_full/event_story/5106 - Unknown Story～盛夏的魔法和明天的记忆～/510604-5.json"",""jp_blob"":""4868a9445f91a3af1b9ff06d40a3831e73293d1a"",""evidence"":{""batch"":""20261002-semantic-batch09-ai-only"",""source_commit"":""20c748f726593711a2e29ad99d10f60f08a98db9"",""report"":""manifests/story_quality_semantic_batch09_ai_only_20261002_evidence.json.gz"",""script_id"":""510604-5"",""full_fields"":52,""text_changed"":true}}"
510710-10_1DyhN	"[""510710""]"	"[""""]"	magireco-translate-data-master/Scenarios_full/event_story/5107 - 欢迎来到谣言水族馆～将回忆寄托在玉手箱中～/510710-10_1DyhN.json	True	True	after_20261001_takeover	22	fa09678838a7779a05b2db9661a70561686c5e1c	magireco-source-master/Scenarios_full/event_story/5107 - 欢迎来到谣言水族馆～将回忆寄托在玉手箱中～/510710-10_1DyhN.json	a0a126af08cb542ed78a14c3ef20613ed0d240c9	18	manifests/story_quality_semantic_batch09_ai_only_20261002_evidence.json.gz	20c748f726593711a2e29ad99d10f60f08a98db9	[3321]	"{""path"":""magireco-translate-data-master/Scenarios_full/event_story/5107 - 欢迎来到谣言水族馆～将回忆寄托在玉手箱中～/510710-10_1DyhN.json"",""cn_blob"":""fa09678838a7779a05b2db9661a70561686c5e1c"",""jp_path"":""magireco-source-master/Scenarios_full/event_story/5107 - 欢迎来到谣言水族馆～将回忆寄托在玉手箱中～/510710-10_1DyhN.json"",""jp_blob"":""a0a126af08cb542ed78a14c3ef20613ed0d240c9"",""evidence"":{""batch"":""20261002-semantic-batch09-ai-only"",""source_commit"":""20c748f726593711a2e29ad99d10f60f08a98db9"",""report"":""manifests/story_quality_semantic_batch09_ai_only_20261002_evidence.json.gz"",""script_id"":""510710-10_1DyhN"",""full_fields"":22,""text_changed"":true}}"
510710-11_1DyhN	"[""510710""]"	"[""""]"	magireco-translate-data-master/Scenarios_full/event_story/5107 - 欢迎来到谣言水族馆～将回忆寄托在玉手箱中～/510710-11_1DyhN.json	True	True	after_20261001_takeover	95	75a37ba30f21f8f937a8e9d745f21aff620cf526	magireco-source-master/Scenarios_full/event_story/5107 - 欢迎来到谣言水族馆～将回忆寄托在玉手箱中～/510710-11_1DyhN.json	0245ff14e7d9699375a551ec98179da25d853cc6	81	manifests/story_quality_semantic_batch09_ai_only_20261002_evidence.json.gz	20c748f726593711a2e29ad99d10f60f08a98db9	[3321]	"{""path"":""magireco-translate-data-master/Scenarios_full/event_story/5107 - 欢迎来到谣言水族馆～将回忆寄托在玉手箱中～/510710-11_1DyhN.json"",""cn_blob"":""75a37ba30f21f8f937a8e9d745f21aff620cf526"",""jp_path"":""magireco-source-master/Scenarios_full/event_story/5107 - 欢迎来到谣言水族馆～将回忆寄托在玉手箱中～/510710-11_1DyhN.json"",""jp_blob"":""0245ff14e7d9699375a551ec98179da25d853cc6"",""evidence"":{""batch"":""20261002-semantic-batch09-ai-only"",""source_commit"":""20c748f726593711a2e29ad99d10f60f08a98db9"",""report"":""manifests/story_quality_semantic_batch09_ai_only_20261002_evidence.json.gz"",""script_id"":""510710-11_1DyhN"",""full_fields"":95,""text_changed"":true}}"
510710-12_1DyhN	"[""510710""]"	"[""""]"	magireco-translate-data-master/Scenarios_full/event_story/5107 - 欢迎来到谣言水族馆～将回忆寄托在玉手箱中～/510710-12_1DyhN.json	True	True	after_20261001_takeover	40	8afecb10a0b17a1379d8198fb199f8f7a238a63f	magireco-source-master/Scenarios_full/event_story/5107 - 欢迎来到谣言水族馆～将回忆寄托在玉手箱中～/510710-12_1DyhN.json	b971aee68cfb47f582fdd5122c69aafd8198c4ae	34	manifests/story_quality_semantic_batch09_ai_only_20261002_evidence.json.gz	20c748f726593711a2e29ad99d10f60f08a98db9	[3321]	"{""path"":""magireco-translate-data-master/Scenarios_full/event_story/5107 - 欢迎来到谣言水族馆～将回忆寄托在玉手箱中～/510710-12_1DyhN.json"",""cn_blob"":""8afecb10a0b17a1379d8198fb199f8f7a238a63f"",""jp_path"":""magireco-source-master/Scenarios_full/event_story/5107 - 欢迎来到谣言水族馆～将回忆寄托在玉手箱中～/510710-12_1DyhN.json"",""jp_blob"":""b971aee68cfb47f582fdd5122c69aafd8198c4ae"",""evidence"":{""batch"":""20261002-semantic-batch09-ai-only"",""source_commit"":""20c748f726593711a2e29ad99d10f60f08a98db9"",""report"":""manifests/story_quality_semantic_batch09_ai_only_20261002_evidence.json.gz"",""script_id"":""510710-12_1DyhN"",""full_fields"":40,""text_changed"":true}}"
510710-1_1DyhN	"[""510710""]"	"[""""]"	magireco-translate-data-master/Scenarios_full/event_story/5107 - 欢迎来到谣言水族馆～将回忆寄托在玉手箱中～/510710-1_1DyhN.json	True	True	after_20261001_takeover	42	7cd2fd952d2491929dd5db699ed9576535a82d41	magireco-source-master/Scenarios_full/event_story/5107 - 欢迎来到谣言水族馆～将回忆寄托在玉手箱中～/510710-1_1DyhN.json	d2a79d6dd50cc30094889e9b1d1ed95b12d87c11	33	manifests/story_quality_semantic_batch09_ai_only_20261002_evidence.json.gz	20c748f726593711a2e29ad99d10f60f08a98db9	[3321]	"{""path"":""magireco-translate-data-master/Scenarios_full/event_story/5107 - 欢迎来到谣言水族馆～将回忆寄托在玉手箱中～/510710-1_1DyhN.json"",""cn_blob"":""7cd2fd952d2491929dd5db699ed9576535a82d41"",""jp_path"":""magireco-source-master/Scenarios_full/event_story/5107 - 欢迎来到谣言水族馆～将回忆寄托在玉手箱中～/510710-1_1DyhN.json"",""jp_blob"":""d2a79d6dd50cc30094889e9b1d1ed95b12d87c11"",""evidence"":{""batch"":""20261002-semantic-batch09-ai-only"",""source_commit"":""20c748f726593711a2e29ad99d10f60f08a98db9"",""report"":""manifests/story_quality_semantic_batch09_ai_only_20261002_evidence.json.gz"",""script_id"":""510710-1_1DyhN"",""full_fields"":42,""text_changed"":true}}"
510710-2_1DyhN	"[""510710""]"	"[""""]"	magireco-translate-data-master/Scenarios_full/event_story/5107 - 欢迎来到谣言水族馆～将回忆寄托在玉手箱中～/510710-2_1DyhN.json	True	True	after_20261001_takeover	46	f72ae2851842186bbba548c68ef1b88c223d6e67	magireco-source-master/Scenarios_full/event_story/5107 - 欢迎来到谣言水族馆～将回忆寄托在玉手箱中～/510710-2_1DyhN.json	b3ccee2b9533192c8858eb12209672fd6688a8aa	36	manifests/story_quality_semantic_batch09_ai_only_20261002_evidence.json.gz	20c748f726593711a2e29ad99d10f60f08a98db9	[3321]	"{""path"":""magireco-translate-data-master/Scenarios_full/event_story/5107 - 欢迎来到谣言水族馆～将回忆寄托在玉手箱中～/510710-2_1DyhN.json"",""cn_blob"":""f72ae2851842186bbba548c68ef1b88c223d6e67"",""jp_path"":""magireco-source-master/Scenarios_full/event_story/5107 - 欢迎来到谣言水族馆～将回忆寄托在玉手箱中～/510710-2_1DyhN.json"",""jp_blob"":""b3ccee2b9533192c8858eb12209672fd6688a8aa"",""evidence"":{""batch"":""20261002-semantic-batch09-ai-only"",""source_commit"":""20c748f726593711a2e29ad99d10f60f08a98db9"",""report"":""manifests/story_quality_semantic_batch09_ai_only_20261002_evidence.json.gz"",""script_id"":""510710-2_1DyhN"",""full_fields"":46,""text_changed"":true}}"
510710-3_1DyhN	"[""510710""]"	"[""""]"	magireco-translate-data-master/Scenarios_full/event_story/5107 - 欢迎来到谣言水族馆～将回忆寄托在玉手箱中～/510710-3_1DyhN.json	True	True	after_20261001_takeover	74	b5ff87337190e17a0f0dc2d516104e2fb9dd7da5	magireco-source-master/Scenarios_full/event_story/5107 - 欢迎来到谣言水族馆～将回忆寄托在玉手箱中～/510710-3_1DyhN.json	b986fbb41c4e40c480322e0cc29f543849bb8f70	64	manifests/story_quality_semantic_batch09_ai_only_20261002_evidence.json.gz	20c748f726593711a2e29ad99d10f60f08a98db9	[3321]	"{""path"":""magireco-translate-data-master/Scenarios_full/event_story/5107 - 欢迎来到谣言水族馆～将回忆寄托在玉手箱中～/510710-3_1DyhN.json"",""cn_blob"":""b5ff87337190e17a0f0dc2d516104e2fb9dd7da5"",""jp_path"":""magireco-source-master/Scenarios_full/event_story/5107 - 欢迎来到谣言水族馆～将回忆寄托在玉手箱中～/510710-3_1DyhN.json"",""jp_blob"":""b986fbb41c4e40c480322e0cc29f543849bb8f70"",""evidence"":{""batch"":""20261002-semantic-batch09-ai-only"",""source_commit"":""20c748f726593711a2e29ad99d10f60f08a98db9"",""report"":""manifests/story_quality_semantic_batch09_ai_only_20261002_evidence.json.gz"",""script_id"":""510710-3_1DyhN"",""full_fields"":74,""text_changed"":true}}"
510710-4_1DyhN	"[""510710""]"	"[""""]"	magireco-translate-data-master/Scenarios_full/event_story/5107 - 欢迎来到谣言水族馆～将回忆寄托在玉手箱中～/510710-4_1DyhN.json	True	True	after_20261001_takeover	85	82372a6183201f4ee1a1464a66ef1033ea9294ed	magireco-source-master/Scenarios_full/event_story/5107 - 欢迎来到谣言水族馆～将回忆寄托在玉手箱中～/510710-4_1DyhN.json	4acd451ae1cbdb3f946acdd78fe44c9568841a0b	68	manifests/story_quality_semantic_batch09_ai_only_20261002_evidence.json.gz	20c748f726593711a2e29ad99d10f60f08a98db9	[3321]	"{""path"":""magireco-translate-data-master/Scenarios_full/event_story/5107 - 欢迎来到谣言水族馆～将回忆寄托在玉手箱中～/510710-4_1DyhN.json"",""cn_blob"":""82372a6183201f4ee1a1464a66ef1033ea9294ed"",""jp_path"":""magireco-source-master/Scenarios_full/event_story/5107 - 欢迎来到谣言水族馆～将回忆寄托在玉手箱中～/510710-4_1DyhN.json"",""jp_blob"":""4acd451ae1cbdb3f946acdd78fe44c9568841a0b"",""evidence"":{""batch"":""20261002-semantic-batch09-ai-only"",""source_commit"":""20c748f726593711a2e29ad99d10f60f08a98db9"",""report"":""manifests/story_quality_semantic_batch09_ai_only_20261002_evidence.json.gz"",""script_id"":""510710-4_1DyhN"",""full_fields"":85,""text_changed"":true}}"
510710-5_1DyhN	"[""510710""]"	"[""""]"	magireco-translate-data-master/Scenarios_full/event_story/5107 - 欢迎来到谣言水族馆～将回忆寄托在玉手箱中～/510710-5_1DyhN.json	True	True	after_20261001_takeover	75	7f9b25308214953e10073e6e26b49fa54ecc719d	magireco-source-master/Scenarios_full/event_story/5107 - 欢迎来到谣言水族馆～将回忆寄托在玉手箱中～/510710-5_1DyhN.json	15b1e1f73e23befc1a9ef62602494e9147f047b9	62	manifests/story_quality_semantic_batch09_ai_only_20261002_evidence.json.gz	20c748f726593711a2e29ad99d10f60f08a98db9	[]	"{""path"":""magireco-translate-data-master/Scenarios_full/event_story/5107 - 欢迎来到谣言水族馆～将回忆寄托在玉手箱中～/510710-5_1DyhN.json"",""cn_blob"":""7f9b25308214953e10073e6e26b49fa54ecc719d"",""jp_path"":""magireco-source-master/Scenarios_full/event_story/5107 - 欢迎来到谣言水族馆～将回忆寄托在玉手箱中～/510710-5_1DyhN.json"",""jp_blob"":""15b1e1f73e23befc1a9ef62602494e9147f047b9"",""evidence"":{""batch"":""20261002-semantic-batch09-ai-only"",""source_commit"":""20c748f726593711a2e29ad99d10f60f08a98db9"",""report"":""manifests/story_quality_semantic_batch09_ai_only_20261002_evidence.json.gz"",""script_id"":""510710-5_1DyhN"",""full_fields"":75,""text_changed"":false}}"
510710-6_1DyhN	"[""510710""]"	"[""""]"	magireco-translate-data-master/Scenarios_full/event_story/5107 - 欢迎来到谣言水族馆～将回忆寄托在玉手箱中～/510710-6_1DyhN.json	True	True	after_20261001_takeover	92	a2f30a15cc73e7ac738774380915f2a5c63701ef	magireco-source-master/Scenarios_full/event_story/5107 - 欢迎来到谣言水族馆～将回忆寄托在玉手箱中～/510710-6_1DyhN.json	7c66a64168f2c4c290f517f29b13acc13e080e28	74	manifests/story_quality_semantic_batch09_ai_only_20261002_evidence.json.gz	20c748f726593711a2e29ad99d10f60f08a98db9	[3321]	"{""path"":""magireco-translate-data-master/Scenarios_full/event_story/5107 - 欢迎来到谣言水族馆～将回忆寄托在玉手箱中～/510710-6_1DyhN.json"",""cn_blob"":""a2f30a15cc73e7ac738774380915f2a5c63701ef"",""jp_path"":""magireco-source-master/Scenarios_full/event_story/5107 - 欢迎来到谣言水族馆～将回忆寄托在玉手箱中～/510710-6_1DyhN.json"",""jp_blob"":""7c66a64168f2c4c290f517f29b13acc13e080e28"",""evidence"":{""batch"":""20261002-semantic-batch09-ai-only"",""source_commit"":""20c748f726593711a2e29ad99d10f60f08a98db9"",""report"":""manifests/story_quality_semantic_batch09_ai_only_20261002_evidence.json.gz"",""script_id"":""510710-6_1DyhN"",""full_fields"":92,""text_changed"":true}}"
510710-7_1DyhN	"[""510710""]"	"[""""]"	magireco-translate-data-master/Scenarios_full/event_story/5107 - 欢迎来到谣言水族馆～将回忆寄托在玉手箱中～/510710-7_1DyhN.json	True	True	after_20261001_takeover	78	e561dab7c2de465896e757950f47d85bd6ee89b4	magireco-source-master/Scenarios_full/event_story/5107 - 欢迎来到谣言水族馆～将回忆寄托在玉手箱中～/510710-7_1DyhN.json	870c693103b3da1cf3a94174203cb009bb121fa0	65	manifests/story_quality_semantic_batch09_ai_only_20261002_evidence.json.gz	20c748f726593711a2e29ad99d10f60f08a98db9	[3321]	"{""path"":""magireco-translate-data-master/Scenarios_full/event_story/5107 - 欢迎来到谣言水族馆～将回忆寄托在玉手箱中～/510710-7_1DyhN.json"",""cn_blob"":""e561dab7c2de465896e757950f47d85bd6ee89b4"",""jp_path"":""magireco-source-master/Scenarios_full/event_story/5107 - 欢迎来到谣言水族馆～将回忆寄托在玉手箱中～/510710-7_1DyhN.json"",""jp_blob"":""870c693103b3da1cf3a94174203cb009bb121fa0"",""evidence"":{""batch"":""20261002-semantic-batch09-ai-only"",""source_commit"":""20c748f726593711a2e29ad99d10f60f08a98db9"",""report"":""manifests/story_quality_semantic_batch09_ai_only_20261002_evidence.json.gz"",""script_id"":""510710-7_1DyhN"",""full_fields"":78,""text_changed"":true}}"
510710-8_1DyhN	"[""510710""]"	"[""""]"	magireco-translate-data-master/Scenarios_full/event_story/5107 - 欢迎来到谣言水族馆～将回忆寄托在玉手箱中～/510710-8_1DyhN.json	True	True	after_20261001_takeover	26	e1c842888c47e368a92ae22b9f57c1477f22ba86	magireco-source-master/Scenarios_full/event_story/5107 - 欢迎来到谣言水族馆～将回忆寄托在玉手箱中～/510710-8_1DyhN.json	7f1e6654ec4d95165e84d92110f6b27cc2f7be7c	21	manifests/story_quality_semantic_batch09_ai_only_20261002_evidence.json.gz	20c748f726593711a2e29ad99d10f60f08a98db9	[3321]	"{""path"":""magireco-translate-data-master/Scenarios_full/event_story/5107 - 欢迎来到谣言水族馆～将回忆寄托在玉手箱中～/510710-8_1DyhN.json"",""cn_blob"":""e1c842888c47e368a92ae22b9f57c1477f22ba86"",""jp_path"":""magireco-source-master/Scenarios_full/event_story/5107 - 欢迎来到谣言水族馆～将回忆寄托在玉手箱中～/510710-8_1DyhN.json"",""jp_blob"":""7f1e6654ec4d95165e84d92110f6b27cc2f7be7c"",""evidence"":{""batch"":""20261002-semantic-batch09-ai-only"",""source_commit"":""20c748f726593711a2e29ad99d10f60f08a98db9"",""report"":""manifests/story_quality_semantic_batch09_ai_only_20261002_evidence.json.gz"",""script_id"":""510710-8_1DyhN"",""full_fields"":26,""text_changed"":true}}"
510710-9_1DyhN	"[""510710""]"	"[""""]"	magireco-translate-data-master/Scenarios_full/event_story/5107 - 欢迎来到谣言水族馆～将回忆寄托在玉手箱中～/510710-9_1DyhN.json	True	True	after_20261001_takeover	16	03f3cf3c1b438fe03a34d69136a6c97a9dde73a2	magireco-source-master/Scenarios_full/event_story/5107 - 欢迎来到谣言水族馆～将回忆寄托在玉手箱中～/510710-9_1DyhN.json	95950087534f84b9355848efefef424ac7e35429	10	manifests/story_quality_semantic_batch09_ai_only_20261002_evidence.json.gz	20c748f726593711a2e29ad99d10f60f08a98db9	[3321]	"{""path"":""magireco-translate-data-master/Scenarios_full/event_story/5107 - 欢迎来到谣言水族馆～将回忆寄托在玉手箱中～/510710-9_1DyhN.json"",""cn_blob"":""03f3cf3c1b438fe03a34d69136a6c97a9dde73a2"",""jp_path"":""magireco-source-master/Scenarios_full/event_story/5107 - 欢迎来到谣言水族馆～将回忆寄托在玉手箱中～/510710-9_1DyhN.json"",""jp_blob"":""95950087534f84b9355848efefef424ac7e35429"",""evidence"":{""batch"":""20261002-semantic-batch09-ai-only"",""source_commit"":""20c748f726593711a2e29ad99d10f60f08a98db9"",""report"":""manifests/story_quality_semantic_batch09_ai_only_20261002_evidence.json.gz"",""script_id"":""510710-9_1DyhN"",""full_fields"":16,""text_changed"":true}}"
510720-10_eP7q2	"[""510720""]"	"[""""]"	magireco-translate-data-master/Scenarios_full/event_story/5107 - 欢迎来到谣言水族馆～将回忆寄托在玉手箱中～/510720-10_eP7q2.json	True	True	after_20261001_takeover	80	d66fb8e26ea2619f322ab017fd8bf4e21485b9fb	magireco-source-master/Scenarios_full/event_story/5107 - 欢迎来到谣言水族馆～将回忆寄托在玉手箱中～/510720-10_eP7q2.json	3411d3f069a244de8ecf4ba6cedb00bcb656996a	72	manifests/story_quality_semantic_batch09_ai_only_20261002_evidence.json.gz	20c748f726593711a2e29ad99d10f60f08a98db9	[3321]	"{""path"":""magireco-translate-data-master/Scenarios_full/event_story/5107 - 欢迎来到谣言水族馆～将回忆寄托在玉手箱中～/510720-10_eP7q2.json"",""cn_blob"":""d66fb8e26ea2619f322ab017fd8bf4e21485b9fb"",""jp_path"":""magireco-source-master/Scenarios_full/event_story/5107 - 欢迎来到谣言水族馆～将回忆寄托在玉手箱中～/510720-10_eP7q2.json"",""jp_blob"":""3411d3f069a244de8ecf4ba6cedb00bcb656996a"",""evidence"":{""batch"":""20261002-semantic-batch09-ai-only"",""source_commit"":""20c748f726593711a2e29ad99d10f60f08a98db9"",""report"":""manifests/story_quality_semantic_batch09_ai_only_20261002_evidence.json.gz"",""script_id"":""510720-10_eP7q2"",""full_fields"":80,""text_changed"":true}}"
510720-1_eP7q2	"[""510720""]"	"[""""]"	magireco-translate-data-master/Scenarios_full/event_story/5107 - 欢迎来到谣言水族馆～将回忆寄托在玉手箱中～/510720-1_eP7q2.json	True	True	after_20261001_takeover	63	4fc9f60c94a5301d4d40155e31423fd31183143c	magireco-source-master/Scenarios_full/event_story/5107 - 欢迎来到谣言水族馆～将回忆寄托在玉手箱中～/510720-1_eP7q2.json	909fb3098a382c8ada0e63039daadff7cb07da6b	51	manifests/story_quality_semantic_batch09_ai_only_20261002_evidence.json.gz	20c748f726593711a2e29ad99d10f60f08a98db9	[3321]	"{""path"":""magireco-translate-data-master/Scenarios_full/event_story/5107 - 欢迎来到谣言水族馆～将回忆寄托在玉手箱中～/510720-1_eP7q2.json"",""cn_blob"":""4fc9f60c94a5301d4d40155e31423fd31183143c"",""jp_path"":""magireco-source-master/Scenarios_full/event_story/5107 - 欢迎来到谣言水族馆～将回忆寄托在玉手箱中～/510720-1_eP7q2.json"",""jp_blob"":""909fb3098a382c8ada0e63039daadff7cb07da6b"",""evidence"":{""batch"":""20261002-semantic-batch09-ai-only"",""source_commit"":""20c748f726593711a2e29ad99d10f60f08a98db9"",""report"":""manifests/story_quality_semantic_batch09_ai_only_20261002_evidence.json.gz"",""script_id"":""510720-1_eP7q2"",""full_fields"":63,""text_changed"":true}}"
510720-2_eP7q2	"[""510720""]"	"[""""]"	magireco-translate-data-master/Scenarios_full/event_story/5107 - 欢迎来到谣言水族馆～将回忆寄托在玉手箱中～/510720-2_eP7q2.json	True	True	after_20261001_takeover	58	e49b1d490d97a47ae8a59372f286f3f44c212520	magireco-source-master/Scenarios_full/event_story/5107 - 欢迎来到谣言水族馆～将回忆寄托在玉手箱中～/510720-2_eP7q2.json	8e91c49eb62f099dd57f1ca59bd8bdfe1c9542d3	43	manifests/story_quality_semantic_batch09_ai_only_20261002_evidence.json.gz	20c748f726593711a2e29ad99d10f60f08a98db9	[3321]	"{""path"":""magireco-translate-data-master/Scenarios_full/event_story/5107 - 欢迎来到谣言水族馆～将回忆寄托在玉手箱中～/510720-2_eP7q2.json"",""cn_blob"":""e49b1d490d97a47ae8a59372f286f3f44c212520"",""jp_path"":""magireco-source-master/Scenarios_full/event_story/5107 - 欢迎来到谣言水族馆～将回忆寄托在玉手箱中～/510720-2_eP7q2.json"",""jp_blob"":""8e91c49eb62f099dd57f1ca59bd8bdfe1c9542d3"",""evidence"":{""batch"":""20261002-semantic-batch09-ai-only"",""source_commit"":""20c748f726593711a2e29ad99d10f60f08a98db9"",""report"":""manifests/story_quality_semantic_batch09_ai_only_20261002_evidence.json.gz"",""script_id"":""510720-2_eP7q2"",""full_fields"":58,""text_changed"":true}}"
510720-3_eP7q2	"[""510720""]"	"[""""]"	magireco-translate-data-master/Scenarios_full/event_story/5107 - 欢迎来到谣言水族馆～将回忆寄托在玉手箱中～/510720-3_eP7q2.json	True	True	after_20261001_takeover	24	b60586fe2f5587e3d1972eda895d566ea4012aab	magireco-source-master/Scenarios_full/event_story/5107 - 欢迎来到谣言水族馆～将回忆寄托在玉手箱中～/510720-3_eP7q2.json	db3dc43a2b3275b155b21f2b1a7a0b3dd87695f7	24	manifests/story_quality_semantic_batch09_ai_only_20261002_evidence.json.gz	20c748f726593711a2e29ad99d10f60f08a98db9	[3321]	"{""path"":""magireco-translate-data-master/Scenarios_full/event_story/5107 - 欢迎来到谣言水族馆～将回忆寄托在玉手箱中～/510720-3_eP7q2.json"",""cn_blob"":""b60586fe2f5587e3d1972eda895d566ea4012aab"",""jp_path"":""magireco-source-master/Scenarios_full/event_story/5107 - 欢迎来到谣言水族馆～将回忆寄托在玉手箱中～/510720-3_eP7q2.json"",""jp_blob"":""db3dc43a2b3275b155b21f2b1a7a0b3dd87695f7"",""evidence"":{""batch"":""20261002-semantic-batch09-ai-only"",""source_commit"":""20c748f726593711a2e29ad99d10f60f08a98db9"",""report"":""manifests/story_quality_semantic_batch09_ai_only_20261002_evidence.json.gz"",""script_id"":""510720-3_eP7q2"",""full_fields"":24,""text_changed"":true}}"
510720-4_eP7q2	"[""510720""]"	"[""""]"	magireco-translate-data-master/Scenarios_full/event_story/5107 - 欢迎来到谣言水族馆～将回忆寄托在玉手箱中～/510720-4_eP7q2.json	True	True	after_20261001_takeover	42	cda304397e71ea2397e8b9fbf8dce0f6ed6bd700	magireco-source-master/Scenarios_full/event_story/5107 - 欢迎来到谣言水族馆～将回忆寄托在玉手箱中～/510720-4_eP7q2.json	b893ef8554d949754925df69215e270b19c8f273	39	manifests/story_quality_semantic_batch09_ai_only_20261002_evidence.json.gz	20c748f726593711a2e29ad99d10f60f08a98db9	[3321]	"{""path"":""magireco-translate-data-master/Scenarios_full/event_story/5107 - 欢迎来到谣言水族馆～将回忆寄托在玉手箱中～/510720-4_eP7q2.json"",""cn_blob"":""cda304397e71ea2397e8b9fbf8dce0f6ed6bd700"",""jp_path"":""magireco-source-master/Scenarios_full/event_story/5107 - 欢迎来到谣言水族馆～将回忆寄托在玉手箱中～/510720-4_eP7q2.json"",""jp_blob"":""b893ef8554d949754925df69215e270b19c8f273"",""evidence"":{""batch"":""20261002-semantic-batch09-ai-only"",""source_commit"":""20c748f726593711a2e29ad99d10f60f08a98db9"",""report"":""manifests/story_quality_semantic_batch09_ai_only_20261002_evidence.json.gz"",""script_id"":""510720-4_eP7q2"",""full_fields"":42,""text_changed"":true}}"
510720-5_eP7q2	"[""510720""]"	"[""""]"	magireco-translate-data-master/Scenarios_full/event_story/5107 - 欢迎来到谣言水族馆～将回忆寄托在玉手箱中～/510720-5_eP7q2.json	True	True	after_20261001_takeover	78	a8f5f127250b704b4e5ef4fb8b0a54a4152e8d6a	magireco-source-master/Scenarios_full/event_story/5107 - 欢迎来到谣言水族馆～将回忆寄托在玉手箱中～/510720-5_eP7q2.json	535065dd7cd3688d713358da7506554944898b33	66	manifests/story_quality_semantic_batch09_ai_only_20261002_evidence.json.gz	20c748f726593711a2e29ad99d10f60f08a98db9	[3321]	"{""path"":""magireco-translate-data-master/Scenarios_full/event_story/5107 - 欢迎来到谣言水族馆～将回忆寄托在玉手箱中～/510720-5_eP7q2.json"",""cn_blob"":""a8f5f127250b704b4e5ef4fb8b0a54a4152e8d6a"",""jp_path"":""magireco-source-master/Scenarios_full/event_story/5107 - 欢迎来到谣言水族馆～将回忆寄托在玉手箱中～/510720-5_eP7q2.json"",""jp_blob"":""535065dd7cd3688d713358da7506554944898b33"",""evidence"":{""batch"":""20261002-semantic-batch09-ai-only"",""source_commit"":""20c748f726593711a2e29ad99d10f60f08a98db9"",""report"":""manifests/story_quality_semantic_batch09_ai_only_20261002_evidence.json.gz"",""script_id"":""510720-5_eP7q2"",""full_fields"":78,""text_changed"":true}}"
510720-6_eP7q2	"[""510720""]"	"[""""]"	magireco-translate-data-master/Scenarios_full/event_story/5107 - 欢迎来到谣言水族馆～将回忆寄托在玉手箱中～/510720-6_eP7q2.json	True	True	after_20261001_takeover	68	b74237196a6fb03bc9295b6d3f43c596526afe48	magireco-source-master/Scenarios_full/event_story/5107 - 欢迎来到谣言水族馆～将回忆寄托在玉手箱中～/510720-6_eP7q2.json	6376d4cf2c0db121f792ce16ea87ceee8f000cc3	56	manifests/story_quality_semantic_batch09_ai_only_20261002_evidence.json.gz	20c748f726593711a2e29ad99d10f60f08a98db9	[3321]	"{""path"":""magireco-translate-data-master/Scenarios_full/event_story/5107 - 欢迎来到谣言水族馆～将回忆寄托在玉手箱中～/510720-6_eP7q2.json"",""cn_blob"":""b74237196a6fb03bc9295b6d3f43c596526afe48"",""jp_path"":""magireco-source-master/Scenarios_full/event_story/5107 - 欢迎来到谣言水族馆～将回忆寄托在玉手箱中～/510720-6_eP7q2.json"",""jp_blob"":""6376d4cf2c0db121f792ce16ea87ceee8f000cc3"",""evidence"":{""batch"":""20261002-semantic-batch09-ai-only"",""source_commit"":""20c748f726593711a2e29ad99d10f60f08a98db9"",""report"":""manifests/story_quality_semantic_batch09_ai_only_20261002_evidence.json.gz"",""script_id"":""510720-6_eP7q2"",""full_fields"":68,""text_changed"":true}}"
510720-7_eP7q2	"[""510720""]"	"[""""]"	magireco-translate-data-master/Scenarios_full/event_story/5107 - 欢迎来到谣言水族馆～将回忆寄托在玉手箱中～/510720-7_eP7q2.json	True	True	after_20261001_takeover	37	0f836244af63fb976241ed15b8d51c651b76cb0a	magireco-source-master/Scenarios_full/event_story/5107 - 欢迎来到谣言水族馆～将回忆寄托在玉手箱中～/510720-7_eP7q2.json	02f6b49061fd7cdfa4bf6e7105ff6b11d8a7dcae	32	manifests/story_quality_semantic_batch09_ai_only_20261002_evidence.json.gz	20c748f726593711a2e29ad99d10f60f08a98db9	[3321]	"{""path"":""magireco-translate-data-master/Scenarios_full/event_story/5107 - 欢迎来到谣言水族馆～将回忆寄托在玉手箱中～/510720-7_eP7q2.json"",""cn_blob"":""0f836244af63fb976241ed15b8d51c651b76cb0a"",""jp_path"":""magireco-source-master/Scenarios_full/event_story/5107 - 欢迎来到谣言水族馆～将回忆寄托在玉手箱中～/510720-7_eP7q2.json"",""jp_blob"":""02f6b49061fd7cdfa4bf6e7105ff6b11d8a7dcae"",""evidence"":{""batch"":""20261002-semantic-batch09-ai-only"",""source_commit"":""20c748f726593711a2e29ad99d10f60f08a98db9"",""report"":""manifests/story_quality_semantic_batch09_ai_only_20261002_evidence.json.gz"",""script_id"":""510720-7_eP7q2"",""full_fields"":37,""text_changed"":true}}"
510720-8_eP7q2	"[""510720""]"	"[""""]"	magireco-translate-data-master/Scenarios_full/event_story/5107 - 欢迎来到谣言水族馆～将回忆寄托在玉手箱中～/510720-8_eP7q2.json	True	True	after_20261001_takeover	64	2f149f184e964d560d71bf304d577fe7ba1f8f7f	magireco-source-master/Scenarios_full/event_story/5107 - 欢迎来到谣言水族馆～将回忆寄托在玉手箱中～/510720-8_eP7q2.json	2dbe1beca973fe816b4600abbd1b4c1c0f3debfa	59	manifests/story_quality_semantic_batch09_ai_only_20261002_evidence.json.gz	20c748f726593711a2e29ad99d10f60f08a98db9	[3321]	"{""path"":""magireco-translate-data-master/Scenarios_full/event_story/5107 - 欢迎来到谣言水族馆～将回忆寄托在玉手箱中～/510720-8_eP7q2.json"",""cn_blob"":""2f149f184e964d560d71bf304d577fe7ba1f8f7f"",""jp_path"":""magireco-source-master/Scenarios_full/event_story/5107 - 欢迎来到谣言水族馆～将回忆寄托在玉手箱中～/510720-8_eP7q2.json"",""jp_blob"":""2dbe1beca973fe816b4600abbd1b4c1c0f3debfa"",""evidence"":{""batch"":""20261002-semantic-batch09-ai-only"",""source_commit"":""20c748f726593711a2e29ad99d10f60f08a98db9"",""report"":""manifests/story_quality_semantic_batch09_ai_only_20261002_evidence.json.gz"",""script_id"":""510720-8_eP7q2"",""full_fields"":64,""text_changed"":true}}"
510720-9_eP7q2	"[""510720""]"	"[""""]"	magireco-translate-data-master/Scenarios_full/event_story/5107 - 欢迎来到谣言水族馆～将回忆寄托在玉手箱中～/510720-9_eP7q2.json	True	True	after_20261001_takeover	53	a6b5d18933348870041d5d1d999f012502eccc71	magireco-source-master/Scenarios_full/event_story/5107 - 欢迎来到谣言水族馆～将回忆寄托在玉手箱中～/510720-9_eP7q2.json	82956d70c65c10f2a80e383b99d2da25bab531fe	48	manifests/story_quality_semantic_batch03_20261001_evidence.json.gz		[3315]	"{""path"":""magireco-translate-data-master/Scenarios_full/event_story/5107 - 欢迎来到谣言水族馆～将回忆寄托在玉手箱中～/510720-9_eP7q2.json"",""cn_blob"":""a6b5d18933348870041d5d1d999f012502eccc71"",""jp_path"":""magireco-source-master/Scenarios_full/event_story/5107 - 欢迎来到谣言水族馆～将回忆寄托在玉手箱中～/510720-9_eP7q2.json"",""jp_blob"":""82956d70c65c10f2a80e383b99d2da25bab531fe"",""evidence"":{""status"":""full_review_3315"",""prior_evidence"":{""report"":""manifests/story_quality_semantic_batch03_20261001_evidence.json.gz"",""jp_blob"":""82956d70c65c10f2a80e383b99d2da25bab531fe"",""body_fingerprint"":""9fc834de412a08f0e6938bf66e88ace13a816518293d35e388be6c60fbbd4ef0"",""source_CN_blob"":""82a44dd8244f9bc16fb6e2aabdfc8643ee3dd7c2"",""reviewed_CN_fields"":53,""full_read"":true,""source_authorship_not_reclassified"":true},""body_fingerprint"":""9fc834de412a08f0e6938bf66e88ace13a816518293d35e388be6c60fbbd4ef0""}}"
510802-6_t5Dx9	"[""510801-05"",""510802""]"	"[""""]"	magireco-translate-data-master/Scenarios_full/event_story/5108 - 玩转全神祭！～我们短暂的休息时间～/510802-6_t5Dx9.json	True	True	after_20261001_takeover	76	9d47363360618b626f4d608c13a11c1b27bfad32	magireco-source-master/Scenarios_full/event_story/5108 - 玩转全神祭！～我们短暂的休息时间～/510802-6_t5Dx9.json	f49d6e103b3e29ad670430cb64cb9f9066947633	63	manifests/story_quality_semantic_batch03_20261001_evidence.json.gz		[3315]	"{""path"":""magireco-translate-data-master/Scenarios_full/event_story/5108 - 玩转全神祭！～我们短暂的休息时间～/510802-6_t5Dx9.json"",""cn_blob"":""9d47363360618b626f4d608c13a11c1b27bfad32"",""jp_path"":""magireco-source-master/Scenarios_full/event_story/5108 - 玩转全神祭！～我们短暂的休息时间～/510802-6_t5Dx9.json"",""jp_blob"":""f49d6e103b3e29ad670430cb64cb9f9066947633"",""evidence"":{""status"":""full_review_3315"",""prior_evidence"":{""report"":""manifests/story_quality_semantic_batch03_20261001_evidence.json.gz"",""jp_blob"":""f49d6e103b3e29ad670430cb64cb9f9066947633"",""body_fingerprint"":""cc124d82862b1553400bbe8e0ef348788e1b9341914ca1f7097977869b20f872"",""source_CN_blob"":""7993c7a41eaa0c6a7af89ad09a6ae76b34595c39"",""reviewed_CN_fields"":76,""full_read"":true,""source_authorship_not_reclassified"":true},""body_fingerprint"":""cc124d82862b1553400bbe8e0ef348788e1b9341914ca1f7097977869b20f872""}}"
510803-7_MTX4v	"[""510801-05"",""510803""]"	"[""""]"	magireco-translate-data-master/Scenarios_full/event_story/5108 - 玩转全神祭！～我们短暂的休息时间～/510803-7_MTX4v.json	True	True	after_20261001_takeover	69	402ed84fdeda0504c61a7e8559ac0027b27670c6	magireco-source-master/Scenarios_full/event_story/5108 - 玩转全神祭！～我们短暂的休息时间～/510803-7_MTX4v.json	a4c5e937ab7447b9681bb642750fb2e76231be63	44	manifests/story_quality_semantic_batch03_20261001_evidence.json.gz		[3315]	"{""path"":""magireco-translate-data-master/Scenarios_full/event_story/5108 - 玩转全神祭！～我们短暂的休息时间～/510803-7_MTX4v.json"",""cn_blob"":""402ed84fdeda0504c61a7e8559ac0027b27670c6"",""jp_path"":""magireco-source-master/Scenarios_full/event_story/5108 - 玩转全神祭！～我们短暂的休息时间～/510803-7_MTX4v.json"",""jp_blob"":""a4c5e937ab7447b9681bb642750fb2e76231be63"",""evidence"":{""status"":""full_review_3315"",""prior_evidence"":{""report"":""manifests/story_quality_semantic_batch03_20261001_evidence.json.gz"",""jp_blob"":""a4c5e937ab7447b9681bb642750fb2e76231be63"",""body_fingerprint"":""14252b158cafb79770de36892136539acd21225226c37af3ebeac06c6c0d8c67"",""source_CN_blob"":""a7b9bb47738b1eb47ca290a0dc62c05d7fd2185a"",""reviewed_CN_fields"":69,""full_read"":true,""source_authorship_not_reclassified"":true},""body_fingerprint"":""14252b158cafb79770de36892136539acd21225226c37af3ebeac06c6c0d8c67""}}"
510804-3_zCzKI	"[""510801-05"",""510804""]"	"[""""]"	magireco-translate-data-master/Scenarios_full/event_story/5108 - 玩转全神祭！～我们短暂的休息时间～/510804-3_zCzKI.json	True	True	after_20261001_takeover	57	de3c7f6eaa3d1aec39aa93edc26c875d9bac21d1	magireco-source-master/Scenarios_full/event_story/5108 - 玩转全神祭！～我们短暂的休息时间～/510804-3_zCzKI.json	41be6b285b233d19141fb6c1b6a387194b12797e	43	manifests/story_quality_semantic_batch03_20261001_evidence.json.gz		[3315]	"{""path"":""magireco-translate-data-master/Scenarios_full/event_story/5108 - 玩转全神祭！～我们短暂的休息时间～/510804-3_zCzKI.json"",""cn_blob"":""de3c7f6eaa3d1aec39aa93edc26c875d9bac21d1"",""jp_path"":""magireco-source-master/Scenarios_full/event_story/5108 - 玩转全神祭！～我们短暂的休息时间～/510804-3_zCzKI.json"",""jp_blob"":""41be6b285b233d19141fb6c1b6a387194b12797e"",""evidence"":{""status"":""full_review_3315"",""prior_evidence"":{""report"":""manifests/story_quality_semantic_batch03_20261001_evidence.json.gz"",""jp_blob"":""41be6b285b233d19141fb6c1b6a387194b12797e"",""body_fingerprint"":""71c4ec05cbd903cde9fd3b22774dc6938d71dbad10e038ac85f5b18d4c9e26a3"",""source_CN_blob"":""da1390e5084d8518b66be2ebe205a212dbee70e7"",""reviewed_CN_fields"":57,""full_read"":true,""source_authorship_not_reclassified"":true},""body_fingerprint"":""71c4ec05cbd903cde9fd3b22774dc6938d71dbad10e038ac85f5b18d4c9e26a3""}}"
510911-2_RK87H	"[""510911""]"	"[""""]"	magireco-translate-data-master/Scenarios_full/event_story/5109 - Another Daze～魔法少女和美～/510911-2_RK87H.json	True	True	before_20261001_takeover	63	5822031fc555081167be4ff6c2540dfa5a8f51c9	magireco-source-master/Scenarios_full/event_story/5109 - Another Daze～魔法少女和美～/510911-2_RK87H.json	a78ae281518331bd4336968936a20bb09172208f	52	docs/story-quality/20260930-cn-origin-audit.md	0982d3040c13839eb3e2a60b463370008351270f	[3312]	"{""path"":""magireco-translate-data-master/Scenarios_full/event_story/5109 - Another Daze～魔法少女和美～/510911-2_RK87H.json"",""cn_blob"":""5822031fc555081167be4ff6c2540dfa5a8f51c9"",""jp_path"":""magireco-source-master/Scenarios_full/event_story/5109 - Another Daze～魔法少女和美～/510911-2_RK87H.json"",""jp_blob"":""a78ae281518331bd4336968936a20bb09172208f"",""evidence"":{""status"":""whole_scene_verified_equivalent_3312"",""prior_evidence"":{""body_fingerprint"":""59ff864daa3e62857cae71928f3a692f2f762763749b7560cc850b89ab678b9a"",""jp_blob"":""a78ae281518331bd4336968936a20bb09172208f"",""report"":""docs/story-quality/20260930-cn-origin-audit.md"",""kind"":""whole_scene_verified_equivalent_3312"",""source_commit"":""0982d3040c13839eb3e2a60b463370008351270f""},""body_fingerprint"":""59ff864daa3e62857cae71928f3a692f2f762763749b7560cc850b89ab678b9a""}}"
510924-2_RK87H	"[""510921-24""]"	"[""""]"	magireco-translate-data-master/Scenarios_full/event_story/5109 - Another Daze～魔法少女和美～/510924-2_RK87H.json	True	True	before_20261001_takeover	55	8258efe4aadb49ceedb58a43dc73b9f906e9019e	magireco-source-master/Scenarios_full/event_story/5109 - Another Daze～魔法少女和美～/510924-2_RK87H.json	cf0fed6c83eae874353398be85203e02169db8cd	49	docs/story-quality/20260930-cn-origin-audit.md	0982d3040c13839eb3e2a60b463370008351270f	[3312]	"{""path"":""magireco-translate-data-master/Scenarios_full/event_story/5109 - Another Daze～魔法少女和美～/510924-2_RK87H.json"",""cn_blob"":""8258efe4aadb49ceedb58a43dc73b9f906e9019e"",""jp_path"":""magireco-source-master/Scenarios_full/event_story/5109 - Another Daze～魔法少女和美～/510924-2_RK87H.json"",""jp_blob"":""cf0fed6c83eae874353398be85203e02169db8cd"",""evidence"":{""status"":""whole_scene_verified_equivalent_3312"",""prior_evidence"":{""body_fingerprint"":""738050ec1686f439e24e57e9a47b7c9e5fb54378128f06252ab9db21824dd13b"",""jp_blob"":""cf0fed6c83eae874353398be85203e02169db8cd"",""report"":""docs/story-quality/20260930-cn-origin-audit.md"",""kind"":""whole_scene_verified_equivalent_3312"",""source_commit"":""0982d3040c13839eb3e2a60b463370008351270f""},""body_fingerprint"":""738050ec1686f439e24e57e9a47b7c9e5fb54378128f06252ab9db21824dd13b""}}"
510934-2_RK87H	"[""510931-34""]"	"[""""]"	magireco-translate-data-master/Scenarios_full/event_story/5109 - Another Daze～魔法少女和美～/510934-2_RK87H.json	True	True	before_20261001_takeover	36	2f805f1d4cd1b9ee83a44023780f8f10fabf7975	magireco-source-master/Scenarios_full/event_story/5109 - Another Daze～魔法少女和美～/510934-2_RK87H.json	57be499e371ed73e35b0f211858f38623b32f1f8	26	docs/story-quality/20260930-cn-origin-audit.md	0982d3040c13839eb3e2a60b463370008351270f	[3312]	"{""path"":""magireco-translate-data-master/Scenarios_full/event_story/5109 - Another Daze～魔法少女和美～/510934-2_RK87H.json"",""cn_blob"":""2f805f1d4cd1b9ee83a44023780f8f10fabf7975"",""jp_path"":""magireco-source-master/Scenarios_full/event_story/5109 - Another Daze～魔法少女和美～/510934-2_RK87H.json"",""jp_blob"":""57be499e371ed73e35b0f211858f38623b32f1f8"",""evidence"":{""status"":""whole_scene_verified_equivalent_3312"",""prior_evidence"":{""body_fingerprint"":""a50ac1f93ae493743a6f5b2d7b67b32401ba53fdd168d50b50fb31951527fdbf"",""jp_blob"":""57be499e371ed73e35b0f211858f38623b32f1f8"",""report"":""docs/story-quality/20260930-cn-origin-audit.md"",""kind"":""whole_scene_verified_equivalent_3312"",""source_commit"":""0982d3040c13839eb3e2a60b463370008351270f""},""body_fingerprint"":""a50ac1f93ae493743a6f5b2d7b67b32401ba53fdd168d50b50fb31951527fdbf""}}"
510941-1_RK87H	"[""510941-44""]"	"[""""]"	magireco-translate-data-master/Scenarios_full/event_story/5109 - Another Daze～魔法少女和美～/510941-1_RK87H.json	True	True	before_20261001_takeover	75	2e6c6e432697cf8cfb48d6dc71ef432ce3c2446f	magireco-source-master/Scenarios_full/event_story/5109 - Another Daze～魔法少女和美～/510941-1_RK87H.json	375432b12fee1c4fc152a0dad0fe69022f83e793	62	docs/story-quality/20260930-cn-origin-audit.md	0982d3040c13839eb3e2a60b463370008351270f	[3312]	"{""path"":""magireco-translate-data-master/Scenarios_full/event_story/5109 - Another Daze～魔法少女和美～/510941-1_RK87H.json"",""cn_blob"":""2e6c6e432697cf8cfb48d6dc71ef432ce3c2446f"",""jp_path"":""magireco-source-master/Scenarios_full/event_story/5109 - Another Daze～魔法少女和美～/510941-1_RK87H.json"",""jp_blob"":""375432b12fee1c4fc152a0dad0fe69022f83e793"",""evidence"":{""status"":""whole_scene_verified_equivalent_3312"",""prior_evidence"":{""body_fingerprint"":""420dee3e32daf0d2d92d185fe742fb663ea9416d344122c5e272415a0fde74ff"",""jp_blob"":""375432b12fee1c4fc152a0dad0fe69022f83e793"",""report"":""docs/story-quality/20260930-cn-origin-audit.md"",""kind"":""whole_scene_verified_equivalent_3312"",""source_commit"":""0982d3040c13839eb3e2a60b463370008351270f""},""body_fingerprint"":""420dee3e32daf0d2d92d185fe742fb663ea9416d344122c5e272415a0fde74ff""}}"
510944-2_RK87H	"[""510941-44""]"	"[""""]"	magireco-translate-data-master/Scenarios_full/event_story/5109 - Another Daze～魔法少女和美～/510944-2_RK87H.json	True	True	after_20261001_takeover	64	18b2d354a4e5be148f135d546441a681a18f2692	magireco-source-master/Scenarios_full/event_story/5109 - Another Daze～魔法少女和美～/510944-2_RK87H.json	5a0a23ed097b9f2c6f199c3ddf24e4792533ffb7	60	manifests/story_quality_semantic_batch02_20261001_evidence.json.gz		[3314]	"{""path"":""magireco-translate-data-master/Scenarios_full/event_story/5109 - Another Daze～魔法少女和美～/510944-2_RK87H.json"",""cn_blob"":""18b2d354a4e5be148f135d546441a681a18f2692"",""jp_path"":""magireco-source-master/Scenarios_full/event_story/5109 - Another Daze～魔法少女和美～/510944-2_RK87H.json"",""jp_blob"":""5a0a23ed097b9f2c6f199c3ddf24e4792533ffb7"",""evidence"":{""status"":""full_review_3314"",""prior_evidence"":{""body_fingerprint"":""cd22fdb35011067e1620ebf9b47576e4cc34c2df925f823582c61406634937e5"",""jp_blob"":""5a0a23ed097b9f2c6f199c3ddf24e4792533ffb7"",""report"":""manifests/story_quality_semantic_batch02_20261001_evidence.json.gz"",""kind"":""full_review_3314""},""body_fingerprint"":""cd22fdb35011067e1620ebf9b47576e4cc34c2df925f823582c61406634937e5""}}"
510951-1_RK87H	"[""510951-54""]"	"[""""]"	magireco-translate-data-master/Scenarios_full/event_story/5109 - Another Daze～魔法少女和美～/510951-1_RK87H.json	True	True	after_20261001_takeover	72	adb463025d88c5e584d7d50c9f14399667a030d6	magireco-source-master/Scenarios_full/event_story/5109 - Another Daze～魔法少女和美～/510951-1_RK87H.json	b4774f3e0eaf6eaa82af25d3a0e185ffc79c2b7e	68	manifests/story_quality_semantic_batch02_20261001_evidence.json.gz		[3314]	"{""path"":""magireco-translate-data-master/Scenarios_full/event_story/5109 - Another Daze～魔法少女和美～/510951-1_RK87H.json"",""cn_blob"":""adb463025d88c5e584d7d50c9f14399667a030d6"",""jp_path"":""magireco-source-master/Scenarios_full/event_story/5109 - Another Daze～魔法少女和美～/510951-1_RK87H.json"",""jp_blob"":""b4774f3e0eaf6eaa82af25d3a0e185ffc79c2b7e"",""evidence"":{""status"":""full_review_3314"",""prior_evidence"":{""body_fingerprint"":""68d36687f1e1316bce1cb1a76a269b808408a1d5afabb8f73c65ca053bb31bf5"",""jp_blob"":""b4774f3e0eaf6eaa82af25d3a0e185ffc79c2b7e"",""report"":""manifests/story_quality_semantic_batch02_20261001_evidence.json.gz"",""kind"":""full_review_3314""},""body_fingerprint"":""68d36687f1e1316bce1cb1a76a269b808408a1d5afabb8f73c65ca053bb31bf5""}}"
510954-2_RK87H	"[""510951-54""]"	"[""""]"	magireco-translate-data-master/Scenarios_full/event_story/5109 - Another Daze～魔法少女和美～/510954-2_RK87H.json	True	True	after_20261001_takeover	79	750b9d28bb0be97b588ed82278149a00f060a665	magireco-source-master/Scenarios_full/event_story/5109 - Another Daze～魔法少女和美～/510954-2_RK87H.json	09a42fbc2ca7eb60c4736f244b413b2c2846d019	74	manifests/story_quality_semantic_batch02_20261001_evidence.json.gz		[3314]	"{""path"":""magireco-translate-data-master/Scenarios_full/event_story/5109 - Another Daze～魔法少女和美～/510954-2_RK87H.json"",""cn_blob"":""750b9d28bb0be97b588ed82278149a00f060a665"",""jp_path"":""magireco-source-master/Scenarios_full/event_story/5109 - Another Daze～魔法少女和美～/510954-2_RK87H.json"",""jp_blob"":""09a42fbc2ca7eb60c4736f244b413b2c2846d019"",""evidence"":{""status"":""full_review_3314"",""prior_evidence"":{""body_fingerprint"":""317768fea6b78379dd6d8ea6b7c14cd427d0b92333a45ae169754123eb61c951"",""jp_blob"":""09a42fbc2ca7eb60c4736f244b413b2c2846d019"",""report"":""manifests/story_quality_semantic_batch02_20261001_evidence.json.gz"",""kind"":""full_review_3314""},""body_fingerprint"":""317768fea6b78379dd6d8ea6b7c14cd427d0b92333a45ae169754123eb61c951""}}"
510981-1_RK87H	"[""510981-84""]"	"[""""]"	magireco-translate-data-master/Scenarios_full/event_story/5109 - Another Daze～魔法少女和美～/510981-1_RK87H.json	True	True	after_20261001_takeover	130	ab8c26b9a97c0fc89a328742feb3d7e12ccef6ec	magireco-source-master/Scenarios_full/event_story/5109 - Another Daze～魔法少女和美～/510981-1_RK87H.json	2dad50d43e68cf628f6d7f629fcc216a9f693b0b	1	manifests/story_quality_semantic_batch02_20261001_evidence.json.gz		[3314]	"{""path"":""magireco-translate-data-master/Scenarios_full/event_story/5109 - Another Daze～魔法少女和美～/510981-1_RK87H.json"",""cn_blob"":""ab8c26b9a97c0fc89a328742feb3d7e12ccef6ec"",""jp_path"":""magireco-source-master/Scenarios_full/event_story/5109 - Another Daze～魔法少女和美～/510981-1_RK87H.json"",""jp_blob"":""2dad50d43e68cf628f6d7f629fcc216a9f693b0b"",""evidence"":{""status"":""full_review_3314"",""prior_evidence"":{""body_fingerprint"":""1f9d216905813365733d6c34197b234301206bb4f1c4e70dc6f4d73dfd1aa9cf"",""jp_blob"":""2dad50d43e68cf628f6d7f629fcc216a9f693b0b"",""report"":""manifests/story_quality_semantic_batch02_20261001_evidence.json.gz"",""kind"":""full_review_3314""},""body_fingerprint"":""1f9d216905813365733d6c34197b234301206bb4f1c4e70dc6f4d73dfd1aa9cf""}}"
510984-2_RK87H	"[""510981-84""]"	"[""""]"	magireco-translate-data-master/Scenarios_full/event_story/5109 - Another Daze～魔法少女和美～/510984-2_RK87H.json	True	True	before_20261001_takeover	64	c81fad88ead3aee533074a58e87299ac8b61c654	magireco-source-master/Scenarios_full/event_story/5109 - Another Daze～魔法少女和美～/510984-2_RK87H.json	69f146861a5ca5d3f46d0e390a19a27c8acd13e6	56	manifests/story_quality_severe_5109_20261001.json	bb7e164a450c4b2019f5965555a942cc53acfb52	[3313]	"{""path"":""magireco-translate-data-master/Scenarios_full/event_story/5109 - Another Daze～魔法少女和美～/510984-2_RK87H.json"",""cn_blob"":""c81fad88ead3aee533074a58e87299ac8b61c654"",""jp_path"":""magireco-source-master/Scenarios_full/event_story/5109 - Another Daze～魔法少女和美～/510984-2_RK87H.json"",""jp_blob"":""69f146861a5ca5d3f46d0e390a19a27c8acd13e6"",""evidence"":{""status"":""full_review_3313"",""prior_evidence"":{""body_fingerprint"":""ee8cfbaf87a355f3a9cb4f8d312f84270b54521493d4601b531b91efaed479d4"",""jp_blob"":""69f146861a5ca5d3f46d0e390a19a27c8acd13e6"",""report"":""manifests/story_quality_severe_5109_20261001.json"",""kind"":""full_review_3313"",""source_commit"":""bb7e164a450c4b2019f5965555a942cc53acfb52""},""body_fingerprint"":""ee8cfbaf87a355f3a9cb4f8d312f84270b54521493d4601b531b91efaed479d4""}}"
510991-1_RK87H	"[""510991""]"	"[""""]"	magireco-translate-data-master/Scenarios_full/event_story/5109 - Another Daze～魔法少女和美～/510991-1_RK87H.json	True	True	after_20261001_takeover	131	b32b7261b0af1902b4e126088de069b628b38c09	magireco-source-master/Scenarios_full/event_story/5109 - Another Daze～魔法少女和美～/510991-1_RK87H.json	e907235384371e07bd59f665e2f7210473956edb	3	manifests/story_quality_semantic_batch02_20261001_evidence.json.gz		[3314]	"{""path"":""magireco-translate-data-master/Scenarios_full/event_story/5109 - Another Daze～魔法少女和美～/510991-1_RK87H.json"",""cn_blob"":""b32b7261b0af1902b4e126088de069b628b38c09"",""jp_path"":""magireco-source-master/Scenarios_full/event_story/5109 - Another Daze～魔法少女和美～/510991-1_RK87H.json"",""jp_blob"":""e907235384371e07bd59f665e2f7210473956edb"",""evidence"":{""status"":""full_review_3314"",""prior_evidence"":{""body_fingerprint"":""9a0309f8c689b756b19489f23e74a98556e63f772137e5878f5ff7a2918ce669"",""jp_blob"":""e907235384371e07bd59f665e2f7210473956edb"",""report"":""manifests/story_quality_semantic_batch02_20261001_evidence.json.gz"",""kind"":""full_review_3314""},""body_fingerprint"":""9a0309f8c689b756b19489f23e74a98556e63f772137e5878f5ff7a2918ce669""}}"
510991-2_RK87H	"[""510991""]"	"[""""]"	magireco-translate-data-master/Scenarios_full/event_story/5109 - Another Daze～魔法少女和美～/510991-2_RK87H.json	True	True	before_20261001_takeover	165	26b13fdd8494c964865df888583554e602e0cedc	magireco-source-master/Scenarios_full/event_story/5109 - Another Daze～魔法少女和美～/510991-2_RK87H.json	b60570c88bfbb503cbafc7b7deaa6ca997d975c0	134	manifests/story_quality_severe_5109_20261001.json	bb7e164a450c4b2019f5965555a942cc53acfb52	[3313]	"{""path"":""magireco-translate-data-master/Scenarios_full/event_story/5109 - Another Daze～魔法少女和美～/510991-2_RK87H.json"",""cn_blob"":""26b13fdd8494c964865df888583554e602e0cedc"",""jp_path"":""magireco-source-master/Scenarios_full/event_story/5109 - Another Daze～魔法少女和美～/510991-2_RK87H.json"",""jp_blob"":""b60570c88bfbb503cbafc7b7deaa6ca997d975c0"",""evidence"":{""status"":""full_review_3313"",""prior_evidence"":{""body_fingerprint"":""0304a22c7d98c031eb1d6b9d27545a1ee0eef7aa2d574bd1d35b4900fd92236c"",""jp_blob"":""b60570c88bfbb503cbafc7b7deaa6ca997d975c0"",""report"":""manifests/story_quality_severe_5109_20261001.json"",""kind"":""full_review_3313"",""source_commit"":""bb7e164a450c4b2019f5965555a942cc53acfb52""},""body_fingerprint"":""0304a22c7d98c031eb1d6b9d27545a1ee0eef7aa2d574bd1d35b4900fd92236c""}}"
510991-3_RK87H	"[""510991""]"	"[""""]"	magireco-translate-data-master/Scenarios_full/event_story/5109 - Another Daze～魔法少女和美～/510991-3_RK87H.json	True	True	before_20261001_takeover	95	109f9d3f07875bec5c9eb5c5dd6e40e6266bcf44	magireco-source-master/Scenarios_full/event_story/5109 - Another Daze～魔法少女和美～/510991-3_RK87H.json	dccf0a58b063e5ed855f926e185d7187a6af1282	87	manifests/story_quality_severe_5109_20261001.json	bb7e164a450c4b2019f5965555a942cc53acfb52	[3313]	"{""path"":""magireco-translate-data-master/Scenarios_full/event_story/5109 - Another Daze～魔法少女和美～/510991-3_RK87H.json"",""cn_blob"":""109f9d3f07875bec5c9eb5c5dd6e40e6266bcf44"",""jp_path"":""magireco-source-master/Scenarios_full/event_story/5109 - Another Daze～魔法少女和美～/510991-3_RK87H.json"",""jp_blob"":""dccf0a58b063e5ed855f926e185d7187a6af1282"",""evidence"":{""status"":""full_review_3313"",""prior_evidence"":{""body_fingerprint"":""42e0cad9e8f9318f645af5f7951786324deb136e6e1f8602b99fd0fddf43f47b"",""jp_blob"":""dccf0a58b063e5ed855f926e185d7187a6af1282"",""report"":""manifests/story_quality_severe_5109_20261001.json"",""kind"":""full_review_3313"",""source_commit"":""bb7e164a450c4b2019f5965555a942cc53acfb52""},""body_fingerprint"":""42e0cad9e8f9318f645af5f7951786324deb136e6e1f8602b99fd0fddf43f47b""}}"
511001-1	"[""511001""]"	"[""""]"	magireco-translate-data-master/Scenarios_full/event_story/5110 - 御魂的特训 静香篇/511001-1.json	True	True	before_20261001_takeover	35	0383e9d51e923fec4fec2e50bd9b2b343b14921b	magireco-source-master/Scenarios_full/event_story/5110 - 御魂的特训 静香篇/511001-1.json	f0e805339112748afd96239cc2242aceeb88406c	29	manifests/story_quality_corpus_20260930_07.json.gz		[3301]	"{""path"":""magireco-translate-data-master/Scenarios_full/event_story/5110 - 御魂的特训 静香篇/511001-1.json"",""cn_blob"":""0383e9d51e923fec4fec2e50bd9b2b343b14921b"",""jp_path"":""magireco-source-master/Scenarios_full/event_story/5110 - 御魂的特训 静香篇/511001-1.json"",""jp_blob"":""f0e805339112748afd96239cc2242aceeb88406c"",""evidence"":{""status"":""prior_44_bound_full_reviews"",""prior_evidence"":{""body_fingerprint"":""bd93fd106afbe5947aafc68bc18a25e2d8efb4b3ea3e943c9d9b2889c65fb2a4"",""jp_blob"":""f0e805339112748afd96239cc2242aceeb88406c"",""report"":""manifests/story_quality_corpus_20260930_07.json.gz"",""kind"":""prior_44_bound_full_reviews""},""body_fingerprint"":""bd93fd106afbe5947aafc68bc18a25e2d8efb4b3ea3e943c9d9b2889c65fb2a4""}}"
511001-10	"[""511001""]"	"[""""]"	magireco-translate-data-master/Scenarios_full/event_story/5110 - 御魂的特训 静香篇/511001-10.json	True	True	before_20261001_takeover	75	f87c3861c7bb1d4ed43b0383a6f8cc1c363fd438	magireco-source-master/Scenarios_full/event_story/5110 - 御魂的特训 静香篇/511001-10.json	1179925bc54c2cb42fa145a2d6e9947d01571465	66	manifests/story_quality_corpus_20260930_07.json.gz		[3301]	"{""path"":""magireco-translate-data-master/Scenarios_full/event_story/5110 - 御魂的特训 静香篇/511001-10.json"",""cn_blob"":""f87c3861c7bb1d4ed43b0383a6f8cc1c363fd438"",""jp_path"":""magireco-source-master/Scenarios_full/event_story/5110 - 御魂的特训 静香篇/511001-10.json"",""jp_blob"":""1179925bc54c2cb42fa145a2d6e9947d01571465"",""evidence"":{""status"":""prior_44_bound_full_reviews"",""prior_evidence"":{""body_fingerprint"":""646d643a6671c5505021538eb07203177b7dbc96e5230ce2909c2c970145eeb3"",""jp_blob"":""1179925bc54c2cb42fa145a2d6e9947d01571465"",""report"":""manifests/story_quality_corpus_20260930_07.json.gz"",""kind"":""prior_44_bound_full_reviews""},""body_fingerprint"":""646d643a6671c5505021538eb07203177b7dbc96e5230ce2909c2c970145eeb3""}}"
511001-2	"[""511001""]"	"[""""]"	magireco-translate-data-master/Scenarios_full/event_story/5110 - 御魂的特训 静香篇/511001-2.json	True	True	before_20261001_takeover	60	4371c0af33b3982529912465f757891b6b258636	magireco-source-master/Scenarios_full/event_story/5110 - 御魂的特训 静香篇/511001-2.json	ac265d63deec0ef6c3c0947798537e186996c2f5	44	manifests/story_quality_corpus_20260930_07.json.gz		[3301]	"{""path"":""magireco-translate-data-master/Scenarios_full/event_story/5110 - 御魂的特训 静香篇/511001-2.json"",""cn_blob"":""4371c0af33b3982529912465f757891b6b258636"",""jp_path"":""magireco-source-master/Scenarios_full/event_story/5110 - 御魂的特训 静香篇/511001-2.json"",""jp_blob"":""ac265d63deec0ef6c3c0947798537e186996c2f5"",""evidence"":{""status"":""prior_44_bound_full_reviews"",""prior_evidence"":{""body_fingerprint"":""3823ce2ad4cb3009cf280127322c0aa94b90101e4f67451e4a47b297cd5893a8"",""jp_blob"":""ac265d63deec0ef6c3c0947798537e186996c2f5"",""report"":""manifests/story_quality_corpus_20260930_07.json.gz"",""kind"":""prior_44_bound_full_reviews""},""body_fingerprint"":""3823ce2ad4cb3009cf280127322c0aa94b90101e4f67451e4a47b297cd5893a8""}}"
511001-3	"[""511001""]"	"[""""]"	magireco-translate-data-master/Scenarios_full/event_story/5110 - 御魂的特训 静香篇/511001-3.json	True	True	before_20261001_takeover	79	32ddf120607723117040f098ba466d1634283035	magireco-source-master/Scenarios_full/event_story/5110 - 御魂的特训 静香篇/511001-3.json	021bf9322b4c33630302177f988970e2b7b113a0	73	manifests/story_quality_corpus_20260930_07.json.gz		[3301]	"{""path"":""magireco-translate-data-master/Scenarios_full/event_story/5110 - 御魂的特训 静香篇/511001-3.json"",""cn_blob"":""32ddf120607723117040f098ba466d1634283035"",""jp_path"":""magireco-source-master/Scenarios_full/event_story/5110 - 御魂的特训 静香篇/511001-3.json"",""jp_blob"":""021bf9322b4c33630302177f988970e2b7b113a0"",""evidence"":{""status"":""prior_44_bound_full_reviews"",""prior_evidence"":{""body_fingerprint"":""fa92847696206d1c4502a416058e32f3a7ea8c0ab7f21bdccc9d9281803f8a00"",""jp_blob"":""021bf9322b4c33630302177f988970e2b7b113a0"",""report"":""manifests/story_quality_corpus_20260930_07.json.gz"",""kind"":""prior_44_bound_full_reviews""},""body_fingerprint"":""fa92847696206d1c4502a416058e32f3a7ea8c0ab7f21bdccc9d9281803f8a00""}}"
511001-4	"[""511001""]"	"[""""]"	magireco-translate-data-master/Scenarios_full/event_story/5110 - 御魂的特训 静香篇/511001-4.json	True	True	before_20261001_takeover	69	8c4bc9e73396ab7d62294a7371071f7297777857	magireco-source-master/Scenarios_full/event_story/5110 - 御魂的特训 静香篇/511001-4.json	52ef31a040d6f89ea25fed81514544cffe51fdd8	59	manifests/story_quality_corpus_20260930_07.json.gz		[3301]	"{""path"":""magireco-translate-data-master/Scenarios_full/event_story/5110 - 御魂的特训 静香篇/511001-4.json"",""cn_blob"":""8c4bc9e73396ab7d62294a7371071f7297777857"",""jp_path"":""magireco-source-master/Scenarios_full/event_story/5110 - 御魂的特训 静香篇/511001-4.json"",""jp_blob"":""52ef31a040d6f89ea25fed81514544cffe51fdd8"",""evidence"":{""status"":""prior_44_bound_full_reviews"",""prior_evidence"":{""body_fingerprint"":""45cc1bc64853ade70f355a3ebbf9276a651ca74db16d1c3bef42645eade78fac"",""jp_blob"":""52ef31a040d6f89ea25fed81514544cffe51fdd8"",""report"":""manifests/story_quality_corpus_20260930_07.json.gz"",""kind"":""prior_44_bound_full_reviews""},""body_fingerprint"":""45cc1bc64853ade70f355a3ebbf9276a651ca74db16d1c3bef42645eade78fac""}}"
511001-5	"[""511001""]"	"[""""]"	magireco-translate-data-master/Scenarios_full/event_story/5110 - 御魂的特训 静香篇/511001-5.json	True	True	before_20261001_takeover	58	4f38b07db54c95539e56c94e01a4e7b872974f29	magireco-source-master/Scenarios_full/event_story/5110 - 御魂的特训 静香篇/511001-5.json	3849d41eadf879c4a147f27cdf240a2e6cc7a0b3	47	manifests/story_quality_corpus_20260930_07.json.gz		[3301]	"{""path"":""magireco-translate-data-master/Scenarios_full/event_story/5110 - 御魂的特训 静香篇/511001-5.json"",""cn_blob"":""4f38b07db54c95539e56c94e01a4e7b872974f29"",""jp_path"":""magireco-source-master/Scenarios_full/event_story/5110 - 御魂的特训 静香篇/511001-5.json"",""jp_blob"":""3849d41eadf879c4a147f27cdf240a2e6cc7a0b3"",""evidence"":{""status"":""prior_44_bound_full_reviews"",""prior_evidence"":{""body_fingerprint"":""af94a9e0eaff226967a76f6a160ec07fe5fcdbef41336d3415ca3560f402a243"",""jp_blob"":""3849d41eadf879c4a147f27cdf240a2e6cc7a0b3"",""report"":""manifests/story_quality_corpus_20260930_07.json.gz"",""kind"":""prior_44_bound_full_reviews""},""body_fingerprint"":""af94a9e0eaff226967a76f6a160ec07fe5fcdbef41336d3415ca3560f402a243""}}"
511001-6	"[""511001""]"	"[""""]"	magireco-translate-data-master/Scenarios_full/event_story/5110 - 御魂的特训 静香篇/511001-6.json	True	True	before_20261001_takeover	52	1891e27c335b6244c6b451edb2719b8aa4ca1771	magireco-source-master/Scenarios_full/event_story/5110 - 御魂的特训 静香篇/511001-6.json	c1b6d9a7bd77d130c5b677225fb5ec6490894f9f	41	manifests/story_quality_corpus_20260930_07.json.gz		[3301]	"{""path"":""magireco-translate-data-master/Scenarios_full/event_story/5110 - 御魂的特训 静香篇/511001-6.json"",""cn_blob"":""1891e27c335b6244c6b451edb2719b8aa4ca1771"",""jp_path"":""magireco-source-master/Scenarios_full/event_story/5110 - 御魂的特训 静香篇/511001-6.json"",""jp_blob"":""c1b6d9a7bd77d130c5b677225fb5ec6490894f9f"",""evidence"":{""status"":""prior_44_bound_full_reviews"",""prior_evidence"":{""body_fingerprint"":""15fd346b0b5385cdcad181004c5f669ad2effd96661e9c9da945144739f89dea"",""jp_blob"":""c1b6d9a7bd77d130c5b677225fb5ec6490894f9f"",""report"":""manifests/story_quality_corpus_20260930_07.json.gz"",""kind"":""prior_44_bound_full_reviews""},""body_fingerprint"":""15fd346b0b5385cdcad181004c5f669ad2effd96661e9c9da945144739f89dea""}}"
511001-7	"[""511001""]"	"[""""]"	magireco-translate-data-master/Scenarios_full/event_story/5110 - 御魂的特训 静香篇/511001-7.json	True	True	before_20261001_takeover	88	f8c95f96a75dc83d0976df677e6277b4e2bf0cec	magireco-source-master/Scenarios_full/event_story/5110 - 御魂的特训 静香篇/511001-7.json	604bcd10f9c120a5842f0c9cdb20328fb219b526	75	manifests/story_quality_corpus_20260930_07.json.gz		[3301]	"{""path"":""magireco-translate-data-master/Scenarios_full/event_story/5110 - 御魂的特训 静香篇/511001-7.json"",""cn_blob"":""f8c95f96a75dc83d0976df677e6277b4e2bf0cec"",""jp_path"":""magireco-source-master/Scenarios_full/event_story/5110 - 御魂的特训 静香篇/511001-7.json"",""jp_blob"":""604bcd10f9c120a5842f0c9cdb20328fb219b526"",""evidence"":{""status"":""prior_44_bound_full_reviews"",""prior_evidence"":{""body_fingerprint"":""3c496ba34aae8fdfc781489886b2a9cbd9ec286ad7f1fbe89cb44953231c0f3c"",""jp_blob"":""604bcd10f9c120a5842f0c9cdb20328fb219b526"",""report"":""manifests/story_quality_corpus_20260930_07.json.gz"",""kind"":""prior_44_bound_full_reviews""},""body_fingerprint"":""3c496ba34aae8fdfc781489886b2a9cbd9ec286ad7f1fbe89cb44953231c0f3c""}}"
511001-8	"[""511001""]"	"[""""]"	magireco-translate-data-master/Scenarios_full/event_story/5110 - 御魂的特训 静香篇/511001-8.json	True	True	before_20261001_takeover	86	7e034dfd0836eb1d8cdfc22e46869e3afc8f9227	magireco-source-master/Scenarios_full/event_story/5110 - 御魂的特训 静香篇/511001-8.json	31fe87ee917f26ee945c3e0b15fef1eda1dc2f88	68	manifests/story_quality_corpus_20260930_07.json.gz		[3301]	"{""path"":""magireco-translate-data-master/Scenarios_full/event_story/5110 - 御魂的特训 静香篇/511001-8.json"",""cn_blob"":""7e034dfd0836eb1d8cdfc22e46869e3afc8f9227"",""jp_path"":""magireco-source-master/Scenarios_full/event_story/5110 - 御魂的特训 静香篇/511001-8.json"",""jp_blob"":""31fe87ee917f26ee945c3e0b15fef1eda1dc2f88"",""evidence"":{""status"":""prior_44_bound_full_reviews"",""prior_evidence"":{""body_fingerprint"":""18a8dfc0032059ec099979b8d3c2214929bb3e350c2e0d7b3bdb5af2eed32956"",""jp_blob"":""31fe87ee917f26ee945c3e0b15fef1eda1dc2f88"",""report"":""manifests/story_quality_corpus_20260930_07.json.gz"",""kind"":""prior_44_bound_full_reviews""},""body_fingerprint"":""18a8dfc0032059ec099979b8d3c2214929bb3e350c2e0d7b3bdb5af2eed32956""}}"
511001-9	"[""511001""]"	"[""""]"	magireco-translate-data-master/Scenarios_full/event_story/5110 - 御魂的特训 静香篇/511001-9.json	True	True	before_20261001_takeover	86	4e92edec8edc02ecdb4cf167102d72c3ca7b43a2	magireco-source-master/Scenarios_full/event_story/5110 - 御魂的特训 静香篇/511001-9.json	befa3b1bdae26842c538778f189699814f530c1f	73	manifests/story_quality_corpus_20260930_07.json.gz		[3301]	"{""path"":""magireco-translate-data-master/Scenarios_full/event_story/5110 - 御魂的特训 静香篇/511001-9.json"",""cn_blob"":""4e92edec8edc02ecdb4cf167102d72c3ca7b43a2"",""jp_path"":""magireco-source-master/Scenarios_full/event_story/5110 - 御魂的特训 静香篇/511001-9.json"",""jp_blob"":""befa3b1bdae26842c538778f189699814f530c1f"",""evidence"":{""status"":""prior_44_bound_full_reviews"",""prior_evidence"":{""body_fingerprint"":""21c1330dd7771072df95157312357444c18777cedc91ea8f4258b2f04bf03450"",""jp_blob"":""befa3b1bdae26842c538778f189699814f530c1f"",""report"":""manifests/story_quality_corpus_20260930_07.json.gz"",""kind"":""prior_44_bound_full_reviews""},""body_fingerprint"":""21c1330dd7771072df95157312357444c18777cedc91ea8f4258b2f04bf03450""}}"
512720-9_Dt9rh	"[""512720""]"	"[""""]"	magireco-translate-data-master/Scenarios_full/event_story/5127 - 欢迎来到谣言水族馆～将回忆寄托在玉手箱中～/512720-9_Dt9rh.json	True	True	after_20261001_takeover	53	a6b5d18933348870041d5d1d999f012502eccc71	magireco-source-master/Scenarios_full/event_story/5127 - 欢迎来到谣言水族馆～将回忆寄托在玉手箱中～/512720-9_Dt9rh.json	82956d70c65c10f2a80e383b99d2da25bab531fe	48	manifests/story_quality_semantic_batch03_20261001_evidence.json.gz		[3315]	"{""path"":""magireco-translate-data-master/Scenarios_full/event_story/5127 - 欢迎来到谣言水族馆～将回忆寄托在玉手箱中～/512720-9_Dt9rh.json"",""cn_blob"":""a6b5d18933348870041d5d1d999f012502eccc71"",""jp_path"":""magireco-source-master/Scenarios_full/event_story/5127 - 欢迎来到谣言水族馆～将回忆寄托在玉手箱中～/512720-9_Dt9rh.json"",""jp_blob"":""82956d70c65c10f2a80e383b99d2da25bab531fe"",""evidence"":{""status"":""full_review_3315"",""prior_evidence"":{""report"":""manifests/story_quality_semantic_batch03_20261001_evidence.json.gz"",""jp_blob"":""82956d70c65c10f2a80e383b99d2da25bab531fe"",""body_fingerprint"":""9fc834de412a08f0e6938bf66e88ace13a816518293d35e388be6c60fbbd4ef0"",""source_CN_blob"":""82a44dd8244f9bc16fb6e2aabdfc8643ee3dd7c2"",""reviewed_CN_fields"":53,""full_read"":true,""source_authorship_not_reclassified"":true},""body_fingerprint"":""9fc834de412a08f0e6938bf66e88ace13a816518293d35e388be6c60fbbd4ef0""}}"
513261-61_wFvmE	"[""513260-69""]"	"[""""]"	magireco-translate-data-master/Scenarios_full/event_story/5132 - 始于反复的梦/513261-61_wFvmE.json	True	True	after_20261001_takeover	35	947f211bc7b154036c9f45ee9c7cc16c11690f4a	magireco-source-master/Scenarios_full/event_story/5132 - 始于反复的梦/513261-61_wFvmE.json	de641b409f109b35ccf67fc3eb613ec3a8b05189	32	manifests/story_quality_semantic_batch03_20261001_evidence.json.gz		[3315]	"{""path"":""magireco-translate-data-master/Scenarios_full/event_story/5132 - 始于反复的梦/513261-61_wFvmE.json"",""cn_blob"":""947f211bc7b154036c9f45ee9c7cc16c11690f4a"",""jp_path"":""magireco-source-master/Scenarios_full/event_story/5132 - 始于反复的梦/513261-61_wFvmE.json"",""jp_blob"":""de641b409f109b35ccf67fc3eb613ec3a8b05189"",""evidence"":{""status"":""full_review_3315"",""prior_evidence"":{""report"":""manifests/story_quality_semantic_batch03_20261001_evidence.json.gz"",""jp_blob"":""de641b409f109b35ccf67fc3eb613ec3a8b05189"",""body_fingerprint"":""788b5eefa75e6bf563b846c297aad7097084297e94c1584a3e580f901b9fb7d4"",""source_CN_blob"":""9f68fd46364ad12040f52a3b7558011355b03a88"",""reviewed_CN_fields"":35,""full_read"":true,""source_authorship_not_reclassified"":true},""body_fingerprint"":""788b5eefa75e6bf563b846c297aad7097084297e94c1584a3e580f901b9fb7d4""}}"
514120-12_CgKmX	"[""514120""]"	"[""""]"	magireco-translate-data-master/Scenarios_full/event_story/5141 - 拜托了结菜小姐～烦恼就交给长女解决吧～/514120-12_CgKmX.json	True	True	after_20261001_takeover	84	06de4b9d46f4e5ffa05737914f340b4241bfeb42	magireco-source-master/Scenarios_full/event_story/5141 - 拜托了结菜小姐～烦恼就交给长女解决吧～/514120-12_CgKmX.json	a7781a3da544a6714e2e62bbe4fec7dc3392f03d	70	manifests/story_quality_semantic_batch03_20261001_evidence.json.gz		[3315]	"{""path"":""magireco-translate-data-master/Scenarios_full/event_story/5141 - 拜托了结菜小姐～烦恼就交给长女解决吧～/514120-12_CgKmX.json"",""cn_blob"":""06de4b9d46f4e5ffa05737914f340b4241bfeb42"",""jp_path"":""magireco-source-master/Scenarios_full/event_story/5141 - 拜托了结菜小姐～烦恼就交给长女解决吧～/514120-12_CgKmX.json"",""jp_blob"":""a7781a3da544a6714e2e62bbe4fec7dc3392f03d"",""evidence"":{""status"":""full_review_3315"",""prior_evidence"":{""report"":""manifests/story_quality_semantic_batch03_20261001_evidence.json.gz"",""jp_blob"":""a7781a3da544a6714e2e62bbe4fec7dc3392f03d"",""body_fingerprint"":""9f22402bc032686ba5847bbd3c67d15c3a0fbb231f2e9cac637ce4319fc43f70"",""source_CN_blob"":""b6f23c3052ec89153d93b0e8bd11cea31d83d034"",""reviewed_CN_fields"":84,""full_read"":true,""source_authorship_not_reclassified"":true},""body_fingerprint"":""9f22402bc032686ba5847bbd3c67d15c3a0fbb231f2e9cac637ce4319fc43f70""}}"
515720-2_EO4Zi	"[""515720""]"	"[""""]"	magireco-translate-data-master/Scenarios_full/event_story/5157 - Homecoming～佐仓杏子的3天～/515720-2_EO4Zi.json	True	True	after_20261001_takeover	69	1b4f33ab798dfffe1692aaa97d8206148957d3c3	magireco-source-master/Scenarios_full/event_story/5157 - Homecoming～佐仓杏子的3天～/515720-2_EO4Zi.json	2d3fd61d53a6d5c19cd795f39476f2e9819d4bff	59	manifests/story_quality_semantic_batch03_20261001_evidence.json.gz		[3315]	"{""path"":""magireco-translate-data-master/Scenarios_full/event_story/5157 - Homecoming～佐仓杏子的3天～/515720-2_EO4Zi.json"",""cn_blob"":""1b4f33ab798dfffe1692aaa97d8206148957d3c3"",""jp_path"":""magireco-source-master/Scenarios_full/event_story/5157 - Homecoming～佐仓杏子的3天～/515720-2_EO4Zi.json"",""jp_blob"":""2d3fd61d53a6d5c19cd795f39476f2e9819d4bff"",""evidence"":{""status"":""full_review_3315"",""prior_evidence"":{""report"":""manifests/story_quality_semantic_batch03_20261001_evidence.json.gz"",""jp_blob"":""2d3fd61d53a6d5c19cd795f39476f2e9819d4bff"",""body_fingerprint"":""095c2c69ecf8b860d27adb892c5aaa21f4475ce34a4d59e7de562a519251e69a"",""source_CN_blob"":""8dfaf5de0f0f61f1dacbbfcf05766a725cc4f6af"",""reviewed_CN_fields"":69,""full_read"":true,""source_authorship_not_reclassified"":true},""body_fingerprint"":""095c2c69ecf8b860d27adb892c5aaa21f4475ce34a4d59e7de562a519251e69a""}}"
517210-10_h28aL	"[""517210""]"	"[""""]"	magireco-translate-data-master/Scenarios_full/event_story/5172 - 握成拳头然后张开座谈会～第2部的整理总结～/517210-10_h28aL.json	True	True	after_20261001_takeover	117	5480423603f6284741ce10978accdc948512f275	magireco-source-master/Scenarios_full/event_story/5172 - 握成拳头然后张开座谈会～第2部的整理总结～/517210-10_h28aL.json	7987354c9c2bb2ca7a9ba786a1526f8d76e34e84	108	manifests/story_quality_semantic_batch02_20261001_evidence.json.gz		[3314]	"{""path"":""magireco-translate-data-master/Scenarios_full/event_story/5172 - 握成拳头然后张开座谈会～第2部的整理总结～/517210-10_h28aL.json"",""cn_blob"":""5480423603f6284741ce10978accdc948512f275"",""jp_path"":""magireco-source-master/Scenarios_full/event_story/5172 - 握成拳头然后张开座谈会～第2部的整理总结～/517210-10_h28aL.json"",""jp_blob"":""7987354c9c2bb2ca7a9ba786a1526f8d76e34e84"",""evidence"":{""status"":""full_review_3314"",""prior_evidence"":{""body_fingerprint"":""77689bb428e734492260ec0bf7a22a73650598532aff6b553830bfade51b1cdb"",""jp_blob"":""7987354c9c2bb2ca7a9ba786a1526f8d76e34e84"",""report"":""manifests/story_quality_semantic_batch02_20261001_evidence.json.gz"",""kind"":""full_review_3314""},""body_fingerprint"":""77689bb428e734492260ec0bf7a22a73650598532aff6b553830bfade51b1cdb""}}"
517210-1_h28aL	"[""517210""]"	"[""""]"	magireco-translate-data-master/Scenarios_full/event_story/5172 - 握成拳头然后张开座谈会～第2部的整理总结～/517210-1_h28aL.json	True	True	before_20261001_takeover	57	c6315b2808508c154249c2074ed37e7ee46cb6b1	magireco-source-master/Scenarios_full/event_story/5172 - 握成拳头然后张开座谈会～第2部的整理总结～/517210-1_h28aL.json	e6e82c561d5132c9b7215923bf672ae2fe27f1e9	47	manifests/story_quality_severe_5109_20261001.json	bb7e164a450c4b2019f5965555a942cc53acfb52	[3313]	"{""path"":""magireco-translate-data-master/Scenarios_full/event_story/5172 - 握成拳头然后张开座谈会～第2部的整理总结～/517210-1_h28aL.json"",""cn_blob"":""c6315b2808508c154249c2074ed37e7ee46cb6b1"",""jp_path"":""magireco-source-master/Scenarios_full/event_story/5172 - 握成拳头然后张开座谈会～第2部的整理总结～/517210-1_h28aL.json"",""jp_blob"":""e6e82c561d5132c9b7215923bf672ae2fe27f1e9"",""evidence"":{""status"":""full_review_3313"",""prior_evidence"":{""body_fingerprint"":""2af48341f94a5a16c32431a952986a1cf5756b8ce814bfbf7d4ee8184abe0d8f"",""jp_blob"":""e6e82c561d5132c9b7215923bf672ae2fe27f1e9"",""report"":""manifests/story_quality_severe_5109_20261001.json"",""kind"":""full_review_3313"",""source_commit"":""bb7e164a450c4b2019f5965555a942cc53acfb52""},""body_fingerprint"":""2af48341f94a5a16c32431a952986a1cf5756b8ce814bfbf7d4ee8184abe0d8f""}}"
517210-2_h28aL	"[""517210""]"	"[""""]"	magireco-translate-data-master/Scenarios_full/event_story/5172 - 握成拳头然后张开座谈会～第2部的整理总结～/517210-2_h28aL.json	True	True	before_20261001_takeover	69	da67f6a2fcc1e369b607aca72a35df43db48e939	magireco-source-master/Scenarios_full/event_story/5172 - 握成拳头然后张开座谈会～第2部的整理总结～/517210-2_h28aL.json	80679c836a0c76fb11dac74b62fda0e12cd05fb3	65	manifests/story_quality_severe_5109_20261001.json	bb7e164a450c4b2019f5965555a942cc53acfb52	[3313]	"{""path"":""magireco-translate-data-master/Scenarios_full/event_story/5172 - 握成拳头然后张开座谈会～第2部的整理总结～/517210-2_h28aL.json"",""cn_blob"":""da67f6a2fcc1e369b607aca72a35df43db48e939"",""jp_path"":""magireco-source-master/Scenarios_full/event_story/5172 - 握成拳头然后张开座谈会～第2部的整理总结～/517210-2_h28aL.json"",""jp_blob"":""80679c836a0c76fb11dac74b62fda0e12cd05fb3"",""evidence"":{""status"":""full_review_3313"",""prior_evidence"":{""body_fingerprint"":""1e7c55ee46351afe0d5663a1a84a41fc92e89b2111ce6f22157e706e77e43558"",""jp_blob"":""80679c836a0c76fb11dac74b62fda0e12cd05fb3"",""report"":""manifests/story_quality_severe_5109_20261001.json"",""kind"":""full_review_3313"",""source_commit"":""bb7e164a450c4b2019f5965555a942cc53acfb52""},""body_fingerprint"":""1e7c55ee46351afe0d5663a1a84a41fc92e89b2111ce6f22157e706e77e43558""}}"
517210-3_h28aL	"[""517210""]"	"[""""]"	magireco-translate-data-master/Scenarios_full/event_story/5172 - 握成拳头然后张开座谈会～第2部的整理总结～/517210-3_h28aL.json	True	True	after_20261001_takeover	64	2b628c43198a1cc5e01cda9a7d70f5f4736f07af	magireco-source-master/Scenarios_full/event_story/5172 - 握成拳头然后张开座谈会～第2部的整理总结～/517210-3_h28aL.json	4d8a510073374a561cffa37e62d5edc24f153b07	57	manifests/story_quality_semantic_batch02_20261001_evidence.json.gz		[3314]	"{""path"":""magireco-translate-data-master/Scenarios_full/event_story/5172 - 握成拳头然后张开座谈会～第2部的整理总结～/517210-3_h28aL.json"",""cn_blob"":""2b628c43198a1cc5e01cda9a7d70f5f4736f07af"",""jp_path"":""magireco-source-master/Scenarios_full/event_story/5172 - 握成拳头然后张开座谈会～第2部的整理总结～/517210-3_h28aL.json"",""jp_blob"":""4d8a510073374a561cffa37e62d5edc24f153b07"",""evidence"":{""status"":""full_review_3314"",""prior_evidence"":{""body_fingerprint"":""a8f54e344cafc0104322eb359af9f02d85cafc759376611151ff9c5697c7f898"",""jp_blob"":""4d8a510073374a561cffa37e62d5edc24f153b07"",""report"":""manifests/story_quality_semantic_batch02_20261001_evidence.json.gz"",""kind"":""full_review_3314""},""body_fingerprint"":""a8f54e344cafc0104322eb359af9f02d85cafc759376611151ff9c5697c7f898""}}"
517210-4_h28aL	"[""517210""]"	"[""""]"	magireco-translate-data-master/Scenarios_full/event_story/5172 - 握成拳头然后张开座谈会～第2部的整理总结～/517210-4_h28aL.json	True	True	after_20261001_takeover	99	ba9824dc51b47ea48a6b4237b742f9081012a998	magireco-source-master/Scenarios_full/event_story/5172 - 握成拳头然后张开座谈会～第2部的整理总结～/517210-4_h28aL.json	4cdd6e5ac24cb9acff572b17e3d892fa32d33770	87	manifests/story_quality_semantic_batch02_20261001_evidence.json.gz		[3314]	"{""path"":""magireco-translate-data-master/Scenarios_full/event_story/5172 - 握成拳头然后张开座谈会～第2部的整理总结～/517210-4_h28aL.json"",""cn_blob"":""ba9824dc51b47ea48a6b4237b742f9081012a998"",""jp_path"":""magireco-source-master/Scenarios_full/event_story/5172 - 握成拳头然后张开座谈会～第2部的整理总结～/517210-4_h28aL.json"",""jp_blob"":""4cdd6e5ac24cb9acff572b17e3d892fa32d33770"",""evidence"":{""status"":""full_review_3314"",""prior_evidence"":{""body_fingerprint"":""f2ee3a91dd67a11d9a5caef23c89b86c4bee08f9d2e2afb4fff2405153a1ddad"",""jp_blob"":""4cdd6e5ac24cb9acff572b17e3d892fa32d33770"",""report"":""manifests/story_quality_semantic_batch02_20261001_evidence.json.gz"",""kind"":""full_review_3314""},""body_fingerprint"":""f2ee3a91dd67a11d9a5caef23c89b86c4bee08f9d2e2afb4fff2405153a1ddad""}}"
517210-5_h28aL	"[""517210""]"	"[""""]"	magireco-translate-data-master/Scenarios_full/event_story/5172 - 握成拳头然后张开座谈会～第2部的整理总结～/517210-5_h28aL.json	True	True	after_20261001_takeover	61	d98664cb503987085f0f40e269ca7369d6df19a7	magireco-source-master/Scenarios_full/event_story/5172 - 握成拳头然后张开座谈会～第2部的整理总结～/517210-5_h28aL.json	1cd733a235ae73934afc23334298dfde4c7ae73b	55	manifests/story_quality_semantic_batch02_20261001_evidence.json.gz		[3314]	"{""path"":""magireco-translate-data-master/Scenarios_full/event_story/5172 - 握成拳头然后张开座谈会～第2部的整理总结～/517210-5_h28aL.json"",""cn_blob"":""d98664cb503987085f0f40e269ca7369d6df19a7"",""jp_path"":""magireco-source-master/Scenarios_full/event_story/5172 - 握成拳头然后张开座谈会～第2部的整理总结～/517210-5_h28aL.json"",""jp_blob"":""1cd733a235ae73934afc23334298dfde4c7ae73b"",""evidence"":{""status"":""full_review_3314"",""prior_evidence"":{""body_fingerprint"":""2c8e9550dc5a7b3c634077fd9b0d2d9ccfd055fb1185bee2236a16e9ee1254b3"",""jp_blob"":""1cd733a235ae73934afc23334298dfde4c7ae73b"",""report"":""manifests/story_quality_semantic_batch02_20261001_evidence.json.gz"",""kind"":""full_review_3314""},""body_fingerprint"":""2c8e9550dc5a7b3c634077fd9b0d2d9ccfd055fb1185bee2236a16e9ee1254b3""}}"
517210-6_h28aL	"[""517210""]"	"[""""]"	magireco-translate-data-master/Scenarios_full/event_story/5172 - 握成拳头然后张开座谈会～第2部的整理总结～/517210-6_h28aL.json	True	True	after_20261001_takeover	86	a8c8c2df089967c50c8a08550c2eba9becff15ae	magireco-source-master/Scenarios_full/event_story/5172 - 握成拳头然后张开座谈会～第2部的整理总结～/517210-6_h28aL.json	a9740454f2c6e8b22c8a46d5db592577ac452c06	78	manifests/story_quality_semantic_batch02_20261001_evidence.json.gz		[3314]	"{""path"":""magireco-translate-data-master/Scenarios_full/event_story/5172 - 握成拳头然后张开座谈会～第2部的整理总结～/517210-6_h28aL.json"",""cn_blob"":""a8c8c2df089967c50c8a08550c2eba9becff15ae"",""jp_path"":""magireco-source-master/Scenarios_full/event_story/5172 - 握成拳头然后张开座谈会～第2部的整理总结～/517210-6_h28aL.json"",""jp_blob"":""a9740454f2c6e8b22c8a46d5db592577ac452c06"",""evidence"":{""status"":""full_review_3314"",""prior_evidence"":{""body_fingerprint"":""797ecc481e7312a9b46a832632bcb963cba47b62f46e0c4e74f8b2014de00c0c"",""jp_blob"":""a9740454f2c6e8b22c8a46d5db592577ac452c06"",""report"":""manifests/story_quality_semantic_batch02_20261001_evidence.json.gz"",""kind"":""full_review_3314""},""body_fingerprint"":""797ecc481e7312a9b46a832632bcb963cba47b62f46e0c4e74f8b2014de00c0c""}}"
517210-7_h28aL	"[""517210""]"	"[""""]"	magireco-translate-data-master/Scenarios_full/event_story/5172 - 握成拳头然后张开座谈会～第2部的整理总结～/517210-7_h28aL.json	True	True	after_20261001_takeover	77	92f09e8e888ae74a7ec8329677b25a985487b2e4	magireco-source-master/Scenarios_full/event_story/5172 - 握成拳头然后张开座谈会～第2部的整理总结～/517210-7_h28aL.json	af747c5ade1c1fd0e66a60a30f9d61f41cf53b83	64	manifests/story_quality_semantic_batch02_20261001_evidence.json.gz		[3314]	"{""path"":""magireco-translate-data-master/Scenarios_full/event_story/5172 - 握成拳头然后张开座谈会～第2部的整理总结～/517210-7_h28aL.json"",""cn_blob"":""92f09e8e888ae74a7ec8329677b25a985487b2e4"",""jp_path"":""magireco-source-master/Scenarios_full/event_story/5172 - 握成拳头然后张开座谈会～第2部的整理总结～/517210-7_h28aL.json"",""jp_blob"":""af747c5ade1c1fd0e66a60a30f9d61f41cf53b83"",""evidence"":{""status"":""full_review_3314"",""prior_evidence"":{""body_fingerprint"":""beb49877f6486fa6a6fd9c5d5cf559ceadaaec7c67d012ae25d328e576dbba2a"",""jp_blob"":""af747c5ade1c1fd0e66a60a30f9d61f41cf53b83"",""report"":""manifests/story_quality_semantic_batch02_20261001_evidence.json.gz"",""kind"":""full_review_3314""},""body_fingerprint"":""beb49877f6486fa6a6fd9c5d5cf559ceadaaec7c67d012ae25d328e576dbba2a""}}"
517210-8_h28aL	"[""517210""]"	"[""""]"	magireco-translate-data-master/Scenarios_full/event_story/5172 - 握成拳头然后张开座谈会～第2部的整理总结～/517210-8_h28aL.json	True	True	after_20261001_takeover	88	eef42fa1ef6f5f89130409df6b34d65b0e065e04	magireco-source-master/Scenarios_full/event_story/5172 - 握成拳头然后张开座谈会～第2部的整理总结～/517210-8_h28aL.json	b64ed867c1ca4cfc2ded5f756c36102ef643acd1	81	manifests/story_quality_semantic_batch02_20261001_evidence.json.gz		[3314]	"{""path"":""magireco-translate-data-master/Scenarios_full/event_story/5172 - 握成拳头然后张开座谈会～第2部的整理总结～/517210-8_h28aL.json"",""cn_blob"":""eef42fa1ef6f5f89130409df6b34d65b0e065e04"",""jp_path"":""magireco-source-master/Scenarios_full/event_story/5172 - 握成拳头然后张开座谈会～第2部的整理总结～/517210-8_h28aL.json"",""jp_blob"":""b64ed867c1ca4cfc2ded5f756c36102ef643acd1"",""evidence"":{""status"":""full_review_3314"",""prior_evidence"":{""body_fingerprint"":""48981dd3311b7879b4f219586aaa590702e7fe01c83741f508f05b0280081b61"",""jp_blob"":""b64ed867c1ca4cfc2ded5f756c36102ef643acd1"",""report"":""manifests/story_quality_semantic_batch02_20261001_evidence.json.gz"",""kind"":""full_review_3314""},""body_fingerprint"":""48981dd3311b7879b4f219586aaa590702e7fe01c83741f508f05b0280081b61""}}"
517210-9_h28aL	"[""517210""]"	"[""""]"	magireco-translate-data-master/Scenarios_full/event_story/5172 - 握成拳头然后张开座谈会～第2部的整理总结～/517210-9_h28aL.json	True	True	after_20261001_takeover	66	7f50fae0f9a87ca016ba7641303e35e9001fcda5	magireco-source-master/Scenarios_full/event_story/5172 - 握成拳头然后张开座谈会～第2部的整理总结～/517210-9_h28aL.json	f75cc8526a1ea314ca5e67556c3fd44a629532c1	59	manifests/story_quality_semantic_batch02_20261001_evidence.json.gz		[3314]	"{""path"":""magireco-translate-data-master/Scenarios_full/event_story/5172 - 握成拳头然后张开座谈会～第2部的整理总结～/517210-9_h28aL.json"",""cn_blob"":""7f50fae0f9a87ca016ba7641303e35e9001fcda5"",""jp_path"":""magireco-source-master/Scenarios_full/event_story/5172 - 握成拳头然后张开座谈会～第2部的整理总结～/517210-9_h28aL.json"",""jp_blob"":""f75cc8526a1ea314ca5e67556c3fd44a629532c1"",""evidence"":{""status"":""full_review_3314"",""prior_evidence"":{""body_fingerprint"":""7eb2fd50fd4233635ee0e6e8b6158bd2f9ecdc260073433f3779721497a969e0"",""jp_blob"":""f75cc8526a1ea314ca5e67556c3fd44a629532c1"",""report"":""manifests/story_quality_semantic_batch02_20261001_evidence.json.gz"",""kind"":""full_review_3314""},""body_fingerprint"":""7eb2fd50fd4233635ee0e6e8b6158bd2f9ecdc260073433f3779721497a969e0""}}"
517220-10_MkF3R	"[""517220""]"	"[""""]"	magireco-translate-data-master/Scenarios_full/event_story/5172 - 握成拳头然后张开座谈会～第2部的整理总结～/517220-10_MkF3R.json	True	True	after_20261001_takeover	110	65af7528c06b749c2d13cbeed61c0929b83af7ab	magireco-source-master/Scenarios_full/event_story/5172 - 握成拳头然后张开座谈会～第2部的整理总结～/517220-10_MkF3R.json	b7d79c57f9d9324ab0a0b0a2ce3fbf7eacbbe1c8	102	manifests/story_quality_semantic_batch02_20261001_evidence.json.gz		[3314]	"{""path"":""magireco-translate-data-master/Scenarios_full/event_story/5172 - 握成拳头然后张开座谈会～第2部的整理总结～/517220-10_MkF3R.json"",""cn_blob"":""65af7528c06b749c2d13cbeed61c0929b83af7ab"",""jp_path"":""magireco-source-master/Scenarios_full/event_story/5172 - 握成拳头然后张开座谈会～第2部的整理总结～/517220-10_MkF3R.json"",""jp_blob"":""b7d79c57f9d9324ab0a0b0a2ce3fbf7eacbbe1c8"",""evidence"":{""status"":""full_review_3314"",""prior_evidence"":{""body_fingerprint"":""8b4893778b97619b8d4b1876be3bb24ca1d86d7c757efcdfed51747f821002dc"",""jp_blob"":""b7d79c57f9d9324ab0a0b0a2ce3fbf7eacbbe1c8"",""report"":""manifests/story_quality_semantic_batch02_20261001_evidence.json.gz"",""kind"":""full_review_3314""},""body_fingerprint"":""8b4893778b97619b8d4b1876be3bb24ca1d86d7c757efcdfed51747f821002dc""}}"
517220-1_MkF3R	"[""517220""]"	"[""""]"	magireco-translate-data-master/Scenarios_full/event_story/5172 - 握成拳头然后张开座谈会～第2部的整理总结～/517220-1_MkF3R.json	True	True	after_20261001_takeover	84	d3c10177d0bcd8501096388d764aa4bc19fa1e76	magireco-source-master/Scenarios_full/event_story/5172 - 握成拳头然后张开座谈会～第2部的整理总结～/517220-1_MkF3R.json	0f87260849a2896b216db569f90414c0a6ec91cd	73	manifests/story_quality_semantic_batch02_20261001_evidence.json.gz		[3314]	"{""path"":""magireco-translate-data-master/Scenarios_full/event_story/5172 - 握成拳头然后张开座谈会～第2部的整理总结～/517220-1_MkF3R.json"",""cn_blob"":""d3c10177d0bcd8501096388d764aa4bc19fa1e76"",""jp_path"":""magireco-source-master/Scenarios_full/event_story/5172 - 握成拳头然后张开座谈会～第2部的整理总结～/517220-1_MkF3R.json"",""jp_blob"":""0f87260849a2896b216db569f90414c0a6ec91cd"",""evidence"":{""status"":""full_review_3314"",""prior_evidence"":{""body_fingerprint"":""a4a9015a458dc7a1d7538a693cf56bb74010dee54e8fd89b38a6e57da515661c"",""jp_blob"":""0f87260849a2896b216db569f90414c0a6ec91cd"",""report"":""manifests/story_quality_semantic_batch02_20261001_evidence.json.gz"",""kind"":""full_review_3314""},""body_fingerprint"":""a4a9015a458dc7a1d7538a693cf56bb74010dee54e8fd89b38a6e57da515661c""}}"
517220-2_MkF3R	"[""517220""]"	"[""""]"	magireco-translate-data-master/Scenarios_full/event_story/5172 - 握成拳头然后张开座谈会～第2部的整理总结～/517220-2_MkF3R.json	True	True	after_20261001_takeover	88	3e27fd10c2465e25fc47ce64095c969cfcc2351c	magireco-source-master/Scenarios_full/event_story/5172 - 握成拳头然后张开座谈会～第2部的整理总结～/517220-2_MkF3R.json	81d0abe3f6b74f97e287d09eb4e1c3a58f4f4df8	82	manifests/story_quality_semantic_batch02_20261001_evidence.json.gz		[3314]	"{""path"":""magireco-translate-data-master/Scenarios_full/event_story/5172 - 握成拳头然后张开座谈会～第2部的整理总结～/517220-2_MkF3R.json"",""cn_blob"":""3e27fd10c2465e25fc47ce64095c969cfcc2351c"",""jp_path"":""magireco-source-master/Scenarios_full/event_story/5172 - 握成拳头然后张开座谈会～第2部的整理总结～/517220-2_MkF3R.json"",""jp_blob"":""81d0abe3f6b74f97e287d09eb4e1c3a58f4f4df8"",""evidence"":{""status"":""full_review_3314"",""prior_evidence"":{""body_fingerprint"":""18bc535c68089904ce2177ef425087b3e7ad119667b4a97f2f522659b1a404d1"",""jp_blob"":""81d0abe3f6b74f97e287d09eb4e1c3a58f4f4df8"",""report"":""manifests/story_quality_semantic_batch02_20261001_evidence.json.gz"",""kind"":""full_review_3314""},""body_fingerprint"":""18bc535c68089904ce2177ef425087b3e7ad119667b4a97f2f522659b1a404d1""}}"
517220-3_MkF3R	"[""517220""]"	"[""""]"	magireco-translate-data-master/Scenarios_full/event_story/5172 - 握成拳头然后张开座谈会～第2部的整理总结～/517220-3_MkF3R.json	True	True	after_20261001_takeover	93	4815c420a9d597644e26ffb956d02045a366cb47	magireco-source-master/Scenarios_full/event_story/5172 - 握成拳头然后张开座谈会～第2部的整理总结～/517220-3_MkF3R.json	d53d9239905681e40d3f9fc73672517582a27fd4	87	manifests/story_quality_semantic_batch02_20261001_evidence.json.gz		[3314]	"{""path"":""magireco-translate-data-master/Scenarios_full/event_story/5172 - 握成拳头然后张开座谈会～第2部的整理总结～/517220-3_MkF3R.json"",""cn_blob"":""4815c420a9d597644e26ffb956d02045a366cb47"",""jp_path"":""magireco-source-master/Scenarios_full/event_story/5172 - 握成拳头然后张开座谈会～第2部的整理总结～/517220-3_MkF3R.json"",""jp_blob"":""d53d9239905681e40d3f9fc73672517582a27fd4"",""evidence"":{""status"":""full_review_3314"",""prior_evidence"":{""body_fingerprint"":""a239fde901c91037da3f9dfdf59534a4e6c40a90e01e626eabd6b563596862d2"",""jp_blob"":""d53d9239905681e40d3f9fc73672517582a27fd4"",""report"":""manifests/story_quality_semantic_batch02_20261001_evidence.json.gz"",""kind"":""full_review_3314""},""body_fingerprint"":""a239fde901c91037da3f9dfdf59534a4e6c40a90e01e626eabd6b563596862d2""}}"
517220-4_MkF3R	"[""517220""]"	"[""""]"	magireco-translate-data-master/Scenarios_full/event_story/5172 - 握成拳头然后张开座谈会～第2部的整理总结～/517220-4_MkF3R.json	True	True	after_20261001_takeover	79	fdd33ee2a4fd720ce3d7778f2b06e80b1668e242	magireco-source-master/Scenarios_full/event_story/5172 - 握成拳头然后张开座谈会～第2部的整理总结～/517220-4_MkF3R.json	3c4eaa54ba9fb1e83623d8e8133ea6d2decb50a0	75	manifests/story_quality_semantic_batch02_20261001_evidence.json.gz		[3314]	"{""path"":""magireco-translate-data-master/Scenarios_full/event_story/5172 - 握成拳头然后张开座谈会～第2部的整理总结～/517220-4_MkF3R.json"",""cn_blob"":""fdd33ee2a4fd720ce3d7778f2b06e80b1668e242"",""jp_path"":""magireco-source-master/Scenarios_full/event_story/5172 - 握成拳头然后张开座谈会～第2部的整理总结～/517220-4_MkF3R.json"",""jp_blob"":""3c4eaa54ba9fb1e83623d8e8133ea6d2decb50a0"",""evidence"":{""status"":""full_review_3314"",""prior_evidence"":{""body_fingerprint"":""fcb6b80b7d691b682720401dbf68c8a23de27039333008f3f867eb9ffaa81b5c"",""jp_blob"":""3c4eaa54ba9fb1e83623d8e8133ea6d2decb50a0"",""report"":""manifests/story_quality_semantic_batch02_20261001_evidence.json.gz"",""kind"":""full_review_3314""},""body_fingerprint"":""fcb6b80b7d691b682720401dbf68c8a23de27039333008f3f867eb9ffaa81b5c""}}"
517220-5_MkF3R	"[""517220""]"	"[""""]"	magireco-translate-data-master/Scenarios_full/event_story/5172 - 握成拳头然后张开座谈会～第2部的整理总结～/517220-5_MkF3R.json	True	True	after_20261001_takeover	81	331cd6e995a7ac2e5d11df2d829793a0aa4ea2be	magireco-source-master/Scenarios_full/event_story/5172 - 握成拳头然后张开座谈会～第2部的整理总结～/517220-5_MkF3R.json	121c4cfe2d1df736235440dfc2f36131bc9333c3	76	manifests/story_quality_semantic_batch02_20261001_evidence.json.gz		[3314]	"{""path"":""magireco-translate-data-master/Scenarios_full/event_story/5172 - 握成拳头然后张开座谈会～第2部的整理总结～/517220-5_MkF3R.json"",""cn_blob"":""331cd6e995a7ac2e5d11df2d829793a0aa4ea2be"",""jp_path"":""magireco-source-master/Scenarios_full/event_story/5172 - 握成拳头然后张开座谈会～第2部的整理总结～/517220-5_MkF3R.json"",""jp_blob"":""121c4cfe2d1df736235440dfc2f36131bc9333c3"",""evidence"":{""status"":""full_review_3314"",""prior_evidence"":{""body_fingerprint"":""e3f77701a09e4314f41b8be166b2a393b5f2f8edb81d2499a922b0d60c68de57"",""jp_blob"":""121c4cfe2d1df736235440dfc2f36131bc9333c3"",""report"":""manifests/story_quality_semantic_batch02_20261001_evidence.json.gz"",""kind"":""full_review_3314""},""body_fingerprint"":""e3f77701a09e4314f41b8be166b2a393b5f2f8edb81d2499a922b0d60c68de57""}}"
517220-6_MkF3R	"[""517220""]"	"[""""]"	magireco-translate-data-master/Scenarios_full/event_story/5172 - 握成拳头然后张开座谈会～第2部的整理总结～/517220-6_MkF3R.json	True	True	after_20261001_takeover	90	35e85f9b534bd5f2ac15097e94999ac50435f1fe	magireco-source-master/Scenarios_full/event_story/5172 - 握成拳头然后张开座谈会～第2部的整理总结～/517220-6_MkF3R.json	dcf3b615fe979ac3687e82a38ada3529ab4ce4cc	86	manifests/story_quality_semantic_batch02_20261001_evidence.json.gz		[3314]	"{""path"":""magireco-translate-data-master/Scenarios_full/event_story/5172 - 握成拳头然后张开座谈会～第2部的整理总结～/517220-6_MkF3R.json"",""cn_blob"":""35e85f9b534bd5f2ac15097e94999ac50435f1fe"",""jp_path"":""magireco-source-master/Scenarios_full/event_story/5172 - 握成拳头然后张开座谈会～第2部的整理总结～/517220-6_MkF3R.json"",""jp_blob"":""dcf3b615fe979ac3687e82a38ada3529ab4ce4cc"",""evidence"":{""status"":""full_review_3314"",""prior_evidence"":{""body_fingerprint"":""fad51e09e2bb359a7d1b7a1989fbc6e73d05026ee5187965a10354a6fb196743"",""jp_blob"":""dcf3b615fe979ac3687e82a38ada3529ab4ce4cc"",""report"":""manifests/story_quality_semantic_batch02_20261001_evidence.json.gz"",""kind"":""full_review_3314""},""body_fingerprint"":""fad51e09e2bb359a7d1b7a1989fbc6e73d05026ee5187965a10354a6fb196743""}}"
517220-7_MkF3R	"[""517220""]"	"[""""]"	magireco-translate-data-master/Scenarios_full/event_story/5172 - 握成拳头然后张开座谈会～第2部的整理总结～/517220-7_MkF3R.json	True	True	after_20261001_takeover	76	990618af20cf9c7acc00ef0a2aa0c99511e2a121	magireco-source-master/Scenarios_full/event_story/5172 - 握成拳头然后张开座谈会～第2部的整理总结～/517220-7_MkF3R.json	930a7448ec0ed186c2f224b95f25c99b8c06fc07	70	manifests/story_quality_semantic_batch02_20261001_evidence.json.gz		[3314]	"{""path"":""magireco-translate-data-master/Scenarios_full/event_story/5172 - 握成拳头然后张开座谈会～第2部的整理总结～/517220-7_MkF3R.json"",""cn_blob"":""990618af20cf9c7acc00ef0a2aa0c99511e2a121"",""jp_path"":""magireco-source-master/Scenarios_full/event_story/5172 - 握成拳头然后张开座谈会～第2部的整理总结～/517220-7_MkF3R.json"",""jp_blob"":""930a7448ec0ed186c2f224b95f25c99b8c06fc07"",""evidence"":{""status"":""full_review_3314"",""prior_evidence"":{""body_fingerprint"":""91532cfe3ad7504b96dac75860ef4d0ec9c2e6a66884ef9feaaa2024a943348f"",""jp_blob"":""930a7448ec0ed186c2f224b95f25c99b8c06fc07"",""report"":""manifests/story_quality_semantic_batch02_20261001_evidence.json.gz"",""kind"":""full_review_3314""},""body_fingerprint"":""91532cfe3ad7504b96dac75860ef4d0ec9c2e6a66884ef9feaaa2024a943348f""}}"
517220-8_MkF3R	"[""517220""]"	"[""""]"	magireco-translate-data-master/Scenarios_full/event_story/5172 - 握成拳头然后张开座谈会～第2部的整理总结～/517220-8_MkF3R.json	True	True	after_20261001_takeover	115	73ffa80dc028d334d1006d22c324320ce1a1d8a3	magireco-source-master/Scenarios_full/event_story/5172 - 握成拳头然后张开座谈会～第2部的整理总结～/517220-8_MkF3R.json	b0669551afbbc7a353f1193f4e6b6706ac0f6a03	108	manifests/story_quality_semantic_batch02_20261001_evidence.json.gz		[3314]	"{""path"":""magireco-translate-data-master/Scenarios_full/event_story/5172 - 握成拳头然后张开座谈会～第2部的整理总结～/517220-8_MkF3R.json"",""cn_blob"":""73ffa80dc028d334d1006d22c324320ce1a1d8a3"",""jp_path"":""magireco-source-master/Scenarios_full/event_story/5172 - 握成拳头然后张开座谈会～第2部的整理总结～/517220-8_MkF3R.json"",""jp_blob"":""b0669551afbbc7a353f1193f4e6b6706ac0f6a03"",""evidence"":{""status"":""full_review_3314"",""prior_evidence"":{""body_fingerprint"":""d97a8ab6f5928fe64af22a642bd560c92cdcc72576b87bf8d777dcf3d2bc93b8"",""jp_blob"":""b0669551afbbc7a353f1193f4e6b6706ac0f6a03"",""report"":""manifests/story_quality_semantic_batch02_20261001_evidence.json.gz"",""kind"":""full_review_3314""},""body_fingerprint"":""d97a8ab6f5928fe64af22a642bd560c92cdcc72576b87bf8d777dcf3d2bc93b8""}}"
517220-9_MkF3R	"[""517220""]"	"[""""]"	magireco-translate-data-master/Scenarios_full/event_story/5172 - 握成拳头然后张开座谈会～第2部的整理总结～/517220-9_MkF3R.json	True	True	after_20261001_takeover	71	d9352d3b4e4a9957e36b6d8275d73fdd9c140a9a	magireco-source-master/Scenarios_full/event_story/5172 - 握成拳头然后张开座谈会～第2部的整理总结～/517220-9_MkF3R.json	b30789a8bafb749d4f0c5f5be350f704024dcac3	66	manifests/story_quality_semantic_batch02_20261001_evidence.json.gz		[3314]	"{""path"":""magireco-translate-data-master/Scenarios_full/event_story/5172 - 握成拳头然后张开座谈会～第2部的整理总结～/517220-9_MkF3R.json"",""cn_blob"":""d9352d3b4e4a9957e36b6d8275d73fdd9c140a9a"",""jp_path"":""magireco-source-master/Scenarios_full/event_story/5172 - 握成拳头然后张开座谈会～第2部的整理总结～/517220-9_MkF3R.json"",""jp_blob"":""b30789a8bafb749d4f0c5f5be350f704024dcac3"",""evidence"":{""status"":""full_review_3314"",""prior_evidence"":{""body_fingerprint"":""0e8c5921c9221fcfa2f9201ecfc153d014947e486c69cba07674aa9cae2821ac"",""jp_blob"":""b30789a8bafb749d4f0c5f5be350f704024dcac3"",""report"":""manifests/story_quality_semantic_batch02_20261001_evidence.json.gz"",""kind"":""full_review_3314""},""body_fingerprint"":""0e8c5921c9221fcfa2f9201ecfc153d014947e486c69cba07674aa9cae2821ac""}}"
618401-4_3oXmj	"[""login_story_618401_1-7_d13a54c587""]"	"[""""]"	magireco-translate-data-master/Scenarios_full/login_story/6184 - 2021新年 各自的福袋梦/618401-4_3oXmj.json	True	True	after_20261001_takeover	40	4d777779c0d311acae0e0c0687b987e3e35fb26b	magireco-source-master/Scenarios_full/login_story/6184 - 2021新年 各自的福袋梦/618401-4_3oXmj.json	2c58f24425bd820043be126fc4c072d129df65f5	37	manifests/story_quality_semantic_batch03_20261001_evidence.json.gz		[3315]	"{""path"":""magireco-translate-data-master/Scenarios_full/login_story/6184 - 2021新年 各自的福袋梦/618401-4_3oXmj.json"",""cn_blob"":""4d777779c0d311acae0e0c0687b987e3e35fb26b"",""jp_path"":""magireco-source-master/Scenarios_full/login_story/6184 - 2021新年 各自的福袋梦/618401-4_3oXmj.json"",""jp_blob"":""2c58f24425bd820043be126fc4c072d129df65f5"",""evidence"":{""status"":""full_review_3315"",""prior_evidence"":{""report"":""manifests/story_quality_semantic_batch03_20261001_evidence.json.gz"",""jp_blob"":""2c58f24425bd820043be126fc4c072d129df65f5"",""body_fingerprint"":""caa89caf91c6bb68b1840a2606366b836f795bbe8a62008cb6f63d3a7860b1a9"",""source_CN_blob"":""8418a38951be1359ff707a75c86fb001a7d3cee6"",""reviewed_CN_fields"":40,""full_read"":true,""source_authorship_not_reclassified"":true},""body_fingerprint"":""caa89caf91c6bb68b1840a2606366b836f795bbe8a62008cb6f63d3a7860b1a9""}}"
619001-1_F5Syz	"[""619001""]"	"[""""]"	magireco-translate-data-master/Scenarios_full/login_story/6190 - 阿什莉·泰勒登场纪念 神滨卡哇伊收藏/619001-1_F5Syz.json	True	True	after_20261001_takeover	48	532c1fa39596e04041c88903a4ad50c4a70e643e	magireco-source-master/Scenarios_full/login_story/6190 - 阿什莉·泰勒登场纪念 神滨卡哇伊收藏/619001-1_F5Syz.json	ebf3e58e0995eb721f0e1a09a5e8cb24fff664d2	46	manifests/story_quality_semantic_batch03_20261001_evidence.json.gz		[3315]	"{""path"":""magireco-translate-data-master/Scenarios_full/login_story/6190 - 阿什莉·泰勒登场纪念 神滨卡哇伊收藏/619001-1_F5Syz.json"",""cn_blob"":""532c1fa39596e04041c88903a4ad50c4a70e643e"",""jp_path"":""magireco-source-master/Scenarios_full/login_story/6190 - 阿什莉·泰勒登场纪念 神滨卡哇伊收藏/619001-1_F5Syz.json"",""jp_blob"":""ebf3e58e0995eb721f0e1a09a5e8cb24fff664d2"",""evidence"":{""status"":""full_review_3315"",""prior_evidence"":{""report"":""manifests/story_quality_semantic_batch03_20261001_evidence.json.gz"",""jp_blob"":""ebf3e58e0995eb721f0e1a09a5e8cb24fff664d2"",""body_fingerprint"":""7e7026486a5780c0b0aa3037acd961aa9ef88f46965650fce65709425b8b9f8d"",""source_CN_blob"":""c2d0a6e80f0b18e5814665046f789cd725f06ba7"",""reviewed_CN_fields"":48,""full_read"":true,""source_authorship_not_reclassified"":true},""body_fingerprint"":""7e7026486a5780c0b0aa3037acd961aa9ef88f46965650fce65709425b8b9f8d""}}"
619001-5_iK2Qy	"[""619001""]"	"[""""]"	magireco-translate-data-master/Scenarios_full/login_story/6190 - 阿什莉·泰勒登场纪念 神滨卡哇伊收藏/619001-5_iK2Qy.json	True	True	after_20261001_takeover	59	f18e6462460ff24c1d13f1805ed4a8dac6ab6b2c	magireco-source-master/Scenarios_full/login_story/6190 - 阿什莉·泰勒登场纪念 神滨卡哇伊收藏/619001-5_iK2Qy.json	81479ec4fd7e43a572897572a731d97f834b03a8	50	manifests/story_quality_semantic_batch03_20261001_evidence.json.gz		[3315]	"{""path"":""magireco-translate-data-master/Scenarios_full/login_story/6190 - 阿什莉·泰勒登场纪念 神滨卡哇伊收藏/619001-5_iK2Qy.json"",""cn_blob"":""f18e6462460ff24c1d13f1805ed4a8dac6ab6b2c"",""jp_path"":""magireco-source-master/Scenarios_full/login_story/6190 - 阿什莉·泰勒登场纪念 神滨卡哇伊收藏/619001-5_iK2Qy.json"",""jp_blob"":""81479ec4fd7e43a572897572a731d97f834b03a8"",""evidence"":{""status"":""full_review_3315"",""prior_evidence"":{""report"":""manifests/story_quality_semantic_batch03_20261001_evidence.json.gz"",""jp_blob"":""81479ec4fd7e43a572897572a731d97f834b03a8"",""body_fingerprint"":""758f02fb5309b0bfbd54d60c4f1b0a1731e3c1ea3bdc5b17fa3c63e34f8c6cf3"",""source_CN_blob"":""c62479121912f9c4ead64611f710e914995a029b"",""reviewed_CN_fields"":59,""full_read"":true,""source_authorship_not_reclassified"":true},""body_fingerprint"":""758f02fb5309b0bfbd54d60c4f1b0a1731e3c1ea3bdc5b17fa3c63e34f8c6cf3""}}"
420171-1	"[""420171""]"	"[""""]"	magireco-translate-data-master/Scenarios_full/mirror_story/420171-战斗博物馆-佐和月出里/420171-1.json	True	True	after_20261001_takeover	68	34fdb43288be66cbdca98a4ea1a0abfe386d6710	magireco-source-master/Scenarios_full/mirror_story/420171-战斗博物馆-佐和月出里/420171-1.json	9a9a01df02928b20f97ca5f4d54891b29005e783	59	manifests/story_quality_semantic_batch03_20261001_evidence.json.gz		[3315]	"{""path"":""magireco-translate-data-master/Scenarios_full/mirror_story/420171-战斗博物馆-佐和月出里/420171-1.json"",""cn_blob"":""34fdb43288be66cbdca98a4ea1a0abfe386d6710"",""jp_path"":""magireco-source-master/Scenarios_full/mirror_story/420171-战斗博物馆-佐和月出里/420171-1.json"",""jp_blob"":""9a9a01df02928b20f97ca5f4d54891b29005e783"",""evidence"":{""status"":""full_review_3315"",""prior_evidence"":{""report"":""manifests/story_quality_semantic_batch03_20261001_evidence.json.gz"",""jp_blob"":""9a9a01df02928b20f97ca5f4d54891b29005e783"",""body_fingerprint"":""c26ec30d186e0057e8810ebf174538aaaf5391cf247f9293fd5e6a4caafed004"",""source_CN_blob"":""0a5dbb6c09eb35a5bbb470b5289158d7fba4a418"",""reviewed_CN_fields"":68,""full_read"":true,""source_authorship_not_reclassified"":true},""body_fingerprint"":""c26ec30d186e0057e8810ebf174538aaaf5391cf247f9293fd5e6a4caafed004""}}"
420171-2	"[""420171""]"	"[""""]"	magireco-translate-data-master/Scenarios_full/mirror_story/420171-战斗博物馆-佐和月出里/420171-2.json	True	True	after_20261001_takeover	52	f091cbe7264555202cc89b8468a6698a5181ab77	magireco-source-master/Scenarios_full/mirror_story/420171-战斗博物馆-佐和月出里/420171-2.json	3ee3c145b83ec0ba78948dcdd68bb893405ea261	45	manifests/story_quality_semantic_batch03_20261001_evidence.json.gz		[3315]	"{""path"":""magireco-translate-data-master/Scenarios_full/mirror_story/420171-战斗博物馆-佐和月出里/420171-2.json"",""cn_blob"":""f091cbe7264555202cc89b8468a6698a5181ab77"",""jp_path"":""magireco-source-master/Scenarios_full/mirror_story/420171-战斗博物馆-佐和月出里/420171-2.json"",""jp_blob"":""3ee3c145b83ec0ba78948dcdd68bb893405ea261"",""evidence"":{""status"":""full_review_3315"",""prior_evidence"":{""report"":""manifests/story_quality_semantic_batch03_20261001_evidence.json.gz"",""jp_blob"":""3ee3c145b83ec0ba78948dcdd68bb893405ea261"",""body_fingerprint"":""b7c664eda64faa1b2f1d57000812a9f0b46bb7323304d3003d6de0c9411d40bc"",""source_CN_blob"":""c3df2387289c389aa160e59e03c9dd57f70b2347"",""reviewed_CN_fields"":52,""full_read"":true,""source_authorship_not_reclassified"":true},""body_fingerprint"":""b7c664eda64faa1b2f1d57000812a9f0b46bb7323304d3003d6de0c9411d40bc""}}"
420171-3	"[""420171""]"	"[""""]"	magireco-translate-data-master/Scenarios_full/mirror_story/420171-战斗博物馆-佐和月出里/420171-3.json	True	True	after_20261001_takeover	66	53e84895ec660cc23b9583c4a988807d8d08ef5e	magireco-source-master/Scenarios_full/mirror_story/420171-战斗博物馆-佐和月出里/420171-3.json	20b62479c8a51a79775f8e8e089858d51195cbee	53	manifests/story_quality_semantic_batch03_20261001_evidence.json.gz		[3315]	"{""path"":""magireco-translate-data-master/Scenarios_full/mirror_story/420171-战斗博物馆-佐和月出里/420171-3.json"",""cn_blob"":""53e84895ec660cc23b9583c4a988807d8d08ef5e"",""jp_path"":""magireco-source-master/Scenarios_full/mirror_story/420171-战斗博物馆-佐和月出里/420171-3.json"",""jp_blob"":""20b62479c8a51a79775f8e8e089858d51195cbee"",""evidence"":{""status"":""full_review_3315"",""prior_evidence"":{""report"":""manifests/story_quality_semantic_batch03_20261001_evidence.json.gz"",""jp_blob"":""20b62479c8a51a79775f8e8e089858d51195cbee"",""body_fingerprint"":""877df07810e860836bd5dfb15b2a64e22a43f79ad927456f8424a1498257fd34"",""source_CN_blob"":""5df94fb793ce42d3d5e191be29b0f3bf587ac227"",""reviewed_CN_fields"":66,""full_read"":true,""source_authorship_not_reclassified"":true},""body_fingerprint"":""877df07810e860836bd5dfb15b2a64e22a43f79ad927456f8424a1498257fd34""}}"
420171-4	"[""420171""]"	"[""""]"	magireco-translate-data-master/Scenarios_full/mirror_story/420171-战斗博物馆-佐和月出里/420171-4.json	True	True	after_20261001_takeover	72	6807076472b87fa4824930f6fa1ad4daf46504d8	magireco-source-master/Scenarios_full/mirror_story/420171-战斗博物馆-佐和月出里/420171-4.json	f7036b771ce6df0a0fa80824b03f48983c62da40	67	manifests/story_quality_semantic_batch08_ai_only_20261002_evidence.json.gz	d5b1442cbba6889f9f917f41bcc9bfe3837ffe04	[3320]	"{""path"":""magireco-translate-data-master/Scenarios_full/mirror_story/420171-战斗博物馆-佐和月出里/420171-4.json"",""cn_blob"":""6807076472b87fa4824930f6fa1ad4daf46504d8"",""jp_path"":""magireco-source-master/Scenarios_full/mirror_story/420171-战斗博物馆-佐和月出里/420171-4.json"",""jp_blob"":""f7036b771ce6df0a0fa80824b03f48983c62da40"",""evidence"":{""batch"":""20261002-semantic-batch08-ai-only"",""source_commit"":""d5b1442cbba6889f9f917f41bcc9bfe3837ffe04"",""report"":""manifests/story_quality_semantic_batch08_ai_only_20261002_evidence.json.gz"",""script_id"":""420171-4"",""full_fields"":72}}"
420271-1	"[""420271""]"	"[""""]"	magireco-translate-data-master/Scenarios_full/mirror_story/420271-记忆博物馆-五十铃怜/420271-1.json	True	True	after_20261001_takeover	52	db71ba60930559c6e16d1cd9539cc6b860c386ba	magireco-source-master/Scenarios_full/mirror_story/420271-记忆博物馆-五十铃怜/420271-1.json	59e812e0830e167620f57111d04681032f8318a0	43	manifests/story_quality_semantic_batch08_ai_only_20261002_evidence.json.gz	d5b1442cbba6889f9f917f41bcc9bfe3837ffe04	[3320]	"{""path"":""magireco-translate-data-master/Scenarios_full/mirror_story/420271-记忆博物馆-五十铃怜/420271-1.json"",""cn_blob"":""db71ba60930559c6e16d1cd9539cc6b860c386ba"",""jp_path"":""magireco-source-master/Scenarios_full/mirror_story/420271-记忆博物馆-五十铃怜/420271-1.json"",""jp_blob"":""59e812e0830e167620f57111d04681032f8318a0"",""evidence"":{""batch"":""20261002-semantic-batch08-ai-only"",""source_commit"":""d5b1442cbba6889f9f917f41bcc9bfe3837ffe04"",""report"":""manifests/story_quality_semantic_batch08_ai_only_20261002_evidence.json.gz"",""script_id"":""420271-1"",""full_fields"":52}}"
420271-2	"[""420271""]"	"[""""]"	magireco-translate-data-master/Scenarios_full/mirror_story/420271-记忆博物馆-五十铃怜/420271-2.json	True	True	after_20261001_takeover	57	a81a186040784177d74d22ca0b3f1434e8813cd8	magireco-source-master/Scenarios_full/mirror_story/420271-记忆博物馆-五十铃怜/420271-2.json	4ab58878337679f5440628bf63fa8a65473c5c6f	54	manifests/story_quality_semantic_batch08_ai_only_20261002_evidence.json.gz	d5b1442cbba6889f9f917f41bcc9bfe3837ffe04	[3320]	"{""path"":""magireco-translate-data-master/Scenarios_full/mirror_story/420271-记忆博物馆-五十铃怜/420271-2.json"",""cn_blob"":""a81a186040784177d74d22ca0b3f1434e8813cd8"",""jp_path"":""magireco-source-master/Scenarios_full/mirror_story/420271-记忆博物馆-五十铃怜/420271-2.json"",""jp_blob"":""4ab58878337679f5440628bf63fa8a65473c5c6f"",""evidence"":{""batch"":""20261002-semantic-batch08-ai-only"",""source_commit"":""d5b1442cbba6889f9f917f41bcc9bfe3837ffe04"",""report"":""manifests/story_quality_semantic_batch08_ai_only_20261002_evidence.json.gz"",""script_id"":""420271-2"",""full_fields"":57}}"
420271-3	"[""420271""]"	"[""""]"	magireco-translate-data-master/Scenarios_full/mirror_story/420271-记忆博物馆-五十铃怜/420271-3.json	True	True	after_20261001_takeover	39	c29b4ccff73c3f17c8aa06b46cbbfb890d03f509	magireco-source-master/Scenarios_full/mirror_story/420271-记忆博物馆-五十铃怜/420271-3.json	4dde29a177ecddc8a6ef400608c45c47fdc8a7d0	30	manifests/story_quality_semantic_batch08_ai_only_20261002_evidence.json.gz	d5b1442cbba6889f9f917f41bcc9bfe3837ffe04	[3320]	"{""path"":""magireco-translate-data-master/Scenarios_full/mirror_story/420271-记忆博物馆-五十铃怜/420271-3.json"",""cn_blob"":""c29b4ccff73c3f17c8aa06b46cbbfb890d03f509"",""jp_path"":""magireco-source-master/Scenarios_full/mirror_story/420271-记忆博物馆-五十铃怜/420271-3.json"",""jp_blob"":""4dde29a177ecddc8a6ef400608c45c47fdc8a7d0"",""evidence"":{""batch"":""20261002-semantic-batch08-ai-only"",""source_commit"":""d5b1442cbba6889f9f917f41bcc9bfe3837ffe04"",""report"":""manifests/story_quality_semantic_batch08_ai_only_20261002_evidence.json.gz"",""script_id"":""420271-3"",""full_fields"":39}}"
420271-4	"[""420271""]"	"[""""]"	magireco-translate-data-master/Scenarios_full/mirror_story/420271-记忆博物馆-五十铃怜/420271-4.json	True	True	after_20261001_takeover	54	339d4781226130c120f009f323f4ffdbcb408d8d	magireco-source-master/Scenarios_full/mirror_story/420271-记忆博物馆-五十铃怜/420271-4.json	54b811d507d124c055739dfbd47a4357688ce532	48	manifests/story_quality_semantic_batch08_ai_only_20261002_evidence.json.gz	d5b1442cbba6889f9f917f41bcc9bfe3837ffe04	[3320]	"{""path"":""magireco-translate-data-master/Scenarios_full/mirror_story/420271-记忆博物馆-五十铃怜/420271-4.json"",""cn_blob"":""339d4781226130c120f009f323f4ffdbcb408d8d"",""jp_path"":""magireco-source-master/Scenarios_full/mirror_story/420271-记忆博物馆-五十铃怜/420271-4.json"",""jp_blob"":""54b811d507d124c055739dfbd47a4357688ce532"",""evidence"":{""batch"":""20261002-semantic-batch08-ai-only"",""source_commit"":""d5b1442cbba6889f9f917f41bcc9bfe3837ffe04"",""report"":""manifests/story_quality_semantic_batch08_ai_only_20261002_evidence.json.gz"",""script_id"":""420271-4"",""full_fields"":54}}"
420371-1	"[""420371""]"	"[""""]"	magireco-translate-data-master/Scenarios_full/mirror_story/420371-战斗博物馆-常盘七香/420371-1.json	True	True	after_20261001_takeover	45	f33731b0096132069342dfdbd7177e64170249de	magireco-source-master/Scenarios_full/mirror_story/420371-战斗博物馆-常盘七香/420371-1.json	33793c9609b79970fb6cbd14af89f256f852f727	38	manifests/story_quality_semantic_batch08_ai_only_20261002_evidence.json.gz	d5b1442cbba6889f9f917f41bcc9bfe3837ffe04	[3320]	"{""path"":""magireco-translate-data-master/Scenarios_full/mirror_story/420371-战斗博物馆-常盘七香/420371-1.json"",""cn_blob"":""f33731b0096132069342dfdbd7177e64170249de"",""jp_path"":""magireco-source-master/Scenarios_full/mirror_story/420371-战斗博物馆-常盘七香/420371-1.json"",""jp_blob"":""33793c9609b79970fb6cbd14af89f256f852f727"",""evidence"":{""batch"":""20261002-semantic-batch08-ai-only"",""source_commit"":""d5b1442cbba6889f9f917f41bcc9bfe3837ffe04"",""report"":""manifests/story_quality_semantic_batch08_ai_only_20261002_evidence.json.gz"",""script_id"":""420371-1"",""full_fields"":45}}"
420371-2	"[""420371""]"	"[""""]"	magireco-translate-data-master/Scenarios_full/mirror_story/420371-战斗博物馆-常盘七香/420371-2.json	True	True	after_20261001_takeover	43	78d37b22dcc9d086dea6bafc2921046ccd856c57	magireco-source-master/Scenarios_full/mirror_story/420371-战斗博物馆-常盘七香/420371-2.json	e7bf5f903a285d4b8b087f91cb40fadc17c985de	40	manifests/story_quality_semantic_batch08_ai_only_20261002_evidence.json.gz	d5b1442cbba6889f9f917f41bcc9bfe3837ffe04	[3320]	"{""path"":""magireco-translate-data-master/Scenarios_full/mirror_story/420371-战斗博物馆-常盘七香/420371-2.json"",""cn_blob"":""78d37b22dcc9d086dea6bafc2921046ccd856c57"",""jp_path"":""magireco-source-master/Scenarios_full/mirror_story/420371-战斗博物馆-常盘七香/420371-2.json"",""jp_blob"":""e7bf5f903a285d4b8b087f91cb40fadc17c985de"",""evidence"":{""batch"":""20261002-semantic-batch08-ai-only"",""source_commit"":""d5b1442cbba6889f9f917f41bcc9bfe3837ffe04"",""report"":""manifests/story_quality_semantic_batch08_ai_only_20261002_evidence.json.gz"",""script_id"":""420371-2"",""full_fields"":43}}"
420371-3	"[""420371""]"	"[""""]"	magireco-translate-data-master/Scenarios_full/mirror_story/420371-战斗博物馆-常盘七香/420371-3.json	True	True	after_20261001_takeover	50	113d93ece262fc87691a37c199c57a34985ed3b0	magireco-source-master/Scenarios_full/mirror_story/420371-战斗博物馆-常盘七香/420371-3.json	6976350686a6bb2b8dc01f44650c8acb15651dd4	40	manifests/story_quality_semantic_batch08_ai_only_20261002_evidence.json.gz	d5b1442cbba6889f9f917f41bcc9bfe3837ffe04	[3320]	"{""path"":""magireco-translate-data-master/Scenarios_full/mirror_story/420371-战斗博物馆-常盘七香/420371-3.json"",""cn_blob"":""113d93ece262fc87691a37c199c57a34985ed3b0"",""jp_path"":""magireco-source-master/Scenarios_full/mirror_story/420371-战斗博物馆-常盘七香/420371-3.json"",""jp_blob"":""6976350686a6bb2b8dc01f44650c8acb15651dd4"",""evidence"":{""batch"":""20261002-semantic-batch08-ai-only"",""source_commit"":""d5b1442cbba6889f9f917f41bcc9bfe3837ffe04"",""report"":""manifests/story_quality_semantic_batch08_ai_only_20261002_evidence.json.gz"",""script_id"":""420371-3"",""full_fields"":50}}"
420371-4	"[""420371""]"	"[""""]"	magireco-translate-data-master/Scenarios_full/mirror_story/420371-战斗博物馆-常盘七香/420371-4.json	True	True	after_20261001_takeover	68	5fb87779c4ca202bc4f60df2113e58cd2e1f64fc	magireco-source-master/Scenarios_full/mirror_story/420371-战斗博物馆-常盘七香/420371-4.json	e08fcdd580de4d1b108918719392a4db7909c9bc	56	manifests/story_quality_semantic_batch08_ai_only_20261002_evidence.json.gz	d5b1442cbba6889f9f917f41bcc9bfe3837ffe04	[3320]	"{""path"":""magireco-translate-data-master/Scenarios_full/mirror_story/420371-战斗博物馆-常盘七香/420371-4.json"",""cn_blob"":""5fb87779c4ca202bc4f60df2113e58cd2e1f64fc"",""jp_path"":""magireco-source-master/Scenarios_full/mirror_story/420371-战斗博物馆-常盘七香/420371-4.json"",""jp_blob"":""e08fcdd580de4d1b108918719392a4db7909c9bc"",""evidence"":{""batch"":""20261002-semantic-batch08-ai-only"",""source_commit"":""d5b1442cbba6889f9f917f41bcc9bfe3837ffe04"",""report"":""manifests/story_quality_semantic_batch08_ai_only_20261002_evidence.json.gz"",""script_id"":""420371-4"",""full_fields"":68}}"
