script_id	story_ids	titles	reader_path	indexed	complete	completion_period	body_fields	current_cn_blob	jp_path	current_jp_blob	machine_output_pair_count	evidence_report	evidence_source_commit	published_change_versions	review_evidence
324011-3	"[""character_story_324011_1-4_b051f9cc4d""]"	"[""第1话 水蓝色的快板 水色のアレグロ""]"	magireco-translate-data-master/Scenarios_full/character_story/2401 - 美树沙耶香（冲浪ver.）（美樹 さやか（波乗りver.））/324011-3.json	True	False	pending	62	baedaa5b69fe70dd8fed1fccc3d6f0cbf9f127a8	magireco-source-master/Scenarios_full/character_story/2401 - 美树沙耶香（冲浪ver.）（美樹 さやか（波乗りver.））/324011-3.json	3f21ff4db3ddd9c6c25e6f80fc1070785d91da84	57			[]	
324011-4	"[""character_story_324011_1-4_b051f9cc4d""]"	"[""第1话 水蓝色的快板 水色のアレグロ""]"	magireco-translate-data-master/Scenarios_full/character_story/2401 - 美树沙耶香（冲浪ver.）（美樹 さやか（波乗りver.））/324011-4.json	True	False	pending	69	b1d44df6a220ed9f7a63ef00270cc82978afe262	magireco-source-master/Scenarios_full/character_story/2401 - 美树沙耶香（冲浪ver.）（美樹 さやか（波乗りver.））/324011-4.json	f30b8e84fc7912027727ff57111bd23314fddd7f	60			[]	
710017-1	"[""710017""]"	"[""""]"	magireco-translate-data-master/Scenarios_full/costume_story/1001 - 环彩羽（環 いろは）/710017-1.json	True	False	pending	71	88b56d8cdfb069282e75dbd146333109d1c4f3e3	magireco-source-master/Scenarios_full/costume_story/1001 - 环彩羽（環 いろは）/710017-1.json	1923d40bed6a66629e6c2b3d8b88156cb29e92f5	57			[]	
710024-1	"[""710024""]"	"[""""]"	magireco-translate-data-master/Scenarios_full/costume_story/1002 - 七海八千代（七海 やちよ）/710024-1.json	True	False	pending	75	90cf35985c6b897b23469a8d4bda02cf7f3e1bff	magireco-source-master/Scenarios_full/costume_story/1002 - 七海八千代（七海 やちよ）/710024-1.json	7e46d17ef2325639fe0a515fbc3c43c38e8a8577	66			[]	
710025-1	"[""710025""]"	"[""""]"	magireco-translate-data-master/Scenarios_full/costume_story/1002 - 七海八千代（七海 やちよ）/710025-1.json	True	False	pending	70	75face65c415628955a52065ed1cc8d588d85ae4	magireco-source-master/Scenarios_full/costume_story/1002 - 七海八千代（七海 やちよ）/710025-1.json	0852ff2efdb1a1d2d0351d8fd614fb765ace8182	58			[]	
710035-1	"[""710035""]"	"[""""]"	magireco-translate-data-master/Scenarios_full/costume_story/1003 - 由比鹤乃（由比 鶴乃）/710035-1.json	True	False	pending	78	bb4c5d50b03db68c713b82e80c2f8c7c8d46aaa8	magireco-source-master/Scenarios_full/costume_story/1003 - 由比鹤乃（由比 鶴乃）/710035-1.json	d542e7047a150ac98ce4abf4237ef05a26f68444	72			[]	
710036-1	"[""710036""]"	"[""""]"	magireco-translate-data-master/Scenarios_full/costume_story/1003 - 由比鹤乃（由比 鶴乃）/710036-1.json	True	False	pending	73	7a3d424395b506cf6e79edd4c8c785918e597ca5	magireco-source-master/Scenarios_full/costume_story/1003 - 由比鹤乃（由比 鶴乃）/710036-1.json	3f8016ba4eedce8ac6e761862cf6b98540dccda4	64			[]	
710044-1	"[""710044""]"	"[""""]"	magireco-translate-data-master/Scenarios_full/costume_story/1004 - 二叶莎奈（二葉 さな）/710044-1.json	True	False	pending	78	201a59aeb3856f0f1a1148c71933188b43748d53	magireco-source-master/Scenarios_full/costume_story/1004 - 二叶莎奈（二葉 さな）/710044-1.json	7d8d963de02e205815c9ec78bdd66631e709e1fb	67			[]	
710045-1	"[""710045""]"	"[""""]"	magireco-translate-data-master/Scenarios_full/costume_story/1004 - 二叶莎奈（二葉 さな）/710045-1.json	True	False	pending	87	962ad45c0dbabd5458ba14bc0094ac3b532f258e	magireco-source-master/Scenarios_full/costume_story/1004 - 二叶莎奈（二葉 さな）/710045-1.json	633790a57d00e36b9424c46a57dea7da63011601	73			[]	
710055-1	"[""710055""]"	"[""""]"	magireco-translate-data-master/Scenarios_full/costume_story/1005 - 深月菲莉希亚（深月 フェリシア）/710055-1.json	True	False	pending	73	5e61e968c83ddab9db95d77f34ede2687cb5a42d	magireco-source-master/Scenarios_full/costume_story/1005 - 深月菲莉希亚（深月 フェリシア）/710055-1.json	2ace78d802b5c1e5f84be55a2aed1bdab27ce797	59			[]	
710056-1	"[""710056""]"	"[""""]"	magireco-translate-data-master/Scenarios_full/costume_story/1005 - 深月菲莉希亚（深月 フェリシア）/710056-1.json	True	False	pending	86	9f109e4884b34595a083813864a6677f6bb775f5	magireco-source-master/Scenarios_full/costume_story/1005 - 深月菲莉希亚（深月 フェリシア）/710056-1.json	dd138413c25033218f394c824dc4892ca5486bdb	75			[]	
710063-1	"[""710063""]"	"[""""]"	magireco-translate-data-master/Scenarios_full/costume_story/1006 - 梓美冬（梓 みふゆ）/710063-1.json	True	False	pending	76	881ad1bd016bb9c591c5ce87ccb801bc42c9d19b	magireco-source-master/Scenarios_full/costume_story/1006 - 梓美冬（梓 みふゆ）/710063-1.json	e4480262e3c90aada8c6573a2612e7a7ea4a108c	68			[]	
710113-1	"[""710113""]"	"[""""]"	magireco-translate-data-master/Scenarios_full/costume_story/1011 - 秋野枫（秋野 かえで）/710113-1.json	True	False	pending	78	de2829f34b009274afdfcd45dbe8d35728c1d9ce	magireco-source-master/Scenarios_full/costume_story/1011 - 秋野枫（秋野 かえで）/710113-1.json	65c845b669829d0e6c431a1ba3a6558eb3c29205	71			[]	
710153-1	"[""710153""]"	"[""""]"	magireco-translate-data-master/Scenarios_full/costume_story/1015 - 环忧（環 うい）/710153-1.json	True	False	pending	69	4a6d98e734384a1a34a75dbc27398c2e579ea65c	magireco-source-master/Scenarios_full/costume_story/1015 - 环忧（環 うい）/710153-1.json	6cbcb6724c05255726f3cba1631ec9872e53edfb	53			[]	
710221-1	"[""710221""]"	"[""""]"	magireco-translate-data-master/Scenarios_full/costume_story/1022 - 煌里光（煌里 ひかる）/710221-1.json	True	False	pending	75	5c8c1b07b21e9a88b6b9c335d92578f494cd812e	magireco-source-master/Scenarios_full/costume_story/1022 - 煌里光（煌里 ひかる）/710221-1.json	73b43403b8c38d19ba7246a877f6158226531bec	65			[]	
710222-1	"[""710222""]"	"[""""]"	magireco-translate-data-master/Scenarios_full/costume_story/1022 - 煌里光（煌里 ひかる）/710222-1.json	True	False	pending	73	04b17bee73b247fa0be3ff22935504f075c50395	magireco-source-master/Scenarios_full/costume_story/1022 - 煌里光（煌里 ひかる）/710222-1.json	87da1647f9f39b4b3d129f546bd35c8d52be44e0	57			[]	
710231-1	"[""710231""]"	"[""""]"	magireco-translate-data-master/Scenarios_full/costume_story/1023 - 笠音青（笠音 アオ）/710231-1.json	True	False	pending	74	7b851872f27dc7656bd29a39a07c45521489bf4f	magireco-source-master/Scenarios_full/costume_story/1023 - 笠音青（笠音 アオ）/710231-1.json	1801ba237c371c8c9b58803685da797555f56b64	66			[]	
710232-1	"[""710232""]"	"[""""]"	magireco-translate-data-master/Scenarios_full/costume_story/1023 - 笠音青（笠音 アオ）/710232-1.json	True	False	pending	71	d566f2438ec6d36e8eaf8c57b00f5a39d1af0d62	magireco-source-master/Scenarios_full/costume_story/1023 - 笠音青（笠音 アオ）/710232-1.json	4ce1000d7979121be2055ca4ca0844a14c6a128c	57			[]	
710241-1	"[""710241""]"	"[""""]"	magireco-translate-data-master/Scenarios_full/costume_story/1024 - 大庭树里（大庭 樹里）/710241-1.json	True	False	pending	67	3a74f9ad397a68efc3b52a1b74954dbceb63aa92	magireco-source-master/Scenarios_full/costume_story/1024 - 大庭树里（大庭 樹里）/710241-1.json	b4ba1bccb0ae4e4ae76a6e2308ff0877c6ad89f3	58			[]	
710242-1	"[""710242""]"	"[""""]"	magireco-translate-data-master/Scenarios_full/costume_story/1024 - 大庭树里（大庭 樹里）/710242-1.json	True	False	pending	67	4c65162d2438ba90aac3503d00c9be491ca5e20f	magireco-source-master/Scenarios_full/costume_story/1024 - 大庭树里（大庭 樹里）/710242-1.json	9fd1663656feb1afe59ab7bf6dd039c9d9d5aa63	53			[]	
710381-1	"[""710381""]"	"[""情人节故事 2021 バレンタインストーリー2021""]"	magireco-translate-data-master/Scenarios_full/costume_story/1038 - 八云御影（八雲 みかげ）/710381-1.json	True	False	pending	49	bd4b12a319a42c536dee8fd48d85080f38c893b8	magireco-source-master/Scenarios_full/costume_story/1038 - 八云御影（八雲 みかげ）/710381-1.json	9d88d0cc58db69533d0500f86c9ca33b5f8f6e72	39			[]	
710381-2	"[""710381""]"	"[""情人节故事 2021 バレンタインストーリー2021""]"	magireco-translate-data-master/Scenarios_full/costume_story/1038 - 八云御影（八雲 みかげ）/710381-2.json	True	False	pending	73	d663b910b6fcfaf2d40cce08ac2af61cad242bf8	magireco-source-master/Scenarios_full/costume_story/1038 - 八云御影（八雲 みかげ）/710381-2.json	7a4049cfcb1abd9514cca8c0327fa2b6c662ea2f	64			[]	
710381-3	"[""710381""]"	"[""情人节故事 2021 バレンタインストーリー2021""]"	magireco-translate-data-master/Scenarios_full/costume_story/1038 - 八云御影（八雲 みかげ）/710381-3.json	True	False	pending	78	2ad80262fbf07ac5b1b99838ca3d49a22e07865f	magireco-source-master/Scenarios_full/costume_story/1038 - 八云御影（八雲 みかげ）/710381-3.json	582801d78ff5c0225188838b7d84b088822a934f	67			[]	
710381-4	"[""710381""]"	"[""情人节故事 2021 バレンタインストーリー2021""]"	magireco-translate-data-master/Scenarios_full/costume_story/1038 - 八云御影（八雲 みかげ）/710381-4.json	True	False	pending	73	bd26ad8d40dfcd185dae458347acdcbbb49e6d16	magireco-source-master/Scenarios_full/costume_story/1038 - 八云御影（八雲 みかげ）/710381-4.json	600e2c975c43e844dc4aac886c83ed38a6bba812	57			[]	
710381-5	"[""710381""]"	"[""情人节故事 2021 バレンタインストーリー2021""]"	magireco-translate-data-master/Scenarios_full/costume_story/1038 - 八云御影（八雲 みかげ）/710381-5.json	True	False	pending	67	57a41fb23691a85565d45c61e3696b2de0a51583	magireco-source-master/Scenarios_full/costume_story/1038 - 八云御影（八雲 みかげ）/710381-5.json	7ae37ae7d0eedc92e23530190b53c1c0e5e2642e	52			[]	
710381-6	"[""710381""]"	"[""情人节故事 2021 バレンタインストーリー2021""]"	magireco-translate-data-master/Scenarios_full/costume_story/1038 - 八云御影（八雲 みかげ）/710381-6.json	True	False	pending	72	b69d9f98bdacc9043a359810ffb16af8e7dc0847	magireco-source-master/Scenarios_full/costume_story/1038 - 八云御影（八雲 みかげ）/710381-6.json	f2b0d000802bd69bcc3424341b202d604641f3c8	46			[]	
720033-1	"[""720033""]"	"[""""]"	magireco-translate-data-master/Scenarios_full/costume_story/2003 - 晓美焰（眼镜ver.）（暁美 ほむら（眼鏡ver.））/720033-1.json	True	False	pending	74	0057d167b49e6c87bafe0db458bc9955faa2d995	magireco-source-master/Scenarios_full/costume_story/2003 - 晓美焰（眼镜ver.）（暁美 ほむら（眼鏡ver.））/720033-1.json	2b681787d43cdc4d1a5e49b51b1cdce30320781e	59			[]	
720053-1	"[""720053""]"	"[""""]"	magireco-translate-data-master/Scenarios_full/costume_story/2005 - 巴麻美（巴 マミ）/720053-1.json	True	False	pending	85	2ab395201f4078016577eadbbc85ec62c39bae4e	magireco-source-master/Scenarios_full/costume_story/2005 - 巴麻美（巴 マミ）/720053-1.json	daa52d7a329b2e8d193bb7ec41fa275aaa635783	64			[]	
720054-1	"[""720054""]"	"[""""]"	magireco-translate-data-master/Scenarios_full/costume_story/2005 - 巴麻美（巴 マミ）/720054-1.json	True	False	pending	73	c3d36f37cd5a61dfef107e88c71f7a76417a6f3d	magireco-source-master/Scenarios_full/costume_story/2005 - 巴麻美（巴 マミ）/720054-1.json	54ff64165f3fb7d411939ff7055da304f3f1254c	60			[]	
720065-1	"[""720065""]"	"[""""]"	magireco-translate-data-master/Scenarios_full/costume_story/2006 - 佐仓杏子（佐倉 杏子）/720065-1.json	True	False	pending	72	e32220ea186d84e4d1b53be53394d8b01c710938	magireco-source-master/Scenarios_full/costume_story/2006 - 佐仓杏子（佐倉 杏子）/720065-1.json	bd4d15857b47b2eb151e73961d382d7e90c59ccb	60			[]	
720072-1	"[""720072""]"	"[""""]"	magireco-translate-data-master/Scenarios_full/costume_story/2007 - 百江渚（百江 なぎさ）/720072-1.json	True	False	pending	70	6402aa9a214a7edf0b6fca753b07c1f6feee2005	magireco-source-master/Scenarios_full/costume_story/2007 - 百江渚（百江 なぎさ）/720072-1.json	c3d915803e69614632931bdf12b534139b623f3c	64			[]	
720091-1	"[""720091""]"	"[""后台的郁闷 バックステージの悶々""]"	magireco-translate-data-master/Scenarios_full/costume_story/2009 - 爱生眩（愛生 まばゆ）/720091-1.json	True	False	pending	112	f23a3c34a6e9ecf4c2baa3aea04c41d107601866	magireco-source-master/Scenarios_full/costume_story/2009 - 爱生眩（愛生 まばゆ）/720091-1.json	10f8499b89b883671d6c8cdf809a280e56bb417f	68			[]	
720091-2	"[""720091""]"	"[""后台的郁闷 バックステージの悶々""]"	magireco-translate-data-master/Scenarios_full/costume_story/2009 - 爱生眩（愛生 まばゆ）/720091-2.json	True	False	pending	119	774850c17c6d7c21ddf6948d721f8d34d2f960b8	magireco-source-master/Scenarios_full/costume_story/2009 - 爱生眩（愛生 まばゆ）/720091-2.json	77711023cd4b06cae06618cdb050460105d39f33	82			[]	
722031-1	"[""722031""]"	"[""""]"	magireco-translate-data-master/Scenarios_full/costume_story/2203 - 晓美焰（晴着ver.）（暁美 ほむら（晴着ver.））/722031-1.json	True	False	pending	91	e645ff0bc43b8b857c9f6eca76e0e415441b11d3	magireco-source-master/Scenarios_full/costume_story/2203 - 晓美焰（晴着ver.）（暁美 ほむら（晴着ver.））/722031-1.json	9a7c47c72019663b2454f951ed7a152ff64ba07b	79			[]	
730072-1	"[""730072""]"	"[""情人节故事 2021 バレンタインストーリー2021""]"	magireco-translate-data-master/Scenarios_full/costume_story/3007 - 保澄雫（保澄 雫）/730072-1.json	True	False	pending	57	76f34c7e9bc55f7b788962c9114834a704449ece	magireco-source-master/Scenarios_full/costume_story/3007 - 保澄雫（保澄 雫）/730072-1.json	e2d81b94de5ba9f86dc4600ad8c91016038da158	47			[]	
730072-2	"[""730072""]"	"[""情人节故事 2021 バレンタインストーリー2021""]"	magireco-translate-data-master/Scenarios_full/costume_story/3007 - 保澄雫（保澄 雫）/730072-2.json	True	False	pending	86	a6c384b0a2b0fad1c5b5d75c967664c19bc4ddfb	magireco-source-master/Scenarios_full/costume_story/3007 - 保澄雫（保澄 雫）/730072-2.json	5f8d36045097384a558c042a4696b8a9230a0e7f	74			[]	
730072-3	"[""730072""]"	"[""情人节故事 2021 バレンタインストーリー2021""]"	magireco-translate-data-master/Scenarios_full/costume_story/3007 - 保澄雫（保澄 雫）/730072-3.json	True	False	pending	57	37e3fc061ab47a4d8ca6304d5dd7418b23a36ea4	magireco-source-master/Scenarios_full/costume_story/3007 - 保澄雫（保澄 雫）/730072-3.json	91cad92874137c090efde4d12dc42f238e51ee1d	52			[]	
730072-4	"[""730072""]"	"[""情人节故事 2021 バレンタインストーリー2021""]"	magireco-translate-data-master/Scenarios_full/costume_story/3007 - 保澄雫（保澄 雫）/730072-4.json	True	False	pending	61	299855675edb4f1b86aa68f3c5b954ff39360f11	magireco-source-master/Scenarios_full/costume_story/3007 - 保澄雫（保澄 雫）/730072-4.json	99b60b682d930e108ceacbe01b0fbbe107fddef1	57			[]	
730072-5	"[""730072""]"	"[""情人节故事 2021 バレンタインストーリー2021""]"	magireco-translate-data-master/Scenarios_full/costume_story/3007 - 保澄雫（保澄 雫）/730072-5.json	True	False	pending	87	6291cc323e00d89eabc8ee231812dc01bb7f8ca9	magireco-source-master/Scenarios_full/costume_story/3007 - 保澄雫（保澄 雫）/730072-5.json	be7d389f92bd5c071e34f554d13c158567fd3385	80			[]	
730072-6	"[""730072""]"	"[""情人节故事 2021 バレンタインストーリー2021""]"	magireco-translate-data-master/Scenarios_full/costume_story/3007 - 保澄雫（保澄 雫）/730072-6.json	True	False	pending	35	6e697c90ea5411118c53af6722dadc36220e65f4	magireco-source-master/Scenarios_full/costume_story/3007 - 保澄雫（保澄 雫）/730072-6.json	f4c84e17a3d35ba4533169683dcea6a1b72cb6cd	31			[]	
730101-1	"[""730101""]"	"[""情人节故事 2021 バレンタインストーリー2021""]"	magireco-translate-data-master/Scenarios_full/costume_story/3010 - 阿见莉爱（阿見 莉愛）/730101-1.json	True	False	pending	79	16805f1d367c10518e28affad239e074bbbfd593	magireco-source-master/Scenarios_full/costume_story/3010 - 阿见莉爱（阿見 莉愛）/730101-1.json	050ba620ec208afc664730d9cfc68122cd57fb41	77			[]	
730101-2	"[""730101""]"	"[""情人节故事 2021 バレンタインストーリー2021""]"	magireco-translate-data-master/Scenarios_full/costume_story/3010 - 阿见莉爱（阿見 莉愛）/730101-2.json	True	False	pending	66	5bf673e25e77184a6e3470bb1d57c23114589880	magireco-source-master/Scenarios_full/costume_story/3010 - 阿见莉爱（阿見 莉愛）/730101-2.json	560b80363a997aa679fb7441970b6da37800e61e	57			[]	
730101-3	"[""730101""]"	"[""情人节故事 2021 バレンタインストーリー2021""]"	magireco-translate-data-master/Scenarios_full/costume_story/3010 - 阿见莉爱（阿見 莉愛）/730101-3.json	True	False	pending	99	e2ba68fa807ea82068b7d7a4d605325da23a03e4	magireco-source-master/Scenarios_full/costume_story/3010 - 阿见莉爱（阿見 莉愛）/730101-3.json	95f40564f96ebd45edd5f3c365da72965202a4ea	86			[]	
730101-4	"[""730101""]"	"[""情人节故事 2021 バレンタインストーリー2021""]"	magireco-translate-data-master/Scenarios_full/costume_story/3010 - 阿见莉爱（阿見 莉愛）/730101-4.json	True	False	pending	78	77ad7ae1fbabcefe808a879257ea89cb275552e2	magireco-source-master/Scenarios_full/costume_story/3010 - 阿见莉爱（阿見 莉愛）/730101-4.json	9569c5d15b47c16f893bfb983b86569add7af187	62			[]	
730101-5	"[""730101""]"	"[""情人节故事 2021 バレンタインストーリー2021""]"	magireco-translate-data-master/Scenarios_full/costume_story/3010 - 阿见莉爱（阿見 莉愛）/730101-5.json	True	False	pending	82	0e1c83cdbe390f7da6619762d3a7ed3324622661	magireco-source-master/Scenarios_full/costume_story/3010 - 阿见莉爱（阿見 莉愛）/730101-5.json	1f529b0569c8431075aa3fdc1e7cd1a776d72d36	62			[]	
730101-6	"[""730101""]"	"[""情人节故事 2021 バレンタインストーリー2021""]"	magireco-translate-data-master/Scenarios_full/costume_story/3010 - 阿见莉爱（阿見 莉愛）/730101-6.json	True	False	pending	53	90b0fea036fa01a758fc7cc34f3c40f13fbbfb04	magireco-source-master/Scenarios_full/costume_story/3010 - 阿见莉爱（阿見 莉愛）/730101-6.json	cba4ac3fbba181f787419050bc7d0507926b7030	44			[]	
730102-1	"[""costume_story_730102_1-1_69414e2639"",""costume_story_730102_1_7298e81c67""]"	"["""",""泳装 夏日的复仇（？）赛！ 夏のリベンジ (？) マッチ！""]"	magireco-translate-data-master/Scenarios_full/costume_story/3010 - 阿见莉爱（阿見 莉愛）/730102-1.json	True	False	pending	86	8188220a5ac82794ef81898d29baaae988f49359	magireco-source-master/Scenarios_full/costume_story/3010 - 阿见莉爱（阿見 莉愛）/730102-1.json	3a61b3c4f3c5f2d915d2fd76430643a53d93d9e1	81			[]	
730131-1	"[""730131""]"	"[""情人节故事 2021 バレンタインストーリー2021""]"	magireco-translate-data-master/Scenarios_full/costume_story/3013 - 伊吹丽良（伊吹 れいら）/730131-1.json	True	False	pending	76	6a13d41b2a16bb6170f90e94ebab6b8be356ebd3	magireco-source-master/Scenarios_full/costume_story/3013 - 伊吹丽良（伊吹 れいら）/730131-1.json	12342ba31fa1924afab8249c2c58a99e6d63e381	57			[]	
730131-2	"[""730131""]"	"[""情人节故事 2021 バレンタインストーリー2021""]"	magireco-translate-data-master/Scenarios_full/costume_story/3013 - 伊吹丽良（伊吹 れいら）/730131-2.json	True	False	pending	91	fd3e3b2d267eff32fc20da7ed387f826ee487cf3	magireco-source-master/Scenarios_full/costume_story/3013 - 伊吹丽良（伊吹 れいら）/730131-2.json	c64fd293d67719e4e2948a15d6a10873fab92d3b	70			[]	
730131-3	"[""730131""]"	"[""情人节故事 2021 バレンタインストーリー2021""]"	magireco-translate-data-master/Scenarios_full/costume_story/3013 - 伊吹丽良（伊吹 れいら）/730131-3.json	True	False	pending	47	78089c786e48b9ea693f0c84088ce43edb457df0	magireco-source-master/Scenarios_full/costume_story/3013 - 伊吹丽良（伊吹 れいら）/730131-3.json	4da1d8e31990f7417a7f8e101285257525627a18	38			[]	
730131-4	"[""730131""]"	"[""情人节故事 2021 バレンタインストーリー2021""]"	magireco-translate-data-master/Scenarios_full/costume_story/3013 - 伊吹丽良（伊吹 れいら）/730131-4.json	True	False	pending	56	2c11654796030c3487291120ecb1b7714486a7bc	magireco-source-master/Scenarios_full/costume_story/3013 - 伊吹丽良（伊吹 れいら）/730131-4.json	5c26fa6c9b9711810facfbd96ce0ed2369c9993d	41			[]	
730131-5	"[""730131""]"	"[""情人节故事 2021 バレンタインストーリー2021""]"	magireco-translate-data-master/Scenarios_full/costume_story/3013 - 伊吹丽良（伊吹 れいら）/730131-5.json	True	False	pending	64	026d7b9fa73da1c5347411cb0500cabe44073d4a	magireco-source-master/Scenarios_full/costume_story/3013 - 伊吹丽良（伊吹 れいら）/730131-5.json	142a08654eab95aba6a294f19249583286604273	54			[]	
730131-6	"[""730131""]"	"[""情人节故事 2021 バレンタインストーリー2021""]"	magireco-translate-data-master/Scenarios_full/costume_story/3013 - 伊吹丽良（伊吹 れいら）/730131-6.json	True	False	pending	71	fd45096c1ccb129717fd0e26bd7db15a4e7416c6	magireco-source-master/Scenarios_full/costume_story/3013 - 伊吹丽良（伊吹 れいら）/730131-6.json	70fb3129e5c416d3ea6e5a5011eceae8df7d34b7	56			[]	
730281-1	"[""730281""]"	"[""""]"	magireco-translate-data-master/Scenarios_full/costume_story/3028 - 三栗菖蒲（三栗 あやめ）/730281-1.json	True	False	pending	66	8b14c7d4bd53c90e0fbe1757e13e674ac8186dc4	magireco-source-master/Scenarios_full/costume_story/3028 - 三栗菖蒲（三栗 あやめ）/730281-1.json	c93ccf602e1d79b8db9db3354371a7b4cdeb0cee	55			[]	
730302-1	"[""730302""]"	"[""""]"	magireco-translate-data-master/Scenarios_full/costume_story/3030 - 春名木乃美（春名 このみ）/730302-1.json	True	False	pending	79	8786021169ba1b8ac3a6fc2136c7b70afa10649b	magireco-source-master/Scenarios_full/costume_story/3030 - 春名木乃美（春名 このみ）/730302-1.json	89e7ab8ae40ade17afccfb958d132e77e7beca0b	68			[]	
730341-1	"[""730341""]"	"[""""]"	magireco-translate-data-master/Scenarios_full/costume_story/3034 - 惠萌花（恵 萌花）/730341-1.json	True	False	pending	75	96b1df5a4d33b1c07527ecfefaaf358c8388e0f0	magireco-source-master/Scenarios_full/costume_story/3034 - 惠萌花（恵 萌花）/730341-1.json	96ac19219a18cb801f8cdef2006d6226282521fd	61			[]	
730352-1	"[""730352""]"	"[""""]"	magireco-translate-data-master/Scenarios_full/costume_story/3035 - 千秋理子（千秋 理子）/730352-1.json	True	False	pending	83	ba0c29349dad5db448dd44afe605f187f17c6d87	magireco-source-master/Scenarios_full/costume_story/3035 - 千秋理子（千秋 理子）/730352-1.json	b86ff99d6ecb723be28a889b04044dc6e58f6014	75			[]	
730401-3	"[""730401""]"	"[""情人节故事 2021 バレンタインストーリー2021""]"	magireco-translate-data-master/Scenarios_full/costume_story/3040 - 吉良手鞠（吉良 てまり）/730401-3.json	True	False	pending	65	7e262214aaedb8b399132b70446e22f0ceb9196c	magireco-source-master/Scenarios_full/costume_story/3040 - 吉良手鞠（吉良 てまり）/730401-3.json	dd9e6324db8496e14dc17987388dbd6174d919c1	58			[]	
730401-4	"[""730401""]"	"[""情人节故事 2021 バレンタインストーリー2021""]"	magireco-translate-data-master/Scenarios_full/costume_story/3040 - 吉良手鞠（吉良 てまり）/730401-4.json	True	False	pending	78	f5e24ffcb16889f700a17f23158ba9221b2bc5e7	magireco-source-master/Scenarios_full/costume_story/3040 - 吉良手鞠（吉良 てまり）/730401-4.json	8c118922705998595136f25cb6b4771389f25e8d	65			[]	
730401-5	"[""730401""]"	"[""情人节故事 2021 バレンタインストーリー2021""]"	magireco-translate-data-master/Scenarios_full/costume_story/3040 - 吉良手鞠（吉良 てまり）/730401-5.json	True	False	pending	74	bc95db40044e63faf9f6133f72e1e8c86ea977ec	magireco-source-master/Scenarios_full/costume_story/3040 - 吉良手鞠（吉良 てまり）/730401-5.json	6d10dbc2cda12ce170023367dcc0825f4251b055	66			[]	
730401-6	"[""730401""]"	"[""情人节故事 2021 バレンタインストーリー2021""]"	magireco-translate-data-master/Scenarios_full/costume_story/3040 - 吉良手鞠（吉良 てまり）/730401-6.json	True	False	pending	68	5d649f5ee6029c88b5eb95f457cb6ff87d3ff0a2	magireco-source-master/Scenarios_full/costume_story/3040 - 吉良手鞠（吉良 てまり）/730401-6.json	a6c3623abf754c8c07033b4f3dab2b3481fbc9e4	50			[]	
730501-2	"[""costume_story_730501_1-6_e004bc7ee5""]"	"[""情人节故事 2021 バレンタインストーリー2021""]"	magireco-translate-data-master/Scenarios_full/costume_story/3050 - 香春优奈（香春 ゆうな）/730501-2.json	True	False	pending	59	a44440a65dd2a9eb25f772b1e7b8944a67c7b20c	magireco-source-master/Scenarios_full/costume_story/3050 - 香春优奈（香春 ゆうな）/730501-2.json	2268d2fac489da1f42d74a6a034543af33a3bab1	46			[]	
730501-3	"[""costume_story_730501_1-6_e004bc7ee5""]"	"[""情人节故事 2021 バレンタインストーリー2021""]"	magireco-translate-data-master/Scenarios_full/costume_story/3050 - 香春优奈（香春 ゆうな）/730501-3.json	True	False	pending	55	6f5bb61bedadf06cbd88fe4f64299d4b7030785c	magireco-source-master/Scenarios_full/costume_story/3050 - 香春优奈（香春 ゆうな）/730501-3.json	a1b001c52d51b5fe752ab0c88ff416929557134b	44			[]	
730501-4	"[""costume_story_730501_1-6_e004bc7ee5""]"	"[""情人节故事 2021 バレンタインストーリー2021""]"	magireco-translate-data-master/Scenarios_full/costume_story/3050 - 香春优奈（香春 ゆうな）/730501-4.json	True	False	pending	54	e466f3b4c3baee0634779d25b1e44544ab084e10	magireco-source-master/Scenarios_full/costume_story/3050 - 香春优奈（香春 ゆうな）/730501-4.json	348d7e051a436789dc6ee0c8e2da1c75267885af	46			[]	
730501-5	"[""costume_story_730501_1-6_e004bc7ee5""]"	"[""情人节故事 2021 バレンタインストーリー2021""]"	magireco-translate-data-master/Scenarios_full/costume_story/3050 - 香春优奈（香春 ゆうな）/730501-5.json	True	False	pending	87	79231c67041f2c405c6898bdf8c0b9d00b834ee1	magireco-source-master/Scenarios_full/costume_story/3050 - 香春优奈（香春 ゆうな）/730501-5.json	c2509febfa29257537c9fb99d694a63af9211649	66			[]	
730501-6	"[""costume_story_730501_1-6_e004bc7ee5""]"	"[""情人节故事 2021 バレンタインストーリー2021""]"	magireco-translate-data-master/Scenarios_full/costume_story/3050 - 香春优奈（香春 ゆうな）/730501-6.json	True	False	pending	29	5a8b22fd2eadf86c2fe764bfe8d0f43ca8a7b788	magireco-source-master/Scenarios_full/costume_story/3050 - 香春优奈（香春 ゆうな）/730501-6.json	bca27d59c41193721b6a7a050eecace3ab98e393	19			[]	
730522-1	"[""730522""]"	"[""""]"	magireco-translate-data-master/Scenarios_full/costume_story/3052 - 阿什莉·泰勒（アシュリー・テイラー）/730522-1.json	True	False	pending	92	19abe8cd701375d6e76b467832fc0f5fa61c0482	magireco-source-master/Scenarios_full/costume_story/3052 - 阿什莉·泰勒（アシュリー・テイラー）/730522-1.json	4b70afa725fa6c39409c4a7219213ea0ef95420d	86			[]	
730532-1	"[""730532""]"	"[""""]"	magireco-translate-data-master/Scenarios_full/costume_story/3053 - 牧野郁美（牧野 郁美）/730532-1.json	True	False	pending	73	45b4b1afe22961a7a33205d335ccf5123c441144	magireco-source-master/Scenarios_full/costume_story/3053 - 牧野郁美（牧野 郁美）/730532-1.json	6b78199c76285bb311813362d963939020216dc0	65			[]	
730571-1	"[""730571""]"	"[""""]"	magireco-translate-data-master/Scenarios_full/costume_story/3057 - 真井灯（真井 あかり）/730571-1.json	True	False	pending	81	2cd30f536fa345c8791c3a207b8602359631da12	magireco-source-master/Scenarios_full/costume_story/3057 - 真井灯（真井 あかり）/730571-1.json	97a607cd4c61d1ca81ddc0beaaee6efeaae0634a	75			[]	
511110-10_Qep4x	"[""event_story_511110_0-11_69c2c9b88d""]"	"[""""]"	magireco-translate-data-master/Scenarios_full/event_story/5111 - Girls in the Hood/511110-10_Qep4x.json	True	False	pending	32	e7f665fbaae8d70cfcffc703c996f6f261011283	magireco-source-master/Scenarios_full/event_story/5111 - Girls in the Hood/511110-10_Qep4x.json	c301aacad0ebaa16bc1ef12f1c4501c20a8c70ac	25			[]	
511110-11_Qep4x	"[""event_story_511110_0-11_69c2c9b88d""]"	"[""""]"	magireco-translate-data-master/Scenarios_full/event_story/5111 - Girls in the Hood/511110-11_Qep4x.json	True	False	pending	46	f9e77537b1e50c4e29798b59a76a2c46246c217a	magireco-source-master/Scenarios_full/event_story/5111 - Girls in the Hood/511110-11_Qep4x.json	471f74d8cecb287cdbbef764d34c310978334112	34			[]	
511110-1_Qep4x	"[""event_story_511110_0-11_69c2c9b88d""]"	"[""""]"	magireco-translate-data-master/Scenarios_full/event_story/5111 - Girls in the Hood/511110-1_Qep4x.json	True	False	pending	85	e66e9c8b57dce4e697744199b7305b79bf743621	magireco-source-master/Scenarios_full/event_story/5111 - Girls in the Hood/511110-1_Qep4x.json	ae48889deaff342331d8ee7fae654a30e6eaa7dc	65			[]	
511110-2_Qep4x	"[""event_story_511110_0-11_69c2c9b88d""]"	"[""""]"	magireco-translate-data-master/Scenarios_full/event_story/5111 - Girls in the Hood/511110-2_Qep4x.json	True	False	pending	68	66bd154466cb66b52d756bd269094c1b69ec93c0	magireco-source-master/Scenarios_full/event_story/5111 - Girls in the Hood/511110-2_Qep4x.json	e4dc5ee9917c86d846b1539bdb5243623a781f5f	55			[]	
511110-3_Qep4x	"[""event_story_511110_0-11_69c2c9b88d""]"	"[""""]"	magireco-translate-data-master/Scenarios_full/event_story/5111 - Girls in the Hood/511110-3_Qep4x.json	True	False	pending	52	3729de356d737b6c9dc4c42c0484dd97065fd195	magireco-source-master/Scenarios_full/event_story/5111 - Girls in the Hood/511110-3_Qep4x.json	724cc76aacc06c175bd4ba496660b3fefe3d0f4e	44			[]	
511110-4_Qep4x	"[""event_story_511110_0-11_69c2c9b88d""]"	"[""""]"	magireco-translate-data-master/Scenarios_full/event_story/5111 - Girls in the Hood/511110-4_Qep4x.json	True	False	pending	84	e28ff84e632f992f31b25328fd1c7ee1d70dd3af	magireco-source-master/Scenarios_full/event_story/5111 - Girls in the Hood/511110-4_Qep4x.json	d5618978cb74ee413f8742cd1c64b81d6205ec0d	66			[]	
511110-5_Qep4x	"[""event_story_511110_0-11_69c2c9b88d""]"	"[""""]"	magireco-translate-data-master/Scenarios_full/event_story/5111 - Girls in the Hood/511110-5_Qep4x.json	True	False	pending	52	ed1e506183ebb75beb934426e97d730a4f75478d	magireco-source-master/Scenarios_full/event_story/5111 - Girls in the Hood/511110-5_Qep4x.json	e125747cad0edc7bdf418d2ed8e128288308536b	38			[]	
511110-6_Qep4x	"[""event_story_511110_0-11_69c2c9b88d""]"	"[""""]"	magireco-translate-data-master/Scenarios_full/event_story/5111 - Girls in the Hood/511110-6_Qep4x.json	True	False	pending	47	5884f691c97c4f2ff80cdd652a91ae7c127e32b9	magireco-source-master/Scenarios_full/event_story/5111 - Girls in the Hood/511110-6_Qep4x.json	f00f08a57bc555a13dc9ce983ad688b3ddbe9d37	34			[]	
511110-7_Qep4x	"[""event_story_511110_0-11_69c2c9b88d""]"	"[""""]"	magireco-translate-data-master/Scenarios_full/event_story/5111 - Girls in the Hood/511110-7_Qep4x.json	True	False	pending	66	5bc414bf62b16edc3f93d2d2e2eda36374c31f3d	magireco-source-master/Scenarios_full/event_story/5111 - Girls in the Hood/511110-7_Qep4x.json	f553344668532f7929ed74895be3114820f636aa	51			[]	
511110-8_Qep4x	"[""event_story_511110_0-11_69c2c9b88d""]"	"[""""]"	magireco-translate-data-master/Scenarios_full/event_story/5111 - Girls in the Hood/511110-8_Qep4x.json	True	False	pending	77	5fa0321684bc3c511422fd183006df3057b09850	magireco-source-master/Scenarios_full/event_story/5111 - Girls in the Hood/511110-8_Qep4x.json	cfb144af685b54fd457c9db17ba091af33771f9c	65			[3310]	
511110-9_Qep4x	"[""event_story_511110_0-11_69c2c9b88d""]"	"[""""]"	magireco-translate-data-master/Scenarios_full/event_story/5111 - Girls in the Hood/511110-9_Qep4x.json	True	False	pending	71	609af6a445a1f7934f6f2dc3ba1261b42bdca5e4	magireco-source-master/Scenarios_full/event_story/5111 - Girls in the Hood/511110-9_Qep4x.json	5c8ff65a104bd85625452b012c8f8b27fd592ef7	57			[]	
511710-1_xnnDD	[]	[]	magireco-translate-data-master/Scenarios_full/event_story/5117 - 圣夜铭刻的一页～与你，从此～/511710-1_xnnDD.json	False	False	pending	85	91f03a2c8dc6882dce99dd852eac82218f7d221e	magireco-source-master/Scenarios_full/event_story/5117 - 圣夜铭刻的一页～与你，从此～/511710-1_xnnDD.json	712fa72733b54e8db3b7c11e3e618e166865f25b	2			[]	
511710-2_xnnDD	[]	[]	magireco-translate-data-master/Scenarios_full/event_story/5117 - 圣夜铭刻的一页～与你，从此～/511710-2_xnnDD.json	False	False	pending	70	189dfba67bf9c87d8700878ad7f6f7b1d4089ffb	magireco-source-master/Scenarios_full/event_story/5117 - 圣夜铭刻的一页～与你，从此～/511710-2_xnnDD.json	e6e653c4379abccca6d007b48f4db3b13428d8c1	2			[]	
511710-3_xnnDD	[]	[]	magireco-translate-data-master/Scenarios_full/event_story/5117 - 圣夜铭刻的一页～与你，从此～/511710-3_xnnDD.json	False	False	pending	72	472f08c88032dc3992217f5ed78da9671b845591	magireco-source-master/Scenarios_full/event_story/5117 - 圣夜铭刻的一页～与你，从此～/511710-3_xnnDD.json	47cc815ccbd9b7784a5139074899b851c183f596	2			[]	
511710-4_xnnDD	[]	[]	magireco-translate-data-master/Scenarios_full/event_story/5117 - 圣夜铭刻的一页～与你，从此～/511710-4_xnnDD.json	False	False	pending	72	d74782da37ffee388aff8d57cd179df6801554e1	magireco-source-master/Scenarios_full/event_story/5117 - 圣夜铭刻的一页～与你，从此～/511710-4_xnnDD.json	18ce6c92a4618e76a7dfeca0fdf053385c9f0a6f	1			[]	
511710-6_xnnDD	[]	[]	magireco-translate-data-master/Scenarios_full/event_story/5117 - 圣夜铭刻的一页～与你，从此～/511710-6_xnnDD.json	False	False	pending	70	666d8f2ee11ea5ecb8def4bf0160c6af14b555f5	magireco-source-master/Scenarios_full/event_story/5117 - 圣夜铭刻的一页～与你，从此～/511710-6_xnnDD.json	c47eb47c2f8721b051a5bc814b8b2af1f9777033	1			[]	
511710-7_xnnDD	[]	[]	magireco-translate-data-master/Scenarios_full/event_story/5117 - 圣夜铭刻的一页～与你，从此～/511710-7_xnnDD.json	False	False	pending	56	d41b9f7700a980674307a26be600b60213105e57	magireco-source-master/Scenarios_full/event_story/5117 - 圣夜铭刻的一页～与你，从此～/511710-7_xnnDD.json	e3bff18bc50399ff3e317e7e6c7627043b956f33	1			[]	
511720-1_RlDc1	[]	[]	magireco-translate-data-master/Scenarios_full/event_story/5117 - 圣夜铭刻的一页～与你，从此～/511720-1_RlDc1.json	False	False	pending	44	ea9238c4a3c1844cb2badba7a4921ce5c02ce339	magireco-source-master/Scenarios_full/event_story/5117 - 圣夜铭刻的一页～与你，从此～/511720-1_RlDc1.json	f005ef5d62a95bda05e0fe804a6e6e2f03199bb5	1			[]	
511720-4_RlDc1	[]	[]	magireco-translate-data-master/Scenarios_full/event_story/5117 - 圣夜铭刻的一页～与你，从此～/511720-4_RlDc1.json	False	False	pending	78	2b9b0da245e85113087b03e15ca868558ed5a548	magireco-source-master/Scenarios_full/event_story/5117 - 圣夜铭刻的一页～与你，从此～/511720-4_RlDc1.json	39abe436a733dfa81428cff0133f088abff661c4	1			[]	
511720-5_RlDc1	[]	[]	magireco-translate-data-master/Scenarios_full/event_story/5117 - 圣夜铭刻的一页～与你，从此～/511720-5_RlDc1.json	False	False	pending	34	165edfaba6fc7029c70ee4c3f56767a2638e5e32	magireco-source-master/Scenarios_full/event_story/5117 - 圣夜铭刻的一页～与你，从此～/511720-5_RlDc1.json	b00975b0d467dfbfd5b6861fc00ac7b7a89b218c	1			[]	
511720-7_RlDc1	[]	[]	magireco-translate-data-master/Scenarios_full/event_story/5117 - 圣夜铭刻的一页～与你，从此～/511720-7_RlDc1.json	False	False	pending	53	659c2d9b8c6e5e97921df35c70a89810049609aa	magireco-source-master/Scenarios_full/event_story/5117 - 圣夜铭刻的一页～与你，从此～/511720-7_RlDc1.json	a0f98529d7280cc48f77eef42f3a6350989f4b99	4			[]	
512710-10_Dt9rh	"[""512710""]"	"[""""]"	magireco-translate-data-master/Scenarios_full/event_story/5127 - 欢迎来到谣言水族馆～将回忆寄托在玉手箱中～/512710-10_Dt9rh.json	True	False	pending	22	c1a9519fcffd6879f250412afa852bbd935a5281	magireco-source-master/Scenarios_full/event_story/5127 - 欢迎来到谣言水族馆～将回忆寄托在玉手箱中～/512710-10_Dt9rh.json	a0a126af08cb542ed78a14c3ef20613ed0d240c9	18			[]	
512710-11_Dt9rh	"[""512710""]"	"[""""]"	magireco-translate-data-master/Scenarios_full/event_story/5127 - 欢迎来到谣言水族馆～将回忆寄托在玉手箱中～/512710-11_Dt9rh.json	True	False	pending	95	a00ba60e8857a1fc0be0601cf4c3171a8e0afb19	magireco-source-master/Scenarios_full/event_story/5127 - 欢迎来到谣言水族馆～将回忆寄托在玉手箱中～/512710-11_Dt9rh.json	0245ff14e7d9699375a551ec98179da25d853cc6	81			[]	
512710-12_Dt9rh	"[""512710""]"	"[""""]"	magireco-translate-data-master/Scenarios_full/event_story/5127 - 欢迎来到谣言水族馆～将回忆寄托在玉手箱中～/512710-12_Dt9rh.json	True	False	pending	40	800f258827c8d63da301396e17da2d8b1c788de0	magireco-source-master/Scenarios_full/event_story/5127 - 欢迎来到谣言水族馆～将回忆寄托在玉手箱中～/512710-12_Dt9rh.json	b971aee68cfb47f582fdd5122c69aafd8198c4ae	34			[]	
512710-1_Dt9rh	"[""512710""]"	"[""""]"	magireco-translate-data-master/Scenarios_full/event_story/5127 - 欢迎来到谣言水族馆～将回忆寄托在玉手箱中～/512710-1_Dt9rh.json	True	False	pending	42	514b890f1aec0ff7c8676f50d6b7fc539d21c2f2	magireco-source-master/Scenarios_full/event_story/5127 - 欢迎来到谣言水族馆～将回忆寄托在玉手箱中～/512710-1_Dt9rh.json	d2a79d6dd50cc30094889e9b1d1ed95b12d87c11	33			[]	
512710-2_Dt9rh	"[""512710""]"	"[""""]"	magireco-translate-data-master/Scenarios_full/event_story/5127 - 欢迎来到谣言水族馆～将回忆寄托在玉手箱中～/512710-2_Dt9rh.json	True	False	pending	46	842fbfb71c7892d1154d989b4d32d803bae7517a	magireco-source-master/Scenarios_full/event_story/5127 - 欢迎来到谣言水族馆～将回忆寄托在玉手箱中～/512710-2_Dt9rh.json	b3ccee2b9533192c8858eb12209672fd6688a8aa	36			[]	
512710-3_Dt9rh	"[""512710""]"	"[""""]"	magireco-translate-data-master/Scenarios_full/event_story/5127 - 欢迎来到谣言水族馆～将回忆寄托在玉手箱中～/512710-3_Dt9rh.json	True	False	pending	74	ee633b5d6d8371c1bb14f9d12fda8050598e6b51	magireco-source-master/Scenarios_full/event_story/5127 - 欢迎来到谣言水族馆～将回忆寄托在玉手箱中～/512710-3_Dt9rh.json	b986fbb41c4e40c480322e0cc29f543849bb8f70	64			[]	
512710-4_Dt9rh	"[""512710""]"	"[""""]"	magireco-translate-data-master/Scenarios_full/event_story/5127 - 欢迎来到谣言水族馆～将回忆寄托在玉手箱中～/512710-4_Dt9rh.json	True	False	pending	85	24df8b62edb70061899c1a1b9d687d879577dbe8	magireco-source-master/Scenarios_full/event_story/5127 - 欢迎来到谣言水族馆～将回忆寄托在玉手箱中～/512710-4_Dt9rh.json	4acd451ae1cbdb3f946acdd78fe44c9568841a0b	68			[]	
512710-5_Dt9rh	"[""512710""]"	"[""""]"	magireco-translate-data-master/Scenarios_full/event_story/5127 - 欢迎来到谣言水族馆～将回忆寄托在玉手箱中～/512710-5_Dt9rh.json	True	False	pending	75	7f9b25308214953e10073e6e26b49fa54ecc719d	magireco-source-master/Scenarios_full/event_story/5127 - 欢迎来到谣言水族馆～将回忆寄托在玉手箱中～/512710-5_Dt9rh.json	15b1e1f73e23befc1a9ef62602494e9147f047b9	62			[]	
512710-6_Dt9rh	"[""512710""]"	"[""""]"	magireco-translate-data-master/Scenarios_full/event_story/5127 - 欢迎来到谣言水族馆～将回忆寄托在玉手箱中～/512710-6_Dt9rh.json	True	False	pending	92	74fb94cb2352f230271205ba59086c81965d9c6a	magireco-source-master/Scenarios_full/event_story/5127 - 欢迎来到谣言水族馆～将回忆寄托在玉手箱中～/512710-6_Dt9rh.json	7c66a64168f2c4c290f517f29b13acc13e080e28	74			[]	
512710-7_Dt9rh	"[""512710""]"	"[""""]"	magireco-translate-data-master/Scenarios_full/event_story/5127 - 欢迎来到谣言水族馆～将回忆寄托在玉手箱中～/512710-7_Dt9rh.json	True	False	pending	78	884fe1d80aca18a67a92d7b52413f729fed0345d	magireco-source-master/Scenarios_full/event_story/5127 - 欢迎来到谣言水族馆～将回忆寄托在玉手箱中～/512710-7_Dt9rh.json	870c693103b3da1cf3a94174203cb009bb121fa0	65			[]	
512710-8_Dt9rh	"[""512710""]"	"[""""]"	magireco-translate-data-master/Scenarios_full/event_story/5127 - 欢迎来到谣言水族馆～将回忆寄托在玉手箱中～/512710-8_Dt9rh.json	True	False	pending	26	4b869fe966d59e24efbe95f54db0578a413e418b	magireco-source-master/Scenarios_full/event_story/5127 - 欢迎来到谣言水族馆～将回忆寄托在玉手箱中～/512710-8_Dt9rh.json	7f1e6654ec4d95165e84d92110f6b27cc2f7be7c	21			[]	
512710-9_Dt9rh	"[""512710""]"	"[""""]"	magireco-translate-data-master/Scenarios_full/event_story/5127 - 欢迎来到谣言水族馆～将回忆寄托在玉手箱中～/512710-9_Dt9rh.json	True	False	pending	16	c51b51e1a439a9e72baef544eeed4a120c48652d	magireco-source-master/Scenarios_full/event_story/5127 - 欢迎来到谣言水族馆～将回忆寄托在玉手箱中～/512710-9_Dt9rh.json	95950087534f84b9355848efefef424ac7e35429	10			[]	
512720-10_Dt9rh	"[""512720""]"	"[""""]"	magireco-translate-data-master/Scenarios_full/event_story/5127 - 欢迎来到谣言水族馆～将回忆寄托在玉手箱中～/512720-10_Dt9rh.json	True	False	pending	80	98745aa20e00df260a57bc6727fd897491612520	magireco-source-master/Scenarios_full/event_story/5127 - 欢迎来到谣言水族馆～将回忆寄托在玉手箱中～/512720-10_Dt9rh.json	3411d3f069a244de8ecf4ba6cedb00bcb656996a	72			[]	
512720-1_Dt9rh	"[""512720""]"	"[""""]"	magireco-translate-data-master/Scenarios_full/event_story/5127 - 欢迎来到谣言水族馆～将回忆寄托在玉手箱中～/512720-1_Dt9rh.json	True	False	pending	63	f320a665bc867a04b3834ba18e53347cdb1c522e	magireco-source-master/Scenarios_full/event_story/5127 - 欢迎来到谣言水族馆～将回忆寄托在玉手箱中～/512720-1_Dt9rh.json	909fb3098a382c8ada0e63039daadff7cb07da6b	51			[]	
512720-2_Dt9rh	"[""512720""]"	"[""""]"	magireco-translate-data-master/Scenarios_full/event_story/5127 - 欢迎来到谣言水族馆～将回忆寄托在玉手箱中～/512720-2_Dt9rh.json	True	False	pending	58	9c11c54f213edb48932a83c85fff3ea2bec09ccb	magireco-source-master/Scenarios_full/event_story/5127 - 欢迎来到谣言水族馆～将回忆寄托在玉手箱中～/512720-2_Dt9rh.json	8e91c49eb62f099dd57f1ca59bd8bdfe1c9542d3	43			[]	
512720-3_Dt9rh	"[""512720""]"	"[""""]"	magireco-translate-data-master/Scenarios_full/event_story/5127 - 欢迎来到谣言水族馆～将回忆寄托在玉手箱中～/512720-3_Dt9rh.json	True	False	pending	24	d335e69ebe63a26492a29da62ffe3070880e42eb	magireco-source-master/Scenarios_full/event_story/5127 - 欢迎来到谣言水族馆～将回忆寄托在玉手箱中～/512720-3_Dt9rh.json	db3dc43a2b3275b155b21f2b1a7a0b3dd87695f7	24			[]	
512720-4_Dt9rh	"[""512720""]"	"[""""]"	magireco-translate-data-master/Scenarios_full/event_story/5127 - 欢迎来到谣言水族馆～将回忆寄托在玉手箱中～/512720-4_Dt9rh.json	True	False	pending	42	26ae9bd47321ebabf0480786a1e61691c9ed0951	magireco-source-master/Scenarios_full/event_story/5127 - 欢迎来到谣言水族馆～将回忆寄托在玉手箱中～/512720-4_Dt9rh.json	b893ef8554d949754925df69215e270b19c8f273	39			[]	
512720-5_Dt9rh	"[""512720""]"	"[""""]"	magireco-translate-data-master/Scenarios_full/event_story/5127 - 欢迎来到谣言水族馆～将回忆寄托在玉手箱中～/512720-5_Dt9rh.json	True	False	pending	78	362599365587c3e56234f2a168c03c2083f01d14	magireco-source-master/Scenarios_full/event_story/5127 - 欢迎来到谣言水族馆～将回忆寄托在玉手箱中～/512720-5_Dt9rh.json	535065dd7cd3688d713358da7506554944898b33	66			[]	
512720-6_Dt9rh	"[""512720""]"	"[""""]"	magireco-translate-data-master/Scenarios_full/event_story/5127 - 欢迎来到谣言水族馆～将回忆寄托在玉手箱中～/512720-6_Dt9rh.json	True	False	pending	68	940868eefe31cfabb5365c0dc4f9b3dab7923f98	magireco-source-master/Scenarios_full/event_story/5127 - 欢迎来到谣言水族馆～将回忆寄托在玉手箱中～/512720-6_Dt9rh.json	6376d4cf2c0db121f792ce16ea87ceee8f000cc3	56			[]	
512720-7_Dt9rh	"[""512720""]"	"[""""]"	magireco-translate-data-master/Scenarios_full/event_story/5127 - 欢迎来到谣言水族馆～将回忆寄托在玉手箱中～/512720-7_Dt9rh.json	True	False	pending	37	ffca3cd1be0436e89f9accafb606133819af54ec	magireco-source-master/Scenarios_full/event_story/5127 - 欢迎来到谣言水族馆～将回忆寄托在玉手箱中～/512720-7_Dt9rh.json	02f6b49061fd7cdfa4bf6e7105ff6b11d8a7dcae	32			[]	
512720-8_Dt9rh	"[""512720""]"	"[""""]"	magireco-translate-data-master/Scenarios_full/event_story/5127 - 欢迎来到谣言水族馆～将回忆寄托在玉手箱中～/512720-8_Dt9rh.json	True	False	pending	64	2217f6f243429739a08662ea39bd5698253d1338	magireco-source-master/Scenarios_full/event_story/5127 - 欢迎来到谣言水族馆～将回忆寄托在玉手箱中～/512720-8_Dt9rh.json	2dbe1beca973fe816b4600abbd1b4c1c0f3debfa	59			[]	
513201-0	"[""513201-09""]"	"[""""]"	magireco-translate-data-master/Scenarios_full/event_story/5132 - 始于反复的梦/513201-0.json	True	False	pending	59	4b8387df8cedb7c4db21f6ec5ca568b2958749cb	magireco-source-master/Scenarios_full/event_story/5132 - 始于反复的梦/513201-0.json	f9165e0760f0a78ed5f7094e992f7f1e03e4be55	47			[]	
513201-1_N0dw3	"[""513201-09""]"	"[""""]"	magireco-translate-data-master/Scenarios_full/event_story/5132 - 始于反复的梦/513201-1_N0dw3.json	True	False	pending	50	98b10f73a5b58012631897a51e249de4f7ef4908	magireco-source-master/Scenarios_full/event_story/5132 - 始于反复的梦/513201-1_N0dw3.json	1d40ecf9c56716e1ebbfcac87c7a0f39c5c086b4	38			[]	
513202-2_N0dw3	"[""513201-09""]"	"[""""]"	magireco-translate-data-master/Scenarios_full/event_story/5132 - 始于反复的梦/513202-2_N0dw3.json	True	False	pending	57	fed8f3d8ea6f482358435821168f3bb52e27b166	magireco-source-master/Scenarios_full/event_story/5132 - 始于反复的梦/513202-2_N0dw3.json	dedeb1a0bfdc5c0db9fcbfec5d7c377679a1c114	42			[]	
513203-3_N0dw3	"[""513201-09""]"	"[""""]"	magireco-translate-data-master/Scenarios_full/event_story/5132 - 始于反复的梦/513203-3_N0dw3.json	True	False	pending	94	3242c8765ea4069e2ec50b6836a6ac674115f9f4	magireco-source-master/Scenarios_full/event_story/5132 - 始于反复的梦/513203-3_N0dw3.json	89e22f5dac63853d4038e60cabb3c31488842b2b	78			[]	
513204-4_N0dw3	"[""513201-09""]"	"[""""]"	magireco-translate-data-master/Scenarios_full/event_story/5132 - 始于反复的梦/513204-4_N0dw3.json	True	False	pending	57	e21253cc1ef02351430259e2e11081fd29b67805	magireco-source-master/Scenarios_full/event_story/5132 - 始于反复的梦/513204-4_N0dw3.json	3c78ee0c9369189adfc3a9082e509dbe39527b65	46			[]	
513205-5_N0dw3	"[""513201-09""]"	"[""""]"	magireco-translate-data-master/Scenarios_full/event_story/5132 - 始于反复的梦/513205-5_N0dw3.json	True	False	pending	111	5e7ca1b267dc1616987578397fa89804fa1a83fd	magireco-source-master/Scenarios_full/event_story/5132 - 始于反复的梦/513205-5_N0dw3.json	cd9fa5a16e6908136e027597feabf5e20d632e92	90			[]	
513206-6_N0dw3	"[""513201-09""]"	"[""""]"	magireco-translate-data-master/Scenarios_full/event_story/5132 - 始于反复的梦/513206-6_N0dw3.json	True	False	pending	62	f10a074769d28023cd6b009bd61478c3fc2313bf	magireco-source-master/Scenarios_full/event_story/5132 - 始于反复的梦/513206-6_N0dw3.json	fdde59e08c08313c04309fc5d573f5e8552625ec	49			[]	
513207-7_N0dw3	"[""513201-09""]"	"[""""]"	magireco-translate-data-master/Scenarios_full/event_story/5132 - 始于反复的梦/513207-7_N0dw3.json	True	False	pending	58	849f02a8d34f149eb85522b3ebecff62230f1c68	magireco-source-master/Scenarios_full/event_story/5132 - 始于反复的梦/513207-7_N0dw3.json	5bf2394d5d9994c82082ca4425926592ead7ec3e	55			[]	
513208-8_N0dw3	"[""513201-09""]"	"[""""]"	magireco-translate-data-master/Scenarios_full/event_story/5132 - 始于反复的梦/513208-8_N0dw3.json	True	False	pending	78	bb2f14e6ce393db0fba37209517624e17bae1826	magireco-source-master/Scenarios_full/event_story/5132 - 始于反复的梦/513208-8_N0dw3.json	d9359376633ee4ac4b88980ba92ce1097632ff69	65			[]	
513209-9_N0dw3	"[""513201-09""]"	"[""""]"	magireco-translate-data-master/Scenarios_full/event_story/5132 - 始于反复的梦/513209-9_N0dw3.json	True	False	pending	65	87d6ca10c0ae8c798c700a254d3b1209a32a3ad3	magireco-source-master/Scenarios_full/event_story/5132 - 始于反复的梦/513209-9_N0dw3.json	12e724eb7d3844a529750f11ab9330a98f07d995	55			[]	
513210-10_N0dw3	"[""513210-19""]"	"[""""]"	magireco-translate-data-master/Scenarios_full/event_story/5132 - 始于反复的梦/513210-10_N0dw3.json	True	False	pending	45	24068854e6e2aa6a9f3bd00a7c466783e76fb80d	magireco-source-master/Scenarios_full/event_story/5132 - 始于反复的梦/513210-10_N0dw3.json	382948125958c0ac7165600c0a612fc3769bf8bb	37			[]	
513211-11_N0dw3	"[""513210-19""]"	"[""""]"	magireco-translate-data-master/Scenarios_full/event_story/5132 - 始于反复的梦/513211-11_N0dw3.json	True	False	pending	39	23782da1798afe1d4465d75a7eb24c0a71552293	magireco-source-master/Scenarios_full/event_story/5132 - 始于反复的梦/513211-11_N0dw3.json	1ad20fb7e3efc1bc7ab7c6667d7d37b952d05285	33			[]	
513212-12_N0dw3	"[""513210-19""]"	"[""""]"	magireco-translate-data-master/Scenarios_full/event_story/5132 - 始于反复的梦/513212-12_N0dw3.json	True	False	pending	52	65871cb809a7d4450422c7b6079e8f7e73f47e32	magireco-source-master/Scenarios_full/event_story/5132 - 始于反复的梦/513212-12_N0dw3.json	8ba508272c9743dbe3593cd632c2cdbb9f7f9bea	36			[]	
513213-13_N0dw3	"[""513210-19""]"	"[""""]"	magireco-translate-data-master/Scenarios_full/event_story/5132 - 始于反复的梦/513213-13_N0dw3.json	True	False	pending	52	60985d64524220a208ef6806db59627e89d17186	magireco-source-master/Scenarios_full/event_story/5132 - 始于反复的梦/513213-13_N0dw3.json	2a0cebca08e8d814bdeae1380082cb55b87d8840	48			[]	
513214-14_N0dw3	"[""513210-19""]"	"[""""]"	magireco-translate-data-master/Scenarios_full/event_story/5132 - 始于反复的梦/513214-14_N0dw3.json	True	False	pending	55	39315acf7caf80f34df451d0feed922f932f6b1f	magireco-source-master/Scenarios_full/event_story/5132 - 始于反复的梦/513214-14_N0dw3.json	d9c5afcbce5aa49d18899459f0d5b5fe2d5a621c	45			[]	
513215-15_N0dw3	"[""513210-19""]"	"[""""]"	magireco-translate-data-master/Scenarios_full/event_story/5132 - 始于反复的梦/513215-15_N0dw3.json	True	False	pending	60	f584c3781f667d044b94b0e10d9f974b78c48511	magireco-source-master/Scenarios_full/event_story/5132 - 始于反复的梦/513215-15_N0dw3.json	b9e32037788ce19e5a0fd100ecb68de14f4af702	49			[]	
513216-16_N0dw3	"[""513210-19""]"	"[""""]"	magireco-translate-data-master/Scenarios_full/event_story/5132 - 始于反复的梦/513216-16_N0dw3.json	True	False	pending	47	cd1c99098525e103b304e63a9f54f535f0ae98bf	magireco-source-master/Scenarios_full/event_story/5132 - 始于反复的梦/513216-16_N0dw3.json	a5a5004c7e8d8b2cc7788575cd04e5d941e660aa	37			[]	
513217-17_N0dw3	"[""513210-19""]"	"[""""]"	magireco-translate-data-master/Scenarios_full/event_story/5132 - 始于反复的梦/513217-17_N0dw3.json	True	False	pending	45	94506a935e19c8bdde2953032c87a22f2e369581	magireco-source-master/Scenarios_full/event_story/5132 - 始于反复的梦/513217-17_N0dw3.json	e4c245163c4818019ffa252ece5ed612c1dd6f11	38			[]	
513218-18_N0dw3	"[""513210-19""]"	"[""""]"	magireco-translate-data-master/Scenarios_full/event_story/5132 - 始于反复的梦/513218-18_N0dw3.json	True	False	pending	29	ea68fd5ac99287055f5f0d9acd9172a52fa5ab64	magireco-source-master/Scenarios_full/event_story/5132 - 始于反复的梦/513218-18_N0dw3.json	343d468e0ed31876de7bff1e42880dfee9438bfc	22			[]	
513219-19_N0dw3	"[""513210-19""]"	"[""""]"	magireco-translate-data-master/Scenarios_full/event_story/5132 - 始于反复的梦/513219-19_N0dw3.json	True	False	pending	60	04caffd4b6346cb21b69269ce69a01adce438d37	magireco-source-master/Scenarios_full/event_story/5132 - 始于反复的梦/513219-19_N0dw3.json	198c37e82a57cf92c990d22539f2550a7bf258bb	48			[]	
513220-20_N0dw3	"[""513220-29""]"	"[""""]"	magireco-translate-data-master/Scenarios_full/event_story/5132 - 始于反复的梦/513220-20_N0dw3.json	True	False	pending	82	e35d1e47bf8102d19c9da3986a8cc2be3e92acd5	magireco-source-master/Scenarios_full/event_story/5132 - 始于反复的梦/513220-20_N0dw3.json	8f6489975ae428301b53d823ccaf00ca92033904	65			[]	
513221-21_N0dw3	"[""513220-29""]"	"[""""]"	magireco-translate-data-master/Scenarios_full/event_story/5132 - 始于反复的梦/513221-21_N0dw3.json	True	False	pending	36	ef52081b43632d9c5627bbc907c5de11f0084b0c	magireco-source-master/Scenarios_full/event_story/5132 - 始于反复的梦/513221-21_N0dw3.json	a88f2923c1c592020a936c7ac157c657919dbba9	28			[]	
513222-22_N0dw3	"[""513220-29""]"	"[""""]"	magireco-translate-data-master/Scenarios_full/event_story/5132 - 始于反复的梦/513222-22_N0dw3.json	True	False	pending	62	d042d640e14560fcce89234d45c3ee4180b3ae32	magireco-source-master/Scenarios_full/event_story/5132 - 始于反复的梦/513222-22_N0dw3.json	81895b0062a69b783d8d168138d6626b26efd995	49			[]	
513223-23_N0dw3	"[""513220-29""]"	"[""""]"	magireco-translate-data-master/Scenarios_full/event_story/5132 - 始于反复的梦/513223-23_N0dw3.json	True	False	pending	57	b7bb9171f057ef0d43366c554c7d7b5c131acd5a	magireco-source-master/Scenarios_full/event_story/5132 - 始于反复的梦/513223-23_N0dw3.json	77e36d470f6c4ae969b826fe51530e43cb7b4000	47			[]	
513224-24_N0dw3	"[""513220-29""]"	"[""""]"	magireco-translate-data-master/Scenarios_full/event_story/5132 - 始于反复的梦/513224-24_N0dw3.json	True	False	pending	68	a9340cf429e20758683324e16d57a8a83e985f69	magireco-source-master/Scenarios_full/event_story/5132 - 始于反复的梦/513224-24_N0dw3.json	9d8dfb222525e2e839549520a2c606f9208d328b	53			[]	
513225-25_N0dw3	"[""513220-29""]"	"[""""]"	magireco-translate-data-master/Scenarios_full/event_story/5132 - 始于反复的梦/513225-25_N0dw3.json	True	False	pending	64	c1d34b566ee143ffdca33282930640b5e11f6a6e	magireco-source-master/Scenarios_full/event_story/5132 - 始于反复的梦/513225-25_N0dw3.json	9ddd7b17a334685b1835194ea306ecc4b6425838	51			[]	
513226-26_N0dw3	"[""513220-29""]"	"[""""]"	magireco-translate-data-master/Scenarios_full/event_story/5132 - 始于反复的梦/513226-26_N0dw3.json	True	False	pending	48	87f091bed41ef207e5687661a7f252efd239b6d5	magireco-source-master/Scenarios_full/event_story/5132 - 始于反复的梦/513226-26_N0dw3.json	4de64c5c18bffc8a0bf376cd0a09aa08259dc8a1	40			[]	
513227-27_N0dw3	"[""513220-29""]"	"[""""]"	magireco-translate-data-master/Scenarios_full/event_story/5132 - 始于反复的梦/513227-27_N0dw3.json	True	False	pending	60	43684682789aa4fb8714f34e6c33f9e7cb542d4a	magireco-source-master/Scenarios_full/event_story/5132 - 始于反复的梦/513227-27_N0dw3.json	4c332d7f4083a4d44ad5d3c7e00cb8eabfab720c	49			[]	
513228-28_N0dw3	"[""513220-29""]"	"[""""]"	magireco-translate-data-master/Scenarios_full/event_story/5132 - 始于反复的梦/513228-28_N0dw3.json	True	False	pending	55	987962b174e28e01a97b2ba8c09016ca080749c1	magireco-source-master/Scenarios_full/event_story/5132 - 始于反复的梦/513228-28_N0dw3.json	cddd5c9655434a0572787e886af0b3435bc66622	46			[]	
513229-29_N0dw3	"[""513220-29""]"	"[""""]"	magireco-translate-data-master/Scenarios_full/event_story/5132 - 始于反复的梦/513229-29_N0dw3.json	True	False	pending	57	ee9921607d11a4ddb0b01977ba31daea045e8087	magireco-source-master/Scenarios_full/event_story/5132 - 始于反复的梦/513229-29_N0dw3.json	2b3654a1569dae100e596369565f23227aa5dece	47			[]	
513251-51_wFvmE	"[""513251-59""]"	"[""""]"	magireco-translate-data-master/Scenarios_full/event_story/5132 - 始于反复的梦/513251-51_wFvmE.json	True	False	pending	71	d84c27d85bdc8836c5e92fa80ca46b353d638dca	magireco-source-master/Scenarios_full/event_story/5132 - 始于反复的梦/513251-51_wFvmE.json	742ff1a460e3cae3afde017750813bdbbbbb3e58	52			[]	
513252-52_wFvmE	"[""513251-59""]"	"[""""]"	magireco-translate-data-master/Scenarios_full/event_story/5132 - 始于反复的梦/513252-52_wFvmE.json	True	False	pending	50	8ddeafd9bcfac4843aac9db95c99ee18e79a688f	magireco-source-master/Scenarios_full/event_story/5132 - 始于反复的梦/513252-52_wFvmE.json	cc36bc72ee8f1e8d06d7ede0f82bf6ae888bf0d4	40			[]	
513253-53_wFvmE	"[""513251-59""]"	"[""""]"	magireco-translate-data-master/Scenarios_full/event_story/5132 - 始于反复的梦/513253-53_wFvmE.json	True	False	pending	53	42d4c25f4caf9ef5345183ed2779dc6496a4bbd1	magireco-source-master/Scenarios_full/event_story/5132 - 始于反复的梦/513253-53_wFvmE.json	fc013b548bdc6fb3dab77874888172bd428cca13	41			[]	
513254-54_wFvmE	"[""513251-59""]"	"[""""]"	magireco-translate-data-master/Scenarios_full/event_story/5132 - 始于反复的梦/513254-54_wFvmE.json	True	False	pending	56	6eee357c08709c1072e189e5e5d62d73681f30b7	magireco-source-master/Scenarios_full/event_story/5132 - 始于反复的梦/513254-54_wFvmE.json	35c5ea9ac54c800111d44ae8328b768602f5a7b7	47			[]	
513255-55_wFvmE	"[""513251-59""]"	"[""""]"	magireco-translate-data-master/Scenarios_full/event_story/5132 - 始于反复的梦/513255-55_wFvmE.json	True	False	pending	44	d903979cbc6031a0b918dd7f0a679484fc47f6eb	magireco-source-master/Scenarios_full/event_story/5132 - 始于反复的梦/513255-55_wFvmE.json	ace76ae1e0ddfcedeb1223ff63c11e8aac46adb2	36			[]	
513256-56_wFvmE	"[""513251-59""]"	"[""""]"	magireco-translate-data-master/Scenarios_full/event_story/5132 - 始于反复的梦/513256-56_wFvmE.json	True	False	pending	47	d32a48fdb962ec5c40f26dda05a09315afa90cdc	magireco-source-master/Scenarios_full/event_story/5132 - 始于反复的梦/513256-56_wFvmE.json	1146fac0223ac15ecab4589d097b7e9c254b8157	37			[]	
513257-57_wFvmE	"[""513251-59""]"	"[""""]"	magireco-translate-data-master/Scenarios_full/event_story/5132 - 始于反复的梦/513257-57_wFvmE.json	True	False	pending	26	c2f9e4f0676e80575961eb32e9bb6ad2b584a1f0	magireco-source-master/Scenarios_full/event_story/5132 - 始于反复的梦/513257-57_wFvmE.json	2e9b31d6c328841a10b0269da19f637f4bedff06	22			[]	
513258-58_wFvmE	"[""513251-59""]"	"[""""]"	magireco-translate-data-master/Scenarios_full/event_story/5132 - 始于反复的梦/513258-58_wFvmE.json	True	False	pending	52	06f0f037420cf3b873c097834eef80cf39631ed2	magireco-source-master/Scenarios_full/event_story/5132 - 始于反复的梦/513258-58_wFvmE.json	dd54d32eab071680db255ac6949e9251b39841b6	43			[]	
513259-59_wFvmE	"[""513251-59""]"	"[""""]"	magireco-translate-data-master/Scenarios_full/event_story/5132 - 始于反复的梦/513259-59_wFvmE.json	True	False	pending	22	99b9aca1491e175755f4ce2bdc18635d291c9553	magireco-source-master/Scenarios_full/event_story/5132 - 始于反复的梦/513259-59_wFvmE.json	566094415432618d6fa382a3c1a1ae362ffe37b0	19			[]	
513260-60_wFvmE	"[""513260-69""]"	"[""""]"	magireco-translate-data-master/Scenarios_full/event_story/5132 - 始于反复的梦/513260-60_wFvmE.json	True	False	pending	25	be50502f27645d925c8bb4e007622be782c40364	magireco-source-master/Scenarios_full/event_story/5132 - 始于反复的梦/513260-60_wFvmE.json	21592015b285059a0f9a8785f3fd0b9afa66ed33	22			[]	
513262-62_wFvmE	"[""513260-69""]"	"[""""]"	magireco-translate-data-master/Scenarios_full/event_story/5132 - 始于反复的梦/513262-62_wFvmE.json	True	False	pending	49	ac45007e98a4964c543ed10e29634a503a78e8a4	magireco-source-master/Scenarios_full/event_story/5132 - 始于反复的梦/513262-62_wFvmE.json	b747c87173b590d6e2bdc9ce7b1f6893dc1b0b64	43			[]	
513263-63_wFvmE	"[""513260-69""]"	"[""""]"	magireco-translate-data-master/Scenarios_full/event_story/5132 - 始于反复的梦/513263-63_wFvmE.json	True	False	pending	76	09d700ad1e4df94a6a9f8d6a1e24cd9242263315	magireco-source-master/Scenarios_full/event_story/5132 - 始于反复的梦/513263-63_wFvmE.json	0a8aa3a6c2cb9299df91eeb439d49987412c667e	66			[]	
513264-64_wFvmE	"[""513260-69""]"	"[""""]"	magireco-translate-data-master/Scenarios_full/event_story/5132 - 始于反复的梦/513264-64_wFvmE.json	True	False	pending	50	98975906c706a97db90ca55c5b75fb3e1866f8bb	magireco-source-master/Scenarios_full/event_story/5132 - 始于反复的梦/513264-64_wFvmE.json	a3f5c3128e55a414e20e8e126b9aa42a2578f69a	46			[]	
513265-65_wFvmE	"[""513260-69""]"	"[""""]"	magireco-translate-data-master/Scenarios_full/event_story/5132 - 始于反复的梦/513265-65_wFvmE.json	True	False	pending	70	603786c0806a877a9fb9ecddfae28233737c82a3	magireco-source-master/Scenarios_full/event_story/5132 - 始于反复的梦/513265-65_wFvmE.json	a86adac50fd2c94ba6d9b27f4bbed8f272219552	54			[]	
513266-66_wFvmE	"[""513260-69""]"	"[""""]"	magireco-translate-data-master/Scenarios_full/event_story/5132 - 始于反复的梦/513266-66_wFvmE.json	True	False	pending	25	b8a185bc999f84ac976df377c9056200edf0d119	magireco-source-master/Scenarios_full/event_story/5132 - 始于反复的梦/513266-66_wFvmE.json	7072f6d9573cdbf28bc881649b6bf8f3a90e9073	20			[]	
513267-67_wFvmE	"[""513260-69""]"	"[""""]"	magireco-translate-data-master/Scenarios_full/event_story/5132 - 始于反复的梦/513267-67_wFvmE.json	True	False	pending	45	5226ff10be8dbfd85bc5e1089eb9e9f82dec668f	magireco-source-master/Scenarios_full/event_story/5132 - 始于反复的梦/513267-67_wFvmE.json	f6b2db6a5b84bb70bde53588be5a2c50dcbbde7c	40			[]	
513268-68_wFvmE	"[""513260-69""]"	"[""""]"	magireco-translate-data-master/Scenarios_full/event_story/5132 - 始于反复的梦/513268-68_wFvmE.json	True	False	pending	71	0963024b572b3cf6c07e4ab14342889fed050617	magireco-source-master/Scenarios_full/event_story/5132 - 始于反复的梦/513268-68_wFvmE.json	918fda3039786e5c381e443c8b2984313137d7bb	57			[]	
513269-69_wFvmE	"[""513260-69""]"	"[""""]"	magireco-translate-data-master/Scenarios_full/event_story/5132 - 始于反复的梦/513269-69_wFvmE.json	True	False	pending	73	b6de4782353dcd1ef00a300ce49d058473f28580	magireco-source-master/Scenarios_full/event_story/5132 - 始于反复的梦/513269-69_wFvmE.json	0a6a88158b1eb9e1c756af23fb61a64cddcf8290	59			[]	
513270-70_wFvmE	"[""513270-71""]"	"[""""]"	magireco-translate-data-master/Scenarios_full/event_story/5132 - 始于反复的梦/513270-70_wFvmE.json	True	False	pending	68	0e53171c4d8401493c02c02ea388ad25d1ecc1ee	magireco-source-master/Scenarios_full/event_story/5132 - 始于反复的梦/513270-70_wFvmE.json	e6d87343bb2b41709449d9536992582f2296530a	64			[]	
513271-71_wFvmE	"[""513270-71""]"	"[""""]"	magireco-translate-data-master/Scenarios_full/event_story/5132 - 始于反复的梦/513271-71_wFvmE.json	True	False	pending	79	976266de9514ccdfef0e647f45c08084768bd71a	magireco-source-master/Scenarios_full/event_story/5132 - 始于反复的梦/513271-71_wFvmE.json	3570c6a33eee0e55f61714b496906f50024cc173	66			[]	
513510-0	"[""513510""]"	"[""""]"	magireco-translate-data-master/Scenarios_full/event_story/5135 - 镜中映出的真正的我/513510-0.json	True	False	pending	39	806c13f90a2106d5b9f999ac5ea1da0937ff3eed	magireco-source-master/Scenarios_full/event_story/5135 - 镜中映出的真正的我/513510-0.json	32c282bd01d0808d6f258c0c6a69cacad1592578	30			[]	
513510-10_QO3gc	"[""513510""]"	"[""""]"	magireco-translate-data-master/Scenarios_full/event_story/5135 - 镜中映出的真正的我/513510-10_QO3gc.json	True	False	pending	60	0cf6a9cf86efc8147c72082521d41f48cc399099	magireco-source-master/Scenarios_full/event_story/5135 - 镜中映出的真正的我/513510-10_QO3gc.json	490100fc1f85880b17af2dac6fd1ebe03a8112ed	53			[]	
513510-1_QO3gc	"[""513510""]"	"[""""]"	magireco-translate-data-master/Scenarios_full/event_story/5135 - 镜中映出的真正的我/513510-1_QO3gc.json	True	False	pending	54	5355de59c52815d1d26a41359f9a3179211d6ad0	magireco-source-master/Scenarios_full/event_story/5135 - 镜中映出的真正的我/513510-1_QO3gc.json	49c2bf2b8a8e85dd2846f5a4f50183a7361ba78c	48			[]	
513510-2_QO3gc	"[""513510""]"	"[""""]"	magireco-translate-data-master/Scenarios_full/event_story/5135 - 镜中映出的真正的我/513510-2_QO3gc.json	True	False	pending	74	e9ea0aee0ff931cf85eca28ec4997e045c1fb07f	magireco-source-master/Scenarios_full/event_story/5135 - 镜中映出的真正的我/513510-2_QO3gc.json	257fff8eb83e0e358e985bd3b524786ed781ef06	59			[]	
513510-3_QO3gc	"[""513510""]"	"[""""]"	magireco-translate-data-master/Scenarios_full/event_story/5135 - 镜中映出的真正的我/513510-3_QO3gc.json	True	False	pending	59	271ad24cae30b4e1354624672dd8ccb73c0d6102	magireco-source-master/Scenarios_full/event_story/5135 - 镜中映出的真正的我/513510-3_QO3gc.json	6e92d373e43eb2f091c30a8e0cad4f9f74d6047a	50			[]	
513510-4_QO3gc	"[""513510""]"	"[""""]"	magireco-translate-data-master/Scenarios_full/event_story/5135 - 镜中映出的真正的我/513510-4_QO3gc.json	True	False	pending	58	e82b715ba0e9aa6199848d1a2fba0d194f352247	magireco-source-master/Scenarios_full/event_story/5135 - 镜中映出的真正的我/513510-4_QO3gc.json	b5f2dfa9c86037050c9629e391368448af9e053f	54			[]	
513510-5_QO3gc	"[""513510""]"	"[""""]"	magireco-translate-data-master/Scenarios_full/event_story/5135 - 镜中映出的真正的我/513510-5_QO3gc.json	True	False	pending	49	d81f8c3c2cd78d61cc1ff41e1617adbfbdf9bb5b	magireco-source-master/Scenarios_full/event_story/5135 - 镜中映出的真正的我/513510-5_QO3gc.json	5d3c042554bb5a8ef89b69e474a5cca10c36516e	39			[]	
513510-6_QO3gc	"[""513510""]"	"[""""]"	magireco-translate-data-master/Scenarios_full/event_story/5135 - 镜中映出的真正的我/513510-6_QO3gc.json	True	False	pending	63	16ed2751699fe586b647b4dd37a1e041607be18a	magireco-source-master/Scenarios_full/event_story/5135 - 镜中映出的真正的我/513510-6_QO3gc.json	5a662c8fadf06f5280f67996ed96d816dc021504	55			[]	
513510-7_QO3gc	"[""513510""]"	"[""""]"	magireco-translate-data-master/Scenarios_full/event_story/5135 - 镜中映出的真正的我/513510-7_QO3gc.json	True	False	pending	83	b8f487632bcec5ed54e8e09c85811341791d6598	magireco-source-master/Scenarios_full/event_story/5135 - 镜中映出的真正的我/513510-7_QO3gc.json	af327c86d0165f14f8aca5157ab370c4ce57a4f9	72			[]	
513510-8_QO3gc	"[""513510""]"	"[""""]"	magireco-translate-data-master/Scenarios_full/event_story/5135 - 镜中映出的真正的我/513510-8_QO3gc.json	True	False	pending	49	545882b1ec14d9132335888c7ffb6c08e86ee4f3	magireco-source-master/Scenarios_full/event_story/5135 - 镜中映出的真正的我/513510-8_QO3gc.json	649e93b14302375eef7c94f931e8ee1ec3764788	39			[]	
513510-9_QO3gc	"[""513510""]"	"[""""]"	magireco-translate-data-master/Scenarios_full/event_story/5135 - 镜中映出的真正的我/513510-9_QO3gc.json	True	False	pending	105	7e8c19a04c35b1a4ff20f19148ea55a10f512530	magireco-source-master/Scenarios_full/event_story/5135 - 镜中映出的真正的我/513510-9_QO3gc.json	8060738616f8d95d6c1ac224689fcfc1bd358af3	96			[]	
513520-10_0yByq	"[""513520""]"	"[""""]"	magireco-translate-data-master/Scenarios_full/event_story/5135 - 镜中映出的真正的我/513520-10_0yByq.json	True	False	pending	80	27a50647abe41313363c8699821e210d69846f73	magireco-source-master/Scenarios_full/event_story/5135 - 镜中映出的真正的我/513520-10_0yByq.json	c1a7ac921e1c96f1bef5411d7eb70888dceb08f1	75			[]	
513520-1_0yByq	"[""513520""]"	"[""""]"	magireco-translate-data-master/Scenarios_full/event_story/5135 - 镜中映出的真正的我/513520-1_0yByq.json	True	False	pending	54	0988e1c7d129fd8e6b03a9ff9b5171923397a2b3	magireco-source-master/Scenarios_full/event_story/5135 - 镜中映出的真正的我/513520-1_0yByq.json	3c19347b4753ae8e9e9bf7c2086028e59adbdef9	47			[]	
513520-2_0yByq	"[""513520""]"	"[""""]"	magireco-translate-data-master/Scenarios_full/event_story/5135 - 镜中映出的真正的我/513520-2_0yByq.json	True	False	pending	42	0971902290f5072941514b2091ece35391d40e68	magireco-source-master/Scenarios_full/event_story/5135 - 镜中映出的真正的我/513520-2_0yByq.json	3c1837644810d398b81e6cf1d4c84e707a11acc0	34			[]	
513520-3_0yByq	"[""513520""]"	"[""""]"	magireco-translate-data-master/Scenarios_full/event_story/5135 - 镜中映出的真正的我/513520-3_0yByq.json	True	False	pending	78	b2d42dc42c535d8ce19e43e19f6fa5bfda685da8	magireco-source-master/Scenarios_full/event_story/5135 - 镜中映出的真正的我/513520-3_0yByq.json	b4ff2b0f571e447af5362b3b9651d81cb5686308	68			[]	
513520-4_0yByq	"[""513520""]"	"[""""]"	magireco-translate-data-master/Scenarios_full/event_story/5135 - 镜中映出的真正的我/513520-4_0yByq.json	True	False	pending	94	1bb3542c53c002ac805dabd6bed2ff749c1a8626	magireco-source-master/Scenarios_full/event_story/5135 - 镜中映出的真正的我/513520-4_0yByq.json	daaa463c79acf20ad5c79714f323a932eb9d1230	85			[]	
513520-5_0yByq	"[""513520""]"	"[""""]"	magireco-translate-data-master/Scenarios_full/event_story/5135 - 镜中映出的真正的我/513520-5_0yByq.json	True	False	pending	77	1a3738f1e425d75aca837ece12c1f628c0c742d2	magireco-source-master/Scenarios_full/event_story/5135 - 镜中映出的真正的我/513520-5_0yByq.json	5b62ba7819b7225b7dcb104a1fa69de89e0c545f	65			[]	
513520-6_0yByq	"[""513520""]"	"[""""]"	magireco-translate-data-master/Scenarios_full/event_story/5135 - 镜中映出的真正的我/513520-6_0yByq.json	True	False	pending	56	eeb8640f691eb32ee2faabb5f99b23125a6be0f5	magireco-source-master/Scenarios_full/event_story/5135 - 镜中映出的真正的我/513520-6_0yByq.json	88492dbba9b1ef1fa3452efa04b451b2ab50d3e1	48			[]	
513520-7_0yByq	"[""513520""]"	"[""""]"	magireco-translate-data-master/Scenarios_full/event_story/5135 - 镜中映出的真正的我/513520-7_0yByq.json	True	False	pending	58	deb4050dbbb0a799d4f8265bae69900fc1d19b4b	magireco-source-master/Scenarios_full/event_story/5135 - 镜中映出的真正的我/513520-7_0yByq.json	e6f2cf634f92d964220200fa9f61a7c78242ac61	51			[]	
513520-8_0yByq	"[""513520""]"	"[""""]"	magireco-translate-data-master/Scenarios_full/event_story/5135 - 镜中映出的真正的我/513520-8_0yByq.json	True	False	pending	92	e49a657f089a10350c25d59fe14f17adfa488151	magireco-source-master/Scenarios_full/event_story/5135 - 镜中映出的真正的我/513520-8_0yByq.json	4401d7f7d0537971c423cc0d32b243ddfa30762d	78			[]	
513520-9_0yByq	"[""513520""]"	"[""""]"	magireco-translate-data-master/Scenarios_full/event_story/5135 - 镜中映出的真正的我/513520-9_0yByq.json	True	False	pending	99	b523c02b4c0aedbcb9712955dfbcd6be24c5d6c0	magireco-source-master/Scenarios_full/event_story/5135 - 镜中映出的真正的我/513520-9_0yByq.json	3e9ae680176ee8a73437d367ebdfcbc9c8eb28e6	87			[]	
513720-10_AfN4E	"[""513720""]"	"[""""]"	magireco-translate-data-master/Scenarios_full/event_story/5137 - 梶叶传说故事～让摇曳的思绪，在重叠中更迷人～/513720-10_AfN4E.json	True	False	pending	53	4af8519cd1edd017e92f85f87b4c444bb234d78f	magireco-source-master/Scenarios_full/event_story/5137 - 梶叶传说故事～让摇曳的思绪，在重叠中更迷人～/513720-10_AfN4E.json	7b5eda2d79b10e9f4e1bb4341d15d4890fee50ce	42			[]	
513720-1_AfN4E	"[""513720""]"	"[""""]"	magireco-translate-data-master/Scenarios_full/event_story/5137 - 梶叶传说故事～让摇曳的思绪，在重叠中更迷人～/513720-1_AfN4E.json	True	False	pending	37	4bec8bceeff2852a0889d8cdfc94f43a5645eb62	magireco-source-master/Scenarios_full/event_story/5137 - 梶叶传说故事～让摇曳的思绪，在重叠中更迷人～/513720-1_AfN4E.json	fe89fc99a05e16ed352739f2b773276dc2e366e5	24			[]	
513720-2_AfN4E	"[""513720""]"	"[""""]"	magireco-translate-data-master/Scenarios_full/event_story/5137 - 梶叶传说故事～让摇曳的思绪，在重叠中更迷人～/513720-2_AfN4E.json	True	False	pending	51	f2545ad5475ed561e9c0e4167b26a0448a0073e2	magireco-source-master/Scenarios_full/event_story/5137 - 梶叶传说故事～让摇曳的思绪，在重叠中更迷人～/513720-2_AfN4E.json	bc139dbb2a9189e2f139adccf5f56336b308fa70	42			[]	
513720-3_AfN4E	"[""513720""]"	"[""""]"	magireco-translate-data-master/Scenarios_full/event_story/5137 - 梶叶传说故事～让摇曳的思绪，在重叠中更迷人～/513720-3_AfN4E.json	True	False	pending	60	ff009fadb2de13d3343c88809a2ecbe2f07e2016	magireco-source-master/Scenarios_full/event_story/5137 - 梶叶传说故事～让摇曳的思绪，在重叠中更迷人～/513720-3_AfN4E.json	d066672f7f2a95196b15d00ebe04dfb7480f2281	47			[]	
513720-4_AfN4E	"[""513720""]"	"[""""]"	magireco-translate-data-master/Scenarios_full/event_story/5137 - 梶叶传说故事～让摇曳的思绪，在重叠中更迷人～/513720-4_AfN4E.json	True	False	pending	63	40b85aab3c08119c479375e6bf427d45e812e873	magireco-source-master/Scenarios_full/event_story/5137 - 梶叶传说故事～让摇曳的思绪，在重叠中更迷人～/513720-4_AfN4E.json	2c5b66cd427bfbf4735c97cc3550d6f581c7986b	44			[]	
513720-5_AfN4E	"[""513720""]"	"[""""]"	magireco-translate-data-master/Scenarios_full/event_story/5137 - 梶叶传说故事～让摇曳的思绪，在重叠中更迷人～/513720-5_AfN4E.json	True	False	pending	43	7f3b09ec008765ec1e96701ab7ae3e240a024dd6	magireco-source-master/Scenarios_full/event_story/5137 - 梶叶传说故事～让摇曳的思绪，在重叠中更迷人～/513720-5_AfN4E.json	eb28f5f4bb9c50031022c8f38ec7c5bb4f519efb	37			[]	
513720-6_AfN4E	"[""513720""]"	"[""""]"	magireco-translate-data-master/Scenarios_full/event_story/5137 - 梶叶传说故事～让摇曳的思绪，在重叠中更迷人～/513720-6_AfN4E.json	True	False	pending	49	e74d3a360e75d31421f30b44bc50265a768d3a47	magireco-source-master/Scenarios_full/event_story/5137 - 梶叶传说故事～让摇曳的思绪，在重叠中更迷人～/513720-6_AfN4E.json	5e2b88d8edeb357a54c0634ea49897bf2e472c65	40			[]	
513720-7_AfN4E	"[""513720""]"	"[""""]"	magireco-translate-data-master/Scenarios_full/event_story/5137 - 梶叶传说故事～让摇曳的思绪，在重叠中更迷人～/513720-7_AfN4E.json	True	False	pending	38	4153ee2162d5855c8ee42774f0b9832e14d0b667	magireco-source-master/Scenarios_full/event_story/5137 - 梶叶传说故事～让摇曳的思绪，在重叠中更迷人～/513720-7_AfN4E.json	aa873f8542fed9039c058b4467f0511e286bc8c9	21			[]	
513720-8_AfN4E	"[""513720""]"	"[""""]"	magireco-translate-data-master/Scenarios_full/event_story/5137 - 梶叶传说故事～让摇曳的思绪，在重叠中更迷人～/513720-8_AfN4E.json	True	False	pending	53	c77b394f8928b09b0775d1b5ba2b36534dc45c79	magireco-source-master/Scenarios_full/event_story/5137 - 梶叶传说故事～让摇曳的思绪，在重叠中更迷人～/513720-8_AfN4E.json	173fb58da1f14a23cb1f14c19c08ab89386e091a	44			[]	
513720-9_AfN4E	"[""513720""]"	"[""""]"	magireco-translate-data-master/Scenarios_full/event_story/5137 - 梶叶传说故事～让摇曳的思绪，在重叠中更迷人～/513720-9_AfN4E.json	True	False	pending	63	0a56f67423bf999d8dc611712e0e18af32464ad8	magireco-source-master/Scenarios_full/event_story/5137 - 梶叶传说故事～让摇曳的思绪，在重叠中更迷人～/513720-9_AfN4E.json	ac5c6b39767b765e7068b8b52d6c6e8decbf2d38	42			[]	
514110-10_9owUx	"[""514110""]"	"[""""]"	magireco-translate-data-master/Scenarios_full/event_story/5141 - 拜托了结菜小姐～烦恼就交给长女解决吧～/514110-10_9owUx.json	True	False	pending	67	bf8a76de0dabefda7533878417d331e5b0fe125e	magireco-source-master/Scenarios_full/event_story/5141 - 拜托了结菜小姐～烦恼就交给长女解决吧～/514110-10_9owUx.json	a8b14e0f6289970aa8479f77e6bcf4d6320eba20	54			[]	
514110-1_9owUx	"[""514110""]"	"[""""]"	magireco-translate-data-master/Scenarios_full/event_story/5141 - 拜托了结菜小姐～烦恼就交给长女解决吧～/514110-1_9owUx.json	True	False	pending	51	1c6ed9f829e99c6ddfd7965d140410188ff9fc8f	magireco-source-master/Scenarios_full/event_story/5141 - 拜托了结菜小姐～烦恼就交给长女解决吧～/514110-1_9owUx.json	a907683cf0fe2b302fc77eef85a80a847a997056	39			[]	
514110-2_9owUx	"[""514110""]"	"[""""]"	magireco-translate-data-master/Scenarios_full/event_story/5141 - 拜托了结菜小姐～烦恼就交给长女解决吧～/514110-2_9owUx.json	True	False	pending	45	5287b3e8cbf80bdcb924a7e96de0179b2a9bb0fc	magireco-source-master/Scenarios_full/event_story/5141 - 拜托了结菜小姐～烦恼就交给长女解决吧～/514110-2_9owUx.json	2de1749864edd517cce1d41e1144818ac802b656	34			[]	
514110-3_9owUx	"[""514110""]"	"[""""]"	magireco-translate-data-master/Scenarios_full/event_story/5141 - 拜托了结菜小姐～烦恼就交给长女解决吧～/514110-3_9owUx.json	True	False	pending	62	5e37c673a3f981e3310d4a1a50653c59ecf9b679	magireco-source-master/Scenarios_full/event_story/5141 - 拜托了结菜小姐～烦恼就交给长女解决吧～/514110-3_9owUx.json	8d7eed749028dd2b4fdc5ddb6df3da2cfa862301	49			[]	
514110-4_9owUx	"[""514110""]"	"[""""]"	magireco-translate-data-master/Scenarios_full/event_story/5141 - 拜托了结菜小姐～烦恼就交给长女解决吧～/514110-4_9owUx.json	True	False	pending	64	40e00f18bde5675a74aaf859341de2808327eb4d	magireco-source-master/Scenarios_full/event_story/5141 - 拜托了结菜小姐～烦恼就交给长女解决吧～/514110-4_9owUx.json	30b3382c791c5aa34c215beb5080fc5bb056429f	54			[]	
514110-5_9owUx	"[""514110""]"	"[""""]"	magireco-translate-data-master/Scenarios_full/event_story/5141 - 拜托了结菜小姐～烦恼就交给长女解决吧～/514110-5_9owUx.json	True	False	pending	85	cb1986c1abcfa4d7deba835a1ea28d479d613ea9	magireco-source-master/Scenarios_full/event_story/5141 - 拜托了结菜小姐～烦恼就交给长女解决吧～/514110-5_9owUx.json	6ab60972bbf095298be61220b4301f92debe8653	74			[]	
514110-6_9owUx	"[""514110""]"	"[""""]"	magireco-translate-data-master/Scenarios_full/event_story/5141 - 拜托了结菜小姐～烦恼就交给长女解决吧～/514110-6_9owUx.json	True	False	pending	48	e068938f2f0aa45957ea468344167ab149f1a470	magireco-source-master/Scenarios_full/event_story/5141 - 拜托了结菜小姐～烦恼就交给长女解决吧～/514110-6_9owUx.json	d2a15e8e5989dd667d0041664f3b71ecd1ec0588	44			[]	
514110-7_9owUx	"[""514110""]"	"[""""]"	magireco-translate-data-master/Scenarios_full/event_story/5141 - 拜托了结菜小姐～烦恼就交给长女解决吧～/514110-7_9owUx.json	True	False	pending	60	e7c32dc87f9d09113f01bf996b480cbb01f06859	magireco-source-master/Scenarios_full/event_story/5141 - 拜托了结菜小姐～烦恼就交给长女解决吧～/514110-7_9owUx.json	0820735eb6924ea35e29547e65ecdc6a3351801a	44			[]	
514110-8_9owUx	"[""514110""]"	"[""""]"	magireco-translate-data-master/Scenarios_full/event_story/5141 - 拜托了结菜小姐～烦恼就交给长女解决吧～/514110-8_9owUx.json	True	False	pending	71	37070255f653f2a246f3a82b33ad7c1a00d871d7	magireco-source-master/Scenarios_full/event_story/5141 - 拜托了结菜小姐～烦恼就交给长女解决吧～/514110-8_9owUx.json	54de42892e9a89b90a4a8bf4ec533d7e941235f2	69			[]	
514110-9_9owUx	"[""514110""]"	"[""""]"	magireco-translate-data-master/Scenarios_full/event_story/5141 - 拜托了结菜小姐～烦恼就交给长女解决吧～/514110-9_9owUx.json	True	False	pending	89	5bd4509b3c3f4145dff2767cf3d70afcf53dfae9	magireco-source-master/Scenarios_full/event_story/5141 - 拜托了结菜小姐～烦恼就交给长女解决吧～/514110-9_9owUx.json	f6d1dd9412b380f61235a98c6e1aa3e05c57f3e8	77			[]	
514120-11_CgKmX	"[""514120""]"	"[""""]"	magireco-translate-data-master/Scenarios_full/event_story/5141 - 拜托了结菜小姐～烦恼就交给长女解决吧～/514120-11_CgKmX.json	True	False	pending	45	1abc1434ba1f1316e0cd6de009ab449811f3e107	magireco-source-master/Scenarios_full/event_story/5141 - 拜托了结菜小姐～烦恼就交给长女解决吧～/514120-11_CgKmX.json	661221f7480d660c4ec6ce73dd73cf9027c9fb38	39			[]	
514120-13_CgKmX	"[""514120""]"	"[""""]"	magireco-translate-data-master/Scenarios_full/event_story/5141 - 拜托了结菜小姐～烦恼就交给长女解决吧～/514120-13_CgKmX.json	True	False	pending	42	775d0674fcd62cc65786ba130141462c79995c4b	magireco-source-master/Scenarios_full/event_story/5141 - 拜托了结菜小姐～烦恼就交给长女解决吧～/514120-13_CgKmX.json	680a6ff8388278cac520b3a4c5745e07ed6bf261	36			[]	
514120-14_CgKmX	"[""514120""]"	"[""""]"	magireco-translate-data-master/Scenarios_full/event_story/5141 - 拜托了结菜小姐～烦恼就交给长女解决吧～/514120-14_CgKmX.json	True	False	pending	58	a0f2859b04e97a394963ffb23f204d1fe8e27475	magireco-source-master/Scenarios_full/event_story/5141 - 拜托了结菜小姐～烦恼就交给长女解决吧～/514120-14_CgKmX.json	aeaf54668796122ccde904dda66db7e084e3a20e	38			[]	
514120-15_CgKmX	"[""514120""]"	"[""""]"	magireco-translate-data-master/Scenarios_full/event_story/5141 - 拜托了结菜小姐～烦恼就交给长女解决吧～/514120-15_CgKmX.json	True	False	pending	45	45f7e1d9891fe53fe6eef55d53320aa8e116c034	magireco-source-master/Scenarios_full/event_story/5141 - 拜托了结菜小姐～烦恼就交给长女解决吧～/514120-15_CgKmX.json	68d91b1af647ce7dd1ddce3c9321d942129a63c0	34			[]	
514120-16_CgKmX	"[""514120""]"	"[""""]"	magireco-translate-data-master/Scenarios_full/event_story/5141 - 拜托了结菜小姐～烦恼就交给长女解决吧～/514120-16_CgKmX.json	True	False	pending	53	8e2d03b3c6aaab8c9dee3103e3644eda7c236a83	magireco-source-master/Scenarios_full/event_story/5141 - 拜托了结菜小姐～烦恼就交给长女解决吧～/514120-16_CgKmX.json	daf45ca6e12d97a4a5acd5055a7d5eaea3d99704	42			[]	
514120-17_CgKmX	"[""514120""]"	"[""""]"	magireco-translate-data-master/Scenarios_full/event_story/5141 - 拜托了结菜小姐～烦恼就交给长女解决吧～/514120-17_CgKmX.json	True	False	pending	41	379bd7a7855832af12d2d131293c953df518d008	magireco-source-master/Scenarios_full/event_story/5141 - 拜托了结菜小姐～烦恼就交给长女解决吧～/514120-17_CgKmX.json	6e3789881ea6bd13372ffb4322bf31e7c379e444	35			[]	
514120-18_CgKmX	"[""514120""]"	"[""""]"	magireco-translate-data-master/Scenarios_full/event_story/5141 - 拜托了结菜小姐～烦恼就交给长女解决吧～/514120-18_CgKmX.json	True	False	pending	44	6596df9eed2887440168763dca271dab2bfe347e	magireco-source-master/Scenarios_full/event_story/5141 - 拜托了结菜小姐～烦恼就交给长女解决吧～/514120-18_CgKmX.json	0dd4adea04e1216f126af0d4fea2348e2d86cea1	38			[]	
514120-19_CgKmX	"[""514120""]"	"[""""]"	magireco-translate-data-master/Scenarios_full/event_story/5141 - 拜托了结菜小姐～烦恼就交给长女解决吧～/514120-19_CgKmX.json	True	False	pending	36	ae059c339aac04f9fdf2fe506cf053175cbbb9f2	magireco-source-master/Scenarios_full/event_story/5141 - 拜托了结菜小姐～烦恼就交给长女解决吧～/514120-19_CgKmX.json	7c3dc362154ed3fbf2795293d4114b7a47afc65c	29			[]	
514120-20_CgKmX	"[""514120""]"	"[""""]"	magireco-translate-data-master/Scenarios_full/event_story/5141 - 拜托了结菜小姐～烦恼就交给长女解决吧～/514120-20_CgKmX.json	True	False	pending	86	0ad15b04964f2b089a298116401fba9b8fc56030	magireco-source-master/Scenarios_full/event_story/5141 - 拜托了结菜小姐～烦恼就交给长女解决吧～/514120-20_CgKmX.json	de241549a51066f1dcd4bfc6d3da32eadf915379	72			[]	
514210-0	"[""514210""]"	"[""""]"	magireco-translate-data-master/Scenarios_full/event_story/5142 - 穿越时间的盛宴/514210-0.json	True	False	pending	9	eac41f4a699f4a5bfaf883df461894f4b6da0786	magireco-source-master/Scenarios_full/event_story/5142 - 穿越时间的盛宴/514210-0.json	35764d41d6cb9b33a1898133f6fa2f9333cbddbd	5			[]	
514210-10_jzBJX	"[""514210""]"	"[""""]"	magireco-translate-data-master/Scenarios_full/event_story/5142 - 穿越时间的盛宴/514210-10_jzBJX.json	True	False	pending	100	0dc0ad506dde6428f46278aae1ea2f9b3096a63e	magireco-source-master/Scenarios_full/event_story/5142 - 穿越时间的盛宴/514210-10_jzBJX.json	debefbd76eaabecee85a52cc5f1dbc6820bd6d51	89			[]	
514210-1_jzBJX	"[""514210""]"	"[""""]"	magireco-translate-data-master/Scenarios_full/event_story/5142 - 穿越时间的盛宴/514210-1_jzBJX.json	True	False	pending	77	ce2096689fd138bf76b47b7d97dedb1a71154c77	magireco-source-master/Scenarios_full/event_story/5142 - 穿越时间的盛宴/514210-1_jzBJX.json	919c761f19f5fc4a2d9aecb0321d4e02878e364c	60			[]	
514210-2_jzBJX	"[""514210""]"	"[""""]"	magireco-translate-data-master/Scenarios_full/event_story/5142 - 穿越时间的盛宴/514210-2_jzBJX.json	True	False	pending	67	48028077e1bde229678efc282e7dbfa958f6ab3f	magireco-source-master/Scenarios_full/event_story/5142 - 穿越时间的盛宴/514210-2_jzBJX.json	d021ded8681f10e811bf16864dfe7f89575dc4ae	61			[]	
514210-3_jzBJX	"[""514210""]"	"[""""]"	magireco-translate-data-master/Scenarios_full/event_story/5142 - 穿越时间的盛宴/514210-3_jzBJX.json	True	False	pending	52	229bb8d5898a52f955b126254fd5901c524a89d8	magireco-source-master/Scenarios_full/event_story/5142 - 穿越时间的盛宴/514210-3_jzBJX.json	9f38837e4fc0521e036f638fdce2030d83f306c1	46			[]	
514210-4_jzBJX	"[""514210""]"	"[""""]"	magireco-translate-data-master/Scenarios_full/event_story/5142 - 穿越时间的盛宴/514210-4_jzBJX.json	True	False	pending	42	6b41ec096e9c253681ea2efc243b6eadc68557f3	magireco-source-master/Scenarios_full/event_story/5142 - 穿越时间的盛宴/514210-4_jzBJX.json	9fd63216f64aaa15f2e783d805bf7d252fa8a01c	34			[]	
514210-5_jzBJX	"[""514210""]"	"[""""]"	magireco-translate-data-master/Scenarios_full/event_story/5142 - 穿越时间的盛宴/514210-5_jzBJX.json	True	False	pending	83	65ab14e0e8e4768a4bf6227eb8446da56d26f2fc	magireco-source-master/Scenarios_full/event_story/5142 - 穿越时间的盛宴/514210-5_jzBJX.json	e76ce8f02052f90ed7cedcfecb80029586eb187b	67			[3306]	
514210-6_jzBJX	"[""514210""]"	"[""""]"	magireco-translate-data-master/Scenarios_full/event_story/5142 - 穿越时间的盛宴/514210-6_jzBJX.json	True	False	pending	77	5187a0ca4fd975f529dd9645caf408412bb892b5	magireco-source-master/Scenarios_full/event_story/5142 - 穿越时间的盛宴/514210-6_jzBJX.json	366e26b78aad1f22341a0b068f001a2399cc0404	62			[]	
514210-7_jzBJX	"[""514210""]"	"[""""]"	magireco-translate-data-master/Scenarios_full/event_story/5142 - 穿越时间的盛宴/514210-7_jzBJX.json	True	False	pending	62	35b36bf4f462ed2d0555e6104b7701092e334109	magireco-source-master/Scenarios_full/event_story/5142 - 穿越时间的盛宴/514210-7_jzBJX.json	3b351a101a2b79f62456b43d4fedaea4ee906eb1	52			[]	
514210-8_jzBJX	"[""514210""]"	"[""""]"	magireco-translate-data-master/Scenarios_full/event_story/5142 - 穿越时间的盛宴/514210-8_jzBJX.json	True	False	pending	49	abace0f3614223b068f6f26f710799ed97a66ea0	magireco-source-master/Scenarios_full/event_story/5142 - 穿越时间的盛宴/514210-8_jzBJX.json	a69e8cf3cd64dc754eb6c63a2e86199a62a89417	37			[]	
514210-9_jzBJX	"[""514210""]"	"[""""]"	magireco-translate-data-master/Scenarios_full/event_story/5142 - 穿越时间的盛宴/514210-9_jzBJX.json	True	False	pending	40	6656c7c5e01550cfbfddab631f15b46cb48d8a7a	magireco-source-master/Scenarios_full/event_story/5142 - 穿越时间的盛宴/514210-9_jzBJX.json	f399f243c2b83e6bccaabdbf356cf5a762fc8d77	34			[]	
514220-10_WE1Eb	"[""514220""]"	"[""""]"	magireco-translate-data-master/Scenarios_full/event_story/5142 - 穿越时间的盛宴/514220-10_WE1Eb.json	True	False	pending	82	35c8749e1409b6bc1026b26099f802b04b8643eb	magireco-source-master/Scenarios_full/event_story/5142 - 穿越时间的盛宴/514220-10_WE1Eb.json	1a0d0e034da50a51093e0dc9da4395aac6245375	78			[]	
514220-1_WE1Eb	"[""514220""]"	"[""""]"	magireco-translate-data-master/Scenarios_full/event_story/5142 - 穿越时间的盛宴/514220-1_WE1Eb.json	True	False	pending	91	e83520bc48991777411aadf94a78c9dcd149d909	magireco-source-master/Scenarios_full/event_story/5142 - 穿越时间的盛宴/514220-1_WE1Eb.json	ecbc22ac80e59aaddba7f4c92369e7ca7a9aac76	72			[]	
514220-2_WE1Eb	"[""514220""]"	"[""""]"	magireco-translate-data-master/Scenarios_full/event_story/5142 - 穿越时间的盛宴/514220-2_WE1Eb.json	True	False	pending	79	c38802a365bc4cf0a4c67d59a5ed76d74e7be7db	magireco-source-master/Scenarios_full/event_story/5142 - 穿越时间的盛宴/514220-2_WE1Eb.json	6cc50f196d58eecbf88de0a27f460a136149b9a3	72			[]	
514220-3_WE1Eb	"[""514220""]"	"[""""]"	magireco-translate-data-master/Scenarios_full/event_story/5142 - 穿越时间的盛宴/514220-3_WE1Eb.json	True	False	pending	79	a95e4c3d40d3dc54f4a01ad345b945cec3a28366	magireco-source-master/Scenarios_full/event_story/5142 - 穿越时间的盛宴/514220-3_WE1Eb.json	043f0eb748b154d766f5a6e8b5bb11bf23e30aa3	66			[]	
514220-4_WE1Eb	"[""514220""]"	"[""""]"	magireco-translate-data-master/Scenarios_full/event_story/5142 - 穿越时间的盛宴/514220-4_WE1Eb.json	True	False	pending	69	bf0ad7d9e78ece765b7845b4c4cc174ad10f56e8	magireco-source-master/Scenarios_full/event_story/5142 - 穿越时间的盛宴/514220-4_WE1Eb.json	2bbb9ff6d94f190a37763a1b92ba0c65aafe8804	57			[]	
514220-5_WE1Eb	"[""514220""]"	"[""""]"	magireco-translate-data-master/Scenarios_full/event_story/5142 - 穿越时间的盛宴/514220-5_WE1Eb.json	True	False	pending	81	28b0eaae52d84feed3f73e5a66d76657a5064ccc	magireco-source-master/Scenarios_full/event_story/5142 - 穿越时间的盛宴/514220-5_WE1Eb.json	e3638ae3792e54fa9456aff981587bc6a2f421ca	68			[]	
514220-6_WE1Eb	"[""514220""]"	"[""""]"	magireco-translate-data-master/Scenarios_full/event_story/5142 - 穿越时间的盛宴/514220-6_WE1Eb.json	True	False	pending	96	997f599906e23dcea170017b6fe7eca8c1874745	magireco-source-master/Scenarios_full/event_story/5142 - 穿越时间的盛宴/514220-6_WE1Eb.json	68f41c54e263bd7d6fb3608b3e89b19371847d81	82			[]	
514220-7_WE1Eb	"[""514220""]"	"[""""]"	magireco-translate-data-master/Scenarios_full/event_story/5142 - 穿越时间的盛宴/514220-7_WE1Eb.json	True	False	pending	92	026114ff24a34d88a78937d2e27daf88c36fb02a	magireco-source-master/Scenarios_full/event_story/5142 - 穿越时间的盛宴/514220-7_WE1Eb.json	00cd45c2de1445ae7a854e13e599a4272722673a	77			[]	
514220-8_WE1Eb	"[""514220""]"	"[""""]"	magireco-translate-data-master/Scenarios_full/event_story/5142 - 穿越时间的盛宴/514220-8_WE1Eb.json	True	False	pending	62	fa113fd49715997dbe377de7698f919708dbb92b	magireco-source-master/Scenarios_full/event_story/5142 - 穿越时间的盛宴/514220-8_WE1Eb.json	afcc4ef6762535a4696eab64306691aa3df7e4de	50			[]	
514220-9_WE1Eb	"[""514220""]"	"[""""]"	magireco-translate-data-master/Scenarios_full/event_story/5142 - 穿越时间的盛宴/514220-9_WE1Eb.json	True	False	pending	41	46791ce7b918a57ffe0b04ec26de1f4f7ee4562d	magireco-source-master/Scenarios_full/event_story/5142 - 穿越时间的盛宴/514220-9_WE1Eb.json	b25ca95a00e6e5aeecd20663eaca09e48fee7483	29			[]	
514710-0	"[""514710""]"	"[""""]"	magireco-translate-data-master/Scenarios_full/event_story/5147 - The Cuddly Despairs～魔法少女和美～/514710-0.json	True	False	pending	26	031f520dcd075ed5b8df3c4707fe3f2f27c18591	magireco-source-master/Scenarios_full/event_story/5147 - The Cuddly Despairs～魔法少女和美～/514710-0.json	1c5db41b1001603f4f0cc8c33d1198c65d60f6f3	22			[]	
514710-10_n32PQ	"[""514710""]"	"[""""]"	magireco-translate-data-master/Scenarios_full/event_story/5147 - The Cuddly Despairs～魔法少女和美～/514710-10_n32PQ.json	True	False	pending	40	36b045240b3253d57b9192d496643bb06d0b4b2b	magireco-source-master/Scenarios_full/event_story/5147 - The Cuddly Despairs～魔法少女和美～/514710-10_n32PQ.json	f0f8ff5f4b2fe15e2ffb73e8e9380b87e400fde6	31			[]	
514710-11_n32PQ	"[""514710""]"	"[""""]"	magireco-translate-data-master/Scenarios_full/event_story/5147 - The Cuddly Despairs～魔法少女和美～/514710-11_n32PQ.json	True	False	pending	79	1cc583f2f891a7a0f2a5d98f38ca4ae140cce303	magireco-source-master/Scenarios_full/event_story/5147 - The Cuddly Despairs～魔法少女和美～/514710-11_n32PQ.json	55e6f7ee9a13439bce390ed61a57d97571ba669c	69			[]	
514710-12_n32PQ	"[""514710""]"	"[""""]"	magireco-translate-data-master/Scenarios_full/event_story/5147 - The Cuddly Despairs～魔法少女和美～/514710-12_n32PQ.json	True	False	pending	92	5f91285dc6dee4705ad04be9952cf265698ab228	magireco-source-master/Scenarios_full/event_story/5147 - The Cuddly Despairs～魔法少女和美～/514710-12_n32PQ.json	69dc87dfb1f105213ae71cbc601d47879c60c86c	82			[]	
514710-13_n32PQ	"[""514710""]"	"[""""]"	magireco-translate-data-master/Scenarios_full/event_story/5147 - The Cuddly Despairs～魔法少女和美～/514710-13_n32PQ.json	True	False	pending	49	04929c90d9375f2a6cb2eb2af010fafe2e2c2ffa	magireco-source-master/Scenarios_full/event_story/5147 - The Cuddly Despairs～魔法少女和美～/514710-13_n32PQ.json	04a00eb6a5e7bedda5b5b799a6a5910c9d89b48d	46			[]	
514710-14_n32PQ	"[""514710""]"	"[""""]"	magireco-translate-data-master/Scenarios_full/event_story/5147 - The Cuddly Despairs～魔法少女和美～/514710-14_n32PQ.json	True	False	pending	30	4457c67ee3f31f894c194464ffe7ab966c034ed6	magireco-source-master/Scenarios_full/event_story/5147 - The Cuddly Despairs～魔法少女和美～/514710-14_n32PQ.json	12131d80b778ca95d3c6fa7337f51e322d44df6f	24			[]	
514710-15_n32PQ	"[""514710""]"	"[""""]"	magireco-translate-data-master/Scenarios_full/event_story/5147 - The Cuddly Despairs～魔法少女和美～/514710-15_n32PQ.json	True	False	pending	46	f5448ca99b5db02788c6088aeb9ad2b317ccc866	magireco-source-master/Scenarios_full/event_story/5147 - The Cuddly Despairs～魔法少女和美～/514710-15_n32PQ.json	d691d2dba4bd6df179adf2657c2c47ea7e37a3d4	39			[]	
514710-16_n32PQ	"[""514710""]"	"[""""]"	magireco-translate-data-master/Scenarios_full/event_story/5147 - The Cuddly Despairs～魔法少女和美～/514710-16_n32PQ.json	True	False	pending	34	72d6c27a9d4ba4383f39065eb586ff7d9957ac71	magireco-source-master/Scenarios_full/event_story/5147 - The Cuddly Despairs～魔法少女和美～/514710-16_n32PQ.json	7db026bf9b6acc1474277b45767dd3d218d31a76	34			[]	
514710-17_n32PQ	"[""514710""]"	"[""""]"	magireco-translate-data-master/Scenarios_full/event_story/5147 - The Cuddly Despairs～魔法少女和美～/514710-17_n32PQ.json	True	False	pending	90	e06bc7517e37c5f96f39bd32a852b5d0b16d9a90	magireco-source-master/Scenarios_full/event_story/5147 - The Cuddly Despairs～魔法少女和美～/514710-17_n32PQ.json	f55483260c43abefe25eefef8635a04129136985	86			[]	
514710-18_n32PQ	"[""514710""]"	"[""""]"	magireco-translate-data-master/Scenarios_full/event_story/5147 - The Cuddly Despairs～魔法少女和美～/514710-18_n32PQ.json	True	False	pending	56	b21da08d3605d8ce5153699c3df1053cfe348d3b	magireco-source-master/Scenarios_full/event_story/5147 - The Cuddly Despairs～魔法少女和美～/514710-18_n32PQ.json	9120836cf6ff5a65a9a4f7353d48ceebffa96fc0	44			[]	
514710-1_n32PQ	"[""514710""]"	"[""""]"	magireco-translate-data-master/Scenarios_full/event_story/5147 - The Cuddly Despairs～魔法少女和美～/514710-1_n32PQ.json	True	False	pending	57	710d10f044641cf5df4147270c71063480fbe1a3	magireco-source-master/Scenarios_full/event_story/5147 - The Cuddly Despairs～魔法少女和美～/514710-1_n32PQ.json	2549c566ccef29afe4d77fd93bb7b0a93aa202cb	48			[]	
514710-2_n32PQ	"[""514710""]"	"[""""]"	magireco-translate-data-master/Scenarios_full/event_story/5147 - The Cuddly Despairs～魔法少女和美～/514710-2_n32PQ.json	True	False	pending	98	12bb484d9b13477f24e2626f11d0bd8f2f21feb9	magireco-source-master/Scenarios_full/event_story/5147 - The Cuddly Despairs～魔法少女和美～/514710-2_n32PQ.json	49084e2369a74e8632c12d68c6c1a73bc2ce12d1	85			[]	
514710-3_n32PQ	"[""514710""]"	"[""""]"	magireco-translate-data-master/Scenarios_full/event_story/5147 - The Cuddly Despairs～魔法少女和美～/514710-3_n32PQ.json	True	False	pending	84	dc522c7d417007e4a8a57b3e87c5f960ffe4358e	magireco-source-master/Scenarios_full/event_story/5147 - The Cuddly Despairs～魔法少女和美～/514710-3_n32PQ.json	d0fa5434190a2942c33c265688624640a9cb68a4	75			[]	
514710-4_n32PQ	"[""514710""]"	"[""""]"	magireco-translate-data-master/Scenarios_full/event_story/5147 - The Cuddly Despairs～魔法少女和美～/514710-4_n32PQ.json	True	False	pending	64	9e21bc09e090d85fdd2b9327f01aa027db54ef62	magireco-source-master/Scenarios_full/event_story/5147 - The Cuddly Despairs～魔法少女和美～/514710-4_n32PQ.json	81df41c94537db811e51a8aa77058514ca434478	53			[]	
514710-5_n32PQ	"[""514710""]"	"[""""]"	magireco-translate-data-master/Scenarios_full/event_story/5147 - The Cuddly Despairs～魔法少女和美～/514710-5_n32PQ.json	True	False	pending	61	1530f6e7428d00be6ba53c4cca6eb4dca63d7273	magireco-source-master/Scenarios_full/event_story/5147 - The Cuddly Despairs～魔法少女和美～/514710-5_n32PQ.json	11e6d098dbbdb5a5b6e53bd8104ac871a141eb60	52			[]	
514710-6_n32PQ	"[""514710""]"	"[""""]"	magireco-translate-data-master/Scenarios_full/event_story/5147 - The Cuddly Despairs～魔法少女和美～/514710-6_n32PQ.json	True	False	pending	45	7bf58620af975d8a5e6913f911ed68e3fa585e63	magireco-source-master/Scenarios_full/event_story/5147 - The Cuddly Despairs～魔法少女和美～/514710-6_n32PQ.json	98e382491b8cce63cc801e9bf278bc879c6a9617	39			[]	
514710-7_n32PQ	"[""514710""]"	"[""""]"	magireco-translate-data-master/Scenarios_full/event_story/5147 - The Cuddly Despairs～魔法少女和美～/514710-7_n32PQ.json	True	False	pending	66	9d1ebd93aa9056f3750dab0ed3cfb2bf6e944161	magireco-source-master/Scenarios_full/event_story/5147 - The Cuddly Despairs～魔法少女和美～/514710-7_n32PQ.json	788afa2008192ff48f7686cf49fda7bf20eee0b7	52			[]	
514710-8_n32PQ	"[""514710""]"	"[""""]"	magireco-translate-data-master/Scenarios_full/event_story/5147 - The Cuddly Despairs～魔法少女和美～/514710-8_n32PQ.json	True	False	pending	35	6d0508e2ef1e1167db92f6e1ed179ce03713f00d	magireco-source-master/Scenarios_full/event_story/5147 - The Cuddly Despairs～魔法少女和美～/514710-8_n32PQ.json	45d826fb45f98cbcb632bfd21c3e2c9cf92098ae	30			[]	
514710-9_n32PQ	"[""514710""]"	"[""""]"	magireco-translate-data-master/Scenarios_full/event_story/5147 - The Cuddly Despairs～魔法少女和美～/514710-9_n32PQ.json	True	False	pending	64	977815fce26c74934b294521ffae1f78de3aa926	magireco-source-master/Scenarios_full/event_story/5147 - The Cuddly Despairs～魔法少女和美～/514710-9_n32PQ.json	08b73b7c36fc3b15e16973b643b77659ffc8c3d7	55			[]	
514720-10_iESag	"[""514720""]"	"[""""]"	magireco-translate-data-master/Scenarios_full/event_story/5147 - The Cuddly Despairs～魔法少女和美～/514720-10_iESag.json	True	False	pending	86	e3e4bb7f50b822ec307026461f050fd90d640d2a	magireco-source-master/Scenarios_full/event_story/5147 - The Cuddly Despairs～魔法少女和美～/514720-10_iESag.json	7b69280e2005eecf938fd49a16865fe186e3a1dc	71			[]	
514720-11_iESag	"[""514720""]"	"[""""]"	magireco-translate-data-master/Scenarios_full/event_story/5147 - The Cuddly Despairs～魔法少女和美～/514720-11_iESag.json	True	False	pending	42	f3ff889f6c58412226bf6fa6132c9d5f6fbd3300	magireco-source-master/Scenarios_full/event_story/5147 - The Cuddly Despairs～魔法少女和美～/514720-11_iESag.json	31f7545e4ea8b03829edd76c762e8aee1b1a5ca4	37			[]	
514720-1_iESag	"[""514720""]"	"[""""]"	magireco-translate-data-master/Scenarios_full/event_story/5147 - The Cuddly Despairs～魔法少女和美～/514720-1_iESag.json	True	False	pending	35	1b302fef33216f76130e9ed36069287ab02372af	magireco-source-master/Scenarios_full/event_story/5147 - The Cuddly Despairs～魔法少女和美～/514720-1_iESag.json	5227c32f5d33d8fd34a7dcdaed505c33312ba25a	29			[]	
514720-2_iESag	"[""514720""]"	"[""""]"	magireco-translate-data-master/Scenarios_full/event_story/5147 - The Cuddly Despairs～魔法少女和美～/514720-2_iESag.json	True	False	pending	81	744ae6da2a1dd4128dddf11805d40d1ef7335324	magireco-source-master/Scenarios_full/event_story/5147 - The Cuddly Despairs～魔法少女和美～/514720-2_iESag.json	9d5859de2834dfa8294cdcc295ae9995b412f583	73			[]	
514720-3_iESag	"[""514720""]"	"[""""]"	magireco-translate-data-master/Scenarios_full/event_story/5147 - The Cuddly Despairs～魔法少女和美～/514720-3_iESag.json	True	False	pending	48	aba95121e38fd12443c29ecf464695fb451f7504	magireco-source-master/Scenarios_full/event_story/5147 - The Cuddly Despairs～魔法少女和美～/514720-3_iESag.json	d0cf2c6beca1e20c748c928905c0ed14cf984101	44			[]	
514720-4_iESag	"[""514720""]"	"[""""]"	magireco-translate-data-master/Scenarios_full/event_story/5147 - The Cuddly Despairs～魔法少女和美～/514720-4_iESag.json	True	False	pending	46	4ef454b742907b88b18e75a9bd20ce7ba9c7636a	magireco-source-master/Scenarios_full/event_story/5147 - The Cuddly Despairs～魔法少女和美～/514720-4_iESag.json	b8b909c38a8dabb2c3aaf0b6576e3296fa1092e1	38			[]	
514720-5_iESag	"[""514720""]"	"[""""]"	magireco-translate-data-master/Scenarios_full/event_story/5147 - The Cuddly Despairs～魔法少女和美～/514720-5_iESag.json	True	False	pending	74	a2e3ed2d1e2881570fbc4e0e6f2c62e73016aded	magireco-source-master/Scenarios_full/event_story/5147 - The Cuddly Despairs～魔法少女和美～/514720-5_iESag.json	5bdb65151155db5f68b50b880a9015ba10b88b30	63			[]	
514720-6_iESag	"[""514720""]"	"[""""]"	magireco-translate-data-master/Scenarios_full/event_story/5147 - The Cuddly Despairs～魔法少女和美～/514720-6_iESag.json	True	False	pending	73	850c607c895f43a59d0fe336bf62ad122e92d4b8	magireco-source-master/Scenarios_full/event_story/5147 - The Cuddly Despairs～魔法少女和美～/514720-6_iESag.json	98eb0799c9e222b27839dd598fe24ec91261c80c	71			[]	
514720-7_iESag	"[""514720""]"	"[""""]"	magireco-translate-data-master/Scenarios_full/event_story/5147 - The Cuddly Despairs～魔法少女和美～/514720-7_iESag.json	True	False	pending	87	6511a56ac902638d9c3575ac3c8f38b43055c15a	magireco-source-master/Scenarios_full/event_story/5147 - The Cuddly Despairs～魔法少女和美～/514720-7_iESag.json	6bf6e8d2c757cd2ca32e1f1984779631d6ed58bb	68			[]	
514720-8_iESag	"[""514720""]"	"[""""]"	magireco-translate-data-master/Scenarios_full/event_story/5147 - The Cuddly Despairs～魔法少女和美～/514720-8_iESag.json	True	False	pending	75	2f7792fd1032fcda691d7c7ac57a1ef25ca838db	magireco-source-master/Scenarios_full/event_story/5147 - The Cuddly Despairs～魔法少女和美～/514720-8_iESag.json	d55bdb2c2ed195d5adb4485107d2d34bc801e325	65			[]	
514720-9_iESag	"[""514720""]"	"[""""]"	magireco-translate-data-master/Scenarios_full/event_story/5147 - The Cuddly Despairs～魔法少女和美～/514720-9_iESag.json	True	False	pending	72	73f6b6e43c3038d30f76118f8479ead72e55c7f5	magireco-source-master/Scenarios_full/event_story/5147 - The Cuddly Despairs～魔法少女和美～/514720-9_iESag.json	436e51deb6e80102fabfa1b9a4a0990af5fa6f21	57			[]	
515710-0	"[""515710""]"	"[""""]"	magireco-translate-data-master/Scenarios_full/event_story/5157 - Homecoming～佐仓杏子的3天～/515710-0.json	True	False	pending	29	33f7975445033e6822097ffddc146b65b9afd453	magireco-source-master/Scenarios_full/event_story/5157 - Homecoming～佐仓杏子的3天～/515710-0.json	d348aebc8872ccbd7b8602023ee533f0a79043cb	24			[]	
515710-10_N5rbj	"[""515710""]"	"[""""]"	magireco-translate-data-master/Scenarios_full/event_story/5157 - Homecoming～佐仓杏子的3天～/515710-10_N5rbj.json	True	False	pending	65	d960b12c2dbb4a72dd93da856f3a4d851f9df9da	magireco-source-master/Scenarios_full/event_story/5157 - Homecoming～佐仓杏子的3天～/515710-10_N5rbj.json	4dc0cf7fc2d128d6ae59d8bb198f72ccc78e4c25	57			[]	
515710-11_N5rbj	"[""515710""]"	"[""""]"	magireco-translate-data-master/Scenarios_full/event_story/5157 - Homecoming～佐仓杏子的3天～/515710-11_N5rbj.json	True	False	pending	76	a36194f68b0b9c12ec1bbca2b952a9ebb610bca1	magireco-source-master/Scenarios_full/event_story/5157 - Homecoming～佐仓杏子的3天～/515710-11_N5rbj.json	b0b96717a901d4a5d0e606fa894465d629671fd7	66			[]	
515710-1_N5rbj	"[""515710""]"	"[""""]"	magireco-translate-data-master/Scenarios_full/event_story/5157 - Homecoming～佐仓杏子的3天～/515710-1_N5rbj.json	True	False	pending	76	e6f99d1b89d7d65cbfbb8f89f339d90607240339	magireco-source-master/Scenarios_full/event_story/5157 - Homecoming～佐仓杏子的3天～/515710-1_N5rbj.json	9a4f7e0efa90e0dcab282bc5803b143f4b978ff2	61			[]	
515710-2_N5rbj	"[""515710""]"	"[""""]"	magireco-translate-data-master/Scenarios_full/event_story/5157 - Homecoming～佐仓杏子的3天～/515710-2_N5rbj.json	True	False	pending	30	7caa5af8c87cfa5842876a6f0a9816c20fb605d9	magireco-source-master/Scenarios_full/event_story/5157 - Homecoming～佐仓杏子的3天～/515710-2_N5rbj.json	d059f8cdccb4f99b31abbc709f601718e965ce85	26			[]	
515710-3_N5rbj	"[""515710""]"	"[""""]"	magireco-translate-data-master/Scenarios_full/event_story/5157 - Homecoming～佐仓杏子的3天～/515710-3_N5rbj.json	True	False	pending	96	e00e440111f4c4e23a62c5b92f2168e25b553370	magireco-source-master/Scenarios_full/event_story/5157 - Homecoming～佐仓杏子的3天～/515710-3_N5rbj.json	80d1040123fc0df864fa78026e1579abe1fb0127	83			[]	
515710-4_N5rbj	"[""515710""]"	"[""""]"	magireco-translate-data-master/Scenarios_full/event_story/5157 - Homecoming～佐仓杏子的3天～/515710-4_N5rbj.json	True	False	pending	74	b0c11bb4e47bf5c3b38e08e87439268a0270af52	magireco-source-master/Scenarios_full/event_story/5157 - Homecoming～佐仓杏子的3天～/515710-4_N5rbj.json	751e16e090ceaef7962c185721f6dee8a876d2ad	60			[]	
515710-5_N5rbj	"[""515710""]"	"[""""]"	magireco-translate-data-master/Scenarios_full/event_story/5157 - Homecoming～佐仓杏子的3天～/515710-5_N5rbj.json	True	False	pending	9	857d25a96efdb348fa2ad5f401597aecb632dcd4	magireco-source-master/Scenarios_full/event_story/5157 - Homecoming～佐仓杏子的3天～/515710-5_N5rbj.json	fcbf8af24cb8c0fc2df854a84f2e1d9b8b55bd53	6			[]	
515710-6_N5rbj	"[""515710""]"	"[""""]"	magireco-translate-data-master/Scenarios_full/event_story/5157 - Homecoming～佐仓杏子的3天～/515710-6_N5rbj.json	True	False	pending	94	fb23b65d8553eb8c1885fa9de42bcdff05a021de	magireco-source-master/Scenarios_full/event_story/5157 - Homecoming～佐仓杏子的3天～/515710-6_N5rbj.json	38ceac5d9fc8e0c0ca0203171517f6ce7663125b	75			[]	
515710-7_N5rbj	"[""515710""]"	"[""""]"	magireco-translate-data-master/Scenarios_full/event_story/5157 - Homecoming～佐仓杏子的3天～/515710-7_N5rbj.json	True	False	pending	61	e7d839ce0d0ebacaee11edb4416b3ce7111964a4	magireco-source-master/Scenarios_full/event_story/5157 - Homecoming～佐仓杏子的3天～/515710-7_N5rbj.json	50ae260804106a3f101b21bd3ea76e480c060e09	51			[]	
515710-8_N5rbj	"[""515710""]"	"[""""]"	magireco-translate-data-master/Scenarios_full/event_story/5157 - Homecoming～佐仓杏子的3天～/515710-8_N5rbj.json	True	False	pending	77	d1937f519d26bdfdc41515a43784ff4037fbc646	magireco-source-master/Scenarios_full/event_story/5157 - Homecoming～佐仓杏子的3天～/515710-8_N5rbj.json	f049a493c06799a22d5dbe3cca04da9c5d426718	63			[]	
515710-9_N5rbj	"[""515710""]"	"[""""]"	magireco-translate-data-master/Scenarios_full/event_story/5157 - Homecoming～佐仓杏子的3天～/515710-9_N5rbj.json	True	False	pending	59	6c609a9c12993ff5205a177aec14c1e0930361fe	magireco-source-master/Scenarios_full/event_story/5157 - Homecoming～佐仓杏子的3天～/515710-9_N5rbj.json	18369c8a2847027574a802d3de090a11707219c6	48			[]	
515720-10_EO4Zi	"[""515720""]"	"[""""]"	magireco-translate-data-master/Scenarios_full/event_story/5157 - Homecoming～佐仓杏子的3天～/515720-10_EO4Zi.json	True	False	pending	107	68ddd26c409f594e90aa3c7daac29971ba51915a	magireco-source-master/Scenarios_full/event_story/5157 - Homecoming～佐仓杏子的3天～/515720-10_EO4Zi.json	bd9983163b71ca33fc8d61a261cdae106e324495	75			[]	
515720-1_EO4Zi	"[""515720""]"	"[""""]"	magireco-translate-data-master/Scenarios_full/event_story/5157 - Homecoming～佐仓杏子的3天～/515720-1_EO4Zi.json	True	False	pending	51	38f2dc19749cb29807f1edd18601dcaa9d7553b8	magireco-source-master/Scenarios_full/event_story/5157 - Homecoming～佐仓杏子的3天～/515720-1_EO4Zi.json	1cb44d65d3605b32b1459bfa5df95763f4025e6a	45			[]	
515720-3_EO4Zi	"[""515720""]"	"[""""]"	magireco-translate-data-master/Scenarios_full/event_story/5157 - Homecoming～佐仓杏子的3天～/515720-3_EO4Zi.json	True	False	pending	46	520998e618319f98d1402bc1b6a00de9af3476fa	magireco-source-master/Scenarios_full/event_story/5157 - Homecoming～佐仓杏子的3天～/515720-3_EO4Zi.json	b45f1407e5c64700a3a513fa933cdf3910da1ec2	33			[]	
515720-4_EO4Zi	"[""515720""]"	"[""""]"	magireco-translate-data-master/Scenarios_full/event_story/5157 - Homecoming～佐仓杏子的3天～/515720-4_EO4Zi.json	True	False	pending	70	201123caaeacb11b45d41016d7aa49ddc8e30f26	magireco-source-master/Scenarios_full/event_story/5157 - Homecoming～佐仓杏子的3天～/515720-4_EO4Zi.json	68d5066ae32fdea5bcb6c288dc544321ac9c96fd	56			[]	
515720-5_EO4Zi	"[""515720""]"	"[""""]"	magireco-translate-data-master/Scenarios_full/event_story/5157 - Homecoming～佐仓杏子的3天～/515720-5_EO4Zi.json	True	False	pending	54	39ebd4275f3fb195ddb889af778cba804a6f6943	magireco-source-master/Scenarios_full/event_story/5157 - Homecoming～佐仓杏子的3天～/515720-5_EO4Zi.json	c6e26de3ed75c5519929ef1e639519f41fcd9b8b	39			[]	
515720-6_EO4Zi	"[""515720""]"	"[""""]"	magireco-translate-data-master/Scenarios_full/event_story/5157 - Homecoming～佐仓杏子的3天～/515720-6_EO4Zi.json	True	False	pending	93	9fefa8e61bf04ea7bc33914fa853877ececfc010	magireco-source-master/Scenarios_full/event_story/5157 - Homecoming～佐仓杏子的3天～/515720-6_EO4Zi.json	3f2737ec15a6d24364bd6bf7f75845b39340c9f3	77			[]	
515720-7_EO4Zi	"[""515720""]"	"[""""]"	magireco-translate-data-master/Scenarios_full/event_story/5157 - Homecoming～佐仓杏子的3天～/515720-7_EO4Zi.json	True	False	pending	96	699549c38fe2dfad90a116504cd2648e3accc226	magireco-source-master/Scenarios_full/event_story/5157 - Homecoming～佐仓杏子的3天～/515720-7_EO4Zi.json	c1cb73be96f8fd349968ca2e386a2c6e69366c36	76			[]	
515720-8_EO4Zi	"[""515720""]"	"[""""]"	magireco-translate-data-master/Scenarios_full/event_story/5157 - Homecoming～佐仓杏子的3天～/515720-8_EO4Zi.json	True	False	pending	94	b97c3096ff9d211ed912656cfb4df7fc217888ec	magireco-source-master/Scenarios_full/event_story/5157 - Homecoming～佐仓杏子的3天～/515720-8_EO4Zi.json	837cd5fdab92928ef71f53dddc305243187a5eec	77			[]	
515720-9_EO4Zi	"[""515720""]"	"[""""]"	magireco-translate-data-master/Scenarios_full/event_story/5157 - Homecoming～佐仓杏子的3天～/515720-9_EO4Zi.json	True	False	pending	93	db36461309fbd2995000f396582e85e4a38ac910	magireco-source-master/Scenarios_full/event_story/5157 - Homecoming～佐仓杏子的3天～/515720-9_EO4Zi.json	61e8c051e01883ec61fea77392d8c1a4e2fe485f	78			[]	
515801-0	"[""515801"",""515801-09""]"	"[""""]"	magireco-translate-data-master/Scenarios_full/event_story/5158 - 传说的终章，光辉的尽头～魔法少女贞德～/515801-0.json	True	False	pending	52	2d634bf585bc3e29313f42dd9a38f338e925e9b1	magireco-source-master/Scenarios_full/event_story/5158 - 传说的终章，光辉的尽头～魔法少女贞德～/515801-0.json	3009317402f4ec9c92971565ee9798e351ec6556	11			[]	
515801-1_6sJsp	"[""515801"",""515801-09""]"	"[""""]"	magireco-translate-data-master/Scenarios_full/event_story/5158 - 传说的终章，光辉的尽头～魔法少女贞德～/515801-1_6sJsp.json	True	False	pending	31	bc18cc637da31d67bb8085dc03476868f900e753	magireco-source-master/Scenarios_full/event_story/5158 - 传说的终章，光辉的尽头～魔法少女贞德～/515801-1_6sJsp.json	b5545fd9d72b1c53fa9e96c6bd881f78b5d36523	25			[]	
515801-2_6sJsp	"[""515801"",""515801-09""]"	"[""""]"	magireco-translate-data-master/Scenarios_full/event_story/5158 - 传说的终章，光辉的尽头～魔法少女贞德～/515801-2_6sJsp.json	True	False	pending	27	36c5537fb37393dc9c0519ad8b75f691019d8bb0	magireco-source-master/Scenarios_full/event_story/5158 - 传说的终章，光辉的尽头～魔法少女贞德～/515801-2_6sJsp.json	a24adfc78f9dce8b49bb028377947e58759e1ff4	20			[]	
515801-3_6sJsp	"[""515801"",""515801-09""]"	"[""""]"	magireco-translate-data-master/Scenarios_full/event_story/5158 - 传说的终章，光辉的尽头～魔法少女贞德～/515801-3_6sJsp.json	True	False	pending	57	33231403196b61f64466f685c47c48be4008d160	magireco-source-master/Scenarios_full/event_story/5158 - 传说的终章，光辉的尽头～魔法少女贞德～/515801-3_6sJsp.json	f5be40d504b416ecc69effa6c174e07e0e2f7668	28			[]	
515801-4_6sJsp	"[""515801"",""515801-09""]"	"[""""]"	magireco-translate-data-master/Scenarios_full/event_story/5158 - 传说的终章，光辉的尽头～魔法少女贞德～/515801-4_6sJsp.json	True	False	pending	77	2b0653538626bd364d1fa84a0d45a161bff4fac0	magireco-source-master/Scenarios_full/event_story/5158 - 传说的终章，光辉的尽头～魔法少女贞德～/515801-4_6sJsp.json	fe592d34d22eca2b45756d5b01d5be5e0300405d	46			[]	
515801-5_6sJsp	"[""515801"",""515801-09""]"	"[""""]"	magireco-translate-data-master/Scenarios_full/event_story/5158 - 传说的终章，光辉的尽头～魔法少女贞德～/515801-5_6sJsp.json	True	False	pending	59	c41c880674ff1ae85d3ddf57370f5d0ad0aef4ca	magireco-source-master/Scenarios_full/event_story/5158 - 传说的终章，光辉的尽头～魔法少女贞德～/515801-5_6sJsp.json	0714bafeeeab272bea5c70c2108d11a31ee1f162	45			[]	
515802-1_6sJsp	"[""515801-09"",""515802""]"	"[""""]"	magireco-translate-data-master/Scenarios_full/event_story/5158 - 传说的终章，光辉的尽头～魔法少女贞德～/515802-1_6sJsp.json	True	False	pending	30	af4302d509f95e8fbba1dc87f4d9dd68192231c7	magireco-source-master/Scenarios_full/event_story/5158 - 传说的终章，光辉的尽头～魔法少女贞德～/515802-1_6sJsp.json	e1a458406036b30385ae29328c92053237e90d12	20			[]	
515802-2_6sJsp	"[""515801-09"",""515802""]"	"[""""]"	magireco-translate-data-master/Scenarios_full/event_story/5158 - 传说的终章，光辉的尽头～魔法少女贞德～/515802-2_6sJsp.json	True	False	pending	46	bec9ff9c15a1c9e4df0287967e6937a7466a9947	magireco-source-master/Scenarios_full/event_story/5158 - 传说的终章，光辉的尽头～魔法少女贞德～/515802-2_6sJsp.json	30d3c22ee2c4c03002a1b420e769a930dc140ead	34			[]	
515802-3_6sJsp	"[""515801-09"",""515802""]"	"[""""]"	magireco-translate-data-master/Scenarios_full/event_story/5158 - 传说的终章，光辉的尽头～魔法少女贞德～/515802-3_6sJsp.json	True	False	pending	53	758d099474251cf8988181a5fa62afd1d4265ed2	magireco-source-master/Scenarios_full/event_story/5158 - 传说的终章，光辉的尽头～魔法少女贞德～/515802-3_6sJsp.json	3c6e693e4149682dcc343f97d516be91f971e5ed	5			[]	
515802-4_6sJsp	"[""515801-09"",""515802""]"	"[""""]"	magireco-translate-data-master/Scenarios_full/event_story/5158 - 传说的终章，光辉的尽头～魔法少女贞德～/515802-4_6sJsp.json	True	False	pending	99	6534faa8b04129b09b977db5243a8b09f7d628f5	magireco-source-master/Scenarios_full/event_story/5158 - 传说的终章，光辉的尽头～魔法少女贞德～/515802-4_6sJsp.json	95093189a3205efeb8ae3fb494304ea44546392c	91			[]	
515803-1_6sJsp	"[""515801-09"",""515803""]"	"[""""]"	magireco-translate-data-master/Scenarios_full/event_story/5158 - 传说的终章，光辉的尽头～魔法少女贞德～/515803-1_6sJsp.json	True	False	pending	32	1bda7638976096dbe5aea94a37dc5e6f72ca1beb	magireco-source-master/Scenarios_full/event_story/5158 - 传说的终章，光辉的尽头～魔法少女贞德～/515803-1_6sJsp.json	715ca8aafba7f74e1d05701d30a965c03134f1dc	26			[]	
515803-2_6sJsp	"[""515801-09"",""515803""]"	"[""""]"	magireco-translate-data-master/Scenarios_full/event_story/5158 - 传说的终章，光辉的尽头～魔法少女贞德～/515803-2_6sJsp.json	True	False	pending	40	8272d5e7c8e9f0daa79ed0b84863b02040904cdb	magireco-source-master/Scenarios_full/event_story/5158 - 传说的终章，光辉的尽头～魔法少女贞德～/515803-2_6sJsp.json	2d5e0a18b7977dd8469c662fb6ba4ac09bbc5dcc	27			[]	
515803-3_6sJsp	"[""515801-09"",""515803""]"	"[""""]"	magireco-translate-data-master/Scenarios_full/event_story/5158 - 传说的终章，光辉的尽头～魔法少女贞德～/515803-3_6sJsp.json	True	False	pending	17	9b0a6dfa4f62a3af5247868a46055d61b6fdffb4	magireco-source-master/Scenarios_full/event_story/5158 - 传说的终章，光辉的尽头～魔法少女贞德～/515803-3_6sJsp.json	6ad3cf365aefe942559b8d33b90b08cf7d84e78a	13			[]	
515803-4_6sJsp	"[""515801-09"",""515803""]"	"[""""]"	magireco-translate-data-master/Scenarios_full/event_story/5158 - 传说的终章，光辉的尽头～魔法少女贞德～/515803-4_6sJsp.json	True	False	pending	73	045bfa1dc82a92856c74bdc038770c6354949502	magireco-source-master/Scenarios_full/event_story/5158 - 传说的终章，光辉的尽头～魔法少女贞德～/515803-4_6sJsp.json	559602fae17527b19f0ed199cd97ad976042684b	55			[]	
515803-5_6sJsp	"[""515801-09"",""515803""]"	"[""""]"	magireco-translate-data-master/Scenarios_full/event_story/5158 - 传说的终章，光辉的尽头～魔法少女贞德～/515803-5_6sJsp.json	True	False	pending	51	88cc12343071e8371bdb27afca8908f437f34d4a	magireco-source-master/Scenarios_full/event_story/5158 - 传说的终章，光辉的尽头～魔法少女贞德～/515803-5_6sJsp.json	b8d300c248cf1be17c59fe699f4f1a1a5879534c	40			[]	
515803-6_6sJsp	"[""515801-09"",""515803""]"	"[""""]"	magireco-translate-data-master/Scenarios_full/event_story/5158 - 传说的终章，光辉的尽头～魔法少女贞德～/515803-6_6sJsp.json	True	False	pending	59	2b33fa17bfcea6788c1fbcd12e2c256eecd6a79e	magireco-source-master/Scenarios_full/event_story/5158 - 传说的终章，光辉的尽头～魔法少女贞德～/515803-6_6sJsp.json	5dafb9d7ed78441112f4f41343b6a78e1dbfd5cd	46			[]	
515804-1_6sJsp	"[""515801-09"",""515804""]"	"[""""]"	magireco-translate-data-master/Scenarios_full/event_story/5158 - 传说的终章，光辉的尽头～魔法少女贞德～/515804-1_6sJsp.json	True	False	pending	42	42a0bafea914407606f215e25213fe9753fa280a	magireco-source-master/Scenarios_full/event_story/5158 - 传说的终章，光辉的尽头～魔法少女贞德～/515804-1_6sJsp.json	03d74a85fe1af6a6bc7098ed73e100d4330fd675	30			[]	
515804-2_6sJsp	"[""515801-09"",""515804""]"	"[""""]"	magireco-translate-data-master/Scenarios_full/event_story/5158 - 传说的终章，光辉的尽头～魔法少女贞德～/515804-2_6sJsp.json	True	False	pending	57	496986bb9d2bd8f48cc5f14c5b9585eb02cf49c2	magireco-source-master/Scenarios_full/event_story/5158 - 传说的终章，光辉的尽头～魔法少女贞德～/515804-2_6sJsp.json	0065bee9aa5df01749de2056e729ee55d8f05bae	45			[]	
515804-3_6sJsp	"[""515801-09"",""515804""]"	"[""""]"	magireco-translate-data-master/Scenarios_full/event_story/5158 - 传说的终章，光辉的尽头～魔法少女贞德～/515804-3_6sJsp.json	True	False	pending	90	7ae99919bf0de9034f51b76892657978ce5ddaac	magireco-source-master/Scenarios_full/event_story/5158 - 传说的终章，光辉的尽头～魔法少女贞德～/515804-3_6sJsp.json	556110a5a01b27d56db925e4569c7a783910416d	67			[]	
515804-4_6sJsp	"[""515801-09"",""515804""]"	"[""""]"	magireco-translate-data-master/Scenarios_full/event_story/5158 - 传说的终章，光辉的尽头～魔法少女贞德～/515804-4_6sJsp.json	True	False	pending	59	ccf9d4aa2d81a542c03f223c42c5a3e3af77ec41	magireco-source-master/Scenarios_full/event_story/5158 - 传说的终章，光辉的尽头～魔法少女贞德～/515804-4_6sJsp.json	548e38b32021471e64d68a952f1bb4a9d98b41e7	51			[]	
515804-5_6sJsp	"[""515801-09"",""515804""]"	"[""""]"	magireco-translate-data-master/Scenarios_full/event_story/5158 - 传说的终章，光辉的尽头～魔法少女贞德～/515804-5_6sJsp.json	True	False	pending	48	85255f0f2d23cde36069441c438d6f1db3a6b9d7	magireco-source-master/Scenarios_full/event_story/5158 - 传说的终章，光辉的尽头～魔法少女贞德～/515804-5_6sJsp.json	30089c1d50e1f02d0dffca2d6dcc4ece127f459a	43			[]	
515804-6_6sJsp	"[""515801-09"",""515804""]"	"[""""]"	magireco-translate-data-master/Scenarios_full/event_story/5158 - 传说的终章，光辉的尽头～魔法少女贞德～/515804-6_6sJsp.json	True	False	pending	59	1a24b775159e2f4e57f69a38f089cc80444bb1dc	magireco-source-master/Scenarios_full/event_story/5158 - 传说的终章，光辉的尽头～魔法少女贞德～/515804-6_6sJsp.json	a62e9d7b6e391b102e1f670db6a725fb508cd318	53			[]	
515804-7_6sJsp	"[""515801-09"",""515804""]"	"[""""]"	magireco-translate-data-master/Scenarios_full/event_story/5158 - 传说的终章，光辉的尽头～魔法少女贞德～/515804-7_6sJsp.json	True	False	pending	84	0311f9ac9cb521e33e5d83f40f09417b6d9df2b3	magireco-source-master/Scenarios_full/event_story/5158 - 传说的终章，光辉的尽头～魔法少女贞德～/515804-7_6sJsp.json	6c690c70ed51e5b6d5b327bfefb13e0181c66783	77			[]	
515804-8_6sJsp	"[""515801-09"",""515804""]"	"[""""]"	magireco-translate-data-master/Scenarios_full/event_story/5158 - 传说的终章，光辉的尽头～魔法少女贞德～/515804-8_6sJsp.json	True	False	pending	90	3fbd0a9456d68335bd245bfa739a41387ba339d9	magireco-source-master/Scenarios_full/event_story/5158 - 传说的终章，光辉的尽头～魔法少女贞德～/515804-8_6sJsp.json	a2f35be345e2bcbf2c01658f9fe95eadbe3ae3dd	79			[]	
515805-1_6sJsp	"[""515801-09"",""515805""]"	"[""""]"	magireco-translate-data-master/Scenarios_full/event_story/5158 - 传说的终章，光辉的尽头～魔法少女贞德～/515805-1_6sJsp.json	True	False	pending	52	3a8a5d68802aae56af3c33b745bb2be499dc0e32	magireco-source-master/Scenarios_full/event_story/5158 - 传说的终章，光辉的尽头～魔法少女贞德～/515805-1_6sJsp.json	67fd1aba9c7b1299a82d25febaffa7ba84d8227c	38			[]	
515805-2_6sJsp	"[""515801-09"",""515805""]"	"[""""]"	magireco-translate-data-master/Scenarios_full/event_story/5158 - 传说的终章，光辉的尽头～魔法少女贞德～/515805-2_6sJsp.json	True	False	pending	72	aea034c71a29242308d900b27a168720fd69b1ea	magireco-source-master/Scenarios_full/event_story/5158 - 传说的终章，光辉的尽头～魔法少女贞德～/515805-2_6sJsp.json	990491190735c9199b3ab023546816c9c8e8a3e9	57			[]	
515806-1_6sJsp	"[""515801-09"",""515806""]"	"[""""]"	magireco-translate-data-master/Scenarios_full/event_story/5158 - 传说的终章，光辉的尽头～魔法少女贞德～/515806-1_6sJsp.json	True	False	pending	62	0bdad7ac7d70489e19808b9f32727683eeb4c6e9	magireco-source-master/Scenarios_full/event_story/5158 - 传说的终章，光辉的尽头～魔法少女贞德～/515806-1_6sJsp.json	14a127474dba348e3629d78c1c10fdbfa2c4aa9e	50			[]	
515806-2_6sJsp	"[""515801-09"",""515806""]"	"[""""]"	magireco-translate-data-master/Scenarios_full/event_story/5158 - 传说的终章，光辉的尽头～魔法少女贞德～/515806-2_6sJsp.json	True	False	pending	63	46906dd80fcc339b2e3ef0d048a2d5d857b9a73d	magireco-source-master/Scenarios_full/event_story/5158 - 传说的终章，光辉的尽头～魔法少女贞德～/515806-2_6sJsp.json	718ff4f056f763ff997d8aab33abc7566450b85a	45			[]	
515807-1_6sJsp	"[""515801-09"",""515807""]"	"[""""]"	magireco-translate-data-master/Scenarios_full/event_story/5158 - 传说的终章，光辉的尽头～魔法少女贞德～/515807-1_6sJsp.json	True	False	pending	40	4ede0ddda044f636d3017b402f219ecd8f71fba6	magireco-source-master/Scenarios_full/event_story/5158 - 传说的终章，光辉的尽头～魔法少女贞德～/515807-1_6sJsp.json	d6ef573507e0f19c9a38c6cf6b09b88c5ff65493	30			[]	
515807-2_6sJsp	"[""515801-09"",""515807""]"	"[""""]"	magireco-translate-data-master/Scenarios_full/event_story/5158 - 传说的终章，光辉的尽头～魔法少女贞德～/515807-2_6sJsp.json	True	False	pending	77	7fc7dbd3993cc01c23150711306e7303f626ab43	magireco-source-master/Scenarios_full/event_story/5158 - 传说的终章，光辉的尽头～魔法少女贞德～/515807-2_6sJsp.json	2a3be71e3ae5dfdbd24d0ee29231edbf586da9c2	61			[]	
515807-3_6sJsp	"[""515801-09"",""515807""]"	"[""""]"	magireco-translate-data-master/Scenarios_full/event_story/5158 - 传说的终章，光辉的尽头～魔法少女贞德～/515807-3_6sJsp.json	True	False	pending	44	cc22caffc298bf748641c887a0fa539e9b4a8b07	magireco-source-master/Scenarios_full/event_story/5158 - 传说的终章，光辉的尽头～魔法少女贞德～/515807-3_6sJsp.json	1a02962c827106b17e9576072bb90d4790d8a64d	33			[]	
515807-4_6sJsp	"[""515801-09"",""515807""]"	"[""""]"	magireco-translate-data-master/Scenarios_full/event_story/5158 - 传说的终章，光辉的尽头～魔法少女贞德～/515807-4_6sJsp.json	True	False	pending	79	5698e69701c0fd12aed0975660d3f262a6a0115d	magireco-source-master/Scenarios_full/event_story/5158 - 传说的终章，光辉的尽头～魔法少女贞德～/515807-4_6sJsp.json	3ec10539ed1e0dcb072c025b77c529a8adf06a7c	61			[]	
515807-5_6sJsp	"[""515801-09"",""515807""]"	"[""""]"	magireco-translate-data-master/Scenarios_full/event_story/5158 - 传说的终章，光辉的尽头～魔法少女贞德～/515807-5_6sJsp.json	True	False	pending	62	98f05e4fc63d22ab524096ebe9f6edbe8fdef13f	magireco-source-master/Scenarios_full/event_story/5158 - 传说的终章，光辉的尽头～魔法少女贞德～/515807-5_6sJsp.json	8ff3e9a3d56f7c77ac67010f149a59b1a1e1e5d1	43			[]	
515807-6_6sJsp	"[""515801-09"",""515807""]"	"[""""]"	magireco-translate-data-master/Scenarios_full/event_story/5158 - 传说的终章，光辉的尽头～魔法少女贞德～/515807-6_6sJsp.json	True	False	pending	40	16ea29cadfc66f976dd57efe31f3953039638ad1	magireco-source-master/Scenarios_full/event_story/5158 - 传说的终章，光辉的尽头～魔法少女贞德～/515807-6_6sJsp.json	094de7110fceacc57c033aeab408b961fd8788c6	34			[]	
515808-1_FIvEe	"[""515801-09"",""515808""]"	"[""""]"	magireco-translate-data-master/Scenarios_full/event_story/5158 - 传说的终章，光辉的尽头～魔法少女贞德～/515808-1_FIvEe.json	True	False	pending	57	485d7668b9a5f6af8276555a0d6e067b3fa772cb	magireco-source-master/Scenarios_full/event_story/5158 - 传说的终章，光辉的尽头～魔法少女贞德～/515808-1_FIvEe.json	ba8642493a69e05961023a9d7d3667e71e9ca71b	45			[]	
515808-2_FIvEe	"[""515801-09"",""515808""]"	"[""""]"	magireco-translate-data-master/Scenarios_full/event_story/5158 - 传说的终章，光辉的尽头～魔法少女贞德～/515808-2_FIvEe.json	True	False	pending	91	e064d27f8266d4ee279b4aae8122c550edcee37e	magireco-source-master/Scenarios_full/event_story/5158 - 传说的终章，光辉的尽头～魔法少女贞德～/515808-2_FIvEe.json	1f5dac24af0a96041d439ad7852f242a862da2b1	68			[]	
515808-3_FIvEe	"[""515801-09"",""515808""]"	"[""""]"	magireco-translate-data-master/Scenarios_full/event_story/5158 - 传说的终章，光辉的尽头～魔法少女贞德～/515808-3_FIvEe.json	True	False	pending	69	f46064d3b36272f038948772149fcde8974f7f1d	magireco-source-master/Scenarios_full/event_story/5158 - 传说的终章，光辉的尽头～魔法少女贞德～/515808-3_FIvEe.json	bb5f251956d468e89e3a27842e888debf046cc69	56			[]	
515808-4_FIvEe	"[""515801-09"",""515808""]"	"[""""]"	magireco-translate-data-master/Scenarios_full/event_story/5158 - 传说的终章，光辉的尽头～魔法少女贞德～/515808-4_FIvEe.json	True	False	pending	82	621b3ebd6c85dd5644f4dd1b42a1279dee0f1df0	magireco-source-master/Scenarios_full/event_story/5158 - 传说的终章，光辉的尽头～魔法少女贞德～/515808-4_FIvEe.json	f64b736bb8f30b190ed58502919997dd8a6b6005	66			[]	
515808-5_FIvEe	"[""515801-09"",""515808""]"	"[""""]"	magireco-translate-data-master/Scenarios_full/event_story/5158 - 传说的终章，光辉的尽头～魔法少女贞德～/515808-5_FIvEe.json	True	False	pending	58	7f457c03d04418c2f8b304fec44c4f42174eecaf	magireco-source-master/Scenarios_full/event_story/5158 - 传说的终章，光辉的尽头～魔法少女贞德～/515808-5_FIvEe.json	eb5fee7e13d2595e3605de372644a31e400ed20a	51			[]	
515808-6_FIvEe	"[""515801-09"",""515808""]"	"[""""]"	magireco-translate-data-master/Scenarios_full/event_story/5158 - 传说的终章，光辉的尽头～魔法少女贞德～/515808-6_FIvEe.json	True	False	pending	42	2d934c3de069970eb5a290e48a62c4eeafa42e06	magireco-source-master/Scenarios_full/event_story/5158 - 传说的终章，光辉的尽头～魔法少女贞德～/515808-6_FIvEe.json	70abdd54cd48a2d609440334e95391b48728994f	34			[]	
515809-1_FIvEe	"[""515801-09"",""515809""]"	"[""""]"	magireco-translate-data-master/Scenarios_full/event_story/5158 - 传说的终章，光辉的尽头～魔法少女贞德～/515809-1_FIvEe.json	True	False	pending	69	737e781350e015fc7e616109f57f1897e0dc5509	magireco-source-master/Scenarios_full/event_story/5158 - 传说的终章，光辉的尽头～魔法少女贞德～/515809-1_FIvEe.json	b517286ee964072721054b7d44be173c93d2dd89	54			[]	
515809-2_FIvEe	"[""515801-09"",""515809""]"	"[""""]"	magireco-translate-data-master/Scenarios_full/event_story/5158 - 传说的终章，光辉的尽头～魔法少女贞德～/515809-2_FIvEe.json	True	False	pending	50	8f515f94197ccc8f4ebf06046be8d9c1c4cb7cde	magireco-source-master/Scenarios_full/event_story/5158 - 传说的终章，光辉的尽头～魔法少女贞德～/515809-2_FIvEe.json	b416ce752e46972f7711d3ebcb683e58878dfb8b	28			[]	
515809-3_FIvEe	"[""515801-09"",""515809""]"	"[""""]"	magireco-translate-data-master/Scenarios_full/event_story/5158 - 传说的终章，光辉的尽头～魔法少女贞德～/515809-3_FIvEe.json	True	False	pending	49	5d7f5736f1b4b5647adf9f95cda9dc77710b1a8d	magireco-source-master/Scenarios_full/event_story/5158 - 传说的终章，光辉的尽头～魔法少女贞德～/515809-3_FIvEe.json	949125c5720c2d43580887515025482e044c60fb	6			[]	
515809-4_FIvEe	"[""515801-09"",""515809""]"	"[""""]"	magireco-translate-data-master/Scenarios_full/event_story/5158 - 传说的终章，光辉的尽头～魔法少女贞德～/515809-4_FIvEe.json	True	False	pending	53	776688bdf0b90932185b8df2798e997f9e4df04d	magireco-source-master/Scenarios_full/event_story/5158 - 传说的终章，光辉的尽头～魔法少女贞德～/515809-4_FIvEe.json	09b1f08d9e951daf8ff6febc8d3f0f73482f42b4	7			[]	
515809-5_FIvEe	"[""515801-09"",""515809""]"	"[""""]"	magireco-translate-data-master/Scenarios_full/event_story/5158 - 传说的终章，光辉的尽头～魔法少女贞德～/515809-5_FIvEe.json	True	False	pending	37	676d528b1a7cfd202880608d7ad04d32258e2670	magireco-source-master/Scenarios_full/event_story/5158 - 传说的终章，光辉的尽头～魔法少女贞德～/515809-5_FIvEe.json	83b05c017766af6a6765f44c06b02ffcec55218e	23			[]	
515810-1_FIvEe	"[""515810"",""515810-13""]"	"[""""]"	magireco-translate-data-master/Scenarios_full/event_story/5158 - 传说的终章，光辉的尽头～魔法少女贞德～/515810-1_FIvEe.json	True	False	pending	58	8d738b4d28f241ef5a33d184d40b2511a808681a	magireco-source-master/Scenarios_full/event_story/5158 - 传说的终章，光辉的尽头～魔法少女贞德～/515810-1_FIvEe.json	28875cf807988cab58936feafdeab01e7a1787bc	50			[]	
515810-2_FIvEe	"[""515810"",""515810-13""]"	"[""""]"	magireco-translate-data-master/Scenarios_full/event_story/5158 - 传说的终章，光辉的尽头～魔法少女贞德～/515810-2_FIvEe.json	True	False	pending	54	ccdbae2075ce344694feb49399004e5507aa888a	magireco-source-master/Scenarios_full/event_story/5158 - 传说的终章，光辉的尽头～魔法少女贞德～/515810-2_FIvEe.json	98a536bfc44f15cf55970972cae77f3f2da57a0a	40			[]	
515810-3_FIvEe	"[""515810"",""515810-13""]"	"[""""]"	magireco-translate-data-master/Scenarios_full/event_story/5158 - 传说的终章，光辉的尽头～魔法少女贞德～/515810-3_FIvEe.json	True	False	pending	38	f9f454ebc2efb8b3d17bdcbf4d5df45ff68823f1	magireco-source-master/Scenarios_full/event_story/5158 - 传说的终章，光辉的尽头～魔法少女贞德～/515810-3_FIvEe.json	b90f13d5477d1554230c14785cc7e802e7cf38ca	20			[]	
515810-4_FIvEe	"[""515810"",""515810-13""]"	"[""""]"	magireco-translate-data-master/Scenarios_full/event_story/5158 - 传说的终章，光辉的尽头～魔法少女贞德～/515810-4_FIvEe.json	True	False	pending	51	610bc90d69b87cac54856affff5356a7c564a067	magireco-source-master/Scenarios_full/event_story/5158 - 传说的终章，光辉的尽头～魔法少女贞德～/515810-4_FIvEe.json	8b9d09a3b4ec93b19364ba868d7fe4ba93dcd88e	30			[]	
515810-5_FIvEe	"[""515810"",""515810-13""]"	"[""""]"	magireco-translate-data-master/Scenarios_full/event_story/5158 - 传说的终章，光辉的尽头～魔法少女贞德～/515810-5_FIvEe.json	True	False	pending	54	d0290fdae1cfb6b211fca840e339e5048f7a6aa1	magireco-source-master/Scenarios_full/event_story/5158 - 传说的终章，光辉的尽头～魔法少女贞德～/515810-5_FIvEe.json	61dbca8b3a61bb814a21ac39a961fc6c6372e512	39			[]	
515811-1_FIvEe	"[""515810-13"",""515811""]"	"[""""]"	magireco-translate-data-master/Scenarios_full/event_story/5158 - 传说的终章，光辉的尽头～魔法少女贞德～/515811-1_FIvEe.json	True	False	pending	73	46f22000459df348cd6f2f0f78039da5435ccdc5	magireco-source-master/Scenarios_full/event_story/5158 - 传说的终章，光辉的尽头～魔法少女贞德～/515811-1_FIvEe.json	60367c9504ced8b0dbcdf3512cd9320cb0636f15	62			[]	
515811-2_FIvEe	"[""515810-13"",""515811""]"	"[""""]"	magireco-translate-data-master/Scenarios_full/event_story/5158 - 传说的终章，光辉的尽头～魔法少女贞德～/515811-2_FIvEe.json	True	False	pending	53	b2f9d96de3a5d8a53feb678e22ee50f73340fbe2	magireco-source-master/Scenarios_full/event_story/5158 - 传说的终章，光辉的尽头～魔法少女贞德～/515811-2_FIvEe.json	00781b1a416b7c6f38aa1cbdb7f690f4066ecd77	42			[]	
515811-3_FIvEe	"[""515810-13"",""515811""]"	"[""""]"	magireco-translate-data-master/Scenarios_full/event_story/5158 - 传说的终章，光辉的尽头～魔法少女贞德～/515811-3_FIvEe.json	True	False	pending	52	4ceadb49cff84d056dcbe909bb5f58ee916f87ff	magireco-source-master/Scenarios_full/event_story/5158 - 传说的终章，光辉的尽头～魔法少女贞德～/515811-3_FIvEe.json	791f2c279d7c407b79d0422265a0315659551d90	37			[]	
515811-4_FIvEe	"[""515810-13"",""515811""]"	"[""""]"	magireco-translate-data-master/Scenarios_full/event_story/5158 - 传说的终章，光辉的尽头～魔法少女贞德～/515811-4_FIvEe.json	True	False	pending	53	64bdda629cb4827e80e8d222a44386e3b68f91c9	magireco-source-master/Scenarios_full/event_story/5158 - 传说的终章，光辉的尽头～魔法少女贞德～/515811-4_FIvEe.json	a8b3205b4db2a5d68028474933d5e2f9e4bc4080	44			[]	
515811-5_FIvEe	"[""515810-13"",""515811""]"	"[""""]"	magireco-translate-data-master/Scenarios_full/event_story/5158 - 传说的终章，光辉的尽头～魔法少女贞德～/515811-5_FIvEe.json	True	False	pending	42	3f3b7260ef0482728e8887f61ff84e37ccd6e727	magireco-source-master/Scenarios_full/event_story/5158 - 传说的终章，光辉的尽头～魔法少女贞德～/515811-5_FIvEe.json	a3a9b6bb8b862cef547d90ca3ca072469bd259e3	39			[]	
515812-1_FIvEe	"[""515810-13"",""515812""]"	"[""""]"	magireco-translate-data-master/Scenarios_full/event_story/5158 - 传说的终章，光辉的尽头～魔法少女贞德～/515812-1_FIvEe.json	True	False	pending	66	36d4cb627c0d5150f4eb453b7b74c9356d09951d	magireco-source-master/Scenarios_full/event_story/5158 - 传说的终章，光辉的尽头～魔法少女贞德～/515812-1_FIvEe.json	1171fa88f45ba02e3d9bb9c52fd1a6b944b6d7e5	60			[]	
515812-2_FIvEe	"[""515810-13"",""515812""]"	"[""""]"	magireco-translate-data-master/Scenarios_full/event_story/5158 - 传说的终章，光辉的尽头～魔法少女贞德～/515812-2_FIvEe.json	True	False	pending	62	d19565e57297c8a6da2c4653e46ee6ab7b4f5f33	magireco-source-master/Scenarios_full/event_story/5158 - 传说的终章，光辉的尽头～魔法少女贞德～/515812-2_FIvEe.json	4bc849189d7e29b367de31a01c334e8babf6f81f	45			[]	
515813-1_FIvEe	"[""515810-13"",""515813""]"	"[""""]"	magireco-translate-data-master/Scenarios_full/event_story/5158 - 传说的终章，光辉的尽头～魔法少女贞德～/515813-1_FIvEe.json	True	False	pending	76	f68bd2ea4c4b02ba9e8e64c329b8aa79b691e6b4	magireco-source-master/Scenarios_full/event_story/5158 - 传说的终章，光辉的尽头～魔法少女贞德～/515813-1_FIvEe.json	c188eae1ad3cf1fe975be5de881164968e5a9ab8	61			[]	
515813-2_FIvEe	"[""515810-13"",""515813""]"	"[""""]"	magireco-translate-data-master/Scenarios_full/event_story/5158 - 传说的终章，光辉的尽头～魔法少女贞德～/515813-2_FIvEe.json	True	False	pending	65	be27ce27dd44d4ed687b92c1fbbbdef398838977	magireco-source-master/Scenarios_full/event_story/5158 - 传说的终章，光辉的尽头～魔法少女贞德～/515813-2_FIvEe.json	11e792219c1db554fafbe76792a7d98fa8aa1e20	44			[]	
515813-3_FIvEe	"[""515810-13"",""515813""]"	"[""""]"	magireco-translate-data-master/Scenarios_full/event_story/5158 - 传说的终章，光辉的尽头～魔法少女贞德～/515813-3_FIvEe.json	True	False	pending	41	364f9b776014dd48d67e1d3baf91ea369aff93af	magireco-source-master/Scenarios_full/event_story/5158 - 传说的终章，光辉的尽头～魔法少女贞德～/515813-3_FIvEe.json	4efb3d906e569180673ee0b2281bbb975b2ba18e	25			[]	
515813-4_FIvEe	"[""515810-13"",""515813""]"	"[""""]"	magireco-translate-data-master/Scenarios_full/event_story/5158 - 传说的终章，光辉的尽头～魔法少女贞德～/515813-4_FIvEe.json	True	False	pending	22	1ec0308b78f384a86c11fdc27ed3ffbbc194cab0	magireco-source-master/Scenarios_full/event_story/5158 - 传说的终章，光辉的尽头～魔法少女贞德～/515813-4_FIvEe.json	87f679708d28e31a9102a20e05278b2263c0728e	11			[]	
515813-5_FIvEe	"[""515810-13"",""515813""]"	"[""""]"	magireco-translate-data-master/Scenarios_full/event_story/5158 - 传说的终章，光辉的尽头～魔法少女贞德～/515813-5_FIvEe.json	True	False	pending	80	7b79aee7e0dc617b44eaa1aa30f7d048ba1c7702	magireco-source-master/Scenarios_full/event_story/5158 - 传说的终章，光辉的尽头～魔法少女贞德～/515813-5_FIvEe.json	c5d6496e1442fbf7259b99e054ad0819d1294004	49			[]	
518210-14_WSjWo	[]	[]	magireco-translate-data-master/Scenarios_full/event_story/5182 - 思念的传承者们～魔法少女贞德～/518210-14_WSjWo.json	False	False	pending	81	fb82d7e93ff2dcc20c3b8408eddf05611649b821	magireco-source-master/Scenarios_full/event_story/5182 - 思念的传承者们～魔法少女贞德～/518210-14_WSjWo.json	3df36c3b7fbde7c63686620e19f85fcceff4d919	1			[3306]	
518220-10_IfUZl	[]	[]	magireco-translate-data-master/Scenarios_full/event_story/5182 - 思念的传承者们～魔法少女贞德～/518220-10_IfUZl.json	False	False	pending	41	42ddff056c1534acc9b76075bbd10cf24ad15710	magireco-source-master/Scenarios_full/event_story/5182 - 思念的传承者们～魔法少女贞德～/518220-10_IfUZl.json	149b33fd10ce75b55a674660b5d6e218d509a385	1			[]	
518220-7_IfUZl	[]	[]	magireco-translate-data-master/Scenarios_full/event_story/5182 - 思念的传承者们～魔法少女贞德～/518220-7_IfUZl.json	False	False	pending	94	3b385396560bb9a7532120927cb1c3de23c4558a	magireco-source-master/Scenarios_full/event_story/5182 - 思念的传承者们～魔法少女贞德～/518220-7_IfUZl.json	c756ea842fe5731ba8c2eff98e8aa34167b5b714	1			[3306]	
5192108-38_LFy22	[]	[]	magireco-translate-data-master/Scenarios_full/event_story/5192 - 七色夏日绘～笔记中记录的日常～/5192108-38_LFy22.json	False	False	pending	71	0a2684949e6549717df18aae09f20bc6bf4bb704	magireco-source-master/Scenarios_full/event_story/5192 - 七色夏日绘～笔记中记录的日常～/5192108-38_LFy22.json	e13221cd0cbd8ef585d8134a4e6f08df87b9ef51	1			[3310]	
519224-24_QrerK	[]	[]	magireco-translate-data-master/Scenarios_full/event_story/5192 - 七色夏日绘～笔记中记录的日常～/519224-24_QrerK.json	False	False	pending	68	f3f0b51a26977cad0bdc53c3cb832fde31748f8d	magireco-source-master/Scenarios_full/event_story/5192 - 七色夏日绘～笔记中记录的日常～/519224-24_QrerK.json	b656dea5a435440560195a6178468e84e58a5d18	3			[]	
519226-26_QrerK	[]	[]	magireco-translate-data-master/Scenarios_full/event_story/5192 - 七色夏日绘～笔记中记录的日常～/519226-26_QrerK.json	False	False	pending	101	3ca6c8a046dfa41676a1fb7e9fe19874b912c0dd	magireco-source-master/Scenarios_full/event_story/5192 - 七色夏日绘～笔记中记录的日常～/519226-26_QrerK.json	bbea5a6231b23fc3f9a6bfd09398f6eabb2840f8	1			[]	
519235-35_QrerK	[]	[]	magireco-translate-data-master/Scenarios_full/event_story/5192 - 七色夏日绘～笔记中记录的日常～/519235-35_QrerK.json	False	False	pending	86	fca78a27c3c0496a7e0b18c5d9aacb42e297e6cf	magireco-source-master/Scenarios_full/event_story/5192 - 七色夏日绘～笔记中记录的日常～/519235-35_QrerK.json	de01ab7c5c7de8ad5aa013c1cd993e0bc02fd0ae	1			[]	
519289-19_LFy22	[]	[]	magireco-translate-data-master/Scenarios_full/event_story/5192 - 七色夏日绘～笔记中记录的日常～/519289-19_LFy22.json	False	False	pending	53	980b64003fcffbc974f01d73253024fb7874105a	magireco-source-master/Scenarios_full/event_story/5192 - 七色夏日绘～笔记中记录的日常～/519289-19_LFy22.json	928e285881453d1fba390b147c7b5f994247a46c	1			[]	
519290-20_LFy22	[]	[]	magireco-translate-data-master/Scenarios_full/event_story/5192 - 七色夏日绘～笔记中记录的日常～/519290-20_LFy22.json	False	False	pending	80	b6fac1cd4ec8daab8d96354c906a0fbd27d0d7e0	magireco-source-master/Scenarios_full/event_story/5192 - 七色夏日绘～笔记中记录的日常～/519290-20_LFy22.json	0829d8150fbb3445a587234c580505cd9e9d435d	3			[]	
521110-9_xCcbB	"[""521110""]"	"[""""]"	magireco-translate-data-master/Scenarios_full/event_story/5211 - 神滨MVD 环彩羽的事件簿/521110-9_xCcbB.json	True	False	pending	7	704fa6990099c4b35317936763981b268e8f0ecb	magireco-source-master/Scenarios_full/event_story/5211 - 神滨MVD 环彩羽的事件簿/521110-9_xCcbB.json	153d72d5554127adb5d0d9be1a256d2bc48e84a5	1			[]	
521120-8_cXzoN	"[""521120""]"	"[""""]"	magireco-translate-data-master/Scenarios_full/event_story/5211 - 神滨MVD 环彩羽的事件簿/521120-8_cXzoN.json	True	False	pending	8	e2f8c2a12e658502cb9e0de75a495f661aab1761	magireco-source-master/Scenarios_full/event_story/5211 - 神滨MVD 环彩羽的事件簿/521120-8_cXzoN.json	ccb08d548dd565c7f74a4d6e1f6d36aa424f6dfe	1			[]	
521310-12_ybpvM	[]	[]	magireco-translate-data-master/Scenarios_full/event_story/5213 - 百江渚实现了愿望/521310-12_ybpvM.json	False	False	pending	125	af4cee97e4defc87266cd1e8ab56638e8c5dba01	magireco-source-master/Scenarios_full/event_story/5213 - 百江渚实现了愿望/521310-12_ybpvM.json	3448ab60ad47e4fd45b9e10b352221fa47683c80	110			[]	
521310-16_ybpvM	[]	[]	magireco-translate-data-master/Scenarios_full/event_story/5213 - 百江渚实现了愿望/521310-16_ybpvM.json	False	False	pending	104	88abb5c4378a440e7bddbd583395e917fe8e6495	magireco-source-master/Scenarios_full/event_story/5213 - 百江渚实现了愿望/521310-16_ybpvM.json	c9f299b6420a168fe7934a10e5869aeb0e673b17	1			[]	
521310-18_ybpvM	[]	[]	magireco-translate-data-master/Scenarios_full/event_story/5213 - 百江渚实现了愿望/521310-18_ybpvM.json	False	False	pending	22	c692c01db57c3116ff2ce3d7c938ef485fb8fc9c	magireco-source-master/Scenarios_full/event_story/5213 - 百江渚实现了愿望/521310-18_ybpvM.json	c2a571b31eb90ef539d9dfececd9d9c253ba4852	1			[]	
521310-7_ybpvM	[]	[]	magireco-translate-data-master/Scenarios_full/event_story/5213 - 百江渚实现了愿望/521310-7_ybpvM.json	False	False	pending	29	7ea2b9d4cfe5d3fb1a85760ec3320603925404c3	magireco-source-master/Scenarios_full/event_story/5213 - 百江渚实现了愿望/521310-7_ybpvM.json	bcc9dfbc4e3ae3f12cd8fe05a89bd805645b5950	1			[]	
615701-1_5nA1y	"[""615701""]"	"[""""]"	magireco-translate-data-master/Scenarios_full/login_story/6157 - 2020三周年纪念 今年最暖心的一天/615701-1_5nA1y.json	True	False	pending	21	850b49ab4421fe14c40c6f8b313a158cac55fc0b	magireco-source-master/Scenarios_full/login_story/6157 - 2020三周年纪念 今年最暖心的一天/615701-1_5nA1y.json	6661a4f30c797b88031ad730afdda032877a9d9e	16			[]	
615701-2_M73vo	"[""615701""]"	"[""""]"	magireco-translate-data-master/Scenarios_full/login_story/6157 - 2020三周年纪念 今年最暖心的一天/615701-2_M73vo.json	True	False	pending	24	63530c7d8f4205233b3a0256e9d1b49e1ff870c4	magireco-source-master/Scenarios_full/login_story/6157 - 2020三周年纪念 今年最暖心的一天/615701-2_M73vo.json	374be491c1616899cc294276df8a0f36508838aa	18			[]	
615701-3_SmOL6	"[""615701""]"	"[""""]"	magireco-translate-data-master/Scenarios_full/login_story/6157 - 2020三周年纪念 今年最暖心的一天/615701-3_SmOL6.json	True	False	pending	33	8aef99853a8353d5c5a85e26eceec95e808f060f	magireco-source-master/Scenarios_full/login_story/6157 - 2020三周年纪念 今年最暖心的一天/615701-3_SmOL6.json	767368c04a163cdda2aad8002b4c6e883580849a	23			[]	
615701-4_n4QaL	"[""615701""]"	"[""""]"	magireco-translate-data-master/Scenarios_full/login_story/6157 - 2020三周年纪念 今年最暖心的一天/615701-4_n4QaL.json	True	False	pending	26	b08b61e7c5c67a3f84a244f0e7d2c50d3d5bb669	magireco-source-master/Scenarios_full/login_story/6157 - 2020三周年纪念 今年最暖心的一天/615701-4_n4QaL.json	baca4886c7bf6054cec5e416a6cf1bbad8f98a40	17			[]	
615701-5_HYMeM	"[""615701""]"	"[""""]"	magireco-translate-data-master/Scenarios_full/login_story/6157 - 2020三周年纪念 今年最暖心的一天/615701-5_HYMeM.json	True	False	pending	45	4f5c00994388aa587d2de5866869a79850c7fe67	magireco-source-master/Scenarios_full/login_story/6157 - 2020三周年纪念 今年最暖心的一天/615701-5_HYMeM.json	9aef7131db11aefe73392453e372675a9b1151eb	36			[]	
617501-1_RZLYm	"[""617501""]"	"[""""]"	magireco-translate-data-master/Scenarios_full/login_story/6175 - 2020圣诞节 传递笑容！驯鹿圣诞老人！/617501-1_RZLYm.json	True	False	pending	72	2d0d62624eee2634073658478c2fd9e158fbf3b6	magireco-source-master/Scenarios_full/login_story/6175 - 2020圣诞节 传递笑容！驯鹿圣诞老人！/617501-1_RZLYm.json	1cf08a50e72f72fe38a9deceea041855ff180064	68			[]	
618401-2_JLtWx	"[""login_story_618401_1-7_d13a54c587""]"	"[""""]"	magireco-translate-data-master/Scenarios_full/login_story/6184 - 2021新年 各自的福袋梦/618401-2_JLtWx.json	True	False	pending	39	da66d749d48c473f9b03cf531c1c2e4628dd01a5	magireco-source-master/Scenarios_full/login_story/6184 - 2021新年 各自的福袋梦/618401-2_JLtWx.json	8546539e498dd81ddf6df72fd454274887250518	36			[]	
618401-3_ePFXc	"[""login_story_618401_1-7_d13a54c587""]"	"[""""]"	magireco-translate-data-master/Scenarios_full/login_story/6184 - 2021新年 各自的福袋梦/618401-3_ePFXc.json	True	False	pending	41	8cc2d0f73ddfd1a005ccb9da553872e772ea26c4	magireco-source-master/Scenarios_full/login_story/6184 - 2021新年 各自的福袋梦/618401-3_ePFXc.json	27aa5934c5c2d51e01d9b42d608a66c5076976e0	37			[]	
618401-5_yS9CT	"[""login_story_618401_1-7_d13a54c587""]"	"[""""]"	magireco-translate-data-master/Scenarios_full/login_story/6184 - 2021新年 各自的福袋梦/618401-5_yS9CT.json	True	False	pending	33	592c82887780aebab1eee00cff0c78f6b4f0c5a2	magireco-source-master/Scenarios_full/login_story/6184 - 2021新年 各自的福袋梦/618401-5_yS9CT.json	42e10cdb2f28f7f45de785ef57e95e888ebbe12a	32			[]	
618401-6_Pt8Qm	"[""login_story_618401_1-7_d13a54c587""]"	"[""""]"	magireco-translate-data-master/Scenarios_full/login_story/6184 - 2021新年 各自的福袋梦/618401-6_Pt8Qm.json	True	False	pending	38	f0250d35672673f85a53dbb6f5de6898cd60ba06	magireco-source-master/Scenarios_full/login_story/6184 - 2021新年 各自的福袋梦/618401-6_Pt8Qm.json	8902a00513d960470e4e49b4f455512a544de2bd	35			[]	
618401-7_aUwB4	"[""login_story_618401_1-7_d13a54c587""]"	"[""""]"	magireco-translate-data-master/Scenarios_full/login_story/6184 - 2021新年 各自的福袋梦/618401-7_aUwB4.json	True	False	pending	39	8e7a2f1e6a96bb1880fc22c241eaf42cf02a79b1	magireco-source-master/Scenarios_full/login_story/6184 - 2021新年 各自的福袋梦/618401-7_aUwB4.json	d3f42628e804111358b9f29392871a5c05377a9f	30			[]	
619001-2_RSKc2	"[""619001""]"	"[""""]"	magireco-translate-data-master/Scenarios_full/login_story/6190 - 阿什莉·泰勒登场纪念 神滨卡哇伊收藏/619001-2_RSKc2.json	True	False	pending	48	294a4c1fed45f1e36a27f5bd6d692bba11b1b52e	magireco-source-master/Scenarios_full/login_story/6190 - 阿什莉·泰勒登场纪念 神滨卡哇伊收藏/619001-2_RSKc2.json	e1b82b1371bc1522cfbac9d5bd7876ba7b5c1527	45			[]	
619001-3_BgJvj	"[""619001""]"	"[""""]"	magireco-translate-data-master/Scenarios_full/login_story/6190 - 阿什莉·泰勒登场纪念 神滨卡哇伊收藏/619001-3_BgJvj.json	True	False	pending	41	dd274f5cf926485f359a67729f81bdfbaa1250f6	magireco-source-master/Scenarios_full/login_story/6190 - 阿什莉·泰勒登场纪念 神滨卡哇伊收藏/619001-3_BgJvj.json	6b32df6d5dfb511a74af7097ecd34fcf4c257748	33			[]	
619001-4_vZcvn	"[""619001""]"	"[""""]"	magireco-translate-data-master/Scenarios_full/login_story/6190 - 阿什莉·泰勒登场纪念 神滨卡哇伊收藏/619001-4_vZcvn.json	True	False	pending	49	99ba7567f3265c7eb577f9906ecb23d67d4e661d	magireco-source-master/Scenarios_full/login_story/6190 - 阿什莉·泰勒登场纪念 神滨卡哇伊收藏/619001-4_vZcvn.json	4b4bb5a327d225c2c25e949760a8db543f91bda9	42			[]	
619001-6_QDrPX	"[""619001""]"	"[""""]"	magireco-translate-data-master/Scenarios_full/login_story/6190 - 阿什莉·泰勒登场纪念 神滨卡哇伊收藏/619001-6_QDrPX.json	True	False	pending	50	57c645d0fa8acc4394151f7d6a4e5fa21d665e0e	magireco-source-master/Scenarios_full/login_story/6190 - 阿什莉·泰勒登场纪念 神滨卡哇伊收藏/619001-6_QDrPX.json	175e5426b3ef845caf85e304d24ad579a98ec3af	42			[]	
619001-7_UhNYG	"[""619001""]"	"[""""]"	magireco-translate-data-master/Scenarios_full/login_story/6190 - 阿什莉·泰勒登场纪念 神滨卡哇伊收藏/619001-7_UhNYG.json	True	False	pending	50	1b8fb6a66907c5c0270f815dc9d3f9a0717d6984	magireco-source-master/Scenarios_full/login_story/6190 - 阿什莉·泰勒登场纪念 神滨卡哇伊收藏/619001-7_UhNYG.json	57d70624e4c5b1512aae0cb315f033e66748e7e2	46			[]	
626601-1_rA8w6	"[""626601""]"	"[""""]"	magireco-translate-data-master/Scenarios_full/login_story/6266 - 2021圣诞节 圣诞快乐在大家手中/626601-1_rA8w6.json	True	False	pending	67	9266f12603981ed2a96e5d5c06ffe37462a06fd4	magireco-source-master/Scenarios_full/login_story/6266 - 2021圣诞节 圣诞快乐在大家手中/626601-1_rA8w6.json	9aa784248f1ef2f5222923e604d2a9eec3b144ff	58			[]	
628101-1_WEevr	"[""628101""]"	"[""""]"	magireco-translate-data-master/Scenarios_full/login_story/6281 - 2022情人节 将思念包围的情人节！/628101-1_WEevr.json	True	False	pending	65	94c654d952b59da610c1d199eb95ee5ad8110d62	magireco-source-master/Scenarios_full/login_story/6281 - 2022情人节 将思念包围的情人节！/628101-1_WEevr.json	88462d8a47a636dcb7e8a24bc8d8b6bdda68d5c6	59			[]	
634101-1_OqCMa	"[""634101""]"	"[""""]"	magireco-translate-data-master/Scenarios_full/login_story/6341 - 2022圣诞节 不要让圣诞老人看见眼泪/634101-1_OqCMa.json	True	False	pending	80	edd320cf11aad18f9598b5e759574aa22a83b570	magireco-source-master/Scenarios_full/login_story/6341 - 2022圣诞节 不要让圣诞老人看见眼泪/634101-1_OqCMa.json	affb462eece470f6c7f536588f57f2c21f3420d3	68			[]	
101507-7_3hUBN	"[""main_story_101507_1-7_14b97579aa""]"	"[""第7话 这里就是我的归宿 ここが私の居場所""]"	magireco-translate-data-master/Scenarios_full/main_story/1015-05 - 第I部 第5章/101507-7_3hUBN.json	True	False	pending	83	9c3882110c1e2a238e22816d843c219523fd7bfb	magireco-source-master/Scenarios_full/main_story/1015-05 - 第I部 第5章/101507-7_3hUBN.json	1cf368d32a3bf3a051c519595fa1c03e21faff20	4			[]	
103105-11_32rIq	[]	[]	magireco-translate-data-master/Scenarios_full/main_story/1031-21 - 第II部 第10章 - 集結の百禍編/103105-11_32rIq.json	False	False	pending	49	19e13d054db9d36b17624f4278120ea1bae5b2d7	magireco-source-master/Scenarios_full/main_story/1031-21 - 第II部 第10章 - 集結の百禍編/103105-11_32rIq.json	204147c06b4b6e1b8c0fd2d056197ad90e5237ee	40			[3309]	
420131-1	"[""mirror_story_420131_1-4_9c6c2dfea7""]"	"[""""]"	magireco-translate-data-master/Scenarios_full/mirror_story/420131-1~4记忆博物馆-篠目夜鹤/420131-1.json	True	False	pending	70	718b803db3fd9536ed45faddf9052f61a6e9648d	magireco-source-master/Scenarios_full/mirror_story/420131-1~4记忆博物馆-篠目夜鹤/420131-1.json	6d0ae60eb09b30470678a7aebf6ba6bfa12024bc	59			[]	
420131-2	"[""mirror_story_420131_1-4_9c6c2dfea7""]"	"[""""]"	magireco-translate-data-master/Scenarios_full/mirror_story/420131-1~4记忆博物馆-篠目夜鹤/420131-2.json	True	False	pending	93	d6ae3b384025c3bd05d3c09463516bc907fa0d84	magireco-source-master/Scenarios_full/mirror_story/420131-1~4记忆博物馆-篠目夜鹤/420131-2.json	a2fccc7b5540bcc4557886a38cab321018b92b4b	79			[]	
420131-3	"[""mirror_story_420131_1-4_9c6c2dfea7""]"	"[""""]"	magireco-translate-data-master/Scenarios_full/mirror_story/420131-1~4记忆博物馆-篠目夜鹤/420131-3.json	True	False	pending	50	3bfa806dc1741a3cb6e439edd444407de77033e6	magireco-source-master/Scenarios_full/mirror_story/420131-1~4记忆博物馆-篠目夜鹤/420131-3.json	609c040d5515eb88c5c5f6cac2c593df5ac54034	42			[]	
420131-4	"[""mirror_story_420131_1-4_9c6c2dfea7""]"	"[""""]"	magireco-translate-data-master/Scenarios_full/mirror_story/420131-1~4记忆博物馆-篠目夜鹤/420131-4.json	True	False	pending	68	9f1d5c0d2908a71c5b9f8b12f1e93dc56e9b6ab8	magireco-source-master/Scenarios_full/mirror_story/420131-1~4记忆博物馆-篠目夜鹤/420131-4.json	7a2fb564c21098b173c64ba1fadad6694994620e	57			[]	
