source	target	mapping_kind	source_bytes	target_bytes	source_sha256	target_sha256	source_width	source_height	target_width	target_height	same_dimensions	visible_change_ratio	visible_identical_ratio	alpha_change_ratio	visual_mae	dhash_distance	confidence	reason
resource/image_web/announce/announce_event_10031.png	resource/image_web/announce/announce_event_10031.png	same_path	97832	93994	2cc8a1ec4d6a1d722a57d93a15387b85d57b65761fdc220e9ab24e5323cd1658	6c1eed633dd0a76dfbc61b4e51b6b5ed1ae4bcde7bffb5ebfca3c093779a4ff2	768	588	768	588	True	0.371353	0.628647	0.065518	5.82924	0.042969	review	same path/dimensions and structurally close; visual review required
resource/image_web/announce/announce_event_10083.png	resource/image_web/announce/announce_event_10083.png	same_path	86308	80187	193c52e824360c4cffee1fbe4fe45a788b1826a48dc91c0c2d949eb089f5b550	1ca2b1f45d2a1a6f0f5a8db70636c1c700873ca362bac70de86c3eeda145b296	768	322	768	322	True	0.067781	0.932219	0.037433	1.154569	0.007812	review	same path/dimensions and structurally close; visual review required
resource/image_web/announce/announce_event_10302.png	resource/image_web/announce/announce_event_10302.png	same_path	155174	142985	020532c682ae22a6f88192dda95cba2acd4f2cab20856e1088c053248c6b167b	c6c4fd5b6d995ae4a0acec48817503074fc4b8edd2105a9f2831bc984b98d402	768	568	768	568	True	0.29792	0.70208	0.023703	4.60607	0.101562	review	same path/dimensions and structurally close; visual review required
resource/image_web/announce/announce_memoria_1016.png	resource/image_web/announce/announce_memoria_1016.png	same_path	39414	37120	c36a953cfea905ef631cb949c004ba2fd24e651068a9db27135288ac678fa736	98d559b9ec717f15b73c14de073ed2efd3961a6b5fd8738c7d469201e6abf3f6	768	282	768	282	True	0.102781	0.897219	0.039007	5.604749	0.078125	review	same path/dimensions and structurally close; visual review required
resource/image_web/announce/announce_memoria_1017.png	resource/image_web/announce/announce_memoria_1017.png	same_path	38366	35984	de772e033e277ef4945ea1ea11ff9d91a6164b793b3213db04ed0996aefdf562	d00b1ef79e6c1cdcd3e1549d57323220af60497654c3c3c50eae68cee5081611	768	282	768	282	True	0.129109	0.870891	0.047309	7.368468	0.078125	review	same path/dimensions and structurally close; visual review required
resource/image_web/announce/announce_memoria_1062.png	resource/image_web/announce/announce_memoria_1062.png	same_path	47495	45517	0e1072b606225a8d7e771725b0c58c1fcefb275af0cd20025ad8888f4c153d78	ff1597efb22a4f897eb0316828b11e21ae798ceb39ff585796e8ede39f6dc9d7	768	282	768	282	True	0.106014	0.893986	0.045204	6.676827	0.089844	review	same path/dimensions and structurally close; visual review required
resource/image_web/announce/announce_memoria_1070.png	resource/image_web/announce/announce_memoria_1070.png	same_path	46561	44680	abef1a68bbde6bd310813c7abbc9aa0c10b8aa25c32e6b44a318d895dabbc308	945ef1b6516415def275818297ac5d9972da7772bacbcad1892b711bedd5e4c5	768	282	768	282	True	0.127429	0.872571	0.055639	8.007259	0.152344	review	same path/dimensions and structurally close; visual review required
resource/image_web/campaign/arena_reward_up/common/arena_coin_2000.png	resource/image_web/campaign/arena_reward_up/common/arena_coin_2000.png	same_path	6745	6606	f34dfe1a3c8930e8411663da00c929ddd86c6e524d26027482fcc33253459018	f346b822305d32188d5060524bbcc75eb2e843af546d75f08e1b7a561bd2cd93	372	176	372	176	True	0.100852	0.899148	0.000489	4.033407	0.140625	review	same path/dimensions and structurally close; visual review required
resource/image_web/campaign/box_gacha/common/icon_pickup.png	resource/image_web/campaign/box_gacha/common/icon_pickup.png	same_path	2656	2714	ab003d75d33177bb7486bfcbc4490014a53a9819d603afd41a09343aef83466a	aa58213fc0aed59669e589455fb1ac298dae05aacf359a31adb72f9b03fa2f82	62	62	62	62	True	0.290062	0.709938	0.030697	5.597538	0.085938	review	same path/dimensions and structurally close; visual review required
resource/image_web/campaign/box_gacha/common/icon_pickup_gray.png	resource/image_web/campaign/box_gacha/common/icon_pickup_gray.png	same_path	2446	2468	1f0a68cfb722638b5334cee3cb223f95b6bd6b169c546de111c7e1f18362b3fb	d7c9dba75cd045ff62d675304bbc3b4e975b0a29ea863648106eca5f1e21a1d7	62	62	62	62	True	0.253122	0.746878	0.030697	4.406751	0.148438	review	same path/dimensions and structurally close; visual review required
resource/image_web/campaign/box_gacha/common/icon_purchased.png	resource/image_web/campaign/box_gacha/common/icon_purchased.png	same_path	1196	870	750b81c1d176eab520c86e1b57c55a2d1f08bff29dc1df457576f94076d8df77	856a02efa1fac8addd20f36681227d241a28e2826446e4deb45e7198f7c181ac	57	60	57	60	True	0.207895	0.792105	0.040351	4.272641	0.035156	review	same path/dimensions and structurally close; visual review required
resource/image_web/campaign/gacha_lineup/1078/gacha_1078_banner_l.png	resource/image_web/campaign/gacha_lineup/1078/gacha_1078_banner_l.png	same_path	29037	25399	643a2b4024b9cb6e78c0f0eb11206f94838bd3e2bd6e459f7daad092f516e035	c4b24b15a55c95f414c837e1c13887cfbff030b758629ad256cbc7f7eb82103a	870	353	870	353	True	0.138927	0.861073	0.067377	10.271355	0.09375	review	same path/dimensions and structurally close; visual review required
resource/image_web/campaign/gacha_lineup/1079/gacha_1079_banner_l.png	resource/image_web/campaign/gacha_lineup/1079/gacha_1079_banner_l.png	same_path	29037	25399	643a2b4024b9cb6e78c0f0eb11206f94838bd3e2bd6e459f7daad092f516e035	c4b24b15a55c95f414c837e1c13887cfbff030b758629ad256cbc7f7eb82103a	870	353	870	353	True	0.138927	0.861073	0.067377	10.271355	0.09375	review	same path/dimensions and structurally close; visual review required
resource/image_web/campaign/half_ap/1015/global_icon.png	resource/image_web/campaign/half_ap/1015/global_icon.png	same_path	9813	9911	e3a81ed4187c01eb5b1f33c8d63b411df6f38347aa6d91874b4a898884e5cdb3	4b42ed6a69644a1c7bd6d85ffe3cb47599ac253618535758f4aeaa3faf513d65	372	176	372	176	True	0.17771	0.82229	0.035634	11.309671	0.207031	review	same path/dimensions and structurally close; visual review required
resource/image_web/campaign/half_ap/1020/global_icon.png	resource/image_web/campaign/half_ap/1020/global_icon.png	same_path	9767	9874	ea9267dd49322cf16e40faa23f90c74dcc4042a13cc45cd5bece55bdbe921e9d	d5497cf3918e935ec1b29ad94936612bd6f9fca12ba2d1385aef8e4334cbc3d1	372	176	372	176	True	0.196237	0.803763	0.026805	9.065719	0.175781	review	same path/dimensions and structurally close; visual review required
resource/image_web/campaign/half_ap/1025/global_icon.png	resource/image_web/campaign/half_ap/1025/global_icon.png	same_path	9021	8743	ea28d446d8d8b6f76603014f494308122b61572c484d74e3189d7c48719f7403	8a081ae7e457900b1e7eaf747a5e3cc5c86e0afb309be5edd40ea0945038a4e0	372	176	372	176	True	0.170531	0.829469	0.000993	4.576137	0.148438	review	same path/dimensions and structurally close; visual review required
resource/image_web/campaign/half_ap/1033/global_icon.png	resource/image_web/campaign/half_ap/1033/global_icon.png	same_path	9459	9748	f98a5e24d26521e02bd4ca37e0996fc85b0b3a0e259e1872a3eab52b80531268	273c339b2eb64c4150521fc16957de5fb60b86a113c55ef04b2d7b20b61c440e	372	176	372	176	True	0.246533	0.753467	0.059842	13.053066	0.210938	review	same path/dimensions and structurally close; visual review required
resource/image_web/campaign/half_ap/1047/global_icon.png	resource/image_web/campaign/half_ap/1047/global_icon.png	same_path	9021	6282	ea28d446d8d8b6f76603014f494308122b61572c484d74e3189d7c48719f7403	db89eb5b5e44abfb9ff48e56ad2b0a08ec4bbf02d86cc223f1192128afbecc34	372	176	372	176	True	0.174655	0.825345	0.004552	4.645414	0.148438	review	same path/dimensions and structurally close; visual review required
resource/image_web/campaign/half_ap/1054/global_icon.png	resource/image_web/campaign/half_ap/1054/global_icon.png	same_path	9414	8645	3b2bdeaf3df22c5116d1b2ae22778081b4c0c40b28ca02bafc2f3ab02c910a99	bde74aad6f50d13eedb6eec8d0ec29fe31083fa54f261945b1b76f925e33c2ae	372	176	372	176	True	0.248778	0.751222	0.059567	12.987042	0.203125	review	same path/dimensions and structurally close; visual review required
resource/image_web/campaign/half_ap/1074/global_icon.png	resource/image_web/campaign/half_ap/1074/global_icon.png	same_path	14569	8743	78fab2993b2234f3d2e067370b1f424b5867fec8b4c262050fa4120db530fcfe	8a081ae7e457900b1e7eaf747a5e3cc5c86e0afb309be5edd40ea0945038a4e0	372	176	372	176	True	0.170195	0.829805	0.00055	4.571949	0.140625	review	same path/dimensions and structurally close; visual review required
resource/image_web/campaign/half_ap/common/ap_all_half.png	resource/image_web/campaign/half_ap/common/ap_all_half.png	same_path	8963	8743	309b293adf092b6202f29a2f7266dd962ccc4498b13f13574960e25213a4f516	8a081ae7e457900b1e7eaf747a5e3cc5c86e0afb309be5edd40ea0945038a4e0	372	176	372	176	True	0.099187	0.900813	0.000137	4.468358	0.148438	review	same path/dimensions and structurally close; visual review required
resource/image_web/campaign/half_ap/common/ap_main_half.png	resource/image_web/campaign/half_ap/common/ap_main_half.png	same_path	9935	9625	ec94b7139af98e045697069a28173c98c52b610b3fa807b4758905470795ea6c	29e2d9a3301540ff1d51587e040655313a7c05a5391ce545a73d8850faabb90c	372	176	372	176	True	0.166697	0.833303	0.032732	10.983556	0.203125	review	same path/dimensions and structurally close; visual review required
resource/image_web/campaign/login_bonus/1012/campaign_1012_ribon.png	resource/image_web/campaign/login_bonus/1012/campaign_1012_ribon.png	same_path	6221	6504	38d1d1e0280344eb0080594e31bda7185676c51f506b67f048f55bc944359b98	053d9b4817a5c2f3d7df2f585d2a534fb4f975cbde75cae9e58a077cd04cb387	494	64	494	64	True	0.256231	0.743769	0.0	5.189851	0.214844	review	same path/dimensions and structurally close; visual review required
resource/image_web/campaign/point_up/common/yell_all_2000.png	resource/image_web/campaign/point_up/common/yell_all_2000.png	same_path	6622	6593	e1dad93356dc1a9a65b533fb040a1a6e30f76e2ec8b76bdd537e8939bc7907a5	5041452b2db075b4fbe8c08e2a10cb7a2dbe48aae878b9ceba89d5da2fdf3606	372	132	372	132	True	0.139133	0.860867	0.0	4.520908	0.175781	review	same path/dimensions and structurally close; visual review required
resource/image_web/campaign/story/1013/campaign_bg_01.png	resource/image_web/campaign/story/1013/campaign_bg_01.png	same_path	254253	208294	827257b22e13c3f0917909eafe186dc1459cf8821bf4cbfd876ef561d599b716	1ae44f32b5440bd2a59b2a3dcf659c11cd92272250018b9617ea0060cf873a52	1024	768	1024	768	True	0.34359	0.65641	0.0	1.537052	0.050781	review	same path/dimensions and structurally close; visual review required
resource/image_web/campaign/story/1061/campaign_bg_4.png	resource/image_web/campaign/story/1061/campaign_bg_4.png	same_path	190561	183747	fd57cb465f0846e1ade5696e9c52098010724d2b6799d62db946b6c2d7834396	00720c79fce4715bb48aeabd4590e26667c8e4380a934cb657b4b2902b5b6c24	1024	768	1024	768	True	0.296548	0.703452	0.0	3.475975	0.050781	review	same path/dimensions and structurally close; visual review required
resource/image_web/campaign/story/1061/campaign_bg_6.png	resource/image_web/campaign/story/1061/campaign_bg_6.png	same_path	188713	185409	e80c8cd620ab97a361d2e69b6f24b6529beb6f590738fd856f2e9705e50eb16f	102ad0189df67b871c3004149c27db30355a674cb8f1d02124e6a7fd9316f423	1024	768	1024	768	True	0.2979	0.7021	0.0	3.454791	0.046875	review	same path/dimensions and structurally close; visual review required
resource/image_web/common/chara/result_text_evolve.png	resource/image_web/common/chara/result_text_evolve.png	same_path	4765	4766	e7398ac0fdba1e2a706dcc6d1f330f362c981d1cd0e60f8b3851256ae5974012	2c331dd5d49935c4ede9cb715e2eeb7ec266af1f48e9d7f56e11a8a945cf3538	282	110	282	110	True	0.157866	0.842134	0.059994	3.698386	0.027344	review	same path/dimensions and structurally close; visual review required
resource/image_web/common/filter/btn_chara_descending.png	resource/image_web/common/filter/btn_chara_descending.png	same_path	1373	1918	9ebd99eb23dfc8dc4241bc4a1f70cedbe8b09dcbdb281ffdf9c8e164fd769a7b	2f8a36cd7b73c2776fc88c507582fa234677fbc1265351e27dec2bd07fb9e755	48	54	48	54	True	0.282407	0.717593	0.005401	5.552144	0.144531	review	same path/dimensions and structurally close; visual review required
resource/image_web/common/filter/btn_memoria_ascending.png	resource/image_web/common/filter/btn_memoria_ascending.png	same_path	1347	1882	48affa7e66d4da4c14895f19b54df91f3bd49a249ab64e050a5aaa77038fb111	d4a406eee2eb7c79a03283b7a3daf84e1723b3a25ab4dc504d49e9cb1e58d019	80	24	80	24	True	0.378125	0.621875	0.021875	7.863448	0.167969	review	same path/dimensions and structurally close; visual review required
resource/image_web/common/filter/btn_memoria_descending.png	resource/image_web/common/filter/btn_memoria_descending.png	same_path	1364	1899	a3357dc5fdaf16463f0df7aacf1bb6d62ca79b107292b1107f209c0e05df95d7	e5d4ddd2b5afcc2cddebc094fe34d5f7c9ee77c11a784e12ec59876925686ef7	80	24	80	24	True	0.391146	0.608854	0.017708	7.598471	0.1875	review	same path/dimensions and structurally close; visual review required
resource/image_web/common/global/gacha_badge_a.png	resource/image_web/common/global/gacha_badge_a.png	same_path	2780	1851	fd935c9a324a22464650bc39c9ad9ff13ccad4524ab7c2f8a46ae3645ef0f2bf	aaec97ccc25f67ead8814abfa43b87faf77953c071807db09e26dfa41331ad56	104	46	104	46	True	0.347199	0.652801	0.025084	9.649527	0.175781	review	same path/dimensions and structurally close; visual review required
resource/image_web/common/icon/campaign/icon_campaign_1004_exchange_f.png	resource/image_web/common/icon/campaign/icon_campaign_1004_exchange_f.png	same_path	3055	5865	4f66545668d5491209df61a5aa7fac0ff6e974b34751a325f01c9024dfe31919	f012943c98adf9574685531d3da293ed900ed9522cebf9e2556f29f8d7c7d18e	68	68	68	68	True	0.301687	0.698313	0.021843	0.690652	0.011719	review	same path/dimensions and structurally close; visual review required
resource/image_web/common/icon/campaign/icon_campaign_1012_exchange_f.png	resource/image_web/common/icon/campaign/icon_campaign_1012_exchange_f.png	same_path	3055	5865	4f66545668d5491209df61a5aa7fac0ff6e974b34751a325f01c9024dfe31919	f012943c98adf9574685531d3da293ed900ed9522cebf9e2556f29f8d7c7d18e	68	68	68	68	True	0.301687	0.698313	0.021843	0.690652	0.011719	review	same path/dimensions and structurally close; visual review required
resource/image_web/common/icon/event/icon_event_dailytower_1062_exchange_1_f.png	resource/image_web/common/icon/event/icon_event_dailytower_1062_exchange_1_f.png	same_path	2952	2909	8a61b942767d742aac0bfb98405c568c03bcc357115aa2a786d19f12f48f0ce7	0472bdcb73b33107159aa227d7996e4d642d1673806b74c2e8ef891f6781a5f2	68	68	68	68	True	0.413711	0.586289	0.066825	9.810948	0.082031	review	same path/dimensions and structurally close; visual review required
resource/image_web/common/icon/gacha/icon_gacha_freebie_medal_lightblue.png	resource/image_web/common/icon/gacha/icon_gacha_freebie_medal_lightblue.png	same_path	1687	2084	ad62ca8d428d472da3a89bcefe35bcc5dc3652716c5cc83db274667fb4859198	905cfdb1d9f7e96597cd61e2b0432b2afe9897fae064da95ac208ed1f901b7e8	30	30	30	30	True	0.216667	0.783333	0.037778	0.548211	0.007812	review	same path/dimensions and structurally close; visual review required
resource/image_web/common/icon/gacha_old/icon_gacha_freebie_376_medal.png	resource/image_web/common/icon/gacha_old/icon_gacha_freebie_376_medal.png	same_path	1573	2169	ec343396dc1172fb099fc6029f1a6f83cb57da8585806f190cff08ffd8c1ff81	9e2c22a38002fa5007e49533749c46a7a1208e481fca4ed79e63c601b61392ee	30	30	30	30	True	0.343333	0.656667	0.026667	0.634627	0.015625	review	same path/dimensions and structurally close; visual review required
resource/image_web/common/memoria/memoria_unable.png	resource/image_web/common/memoria/memoria_unable.png	same_path	3839	3513	35d715b5d6962231e54669c430b0cfabcf87e9f2de941fe509a80e0633256e91	f12783189900d106718185f8763c4d57d93fc6e0c1cc1ebb377d385624c8de55	132	132	132	132	True	0.149793	0.850207	0.047693	7.602841	0.105469	review	same path/dimensions and structurally close; visual review required
resource/image_web/common/memoria/memoria_unable_ability.png	resource/image_web/common/memoria/memoria_unable_ability.png	same_path	3618	3476	a146b9fb55c738d8d45cce14bf695ff582ac431717c72331567c46a28a8786e5	dec36313de965d61530388547939d192a5900feeefcfea6c4449ffd78a2f86d6	132	132	132	132	True	0.16483	0.83517	0.059573	9.998873	0.210938	review	same path/dimensions and structurally close; visual review required
resource/image_web/common/memoria/memoria_unable_chara.png	resource/image_web/common/memoria/memoria_unable_chara.png	same_path	3953	3659	a10b9b1b258e4d20198a20e6e47f6d78d4bed17b651df8b6c0a76f29b2cda972	bd58cabe1cb6dbcfe23c78b79326e0602d5837e3faec6fd76875177a9621a4f3	132	132	132	132	True	0.160468	0.839532	0.050849	8.073082	0.117188	review	same path/dimensions and structurally close; visual review required
resource/image_web/common/memoria/memoria_unable_element.png	resource/image_web/common/memoria/memoria_unable_element.png	same_path	3590	3338	d03b6383c90bb4c24554bb939542894fa3feea7b7c7c3c5b208e9dc581ffbe76	5f920f0d80e51b95c301911d4b34ddb0d3dd5e6199f314cd431bc1e72f4d070f	132	132	132	132	True	0.139233	0.860767	0.046775	7.237177	0.101562	review	same path/dimensions and structurally close; visual review required
resource/image_web/common/treasure/event/event_branch_1005_part_1_close.png	resource/image_web/common/treasure/event/event_branch_1005_part_1_close.png	same_path	19026	61543	2a127d4d553eea9db1ebe13504ec219750c4889cee5ff6898aa073477becd904	4ff1ea39d33c3bc4ac92c8e2e561ffe3fa06f725618dbcabaee2853ff1a2a555	256	240	256	240	True	0.288949	0.711051	0.011458	0.571357	0.007812	review	same path/dimensions and structurally close; visual review required
resource/image_web/common/treasure/event/event_branch_1005_part_1_open.png	resource/image_web/common/treasure/event/event_branch_1005_part_1_open.png	same_path	23809	78013	5462ef051c2c3a232462a04b29b987b391b73b5415001136840e96820f2159cd	cab96f6c817128812f2815341a30f5a31bd82471b2d19b73e32e73431346ec37	256	240	256	240	True	0.303174	0.696826	0.012907	0.692069	0.007812	review	same path/dimensions and structurally close; visual review required
resource/image_web/common/treasure/event/event_branch_1005_part_2_close.png	resource/image_web/common/treasure/event/event_branch_1005_part_2_close.png	same_path	19026	61543	2a127d4d553eea9db1ebe13504ec219750c4889cee5ff6898aa073477becd904	4ff1ea39d33c3bc4ac92c8e2e561ffe3fa06f725618dbcabaee2853ff1a2a555	256	240	256	240	True	0.288949	0.711051	0.011458	0.571357	0.007812	review	same path/dimensions and structurally close; visual review required
resource/image_web/common/treasure/event/event_branch_1005_part_2_open.png	resource/image_web/common/treasure/event/event_branch_1005_part_2_open.png	same_path	23809	78013	5462ef051c2c3a232462a04b29b987b391b73b5415001136840e96820f2159cd	cab96f6c817128812f2815341a30f5a31bd82471b2d19b73e32e73431346ec37	256	240	256	240	True	0.303174	0.696826	0.012907	0.692069	0.007812	review	same path/dimensions and structurally close; visual review required
resource/image_web/common/treasure/event/event_branch_1059_part_1_close.png	resource/image_web/common/treasure/event/event_branch_1059_part_1_close.png	same_path	19026	61543	2a127d4d553eea9db1ebe13504ec219750c4889cee5ff6898aa073477becd904	4ff1ea39d33c3bc4ac92c8e2e561ffe3fa06f725618dbcabaee2853ff1a2a555	256	240	256	240	True	0.288949	0.711051	0.011458	0.571357	0.007812	review	same path/dimensions and structurally close; visual review required
resource/image_web/common/treasure/event/event_branch_1059_part_1_open.png	resource/image_web/common/treasure/event/event_branch_1059_part_1_open.png	same_path	23809	78013	5462ef051c2c3a232462a04b29b987b391b73b5415001136840e96820f2159cd	cab96f6c817128812f2815341a30f5a31bd82471b2d19b73e32e73431346ec37	256	240	256	240	True	0.303174	0.696826	0.012907	0.692069	0.007812	review	same path/dimensions and structurally close; visual review required
resource/image_web/common/treasure/event/event_branch_1059_part_2_close.png	resource/image_web/common/treasure/event/event_branch_1059_part_2_close.png	same_path	19026	61543	2a127d4d553eea9db1ebe13504ec219750c4889cee5ff6898aa073477becd904	4ff1ea39d33c3bc4ac92c8e2e561ffe3fa06f725618dbcabaee2853ff1a2a555	256	240	256	240	True	0.288949	0.711051	0.011458	0.571357	0.007812	review	same path/dimensions and structurally close; visual review required
resource/image_web/common/treasure/event/event_branch_1059_part_2_open.png	resource/image_web/common/treasure/event/event_branch_1059_part_2_open.png	same_path	23809	78013	5462ef051c2c3a232462a04b29b987b391b73b5415001136840e96820f2159cd	cab96f6c817128812f2815341a30f5a31bd82471b2d19b73e32e73431346ec37	256	240	256	240	True	0.303174	0.696826	0.012907	0.692069	0.007812	review	same path/dimensions and structurally close; visual review required
resource/image_web/event/accomplish/1019/reward_header.png	resource/image_web/event/accomplish/1019/reward_header.png	same_path	11045	11451	67ae95020a34f1b7cc742f50a3539e3db00e3b18cdb871bb7305b6090a8ba0a8	5895705b6b6598c076b6398b2e0fbca407748847ca584d5177578b7298fe0dfd	868	48	868	48	True	0.288762	0.711238	0.00048	5.37416	0.164062	review	same path/dimensions and structurally close; visual review required
resource/image_web/event/accomplish/1027/event_pop.png	resource/image_web/event/accomplish/1027/event_pop.png	same_path	6929	6940	088a19624fe891c625efa69394bfe077925b38cdeec88746a09a210ddaf81f7e	67d01de2c4c4443a763b15d1cd1606e5c66547cf3eb108ad4a5cec7ba37e2d6c	128	152	128	152	True	0.190275	0.809725	0.027704	8.788003	0.148438	review	same path/dimensions and structurally close; visual review required
resource/image_web/event/accomplish/1027/reward_header.png	resource/image_web/event/accomplish/1027/reward_header.png	same_path	7677	12241	e2f205660001db3354a64f7a2fc49826b21f729250e4903f8fef749849bca285	2cd4ea6989aeefc0672ca42b2aef11044efcdb4ed42b97207d2931381e6310dc	868	48	868	48	True	0.257849	0.742151	0.001056	6.18832	0.167969	review	same path/dimensions and structurally close; visual review required
resource/image_web/event/accomplish/1027/title_challenge.png	resource/image_web/event/accomplish/1027/title_challenge.png	same_path	3932	4076	caad15752f8bd2b33a4cc970bce69d0ac8e28d8f20a2fafb48fe8908b6346b9b	4e6ebe58f5b77cf1f6a30f742887b789133495db2bdf5f8bfbde773365e179f0	354	70	354	70	True	0.102502	0.897498	0.006659	4.558239	0.167969	review	same path/dimensions and structurally close; visual review required
resource/image_web/event/accomplish/1027/title_story.png	resource/image_web/event/accomplish/1027/title_story.png	same_path	3747	3629	c9dcd08985ecc353a3622d074ea854ef0ac183c24899bd66f200d589f2d1d6a1	f727106bb20621ac0dde64656ad003aae520ff9aa1bc1549333ce1d2e4e286a9	354	70	354	70	True	0.095359	0.904641	0.0	4.724428	0.179688	review	same path/dimensions and structurally close; visual review required
resource/image_web/event/accomplish/1042/event_pop.png	resource/image_web/event/accomplish/1042/event_pop.png	same_path	6556	5706	6e06ecbd24bdcde07318610e68abb15e8b4b9c4c94a5fd32613ddc61f75c53f3	62e1578d0c9016b99665e88457d96b7c511384771cf7b46c00e48378dbeb5022	128	152	128	152	True	0.207597	0.792403	0.054688	1.007785	0.019531	review	same path/dimensions and structurally close; visual review required
resource/image_web/event/accomplish/1042/tab_limited_quest_s.png	resource/image_web/event/accomplish/1042/tab_limited_quest_s.png	same_path	5064	4704	58f65052e11489f0f09fca9e968b9b9c9d5ce0bbb9f7484d1a740abb74b5906a	ec906d2e9f3d13e708e59687be4580c141411a6437f5d4158338051710341aad	180	50	180	50	True	0.372667	0.627333	0.0	4.057963	0.046875	review	same path/dimensions and structurally close; visual review required
resource/image_web/event/accomplish/1042/title_challenge.png	resource/image_web/event/accomplish/1042/title_challenge.png	same_path	5413	2756	bca2cbd5bcb38eba5b6013b2a2be3c7c7386692dd64abe2e431ba3ffaeeacb89	e52b11a270ead6901b12ef8ee6ebf1e29f7526abb4ede73458a6d4615e216ba2	354	70	354	70	True	0.101251	0.898749	0.0	3.28977	0.152344	review	same path/dimensions and structurally close; visual review required
resource/image_web/event/accomplish/1042/title_story.png	resource/image_web/event/accomplish/1042/title_story.png	same_path	3220	2421	a0daadaf4595ce36d47232e035f15d941b9eaf64dc18282fe7c7d121a73cf3a0	768fd59814ead7ee88c59162edd6a668407b8b939fd635f0f07399d0c89cc7ad	354	70	354	70	True	0.118805	0.881195	0.000969	3.209921	0.167969	review	same path/dimensions and structurally close; visual review required
resource/image_web/event/accomplish/1085/story_collection_title.png	resource/image_web/event/accomplish/1085/story_collection_title.png	same_path	8854	26603	975629ecb3f656c3cfdd44c8863aa6d4e9b386d3d8c494b376d29113d50b416a	6bf6badbe53373e90530e2618755c82e8031a722a0f703c4d1f6a02fa5ea7b25	552	54	552	54	True	0.16982	0.83018	0.047907	0.617519	0.0	review	same path/dimensions and structurally close; visual review required
resource/image_web/event/accomplish/common/deck/bg_cure_time.png	resource/image_web/event/accomplish/common/deck/bg_cure_time.png	same_path	1913	2150	e7206fc7b297ede3a55b8ccca3225026475425c44eabd743676448ca3f2b5745	a730306ee6407a21013dc3bf70fa54cf4d79771227069d8c96c6e2f0c921e9a2	108	48	108	48	True	0.24267	0.75733	0.021026	7.579575	0.113281	review	same path/dimensions and structurally close; visual review required
resource/image_web/event/accomplish/common/enemyDetail/boss_unknown.png	resource/image_web/event/accomplish/common/enemyDetail/boss_unknown.png	same_path	58656	178081	0bd8595d3ddb593c5c349a6fac0d1d45dd48be3f18e5508f6163036b1e97f511	6ad539ff99c7b3f9fe9ad3e378b1e82caacaed8f92cec45b6263471756d631bd	568	384	568	384	True	0.11512	0.88488	0.061358	0.449811	0.0	review	same path/dimensions and structurally close; visual review required
resource/image_web/event/accomplish/common/enemyDetail/btn_challenge.png	resource/image_web/event/accomplish/common/enemyDetail/btn_challenge.png	same_path	6593	6459	b00fd28f6aac9fc63f4e2d68ec1f2a020a187a9446e832005ed94a52281f333a	11798bfeb7108c6b0f5f19bae0989326ac86dcac36f910e1396b5a056cf4426b	190	64	190	64	True	0.182812	0.817187	0.001316	3.06527	0.175781	review	same path/dimensions and structurally close; visual review required
resource/image_web/event/accomplish/common/enemyDetail/btn_challenge_gray.png	resource/image_web/event/accomplish/common/enemyDetail/btn_challenge_gray.png	same_path	6911	5777	ae3ceafa169f960392e0e75e341162ebe20982156e14b6fb7a1b2eed0b9e4bf4	68371945fbcbf76cddddc7ec19e86e1272c4ca20eaa4e7d0808b2016223a7ada	190	64	190	64	True	0.148191	0.851809	0.000164	2.40658	0.152344	review	same path/dimensions and structurally close; visual review required
resource/image_web/event/accomplish/common/recovery/icon_cure_finish.png	resource/image_web/event/accomplish/common/recovery/icon_cure_finish.png	same_path	2239	2003	7c8e35d1d7f7e5063f5bd0456cc1b54a0c421e5b9de2608e55fe6917360187cf	eab36e70bcea403449901e6e27ea03ae15a0dab217d4679d44b27f36b724204c	146	28	146	28	True	0.319472	0.680528	0.0	11.447407	0.207031	review	same path/dimensions and structurally close; visual review required
resource/image_web/event/aprilfool2018/common/btn_camera_start.png	resource/image_web/event/aprilfool2018/common/btn_camera_start.png	same_path	6313	5992	5d63c1643b4dd8e87de642b1be198d121a329eabfbce39afa87c4731236f5d4b	b941e4665f01d93278b0c7118ee11fb89f5645733431eac8d78786aff489c4e8	186	66	186	66	True	0.338384	0.661616	0.002607	2.93734	0.101562	review	same path/dimensions and structurally close; visual review required
resource/image_web/event/aprilfool2018/common/btn_timer.png	resource/image_web/event/aprilfool2018/common/btn_timer.png	same_path	4762	4962	b6bdbda38870bc689ad3b8bb6ddd225014f8e9de606add1122a6b500abb298d0	5fbc5054114ad03be1a0ee0d36745d2e640793ba74a24ff3cf215a3e053942c6	88	78	88	78	True	0.373834	0.626166	0.035548	4.651787	0.128906	review	same path/dimensions and structurally close; visual review required
resource/image_web/event/arenaMission/1006/bg_clear_condition.png	resource/image_web/event/arenaMission/1006/bg_clear_condition.png	same_path	3388	4219	1fd54bd052d54451d6cfd85ff34cec75af1b1944e36e1a04ceb73a5d6410d51c	3d313bd512a40ce905dfa97275acb435a7253127b92ff9daf7802daad0203dc0	288	58	288	58	True	0.162177	0.837823	0.023228	9.682767	0.140625	review	same path/dimensions and structurally close; visual review required
resource/image_web/event/arenaMission/1006/btn_mission.png	resource/image_web/event/arenaMission/1006/btn_mission.png	same_path	4135	4130	f54b6c4dc558d768e769e4fc78d16b24d3eb6c31b000b9fbacf78304fd8b4598	fcd438878229e835352d5c1ae76548f5e6650f2282d984670017f866570c2a8c	100	86	100	86	True	0.286744	0.713256	0.0	4.221455	0.066406	review	same path/dimensions and structurally close; visual review required
resource/image_web/event/arenaMission/1006/btn_reward.png	resource/image_web/event/arenaMission/1006/btn_reward.png	same_path	3836	4104	88d4d19c8c80a725c0a1027c7ef9aa4ff8be0c29ce5a5d1f77abf5b2ac56334c	2181bdf80dd34630457d3b235bb0e95b68cc26f8d3d60e65121e49622165ebf2	100	86	100	86	True	0.31186	0.68814	0.0	3.861136	0.105469	review	same path/dimensions and structurally close; visual review required
resource/image_web/event/arenaMission/1006/confirm/item_use_header.png	resource/image_web/event/arenaMission/1006/confirm/item_use_header.png	same_path	11278	12342	51f89f69811c35010bed83c0e14ffdd8d747374c1d6c0b4a5cadb9b52d72eb55	fc77b9d5c4ed0ab749e020ab384c07184a8859f08d084eb37d78d258331b0ec1	552	72	552	72	True	0.195702	0.804298	0.000805	6.313093	0.148438	review	same path/dimensions and structurally close; visual review required
resource/image_web/event/arenaMission/1006/matching/btn_mirrors_formation.png	resource/image_web/event/arenaMission/1006/matching/btn_mirrors_formation.png	same_path	4140	3979	bb52902fe6aa1f21ff275e513c7c6b72b39aee23d5a7802290a1a3c181927b08	aef4104a8877be8b4aec19aac1be3a68df5eb5021bb6d13c9d7749a9df58168b	182	52	182	52	True	0.256128	0.743872	0.002113	6.877625	0.171875	review	same path/dimensions and structurally close; visual review required
resource/image_web/event/arenaMission/1006/matching/infinite_enemy_pt.png	resource/image_web/event/arenaMission/1006/matching/infinite_enemy_pt.png	same_path	2540	2419	179818a394701d9f608ef94acf7c1863e83b7ecbb35ef446209f8040c6b644a5	f44d63ea721560fda8b444769e63c2c08de48b2cc292b9c0ff257fbadb59fe66	284	48	284	48	True	0.136737	0.863263	0.0	6.409323	0.15625	review	same path/dimensions and structurally close; visual review required
resource/image_web/event/arenaMission/1006/matching/infinite_pt_base.png	resource/image_web/event/arenaMission/1006/matching/infinite_pt_base.png	same_path	1893	2186	b8c1da2578c90c6983ba95e6f1149183f5c02ddff1b9e77c8296ebbe98cdaf5c	dad8810affbc6dbd2ef6d0cfe3bf6442b88770955d0808205e431150f2e36975	380	28	380	28	True	0.142011	0.857989	0.0	7.027976	0.164062	review	same path/dimensions and structurally close; visual review required
resource/image_web/event/arenaMission/1006/result/infinite_pt_bg.png	resource/image_web/event/arenaMission/1006/result/infinite_pt_bg.png	same_path	2333	3137	f09b94e6721cf36f52d5b73d26a8e26f1622d873ec520054abfe9e31b08aa5c2	73166f8bc77163f4436ba61e2524a344ce44890e41b69a7585d0af319477010b	428	42	428	42	True	0.130674	0.869326	0.0	6.945261	0.152344	review	same path/dimensions and structurally close; visual review required
resource/image_web/event/arenaMission/1006/result/result_streak_base.png	resource/image_web/event/arenaMission/1006/result/result_streak_base.png	same_path	1484	2482	d68c1992775123d66afb4b9a4bf61742e8c73af248ece856ad5f9781ee32fb15	39b876899647c0c8fdf7d034a8fbd80bf8e11baf02e1f960a3da1311f7cb8ff5	150	32	150	32	True	0.24625	0.75375	0.034583	8.953827	0.128906	review	same path/dimensions and structurally close; visual review required
resource/image_web/event/arenaMission/common/result/result_streak_base.png	resource/image_web/event/arenaMission/common/result/result_streak_base.png	same_path	1484	2482	d68c1992775123d66afb4b9a4bf61742e8c73af248ece856ad5f9781ee32fb15	39b876899647c0c8fdf7d034a8fbd80bf8e11baf02e1f960a3da1311f7cb8ff5	150	32	150	32	True	0.24625	0.75375	0.034583	8.953827	0.128906	review	same path/dimensions and structurally close; visual review required
resource/image_web/event/arenaranking/common/btn_ranking_gray.png	resource/image_web/event/arenaranking/common/btn_ranking_gray.png	same_path	51847	38449	fcc18c8bf2f495be2937f840ac40291bb048d8d74296e02a4a11bb416d522eb7	4549ae80a71c9d4222b97f44ac97a7a5258f323b113d6a39d254e124630196a4	344	344	344	344	True	0.367285	0.632715	0.002231	4.374849	0.125	review	same path/dimensions and structurally close; visual review required
resource/image_web/event/arenaranking/common/emblem/emblem_idle.png	resource/image_web/event/arenaranking/common/emblem/emblem_idle.png	same_path	1897	2294	f2b721690107cbf4605598c1e0adbfe25181e074b0c051b60514272f2235a563	9e361cb36293d32662a7a081b7a4c59f6bc2d92fc65514891ced2fb190b1aaa7	130	130	130	130	True	0.183136	0.816864	0.054556	13.396091	0.152344	review	same path/dimensions and structurally close; visual review required
resource/image_web/event/arenaranking/common/event_pop.png	resource/image_web/event/arenaranking/common/event_pop.png	same_path	11111	10604	565241953a71ee2f01d62b46ff6af7f0c041a5bf75215e97891ccb3142f0728b	fb831689492bea0f0872f4c5cc589d0c4f8cdb221cf6c44e6a7d48c476b79712	128	152	128	152	True	0.302734	0.697266	0.028731	12.341528	0.121094	review	same path/dimensions and structurally close; visual review required
resource/image_web/event/arenaranking/common/header_prelim.png	resource/image_web/event/arenaranking/common/header_prelim.png	same_path	4533	4756	9cc3432c95ef2f31af3d815e09ab60da453dff2135f7352860faca1ec352ec77	ad60f7973519afd0b28563d40ca4fae21a18bb8fabd553becb43083f2e1a167d	182	68	182	68	True	0.326519	0.673481	0.049208	8.319477	0.113281	review	same path/dimensions and structurally close; visual review required
resource/image_web/event/arenaranking/common/match/bg_break.png	resource/image_web/event/arenaranking/common/match/bg_break.png	same_path	3775	3847	0718ce00fe1694a81ea51bb06e6dbee59ce79409bbbf74f483014d17125a2336	a1f82db64759664ea79e8f057207efe3f27ef948c09c29f8b4405795acb4b347	230	60	230	60	True	0.073333	0.926667	0.067319	4.891862	0.140625	review	same path/dimensions and structurally close; visual review required
resource/image_web/event/arenaranking/common/match/icon_bonus_point.png	resource/image_web/event/arenaranking/common/match/icon_bonus_point.png	same_path	962	871	bd9f5f1cf18c7f2d75b8e14956ba625fef6fd4f951d5fa96eb1b9a66716df520	738cf87d46d76aa2d5fd53ff650104644a4f17240f79ffebcb5ecc749a4c6c81	75	24	75	24	True	0.296667	0.703333	0.042778	9.140484	0.195312	review	same path/dimensions and structurally close; visual review required
resource/image_web/event/branch/1049/tab_limited_quest_s.png	resource/image_web/event/branch/1049/tab_limited_quest_s.png	same_path	5779	5359	2f403dfde59cdac9973f4d267c8f99da156a2bb583adbd4e60827f8876ceafdf	875c764c5a5377d64779749d986017b6deff522790807a2f38e7e2fffbcb0952	180	50	180	50	True	0.235778	0.764222	0.0	5.093	0.160156	review	same path/dimensions and structurally close; visual review required
resource/image_web/event/branch/1060/tab_limited_quest_s.png	resource/image_web/event/branch/1060/tab_limited_quest_s.png	same_path	4453	3897	c3d40bb1d22f36d1853b4d3d6ba9b9980fb9349fe719354f0875bf6043584e75	cb83500591f9b8eacc5ed594fa6b9646e12096b29de5144636652acda135815b	180	50	180	50	True	0.306667	0.693333	0.0	3.162444	0.113281	review	same path/dimensions and structurally close; visual review required
resource/image_web/event/dailytower/1011/schedule_header.png	resource/image_web/event/dailytower/1011/schedule_header.png	same_path	11273	13971	3eb1e8bfb580998cc28e244c5fae45585ae2b905af5ea93e2997f6af63b9ff71	b936d448719c4a78b23527eb92cf78fb6e808399b9674efbb2d5865525b1b41b	868	48	868	48	True	0.298843	0.701157	0.000864	6.311995	0.117188	review	same path/dimensions and structurally close; visual review required
resource/image_web/event/dailytower/1021/event_dailytower_1021_exchange_1.png	resource/image_web/event/dailytower/1021/event_dailytower_1021_exchange_1.png	same_path	5448	5150	eff4d37da748bc9b9f2180f6bb65009ecb82a6e980ecbd6dee0abbf67bfcac9b	70b021cb11f318d20fdeccfa112b124345d38afe6ad08d061905e06fd22a645b	100	100	100	100	True	0.3992	0.6008	0.0012	3.06346	0.085938	review	same path/dimensions and structurally close; visual review required
resource/image_web/event/dailytower/1021/event_pop.png	resource/image_web/event/dailytower/1021/event_pop.png	same_path	7444	8086	e9ba7a4a9aa8ad626a32f66a6ed2af24c2f8984309324ab85d5cba77ea856073	4a614097b91c5a8871e5af3f0033d1839d9fac1b4646523475dee44f47dfe46e	128	152	128	152	True	0.357833	0.642167	0.060958	11.020675	0.097656	review	same path/dimensions and structurally close; visual review required
resource/image_web/event/dailytower/1021/schedule_header.png	resource/image_web/event/dailytower/1021/schedule_header.png	same_path	12104	15058	8b91a86dbd281ddcd3060dbbcfe0ac4c790752e63becb1bdb992aa4bbc34d528	0b448bf24422fc6bb7baa99ffde177fbefab1f4d65174082e875edb3fefa40b3	868	48	868	48	True	0.333669	0.666331	0.000768	4.892823	0.132812	review	same path/dimensions and structurally close; visual review required
resource/image_web/event/dailytower/1021/schedule_list.png	resource/image_web/event/dailytower/1021/schedule_list.png	same_path	47128	48300	5fa51fb34453d9fcf10825480f02b29895426854e6174ce427179aab9a2dd5ab	b786da2d5369db9d764a627abee7df3909b2e1c30973775ccdf5f2c9255178bd	868	736	868	736	True	0.148412	0.851588	0.006689	5.448063	0.179688	review	same path/dimensions and structurally close; visual review required
resource/image_web/event/dailytower/1025/event_pop.png	resource/image_web/event/dailytower/1025/event_pop.png	same_path	7474	6598	3af3d6f13fa1462a16658d2b5349a6aeefdd7134079c7db29f675d18486c75d9	ec9bfec5e7e247e0a3ac0c57e4cf8b198db09de8dd29ad8b1368946e6828a32f	128	152	128	152	True	0.283717	0.716283	0.010537	3.16577	0.058594	review	same path/dimensions and structurally close; visual review required
resource/image_web/event/dailytower/1025/navi_03.png	resource/image_web/event/dailytower/1025/navi_03.png	same_path	191627	173193	1855f842cd610590a92a8654cdba3f17a1f65ecc0ab8b437087439d4c102cfc6	8df0f115aadef293630201a77a768f8f7b2e1630b46be4cae4da03432f80d4ac	1024	498	1024	498	True	0.361691	0.638309	0.0	4.47485	0.039062	review	same path/dimensions and structurally close; visual review required
resource/image_web/event/dailytower/1025/schedule_header.png	resource/image_web/event/dailytower/1025/schedule_header.png	same_path	10762	12794	b2a298bcfcc17cec6262adb0c0376c90d7b97a5556cfaeafe9d45c13a54af713	2843dca8e528953af59ba9cc238cb09d900b4945fca210b327c1b60e785656a8	868	48	868	48	True	0.297883	0.702117	0.001152	6.265803	0.128906	review	same path/dimensions and structurally close; visual review required
resource/image_web/event/dailytower/1025/tab_limited_quest_s.png	resource/image_web/event/dailytower/1025/tab_limited_quest_s.png	same_path	4946	4801	80463272c39bba49c3907a83563ad16ada1cdb46f5e44550296f63d2860cbe5a	21adc67f2d2cd59b0ebe868f9e5312e6023328e62e12638d8770ca7c39c966c2	180	50	180	50	True	0.38	0.62	0.0	4.670444	0.191406	review	same path/dimensions and structurally close; visual review required
resource/image_web/event/dailytower/1028/schedule_header.png	resource/image_web/event/dailytower/1028/schedule_header.png	same_path	9139	12999	a02844d80ad8556d6f1b0c34f1ad84829835224a67449b2fd95e54f9c4be6d22	607bf5d4ef40fee77704f7eaad66ba39e16f89dd49449b49ae516735e8d1a404	868	48	868	48	True	0.242103	0.757897	0.000672	5.473251	0.144531	review	same path/dimensions and structurally close; visual review required
resource/image_web/event/dailytower/1028/story_collection_title.png	resource/image_web/event/dailytower/1028/story_collection_title.png	same_path	11732	10646	b54d9109a31f23364db24439184e2ecb284229f18796afcc8bfbfb65a64b7d6f	7bfe6c45d32e55785ae2773e589c87123acc925478dbaee52fbeb7640915d7fe	552	54	552	54	True	0.278751	0.721249	0.065117	3.378858	0.050781	review	same path/dimensions and structurally close; visual review required
resource/image_web/event/dailytower/1033/event_pop.png	resource/image_web/event/dailytower/1033/event_pop.png	same_path	8701	7532	324271206d35e93fb91cb04db41d02b9b569b0fe8c116e22a8254b07e1b3a242	40d0ad66dcc67c3a8f7c0dff030315928dacb87e5540235273aec98fd60c3344	128	152	128	152	True	0.323037	0.676963	0.020302	6.81032	0.125	review	same path/dimensions and structurally close; visual review required
resource/image_web/event/dailytower/1033/schedule_header.png	resource/image_web/event/dailytower/1033/schedule_header.png	same_path	6058	10856	723f40475b1d1b40d938f1626efd7e7540ba9717d0a190615423321e38474aa4	13699c1e4bb0f402d991d808dde3f452b8c23df96bf519384be15fa32436668c	868	48	868	48	True	0.247336	0.752664	0.000864	5.320042	0.140625	review	same path/dimensions and structurally close; visual review required
resource/image_web/event/dailytower/1040/event_pop.png	resource/image_web/event/dailytower/1040/event_pop.png	same_path	5528	5730	919688817c3ef1eaa39286e2c5b7f0d778911e3da9b5c07573ed0e6f695ab530	486a319e5b1be18438d12c5ac6e0781d53d668b02ba0516c8d5032d9470220f0	128	152	128	152	True	0.152498	0.847502	0.032895	9.958173	0.132812	review	same path/dimensions and structurally close; visual review required
resource/image_web/event/dailytower/1040/schedule_header.png	resource/image_web/event/dailytower/1040/schedule_header.png	same_path	6934	10963	24442cd97021a7f32683d8d3e2112588c2b4085deedf188b5af41dc5ca73f371	817435ff3aebdb33b4d7c7a694f75caa8849817dd5c65fbd59d142a68be75bc3	868	48	868	48	True	0.251536	0.748464	0.0	4.801921	0.152344	review	same path/dimensions and structurally close; visual review required
resource/image_web/event/dailytower/1045/event_pop.png	resource/image_web/event/dailytower/1045/event_pop.png	same_path	9089	8902	b2120d3df6a8954210f82822e16e04237a4bc3019f64731f7c5dc83fec6b9044	7ebfa5d5700abffb3b4e999f488429d4c8ba51752c2a301cf596dc6ceea28a60	128	152	128	152	True	0.376285	0.623715	0.006168	7.46592	0.113281	review	same path/dimensions and structurally close; visual review required
resource/image_web/event/dailytower/1045/story_collection_title.png	resource/image_web/event/dailytower/1045/story_collection_title.png	same_path	16204	15273	5bc336b57f22bcd6dec7802a63fc13b28440b7441b636577eced072ecdcab773	5c9189434ce399931af973a492c1eeb9ad0619397d265e2b1ff6faa75dade6e8	552	54	552	54	True	0.331052	0.668948	0.045558	5.43646	0.035156	review	same path/dimensions and structurally close; visual review required
resource/image_web/event/dailytower/1046/event_pop.png	resource/image_web/event/dailytower/1046/event_pop.png	same_path	8369	7845	0398afcb3dc2ecfa63e4e49f97226f066ba1c4d03875f9b72d48dabed28cccc7	ed7afcc102a08b8794f7eb472732b46814c6b7187fd6f347aee17806aa3e8304	128	152	128	152	True	0.306846	0.693154	0.005551	7.160227	0.058594	review	same path/dimensions and structurally close; visual review required
resource/image_web/event/dailytower/1046/logo.png	resource/image_web/event/dailytower/1046/logo.png	same_path	13441	12519	adae17e3c61de5e9e1ba9ea371ef80f7f335fca5c4d8e7c00244c871612c7371	fb578fde138f83ad36e236aa57e01b21565fd96b68cadd285ff52699a7d8b1f6	168	168	168	168	True	0.393778	0.606222	0.003756	8.705983	0.078125	review	same path/dimensions and structurally close; visual review required
resource/image_web/event/dailytower/1046/schedule_header.png	resource/image_web/event/dailytower/1046/schedule_header.png	same_path	7916	10330	dcf86389b6de169e54279bfbdf5d0a5e38aff4e84481121cc37710724ffab3d8	323085c660d6a1e1df0ea3d7bb74912a892e13534bb2ffad4d26d596a854ab49	868	48	868	48	True	0.297523	0.702477	0.00144	5.496023	0.144531	review	same path/dimensions and structurally close; visual review required
resource/image_web/event/dailytower/1046/story_collection_title.png	resource/image_web/event/dailytower/1046/story_collection_title.png	same_path	11162	10762	9878cf6b2b7b6ac449c92883bc6b4b0f717b2f7220bda7d446733bda41f045da	487eccec5fad72b025873d9f183da7240701da9c67df77bf43abc5814c8e0921	552	54	552	54	True	0.233561	0.766439	0.045659	4.041354	0.027344	review	same path/dimensions and structurally close; visual review required
resource/image_web/event/dailytower/1046/tab_limited_quest_s.png	resource/image_web/event/dailytower/1046/tab_limited_quest_s.png	same_path	5139	4986	7adc2e69fe4aa3c15da1834d6677658c3c779bee70a2a45ce6c5e8f9c88abbd2	c3ce68210d3fa4d13fba03785dfc3960a9c2128b4f1e1bd60d5e598330c9ef95	180	50	180	50	True	0.343667	0.656333	0.0	8.306945	0.09375	review	same path/dimensions and structurally close; visual review required
resource/image_web/event/dailytower/1050/event_pop.png	resource/image_web/event/dailytower/1050/event_pop.png	same_path	9270	25130	52ef8df2c9a166e78188354864b82d6c65284cec98481f227d62553337574193	cdf230f3ef280a6f1958506b5846de4cd7e5dd341c4d309543f8b5daf06a085d	128	152	128	152	True	0.359118	0.640882	0.019531	8.200227	0.082031	review	same path/dimensions and structurally close; visual review required
resource/image_web/event/dailytower/1050/schedule_header.png	resource/image_web/event/dailytower/1050/schedule_header.png	same_path	11102	29103	52c2f9bb7ae207a365afaff1ab020886660b25de14fe908781068dea480dafae	30ec7404f33da239462d8676e4bb5a666e8eabb0af14d510035a33e0738f196a	868	48	868	48	True	0.273305	0.726695	0.00096	7.642945	0.160156	review	same path/dimensions and structurally close; visual review required
resource/image_web/event/dailytower/1054/schedule_header.png	resource/image_web/event/dailytower/1054/schedule_header.png	same_path	6022	8505	dda864cdd6f00e665887bda28b28538ccd49399d28f94dc4d42206e13e7695ab	f5ff1ba91bf9e12bc07e02ed60483743eaebc40cf97c894357c78dbfb3da64f3	868	48	868	48	True	0.295219	0.704781	0.00156	7.072321	0.121094	review	same path/dimensions and structurally close; visual review required
resource/image_web/event/dailytower/1056/event_pop.png	resource/image_web/event/dailytower/1056/event_pop.png	same_path	8480	8451	07f6a29c224ae5e1334576a5fdb1a30160270e135f868c08721872c9d8f3e0ab	ea6231bbd519ae3d8a1b10e987fe074d0c569c6b9f989f08d9c80a221e653cf1	128	152	128	152	True	0.339587	0.660413	0.041632	11.46552	0.144531	review	same path/dimensions and structurally close; visual review required
resource/image_web/event/dailytower/1057/schedule_header.png	resource/image_web/event/dailytower/1057/schedule_header.png	same_path	8757	11083	c1fa9e949026934d4809076dc2deb2b18aea50c024be053143a17c1d9d96c8c5	ff2d0aaf8401637d80c401d7f468b927f28313c2a87d0dc58b755e3a7689da7a	868	48	868	48	True	0.34291	0.65709	0.001632	6.545686	0.167969	review	same path/dimensions and structurally close; visual review required
resource/image_web/event/dailytower/1062/event_pop.png	resource/image_web/event/dailytower/1062/event_pop.png	same_path	9270	8738	f93e4e15739e28194e0fe04359c4a379d2b0090f0add1423f3844a735c8c751b	20457ef1cc3ffdaf93eb0b0bd952b2c54397b7cf0a6e1ff44bf55598fc458af3	128	152	128	152	True	0.389597	0.610403	0.054842	11.102943	0.125	review	same path/dimensions and structurally close; visual review required
resource/image_web/event/dailytower/1062/schedule_header.png	resource/image_web/event/dailytower/1062/schedule_header.png	same_path	7961	10933	e76435eb980d71c0b95ab4a79ae362505db5f6e7ae2b7702d9eea40797ad02b7	3a5412225d1c45fd8dda218b25b62a8f3951bbbdfeca31cfa0bacc92a7c50edd	868	48	868	48	True	0.343678	0.656322	0.003048	7.532235	0.128906	review	same path/dimensions and structurally close; visual review required
resource/image_web/event/dailytower/1064/event_pop.png	resource/image_web/event/dailytower/1064/event_pop.png	same_path	8017	7360	acb2246dbc61bb125704bd97c3dd9dc6e76b1b6a45e1bb31201a68c9c39d0f65	4e2b88436867bd937b01ab641693055fcbc9edb7568e596c764a6cbc446380bd	128	152	128	152	True	0.305304	0.694696	0.004883	2.727781	0.027344	review	same path/dimensions and structurally close; visual review required
resource/image_web/event/dailytower/1064/schedule_header.png	resource/image_web/event/dailytower/1064/schedule_header.png	same_path	10198	11741	56ab9809ec127c69bb01b709bac4a05d8b87b98dac9c64f868cbb60c44e4f947	a5c956ba373827b04ee7777321ee8c31bd0116a790e2086c1d3c0cd5c117cf0f	868	48	868	48	True	0.404738	0.595262	0.001344	7.425112	0.191406	review	same path/dimensions and structurally close; visual review required
resource/image_web/event/dailytower/1064/tab_limited_quest_s.png	resource/image_web/event/dailytower/1064/tab_limited_quest_s.png	same_path	4641	4258	6c61a405e49b90d4a6258c575072f69e894b565e599fdf8e7eee049017a5f888	9e9ab7a709fb7244c069f119a782a8b6a6d48080ff865f08c63f1f1547e9b5d1	180	50	180	50	True	0.288889	0.711111	0.0	2.305852	0.089844	review	same path/dimensions and structurally close; visual review required
resource/image_web/event/dailytower/1067/schedule_header.png	resource/image_web/event/dailytower/1067/schedule_header.png	same_path	8502	10674	fdc554219726f9c11eea7e6a7af378da1cca016c3b6ff539b048885dd86591c8	1627a9b2e530c998af10346c665b28bdbe11a7af4ead9bc9e258e1850326c562	868	48	868	48	True	0.370488	0.629512	0.002496	7.486242	0.15625	review	same path/dimensions and structurally close; visual review required
resource/image_web/event/dailytower/1067/tab_limited_quest_s.png	resource/image_web/event/dailytower/1067/tab_limited_quest_s.png	same_path	4729	4148	d4901ac2cf32a89c8164cb8007b1ad2719bd477e8bb8fbe9881faf7adbec2e2b	c7d3ed004cd585a4b69a4cc242124abff86a4735a01ecfcb6c84e34dea714a0f	180	50	180	50	True	0.375889	0.624111	0.0	8.582723	0.132812	review	same path/dimensions and structurally close; visual review required
resource/image_web/event/dailytower/1069/schedule_header.png	resource/image_web/event/dailytower/1069/schedule_header.png	same_path	8357	10640	86a6b96ee5ea52631251dd88b6ccdf3cd622b12380f1d3868f080c28c5efdc97	cdf834adc491cb93709eee38592bef767a439e85287aed5889bdd52110f641f7	868	48	868	48	True	0.272849	0.727151	0.000672	6.233529	0.152344	review	same path/dimensions and structurally close; visual review required
resource/image_web/event/dungeon/1038/bg_name_story.png	resource/image_web/event/dungeon/1038/bg_name_story.png	same_path	2533	2844	704975ddf0257e2ae617a288f60c90daef4bf67a69f8381dcc1b2fe97a9ecd0a	45f93418832b66140fbe5f5d0ff137ad994fe474d43e4c70c44bc9d23e21b0e4	276	70	276	70	True	0.114752	0.885248	0.066874	12.110127	0.085938	review	same path/dimensions and structurally close; visual review required
resource/image_web/event/dungeon/1038/tab_limited_quest_s.png	resource/image_web/event/dungeon/1038/tab_limited_quest_s.png	same_path	5143	4409	cef5911776eb6ca98be3ba69ecdaa2519381d5e06b907e88c90a12203195e8f9	f4f1c8040be02018ee52d95c45420061b79f8a898c0cd4bae5e79d68b6bb0543	180	50	180	50	True	0.288	0.712	0.0	9.457723	0.171875	review	same path/dimensions and structurally close; visual review required
resource/image_web/event/dungeon/1038/top/header_challenge.png	resource/image_web/event/dungeon/1038/top/header_challenge.png	same_path	6766	7095	b23a3f8306601fbdb687c514689d79de403d29a0ace6b0c2e84d71e0ac476d21	ab9ef7d2daedbdb6785bdd1dac88640c85fee67336c3fea2a747c744c41cc089	764	44	764	44	True	0.171347	0.828653	0.02121	6.758437	0.171875	review	same path/dimensions and structurally close; visual review required
resource/image_web/event/dungeon/1038/top/header_story.png	resource/image_web/event/dungeon/1038/top/header_story.png	same_path	7119	6885	8a2bff2c1254d805901066d295b2f88900b5c6603e98d4d11bd183de8ce7e831	3ee9f07bb4da4a0fd93db78bc135e7f32776cd1ad948b2a177bec17f3c209ccc	764	44	764	44	True	0.156205	0.843795	0.022876	7.293687	0.15625	review	same path/dimensions and structurally close; visual review required
resource/image_web/event/dungeon/common/btn_close.png	resource/image_web/event/dungeon/common/btn_close.png	same_path	2725	2622	944f3865a76656b32294c025e4b8e135dc090f832062fd39c5fac04dc0b3dd29	4c4b25021c97efe0c67b2f2c375ec49b1ee7d7898dba659d926b086dc251f23e	138	44	138	44	True	0.112154	0.887846	0.0	4.323445	0.140625	review	same path/dimensions and structurally close; visual review required
resource/image_web/event/dungeon/common/top/header_tips.png	resource/image_web/event/dungeon/common/top/header_tips.png	same_path	2967	2986	81afb83ddc96c8b276cef0c2c0c1329b3eb570dc2a66f6e7973bf2ab5a683cce	1f7bc258a5750f11d2f5bc0535244d3768154db688f96c3ac90c5bbeb28e4a9c	290	27	290	27	True	0.337931	0.662069	0.03742	8.962086	0.214844	review	same path/dimensions and structurally close; visual review required
resource/image_web/event/raid/1041/top/logo.png	resource/image_web/event/raid/1041/top/logo.png	same_path	10017	8889	786f13d40ca4365afcfbf1975dd83b4f96e81e00ff1578068d62434257e17d97	8be151c2756004b2a91245cd49bf08dbb51e83a46a2d44cdb6ddb3f45cc39782	138	138	138	138	True	0.345516	0.654484	0.009347	10.246427	0.101562	review	same path/dimensions and structurally close; visual review required
resource/image_web/event/singleraid/1008/quest/memoria_equip.png	resource/image_web/event/singleraid/1008/quest/memoria_equip.png	same_path	11401	11451	bd0fde987681692ce2d22621db54385c9a4fad4956e48d169d5873a561be7790	f119e962920e5959ff0d3da0aa42f1cd3e1fd623655fdac057474f01e2d22c2e	466	98	466	98	True	0.303648	0.696352	0.001927	5.994945	0.113281	review	same path/dimensions and structurally close; visual review required
resource/image_web/event/singleraid/1008/tab_limited_quest_s.png	resource/image_web/event/singleraid/1008/tab_limited_quest_s.png	same_path	5937	5917	7be0a984510fdfa5e573779d571c100f5273e36cd258cdd7dbdf656d65b9a917	7412b97a141430db8efb7896065d1b0ab7be44b403bf6dd37214785e0e68f4de	180	50	180	50	True	0.426111	0.573889	0.0	2.655907	0.082031	review	same path/dimensions and structurally close; visual review required
resource/image_web/event/singleraid/1015/quest/memoria_equip.png	resource/image_web/event/singleraid/1015/quest/memoria_equip.png	same_path	14434	14094	666c5f2333a1c9a523bb06e8c6e84090bce32ff3c0374b5c4a8fd312444b2de9	4dab8bdb500cda93ef72632f0ec59e9be6fffa329c878bc1799820ef046844ae	466	98	466	98	True	0.343107	0.656893	0.001051	7.872011	0.144531	review	same path/dimensions and structurally close; visual review required
resource/image_web/event/singleraid/1023/event_pop.png	resource/image_web/event/singleraid/1023/event_pop.png	same_path	6390	6811	7582588e6b294feee80557f8e40dbd08fe7a7628621672c54433d91511f9ac96	7520ff1d990645cc37d0e0fe4698d3688f25d36601d1fad288334ceba0d00c60	128	152	128	152	True	0.267681	0.732319	0.05073	7.50909	0.054688	review	same path/dimensions and structurally close; visual review required
resource/image_web/event/singleraid/1023/quest/memoria_equip.png	resource/image_web/event/singleraid/1023/quest/memoria_equip.png	same_path	10553	11172	9dc3a939f501323aa6a4c53dacb29a8444ab4137b49d209ef981c26770c3a68e	da36b289807bfb756702ebc0670f07992b7ae9357bebebe4a64cf529771978e7	466	98	466	98	True	0.223373	0.776627	0.000372	7.392663	0.191406	review	same path/dimensions and structurally close; visual review required
resource/image_web/event/singleraid/1023/tab_limited_quest_s.png	resource/image_web/event/singleraid/1023/tab_limited_quest_s.png	same_path	5196	5295	5d8ba0338444d5e97c00f963aa19b035913b13fa808a10dff212e45b56476b01	43ad8dd2cba01d0e2b08ab32481504c3b2a4a56bf5769286aa47193d3cd5f1b7	180	50	180	50	True	0.293778	0.706222	0.0	3.422389	0.058594	review	same path/dimensions and structurally close; visual review required
resource/image_web/event/singleraid/1061/quest/memoria_equip.png	resource/image_web/event/singleraid/1061/quest/memoria_equip.png	same_path	14434	14094	666c5f2333a1c9a523bb06e8c6e84090bce32ff3c0374b5c4a8fd312444b2de9	4dab8bdb500cda93ef72632f0ec59e9be6fffa329c878bc1799820ef046844ae	466	98	466	98	True	0.343107	0.656893	0.001051	7.872011	0.144531	review	same path/dimensions and structurally close; visual review required
resource/image_web/event/singleraid/1065/event_pop.png	resource/image_web/event/singleraid/1065/event_pop.png	same_path	8375	24226	9da32b3c0b4f5b670d7d49589a7e09efec22bd7623a0aef58536bfe9a3471201	668c357bfa405a0aba48ce8d39f5ee4a2eafa8b4e71fa58208d072bd3a06e01c	128	152	128	152	True	0.320621	0.679379	0.022924	5.22558	0.070312	review	same path/dimensions and structurally close; visual review required
resource/image_web/event/singleraid/1065/logo.png	resource/image_web/event/singleraid/1065/logo.png	same_path	13744	31112	88497181bb715a922c2253796ab60f90865615271912ed4bda70e22b89991087	4503767fdb6b8053d710875cd267bc576cd0ddcb1aafbebbddf0790cfb4e862a	180	182	180	182	True	0.328266	0.671734	0.010256	5.774815	0.070312	review	same path/dimensions and structurally close; visual review required
resource/image_web/event/singleraid/1065/quest/memoria_equip.png	resource/image_web/event/singleraid/1065/quest/memoria_equip.png	same_path	12416	12263	f6386696d1337edfffcd6dc1d7883594b11b73d952dbc8590ce656a7026b2361	9c27ec93eac1f6a75d54d1879003d1463ce674492b6f3aa8a98b3ccc9356edad	466	98	466	98	True	0.376237	0.623763	0.005912	7.047305	0.207031	review	same path/dimensions and structurally close; visual review required
resource/image_web/event/singleraid/1072/event_pop.png	resource/image_web/event/singleraid/1072/event_pop.png	same_path	6390	6811	7582588e6b294feee80557f8e40dbd08fe7a7628621672c54433d91511f9ac96	7520ff1d990645cc37d0e0fe4698d3688f25d36601d1fad288334ceba0d00c60	128	152	128	152	True	0.267681	0.732319	0.05073	7.50909	0.054688	review	same path/dimensions and structurally close; visual review required
resource/image_web/event/singleraid/1072/quest/memoria_equip.png	resource/image_web/event/singleraid/1072/quest/memoria_equip.png	same_path	10553	11172	9dc3a939f501323aa6a4c53dacb29a8444ab4137b49d209ef981c26770c3a68e	da36b289807bfb756702ebc0670f07992b7ae9357bebebe4a64cf529771978e7	466	98	466	98	True	0.223373	0.776627	0.000372	7.392663	0.191406	review	same path/dimensions and structurally close; visual review required
resource/image_web/event/singleraid/1072/tab_limited_quest_s.png	resource/image_web/event/singleraid/1072/tab_limited_quest_s.png	same_path	5196	5295	5d8ba0338444d5e97c00f963aa19b035913b13fa808a10dff212e45b56476b01	43ad8dd2cba01d0e2b08ab32481504c3b2a4a56bf5769286aa47193d3cd5f1b7	180	50	180	50	True	0.293778	0.706222	0.0	3.422389	0.058594	review	same path/dimensions and structurally close; visual review required
resource/image_web/event/storyraid/1053/boss/title_inbattle.png	resource/image_web/event/storyraid/1053/boss/title_inbattle.png	same_path	3904	4085	6d02210917418d9a2d4f3c8d7104df27e241fdb5c74af12fcf3551471e5450c7	2d8002a941ef7a8a58a8f77fa362ed90bc22154308c491ff72d215ec40e564b5	129	50	129	50	True	0.344961	0.655039	0.051938	7.765551	0.078125	review	same path/dimensions and structurally close; visual review required
resource/image_web/event/storyraid/1053/boss/title_lastbattle.png	resource/image_web/event/storyraid/1053/boss/title_lastbattle.png	same_path	3980	4016	5abef9a9420be947f763dee62bd5b81a9a209e5144fca53b650e1de3322210d2	de816c7fcdbba48babf6eac74f37e1a0047c35bcddc18b8386c7e5c7f2229834	129	50	129	50	True	0.402481	0.597519	0.057829	8.856197	0.085938	review	same path/dimensions and structurally close; visual review required
resource/image_web/event/storyraid/1053/btn_epilogue.png	resource/image_web/event/storyraid/1053/btn_epilogue.png	same_path	5172	11212	01402ceb4cb8ddf43fe8c96ec945dd50230171c86369ecababbfaa33b1fb072b	d2398f79fa2bc1f675f2717ac74571695a324f1a927616f761691df66942d927	253	70	253	70	True	0.259401	0.740599	0.006381	3.176436	0.171875	review	same path/dimensions and structurally close; visual review required
resource/image_web/event/storyraid/common/btn_shop.png	resource/image_web/event/storyraid/common/btn_shop.png	same_path	3696	3541	a37aba305d1564515379683bf4b6a1e1e5d30381b727c6f3c6a9ef3f01d1b2a4	c263c85e91f4b76768dbc8fca00ff3df6dd5c9354fc64cbe93035c6f88c41be7	116	40	116	40	True	0.179741	0.820259	0.0	6.334663	0.210938	review	same path/dimensions and structurally close; visual review required
resource/image_web/event/storyraid/common/popup/icon_clear.png	resource/image_web/event/storyraid/common/popup/icon_clear.png	same_path	4623	4402	a0c9688966aff8b7a4106c45c80a7b38ce1bf6600f6a6a4191089bab855b97de	7f84fccf4d719c01ebb4086460bf96677264bbed6203f52c6636cb2c18016a6c	94	94	94	94	True	0.123925	0.876075	0.050023	5.110258	0.09375	review	same path/dimensions and structurally close; visual review required
resource/image_web/event/training/1026/tab_limited_quest_s.png	resource/image_web/event/training/1026/tab_limited_quest_s.png	same_path	5788	5297	d01ac078d1d0e26271a663cc68536e41d43adaa47f89aa96a76f86dcdfdc9a13	df65644b5df3ff66d21924d8007a4ddf340edd4ba43e42c97cdc8d808a8ddb2c	180	50	180	50	True	0.436556	0.563444	0.0	13.126852	0.207031	review	same path/dimensions and structurally close; visual review required
resource/image_web/event/training/1029/tab_limited_quest_s.png	resource/image_web/event/training/1029/tab_limited_quest_s.png	same_path	5788	5297	d01ac078d1d0e26271a663cc68536e41d43adaa47f89aa96a76f86dcdfdc9a13	df65644b5df3ff66d21924d8007a4ddf340edd4ba43e42c97cdc8d808a8ddb2c	180	50	180	50	True	0.436556	0.563444	0.0	13.126852	0.207031	review	same path/dimensions and structurally close; visual review required
resource/image_web/event/training/1031/navi_01.png	resource/image_web/event/training/1031/navi_01.png	same_path	179172	157942	5700e6f5d848a0a1343d615d5deb00333b7fa7ff8d9a086e6692b3d51d33c9c9	3172fd509902fa2d27c409d7f20f874d0cf7750b57bb14764a466d8f7d2346c7	1024	498	1024	498	True	0.437008	0.562992	0.0	3.49191	0.074219	review	same path/dimensions and structurally close; visual review required
resource/image_web/event/training/1031/tab_limited_quest_s.png	resource/image_web/event/training/1031/tab_limited_quest_s.png	same_path	5788	5297	d01ac078d1d0e26271a663cc68536e41d43adaa47f89aa96a76f86dcdfdc9a13	df65644b5df3ff66d21924d8007a4ddf340edd4ba43e42c97cdc8d808a8ddb2c	180	50	180	50	True	0.436556	0.563444	0.0	13.126852	0.207031	review	same path/dimensions and structurally close; visual review required
resource/image_web/event/training/1034/tab_limited_quest_s.png	resource/image_web/event/training/1034/tab_limited_quest_s.png	same_path	5788	5131	d01ac078d1d0e26271a663cc68536e41d43adaa47f89aa96a76f86dcdfdc9a13	ee01628621c9cd517a33c5c88f1a8671d21bb826b8d45d418c0520626df1d5cd	180	50	180	50	True	0.436556	0.563444	0.0	13.126852	0.207031	review	same path/dimensions and structurally close; visual review required
resource/image_web/event/training/1047/tab_limited_quest_s.png	resource/image_web/event/training/1047/tab_limited_quest_s.png	same_path	5788	5131	d01ac078d1d0e26271a663cc68536e41d43adaa47f89aa96a76f86dcdfdc9a13	ee01628621c9cd517a33c5c88f1a8671d21bb826b8d45d418c0520626df1d5cd	180	50	180	50	True	0.436556	0.563444	0.0	13.126852	0.207031	review	same path/dimensions and structurally close; visual review required
resource/image_web/event/training/1048/tab_limited_quest_s.png	resource/image_web/event/training/1048/tab_limited_quest_s.png	same_path	5788	5297	d01ac078d1d0e26271a663cc68536e41d43adaa47f89aa96a76f86dcdfdc9a13	df65644b5df3ff66d21924d8007a4ddf340edd4ba43e42c97cdc8d808a8ddb2c	180	50	180	50	True	0.436556	0.563444	0.0	13.126852	0.207031	review	same path/dimensions and structurally close; visual review required
resource/image_web/event/training/1052/tab_limited_quest_s.png	resource/image_web/event/training/1052/tab_limited_quest_s.png	same_path	5788	5131	d01ac078d1d0e26271a663cc68536e41d43adaa47f89aa96a76f86dcdfdc9a13	ee01628621c9cd517a33c5c88f1a8671d21bb826b8d45d418c0520626df1d5cd	180	50	180	50	True	0.436556	0.563444	0.0	13.126852	0.207031	review	same path/dimensions and structurally close; visual review required
resource/image_web/gacha/gacha_011_card.png	resource/image_web/gacha/gacha_011_card.png	same_path	33679	32416	b78d5a3b8d0e03830ac502c62d67f78339fb17cecc147c7c1af993bba3a8462b	93dca0489f535a6d8b5c334e5a84e3e9a966f340828944e590774ffebf2d921a	512	512	512	512	True	0.143501	0.856499	0.041885	0.753289	0.007812	review	same path/dimensions and structurally close; visual review required
resource/image_web/gacha/gacha_020_banner.png	resource/image_web/gacha/gacha_020_banner.png	same_path	27430	28547	39bf714ffb8d588f0396235ddd1a7a9bac237bff795853b276a3f4500e5346f6	bb64ea2df8be029314b2503b6a4cdc054aaa9e51a5ef1046e11d32a4a5667921	1024	400	1024	400	True	0.122732	0.877268	0.06991	5.810035	0.042969	review	same path/dimensions and structurally close; visual review required
resource/image_web/gacha/gacha_025_banner.png	resource/image_web/gacha/gacha_025_banner.png	same_path	27370	28056	481b10ea2f304db0a5e3b324f2ceb47224b515496afbdfe463531c8f486cb5ca	7f58884bb898511ac1d616fcb6cc26b1ebed35798c87e1319c829f8647008438	1024	400	1024	400	True	0.120977	0.879023	0.068552	5.857491	0.042969	review	same path/dimensions and structurally close; visual review required
resource/image_web/gacha/gacha_041_banner.png	resource/image_web/gacha/gacha_041_banner.png	same_path	27971	28394	7efa9393ec8a281da84f1be7ea1712688cf386bdc2e9d9b4cc916abeac53f427	7ddf5c76f8b45b2db63c547cd4baa51c8a209df50d3aa3c74a926fc1661c9b18	1024	400	1024	400	True	0.122686	0.877314	0.06895	5.902342	0.046875	review	same path/dimensions and structurally close; visual review required
resource/image_web/gacha/gacha_049_banner_l.png	resource/image_web/gacha/gacha_049_banner_l.png	same_path	35024	35816	5bc8bd422ea88b6a49264a780113a39fae7ff4eddee6a607e5c8eb28c7d17d18	5745a5c64bd86f3a99f202ff1299964808d4305edab8a2c4f08ca921092e2b2a	1024	416	1024	416	True	0.157562	0.842438	0.066012	9.687511	0.050781	review	same path/dimensions and structurally close; visual review required
resource/image_web/gacha/gacha_058_banner.png	resource/image_web/gacha/gacha_058_banner.png	same_path	24205	24107	63c5e813b5023bde16e6a1d6d9c506dc3f89c6413057f5d872c2fab948a22cc2	b24d5ed42b47fa28edd5e22c605a990b93f301a6f7af4a85068a845e0bf8709f	1024	400	1024	400	True	0.107715	0.892285	0.069272	7.795494	0.089844	review	same path/dimensions and structurally close; visual review required
resource/image_web/gacha/gacha_059_banner.png	resource/image_web/gacha/gacha_059_banner.png	same_path	20625	24063	d508658744792e0420cb6663a46c38c6790dce146d52f559d214f665cf945c61	4fd618bdffdf4a50f34f3cd032835b09684be752d5462aafee07124327406f43	1024	400	1024	400	True	0.107964	0.892036	0.069316	8.472814	0.09375	review	same path/dimensions and structurally close; visual review required
resource/image_web/gacha/gacha_059_top.png	resource/image_web/gacha/gacha_059_top.png	same_path	282603	264968	218a7abe924a31c45badbce53bbca732260b715dc2632737d44466bcc9423410	807ad72d37889f57fc4eda26dff95e8631ec5123b88691f12463fe6ee3976905	1024	768	1024	768	True	0.425266	0.574734	0.063018	1.835091	0.011719	review	same path/dimensions and structurally close; visual review required
resource/image_web/gacha/gacha_061_banner.png	resource/image_web/gacha/gacha_061_banner.png	same_path	20878	23549	cb11b98849623c1a0c5858a2e6292f4fb35119a5551db0150f653dd8bb37cbb8	599f94d3d9aea542b4820f6fe865e7b8cd87ce933f4501758de0b158a58ac011	1024	400	1024	400	True	0.104548	0.895452	0.067327	7.937062	0.089844	review	same path/dimensions and structurally close; visual review required
resource/image_web/gacha/gacha_065_banner_l.png	resource/image_web/gacha/gacha_065_banner_l.png	same_path	70883	66139	431bb1255419d8f07c34a8fb0ae80c7d358a89f72dfd0de99dc6a8b0ba56f810	775d084f588f6ce3f835e9311890c271bf8ad51a3e583a56551f65f0280f40f5	1024	416	1024	416	True	0.236239	0.763761	0.068728	8.651441	0.082031	review	same path/dimensions and structurally close; visual review required
resource/image_web/gacha/gacha_116_card.png	resource/image_web/gacha/gacha_116_card.png	same_path	153614	131952	e4fd33dba8843b12e197ca0f25544ed9034a2a2a32cb3b427c80bb14428a3d37	f1fba2098fe78d69e60fa18c8c3bb46055cfd559ac32047f53a1fa5d44840f1f	710	768	710	768	True	0.438318	0.561682	0.067844	2.955482	0.015625	review	same path/dimensions and structurally close; visual review required
resource/image_web/gacha/gacha_333_banner_l.png	resource/image_web/gacha/gacha_333_banner_l.png	same_path	35235	35112	7b856d205bf073702d43b3dca35214ba98178a5530e822108df185f7fa5e73ea	bdcc5b08fca68c00108ab125ad349177e9a2ae42b5126e1b8b94cdc7b263ecb1	1024	416	1024	416	True	0.153074	0.846926	0.055082	11.541118	0.109375	review	same path/dimensions and structurally close; visual review required
resource/image_web/gacha/gacha_336_banner_l.png	resource/image_web/gacha/gacha_336_banner_l.png	same_path	35701	34328	d32e47b0f7059ae4f618736dfedb355e84138ec138f4591a2ed02177ad740744	b955ec38e127266c25b53d2b5fbd48cc95bd99473e9d057d77dc84d6e3eb67d4	1024	416	1024	416	True	0.155144	0.844856	0.057023	11.513195	0.101562	review	same path/dimensions and structurally close; visual review required
resource/image_web/gacha/gacha_336_card.png	resource/image_web/gacha/gacha_336_card.png	same_path	307287	287316	933bbc21d70b22d89241ea0c333affd1c6cf0282fb1cb5bd573d0024c71665c9	3a4d90777aa9a706e27438803cd2506aa17e358e318ad835c0152ea066172770	1024	768	1024	768	True	0.29414	0.70586	0.023487	3.872584	0.027344	review	same path/dimensions and structurally close; visual review required
resource/image_web/item/event/event_dailytower_1045_exchange_2.png	resource/image_web/item/event/event_dailytower_1045_exchange_2.png	same_path	6204	16977	79794804376b319ed43072d5ae7b5da7d8ab3eb7797ee0f2e9f993a14fc6754f	6485150759e3a8382a88c1cbeb8db9e57abbf0f00459320d2200b1ae2a29b1fc	100	100	100	100	True	0.349	0.651	0.004	0.684521	0.003906	review	same path/dimensions and structurally close; visual review required
resource/image_web/item/event/event_tower_1007_key.png	resource/image_web/item/event/event_tower_1007_key.png	same_path	5128	13702	732dc728a1318f3f3920eb2b5400ccb36619326055a861909be08371ac7e2adf	a2d18147b30ec84a8d60d455ff93fdc59412af76428631025dc4ed079363c7e2	100	100	100	100	True	0.3293	0.6707	0.0014	0.647899	0.0	review	same path/dimensions and structurally close; visual review required
resource/image_web/item/main/campaign_1004_exchange.png	resource/image_web/item/main/campaign_1004_exchange.png	same_path	6094	17052	7344b5ee6f94004bc5247ab4d335da48b3b1204e1999d84716999cff946621eb	7e7593ccde4ad7c9595d1be9aebed38579ee310c14cd63df4d5519a25e573e95	100	100	100	100	True	0.4398	0.5602	0.0024	1.028136	0.007812	review	same path/dimensions and structurally close; visual review required
resource/image_web/item/main/campaign_1012_exchange.png	resource/image_web/item/main/campaign_1012_exchange.png	same_path	6094	17052	7344b5ee6f94004bc5247ab4d335da48b3b1204e1999d84716999cff946621eb	7e7593ccde4ad7c9595d1be9aebed38579ee310c14cd63df4d5519a25e573e95	100	100	100	100	True	0.4398	0.5602	0.0024	1.028136	0.007812	review	same path/dimensions and structurally close; visual review required
resource/image_web/item/main/selectable_special_gacha_180_ticket.png	resource/image_web/item/main/selectable_special_gacha_180_ticket.png	same_path	5771	16467	63dd77e4e39889466406f23ed02595f741781363611ba5ca4ac21c22ace33df8	a42603e892df8578dab85db1b697988995b4fd448818d708b16d1250bc324d57	100	100	100	100	True	0.4452	0.5548	0.0079	1.224682	0.015625	review	same path/dimensions and structurally close; visual review required
resource/image_web/item/main/special_gacha_181_ticket.png	resource/image_web/item/main/special_gacha_181_ticket.png	same_path	6118	16106	84301cbc5512d67aa1d8b2bf86c9ebaa2e8a907ec1ae7047e123c7ab9524257d	c417c0277240f059d9d7212e89311d77a224d8f6900a3d82f034c3dd2795aa3b	100	100	100	100	True	0.3667	0.6333	0.0006	0.68692	0.007812	review	same path/dimensions and structurally close; visual review required
resource/image_web/page/arena/btn_change.png	resource/image_web/page/arena/btn_change.png	same_path	2965	2904	90b318d70f4176237d27a64836924215f316f46e62f9c6bccfc212b160212f87	4591b26d663a2bb3340971c39497d0ca72dfdff5e7a1fcef5e12f25f7395257c	184	42	184	42	True	0.269151	0.730849	0.0	10.846915	0.152344	review	same path/dimensions and structurally close; visual review required
resource/image_web/page/arena/btn_infinite_gray_a.png	resource/image_web/page/arena/btn_infinite_gray_a.png	same_path	48981	39818	cc2408bf764ceb5bf404b202a196b233a54aff018d7e1b8e75d6be33e34eeefc	7ec7b40e4c8010459c61bb4c5229304d55a1baf8de3b2ad3834307246e30aad3	344	344	344	344	True	0.397292	0.602708	0.001884	4.661149	0.128906	review	same path/dimensions and structurally close; visual review required
resource/image_web/page/arena/confirm/enemy_formation_bg.png	resource/image_web/page/arena/confirm/enemy_formation_bg.png	same_path	1767	1631	3f8149f71ba22a3f5e87ea45dde2dc2c9ee17938cd52caeeb9f37e63124cfe98	fbf44c3ca1d95d18820422a019a7f7ce0548b509a918b47e5df1d9f2d4e898ee	496	42	496	42	True	0.101623	0.898377	0.009985	7.371568	0.101562	review	same path/dimensions and structurally close; visual review required
resource/image_web/page/arena/current_header_r.png	resource/image_web/page/arena/current_header_r.png	same_path	576	1076	ad04bcf31c8f6d7c12e111d0d2ca70b3f2bcee28a70775309fe7689d7a6fe06e	1cfe42d427dbae689cc2519720a0e8a26c8dfc11db6138c8e8aa4617c2f4f573	174	28	174	28	True	0.155583	0.844417	0.0	4.587883	0.140625	review	same path/dimensions and structurally close; visual review required
resource/image_web/page/arena/history/btn_battle_history_off.png	resource/image_web/page/arena/history/btn_battle_history_off.png	same_path	6368	6341	d49705b6a2967f407a2a1296b40f6fe1010d5306f619333f2f0dc81973a56316	239ec38469fde6f96354840467f50590049d2aaae53f3df1dbe7180515fecc25	210	70	210	70	True	0.288776	0.711224	0.010952	4.27353	0.058594	review	same path/dimensions and structurally close; visual review required
resource/image_web/page/arena/history/btn_defence_history_off.png	resource/image_web/page/arena/history/btn_defence_history_off.png	same_path	6131	6189	1e447d1c5a2d2087bc030991ecb65eff0b63ea648914bdfda346f5a976ca5abf	3eac8812ea35f3f1d9e08746a292a5b9dc221f6f1d63564d7dee80951bb6eea3	210	70	210	70	True	0.301224	0.698776	0.005986	6.332818	0.109375	review	same path/dimensions and structurally close; visual review required
resource/image_web/page/arena/history/btn_defence_history_on.png	resource/image_web/page/arena/history/btn_defence_history_on.png	same_path	6180	6095	087f17bb4f8c274168da44d5622546aac3f017b075cc6cedacbf53de907538ff	c85cef859aaa318706b5ea3c230a71b85533a928cd0618d3f7f053514f4b753b	210	70	210	70	True	0.33034	0.66966	0.051973	7.325517	0.148438	review	same path/dimensions and structurally close; visual review required
resource/image_web/page/arena/history/history_header.png	resource/image_web/page/arena/history/history_header.png	same_path	3108	6107	70373f1d0b1da999d8a132a7476ba06e597760fb87e51676171b6342c7bfbb3d	0f0962ac6af905358e060bbb54710f5833e16e5ac838af111ff88666c9fe396f	1024	36	1024	36	True	0.231255	0.768745	0.0	13.389549	0.210938	review	same path/dimensions and structurally close; visual review required
resource/image_web/page/arena/matching/enemy_select_header.png	resource/image_web/page/arena/matching/enemy_select_header.png	same_path	1287	1200	5fc08ab03149fbced81b2b0b71cfb75b68fce365aaee32a102aaa6c2ee6c663a	22e4700d3bb1c43d07801a170cb154b6c9a64938f85d65c284d5670a8bf744d3	598	28	598	28	True	0.140468	0.859532	0.002269	10.154345	0.1875	review	same path/dimensions and structurally close; visual review required
resource/image_web/page/arena/matching/infinite_enemy_pt.png	resource/image_web/page/arena/matching/infinite_enemy_pt.png	same_path	1406	1206	81e9477661723618d02c200df8892decbf4c075b348cb3dfc511388a13bdd0f5	0e6ff3cd81755e11233da9e92af8d7c94b471e128922efbaff2ee96e30e53e43	284	48	284	48	True	0.13571	0.86429	0.006675	7.063278	0.105469	review	same path/dimensions and structurally close; visual review required
resource/image_web/page/arena/matching/ranking_enemy_pt.png	resource/image_web/page/arena/matching/ranking_enemy_pt.png	same_path	1373	1256	25ff32e5c4567acbc97dc8df526d10cb91ae3be3817862e78e49e7a24ef71d63	e2dbc2e8ccee98489e899185d3e4eed868992dd347e2c41686da60f7c63da0b2	284	48	284	48	True	0.143192	0.856808	0.006675	7.199948	0.109375	review	same path/dimensions and structurally close; visual review required
resource/image_web/page/arena/ranking_rank_bg.png	resource/image_web/page/arena/ranking_rank_bg.png	same_path	2575	2283	5c1ac7ce472c873bdcb324612da41749c7fd30fe66f087ed1bcf3b9043ea518a	fd3f9825bd14d3aca9cda006afa851ef918c1ec7e93880e3dee2fc5ec79bafda	120	126	120	126	True	0.170304	0.829696	0.040476	9.953173	0.160156	review	same path/dimensions and structurally close; visual review required
resource/image_web/page/arena/result/result_enemy_header.png	resource/image_web/page/arena/result/result_enemy_header.png	same_path	902	1501	c8f2b9ce84bd2ed28dc176f7cc76dda314b2b3e47161b26f3d88b6c742788c2b	7e9b65d6b3986012e3f7b3ddd587bd47d7741e2207fc4f9e53d2aef7c82cbf39	138	28	138	28	True	0.327381	0.672619	0.010093	10.455268	0.183594	review	same path/dimensions and structurally close; visual review required
resource/image_web/page/arena/result/trial_result_header.png	resource/image_web/page/arena/result/trial_result_header.png	same_path	8778	8808	0a8dff0b6fd83ad704cf23e6c637f831f0149476039e4802e79d5a93c9d595dc	0a24c9d07f614e2211bdce2316ffce523073ca835846c0d80ec172dcb5c9d549	318	46	318	46	True	0.261143	0.738857	0.000273	9.215705	0.117188	review	same path/dimensions and structurally close; visual review required
resource/image_web/page/arena/simulate/btn_friend.png	resource/image_web/page/arena/simulate/btn_friend.png	same_path	3803	3774	0ec4f6532b6e88b2805c66f834a2972e59ab4e78f9c95df5504afa773212a3e7	6eb91b574af297c7f451f41ed41aec5c33808a1af214e8f28408708f569494ff	126	40	126	40	True	0.305754	0.694246	0.0	4.153263	0.191406	review	same path/dimensions and structurally close; visual review required
resource/image_web/page/arena/simulate/btn_id.png	resource/image_web/page/arena/simulate/btn_id.png	same_path	3139	2959	c11b5fc515e66f71d28d4bfc9e957974dcbf6045db23371b44024f9fe4c2e97e	b89f20843c3780277ec2e5679451db6039a1c407dd21a88b78e28dbf7c27022a	90	40	90	40	True	0.417778	0.582222	0.0	4.597762	0.199219	review	same path/dimensions and structurally close; visual review required
resource/image_web/page/camera/btn_camera_end.png	resource/image_web/page/camera/btn_camera_end.png	same_path	3220	4971	f156b0c329a92d65696b8bed3beacb8ab26b4898b849180dcddbabf2c393466c	3c112daa820a71e3463d546d32b9fe84d4cd3b770b3e0582d52178417e17cccc	144	52	144	52	True	0.172409	0.827591	0.000267	6.783188	0.195312	review	same path/dimensions and structurally close; visual review required
resource/image_web/page/camera/btn_timer.png	resource/image_web/page/camera/btn_timer.png	same_path	4767	6991	817c5c7dd4d037bce7e2587b4a47417819d04edae088b8a62ce9ee4f8f2aa2e2	8ca2dd933effe5cf2697866e7a7d79b6fdaef5dafce343da7caeba071c06d5a6	88	78	88	78	True	0.401369	0.598631	0.041812	4.71278	0.097656	review	same path/dimensions and structurally close; visual review required
resource/image_web/page/chara/btn_convert_gray.png	resource/image_web/page/chara/btn_convert_gray.png	same_path	4431	2646	283188650be40b7aa013b7f349bd2eed05007be39885abf075f1a082dc3bb4e4	3130461c7a25a3e51bb2675c28ce0af2557a97cec67b07e3c91759f816069c74	134	54	134	54	True	0.181592	0.818408	0.0	4.505205	0.15625	review	same path/dimensions and structurally close; visual review required
resource/image_web/page/chara/btn_top_compose_a.png	resource/image_web/page/chara/btn_top_compose_a.png	same_path	24729	78433	4ac65498f16e60a30ce61f8336805cf4d69e00eeb63373d610919b3bb05f3fae	21f466421168b541cb88d78c3d32cedc8f5d0a64e0c482e0bf83d90d87c87272	250	384	250	384	True	0.370875	0.629125	0.037667	6.025042	0.085938	review	same path/dimensions and structurally close; visual review required
resource/image_web/page/chara/btn_top_emotion.png	resource/image_web/page/chara/btn_top_emotion.png	same_path	25737	83920	f2ba13700d7517baa0a5b735576ab7edd0a3605f75ae7ab827f3545bc5b8ca32	15b64beb1c0e9d8fd32d25b86f0395010d16063b2e77942a6eb7918f9bd3139b	250	384	250	384	True	0.363698	0.636302	0.032354	5.830644	0.082031	review	same path/dimensions and structurally close; visual review required
resource/image_web/page/chara/btn_top_equip_a.png	resource/image_web/page/chara/btn_top_equip_a.png	same_path	24565	86005	5e4077b195c7ee507ea0f178dce1d3681bfe8147961e8dc6b9457bdcce4f1370	573641a39e7f1cfb9f9198135c3e73444a21799a83d2dd5d4d26a6b4749c8525	250	384	250	384	True	0.41174	0.58826	0.019083	7.669632	0.105469	review	same path/dimensions and structurally close; visual review required
resource/image_web/page/chara/btn_top_limitbreak_a.png	resource/image_web/page/chara/btn_top_limitbreak_a.png	same_path	24527	79103	d36771b1ca3ee09049656012a227c9e177325f66cc39fd886adb336511416158	f20bf66a3d0c8b7aca7d9de451f1c0f1fa54a59277a2c9f87d36184b10d42c40	250	384	250	384	True	0.346792	0.653208	0.035417	5.587623	0.085938	review	same path/dimensions and structurally close; visual review required
resource/image_web/page/chara/btn_top_magia_a.png	resource/image_web/page/chara/btn_top_magia_a.png	same_path	24681	77607	6fc9324500a98ec6b12f1f6f22da5775017253f1f2a2629f0395c972a6deaae3	cd020b0f0c3ab23fa18f4b719d925a5f4b55e705c5212a2a50b294a64804d2a9	250	384	250	384	True	0.3535	0.6465	0.039615	5.738685	0.089844	review	same path/dimensions and structurally close; visual review required
resource/image_web/page/collection/archive_base.png	resource/image_web/page/collection/archive_base.png	same_path	4756	6237	05f6079ae63feb00aa9348a9cf6b816c4df25b52e95d746fb87d71be614b65df	f27bb39db822c6c1f637c4231f201b2171cfa2d0e8917be0048fb56d81766cb8	348	348	348	348	True	0.056092	0.943908	0.0462	1.34398	0.054688	review	same path/dimensions and structurally close; visual review required
resource/image_web/page/collection/header.png	resource/image_web/page/collection/header.png	same_path	1412	1017	c9886214f252e37be07b6bfd729a85c50e9ee6c538aca30bfafa848f45870d18	a380cc33ad23dc8837e3ba83eb6dffac1fae60e9273130e49e5f8dd0026ef78f	256	52	256	52	True	0.114483	0.885517	0.001953	7.239433	0.140625	review	same path/dimensions and structurally close; visual review required
resource/image_web/page/collection/magirepo/common/chara_r.png	resource/image_web/page/collection/magirepo/common/chara_r.png	same_path	7045	6398	3901ab130c0ec03b875d6bac35361c1a5a2e8bc51137fd725937f8920f463473	476a7516da6dd76f4bd994c44033de797a73335e92f75bb97d45a70b6eadacc5	246	116	246	116	True	0.268082	0.731918	0.044225	13.97189	0.207031	review	same path/dimensions and structurally close; visual review required
resource/image_web/page/collection/magirepo/img/part1/magirepo_01_001.png	resource/image_web/page/collection/magirepo/img/part1/magirepo_01_001.png	same_path	264158	288644	6832aab6e7afda8bc21ae1ac730eb862555309600fffe7ad1ea6f1064dd39438	9981608fab6572e5bd35074bcf7cad5e9789066f4e66d9c6e44e744ea0c8c029	1024	1456	1024	1456	True	0.37624	0.62376	0.0	5.645775	0.03125	review	same path/dimensions and structurally close; visual review required
resource/image_web/page/collection/magirepo/img/part1/magirepo_01_002.png	resource/image_web/page/collection/magirepo/img/part1/magirepo_01_002.png	same_path	246830	288313	204357bdb5ce218371782b1db6c22c55235064b9f95aba5a14ede066a56be94d	434bbb04962121a10c945471d75d1fff57585f1a3abb44733d0ca80ee895ba7b	1024	1456	1024	1456	True	0.409323	0.590677	0.0	9.604235	0.097656	review	same path/dimensions and structurally close; visual review required
resource/image_web/page/collection/magirepo/img/part1/magirepo_01_003.png	resource/image_web/page/collection/magirepo/img/part1/magirepo_01_003.png	same_path	226733	247524	bc5dce3b04672820afba710736bc2f0d44062541ab44d1602864599be615e301	c62a88b4925db74627c4a3e868895c7a1c84eb5ff3af34ef3cbf2fa6f9e227d4	1024	1456	1024	1456	True	0.448009	0.551991	0.0	5.900464	0.066406	review	same path/dimensions and structurally close; visual review required
resource/image_web/page/collection/magirepo/img/part1/magirepo_01_005.png	resource/image_web/page/collection/magirepo/img/part1/magirepo_01_005.png	same_path	277817	317918	828f9ab15096ff8e1acac06c462da6ac06fe2b54bac3483d501419329e00ce63	2b60778f7f171389715ab22f005529e4955a3cdd8cb5e43311a1571cd6f3e6a4	1024	1456	1024	1456	True	0.417262	0.582738	0.0	5.258327	0.027344	review	same path/dimensions and structurally close; visual review required
resource/image_web/page/collection/magirepo/img/part1/magirepo_01_009.png	resource/image_web/page/collection/magirepo/img/part1/magirepo_01_009.png	same_path	235324	273180	5d8dcc8513d293eb4c3f32114ddd8590cceffb187c6d5dd5904b0ff61dbbe96e	4d810864144c5ddd345fea58f2d368283228ee8189f56bc2cec41d2a5924ecc0	1024	1456	1024	1456	True	0.409325	0.590675	0.0	5.883657	0.027344	review	same path/dimensions and structurally close; visual review required
resource/image_web/page/collection/magirepo/img/part1/magirepo_01_012.png	resource/image_web/page/collection/magirepo/img/part1/magirepo_01_012.png	same_path	337336	300964	47bb3418cfb81517833a600eced00567b9bbc8f945c754a46b19dba08f96235c	62aca20b2349e91cf19c94c26ba3cb58a48a60b4825af7d9d41c23fc8b30b98c	1024	1456	1024	1456	True	0.420739	0.579261	0.0	5.526164	0.027344	review	same path/dimensions and structurally close; visual review required
resource/image_web/page/collection/magirepo/img/part1/magirepo_01_017.png	resource/image_web/page/collection/magirepo/img/part1/magirepo_01_017.png	same_path	292473	261950	831734c0886238d62fee2f6d610cf62f6453f8499b2b1d101d762746314f8d84	2cd55aeac77f4dd725db1e415ff0fc97aa7cb111ea91ac99ae2a958c6aafc9c5	1024	1456	1024	1456	True	0.396345	0.603655	0.0	5.447065	0.058594	review	same path/dimensions and structurally close; visual review required
resource/image_web/page/collection/magirepo/img/part1/magirepo_01_018.png	resource/image_web/page/collection/magirepo/img/part1/magirepo_01_018.png	same_path	282923	251612	d66ec3b56a75bbb953a0fd53c5988085fb1ad1f6b56c6d9bdf1e0df20ebd3774	e99bcb0f5cfee63eab3710571eadc0c4812c3063e0929f98f0c13d9331daf088	1024	1456	1024	1456	True	0.406203	0.593797	0.0	5.320064	0.050781	review	same path/dimensions and structurally close; visual review required
resource/image_web/page/collection/magirepo/img/part1/magirepo_01_019.png	resource/image_web/page/collection/magirepo/img/part1/magirepo_01_019.png	same_path	279916	271999	f9b429aa356a5bce6e25723c8388f675b8023e44a3a098fcb53c619ef2b0d506	457747612e03361b1bb9a01c62a1420bc1d32635e208a2c30f1bfdef99bb7847	1024	1456	1024	1456	True	0.285339	0.714661	0.005668	8.178402	0.042969	review	same path/dimensions and structurally close; visual review required
resource/image_web/page/collection/magirepo/img/part1/magirepo_01_020.png	resource/image_web/page/collection/magirepo/img/part1/magirepo_01_020.png	same_path	337784	313953	9cbbc42b09233a1a524136bc7789cffdc9a7dcb795c8d4a8edc6546466e649e8	52e3aaf9fd94ef47e2764334a322cc543744b47215ca3b19fe39a02953e61e6f	1024	1456	1024	1456	True	0.376955	0.623045	0.005668	8.810478	0.078125	review	same path/dimensions and structurally close; visual review required
resource/image_web/page/collection/magirepo/img/part1/magirepo_01_021.png	resource/image_web/page/collection/magirepo/img/part1/magirepo_01_021.png	same_path	336904	326205	ee6a744d06fbc8f3c7afa98fb9439ac91710ff650151011c69ec58105a4d6ca8	aaa058d5b90aba7e1b66eb74c7cf2c466fd74244f2b5395b9ba1c8a2914aa999	1024	1456	1024	1456	True	0.376421	0.623579	0.005668	7.464725	0.035156	review	same path/dimensions and structurally close; visual review required
resource/image_web/page/collection/magirepo/img/part1/magirepo_01_022.png	resource/image_web/page/collection/magirepo/img/part1/magirepo_01_022.png	same_path	247572	244896	1db224df848d8b9547f6855b2b425a5dd9948e0effdcce14bf211ec563b44494	b99801a83bd6a2f7234ccb0ccd3bcc072d540b72ab4757801f8348c7c7643f4e	1024	1456	1024	1456	True	0.256075	0.743925	0.005666	7.420735	0.050781	review	same path/dimensions and structurally close; visual review required
resource/image_web/page/collection/magirepo/img/part1/magirepo_01_023.png	resource/image_web/page/collection/magirepo/img/part1/magirepo_01_023.png	same_path	287995	265480	a017aca56861948bdac82938f5e3d016bb4ccaad76ce93ae2910da82f29d794c	91ea7c01a59fc5582e9e9590d8244fe3b987d715a432847eb8e9815118f1d065	1024	1456	1024	1456	True	0.365537	0.634463	0.000687	6.871283	0.03125	review	same path/dimensions and structurally close; visual review required
resource/image_web/page/collection/magirepo/img/part1/magirepo_01_024.png	resource/image_web/page/collection/magirepo/img/part1/magirepo_01_024.png	same_path	263965	255943	7d781a617e26a53168e49d9702a5a3f7a8d948e5e873cf7dab602bdad131345c	4510cc129c76c6cdb04199f24ebb1593b8ebb063f6f68e857784df0bdd0441ba	1024	1456	1024	1456	True	0.298392	0.701608	0.005325	7.183036	0.03125	review	same path/dimensions and structurally close; visual review required
resource/image_web/page/collection/magirepo/img/part1/magirepo_01_025.png	resource/image_web/page/collection/magirepo/img/part1/magirepo_01_025.png	same_path	317718	318454	636923be4217ec9a1baf48520f2143507405499f99d1e8ecee31b4ed5ef266e0	6dea456f06b15f241468fa3247452f2652f9a2b0fe1071176e7dd0f9c8c1884f	1024	1456	1024	1456	True	0.353999	0.646001	0.004983	9.328072	0.070312	review	same path/dimensions and structurally close; visual review required
resource/image_web/page/collection/magirepo/img/part1/magirepo_01_026.png	resource/image_web/page/collection/magirepo/img/part1/magirepo_01_026.png	same_path	310930	307518	85e6f2dcb36e6ffb421780dec30bcae08ea0ed4d81be980d086ec9e761c76257	a19a4dcdaf837ec036cf51b1b2590590adb6e559c166a1862fa42e79542be84f	1024	1456	1024	1456	True	0.370519	0.629481	0.004983	8.272624	0.042969	review	same path/dimensions and structurally close; visual review required
resource/image_web/page/collection/magirepo/img/part1/magirepo_01_027.png	resource/image_web/page/collection/magirepo/img/part1/magirepo_01_027.png	same_path	274047	263486	26420f31e6f7d336db46dd9b4af431b22d5e624227320289a448e740a147f418	43d5bc35870129cf35a54788f4920558a896d24e7f3a32e21efaebfb83c366c1	1024	1456	1024	1456	True	0.309619	0.690381	0.005666	6.966909	0.03125	review	same path/dimensions and structurally close; visual review required
resource/image_web/page/collection/magirepo/img/part1/magirepo_01_028.png	resource/image_web/page/collection/magirepo/img/part1/magirepo_01_028.png	same_path	257426	245114	cd3ddff3d8d185ffed2266fc22dba1270a2e60a85b41b5030d44ce8b46887b0d	3d8beb88317b31cb0e1c78b2bbae0d73f806d186295d6ecd67c9852ef6416fef	1024	1456	1024	1456	True	0.288877	0.711123	0.006013	7.280178	0.039062	review	same path/dimensions and structurally close; visual review required
resource/image_web/page/collection/magirepo/img/part1/magirepo_01_029.png	resource/image_web/page/collection/magirepo/img/part1/magirepo_01_029.png	same_path	288537	271502	9e742a9db45753d89b36b1dcdd1f01d0f18e1c023288e525632bd432efdbc632	9a4540ef19ac091408b6809bbbc36f9020f5e2d9a195286d8d41fddf4a046402	1024	1456	1024	1456	True	0.381558	0.618442	0.00544	7.221064	0.054688	review	same path/dimensions and structurally close; visual review required
resource/image_web/page/collection/magirepo/img/part1/magirepo_01_030.png	resource/image_web/page/collection/magirepo/img/part1/magirepo_01_030.png	same_path	261033	243472	54f949717dffa6b6fe8a9dddb46f2e651849c545497ee2e8bc0062811dbd4844	0355607d1c8d2eba1f4d409bce3390bd0a74d444130b052e9f914f1605424306	1024	1456	1024	1456	True	0.360006	0.639994	0.005668	7.114841	0.082031	review	same path/dimensions and structurally close; visual review required
resource/image_web/page/collection/magirepo/img/part1/magirepo_01_031.png	resource/image_web/page/collection/magirepo/img/part1/magirepo_01_031.png	same_path	259668	257680	7feec07a38413833d54774a49019a56a376769bd12be79a8716e0a10e6304187	8253b52b8b2f6ce210124b54091e14bcb97132a49e64fa0ef74937e246a7f2e0	1024	1456	1024	1456	True	0.262159	0.737841	0.005668	7.202505	0.058594	review	same path/dimensions and structurally close; visual review required
resource/image_web/page/collection/magirepo/img/part1/magirepo_01_032.png	resource/image_web/page/collection/magirepo/img/part1/magirepo_01_032.png	same_path	243665	247668	57c394a210d12ec7861d34be0fd4b0402cc33c2d8079263b9bf71cd78dba9775	fe6c27c541b33aec4acb25f02a46d826e739b1db17d61307249684deafa33364	1024	1456	1024	1456	True	0.271843	0.728157	0.005666	9.310199	0.058594	review	same path/dimensions and structurally close; visual review required
resource/image_web/page/collection/magirepo/img/part1/magirepo_01_033.png	resource/image_web/page/collection/magirepo/img/part1/magirepo_01_033.png	same_path	367347	377742	7e450e273ee0f4f5498688e0446aa06ead8d8fffa7bbe7fb6038c80c776a2c88	2827ebb7f0c0cef86b5d11a444f20b19285de8fc25213ac262648d4329344538	1024	1456	1024	1456	True	0.340109	0.659891	0.007241	7.640497	0.0625	review	same path/dimensions and structurally close; visual review required
resource/image_web/page/collection/magirepo/img/part1/magirepo_01_034.png	resource/image_web/page/collection/magirepo/img/part1/magirepo_01_034.png	same_path	317091	309323	275ded756f73cd0fe7929c5e9ddb5abd1fcf26cb01a95c4a2de7320491feaf6a	6b072995afb1252a956a91f6589e1ab749ca1fc1e6fcdcd8ef6ac3e1f113d4b6	1024	1456	1024	1456	True	0.387681	0.612319	0.00544	8.795184	0.054688	review	same path/dimensions and structurally close; visual review required
resource/image_web/page/collection/magirepo/img/part1/magirepo_01_035.png	resource/image_web/page/collection/magirepo/img/part1/magirepo_01_035.png	same_path	318965	303978	9cd7a277855b83d0f6671395b951068a3c8faa6f7b844cfc16bb28a80855f0d8	b6ff360acbc786821aab90d34e5453161f60f2f10bae358ca2b885c928772013	1024	1456	1024	1456	True	0.420881	0.579119	0.005668	7.948607	0.070312	review	same path/dimensions and structurally close; visual review required
resource/image_web/page/collection/magirepo/img/part1/magirepo_01_036.png	resource/image_web/page/collection/magirepo/img/part1/magirepo_01_036.png	same_path	297558	275504	1b18c745ccb0c8be43757bbdf4e6e1b32e96597bf369b46c707f855a5b363f17	cb7914a2d53c1686161ef9f6fef6ffc89788d3fe3ef974ff1739b02432c6c21c	1024	1456	1024	1456	True	0.375514	0.624486	0.005668	9.424582	0.0625	review	same path/dimensions and structurally close; visual review required
resource/image_web/page/collection/magirepo/img/part1/magirepo_01_037.png	resource/image_web/page/collection/magirepo/img/part1/magirepo_01_037.png	same_path	321097	282150	0a01f78f7a446ea8b4918bd9dc0c50cfcff3a58b7daf3e4f1b6968129434249f	1f8d528aa46107c9a4cc989fe8761e19e043fd2935ad4ee56a2e4130798af6f5	1024	1456	1024	1456	True	0.31962	0.68038	0.000687	7.050192	0.050781	review	same path/dimensions and structurally close; visual review required
resource/image_web/page/collection/magirepo/img/part1/magirepo_01_038.png	resource/image_web/page/collection/magirepo/img/part1/magirepo_01_038.png	same_path	309870	261166	7e7288c914b66cea1db5c4800cb4c6b4d6d561eb613d0087ce60357b1134e2cc	121582a3db7aae673e7cd6cc390b63691ab247c615884e76ff9887f514573294	1024	1456	1024	1456	True	0.318358	0.681642	0.000687	9.671036	0.082031	review	same path/dimensions and structurally close; visual review required
resource/image_web/page/collection/magirepo/img/part1/magirepo_01_039.png	resource/image_web/page/collection/magirepo/img/part1/magirepo_01_039.png	same_path	314985	281764	96e58fbcbc20350152a021f75e67daa7ffeaf2277a7c43e18fd8be117b9f2ffe	931a4e28922af1f5f3def34598f46beb4ee0aec25493ebfa67f992808ac1bc19	1024	1456	1024	1456	True	0.3375	0.6625	0.000687	8.213904	0.085938	review	same path/dimensions and structurally close; visual review required
resource/image_web/page/collection/magirepo/img/part1/magirepo_01_040.png	resource/image_web/page/collection/magirepo/img/part1/magirepo_01_040.png	same_path	272011	249502	9c218e50b949ec834e296f44505b4295b6aeacedbdccbf297dae47e2913e6c18	62c727126393f91d74d142bd16e2461bfc8579c935b6393991d5ee117a6d282b	1024	1456	1024	1456	True	0.319408	0.680592	0.000687	6.34817	0.03125	review	same path/dimensions and structurally close; visual review required
resource/image_web/page/collection/magirepo/img/part1/magirepo_01_041.png	resource/image_web/page/collection/magirepo/img/part1/magirepo_01_041.png	same_path	323887	272532	8108c1de53b6e9ad710d898943fa564cc85ac9130cdc90feefe354b0acfec92e	5a5d07da58eb31dbeaa2823530b7bafa697e91d1e12ed8f34cfb7981dd03b8ef	1024	1456	1024	1456	True	0.327583	0.672417	0.000687	7.325086	0.054688	review	same path/dimensions and structurally close; visual review required
resource/image_web/page/collection/magirepo/img/part1/magirepo_01_042.png	resource/image_web/page/collection/magirepo/img/part1/magirepo_01_042.png	same_path	344469	307233	0ead3dade4da8860329f646c66227001802056060c81b60d28dd1317405759e3	3c3d3e8a13ce4ae279ecf6101cf225c9f14ecf75410ce7efd8467a85efc9aee4	1024	1456	1024	1456	True	0.368045	0.631955	0.000687	8.708121	0.035156	review	same path/dimensions and structurally close; visual review required
resource/image_web/page/collection/magirepo/img/part1/magirepo_01_043.png	resource/image_web/page/collection/magirepo/img/part1/magirepo_01_043.png	same_path	354491	323347	6509fdcc8db2d93037b139c2cb763badbc9d8907f082e4419fed74df42bb3a9e	2645b457bdcd5099b1d109be0902c23e53c49d8984e4e27448e31d896199c336	1024	1456	1024	1456	True	0.334854	0.665146	0.0	1.320892	0.011719	review	same path/dimensions and structurally close; visual review required
resource/image_web/page/collection/magirepo/img/part1/magirepo_01_044.png	resource/image_web/page/collection/magirepo/img/part1/magirepo_01_044.png	same_path	345356	315969	9178f771fb820c70c5588979b836ac132584cf07eaa5e98c82c02b44f5d9b96e	68f1b660898c142e31ad1aef69e0682590894bd821e01edcd817f94ac32d0af1	1024	1456	1024	1456	True	0.401144	0.598856	0.000687	8.380629	0.039062	review	same path/dimensions and structurally close; visual review required
resource/image_web/page/collection/magirepo/img/part1/magirepo_01_045.png	resource/image_web/page/collection/magirepo/img/part1/magirepo_01_045.png	same_path	295333	265275	57a045a37e5bf9eaf869d48df0527aa01ece766fcf4eef1d9e82437ab703d8e5	fd96f674197bca37fefc8275c9c5aac06e33d1824704e5e8cf572fa2ce7d98dc	1024	1456	1024	1456	True	0.33101	0.66899	0.000687	6.179563	0.007812	review	same path/dimensions and structurally close; visual review required
resource/image_web/page/collection/magirepo/img/part1/magirepo_01_046.png	resource/image_web/page/collection/magirepo/img/part1/magirepo_01_046.png	same_path	340264	314359	94ce6a45897ed1f6570df166c753064f1815f14a798639c9450e0a18abd2c114	93e554690767b73fa0610af238ea1b6191d97b163d22bde2d14cc66327267f10	1024	1456	1024	1456	True	0.357036	0.642964	0.000687	8.282123	0.035156	review	same path/dimensions and structurally close; visual review required
resource/image_web/page/collection/magirepo/img/part2/magirepo_02_002.png	resource/image_web/page/collection/magirepo/img/part2/magirepo_02_002.png	same_path	313456	284416	45f2a18d3a4f1a0b086724b7e38901c10e983ad84f605ccbeffd163f7af279ba	a8ac7c3d397b01c2f2abec308d6583072a06eb5384a40a4998b0f78596bfe88a	1024	1456	1024	1456	True	0.294065	0.705935	0.000687	6.54244	0.039062	review	same path/dimensions and structurally close; visual review required
resource/image_web/page/collection/magirepo/img/part2/magirepo_02_004.png	resource/image_web/page/collection/magirepo/img/part2/magirepo_02_004.png	same_path	337930	304990	7db4af64419ee1485462d35c61299b6ce0796ff7ba910c9a7e25e8343fc31f27	fbc88103efbcabc7961d1fed0a0e5676ff33bf38a2c26b16f5d0fccce0837463	1024	1456	1024	1456	True	0.287472	0.712528	0.0	6.107922	0.097656	review	same path/dimensions and structurally close; visual review required
resource/image_web/page/collection/magirepo/img/part2/magirepo_02_005.png	resource/image_web/page/collection/magirepo/img/part2/magirepo_02_005.png	same_path	318160	286494	e0661551f8ba005ce8a1bd68af5ea2ff951e5f1ff1b9c31249ce01a18cf3cefb	5b89a77273c64df6c871ccb0050d14686ba38fa99ebee5700f7d9eed857c0549	1024	1456	1024	1456	True	0.298343	0.701657	0.0	3.133268	0.023438	review	same path/dimensions and structurally close; visual review required
resource/image_web/page/collection/magirepo/img/part2/magirepo_02_006.png	resource/image_web/page/collection/magirepo/img/part2/magirepo_02_006.png	same_path	287460	253913	f42bd3503ebe37fc17d93af59c53f56c8439edb3d02b5c658c7c0461a747dd58	e1ba642152f5bd9ab5826acc10ab444ef74583569b397148a5b26d4ab9958ccb	1024	1456	1024	1456	True	0.321598	0.678402	0.000687	6.664979	0.042969	review	same path/dimensions and structurally close; visual review required
resource/image_web/page/collection/magirepo/img/part2/magirepo_02_007.png	resource/image_web/page/collection/magirepo/img/part2/magirepo_02_007.png	same_path	329255	293211	187425103fa5a3979ba04f5dc6872e2a6ccbb7ce50f5107788c42d2dfa4277a3	703ad7285b2eebfb5e3d23f282eaac1bf1648eb8f76d33b39a2b72e735f54904	1024	1456	1024	1456	True	0.376105	0.623895	0.000687	7.7094	0.058594	review	same path/dimensions and structurally close; visual review required
resource/image_web/page/collection/magirepo/img/part2/magirepo_02_008.png	resource/image_web/page/collection/magirepo/img/part2/magirepo_02_008.png	same_path	291580	273884	9e5ab2b31d3d80f40571c2dc0f435fadce9ae846805bc9a755a60aa479d8fa5c	fe1a3ac05f731b6d4b7cc9fd074b82322b3ccf57aa0c7af52c453f25bd64cb6e	1024	1456	1024	1456	True	0.329022	0.670978	0.000687	8.990592	0.054688	review	same path/dimensions and structurally close; visual review required
resource/image_web/page/collection/magirepo/img/part2/magirepo_02_009.png	resource/image_web/page/collection/magirepo/img/part2/magirepo_02_009.png	same_path	325650	298331	aba779a72a6d3566e9d44951f018ec7aaa7aba6b0149a772194e39413d9c7b3e	6a9a96004f94ba3c8b601ed0b0e306e5834fffbf5c40ae2bcbc964fc72995484	1024	1456	1024	1456	True	0.346649	0.653351	0.000687	9.044492	0.042969	review	same path/dimensions and structurally close; visual review required
resource/image_web/page/collection/magirepo/img/part2/magirepo_02_010.png	resource/image_web/page/collection/magirepo/img/part2/magirepo_02_010.png	same_path	335608	314520	8c402e66328ad1809dd670e33fe750ce01429746f2e415c2b1b88417b4531598	3c5dfb730f80b75d2546553431ef64ed8874029d6a96e21b4d06f2c03cd34aeb	1024	1456	1024	1456	True	0.330159	0.669841	0.000687	7.419907	0.035156	review	same path/dimensions and structurally close; visual review required
resource/image_web/page/collection/magirepo/img/part2/magirepo_02_011.png	resource/image_web/page/collection/magirepo/img/part2/magirepo_02_011.png	same_path	385029	340578	bb99d3e90b2a65652ddd570779c4bd93e395e8b46b0f907ee022758110dfd324	683c0a5960788f959211812ecdd640115405c9f1ffecb352c5c835f704b5f811	1024	1456	1024	1456	True	0.38631	0.61369	0.000687	7.229679	0.035156	review	same path/dimensions and structurally close; visual review required
resource/image_web/page/collection/magirepo/img/part2/magirepo_02_012.png	resource/image_web/page/collection/magirepo/img/part2/magirepo_02_012.png	same_path	300481	271264	611d06fbc6547df9c52d0a261f7a3ebf98badb7d38f5ee9823997c32bf597b3b	2aca2dfa55b8b34e54aa0dc4d7988a2d46328ac2e31f054c8f72b4b1a93761cf	1024	1456	1024	1456	True	0.428685	0.571315	0.000687	6.868763	0.015625	review	same path/dimensions and structurally close; visual review required
resource/image_web/page/collection/magirepo/img/part2/magirepo_02_013.png	resource/image_web/page/collection/magirepo/img/part2/magirepo_02_013.png	same_path	343581	295500	f3476556d8fa105461791d622998ce381a51664ab90723aba677d2241f8e4a09	667f31fdb0b79dd963eb861ecb84a22d807c28d289f8587a8d04f83da17b4222	1024	1456	1024	1456	True	0.343211	0.656789	0.000687	8.661434	0.066406	review	same path/dimensions and structurally close; visual review required
resource/image_web/page/collection/magirepo/img/part2/magirepo_02_014.png	resource/image_web/page/collection/magirepo/img/part2/magirepo_02_014.png	same_path	403999	392506	cb4bf7328576a25fe92eb232bb705d24c08a417a283cca7fc67773e05344cc9d	2d1a0224e4cfd571ea6f14f491052af71ed80a4d30f5d67343a4d07a040e3495	1024	1456	1024	1456	True	0.369161	0.630839	0.0	3.686936	0.050781	review	same path/dimensions and structurally close; visual review required
resource/image_web/page/collection/magirepo/img/part2/magirepo_02_015.png	resource/image_web/page/collection/magirepo/img/part2/magirepo_02_015.png	same_path	332104	287917	fd6af9d9bef3f9212e4ab1a0111e6d53204137ac0f68b964008e5755c8f2ae55	6dc12633a901a576b8447c2a43dff6a7e09fbd67e1d21c7bf9330f4b82b2fe8a	1024	1456	1024	1456	True	0.307527	0.692473	0.0	5.249901	0.035156	review	same path/dimensions and structurally close; visual review required
resource/image_web/page/collection/magirepo/img/part2/magirepo_02_017.png	resource/image_web/page/collection/magirepo/img/part2/magirepo_02_017.png	same_path	330732	300443	d0af923839a7994337e7e4e6163f021c950e51128f487b3d131724d7d411f6a3	49379b00dbc1de2947dd4bfda186ab2c1792abb6e42280956887c642e5415d4d	1024	1456	1024	1456	True	0.392168	0.607832	0.0	5.406254	0.066406	review	same path/dimensions and structurally close; visual review required
resource/image_web/page/collection/magirepo/img/part2/magirepo_02_018.png	resource/image_web/page/collection/magirepo/img/part2/magirepo_02_018.png	same_path	284264	248205	23e4d392165e60629c0893954b9b2e4a357601e586baad5ec56b5169a4d07b9b	90bf023efbb317fa164621f956643e404acd509be291cb65ada75548d5ced80c	1024	1456	1024	1456	True	0.372477	0.627523	0.0	4.906369	0.035156	review	same path/dimensions and structurally close; visual review required
resource/image_web/page/collection/magirepo/img/part2/magirepo_02_019.png	resource/image_web/page/collection/magirepo/img/part2/magirepo_02_019.png	same_path	334289	296148	07d7da12fdf9f812ab5d584ec9f3d2df36b3c353c29a1e1db80a9a04b5accba0	8db00898df333b1fbcc4e1bc5d43dfd5eb34b8d3b5268b437c57173e776caa97	1024	1456	1024	1456	True	0.318622	0.681378	0.0	3.93199	0.046875	review	same path/dimensions and structurally close; visual review required
resource/image_web/page/collection/magirepo/img/part2/magirepo_02_020.png	resource/image_web/page/collection/magirepo/img/part2/magirepo_02_020.png	same_path	347255	297293	3a852365e50f0b0fccf003ea5916f137c5ef5927ec2763a4a4af719ea7159a4d	5c042cc4beb2a3c544a5f134b5f82e33892f2702111b1a708c9c85306112d377	1024	1456	1024	1456	True	0.374156	0.625844	0.0	3.667031	0.042969	review	same path/dimensions and structurally close; visual review required
resource/image_web/page/collection/magirepo/img/part2/magirepo_02_021.png	resource/image_web/page/collection/magirepo/img/part2/magirepo_02_021.png	same_path	331819	300857	5c4f01131a9de10fb7c84119558499d0d47be55a12da30485f808fd3d9e75574	af29b77d0bc8e4e3a7babfaf473a1dad25e5e89836e3dfc9972da50cfcdc648b	1024	1456	1024	1456	True	0.339815	0.660185	0.0	3.565692	0.039062	review	same path/dimensions and structurally close; visual review required
resource/image_web/page/collection/magirepo/img/part2/magirepo_02_022.png	resource/image_web/page/collection/magirepo/img/part2/magirepo_02_022.png	same_path	350526	318087	ec1e7fee6bbff1c658a82e0f53ced467c0aa3d0c7aa6bf9d5abd741d699d46b0	2dad3d061348305f383ad0b4b8ee0032463e2dc4a1cd32ee63b7fe3e2aa66704	1024	1456	1024	1456	True	0.345647	0.654353	0.0	3.836537	0.039062	review	same path/dimensions and structurally close; visual review required
resource/image_web/page/collection/magirepo/img/part2/magirepo_02_023.png	resource/image_web/page/collection/magirepo/img/part2/magirepo_02_023.png	same_path	348064	292693	3817c792cf5f32e7e922b192dd75c0919c9cf0fcb13927dba341aac8659c29fc	42e7051f144df1f4d1cc9141f11da2404882f76ade6b44396e4c5d476ca7cba1	1024	1456	1024	1456	True	0.328136	0.671864	0.0	5.483551	0.046875	review	same path/dimensions and structurally close; visual review required
resource/image_web/page/collection/magirepo/img/part2/magirepo_02_026.png	resource/image_web/page/collection/magirepo/img/part2/magirepo_02_026.png	same_path	324796	286305	4de7d4b352b7d7a81ddf2e692e5c96eaa8cc6896a3369372def787465bc17730	e7ce64eeb19e0c925eae1cc7923d6340d594e5a93220c91765e9fbd6251c9872	1024	1456	1024	1456	True	0.369068	0.630932	0.0	4.51239	0.0625	review	same path/dimensions and structurally close; visual review required
resource/image_web/page/collection/magirepo/img/part2/magirepo_02_027.png	resource/image_web/page/collection/magirepo/img/part2/magirepo_02_027.png	same_path	328723	291207	19ecabbb8e3f712cd9114d2dfa8414729df6cc289f65e203bd7f28b032868889	e313cb76ee35bb16262b48bb7de1bad62cf99b39228aa0b7cbd371854d82c3b6	1024	1456	1024	1456	True	0.28785	0.71215	0.0	4.58784	0.035156	review	same path/dimensions and structurally close; visual review required
resource/image_web/page/collection/magirepo/img/part2/magirepo_02_028.png	resource/image_web/page/collection/magirepo/img/part2/magirepo_02_028.png	same_path	324171	271884	fabd6980eb51ba0b1bfdf4d8991dbac979d473ab0916fc5b8b67070011eb38d5	3fc3d15a1569f1eaf167b732297c11c0c73e8c6b7da662d9bb26935b42d596b9	1024	1456	1024	1456	True	0.323136	0.676864	0.0	2.920889	0.03125	review	same path/dimensions and structurally close; visual review required
resource/image_web/page/collection/magirepo/img/part2/magirepo_02_029.png	resource/image_web/page/collection/magirepo/img/part2/magirepo_02_029.png	same_path	357449	317640	d66d0bcaaf1917452f388e664d1aeead9e8347eefcfc2cc0dca726e6cb070b86	c2e20fa771c0f0335f240603e9c5fec166c4b5a34ae7fd7a5870438b07c0168b	1024	1456	1024	1456	True	0.318766	0.681234	0.0	4.976124	0.039062	review	same path/dimensions and structurally close; visual review required
resource/image_web/page/collection/magirepo/img/part2/magirepo_02_030.png	resource/image_web/page/collection/magirepo/img/part2/magirepo_02_030.png	same_path	334776	288085	4b9467a9db0ac572c7b927079e917cffa6909a56dab4ca50de8d79260b6e02f6	69b0eb5e27d8b127a9c7e1cd4f81979215738d7019f98c09fedb4e0dd8762e5b	1024	1456	1024	1456	True	0.288755	0.711245	0.0	3.827981	0.046875	review	same path/dimensions and structurally close; visual review required
resource/image_web/page/collection/magirepo/img/part2/magirepo_02_031.png	resource/image_web/page/collection/magirepo/img/part2/magirepo_02_031.png	same_path	305979	299972	463b2b9d1eff2c8ea6d8e3d53bb79514d8ee437fd2e9b2f71bc41a05bcb59417	10c749f8fdd304774074f43d2ffcf853e639f2486844ce2d4a01bea64b2ca974	1024	1456	1024	1456	True	0.303625	0.696375	0.004981	5.841254	0.042969	review	same path/dimensions and structurally close; visual review required
resource/image_web/page/collection/magirepo/img/part2/magirepo_02_032.png	resource/image_web/page/collection/magirepo/img/part2/magirepo_02_032.png	same_path	321193	272412	889e5623a151040da97ffc7f1180d7267c4de2650882b1f1df7f144fa3ae33c5	9629fddebf7e5ede393219b84d9fbce5974367f3af5ed9b4f55dc580db26a3e9	1024	1456	1024	1456	True	0.294198	0.705802	0.0	4.362428	0.042969	review	same path/dimensions and structurally close; visual review required
resource/image_web/page/collection/magirepo/img/part2/magirepo_02_033.png	resource/image_web/page/collection/magirepo/img/part2/magirepo_02_033.png	same_path	316860	260535	76a9d8244d64397a9fe747938c7366993262f7dbf28b92fa82cbac08b88debfd	da311da542e743fc9ef170b8c2be730f38f2bced686a645ff355d21f01fe35a9	1024	1456	1024	1456	True	0.283608	0.716392	0.0	4.982439	0.070312	review	same path/dimensions and structurally close; visual review required
resource/image_web/page/collection/magirepo/img/part2/magirepo_02_034.png	resource/image_web/page/collection/magirepo/img/part2/magirepo_02_034.png	same_path	338443	279984	dce968c68685d694c636cb934373504cac18fd7d4a5ee5440f9dbdcfa061ad3b	bf28b5511e17dbbfab45918b3d96205e2736ab1cc19057c84d4d66cdbdd74f18	1024	1456	1024	1456	True	0.3177	0.6823	0.0	3.003691	0.023438	review	same path/dimensions and structurally close; visual review required
resource/image_web/page/collection/magirepo/img/part2/magirepo_02_035.png	resource/image_web/page/collection/magirepo/img/part2/magirepo_02_035.png	same_path	309605	278517	1eadca2de76153bc17c132fbb422464e624b8432ba306c274445528a71f65649	6e5f13193cb38da22166da2de0e1c742d38112e1f903f80bf127f0f769dee27e	1024	1456	1024	1456	True	0.30096	0.69904	0.0	5.564154	0.050781	review	same path/dimensions and structurally close; visual review required
resource/image_web/page/collection/magirepo/img/part2/magirepo_02_036.png	resource/image_web/page/collection/magirepo/img/part2/magirepo_02_036.png	same_path	318497	282347	bac8d9a0a129081497371ff7a406b94f3248c8becd72f186c4aa6cfe6215587e	da53aeca9a3751bfcda6d8b19c4c91d49b352a6585da8d102965ef9959d65963	1024	1456	1024	1456	True	0.28348	0.71652	0.0	3.468225	0.042969	review	same path/dimensions and structurally close; visual review required
resource/image_web/page/collection/magirepo/img/part2/magirepo_02_037.png	resource/image_web/page/collection/magirepo/img/part2/magirepo_02_037.png	same_path	293055	265312	43c78cc53a4673f7031887e81cd1e5d4f404e449dfa8475631731d61a2d8efb3	166b15f73f11fe152b2f64666ac10c3ac0aa31a2a1f014f2493f34ef8ddea1f0	1024	1456	1024	1456	True	0.287069	0.712931	0.0	4.854081	0.050781	review	same path/dimensions and structurally close; visual review required
resource/image_web/page/collection/magirepo/img/part2/magirepo_02_039.png	resource/image_web/page/collection/magirepo/img/part2/magirepo_02_039.png	same_path	335929	299976	4a321db1956748fb9a6eb65097454b8564ec69a4d98fc9ae783a5c4790b6b111	4b99af356884150be952c8420b827fd8e41540d7cbd2e93e90ff6f52bc4113bf	1024	1456	1024	1456	True	0.365832	0.634168	0.0	5.680242	0.050781	review	same path/dimensions and structurally close; visual review required
resource/image_web/page/collection/magirepo/img/part2/magirepo_02_040.png	resource/image_web/page/collection/magirepo/img/part2/magirepo_02_040.png	same_path	334985	285872	a0898c5a4eecf16c51504beddd92b4ada9f3054d1fd4700b6a2e41f2ca906cb5	43df071dbf3ee60a3b8a04c5d7abb92b36414352d6101523dd76e80fd93a0fec	1024	1456	1024	1456	True	0.293796	0.706204	0.0	4.160801	0.023438	review	same path/dimensions and structurally close; visual review required
resource/image_web/page/collection/magirepo/img/part2/magirepo_02_042.png	resource/image_web/page/collection/magirepo/img/part2/magirepo_02_042.png	same_path	374959	320293	4b183d71c22e8e55c9c703a5f51b025017c99d1504084a84bafe75954af33072	0bc39c4487565da84fb25a2ad7ba2984b80cd31f35ffe007027d41f76443307e	1024	1456	1024	1456	True	0.343591	0.656409	0.0	3.085779	0.050781	review	same path/dimensions and structurally close; visual review required
resource/image_web/page/collection/magirepo/img/part2/magirepo_02_043.png	resource/image_web/page/collection/magirepo/img/part2/magirepo_02_043.png	same_path	311289	283492	f4c8372da6bd28e5592e97c533219f82c0a3940f31b0617c5de387cfdda61fd0	f66ac7b314d1866114440348b61d778318e48556e77ce82f628a8c7f5a0699a3	1024	1456	1024	1456	True	0.325663	0.674337	0.003323	5.42418	0.078125	review	same path/dimensions and structurally close; visual review required
resource/image_web/page/collection/magirepo/img/part2/magirepo_02_044.png	resource/image_web/page/collection/magirepo/img/part2/magirepo_02_044.png	same_path	328135	284611	6eee8e1433473b50e90dd9f2ec6b541513284c40636cd695d4277d6611df0317	0aa11e3cceda19f90c1c6d715a477603a2a2c9e8295c119de329f38ff16620cc	1024	1456	1024	1456	True	0.352476	0.647524	0.003323	5.477661	0.035156	review	same path/dimensions and structurally close; visual review required
resource/image_web/page/collection/magirepo/img/part2/magirepo_02_045.png	resource/image_web/page/collection/magirepo/img/part2/magirepo_02_045.png	same_path	304031	256414	19e995a8fec098fcdb5f8f725a15f59b03e876f2f704e627f4a5bec48b7c3edd	a05252832582af2c01585809f4e693d6ed4b6b32c8f1e6dbb9a0aee3e4d05153	1024	1456	1024	1456	True	0.302772	0.697228	0.003323	5.361404	0.042969	review	same path/dimensions and structurally close; visual review required
resource/image_web/page/collection/magirepo/img/part2/magirepo_02_047.png	resource/image_web/page/collection/magirepo/img/part2/magirepo_02_047.png	same_path	282450	293899	ca54ee5fd2eb25e3c2ba7418ba575df79dced9418251c3cc6f1620848d4d3aec	0ac431624c802b7d58435b790867be6d0f58a8113cdc08353fd30f0f2bcce872	1024	1456	1024	1456	True	0.348813	0.651187	0.003892	10.057656	0.109375	review	same path/dimensions and structurally close; visual review required
resource/image_web/page/collection/magirepo/img/part2/magirepo_02_048.png	resource/image_web/page/collection/magirepo/img/part2/magirepo_02_048.png	same_path	297726	292826	07bebb8ab106bde03a5c1d53369373a04a65a84561daf479d60c25a70cd51f7d	019225f4ea61b814b144a23fdea0c98f33dc5224f31ed9a07478b38471674582	1024	1456	1024	1456	True	0.295244	0.704756	0.004007	5.516691	0.054688	review	same path/dimensions and structurally close; visual review required
resource/image_web/page/collection/magirepo/img/part2/magirepo_02_049.png	resource/image_web/page/collection/magirepo/img/part2/magirepo_02_049.png	same_path	355851	306794	11ad8f062258d3114bb05d1c41deb0a54987a91153b6ca6ea5d2dbe20caf0b1f	c7effda9803217e10dd77e57a4bb2d1db208b049042c231330fb48387bec8cc6	1024	1456	1024	1456	True	0.309678	0.690322	0.0	4.134755	0.027344	review	same path/dimensions and structurally close; visual review required
resource/image_web/page/collection/magirepo/img/part2/magirepo_02_051.png	resource/image_web/page/collection/magirepo/img/part2/magirepo_02_051.png	same_path	345403	303630	0ef01eddc8ac59938ac14f9fb96c8e80207bdddd26ebb30af6bea4013238d11a	cdc687a0a065a1ad0a921971cacb0c6dafce37d2903e21ec4374eb633f271a39	1024	1456	1024	1456	True	0.365428	0.634572	0.0	3.641739	0.019531	review	same path/dimensions and structurally close; visual review required
resource/image_web/page/collection/magirepo/img/part2/magirepo_02_052.png	resource/image_web/page/collection/magirepo/img/part2/magirepo_02_052.png	same_path	316100	270429	06af83c12000749b8061bf3a6aa589a7f8ae4fa298f41fa22b50361ed733ef1d	38ef3b7047d6f796bc57cb6c28b0932df666f55229b3e4155645e71b12a31b2f	1024	1456	1024	1456	True	0.298584	0.701416	0.003321	4.37632	0.054688	review	same path/dimensions and structurally close; visual review required
resource/image_web/page/collection/magirepo/img/part2/magirepo_02_056.png	resource/image_web/page/collection/magirepo/img/part2/magirepo_02_056.png	same_path	356820	329485	46be44807e66c10fcc3e21cce0f6d8bfb9377889212bf1bec0a892e67cbace59	6cd2dda4c55504603bce7d739d89717fe89d87944577ac376495a089839f3467	1024	1456	1024	1456	True	0.415118	0.584882	0.001663	4.7485	0.019531	review	same path/dimensions and structurally close; visual review required
resource/image_web/page/collection/magirepo/img/part2/magirepo_02_057.png	resource/image_web/page/collection/magirepo/img/part2/magirepo_02_057.png	same_path	331838	255362	6dd811234ef4ae5e966b851434c7c6905f79ef96e6fba4eb0834466e83e0c07e	bf049bb91338c0824acc0cf2a7703fa6a747bde5d2c9908b87c9ca99984209da	1024	1456	1024	1456	True	0.392181	0.607819	0.0	5.854213	0.046875	review	same path/dimensions and structurally close; visual review required
resource/image_web/page/collection/magirepo/img/part2/magirepo_02_059.png	resource/image_web/page/collection/magirepo/img/part2/magirepo_02_059.png	same_path	318996	246040	990647d200f13d372000bd8f58fa7699479ae1816f454a60497c437ab070c082	df4bd83eb56c53f8bbc21867ffc9bbfbd4b3ebca9c099adc950cf3db3ecf62bb	1024	1456	1024	1456	True	0.4331	0.5669	0.0	11.573256	0.0625	review	same path/dimensions and structurally close; visual review required
resource/image_web/page/collection/magirepo/img/part2/magirepo_02_060.png	resource/image_web/page/collection/magirepo/img/part2/magirepo_02_060.png	same_path	355816	268893	5bea07f797bbe06f5726461d943e65e4dd8eff4bb73e4c2ed860249f9bd05415	bb26d29bc88a5a23bbf1187cff1d408c08c0fc8e946813722cf037c7d875777f	1024	1456	1024	1456	True	0.406023	0.593977	0.0	12.577855	0.042969	review	same path/dimensions and structurally close; visual review required
resource/image_web/page/collection/magirepo/img/part2/magirepo_02_061.png	resource/image_web/page/collection/magirepo/img/part2/magirepo_02_061.png	same_path	294323	243455	a7ccdb4736dcf347e799ca2f4c1be6ef537d5ef1f0eac97ea93cbfcc7b98bedf	1d5445d11fb7d9a4f92520993a4bbc1a7e79cbbe4ac1e4c756d736e8181a7de8	1024	1456	1024	1456	True	0.304942	0.695058	0.0	7.021934	0.050781	review	same path/dimensions and structurally close; visual review required
resource/image_web/page/collection/magirepo/img/part2/magirepo_02_062.png	resource/image_web/page/collection/magirepo/img/part2/magirepo_02_062.png	same_path	269232	233661	e0744f55236c7f682d4d453bfef555c24301013c3a4c925778b16ff806da30cc	f9cf49cc065335c037d87fb94919fd723c5e243523af5337b425401aa8515503	1024	1456	1024	1456	True	0.308588	0.691412	0.004007	4.948621	0.015625	review	same path/dimensions and structurally close; visual review required
resource/image_web/page/collection/magirepo/img/part2/magirepo_02_063.png	resource/image_web/page/collection/magirepo/img/part2/magirepo_02_063.png	same_path	310253	239663	8b24c9257604823f45e495f81dde983652f3374c724e247550fa95022cd4df72	255ce896b0039ad105bb1fc3a02e2ad44fec398c7145f7d3aca651ad4d6366f3	1024	1456	1024	1456	True	0.363472	0.636528	0.0	4.943299	0.046875	review	same path/dimensions and structurally close; visual review required
resource/image_web/page/collection/magirepo/img/part2/magirepo_02_064.png	resource/image_web/page/collection/magirepo/img/part2/magirepo_02_064.png	same_path	285809	246924	cc5d30b940c042824c2f66bb9c76915fb8c4887f6b8a61641e748b9866bc0371	af2ecb817a8300440b6a43cc9709c7191ce0a647d54bdab67d0d335b2fdfec17	1024	1456	1024	1456	True	0.328416	0.671584	0.004007	4.926113	0.054688	review	same path/dimensions and structurally close; visual review required
resource/image_web/page/collection/magirepo/img/part2/magirepo_02_065.png	resource/image_web/page/collection/magirepo/img/part2/magirepo_02_065.png	same_path	265280	214335	8c11312d3803fc03c61ca0ddac031f42b0dc974f0d2a32e6f78a5561c449b21a	8ff8631e84e419947780d9ef7f0c718f12f453afb91c3ce77adbf40be53d2439	1024	1456	1024	1456	True	0.283292	0.716708	0.004981	8.049074	0.066406	review	same path/dimensions and structurally close; visual review required
resource/image_web/page/collection/magirepo/img/part2/magirepo_02_067.png	resource/image_web/page/collection/magirepo/img/part2/magirepo_02_067.png	same_path	341377	259590	1d17f29effdac37924214a1678c3efedd3fc8cbcf37e63a1ae3174aa0e31c79b	c101e797aa1581a8ecfee3a4df5955b00427e79c69bc39227c111f6541790197	1024	1456	1024	1456	True	0.341156	0.658844	0.0	5.50388	0.066406	review	same path/dimensions and structurally close; visual review required
resource/image_web/page/collection/magirepo/img/part2/magirepo_02_068.png	resource/image_web/page/collection/magirepo/img/part2/magirepo_02_068.png	same_path	320073	233426	446d8c9aa410a959617816df4ce8468dea2fe1e9afb38151c4cacea0d6b79b7a	5cb3339d335d54650be7c3a40a3f120c8aa3cb4151f71de62796a76e1bb47765	1024	1456	1024	1456	True	0.394257	0.605743	0.0	5.336846	0.050781	review	same path/dimensions and structurally close; visual review required
resource/image_web/page/collection/magirepo/img/part2/magirepo_02_069.png	resource/image_web/page/collection/magirepo/img/part2/magirepo_02_069.png	same_path	287705	230538	fcdcb3f702115005e112425169a08b546d4106a2ba349bd0bb60e991e8fed956	cc111674ab8542e72098415390ae0e293994c6a0d924a26a325eacfa799c41f9	1024	1456	1024	1456	True	0.283719	0.716281	0.004981	7.320866	0.054688	review	same path/dimensions and structurally close; visual review required
resource/image_web/page/collection/magirepo/img/part2/magirepo_02_070.png	resource/image_web/page/collection/magirepo/img/part2/magirepo_02_070.png	same_path	306319	239790	d95919c3bd2ae2e78038b27defc314016597ed1d8ec7a255089bc9ef1af38562	4afd6c1512b631ec2f4e598c2092323dc5ca1d3decea6376cb801f3934692e1c	1024	1456	1024	1456	True	0.358094	0.641906	0.0	5.568304	0.066406	review	same path/dimensions and structurally close; visual review required
resource/image_web/page/collection/magirepo/img/part2/magirepo_02_071.png	resource/image_web/page/collection/magirepo/img/part2/magirepo_02_071.png	same_path	302855	226356	91fe33d6babee9e251ab86c0b4893d991976473ab907454a4be0f6d577c51a14	1e2e65d2c6ff94be6fb5e7a1cb2ec433d59abbd0031404370a5e3fd213708ab2	1024	1456	1024	1456	True	0.342094	0.657906	0.0	4.823332	0.074219	review	same path/dimensions and structurally close; visual review required
resource/image_web/page/collection/magirepo/img/part2/magirepo_02_072.png	resource/image_web/page/collection/magirepo/img/part2/magirepo_02_072.png	same_path	313186	193597	c2357e19aacbede9f4aaedcc7c4bfe465e2013bac06529d4a6dca2d79150119f	7f2c33053c199fdf63f8a600894a3235c2e85af4e4db0513092e2310d82c4670	1024	1456	1024	1456	True	0.312957	0.687043	0.0	5.09772	0.0625	review	same path/dimensions and structurally close; visual review required
resource/image_web/page/collection/magirepo/img/part2/magirepo_02_073.png	resource/image_web/page/collection/magirepo/img/part2/magirepo_02_073.png	same_path	266707	197123	453f2200d6d3a949dcf0187627bf3388b21e381ec12973a3ba405b55b7f77f94	56eeaa6d5d067be68e53afa4961fda8a4f4976553f8753b034152d484a6082bf	1024	1456	1024	1456	True	0.287061	0.712939	0.0	4.492204	0.035156	review	same path/dimensions and structurally close; visual review required
resource/image_web/page/collection/magirepo/img/part2/magirepo_02_074.png	resource/image_web/page/collection/magirepo/img/part2/magirepo_02_074.png	same_path	364930	292010	fb4fb9729a6d86bd958d5d57c5d2c200275e3475a43ec9638b3e30a25876b065	e566e0d2c5a5711b74ea366d3e8458e76624e8e25c6d4b70323e109d0980b632	1024	1456	1024	1456	True	0.354417	0.645583	0.0	5.741272	0.046875	review	same path/dimensions and structurally close; visual review required
resource/image_web/page/collection/magirepo/img/part2/magirepo_02_075.png	resource/image_web/page/collection/magirepo/img/part2/magirepo_02_075.png	same_path	284440	240688	b96f9a2d3dff9c0bab65e23ad3dc11290110106519d8ed54c70adda7b18326ac	94fb1b214a67c99d9bf6f2ef35924dcd0b33727fe74bf3e1e1fd794281b8e84c	1024	1456	1024	1456	True	0.295125	0.704875	0.004007	6.891527	0.078125	review	same path/dimensions and structurally close; visual review required
resource/image_web/page/collection/magirepo/img/part2/magirepo_02_076.png	resource/image_web/page/collection/magirepo/img/part2/magirepo_02_076.png	same_path	261830	212280	247e3dcc28dc5334c9daa9f1b09d1e3c46157e41daa5179a57a7b3f953ecc589	97d8c008a83c80d44b354694b8c0a30519e62e511b945731610762516ae2a86a	1024	1456	1024	1456	True	0.287951	0.712049	0.004007	5.966126	0.058594	review	same path/dimensions and structurally close; visual review required
resource/image_web/page/collection/magirepo/img/part2/magirepo_02_077.png	resource/image_web/page/collection/magirepo/img/part2/magirepo_02_077.png	same_path	299425	210956	ca5d2059ae51c699fba9922c626a5465e30034f43d5cc5258a2246281ad064d0	79f82362a92b1d0b36594dcd5d108e2228d1485b4c3d7ea7e0bda8d70df4fa3a	1024	1456	1024	1456	True	0.283989	0.716011	0.0	3.556386	0.042969	review	same path/dimensions and structurally close; visual review required
resource/image_web/page/collection/magirepo/img/part2/magirepo_02_078.png	resource/image_web/page/collection/magirepo/img/part2/magirepo_02_078.png	same_path	303247	236961	f5eb85c659b22f2989e7992c6c3cfae6dbf8d7ec71a2a6fcca53661dbb4cb77c	8dd966e245995b9d4f8ff0170a05f0f519e8966d5d06a314d600228d6f40094b	1024	1456	1024	1456	True	0.323897	0.676103	0.0	5.111711	0.054688	review	same path/dimensions and structurally close; visual review required
resource/image_web/page/collection/magirepo/img/part2/magirepo_02_079.png	resource/image_web/page/collection/magirepo/img/part2/magirepo_02_079.png	same_path	307263	229330	f5e46fc96d39b0868003b7ad5885e42ccc5b56ce0b2c4d8794fd300c90aad172	6c3adc40437c07d758cb2c6c1045754e5a78ca78a44820c15e30c93d017015b4	1024	1456	1024	1456	True	0.386538	0.613462	0.0	6.921525	0.050781	review	same path/dimensions and structurally close; visual review required
resource/image_web/page/collection/magirepo/img/part2/magirepo_02_080.png	resource/image_web/page/collection/magirepo/img/part2/magirepo_02_080.png	same_path	304739	223717	407b9587b440d94f3f8e0dbc2c71f531854dc26efc30ae0831db00486a5d62f2	787b841752e74ec874189a32e93831646278222fb00cc00b7309d268640c3fcb	1024	1456	1024	1456	True	0.286329	0.713671	0.0	4.21295	0.03125	review	same path/dimensions and structurally close; visual review required
resource/image_web/page/collection/magirepo/img/part2/magirepo_02_081.png	resource/image_web/page/collection/magirepo/img/part2/magirepo_02_081.png	same_path	311550	223391	47a1475cc3e0531925e6de3eae830f25d6d2ea471735b13cd83a5b6c2cd2fb33	a7fe8b91fbc84c894c384e8ce5d83b82d51155ebb0ad557d66ac4ee0fe055ca9	1024	1456	1024	1456	True	0.283774	0.716226	0.000131	5.250032	0.058594	review	same path/dimensions and structurally close; visual review required
resource/image_web/page/collection/magirepo/img/part2/magirepo_02_082.png	resource/image_web/page/collection/magirepo/img/part2/magirepo_02_082.png	same_path	319324	254607	b53ef5b4f05607e18fb25b07dbd5858b83ba81291bb6ebdb9a0c31d94fddad5c	89fe6b189b45b4426dcce7d0b7dc99c9171f5a05e67f74a80b944c4a8c69aff3	1024	1456	1024	1456	True	0.369176	0.630824	0.0	4.577597	0.03125	review	same path/dimensions and structurally close; visual review required
resource/image_web/page/collection/magirepo/img/part2/magirepo_02_083.png	resource/image_web/page/collection/magirepo/img/part2/magirepo_02_083.png	same_path	344309	264993	8609cf869ae8da74a490d15bd05446881999d94e3b33686f52af8e4474d86bad	a1098c3af70b03d91e1b4f184517b28a6052cb93647e9aabbcecd208153612ec	1024	1456	1024	1456	True	0.340763	0.659237	0.0	5.541862	0.054688	review	same path/dimensions and structurally close; visual review required
resource/image_web/page/collection/magirepo/img/part2/magirepo_02_084.png	resource/image_web/page/collection/magirepo/img/part2/magirepo_02_084.png	same_path	281285	221690	570ca86ded77324ae24cf280b7ff46d875b6411995e6233273a2fb7ac1bf0999	05888e9be2e228b292cc5797378c7c0961c167766be94b1e2577ca0309c77845	1024	1456	1024	1456	True	0.304217	0.695783	0.0	4.105513	0.058594	review	same path/dimensions and structurally close; visual review required
resource/image_web/page/collection/magirepo/img/part2/magirepo_02_086.png	resource/image_web/page/collection/magirepo/img/part2/magirepo_02_086.png	same_path	292065	217204	27f2bfd6dca9ea091eadc012e2b51caf8d861d76fca0fe69004fb003f93d7dc2	5a4990589b2329f620ad8411a2048da2fca15baf045df89a58bd79786199f9da	1024	1456	1024	1456	True	0.349737	0.650263	0.0	4.63053	0.035156	review	same path/dimensions and structurally close; visual review required
resource/image_web/page/collection/magirepo/img/part2/magirepo_02_089.png	resource/image_web/page/collection/magirepo/img/part2/magirepo_02_089.png	same_path	309473	252049	eb15361e93bf674f85032b3cea58d92ae54820d6f0dd56a1162c571f348c5357	e5790e377b7567f92bde7c60f08772898c94eebb8e888223b2143467ab246e1a	1024	1456	1024	1456	True	0.321387	0.678613	0.003321	5.736283	0.019531	review	same path/dimensions and structurally close; visual review required
resource/image_web/page/formation/icon_deck_wrap_off.png	resource/image_web/page/formation/icon_deck_wrap_off.png	same_path	2055	1650	5739e347828a81f5224036eccc7d7dbd8456b0a88af6f5e5b3adf82ad38ab906	e893dd1f39dcf0a3394dd8014a3b77081ee5760f11cdceb5e466b1acd87f1642	75	79	75	79	True	0.149705	0.850295	0.044388	7.53711	0.132812	review	same path/dimensions and structurally close; visual review required
resource/image_web/page/formation/icon_deck_wrap_suppor2.png	resource/image_web/page/formation/icon_deck_wrap_suppor2.png	same_path	646	478	75d37d3fdd857417f8a03a033e7c52d208c4262ade8d43146f49cc5a908b3cee	70e1f16dbca50de74cfe100e968a437bd8a1f67c08c98a08a5e7ff353ab9cc66	142	23	142	23	True	0.166258	0.833742	0.0	7.022096	0.210938	review	same path/dimensions and structurally close; visual review required
resource/image_web/page/formation_2/bg_element_b.png	resource/image_web/page/formation_2/bg_element_b.png	same_path	2698	1968	4d4e13647111ea83f2c347c02b51f6fb0fe509ae1fcd2eff09ff79050b842ffb	41c40eecb5786a1a108467bd90718c338c5411fc0fee0961dcdb4f0347ac63e0	162	110	162	110	True	0.105219	0.894781	0.063468	12.844708	0.132812	review	same path/dimensions and structurally close; visual review required
resource/image_web/page/formation_2/bg_element_enemy_b.png	resource/image_web/page/formation_2/bg_element_enemy_b.png	same_path	3141	2642	b2f6a6e34a12c3f3f09a35c117bd4fc81322a63f9a75dbe364520ab20ee63fad	dc3daaf06a505a69522e823aca918d4c89db528c8689878f60eb3365999e17d6	162	110	162	110	True	0.086532	0.913468	0.052694	10.464554	0.167969	review	same path/dimensions and structurally close; visual review required
resource/image_web/page/formation_2/btn_breakup_support.png	resource/image_web/page/formation_2/btn_breakup_support.png	same_path	3453	3234	909d038e492406559f54668823e37f74bfb5d0b09c5a6819035aebd1c815dff7	0ed5501487c9cc7c94829d305a34e1706a617b6f9b3866ca623c07433230a0b6	106	54	106	54	True	0.361286	0.638714	0.0	10.011869	0.210938	review	same path/dimensions and structurally close; visual review required
resource/image_web/page/formation_2/btn_chara_view.png	resource/image_web/page/formation_2/btn_chara_view.png	same_path	5584	5403	cf66ac04b5f4dd2f75cd735143544806d0ef2ae4c0b2344092a505dae33a6183	0ae24f2eac6d641c08155fd5e2b16b8a3ae62bf9332086b46afd5d6e89bbbc98	180	54	180	54	True	0.383951	0.616049	0.001235	4.05023	0.144531	review	same path/dimensions and structurally close; visual review required
resource/image_web/page/formation_2/btn_memoria_view.png	resource/image_web/page/formation_2/btn_memoria_view.png	same_path	5548	5748	094a85f98f0068bb14b4696e67fe0d98c82219ef59e4ecc5bc78fad79418660c	553f52c1d62f19241c8a94ac9d4f0b68d3479b9b7305307a3951deb44b15c465	180	54	180	54	True	0.408848	0.591152	0.0	4.769474	0.179688	review	same path/dimensions and structurally close; visual review required
resource/image_web/page/formation_2/btn_preview.png	resource/image_web/page/formation_2/btn_preview.png	same_path	3124	2757	823ba555cbee7b6a363acd4e7ebae2d997ab1c2ed6c18a8db3029d4c4d2c0c21	fab938f2ff6c288939f8c59ac2fbd377386aa36eff6e11c84cd218ba5c3013c7	106	54	106	54	True	0.15863	0.84137	0.0	4.346554	0.199219	review	same path/dimensions and structurally close; visual review required
resource/image_web/page/formation_2/icon_training.png	resource/image_web/page/formation_2/icon_training.png	same_path	1910	1744	c4dc37659bdd5048aa11c04aeb6e38a5ac6096cc7968ee40a44c41531e8c817d	ed7f1c5f416bb12b3667d1a0750736b27bf481f673562cb1da9f89d9d0931b5e	44	50	44	50	True	0.344091	0.655909	0.053182	6.961216	0.074219	review	same path/dimensions and structurally close; visual review required
resource/image_web/page/gacha/baloon/badge_1day_available.png	resource/image_web/page/gacha/baloon/badge_1day_available.png	same_path	4040	2918	69cca80e77c5c162eeca22cd7bde26e7c304c84a9c6cf55a18d24ac3c516b2f3	1e16aea8adc5199dfc4d7f18006891c6f259d94b197b4ebd2d5cd5d9e6eddc42	162	50	162	50	True	0.237284	0.762716	0.006543	6.781737	0.1875	review	same path/dimensions and structurally close; visual review required
resource/image_web/page/gacha/baloon/badge_1day_unavailable.png	resource/image_web/page/gacha/baloon/badge_1day_unavailable.png	same_path	3980	3217	67a73b8e4cf0442c81454e7e0ec42c64fdecbca5d4b997b857e0a4209a906faa	2e53af9d10afe0300de1a4e525453fe50262b6355f1721270bcf3247fb3689b1	162	50	162	50	True	0.316173	0.683827	0.045679	8.670412	0.210938	review	same path/dimensions and structurally close; visual review required
resource/image_web/page/gacha/bg_gacha_fixed_02.png	resource/image_web/page/gacha/bg_gacha_fixed_02.png	same_path	3154	3175	71ca3b27dee524b4462b840d321e8884f324008ea79f921a5a6a6667744a54de	d63dac67cf78976a18f432d93f558db0b175f6aaaabaaeef7dc2e947902ada48	271	43	271	43	True	0.328671	0.671329	0.030808	9.334178	0.175781	review	same path/dimensions and structurally close; visual review required
resource/image_web/page/gacha/memoria_card_reverse.png	resource/image_web/page/gacha/memoria_card_reverse.png	same_path	236406	633489	d98d28e87e7cdf7667888f5fc6063280eb91d1d74023720b5c232179a9ece9b1	115866c1de0e44af778d5424a4690876fec4f645960ac9f2f7d4fb26a99a632f	652	990	652	990	True	0.373895	0.626105	0.000414	0.844931	0.015625	review	same path/dimensions and structurally close; visual review required
resource/image_web/page/gacha/selectable/btn_chara_select.png	resource/image_web/page/gacha/selectable/btn_chara_select.png	same_path	10698	10818	bb3dae11780462bc50df1f7a3be2386266ec49b76bdb39c7bde419472daaeea4	032fda566446d6b1e6a7f3499e7cb42a5f16195df1872e3c0d168ffb18f3075d	306	90	306	90	True	0.444009	0.555991	0.00472	4.515949	0.132812	review	same path/dimensions and structurally close; visual review required
resource/image_web/page/gacha/tag_memoria.png	resource/image_web/page/gacha/tag_memoria.png	same_path	1445	1483	fdcf7a0995246d17333823300c54d3e86aa9f40c31abc2962a80266dc8801fc0	6de6b150bf6f81dbc616f7de302708326df98d4ef17d5b6e7daf39812a01abc8	244	38	244	38	True	0.101165	0.898835	0.0	3.084628	0.160156	review	same path/dimensions and structurally close; visual review required
resource/image_web/page/memoria/equip/btn_memoria_ascending.png	resource/image_web/page/memoria/equip/btn_memoria_ascending.png	same_path	824	373	9a5de81a9c4f8b1bd17cbeb706bf061cbde471f5abbe437df4e817755e15ba79	98f36979b35a82cb6b51fb5a86907f144f535782253e6dd42d3104534de253c2	80	24	80	24	True	0.242188	0.757812	0.022917	11.794151	0.207031	review	same path/dimensions and structurally close; visual review required
resource/image_web/page/memoria/equip/btn_ok.png	resource/image_web/page/memoria/equip/btn_ok.png	same_path	7392	7262	8fff941917319d71b36a9fbbc984209710f850f400b986420815ce2b1084060a	aa8a0b76b5ffd7010ac85930d1f35ccf16d26dbff41bf16314928884bbb5b01d	112	118	112	118	True	0.422064	0.577936	0.04086	5.090405	0.082031	review	same path/dimensions and structurally close; visual review required
resource/image_web/page/memoria/equip/btn_ok_gray.png	resource/image_web/page/memoria/equip/btn_ok_gray.png	same_path	7630	5424	1300664c908b384e7340fb58fa7661e46f8c9420975506a4f3bbeb69c59a2a40	d45544a426f71237a0f936e702f7e2513ebb68f18d15d5588317d7745d2721bc	112	118	112	118	True	0.315224	0.684776	0.042297	4.717945	0.117188	review	same path/dimensions and structurally close; visual review required
resource/image_web/page/memoria/equip/btn_set_cancel.png	resource/image_web/page/memoria/equip/btn_set_cancel.png	same_path	4118	3847	a2c3650bdd31cfc9bd8645613ec4c83183db92f0dff6f81303eb1c0dd1001d9f	22c71a04fba9dde5f012a0a4b7926331602443f9ed6c7e298b0bc2163d3976f4	174	64	174	64	True	0.090876	0.909124	0.0	3.815071	0.144531	review	same path/dimensions and structurally close; visual review required
resource/image_web/page/memoria/memoria_equiped_current.png	resource/image_web/page/memoria/memoria_equiped_current.png	same_path	773	747	6d8f7e36d20855e40806bc632d104b69a664cb4073bdd2d0039d17705f49d6b5	4ef5d55eac0a92424080f4dd88ad049dc695ddb55843adb646b47c78ead2bc0c	69	22	69	22	True	0.351779	0.648221	0.055995	9.140005	0.191406	review	same path/dimensions and structurally close; visual review required
resource/image_web/page/memoria/memoriatop_btn_compose_b.png	resource/image_web/page/memoria/memoriatop_btn_compose_b.png	same_path	13264	13494	4987739b17b039136dd2dd7332f8fe442c2f203fa79f60b81858e32728cb4a84	3312f6d98b31696c073a5729f9a37e68d122b416a857b9036e84f13a891cc742	166	224	166	224	True	0.323257	0.676743	0.045772	2.348805	0.050781	review	same path/dimensions and structurally close; visual review required
resource/image_web/page/memoria/memoriatop_btn_limitbreak_b.png	resource/image_web/page/memoria/memoriatop_btn_limitbreak_b.png	same_path	13394	13435	a8d7b91f7b967fadbddf6164f66bcc07bd4f189f89e003a656c06f801a43553a	717a0da14adc7b238b7284def21c38cf574f8963cd9db690c4b033363c5e9a3f	166	224	166	224	True	0.304002	0.695998	0.031573	2.756786	0.066406	review	same path/dimensions and structurally close; visual review required
resource/image_web/page/memoria/memoriatop_btn_set_a.png	resource/image_web/page/memoria/memoriatop_btn_set_a.png	same_path	13047	12418	4c5c6d1c61f41fe57dd15a66f4a18965acb34c8c7f0cc26aced83f43c37e8aa8	87a1c418de426cff22b1bdb27613733eda6e9faf46c91b90b0ffbafaefb89d0f	166	224	166	224	True	0.366798	0.633202	0.04198	5.079114	0.09375	review	same path/dimensions and structurally close; visual review required
resource/image_web/page/memoria/memoriatop_btn_storage.png	resource/image_web/page/memoria/memoriatop_btn_storage.png	same_path	12776	12896	a6f44f718190c61654c0c26dea22747acd8e18c83296620239967ac30189fd13	7355b3134bfb7f22732fac2bd7f060fb99dcfd18a89df19ea32389d950633aa3	166	224	166	224	True	0.357923	0.642077	0.024473	4.264635	0.101562	review	same path/dimensions and structurally close; visual review required
resource/image_web/page/mission/doppelMission/common/bg_progress.png	resource/image_web/page/mission/doppelMission/common/bg_progress.png	same_path	5427	5234	0bd4b52cc999607f03aeb07e651bda5e161fbc3a24d3c2cc88416c412eabf4ec	13fb738b25e0d3b32d1f4024895830c232670fe1eb93d52fa2b1e0c74fedba91	364	84	364	84	True	0.435603	0.564397	0.028225	8.761405	0.15625	review	same path/dimensions and structurally close; visual review required
resource/image_web/page/mission/doppelMission/common/bg_progress_a.png	resource/image_web/page/mission/doppelMission/common/bg_progress_a.png	same_path	4627	5323	ad7203aed30246df5022e52738471043bba0a1a0046175506e2bb282e99b0fa4	3c039fef51e7b04fe6e4c4152e0fa30f612e3fe51cdc33fc9a323ba9a5d4e439	364	84	364	84	True	0.126177	0.873823	0.039999	6.6965	0.125	review	same path/dimensions and structurally close; visual review required
resource/image_web/page/mypage/btn_camera_setting.png	resource/image_web/page/mypage/btn_camera_setting.png	same_path	4215	3880	4d37258a70b88d71f077618f13203f115ac59bd8f4cbc3c5fb76861e3b4763d4	67732a99bce9b7e024cd32a002f976fd7fb71ce74d2b4e9073dbb5aa39591ae6	88	78	88	78	True	0.123106	0.876894	0.045455	3.545203	0.082031	review	same path/dimensions and structurally close; visual review required
resource/image_web/page/mypage/btn_ui_off.png	resource/image_web/page/mypage/btn_ui_off.png	same_path	4387	4245	480a66b2900bf891996e5a4c4c02089d66365e01a5554776451bb8e37baffe56	254ffd5d33130769f3ae785b2f0aba0e99f6a764ea8f704590ce7c3cf09854f8	88	78	88	78	True	0.198864	0.801136	0.050117	5.606551	0.121094	review	same path/dimensions and structurally close; visual review required
resource/image_web/page/mypage/otherpop_collection.png	resource/image_web/page/mypage/otherpop_collection.png	same_path	4642	4163	9313db93a34f79cab564b53f7822fb60be848b038ebe6fed3d18a1bc8a9c2c2c	2ac01ef74e58d7329fcf284c7ab16ef368cae55bb064598c09686535e5ae6dda	117	113	117	113	True	0.406096	0.593904	0.057257	3.824198	0.125	review	same path/dimensions and structurally close; visual review required
resource/image_web/page/mypage/otherpop_help.png	resource/image_web/page/mypage/otherpop_help.png	same_path	4436	3743	4312af89aa1d6cb0368fc3dfe53c26ade6fbec90d4783af826d6cbbb0174daaa	98bd34ffd0691737696fee7e9ad040a2b842fb840d74909ca6e5f148d600ddd2	117	113	117	113	True	0.30323	0.69677	0.049089	2.912024	0.089844	review	same path/dimensions and structurally close; visual review required
resource/image_web/page/quest/main/bg_section_detail_02.png	resource/image_web/page/quest/main/bg_section_detail_02.png	same_path	19925	45460	efe424120fbb6e076d5f551938156bed24719233c39307f288f753362d511de7	c7e5811c1c8b88efc713dd536e11843f839746dac787f709f0ad7475200d02d4	512	124	512	124	True	0.147918	0.852082	0.053664	0.717921	0.015625	review	same path/dimensions and structurally close; visual review required
resource/image_web/page/quest/main/btn_challenge_a.png	resource/image_web/page/quest/main/btn_challenge_a.png	same_path	4264	8132	6b41d69af7458d02f508e32f100716de91217cfe9e34886867702df18bd7ad65	89947a3698df567b176388c99423a94bf25fd63bb66464e19afbb7cbbbbee723	156	50	156	50	True	0.352436	0.647564	0.005385	4.918268	0.1875	review	same path/dimensions and structurally close; visual review required
resource/image_web/page/quest/main/btn_normal_a.png	resource/image_web/page/quest/main/btn_normal_a.png	same_path	4331	7516	c81e80894724610db54027ec1108a5e66e8f19f17adf7b52c9da18fd5c18ba02	010eb2ea4df2247a4b9adef10fd8824a7f16648e3212fd8128810f2c95b49b98	156	50	156	50	True	0.231026	0.768974	0.005897	3.312182	0.175781	review	same path/dimensions and structurally close; visual review required
resource/image_web/page/quest/point_up_balloon.png	resource/image_web/page/quest/point_up_balloon.png	same_path	3708	2368	d1c703105de03492764a6408d70f4b5066b6467009b7898ce533bfa6eb1ef258	5649c1cfa9277da81805c9fed4574d52b41e8875444504ef4945e9331a019235	180	60	180	60	True	0.191389	0.808611	0.0	5.544352	0.144531	review	same path/dimensions and structurally close; visual review required
